file_name,image_size,tick_size,tag_text,tag_id_guess_m,tag_id_guess_h,inference_info
D:/moth_photos/database\batch_08\img_moth_00014001.jpg,"[4000, 6000]",36.78846153846154,"['2024\nDCR8598\n', 'santeeCoastaiReserve\nCharlestonCoSC\n\nEFLpPresti\nDna gyJamesCane\n', 'Photoqraphedby\nBHarter\n2025\n']","['2024\nDCR8598\n', 'CR\nCCC\n\nR\nDD C\n', 'R\n2025\n']","['2024\nPC8598\n', 'C\nCCC\n\nP\nC\n', 'P\n2025\n']",modelv1.0__2026-05-20 20:23:05
D:/moth_photos/database\batch_08\img_moth_00014002.jpg,"[4000, 6000]",36.692307692307686,"['2024\nDCR8599\n', 'Photographedby\nBHarter\n2025\n', 'SanteeCoastalReserve\nCharlestonCoSC\nEFLoPresti\n\n3Dnn Q74JamesCane\n']","['2024\nDCR8599\n', 'R\n2025\n', 'CR\nCC0C\n\n3D 074C\n']","['2024\nPC8599\n', 'P\nW\n2025\n', 'CP\nCC0C\nP\n\n3P 074C\n']",modelv1.0__2026-05-20 20:23:05
D:/moth_photos/database\batch_08\img_moth_00014003.jpg,"[4000, 6000]",36.38461538461538,"['2025DCR\n00001\n', 'Photoqraphedby\nBHarter\n2025\n', 'SanteeCoastalReserve\nCharlestonCoSC\nEFLoPresti\n14Marcn2025\nCvpressTrap\n']","['2025DCR\n00001\n', '8\n2025\n', 'CR\nCCC\n142025\nC\n']","['2025C\n00001\n', 'P\n8\n2025\n', 'C\nCCC\nP\n142025\nC\n']",modelv1.0__2026-05-20 20:23:05
D:/moth_photos/database\batch_08\img_moth_00014004.jpg,"[4000, 6000]",36.37735849056604,"['2025DCR\n00050\n', 'Photoqraphedby\n8Harter\n2025\n', 'SanteeCoastalReserve\nCharlestonCoSC\nLip14Merch2025\n14Marc\nRA PemeTrap\n']","['2025DCR\n00050\n', '8\n2025\n', 'CR\nCCC\n142025\n14\nR R\n']","['2025C\n00050\n', 'P\n8\n2025\n', 'C\nCCC\n142025\n14\nP\n']",modelv1.0__2026-05-20 20:23:05
D:/moth_photos/database\batch_08\img_moth_00014005.jpg,"[4000, 6000]",36.84313725490196,"['2025DCR\n00129\n', 'Photographedby\nBHarter\n2025\n', 'SanteeCoastalReserve\nCharlestonCoSC\nKStoi\n6Mav2025\n\nBaitTrap\n', 'noearmites\nE LoPresti2025\n']","['2025DCR\n00129\n', '8\n2025\n', 'CR\nCCC\n62025\n\nR\n', '0\n2025\n']","['2025PC\n00129\n', 'P\n8\n2025\n', 'C\nCCC\n62025\n', '0\nP2025\n']",modelv1.0__2026-05-20 20:23:05
D:/moth_photos/database\batch_08\img_moth_00014006.jpg,"[4000, 6000]",36.86274509803921,"['2025DCR\n00002\n', 'Photographedby\nBHarter\n2025\n', 'SanteeCoastalReserve\nCharnlestonCoSC\nEFLoPresti\n14March2025\nCvpressTrap\n']","['2025DCR\n00002\n', '8\n2025\n', 'CR\nCCC\n142025\nC\n']","['2025C\n00002\n', 'P\n8\n2025\n', 'C\nCCC\nP\n142025\nC\n']",modelv1.0__2026-05-20 20:23:05
D:/moth_photos/database\batch_08\img_moth_00014007.jpg,"[4000, 6000]",36.71153846153846,"['2025DCR\n00051\n', 'Photographedby\nBHarter\n2025\n', 'SanteeCoastalReserve\nCharlestonCoSC\n\nEFLoPresti\nLD Ny14Mar 14March2025\namendTrap\n']","['2025DCR\n00051\n', 'R\n2025\n', 'CR\nCCC\n\nR\nD 14 142025\n1\n']","['2025C\n00051\n', 'P\n2025\n', 'C\nCCC\n\nP\n14 142025\n1\n']",modelv1.0__2026-05-20 20:23:05
D:/moth_photos/database\batch_08\img_moth_00014008.jpg,"[4000, 6000]",36.7843137254902,"['2025DCR\n00130\n', 'noearmites\nELoPresti2025\n', 'Photographedby\nBHarter\n2025\n', 'SanteeCoastalReserve\nCharlestonCoSC\nKStoi\n6Mav2025\nBaitTrap\n']","['2025DCR\n00130\n', 'C2025\n', '8\n2025\n', 'CR\nCCC\n62025\nR\n']","['2025C\n00130\n', 'CP2025\n', 'P\n8\n2025\n', 'C\nCCC\n62025\n']",modelv1.0__2026-05-20 20:23:05
D:/moth_photos/database\batch_08\img_moth_00014009.jpg,"[4000, 6000]",36.82692307692308,"['nNoOearmites\nELoPresti2025\n', '2025DCR\n00003\n', 'Photographedby\nBHarter\n2025\n', 'SanteeCoastalReserve\nCharlestonCaSC\nEFLoPresti\n14March2025\nCvpressTrap\n']","['C2025\n', '2025DCR\n00003\n', 'R\n2025\n', 'CR\nCCC\n142025\nC\n']","['CP2025\n', '2025C\n00003\n', 'P\n2025\n', 'C\nCCC\nP\n142025\nC\n']",modelv1.0__2026-05-20 20:23:05
D:/moth_photos/database\batch_08\img_moth_00014010.jpg,"[4000, 6000]",37.01923076923077,"['Ee\n\n2025DCR\n00052\n', 'Photoqraphedby\nBHarter\n2025\n', 'SanteeCoastalReserve\nCharlestonCoSC\nEFLoPresti\n14March2025\nGatorRoadTraop\n']","['2025DCR\n00052\n', '8\n2025\n', 'CR\nCCC\n142025\nR\n']","['2025C\n00052\n', 'P\n8\n2025\n', 'C\nCCC\nP\n142025\n']",modelv1.0__2026-05-20 20:23:05
D:/moth_photos/database\batch_08\img_moth_00014011.jpg,"[4000, 6000]",36.76470588235294,"['2025DCR\n00131\n', 'Photoqgraphedby\nBHarter\n2025\n', 'etCt\nnoearmites\nELoPresti 2025\n', 'Santee CoastalReserve\nCharestonCo SC\nKStoi\n6Mav2025\nBaitTrap\n']","['2025DCR\n00131\n', 'R\n2025\n', 'C\n2025\n', 'CR\nCC C\n62025\nR\n']","['2025C\n00131\n', 'P\n2025\n', 'C\nP 2025\n', 'CP\nCC C\n62025\n']",modelv1.0__2026-05-20 20:23:05
D:/moth_photos/database\batch_08\img_moth_00014012.jpg,"[4000, 6000]",36.92156862745098,"['2025DCR\n00004\n', 'noearmites\nELoPresti2025\n', 'Photographedby\nBHarter\n2025\n', 'SanteeCoastalReserve\nCharestonCoSC\nEFLoPresti\n14March2025\nCvoressTrap\n']","['2025DCR\n00004\n', '2025\n', '8\n2025\n', 'CR\nCCC\n142025\nC\n']","['2025C\n00004\n', 'P2025\n', 'P\n8\n2025\n', 'C\nCCC\nP\n142025\nC\n']",modelv1.0__2026-05-20 20:23:05
D:/moth_photos/database\batch_08\img_moth_00014013.jpg,"[4000, 6000]",37.03846153846154,"['2025DCR\n00053\n', 'noearmites\nELoPresti2025\n', 'Photographedby\nBHarter\n2025\n', 'SanteeCoastal Reserve\nCharlestonCo S\nEFLtoPresti\n44March2025\nGatorRoadTrap\n']","['2025DCR\n00053\n', 'C2025\n', 'R\n2025\n', 'C R\nCC\nR\n442025\nR\n']","['2025C\n00053\n', 'CP2025\n', 'P\n2025\n', 'C\nCC\nP\n442025\n']",modelv1.0__2026-05-20 20:23:05
D:/moth_photos/database\batch_08\img_moth_00014014.jpg,"[4000, 6000]",36.64705882352941,"['2025DCR\n00132\n', 'E LoPresti2025 2025\n', 'Photoqraphedby\nBHarter\n2025\n', 'SanteeCoastalReserve\nCharlestonCoSC\nKStoi\n6Mayv2025\nBaitTrap\n']","['2025DCR\n00132\n', '2025 2025\n', '8\n2025\n', 'CR\nCCC\n62025\nR\n']","['2025C\n00132\n', 'P2025 2025\n', 'P\n8\n2025\n', 'C\nCCC\n62025\n']",modelv1.0__2026-05-20 20:23:05
D:/moth_photos/database\batch_08\img_moth_00014015.jpg,"[4000, 6000]",37.01960784313725,"['2025DCR\n00005\n', 'noear mites\nELoPresti2025\n', 'Photographedby\nBHarter\n2025\n', 'SanteeCoastalReserve\nCharnlestonCoSC\nEFLoRresti\n14March2025\nCvpressTrap\n']","['2025DCR\n00005\n', 'C2025\n', '8\n2025\n', 'CR\nCCC\nR\n142025\nC\n']","['2025C\n00005\n', 'CP2025\n', 'P\n8\n2025\n', 'C\nCCC\nP\n142025\nC\n']",modelv1.0__2026-05-20 20:23:05
D:/moth_photos/database\batch_08\img_moth_00014016.jpg,"[4000, 6000]",36.471698113207545,"['Photographedby\nBHarter\n2025\n', 'ale earmites\nELoPresti2025\n', '2025DCR\n00054\n', 'SanteeCoastalReserve\nChariestonCoSC\nEFLoPresti\n14March2025\nGatorRoadTrap\n']","['8\n2025\n', '2025\n', '2025DCR\n00054\n', 'CR\nCCC\n142025\nR\n']","['P\n8\n2025\n', 'P2025\n', '2025C\n00054\n', 'C\nCCC\nP\n142025\n']",modelv1.0__2026-05-20 20:23:05
D:/moth_photos/database\batch_08\img_moth_00014017.jpg,"[4000, 6000]",36.705882352941174,"['2025DCR\n00133\n', 'Photographedby\nBHarter\n2025\n', 'SanteeCoastalReserve\nCharestonCoSC\nKStoi\n6Mayv2025\nBaitTrap\n', 'noear mites\nELoPresti2025\n']","['2025DCR\n00133\n', '8\n2025\n', 'CR\nCCC\n62025\n', 'C2025\n']","['2025C\n00133\n', 'P\n8\n2025\n', 'CP\nCCC\n62025\n', 'CP2025\n']",modelv1.0__2026-05-20 20:23:05
D:/moth_photos/database\batch_08\img_moth_00014018.jpg,"[4000, 6000]",36.98039215686274,"['2025DCR\n00006\n', 'noearmites\nFloPresti2025\n', 'Photographedby\nBHarter\n2025\n', 'SanteeCoastalReserve\nCharlestonCoSC\nEFLoPresti\n14March2025\nCvpressTrap\n']","['2025DCR\n00006\n', '2025\n', 'R\n2025\n', 'CR\nCCC\n0\n142025\nC\n']","['2025C\n00006\n', 'P2025\n', 'P\n2025\n', 'C\nCCC\n0P\n142025\nC\n']",modelv1.0__2026-05-20 20:23:05
D:/moth_photos/database\batch_08\img_moth_00014019.jpg,"[4000, 6000]",36.39622641509434,"['2025DCR\n\n00055\n', 'noearmites\nELoPresti2025\n\n', 'Photoqraphedby\nBHarter\n2025\n', 'SanteeCoastalReserve\nCharlestonCoSC\nEFLoPresti\n14March2025\nGatorRoadTrap\n']","['2025DCR\n\n00055\n', '2025\n\n', '8\n2025\n', 'CR\nCCC\nC\n142025\nR\n']","['2025C\n\n00055\n', 'P2025\n\n', 'P\n8\n2025\n', 'C\nCCC\nCP\n142025\n']",modelv1.0__2026-05-20 20:23:05
D:/moth_photos/database\batch_08\img_moth_00014020.jpg,"[4000, 6000]",36.76470588235294,"['2025DCR\n00134\n\n', 'Photographedby\nBHarter\n2025\n', 'SanteeCoastalReserve\nCharnestonCoSC\nKStoi\n6Mav2025\nBaitTrap\n', 'noearmites\nELoPresti2025\nOT\n']","['2025DCR\n00134\n\n', '8\n2025\n', 'CR\nCCC\n62025\nR\n', '2025\nD\n']","['2025C\n00134\n\n', 'P\n8\n2025\n', 'C\nCCC\n62025\n', 'P2025\n']",modelv1.0__2026-05-20 20:23:05
D:/moth_photos/database\batch_08\img_moth_00014021.jpg,"[4000, 6000]",36.7843137254902,"['2025DCR\n00007\n', 'noearmites\nELoPresti2025\n', 'Photoqraphedby\nBHarter\n2025\n', 'SanteeCoastalReserve\nCharlestonCoS\nEFLoPresti\n44March2025\nCvpressTrap\n']","['2025DCR\n00007\n', '2025\n', 'R\n2025\n', 'CR\nCC0\n442025\nC\n']","['2025C\n00007\n', 'P2025\n', 'P\n2025\n', 'C\nCC0\nP\n442025\nC\n']",modelv1.0__2026-05-20 20:23:05
D:/moth_photos/database\batch_08\img_moth_00014022.jpg,"[4000, 6000]",36.37735849056604,"['noearmites\nELoPresti2025\n', '2025DCR\n00056\n', 'Photoqraphedby\nBHarter\n2025\n', 'SanteeCoastalReserve\nCharlestonCoSC\nEFLoPresti\n14March2025\nGatorRoadTrap\n']","['2025\n', '2025DCR\n00056\n', '8\n2025\n', 'CR\nCCC\nC\n142025\nR\n']","['P2025\n', '2025C\n00056\n', 'P\n8\n2025\n', 'CP\nCCC\nCP\n142025\n']",modelv1.0__2026-05-20 20:23:05
D:/moth_photos/database\batch_08\img_moth_00014023.jpg,"[4000, 6000]",36.76470588235294,"['2025DCR\n00135\n', 'noearmites\nELoPresti2025\n', 'Photographedby\nBHarter\n2025\n', 'Santee Coastal Reserve\nCharleston Co\nKStoi\n6Mav 2025\nBaitTrap\n']","['2025DCR\n00135\n', '2025\n', '8\n2025\n', 'C R\nC C\n6 2025\nR\n']","['2025C\n00135\n', 'P2025\n', 'P\n8W\n2025\n', 'C\nC C\n6 2025\n']",modelv1.0__2026-05-20 20:23:05
D:/moth_photos/database\batch_08\img_moth_00014024.jpg,"[4000, 6000]",36.94117647058823,"['Photoqraphedby\nBHarter\n2025\n', '2025DCR\n00008\n', 'SanteeCoastalReserve\nChanestonCoSC\nEFLaPresti\n14March2025\nCvopressTrap\n', 'noearmites\nELoPresti2025\n\n']","['R\n2025\n', '2025DCR\n00008\n', 'CR\nCCC\n142025\nC\n', '2025\n\n']","['P\n2025\n', '2025C\n00008\n', 'C\nCCC\nP\n142025\nC\n', 'P2025\n\n']",modelv1.0__2026-05-20 20:23:05
D:/moth_photos/database\batch_08\img_moth_00014025.jpg,"[4000, 6000]",36.80769230769231,"['2025DCR\n00057\n', 'Photoqraphedby\nBHarter\n2025\n', 'SanteeCoastalReserve\nCharlestonCoSC\nEFLoPresti\n14March2025\nGatorRoadTrap\n', 'ec\n\nELoPrestl ee\n\n']","['2025DCR\n00057\n', '8\n2025\n', 'CR\nCCC\nR\n142025\nR\n', '0\n\n']","['2025C\n00057\n', 'P\n8\n2025\n', 'CP\nCCC\nP\n142025\n', '0P\n\n']",modelv1.0__2026-05-20 20:23:05
D:/moth_photos/database\batch_08\img_moth_00014026.jpg,"[4000, 6000]",36.72549019607843,"['2025DCR\n00136\n', 'Photographedby\nBHarter\n2025\n', 'SanteeCoastalReserve\nCharlestonCoSC\nKStoi\n6Mav2025\nBaitTrao\n', '']","['2025DCR\n00136\n', '8\n2025\n', 'CR\nCCC\n62025\nR\n', '']","['2025C\n00136\n', 'P\n8\n2025\n', 'C\nCCC\n62025\n', '']",modelv1.0__2026-05-20 20:23:05
D:/moth_photos/database\batch_08\img_moth_00014027.jpg,"[4000, 6000]",36.94117647058823,"['2025DCR\n00009\n', 'rightearmites\n\nEFI2024\n', 'Photographedby\nBHarter\n2025\n', 'SanteeCoastalReserve\nCharlestonCoSC\nEFLoPresti\n14March2025\nCvpressTrap\n']","['2025DCR\n00009\n', '2024\n', 'R\n2025\n', 'CR\nCCC\n142025\nC\n']","['2025C\n00009\n', '2024\n', 'P\n2025\n', 'C\nCCC\nP\n142025\nC\n']",modelv1.0__2026-05-20 20:23:05
D:/moth_photos/database\batch_08\img_moth_00014028.jpg,"[4000, 6000]",36.94230769230769,"['2025 ocr\n90058\n', 'Photographedby\nBHarter\n2025\n', '4\nnoearmites\ncE LoPresti 2025\n', 'Santee CoastalReserve\nCharlestonUO\nEF Lopresti\n44March 2025\nGator RoadTrad\n']","['2025\n90058\n', 'R\n2025\n', '4\n2025\n', 'CR\nC9\n44 2025\nR\n']","['2025\n90058\n', 'P\nW\n2025\n', '4\nP 2025\n', 'C\nC9\nP\n44 2025\n']",modelv1.0__2026-05-20 20:23:05
D:/moth_photos/database\batch_08\img_moth_00014029.jpg,"[4000, 6000]",36.80392156862745,"['2025DCR\n00137\n', 'noear mites\nELoPresti2025\n', 'Photoqgraphedby\nBHarter\n2025\n', 'SanteeCoastalReserve\nCharlestonCoSC\nKStoi\n6Mav2025\nBaitTrap\n']","['2025DCR\n00137\n', '2025\n', '8\n2025\n', 'CR\nCCC\n62025\nR\n']","['2025C\n00137\n', 'P2025\n', 'P\n8\n2025\n', 'C\nCCC\n62025\n']",modelv1.0__2026-05-20 20:23:05
D:/moth_photos/database\batch_08\img_moth_00014030.jpg,"[4000, 6000]",36.84615384615385,"['2025DCR\n00059\n', 'noearmites\nELoPresti2025\n', 'Photographedby\nBHarter\n2025\n', 'Santee Coastal Reserve\nCharleston O\nEFLoprest\n44March 2025\nGator RoadTrap\n']","['2025DCR\n00059\n', '2025\n', '8\n2025\n', 'C R\nC\n44 2025\nR\n']","['2025C\n00059\n', 'P2025\n', 'P\n8\n2025\n', 'C\n\nC\nP\n44 2025\n']",modelv1.0__2026-05-20 20:23:05
D:/moth_photos/database\batch_08\img_moth_00014031.jpg,"[4000, 6000]",36.36538461538461,"['2025DCR\n00138\n', 'no earmites\nELoPresti2025\n', 'SanteeCoastalReserve\nCharlestonCoSC\nEFLoPresti\n28Marth2025\nOH2Trap\n', 'Photographedby\nBHarter\n2025\n']","['2025DCR\n00138\n', 'C2025\n', 'CR\nCCC\n282025\n2\n', 'R\n2025\n']","['2025C\n00138\n', 'CP2025\n', 'C\nCCC\nP\n282025\n2\n', 'P\n2025\n']",modelv1.0__2026-05-20 20:23:05
D:/moth_photos/database\batch_08\img_moth_00014032.jpg,"[4000, 6000]",36.92156862745098,"['rightearmites\nEFL2024\n', '2025DCR\n00010\n', 'Photographedby\nBHarter\n2025\n', 'Santee CoastalReserve\nCharlestonCo S\nEFLoPresti\n24April2025\nLiveOakTrap\n']","['2024\n', '2025DCR\n00010\n', 'R\n2025\n', 'CR\nCC\n242025\nC\n']","['2024\n', '2025C\n00010\n', 'P\n2025\n', 'C\nCC\nP\n242025\nC\n']",modelv1.0__2026-05-20 20:23:05
D:/moth_photos/database\batch_08\img_moth_00014033.jpg,"[4000, 6000]",36.63461538461539,"['2025DCR\n00060\n', 'Photoqraphedby\nBHarter\n2025\n', 'noear mites\nELoPresti2025\n', '']","['2025DCR\n00060\n', '8\n2025\n', '2025\n', '']","['2025C\n00060\n', 'P\n8\n2025\n', 'P2025\n', '']",modelv1.0__2026-05-20 20:23:05
D:/moth_photos/database\batch_08\img_moth_00014034.jpg,"[4000, 6000]",36.92156862745098,"['2025DCR\n00139\n', 'noearmites\nEe LoPresti 2025\n', 'Photographedby\nBHarter\n2025\n', 'SanteeCoastalReserve\nCharestonCoSC\nEFLoPresti\n28March2025\nOH2Trap\n']","['2025DCR\n00139\n', '0\n2025\n', '2025\n', 'CR\nCCC\n282025\n2\n']","['2025C\n00139\n', '0\nP 2025\n', 'P\n2025\n', 'C\nCCC\nP\n282025\n2\n']",modelv1.0__2026-05-20 20:23:05
D:/moth_photos/database\batch_08\img_moth_00014035.jpg,"[4000, 6000]",36.519230769230774,"['2025DCR\n00011\n\nv\n', 'noearmites\nELoPresti2025\n', 'SanteeCoastalReserve\nCharlestonCoSC\nEFLoPresti\n21Aortl2025\nLiveOakTrao\n\n', 'Photographedby\nBHarter\n2025\n']","['2025DCR\n00011\n', 'C2025\n', 'CR\nCCC\n212025\nC\n\n', '8\n2025\n']","['2025C\n00011\n', 'CP2025\n', 'C\nCCC\nP\n212025\nC\n\n', 'P\n8\n2025\n']",modelv1.0__2026-05-20 20:23:05
D:/moth_photos/database\batch_08\img_moth_00014036.jpg,"[4000, 6000]",36.80769230769231,"['2025DCR\n00061\n', 'no earmites\nLoPresti 2025\n', 'Photographedby\nBHarter\n2025\n', 'Santee CoastalReserve\nChanlestonCoSC\nEFLoPresti\n14March2025\nGatorRoadTrap\n']","['2025DCR\n00061\n', '2025\n', '8\n2025\n', 'CR\nCCC\n142025\nR\n']","['2025C\n00061\n', 'P 2025\n', 'P\n8\n2025\n', 'C\nCCC\nP\n142025\n']",modelv1.0__2026-05-20 20:23:05
D:/moth_photos/database\batch_08\img_moth_00014037.jpg,"[4000, 6000]",36.5,"['2025DCR\n00140\n', 'noearmites\nELoPresti2025\n', 'Photographedby\nBHarter\n2025\n', 'SanteeCoastal Reserve\n\nCharlestonCo S\nEFLoPresti\n28March 2025\nOH2Trao\n']","['2025DCR\n00140\n', '2025\n', '8\n2025\n', 'C R\n\nCC\n28 2025\n2\n']","['2025C\n00140\n', 'P2025\n', 'P\n8\n2025\n', 'C\n\nCC\nP\n28 2025\n2\n']",modelv1.0__2026-05-20 20:23:05
D:/moth_photos/database\batch_08\img_moth_00014038.jpg,"[4000, 6000]",36.38461538461538,"['2025DCR\n00012\n', 'noearmites\nELoPresti2025\n', 'Photoqgraphedby\nBHarter\n2025\n', 'SanteeCoastalReserve\nChariestonCoSC\nEFLoPresti\n21Aoril2025\nLiveOakTrap\n\n']","['2025DCR\n00012\n', '2025\n', '8\n2025\n', 'CR\nCCC\nC\n212025\n\n']","['2025C\n00012\n', 'P2025\n', 'P\n8\n2025\n', 'C\nCCC\nCP\n212025\n\n']",modelv1.0__2026-05-20 20:23:05
D:/moth_photos/database\batch_08\img_moth_00014039.jpg,"[4000, 6000]",36.39622641509434,"['2025DCR\n00062\n\n', 'Photographedby\nBHarter\n2025\n', 'noearmites\nELoPresti2025\n', 'SanteeCoastalReserve\nCharlestonCoSC\nEFLoPresti\n14Marth2025\nGatorRoadTrap\n']","['2025DCR\n00062\n\n', '8\n2025\n', '0\n2025\n', 'CR\nCCC\n142025\nR\n']","['2025PC\n00062\n\n', 'P\n8\n2025\n', '0\nP2025\n', 'C\nCCC\nP\n142025\n']",modelv1.0__2026-05-20 20:23:05
D:/moth_photos/database\batch_08\img_moth_00014040.jpg,"[4000, 6000]",36.65384615384615,"['Photographedby\nBHarter\n2025\n', 'a\n\n2025 DCR\n90141\n', 'SanteeCoastalReserve\nCharlestonCoSC\nEFLoPresti\n\n28March2025\nOH2Trap\n']","['8\n2025\n', '2025 DCR\n90141\n', 'CR\nCCC\n282025\n2\n']","['P\n8\n2025\n', '2025 C\n90141\n', 'C\nCCC\nP\n\n282025\n2\n']",modelv1.0__2026-05-20 20:23:05
D:/moth_photos/database\batch_08\img_moth_00014041.jpg,"[4000, 6000]",36.90384615384616,"['2025DCR\n00013\n', 'noearmites\nELoPresti2025\n', 'Photographedby\nBHarter\n2025\n', 'SanteeCoastalReserve\nCharlestdnCoSC\nEFLoPresti\n21April2025\nLiveOakTrap\n']","['2025DCR\n00013\n', 'C2025\n', 'R\n2025\n', 'CR\nCCC\n212025\n']","['2025C\n00013\n', 'CP2025\n', 'P\n2025\n', 'C\nCCC\nP\n212025\n']",modelv1.0__2026-05-20 20:23:05
D:/moth_photos/database\batch_08\img_moth_00014042.jpg,"[4000, 6000]",37.03846153846154,"['2025DCR\n00063\n', 'noear mites\nELoPresti2025\n', 'Photoqraphedby\nBHarter\n2025\n', 'SanteeCoastalReserve\nCharlestonCoSC\nEFkoPresti\n14March2025\nGatorRoadTrap\n']","['2025DCR\n00063\n', '2025\n', '8\n2025\n', 'CR\nCCC\n142025\nR\n']","['2025C\n00063\n', 'P2025\n', 'P\n8\n2025\n', 'CP\nCCC\nP\n142025\n']",modelv1.0__2026-05-20 20:23:05
D:/moth_photos/database\batch_08\img_moth_00014043.jpg,"[4000, 6000]",36.480769230769226,"['Photographedby\nBHarter\n2025\n', '2025DCR\n00142\n', '', 'calibrite\n']","['8\n2025\n', '2025DCR\n00142\n', '', '']","['P\n8\n2025\n', '2025C\n00142\n', '', '']",modelv1.0__2026-05-20 20:23:05
D:/moth_photos/database\batch_08\img_moth_00014044.jpg,"[4000, 6000]",36.65384615384615,"['2025DCR\n00014\n', 'Photoqraphedby\nBHarter\n2025\n', 'Santee CoastalReserve\nCharlestonCo SC\nEFLoPresti\n24April2025\nLiveOakTrapd\n']","['2025DCR\n00014\n', '8\n2025\n', 'CR\nCC C\n242025\nC\n']","['2025C\n00014\n', 'P\n8\n2025\n', 'C\nCC C\nP\n242025\nC\n']",modelv1.0__2026-05-20 20:23:05
D:/moth_photos/database\batch_08\img_moth_00014045.jpg,"[4000, 6000]",36.980769230769226,"['2025DCR\n00064\n', 'Photoqraphedby\nBHarter\n2025\n', 'noearmites\nELoPresti2025\n', 'Le\nSanteeCoastalReserve\nCharlestonCoSC\nEFLoPresti\n14March2025\nGatorRoadTrap\n']","['2025DCR\n00064\n', 'R\n2025\n', 'C2025\n', 'CR\nCCC\n142025\nR\n']","['2025C\n00064\n', 'P\n2025\n', 'CP2025\n', 'C\nCCC\nP\n142025\n']",modelv1.0__2026-05-20 20:23:05
D:/moth_photos/database\batch_08\img_moth_00014046.jpg,"[4000, 6000]",36.86274509803921,"['2025DCR\n00143\n', 'Photographedby\nBHarter\n2025\n', 'SanteeCoastalReserve\nCharlestonCoSC\nEFLoPresti\n28March2025\nOH2Trap\n']","['2025DCR\n00143\n', 'R\n2025\n', 'CR\nCCC\n282025\n2\n']","['2025C\n00143\n', 'P\n2025\n', 'C\nCCC\nP\n282025\n2\n']",modelv1.0__2026-05-20 20:23:05
D:/moth_photos/database\batch_08\img_moth_00014047.jpg,"[4000, 6000]",36.716981132075475,"['2025DCR\n00015\n', 'Photographedby\nBHarter\n2025\n', 'Santee CoastalReserve\nCharlestonCoSC\nEFLoPresti\n21Aoril2025\nLiveOakTrap\n']","['2025DCR\n00015\n', 'R\n2025\n', 'CR\nCCC\nC\n212025\nC\n']","['2025C\n00015\n', 'P\n2025\n', 'C\nCCC\nCP\n212025\nC\n']",modelv1.0__2026-05-20 20:23:05
D:/moth_photos/database\batch_08\img_moth_00014048.jpg,"[4000, 6000]",36.61538461538461,"['2025DCR\n00065\n', 'Photographedby\nBHarter\n2025\n', 'noearmites\nELoPresti2025\n', 'Santee CoastalReserve\nCharleston CoSC\nEF LoPresti\n28March2025\nSandPit Trap\n']","['2025DCR\n00065\n', '8\n2025\n', '2025\n', 'CR\nC CC\n282025\n']","['2025C\n00065\n', 'P\n8\n2025\n', 'P2025\n', 'C\nC CC\nP P\n282025\nP\n']",modelv1.0__2026-05-20 20:23:05
D:/moth_photos/database\batch_08\img_moth_00014049.jpg,"[4000, 6000]",36.38461538461538,"['2025DCR\n00144\n', 'noearmites\nELoPresti2025\n', 'Photoqraphedby\nBHarter\n2025\n', 'SanteeCoastalReserve\nCharlestonCoSC\nEFLoPresti\n28March2025\nOH2Trap\n']","['2025DCR\n00144\n', '2025\n', '8\n2025\n', 'CR\nCCC\n282025\n2\n']","['2025PC\n00144\n', 'P2025\n', 'P\n8\n2025\n', 'C\nCCC\nPP\n282025\n2\n']",modelv1.0__2026-05-20 20:23:05
D:/moth_photos/database\batch_08\img_moth_00014050.jpg,"[4000, 6000]",36.37735849056604,"['Photographedby\nBHarter\n2025\n', '2025DCR\n00016\n\n', 'SanteeCoastalReserve\nCharlestonCoSC\nEFLoPresti\n21Aorit2025\nLiveOakTrap\n']","['8\n2025\n', '2025DCR\n00016\n\n', 'CR\nCC0C\n212025\n']","['P\n8\n2025\n', '2025C\n00016\n\n', 'C\nCC0C\nP\n212025\n']",modelv1.0__2026-05-20 20:23:05
D:/moth_photos/database\batch_08\img_moth_00014051.jpg,"[4000, 6000]",36.46153846153847,"['2025DCR\n00066\n', 'Photographedby\nBHarter\n2025\n', 'SanteeCoastalReserve\nChanestonCoSC\nEFLoPresti\n28March2025\nSandPitTrap\n']","['2025DCR\n00066\n', '8\n2025\n', 'CR\nCCC\n282025\n']","['2025C\n00066\n', 'P\n8W\n2025\n', 'C\nCCC\nP\n282025\nP\n']",modelv1.0__2026-05-20 20:23:05
D:/moth_photos/database\batch_08\img_moth_00014052.jpg,"[4000, 6000]",36.53846153846154,"['2025DCR\n00145\n', 'Photographedby\nBHarter\n2025\n', 'SanteeCoastalReserve\nCharestonCoSC\nEFLaPresti\n29March2025\nAcrossfromJCTrap\n']","['2025DCR\n00145\n', 'R\n2025\n', 'CR\nCCC\n292025\nC\n']","['2025C\n00145\n', 'P\n2025\n', 'CP\nCCC\nP\n292025\nC\n']",modelv1.0__2026-05-20 20:23:05
D:/moth_photos/database\batch_08\img_moth_00014053.jpg,"[4000, 6000]",36.82692307692308,"['2025DCR\n00017\n', 'Photoqraphedby\nBHarter\n2025\n', 'SanteeCoastalReserve\nCharlestonCoSC\nEFLoPresti\n21Aoril2025\nLiveOakTrap\n']","['2025DCR\n00017\n', '8\n2025\n', 'CR\nCCC\n212025\nC\n']","['2025C\n00017\n', 'P\n8\n2025\n', 'C\nCCC\nP\n212025\nC\n']",modelv1.0__2026-05-20 20:23:05
D:/moth_photos/database\batch_08\img_moth_00014054.jpg,"[4000, 6000]",36.692307692307686,"['Photoqraphedby\nBHarter\n2025\n', '3025DCR\n00067\n', 'SanteeCoastalReserve\nCharlestonCoSC\nEFLoPresti\n28March2025\nSandPitTrap\n']","['8\n2025\n', '3025DCR\n00067\n', 'CR\nCCC\n282025\n']","['P\n8\n2025\n', '3025C\n00067\n', 'C\nCCC\nP\n282025\nP\n']",modelv1.0__2026-05-20 20:23:05
D:/moth_photos/database\batch_08\img_moth_00014055.jpg,"[4000, 6000]",36.44230769230769,"['2025DCR\n90146\n', 'Photoqraphedby\nBHarter\n2025\n', 'SanteeCoastalReserve\nCharlestorCoSC\nEFLoPresti\n29March2025\nAcrossfromJCTrap\n']","['2025DCR\n90146\n', '8\n2025\n', 'CR\nCCC\n292025\nC\n']","['2025C\n90146\n', 'P\n8\n2025\n', 'C\nCCC\nP\n292025\nC\n']",modelv1.0__2026-05-20 20:23:05
D:/moth_photos/database\batch_08\img_moth_00014056.jpg,"[4000, 6000]",36.92307692307692,"['2025DCR\n00018\n', 'Photoqraphedby\nBHarter\n2025\n', 'SanteeCoastalReserve\nCharlestoneCoSC\nEFLoPresti\n21Aoril2025\nLiveOakTrap\n']","['2025DCR\n00018\n', 'R\n2025\n', 'CR\nCCC\n212025\n']","['2025C\n00018\n', 'P\n2025\n', 'C\nCCC\nP\n212025\n']",modelv1.0__2026-05-20 20:23:05
D:/moth_photos/database\batch_08\img_moth_00014057.jpg,"[4000, 6000]",36.730769230769226,"['2025DCR\n00068\n', 'Photographedby\nBHarter\n2025\n', 'SanteeCoastalReserve\nCharlestonCoSC\nEFLoPresti\n28March2025\nSandPitTrap\n']","['2025DCR\n00068\n', '2025\n', 'CR\nCCC\n282025\n']","['2025C\n00068\n', 'P\n2025\n', 'C\nCCC\nP\n282025\nP\n']",modelv1.0__2026-05-20 20:23:05
D:/moth_photos/database\batch_08\img_moth_00014058.jpg,"[4000, 6000]",36.55769230769231,"['2025DCR\n00147\n', 'Photographedby\nBHarter\n2025\n', 'SanteeCoastalReserve\nCharlestonCoSC\nEFLoPresti\n29March2025\nAcrossfromJCTrap\n']","['2025DCR\n00147\n', '8\n2025\n', 'CR\nCCC\n292025\nC\n']","['2025PC\n00147\n', 'P\n8\n2025\n', 'C\nCCC\nP\n292025\nC\n']",modelv1.0__2026-05-20 20:23:05
D:/moth_photos/database\batch_08\img_moth_00014059.jpg,"[4000, 6000]",36.80769230769231,"['2025DCR\n00019\n', 'Photoqraphedby\nBHarter\n2025\n', 'SanteeCoastalReserve\nChariestonCoSC\nEFLaPresti\n21Aoril2025\nLiveOakTrap\n']","['2025DCR\n00019\n', '8\n2025\n', 'CR\nCCC\n212025\nC\n']","['2025C\n00019\n', 'P\n8\n2025\n', 'C\nCCC\nP\n212025\nC\n']",modelv1.0__2026-05-20 20:23:05
D:/moth_photos/database\batch_08\img_moth_00014060.jpg,"[4000, 6000]",36.480769230769226,"['2025DCR\n00069\n', 'Photoqraphedby\nBHarter\n2025\n', 'SanteeCoastalReserve\nCharlestonCoSC\nEFLoPresti\n28March2025\nSandPitTrao\n']","['2025DCR\n00069\n', 'R\n2025\n', 'CR\nCCC\n282025\n']","['2025C\n00069\n', 'P\n2025\n', 'C\nCCC\nP\n282025\nP\n']",modelv1.0__2026-05-20 20:23:05
D:/moth_photos/database\batch_08\img_moth_00014061.jpg,"[4000, 6000]",36.88235294117647,"['2025DCR\n00148\n', 'Photographedby\nBHarter\n2025\n', 'SanteeCoastalReserve\nCharlestonCoSC\nEFLqPresti\n29March2025\nAcrossfromJCTrap\n', 'calibrite\n']","['2025DCR\n00148\n', '8\n2025\n', 'CR\nCCC\nR\n292025\nC\n', '']","['2025C\n00148\n', 'P\n8\n2025\n', 'CP\nCCC\nP\n292025\nC\n', '']",modelv1.0__2026-05-20 20:23:05
D:/moth_photos/database\batch_08\img_moth_00014062.jpg,"[4000, 6000]",36.59615384615385,"['2025DCR\n00020\n', 'Photographedby\nBHarter\n2025\n', 'SanteeCoastalReserve\nCharlestonCoSC\nEFLaPresti\n21Aoril2025\nLiveOakTrap\n']","['2025DCR\n00020\n', '8\n2025\n', 'CR\nCCC\n212025\nC\n']","['2025C\n00020\n', 'P\n8\n2025\n', 'C\nCCC\nP\n212025\nC\n']",modelv1.0__2026-05-20 20:23:05
D:/moth_photos/database\batch_08\img_moth_00014063.jpg,"[4000, 6000]",36.692307692307686,"['Photoqraphedby\nBHarter\n2025\n', 'h\n2025 DCR\n90070\n', 'SanteeCoastalReserve\n\nCharlestonCoSC\nEFLoPresti\n28March2025\nSandPitTrao\n']","['8\n2025\n', '2025 DCR\n90070\n', 'CR\n\nCCC\n282025\n']","['P\n8\n2025\n', '2025 C\n90070\n', 'C\n\nCCC\nP\n282025\nP\n']",modelv1.0__2026-05-20 20:23:05
D:/moth_photos/database\batch_08\img_moth_00014064.jpg,"[4000, 6000]",37.03921568627451,"['2025DCR\n00149\n', 'S\nnoear mites\n', 'Photoqgraphedby\nBHarter\n2025\n', 'Santee CoastalReserve\nCharlestonCo SC\nEFLoPresti\n29March 2025\nAcrossfrom AOmir9\n']","['2025DCR\n00149\n', '', '8\n2025\n', 'CR\nCC C\n29 2025\nR9\n']","['2025C\n00149\n', '', 'P\n8\n2025\n', 'CP\nCC C\nP\n29 2025\n9\n']",modelv1.0__2026-05-20 20:23:05
D:/moth_photos/database\batch_08\img_moth_00014065.jpg,"[4000, 6000]",36.38461538461538,"['2025DCR\n00021\n', 'Photoqraphedby\nBHarter\n2025\n', 'SanteeCoastalReserve\nCharlestonCoSC\nEFLoPresti\n21Aoril2025\nLiveOakTrao\n']","['2025DCR\n00021\n', '8\n2025\n', 'CR\nCCC\n212025\n']","['2025C\n00021\n', 'P\n8\n2025\n', 'CP\nCCC\n\nP\n\n212025\n']",modelv1.0__2026-05-20 20:23:05
D:/moth_photos/database\batch_08\img_moth_00014066.jpg,"[4000, 6000]",36.44230769230769,"['2025DCR\n00071\n', 'Photographedby\nBHarter\n2025\n', 'Santee CoastalReserve\nCharlestonCo\nEFLoPresti\n28March2025\nSandPitTrap\n']","['2025DCR\n00071\n', '8\n2025\n', 'CR\nCC\n282025\n']","['2025C\n00071\n', 'P\n8\n2025\n', 'C\nCC\nP\n282025\nP\n']",modelv1.0__2026-05-20 20:23:05
D:/moth_photos/database\batch_08\img_moth_00014067.jpg,"[4000, 6000]",36.88235294117647,"['2025DCR\n00150\n', 'noearmites\nELoPresti2025\n', 'Photographedby\nBHarter\n2025\n', 'SanteeCoastalReserve\nChanrlestonCoSC\nEFLoPresti\n29March2025\nAcrossfromJCTrap\n']","['2025DCR\n00150\n', 'C2025\n', '8\n2025\n', 'CR\nCCC\n292025\nC\n']","['2025C\n00150\n', 'CP2025\n', 'P\n8\n2025\n', 'C\nCCC\nP\n292025\nC\n']",modelv1.0__2026-05-20 20:23:05
D:/moth_photos/database\batch_08\img_moth_00014068.jpg,"[4000, 6000]",36.59615384615385,"['Photographedby\nBHarter\n2025\n', 'a\n2025 pcrI\n90022\n', 'ei\nSanteeCoastalReserve\nCharlestonCoSC\nEFLoPresti\n11March2025\nPondTrao\n']","['8\n2025\n', '2025\n90022\n', 'C\nCR\nCCC\n112025\n']","['P\n8\n2025\n', '2025\n90022\n', 'C\nC\nCCC\nP\n112025\nP\n']",modelv1.0__2026-05-20 20:23:05
D:/moth_photos/database\batch_08\img_moth_00014069.jpg,"[4000, 6000]",36.40384615384615,"['2025DCR\n00072\n', 'Photographedby\nBHarter\n2025\n', 'Santes Coastal Reserve\n\nChare estonUO C\nEF Loprestl\nMarch 9025\n\nSand pitTrao\n\n']","['2025DCR\n00072\n', '8\n2025\n', 'C R\nC 9 C\n9025\n\n']","['2025PC\n00072\n', 'P\n8\n2025\n', 'C\n\nC 9 C\nP\n9025\n\nP\n\n']",modelv1.0__2026-05-20 20:23:05
D:/moth_photos/database\batch_08\img_moth_00014070.jpg,"[4000, 6000]",37.03921568627451,"['2025DCR\n00151\n', 'noearmites\nELoPresti2025\n', 'Photoqraphedby\nBHarter\n2025\n', 'SanteeCoastalReserve\nCharlestonCoSC\nEFLoPresti\n29March2025\nAcrossfromJCTrap\n']","['2025DCR\n00151\n', '2025\n', '8\n2025\n', 'CR\nCCC\n292025\nC\n']","['2025C\n00151\n', 'P2025\n', 'P\n8\n2025\n', 'C\nCCC\nP\n292025\nC\n']",modelv1.0__2026-05-20 20:23:05
D:/moth_photos/database\batch_08\img_moth_00014071.jpg,"[4000, 6000]",36.53846153846154,"['2025DCR\n00023\n', 'Photographedby\nBHarter\n2025\n', 'SanteeCoastalReserve\nCharlestonCoSC\nEFLoPresti\n11March2025\nPondTrap\n']","['2025DCR\n00023\n', '8\n2025\n', 'CR\nCCC\n112025\n']","['2025C\n00023\n', 'P\n8\n2025\n', 'C\nCCC\nP\n112025\nP\n']",modelv1.0__2026-05-20 20:23:05
D:/moth_photos/database\batch_08\img_moth_00014072.jpg,"[4000, 6000]",36.769230769230774,"['2025DCR\n00073\n', 'Photoqraphedby\nBHarter\n2025\n', 'SanteeCoastalReserve\nCharlestonCoSC\nEFLoPresti\n28March2025\nSandPitTrap\n']","['2025DCR\n00073\n', 'R\n2025\n', 'CR\nCCC\n282025\n']","['2025C\n00073\n', 'P\n2025\n', 'C\nCCC\nP\n282025\nP\n']",modelv1.0__2026-05-20 20:23:05
D:/moth_photos/database\batch_08\img_moth_00014073.jpg,"[4000, 6000]",36.480769230769226,"['2025DCR\n00152\n', 'Photoqraphedby\nBHarter\n2025\n', 'noearmites\nELoPresti2025\n', 'Ge\nSanteeCoastalReserve\nCharlestonCoSC\nEFLoPresti\n29March2025\nAcrossfromJCTrap\n\n']","['2025DCR\n00152\n', '8\n2025\n', '2025\n', 'CR\nCCC\n292025\nC\n\n']","['2025C\n00152\n', 'P\n8\n2025\n', 'P2025\n', 'C\nCCC\nP\n292025\nC\n\n']",modelv1.0__2026-05-20 20:23:05
D:/moth_photos/database\batch_08\img_moth_00014074.jpg,"[4000, 6000]",37.07843137254902,"['2025DCR\n00024\n', 'Photographedby\nBHarter\n2025\n', 'Le\nSanteeCoastalReserve\nCharlestonCoSC\nEFLoPresti\n11March2025\nPondTrap\n']","['2025DCR\n00024\n', 'R\n2025\n', 'CR\nCCC\n112025\n']","['2025C\n00024\n', 'P\n2025\n', 'C\nCCC\nP\n112025\nP\n']",modelv1.0__2026-05-20 20:23:05
D:/moth_photos/database\batch_08\img_moth_00014075.jpg,"[4000, 6000]",37.03921568627451,"['2025DCR\n00074\n', 'Photographedby\nBHarter\n2025\n', 'SanteeCoastalKeserve\nCharlestonCoSC\nEFLoPresti\n\n28March2025\nSandPitTrao\n']","['2025DCR\n00074\n', '8\n2025\n', 'CR\nCCC\n282025\n']","['2025C\n00074\n', 'P\n8\n2025\n', 'C\nCCC\nP\n\n282025\nP\n']",modelv1.0__2026-05-20 20:23:05
D:/moth_photos/database\batch_08\img_moth_00014076.jpg,"[4000, 6000]",36.519230769230774,"['2025DCR\n00153\n', 'i\nnoearmites\nELoPrest 2025\n', 'Photographedby\nBHarter\n2025\n', 'SanteeCoastalReserve\nCharlestonCoSC\nEFLoPresti\n7Februarv2025\nGatorRoadTrap\n']","['2025DCR\n00153\n', '2025\n', '8\n2025\n', 'CR\nCCC\n\n72025\n\nR\n']","['2025C\n00153\n', 'P 2025\n', 'P\n8\n2025\n', 'C\nCCC\nP\n72025\n']",modelv1.0__2026-05-20 20:23:05
D:/moth_photos/database\batch_08\img_moth_00014077.jpg,"[4000, 6000]",36.40384615384615,"['noearmites\nELoPresti2025\n', '2025DCR\nQO0025\n', 'Photographedby\nBHarter\n2025\n', 'siCtFt\nSantee CoastalReserve\nCharleston CoSC\nEFLoPresti\n441March 2025\nPondTrap\n']","['C2025\n', '2025DCR\n0025\n', 'R\n2025\n', 'C\n\nCR\n\nC CC\n441 2025\n']","['CP2025\n', '2025C\n0025\n', 'P\n2025\n', 'C\nC\nC CC\nP\n441 2025\nP\n']",modelv1.0__2026-05-20 20:23:05
D:/moth_photos/database\batch_08\img_moth_00014078.jpg,"[4000, 6000]",37.05882352941176,"['S\n\n2025DCR\n00075\n', 'Photographedby\nBHarter\n2025\n', 'oanteeCoastalKeserve\nCharlestonCoSC\nEFLoPresti\n28March2025\nSandPitTrap\n']","['2025DCR\n00075\n', '8\n2025\n', 'CR\nCCC\n282025\n']","['2025C\n00075\n', 'P\n8\n2025\n', 'C\nCCC\nP\n282025\nP\n']",modelv1.0__2026-05-20 20:23:05
D:/moth_photos/database\batch_08\img_moth_00014079.jpg,"[4000, 6000]",36.38461538461538,"['nNOearmites\nELoPresti2025\n', '2025DCR\n00154\n', 'Photoqraphedby\nBHarter\n2025\n', 'e exon Rese\n\n']","['2025\n', '2025DCR\n00154\n', '8\n2025\n', 'R\n\n']","['P2025\n', '2025C\n00154\n', 'P\n8\n2025\n', '']",modelv1.0__2026-05-20 20:23:05
D:/moth_photos/database\batch_08\img_moth_00014080.jpg,"[4000, 6000]",36.98039215686274,"['2025DCR\n00026\n', 'Photographedby\nBHarter\n2025\n', 'noearmites\nELoPrestr2025\n\n', 'SanteeCoastalReserve\nCharlestonCoSC\nEFLoPresti\n11March2025\nPondTrap\n']","['2025DCR\n00026\n', 'R\n2025\n', '2025\n\n', 'CR\nCCC\n112025\n']","['2025C\n00026\n', 'P\n2025\n', 'P2025\n\n', 'C\nCCC\nP\n112025\nP\n']",modelv1.0__2026-05-20 20:23:05
D:/moth_photos/database\batch_08\img_moth_00014081.jpg,"[4000, 6000]",36.94230769230769,"['2025DCR\n00076\n', 'Photographedby\nBHarter\n2025\n', 'SanteeCoastalReserve\nCharlestonCoSC\nEFLoPresti\n28Marck2025\nSHEET Wweto\n']","['2025DCR\n00076\n', '8\n2025\n', 'CR\nCCC\n282025\n']","['2025C\n00076\n', 'P\n8\n2025\n', 'C\nCCC\nP\n282025\nW\n']",modelv1.0__2026-05-20 20:23:05
D:/moth_photos/database\batch_08\img_moth_00014082.jpg,"[4000, 6000]",36.9607843137255,"['Photoqraphedby\nBHarter\n2025\n', '2025DCR\n00155\n', '', 'SanteeCoastalReserve\nCharlestonCoSC\nEFLoPresti\n7Februarvy2025\nGatorRdadTrap\n']","['8\n2025\n', '2025DCR\n00155\n', '', 'CR\nCCC\n72025\nR\n']","['P\n8\n2025\n', '2025C\n00155\n', '', 'C\nCCC\nP\n72025\n']",modelv1.0__2026-05-20 20:23:05
D:/moth_photos/database\batch_08\img_moth_00014083.jpg,"[4000, 6000]",36.480769230769226,"['2025DCR\n00027\n\n', 'Photographedby\nBHarter\n2025\n', 'noear mites\nELoPresti2025\n', 'Stie\nSantee CoastalReserve\n\nCharleston Co\nEF LoPresti\n\n44March 2025\nPondTrad\n']","['2025DCR\n00027\n\n', '8\n2025\n', '2025\n', 'CR\n\nC C\n\n44 2025\n']","['2025C\n00027\n\n', 'P\n8\n2025\n', 'P2025\n', 'C\n\nC C\nP\n\n44W 2025\nP\n']",modelv1.0__2026-05-20 20:23:05
D:/moth_photos/database\batch_08\img_moth_00014084.jpg,"[4000, 6000]",36.90384615384616,"['ae\n2025DCR\n00077\n\n', 'Photographedby\nBHarter\n2025\n', 'noearmites\nELoPresti2025\n', 'SanteeCoastalReserve\nCharlestonCoSC\nEFLoPresti\n28March2025\n\nQiceT Tiap\n']","['2025DCR\n00077\n\n', '8\n2025\n', '2025\n', 'CR\nCCC\nR\n282025\n\n1\n']","['2025C\n00077\n\n', 'P\n8\n2025\n', 'P2025\n', 'C\nCCC\nP\n282025\n\n1\n']",modelv1.0__2026-05-20 20:23:05
D:/moth_photos/database\batch_08\img_moth_00014085.jpg,"[4000, 6000]",36.32692307692307,"['2025DCR\n00156\n', 'EEUU\nnoearmites\nFLoPresti 2025\n', 'Photoqraphedby\nBHarter\n2025\n', 'SanteeCoastal Reserve\nCharlestonCo SC\nEFLoPresti\n7February2025\nGatorRoadTrao\n']","['2025DCR\n00156\n', '0\n2025\n', '8\n2025\n', 'C R\nCC C\nR\n72025\nR\n']","['2025C\n00156\n', '0\nP 2025\n', 'P\n8\n2025\n', 'C\nCC C\nP\n72025\n']",modelv1.0__2026-05-20 20:23:05
D:/moth_photos/database\batch_08\img_moth_00014086.jpg,"[4000, 6000]",36.42307692307693,"['2025DCR\n00028\n', 'Photographedby\nBHarter\n2025\n', 'SanteeCoastalReserve\nCharlestonCoSC\nEFLoPresti\n41March2025\nPondTrao\n', 'oear mites\nEe Lopresti2029\n']","['2025DCR\n00028\n', 'R\n2025\n', 'CR\nCCC\n412025\n', '0\n2029\n']","['2025C\n00028\n', 'P\n2025\n', 'C\nCCC\nP\n412025\nP\n', '0\nP2029\n']",modelv1.0__2026-05-20 20:23:05
D:/moth_photos/database\batch_08\img_moth_00014087.jpg,"[4000, 6000]",36.519230769230774,"['2025DCR\n00078\n', 'Photographedby\nBHarter\n2025\n', 'SanteeCoastalReserve\nCharlestonCo SC\nEFLoPresti\n28March2025\nSHeet rad\n', 'noearmites\nELoPresti2025\n']","['2025DCR\n00078\n', '8\n2025\n', 'CR\nCC C\n282025\nD\n', '2025\n']","['2025C\n00078\n', 'P\n8\n2025\n', 'C\nCC C\nP\n282025\n', 'P2025\n']",modelv1.0__2026-05-20 20:23:05
D:/moth_photos/database\batch_08\img_moth_00014088.jpg,"[4000, 6000]",37.05882352941176,"['oii\n\n2025DCR\n00157\n', 'noearmites\nELoPresti2025\n', 'Photographedby\nBHarter\n2025\n', 'SanteeCoastalReserve\nCharlestonCo SC\nEFLoPresti\n7Februarv2025\nGatorRoadTrap\n']","['7\n\n2025DCR\n00157\n', '2025\n', '8\n2025\n', 'CR\nCC C\n72025\nR\n']","['7\n\n2025C\n00157\n', 'P2025\n', 'P\n8\n2025\n', 'CP\nCC C\nP\n72025\n']",modelv1.0__2026-05-20 20:23:05
D:/moth_photos/database\batch_08\img_moth_00014089.jpg,"[4000, 6000]",36.88235294117647,"['rightearmites\nEFL2024\n', '2025DCR\n00029\n', 'Photographedby\nBHarter\n2025\n', 'SanteeCoastalReserve\nCharlestonCoSC\nEFLoPresti\n41March2025\nPondTrao\n']","['2024\n', '2025DCR\n00029\n', '8\n2025\n', 'CR\nCCC\n412025\n']","['2024\n', '2025C\n00029\n', 'P\n8\n2025\n', 'C\nCCC\nP\n412025\nP\n']",modelv1.0__2026-05-20 20:23:05
D:/moth_photos/database\batch_08\img_moth_00014090.jpg,"[4000, 6000]",36.98039215686274,"['Photographedby\nBHarter\n2025\n', '2025DCR\n00079\n', 'noearmites\nELoPresti2025\n\nee\n', 'SanteeCoastalReserve\nCharlestonCoSC\nEFLoPresti\n28MarcH2025\n\nqudtEx\n']","['R\n2025\n', '2025DCR\n00079\n', 'C2025\n', 'CR\nCCC\n282025\n']","['P\n2025\n', '2025C\n00079\n', 'CP2025\n', 'C\nCCC\nP\n282025\n']",modelv1.0__2026-05-20 20:23:05
D:/moth_photos/database\batch_08\img_moth_00014091.jpg,"[4000, 6000]",37.07843137254902,"['2025DCR\n00158\n', 'noear mites\nELoPresti 2025\n', 'Photographedby\nBHarter\n2025\n', 'SanteeCoastalReserve\nCharlestonCoSC\nEFLoPresti\n7Februarv2025\nGatorRoadTrao\n']","['2025DCR\n00158\n', '2025\n', 'R\n2025\n', 'CR\nCCC\n72025\nR\n']","['2025C\n00158\n', 'P 2025\n', 'P\n2025\n', 'C\nCCC\nP\n7P2025\n']",modelv1.0__2026-05-20 20:23:05
D:/moth_photos/database\batch_08\img_moth_00014092.jpg,"[4000, 6000]",36.519230769230774,"['2025DCR\n00030\n', 'Et\n\nnoearmites\nELoPresti2025\n', 'Photoqraphedby\nBHarter\n2025\n', 'SanteeCoastalReserve\n\nCharlestonCoSC\nEFLoPresti\n28March2025\nMarshTrap\n']","['2025DCR\n00030\n', 'C2025\n', '8\n2025\n', 'CR\n\nCCC\n282025\n']","['2025C\n00030\n', 'CP2025\n', 'P\n8\n2025\n', 'C\n\nCCC\nP\n282025\n']",modelv1.0__2026-05-20 20:23:05
D:/moth_photos/database\batch_08\img_moth_00014093.jpg,"[4000, 6000]",36.80392156862745,"['2025DCR\n00159\n', 'noearmites\nELoPresti2025\n', 'Photographedby\nBHarter\n2025\n', 'SanteeCoastalReserve\nCharlestonCoSC\nEFLoPresti\n7Februarv2025\nMarshTrao\n']","['2025DCR\n00159\n', 'C2025\n', '8\n2025\n', 'CR\nCCC\n72025\n']","['2025C\n00159\n', 'CP2025\n', 'P\n8\n2025\n', 'C\nCCC\nP\n72025\n']",modelv1.0__2026-05-20 20:23:05
D:/moth_photos/database\batch_08\img_moth_00014094.jpg,"[4000, 6000]",36.55769230769231,"['Photoqraphedby\nBHarter\n2025\n', '2025DCR\n00031\n', 'EU\nnoear mjtes\n', '']","['8\n2025\n', '2025DCR\n00031\n', '', '']","['P\n8\n2025\n', '2025C\n00031\n', '', '']",modelv1.0__2026-05-20 20:23:05
D:/moth_photos/database\batch_08\img_moth_00014095.jpg,"[4000, 6000]",36.80769230769231,"['eh\nE LoPresti2025\n', '2025DCR\n00080\n', 'Photographedby\nBHarter\n2025\n', 'SanteeCoastalReserve\nCharlestonCoSC\nEFLoPresti\n28March2025\n\nViEEYTwen\n']","['2025\n', '2025DCR\n00080\n', '8\n2025\n', 'CR\nCCC\n282025\n']","['P2025\n', '2025C\n00080\n', 'P\n8\n2025\n', 'C\nCCC\nP\n282025\n']",modelv1.0__2026-05-20 20:23:05
D:/moth_photos/database\batch_08\img_moth_00014096.jpg,"[4000, 6000]",36.98039215686274,"['2025DCR\n00160\n', 'noearmites\nELoPresti 2025\n', 'Photographedby\nBHarter\n2025\n', 'SanteeCoastal Reserve\nCharlestonCo SC\nEFLoPresti\n7Februarv 2025\nMarshTrap\n']","['2025DCR\n00160\n', '2025\n', '8\n2025\n', 'C R\nCC C\n7 2025\n']","['2025C\n00160\n', 'P 2025\n', 'P\n8\n2025\n', 'C\nCC C\nP\n7 2025\n']",modelv1.0__2026-05-20 20:23:05
D:/moth_photos/database\batch_08\img_moth_00014097.jpg,"[4000, 6000]",36.36538461538461,"['Photoqraphedby\nBHarter\n2025\n', '2025DCR\n00032\n', 'noearmites\nELoPresti2025\n', 'SanteeCoastalReserve\nCharlestonCoSC\nEFLoPresti\n28March2025\nMarshTrap\n']","['R\n2025\n', '2025DCR\n00032\n', '2025\n', 'CR\nCCC\n282025\n']","['P\n2025\n', '2025C\n00032\n', 'P2025\n', 'C\nCCC\nP\n282025\n']",modelv1.0__2026-05-20 20:23:05
D:/moth_photos/database\batch_08\img_moth_00014098.jpg,"[4000, 6000]",36.82692307692308,"['2025DCR\n00081\n', 'Photographedby\nBHarter\n2025\n', 'noearmites\nELoPresti2025\n', 'Santee Coastal Reserve\n\nCharleston Co\nEF LoPresti\n28 March 2025\n\n']","['2025DCR\n00081\n', '8\n2025\n', 'CR2025\n', 'C R\n\nC C\n28 2025\n\n']","['2025C\n00081\n', 'P\n8\n2025\n', 'CP2025\n', 'C\n\nC C\nP\n28 2025\n\n']",modelv1.0__2026-05-20 20:23:05
D:/moth_photos/database\batch_08\img_moth_00014099.jpg,"[4000, 6000]",36.549019607843135,"['2025DCR\n00161\n', 'Photoqraphedby\nBHarter\n2025\n', 'noearmites\nELoPresti2025\n', 'El\nSantee CoastalResefve\nCharneston Co\nEFLoPrest\n7Februarv 2025\nMarshTraod\n']","['2025DCR\n00161\n', '8\n2025\n', '2025\n', 'CR\nC C\n7 2025\n']","['2025C\n00161\n', 'P\n8\n2025\n', 'P2025\n', 'C\nC C\nP\n7 2025\n']",modelv1.0__2026-05-20 20:23:05
D:/moth_photos/database\batch_08\img_moth_00014100.jpg,"[4000, 6000]",36.98039215686274,"['2025DCR\n00033\n', 'ELoPresti2025\n', 'Photographedby\nBHarter\n2025\n', 'SanteeCoastalReserve\nCharlestonCoSC\nEFLaPresti\n28March2025\nWestSanctuarvTrap\n']","['2025DCR\n00033\n', '2025\n', 'R\n2025\n', 'CR\nCCC\n282025\n']","['2025C\n00033\n', 'P2025\n', 'P\n2025\n', 'C\nCCC\nP\n282025\nW\n']",modelv1.0__2026-05-20 20:23:05
D:/moth_photos/database\batch_08\img_moth_00014101.jpg,"[4000, 6000]",36.63461538461539,"['noearmites\nELoPresti2025\n', 'Photographedby\nBHarter\n2025\n', '2025DCR\n00082\n', 'SanteeCoastalReserve\nCharlestonCoSC\nEFLpPresti\n28 March2025\n\nLie o\n']","['2025\n', 'R\n2025\n', '2025DCR\n00082\n', 'CR\nCCC\n28 2025\n']","['P2025\n', 'P\n2025\n', '2025PC\n00082\n', 'C\nCCC\nP\n28 2025\n']",modelv1.0__2026-05-20 20:23:05
D:/moth_photos/database\batch_08\img_moth_00014102.jpg,"[4000, 6000]",36.98039215686274,"['2025DCR\n00162\n', 'noearmites\nELoPresti2025\n', 'Photoqraphedby\n8Harter\n2025\n', 'SanteeCoastalReserve\nCharlestonCoSC\nEFLoPresti\n7Februarv2025\nMarshTrap\n']","['2025DCR\n00162\n', '2025\n', '8\n2025\n', 'CR\nCCC\n72025\n']","['2025C\n00162\n', 'P2025\n', 'P\n8\n2025\n', 'C\nCCC\nP\n72025\n']",modelv1.0__2026-05-20 20:23:05
D:/moth_photos/database\batch_08\img_moth_00014103.jpg,"[4000, 6000]",36.38461538461538,"['noearmites\nELoPresti2025\n', '2025DCR\n00034\n', 'Photographedby\nBHarter\n2025\n', 'Doe\nYantee CoastalReserve\nCharlestonCoSC\nEFLoPresti\n28March2025\nWestSanctuarvTrap\nBXS\n']","['2025\n', '2025DCR\n00034\n', '8\n2025\n', 'D\nCR\nCCC\n282025\n']","['P2025\n', '2025C\n00034\n', 'P\n8\n2025\n', 'C\nCCC\nP\n282025\nW\n']",modelv1.0__2026-05-20 20:23:05
D:/moth_photos/database\batch_08\img_moth_00014104.jpg,"[4000, 6000]",36.67307692307692,"['2025DCR\n00083\n', 'Photographedby\nBHarter\n2025\n', 'noearmites\nELoPresti2025\n', 'SanteeCoastalReserve\nCharlestonCoSC\nEFLoPresti\n28March2025\n\nOCeX\n']","['2025DCR\n00083\n', '8\n2025\n', 'C2025\n', 'CR\nCCC\n282025\n\n6C\n']","['2025C\n00083\n', 'P\n8\n2025\n', 'CP2025\n', 'C\nCCC\nP\n282025\n\n6C\n']",modelv1.0__2026-05-20 20:23:05
D:/moth_photos/database\batch_08\img_moth_00014105.jpg,"[4000, 6000]",36.80392156862745,"['2025DCR\n00163\n', 'Photoqraphedby\nBHarter\n2025\n', 'SanteeCoastalReserve\nCharlestonCoSC\nEFLoPresti\n7Februarv2025\nMarshTrao\n', 'CiCS\ncE LoPresti 2025\n']","['2025DCR\n00163\n', '8\n2025\n', 'CR\nCCC\n72025\n', 'CC\n2025\n']","['2025C\n00163\n', 'P\n8\n2025\n', 'C\nCCC\nP\n72025\n', 'CC\nP 2025\n']",modelv1.0__2026-05-20 20:23:05
D:/moth_photos/database\batch_08\img_moth_00014106.jpg,"[4000, 6000]",37.05882352941176,"['2025DCR\n00035\n', 'noearmites\nELoPresti2025\n', 'Photographedby\nBHarter\n2025\n', 'Santee CoastalReserve\nCharleston Co\nEFLoPresti\n28March 2025\nWestSanctuarv Trap\na\n']","['2025DCR\n00035\n', '2025\n', '8\n2025\n', 'CR\nC C\nR\n28C 2025\n']","['2025C\n00035\n', 'P2025\n', 'P\n8\n2025\n', 'C\nC C\nP\n28C 2025\nW\n']",modelv1.0__2026-05-20 20:23:05
D:/moth_photos/database\batch_08\img_moth_00014107.jpg,"[4000, 6000]",36.61538461538461,"['leftearmites\n\nEFL2024\n', 'Photoqraphedby\nBHarter\n2025\n', '2025 pcr\n00084\n', 'SanteeCoastalReserve\nChariestonCoSC\nEFLoPresti\nC4 March 2025\n\neit Trap\n']","['2024\n', '8\n2025\n', '2025 DCR\n00084\n', 'CR\nCCC\nC4 2025\n']","['2024\n', 'P\n8\n2025\n', '2025 C\n00084\n', 'C\nCCC\nP\nC4 2025\n']",modelv1.0__2026-05-20 20:23:05
D:/moth_photos/database\batch_08\img_moth_00014108.jpg,"[4000, 6000]",36.94117647058823,"['2025DCR\n00164\n', 'Ino earmites\nELoPresti2025\n', 'SanteeCoastalReserve\nCharlestonCoSC\nEFLoPresti\n7Februarv2025\nMarshTrao\n', 'Photoqraphedby\nBHarter\n2025\n']","['2025DCR\n00164\n', '2025\n', 'CR\nCCC\n72025\n', '8\n2025\n']","['2025C\n00164\n', 'P2025\n', 'C\nCCC\nP\n72025\n', 'P\n8\n2025\n']",modelv1.0__2026-05-20 20:23:05
D:/moth_photos/database\batch_08\img_moth_00014109.jpg,"[4000, 6000]",36.78846153846154,"['Photographedby\nBHarter\n2025\n', '2025 DCR\n0Q0036\n', 'SanteeCoastalReserve\nCharlestonCoSC\nEFLoPresti\n28March2025\nWestSanctuarvTrap\n']","['8\n2025\n', '2025 DCR\n00036\n', 'CR\nCC0C\n282025\nD\n']","['P\n8\n2025\n', '2025 C\n00036\n', 'C\nCC0C\nP\n282025\nW\n']",modelv1.0__2026-05-20 20:23:05
D:/moth_photos/database\batch_08\img_moth_00014110.jpg,"[4000, 6000]",37.01960784313725,"['noearmites\nELoPresti2025\n', 'Photographedby\nBHarter\n2025\n', '2025DCR\n00085\n', 'SanteeCoastalReserve\nCharlestonCoSC\nEFLoPresti\n\n4March2025\nAIT Trap\n']","['2025\n', '8\n2025\n', '2025DCR\n00085\n', 'CR\nCCC\n42025\n']","['P2025\n', 'P\n8\n2025\n', '2025C\n00085\n', 'C\nCCC\nP\n\n42025\n']",modelv1.0__2026-05-20 20:23:05
D:/moth_photos/database\batch_08\img_moth_00014111.jpg,"[4000, 6000]",36.86274509803921,"['2025DCR\n00165\n', 'noearmites\nELoPresti2025\n', 'SanteeCoastalReserve\nCharlestonCoSC\nEFLoPresti\n7Februarvy2025\nOrmondHallTrap\n', 'Photographedby\nBHarter\n2025\n']","['2025DCR\n00165\n', '2025\n', 'CR\nCCC\n72025\n', '8\n2025\n']","['2025C\n00165\n', 'P2025\n', 'C\nCCC\nP\n72025\n', 'P\n8\n2025\n']",modelv1.0__2026-05-20 20:23:05
D:/moth_photos/database\batch_08\img_moth_00014112.jpg,"[4000, 6000]",36.84615384615385,"['2025DCR\n00037\n', 'Photographedby\nBHarter\n2025\n', 'Santee Coastal Reserve\n\nCharlestonCoSC\nEFLoPresti\n28March2025\n\nWestSanctuary1fap\n']","['2025DCR\n00037\n', '8\n2025\n', 'C R\n\nCC0C\n0\n282025\n\n14\n']","['2025C\n00037\n', 'P\n8\n2025\n', 'C\n\nCC0C\n0P\n282025\n\nW14\n']",modelv1.0__2026-05-20 20:23:05
D:/moth_photos/database\batch_08\img_moth_00014113.jpg,"[4000, 6000]",36.57692307692308,"['Photographedby\nBHarter\n2025\n', 'noearmites\nELoPresti2025\n', '2025DCR\n00086\n', 'SanteeCoastalReserve\n\nCharlestonCoSC\nEFLoPresti\n14March2025\n\n1fa Trap\n']","['8\n2025\n', '2025\n', '2025DCR\n00086\n', 'CR\n\nCCC\n142025\n\n1\n']","['P\n8\n2025\n', 'P2025\n', '2025PC\n00086\n', 'C\nCCC\nP\n142025\n1\n']",modelv1.0__2026-05-20 20:23:05
D:/moth_photos/database\batch_08\img_moth_00014114.jpg,"[4000, 6000]",36.88235294117647,"['2025DCR\n00166\n', 'noearmites\nF1oPresti2025\n', 'Photographedby\nBHarter\n2025\n', 'SanteeCoastalReserve\nCharlestonCoSC\nEFLoPresti\n7Februarv2025\nOrmondHaillTrao\n']","['2025DCR\n00166\n', '102025\n', '8\n2025\n', 'CR\nCC0C\n72025\n']","['2025C\n00166\n', '10P2025\n', 'P\n8\n2025\n', 'C\nCC0C\nP\n72025\n']",modelv1.0__2026-05-20 20:23:05
D:/moth_photos/database\batch_08\img_moth_00014115.jpg,"[4000, 6000]",36.61538461538461,"['2025DCR\n00038\n', 'Photographedby\nBHarter\n2025\n', 'ee\nSanteeCoastalReserve\nCharlestonCoSC\nEFLoPresti\n28March2025\nWestSanctuarvTrap\n']","['2025DCR\n00038\n', 'R\n2025\n', 'CR\nCCC\n282025\n']","['2025C\n00038\n', 'P\n2025\n', 'C\nCCC\nP\n282025\nW\n']",modelv1.0__2026-05-20 20:23:05
D:/moth_photos/database\batch_08\img_moth_00014116.jpg,"[4000, 6000]",36.44230769230769,"['2025 pcr\n00087\n', 'Photoqgraphedby\nBHarter\n2025\n', 'croPresti\n\n202\n\n', 'SanteeCoastalReserve\nCharlestonCoSC\nEFLoPresti\n14March2025\n\nQEQ1TTrao\n']","['2025 DCR\n00087\n', '8\n2025\n', '202\n\n', 'CR\nCCC\n142025\n\nR17\n']","['2025 C\n00087\n', 'P\n8\n2025\n', 'P\n\n202\n\n', 'C\nCCC\nP\n142025\n\n17\n']",modelv1.0__2026-05-20 20:23:05
D:/moth_photos/database\batch_08\img_moth_00014117.jpg,"[4000, 6000]",37.0,"['2025DCR\n00167\n', 'Photographedby\nBHarter\n2025\n', 'SanteeCoastalReserve\nCharlestonCoSC\nEFLoPresti\n25Februarv2025\nMazvckTrao\n\n', 'calibrite\n']","['2025DCR\n00167\n', '8\n2025\n', 'CR\nCCC\n252025\n\n', '']","['2025C\n00167\n', 'P\n8\n2025\n', 'C\nCCC\nP\n252025\n\n', '']",modelv1.0__2026-05-20 20:23:05
D:/moth_photos/database\batch_08\img_moth_00014118.jpg,"[4000, 6000]",36.42307692307693,"['2025DCR\n00039\n', 'Photographedby\nBHarter\n2025\n', 'SanteeCoastalReserve\nCharlestonCoSC\nEFkoPresti\n28March2025\nWestSanctuarvTrap\n']","['2025DCR\n00039\n', '8\n2025\n', 'CR\nCCC\n282025\n']","['2025C\n00039\n', 'P\n8\n2025\n', 'C\nCCC\nP\n282025\nW\n']",modelv1.0__2026-05-20 20:23:05
D:/moth_photos/database\batch_08\img_moth_00014119.jpg,"[4000, 6000]",36.692307692307686,"['2025DCR\n00088\n', 'noearmites\nELoPresti2025\n', 'Photographedby\nBHarter\n2025\n', 'SanteeCoastalReserve\nCharlestonCoSC\nEFLoPresti\n14March2025\n\n2 Af af Trap\n']","['2025DCR\n00088\n', 'C2025\n', '2025\n', 'CR\nCCC\n142025\n\n2\n']","['2025C\n00088\n', 'CP2025\n', 'P\n2025\n', 'C\nCCC\nP\n142025\n\n2\n']",modelv1.0__2026-05-20 20:23:05
D:/moth_photos/database\batch_08\img_moth_00014120.jpg,"[4000, 6000]",36.72549019607843,"['2025DCR\n00168\n', 'Photoqraphedby\nBHarter\n2025\n', 'SanteeCoastalReserve\nCharlestonCoSC\nEFLoPrest\n25February2025\n\nMazvckTrao\n', 'calibrite\n']","['2025DCR\n00168\n', '8\n2025\n', 'CR\nCC0C\n252025\n', '']","['2025C\n00168\n', 'P\n8\n2025\n', 'C\nCC0C\nP\n252025\n', '']",modelv1.0__2026-05-20 20:23:05
D:/moth_photos/database\batch_08\img_moth_00014121.jpg,"[4000, 6000]",36.63461538461539,"['2025DCR\n00040\n', 'Photoqraphedby\nBHarter\n2025\n', 'Santee CoastalReserve\n\nCharieston Co\nEF LoPresti\n28March 2025\n\nWest Sanctuary Trao\nll\n']","['2025DCR\n00040\n', '8\n2025\n', 'CR\n\nC C\n28 2025\n']","['2025C\n00040\n', 'P\n8\n2025\n', 'C\n\nC C\nP\n28 2025\n\nW\n']",modelv1.0__2026-05-20 20:23:05
D:/moth_photos/database\batch_08\img_moth_00014122.jpg,"[4000, 6000]",36.86538461538462,"['noearmites\nELoPresti2025\n', '2025DCR\n00089\n', 'Photographedby\nBHarter\n2025\n', 'SanteeCoastalReserve\nCharlestonCoSC\nEFLoPresti\n28March2025\n\nQf TT Trap\n']","['2025\n', '2025DCR\n00089\n', 'R\n2025\n', 'CR\nCC0C\n282025\n']","['P2025\n', '2025C\n00089\n', 'P\n2025\n', 'C\nCC0C\nP\n282025\n']",modelv1.0__2026-05-20 20:23:05
D:/moth_photos/database\batch_08\img_moth_00014123.jpg,"[4000, 6000]",36.44230769230769,"['2025DCR\n00169\n', 'Photographedby\nBHarter\n2025\n', 'SanteeCoastalReserve\nCharlestonCoSC\nEFLoPresti\n7February2025\nCapeTrap\n', 'calibrite\n']","['2025DCR\n00169\n', 'R\n2025\n', 'CR\nCCC\n72025\nC\n', '']","['2025C\n00169\n', 'P\n2025\n', 'C\nCCC\nP\n72025\nC\n', '']",modelv1.0__2026-05-20 20:23:05
D:/moth_photos/database\batch_08\img_moth_00014124.jpg,"[4000, 6000]",36.519230769230774,"['2025DCR\n00041\n', 'Photographedby\nBHarter\n2025\n', 'SanteeCoastalReserve\nCharlestonCoSC\nEFLoPresti\n28Marth2025\nWestSanctuarvTrap\n']","['2025DCR\n00041\n', '8\n2025\n', 'CR\nCCC\n282025\n']","['2025C\n00041\n', 'P\n8\n2025\n', 'C\nCCC\nP\n282025\nW\n']",modelv1.0__2026-05-20 20:23:05
D:/moth_photos/database\batch_08\img_moth_00014125.jpg,"[4000, 6000]",36.59615384615385,"['2025DCR\n00090\n', 'Photographedby\nBHarter\n2025\n', 'SanteeCoastalReserve\nCharlestonCo SC\nEFLoPresti\n14March 2025\nfe 17Trap\n']","['2025DCR\n00090\n', 'R\n2025\n', 'CR\nCC C\n14 2025\n17\n']","['2025C\n00090\n', 'P\n2025\n', 'C\nCC C\nP\n14 2025\n17\n']",modelv1.0__2026-05-20 20:23:05
D:/moth_photos/database\batch_08\img_moth_00014126.jpg,"[4000, 6000]",36.8235294117647,"['2025DCR\n00170\n', 'Photoqraphedby\nBHarter\n2025\n', 'SanteeCoastalReserve\nCharlestonCoSC\nEFLoPresti\n7Februarv2025\nCapeTrap\n', 'calibrite\n']","['2025DCR\n00170\n', '8\n2025\n', 'CR\nCCC\n72025\nC\n', '']","['2025C\n00170\n', 'P\n8\n2025\n', 'C\nCCC\nP\n72025\nC\n', '']",modelv1.0__2026-05-20 20:23:05
D:/moth_photos/database\batch_08\img_moth_00014127.jpg,"[4000, 6000]",36.44230769230769,"['noearmites\nELoPresti2025\n', '2025DCR\n00042\n', 'Photoqraphedby\nBHarter\n2025\n', 'SanteeCoastalReserve\nCharlestonCoSC\nEFkoPresti\n28March2025\nGAsOCbETrap\n']","['2025\n', '2025DCR\n00042\n', '8\n2025\n', 'CR\nCCC\nR\n282025\nCCD\n']","['P2025\n', '2025C\n00042\n', 'P\n8\n2025\n', 'C\nCCC\nP\n282025\nCCP\n']",modelv1.0__2026-05-20 20:23:05
D:/moth_photos/database\batch_08\img_moth_00014128.jpg,"[4000, 6000]",36.63461538461539,"['2025DCR\n00091\n', 'Photographedby\nBHarter\n2025\n', 'SanteeCoastalReserve\nCharlestonCoSC\nEFLoPresti\n44March2025\n\n4 fe3oTrap\n']","['2025DCR\n00091\n', '8\n2025\n', 'CR\nCCC\n442025\n\n4 3\n']","['2025C\n00091\n', 'P\n8\n2025\n', 'C\nCCC\nP\n442025\n\n4 3\n']",modelv1.0__2026-05-20 20:23:05
D:/moth_photos/database\batch_08\img_moth_00014129.jpg,"[4000, 6000]",36.53846153846154,"['2025 DCR\n00171\n', 'Photoqraphedby\nBHarter\n2025\n', 'noear mites\nELoPresti 2025\n', 'SanteeCoastalReserve\nCharlestonCoSC\nEFLoPresti\n7Februarv2025\nCapeTrap\n']","['2025 DCR\n00171\n', '8\n2025\n', '2025\n', 'CR\nCCC\n72025\nC\n']","['2025 C\n00171\n', 'P\n8\n2025\n', 'P 2025\n', 'C\nCCC\nP\n72025\nC\n']",modelv1.0__2026-05-20 20:23:05
D:/moth_photos/database\batch_08\img_moth_00014130.jpg,"[4000, 6000]",36.82692307692308,"['2025DCR\n00043\n', 'Photoqgraphedby\nBHarter\n2025\n', 'SanteeCoastalReserve\nCharlestonCoSC\nEFLoPresti\n28March2025\nOA074tTrap\n', 'noear mites\nELoPresti2025\n']","['2025DCR\n00043\n', 'R\n2025\n', 'CR\nCCC\n282025\nD40740\n', '2025\n']","['2025C\n00043\n', 'P\n2025\n', 'C\nCCC\nP\n282025\n40740\n', 'P2025\n']",modelv1.0__2026-05-20 20:23:05
D:/moth_photos/database\batch_08\img_moth_00014131.jpg,"[4000, 6000]",36.92307692307692,"['2025DCR\n00092\n', 'Photographedby\nBHarter\n2025\n', 'noearmites\nELoPresti2025\n', 'SanteeCoastalReserve\nCharlestonCoSC\nEFLoPresti\n14March2025\nLiveOakTrao\n']","['2025DCR\n00092\n', '8\n2025\n', '2025\n', 'CR\nCCC\n142025\nC\n']","['2025PC\n00092\n', 'P\n8\n2025\n', 'P2025\n', 'C\nCCC\nP\n142025\nC\n']",modelv1.0__2026-05-20 20:23:05
D:/moth_photos/database\batch_08\img_moth_00014132.jpg,"[4000, 6000]",36.46153846153847,"['ale earmites\nFoPrestiJ075S\n', '2025DCR\n00172\n\nee\n', 'Photoqraphedby\nBHarter\n2025\n', 'SanteeCoastalReserve\nCharlestonCoSC\nEF LoPresti\n7Februarv2025\nCapeTrap\n']","['7075\n', '2025DCR\n00172\n', '8\n2025\n', 'CR\nCCC\n72025\nC\n']","['P7075\n', '2025C\n00172\n', 'P\n8\n2025\n', 'C\nCCC\nP\n72025\nC\n']",modelv1.0__2026-05-20 20:23:05
D:/moth_photos/database\batch_08\img_moth_00014133.jpg,"[4000, 6000]",36.5,"['2025DCR\n00044\n', 'noearmifes\nELoPresti2025\n', 'Photoqraphedby\nBHarter\n2025\n', 'SanteeCoastalReserve\nCharlestonCoSC\nEFLoPresti\n\n8March2025\nDoitf4Trap\n']","['2025DCR\n00044\n', 'C2025\n', '8\n2025\n', 'CR\nCCC\n82025\nD4\n']","['2025C\n00044\n', 'CP2025\n', 'P\n8\n2025\n', 'C\nCCC\nP\n\n82025\n4\n']",modelv1.0__2026-05-20 20:23:05
D:/moth_photos/database\batch_08\img_moth_00014134.jpg,"[4000, 6000]",36.40384615384615,"['2025DCR\n00093\n', 'Photoqraphedby\nBHarter\n2025\n', 'noear mites\nELoPresti2025\n', 'SanteeCoastalReserve\nCharnlestonCoSC\nEFLoPresti\n14March2025\nLiveOakTrap\n']","['2025DCR\n00093\n', '8\n2025\n', '2025\n', 'CR\nCCC\n142025\nC\n']","['2025C\n00093\n', 'P\n8\n2025\n', 'P2025\n', 'C\nCCC\nP\n142025\nC\n']",modelv1.0__2026-05-20 20:23:05
D:/moth_photos/database\batch_08\img_moth_00014135.jpg,"[4000, 6000]",37.03921568627451,"['2025DCR\n00173\n', 'noearmites\nELoPresti2025\n', 'santeeCoastalRESeive\nCharlestonCoSC\nEFLoPresti\n7February2025\nCapeTrap\n', 'Photographedby\nBHarter\n2025\n']","['2025DCR\n00173\n', '2025\n', 'CR\nCCC\n72025\nC\n', 'R\n2025\n']","['2025C\n00173\n', 'P2025\n', 'C\nCCC\nP\n72025\nC\n', 'P\n2025\n']",modelv1.0__2026-05-20 20:23:05
D:/moth_photos/database\batch_08\img_moth_00014136.jpg,"[4000, 6000]",36.80769230769231,"['Photographedby\nBHarter\n2025\n', '2025DCR\n00045\n', 'SanteeCoastal Reserve\nCharlestonCoSC\nEFLoPresti\n28Marck2025\nLG67b0Trap\n\nrx\n\n']","['8\n2025\n', '2025DCR\n00045\n', 'C R\nCCC\n282025\n4670\n\n']","['P\n8\n2025\n', '2025C\n00045\n', 'C\nCCC\nP\n282025\n4670\n\n']",modelv1.0__2026-05-20 20:23:05
D:/moth_photos/database\batch_08\img_moth_00014137.jpg,"[4000, 6000]",37.0,"['noearmites\nELoPresti2025\n', '2025DCR\n00094\n', 'Photographedby\nBHarter\n2025\n', 'SanteeCoastalReserve\nCharnestonCoSC\nEFLoPresti\n14Mafch2025\nLiveOakTrap\n']","['2025\n', '2025DCR\n00094\n', '8\n2025\n', 'CR\nCCC\n142025\nC\n']","['P2025\n', '2025C\n00094\n', 'P\n8\n2025\n', 'C\nCCC\nP\n142025\nC\n']",modelv1.0__2026-05-20 20:23:05
D:/moth_photos/database\batch_08\img_moth_00014138.jpg,"[4000, 6000]",36.44230769230769,"['2025DCR\n00174\n', 'Photographedby\nBHarter\n2025\n', 'noearmites\nELoPresti 2025\n', 'es\nSanteeCoastalReserve\nCharlestonCoSC\nEFLoPresti\n7Februarv2025\nCapeTrap\n']","['2025DCR\n00174\n', '8\n2025\n', '2025\n', 'CC\nCR\nCC0C\n72025\nC\n']","['2025C\n00174\n', 'P\n8\n2025\n', 'P 2025\n', 'CC\nC\nCC0C\nP\n72025\nC\n']",modelv1.0__2026-05-20 20:23:05
D:/moth_photos/database\batch_08\img_moth_00014139.jpg,"[4000, 6000]",36.42307692307693,"['2025DCR\n00046\n', 'Photographedby\nBHarter\n2025\n', 'Santee CoastalReservs\n\nCharlestonCo\nEFLoPresti\n28March2025\n']","['2025DCR\n00046\n', '8\n2025\n', 'CR\n\nCC\n282025\n']","['2025C\n00046\n', 'P\n8W\n2025\n', 'CP\n\nCC\nP\n282025\n']",modelv1.0__2026-05-20 20:23:05
D:/moth_photos/database\batch_08\img_moth_00014140.jpg,"[4000, 6000]",37.0,"['2025DCR\n00095\n', 'Photographedby\nBHarter\n2025\n', 'noearmites\nELoPresti2025\n', 'SanteeCoastalReserve\n\nCharlestonCoSC\nEFLoPresti\n414March2025\nLiveOakTrao\n']","['2025DCR\n00095\n', 'R\n2025\n', 'C2025\n', 'CR\n\nCCC\n4142025\n0\n']","['2025C\n00095\n', 'P\n2025\n', 'CP2025\n', 'C\n\nCCC\nP\n4142025\n0\n']",modelv1.0__2026-05-20 20:23:05
D:/moth_photos/database\batch_08\img_moth_00014141.jpg,"[4000, 6000]",36.42307692307693,"['2025DCR\n00175\n', 'no earmites\nELoPresti2025\n', 'Photoqraphedby\nBHarter\n2025\n', 'SanteeCoastalReserve\nCharlestonCoSC\nEFLoPresti\n7Februaryv2025\nCapeTrap\n']","['2025DCR\n00175\n', '2025\n', '8\n2025\n', 'CR\nCCC\n72025\nC\n']","['2025C\n00175\n', 'P2025\n', 'P\n8\n2025\n', 'C\nCCC\nP\n72025\nC\n']",modelv1.0__2026-05-20 20:23:05
D:/moth_photos/database\batch_08\img_moth_00014142.jpg,"[4000, 6000]",36.519230769230774,"['2025DCR\n00047\n', 'noearmites\nE LoPresti2025\n', 'Photographedby\nBHarter\n2025\n', 'Santee CoastalReserve\nCharleston Co\nEF LoPresti\n44March 2025\nWestSanctuarv Trap\n']","['2025DCR\n00047\n', '2025\n', 'R\n2025\n', 'CR\nC C\n44 2025\n']","['2025C\n00047\n', 'P2025\n', 'P\n2025\n', 'C\nC C\nP\n44 2025\nW\n']",modelv1.0__2026-05-20 20:23:05
D:/moth_photos/database\batch_08\img_moth_00014143.jpg,"[4000, 6000]",36.730769230769226,"['2025 DCR\n00096\n', 'Photographedby\nBHarter\n2025\n', 'S Coastal Reserve\nCoSC\n\nantee\n\n']","['2025 DCR\n00096\n', '8\n2025\n', 'C R\nC0C\n\n']","['2025 C\n00096\n', 'P\n8\n2025\n', 'C\nC0C\n\n']",modelv1.0__2026-05-20 20:23:05
D:/moth_photos/database\batch_08\img_moth_00014144.jpg,"[4000, 6000]",36.36538461538461,"['2025DCR\n00176\n', 'Photoqraphedby\nBHarter\n2025\n', 'Santee Coastal Reserve\nCharleston Co\nEF LoPresti\n7Februerv 2\nJames Canebrake Trap\n', 'calibrite\n']","['2025DCR\n00176\n', '8\n2025\n', 'C R\n\nC C\n7 2\n\nC\n', '']","['2025C\n00176\n', 'P\n8\n2025\n', 'C\n\nC C\nP\n7 2\n\nC\n', '']",modelv1.0__2026-05-20 20:23:05
D:/moth_photos/database\batch_08\img_moth_00014145.jpg,"[4000, 6000]",36.769230769230774,"['2025DCR\n00048\n', 'Photographedby\nBHarter\n2025\n', 'SanteeCoastalReserve\nCharlestonCoSC\nEFLoPresti\n14March2025\nWestSanctuarvTrap\n']","['2025DCR\n00048\n', '8\n2025\n', 'CR\nCCC\n142025\n']","['2025C\n00048\n', 'P\n8\n2025\n', 'C\nCCC\nP\n142025\nW\n']",modelv1.0__2026-05-20 20:23:05
D:/moth_photos/database\batch_08\img_moth_00014146.jpg,"[4000, 6000]",36.65384615384615,"['Photoqraphedby\nBHarter\n2025\n', 'a\n2025 pcr\n90097\n', 'a\nSanteeCoastalReserve\nCharlestenCoSC\nEFLoPresti\n14March2025\nLiveOakTrap\n']","['8\n2025\n', '2025\n90097\n', 'CR\nCCC\n142025\nC\n']","['P\n8\n2025\n', '2025\n90097\n', 'C\nCCC\nP\n142025\nC\n']",modelv1.0__2026-05-20 20:23:05
D:/moth_photos/database\batch_08\img_moth_00014147.jpg,"[4000, 6000]",37.01960784313725,"['2025DCR\n00177\n', 'Photographedby\nBHarter\n2025\n', 'Santee Coastal Reserve\nCharleston Co\nEF LoPresti\n\nFebruary 2\n\nJames Canebrake Trao\n', 'calibrite\n']","['2025DCR\n00177\n', '8\n2025\n', 'C R\nC C\n\n2\n\nC\n', '']","['2025C\n00177\n', 'P\n8\n2025\n', 'C\nC C\nP\n\n2\n\nC\n', '']",modelv1.0__2026-05-20 20:23:05
D:/moth_photos/database\batch_08\img_moth_00014148.jpg,"[4000, 6000]",36.94230769230769,"['2025DCR\n00049\n', 'SanteeCoastalReserve\nCharlestonCoS\nEFLoPresti\n42ApriP2025\nAcrossfromJCTrap\n\n', 'Photographedby\nBHarter\n2025\n']","['2025DCR\n00049\n', 'CR\nCC0\nC\n422025\nC\n\n', '8\n2025\n']","['2025C\n00049\n', 'C\nCC0\nCP\n42P2025\nC\n\n', 'P\n8\n2025\n']",modelv1.0__2026-05-20 20:23:05
D:/moth_photos/database\batch_08\img_moth_00014149.jpg,"[4000, 6000]",36.80769230769231,"['EES\n\n2025DCR\n00098\n', '', 'Photographedby\nBHarter\n2025\n', '1Resen\nastalReserve\nC\n\nSanteeCO\nCharlestonCo\n\n28March20\nOrmondH\n\n']","['2025DCR\n00098\n', '', 'R\n2025\n', '1R\nR\nC\n\nC\nCC\n\n2820\n1\n\n']","['2025C\n00098\n', '', 'P\n2025\n', '1P\nC\n\nC\nCC\n\n2820\n1\n\n']",modelv1.0__2026-05-20 20:23:05
D:/moth_photos/database\batch_08\img_moth_00014150.jpg,"[4000, 6000]",36.519230769230774,"['Photoqraphedby\nBHarter\n2025\n', 'srsSiss\n\ncLoPresti2029\n\n', '2025DCR\n00178\n', 'SanteeCoastalReserve\nCharlestonCoSC\nEFLoPresti\n7Februarv2025\nOrmondHallTrap\n']","['8\n2025\n', '02029\n\n', '2025DCR\n00178\n', 'CR\nCCC\n72025\n']","['P\n8\n2025\n', '0P2029\n\n', '2025PC\n00178\n', 'CP\nCCC\nP\n72025\n']",modelv1.0__2026-05-20 20:23:05
D:/moth_photos/database\batch_08\img_moth_00014151.jpg,"[4000, 6000]",36.75,"['Photographedby\nBHarter\n2025\n', 'noearmites\nELoPresti 2025\n', '2025DCR\n00099\n', 'SanteeCoastalReserve\nChariestonCoSC\nEFLoPresti\n28March2025\nOrmondHallTrap\n']","['R\n2025\n', '0\n2025\n', '2025DCR\n00099\n', 'CR\nCCC\n282025\n']","['P\n2025\n', '0\nP 2025\n', '2025C\n00099\n', 'C\nCCC\nP\n282025\n']",modelv1.0__2026-05-20 20:23:05
D:/moth_photos/database\batch_08\img_moth_00014152.jpg,"[4000, 6000]",36.94117647058823,"['2025DCR\n00179\n', 'noearmites\nELoPresti2025\n', 'Photographedby\nBHarter\n2025\n', 'SanteeCoastalReserve\nCharlestonCoSC\nEFLoPresti\n26Febryarv2025\nyar\n\nMIET\n']","['2025DCR\n00179\n', '2025\n', '8\n2025\n', 'CR\nCCC\n262025\n']","['2025C\n00179\n', 'P2025\n', 'P\n8\n2025\n', 'C\n\nCCC\nP\n\n262025\n']",modelv1.0__2026-05-20 20:23:05
D:/moth_photos/database\batch_08\img_moth_00014153.jpg,"[4000, 6000]",36.67307692307692,"['2025DCR\n00100\n', 'Photographedby\nBHarter\n2025\n', 'santee coastalhPe\ncree nCO Sc\nnaar Lorre\n\n']","['2025DCR\n00100\n', 'R\n2025\n', 'CR\n0C0 C\n\n']","['2025C\n00100\n', 'P\n2025\n', 'CP\n0C0 C\nP\n\n']",modelv1.0__2026-05-20 20:23:05
D:/moth_photos/database\batch_08\img_moth_00014154.jpg,"[4000, 6000]",37.0,"['2025DCR\n00180\n', 'noearmites\nELoPresti2025\n', 'Photographedby\nBHarter\n2025\n', 'SanteeCoastalReserve\nCharlestonCoSC\nEFLoPresti\n6Februarv2025\n\nWeer Trap\n']","['2025DCR\n00180\n', 'C2025\n', '8\n2025\n', 'CR\nCCC\n62025\n']","['2025C\n00180\n', 'CP2025\n', 'P\n8\n2025\n', 'C\nCCC\nP\n62025\n\nW\n']",modelv1.0__2026-05-20 20:23:05
D:/moth_photos/database\batch_08\img_moth_00014155.jpg,"[4000, 6000]",36.519230769230774,"['2025DCR\n00101\n', 'Photographedby\nBHarter\n2025\n', 'S GoastalReserve\nrt sc\n\n']","['2025DCR\n00101\n', 'R\n2025\n', 'CR\n\n']","['2025C\n00101\n', 'P\n2025\n', 'C\n\n']",modelv1.0__2026-05-20 20:23:05
D:/moth_photos/database\batch_08\img_moth_00014156.jpg,"[4000, 6000]",36.36538461538461,"['noearmites\nELoPresti 2025\n', '2025DCR\n00181\n', 'Photographedby\nBHarter\n2025\n', '']","['2025\n', '2025DCR\n00181\n', '8\n2025\n', '']","['P 2025\n', '2025C\n00181\n', 'P\n8\n2025\n', '']",modelv1.0__2026-05-20 20:23:05
D:/moth_photos/database\batch_08\img_moth_00014157.jpg,"[4000, 6000]",36.65384615384615,"['2025DCR\n00102\n', 'Photographedby\nBHarter\n2025\n', 'Santee CoastalReserve\nCharleston Co\nEF LaPresti\n28March 2025\nOrmond HallTrao\n\n']","['2025DCR\n00102\n', '8\n2025\n', 'CR\nC C\n28C 2025\n\n']","['2025PC\n00102\n', 'P\n8\n2025\n', 'C\nC C\nP\n28C 2025\nW\n\n']",modelv1.0__2026-05-20 20:23:05
D:/moth_photos/database\batch_08\img_moth_00014158.jpg,"[4000, 6000]",37.01960784313725,"['2025DCR\n00182\n', 'noear mites\nELoPresti2025\n', 'Photographedby\nBHarter\n2025\n', 'Santee CoastalReserve\nCharlestonCoSC\nEFLoPresti\n26Februarv2025\n']","['2025DCR\n00182\n', '2025\n', '8\n2025\n', 'CR\nCC0C\n262025\n']","['2025C\n00182\n', 'P2025\n', 'P\n8\n2025\n', 'C\nCC0C\nP\n262025\n']",modelv1.0__2026-05-20 20:23:05
D:/moth_photos/database\batch_08\img_moth_00014159.jpg,"[4000, 6000]",36.57692307692308,"['2025 DCR\n90103\n', 'Photographedby\nBHarter\n2025\n', 'SanteeCoastalReserve\nChanlestonCoSC\nEFLoPresti\n28Mafch2025\nOrmondHallTrap\n']","['2025 DCR\n90103\n', '8\n2025\n', 'CR\nCCC\n282025\n']","['2025 C\n90103\n', 'P\n8\n2025\n', 'C\nCCC\nP\n282025\n']",modelv1.0__2026-05-20 20:23:05
D:/moth_photos/database\batch_08\img_moth_00014160.jpg,"[4000, 6000]",36.55769230769231,"['2025DCR\n00183\n', 'Photographedby\nBHarter\n2025\n', '4\nnoearmites\nELoPresti2025\n', 'eseve\n\nSantee\nNee reste nCO SC\n7029\n\n26 F eon\nTrae\n\n']","['2025DCR\n00183\n', '8\n2025\n', '4\n0\n2025\n', '8 C C\n7029\n\n26\n\n']","['2025C\n00183\n', 'P\n8\n2025\n', '4\n0\nP2025\n', '8 C C\n7029\n\n26\n\n']",modelv1.0__2026-05-20 20:23:05
D:/moth_photos/database\batch_08\img_moth_00014161.jpg,"[4000, 6000]",36.38461538461538,"['2025DCR\n00104\n', 'Photographedby\nBHarter\n2025\n', 'SanteeCoastalReserve\nCharlestonCoSC\nEFLoPresti\n28March2025\nOrmondHaillTrao\n']","['2025DCR\n00104\n', '8\n2025\n', 'CR\nCCC\n282025\n']","['2025C\n00104\n', 'P\n8\n2025\n', 'C\nCCC\nP\n282025\n']",modelv1.0__2026-05-20 20:23:05
D:/moth_photos/database\batch_08\img_moth_00014162.jpg,"[4000, 6000]",36.36538461538461,"['2025DCR\n00184\n', 'Photographedby\nBHarter\n2025\n', 'SanteeCoastalReserve\nChariestonCoSC\nEFLoPresti\n26 February 2025\n\nGHEETFreen\n', 'calibrite\n']","['2025DCR\n00184\n', '8\n2025\n', 'CR\nCCC\n26 2025\n\nC47\n', '']","['2025C\n00184\n', 'P\n8\n2025\n', 'C\nCCC\nP\n26 2025\n\nC47P\n', '']",modelv1.0__2026-05-20 20:23:05
D:/moth_photos/database\batch_08\img_moth_00014163.jpg,"[4000, 6000]",36.44230769230769,"['2025DCR\n00105\n', 'Photographedby\nBHarter\n2025\n', 'SanteeCoastalReserve\nCharlestonCoSC\nEFLoPresti\n41April2025\nGatorRoadTrap\n']","['2025DCR\n00105\n', 'R\n2025\n', 'CR\nCCC\n412025\nR\n']","['2025C\n00105\n', 'P\n2025\n', 'C\nCCC\nP\n412025\n']",modelv1.0__2026-05-20 20:23:05
D:/moth_photos/database\batch_08\img_moth_00014164.jpg,"[4000, 6000]",36.40384615384615,"['2025DCR\n00185\n', 'Photoqraphedby\nBHarter\n2025\n', 'SanteeCoastalReserve\nCharlestonCoSC\nEFLoPresti\n26Februarv2025\n\nRue\n', 'calibrite\n']","['2025DCR\n00185\n', '8\n2025\n', 'CR\nCCC\nC\n262025\n\nR\n', '']","['2025C\n00185\n', 'P\n8\n2025\n', 'C\nCCC\nCP\n262025\n', '']",modelv1.0__2026-05-20 20:23:05
D:/moth_photos/database\batch_08\img_moth_00014165.jpg,"[4000, 6000]",36.61538461538461,"['2025DCR\n00106\n', 'noear mites\nLoPresti2025\n', 'Photographedby\nBHarter\n2025\n', 'SSSlls\nSantee CoastalReserve\nCharlestonCoSC\n\nEFLoPrestj\n11April2025\nGatorRoadTrap\n']","['2025DCR\n00106\n', '2025\n', '8\n2025\n', 'CR\nCCC\n112025\nR\n']","['2025C\n00106\n', 'P2025\n', 'P\n8\n2025\n', 'C\nCCC\nP\n112025\n']",modelv1.0__2026-05-20 20:23:05
D:/moth_photos/database\batch_08\img_moth_00014166.jpg,"[4000, 6000]",36.480769230769226,"['Photographedby\nBHarter\n2025\n', 'SanteeCoastalReserve\nChariestonCoSC\nEFLoPresti\n26Februarv2025\n\nJREET\n', '2025DCR\n00186\n\n', 'calibrite\n']","['R\n2025\n', 'CR\nCCC\n262025\n\nRC\n', '2025DCR\n00186\n\n', '']","['P\n2025\n', 'C\nCCC\nP\n262025\n\nPC\n', '2025C\n00186\n\n', '']",modelv1.0__2026-05-20 20:23:05
D:/moth_photos/database\batch_08\img_moth_00014167.jpg,"[4000, 6000]",36.57692307692308,"['noearmites\nELoPresti2025\n', '9025DCR\n00107\n', 'Photographedby\nBHarter\n2025\n', 'SanteeCoastalReserve\n\nCharlestonCoSC\nEFLoPresti\n43March2025\nOrmondHallTrap\n']","['2025\n', '9025DCR\n00107\n', '8\n2025\n', 'CR\n\nCC0C\n432025\n']","['P2025\n', '9025C\n00107\n', 'P\n8\n2025\n', 'C\n\nCC0C\nP\n432025\n']",modelv1.0__2026-05-20 20:23:05
D:/moth_photos/database\batch_08\img_moth_00014168.jpg,"[4000, 6000]",36.57692307692308,"['2025DCR\n00187\n', 'Photographedby\nBHarter\n2025\n', 'SanteeCoastal Reserve\nCharlestonCo SC\nEFLoPresti\n26Februarv 2025\n', 'calibrite\n']","['2025DCR\n00187\n', 'R\n2025\n', 'C R\nCC C\n26 2025\n', '']","['2025C\n00187\n', 'P\n2025\n', 'C\nCC C\nP\n26 2025\n', '']",modelv1.0__2026-05-20 20:23:05
D:/moth_photos/database\batch_08\img_moth_00014169.jpg,"[4000, 6000]",36.40384615384615,"['2025DCR\n00108\n', 'Photographedby\nBHarter\n2025\n', 'astalReserve\n']","['2025DCR\n00108\n', 'R\n2025\n', 'R\n']","['2025C\n00108\n', 'P\n2025\n', '']",modelv1.0__2026-05-20 20:23:05
D:/moth_photos/database\batch_08\img_moth_00014170.jpg,"[4000, 6000]",37.0,"['2025DCR\n00188\n', 'noearmites\nELoPresti2025\n', 'Photographedby\nBHarter\n2025\n', 'SanteeCoastalReserve\nCharlestonCoSC\nEFLoPresti\n\n7February2025\nCvoressTrap\n']","['2025DCR\n00188\n', '2025\n', '8\n2025\n', 'CR\nCCC\n72025\nC\n']","['2025C\n00188\n', 'P2025\n', 'P\n8\n2025\n', 'C\nCCC\nP\n\n72025\nC\n']",modelv1.0__2026-05-20 20:23:05
D:/moth_photos/database\batch_08\img_moth_00014171.jpg,"[4000, 6000]",36.55769230769231,"['Photographedby\nBHarter\n2025\n', '2025DCR\n00109\n', 'SanteeCoastalReserve\nChanlestonCoSC\nEFLoPresti\n1Mav2025\nAcrossfromJCTrao\n', '']","['8\n2025\n', '2025DCR\n00109\n', 'CR\nCCC\n12025\nC\n', '']","['P\n8\n2025\n', '2025C\n00109\n', 'C\nCCC\nP\n12025\nC\n', '']",modelv1.0__2026-05-20 20:23:05
D:/moth_photos/database\batch_08\img_moth_00014172.jpg,"[4000, 6000]",37.05882352941176,"['Photoqgraphedby\nBHarter\n2025\n', 'SanteeCoastal Reserve\n\nCharlestonCo S\nEFLoPresti\n\n7Februatv2025\nCvpressTrap\n', '', 'calibrite\n']","['8\n2025\n', 'C R\n\nCC\n\n72025\nC\n', '', '']","['P\n8\n2025\n', 'C\n\nCC\nP\n\n72025\nC\n', '', '']",modelv1.0__2026-05-20 20:23:05
D:/moth_photos/database\batch_08\img_moth_00014173.jpg,"[4000, 6000]",36.53846153846154,"['2025 DcR\nQ0110\n', 'Photographedby\nBHarter\n2025\n', 'SanteeCoastalReserve\nCharlestonCoSC\nEFLoPresti\n1Mav2025\n\nAcrossfromJCTrap\n']","['2025 DCR\n90110\n', '8\n2025\n', 'CR\nCCC\n12025\n\nC\n']","['2025 C\n90110\n', 'P\n8\n2025\n', 'C\nCCC\nP\n12025\n\nC\n']",modelv1.0__2026-05-20 20:23:05
D:/moth_photos/database\batch_08\img_moth_00014174.jpg,"[4000, 6000]",36.86274509803921,"['2025DCR\n00190\n', 'Photographedby\nBHarter\n2025\n', '7February2\nCvoress Trap\n', 'calibrite\n']","['2025DCR\n00190\n', 'R\n2025\n', '72\nC\n', '']","['2025PC\n00190\n', 'P\n2025\n', '72\nC\n', '']",modelv1.0__2026-05-20 20:23:05
D:/moth_photos/database\batch_08\img_moth_00014175.jpg,"[4000, 6000]",37.03921568627451,"['2025DCR\n00111\n', 'Photographedby\nBHarter\n2025\n', 'ntee coastal Reserve\nacoSC\n\nSa\ncnarest\nef iQPrt esi\n\n']","['2025DCR\n00111\n', '8\n2025\n', 'C R\nC0C\n\nC\n\n']","['2025C\n00111\n', 'P\n8\n2025\n', 'C\nC0C\n\nC\nP\n\n']",modelv1.0__2026-05-20 20:23:05
D:/moth_photos/database\batch_08\img_moth_00014176.jpg,"[4000, 6000]",37.03921568627451,"['Photographedby\nBHarter\n2025\n', '2025 pcrt\n90191\n', 'SanteeCoastalReserve\nCharlestonCoSC\nEFLoPresti\n7February2025\nCvoressTrap\n', 'calibrite\n']","['8\n2025\n', '2025 DR\n90191\n', 'CR\nCCC\n72025\nC\n', '']","['P\n8W\n2025\n', '2025\n90191\n', 'C\nCCC\nP\n72025\nC\n', '']",modelv1.0__2026-05-20 20:23:05
D:/moth_photos/database\batch_08\img_moth_00014177.jpg,"[4000, 6000]",36.55769230769231,"['2025DCR\n00112\n', 'Photoqraphedby\nBHarter\n2025\n', 'SanteeCoastalReserve\nCharlestonCoSC\nEFLoPresti\n2Mav2025\nTephrosiaTrao\n']","['2025DCR\n00112\n', 'R\n2025\n', 'CR\nCCC\n22025\n']","['2025C\n00112\n', 'P\n2025\n', 'C\nCCC\nP\n22025\n']",modelv1.0__2026-05-20 20:23:05
D:/moth_photos/database\batch_08\img_moth_00014178.jpg,"[4000, 6000]",36.38461538461538,"['2025DCR\n00192\n', 'Photoqraphedby\nBHarter\n2025\n', 'SanteeCoastal Reserve\nCharlestonCo\nEFLoPresti\n7Februarv 2025\nCvoressTrapd\n', 'calibrite\n']","['2025DCR\n00192\n', 'R\n2025\n', 'C R\nCC\n7 2025\nC\n', '']","['2025C\n00192\n', 'P\n2025\n', 'C P\nCC\nP\n7 2025\nC\n', '']",modelv1.0__2026-05-20 20:23:05
D:/moth_photos/database\batch_08\img_moth_00014179.jpg,"[4000, 6000]",36.38461538461538,"['2025DCR\n00113\n\n', 'Photographedby\nBHarter\n2025\n', 'SanteeCoastalReserve\n\nChariestonCoSC\nEFLoPresti\n2Mav2025\nTepohrosiaTrap\n']","['2025DCR\n00113\n\n', '8\n2025\n', 'CR\n\nCCC\nR\n22025\n']","['2025C\n00113\n\n', 'P\n8\n2025\n', 'C\n\nCCC\nP\n22025\n']",modelv1.0__2026-05-20 20:23:05
D:/moth_photos/database\batch_08\img_moth_00014180.jpg,"[4000, 6000]",36.42307692307693,"['2025DCR\n00193\n', 'Photoqraphedby\nBHarter\n2025\n', 'SanteeCoastalReserve\nCharlestonCoSC\nEFLoPresti\n7Februarv2025\nCvpressTrap\n', 'calibrite\n']","['2025DCR\n00193\n', '8\n2025\n', 'CR\nCCC\n72025\nC\n', '']","['2025C\n00193\n', 'P\n8\n2025\n', 'C\nCCC\nP\n72025\nC\n', '']",modelv1.0__2026-05-20 20:23:05
D:/moth_photos/database\batch_08\img_moth_00014181.jpg,"[4000, 6000]",36.67307692307692,"['9025DCR\n00114\n', 'Photoqraphedby\nBHarter\n2025\n', 'SanteeCoastalReserve\n\nCharlestonCoSC\nEFLoPresti\n2Mav2025\nTephrosiaTrap\n']","['9025DCR\n00114\n', '8\n2025\n', 'CR\n\nCCC\nR\n22025\n']","['9025C\n00114\n', 'P\n8\n2025\n', 'C\n\nCCC\nP\n22025\n']",modelv1.0__2026-05-20 20:23:05
D:/moth_photos/database\batch_08\img_moth_00014182.jpg,"[4000, 6000]",36.519230769230774,"['2025DCR\n00194\n', 'Photographedby\nBHarter\n2025\n', 'SanteeCoastalReserve\nCharlestonCoSC\nEFLoPresti\n7Februarv2025\nCvoressTrap\n', 'calibrite\n']","['2025DCR\n00194\n', '8\n2025\n', 'CR\nCCC\n72025\nC\n', '']","['2025C\n00194\n', 'P\n8\n2025\n', 'C\nCCC\nP\n72025\nC\n', '']",modelv1.0__2026-05-20 20:23:05
D:/moth_photos/database\batch_08\img_moth_00014183.jpg,"[4000, 6000]",36.92156862745098,"['2025DCR\n\n00115\n', 'Photographedby\nBHarter\n2025\n', 'SanteeCoastalReserve\nCharlestonCoSC\nEPLoPresti\n2Mav2025\nTepohrosiaTrap\n']","['2025DCR\n\n00115\n', '8\n2025\n', 'CR\nCCC\n22025\n']","['2025C\n\n00115\n', 'P\n8\n2025\n', 'C\nCCC\nPP\n22025\n']",modelv1.0__2026-05-20 20:23:05
D:/moth_photos/database\batch_08\img_moth_00014184.jpg,"[4000, 6000]",36.40384615384615,"['2025DCR\n00195\n\n', 'Photoqgraphedby\nBHarter\n2025\n', 'SanteeCoastalReserve\nCharlestonCoSC\nEFLoPresti\n7Februarv2025\nCvoressTrap\n', 'calibrite\n']","['2025DCR\n00195\n\n', 'R\n2025\n', 'CR\nCCC\n72025\nC\n', '']","['2025C\n00195\n\n', 'P\n2025\n', 'C\nCCC\nP\n72025\nC\n', '']",modelv1.0__2026-05-20 20:23:05
D:/moth_photos/database\batch_08\img_moth_00014185.jpg,"[4000, 6000]",36.71153846153846,"['9025DCR\n90116\n', 'Photoqraphedby\nBHarter\n2025\n', 'SanteeCoastalReserve\nCharlestonCoSC\nEFLoPresti\n2Mav2025\nAcrossfromJCTrap\n\n']","['9025DCR\n90116\n', 'R\n2025\n', 'CR\nCC0C\n22025\nC\n\n']","['9025C\n90116\n', 'P\n2025\n', 'C\nCC0C\nP\n22025\nC\n\n']",modelv1.0__2026-05-20 20:23:05
D:/moth_photos/database\batch_08\img_moth_00014186.jpg,"[4000, 6000]",37.03921568627451,"['2025DCR\n00196\n', 'Photoqraphedby\nBHarter\n2025\n', 'SanteeCoastal Reserve\nCharlestonCo SC\nEFLoPresti\n7February2025\nCvoressTrad\n', 'calibrite\n']","['2025DCR\n00196\n', '8\n2025\n', 'C R\nCC C\n72025\nC\n', '']","['2025C\n00196\n', 'P\n8\n2025\n', 'C\nCC C\nP\n72025\nC\n', '']",modelv1.0__2026-05-20 20:23:05
D:/moth_photos/database\batch_08\img_moth_00014187.jpg,"[4000, 6000]",36.61538461538461,"['2025DCR\n00117\n', 'Photographedby\nBHarter\n2025\n', 'a\nSanteeCoastalReserve\nCharlestonCoSC\nEFkoPresti\n2Mav2025\nAcrossfromJCTrap\n']","['2025DCR\n00117\n', '8\n2025\n', 'CR\nCCC\n22025\nC\n']","['2025C\n00117\n', 'P\n8\n2025\n', 'C\nCCC\nP\n22025\nC\n']",modelv1.0__2026-05-20 20:23:05
D:/moth_photos/database\batch_08\img_moth_00014188.jpg,"[4000, 6000]",36.94117647058823,"['2025DCR\n00197\n', 'Photographedby\nBHarter\n2025\n', '', 'calibrite\n']","['2025DCR\n00197\n', '8\n2025\n', '', '']","['2025C\n00197\n', 'P\n8\n2025\n', '', '']",modelv1.0__2026-05-20 20:23:05
D:/moth_photos/database\batch_08\img_moth_00014189.jpg,"[4000, 6000]",36.41509433962265,"['2025DCR\n00118\n', 'Photoqraphedby\nBHarter\n2025\n', 'SanteeCoastalReserve\nCharlestonCoSC\nEFleoPresti\n2Mav2025\nAcrossfromJCTrap\n']","['2025DCR\n00118\n', '8\n2025\n', 'CR\nCCC\n22025\nC\n']","['2025C\n00118\n', 'P\n8\n2025\n', 'CP\nCCC\nP\n22025\nC\n']",modelv1.0__2026-05-20 20:23:05
D:/moth_photos/database\batch_08\img_moth_00014190.jpg,"[4000, 6000]",37.0,"['Photoqgraphedby\nBHarter\n2025\n', '2025DCR\n00198\n', 'Ssiawws\nSantee CoastalReserve\nCharleston CoS\nEF LoPresti\n7Februarv 2025\n\nLiveOakTrap\n', 'calibrite\n']","['R\n2025\n', '2025DCR\n00198\n', 'CR\nC C0\n7 2025\n\n0\n', '']","['P\n2025\n', '2025C\n00198\n', 'C\nC C0\nP\n7 2025\n\n0\n', '']",modelv1.0__2026-05-20 20:23:05
D:/moth_photos/database\batch_08\img_moth_00014191.jpg,"[4000, 6000]",36.63461538461539,"['2025DCR\n00119\n', 'Photographedby\nBHarter\n2025\n', 'SanteeCoastalReserve\nCharlestonCoSC\nEFLoPresti\n2Mav2025\nAcrossfromJCTrapo\n\n']","['2025DCR\n00119\n', 'R\n2025\n', 'CR\nCCC\n22025\nC\n\n']","['2025C\n00119\n', 'P\n2025\n', 'C\nCCC\nP\n22025\nC\n\n']",modelv1.0__2026-05-20 20:23:05
D:/moth_photos/database\batch_08\img_moth_00014192.jpg,"[4000, 6000]",36.42307692307693,"['2025DCR\n00199\n\nSNe\n', 'Photoqraphedby\nBHarter\n2025\n', 'SanteeCoastalReserve\nChariestonCoSC\nEFLoPresti\n7Februarv2025\nCollinsCreekTrap\n', 'calibrite\n']","['2025DCR\n00199\n\nRR\n', '8\n2025\n', 'CR\nCCC\n72025\nCC\n', '']","['2025C\n00199\n', 'P\n8\n2025\n', 'CP\nCCC\nP\n72025\nCC\n', '']",modelv1.0__2026-05-20 20:23:05
D:/moth_photos/database\batch_08\img_moth_00014193.jpg,"[4000, 6000]",36.63461538461539,"['2025DCR\n00120\n', 'Photoqraphedby\nBHarter\n2025\n', 'SanteeCoastalReserve\nCharlestonCoSC\nEFLoPresti\n2Mav2025\nAcrossfromJCTrap\n']","['2025DCR\n00120\n', '8\n2025\n', 'CR\nCCC\n22025\nC\n']","['2025C\n00120\n', 'P\n8\n2025\n', 'C\nCCC\nP\n22025\nC\n']",modelv1.0__2026-05-20 20:23:05
D:/moth_photos/database\batch_08\img_moth_00014194.jpg,"[4000, 6000]",36.90196078431373,"['2025DCR\n00200\n', 'noearmites\nFLoPresti2025\n', 'Photographedby\nBHarter\n2025\n', 'SanteeCoastalReserve\nCharlestonCoSC\nEFLoPresti\n26Februarv2025\nPondTrao\n']","['2025DCR\n00200\n', '2025\n', '8\n2025\n', 'CR\nCCC\n262025\n']","['2025C\n00200\n', 'P2025\n', 'P\n8\n2025\n', 'C\nCCC\nP\n262025\nP\n']",modelv1.0__2026-05-20 20:23:05
D:/moth_photos/database\batch_08\img_moth_00014195.jpg,"[4000, 6000]",36.78846153846154,"['Photographedby\nBHarter\n2025\n', '2025 ocr\n\n', 'rll\nSantee CoastalReserve\n\nCharleston Co\nEF lcoPresti\n\n2Mav 2025\nAcrossfrom JCTrao\nlll\n']","['8\n2025\n', '2025\n\n', 'CR\n\nC C\n\n2 2025\nC\n']","['P\n8\n2025\n', '2025\n\n', 'C\n\nC C\nP\n\n2 2025\nC\n']",modelv1.0__2026-05-20 20:23:05
D:/moth_photos/database\batch_08\img_moth_00014196.jpg,"[4000, 6000]",36.90196078431373,"['2025DCR\n00201\n', 'Photographedby\nBHarter\n2025\n', 'SanteeCoastalReserve\nCharlestonCoSC\nEFLoPresti\n26Februarv2025\nPondTrap\n', 'calibrite\n']","['2025DCR\n00201\n', '8\n2025\n', 'CR\nCCC\n262025\n', '']","['2025C\n00201\n', 'P\n8\n2025\n', 'C\nCCC\nP\n262025\nP\n', '']",modelv1.0__2026-05-20 20:23:05
D:/moth_photos/database\batch_08\img_moth_00014197.jpg,"[4000, 6000]",36.80769230769231,"['2025DCR\n00122\n', 'Photographedby\nBHarter\n2025\n', 'l\nSantee CoastalReserve\n\nCharleston CoSC\nELF LoPresti\n2Mav2025\n\nAcrossfrom JCTrao\n']","['2025DCR\n00122\n', '8\n2025\n', 'CR\n\nC CC\nR\n22025\n\nC\n']","['2025C\n00122\n', 'P\n8\n2025\n', 'C\n\nC CC\nP\n2W2025\n\nC\n']",modelv1.0__2026-05-20 20:23:05
D:/moth_photos/database\batch_08\img_moth_00014198.jpg,"[4000, 6000]",36.44230769230769,"['Photographedby\nBHarter\n2025\n', '2025DCR\n90202\n', 'Santee Coastal Reserve\nCharlestonUO\nEF LoPresti\n26Februarv 20\nPondTrap\na\n\n', 'calibrite\n']","['R\n2025\n', '2025DCR\n90202\n', 'C R\n\nC9\n\n26 20\n7\n\n', '']","['P\n2025\n', '2025C\n90202\n', 'C\nC9\nP\n26 20\nP\n7\n\n', '']",modelv1.0__2026-05-20 20:23:05
D:/moth_photos/database\batch_08\img_moth_00014199.jpg,"[4000, 6000]",36.59615384615385,"['2025DCR\n00123\n', 'Photographedby\nBHarter\n2025\n', 'noearmites\nELoPresti2025\n', 'SanteeCoastalReserve\nCharlestonCoSC\nKStoi\n7Mav2025\nBaitTrap\n']","['2025DCR\n00123\n', 'R\n2025\n', '2025\n', 'CR\nCCC\n72025\nR\n']","['2025C\n00123\n', 'P\n2025\n', 'P2025\n', 'C\nCCC\n72025\n']",modelv1.0__2026-05-20 20:23:05
D:/moth_photos/database\batch_08\img_moth_00014200.jpg,"[4000, 6000]",36.92156862745098,"['SanteeCoastalReserve\nCharlestonCoSC\n\nEFLoPresti\nLman2se\n', 'Photographedby\nBHarter\n2025\n', 'noearmites\nELoPresti2025\n', '2025DCR\n00203\n\n']","['CR\nCCC\n\nC\n2\n', '8\n2025\n', '2025\n', '2025DCR\n00203\n\n']","['CP\nCCC\n\nCPP\n2\n', 'P\n8\n2025\n', 'P2025\n', '2025C\n00203\n\n']",modelv1.0__2026-05-20 20:23:05
D:/moth_photos/database\batch_08\img_moth_00014201.jpg,"[4000, 6000]",36.470588235294116,"['2025DCR\n00124\n', 'Photographedby\nBHarter\n2025\n', 'SanteeCoastalReserve\nCharlestonCoSC\nKStoi\n7Mav2025\nBaitTrap\n']","['2025DCR\n00124\n', 'R\n2025\n', 'CR\nCCC\n72025\n']","['2025C\n00124\n', 'P\n2025\n', 'C\nCCC\n72025\n']",modelv1.0__2026-05-20 20:23:05
D:/moth_photos/database\batch_08\img_moth_00014202.jpg,"[4000, 6000]",36.8235294117647,"['2025DCR\n00204\n', 'SanteeCoastalReserve\nCharlestonCoSC\n', 'Photoqraphedby\nBHarter\n2025\n', 'noearmites\nELoPresti2025\n']","['2025DCR\n00204\n', 'CR\nCCC\n', '8\n2025\n', '0\n2025\n']","['2025C\n00204\n', 'C\nCCC\n', 'P\n8\n2025\n', '0\nP2025\n']",modelv1.0__2026-05-20 20:23:05
D:/moth_photos/database\batch_08\img_moth_00014203.jpg,"[4000, 6000]",36.705882352941174,"['2025DCR\n00125\n', 'Photographedby\nBHarter\n2025\n', 'SanteeCoastalReserve\nCharlestonCoSC\nKStoi\n7Mav2025\nBaitTrap\n']","['2025DCR\n00125\n', 'R\n2025\n', 'CR\nCCC\n72025\n']","['2025C\n00125\n', 'P\n2025\n', 'C\nCCC\n72025\n']",modelv1.0__2026-05-20 20:23:05
D:/moth_photos/database\batch_08\img_moth_00014204.jpg,"[4000, 6000]",36.53846153846154,"['2025DCR\n00205\n', 'Photographedby\nBHarter\n2025\n', 'Ns SanteeCoastalReserve\nCharlestonCoSC\n\na oPresti\nv Ae L a\n']","['2025DCR\n00205\n', 'R\n2025\n', 'CR\nCCC\n']","['2025C\n00205\n', 'P\n2025\n', 'C\nCCC\n\nP\n']",modelv1.0__2026-05-20 20:23:05
D:/moth_photos/database\batch_08\img_moth_00014205.jpg,"[4000, 6000]",36.588235294117645,"['2025DCR\n00126\n', 'SanteeCoastalReserve\nCharlestonCoSC\nKStoi\n7Mav2025\nBaitTrapo\n', 'Photographedby\nBHarter\n2025\n']","['2025DCR\n00126\n', 'CR\nCCC\n72025\n', '8\n2025\n']","['2025C\n00126\n', 'C\nCCC\n72025\n', 'P\n8\n2025\n']",modelv1.0__2026-05-20 20:23:05
D:/moth_photos/database\batch_08\img_moth_00014206.jpg,"[4000, 6000]",36.42307692307693,"['2025DCR\n00206\n', 'Photoqgraphedby\nBHarter\n2025\n', 'fy SanteeCoastalReserve\nChae CoSC\n\nS17 Lap pis Ria\n', 'calibrite\n']","['2025DCR\n00206\n', '8\n2025\n', 'CR\nC CC\n\n17 D R\n', '']","['2025C\n00206\n', 'P\n8\n2025\n', 'C\nC CC\n\n17\n', '']",modelv1.0__2026-05-20 20:23:05
D:/moth_photos/database\batch_08\img_moth_00014207.jpg,"[4000, 6000]",36.588235294117645,"['2025DCR\n00127\n', 'SanteeCoastalReserve\nCharlestonCoSC\n\nVDpeaisBak\n', 'Photoqraphedby\nBHarter\n2025\n']","['2025DCR\n00127\n', 'CR\nCC0C\n\nD\n', '8\n2025\n']","['2025C\n00127\n', 'C\nCC0C\n', 'P\n8\n2025\n']",modelv1.0__2026-05-20 20:23:05
D:/moth_photos/database\batch_08\img_moth_00014208.jpg,"[4000, 6000]",36.36538461538461,"['2025DCR\n00207\n', 'noear mites\nELoPresti2025\n', 'Photographedby\nBHarter\n2025\n', 'wn SanteeCoastalReserve\nCharlestonCoSC\nEFLoPresti\n\nSDeeliae\n']","['2025DCR\n00207\n', '2025\n', '8\n2025\n', 'CR\nCCC\n\nD\n']","['2025C\n00207\n', 'P2025\n', 'P\n8\n2025\n', 'C\nCCC\nP\n']",modelv1.0__2026-05-20 20:23:05
D:/moth_photos/database\batch_08\img_moth_00014209.jpg,"[4000, 6000]",36.666666666666664,"['SanteeCoastalReserve\nCharlestonCoSC\n12 ERLoPresti\nA\n\nPRISBait\n', '2025DCR\n00128\n', 'Photoqgraphedby\nBHarter\n2025\n']","['CR\nCCC\n12 R\n\nR2\n', '2025DCR\n00128\n', '8\n2025\n']","['CP\nCCC\n12 P\n\nP2\n', '2025C\n00128\n', 'P\n8\n2025\n']",modelv1.0__2026-05-20 20:23:05
D:/moth_photos/database\batch_08\img_moth_00014210.jpg,"[4000, 6000]",36.98039215686274,"['2025DCR\n00208\n', 'noearmites\nELoPresti2025\n', 'Photographedby\nBHarter\n2025\n', 'SanteeCoastalReserve\nCharlestonCoSC\n\nImes E tices Ps\n']","['2025DCR\n00208\n', '2025\n', '8\n2025\n', 'CR\nCCC\n']","['2025C\n00208\n', 'P2025\n', 'P\n8\n2025\n', 'C\nCCC\n\nP\n']",modelv1.0__2026-05-20 20:23:05
D:/moth_photos/database\batch_08\img_moth_00014211.jpg,"[4000, 6000]",37.03921568627451,"['2025DCR\n00209\n', 'Photoqgraphedby\nBHarter\n2025\n', 'SSsiitFPhemly\nSanteeCoastal Reserve\n\nCharlestonCoSC\nCOESF LoPresti Rw\nUnanyso\n', 'calibrite\n']","['2025DCR\n00209\n', '8\n2025\n', 'C R\n\nCC0C\nC R\n', '']","['2025C\n00209\n', 'P\n8\n2025\n', 'P\nC\n\nCC0C\nC P\n', '']",modelv1.0__2026-05-20 20:23:05
D:/moth_photos/database\batch_08\img_moth_00014212.jpg,"[4000, 6000]",36.98039215686274,"['2025DCR\n00210\n', 'vanteeCoastalReserve\nCharlestonCoSC\n\nEF sLoPresti\nZ4m A Es Incidental\n', 'Photographedby\nBHarter\n2025\n', 'calibrite\n']","['2025DCR\n00210\n', 'CR\nCC0C\n\n4\n', '8\n2025\n', '']","['2025C\n00210\n', 'C\nCC0C\n\nP\n4\n', 'P\n8W\n2025\n', '']",modelv1.0__2026-05-20 20:23:05
D:/moth_photos/database\batch_08\img_moth_00014213.jpg,"[4000, 6000]",37.0,"['2025DCR\n00211\n', 'gE\nSanteeCoastalReserve\nCharlestonCoSC\n\nEFe sloPresti\n4 Ma R38 Incidental\n', 'Photographedby\nBHarter\n2025\n', 'calibrite\n']","['2025DCR\n00211\n', 'CR\nCC0C\n\n4 R38\n', '8\n2025\n', '']","['2025C\n00211\n', 'C\nCC0C\n\nP\n4 3\n', 'P\n8\n2025\n', '']",modelv1.0__2026-05-20 20:23:05
D:/moth_photos/database\batch_08\img_moth_00014214.jpg,"[4000, 6000]",36.90384615384616,"['2025DCR\n00212\n', 'Photographedby\nBHarter\n2025\n', 'es\nnoearmites\n\nELoPresti2025\n', 'Santee CoastalReserve\n\nas Charleston Co\nEF LoPresti\n\n4\n7Februarv 2025\nCc Or e\n\n']","['2025DCR\n00212\n', '8\n2025\n', '2025\n', 'CR\n\nC C\n\n4\n7 2025\nC\n\n']","['2025C\n00212\n', 'P\n8\n2025\n', 'P2025\n', 'C\n\nC C\nP\n\n4\n7 2025\nC\n\n']",modelv1.0__2026-05-20 20:23:05
D:/moth_photos/database\batch_08\img_moth_00014215.jpg,"[4000, 6000]",37.0,"['noearmites\nELoPresti2025\n', '2025DCR\n00213\n', 'Photoqraphedby\nBHarter\n2025\n', 'anteeCoastalReserve\nCharlestonCoSC\nEFLoPresti\nc7Februarv2025\nOnnenthhtatFrap\n']","['C2025\n', '2025DCR\n00213\n', '8\n2025\n', 'CR\nCCC\n72025\nC\n']","['CP2025\n', '2025C\n00213\n', 'P\n8\n2025\n', 'C\nCCC\nP\n7P2025\n\nC\n']",modelv1.0__2026-05-20 20:23:05
D:/moth_photos/database\batch_08\img_moth_00014216.jpg,"[4000, 6000]",37.05882352941176,"['2025DCR\n00214\n', 'Photographedby\nBHarter\n2025\n', 'SanteeCoastalReserve\nCharlestonCoSC\nEFLoPresti\n7Februarv2025\nOveroritatPratp\n', 'calibrite\n']","['2025DCR\n00214\n', '8\n2025\n', 'CR\nCCC\n72025\n', '']","['2025C\n00214\n', 'P\n8\n2025\n', 'C\nCCC\nP\n72025\nP\n', '']",modelv1.0__2026-05-20 20:23:05
D:/moth_photos/database\batch_08\img_moth_00014217.jpg,"[4000, 6000]",36.519230769230774,"['2025DCR\n00215\n', 'Photoqraphedby\nBHarter\n2025\n', 'Santee CoastalReserve\nL CharlestonCo\nAS EFLoPresti\n7Februarv 2025\n', 'calibrite\n']","['2025DCR\n00215\n', '8\n2025\n', 'CR\nCC\n7 2025\n', '']","['2025C\n00215\n', 'P\n8\n2025\n', 'CP\nCC\nP\n7 2025\n', '']",modelv1.0__2026-05-20 20:23:05
D:/moth_photos/database\batch_08\img_moth_00014218.jpg,"[4000, 6000]",36.80392156862745,"['2025DCR\n00216\n', 'Photoqraphedby\nBHarter\n2025\n', 'SanteeCoastalReserve\nChadestonCoSC\n\ncpr EFLoPresti\n7Februarv2025C\n', 'calibrite\n']","['2025DCR\n00216\n', '8\n2025\n', 'CR\nCCC\n\n72025C\n', '']","['2025C\n00216\n', 'P\n8\n2025\n', 'C\nCCC\n\nP\n72025C\n', '']",modelv1.0__2026-05-20 20:23:05
D:/moth_photos/database\batch_08\img_moth_00014219.jpg,"[4000, 6000]",36.53846153846154,"['2025DCR\n00217\n', 'SanteeCoastalReserve\nCharlestonCoSC\n\n3 EFLoPresti\nae 7Februarv2025\n', 'Photoqraphedby\nBHarter\n2025\n', 'calibrite\n']","['2025DCR\n00217\n', 'CR\nCCC\n\n3\n72025\n', '8\n2025\n', '']","['2025C\n00217\n', 'C\nCCC\n\n3 P\n72025\n', 'P\n8\n2025\n', '']",modelv1.0__2026-05-20 20:23:05
D:/moth_photos/database\batch_08\img_moth_00014220.jpg,"[4000, 6000]",36.480769230769226,"['Photographedby\nBHarter\n2025\n', '2025DCR\n00218\n\n', 'SanteeCoastalReserve\nCharlestonCoSC\nEFLoPresti\n\nT 43Mareh2025\n1NiiCantfTrad\n', 'cLoPresti2025\n\n']","['8\n2025\n', '2025DCR\n00218\n\n', 'CR\nCCC\n432025\n1C\n', '2025\n\n']","['P\n8\n2025\n', '2025C\n00218\n\n', 'C\nCCC\nP\n\n432025\n1C\n', 'P2025\n\n']",modelv1.0__2026-05-20 20:23:05
D:/moth_photos/database\batch_08\img_moth_00014221.jpg,"[4000, 6000]",36.480769230769226,"['2025DCR\n00219\n', 'Photoqraphedby\nBHarter\n2025\n', '', 'calibrite\n']","['2025DCR\n00219\n', '8\n2025\n', '', '']","['2025C\n00219\n', 'P\n8\n2025\n', '', '']",modelv1.0__2026-05-20 20:23:05
D:/moth_photos/database\batch_08\img_moth_00014222.jpg,"[4000, 6000]",36.90196078431373,"['noearmites\nELoPresti2025\n', '2025DCR\n00220\n', 'Photoqgraphedby\nBHarter\n2025\n', 'Santee CoastalReserve\nCharleston CoSC\nEF toPresti\n43March 2025\nLiveOakTrao\n']","['C2025\n', '2025DCR\n00220\n', '8\n2025\n', 'CR\nC CC\n43 2025\n']","['CP2025\n', '2025C\n00220\n', 'P\n8\n2025\n', 'CP\nC CC\n\nP\n\n43 2025\n']",modelv1.0__2026-05-20 20:23:05
D:/moth_photos/database\batch_08\img_moth_00014223.jpg,"[4000, 6000]",36.55769230769231,"['2025DCR\n00221\n', 'noearmites\nFLoPresti2025\n', 'Photoqraphedby\nBHarter\n2025\n', 'Santee Coastal Reserve\nCharleston Co\nEF LoPresti\n43March 2025\nLiveOak Trap\n']","['2025DCR\n00221\n', '2025\n', '8\n2025\n', 'C R\nC C\n43C 2025\n0\n']","['2025C\n00221\n', 'P2025\n', 'P\n8\n2025\n', 'C\nC C\nP\n43C 2025\n0\n']",modelv1.0__2026-05-20 20:23:05
D:/moth_photos/database\batch_08\img_moth_00014224.jpg,"[4000, 6000]",36.5,"['2025DCR\n00222\n', 'noearmites\nELoPresti2025\n', 'Photoqraphedby\nBHarter\n2025\n', 'SanteeCoastalReserve\nCharlestonCoSC\nEFLoPresti\n13March2025\nLiveOakTrao\n']","['2025DCR\n00222\n', 'C2025\n', '8\n2025\n', 'CR\nCCC\nC\n132025\n']","['2025C\n00222\n', 'CP2025\n', 'P\n8\n2025\n', 'C\nCCC\nCP\n132025\n']",modelv1.0__2026-05-20 20:23:05
D:/moth_photos/database\batch_08\img_moth_00014225.jpg,"[4000, 6000]",36.92156862745098,"['2025DCR\n00223\n', 'Photoqraphedby\nBHarter\n2025\n', 'SanteeCoastalReserve\nCharlestonCoSC\nEFLoPresti\n13March2025\nLiveOakTrap\n', 'calibrite\n']","['2025DCR\n00223\n', '8\n2025\n', 'CR\nCCC\n132025\n0\n', '']","['2025C\n00223\n', 'P\n8\n2025\n', 'CP\nCCC\nP\n132025\n0\n', '']",modelv1.0__2026-05-20 20:23:05
D:/moth_photos/database\batch_08\img_moth_00014226.jpg,"[4000, 6000]",36.5,"['2025DCR\n00224\n', 'Photographedby\nBHarter\n2025\n', '', 'calibrite\n']","['2025DCR\n00224\n', '8\n2025\n', '', '']","['2025C\n00224\n', 'P\n8\n2025\n', '', '']",modelv1.0__2026-05-20 20:23:05
D:/moth_photos/database\batch_08\img_moth_00014227.jpg,"[4000, 6000]",36.84313725490196,"['9025DCR\n90225\n', 'Photographedby\nBHarter\n2025\n', 'SanteeCoastalReserve\nCharlestonCoSC\nEFLoPresti\n42March2025\nINQOENTALSam\n', 'calibrite\n']","['9025DCR\n90225\n', '8\n2025\n', 'CR\nCCC\n422025\n\nD\n', '']","['9025C\n90225\n', 'P\n8\n2025\n', 'C\nCCC\nP\n422025\n', '']",modelv1.0__2026-05-20 20:23:05
D:/moth_photos/database\batch_08\img_moth_00014228.jpg,"[4000, 6000]",37.05882352941176,"['2025DCR\n00226\n', 'Photographedby\nBHarter\n2025\n', 'noearmites\nELoPresti2025\n', 'SanteeCoastalReserve\nCharlestonCoSC\nEFLoPresti\n41March2025\nGatorRoadTrap\n']","['2025DCR\n00226\n', 'R\n2025\n', 'C2025\n', 'CR\nCCC\nC\n412025\nR\n']","['2025PC\n00226\n', 'P\n2025\n', 'CP2025\n', 'C\nCCC\nCP\n412025\n']",modelv1.0__2026-05-20 20:23:05
D:/moth_photos/database\batch_08\img_moth_00014229.jpg,"[4000, 6000]",36.98039215686274,"['2025DCR\n00227\n', 'Photographedby\nBHarter\n2025\n', 'noearmites\nFLoPresti2025\n', 'SanteeCoastalReserve\nCharlestonCoSC\nEFLoPresti\n11March2025\nGatorRoadTrap\n\n']","['2025DCR\n00227\n', '8\n2025\n', 'CR2025\n', 'CR\nCCC\n112025\nR\n\n']","['2025C\n00227\n', 'P\n8\n2025\n', 'CP2025\n', 'C\nCCC\nP\n112025\n\n']",modelv1.0__2026-05-20 20:23:05
D:/moth_photos/database\batch_08\img_moth_00014230.jpg,"[4000, 6000]",36.86274509803921,"['noearmites\nELoPresti2025\n', '2025DCR\n00228\n', 'Photographedby\nBHarter\n2025\n', 'xsf\nSantee CoastalReserve\nCharleston Co\nELF LoPresti\n44March 2025\nGatorRdad Trao\n']","['2025\n', '2025DCR\n00228\n', 'R\n2025\n', 'CR\nC C\n44 2025\nR\n']","['P2025\n', '2025C\n00228\n', 'P\n2025\n', 'C\nC C\nP\n44 2025\n']",modelv1.0__2026-05-20 20:23:05
D:/moth_photos/database\batch_08\img_moth_00014231.jpg,"[4000, 6000]",36.90196078431373,"['2025DCR\n00229\n', 'noearmites\nELoPresti20N75\n', 'Photographedby\nBHarter\n2025\n', '']","['2025DCR\n00229\n', 'C2075\n', '8\n2025\n', '']","['2025C\n00229\n', 'CP2075\n', 'P\n8W\n2025\n', '']",modelv1.0__2026-05-20 20:23:05
D:/moth_photos/database\batch_08\img_moth_00014232.jpg,"[4000, 6000]",36.36538461538461,"['2025DCR\n00230\n', 'Photographedby\nBHarter\n2025\n', 'SanteeCoastalReserve\n\nCharnlestonCoSC\nEFLoPresti\n13March2025\nOH2Trap\n', 'noear mites\nELoPresti2025\n']","['2025DCR\n00230\n', '8\n2025\n', 'CR\n\nCCC\n132025\n2\n', 'C2025\n']","['2025C\n00230\n', 'P\n8\n2025\n', 'C\n\nCCC\nP\n132025\n2\n', 'CP2025\n']",modelv1.0__2026-05-20 20:23:05
D:/moth_photos/database\batch_08\img_moth_00014233.jpg,"[4000, 6000]",36.46153846153847,"['noearmites\nELoPresti2025\n', '2025DCR\n00231\n', 'Photoqraphedby\nBHarter\n2025\n', 'Santee CoastalReserve\nCharleston Co\nEF LoPresti\n43Mafch 2025\nOH2Trap\n']","['CR2025\n', '2025DCR\n00231\n', '8\n2025\n', 'CR\nC C\n43 2025\n2D\n']","['CP2025\n', '2025C\n00231\n', 'P\n8\n2025\n', 'C\nC C\nP\n43W 2025\n2\n']",modelv1.0__2026-05-20 20:23:05
D:/moth_photos/database\batch_08\img_moth_00014234.jpg,"[4000, 6000]",36.63461538461539,"['Photographedby\nBHarter\n2025\n', '', 'Santee Coastal Reserve\nCharleston Co\nEF LoPresti\n43March 2025\nOH2Trao\n\n', 'calibrite\n']","['R\n2025\n', '', 'C R\nC C\n43 2025\n2\n\n', '']","['P\n2025\n', '', 'C\nC C\nP\n43 2025\n2\n\n', '']",modelv1.0__2026-05-20 20:23:05
D:/moth_photos/database\batch_08\img_moth_00014235.jpg,"[4000, 6000]",36.519230769230774,"['2025DCR\n00233\n', 'Photoqraphedby\nBHarter\n2025\n', 'SanteeCoastalReserve\nCharlestonCoSC\nEFLoPresti\n13March2025\nOH2Trap\n', 'calibrite\n']","['2025DCR\n00233\n', '8\n2025\n', 'CR\nCCC\n132025\n2\n', '']","['2025C\n00233\n', 'P\n8\n2025\n', 'C\nCCC\nP\n132025\n2\n', '']",modelv1.0__2026-05-20 20:23:05
D:/moth_photos/database\batch_08\img_moth_00014236.jpg,"[4000, 6000]",36.86274509803921,"['2025DCR\n00234\n', 'Photographedby\nBHarter\n2025\n', 'lllt\nSantee CoastalReserve\nCharleston Co\nEF LoPresti\n43March 2025\nQH2Trap\n', 'calibrite\n']","['2025DCR\n00234\n', 'R\n2025\n', 'CR\nC C\n43C 2025\n2D\n', '']","['2025C\n00234\n', 'P\n2025\n', 'C\nC C\nP\n43WC 2025\n2\n', '']",modelv1.0__2026-05-20 20:23:05
D:/moth_photos/database\batch_08\img_moth_00014237.jpg,"[4000, 6000]",36.519230769230774,"['2025DCR\n00235\n', 'Photographedby\nBHarter\n2025\n', 'SanteeCoastalReserve\nCharlestonCoSC\nEFLoPresti\n12March2025\nCapeTrap\n', 'calibrite\n']","['2025DCR\n00235\n', 'R\n2025\n', 'CR\nCCC\n122025\nC\n', '']","['2025C\n00235\n', 'P\n2025\n', 'C\nCCC\nP\n122025\nC\n', '']",modelv1.0__2026-05-20 20:23:05
D:/moth_photos/database\batch_08\img_moth_00014238.jpg,"[4000, 6000]",36.98039215686274,"['2025DCR\n00236\n', 'Photoqraphedby\nBHarter\n2025\n', 'SanteeCoastalReserve\n\nCharlestonCoSC\nEFLoPresti\n42March2025\nCapeTrap\n', 'calibrite\n']","['2025DCR\n00236\n', '8\n2025\n', 'CR\n\nCCC\n422025\nC\n', '']","['2025C\n00236\n', 'P\n8\n2025\n', 'CP\n\nCCC\nP\n422025\nC\n', '']",modelv1.0__2026-05-20 20:23:05
D:/moth_photos/database\batch_08\img_moth_00014239.jpg,"[4000, 6000]",36.46153846153847,"['2025 pcr\n00237\n', 'Photoqraphedby\nBHarter\n2025\n', 'SanteeCoastalReserve\nCharlestonCoSC\nEFLoPresti\n12March2025\nCapeTrap\n', 'calibrite\n']","['2025\n00237\n', '8\n2025\n', 'CR\nCCC\n122025\nC\n', '']","['2025\n00237\n', 'P\n8\n2025\n', 'C\nCCC\nP\n122025\nC\n', '']",modelv1.0__2026-05-20 20:23:05
D:/moth_photos/database\batch_08\img_moth_00014240.jpg,"[4000, 6000]",36.94117647058823,"['2025DCR\n00238\n', 'Photoqraphedby\n8Harter\n2025\n', 'SanteeCoastalReserve\nCharlestonCoSC\nEFLOPresti\n42March2025\nCapeTrap\n', 'calibrite\n']","['2025DCR\n00238\n', '8\n2025\n', 'CR\nCCC\n422025\nC\n', '']","['2025C\n00238\n', 'P\n8\n2025\n', 'C\nCCC\nP\n422025\nC\n', '']",modelv1.0__2026-05-20 20:23:05
D:/moth_photos/database\batch_08\img_moth_00014241.jpg,"[4000, 6000]",37.0,"['2025DCR\n00239\n', 'Photographedby\nBHarter\n2025\n', 'SanteeCoastalReserve\nCharlestonCoSC\nEFLoPresti\n12March2025\nCapeTrap\n', 'calibrite\n']","['2025DCR\n00239\n', '8\n2025\n', 'CR\nCCC\n122025\nC\n', '']","['2025C\n00239\n', 'P\n8\n2025\n', 'C\nCCC\nP\n122025\nC\n', '']",modelv1.0__2026-05-20 20:23:05
D:/moth_photos/database\batch_08\img_moth_00014242.jpg,"[4000, 6000]",36.34615384615385,"['2025DCR\n00240\n', 'Photoqraphedby\nBHarter\n2025\n', 'ee\n\nSanteeCoastalReserve\nCharlestonCoSC\nEFLaPresti\n12March2025\nCapeTrap\n', 'calibrite\n']","['2025DCR\n00240\n', '8\n2025\n', 'CR\nCCC\n122025\nC\n', '']","['2025C\n00240\n', 'P\n8\n2025\n', 'C\nCCC\nP\n122025\nC\n', '']",modelv1.0__2026-05-20 20:23:05
D:/moth_photos/database\batch_08\img_moth_00014243.jpg,"[4000, 6000]",36.44230769230769,"['2025DCR\n00241\n', 'Photographedby\nBHarter\n2025\n', 'SanteeCoastalReserve\nCharlestonCoSC\nEFLoPresti\n42March2025\nCapeTrap\n', 'calibrite\n']","['2025DCR\n00241\n', 'R\n2025\n', 'CR\nCCC\n422025\nC\n', '']","['2025C\n00241\n', 'P\n2025\n', 'C\nCCC\nPP\n422025\nC\n', '']",modelv1.0__2026-05-20 20:23:05
D:/moth_photos/database\batch_08\img_moth_00014244.jpg,"[4000, 6000]",36.519230769230774,"['2025DCR\n00242\n', 'Photographedby\nBHarter\n2025\n', 'noear mites\nELoPresti 2025\n', 'SanteeCoastalReserve\nCharlestonCo SC\nEFLoPeesti\n42March2025\nCapeTrap\n']","['2025DCR\n00242\n', 'R\n2025\n', '2025\n', 'CR\nCC C\n422025\nC\n']","['2025PC\n00242\n', 'P\n2025\n', 'P 2025\n', 'C\nCC C\nP\n42W2025\nC\n']",modelv1.0__2026-05-20 20:23:05
D:/moth_photos/database\batch_08\img_moth_00014245.jpg,"[4000, 6000]",36.36538461538461,"['Photographedby\nBHarter\n2025\n', 'noearmites\nFLoPresti 2025\n', '2025DCR\n00243\n', 'SanteeCoastalReserve\nCharlestonCoSC\nEFLoPresti\n12March2025\nCapeTrap\n']","['8\n2025\n', '2025\n', '2025DCR\n00243\n', 'CR\nCCC\n122025\nC\n']","['P\n8W\n2025\n', 'P 2025\n', '2025C\n00243\n', 'C\nCCC\nP\n122025\nC\n']",modelv1.0__2026-05-20 20:23:05
D:/moth_photos/database\batch_08\img_moth_00014246.jpg,"[4000, 6000]",36.5,"['2025DCR\n00244\n', 'noearmites\nELoPresti2025\n', 'Photoqgraphedby\nBHarter\n2025\n', 'SanteeCoastalReserve\nCharestonCoSC\nEFLoPresti\n42March2025\nCapeTrap\n']","['2025DCR\n00244\n', 'C2025\n', '8\n2025\n', 'CR\nCCC\n422025\nC\n']","['2025C\n00244\n', 'CP2025\n', 'P\n8\n2025\n', 'C\nCCC\nP\n422025\nC\n']",modelv1.0__2026-05-20 20:23:05
D:/moth_photos/database\batch_08\img_moth_00014247.jpg,"[4000, 6000]",36.75,"['2025DCR\n00245\n', 'Photoqraphedby\nBHarter\n2025\n', 'noearmites\nLoPresti2025\n', 'SanteeCoastalReserve\nCharlestonCoSC\nEFLoPresti\n12March2025\nCapeTrap\n']","['2025DCR\n00245\n', '8\n2025\n', '2025\n', 'CR\nCCC\n122025\nC\n']","['2025C\n00245\n', 'P\n8\n2025\n', 'P2025\n', 'C\nCCC\nP\n122025\nC\n']",modelv1.0__2026-05-20 20:23:05
D:/moth_photos/database\batch_08\img_moth_00014248.jpg,"[4000, 6000]",36.42307692307693,"['9025DCR\n00246\n', 'Photographedby\nBHarter\n2025\n', 'noearmites\nELoPresti2025\n', 'SanteeCoastalReserve\nCharlestonCoSC\nEFLoPresti\n42Match2025\nCapeTrap\n']","['9025DCR\n00246\n', '8\n2025\n', 'C2025\n', 'CR\nCCC\n422025\nC\n']","['9025C\n00246\n', 'P\n8\n2025\n', 'CP2025\n', 'C\nCCC\nP\n422025\nC\n']",modelv1.0__2026-05-20 20:23:05
D:/moth_photos/database\batch_08\img_moth_00014249.jpg,"[4000, 6000]",36.519230769230774,"['2025DCR\n00247\n', 'ts\n\nELoPresti2025\n', 'Photographedby\nBHarter\n2025\n', 'Oe\nSanteeCoastalReserve\nChariestonCoSC\nEFLoPresti\n42March2025\nCAFEMaMTrap\n']","['2025DCR\n00247\n', '2025\n', '8\n2025\n', 'CC\nCR\nCCC\n422025\nCR\n']","['2025C\n00247\n', 'P2025\n', 'P\n8\n2025\n', 'CC\nC\nCCC\nP\n422025\nCP\n']",modelv1.0__2026-05-20 20:23:05
D:/moth_photos/database\batch_08\img_moth_00014250.jpg,"[4000, 6000]",36.61538461538461,"['noearmites\nELoPresti2025\n', 'Photographedby\nBHarter\n2025\n', '2025DCR\n00248\n', 'oanteeCoastalReserve\nCharlestonCoSC\nEFLoPresti\n12March2025\nCapeTrap\n']","['0\n2025\n', '8\n2025\n', '2025DCR\n00248\n', 'CR\nCCC\n122025\nC\n']","['0\nP2025\n', 'P\n8\n2025\n', '2025C\n00248\n', 'C\nCCC\nP\n122025\nC\n']",modelv1.0__2026-05-20 20:23:05
D:/moth_photos/database\batch_08\img_moth_00014251.jpg,"[4000, 6000]",36.692307692307686,"['2025DCR\n00249\n', 'noearmites\nELoPresti 2025\n', 'Photographedby\nBHarter\n2025\n', 'SanteeCoastal Reserve\nCharlestonCo\nEFLoPresti\n42March2025\nCapeTrap\n']","['2025DCR\n00249\n', '2025\n', 'R\n2025\n', 'C R\nCC\n422025\nC\n']","['2025C\n00249\n', 'P 2025\n', 'P\n2025\n', 'C\nCC\nP\n422025\nC\n']",modelv1.0__2026-05-20 20:23:05
D:/moth_photos/database\batch_08\img_moth_00014252.jpg,"[4000, 6000]",36.480769230769226,"['2025 DCR\n00250\n', 'Photoqraphedby\nBHarter\n2025\n', 'noearmites\nE LoPresti2025\n', 'SanteeCoastalReserve\nCharlestonCoSC\nEFLoPresti\n12March2025\nCapeTrap\n']","['2025 DCR\n00250\n', '8\n2025\n', '2025\n', 'CR\nCCC\n122025\nC\n']","['2025 C\n00250\n', 'P\n8\n2025\n', 'P2025\n', 'C\nCCC\nP\n122025\nC\n']",modelv1.0__2026-05-20 20:23:05
D:/moth_photos/database\batch_08\img_moth_00014253.jpg,"[4000, 6000]",36.65384615384615,"['2025DCR\n00251\n', 'Photoqraphedby\nBHarter\n2025\n', 'noearmites\nELoPresti2025\n', 'eC\nSanteeCoastalReserve\nCharlestonCoSC\nEFLaPresti\n12March2025\nCapeTrap\n']","['2025DCR\n00251\n', '8\n2025\n', '2025\n', 'CC\nCR\nCCC\n122025\nC\n']","['2025C\n00251\n', 'P\n8\n2025\n', 'P2025\n', 'CC\nC\nCCC\nP\n122025\nC\n']",modelv1.0__2026-05-20 20:23:05
D:/moth_photos/database\batch_08\img_moth_00014254.jpg,"[4000, 6000]",36.40384615384615,"['noearmites\n\nELoPresti2025\n', 'Photographedby\nBHarter\n2025\n', '2025DCR\n00252\n', 'SanteeCoastalReserve\nChanestonCoSC\nEFLoPresti\n12March2025\nCapeTrap\n']","['2025\n', '8\n2025\n', '2025DCR\n00252\n', 'CR\nCCC\n122025\nC\n']","['P2025\n', 'P\n8\n2025\n', '2025C\n00252\n', 'C\nCCC\nP\n122025\nC\n']",modelv1.0__2026-05-20 20:23:05
D:/moth_photos/database\batch_08\img_moth_00014255.jpg,"[4000, 6000]",36.8235294117647,"['2025DCR\n00253\n', 'noearmites\nELoPresti2025\n', 'Photoqraphedby\nBHarter\n2025\n', 'SanteeCoastalReserve\nCharlestonCoSC\nEFLoPresti\n12March2025\nCapeTrap\n']","['2025DCR\n00253\n', '2025\n', '8\n2025\n', 'CR\nCCC\n122025\nC\n']","['2025C\n00253\n', 'P2025\n', 'P\n8\n2025\n', 'C\nCCC\nP\n122025\nC\n']",modelv1.0__2026-05-20 20:23:05
D:/moth_photos/database\batch_08\img_moth_00014256.jpg,"[4000, 6000]",36.67307692307692,"['2025DCR\n00254\n', 'noearmites\nELoPresti2025\n', 'Photographedby\nBHarter\n2025\n', 'Santee CoastalReserve\nCharestonCo\nEF LoPresti\n42March 2025\nCapeTrap\n']","['2025DCR\n00254\n', 'C2025\n', '8\n2025\n', 'CR\nCC\n42 2025\nC\n']","['2025C\n00254\n', 'CP2025\n', 'P\n8\n2025\n', 'C\nCC\nP\n42 2025\nC\n']",modelv1.0__2026-05-20 20:23:05
D:/moth_photos/database\batch_08\img_moth_00014257.jpg,"[4000, 6000]",36.40384615384615,"['2025DCR\n00255\n', 'noearmites\nELoPresti2025\n', 'Photographedby\nBHarter\n2025\n', 'SanteeCoastalReserve\nCharlestonCoSC\nEFtoPresti\n12March2025\nCapeTrap\n']","['2025DCR\n00255\n', '2025\n', '8\n2025\n', 'CR\nCCC\n122025\nC\n']","['2025C\n00255\n', 'P2025\n', 'P\n8\n2025\n', 'C\nCCC\nP\n122025\nC\n']",modelv1.0__2026-05-20 20:23:05
D:/moth_photos/database\batch_08\img_moth_00014258.jpg,"[4000, 6000]",36.40384615384615,"['2025DCR\n00256\n', 'SsasGets\nELoPresti2025\n', 'Photoqraphedby\nBHarter\n2025\n', 'SanteeCoastalReserve\nCharlestonCoSC\nEFLoPresti\n42March2025\nCapeTrap\n']","['2025DCR\n00256\n', '2025\n', '8\n2025\n', 'CR\nCCC\n422025\nC\n']","['2025C\n00256\n', 'P2025\n', 'P\n8\n2025\n', 'C\nCCC\nP\n422025\nC\n']",modelv1.0__2026-05-20 20:23:05
D:/moth_photos/database\batch_08\img_moth_00014259.jpg,"[4000, 6000]",36.38461538461538,"['2025DCR\n00257\n', 'noear mites\nELoPresti2025\n', 'Photographedby\nBHarter\n2025\n', 'SanteeCoastalReserve\nCharlestonCoSC\nEFLoPresti\n11March2025\nFarCapeTrap\n']","['2025DCR\n00257\n', '0\n2025\n', 'R\n2025\n', 'CR\nCCC\n112025\nC\n']","['2025C\n00257\n', '0\nP2025\n', 'P\n2025\n', 'C\nCCC\nP\n112025\nC\n']",modelv1.0__2026-05-20 20:23:05
D:/moth_photos/database\batch_08\img_moth_00014260.jpg,"[4000, 6000]",36.59615384615385,"['2025DCR\n00258\n', 'Photographedby\nBHarter\n2025\n', 'noearmites\nELoPresti2025\n', 'SanteeCoastalKeserve\nCharlestonCoSC\nEFLoPresti\n2 11a 2025\n\na\n']","['2025DCR\n00258\n', 'R\n2025\n', 'C2025\n', 'CR\nCCC\n2 11 2025\n']","['2025C\n00258\n', 'P\n2025\n', 'CP2025\n', 'C\nCCC\nP\n2 11W 2025\n']",modelv1.0__2026-05-20 20:23:05
D:/moth_photos/database\batch_08\img_moth_00014261.jpg,"[4000, 6000]",36.82692307692308,"['2025DCR\n00259\n', 'noearmites\nELoPresti2025\n', 'Photographedby\nBHarter\n2025\n', 'SanteeCoastalReserve\nCharlestonCoSC\nEFLoPresti\n41March2025\nFarCapeTrap\n']","['2025DCR\n00259\n', 'C2025\n', 'R\n2025\n', 'CR\nCCC\n412025\nC\n']","['2025C\n00259\n', 'CP2025\n', 'P\n2025\n', 'C\nCCC\nP\n412025\nC\n']",modelv1.0__2026-05-20 20:23:05
D:/moth_photos/database\batch_08\img_moth_00014262.jpg,"[4000, 6000]",36.730769230769226,"['2025DCR\n00260\n', 'Photoqraphedby\nBHarter\n2025\n', 'SanteeCoastalReserve\nCharlestonCoSC\nEFLoPresti\n41March2025\nFarCapeTrap\n', 'noearmites\nELoPresti2025\n']","['2025DCR\n00260\n', '8\n2025\n', 'CR\nCCC\n412025\nC\n', '2025\n']","['2025C\n00260\n', 'P\n8\n2025\n', 'C\nCCC\nP\n412025\nC\n', 'P2025\n']",modelv1.0__2026-05-20 20:23:05
D:/moth_photos/database\batch_08\img_moth_00014263.jpg,"[4000, 6000]",36.5,"['2025DCR\n00261\n', 'noearmites\nELoPresti2025\n', 'Photoqraphedby\nBHarter\n2025\n', 'ao\nSantee CoastalReserve\nCharlestonCo\nEF LoPresti\n44March 2025\nFarCape Trap\n']","['2025DCR\n00261\n', '2025\n', '8\n2025\n', 'CR\nCC\n44 2025\nC\n']","['2025PC\n00261\n', 'P2025\n', 'P\n8\n2025\n', 'C\nCC\nP\n44 2025\nC\n']",modelv1.0__2026-05-20 20:23:05
D:/moth_photos/database\batch_08\img_moth_00014264.jpg,"[4000, 6000]",37.0,"['noearmites\nELoPresti2025\n', 'Photographedby\nBHarter\n2025\n', '2025DCR\n00262\n', 'SanteeCoastalReserve\nCharlestonCoSC\nEFloPresti\n41March2025\nFarCapeTrap\n']","['2025\n', '8\n2025\n', '2025DCR\n00262\n', 'CR\nCCC\n412025\nC\n']","['P2025\n', 'P\n8\n2025\n', '2025C\n00262\n', 'C\nCCC\nP\n412025\nC\n']",modelv1.0__2026-05-20 20:23:05
D:/moth_photos/database\batch_08\img_moth_00014265.jpg,"[4000, 6000]",36.75,"['2025 DCR\n00263\n', 'a\n\nNoearmites\nELoPresti2025\n', 'Photoqraphedby\nBHarter\n2025\n', 'SanteeCoastalReserve\nCharlestonCoSC\nEFLoPresti\n11Masch2025\nFarCapeTrap\n']","['2025 DCR\n00263\n', 'C2025\n', '8\n2025\n', 'CR\n\nCCC\n112025\nC\n']","['2025 C\n00263\n', 'CP2025\n', 'P\n8\n2025\n', 'C\nCCC\nP\n112025\nC\n']",modelv1.0__2026-05-20 20:23:05
D:/moth_photos/database\batch_08\img_moth_00014266.jpg,"[4000, 6000]",36.55769230769231,"['2025DCR\n00264\n', 'Photographedby\nBHarter\n2025\n', 'SanteeCoastalReserve\nCharlestonCoSC\nEFLoPresti\n11March2025\nCapeTrapo\n', 'calibrite\n']","['2025DCR\n00264\n', '8\n2025\n', 'CR\nCCC\n112025\nC\n', '']","['2025C\n00264\n', 'P\n8\n2025\n', 'C\nCCC\nP\n112025\nC\n', '']",modelv1.0__2026-05-20 20:23:05
D:/moth_photos/database\batch_08\img_moth_00014267.jpg,"[4000, 6000]",36.769230769230774,"['Photographedby\nBHarter\n2025\n', '2025DCR\n00265\n\n', 'noearmite\n\nFLOP rest pes\n', 'Santee CoastalReserve\nChareston Co\nEF LoPresti\n441March 2025\nCapeTrap\n\nULULULU\n']","['8\n2025\n', '2025DCR\n00265\n\n', '', 'CR\nC C\n441 2025\nC\n']","['P\n8\n2025\n', '2025C\n00265\n\n', 'P\n', 'C\nC C\nP\n441 2025\nC\n']",modelv1.0__2026-05-20 20:23:05
D:/moth_photos/database\batch_08\img_moth_00014268.jpg,"[4000, 6000]",36.46153846153847,"['2025DCR\n00266\n', 'noearmites\nFLoPresti2025\n', 'Photoqraphedby\n8Harter\n2025\n', 'Santee seve\nCharleston O\nEFLoPresti\n\n44March 2025\nCapeTrap\n\n']","['2025DCR\n00266\n', '2025\n', '8\n2025\n', 'C 0\n\n44 2025\nC1\n\n']","['2025C\n00266\n', 'P2025\n', 'P\n8\n2025\n', 'C 0\nP\n\n44 2025\nC1\n\n']",modelv1.0__2026-05-20 20:23:05
D:/moth_photos/database\batch_08\img_moth_00014269.jpg,"[4000, 6000]",37.0,"['2025 DCR\n\n00267\n', 'Photoqraphedby\nBHarter\n2025\n', 'earmites\n\ncLoprestl 10\n', 'Santee Coastal Reserve\n\nCharleston O\nF Lopresti\n\n4 4March 2025\nCape1rae\n\n']","['2025 DCR\n\n00267\n', '8\n2025\n', '10\n', 'C R\n\nC\n\n4 4 2025\nC1\n\n']","['2025 C\n\n00267\n', 'P\n8\n2025\n', 'P 10\n', 'C\n\nC\nP\n\n4 4W 2025\nC1\n\n']",modelv1.0__2026-05-20 20:23:05
D:/moth_photos/database\batch_08\img_moth_00014270.jpg,"[4000, 6000]",36.36538461538461,"['noearmites\nELoPresti2025\n', 'Photographedby\nBHarter\n2025\n', 'SanteeCoastalReserve\nCharlestonCoSC\nEFLoPresti\n11March2025\nCapeTrap\n', '2025DCR\n00268\n']","['2025\n', '8\n2025\n', 'CR\nCCC\n112025\nC\n', '2025DCR\n00268\n']","['P2025\n', 'P\n8\n2025\n', 'C\nCCC\nP\n112025\nC\n', '2025C\n00268\n']",modelv1.0__2026-05-20 20:23:05
D:/moth_photos/database\batch_08\img_moth_00014271.jpg,"[4000, 6000]",36.92156862745098,"['2025DCR\n00269\n', '', 'Photographedby\nBHarter\n2025\n', 'antee Coastal Reserve\n\nCharleston O\nEF oPresti\n\n44Marth 2025\nCapeTrap\n']","['2025DCR\n00269\n', '', '8\n2025\n', 'C R\n\nC\n\n44 2025\nC\n']","['2025C\n00269\n', '', 'P\n8\n2025\n', 'C\n\nC\nP\n\n44 2025\nC\n']",modelv1.0__2026-05-20 20:23:05
D:/moth_photos/database\batch_08\img_moth_00014272.jpg,"[4000, 6000]",36.57692307692308,"['Photoqgraphedby\nBHarter\n2025\n', '2025DCR\n00270\n', 'noearmites\nELoPresti2025\n', 'SanteeCoastalReserve\nCharestonCoSC\nEFLoPresti\n11March2025\nCapeTrap\n']","['8\n2025\n', '2025DCR\n00270\n', '2025\n', 'CR\nCCC\n112025\nC\n']","['P\n8\n2025\n', '2025C\n00270\n', 'P2025\n', 'C\nCCC\nP\n112025\nC\n']",modelv1.0__2026-05-20 20:23:05
D:/moth_photos/database\batch_08\img_moth_00014273.jpg,"[4000, 6000]",36.745098039215684,"['Photoqraphedby\nBHarter\n2025\n', '2025DCR\n00271\n\n', 'S\nn eal mites\n\n', 's\nSanteeCoastalReserve\nChanestonCoSC\nEFLoPresti\n11March2025\nCapeTrap\n']","['8\n2025\n', '2025DCR\n00271\n\n', '', 'CR\nCCC\n112025\nC\n']","['P\n8\n2025\n', '2025C\n00271\n\n', '', 'C\nCCC\nP\n112025\nC\n']",modelv1.0__2026-05-20 20:23:05
D:/moth_photos/database\batch_08\img_moth_00014274.jpg,"[4000, 6000]",36.42307692307693,"['noearmites\nELoPresti2025\n', '2025DCR\n00272\n', 'SanteeCoastalReserve\nCharnestonCoSC\nEFLoPresti\n11March2025\nCapeTrap\n', 'Photographedby\nBHarter\n2025\n']","['2025\n', '2025DCR\n00272\n', 'CR\nCCC\n112025\nC\n', '8\n2025\n']","['P2025\n', '2025C\n00272\n', 'C\nCCC\nP\n112025\nC\n', 'P\n8\n2025\n']",modelv1.0__2026-05-20 20:23:05
D:/moth_photos/database\batch_08\img_moth_00014275.jpg,"[4000, 6000]",37.05882352941176,"['ELoPresti 2025\n', '2025DCR\n00273\n', 'SanteeCoastalReserve\nCharlestonCoSC\nEFLoPresti\n11March2025\n\nCapeTrao\n', 'Photographedby\nBHarter\n2025\n']","['2025\n', '2025DCR\n00273\n', 'CR\nCCC\n112025\n\nC\n', 'R\n2025\n']","['P 2025\n', '2025C\n00273\n', 'C\nCCC\nP\n112025\n\nC\n', 'P\n2025\n']",modelv1.0__2026-05-20 20:23:05
D:/moth_photos/database\batch_08\img_moth_00014276.jpg,"[4000, 6000]",36.627450980392155,"['2025DCR\n00274\n', 'noearmites\nELoPresti2025\n', 'Photoqraphedby\nBHarter\n2025\n', 'SanteeCoastalReserve\nCharlestonCoSC\nEFLoPresti\n41March2025\nCapeTrap\n']","['2025DCR\n00274\n', '2025\n', '8\n2025\n', 'CR\nCC0C\n412025\nC\n']","['2025C\n00274\n', 'P2025\n', 'P\n8\n2025\n', 'C\nCC0C\nP\n412025\nC\n']",modelv1.0__2026-05-20 20:23:05
D:/moth_photos/database\batch_08\img_moth_00014277.jpg,"[4000, 6000]",36.71153846153846,"['2025DCR\n00275\n', 'Photographedby\nBHarter\n2025\n', 'SanteeCoastalReserve\nCharlestonCoSC\nEFLoPresti\n12March2025\neordemdTrap\n', '']","['2025DCR\n00275\n', 'R\n2025\n', 'CR\nCCC\n122025\n', '']","['2025C\n00275\n', 'P\n2025\n', 'C\nCCC\nP\n122025\n', '']",modelv1.0__2026-05-20 20:23:05
D:/moth_photos/database\batch_08\img_moth_00014278.jpg,"[4000, 6000]",36.44230769230769,"['Photographedby\nBHarter\n2025\n', 'SanteeCoastalReserve\nCharlestonCoSC\nEFLoPresti\n42March2025\n\nRaitTran\n', 'noearmites\ncLoPresti202\n\n', '2025 DCR\n00276\n']","['R\n2025\n', 'CR\nCCC\n422025\n\nR\n', '202\n\n', '2025 DCR\n00276\n']","['P\n2025\n', 'C\nCCC\nP\n422025\n', 'P202\n\n', '2025 C\n00276\n']",modelv1.0__2026-05-20 20:23:05
D:/moth_photos/database\batch_08\img_moth_00014279.jpg,"[4000, 6000]",36.86538461538462,"['2025DCR\n00277\n', 'Photographedby\nBHarter\n2025\n', 'noearmites\nFItoPresti2025\n', 'SanteeCoastalReserve\nCharlestonCoSC\nEFLoPresti\n12March2025\nBaitTrap\n']","['2025DCR\n00277\n', 'R\n2025\n', '2025\n', 'CR\nCCC\n122025\nR\n']","['2025C\n00277\n', 'P\n2025\n', 'P2025\n', 'C\nCCC\nP\n122025\n']",modelv1.0__2026-05-20 20:23:05
D:/moth_photos/database\batch_08\img_moth_00014280.jpg,"[4000, 6000]",36.34615384615385,"['Photoqraphedby\nBHarter\n2025\n', 'SanteeCoastalReserve\nCharlestonCoSC\nEFLoPresti\n12March2025\nRaitTran\n', '2025DCR\n00278\n', 'n\nLOP resti pes\n']","['8\n2025\n', 'CR\nCCC\n122025\nR\n', '2025DCR\n00278\n', '']","['P\n8\n2025\n', 'C\nCCC\nP\n122025\nP\n', '2025C\n00278\n', 'P\n']",modelv1.0__2026-05-20 20:23:05
D:/moth_photos/database\batch_08\img_moth_00014281.jpg,"[4000, 6000]",36.94117647058823,"['2025DCR\n00279\n', 'noearmites\nELoPresti2025\n', 'Photoqraphedby\nBHarter\n2025\n', 'eeCoastal RSC\nC\n\nCharieston\n\n42Marett2029\nBaitTrae\n\n']","['2025DCR\n00279\n', 'C2025\n', 'R\n2025\n', 'C RC\nC\n\nC\n\n422029\nR1\n\n']","['2025C\n00279\n', 'CP2025\n', 'P\n2025\n', 'C C\nC\n\nC\n\n422029\n1\n\n']",modelv1.0__2026-05-20 20:23:05
D:/moth_photos/database\batch_08\img_moth_00014282.jpg,"[4000, 6000]",37.01923076923077,"['Photographedby\nBHarter\n2025\n', 'noearmites\nELoPresti2025\n', '2025DCR\n00280\n', 'SanteeCoastalReserve\nCharlestonCoSC\nEFLofresti\n12March2025\nBaitTrap\n']","['R\n2025\n', '2025\n', '2025DCR\n00280\n', 'CR\nCCC\n122025\nR\n']","['P\n2025\n', 'P2025\n', '2025C\n00280\n', 'C\nCCC\nP\n122025\n']",modelv1.0__2026-05-20 20:23:05
D:/moth_photos/database\batch_08\img_moth_00014283.jpg,"[4000, 6000]",36.84615384615385,"['2025DCR\n00281\n', 'F LoPresti2025\n', 'SanteeCoastalReserve\nCharlestonCoSC\nEFLoPresti\n42March2025\nBaitTrap\n', 'Photographedby\nBHarter\n2025\n']","['2025DCR\n00281\n', '2025\n', 'CR\nCCC\n422025\nR\n', 'R\n2025\n']","['2025C\n00281\n', 'P2025\n', 'C\nCCC\nP\n422025\n', 'P\n2025\n']",modelv1.0__2026-05-20 20:23:05
D:/moth_photos/database\batch_08\img_moth_00014284.jpg,"[4000, 6000]",36.67307692307692,"['2025DCR\n00282\n', 'noearmites\nELoPresti2025\n', 'Photographedby\nBHarter\n2025\n', 'SanteeCoastalReserve\nCharlestonCoSC\nEFLoPresti\n42March2025\nBaitTrap\n']","['2025DCR\n00282\n', '2025\n', 'R\n2025\n', 'CR\nCCC\n422025\nR\n']","['2025C\n00282\n', 'P2025\n', 'P\n2025\n', 'C\nCCC\nP\n422025\n']",modelv1.0__2026-05-20 20:23:05
D:/moth_photos/database\batch_08\img_moth_00014285.jpg,"[4000, 6000]",36.80392156862745,"['2025DCR\n00283\n', 'noearmites\nELoPresti2025\n', 'Photographedby\nBHarter\n2025\n', 'SanteeCoastalReserve\nCharilestonCoSC\nEFLoPresti\n12March2025\ne377Trap\n']","['2025DCR\n00283\n', '2025\n', '8\n2025\n', 'CR\nCCC\n122025\n377\n']","['2025C\n00283\n', 'P2025\n', 'P\n8W\n2025\n', 'C\nCCC\nP\n122025\n377\n']",modelv1.0__2026-05-20 20:23:05
D:/moth_photos/database\batch_08\img_moth_00014286.jpg,"[4000, 6000]",36.666666666666664,"['2025DCR\n00284\n', 'noearmites\nELoPresti2025\n', 'Photoqraphedby\nBHarter\n2025\n', 'SanteeCoastalReserve\nCharlestonCoSC\nEFLoPresti\n12March2025\n\nRET Trap\n']","['2025DCR\n00284\n', '2025\n', '8\n2025\n', 'CR\nCCC\n122025\n\nR\n']","['2025C\n00284\n', 'P2025\n', 'P\n8\n2025\n', 'C\nCCC\nP\n122025\n\nC\n']",modelv1.0__2026-05-20 20:23:05
D:/moth_photos/database\batch_08\img_moth_00014287.jpg,"[4000, 6000]",37.04,"['2025DCR\n00285\n', 'Photographedby\nBHarter\n2025\n', 'ino earmites\nELoPresti2025\n', 'SanteeCoastalReserve\nCharlestonCo SC\nEFLoPresti\n42Match2025\nBaitTrap\n']","['2025DCR\n00285\n', 'R\n2025\n', 'C2025\n', 'CR\nCC C\n422025\nR\n']","['2025C\n00285\n', 'P\n2025\n', 'CP2025\n', 'C\nCC C\nP\n422025\n']",modelv1.0__2026-05-20 20:23:05
D:/moth_photos/database\batch_08\img_moth_00014288.jpg,"[4000, 6000]",36.43137254901961,"['2025DCR\n00286\n', 'Photographedby\nBHarter\n2025\n', 'SanteeCoastalReserve\nCharlestonCoSC\nEFLoPresti\n13March2025\nBaitTrap\n', 'calibrite\n']","['2025DCR\n00286\n', '8\n2025\n', 'CR\nCCC\n132025\nR\n', '']","['2025C\n00286\n', 'P\n8\n2025\n', 'C\nCCC\nP\n132025\n', '']",modelv1.0__2026-05-20 20:23:05
D:/moth_photos/database\batch_08\img_moth_00014289.jpg,"[4000, 6000]",36.76470588235294,"['OO\n\n2025DCR\n00287\n', 'Photographedby\nBHarter\n2025\n', 'oanteeCoastalReserve\nCharlestonCoSC\nEFLoPresti\n13March2025\nBaitTrap\n', 'noearmites\nELoPresti2025\n']","['2025DCR\n00287\n', '8\n2025\n', 'CR\nCCC\n132025\nR\n', 'C2025\n']","['2025C\n00287\n', 'P\n8\n2025\n', 'C\nCCC\nP\n132025\n', 'CP2025\n']",modelv1.0__2026-05-20 20:23:05
D:/moth_photos/database\batch_08\img_moth_00014290.jpg,"[4000, 6000]",36.7843137254902,"['2025DCR\n00288\n', 'noearmites\nELoPresti2025\n', 'Photographedby\nBHarter\n2025\n', 'SanteeCoastalReserve\nCharlestonCoSC\nEFLoPresti\n13March2025\nBaitTrap\n']","['2025DCR\n00288\n', 'C2025\n', '8\n2025\n', 'CR\nCCC\n132025\nR\n']","['2025C\n00288\n', 'CP2025\n', 'P\n8\n2025\n', 'C\nCCC\nP\n132025\n']",modelv1.0__2026-05-20 20:23:05
D:/moth_photos/database\batch_08\img_moth_00014291.jpg,"[4000, 6000]",36.68627450980392,"['2025DCR\n00289\n', 'SanteeCoastalReserve\nCharlestonCoSC\nEFLoRresti\n13March2025\nBaitTrap\n', 'noeacmites\nE LoPresti2025\n', 'Photographedby\nBHarter\n2025\n']","['2025DCR\n00289\n', 'CR\nCCC\nR\n132025\nR\n', '2025\n', 'R\n2025\n']","['2025CP\n00289\n', 'C\nCCC\nP\n132025\n', 'P2025\n', 'P\n2025\n']",modelv1.0__2026-05-20 20:23:05
D:/moth_photos/database\batch_08\img_moth_00014292.jpg,"[4000, 6000]",36.666666666666664,"['Photographedby\nBHarter\n2025\n', '2025DCR\n00290\n\n', 'ar mite\n\nvan\n', 'CoastalReserve\nCharleston Co\nitTrad\n\nBa\n\n']","['8\n2025\n', '2025DCR\n00290\n\n', '', 'CR\nC C\n\nR\n\n']","['P\n8\n2025\n', '2025C\n00290\n\n', '', 'C\nC C\n\n']",modelv1.0__2026-05-20 20:23:05
D:/moth_photos/database\batch_08\img_moth_00014293.jpg,"[4000, 6000]",37.059999999999995,"['2025DCR\n00291\n', 'Photographedby\nBHarter\n2025\n', 'noearmites\nELoPresti2025\n', '']","['2025DCR\n00291\n', '8\n2025\n', '2025\n', '']","['2025C\n00291\n', 'P\n8\n2025\n', 'P2025\n', '']",modelv1.0__2026-05-20 20:23:05
D:/moth_photos/database\batch_08\img_moth_00014294.jpg,"[4000, 6000]",36.31372549019608,"['2025DCR\n00292\n\n', 'Photoqraphedby\nBHarter\n2025\n', 'noearmites\nELoPresti2025\n', 'SanteeCoastal Reserve\nCharlestonCo SC\nEFLoPresti\n43March2025\n\nRe IT Trao\n\n']","['2025DCR\n00292\n\n', '8\n2025\n', 'C2025\n', 'C R\nCC C\n432025\n\nR\n\n']","['2025C\n00292\n\n', 'P\n8\n2025\n', 'CP2025\n', 'C\nCC C\nP\n43W2025\n\n']",modelv1.0__2026-05-20 20:23:05
D:/moth_photos/database\batch_08\img_moth_00014295.jpg,"[4000, 6000]",36.411764705882355,"['noearmites\nELoPresti2025\n', 'Photoqraphedby\nBHarter\n2025\n', '2025DCR\n00293\n\n', '']","['C2025\n', '8\n2025\n', '2025DCR\n00293\n\n', '']","['CP2025\n', 'P\n8\n2025\n', '2025C\n00293\n\n', '']",modelv1.0__2026-05-20 20:23:05
D:/moth_photos/database\batch_08\img_moth_00014296.jpg,"[4000, 6000]",36.56862745098039,"['2025DCR\n00294\n', 'Photographedby\nBHarter\n2025\n', 'noearmites\nELoPresti2025\n', 'SanteeCoastalReserve\nCharlestonCoSC\nEFLoPresti\n\ne 13March 2028\nAT Trap\n']","['2025DCR\n00294\n', '8\n2025\n', '2025\n', 'CR\nCCC\nR\n\nR 13 2028\n1\n']","['2025C\n00294\n', 'P\n8\n2025\n', 'P2025\n', 'C\nCCC\nP\n\n13 2028\n1\n']",modelv1.0__2026-05-20 20:23:05
D:/moth_photos/database\batch_08\img_moth_00014297.jpg,"[4000, 6000]",37.02,"['2025DCR\n00295\n', 'Photoqraphedby\nBHarter\n2025\n', 'no noeat mites\nE LoPresti 2025\n', 'Santee Coastal Reserve\nChareston CoS\nEF LoPresti\n43March 2025\n\nLair\n']","['2025DCR\n00295\n', '8\n2025\n', '0\n2025\n', 'C R\nC C0\nR\n43 2025\n']","['2025C\n00295\n', 'P\n8\n2025\n', '0\nP 2025\n', 'C\nC C0\nP\n43 2025\n']",modelv1.0__2026-05-20 20:23:05
D:/moth_photos/database\batch_08\img_moth_00014298.jpg,"[4000, 6000]",36.8235294117647,"['2025DCR\n00296\n', 'noearmites\nELoPresti2025\n', 'Photoqraphedby\nBHarter\n2025\n', 'SanteeCoastalReserve\nCharlestonCoSC\nEFLoPresti\n\n13March2025\nGAiTTrap\n']","['2025DCR\n00296\n', '2025\n', '8\n2025\n', 'CR\nCCC\nC\n\n132025\n']","['2025C\n00296\n', 'P2025\n', 'P\n8\n2025\n', 'C\nCCC\nCP\n\n132025\n']",modelv1.0__2026-05-20 20:23:05
D:/moth_photos/database\batch_08\img_moth_00014299.jpg,"[4000, 6000]",36.839999999999996,"['2025DCR\n00297\n', 'Photographedby\nBHarter\n2025\n', 'Santee CoastalReserve\nCharlestonCoSC\nEFLoPresti\n\nf 13March2025\naT Trap\n', 'noearmites\nELoPresti2025\n']","['2025DCR\n00297\n', '8\n2025\n', 'CR\nCCC\n132025\n', '2025\n']","['2025C\n00297\n', 'P\n8\n2025\n', 'C\nCCC\nP\n\n132025\n', 'P2025\n']",modelv1.0__2026-05-20 20:23:05
D:/moth_photos/database\batch_08\img_moth_00014300.jpg,"[4000, 6000]",36.839999999999996,"['Photoqraphedby\nBHarter\n2025\n', 'noear mites\nELoPresti2025\n', '2025DCR\n00298\n\n', 'EF Lopresti\n\n43March 2025\nGRA Trap\n']","['8\n2025\n', 'R2025\n', '2025DCR\n00298\n\n', '43 2025\nRC\n']","['P\n8\n2025\n', 'P2025\n', '2025C\n00298\n\n', 'P\n\n43W 2025\nC\n']",modelv1.0__2026-05-20 20:23:05
D:/moth_photos/database\batch_08\img_moth_00014301.jpg,"[4000, 6000]",36.76470588235294,"['2025DCR\n00299\n', 'noearmites\nELoPresti2025\n', 'Photographedby\nBHarter\n2025\n', 'SanteeCoastalReserve\nCharlestonCoSC\nEFLoPresti\n43March2025\n\nRe IT Trap\n']","['2025DCR\n00299\n', 'C2025\n', '8\n2025\n', 'CR\nCCC\n432025\n\nR 7\n']","['2025C\n00299\n', 'CP2025\n', 'P\n8\n2025\n', 'C\nCCC\nP\n432025\n\n7\n']",modelv1.0__2026-05-20 20:23:05
D:/moth_photos/database\batch_08\img_moth_00014302.jpg,"[4000, 6000]",36.76,"['Photographedby\nBHarter\n2025\n', '2025DCR\n00300\n', 'SanteeCoastalReserve\nCharnestonCoSC\nEFLoPresti\n13March2025\nfor Trap\n']","['8\n2025\n', '2025DCR\n00300\n', 'CR\nCCC\n132025\n']","['P\n8\n2025\n', '2025C\n00300\n', 'C\nCCC\nP\n132025\n']",modelv1.0__2026-05-20 20:23:05
D:/moth_photos/database\batch_08\img_moth_00014303.jpg,"[4000, 6000]",36.64705882352941,"['2025DCR\n00301\n', 'Photographedby\nBHarter\n2025\n', 'noearmites\nELoPresti2025\n', 'SanteeCoastalReserve\nCharlestonCoSC\nEFLoPresti\n43March2025\n\nano Trap\n']","['2025DCR\n00301\n', '8\n2025\n', 'C2025\n', 'CR\nCCC\n432025\n\n2\n']","['2025C\n00301\n', 'P\n8\n2025\n', 'CP2025\n', 'C\nCCC\nP\n432025\n\n2\n']",modelv1.0__2026-05-20 20:23:05
D:/moth_photos/database\batch_08\img_moth_00014304.jpg,"[4000, 6000]",37.03921568627451,"['Photographedby\nBHarter\n2025\n', '2025DCR\n00421\n', 'SanteeCoastalReserve\nCharnestonCoSC\nEFLoPresti\n20Mav2025\nEntranceTrap\n', 'St\nnoearmites\nELoPresti 2025\n\na\n']","['8\n2025\n', '2025DCR\n00421\n', 'CR\nCCC\n202025\n', '0\nC 2025\n']","['P\n8\n2025\n', '2025C\n00421\n', 'C\nCCC\nP\n202025\n', '0\nCP 2025\n']",modelv1.0__2026-05-20 20:23:05
D:/moth_photos/database\batch_08\img_moth_00014305.jpg,"[4000, 6000]",36.8235294117647,"['Photoqraphedby\nBHarter\n2025\n', 'noearmites\nELoPresti2025\n', '2025DCR\n00302\n\n', 'SanteeCoastalReserve\nCharlestonCoSC\nEFLoPresti\n13March2025\nCapeTrap\n']","['R\n2025\n', '2025\n', '2025DCR\n00302\n\n', 'CR\nCCC\n132025\nC\n']","['P\n2025\n', 'P2025\n', '2025C\n00302\n\n', 'CP\nCCC\nP\n132025\nC\n']",modelv1.0__2026-05-20 20:23:05
D:/moth_photos/database\batch_08\img_moth_00014306.jpg,"[4000, 6000]",36.86274509803921,"['2025DCR\n00422\n', 'noearmites\nELoPresti2025\n', 'Photographedby\nBHarter\n2025\n', 'SanteeCoastalReserve\nCharlestonCoSC\nEFLoPresti\n20Mav2025\nEntranceTrap\n']","['2025DCR\n00422\n', 'C2025\n', '8\n2025\n', 'CR\nCCC\n202025\n']","['2025C\n00422\n', 'CP2025\n', 'P\n8\n2025\n', 'C\nCCC\nP\n202025\n']",modelv1.0__2026-05-20 20:23:05
D:/moth_photos/database\batch_08\img_moth_00014307.jpg,"[4000, 6000]",37.0,"['2025DCR\n00303\n', 'no earmites\nFLoPresti2025\n', 'Photoqraphedby\nBHarter\n2025\n', 'SanteeCoastalReserve\nCharlestonCoSC\nEFLoPresti\n13Marth2025\nCapeTrap\n']","['2025DCR\n00303\n', 'R2025\n', '8\n2025\n', 'CR\nCCC\n132025\nC\n']","['2025C\n00303\n', 'P2025\n', 'P\n8\n2025\n', 'C\nCCC\nP\n132025\nC\n']",modelv1.0__2026-05-20 20:23:05
D:/moth_photos/database\batch_08\img_moth_00014308.jpg,"[4000, 6000]",36.76470588235294,"['2025DCR\n00423\n', 'noearmites\nELoPresti2025\n', 'Photographedby\nBHarter\n2025\n', 'eeetssCiCW\nSanteeCoastalReserve\nCharlestonCoSC\nEFLoPresti\n20Mav2025\nEntranceTrap\n\n']","['2025DCR\n00423\n', 'C2025\n', '8\n2025\n', 'CC\nCR\nCCC\n202025\n\n']","['2025C\n00423\n', 'CP2025\n', 'P\n8\n2025\n', 'CCW\nC\nCCC\nP\n202025\n\n']",modelv1.0__2026-05-20 20:23:05
D:/moth_photos/database\batch_08\img_moth_00014309.jpg,"[4000, 6000]",36.76470588235294,"['2025DCR\n00304\n', 'Photoqraphedby\nBHarter\n2025\n', 'noearmites\nELoPresti2025\n', 'SanteeCoastalReserve\nCharlestanCoSC\nEFLoPresti\n13March2025\nCapeTrap\n']","['2025DCR\n00304\n', '8\n2025\n', '2025\n', 'CR\nCCC\n132025\nC\n']","['2025C\n00304\n', 'P\n8\n2025\n', 'P2025\n', 'C\nCCC\nP\n132025\nC\n']",modelv1.0__2026-05-20 20:23:05
D:/moth_photos/database\batch_08\img_moth_00014310.jpg,"[4000, 6000]",36.839999999999996,"['2025DCR\n00424\n', 'noearmites\nELoPresti2025\n', 'Photoqraphedby\nBHarter\n2025\n', 'SanteeCoastalReserve\nCharlestonCoSC\nEFLoPresti\n20Mav2025\nEntranceTrap\n']","['2025DCR\n00424\n', '2025\n', '8\n2025\n', 'CR\nCCC\n202025\n']","['2025C\n00424\n', 'P2025\n', 'P\n8\n2025\n', 'C\nCCC\nP\n202025\n']",modelv1.0__2026-05-20 20:23:05
D:/moth_photos/database\batch_08\img_moth_00014311.jpg,"[4000, 6000]",36.9607843137255,"['2025DCR\n00305\n', 'Photoqraphedby\nBHarter\n2025\n', 'noearmites\nELoPresti2025\n', 'SafAteeCoastalReserve\nCharlestonCoSC\nEFLoPresti\n13March2025\nCapeTrap\n']","['2025DCR\n00305\n', '8\n2025\n', '2025\n', 'CR\nCCC\n132025\nC\n']","['2025C\n00305\n', 'P\n8\n2025\n', 'P2025\n', 'C\nCCC\nP\n132025\nC\n']",modelv1.0__2026-05-20 20:23:05
D:/moth_photos/database\batch_08\img_moth_00014312.jpg,"[4000, 6000]",36.705882352941174,"['2025DCR\n00425\n', 'S\n\nELoPresti2025\n', 'Photoqraphedby\nBHarter\n2025\n', 'SanteeCoastalReserve\nCharlestonCoSC\nEFLoPresti\n20Mav2025\nEntranceTrap\n']","['2025DCR\n00425\n', '02025\n', '8\n2025\n', 'CR\nCCC\n202025\n']","['2025C\n00425\n', '0P2025\n', 'P\n8\n2025\n', 'C\nCCC\nP\n202025\n']",modelv1.0__2026-05-20 20:23:05
D:/moth_photos/database\batch_08\img_moth_00014313.jpg,"[4000, 6000]",36.705882352941174,"['2025DCR\n00306\n', 'noearmites\nELoPresti2025\n', 'Photographedby\nBHarter\n2025\n', 'SanteeCoastalReserve\nCharlestonCoSC\nEFLdPresti\n13March2025\nCapeTrap\n']","['2025DCR\n00306\n', 'R2025\n', 'R\n2025\n', 'CR\nCCC\n132025\nC\n']","['2025C\n00306\n', 'P2025\n', 'P\n2025\n', 'CP\nCCC\nP\n132025\nC\n']",modelv1.0__2026-05-20 20:23:05
D:/moth_photos/database\batch_08\img_moth_00014314.jpg,"[4000, 6000]",36.76470588235294,"['Photographedby\nBHarter\n2025\n', '2025DCR\n00426\n\n', 'ELoPresti2025\n\nnoearmites\n', 'SanteeCoastalReserve\nCharlestonCoSC\nEFeLoPresti\n20Mav2025\n\nEntranceTrap\n']","['R\n2025\n', '2025DCR\n00426\n\n', '2025\n\n', 'CR\nCCC\n202025\n']","['P\n2025\n', '2025C\n00426\n\n', 'P2025\n\n', 'C\nCCC\nP\n\n202025\n']",modelv1.0__2026-05-20 20:23:05
D:/moth_photos/database\batch_08\img_moth_00014315.jpg,"[4000, 6000]",36.705882352941174,"['2025DCR\n00307\n', 'noearmites\nELoPresti2025\n', 'Photographedby\nBHarter\n2025\n', 'SanteeCoastalReserve\nCharlestonCoSC\nEFLoPresti\n13March2025\nCapeTrap\n']","['2025DCR\n00307\n', '2025\n', 'R\n2025\n', 'CR\nCCC\n132025\nC\n']","['2025C\n00307\n', 'P2025\n', 'P\n2025\n', 'C\nCCC\nP\n132025\nC\n']",modelv1.0__2026-05-20 20:23:05
D:/moth_photos/database\batch_08\img_moth_00014316.jpg,"[4000, 6000]",36.68627450980392,"['2025DCR\n00427\n', 'noearmites\nELoPresti2025\n', 'Photographedby\nBHarter\n2025\n', '']","['2025DCR\n00427\n', 'R2025\n', 'R\n2025\n', '']","['2025C\n00427\n', 'P2025\n', 'P\n2025\n', '']",modelv1.0__2026-05-20 20:23:05
D:/moth_photos/database\batch_08\img_moth_00014317.jpg,"[4000, 6000]",36.68627450980392,"['Photoqraphedby\nBHarter\n2025\n', '2025DCR\n00308\n', '', 'Ss6sdrilvvoa\n\nSantee CoastalReserve\n\nCharleston CoS\nEF oPresti\n43March 2025\n\nCapeTrad\n']","['8\n2025\n', '2025DCR\n00308\n', '', '6\n\nCR\n\nC C\n43 2025\n\nC\n']","['P\n8\n2025\n', '2025C\n00308\n', '', '6\n\nC\n\nC C\nP\n43 2025\n\nC\n']",modelv1.0__2026-05-20 20:23:05
D:/moth_photos/database\batch_08\img_moth_00014318.jpg,"[4000, 6000]",37.03921568627451,"['2025DCR\n00428\n', 'Photographedby\nBHarter\n2025\n', 'pe\nnoearmites\n\nELoPresti2025\nBY\n\n', 'SanteeCoastalReserve\nCharlestonCoSC\nEFLoPresti\n20May2025\nEntranceTrap\n']","['2025DCR\n00428\n', '8\n2025\n', '2025\n\n', 'CR\nCCC\n202025\n']","['2025C\n00428\n', 'P\n8\n2025\n', 'P\n\nP2025\n\n', 'C\nCCC\nP\n202025\n']",modelv1.0__2026-05-20 20:23:05
D:/moth_photos/database\batch_08\img_moth_00014319.jpg,"[4000, 6000]",37.0,"['noearmites\nELoPresti2025\n', '2025DCR\n00309\n', 'Photoqraphedby\nBHarter\n2025\n', 'SanteeCoastalKeserve\nChartestonCoSC\nEFLoPresti\n13March2025\nCapeTrap\n']","['2025\n', '2025DCR\n00309\n', '8\n2025\n', 'C\nCCC\n132025\nC\n']","['P2025\n', '2025C\n00309\n', 'P\n8\n2025\n', 'C\nCCC\nP\n132025\nC\n']",modelv1.0__2026-05-20 20:23:05
D:/moth_photos/database\batch_08\img_moth_00014320.jpg,"[4000, 6000]",36.411764705882355,"['2025DCR\n00429\n', 'Photographedby\nBHarter\n2025\n', 'Santee Coastal Reserve\nCharleston Co\nEF oPresti\n20Mav 2025\nEntrance Trap\n\n']","['2025DCR\n00429\n', 'R\n2025\n', 'C R\nC C\n20 2025\n\n']","['2025C\n00429\n', 'P\n2025\n', 'C\nC C\nP\n20 2025\n\n']",modelv1.0__2026-05-20 20:23:05
D:/moth_photos/database\batch_08\img_moth_00014321.jpg,"[4000, 6000]",36.94117647058823,"['2025DCR\n00310\n', 'Photoqraphedby\nBHarter\n2025\n', 'noearmites\nELoPresti2025\n', 'SanteeCoastalReserve\nCharlestonCoSC\nEFLoPresti\n13March2025\nCapeTrap\n']","['2025DCR\n00310\n', '8\n2025\n', '2025\n', 'CR\nCCC\n132025\nC\n']","['2025C\n00310\n', 'P\n8\n2025\n', 'P2025\n', 'C\nCCC\nP\n132025\nC\n']",modelv1.0__2026-05-20 20:23:05
D:/moth_photos/database\batch_08\img_moth_00014322.jpg,"[4000, 6000]",36.7843137254902,"['Photographedby\nBHarter\n2025\n', '3025DCR\n00430\n', 'SanteeCoastalReserve\nCharlestonCoSC\nEFLoPresti\n20Mav2025\nEntranceTrap\n']","['R\n2025\n', '3025DCR\n00430\n', 'CR\nCCC\n202025\n']","['P\n2025\n', '3025C\n00430\n', 'C\nCCC\nP\n202025\n']",modelv1.0__2026-05-20 20:23:05
D:/moth_photos/database\batch_08\img_moth_00014323.jpg,"[4000, 6000]",36.3921568627451,"['2025DCR\n00311\n', 'Photographedby\nBHarter\n2025\n', 'Stie\nnoearmites\n\nELoPresti2025\nUL\n', 'SanteeCoastalReserve\nCharlestonCoSC\nEF LoPresti\n13March2025\nCapeTrap\n']","['2025DCR\n00311\n', 'R\n2025\n', '0\n\n2025\n', 'CR\nCCC\n132025\nC\n']","['2025C\n00311\n', 'P\n2025\n', '0\n\nP2025\n', 'CP\nCCC\nP\n132025\nC\n']",modelv1.0__2026-05-20 20:23:05
D:/moth_photos/database\batch_08\img_moth_00014324.jpg,"[4000, 6000]",36.9,"['2025DCR\n00431\n', 'Photographedby\nBHarter\n2025\n', 'SanteeCoastalReserve\nCharlestonCoSC\nEFLoPresti\n20Mav2025\nEntranceTrap\n']","['2025DCR\n00431\n', '8\n2025\n', 'CR\nCCC\n202025\n']","['2025C\n00431\n', 'P\n8\n2025\n', 'C\nCCC\nP\n202025\n']",modelv1.0__2026-05-20 20:23:05
D:/moth_photos/database\batch_08\img_moth_00014325.jpg,"[4000, 6000]",36.80392156862745,"['2025DCR\n00312\n', 'Photographedby\nBHarter\n2025\n', 'ra toPresti2025\n', 'SanteeCoastalReserve\nCharlestonCoSC\nEFLoPresti\n13March2025\nCapeTrap\n']","['2025DCR\n00312\n', 'R\n2025\n', '2025\n', 'CR\nCCC\n132025\nC\n']","['2025C\n00312\n', 'P\n2025\n', 'P2025\n', 'C\nCCC\nP\n132025\nC\n']",modelv1.0__2026-05-20 20:23:05
D:/moth_photos/database\batch_08\img_moth_00014326.jpg,"[4000, 6000]",36.745098039215684,"['Photoqraphedby\nBHarter\n2025\n', '2025DCR\n\n00432\n', 'll\nSanteeCoastalReserve\n\nCharlestonCo\nEFLoPresti\n20Mav2025\nEntranceTrap\n']","['8\n2025\n', '2025DCR\n\n00432\n', 'CR\n\nCC\n202025\n']","['P\n8\n2025\n', '2025C\n\n00432\n', 'C\n\nCC\nP\n202025\n']",modelv1.0__2026-05-20 20:23:05
D:/moth_photos/database\batch_08\img_moth_00014327.jpg,"[4000, 6000]",36.36538461538461,"['2025DCR\n00313\n', 'Photographedby\nBHarter\n2025\n', 'noearmites\nELoPresti2025\n', 'SanteeCoastalReserve\nCharlestonCoSC\nEFLoPresti\n13March2025\nCapeTrap\n']","['2025DCR\n00313\n', 'R\n2025\n', '2025\n', 'CR\nCCC\n132025\nC\n']","['2025C\n00313\n', 'P\n2025\n', 'P2025\n', 'C\nCCC\nP\n132025\nC\n']",modelv1.0__2026-05-20 20:23:05
D:/moth_photos/database\batch_08\img_moth_00014328.jpg,"[4000, 6000]",36.49019607843137,"['2025DCR\n00433\n', 'Photographedby\nBHarter\n2025\n', 'SanteeCoastalReserve\nCharlestonCoSC\nELF LoPresti\n20Mav2025\nEntranceTrap\n']","['2025DCR\n00433\n', 'R\n2025\n', 'CR\nCC0C\n202025\n']","['2025C\n00433\n', 'P\n2025\n', 'C\nCC0C\nP\n202025\n']",modelv1.0__2026-05-20 20:23:05
D:/moth_photos/database\batch_08\img_moth_00014329.jpg,"[4000, 6000]",36.94117647058823,"['2025DCR\n00314\n', 'noearmites\nELoPresti2025\n', 'Photographedby\nBHarter\n2025\n', 'SanteeCoastalReserve\nCharlestonCoSC\nEFLoPresti\n13March2025\nCapeTrap\n']","['2025DCR\n00314\n', 'C2025\n', '8\n2025\n', 'CR\nCCC\n132025\nC\n']","['2025C\n00314\n', 'CP2025\n', 'P\n8\n2025\n', 'CP\nCCC\nP\n132025\nC\n']",modelv1.0__2026-05-20 20:23:05
D:/moth_photos/database\batch_08\img_moth_00014330.jpg,"[4000, 6000]",36.509803921568626,"['2025DCR\n00434\n', 'Photoqraphedby\nBHarter\n2025\n', 'SanteeCoastalReserve\n\nCharlestonCoSC\nELF LoPresti\n20Mav2025\nEntranceTrap\n']","['2025DCR\n00434\n', '8\n2025\n', 'CR\n\nCCC\n202025\n']","['2025C\n00434\n', 'P\n8\n2025\n', 'C\n\nCCC\nP\n202025\n']",modelv1.0__2026-05-20 20:23:05
D:/moth_photos/database\batch_08\img_moth_00014331.jpg,"[4000, 6000]",36.90196078431373,"['2025DCR\n00315\n', 'Photoqraphedby\n8Harter\n2025\n', 'Santee Coastal Reserve\n\nCharneston Co\nEF LoPrest\n\n43Marcn 2025\nCapefrao\n\n']","['2025DCR\n00315\n', '8\n2025\n', 'C R\n\nC C\n\n43 2025\nC\n\n']","['2025C\n00315\n', 'P\n8\n2025\n', 'C\n\nC C\nP\n\n43W 2025\nC\n\n']",modelv1.0__2026-05-20 20:23:05
D:/moth_photos/database\batch_08\img_moth_00014332.jpg,"[4000, 6000]",36.55769230769231,"['2025DCR\n00435\n', 'Photoqraphedby\nBHarter\n2025\n', 'Santee Coastal Reserve\nCnareston Co\n\n', 'calibrite\n']","['2025DCR\n00435\n', '8\n2025\n', 'C R\nC C\n\n', '']","['2025C\n00435\n', 'P\n8\n2025\n', 'C\nC C\n\n', '']",modelv1.0__2026-05-20 20:23:05
D:/moth_photos/database\batch_08\img_moth_00014333.jpg,"[4000, 6000]",36.42307692307693,"['2025DCR\n00316\n', 'Photoqraphedby\nBHarter\n2025\n', 'SanteeCoastalReserve\nCharlestonCoSC\nEFLoPresti\n43March2025\nCapeTrap\n']","['2025DCR\n00316\n', 'R\n2025\n', 'CR\nCCC\n432025\nC\n']","['2025C\n00316\n', 'P\n2025\n', 'CP\nCCC\nP\n432025\nC\n']",modelv1.0__2026-05-20 20:23:05
D:/moth_photos/database\batch_08\img_moth_00014334.jpg,"[4000, 6000]",37.02,"['2025DCR\n00436\n', 'Photographedby\nBHarter\n2025\n', 'rrl\nSantee CoastalReserve\nCharleston CoS\nEF LoPresti\n20May2025\nEntranceTrap\n']","['2025DCR\n00436\n', '8\n2025\n', 'CR\nC C0\n202025\n']","['2025C\n00436\n', 'P\n8\n2025\n', 'C\n\nC C0\nP\n202025\n']",modelv1.0__2026-05-20 20:23:05
D:/moth_photos/database\batch_08\img_moth_00014335.jpg,"[4000, 6000]",36.509803921568626,"['2025DCR\n00317\n', 'Photoqraphedby\nBHarter\n2025\n', 'SanteeCoastalReserve\nCharlestonCoSC\nEFLoPresti\n13March2025\nCapeTrap\n']","['2025DCR\n00317\n', '8\n2025\n', 'CR\nCCC\n132025\nC\n']","['2025C\n00317\n', 'P\n8\n2025\n', 'C\nCCC\nP\n132025\nC\n']",modelv1.0__2026-05-20 20:23:05
D:/moth_photos/database\batch_08\img_moth_00014336.jpg,"[4000, 6000]",36.549019607843135,"['2025DCR\n00437\n', 'Photographedby\nBHarter\n2025\n', 'oanteeCoastaiKeserve\nCharlestonCoSC\nEFLoPresti\n20Mav2025\nEntranceTrap\n', 'calibrite\n']","['2025DCR\n00437\n', '8\n2025\n', 'CR\nCCC\n202025\n', '']","['2025C\n00437\n', 'P\n8\n2025\n', 'C\nCCC\nP\n202025\n', '']",modelv1.0__2026-05-20 20:23:05
D:/moth_photos/database\batch_08\img_moth_00014337.jpg,"[4000, 6000]",36.7843137254902,"['2025DCR\n00318\n', 'Photographedby\nBHarter\n2025\n', 'SanteeCoastalReserve\nChariestonCoSC\nEFLoPresti\n43March2025\nCapeTrap\n']","['2025DCR\n00318\n', '8\n2025\n', 'CR\nCCC\n432025\nC\n']","['2025PC\n00318\n', 'P\n8\n2025\n', 'C\nCCC\nP\n432025\nC\n']",modelv1.0__2026-05-20 20:23:05
D:/moth_photos/database\batch_08\img_moth_00014338.jpg,"[4000, 6000]",37.059999999999995,"['2025DCR\n00438\n', 'Photographedby\nBHarter\n2025\n', 'SanteeCoastal Reserve\nCharlestonCoSC\nEFLoPresti\n20Mav2025\nEntranceTrap\n']","['2025DCR\n00438\n', 'R\n2025\n', 'C R\nCCC\nR\n202025\n']","['2025C\n00438\n', 'P\n2025\n', 'C\nCCC\nP\n202025\n']",modelv1.0__2026-05-20 20:23:05
D:/moth_photos/database\batch_08\img_moth_00014339.jpg,"[4000, 6000]",36.80392156862745,"['2025DCR\n00319\n', 'Photoqgraphedby\nBHarter\n2025\n', 'SanteeCoastalReserve\nCharlestonCoSC\nEFLoPresti\n13March2025\nCapeTrap\n']","['2025DCR\n00319\n', '8\n2025\n', 'CR\nCCC\n132025\nC\n']","['2025CP\n00319\n', 'P\n8\n2025\n', 'C\nCCC\nP\n132025\nC\n']",modelv1.0__2026-05-20 20:23:05
D:/moth_photos/database\batch_08\img_moth_00014340.jpg,"[4000, 6000]",36.588235294117645,"['2025DCR\n00439\n', 'Photographedby\nBHarter\n2025\n', 'Os\n\nSanteeCoastalReserve\nCharlestonCoSC\nEFLoPresti\n20Mav2025\nEntranceTrap\n']","['2025DCR\n00439\n', 'R\n2025\n', 'CR\nCC0C\n202025\n']","['2025C\n00439\n', 'P\n2025\n', 'CP\nCC0C\nP\n202025\n']",modelv1.0__2026-05-20 20:23:05
D:/moth_photos/database\batch_08\img_moth_00014341.jpg,"[4000, 6000]",36.470588235294116,"['2025DCR\n00320\n', 'Photoqraphedby\nBHarter\n2025\n', 'CoastalReserve\nChariestonCOSC\n43March2025\n\nCape Trad\n']","['2025DCR\n00320\n', '8\n2025\n', 'CR\nCCC\n432025\n\nC D\n']","['2025C\n00320\n', 'P\n8\n2025\n', 'C\nCCC\n432025\n\nC\n']",modelv1.0__2026-05-20 20:23:05
D:/moth_photos/database\batch_08\img_moth_00014342.jpg,"[4000, 6000]",36.43137254901961,"['2025DCR\n00440\n', 'Photographedby\nBHarter\n2025\n', 'SanteeCoastal Reserve\nCharlestqnCoSC\nEFLoPresti\n20Mav2025\nEntranceTrap\n', 'calibrite\n']","['2025DCR\n00440\n', 'R\n2025\n', 'C R\nCC0C\n202025\n', '']","['2025C\n00440\n', 'P\n2025\n', 'C\nCC0C\nP\n202025\nP\n', '']",modelv1.0__2026-05-20 20:23:05
D:/moth_photos/database\batch_08\img_moth_00014343.jpg,"[4000, 6000]",36.59615384615385,"['2025DCR\n00321\n', 'Photoqraphedby\nBHarter\n2025\n', 'SanteeCoastalReserve\nCharlestonCoSC\nEFLoPresti\n13March2025\n\nCapeTrap\n']","['2025DCR\n00321\n', '8\n2025\n', 'CR\nCCC\n132025\nC\n']","['2025C\n00321\n', 'P\n8\n2025\n', 'C\nCCC\nP\n132025\n\nC\n']",modelv1.0__2026-05-20 20:23:05
D:/moth_photos/database\batch_08\img_moth_00014344.jpg,"[4000, 6000]",36.94117647058823,"['2025DCR\n00441\n', 'Photographedby\nBHarter\n2025\n', 'SanteeCoastalReserve\n\nCharlestonCoSC\nEFLoPresti\n20Mav2025\nEntranceTrap\n']","['2025DCR\n00441\n', '8\n2025\n', 'CR\n\nCCC\n202025\n']","['2025C\n00441\n', 'P\n8\n2025\n', 'C\n\nCCC\nP\n202025\n']",modelv1.0__2026-05-20 20:23:05
D:/moth_photos/database\batch_08\img_moth_00014345.jpg,"[4000, 6000]",36.94117647058823,"['2025DCR\n00322\n', 'Photoqraphedby\nBHarter\n2025\n', 'a\nSantee CoastalReserve\nCharleston Co\n\nEF LePresti\n\n43March 2025\nCapeTrap\n']","['2025DCR\n00322\n', '8\n2025\n', 'CR\nC C\nC\n43 2025\nC\n']","['2025C\n00322\n', 'P\n8\n2025\n', 'C\nC C\nC P\n43W 2025\nC\n']",modelv1.0__2026-05-20 20:23:05
D:/moth_photos/database\batch_08\img_moth_00014346.jpg,"[4000, 6000]",36.88235294117647,"['2025DCR\n00442\n', 'Photoqraphedby\nBHarter\n2025\n', 'SanteeCoastalReserve\nChanlestonCoSC\nEFLoPresti\n20Mav2025\nEntranceTrap\n', 'calibrite\n']","['2025DCR\n00442\n', '8\n2025\n', 'CR\nCCC\n202025\n', '']","['2025C\n00442\n', 'P\n8\n2025\n', 'C\nCCC\nP\n202025\n', '']",modelv1.0__2026-05-20 20:23:05
D:/moth_photos/database\batch_08\img_moth_00014347.jpg,"[4000, 6000]",36.519230769230774,"['2025DCR\n00323\n', 'SanteeCoastaiKeserve\nCharlest6nCoSC\n\nDeas Bait\n', 'Photographedby\nBHarter\n2025\n']","['2025DCR\n00323\n', 'C\nC6CC\n\nD\n', 'R\n2025\n']","['2025C\n00323\n', 'C\nC6CC\n\nP\n', 'P\n2025\n']",modelv1.0__2026-05-20 20:23:05
D:/moth_photos/database\batch_08\img_moth_00014348.jpg,"[4000, 6000]",37.0,"['2025DCR\n00443\n', 'Photoqraphedby\n8Harter\n2025\n', 'SanteeCoastalReserve\n\nCharlestonCoSC\nEFLoPresti\n20Mav2025\nEntranceTrap\n']","['2025DCR\n00443\n', '8\n2025\n', 'CR\n\nCCC\n202025\n']","['2025C\n00443\n', 'P\n8\n2025\n', 'C\n\nCCC\nP\n202025\n']",modelv1.0__2026-05-20 20:23:05
D:/moth_photos/database\batch_08\img_moth_00014349.jpg,"[4000, 6000]",36.68627450980392,"['2025DCR\n00324\n', 'Photographedby\nBHarter\n2025\n', 'SanteeCoastalReserve\nCharlestonCoSC\nEFLoPresti\n42March2025\nBaitTrao\n', 'en\narmites\n\nnoe\nEe LoPresti 2025\n\n']","['2025DCR\n00324\n', 'R\n2025\n', 'CR\nCCC\n422025\nR\n', '2025\n\n']","['2025C\n00324\n', 'P\n2025\n', 'CP\nCCC\nP\n42W2025\n', 'P 2025\n\n']",modelv1.0__2026-05-20 20:23:05
D:/moth_photos/database\batch_08\img_moth_00014350.jpg,"[4000, 6000]",37.0,"['2025DCR\n00444\n', 'Photographedby\nBHarter\n2025\n', 'SanteeCoastalReserve\nCharlestonCoSC\nEFLoPresti\n20Mav2025\nEntranceTrap\n']","['2025DCR\n00444\n', 'R\n2025\n', 'CR\nCCC\n202025\n']","['2025C\n00444\n', 'P\n2025\n', 'C\nCCC\nP\n202025\n']",modelv1.0__2026-05-20 20:23:05
D:/moth_photos/database\batch_08\img_moth_00014351.jpg,"[4000, 6000]",36.411764705882355,"['2025DCR\n00325\n', 'no earmites\nELoPresti2025\n', 'Photographedby\nBHarter\n2025\n', 'be\nSanteeCoastalReserve\nCharlestonCoSC\nEFLoPresti\n12March2025\nBaitTrap\n\n']","['2025DCR\n00325\n', '2025\n', '8\n2025\n', 'CR\nCCC\n122025\nR\n\n']","['2025C\n00325\n', 'P2025\n', 'P\n8\n2025\n', 'C\nCCC\nP\n122025\n\n']",modelv1.0__2026-05-20 20:23:05
D:/moth_photos/database\batch_08\img_moth_00014352.jpg,"[4000, 6000]",36.450980392156865,"['2025DCR\n00445\n', 'noearmites\nELoPresti202\n', 'Photographedby\nBHarter\n2025\n', 'SanteeCoastalReserve\nCharlestonCoSC\nEFLoPresti\n20Mav2025\nPondTrap\n\n']","['2025DCR\n00445\n', '202\n', '8\n2025\n', 'CR\nCC0C\n202025\n\n']","['2025C\n00445\n', 'P202\n', 'P\n8\n2025\n', 'C\nCC0C\nP\n202025\nP\n\n']",modelv1.0__2026-05-20 20:23:05
D:/moth_photos/database\batch_08\img_moth_00014353.jpg,"[4000, 6000]",36.72549019607843,"['2025DCR\n00326\n', 'Photoqgraphedby\nBHarter\n2025\n', 'noearmites\nELoPresti2025\n', 'SanteeCoastalReserve\nCharlestonCoSC\nEFLoPresti\n42March2025\nBaitTrap\n']","['2025DCR\n00326\n', '8\n2025\n', 'CC2025\n', 'CR\nCCC\nC\n422025\nR\n']","['2025C\n00326\n', 'P\n8\n2025\n', 'CCP2025\n', 'CP\nCCC\nCP\n422025\n']",modelv1.0__2026-05-20 20:23:05
D:/moth_photos/database\batch_08\img_moth_00014354.jpg,"[4000, 6000]",36.90196078431373,"['2025DCR\n00446\n', 'E\nnoearmites\n\nELoPresti2025\nll\n', 'Photoqgraphedby\nBHarter\n2025\n', 'Santee\nChariestonCO\nPond Trad\n\nReserve\nCoastal Reserve\n\n']","['2025DCR\n00446\n', '0\n\n2025\n', '8\n2025\n', 'CC\n\nR\nC R\n\n']","['2025C\n00446\n', '0\n\nP2025\n', 'P\n8\n2025\n', 'CC\nP\n\nC\n\n']",modelv1.0__2026-05-20 20:23:05
D:/moth_photos/database\batch_08\img_moth_00014355.jpg,"[4000, 6000]",36.72549019607843,"['2025DCR\n00327\n', 'noearmites\nELoPresti2025\n', 'Photographedby\nBHarter\n2025\n', 'SanteeCoastal Reserve\n\nCharlestonCoSC\nFLoPresti\n42March2025\nBaitTrap\n']","['2025DCR\n00327\n', '2025\n', 'R\n2025\n', 'C R\n\nCC0C\n422025\nR\n']","['2025C\n00327\n', 'P2025\n', 'P\n2025\n', 'C\n\nCC0C\nP\n422025\n']",modelv1.0__2026-05-20 20:23:05
D:/moth_photos/database\batch_08\img_moth_00014356.jpg,"[4000, 6000]",36.56862745098039,"['2025DCR\n00447\n', 'Photographedby\nBHarter\n2025\n', 'noearmites\nELoPresti2025S\n', 'oanteeCoastalReserve\nCharlestonCoSC\nEFLoPresti\n20Mav2025\nPondTrap\n']","['2025DCR\n00447\n', 'R\n2025\n', '2025\n', 'CR\nCCC\n202025\n']","['2025C\n00447\n', 'P\n2025\n', 'P2025\n', 'C\nCCC\nP\n202025\nP\n']",modelv1.0__2026-05-20 20:23:05
D:/moth_photos/database\batch_08\img_moth_00014357.jpg,"[4000, 6000]",36.49019607843137,"['2025DCR\n00328\n', 'SanteeCoastalReserve\nCharlestonCoSC\nEFLoPresti\n12March2025\nBaitTrap\n', 'Photographedby\nBHarter\n2025\n', 'peC\nnoearmites\n\nELoPresti2025\nYN\n\n']","['2025DCR\n00328\n', 'CR\nCCC\n122025\nR\n', '8\n2025\n', 'C\n\n2025\n\n']","['2025C\n00328\n', 'C\nCCC\nP\n122025\n', 'P\n8\n2025\n', 'C\n\nP2025\n\n']",modelv1.0__2026-05-20 20:23:05
D:/moth_photos/database\batch_08\img_moth_00014358.jpg,"[4000, 6000]",36.8235294117647,"['2025DCR\n00448\n', 'Photographedby\nBHarter\n2025\n', 'noearmites\nELoPresti2025\n', 'Santee CoastalReserve\nCharlestonCo SC\nEFLoPresti\n20Mav2025\nPondTrap\n\nOUULU\n']","['2025DCR\n00448\n', 'R\n2025\n', 'C2025\n', 'CR\nCC C\n202025\n']","['2025C\n00448\n', 'P\n2025\n', 'CP2025\n', 'C\nCC C\nP\n202025\nP\n']",modelv1.0__2026-05-20 20:23:05
D:/moth_photos/database\batch_08\img_moth_00014359.jpg,"[4000, 6000]",36.72549019607843,"['2025DCR\n00329\n', 'Photographedby\nBHarter\n2025\n', 'SanteeCoastalReserve\nCharlestonCoSC\nEFLoPresti\n42March2025\nBaitTrap\n', 'noearmites\nELoPresti2025\n']","['2025DCR\n00329\n', '8\n2025\n', 'CR\nCCC\n422025\nR\n', '2025\n']","['2025C\n00329\n', 'P\n8\n2025\n', 'C\nCCC\nP\n422025\n', 'P2025\n']",modelv1.0__2026-05-20 20:23:05
D:/moth_photos/database\batch_08\img_moth_00014360.jpg,"[4000, 6000]",36.49019607843137,"['2025DCR\n00449\n', 'Photoqraphedby\nBHarter\n2025\n', 'noearmites\nELoPresti2025\n', 'SanteeCoastalReserve\nCharlestonCoSC\nEFLoPresti\n20Mav2025\nPondTrap\n']","['2025DCR\n00449\n', '8\n2025\n', '2025\n', 'CR\nCCC\n202025\n']","['2025C\n00449\n', 'P\n8\n2025\n', 'P2025\n', 'C\nCCC\nP\n202025\nP\n']",modelv1.0__2026-05-20 20:23:05
D:/moth_photos/database\batch_08\img_moth_00014361.jpg,"[4000, 6000]",36.411764705882355,"['2025DCR\n00330\n', 'noearmites\nELoPresti2025\n', 'Photographedby\nBHarter\n2025\n', 'SanteeCoastalReserve\nCharlesfonCoSC\nEFLoPresti\n12March2025\nBaitTrap\n']","['2025DCR\n00330\n', '2025\n', '8\n2025\n', 'CR\nCCC\n122025\nR\n']","['2025C\n00330\n', 'P2025\n', 'P\n8\n2025\n', 'C\nCCC\nP\n122025\n']",modelv1.0__2026-05-20 20:23:05
D:/moth_photos/database\batch_08\img_moth_00014362.jpg,"[4000, 6000]",36.588235294117645,"['Photoqraphedby\nBHarter\n2025\n', 'noearmites\nELoPresti2025\n', '2025DcR\n00450\n', 'San\nCharieston Co\nEF LoPresti\n\n20Mav 2025\nPondTrad\n\niReS\ntee Coastal Reserve\nSC\n\n']","['8\n2025\n', '2025\n', '2025DCR\n00450\n', 'C C\n20 2025\n\nR\nC R\nC\n\n']","['P\n8\n2025\n', 'P2025\n', '2025C\n00450\n', 'C C\nP\n20 2025\n\nP\n\nC\nC\n\n']",modelv1.0__2026-05-20 20:23:05
D:/moth_photos/database\batch_08\img_moth_00014363.jpg,"[4000, 6000]",36.470588235294116,"['2025DCR\n00331\n', 'noearmites\nELoPresti2025\n', 'Photographedby\nBHarter\n2025\n', 'SanteeCoastalReserve\nChariestonCoSC\nEFLoPresti\n42March2025\nBaitTrap\n']","['2025DCR\n00331\n', 'C2025\n', '8\n2025\n', 'CR\nCCC\n422025\nR\n']","['2025C\n00331\n', 'CP2025\n', 'P\n8\n2025\n', 'C\nCCC\nP\n422025\n']",modelv1.0__2026-05-20 20:23:05
D:/moth_photos/database\batch_08\img_moth_00014364.jpg,"[4000, 6000]",36.450980392156865,"['Photographedby\nBHarter\n2025\n', '2025DCR\n00451\n', 'SanteeCoastalReserve\nCharlestonCoSC\nEFLoPresti\n20Mav2025\nPondTrap\n', 'noearmites\nELoPresti2025\nBN\n']","['8\n2025\n', '2025DCR\n00451\n', 'CR\nCCC\n202025\n', 'C2025\n']","['P\n8\n2025\n', '2025C\n00451\n', 'C\nCCC\nP\n202025\nP\n', 'CP2025\n']",modelv1.0__2026-05-20 20:23:05
D:/moth_photos/database\batch_08\img_moth_00014365.jpg,"[4000, 6000]",36.450980392156865,"['2025DCR\n00332\n', 'Photographedby\nBHarter\n2025\n', 'noearmites\nELoPresti2025\n', 'XmiSsf\n\nSanteeCoastalReserve\nCharlestonCoSC\nEFLoPresti\n42March2025\nBaitTrap\n']","['2025DCR\n00332\n', '8\n2025\n', 'R2025\n', 'C\n\nCR\nCCC\n422025\nR\n']","['2025C\n00332\n', 'P\n8\n2025\n', 'P2025\n', 'C\n\nC\nCCC\nP\n422025\n']",modelv1.0__2026-05-20 20:23:05
D:/moth_photos/database\batch_08\img_moth_00014366.jpg,"[4000, 6000]",36.6078431372549,"['2025DCR\n00452\n', 'Photoqraphedby\nBHarter\n2025\n', 'SSiitas\nnoearmites\nELoPresti2025\n', 'Santee Coastal Reserve\nChareston Co\nEF Lopresti\n20Mav 2025\nPondTrad\na\n']","['2025DCR\n00452\n', '8\n2025\n', '2025\n', 'C R\nC C\n20 2025\n2\n']","['2025C\n00452\n', 'P\n8\n2025\n', 'P2025\n', 'C\nC C\nP\n20 2025\nP\n2\n']",modelv1.0__2026-05-20 20:23:05
D:/moth_photos/database\batch_08\img_moth_00014367.jpg,"[4000, 6000]",36.9607843137255,"['2025DCR\n00333\n', 'noear mites\nELoPresti2025\n', 'Photographedby\nBHarter\n2025\n', 'SanteeCoastalReserve\nCharlestonCoSC\nEFLoPresti\n12March2025\nBaitTrap\n']","['2025DCR\n00333\n', '2025\n', '8\n2025\n', 'CR\nCCC\n122025\nR\n']","['2025C\n00333\n', 'P2025\n', 'P\n8\n2025\n', 'C\nCCC\nP\n122025\n']",modelv1.0__2026-05-20 20:23:05
D:/moth_photos/database\batch_08\img_moth_00014368.jpg,"[4000, 6000]",36.64705882352941,"['2025DCR\n00334\n', 'Photoqraphedby\nBHarter\n2025\n', 'noearmites\nELoPresti2025\n', 'SanteeCoastalReserve\nCharlestonCoSC\nEFLoPresti\n12March2025\nBaitTrap\n']","['2025DCR\n00334\n', 'R\n2025\n', '2025\n', 'CR\nCCC\n122025\n']","['2025C\n00334\n', 'P\n2025\n', 'P2025\n', 'C\nCCC\nP\n122025\n']",modelv1.0__2026-05-20 20:23:05
D:/moth_photos/database\batch_08\img_moth_00014369.jpg,"[4000, 6000]",36.80392156862745,"['2025DCR\n00335\n', 'noearmites\nELoPresti2025\n', 'SanteeCoastalReserve\nCharlestonCoSC\nEFLoPresti\n12March2025\nBaitTrao\n', 'Photographedby\nBHarter\nvA0A0\n']","['2025DCR\n00335\n', 'C2025\n', 'CR\nCCC\n122025\nR\n', '8\n040\n']","['2025C\n00335\n', 'CP2025\n', 'C\nCCC\nP\n122025\n', 'P\n8\n040\n']",modelv1.0__2026-05-20 20:23:05
D:/moth_photos/database\batch_08\img_moth_00014370.jpg,"[4000, 6000]",36.627450980392155,"['2025DCR\n00336\n', 'SanteeCoastalReserve\nCharlestonCoSC\nEFtoPresti\n42March2025\nBaitTrap\n', 'Photoqgraphedby\nBHarter\n2025\n', 'noearmites\nELoPresti2025\n']","['2025DCR\n00336\n', 'CR\nCCC\n422025\nR\n', 'R\n2025\n', '2025\n']","['2025C\n00336\n', 'C\nCCC\nP\n422025\n', 'P\n2025\n', 'P2025\n']",modelv1.0__2026-05-20 20:23:05
D:/moth_photos/database\batch_08\img_moth_00014371.jpg,"[4000, 6000]",36.49019607843137,"['2025DCR\n00337\n', 'Photographedby\nBHarter\n2025\n', 'noearmites\nEtoPresti2025\n', 'SanteeCoastalReserve\nCharlestonCoSC\nEFLoPresti\n42March2025\nBaitTrap\n']","['2025DCR\n00337\n', '8\n2025\n', '02025\n', 'CR\nCCC\n422025\nR\n']","['2025C\n00337\n', 'P\n8\n2025\n', '0P2025\n', 'C\nCCC\nP\n422025\n']",modelv1.0__2026-05-20 20:23:05
D:/moth_photos/database\batch_08\img_moth_00014372.jpg,"[4000, 6000]",36.80392156862745,"['2025DCR\n00338\n', 'noearmites\nPn LoPresti2029\n', 'SanteeCoastalReserve\nonCoSC\n\nCh\nDaa a ee Bait\n', 'Photoqraphedby\nBHarter\n2025\n']","['2025DCR\n00338\n', '0\n2029\n', 'CR\n0CC\n\nC\n2D 1\n', 'R\n2025\n']","['2025C\n00338\n', '0\nP2029\n', 'C\n0CC\n\nC\n1\n', 'P\n2025\n']",modelv1.0__2026-05-20 20:23:05
D:/moth_photos/database\batch_08\img_moth_00014373.jpg,"[4000, 6000]",36.40384615384615,"['2025DCR\n00339\n', 'noearmites\nELoPresti2025\n', 'EFLoPresti\n\nIPnAQR2SBal\n', 'Photoqraphedby\nBHarter\n2025\n']","['2025DCR\n00339\n', 'C2025\n', 'R258\n', '8\n2025\n']","['2025C\n00339\n', 'CP2025\n', 'P\n\nPP258\n', 'P\n8\n2025\n']",modelv1.0__2026-05-20 20:23:05
D:/moth_photos/database\batch_08\img_moth_00014374.jpg,"[4000, 6000]",37.0,"['2025DCR\n00340\n', 'Photoqraphedby\nBHarter\n2025\n', 'SanteeCoastalReserve\nwaa CoSC\n\nnahrsBat\n', 'noearmites\nELoPresti2025\n']","['2025DCR\n00340\n', '8\n2025\n', 'CR\nCC\n', '2025\n']","['2025C\n00340\n', 'P\n8\n2025\n', 'CP\nCC\n', 'P2025\n']",modelv1.0__2026-05-20 20:23:05
D:/moth_photos/database\batch_08\img_moth_00014375.jpg,"[4000, 6000]",36.94117647058823,"['2025DCR\n00341\n', 'Photoqraphedby\nBHarter\n2025\n', 'E Loprestlaan\n', 'Santee CoastalReserve\n\nCharleston Co\nEFLoPresti\n42March2025\n']","['2025DCR\n00341\n', '8\n2025\n', '', 'CR\n\nC C\n422025\n']","['2025C\n00341\n', 'P\n8\n2025\n', 'P\n', 'C\n\nC C\nP\n422025\n']",modelv1.0__2026-05-20 20:23:05
D:/moth_photos/database\batch_08\img_moth_00014376.jpg,"[4000, 6000]",36.529411764705884,"['2025DCR\n00342\n', 'Photoqgraphedby\nBHarter\n2025\n', 'noearmites\nELoPresti2025\n\n', 'SanteeCoastalReserve\nCharestonCoSC\nEFLoPresti\n12March2025\nBaitTrap\n']","['2025DCR\n00342\n', '8\n2025\n', '2025\n\n', 'CR\nCCC\n122025\nR\n']","['2025C\n00342\n', 'P\n8W\n2025\n', 'P2025\n\n', 'C\nCCC\nP\n122025\n']",modelv1.0__2026-05-20 20:23:05
D:/moth_photos/database\batch_08\img_moth_00014377.jpg,"[4000, 6000]",36.549019607843135,"['2025DCR\n00343\n', 'Photoqgraphedby\nBHarter\n2025\n', 'SanteeCoastal Reserve\nChariestonCo SC\nEFLoPresti\n42March2025\nBaitTrap\n', 'ale eal mites\nyi Lopresti 2025\n\n']","['2025DCR\n00343\n', '8\n2025\n', 'C R\nCC C\n422025\nR\n', '2025\n\n']","['2025C\n00343\n', 'P\n8\n2025\n', 'C\n\nCC C\nP\n422025\n', 'P 2025\n\n']",modelv1.0__2026-05-20 20:23:05
D:/moth_photos/database\batch_08\img_moth_00014378.jpg,"[4000, 6000]",36.470588235294116,"['ae\n2025 DCR\n90344\n', 'Photographedby\nBHarter\n2025\n', 'Le\nSanteeCoastalReserve\nCharlestonCoSC\nEFLoPresti\n12March2025\nBaitTrap\n', '']","['2025 DCR\n90344\n', '8\n2025\n', 'C\nCR\nCCC\n122025\nR\n', '']","['2025 C\n90344\n', 'P\n8\n2025\n', 'C\nC\nCCC\nPP\n122025\n', '']",modelv1.0__2026-05-20 20:23:05
D:/moth_photos/database\batch_08\img_moth_00014379.jpg,"[4000, 6000]",37.059999999999995,"['2025DCR\n00345\n', 'noearmites\n\nFtoPresti2025\n', 'Photographedby\nBHarter\n2025\n', 'SanteeCoastaltReserve\nCharnestonCoSC\nEFLoPresti\n12March2025\n\nifoat Trap\n']","['2025DCR\n00345\n', '2025\n', '8\n2025\n', 'CR\nCCC\n122025\n']","['2025C\n00345\n', 'P2025\n', 'P\n8W\n2025\n', 'C\nCCC\nP\n122025\n\nP\n']",modelv1.0__2026-05-20 20:23:05
D:/moth_photos/database\batch_08\img_moth_00014380.jpg,"[4000, 6000]",36.84313725490196,"['2025DCR\n00346\n', 'noearmites\ncLoPresti2025\n', 'Photoqraphedby\nBHarter\n2025\n', 'SanteeCoastalReserve\nCharigstonCoSC\n2 EFLoPresti\n\nMpagesBait\n']","['2025DCR\n00346\n', '0\n2025\n', '8\n2025\n', 'CR\nCCC\n2\n']","['2025C\n00346\n', '0\nP2025\n', 'P\n8W\n2025\n', 'C\nCCC\n2 P\n']",modelv1.0__2026-05-20 20:23:05
D:/moth_photos/database\batch_08\img_moth_00014381.jpg,"[4000, 6000]",36.549019607843135,"['2025DCR\n00347\n', 'noear mites\nLoPresti2025\n', 'Photographedby\nBHarter\nvA0A0\n', 'SanteeCoastalReserve\nCharlestonCoSC\nEFLoPresti\n42March2025\n\nMit Trap\n']","['2025DCR\n00347\n', '2025\n', '8\n040\n', 'CR\nCCC\n422025\n']","['2025C\n00347\n', 'P2025\n', 'P\n8\n040\n', 'C\nCCC\nP\n422025\n']",modelv1.0__2026-05-20 20:23:05
D:/moth_photos/database\batch_08\img_moth_00014382.jpg,"[4000, 6000]",36.7843137254902,"['2025DCR\n00348\n', 'SanteeCoastalReserve\nCharlestonCoSC\n\nEFboPresti\nllmae AL 3 S Bait\n', 'Photographedby\nBHarter\n2025\n', 'rn LoPresti2025\n']","['2025DCR\n00348\n', 'CR\nCCC\n\n3 R\n', '8\n2025\n', '2025\n']","['2025C\n00348\n', 'C\nCCC\n\nP\n3\n', 'P\n8\n2025\n', 'P2025\n']",modelv1.0__2026-05-20 20:23:05
D:/moth_photos/database\batch_08\img_moth_00014383.jpg,"[4000, 6000]",36.88235294117647,"['2025DCR\n00349\n', 'noearmites\nELoPresti2025\n', 'SanteeCoastalReserve\nCharlestonCoSC\nEFLoPresti\n12March2025\nBaitTrap\n', 'Photographedby\nBHarter\n2025\n']","['2025DCR\n00349\n', '2025\n', 'CR\nCCC\n122025\nR\n', '8\n2025\n']","['2025C\n00349\n', 'P2025\n', 'C\nCCC\nP\n122025\n', 'P\n8\n2025\n']",modelv1.0__2026-05-20 20:23:05
D:/moth_photos/database\batch_08\img_moth_00014384.jpg,"[4000, 6000]",36.549019607843135,"['2025 ocr\n90350\n', 'ELoPresti2025\n', 'Photoqraphedby\nBHarter\n2025\n', 'SanteeCoastalReserve\nCharlestonCo SC\nEFLoPresti\n42Mareh2025\n\nCaitTrae\n']","['2025\n90350\n', '2025\n', 'R\n2025\n', 'CR\nCC C\n422025\n\nC\n']","['2025\n90350\n', 'P2025\n', 'P\n2025\n', 'C\nCC C\nP\n42W2025\n\nC\n']",modelv1.0__2026-05-20 20:23:05
D:/moth_photos/database\batch_08\img_moth_00014385.jpg,"[4000, 6000]",36.35294117647059,"['2025DCR\n00351\n', 'Photoqraphedby\nBHarter\n2025\n', 'SanteeCoastalReserve\nCharlestonCoSC\n', '']","['2025DCR\n00351\n', '8\n2025\n', 'CR\nCCC\n', '']","['2025C\n00351\n', 'P\n8\n2025\n', 'C\nCCC\n', '']",modelv1.0__2026-05-20 20:23:05
D:/moth_photos/database\batch_08\img_moth_00014386.jpg,"[4000, 6000]",36.80392156862745,"['2025DCR\n00352\n', 'Photographedby\nBHarter\n2025\n', 'no earmites\nELoPresti2025\n', 'SanteeCoastalReserve\nCharlestonCoSC\nEFLoPresti\n12March2025\nBaitTrap\n']","['2025DCR\n00352\n', '8\n2025\n', '2025\n', 'CR\nCC0C\n122025\n']","['2025C\n00352\n', 'P\n8\n2025\n', 'P2025\n', 'C\nCC0C\nP\n122025\n']",modelv1.0__2026-05-20 20:23:05
D:/moth_photos/database\batch_08\img_moth_00014387.jpg,"[4000, 6000]",36.76470588235294,"['2025DCR\n00353\n', 'SanteeCoastalReserve\nCharlestonCoSC\nLoPresti\n\nEF\nI2mah29Bat\n', 'Photoqraphedby\nBHarter\n2025\n', 'noearmites\nELoPresti2025\n']","['2025DCR\n00353\n', 'CR\nCC0C\n\n2298\n', '8\n2025\n', 'C2025\n']","['2025C\n00353\n', 'C\nCC0C\nP\n\n2298\n', 'P\n8\n2025\n', 'CP2025\n']",modelv1.0__2026-05-20 20:23:05
D:/moth_photos/database\batch_08\img_moth_00014388.jpg,"[4000, 6000]",36.88235294117647,"['2025DCR\n00354\n', 'noear mites\nELoPresti2025\n', 'Photographedby\nBHarter\n2025\n', 'SanteeCoastal Reserve\nCharlestonCoSC\nEFLoPresti\n12March2025\n\nZ 1 iT Trap\n']","['2025DCR\n00354\n', '2025\n', '8\n2025\n', 'C R\nCC0C\n122025\n\n1\n']","['2025C\n00354\n', 'P2025\n', 'P\n8\n2025\n', 'C\nCC0C\nP\n122025\n\n1\n']",modelv1.0__2026-05-20 20:23:05
D:/moth_photos/database\batch_08\img_moth_00014389.jpg,"[4000, 6000]",36.627450980392155,"['2025DCR\n00355\n', 'SanteeCoastalReserve\nCharlestonCoSC\n\nEFLoPresti\noma Q75Bait\n', 'Photographedby\nBHarter\n2025\n', '']","['2025DCR\n00355\n', 'CR\nCC0C\n\n275\n', 'R\n2025\n', '']","['2025C\n00355\n', 'CP\nCC0C\n\nP\n275\n', 'P\n2025\n', '']",modelv1.0__2026-05-20 20:23:05
D:/moth_photos/database\batch_08\img_moth_00014390.jpg,"[4000, 6000]",36.3921568627451,"['ChariestonCoSC\n7 EFLoPresti\nMARIBait\n\nSanteeCoastalReserve\n', '2025DCR\n00356\n', 'Photoqraphedby\nBHarter\n2025\n', 'oeal roearmites\nE Lopresti2075 025\n\n']","['CCC\n7\nRD\n\nCR\n', '2025DCR\n00356\n', '8\n2025\n', '0\n2075 025\n\n']","['CCC\n7 P\n\nC\n', '2025C\n00356\n', 'P\n8\n2025\n', '0\nP2075 025\n\n']",modelv1.0__2026-05-20 20:23:05
D:/moth_photos/database\batch_08\img_moth_00014391.jpg,"[4000, 6000]",36.745098039215684,"['2025DCR\n00357\n', 'noear mites\nELoPresti2025\n', 'Photographedby\nBHarter\n2025\n', 'SanteeCoastalReserve\nCharlestenCoSC\n\nEFLoPresti\n2mPR2Bat\n']","['2025DCR\n00357\n', 'C2025\n', '8\n2025\n', 'CR\nCC0C\n\n2R2\n']","['2025C\n00357\n', 'CP2025\n', 'P\n8\n2025\n', 'C\nCC0C\n\nPP\n2P2\n']",modelv1.0__2026-05-20 20:23:05
D:/moth_photos/database\batch_08\img_moth_00014392.jpg,"[4000, 6000]",36.64705882352941,"['2025DCR\n00358\n', 'noearmites\nEL LoPresti2025\n', 'Photographedby\nBHarter\n2025\n', 'SanteeCoastalReserve\nCharlestonCoSC\nEFLoPresti\n12March2025\nBaitTrap\n']","['2025DCR\n00358\n', '2025\n', 'R\n2025\n', 'CR\nCCC\n122025\n']","['2025C\n00358\n', 'P2025\n', 'P\n2025\n', 'C\nCCC\nP\n122025\n']",modelv1.0__2026-05-20 20:23:05
D:/moth_photos/database\batch_08\img_moth_00014393.jpg,"[4000, 6000]",36.588235294117645,"['2025DCR\n00359\n', 'Photographedby\nBHarter\n2025\n', 'SanteeCoastalReserve\nyet CoSC\nEF ek ti\n\nuM Wa Bait\n', '']","['2025DCR\n00359\n', '8\n2025\n', 'CR\nCC\n', '']","['2025C\n00359\n', 'P\n8\n2025\n', 'C\nCC\n\nW\n', '']",modelv1.0__2026-05-20 20:23:05
D:/moth_photos/database\batch_08\img_moth_00014394.jpg,"[4000, 6000]",36.450980392156865,"['2025DCR\n00360\n', 'noearmites\nELoPresti2025\n', 'Photoqraphedby\nBHarter\n2025\n', 'Santee CoastalReserve\n\nCharlestonCo SC\nEFLoPresti\n20Mav2025\n\nAFJCTrap\n\n']","['2025DCR\n00360\n', '2025\n', '8\n2025\n', 'CR\n\nCC C\n202025\nC\n\n']","['2025C\n00360\n', 'P2025\n', 'P\n8\n2025\n', 'C\n\nCC C\nP\n202025\n\nC\n\n']",modelv1.0__2026-05-20 20:23:05
D:/moth_photos/database\batch_08\img_moth_00014395.jpg,"[4000, 6000]",36.49019607843137,"['2025DCR\n00361\n', 'noearmites\nELoPresti2025\n', 'Photographedby\nBHarter\n2025\n', 'SanteeCoastalReserve\nCharlestonCoSC\nELF LoPresti\n20May2025\nAFJCTrap\n']","['2025DCR\n00361\n', '2025\n', '8\n2025\n', 'CR\nCCC\n202025\nC\n']","['2025C\n00361\n', 'P2025\n', 'P\n8\n2025\n', 'C\nCCC\nP\n202025\nC\n']",modelv1.0__2026-05-20 20:23:05
D:/moth_photos/database\batch_08\img_moth_00014396.jpg,"[4000, 6000]",36.92,"['2025DCR\n00362\n', 'noearmites\nELoPresti2025\n', 'SanteeCoastalReserve\nCharlestonCo SC\nEFLoPresti\n20Mav2025\nAFJCTrao\n', 'Photoqraphedby\nBHarter\n2025\n']","['2025DCR\n00362\n', '2025\n', 'CR\nCC C\n202025\nC\n', '8\n2025\n']","['2025C\n00362\n', 'P2025\n', 'C\nCC C\nP\n202025\nC\n', 'P\n8\n2025\n']",modelv1.0__2026-05-20 20:23:05
D:/moth_photos/database\batch_08\img_moth_00014397.jpg,"[4000, 6000]",36.56862745098039,"['noear mites\nELoPresti2025\n', '2025DCR\n00363\n', 'Photographedby\nBHarter\n2025\n', 'be\nSanteeCoastalReserve\nCharlestonCoSC\nEFLoPresti\n20Mav2025\nAFJCTrap\n']","['C2025\n', '2025DCR\n00363\n', '8\n2025\n', 'D\nCR\nCCC\n202025\nC\n']","['CP2025\n', '2025C\n00363\n', 'P\n8\n2025\n', 'C\nCCC\nP\n202025\nC\n']",modelv1.0__2026-05-20 20:23:05
D:/moth_photos/database\batch_08\img_moth_00014398.jpg,"[4000, 6000]",36.588235294117645,"['2025DCR\n\n00364\n', 'Photographedby\nBHarter\n2025\n', 'noearmites\nELoPresti2025\n', 'BC\nSantee CoastalReserve\nCharlestonCoSC\nEFkoPresti\n20Mav2025\nAFJCTrap\n']","['2025DCR\n\n00364\n', 'R\n2025\n', '0\n02025\n', 'C\nCR\nCCC\n202025\nC\n']","['2025C\n\n00364\n', 'P\n2025\n', '0\n0P2025\n', 'C\nC\nCCC\nP\n202025\nC\n']",modelv1.0__2026-05-20 20:23:05
D:/moth_photos/database\batch_08\img_moth_00014399.jpg,"[4000, 6000]",36.839999999999996,"['2025DCR\n00365\n', 'Photographedby\nBHarter\n2025\n', 'SanteeCoastalReserve\nCharlestonCoSC\nEFLoPresti\n20Mav2025\nAFJCTran\n', 'l\nnoeaf mites\nre LoPresti 2025\n']","['2025DCR\n00365\n', '8\n2025\n', 'CR\nCCC\nR\n202025\nC\n', '2025\n']","['2025C\n00365\n', 'P\n8\n2025\n', 'C\nCCC\nP\n202025\nC\n', 'P 2025\n']",modelv1.0__2026-05-20 20:23:05
D:/moth_photos/database\batch_08\img_moth_00014400.jpg,"[4000, 6000]",36.588235294117645,"['2025DCR\n00366\n', 'noearmites\nELoPresti2025\n', 'Photoqraphedby\nBHarter\n2025\n', 'SanteeCoastalReserve\nCharlestonCoSC\nEFLoPresti\n20May2025\nAFJCTrap\n']","['2025DCR\n00366\n', 'C2025\n', '8\n2025\n', 'CR\nCCC\n202025\nC\n']","['2025C\n00366\n', 'CP2025\n', 'P\n8\n2025\n', 'C\nCCC\nP\n202025\nC\n']",modelv1.0__2026-05-20 20:23:05
D:/moth_photos/database\batch_08\img_moth_00014401.jpg,"[4000, 6000]",36.705882352941174,"['noearmites\nELoPresti 2025\n', 'Photographedby\nBHarter\n2025\n', '2025DCR\n00367\n\n', 'SanteeCoastalReserve\nCharnlestonCoSC\nEFLoPresti\n20May2025\nAFJCTrap\n']","['2025\n', '8\n2025\n', '2025DCR\n00367\n\n', 'CR\nCCC\n202025\nC\n']","['P 2025\n', 'P\n8\n2025\n', '2025C\n00367\n\n', 'C\nCCC\nP\n202025\nC\n']",modelv1.0__2026-05-20 20:23:05
D:/moth_photos/database\batch_08\img_moth_00014402.jpg,"[4000, 6000]",36.90196078431373,"['2025DCR\n00368\n', 'Photographedby\nBHarter\n2025\n', 'noearmites\nFLoPresti2025\n', 'SanteeCoastalReserve\nCharnestonCoSC\nEFLoPresti\n20Mav2925\nAFJCTrap\n']","['2025DCR\n00368\n', 'R\n2025\n', '2025\n', 'CR\nCCC\n202925\nC\n']","['2025C\n00368\n', 'P\n2025\n', 'P2025\n', 'C\nCCC\nP\n202925\nC\n']",modelv1.0__2026-05-20 20:23:05
D:/moth_photos/database\batch_08\img_moth_00014403.jpg,"[4000, 6000]",36.90196078431373,"['7025DCR\nQ0369\n', 'Photographedby\nBHarter\n2025\n', 'Santee CoastalReserve\nChariestonCo SC\nEFLoPresti\n20May2025\nAFJCTrap\n', 'calibrite\n']","['7025DCR\n00369\n', '8\n2025\n', 'CR\nCC C\n202025\nC\n', '']","['7025C\n00369\n', 'P\n8\n2025\n', 'C\nCC C\nP\n20W2025\nC\n', '']",modelv1.0__2026-05-20 20:23:05
D:/moth_photos/database\batch_08\img_moth_00014404.jpg,"[4000, 6000]",36.68627450980392,"['Photographedby\nBHarter\n2025\n', 'Sass\n00370\n', 'SanteeCoastalReserve\nCharlestonCoSC\nEFLoPresti\n20Mav2025\nAFJCTrap\n\nee\n']","['8\n2025\n', '00370\n', 'CR\nCCC\n202025\nC\n']","['P\n8\n2025\n', '00370\n', 'C\nCCC\nP\n202025\nC\n']",modelv1.0__2026-05-20 20:23:05
D:/moth_photos/database\batch_08\img_moth_00014405.jpg,"[4000, 6000]",36.72549019607843,"['2025DCR\n00371\n', 'Photographedby\nBHarter\n2025\n', 'SanteeCoastalReserve\nCharlestonCoSC\nEF LoPresti\n20May2025\nAFJCTrap\n', 'calibrite\n']","['2025DCR\n00371\n', 'R\n2025\n', 'CR\nCCC\n202025\nC\n', '']","['2025C\n00371\n', 'P\n2025\n', 'C\nCCC\nP\n202025\nC\n', '']",modelv1.0__2026-05-20 20:23:05
D:/moth_photos/database\batch_08\img_moth_00014406.jpg,"[4000, 6000]",36.509803921568626,"['Photoqgraphedby\nBHarter\n2025\n', 'Santee CoastalReserve\nCharlestonCo\nEFLoPresti\n20Mav2025\nAFJCTrap\n', '2025DCR\n00372\n']","['8\n2025\n', 'CR\nCC\n202025\nC\n', '2025DCR\n00372\n']","['P\n8\n2025\n', 'CP\nCC\nP\n202025\nC\n', '2025PC\n00372\n']",modelv1.0__2026-05-20 20:23:05
D:/moth_photos/database\batch_08\img_moth_00014407.jpg,"[4000, 6000]",36.68627450980392,"['2025DCR\n00373\n', 'Photoqraphedby\nBHarter\n2025\n', 'SanteeCoastalReserve\nCharlestonCoSC\nEFLgPresti\n20Mav2025\nAFJCTrap\n']","['2025DCR\n00373\n', '8\n2025\n', 'CR\nCCC\n202025\nC\n']","['2025C\n00373\n', 'P\n8\n2025\n', 'C\nCCC\nP\n202025\nC\n']",modelv1.0__2026-05-20 20:23:05
D:/moth_photos/database\batch_08\img_moth_00014408.jpg,"[4000, 6000]",36.80392156862745,"['2025DCR\n00374\n', 'Photographedby\nBHarter\n2025\n', 'Santee CoastalReserve\nCharestonCo SC\nEFLoPresti\n20Mav2025\nAFJCTrap\n']","['2025DCR\n00374\n', 'R\n2025\n', 'CR\nCC C\n202025\nC\n']","['2025C\n00374\n', 'P\n2025\n', 'C\nCC C\nP\n202025\nC\n']",modelv1.0__2026-05-20 20:23:05
D:/moth_photos/database\batch_08\img_moth_00014409.jpg,"[4000, 6000]",36.588235294117645,"['2025DCR\n00375\n', 'Photoqraphedby\nBHarter\n2025\n', 'Santee Coastal Reserve\nCnareston\nE F coprest\nQMav 2025\n\n', 'calibrite\n']","['2025DCR\n00375\n', '8\n2025\n', 'C R\nC\n2025\n\n', '']","['2025C\n00375\n', 'P\n8\n2025\n', 'C\nC\nP\nW 2025\n\n', '']",modelv1.0__2026-05-20 20:23:05
D:/moth_photos/database\batch_08\img_moth_00014410.jpg,"[4000, 6000]",36.37254901960784,"['2025DCR\n00376\n', 'Photoqraphedby\nBHarter\n2025\n', 'SanteeCoastalReserve\nCharlestonCoSC\nEFLoPresti\n20May2025\nAFJCTrap\n\n', 'calibrite\n']","['2025DCR\n00376\n', '8\n2025\n', 'CR\nCCC\n202025\nC\n\n', '']","['2025C\n00376\n', 'P\n8\n2025\n', 'C\nCCC\nP\n202025\nC\n\n', '']",modelv1.0__2026-05-20 20:23:05
D:/moth_photos/database\batch_08\img_moth_00014411.jpg,"[4000, 6000]",36.76470588235294,"['2025DCR\n00377\n', 'SanteeCoastalReserve\nChariestonCoSC\nEFLoPresti\n20Mave2025\nAFJCTrap\n', 'Photographedby\nBHarter\n2025\n']","['2025DCR\n00377\n', 'CR\nCCC\n202025\nC\n', 'R\n2025\n']","['2025C\n00377\n', 'C\nCCC\nP\n202025\nC\n', 'P\n2025\n']",modelv1.0__2026-05-20 20:23:05
D:/moth_photos/database\batch_08\img_moth_00014412.jpg,"[4000, 6000]",36.86274509803921,"['9025DCR\n00378\n', 'Photographedby\nBHarter\n2025\n', 'Santee Coastal Reserve\nCharlestonCo SC\neFLoPresti\n20Mav2025\nAFJCTrap\n\nOM\n']","['9025DCR\n00378\n', '8\n2025\n', 'C R\nCC C\n202025\nC\n']","['9025PC\n00378\n', 'P\n8\n2025\n', 'C\nCC C\nP\n202025\nC\n']",modelv1.0__2026-05-20 20:23:05
D:/moth_photos/database\batch_08\img_moth_00014413.jpg,"[4000, 6000]",36.72549019607843,"['2025DCR\n00379\n', 'Photoqraphedby\nBHarter\n2025\n', 'SanteeCoastalReserve\nCharlestonCoSC\nEFLoPresti\n20Mavy2025\nAFJCTrap\n']","['2025DCR\n00379\n', '8\n2025\n', 'CR\nCCC\nC\n202025\nC\n']","['2025C\n00379\n', 'P\n8\n2025\n', 'C\nCCC\nCP\n202025\nC\n']",modelv1.0__2026-05-20 20:23:05
D:/moth_photos/database\batch_08\img_moth_00014414.jpg,"[4000, 6000]",36.509803921568626,"['Photographedby\nBHarter\n2025\n', '2025 DCR\n00380\n', 'SanteeCoastalReserve\nChariestonCoSC\nEFLoPresti\n20May2025\nAFJCTrap\n']","['8\n2025\n', '2025 DCR\n00380\n', 'CR\nCCC\n202025\nC\n']","['P\n8\n2025\n', '2025 C\n00380\n', 'C\nCCC\nP\n202025\nC\n']",modelv1.0__2026-05-20 20:23:05
D:/moth_photos/database\batch_08\img_moth_00014415.jpg,"[4000, 6000]",36.68627450980392,"['Photographedby\nBHarter\n2025\n', '2025DCR\n00382\n', 'tes\n\nno eal mi\n\n', 'SsiitstseF\nSantee Coastal Reserve\nCharleston Co\nEF LoPresti\n20Mav 2025\nGTrailTrap\n\noo\n']","['R\n2025\n', '2025DCR\n00382\n', '', 'C R\nC C\n\n20 2025\n\nC\n']","['P\n2025\n', '2025C\n00382\n', '', 'C\nC C\nP\n20 2025\nC\n']",modelv1.0__2026-05-20 20:23:05
D:/moth_photos/database\batch_08\img_moth_00014416.jpg,"[4000, 6000]",36.56862745098039,"['Photographedby\nBHarter\n2025\n', 'noearmites\nELoPresti2025\n', '2025DCR\n00383\n', 'SanteeCoastalReserve\nChanlestonCoSC\nEFLoPresti\n20Mav2025\nCTrailTrap\n']","['R\n2025\n', '2025\n', '2025DCR\n00383\n', 'CR\nCCC\n202025\nC\n']","['P\n2025\n', 'P2025\n', '2025C\n00383\n', 'C\nCCC\nP\n202025\nC\n']",modelv1.0__2026-05-20 20:23:05
D:/moth_photos/database\batch_08\img_moth_00014417.jpg,"[4000, 6000]",37.02,"['2025DCR\n00384\n', 'noear mites\nELoPresti2025\n', 'Photoqraphedby\nBHarter\n2025\n', 'SanteeCoastalReserve\nCharlastonCoSC\nEFLoPresti\n20Mav2025\nCTrailTrap\n']","['2025DCR\n00384\n', 'C2025\n', '8\n2025\n', 'CR\nCCC\n202025\nC\n']","['2025C\n00384\n', 'CP2025\n', 'P\n8\n2025\n', 'C\nCCC\nP\n202025\nC\n']",modelv1.0__2026-05-20 20:23:05
D:/moth_photos/database\batch_08\img_moth_00014418.jpg,"[4000, 6000]",36.529411764705884,"['noearmites\nELoPresti2025\n', '2025DCR\n00385\n', 'Photographedby\nBHarter\n2025\n', 'Et\nSantee CoastalReserve\nCharleston Co\nEFLoPresti\n20Mav2025\nCTrailTrap\n']","['2025\n', '2025DCR\n00385\n', '8\n2025\n', 'CR\nC C\n202025\nC\n']","['P2025\n', '2025C\n00385\n', 'P\n8\n2025\n', 'C\nC C\nP\n202025\nC\n']",modelv1.0__2026-05-20 20:23:05
D:/moth_photos/database\batch_08\img_moth_00014419.jpg,"[4000, 6000]",36.509803921568626,"['no earmites\nELoPresti2025\n', '2025DCR\n00386\n', 'Photographedby\nBHarter\n2025\n', 'SanteeCoastalReserve\nCharlestonCoSC\nEFLoPresti\n20Mav2025\nCTrailTrao\n']","['2025\n', '2025DCR\n00386\n', '8\n2025\n', 'CR\nCCC\n202025\nC\n']","['P2025\n', '2025C\n00386\n', 'P\n8\n2025\n', 'C\nCCC\nP\n202025\nC\n']",modelv1.0__2026-05-20 20:23:05
D:/moth_photos/database\batch_08\img_moth_00014420.jpg,"[4000, 6000]",36.56862745098039,"['noearmites\nELoPresti2025\n', '2025DCR\n00387\n', 'Photographedby\nBHarter\n2025\n', 'SanteeCoastalReserve\nCharlestonCoSC\nEFLoPresti\n20Mav2025\nCTrailTrao\n\n']","['2025\n', '2025DCR\n00387\n', '8\n2025\n', 'CR\nCCC\n202025\nC\n\n']","['P2025\n', '2025C\n00387\n', 'P\n8\n2025\n', 'C\nCCC\nP\n202025\nC\n\n']",modelv1.0__2026-05-20 20:23:05
D:/moth_photos/database\batch_08\img_moth_00014421.jpg,"[4000, 6000]",36.33333333333333,"['Photoqgraphedby\nBHarter\n2025\n', '2025DCR\n00388\n', 'SanteeCoastalReserve\nCharlestonCoSC\nEF LoPresti\n20Mav2025\n\nCrppseTrav\n']","['8\n2025\n', '2025DCR\n00388\n', 'CR\nCCC\n202025\n\nC\n']","['P\n8\n2025\n', '2025C\n00388\n', 'C\nCCC\nP\n202025\n\nC\n']",modelv1.0__2026-05-20 20:23:05
D:/moth_photos/database\batch_08\img_moth_00014422.jpg,"[4000, 6000]",36.7843137254902,"['2025DCR\n00389\n', 'Photoqraphedby\nBHarter\n2025\n', 'SanteeCoastalReserve\nCharlestonCoSC\nEFLoPresti\n20Mav2025\nCTrailTrap\n']","['2025DCR\n00389\n', '8\n2025\n', 'CR\nCCC\n202025\nC\n']","['2025C\n00389\n', 'P\n8\n2025\n', 'C\nCCC\nP\n202025\nC\n']",modelv1.0__2026-05-20 20:23:05
D:/moth_photos/database\batch_08\img_moth_00014423.jpg,"[4000, 6000]",36.92156862745098,"['2025DCR\n00390\n', 'Photographedby\nBHarter\n2025\n', 'SanteeCoastalReserve\nCharlestonCoSC\nEFLoPresti\n20May2025\nCTrailTrap\n']","['2025DCR\n00390\n', '8\n2025\n', 'CR\nCCC\n202025\nC\n']","['2025C\n00390\n', 'P\n8\n2025\n', 'C\nCCC\nP\n202025\nC\n']",modelv1.0__2026-05-20 20:23:05
D:/moth_photos/database\batch_08\img_moth_00014424.jpg,"[4000, 6000]",36.44230769230769,"['2025DCR\n00391\n', 'Photoqraphedby\n8Harter\n2025\n', 'SanteeCoastalReserve\nCharlestonCoSC\nEFLoPresti\n20Mav2025\nCTrailTrap\n', 'calibrite\n']","['2025DCR\n00391\n', '8\n2025\n', 'CR\nCCC\n202025\nC\n', '']","['2025C\n00391\n', 'P\n8\n2025\n', 'C\nCCC\nP\n202025\nC\n', '']",modelv1.0__2026-05-20 20:23:05
D:/moth_photos/database\batch_08\img_moth_00014425.jpg,"[4000, 6000]",36.666666666666664,"['2025DCR\n00392\n', 'Photographedby\nBHarter\n2025\n', 'SanteeCoastalReserve\nCharlestonCoSC\nEFLoPresti\n20Mav2025\nCTrailTrap\n']","['2025DCR\n00392\n', '8\n2025\n', 'CR\nCCC\n202025\nC\n']","['2025C\n00392\n', 'P\n8\n2025\n', 'C\nCCC\nP\n202025\nC\n']",modelv1.0__2026-05-20 20:23:05
D:/moth_photos/database\batch_08\img_moth_00014426.jpg,"[4000, 6000]",36.627450980392155,"['2025DCR\n00393\n', 'Photographedby\nBHarter\n2025\n', 'SanteeCoastaiReserve\nCharlestonmCoSC\nEFLoPresti\n20Mav2025\nCTrailTrap\n']","['2025DCR\n00393\n', '8\n2025\n', 'CR\nCCC\n202025\nC\n']","['2025C\n00393\n', 'P\n8\n2025\n', 'C\nCCC\nP\n202025\nC\n']",modelv1.0__2026-05-20 20:23:05
D:/moth_photos/database\batch_08\img_moth_00014427.jpg,"[4000, 6000]",37.03921568627451,"['2025DCR\n00394\n', 'Photoqraphedby\nBHarter\n2025\n', 'SanteeCoastalReserve\nCharlestonCoSC\nEFLoPresti\n20Mav2025\nCTrailTrap\n']","['2025DCR\n00394\n', '8\n2025\n', 'CR\nCC0C\n202025\nC\n']","['2025C\n00394\n', 'P\n8\n2025\n', 'C\nCC0C\nP\n202025\nC\n']",modelv1.0__2026-05-20 20:23:05
D:/moth_photos/database\batch_08\img_moth_00014428.jpg,"[4000, 6000]",36.588235294117645,"['2025DCF\n00395\n', 'Photographedby\nBHarter\n2025\n', 'SanteeCoastalReserve\nCharlestonCoSC\nEFLoPresti\n20Mav2025\n\nCTERICTrao\n']","['2025DC\n00395\n', '8\n2025\n', 'CR\nCCC\n202025\n\nCRC\n']","['2025C\n00395\n', 'P\n8\n2025\n', 'C\nCCC\nP\n202025\n\nCC\n']",modelv1.0__2026-05-20 20:23:05
D:/moth_photos/database\batch_08\img_moth_00014429.jpg,"[4000, 6000]",36.450980392156865,"['2025DCR\n00396\n', 'Photographedby\nBHarter\n2025\n', 'StitPUtwnetlt\nSantee CoastalReserve\nCharleston CoS\nEFLoPresti\n90Mav2025\n\nCompbi18\n']","['2025DCR\n00396\n', '8\n2025\n', 'CR\nC C0\n902025\n\nC18\n']","['2025C\n00396\n', 'P\n8\n2025\n', 'P\nC\nC C0\nP\n902025\n\nC18\n']",modelv1.0__2026-05-20 20:23:05
D:/moth_photos/database\batch_08\img_moth_00014430.jpg,"[4000, 6000]",36.86,"['2025DCR\n00397\n', 'Photographedby\nBHarter\n2025\n', 'santeeCoastainesefve\nCharlestonCoSC\nEFLoPresti\n20Mav2025\nCTrailTrap\n']","['2025DCR\n00397\n', '8\n2025\n', 'C\nCCC\n202025\nC\n']","['2025C\n00397\n', 'P\n8\n2025\n', 'C\nCCC\nP\n202025\nC\n']",modelv1.0__2026-05-20 20:23:05
D:/moth_photos/database\batch_08\img_moth_00014431.jpg,"[4000, 6000]",36.450980392156865,"['5025DCR\n00398\n', 'Photographedby\nBHarter\n2025\n', 'SanteeCoastalReserve\nCharestonCoSC\nEFtoPresti\n20Mav2025\nCTrailTrap\n']","['5025DCR\n00398\n', '8\n2025\n', 'CR\nCCC\n202025\nC\n']","['5025PC\n00398\n', 'P\n8\n2025\n', 'C\nCCC\nP\n202025\nC\n']",modelv1.0__2026-05-20 20:23:05
D:/moth_photos/database\batch_08\img_moth_00014432.jpg,"[4000, 6000]",36.32692307692307,"['2025DCR\n00399\n', 'Photoqraphedby\nBHarter\n2025\n', 'SanteeCoaslaineserve\nChanestonCoSC\nEFLoPresti\n20Mav2025\nCTrailTrap\n', 'calibrite\n']","['2025DCR\n00399\n', '8\n2025\n', 'C\nCCC\n202025\nC\n', '']","['2025C\n00399\n', 'P\n8\n2025\n', 'C\nCCC\nP\n202025\nC\n', '']",modelv1.0__2026-05-20 20:23:05
D:/moth_photos/database\batch_08\img_moth_00014433.jpg,"[4000, 6000]",36.470588235294116,"['2025DCR\n00400\n', 'Photoqraphedby\nBHarter\n2025\n', 'SanteeCoastalReserve\nChanestenCoSC\nEFLoPresti\n20Mav2025\n\nCrRAicTrap\n']","['2025DCR\n00400\n', '8\n2025\n', 'CR\nCCC\n202025\n\nCRC\n']","['2025C\n00400\n', 'P\n8\n2025\n', 'C\nCCC\nP\n202025\n\nCWC\n']",modelv1.0__2026-05-20 20:23:05
D:/moth_photos/database\batch_08\img_moth_00014434.jpg,"[4000, 6000]",36.43137254901961,"['Photographedby\nBHarter\n2025\n', 'a\n7025DCR\n90401\n\n', 'SanteeCoastalReserve\nCharlestonCoSC\nEFLoPresti\n29 Mav2025\n\nfeTrap\n']","['8\n2025\n', '7025DCR\n90401\n\n', 'CR\nCCC\n29 2025\n']","['P\n8\n2025\n', '7025C\n90401\n\n', 'C\nCCC\nP\n29 2025\n']",modelv1.0__2026-05-20 20:23:05
D:/moth_photos/database\batch_08\img_moth_00014435.jpg,"[4000, 6000]",36.666666666666664,"['2025DCR\n00402\n', 'Photoqraphedby\nBHarter\n2025\n', 'SanteeCoastalReserve\nCharnestonCoSC\nEFLoPresti\n20Mav2025\nCTrailTrao\n']","['2025DCR\n00402\n', '8\n2025\n', 'CR\nCCC\n202025\nC\n']","['2025C\n00402\n', 'P\n8\n2025\n', 'C\nCCC\nP\n202025\nC\n']",modelv1.0__2026-05-20 20:23:05
D:/moth_photos/database\batch_08\img_moth_00014436.jpg,"[4000, 6000]",36.6078431372549,"['2025DCR\n00403\n', 'Photographedby\nBHarter\n2025\n', 't\nSantee Coastal Reserve\n\nChariestonUO\nEFLoPrest\n20Mav 2025\nCTrail Trap\n\na\n']","['2025DCR\n00403\n', '8\n2025\n', 'C R\n\nC9\n20 2025\nC\n']","['2025C\n00403\n', 'P\n8\n2025\n', 'C\n\nC9\nP\n20 2025\nC\n']",modelv1.0__2026-05-20 20:23:05
D:/moth_photos/database\batch_08\img_moth_00014437.jpg,"[4000, 6000]",36.92156862745098,"['2025DCR\n00404\n', 'Photographedby\nBHarter\n2025\n', 'noearmites\n\nELoPresti2025\n', 'Santee Coastal Reserve\narieston C\n\nCha O\nEFLO Presti\n\n49Mav 2025\nEntrance Trap\n\n']","['2025DCR\n00404\n', '8\n2025\n', 'C2025\n', 'C R\nC\n\nC\n\n49 2025\n\n']","['2025C\n00404\n', 'P\n8\n2025\n', 'CP2025\n', 'C\nC\n\nC\nP\n\n49W 2025\n\n']",modelv1.0__2026-05-20 20:23:05
D:/moth_photos/database\batch_08\img_moth_00014438.jpg,"[4000, 6000]",36.470588235294116,"['noearmites\nELoPresti2025\n', '2025DCR\n00405\n\ntec\n', 'Photoqraphedby\nBHarter\n2025\n', 'SanteeCoastalReserve\nChanestonCoSC\nEFLoPresti\n19Mav2025\nEntranceTrap\n']","['R2025\n', '2025DCR\n00405\n', '8\n2025\n', 'CR\nCCC\n192025\n']","['P2025\n', '2025C\n00405\n', 'P\n8\n2025\n', 'C\nCCC\nP\n192025\n']",modelv1.0__2026-05-20 20:23:05
D:/moth_photos/database\batch_08\img_moth_00014439.jpg,"[4000, 6000]",36.64705882352941,"['noearmites\nELoPresti2025\n', 'Photographedby\nBHarter\n2025\n', 'SanteeCoastalReserve\nCharlestonCoSC\nEFLePresti\n19Mav2025\nEntranceTrap\n', '2025DCR\n00406\n']","['C2025\n', 'R\n2025\n', 'CR\nCCC\n192025\n', '2025DCR\n00406\n']","['CP2025\n', 'P\n2025\n', 'C\nCCC\nP\n192025\n', '2025C\n00406\n']",modelv1.0__2026-05-20 20:23:05
D:/moth_photos/database\batch_08\img_moth_00014440.jpg,"[4000, 6000]",36.84313725490196,"['2025DCR\n00407\n', 'Photoqraphedby\nBHarter\n2025\n', 'SanteeCoastalReserve\nCharlestonCoSC\nEFLoPresti\n19Mav2025\nEntranceTrap\n']","['2025DCR\n00407\n', '8\n2025\n', 'CR\nCCC\n192025\n']","['2025C\n00407\n', 'P\n8\n2025\n', 'C\nCCC\nP\n192025\n']",modelv1.0__2026-05-20 20:23:05
D:/moth_photos/database\batch_08\img_moth_00014441.jpg,"[4000, 6000]",36.588235294117645,"['2025DCR\n00408\n', 'Photoqraphedby\nBHarter\n2025\n', 'SanteeCoastalReserve\nCharlestonCo SC\nEFLoPresti\n19Mav2025\nEntranceTrap\n']","['2025DCR\n00408\n', '8\n2025\n', 'CR\nCC C\n192025\n']","['2025C\n00408\n', 'P\n8\n2025\n', 'C\nCC C\nP\n192025\n']",modelv1.0__2026-05-20 20:23:05
D:/moth_photos/database\batch_08\img_moth_00014442.jpg,"[4000, 6000]",36.666666666666664,"['2025DCR\n00409\n', 'Photographedby\nBHarter\n2025\n', 'SanteeCoastalReserve\nCharlestonCoSC\nEFLoPresti\n19Mav2025\nEntranceTrap\n']","['2025DCR\n00409\n', '8\n2025\n', 'CR\nCCC\n192025\n']","['2025C\n00409\n', 'P\n8\n2025\n', 'C\nCCC\nP\n192025\n']",modelv1.0__2026-05-20 20:23:05
D:/moth_photos/database\batch_08\img_moth_00014443.jpg,"[4000, 6000]",36.64705882352941,"['2025DCR\n00410\n', 'Photographedby\nBHarter\n2025\n', '']","['2025DCR\n00410\n', 'R\n2025\n', '']","['2025C\n00410\n', 'P\n2025\n', '']",modelv1.0__2026-05-20 20:23:05
D:/moth_photos/database\batch_08\img_moth_00014444.jpg,"[4000, 6000]",36.46153846153847,"['2025DCR\n00411\n', 'Photoqraphedby\nBHarter\n2025\n', 'Santee Coastal Reserve\n\nCharneston O\nF oPresti\n49Mav 2025\n\nEntrance Trap\n', 'calibrite\n']","['2025DCR\n00411\n', '8\n2025\n', 'C R\n\nC\n49 2025\n', '']","['2025C\n00411\n', 'P\n8\n2025\n', 'C\n\nC\nP\n49 2025\n', '']",modelv1.0__2026-05-20 20:23:05
D:/moth_photos/database\batch_08\img_moth_00014445.jpg,"[4000, 6000]",36.92,"['2025DCR\n00412\n', 'Photographedby\nBHarter\n2025\n', '49Mav2029\nTrap\n\nEntrance\n']","['2025DCR\n00412\n', '8\n2025\n', '492029\nD\n\nC\n']","['2025C\n00412\n', 'P\n8\n2025\n', '492029\n\nC\n']",modelv1.0__2026-05-20 20:23:05
D:/moth_photos/database\batch_08\img_moth_00014446.jpg,"[4000, 6000]",36.450980392156865,"['2025DCR\n00413\n', 'Photographedby\nBHarter\n2025\n', 'Santee CoastalReserve\nCharlestonCo\nEFLoPresti\n49May2025\nEntranceTrap\n']","['2025DCR\n00413\n', '8\n2025\n', 'CR\nCC\n492025\n']","['2025C\n00413\n', 'P\n8\n2025\n', 'C\nCC\nP\n492025\n']",modelv1.0__2026-05-20 20:23:05
D:/moth_photos/database\batch_08\img_moth_00014447.jpg,"[4000, 6000]",36.56862745098039,"['2025DCR\n00414\n', 'Photographedby\nBHarter\n2025\n', 'SanteeCoastalReserve\nCharlestonCoSC\nEFLoPresti\n19May2025\nEntranceTrap\n']","['2025DCR\n00414\n', '8\n2025\n', 'CR\nCCC\n192025\n']","['2025C\n00414\n', 'P\n8\n2025\n', 'C\nCCC\nP\n192025\n']",modelv1.0__2026-05-20 20:23:05
D:/moth_photos/database\batch_08\img_moth_00014448.jpg,"[4000, 6000]",36.470588235294116,"['2025DCR\n00415\n', 'Photoqraphedby\nBHarter\n2025\n', 'SSi\nnoearmites\n\nELoPresti2025\n', 'Santee CoastalReserve\nCharleston CoSC\nEFLoPresti\n90Mav2025\n\nOAL Trao\n']","['2025DCR\n00415\n', '8\n2025\n', '0\n\n2025\n', 'CR\nC CC\n902025\n']","['2025C\n00415\n', 'P\n8\n2025\n', '0\n\nP2025\n', 'C\nC CC\nP\n90W2025\n']",modelv1.0__2026-05-20 20:23:05
D:/moth_photos/database\batch_08\img_moth_00014449.jpg,"[4000, 6000]",36.6078431372549,"['2025DCR\n00416\n', 'noearmites\nELoPresti2025\n', 'Photographedby\nBHarter\n2025\n', 'SanteeCoastalReserve\nCharlestonCoSC\nEFLoPresti\n20Mav2025\n\nOu 2 Trap\n']","['2025DCR\n00416\n', '0\n2025\n', '8\n2025\n', 'CR\nCCC\n202025\n\n2\n']","['2025C\n00416\n', '0\nP2025\n', 'P\n8\n2025\n', 'C\nCCC\nP\n202025\n\n2\n']",modelv1.0__2026-05-20 20:23:05
D:/moth_photos/database\batch_08\img_moth_00014450.jpg,"[4000, 6000]",37.059999999999995,"['2025DCR\n00417\n', 'Photoqraphedby\nBHarter\n2025\n', 'SanteeCoastalReserve\nChariestonCoSC\nEFLoPresti\n20Mav2025\n\nOrlyTrao\n', 'noear mites\nELoPresti2025\n']","['2025DCR\n00417\n', '8\n2025\n', 'CR\nCCC\n202025\n\nC7\n', '2025\n']","['2025C\n00417\n', 'P\n8\n2025\n', 'C\nCCC\nP\n202025\n\nC7\n', 'P2025\n']",modelv1.0__2026-05-20 20:23:05
D:/moth_photos/database\batch_08\img_moth_00014451.jpg,"[4000, 6000]",36.627450980392155,"['2025DCR\n00418\n', 'noear mites\nELoPresti2025\n', 'Photographedby\nBHarter\n2025\n', '']","['2025DCR\n00418\n', '2025\n', '8\n2025\n', '']","['2025C\n00418\n', 'P2025\n', 'P\n8W\n2025\n', '']",modelv1.0__2026-05-20 20:23:05
D:/moth_photos/database\batch_08\img_moth_00014452.jpg,"[4000, 6000]",36.509803921568626,"['Photoqraphedby\nBHarter\n2025\n', '2025DCR\n00419\n', 'noearmites\nELoPresti2025\n', 'SanteeCoastalReserve\nCharlestonCoSC\nEFLoPresti\n20Mav2025\nOX se Trap\n']","['8\n2025\n', '2025DCR\n00419\n', '0\nR2025\n', 'CR\nCCC\n202025\n0\n']","['P\n8\n2025\n', '2025C\n00419\n', '0\nP2025\n', 'C\nCCC\nP\n202025\n0\n']",modelv1.0__2026-05-20 20:23:05
D:/moth_photos/database\batch_08\img_moth_00014453.jpg,"[4000, 6000]",36.509803921568626,"['2025DCR\n00420\n', 'Photographedby\nBHarter\n2025\n', 'esenve\nCO SC\n\noprestt\n\nSantee\nch oeston\nE\nFitav20 022\nTrad\n\nwy\n\na 7\n']","['2025DCR\n00420\n', 'R\n2025\n', 'C0 C\n\nC 0\n20 022\n\n7\n']","['2025C\n00420\n', 'P\n2025\n', 'C0 C\n\nP\n\nC 0\n20 022\n\n7\n']",modelv1.0__2026-05-20 20:23:05
D:/moth_photos/database\batch_08\img_moth_00014454.jpg,"[4000, 6000]",36.9607843137255,"['S\nbothear mites\nEFL2024\nSF\n', 'Photographedby\nBHarter\n2025\n', '2025DCR\n00453\n', 'eee\nSanteeCoastalReserve\nCharlestonCoSC\nEFLoPresti\n20Mav2025\nLiveOakTrap\n']","['2024\n', 'R\n2025\n', '2025DCR\n00453\n', 'CR\nCCC\n202025\n']","['2024\n', 'P\n2025\n', '2025C\n00453\n', 'C\nCCC\nP\n202025\n']",modelv1.0__2026-05-20 20:23:05
D:/moth_photos/database\batch_08\img_moth_00014455.jpg,"[4000, 6000]",36.9607843137255,"['2025DCR\n00454\n', 'noear mites\nELoPresti2025\n', 'Photographedby\nBHarter\n2025\n', 'SanteeCoastalReserve\nCharlestonCoSC\nEFLoPresti\n20Mav2025\nLiveOakTrao\n']","['2025DCR\n00454\n', '2025\n', 'R\n2025\n', 'CR\nCCC\n202025\n']","['2025C\n00454\n', 'P2025\n', 'P\n2025\n', 'C\nCCC\nP\n202025\n']",modelv1.0__2026-05-20 20:23:05
D:/moth_photos/database\batch_08\img_moth_00014456.jpg,"[4000, 6000]",36.76470588235294,"['2025DCR\n00455\n', 'Photographedby\nBHarter\n2025\n', 'ELoP\n\nmites\n\nresti 2025\n\n', '']","['2025DCR\n00455\n', 'R\n2025\n', '2025\n\n', '']","['2025C\n00455\n', 'P\n2025\n', 'P\n\n2025\n\n', '']",modelv1.0__2026-05-20 20:23:05
D:/moth_photos/database\batch_08\img_moth_00014457.jpg,"[4000, 6000]",36.529411764705884,"['Photographedby\nBHarter\n2025\n', '2025DCR\n00456\n', 'Pnoearmites\nELoPresti 2025\n', 'SanteeCoastalReserve\nCharlestonCoSC\nEFLoPresti\n20Mav2025\nLiveOakTrap\n\n']","['R\n2025\n', '2025DCR\n00456\n', '2025\n', 'CR\nCCC\nC\n202025\n\n']","['P\n2025\n', '2025C\n00456\n', 'P\nP 2025\n', 'C\nCCC\nCP\n202025\n\n']",modelv1.0__2026-05-20 20:23:05
D:/moth_photos/database\batch_08\img_moth_00014458.jpg,"[4000, 6000]",36.88235294117647,"['3025DCR\n00457\n', 'Photographedby\nBHarter\n2025\n', 'SanteeCoastalReserve\nCharlestonCoSC\nEFLoPresti\n20Mav2025\nLiveOakTrap\n', 'a\n\nno\n\nmoeatmites\n']","['3025DCR\n00457\n', '8\n2025\n', 'CR\nCCC\n202025\nC\n', '']","['3025C\n00457\n', 'P\n8\n2025\n', 'CP\nCCC\nP\n202025\nC\n', '']",modelv1.0__2026-05-20 20:23:05
D:/moth_photos/database\batch_08\img_moth_00014459.jpg,"[4000, 6000]",36.6078431372549,"['2025DCR\n00458\n', 'Photoqraphedby\nBHarter\n2025\n', 'SanteeCoastalReserve\nCharlestonCoSC\nEFLoPresti\n20Mav2025\nLiveOakTrap\n']","['2025DCR\n00458\n', 'R\n2025\n', 'CR\nCCC\n202025\n']","['2025C\n00458\n', 'P\n2025\n', 'C\nCCC\nP\n202025\n']",modelv1.0__2026-05-20 20:23:05
D:/moth_photos/database\batch_08\img_moth_00014460.jpg,"[4000, 6000]",36.509803921568626,"['2025DCR\n00459\n', 'Photographedby\nBHarter\n2025\n', 'SanteeCoastalReserve\nCharlestonCoSC\nEFLoPresti\n20Mav2025\nLiveOakTrap\n']","['2025DCR\n00459\n', 'R\n2025\n', 'CR\nCCC\n202025\n']","['2025C\n00459\n', 'P\n2025\n', 'C\nCCC\nP\n202025\n']",modelv1.0__2026-05-20 20:23:05
D:/moth_photos/database\batch_08\img_moth_00014461.jpg,"[4000, 6000]",36.588235294117645,"['2025DCR\n00460\n', 'Photographedby\nBHarter\n2025\n', 'SanteeCoastalReserve\nCharlestonCoSC\nEFLoPresti\n20Mav2025\nLiveOakTrao\n']","['2025DCR\n00460\n', '8\n2025\n', 'CR\nCCC\n202025\n']","['2025C\n00460\n', 'P\n8\n2025\n', 'C\nCCC\nP\n202025\n']",modelv1.0__2026-05-20 20:23:05
D:/moth_photos/database\batch_08\img_moth_00014462.jpg,"[4000, 6000]",36.549019607843135,"['2025DCRI\n00461\n', 'Photographedby\nBHarter\n2025\n', 'eee\nSanteeCoastalReserve\nCharlestonCoSC\nEFLoPresti\n20Mav2025\nLiveOakTrao\n']","['2025DCR\n00461\n', 'R\n2025\n', 'CC\nCR\nCCC\n202025\n']","['2025C\n00461\n', 'P\n2025\n', 'PC\nC\nCCC\nP\n202025\n']",modelv1.0__2026-05-20 20:23:05
D:/moth_photos/database\batch_08\img_moth_00014463.jpg,"[4000, 6000]",36.705882352941174,"['2025DCR\n00462\n', 'Photographedby\nBHarter\n2025\n', 'SanteeCoastalReserve\nCharlestonCoSC\nEFLoPresti\n20Mav2025\nLiveOakTrapo\n']","['2025DCR\n00462\n', 'R\n2025\n', 'CR\nCCC\nC\n202025\n']","['2025C\n00462\n', 'P\n2025\n', 'C\nCCC\nCP\n202025\n']",modelv1.0__2026-05-20 20:23:05
D:/moth_photos/database\batch_08\img_moth_00014464.jpg,"[4000, 6000]",36.76470588235294,"['2025DCR\n00463\n', 'Photographedby\nBHarter\n2025\n', 'SanteeCoastal Reserve\nCharlestonCo SC\nEFLoPresti\n20Mav2025\nLiveOakTrap\n\n']","['2025DCR\n00463\n', '8\n2025\n', 'C R\nCC C\n202025\n\n']","['2025C\n00463\n', 'P\n8\n2025\n', 'C\nCC C\nP\n202025\n\n']",modelv1.0__2026-05-20 20:23:05
D:/moth_photos/database\batch_08\img_moth_00014465.jpg,"[4000, 6000]",37.03921568627451,"['2025DCR\n00464\n', 'Photographedby\nBHarter\n2025\n', 'SanteeCoastalReserve\nCharlestonCoSC\nEFLoPresti\n20Mav2025\nLiveOakTrao\n']","['2025DCR\n00464\n', '8\n2025\n', 'CR\nCCC\n202025\n']","['2025C\n00464\n', 'P\n8\n2025\n', 'C\nCCC\nP\n202025\n']",modelv1.0__2026-05-20 20:23:05
D:/moth_photos/database\batch_08\img_moth_00014466.jpg,"[4000, 6000]",36.76470588235294,"['2025DCR\n00465\n', 'Photographedby\nBHarter\n2025\n', 'eehUmite\nELoPresti2025\n\n', '']","['2025DCR\n00465\n', '8\n2025\n', '2025\n\n', '']","['2025C\n00465\n', 'P\n8\n2025\n', 'P2025\n\n', '']",modelv1.0__2026-05-20 20:23:05
D:/moth_photos/database\batch_08\img_moth_00014467.jpg,"[4000, 6000]",36.7843137254902,"['2025DCR\n00466\n', 'noearmites\nELoPresti2025\n', 'Photographedby\nBHarter\n2025\n', 'SanteeCoastalReserve\nCharlestonCoSC\nEFLoPresti\n20Mav2025\nLiveOakTrap\n']","['2025DCR\n00466\n', '2025\n', '8\n2025\n', 'CR\nCCC\n202025\n']","['2025C\n00466\n', 'P2025\n', 'P\n8\n2025\n', 'C\nCCC\nP\n202025\n']",modelv1.0__2026-05-20 20:23:05
D:/moth_photos/database\batch_08\img_moth_00014468.jpg,"[4000, 6000]",36.88235294117647,"['2025DCR\n00467\n', 'Photographedby\nBHarter\n2025\n', 'SanteeCoastalReserve\nCharlestonCoSC\nEFLoPresti\n20Mav2025\nLiveOakTrap\n']","['2025DCR\n00467\n', '8\n2025\n', 'CR\nCCC\n202025\n']","['2025C\n00467\n', 'P\n8\n2025\n', 'C\nCCC\nP\n202025\n']",modelv1.0__2026-05-20 20:23:05
D:/moth_photos/database\batch_08\img_moth_00014469.jpg,"[4000, 6000]",36.480769230769226,"['Photographedby\nBHarter\n2025\n', '2025DCR\n00468\n', 'SanteeCoastalReserve\nCharlestonCoSC\nEFLoRresti\n20Mav2025\nLiveOakTrap\n']","['8\n2025\n', '2025DCR\n00468\n', 'CR\nCCC\nR\n202025\n']","['P\n8\n2025\n', '2025C\n00468\n', 'CP\nCCC\nP\n202025\n']",modelv1.0__2026-05-20 20:23:05
D:/moth_photos/database\batch_08\img_moth_00014470.jpg,"[4000, 6000]",36.90196078431373,"['2025DCR\n00469\n', 'Photoqraphedby\n8Harter\n2025\n', 'SanteeCoastalReserve\nChanlestonCoSC\nEFLoPrest\n20Mav2025\nLiveOakTrao\n']","['2025DCR\n00469\n', '8\n2025\n', 'CR\nCCC\n202025\nC\n']","['2025C\n00469\n', 'P\n8\n2025\n', 'C\nCCC\nP\n202025\nC\n']",modelv1.0__2026-05-20 20:23:05
D:/moth_photos/database\batch_08\img_moth_00014471.jpg,"[4000, 6000]",36.86274509803921,"['Photographedby\nBHarter\n2025\n', '3025DCR\n00470\n', 'SanteeCoastalReserve\nCharlestonCoSC\nEFLoPresti\n20Mav2025\nLiveOakTrap\n']","['8\n2025\n', '3025DCR\n00470\n', 'CR\nCCC\nR\n202025\n']","['P\n8\n2025\n', '3025C\n00470\n', 'C\nCCC\nP\n202025\n']",modelv1.0__2026-05-20 20:23:05
D:/moth_photos/database\batch_08\img_moth_00014472.jpg,"[4000, 6000]",36.90196078431373,"['2025DCR\n00471\n', 'Photographedby\nBHarter\n2025\n', 'SanteeCoastalReserve\nCharlestonCoSC\nEFLoPresti\n20Mav2025\nLiveOakTrap\n']","['2025DCR\n00471\n', 'R\n2025\n', 'CR\nCCC\n202025\n0\n']","['2025C\n00471\n', 'P\n2025\n', 'C\nCCC\nP\n202025\n0\n']",modelv1.0__2026-05-20 20:23:05
D:/moth_photos/database\batch_08\img_moth_00014473.jpg,"[4000, 6000]",36.705882352941174,"['2025DCR\n00472\n', 'Photographedby\nBHarter\n2025\n', 'SanteeCoastal Reserve\nCharlestonCo\nEFLoPresti\n20Mav2025\nLiveOakTrap\n']","['2025DCR\n00472\n', 'R\n2025\n', 'C R\nCC\n202025\n']","['2025C\n00472\n', 'P\n2025\n', 'C\nCC\nP\n202025\n']",modelv1.0__2026-05-20 20:23:05
D:/moth_photos/database\batch_08\img_moth_00014474.jpg,"[4000, 6000]",36.56862745098039,"['2025 ocrJ\n90473\n', 'Photoqraphedby\n8Harter\n2025\n', 'SanteeCoastalReserve\nCharnestonCoSC\nEFL6Presti\n20Mav2025\nLiveOakTrao\n']","['2025 0CR\n90473\n', '8\n2025\n', 'CR\nCC0C\n6\n202025\nC\n']","['2025 0C\n90473\n', 'P\n8\n2025\n', 'C\nCC0C\n6P\n202025\nC\n']",modelv1.0__2026-05-20 20:23:05
D:/moth_photos/database\batch_08\img_moth_00014475.jpg,"[4000, 6000]",36.86274509803921,"['2025DCR\n00474\n', 'Photoqraphedby\nBHarter\n2025\n', 'ba\nSanteeCoastalReserve\nChanestonCoSC\nEFLoPresti\n20Mav2025\nLiveOakTrap\n']","['2025DCR\n00474\n', '8\n2025\n', 'CR\nCC0C\n202025\n']","['2025C\n00474\n', 'P\n8\n2025\n', 'CP\nCC0C\nP\n202025\n']",modelv1.0__2026-05-20 20:23:05
D:/moth_photos/database\batch_08\img_moth_00014476.jpg,"[4000, 6000]",36.30769230769231,"['Photoqraphedby\n8Harter\n2025\n', '2025DCR\n00475\n\n', 'SanteeCoastalReserve\nCharestonCoSC\nEFLaPresti\n20Mav2025\nLiveOakTrao\n']","['0\n8\n2025\n', '2025DCR\n00475\n\n', 'CR\nCCC\n202025\nC\n']","['P0\n8\n2025\n', '2025C\n00475\n\n', 'C\nCCC\nP\n202025\nC\n']",modelv1.0__2026-05-20 20:23:05
D:/moth_photos/database\batch_08\img_moth_00014477.jpg,"[4000, 6000]",36.7843137254902,"['Photoqraphedby\nBHarter\n2025\n', '2025DCR\n00476\n', 'SanteeCoastalReserve\nChanestonCoSC\nEFLoPresti\n20Mav2025\nLiveOakTrano\n']","['8\n2025\n', '2025DCR\n00476\n', 'CR\nCCC\n202025\n']","['P\n8\n2025\n', '2025C\n00476\n', 'C\nCCC\nP\n202025\n']",modelv1.0__2026-05-20 20:23:05
D:/moth_photos/database\batch_08\img_moth_00014478.jpg,"[4000, 6000]",36.5,"['2025DCR\n00477\n', 'Photoqraphedby\nBHarter\n2025\n', 'SanteeCoastalReserve\nCharlestonCoSC\nEFLoPresti\n20Mav2025\nliveOakTran\n']","['2025DCR\n00477\n', '8\n2025\n', 'CR\nCCC\n202025\n']","['2025C\n00477\n', 'P\n8\n2025\n', 'C\nCCC\nP\n202025\n']",modelv1.0__2026-05-20 20:23:05
D:/moth_photos/database\batch_08\img_moth_00014479.jpg,"[4000, 6000]",36.80392156862745,"['2025DCR\n00478\n', 'a\n\nnoearmites\nELoPresti2025\n', 'Photographedby\nBHarter\n2025\n', 'SanteeCoastalReserve\nCharlestonCoSC\nEFLoPresti\n19Mav2025\nScrubOakTrap\n']","['2025DCR\n00478\n', '2025\n', 'R\n2025\n', 'CR\nCCC\n192025\n']","['2025C\n00478\n', 'P2025\n', 'P\n2025\n', 'CP\nCCC\nP\n192025\n']",modelv1.0__2026-05-20 20:23:05
D:/moth_photos/database\batch_08\img_moth_00014480.jpg,"[4000, 6000]",36.8235294117647,"['Photoqraphedby\nBHarter\n2025\n', '2025DCR\n00479\n', 'ELoPresti 2025\n', '']","['8\n2025\n', '2025DCR\n00479\n', '2025\n', '']","['P\n8\n2025\n', '2025C\n00479\n', 'P 2025\n', '']",modelv1.0__2026-05-20 20:23:05
D:/moth_photos/database\batch_08\img_moth_00014481.jpg,"[4000, 6000]",36.63461538461539,"['Photoqraphedby\n8Horter\n2025\n', 'noearmites\nELoPresti2025\n', '2025DCR\n00480\n', 'SanteeCoastalReserve\n\nCharlestonCoSC\nEFLoPresti\n19May2025\n\nScruvOakTrao\n\n']","['8\n2025\n', '2025\n', '2025DCR\n00480\n', 'CR\n\nCC0C\n192025\n0\n\n']","['P\n8\n2025\n', 'P2025\n', '2025C\n00480\n', 'C\n\nCC0C\nP\n192025\n\n0\n\n']",modelv1.0__2026-05-20 20:23:05
D:/moth_photos/database\batch_08\img_moth_00014482.jpg,"[4000, 6000]",36.92156862745098,"['Photoqraphedby\nBHarter\n2025\n', '2025DCR\n00481\n', 'SanteeCoastal Reserve\nCharleston CoSC\nEFLoPresti\n19Mayv2025\nScrubOakTrap\n', 'ELoPresti2025\nA\n\nnoearmites\n\n']","['8\n2025\n', '2025DCR\n00481\n', 'C R\n\nC CC\nC\n192025\n', '2025\n\n']","['P\n8\n2025\n', '2025C\n00481\n', 'C\n\nC CC\nCP\n192025\n', 'P2025\n\n']",modelv1.0__2026-05-20 20:23:05
D:/moth_photos/database\batch_08\img_moth_00014483.jpg,"[4000, 6000]",36.549019607843135,"['Photographedby\nBHarter\n2025\n', '2025DCR\n00482\n', 'noearmites\nELoPresti2025\n', 'l\nSanteeCoastal Reserve\nCharestan CoS\nEF LoPresti\n49Mav 2025\nScrubOak Trap\n']","['8\n2025\n', '2025DCR\n00482\n', '2025\n', 'C R\nC C0\n49 2025\n0\n']","['P\n8\n2025\n', '2025C\n00482\n', 'P2025\n', 'C\nC C0\nP\n49 2025\n0\n']",modelv1.0__2026-05-20 20:23:05
D:/moth_photos/database\batch_08\img_moth_00014484.jpg,"[4000, 6000]",37.0,"['Photoqraphedby\n8Harter\n2025\n', 'noearmites\nE LoPresti2025\n', '7025DCR\n00483\n', 'SanteeCoastalReserve\nCharlestonCoSC\nEFLoPresti\n19Mav2025\nScrubOakTrap\n']","['8\n2025\n', '2025\n', '7025DCR\n00483\n', 'CR\nCCC\n192025\n']","['P\n8\n2025\n', 'P2025\n', '7025C\n00483\n', 'C\nCCC\nP\n192025\n']",modelv1.0__2026-05-20 20:23:05
D:/moth_photos/database\batch_08\img_moth_00014485.jpg,"[4000, 6000]",36.8235294117647,"['Photoqraphedby\nBHarter\n2025\n', '2025DCR\n00484\n', 'noearmites\nELoPresti2025\n', 'SanteeCoastalReserve\nCharlestonCoSC\nEFLoPresti\n19Mav2025\nScrubOakTrap\n']","['8\n2025\n', '2025DCR\n00484\n', 'C2025\n', 'CR\nCCC\n192025\n']","['P\n8\n2025\n', '2025C\n00484\n', 'CP2025\n', 'C\nCCC\nP\n192025\n']",modelv1.0__2026-05-20 20:23:05
D:/moth_photos/database\batch_08\img_moth_00014486.jpg,"[4000, 6000]",36.40384615384615,"['Photoqraphedby\nBHarter\n2025\n', '2025DCR\n00485\n', 'noear mites\nE LoPresti 2025\n', 'SanteeCoastalReserve\nChanestonCoSC\nEFLoPresti\n19Mav2025\nScrubOakTrap\n']","['8\n2025\n', '2025DCR\n00485\n', '2025\n', 'CR\nCCC\n192025\n']","['P\n8\n2025\n', '2025C\n00485\n', 'P 2025\n', 'C\nCCC\nP\n192025\n']",modelv1.0__2026-05-20 20:23:05
D:/moth_photos/database\batch_08\img_moth_00014487.jpg,"[4000, 6000]",36.40384615384615,"['2025DCR\n00486\n', 'Photographedby\nBHarter\n2025\n', 'noearmites\nELoPresti2025\n', 'SanteeCoastalReserve\nCharlestonCoSC\nEFLoPresti\n19May2025\nScrubOakTrap\n']","['2025DCR\n00486\n', '8\n2025\n', '2025\n', 'CR\nCCC\nC\n192025\n']","['2025C\n00486\n', 'P\n8\n2025\n', 'P2025\n', 'C\nCCC\nCP\n192025\n']",modelv1.0__2026-05-20 20:23:05
D:/moth_photos/database\batch_08\img_moth_00014488.jpg,"[4000, 6000]",36.5,"['2025DCR\n00487\n', 'Photoqraphedby\n8Harter\n2025\n', 'noear mites\nELoPresti2025\n', 'SanteeCoastalReserve\nCharestonCoSC\nEFLoPresti\n49Mav2025\nScrubOakTrap\n\nis\n']","['2025DCR\n00487\n', '8\n2025\n', '2025\n', 'CR\nCCC\n0\n492025\n']","['2025C\n00487\n', 'P\n8\n2025\n', 'P2025\n', 'C\nCCC\n0P\n492025\n']",modelv1.0__2026-05-20 20:23:05
D:/moth_photos/database\batch_08\img_moth_00014489.jpg,"[4000, 6000]",36.86274509803921,"['2025DCR\n00488\n', 'Photoqraphedby\nBHarter\nY404e\n', 'SanteeCoastalReserve\nCharlestonCoSC\nEFLoPresti\n19Mav2025\n\nScrubOakTrap\n']","['2025DCR\n00488\n', '8\n404\n', 'CR\nCCC\n192025\n']","['2025C\n00488\n', 'P\n8\n404\n', 'C\nCCC\nP\n192025\n']",modelv1.0__2026-05-20 20:23:05
D:/moth_photos/database\batch_08\img_moth_00014490.jpg,"[4000, 6000]",36.627450980392155,"['2025DCR\n00489\n', 'Photoqraphedby\nBHarter\n2025\n', 'Santee Coastal Reserve\n\nYX\nCnariestor Co\nF oprest\n\nL\n49Mav 2025\n\nScrub\n\nOakTrao\n\n', 'calibrite\n']","['2025DCR\n00489\n', '8\n2025\n', 'C R\n\nC C\n\n49 2025\n\n11\n\n', '']","['2025C\n00489\n', 'P\n8\n2025\n', 'C P\n\nC C\nP\n\n49W 2025\n\n11\n\n', '']",modelv1.0__2026-05-20 20:23:05
D:/moth_photos/database\batch_08\img_moth_00014491.jpg,"[4000, 6000]",36.68627450980392,"['2025DCR\n00490\n', 'Photoqraphedby\nBHarter\n2025\n', 'SanteeCoastalReserve\nChariestonCoSC\nEFoPresti\n19Mav2025\nScrubOakTrap\n']","['2025DCR\n00490\n', '8\n2025\n', 'CR\nCCC\n192025\n']","['2025C\n00490\n', 'P\n8\n2025\n', 'C\nCCC\nP\n192025\n']",modelv1.0__2026-05-20 20:23:05
D:/moth_photos/database\batch_08\img_moth_00014492.jpg,"[4000, 6000]",36.86274509803921,"['2025DCR\n00491\n', 'Photoqraphedby\nBHarter\n2025\n', 'SanteeCoastalReserve\nCharlestonCoSC\nEFLoPresti\n19Mav2025\nScrubOakTrap\n']","['2025DCR\n00491\n', '8\n2025\n', 'CR\nCCC\n192025\n']","['2025C\n00491\n', 'P\n8\n2025\n', 'C\nCCC\nP\n192025\n']",modelv1.0__2026-05-20 20:23:05
D:/moth_photos/database\batch_08\img_moth_00014493.jpg,"[4000, 6000]",36.666666666666664,"['2025DCR\n00492\n', 'Photographedby\nBHarter\n2025\n', 'SanteeCoastalReserve\nCharlestonCoSC\nEFLoPresti\n19Mav2025\nScrubOakTrap\n']","['2025DCR\n00492\n', 'R\n2025\n', 'CR\nCCC\n192025\n']","['2025C\n00492\n', 'P\n2025\n', 'C\nCCC\nP\n192025\n']",modelv1.0__2026-05-20 20:23:05
D:/moth_photos/database\batch_08\img_moth_00014494.jpg,"[4000, 6000]",36.7843137254902,"['2025DCR\n00493\n', 'Photographedby\nBHarter\n2025\n', 'StF\nSantee Coastal Reserve\n\nCharleston Co\nEF oPresti\n49Mav 2025\n\nScrubOak Trap\n']","['2025DCR\n00493\n', '8\n2025\n', 'C R\n\nC C\n49 2025\n0\n']","['2025C\n00493\n', 'P\n8\n2025\n', 'C\n\nC C\nP\n49 2025\n\n0\n']",modelv1.0__2026-05-20 20:23:05
D:/moth_photos/database\batch_08\img_moth_00014495.jpg,"[4000, 6000]",36.92156862745098,"['2025DCR\n00494\n', 'Photoqraphedby\nBHarter\n2025\n', 'Santee CoastalReserve\n\nCharleston O\nEF Lopresti\n\n49Mav 2025\nScrub OakTrap\n\n']","['2025DCR\n00494\n', '8\n2025\n', 'CR\n\nC\n\n49 2025\n\n']","['2025C\n00494\n', 'P\n8\n2025\n', 'C\n\nC\nP\n\n49 2025\n\n']",modelv1.0__2026-05-20 20:23:05
D:/moth_photos/database\batch_08\img_moth_00014496.jpg,"[4000, 6000]",36.529411764705884,"['2025DCR\n00495\n', 'Photographedby\nBHarter\n2025\n', 'SanteeCoastalReserve\nCharlestonCoSC\nEFLoPresti\n19Mav2025\nScrubOakTrap\n']","['2025DCR\n00495\n', '8\n2025\n', 'CR\nCCC\n192025\n']","['2025C\n00495\n', 'P\n8\n2025\n', 'C\nCCC\nP\n192025\n']",modelv1.0__2026-05-20 20:23:05
D:/moth_photos/database\batch_08\img_moth_00014497.jpg,"[4000, 6000]",36.86274509803921,"['2025DCR\n00496\n', 'Photographedby\nBHarter\n2025\n', 'SanteeCoastalReserve\nCharlestonCoSC\nEFL6Presti\n19Mav2025\nScrubOakTrap\n']","['2025DCR\n00496\n', '8\n2025\n', 'CR\nCCC\n6\n192025\n']","['2025C\n00496\n', 'P\n8\n2025\n', 'C\nCCC\n6P\n192025\n']",modelv1.0__2026-05-20 20:23:05
D:/moth_photos/database\batch_08\img_moth_00014498.jpg,"[4000, 6000]",36.80392156862745,"['2025DCR\n00497\n', 'Photographedby\nBHarter\n2025\n', 'SanteeCoastalReserve\nCharlestonCoSC\nEFLoPresti\n49Mav2025\nScrubOakTrapo\n']","['2025DCR\n00497\n', 'R\n2025\n', 'CR\nCC0C\n492025\n']","['2025C\n00497\n', 'P\n2025\n', 'C\nCC0C\nP\n492025\n']",modelv1.0__2026-05-20 20:23:05
D:/moth_photos/database\batch_08\img_moth_00014499.jpg,"[4000, 6000]",36.64705882352941,"['2025DCR\n00498\n', 'Photographedby\nBHarter\n2025\n', '49Mav2025\nScrubOakTrap\n\n']","['2025DCR\n00498\n', '8\n2025\n', '492025\nC\n\n']","['2025C\n00498\n', 'P\n8W\n2025\n', '492025\nC\n\n']",modelv1.0__2026-05-20 20:23:05
D:/moth_photos/database\batch_08\img_moth_00014500.jpg,"[4000, 6000]",36.90196078431373,"['2025DCR\n00499\n', 'Photoqraphedby\nBHarter\n2025\n', 'SanteeCoastalReserve\nCharlestonCoSC\nEFLoPresti\n19Mav2025\nScrubOakTrap\n']","['2025DCR\n00499\n', '8\n2025\n', 'CR\nCCC\n192025\n']","['2025C\n00499\n', 'P\n8\n2025\n', 'C\nCCC\nPP\n192025\n']",modelv1.0__2026-05-20 20:23:05
D:/moth_photos/database\batch_08\img_moth_00014501.jpg,"[4000, 6000]",36.666666666666664,"['2025DCR\n00500\n', 'Photographedby\nBHarter\n2025\n', 'SanteeCoastalReserve\nCharlestonCoSC\nEFLoPresti\n19Mav2025\nScrubOakTrap\n']","['2025DCR\n00500\n', '8\n2025\n', 'CR\nCCC\n192025\n']","['2025C\n00500\n', 'P\n8\n2025\n', 'C\nCCC\nP\n192025\n']",modelv1.0__2026-05-20 20:23:05
D:/moth_photos/database\batch_08\img_moth_00014502.jpg,"[4000, 6000]",36.76470588235294,"['2025DCR\n00501\n', 'Photographedby\nBHarter\n2025\n', 'SanteeCoastalReserve\nCharlestonCoSC\nEFLoPresti\n19Mav2025\nScrubOakTrap\n']","['2025DCR\n00501\n', '8\n2025\n', 'CR\nCCC\n192025\n']","['2025C\n00501\n', 'P\n8\n2025\n', 'C\nCCC\nP\n192025\n']",modelv1.0__2026-05-20 20:23:05
D:/moth_photos/database\batch_08\img_moth_00014503.jpg,"[4000, 6000]",36.68627450980392,"['2025DCR\n00502\n', 'Photoqraphedby\nBHarter\n2025\n', 'SanteeCoastalReserve\nCharlestonCoSC\nEFLoPresti\n19Mav2025\nScrubOakTrap\n']","['2025DCR\n00502\n', '8\n2025\n', 'CR\nCCC\nR\n192025\n']","['2025C\n00502\n', 'P\n8\n2025\n', 'C\nCCC\nP\n192025\n']",modelv1.0__2026-05-20 20:23:05
D:/moth_photos/database\batch_08\img_moth_00014504.jpg,"[4000, 6000]",36.88235294117647,"['2025DCR\n00503\n', 'Photographedby\nBHarter\n2025\n', 'SanteeCoastalReserve\nCharlestonCoSC\nEFLoPresti\n19Mav2025\nScrubOakTrap\n']","['2025DCR\n00503\n', 'R\n2025\n', 'CR\nCCC\n192025\n']","['2025C\n00503\n', 'P\n2025\n', 'CP\nCCC\nP\n192025\n']",modelv1.0__2026-05-20 20:23:05
D:/moth_photos/database\batch_08\img_moth_00014505.jpg,"[4000, 6000]",36.72549019607843,"['2025DCR\n00504\n', 'Photographedby\nBHarter\n2025\n', 'E LoPresti2025\n', 'SanteeCoastalReserve\nCharlestonCoSC\nEFLoPresti\n19Mav2025\nPondTrap\n']","['2025DCR\n00504\n', '8\n2025\n', '2025\n', 'CR\nCCC\n192025\n']","['2025C\n00504\n', 'P\n8\n2025\n', 'P2025\n', 'C\nCCC\nP\n192025\nP\n']",modelv1.0__2026-05-20 20:23:05
D:/moth_photos/database\batch_08\img_moth_00014506.jpg,"[4000, 6000]",37.02,"['2025DCR\n00505\n', 'Photographedby\nBHarter\n2025\n', 'noearmites\nELoPresti2025\n', 'SanteeCoastalReserve\nCharlestonCoSC\nEFLoPresti\n49Mav2025\nPondTrap\n']","['2025DCR\n00505\n', '8\n2025\n', '2025\n', 'CR\nCCC\n492025\n']","['2025C\n00505\n', 'P\n8\n2025\n', 'P2025\n', 'C\nCCC\nP\n492025\nP\n']",modelv1.0__2026-05-20 20:23:05
D:/moth_photos/database\batch_08\img_moth_00014507.jpg,"[4000, 6000]",36.529411764705884,"['2025DCR\n00506\n', 'noearmjtes\nELoPresti2025\n', 'Photographedby\nBHarter\n2025\n', 'SanteeCoastalReserve\nChariestonCoSC\nEFLoPresti\n19Mav2025\nPondTrap\n']","['2025DCR\n00506\n', '2025\n', '8\n2025\n', 'CR\nCCC\n192025\n']","['2025C\n00506\n', 'P2025\n', 'P\n8\n2025\n', 'C\nCCC\nP\n192025\nP\n']",modelv1.0__2026-05-20 20:23:05
D:/moth_photos/database\batch_08\img_moth_00014508.jpg,"[4000, 6000]",37.080000000000005,"['2025DCR\n00507\n', 'Photographedby\nBHarter\n2025\n', 'noearmites\nELoPresti2025\n', 'Santee CoastalReserve\nCharlestonCoSC\n\nEFLoPresti\n19Mav2025\nPondTrap\n']","['2025DCR\n00507\n', '8\n2025\n', '2025\n', 'CR\nCC0C\n\n192025\n']","['2025C\n00507\n', 'P\n8\n2025\n', 'P2025\n', 'C\nCC0C\n\nP\n192025\nP\n']",modelv1.0__2026-05-20 20:23:05
D:/moth_photos/database\batch_08\img_moth_00014509.jpg,"[4000, 6000]",36.6078431372549,"['2025DCR\n00508\n', 'Photographedby\nBHarter\n2025\n', 'noearmites\nFLoPresti 2025\n\ntiS\n', 'SanteeCoastalReserve\nCharlestonCoSC\nEFLoPresti\n19Mav2025\nPondTrap\n']","['2025DCR\n00508\n', '8\n2025\n', '2025\n\nC\n', 'CR\nCCC\n192025\n']","['2025C\n00508\n', 'P\n8\n2025\n', 'P 2025\n\nC\n', 'C\nCCC\nP\n192025\nP\n']",modelv1.0__2026-05-20 20:23:05
D:/moth_photos/database\batch_08\img_moth_00014510.jpg,"[4000, 6000]",36.37254901960784,"['2025DCR\n00509\n', 'Photographedby\nBHarter\n2025\n', 'noearmites\nELoPresti2025\n', 'SanteeCoastalReserve\nCharlestonCoSC\nEFLoPresti\n19Mav2025\nPondTrap\n']","['2025DCR\n00509\n', 'R\n2025\n', '2025\n', 'CR\nCCC\n192025\n']","['2025C\n00509\n', 'P\n2025\n', 'P2025\n', 'C\nCCC\nP\n192025\nP\n']",modelv1.0__2026-05-20 20:23:05
D:/moth_photos/database\batch_08\img_moth_00014511.jpg,"[4000, 6000]",36.56862745098039,"['2025DCR\n00510\n', 'Photographedby\nBHarter\n2025\n', 'SanteeCoastalReserve\nCharlestonCoSC\nEFLePresti\n19May2025\nPondTrap\n', '']","['2025DCR\n00510\n', '8\n2025\n', 'CR\nCCC\nR\n192025\n', '']","['2025C\n00510\n', 'P\n8\n2025\n', 'C\nCCC\nP\n192025\nP\n', '']",modelv1.0__2026-05-20 20:23:05
D:/moth_photos/database\batch_08\img_moth_00014512.jpg,"[4000, 6000]",36.627450980392155,"['2025DCR\n00511\n', 'Photographedby\nBHarter\n2025\n', 'Santee CoastalReserve\nCharleston Co\nELP LoPresti\n49Mav2025\nPondTrap\n']","['2025DCR\n00511\n', '8\n2025\n', 'CR\nC C\n492025\n']","['2025C\n00511\n', 'P\n8\n2025\n', 'C\nC C\nP P\n492025\nP\n']",modelv1.0__2026-05-20 20:23:05
D:/moth_photos/database\batch_08\img_moth_00014513.jpg,"[4000, 6000]",36.56862745098039,"['5025DCR\n00512\n', 'Photographedby\nBHarter\n2025\n', 'Santee CoastalReserve\nCharlestonCoSC\nEFLoPresti\n19Mav2025\nPondTrapo\n']","['5025DCR\n00512\n', 'R\n2025\n', 'CR\nCCC\n192025\n']","['5025PC\n00512\n', 'P\n2025\n', 'C\nCCC\nP\n192025\nP\n']",modelv1.0__2026-05-20 20:23:05
D:/moth_photos/database\batch_08\img_moth_00014514.jpg,"[4000, 6000]",37.0,"['2025DCR\n00513\n', 'Photographedby\nBHarter\n2025\n', 'SanteeCoastalReserve\nCharlestonCoSC\nEFLoPresti\n19Mav2025\nPondTrap\n']","['2025DCR\n00513\n', '8\n2025\n', 'CR\nCCC\n192025\n']","['2025C\n00513\n', 'P\n8\n2025\n', 'C\nCCC\nP\n192025\nP\n']",modelv1.0__2026-05-20 20:23:05
D:/moth_photos/database\batch_08\img_moth_00014515.jpg,"[4000, 6000]",36.3921568627451,"['Photographedby\nBHarter\n2025\n', '2025DCR\n00514\n', 'Santee CoastalReserve\nCharleston Co\nEF LoPresti\n49Mav2025\nPondTrap\n']","['8\n2025\n', '2025DCR\n00514\n', 'CR\nC C\n492025\n']","['P\n8\n2025\n', '2025C\n00514\n', 'C\nC C\nP P\n492025\nP\n']",modelv1.0__2026-05-20 20:23:05
D:/moth_photos/database\batch_08\img_moth_00014516.jpg,"[4000, 6000]",36.3921568627451,"['2025DCR\n00515\n', 'Photographedby\nBHarter\n2025\n', 'Santee CoastalReserve\nCharlestonCo\nEFLoPresti\n49Mav2025\nPondTrap\n']","['2025DCR\n00515\n', 'R\n2025\n', 'CR\nCC\n492025\nD\n']","['2025C\n00515\n', 'P\n2025\n', 'C\nCC\nP\n492025\nP\n']",modelv1.0__2026-05-20 20:23:05
D:/moth_photos/database\batch_08\img_moth_00014517.jpg,"[4000, 6000]",36.529411764705884,"['2025DCR\n00516\n', 'Photoqraphedby\nBHarter\n2025\n', 'SanteeCoastalReserve\nCharlestonCoSC\nEFLoPresti\n19Mav2025\nPondTrap\n']","['2025DCR\n00516\n', '8\n2025\n', 'CR\nCCC\n192025\n']","['2025PC\n00516\n', 'P\n8\n2025\n', 'C\nCCC\nP\n192025\nP\n']",modelv1.0__2026-05-20 20:23:05
D:/moth_photos/database\batch_08\img_moth_00014518.jpg,"[4000, 6000]",36.49019607843137,"['2025DCR\n00517\n', 'Photoqraphedby\n8Harter\n2025\n', 'SanteeCoastalReserve\nCharlestonCoSC\nEFLoPresti\n19Mav2025\nPondTrap\n']","['2025DCR\n00517\n', '8\n2025\n', 'CR\nCCC\n192025\n']","['2025C\n00517\n', 'P\n8\n2025\n', 'C\nCCC\nP\n192025\nP\n']",modelv1.0__2026-05-20 20:23:05
D:/moth_photos/database\batch_08\img_moth_00014519.jpg,"[4000, 6000]",37.02,"['9025DCR\n00518\n', 'Photoqraphedby\nBHarter\n2025\n', 'el\nSanteeCoastalReserve\nCharlestonCoSC\nEFLoPresti\n19Mav2025\nPondTrap\n']","['9025DCR\n00518\n', '8\n2025\n', 'CR\nCCC\n192025\n']","['9025C\n00518\n', 'P\n8\n2025\n', 'C\nCCC\nP\n192025\nP\n']",modelv1.0__2026-05-20 20:23:05
D:/moth_photos/database\batch_08\img_moth_00014520.jpg,"[4000, 6000]",36.549019607843135,"['Photoqraphedby\nBHarter\n2025\n', '2025DCR\n00519\n', 'SanteeCoastal Reserve\nCharlestonCo SC\nEFkoPresti\n49Mav2025\nPondTrap\n']","['8\n2025\n', '2025DCR\n00519\n', 'C R\nCC C\n492025\n']","['P\n8\n2025\n', '2025C\n00519\n', 'C\nCC C\nP\n492025\nP\n']",modelv1.0__2026-05-20 20:23:05
D:/moth_photos/database\batch_08\img_moth_00014521.jpg,"[4000, 6000]",36.90196078431373,"['Photographedby\nBHarter\n2025\n', '2025DCR\n00520\n\n', 'noearmites\nELoPresti2025\n', 'SanteeCoastalReserve\nCharlestonCoSC\nEFLoPresti\n19Mav2025\nBaitTrap\n']","['R\n2025\n', '2025DCR\n00520\n\n', '0\n2025\n', 'CR\nCCC\n192025\nR\n']","['P\n2025\n', '2025C\n00520\n\n', '0\nP2025\n', 'C\nCCC\nP\n192025\n']",modelv1.0__2026-05-20 20:23:05
D:/moth_photos/database\batch_08\img_moth_00014522.jpg,"[4000, 6000]",36.86274509803921,"['Ssh\nbothearmites\n\nEFL2024\n\nEE\n', 'Photographedby\nBHarter\n2025\n', '2025DCR\n00521\n', 'SanteeCoastalReserve\nCharlestonCoSC\nEFLoPresti\n19May2025\nBaitTrap\n']","['2024\n', '8\n2025\n', '2025DCR\n00521\n', 'CR\nCCC\n192025\nR\n']","['2024\n', 'P\n8\n2025\n', '2025C\n00521\n', 'C\nCCC\nP\n192025\n']",modelv1.0__2026-05-20 20:23:05
D:/moth_photos/database\batch_08\img_moth_00014523.jpg,"[4000, 6000]",36.411764705882355,"['2025DCR\n00522\n', 'noear mites\nELoPresti 2025\n', 'Photoqgraphedby\nBHarter\n2025\n', 'SanteeCoastalReserve\nCharlestonCoSC\nEFLoPresti\n19May2025\nBaitTrap\n']","['2025DCR\n00522\n', '2025\n', '8\n2025\n', 'CR\nCCC\n192025\nR\n']","['2025C\n00522\n', 'P 2025\n', 'P\n8\n2025\n', 'C\nCCC\nP\n192025\n']",modelv1.0__2026-05-20 20:23:05
D:/moth_photos/database\batch_08\img_moth_00014524.jpg,"[4000, 6000]",36.411764705882355,"['Photographedby\nBHarter\n2025\n', 'no neat mites\nc1opresti2022\n', '2025 ocr\n90523\n', 'SanteeCoastalReserve\nCharnestonCoSC\nEFL6Presti\n19May2025\nBaitTrap\n']","['8\n2025\n', 'C102022\n', '2025\n90523\n', 'CR\nCCC\n6\n192025\n']","['P\n8\n2025\n', 'C10P2022\n', '2025\n90523\n', 'C\nCCC\n6P\n192025\n']",modelv1.0__2026-05-20 20:23:05
D:/moth_photos/database\batch_08\img_moth_00014525.jpg,"[4000, 6000]",36.666666666666664,"['2025DCR\n00524\n', 'Photographedby\nBHarter\n2025\n', 'SanteeCoastalReserve\n\nCharlestonCoSC\nEFLoPresti\n19May2025\n\nBaitTrap\n', 'noearmites\n\nELoPresti2025\n']","['2025DCR\n00524\n', '8\n2025\n', 'CR\n\nCCC\n192025\nR\n', '2025\n']","['2025C\n00524\n', 'P\n8\n2025\n', 'C\n\nCCC\nP\n192025\n', 'P2025\n']",modelv1.0__2026-05-20 20:23:05
D:/moth_photos/database\batch_08\img_moth_00014526.jpg,"[4000, 6000]",36.98039215686274,"['noearmites\nELoPresti2025\n', '2025DCR\n00525\n', 'Photographedby\nBHarter\n2025\n', 'SanteeCoastalReserve\nCharlestonCoSC\nEFLoPresti\n19May2025\nBaitTrap\n']","['C2025\n', '2025DCR\n00525\n', '8\n2025\n', 'CR\nCCC\n192025\nR\n']","['CP2025\n', '2025C\n00525\n', 'P\n8\n2025\n', 'C\nCCC\nP\n192025\n']",modelv1.0__2026-05-20 20:23:05
D:/moth_photos/database\batch_08\img_moth_00014527.jpg,"[4000, 6000]",37.0,"['2025DCR\n00526\n', 'Photographedby\nBHarter\n2025\n', 'SanteeCoastalReserve\nCharlestonCoSC\nEFLoPresti\n19May2025\nBaitTrap\n', 'noearmites\nELoPresti2025\n']","['2025DCR\n00526\n', '8\n2025\n', 'CR\nCC0C\n192025\n', '2025\n']","['2025C\n00526\n', 'P\n8\n2025\n', 'C\nCC0C\nP\n192025\n', 'P2025\n']",modelv1.0__2026-05-20 20:23:05
D:/moth_photos/database\batch_08\img_moth_00014528.jpg,"[4000, 6000]",36.94117647058823,"['Photographedby\nBHarter\n2025\n', 'SanteeCoastalReserve\nCharlestonCoSC\nEFlsoPresti\n19Mavy2025\nBaitTrap\n', '2025 pcr\n90527\n', 'noearmites\nELoPresti 2025\n']","['R\n2025\n', 'CR\nCCC\n192025\nR\n', '2025\n90527\n', '2025\n']","['P\n2025\n', 'C\nCCC\nP\n192025\n', '2025\n90527\n', 'P 2025\n']",modelv1.0__2026-05-20 20:23:05
D:/moth_photos/database\batch_08\img_moth_00014529.jpg,"[4000, 6000]",36.57692307692308,"['2025DCR\n00528\n\n', 'Photographedby\nBHarter\n2025\n', 'ale earmites\nELoPresti2025\n', 'SanteeCoastalReserve\nCharlestonCoSC\nEFLoPresti\n19May2025\nBaitTrap\n']","['2025DCR\n00528\n\n', '8\n2025\n', 'C2025\n', 'CR\nCCC\n192025\n']","['2025C\n00528\n\n', 'P\n8\n2025\n', 'CP2025\n', 'CP\nCCC\nP\n192025\n']",modelv1.0__2026-05-20 20:23:05
D:/moth_photos/database\batch_08\img_moth_00014530.jpg,"[4000, 6000]",36.40384615384615,"['2025DCR\n00529\n', 'Photographedby\nBHarter\n2025\n', 'noearmites\n', 'tt\nSantee CoastalReserve\nCharleston CoSC\nEF LoRresti\n49Mav2025\nBaitTrad\n']","['2025DCR\n00529\n', 'R\n2025\n', '0\n', 'CR\nC CC\nR\n492025\n\nR\n']","['2025C\n00529\n', 'P\n2025\n', '0\n', 'C\nC CC\n492025\n']",modelv1.0__2026-05-20 20:23:05
D:/moth_photos/database\batch_08\img_moth_00014531.jpg,"[4000, 6000]",36.7843137254902,"['2025DCR\n00530\n', 'oanteeCoastalReserve\nCharlestonCoSC\nEFLoPresti\n19May2025\nBaitTrap\n', 'noearmites\nELoPresti2025\n', 'Photographedby\nBHarter\n2025\n']","['2025DCR\n00530\n', 'CR\nCCC\n192025\n', '2025\n', '8\n2025\n']","['2025C\n00530\n', 'C\nCCC\nP\n192025\n', 'P2025\n', 'P\n8\n2025\n']",modelv1.0__2026-05-20 20:23:05
D:/moth_photos/database\batch_08\img_moth_00014532.jpg,"[4000, 6000]",37.0,"['2025DCR\n00531\n', 'noearmites\nELoPresti2025\n', 'Photographedby\nBHarter\n2025\n', 'SanteeCoastalReserve\nCharlestonCoSC\nEFLoPresti\n19May2025\nBaitTrap\n\n']","['2025DCR\n00531\n', '2025\n', '8\n2025\n', 'CR\nCCC\n192025\nR\n\n']","['2025C\n00531\n', 'P2025\n', 'P\n8\n2025\n', 'C\nCCC\nP\n192025\n\n']",modelv1.0__2026-05-20 20:23:05
D:/moth_photos/database\batch_08\img_moth_00014533.jpg,"[4000, 6000]",36.86,"['2025DCR\n00532\n', 'Photographedby\nBHarter\n2025\n', 'SanteeCoastalReserve\nCharlestonCoSC\nEFLoPresti\n19Mav2025\nBaitTrap\n', 'noear mites\nELoPresti2025\n']","['2025DCR\n00532\n', '8\n2025\n', 'CR\nCCC\n192025\n', '2025\n']","['2025C\n00532\n', 'P\n8\n2025\n', 'C\nCCC\nP\n192025\n', 'P2025\n']",modelv1.0__2026-05-20 20:23:05
D:/moth_photos/database\batch_08\img_moth_00014534.jpg,"[4000, 6000]",36.64705882352941,"['Photoqraphedby\nBHarter\n2025\n', '2025DCR\n00533\n', 'SanteeCoastalReserve\nCharlestonCoSC\nEFLoPresti\n19May2025\nBaitTrap\n']","['8\n2025\n', '2025DCR\n00533\n', 'CR\nCCC\n192025\n']","['P\n8\n2025\n', '2025C\n00533\n', 'CP\nCCC\nP\n192025\n']",modelv1.0__2026-05-20 20:23:05
D:/moth_photos/database\batch_08\img_moth_00014535.jpg,"[4000, 6000]",36.588235294117645,"['2025DCR\n\n00534\n', 'Photographedby\nBHarter\n2025\n', 'Santee CoastalReserve\n\nCharlestonCo SC\nEFLoPresti\n49May2025\n\nBaitTrap\n']","['2025DCR\n\n00534\n', '8\n2025\n', 'CR\n\nCC C\n492025\nR\n']","['2025C\n\n00534\n', 'P\n8\n2025\n', 'C\n\nCC C\nP\n492025\n']",modelv1.0__2026-05-20 20:23:05
D:/moth_photos/database\batch_08\img_moth_00014536.jpg,"[4000, 6000]",36.839999999999996,"['2025DCR\n00535\n', 'Photographedby\nBHarter\n2025\n', 'i\n\nSanteeCoastalReserve\nCharlestonCoSC\nEFL6Presti\n19May2025\nBaitTrap\n']","['2025DCR\n00535\n', 'R\n2025\n', 'CR\nCCC\n6\n192025\n']","['2025C\n00535\n', 'P\n2025\n', 'C\nCCC\n6P\n192025\n']",modelv1.0__2026-05-20 20:23:05
D:/moth_photos/database\batch_08\img_moth_00014537.jpg,"[4000, 6000]",37.059999999999995,"['2025DCR\n00536\n', 'Photographedby\nBHarter\n2025\n', 'SanteeCoastalReserve\nCharlestonCoSC\nEFLoPresti\n19May2025\nBaitTrap\n']","['2025DCR\n00536\n', '2025\n', 'CR\nCCC\n192025\n']","['2025C\n00536\n', 'P\n2025\n', 'C\nCCC\nP\n192025\n']",modelv1.0__2026-05-20 20:23:05
D:/moth_photos/database\batch_08\img_moth_00014538.jpg,"[4000, 6000]",36.64705882352941,"['2025DCR\n00537\n', 'Photographedby\nBHarter\n2025\n', 'Santee CoastalReserve\nCharleston Co\nEF LoPresti\n49Mav 2025\nBaitTrap\n\nrl\n']","['2025DCR\n00537\n', 'R\n2025\n', 'CR\nC C\n49 2025\nRD\n']","['2025C\n00537\n', 'P\n2025\n', 'C\n\nC C\nP\n49 2025\n']",modelv1.0__2026-05-20 20:23:05
D:/moth_photos/database\batch_08\img_moth_00014539.jpg,"[4000, 6000]",36.470588235294116,"['s\n7025 ocr\n00538\n\n', 'Photographedby\nBHarter\n2025\n', 'SanteeCoastalReserve\nCharlestonCoSC\nEFLoRresti\n19May2025\nBaitTrap\n']","['7025\n00538\n\n', 'R\n2025\n', 'CR\nCCC\nR\n192025\n']","['7025\n00538\n\n', 'P\n2025\n', 'C\nCCC\nP\n192025\n']",modelv1.0__2026-05-20 20:23:05
D:/moth_photos/database\batch_08\img_moth_00014540.jpg,"[4000, 6000]",37.080000000000005,"['2025DCR\n00539\n', 'Photographedby\nBHarter\n2025\n', 'xxigf\nSanteeCoastalReserve\n\nCharleston CoSC\nEFLoPresti\n19May2025\n\nBaitTrap\n', 'noearmites\nELoPresti2025\n']","['2025DCR\n00539\n', '8\n2025\n', 'CR\n\nC CC\n6\n192025\n\nR\n', 'C2025\n']","['2025C\n00539\n', 'P\n8\n2025\n', 'C\n\nC CC\n6P\n192025\n', 'CP2025\n']",modelv1.0__2026-05-20 20:23:05
D:/moth_photos/database\batch_08\img_moth_00014541.jpg,"[4000, 6000]",36.64705882352941,"['2025DCR\n00540\n', 'noearmites\nELoPresti2025\n', 'SanteeCoastalReserve\nCharlestonCoSC\nEFLoPresti\n19May2025\nBaitTrap\n', 'Photographedby\nBHarter\n2025\n']","['2025DCR\n00540\n', '0\n2025\n', 'CR\nCC0C\n192025\nR\n', 'R\n2025\n']","['2025C\n00540\n', '0\nP2025\n', 'C\nCC0C\nP\n192025\n', 'P\n2025\n']",modelv1.0__2026-05-20 20:23:05
D:/moth_photos/database\batch_08\img_moth_00014542.jpg,"[4000, 6000]",37.04,"['2025DCR\n00541\n', 'SanteeCoastalReserve\nCharlestonCoSC\nEFLoPresti\n19May2025\nBaitTrap\n', 'Photographedby\nBHarter\n2025\n', 'noearmites\nELoPresti2025\n']","['2025DCR\n00541\n', 'CR\nCCC\n192025\n', '8\n2025\n', 'C2025\n']","['2025C\n00541\n', 'CP\nCCC\nP\n192025\n', 'P\n8\n2025\n', 'CP2025\n']",modelv1.0__2026-05-20 20:23:05
D:/moth_photos/database\batch_08\img_moth_00014543.jpg,"[4000, 6000]",37.04,"['2025 DCR\n00542\n', 'Photographedby\nBHarter\n2025\n', 'SanteeCoastalReserve\nCharlestonCoSC\nEFLoPresti\n19May2025\nBaitTrap\n', 'noearmites\nELoPresti2025\n']","['2025 DCR\n00542\n', 'R\n2025\n', 'CR\nCCC\n192025\nR\n', '2025\n']","['2025 C\n00542\n', 'P\n2025\n', 'C\nCCC\nP\n192025\n', 'P2025\n']",modelv1.0__2026-05-20 20:23:05
D:/moth_photos/database\batch_08\img_moth_00014544.jpg,"[4000, 6000]",36.98,"['2025DCR\n90543\n', 'Photographedby\nBHarter\n2025\n', 'noearmites\nELoPresti2025\n', 'SanteeCoastalReserve\nCharlestonCoSC\nEFLoPresti\n19May2025\nBaitTrap\n']","['2025DCR\n90543\n', 'R\n2025\n', '2025\n', 'CR\nCCC\n192025\n']","['2025C\n90543\n', 'P\n2025\n', 'P2025\n', 'C\nCCC\nP\n192025\n']",modelv1.0__2026-05-20 20:23:05
D:/moth_photos/database\batch_08\img_moth_00014545.jpg,"[4000, 6000]",36.43137254901961,"['2025DCR\n90544\n', 'Photographedby\nBHarter\n2025\n', 'SanteeCoastalReserve\nCharlestonCoSC\nEFLoPresti\n19May2025\nBaitTrap\n', 'ee\nnoearmites\nELoPresti2025\n']","['2025DCR\n90544\n', 'R\n2025\n', 'CR\nCCC\n192025\nR\n', '2025\n']","['2025C\n90544\n', 'P\n2025\n', 'C\nCCC\nP\n192025\n', 'P2025\n']",modelv1.0__2026-05-20 20:23:05
D:/moth_photos/database\batch_08\img_moth_00014546.jpg,"[4000, 6000]",36.6078431372549,"['2025DCR\n00545\n', 'Photographedby\nBHarter\n2025\n', 'SanteeCoastalReserve\nCharlestonCoSC\nEFLoPresti\n49May2025\nBaitTrap\n']","['2025DCR\n00545\n', '8\n2025\n', 'CR\nCCC\n492025\nR\n']","['2025C\n00545\n', 'P\n8\n2025\n', 'C\nCCC\n\nP\n\n492025\n']",modelv1.0__2026-05-20 20:23:05
D:/moth_photos/database\batch_08\img_moth_00014547.jpg,"[4000, 6000]",37.02,"['2025DCR\n00546\n', 'Photographedby\nBHarter\n2025\n', 'SanteeCoastalReserve\nCharlestonCoSC\nEFLoPresti\n19May2025\nBaitTrap\n']","['2025DCR\n00546\n', '8\n2025\n', 'CR\nCCC\n192025\n']","['2025C\n00546\n', 'P\n8\n2025\n', 'C\nCCC\nP\n192025\n']",modelv1.0__2026-05-20 20:23:05
D:/moth_photos/database\batch_08\img_moth_00014548.jpg,"[4000, 6000]",36.43137254901961,"['2025DCR\n00547\n', 'Photographedby\nBHarter\n2025\n', 'antee oastalReserve\nCharleston CoSC\nEF LoRresti\n49Mav 2025\nBaitTrap\n']","['2025DCR\n00547\n', '8\n2025\n', 'R\nC CC\nR\n49 2025\nRD\n']","['2025C\n00547\n', 'P\n8\n2025\n', 'C CC\n49 2025\n']",modelv1.0__2026-05-20 20:23:05
D:/moth_photos/database\batch_08\img_moth_00014549.jpg,"[4000, 6000]",36.9,"['2025DCR\n00548\n', 'Photographedby\nBHarter\n2025\n', 'oanteeCoastalReserve\nCharlestonCoSC\nEFLoPresti\n19May2025\nBaitTrap\n']","['2025DCR\n00548\n', 'R\n2025\n', 'CR\nCCC\n192025\nR\n']","['2025C\n00548\n', 'P\n2025\n', 'C\nCCC\nP\n192025\n']",modelv1.0__2026-05-20 20:23:05
D:/moth_photos/database\batch_08\img_moth_00014550.jpg,"[4000, 6000]",36.94,"['2025DCR\n00549\n', 'Photographedby\nBHarter\n2025\n', 'xex4\nSantee CoastalReserve\n\nCharlestonCo SC\nEFLoPresti\n49May2025\n\nBaitTrap\n']","['2025DCR\n00549\n', '8\n2025\n', '4\nCR\n\nCC C\n492025\nR\n']","['2025C\n00549\n', 'P\n8\n2025\n', '4\nC\n\nCC C\nP\n492025\n']",modelv1.0__2026-05-20 20:23:05
D:/moth_photos/database\batch_08\img_moth_00014551.jpg,"[4000, 6000]",37.02,"['2025DCR\n00550\n', 'Photoqraphedby\nBHarter\n2025\n', 'SanteeCoastalReserve\n\nCharlestonCoSC\nFLoPresti\n19May2025\n\nBaitTrap\n']","['2025DCR\n00550\n', '8\n2025\n', 'CR\n\nCCC\n192025\nR\n']","['2025C\n00550\n', 'P\n8\n2025\n', 'C\n\nCCC\nP\n192025\n']",modelv1.0__2026-05-20 20:23:05
D:/moth_photos/database\batch_08\img_moth_00014552.jpg,"[4000, 6000]",36.94,"['2025DCR\n00551\n', 'Photographedby\nBHarter\n2025\n', 'SanteeCoastalKeserve\nCharlestonCoSC\nEFLoPresti\n19Mav2025\nBaitTrap\n']","['2025DCR\n00551\n', '8\n2025\n', 'CR\nCCC\n192025\n']","['2025C\n00551\n', 'P\n8\n2025\n', 'C\nCCC\nP\n192025\n']",modelv1.0__2026-05-20 20:23:05
D:/moth_photos/database\batch_08\img_moth_00014553.jpg,"[4000, 6000]",37.02,"['2025DCR\n00552\n', 'noearmites\nELoPresti2025\n', 'Photographedby\nBHarter\n2025\n', 'SanteeCoastalReserve\nCharlestonCoSC\nEFLoPresti\n19Mav2025\nCCH2Trap\n']","['2025DCR\n00552\n', '2025\n', '8\n2025\n', 'CR\nCCC\n192025\nCC2\n']","['2025C\n00552\n', 'P2025\n', 'P\n8\n2025\n', 'C\nCCC\nP\n192025\nCC2\n']",modelv1.0__2026-05-20 20:23:05
D:/moth_photos/database\batch_08\img_moth_00014554.jpg,"[4000, 6000]",36.43137254901961,"['noearmites\nELoPresti2025\n', '2025DCR\n00553\n', 'SanteeCoastalReserve\nCharlestonCoSC\nEFLoPresti\n19Mav2025\nCCH2Trap\n', 'Photographedby\nBHarter\n2025\n']","['2025\n', '2025DCR\n00553\n', 'CR\nCCC\n192025\nCC2\n', '8\n2025\n']","['P2025\n', '2025C\n00553\n', 'C\nCCC\nP\n192025\nCC2\n', 'P\n8W\n2025\n']",modelv1.0__2026-05-20 20:23:05
D:/moth_photos/database\batch_08\img_moth_00014555.jpg,"[4000, 6000]",36.6078431372549,"['2025DCR\n00554\n', 'Photographedby\nBHarter\n2025\n', 'noearmites\nELoPresti 2025\n', 'SanteeCoastalReserve\nCharlestonCoSC\nEFLoPresti\n19Mav2025\nCCH2Trap\n']","['2025DCR\n00554\n', 'R\n2025\n', '2025\n', 'CR\nCCC\n192025\nCC2\n']","['2025C\n00554\n', 'P\n2025\n', 'P 2025\n', 'C\nCCC\nP\n192025\nCC2\n']",modelv1.0__2026-05-20 20:23:05
D:/moth_photos/database\batch_08\img_moth_00014556.jpg,"[4000, 6000]",36.800000000000004,"['2025DCR\n00555\n', 'Photoqraphedby\nBHarter\n2025\n', 'noearmites\nELoPresti2025\n', 'SanteeCoastalReserve\nChariestonCoSC\nEFCoPresti\n19Mav2025\nCCH2Trap\n']","['2025DCR\n00555\n', '8\n2025\n', '2025\n', 'CR\nCCC\nC\n192025\nCC2\n']","['2025C\n00555\n', 'P\n8\n2025\n', 'P2025\n', 'C\nCCC\nCP\n192025\nCC2\n']",modelv1.0__2026-05-20 20:23:05
D:/moth_photos/database\batch_08\img_moth_00014557.jpg,"[4000, 6000]",37.0,"['2025DCR\n00556\n', 'Photographedby\nBHarter\n2025\n', 'SanteeCoastalReserve\nCharlestonCoSC\nEFLoPresti\n19Mav2025\nCCH2Trao\n']","['2025DCR\n00556\n', '8\n2025\n', 'CR\nCCC\n192025\nCC2\n']","['2025C\n00556\n', 'P\n8\n2025\n', 'C\nCCC\nP\n192025\nCC2\n']",modelv1.0__2026-05-20 20:23:05
D:/moth_photos/database\batch_08\img_moth_00014558.jpg,"[4000, 6000]",36.96,"['2025DCR\n00557\n', 'Photoqgraphedby\nBHarter\n2025\n', 'SanteeCoastalReserve\nCharlestonCoSC\nEFLoPresti\n19Mav2025\nCCH2Tran\n']","['2025DCR\n00557\n', 'R\n2025\n', 'CR\nCCC\n192025\nCC2\n']","['2025PC\n00557\n', 'P\n2025\n', 'C\nCCC\nP\n192025\nCC2\n']",modelv1.0__2026-05-20 20:23:05
D:/moth_photos/database\batch_08\img_moth_00014559.jpg,"[4000, 6000]",36.37254901960784,"['2025DCR\n00558\n', 'Photographedby\nBHarter\n2025\n', 'SanteeCoastalReserve\nCharlestonCoSC\nEFLoPresti\n19Mav2025\nCCH2Trap\n']","['2025DCR\n00558\n', '8\n2025\n', 'CR\nCCC\n192025\nCC2\n']","['2025C\n00558\n', 'P\n8\n2025\n', 'C\nCCC\nP\n192025\nCC2\n']",modelv1.0__2026-05-20 20:23:05
D:/moth_photos/database\batch_08\img_moth_00014560.jpg,"[4000, 6000]",36.86,"['2025DCR\n00559\n', 'Photoqraphedby\nBHarter\n2025\n', 'SanteeCoastalReserve\nCharlestonCoSC\nEFLoPresti\n19Mav2025\nCC2Trap\n']","['2025DCR\n00559\n', '8\n2025\n', 'CR\nCCC\n192025\nCC2\n']","['2025C\n00559\n', 'P\n8\n2025\n', 'C\nCCC\nP\n192025\nCC2\n']",modelv1.0__2026-05-20 20:23:05
D:/moth_photos/database\batch_08\img_moth_00014561.jpg,"[4000, 6000]",36.470588235294116,"['2025DCF\n00560\n', 'Photoqraphedby\nBHarter\n2025\n', 'sttDE\nSantee Coastal Reserve\n\nCharneston Co\noO EF LaPresti\n1 2Mav2025\n\nCCH2TraD\n']","['2025DCR\n00560\n', '8\n2025\n', 'D\nC R\n\nC C\n1 22025\nCC2D\n']","['2025C\n00560\n', 'P\n8\n2025\n', 'P\nC\n\nC C\nP\n1 22025\n\nCC2\n']",modelv1.0__2026-05-20 20:23:05
D:/moth_photos/database\batch_08\img_moth_00014562.jpg,"[4000, 6000]",36.9,"['2025DCR\n00561\n', 'Photoqraphedby\n8Harter\n2025\n', 'alReserve\nC\n\nCharestonCO\nFLoPrestl\n\nCCH211O0es\n\n']","['2025DCR\n00561\n', '8\n2025\n', 'R\nC\n\nCC\nC\n\nCC2110\n\n']","['2025C\n00561\n', 'P\n8\n2025\n', 'C\n\nCC\nCP\n\nCC2110\n\n']",modelv1.0__2026-05-20 20:23:05
D:/moth_photos/database\batch_08\img_moth_00014563.jpg,"[4000, 6000]",36.56862745098039,"['2025DCR\n00562\n\n', 'Photographedby\nBHarter\n2025\n', 'vanteeCoastalReserve\nCharlestonCoSC\nEFL6oPresti\n9 98Mav2025\nCCH2Trap\n']","['2025DCR\n00562\n\n', '8\n2025\n', 'CR\nCCC\n6\n9 982025\n\nCC2\n']","['2025C\n00562\n\n', 'P\n8\n2025\n', 'C\nCCC\n6P\n9 982025\n\nCC2\n']",modelv1.0__2026-05-20 20:23:05
D:/moth_photos/database\batch_08\img_moth_00014564.jpg,"[4000, 6000]",36.739999999999995,"['2025DCR\n00563\n', 'Photographedby\nBHarter\n2025\n', 'Santee CoastalReserve\nCharlestonCo\nEF oPresti\n49Mav 2025\nCCH2TraD\n']","['2025DCR\n00563\n', 'R\n2025\n', 'CR\nCC\n49 2025\nCC2D\n']","['2025C\n00563\n', 'P\n2025\n', 'C\nCC\nP\n49 2025\nCC2\n']",modelv1.0__2026-05-20 20:23:05
D:/moth_photos/database\batch_08\img_moth_00014565.jpg,"[4000, 6000]",36.620000000000005,"['Photographedby\nBHarter\n2025\n', '2025DCR\n00564\n', 'SanteeCoastalReserve\nCharestonCoSC\nEFLoPresti\n19Mav2025\nCCH2Trap\n']","['8\n2025\n', '2025DCR\n00564\n', 'CR\nCCC\n192025\nCC2\n']","['P\n8\n2025\n', '2025C\n00564\n', 'C\nCCC\nP\n192025\nCC2\n']",modelv1.0__2026-05-20 20:23:05
D:/moth_photos/database\batch_08\img_moth_00014566.jpg,"[4000, 6000]",36.470588235294116,"['2025 pcr\n90565\n', 'Photographedby\nBHarter\n2025\n', 'Santee Coastal Reserve\nChariestonCoSC\nEFLoPresti\n19Mav2025\nCCH2Trap\n\n']","['2025\n90565\n', '8\n2025\n', 'C R\n\nCCC\n192025\nCC2\n\n']","['2025\n90565\n', 'P\n8\n2025\n', 'C\nCCC\nP\n192025\nCC2\n\n']",modelv1.0__2026-05-20 20:23:05
D:/moth_photos/database\batch_08\img_moth_00014567.jpg,"[4000, 6000]",36.82,"['a\n\n2025DCR\n00566\n', 'Photoqraphedby\nBHarter\n2025\n', 'SanteeCoastalReserve\nCharlestonCoSC\nEFLoPresti\n19Mav2025\nCCH2Trap\n']","['2025DCR\n00566\n', '8\n2025\n', 'CR\nCC0C\n192025\nCC2\n']","['2025C\n00566\n', 'P\n8\n2025\n', 'C\nCC0C\nP\n192025\nCC2\n']",modelv1.0__2026-05-20 20:23:05
D:/moth_photos/database\batch_08\img_moth_00014568.jpg,"[4000, 6000]",36.82,"['2025DCR\n00567\n', 'Photographedby\nBHarter\n2025\n', 'SanteeCoastalReserve\nCharlestonCoSC\nEFLoPresti\n19Mav2025\nCCH2Trap\n']","['2025DCR\n00567\n', '8\n2025\n', 'CR\nCCC\n192025\nCC2\n']","['2025C\n00567\n', 'P\n8\n2025\n', 'C\nCCC\nP\n192025\nCC2\n']",modelv1.0__2026-05-20 20:23:05
D:/moth_photos/database\batch_08\img_moth_00014569.jpg,"[4000, 6000]",36.92,"['2025DCR\n00568\n', 'Photographedby\nBHarter\n2025\n', 'noearmites\nELoPresti2025\n\n', 'SanteeCoastalReserve\nCharlestonCoSC\nEFLoPresti\n19Mav2025\nCCH2Trap\n']","['2025DCR\n00568\n', 'R\n2025\n', '2025\n\n', 'CR\nCCC\n192025\nCC2\n']","['2025C\n00568\n', 'P\n2025\n', 'P2025\n\n', 'C\nCCC\nP\n192025\nCC2\n']",modelv1.0__2026-05-20 20:23:05
D:/moth_photos/database\batch_08\img_moth_00014570.jpg,"[4000, 6000]",36.627450980392155,"['2025DCR\n00569\n', 'Photographedby\nBHarter\n2025\n', 'noearmites\nELoPresti 2025\n', 'SanteeCoastalReserve\nCharlestonCoSC\nEFLoPresti\n20Mav2025\n\nCl tL Trap\n']","['2025DCR\n00569\n', 'R\n2025\n', '0\n2025\n', 'CR\nCCC\n202025\n\nCC\n']","['2025C\n00569\n', 'P\n2025\n', '0\nP 2025\n', 'C\nCCC\nP\n202025\n\nCC\n']",modelv1.0__2026-05-20 20:23:05
D:/moth_photos/database\batch_08\img_moth_00014571.jpg,"[4000, 6000]",36.35294117647059,"['2025DCR\n00570\n', 'Photographedby\nBHarter\n2025\n', 'ELoPresti2025\n', 'ee\nSanteeCoastalReserve\nCharlestonCoSC\nEFLoPresti\n20Mav2025\n\naae 2 Trap\n']","['2025DCR\n00570\n', '8\n2025\n', '2025\n', 'CR\nCC0C\n202025\n\n2\n']","['2025C\n00570\n', 'P\n8\n2025\n', 'P2025\n', 'CP\nCC0C\nP\n202025\n\n2\n']",modelv1.0__2026-05-20 20:23:05
D:/moth_photos/database\batch_08\img_moth_00014572.jpg,"[4000, 6000]",37.04,"['2025DCR\n00571\n', 'Photographedby\nBHarter\n2025\n', 'noearmites\ncLoPresti2025\n', 'SanteeCoastalReserve\nCharlestonCoSC\nEFLoPresti\n20Mav2025\n\nCratUTrap\n']","['2025DCR\n00571\n', 'R\n2025\n', '0\n02025\n', 'CR\nCCC\n202025\n\nC\n']","['2025C\n00571\n', 'P\n2025\n', '0\n0P2025\n', 'C\nCCC\nP\n202025\n\nC\n']",modelv1.0__2026-05-20 20:23:05
D:/moth_photos/database\batch_08\img_moth_00014573.jpg,"[4000, 6000]",37.02,"['2025DCR\n00572\n', 'Photographedby\nBHarter\n2025\n', 'noearmites\nE1oPresti2025\n', 'SanteeCoastalReserve\nCharlestonCoSC\nEFLoPresti\n20Mav2025\n\nCo 4 Trap\n']","['2025DCR\n00572\n', '8\n2025\n', '12025\n', 'CR\nCCC\nC\n202025\n\nCC 4\n']","['2025PC\n00572\n', 'P\n8W\n2025\n', '1P2025\n', 'C\nCCC\nCP\n202025\n\nCC 4\n']",modelv1.0__2026-05-20 20:23:05
D:/moth_photos/database\batch_08\img_moth_00014574.jpg,"[4000, 6000]",36.529411764705884,"['2025DCR\n00573\n', 'Photographedby\nBHarter\n2025\n', 'SanteeCoastalReserve\nCharlestonCoSC\n\nEFLoPresti\n\n20Mav2025\n\nLL ar Trap\n', 'noearmites\nELoPresti202\n']","['2025DCR\n00573\n', 'R\n2025\n', 'CR\nCCC\n202025\n\nCC\n', '202\n']","['2025C\n00573\n', 'P\n2025\n', 'C\nCCC\n\nP\n\n202025\n\nCC\n', 'P202\n']",modelv1.0__2026-05-20 20:23:05
D:/moth_photos/database\batch_08\img_moth_00014575.jpg,"[4000, 6000]",37.059999999999995,"['2025DCR\n00574\n', 'Photographedby\nBHarter\n2025\n', 'noearmites\nF1oPresti2025\n', 'SanteeCoastalReserve\nCharlestonCoSC\nEFLoPresti\n20Mav2025\n\nCL atZsrTrap\n']","['2025DCR\n00574\n', 'R\n2025\n', '1R2025\n', 'CR\nCCC\n202025\n\nC\n']","['2025C\n00574\n', 'P\n2025\n', '1P2025\n', 'C\nCCC\nP\n202025\n\nC\n']",modelv1.0__2026-05-20 20:23:05
D:/moth_photos/database\batch_08\img_moth_00014576.jpg,"[4000, 6000]",37.04,"['2025DCR\n00575\n', 'Photographedby\nBHarter\n2025\n', 'SanteeCoastal Reserve\nCharlestonCoS\nEFLoPresti\n20Mav2025\nCCH2Trap\n', '6oa\nearmite\nesti2029\n\n']","['2025DCR\n00575\n', 'R\n2025\n', 'C R\nCC0\n202025\nCC2\n', '6\n2029\n\n']","['2025C\n00575\n', 'P\n2025\n', 'C\nCC0\nP\n202025\nCC2\n', '6\n2029\n\n']",modelv1.0__2026-05-20 20:23:05
D:/moth_photos/database\batch_08\img_moth_00014577.jpg,"[4000, 6000]",36.82,"['2025DCR\n00576\n\n', 'noear mites\nELoPresti2025\n', 'Photographedby\nBHarter\n2025\n', 'SanteeCoastalReserve\nCharlestonCoSC\nEFLoPresti\n20Mav2025\nCCH2Trap\n']","['2025DCR\n00576\n\n', '2025\n', '8\n2025\n', 'CR\nCCC\n202025\nCC2\n']","['2025C\n00576\n\n', 'P2025\n', 'P\n8\n2025\n', 'C\nCCC\nP\n202025\nCC2\n']",modelv1.0__2026-05-20 20:23:05
D:/moth_photos/database\batch_08\img_moth_00014578.jpg,"[4000, 6000]",36.529411764705884,"['2025DCR\n00577\n', 'Photographedby\nBHarter\n2025\n', 'SanteeCoastalReserve\nCharlestonCoSC\nEFLoPresti\n20Mav2025\n\n7H41Trao\n', 'noearmites\nELoPresti2025\n']","['2025DCR\n00577\n', '8\n2025\n', 'CR\nCCC\n202025\n\n741\n', '0\nR2025\n']","['2025C\n00577\n', 'P\n8\n2025\n', 'C\nCCC\nP\n202025\n\n741\n', '0\nP2025\n']",modelv1.0__2026-05-20 20:23:05
D:/moth_photos/database\batch_08\img_moth_00014579.jpg,"[4000, 6000]",36.588235294117645,"['2025DCR\n00578\n', 'Photoqraphedby\nBHarter\n2025\n', 'SanteeCoastalReserve\nCharlestonCoSC\nEFLoPresti\n20Mav2025\nCCH2Trap\n']","['2025DCR\n00578\n', '8\n2025\n', 'CR\nCCC\n202025\nCC2\n']","['2025C\n00578\n', 'P\n8\n2025\n', 'C\nCCC\nP\n202025\nCC2\n']",modelv1.0__2026-05-20 20:23:05
D:/moth_photos/database\batch_08\img_moth_00014580.jpg,"[4000, 6000]",37.0,"['2025DCR\n00579\n', 'Photographedby\nBHarter\n2025\n', 'SanteeCoastalReserve\nCharlestonCoSC\nEFLoPresti\n20Mav2025\nCCH2 Trap\n']","['2025DCR\n00579\n', '8\n2025\n', 'CR\nCCC\n202025\nCC2\n']","['2025C\n00579\n', 'P\n8\n2025\n', 'C\nCCC\nP\n202025\nCC2\n']",modelv1.0__2026-05-20 20:23:05
D:/moth_photos/database\batch_08\img_moth_00014581.jpg,"[4000, 6000]",36.839999999999996,"['2025DCR\n00580\n', 'Photoqraphedby\nBHarter\n2025\n', 'SanteeCoastalReserve\nCharlestonCoSC\nEFLoPresti\n20Mav2025\nCC2Trap\n']","['2025DCR\n00580\n', '8\n2025\n', 'CR\nCCC\nC\n202025\nCC2\n']","['2025C\n00580\n', 'P\n8\n2025\n', 'C\nCCC\nCP\n202025\nCC2\n']",modelv1.0__2026-05-20 20:23:05
D:/moth_photos/database\batch_08\img_moth_00014582.jpg,"[4000, 6000]",36.92,"['2025DCR\n00581\n', 'Photoqraphedby\nBHarter\n2025\n', 'SanteeCoastalReserve\nCharlestonCoSC\nEFLoPresti\n20Mav2025\nCCH2Trap\n']","['2025DCR\n00581\n', '8\n2025\n', 'CR\nCCC\n202025\nCC2\n']","['2025C\n00581\n', 'P\n8\n2025\n', 'C\nCCC\nP\n202025\nCC2\n']",modelv1.0__2026-05-20 20:23:05
D:/moth_photos/database\batch_08\img_moth_00014583.jpg,"[4000, 6000]",36.64705882352941,"['2025DCR\n00582\n', 'Photoqraphedby\nBHarter\n2025\n', 'SanteeCoastalReserve\nCharnlestonCoSC\nEFLoPresti\n20Mav2025\nCCH2Trao\n']","['2025DCR\n00582\n', '8\n2025\n', 'CR\nCCC\n202025\nCC2\n']","['2025C\n00582\n', 'P\n8\n2025\n', 'C\nCCC\nP\n202025\nCC2\n']",modelv1.0__2026-05-20 20:23:05
D:/moth_photos/database\batch_08\img_moth_00014584.jpg,"[4000, 6000]",36.72,"['9025DCR\n\n00583\n', 'Photoqgraphedby\nBHarter\n2025\n', 'l\n\nSanteeCoastal Reserve\nCharlestonCo SC\nEFLoPresti\n20Mav2025\nCCH2Trap\n']","['9025DCR\n\n00583\n', '8\n2025\n', 'C R\nCC C\n202025\nCC2\n']","['9025C\n\n00583\n', 'P\n8\n2025\n', 'C\nCC C\nP\n202025\nCC2\n']",modelv1.0__2026-05-20 20:23:05
D:/moth_photos/database\batch_08\img_moth_00014585.jpg,"[4000, 6000]",37.02,"['2025DCR\n00584\n', 'Photoqraphedby\nBHarter\n2025\n', 'SanteeCoastalReserve\nCharlestonCoSC\nEFLoPresti\n20Mav2025\nCCH2Trao\n']","['2025DCR\n00584\n', '8\n2025\n', 'CR\nCCC\n202025\nCC2\n']","['2025C\n00584\n', 'P\n8\n2025\n', 'CP\nCCC\nP\n202025\nCC2\n']",modelv1.0__2026-05-20 20:23:05
D:/moth_photos/database\batch_08\img_moth_00014586.jpg,"[4000, 6000]",36.94117647058823,"['Photoqraphedby\n8Harter\n2025\n', 'CO\n7025DCR\n00585\n', 'SanteeCoastalReserve\nCharnestonCoSC\nEFLoPrest\n20Mav2025\nCCH2Trao\n\n']","['8\n2025\n', 'C\n7025DCR\n00585\n', 'CR\nCCC\n202025\nCC2\n\n']","['P\n8\n2025\n', 'C\n7025C\n00585\n', 'C\nCCC\nP\n202025\nCC2\n\n']",modelv1.0__2026-05-20 20:23:05
D:/moth_photos/database\batch_08\img_moth_00014587.jpg,"[4000, 6000]",36.549019607843135,"['Photographedby\nBHarter\n2025\n', '2025DCR\n00586\n', 'eee\nSanteeCoastalReserve\nCharnlestonCoSC\nEFLoPresti\n20Mav2025\nCCH2Trap\n']","['8\n2025\n', '2025DCR\n00586\n', 'CC\nCR\nCCC\n202025\nCC2\n']","['P\n8\n2025\n', '2025C\n00586\n', 'CC\nC\nCCC\nP\n202025\nCC2\n']",modelv1.0__2026-05-20 20:23:05
D:/moth_photos/database\batch_08\img_moth_00014588.jpg,"[4000, 6000]",36.6078431372549,"['Photoqraphedby\nBHarter\n2025\n', '2025DCR\n00587\n', 'SanteeCoastalReserve\nCharlestonCoSC\nEFLoPresti\n20Mav2025\nCCH2Trap\n\na\n']","['8\n2025\n', '2025DCR\n00587\n', 'CR\nCC0C\n202025\nCC2\n']","['P\n8\n2025\n', '2025C\n00587\n', 'C\nCC0C\nP\n202025\nCC2\n']",modelv1.0__2026-05-20 20:23:05
D:/moth_photos/database\batch_08\img_moth_00014589.jpg,"[4000, 6000]",36.33333333333333,"['2025DCR\n00588\n', 'Photographedby\nBHarter\n2025\n', 'SanteeCoastalReserve\nChanlestonCoSC\nEFLoPresti\n20Mav2025\nCCH2Trapo\n\n']","['2025DCR\n00588\n', '8\n2025\n', 'CR\nCCC\n202025\nCC2\n\n']","['2025C\n00588\n', 'P\n8\n2025\n', 'C\nCCC\nP\n202025\nCC2\n\n']",modelv1.0__2026-05-20 20:23:05
D:/moth_photos/database\batch_08\img_moth_00014590.jpg,"[4000, 6000]",36.3921568627451,"['2025 pcr\n00589\n', 'Photographedby\nBHarter\n2025\n', '']","['2025\n00589\n', '8\n2025\n', '']","['2025\n00589\n', 'P\n8\n2025\n', '']",modelv1.0__2026-05-20 20:23:05
D:/moth_photos/database\batch_08\img_moth_00014591.jpg,"[4000, 6000]",36.96,"['2025DCR\n9d590\n', 'Photographedby\nBHarter\n2025\n', 'SanteeCoastalReserve\nCharlestonCoSC\nEFLoPresti\n20Mav2025\nCCH2Trap\n']","['2025DCR\n90590\n', '8\n2025\n', 'CR\nCCC\nC\n202025\nCC2\n']","['2025C\n90590\n', 'P\n8\n2025\n', 'C\nCCC\nCP\n202025\nCC2\n']",modelv1.0__2026-05-20 20:23:05
D:/moth_photos/database\batch_08\img_moth_00014592.jpg,"[4000, 6000]",36.6078431372549,"['2025DCR\n00591\n', 'Photographedby\nBHarter\n2025\n', '']","['2025DCR\n00591\n', '8\n2025\n', '']","['2025C\n00591\n', 'P\n8\n2025\n', '']",modelv1.0__2026-05-20 20:23:05
D:/moth_photos/database\batch_08\img_moth_00014593.jpg,"[4000, 6000]",36.509803921568626,"['aU\n\n3025DCR\n00592\n', 'Photographedby\nBHarter\n2025\n', 'SanteeCoastalReserve\nCharleston CoSC\nEFLoPresti\n20Mav2025\nCCH2Trap\n']","['3025DCR\n00592\n', 'R\n2025\n', 'CR\nC CC\n202025\nCC2\n']","['3025C\n00592\n', 'P\n2025\n', 'C\nC CC\nP\n202025\nCC2\n']",modelv1.0__2026-05-20 20:23:05
D:/moth_photos/database\batch_08\img_moth_00014594.jpg,"[4000, 6000]",36.8235294117647,"['2025DCR\n00593\n', 'Photographedby\nBHarter\n2025\n', 'SanteeCoastalReserve\nCharlestonCoSC\nEFoPresti\n20Mav2025\nCC2Trap\n']","['2025DCR\n00593\n', '8\n2025\n', 'CR\nCCC\n0\n202025\nCC2\n']","['2025C\n00593\n', 'P\n8\n2025\n', 'CP\nCCC\nP0P\n202025\nCC2\n']",modelv1.0__2026-05-20 20:23:05
D:/moth_photos/database\batch_08\img_moth_00014595.jpg,"[4000, 6000]",37.04,"['9025DCR\n00594\n', 'Photoqraphedby\nBHarter\n2025\n', 'SanteeCoastalReserve\nCharlestonCoSC\nEFLoPresti\n20Mav2025\n\nTrap\n\nEo\n']","['9025DCR\n00594\n', '8\n2025\n', 'CR\nCCC\nC\n202025\n']","['9025C\n00594\n', 'P\n8\n2025\n', 'C\nCCC\nCP\n202025\n']",modelv1.0__2026-05-20 20:23:05
D:/moth_photos/database\batch_08\img_moth_00014596.jpg,"[4000, 6000]",36.49019607843137,"['2025DCR\n00595\n', 'Photographedby\nBHarter\n2025\n', 'SanteeCoastalReserve\nCharlestonCoSC\nEFLoPresti\n20Mav2025\n\nCHLTrap\n']","['2025DCR\n00595\n', 'R\n2025\n', 'CR\nCCC\n202025\n\nC\n']","['2025C\n00595\n', 'P\n2025\n', 'CP\nCCC\nP\n202025\n\nC\n']",modelv1.0__2026-05-20 20:23:05
D:/moth_photos/database\batch_08\img_moth_00014597.jpg,"[4000, 6000]",36.470588235294116,"['2025DCR\n00596\n', 'Photographedby\nBHarter\n2025\n', 'SanteeCoastalReserve\nChariestonCoSC\nEFLoPresti\n20Mav2025\n\n4 o an Trap\n']","['2025DCR\n00596\n', 'R\n2025\n', 'CR\nCCC\n202025\n\n4 4\n']","['2025C\n00596\n', 'P\n2025\n', 'C\nCCC\nP\n202025\n\n4 4\n']",modelv1.0__2026-05-20 20:23:05
D:/moth_photos/database\batch_08\img_moth_00014598.jpg,"[4000, 6000]",36.49019607843137,"['2025DCR\n00598\n', 'noearmites\nELoPresti2025\n', 'Photographedby\nBHarter\n2025\n', 'SanteeCoastalReserve\nChanestonCoSC\nEFLoPresti\n19Mav2025\nCollinsCreekTrap\n']","['2025DCR\n00598\n', '2025\n', 'R\n2025\n', 'CR\nCC0C\n192025\nCC\n']","['2025C\n00598\n', 'P2025\n', 'P\n2025\n', 'C\nCC0C\nP\n192025\nCC\n']",modelv1.0__2026-05-20 20:23:05
D:/moth_photos/database\batch_08\img_moth_00014599.jpg,"[4000, 6000]",36.76470588235294,"['2025DCR\n00599\n', 'noearmites\nELoPresti2025\n', 'Photographedby\nBHarter\n2025\n', 'SanteeCoastalReserve\nCharlestonCoSC\nEFLoPresti\n19Mav2025\nCollinsCreekTrap\n']","['2025DCR\n00599\n', '2025\n', '8\n2025\n', 'CR\nCCC\n192025\nCC\n']","['2025C\n00599\n', 'P2025\n', 'P\n8\n2025\n', 'C\nCCC\nPP\n192025\nCC\n']",modelv1.0__2026-05-20 20:23:05
D:/moth_photos/database\batch_08\img_moth_00014600.jpg,"[4000, 6000]",37.059999999999995,"['2025DCR\n00600\n', 'Photographedby\nBHarter\n2025\n', 'noearmites\nELoPresti2025\n', 'SanteeCoastalReserve\nCharlestonCoSC\nEFLoPresti\n19May2025\nCollinsCreekTrap\n']","['2025DCR\n00600\n', 'R\n2025\n', 'C2025\n', 'CR\nCCC\n192025\nCC\n']","['2025C\n00600\n', 'P\n2025\n', 'CP2025\n', 'C\nCCC\nP\n192025\nCC\n']",modelv1.0__2026-05-20 20:23:05
D:/moth_photos/database\batch_08\img_moth_00014601.jpg,"[4000, 6000]",36.86274509803921,"['2025DCR\n00601\n', 'SanteeCoastalReserve\nCharlestonCoSC\nEFLoPresti\n19Mav2025\nCollinsCreekTrap\n', 'Photographedby\nBHarter\n2025\n', 'noearmites\nELoPresti2025\n']","['2025DCR\n00601\n', 'CR\nCCC\n192025\nCC\n', 'R\n2025\n', '2025\n']","['2025C\n00601\n', 'C\nCCC\nP\n192025\nCC\n', 'P\n2025\n', 'P2025\n']",modelv1.0__2026-05-20 20:23:05
D:/moth_photos/database\batch_08\img_moth_00014602.jpg,"[4000, 6000]",36.49019607843137,"['2025DCR\n00602\n', 'Photographedby\nBHarter\n2025\n', 'ee\nnoearmites\n\nELoPresti2025\nON\n', 'SanteeCoastalReserve\nCharlestonCoSC\nEFLoPresti\n19May2025\nCollinsCreekTrap\n\nERIE\n']","['2025DCR\n00602\n', '8\n2025\n', '2025\n', 'CR\nCCC\n192025\nCC\n\nR\n']","['2025C\n00602\n', 'P\n8\n2025\n', 'P2025\n', 'C\nCCC\nP\n192025\nCC\n']",modelv1.0__2026-05-20 20:23:05
D:/moth_photos/database\batch_08\img_moth_00014603.jpg,"[4000, 6000]",36.509803921568626,"['2025DCR\n900603\n', 'Photographedby\nBHarter\n2025\n', 'noearmites\nELoPresti2025\n', 'SanteeCoastalReserve\nCharlestonCoSC\nEFLoPresti\n19Mayv2025\nCollinsCreekTrap\n']","['2025DCR\n900603\n', 'R\n2025\n', '2025\n', 'CR\nCCC\n192025\nCC\n']","['2025C\n900603\n', 'P\n2025\n', 'P2025\n', 'C\nCCC\nP\n192025\nCC\n']",modelv1.0__2026-05-20 20:23:05
D:/moth_photos/database\batch_08\img_moth_00014604.jpg,"[4000, 6000]",36.509803921568626,"['2025DCR\n00604\n', 'noearmites\nELoPresti2025\n', 'Photographedby\nBHarter\n2025\n', 'SanteeCoastalReserve\nCharlestonCoSC\nEFLoPresti\n19Mav2025\nCollinsCreekTrap\n']","['2025DCR\n00604\n', '2025\n', '8\n2025\n', 'CR\nCCC\n192025\nCC\n']","['2025C\n00604\n', 'P2025\n', 'P\n8\n2025\n', 'C\nCCC\nP\n192025\nCC\n']",modelv1.0__2026-05-20 20:23:05
D:/moth_photos/database\batch_08\img_moth_00014605.jpg,"[4000, 6000]",36.56862745098039,"['2025DCR\n00605\n', 'Photographedby\nBHarter\n2025\n', 'Santee CoastalReserve\n\nCharlestonCoSC\nEFLoPresti\n\n49Mav2025\n\nCollinsCreek Trap\n', 'noearmites\nELoPresti2025\n']","['2025DCR\n00605\n', '8\n2025\n', 'CR\n\nCCC\n\n492025\n\nCC\n', '2025\n']","['2025C\n00605\n', 'P\n8\n2025\n', 'C\n\nCCC\nP\n\n492025\n\nCC\n', 'P2025\n']",modelv1.0__2026-05-20 20:23:05
D:/moth_photos/database\batch_08\img_moth_00014606.jpg,"[4000, 6000]",37.080000000000005,"['2025DCR\n00606\n', 'Photographedby\nBHarter\n2025\n', 'oastalReserve\nSC\n\nCollins a\n']","['2025DCR\n00606\n', 'R\n2025\n', 'R\nC\n\nC\n']","['2025C\n00606\n', 'P\n2025\n', 'C\n\nC\n']",modelv1.0__2026-05-20 20:23:05
D:/moth_photos/database\batch_08\img_moth_00014607.jpg,"[4000, 6000]",36.705882352941174,"['2025DCR\n00607\n\n', 'Photoqraphedby\nBHarter\n2025\n', 'santee Coast tal Reserve\nchares onCo SC\nEFL gPrestl\na 99025\nns creek Trap\n\nColll\n\n']","['2025DCR\n00607\n\n', '8\n2025\n', 'C R\n\nC 0C C\n99025\n\nC\n\nC\n\n']","['2025C\n00607\n\n', 'P\n8\n2025\n', 'C\n\nC 0C C\nP\n99025\n\nC\n\nC\n\n']",modelv1.0__2026-05-20 20:23:05
D:/moth_photos/database\batch_08\img_moth_00014608.jpg,"[4000, 6000]",36.9,"['2025DCR\n00608\n', 'Photoqraphedby\nBHarter\n2025\n', 'astalReserve\n\ne\nCharleston Co\nEF Lopresti\n\n19Mav202\nkTrap\n\nCollinsCree\n\n']","['2025DCR\n00608\n', '8\n2025\n', 'R\n\nC C\n\n19202\n\nCC\n\n']","['2025C\n00608\n', 'P\n8\n2025\n', 'C C\nP\n\n19202\n\nCC\n\n']",modelv1.0__2026-05-20 20:23:05
D:/moth_photos/database\batch_08\img_moth_00014609.jpg,"[4000, 6000]",36.800000000000004,"['2025DCR\n00609\n', 'Photographedby\nBHarter\n2025\n', 'SanteeCoastalReserve\nCharlestonCoSC\nEFLoPresti\n19Mav2025\nCollinsCreekTrap\n']","['2025DCR\n00609\n', 'R\n2025\n', 'CR\nCCC\n192025\nCC\n']","['2025PC\n00609\n', 'P\n2025\n', 'C\nCCC\nP\n192025\nCC\n']",modelv1.0__2026-05-20 20:23:05
D:/moth_photos/database\batch_08\img_moth_00014610.jpg,"[4000, 6000]",36.9,"['9025DCR\n90610\n', 'Photographedby\nBHarter\n2025\n', 'SanteeCoastalReserve\nCharlestonCoSC\nEFLoPresti\n19Mav2025\nCollinsCreekTrap\n']","['9025DCR\n90610\n', 'R\n2025\n', 'CR\nCCC\n192025\nCC\n']","['9025PC\n90610\n', 'P\n2025\n', 'CP\nCCC\nP\n192025\nCC\n']",modelv1.0__2026-05-20 20:23:05
D:/moth_photos/database\batch_08\img_moth_00014611.jpg,"[4000, 6000]",36.745098039215684,"['2025DCR\n00611\n', 'Photoqraphedby\n8Harter\n2025\n', 'SanteeCoastalReserve\nCharlestonCoSC\nEFLoPresti\n19Mav2025\nCollinsCreekTrap\n']","['2025DCR\n00611\n', '8\n2025\n', 'CR\nCCC\n192025\nCC\n']","['2025C\n00611\n', 'P\n8\n2025\n', 'C\nCCC\nP\n192025\nCC\n']",modelv1.0__2026-05-20 20:23:05
D:/moth_photos/database\batch_08\img_moth_00014612.jpg,"[4000, 6000]",36.411764705882355,"['2025DCR\n00612\n', 'Photoqraphedby\n8Harter\n2025\n', 'SanteeCoastalReserve\nCharlestonCoSC\nEFLoPresti\n19May2025\nCollinsCreekTrao\n']","['2025DCR\n00612\n', '8\n2025\n', 'CR\nCCC\n192025\nCC\n']","['2025C\n00612\n', 'P\n8\n2025\n', 'C\nCCC\nP\n192025\nCC\n']",modelv1.0__2026-05-20 20:23:05
D:/moth_photos/database\batch_08\img_moth_00014613.jpg,"[4000, 6000]",36.86,"['2025DCR\n00613\n', 'Photographedby\nBHarter\n2025\n', 'SanteeCoastalReserve\nCharlestonCoSC\nEFtoPresti\n19Mav2025\nCollinsCreekTrap\n']","['2025DCR\n00613\n', '8\n2025\n', 'CR\nCCC\n192025\nCC\n']","['2025C\n00613\n', 'P\n8\n2025\n', 'C\nCCC\nP\n192025\nCC\n']",modelv1.0__2026-05-20 20:23:05
D:/moth_photos/database\batch_08\img_moth_00014614.jpg,"[4000, 6000]",36.98,"['2025DCR\n00614\n\nee\n', 'SanteeCoastalReserve\nCharlestonCoSC\nEFLoPresti\n19Mav2025\nCollinsCreekTrap\n', 'Photographedby\nBHarter\n2025\n']","['2025DCR\n00614\n', 'CR\nCCC\n192025\nCC\n', 'R\n2025\n']","['2025C\n00614\n', 'C\nCCC\nP\n192025\nCC\n', 'P\n2025\n']",modelv1.0__2026-05-20 20:23:05
D:/moth_photos/database\batch_08\img_moth_00014615.jpg,"[4000, 6000]",36.64,"['2025DCR\n00615\n', 'Photographedby\nBHarter\n2025\n', 'SanteeCoastalReserve\nCharlestonCoSC\nEFLoPresti\n19Mav2025\nCollinsCreekTrap\n']","['2025DCR\n00615\n', 'R\n2025\n', 'CR\nCCC\n192025\nCC\n']","['2025C\n00615\n', 'P\n2025\n', 'CP\nCCC\nP\n192025\nCC\n']",modelv1.0__2026-05-20 20:23:05
D:/moth_photos/database\batch_08\img_moth_00014616.jpg,"[4000, 6000]",36.92,"['2025DCR\n00616\n\n', 'Photographedby\nBHarter\n2025\n', 'SanteeCoastalReserve\nCharlestonCoSC\nEFLoPresti\n49Mav2025\nCollinsCreekTrap\n']","['2025DCR\n00616\n\n', '8\n2025\n', 'CR\nCCC\n492025\nCC\n']","['2025C\n00616\n\n', 'P\n8\n2025\n', 'C\nCCC\nP\n492025\nCC\n']",modelv1.0__2026-05-20 20:23:05
D:/moth_photos/database\batch_08\img_moth_00014617.jpg,"[4000, 6000]",36.839999999999996,"['2025DCR\n00617\n', 'Photoqraphedby\nBHarter\n2025\n', 'SanteeCoastal Reserve\nCharlestonCo\nEFLoPresti\n49Mav2025\nCollinsCreek Trap\nee\n']","['2025DCR\n00617\n', '8\n2025\n', 'C R\nCC\n492025\nCC\n']","['2025C\n00617\n', 'P\n8\n2025\n', 'C\nCC\nP\n492025\nCC\n']",modelv1.0__2026-05-20 20:23:05
D:/moth_photos/database\batch_08\img_moth_00014618.jpg,"[4000, 6000]",37.02,"['Photoqraphedby\nBHarter\n2025\n', 'i\n50 DCR\n00618\n\n', 'Santee CoastalReserve\nChariestonCo SC\nEFLoPresti\n49Mav2025\n\nCollinsCreek Trap\n']","['8\n2025\n', '50 DCR\n00618\n\n', 'CR\nCC C\n492025\n\nCC\n']","['P\n8\n2025\n', '50 C\n00618\n\n', 'C\nCC C\nP\n49W2025\n\nCC\n']",modelv1.0__2026-05-20 20:23:05
D:/moth_photos/database\batch_08\img_moth_00014619.jpg,"[4000, 6000]",36.9,"['bothearmites\n\nEFL2024\n', '2025DCR\n00619\n', 'Photographedby\nBHarter\n2025\n', 'SanteeCoastalReserve\nCharlestonCoSC\nEFLoPresti\n49Mav2025\nAFJCTrap\n']","['2024\n', '2025DCR\n00619\n', 'R\n2025\n', 'CR\nCCC\n492025\nC\n']","['2024\n', '2025C\n00619\n', 'P\n2025\n', 'C\nCCC\nP\n492025\nC\n']",modelv1.0__2026-05-20 20:23:05
D:/moth_photos/database\batch_08\img_moth_00014620.jpg,"[4000, 6000]",36.92,"['2025DCR\n00620\n', 'Photographedby\nBHarter\n2025\n', 'a\nSantee Coastal Reserve\n\nCharleston Co\nEF Lopresti\n49Mav 2025\n\nAFJCTrap\n', 'ELoPresti2025\n']","['2025DCR\n00620\n', 'R\n2025\n', 'C R\n\nC C\n49 2025\nC\n', '2025\n']","['2025C\n00620\n', 'P\n2025\n', 'C\n\nC C\nP\n49 2025\n\nCP\n', 'P2025\n']",modelv1.0__2026-05-20 20:23:05
D:/moth_photos/database\batch_08\img_moth_00014621.jpg,"[4000, 6000]",36.6078431372549,"['2025DCR\n00621\n', 'Photographedby\nBHarter\n2025\n', 'SanteeCoastalReserve\nCharlestonGoSC\nEFLoPresti\n19Mav2025\nAFJCTrap\n', 'ho\nno ear mites\nE LoPrestt2025\n']","['2025DCR\n00621\n', 'R\n2025\n', 'CR\nCCC\n192025\nC\n', '2025\n']","['2025C\n00621\n', 'P\n2025\n', 'C\nCCC\nP\n192025\nC\n', 'P2025\n']",modelv1.0__2026-05-20 20:23:05
D:/moth_photos/database\batch_08\img_moth_00014622.jpg,"[4000, 6000]",37.04,"['Photographedby\nBHarter\n2025\n', '2025DCR\n00622\n', 'LoPrestl 2029\nrl\n\n', '']","['R\n2025\n', '2025DCR\n00622\n', '0 2029\n\n', '']","['P\n2025\n', '2025C\n00622\n', '0P 2029\n\n', '']",modelv1.0__2026-05-20 20:23:05
D:/moth_photos/database\batch_08\img_moth_00014623.jpg,"[4000, 6000]",36.32692307692307,"['2025 DCR\n00623\n', 'Photoqraphedby\nBHarter\n2025\n', 'SanteeCoastalReserve\nCharlestonCoSC\nEFLoPresti\n19Mav2025\nAFJCTrap\n']","['2025 DCR\n00623\n', '8\n2025\n', 'CR\nCCC\n192025\nC\n']","['2025 C\n00623\n', 'P\n8\n2025\n', 'C\nCCC\nP\n192025\nC\n']",modelv1.0__2026-05-20 20:23:05
D:/moth_photos/database\batch_08\img_moth_00014624.jpg,"[4000, 6000]",36.705882352941174,"['Photoqraphedby\nBHarter\n2025\n', '2025 DcrI\n00624\n', 'EEUU\nSantee Coastal Reserve\nCharleston Co\nEF LoPresti\n49Mav 2025\nAFJCTrap\n\n']","['8\n2025\n', '2025 DCR\n00624\n', 'C R\nC C\n49 2025\nC\n\n']","['P\n8\n2025\n', '2025 C\n00624\n', 'C P\nC C\nP P\n49 2025\nC\n\n']",modelv1.0__2026-05-20 20:23:05
D:/moth_photos/database\batch_08\img_moth_00014625.jpg,"[4000, 6000]",36.666666666666664,"['2025DCR\n00625\n', 'Photographedby\nBHarter\n2025\n', 'SanteeCoastalReserve\nCharlestonCoSC\nEFLoPresti\n19May2025\nAFJCTrap\n']","['2025DCR\n00625\n', 'R\n2025\n', 'CR\nCCC\n192025\nC\n']","['2025C\n00625\n', 'P\n2025\n', 'C\nCCC\nP\n192025\nC\n']",modelv1.0__2026-05-20 20:23:05
D:/moth_photos/database\batch_08\img_moth_00014626.jpg,"[4000, 6000]",37.0,"['2025DCR\n00626\n', 'Photoqraphedby\n8Harter\n2025\n', 'SanteeCoastalReserve\nCharlestonCoSC\nEFLoPresti\n19Mav2025\nAFJCTrap\n']","['2025DCR\n00626\n', '8\n2025\n', 'CR\nCCC\nC\n192025\nC\n']","['2025C\n00626\n', 'P\n8\n2025\n', 'C\nCCC\nCP\n192025\nC\n']",modelv1.0__2026-05-20 20:23:05
D:/moth_photos/database\batch_08\img_moth_00014627.jpg,"[4000, 6000]",36.666666666666664,"['2025DCR\n00627\n', 'Photographedby\nBHarter\n2025\n', 'SanteeCoastalReserve\nCharlestonCoSC\nEFLoPresti\n19Mav2025\nAFJCTrao\n']","['2025DCR\n00627\n', '8\n2025\n', 'CR\nCCC\n192025\nC\n']","['2025C\n00627\n', 'P\n8\n2025\n', 'C\nCCC\nP\n192025\nC\n']",modelv1.0__2026-05-20 20:23:05
D:/moth_photos/database\batch_08\img_moth_00014628.jpg,"[4000, 6000]",36.35294117647059,"['2025DCR\n00628\n', 'Photoqraphedby\nBHarter\n2025\n', 'Santee CoastalReserve\nCharleston Co\nEF LoPresti\n49Mav2025\nAFJCTrap\n']","['2025DCR\n00628\n', '8\n2025\n', 'CR\nC C\n492025\nC\n']","['2025C\n00628\n', 'P\n8\n2025\n', 'C\nC C\nP\n492025\nC\n']",modelv1.0__2026-05-20 20:23:05
D:/moth_photos/database\batch_08\img_moth_00014629.jpg,"[4000, 6000]",36.49019607843137,"['2025DCR\n00629\n', 'Photographedby\nBHarter\n2025\n', 'SanteeCoastalReserve\nCharlestonCoSC\nEFLoPresti\n19May2025\nAFJCTrap\n']","['2025DCR\n00629\n', '8\n2025\n', 'CR\nCCC\n192025\nC\n']","['2025PC\n00629\n', 'P\n8\n2025\n', 'C\nCCC\nP\n192025\nC\n']",modelv1.0__2026-05-20 20:23:05
D:/moth_photos/database\batch_08\img_moth_00014630.jpg,"[4000, 6000]",36.42307692307693,"['2025DCR\n00630\n', 'Photoqraphedby\n8Harter\n2025\n', 'SanteeCoastalReserve\nCharlestonCoSC\nEFLoPresti\n19Mav2025\nAFJCTrap\n']","['2025DCR\n00630\n', '8\n2025\n', 'CR\nCCC\n192025\nC\n']","['2025C\n00630\n', 'P\n8\n2025\n', 'C\nCCC\nP\n192025\nC\n']",modelv1.0__2026-05-20 20:23:05
D:/moth_photos/database\batch_08\img_moth_00014631.jpg,"[4000, 6000]",36.94,"['2025DCR\n00631\n', 'Photoqraphedby\nBHarter\n2025\n', 'SanteeCoastalReserve\nCharlestonCoSC\nEFLoPresti\n19Mav2025\nAFJCTrap\n\nSe\n']","['2025DCR\n00631\n', '8\n2025\n', 'CR\nCCC\n192025\nC\n']","['2025C\n00631\n', 'P\n8\n2025\n', 'C\nCCC\nP\n192025\nC\n']",modelv1.0__2026-05-20 20:23:05
D:/moth_photos/database\batch_08\img_moth_00014632.jpg,"[4000, 6000]",36.86,"['2025DCR\n00632\n', 'Photographedby\nBHarter\n2025\n', 'SCSsSCSsS\nSanteeCoastal Reserve\nCharleston Co\nEF LoPresti\n49Mav 2025\nAFJCTrad\n']","['2025DCR\n00632\n', '8\n2025\n', 'CCC\nC R\nC C\n49 2025\nC\n']","['2025PC\n00632\n', 'P\n8W\n2025\n', 'CCC\nC\nC C\nP\n49 2025\nC\n']",modelv1.0__2026-05-20 20:23:05
D:/moth_photos/database\batch_08\img_moth_00014633.jpg,"[4000, 6000]",36.94117647058823,"['2025DCR\n00633\n', 'Photographedby\nBHarter\n2025\n', 'SanteeCoastalReserve\nCharlestonCoSC\nEFLoPresti\n19Mav2025\nAFJCTrap\n']","['2025DCR\n00633\n', '8\n2025\n', 'CR\nCCC\nR\n192025\nC\n']","['2025C\n00633\n', 'P\n8\n2025\n', 'C\nCCC\nP\n192025\nC\n']",modelv1.0__2026-05-20 20:23:05
D:/moth_photos/database\batch_08\img_moth_00014634.jpg,"[4000, 6000]",37.02,"['2025DCR\n00634\n', 'Photographedby\nBHarter\n2025\n', 'SanteeCoastalReserve\nCharlestonCoSC\nEFLoPresti\n19Mav2025\nAFJCTrap\n']","['2025DCR\n00634\n', '8\n2025\n', 'CR\nCC0C\n192025\nC\n']","['2025C\n00634\n', 'P\n8\n2025\n', 'CP\nCC0C\nP\n192025\nC\n']",modelv1.0__2026-05-20 20:23:05
D:/moth_photos/database\batch_08\img_moth_00014635.jpg,"[4000, 6000]",37.04,"['2025DCR\n00635\n', 'noearmites\n\nELoPresti2025\n', 'Photographedby\nBHarter\n2025\n', 'SanteeCoastalReserve\nCharlestonCoSC\nEFLoPresti\n49Mav2025\n\nCTrailTrap\n']","['2025DCR\n00635\n', '2025\n', '8\n2025\n', 'CR\nCCC\n492025\n\nC\n']","['2025C\n00635\n', 'P2025\n', 'P\n8\n2025\n', 'C\nCCC\nP\n492025\n\nC\n']",modelv1.0__2026-05-20 20:23:05
D:/moth_photos/database\batch_08\img_moth_00014636.jpg,"[4000, 6000]",36.49019607843137,"['2025DCR\n00636\n', 'Ino earmites\nELoPresti2025\n', 'Photoqraphedby\n8Harter\n2025\n', 'SanteeCoastalReserve\nCharlestonCoSC\nEFLoPresti\n19Mav2025\nCTrailTrap\n']","['2025DCR\n00636\n', '0\n2025\n', '8\n2025\n', 'CR\nCCC\n192025\nC\n']","['2025C\n00636\n', '0\nP2025\n', 'P\n8\n2025\n', 'C\nCCC\nP\n192025\nC\n']",modelv1.0__2026-05-20 20:23:05
D:/moth_photos/database\batch_08\img_moth_00014637.jpg,"[4000, 6000]",36.9,"['2025DCR\n00637\n', 'Photographedby\nBHarter\n2025\n', 'SanteeCoastalReserve\nCharlestonCoSC\nEFLoPresti\n19Mav2025\nCTrailTrap\n', 'noearmites\nELoPresti2025\n']","['2025DCR\n00637\n', 'R\n2025\n', 'CR\nCCC\n192025\nC\n', '2025\n']","['2025C\n00637\n', 'P\n2025\n', 'C\nCCC\nP\n192025\nC\n', 'P2025\n']",modelv1.0__2026-05-20 20:23:05
D:/moth_photos/database\batch_08\img_moth_00014638.jpg,"[4000, 6000]",36.96,"['2025 pcrI\n00638\n', 'Photoqraphedby\n8Horter\n2025\n', 'noearmites\nEloPresti2025\n', 'SanteeCoastalReserve\nChanlestonCoSC\nEFLoPresti\n19Mav2025\nCTraijTrap\n']","['2025 CR\n00638\n', '8\n2025\n', '2025\n', 'CR\nCC0C\n192025\nC\n']","['2025 C\n00638\n', 'P\n8\n2025\n', 'P2025\n', 'CP\nCC0C\nP\n192025\nC\n']",modelv1.0__2026-05-20 20:23:05
D:/moth_photos/database\batch_08\img_moth_00014639.jpg,"[4000, 6000]",36.411764705882355,"['2025DCR\n00639\n', 'l\nLopresti 2025\n', 'Photographedby\nBHarter\n2025\n', 'SanteeCoastalReserve\nCharlestonCoSC\nEFLoPresti\n19Mav2025\nCTrailTrap\n']","['2025DCR\n00639\n', '2025\n', '8\n2025\n', 'CR\nCCC\n192025\nC\n']","['2025C\n00639\n', 'P 2025\n', 'P\n8\n2025\n', 'C\nCCC\nP\n192025\nC\n']",modelv1.0__2026-05-20 20:23:05
D:/moth_photos/database\batch_08\img_moth_00014640.jpg,"[4000, 6000]",36.98,"['2025DCR\n00640\n', 'Photoqraphedby\nBHarter\n2025\n', 'oanteeCoastalReserve\nCharnestonCoSC\nEFLoPresti\n19Mav2025\nCTrailTrap\n', 'noearmites\nE LoPresti2025\n']","['2025DCR\n00640\n', '8\n2025\n', 'CR\nCCC\n192025\nC\n', '2025\n']","['2025C\n00640\n', 'P\n8\n2025\n', 'C\nCCC\nP\n192025\nC\n', 'P2025\n']",modelv1.0__2026-05-20 20:23:05
D:/moth_photos/database\batch_08\img_moth_00014641.jpg,"[4000, 6000]",36.64705882352941,"['2025DCR\n00641\n', 'Photoqraphedby\nBHarter\n2025\n', 'noearmites\nELoPresti2025\n', 'SanteeCoastalReserve\nCharlestonCoSC\nEFLoPresti\n19Mav2025\nCTrailTrap\n']","['2025DCR\n00641\n', '8\n2025\n', '0\n2025\n', 'CR\nCCC\nC\n192025\nC\n']","['2025C\n00641\n', 'P\n8\n2025\n', '0\nP2025\n', 'C\nCCC\nCP\n192025\nC\n']",modelv1.0__2026-05-20 20:23:05
D:/moth_photos/database\batch_08\img_moth_00014642.jpg,"[4000, 6000]",36.96,"['2025DCR\n00642\n', 'Photographedby\nBHarter\n2025\n', 'SanteeCoastalReserve\nCharlestonCoSC\nEFLoPresti\n19Mav2025\nCTrailTrao\n']","['2025DCR\n00642\n', '8\n2025\n', 'CR\nCCC\n192025\nC\n']","['2025C\n00642\n', 'P\n8\n2025\n', 'C\nCCC\nP\n192025\nC\n']",modelv1.0__2026-05-20 20:23:05
D:/moth_photos/database\batch_08\img_moth_00014643.jpg,"[4000, 6000]",36.98,"['2025DCR\n00643\n', 'Photoqgraphedby\nBHarter\n2025\n', 'SanteeCoastalReserve\nCharlestonCoSC\nEFLoPresti\n49Mav2025\nCTrailTrap\n']","['2025DCR\n00643\n', 'R\n2025\n', 'CR\nCCC\n492025\nC\n']","['2025C\n00643\n', 'P\n2025\n', 'C\nCCC\nP\n492025\nC\n']",modelv1.0__2026-05-20 20:23:05
D:/moth_photos/database\batch_08\img_moth_00014644.jpg,"[4000, 6000]",36.839999999999996,"['2025DCR\n00644\n', 'Photographedby\nBHarter\n2025\n', 'SanteeCoastalReserve\n\nCharlestorCoSC\nEFLoPresti\n19Mav2025\nCTrailTrap\n']","['2025DCR\n00644\n', 'R\n2025\n', 'CR\n\nCCC\n192025\nC\n']","['2025C\n00644\n', 'P\n2025\n', 'C\n\nCCC\nP\n192025\nC\n']",modelv1.0__2026-05-20 20:23:05
D:/moth_photos/database\batch_08\img_moth_00014645.jpg,"[4000, 6000]",36.80392156862745,"['7025DCR\n90645\n', 'Photoqraphedby\nBHarter\n2025\n', 'SanteeCoastalReserve\nCharlestonCoSC\nEFLoPresti\n19Mav2025\nCTrailTrap\n']","['7025DCR\n90645\n', '8\n2025\n', 'CR\nCCC\n192025\nC\n']","['7025C\n90645\n', 'P\n8\n2025\n', 'C\nCCC\nP\n192025\nC\n']",modelv1.0__2026-05-20 20:23:05
D:/moth_photos/database\batch_08\img_moth_00014646.jpg,"[4000, 6000]",36.411764705882355,"['2025DCR\n00646\n', 'Photoqraphedby\nBHarter\n2025\n', 'SanteeCoastalReserve\nCharnestonCoSC\nEFLoPresti\n19Mav2025\nCTrailTrap\n']","['2025DCR\n00646\n', '8\n2025\n', 'CR\nCCC\n192025\nC\n']","['2025C\n00646\n', 'P\n8\n2025\n', 'C\nCCC\nP\n192025\nC\n']",modelv1.0__2026-05-20 20:23:05
D:/moth_photos/database\batch_08\img_moth_00014647.jpg,"[4000, 6000]",36.49019607843137,"['2025DCR\n00647\n', 'Photographedby\nBHarter\n2025\n', 'Santee\nCharleston O\nEFLoPrest\n\n49Mav2029\nCTrailTrae\n\n']","['2025DCR\n00647\n', 'R\n2025\n', 'C 0\n\n492029\nC\n\n']","['2025C\n00647\n', 'P\n2025\n', 'C 0\nP\n\n492029\nCP\n\n']",modelv1.0__2026-05-20 20:23:05
D:/moth_photos/database\batch_08\img_moth_00014648.jpg,"[4000, 6000]",36.3921568627451,"['eee\n\n2025 DCR\n00648\n', 'Photographedby\nBHarter\n2025\n', 'SanteeCoastalReserve\nCharlestonCoSC\nEFLoPresti\n19Mav2025\nCTrailTrap\n\nE\n']","['2025 DCR\n00648\n', 'R\n2025\n', 'CR\nCCC\n192025\nC\n']","['2025 C\n00648\n', 'P\n2025\n', 'C\nCCC\nP\n192025\nC\n']",modelv1.0__2026-05-20 20:23:05
D:/moth_photos/database\batch_08\img_moth_00014649.jpg,"[4000, 6000]",36.94,"['2025DCR\n00649\n', 'Photographedby\nBHarter\n2025\n', 'SanteeCoastalReserve\nCharlestonCoSC\nEFLoPresti\n19Mav2025\nCTrailTrap\n']","['2025DCR\n00649\n', '8\n2025\n', 'CR\nCCC\n192025\nC\n']","['2025C\n00649\n', 'P\n8\n2025\n', 'C\nCCC\nP\n192025\nC\n']",modelv1.0__2026-05-20 20:23:05
D:/moth_photos/database\batch_08\img_moth_00014650.jpg,"[4000, 6000]",36.509803921568626,"['2025DCR\n00650\n', 'Photographedby\nBHarter\n2025\n', 'noearmites\nELoPresti2025\n', 'll\n\nSanteeCoastal Reserve\nCharlestonCoSC\nEFLoPresti\n49Mav2025\nA4GTrao\n']","['2025DCR\n00650\n', '8\n2025\n', '2025\n', 'C R\nCCC\nC\n492025\n4\n']","['2025C\n00650\n', 'P\n8\n2025\n', 'P2025\n', 'C\nCCC\nCP\n492025\n4\n']",modelv1.0__2026-05-20 20:23:05
D:/moth_photos/database\batch_08\img_moth_00014651.jpg,"[4000, 6000]",37.04,"['2025DCR\n90651\n', 'noear mites\nFLoPresti2025\n', 'Photographedby\nBHarter\n2025\n', 'SanteeCoastalReserve\nCharlestonCoSC\nEFLoPresti\n\n19Mav2025\npri7 Trap\n1\n']","['2025DCR\n90651\n', '2025\n', '8\n2025\n', 'CR\nCCC\n\n192025\n7\n1\n']","['2025PC\n90651\n', 'P2025\n', 'P\n8\n2025\n', 'C\nCCC\nP\n\n192025\n7\n1\n']",modelv1.0__2026-05-20 20:23:05
D:/moth_photos/database\batch_08\img_moth_00014652.jpg,"[4000, 6000]",36.35294117647059,"['2025DCR\n00652\n', 'Photographedby\nBHarter\n2025\n', 'SanteeCoastalReserve\nCharlestonCoSC\nEFLoPresti\n19Mav2025\n\nAr IZ Trap\n']","['2025DCR\n00652\n', '8\n2025\n', 'CR\nCCC\n192025\n']","['2025C\n00652\n', 'P\n8\n2025\n', 'CP\nCCC\nP\n192025\n']",modelv1.0__2026-05-20 20:23:05
D:/moth_photos/database\batch_08\img_moth_00014653.jpg,"[4000, 6000]",36.35294117647059,"['2025DCR\n00653\n', 'Photographedby\nBHarter\n2025\n', 'Santee CoastalReserve\nCharlestonCo SC\nEFLoPresti\n49Mav2025\nOwe Trap\n']","['2025DCR\n00653\n', '8\n2025\n', 'CR\nCC C\n\n492025\n\n2\n']","['2025C\n00653\n', 'P\n8\n2025\n', 'C\nCC C\nP\n492025\n2\n']",modelv1.0__2026-05-20 20:23:05
D:/moth_photos/database\batch_08\img_moth_00014654.jpg,"[4000, 6000]",36.90196078431373,"['2025DCR\n00654\n', 'Photographedby\nBHarter\n2025\n', 'dontee CoastalReserve\nCharlestonCoSC\nEFLoPresti\n19Mav2025\nTrap\n\npe\nwe\n\n']","['2025DCR\n00654\n', '8\n2025\n', 'CR\nCCC\n192025\n\n']","['2025C\n00654\n', 'P\n8\n2025\n', 'C\nCCC\nP\n192025\n\n']",modelv1.0__2026-05-20 20:23:05
D:/moth_photos/database\batch_08\img_moth_00014655.jpg,"[4000, 6000]",36.35294117647059,"['Photographedby\nBHarter\n2025\n', '2025DCR\n00655\n', 'Ll\nSantee Coastal Reserve\n\nCharleston Co\nEF oPresti\n49Mav 2025\n\nOre Trap\n\nl\n']","['8\n2025\n', '2025DCR\n00655\n', 'C R\n\nC C\n49 2025\n']","['P\n8\n2025\n', '2025C\n00655\n', 'C\n\nC C\nP\n49 2025\n']",modelv1.0__2026-05-20 20:23:05
D:/moth_photos/database\batch_08\img_moth_00014656.jpg,"[4000, 6000]",36.43137254901961,"['2025DCR\n00656\n', 'Photographedby\nBHarter\n2025\n', 'SanteeCoastalReserve\nCharlestonCoSC\nEFLoPresti\n19Mav2025\nOrt a Trap\n']","['2025DCR\n00656\n', 'R\n2025\n', 'CR\nCCC\n192025\n']","['2025C\n00656\n', 'P\n2025\n', 'C\nCCC\n\nP\n\n192025\n']",modelv1.0__2026-05-20 20:23:05
D:/moth_photos/database\batch_08\img_moth_00014657.jpg,"[4000, 6000]",36.98,"['2025DCR\n00657\n', 'Photographedby\nBHarter\n2025\n', 'noearmites\nELoPresti2025\n', 'SanteeCoastalReserve\nCharlestonCoSC\nEFLoPresti\n20Mav2025\nCTrail2Trapo\n']","['2025DCR\n00657\n', '8\n2025\n', 'R2025\n', 'CR\nCCC\nR\n202025\nC2\n']","['2025C\n00657\n', 'P\n8\n2025\n', 'P2025\n', 'C\nCCC\nP\n202025\nC2\n']",modelv1.0__2026-05-20 20:23:05
D:/moth_photos/database\batch_08\img_moth_00014658.jpg,"[4000, 6000]",36.84313725490196,"['2025DCR\n00658\n', 'Photographedby\nBHarter\n2025\n', 'noearmites\nELoPresti2025\n', 'SanteeCoastalReserve\nCharlestonCoSC\nEFLoPresti\n20Mav2025\nCTrail2Trap\n']","['2025DCR\n00658\n', 'R\n2025\n', 'C2025\n', 'CR\nCC0C\n202025\nC2\n']","['2025C\n00658\n', 'P\n2025\n', 'CP2025\n', 'C\nCC0C\nP\n202025\nC2\n']",modelv1.0__2026-05-20 20:23:05
D:/moth_photos/database\batch_08\img_moth_00014659.jpg,"[4000, 6000]",36.450980392156865,"['2025DCR\nQ0659\n', 'Photographedby\nBHarter\n2025\n', 'SanteeCoastalReserve\nCharlestonCoSC\nEFLoPresti\n20Mav2025\nCTrail2Trap\n']","['2025DCR\n90659\n', '8\n2025\n', 'CR\nCCC\nC\n202025\nC2\n']","['2025PC\n90659\n', 'P\n8\n2025\n', 'C\nCCC\nCP\n202025\nC2\n']",modelv1.0__2026-05-20 20:23:05
D:/moth_photos/database\batch_08\img_moth_00014660.jpg,"[4000, 6000]",36.35294117647059,"['2025DCR\n00660\n', 'Photoqgraphedby\nBHarter\n2025\n', 'SanteeCoastalReserve\nCharlestonCoSC\nEFLoPresti\n20Mav2025\nCTrail2Trap\n']","['2025DCR\n00660\n', '8\n2025\n', 'CR\nCCC\n202025\nC2\n']","['2025C\n00660\n', 'P\n8\n2025\n', 'C\nCCC\nP\n202025\nC2\n']",modelv1.0__2026-05-20 20:23:05
D:/moth_photos/database\batch_08\img_moth_00014661.jpg,"[4000, 6000]",37.0,"['Photographedby\nBHarter\n2025\n', '2025DCR\n00661\n', 'SanteeCoastalReserve\nCharlestonCoSC\nEFLoPresti\n20Mav2025\nCTrail2Trap\n']","['8\n2025\n', '2025DCR\n00661\n', 'CR\nCCC\n202025\nC2\n']","['P\n8\n2025\n', '2025PC\n00661\n', 'C\nCCC\nP\n202025\nC2\n']",modelv1.0__2026-05-20 20:23:05
D:/moth_photos/database\batch_08\img_moth_00014662.jpg,"[4000, 6000]",37.04,"['2025DCR\n00662\n', 'Photographedby\nBHarter\n2025\n', 'Santee Coast Reserve\nCharest onCOo\nEF Lopresti\n\n20Mav 2025\nC Trail2Trae\n\n']","['2025DCR\n00662\n', 'R\n2025\n', 'C R\nC 0C\n\n20 2025\nC 2\n\n']","['2025C\n00662\n', 'P\n2025\n', 'C\nC 0C\nP\n\n20W 2025\nC 2\n\n']",modelv1.0__2026-05-20 20:23:05
D:/moth_photos/database\batch_08\img_moth_00014663.jpg,"[4000, 6000]",36.94,"['2025DCR\n00663\n', 'Photographedby\nBHarter\n2025\n', 'Santee Coastal Reserve\nCharleston Co\nEF LoPresti\n20Mav y20\nGTrail 2Trad\n\n']","['2025DCR\n00663\n', 'R\n2025\n', 'C R\nC C\n\n20 20\n\nC 2D\n\n']","['2025C\n00663\n', 'P\n2025\n', 'C\nC C\nP\n\n20 20\n\nC 2\n\n']",modelv1.0__2026-05-20 20:23:05
D:/moth_photos/database\batch_08\img_moth_00014664.jpg,"[4000, 6000]",36.9,"['Photoqraphedby\nBHarter\n2025\n', '90664\n', '']","['8\n2025\n', '90664\n', '']","['P\n8\n2025\n', '90664\n', '']",modelv1.0__2026-05-20 20:23:05
D:/moth_photos/database\batch_08\img_moth_00014665.jpg,"[4000, 6000]",36.549019607843135,"['', 'Photographedby\nBHarter\n2025\n', 'SiSOemttCC\nSantee CoastalReserve\nCharleston Co\nEF LoPresti\n20Mav 2025\n\nCTrail2 Trap\n']","['', '8\n2025\n', 'CCCC\nCR\n\nC C\n20 2025\n\nC2\n']","['', 'P\n8\n2025\n', 'CCCC\nC\n\nC C\nP\n20 2025\n\nC2\n']",modelv1.0__2026-05-20 20:23:05
D:/moth_photos/database\batch_08\img_moth_00014666.jpg,"[4000, 6000]",36.529411764705884,"['2025DCR\n00666\n', 'Photographedby\nBHarter\n2025\n', 'xSslmh\nSantee CoastalReserve\nCharlestonCo S\nEFLoPresti\n20Mav2025\nCTrail2Trao\n']","['2025DCR\n00666\n', '8\n2025\n', 'CR\nCC\n202025\nC2\n']","['2025C\n00666\n', 'P\n8\n2025\n', 'C\nCC\nP\n202025\nC2\n']",modelv1.0__2026-05-20 20:23:05
D:/moth_photos/database\batch_08\img_moth_00014667.jpg,"[4000, 6000]",36.37254901960784,"['2025DCR\n00667\n', 'Photographedby\nBHarter\n2025\n', 'SanteeCoastalReserve\nCharlestonCoSC\nEFLoPresti\n20Mav2025\nCTrail2Trap\n']","['2025DCR\n00667\n', 'R\n2025\n', 'CR\nCCC\n202025\nC2\n']","['2025PC\n00667\n', 'P\n2025\n', 'C\nCCC\nP\n202025\nC2\n']",modelv1.0__2026-05-20 20:23:05
D:/moth_photos/database\batch_08\img_moth_00014668.jpg,"[4000, 6000]",36.88,"['2025DCR\n00668\n', 'Photographedby\nBHarter\n2025\n', 'Santee CoastalReserve\nCharlestonCo SC\nEFLoPresti\n90Mav2025\nCTrail2Trap\n']","['2025DCR\n00668\n', '8\n2025\n', 'CR\nCC C\n902025\nC2\n']","['2025C\n00668\n', 'P\n8\n2025\n', 'C\nCC C\nP\n902025\nC2\n']",modelv1.0__2026-05-20 20:23:05
D:/moth_photos/database\batch_08\img_moth_00014669.jpg,"[4000, 6000]",36.35294117647059,"['2025DCR\n00669\n', 'Photoqraphedby\nBHarter\n2025\n', 'SanteeCoastalReserve\nCharlestonCoSC\nEFLoPresti\n20Mav2025\nCTrail2Trap\n']","['2025DCR\n00669\n', '8\n2025\n', 'CR\nCCC\n202025\nC2\n']","['2025C\n00669\n', 'P\n8\n2025\n', 'C\nCCC\nP\n202025\nC2\n']",modelv1.0__2026-05-20 20:23:05
D:/moth_photos/database\batch_08\img_moth_00014670.jpg,"[4000, 6000]",36.745098039215684,"['2025DCR\nQ0670\n', 'Photographedby\nBHarter\n2025\n', 'SAStCF\nELoPrestl 2025\nall\n', 'Santee Coastal Reserve\n\nCharleston O\nF Lopresti\n\n49Mav 2025\n\n']","['2025DCR\n90670\n', 'R\n2025\n', 'C\n2025\n', 'C R\n\nC\n\n49 2025\n\n']","['2025C\n90670\n', 'P\n2025\n', 'C\nP 2025\n', 'C\n\nC\n\n49 2025\n\n']",modelv1.0__2026-05-20 20:23:05
D:/moth_photos/database\batch_08\img_moth_00014671.jpg,"[4000, 6000]",36.529411764705884,"['2025DCR\n00671\n', 'Photoqraphedby\nBHarter\n2025\n', 'SanteeCoastalReserve\nCharlestonCoSC\nEFLoPresti\n19Mav2025\nMazvckTrad\n']","['2025DCR\n00671\n', '8\n2025\n', 'CR\nCCC\n192025\n']","['2025C\n00671\n', 'P\n8\n2025\n', 'CP\nCCC\nP\n192025\n']",modelv1.0__2026-05-20 20:23:05
D:/moth_photos/database\batch_08\img_moth_00014672.jpg,"[4000, 6000]",37.0,"['Photoqraphedby\nBHarter\n2025\n', 'SanteeCoastalReserve\nCharlestonCoSC\nEFLoPresti\n19Mav2025\nMazvckTrao\n', '90672\n']","['8\n2025\n', 'CR\nCCC\n192025\n', '90672\n']","['P\n8\n2025\n', 'C\nCCC\nP\n192025\n', '90672\n']",modelv1.0__2026-05-20 20:23:05
D:/moth_photos/database\batch_08\img_moth_00014673.jpg,"[4000, 6000]",36.84313725490196,"['Photoqgraphedby\nBHarter\n2025\n', 'SS\n7025 pcr\n90673\n', 'SanteeCoastalReserve\nCharlestonCoSC\nEFLoPresti\n19Mav2025\nMazvckTrao\n']","['8\n2025\n', '7025\n90673\n', 'CR\nCCC\n192025\n']","['P\n8\n2025\n', '7025\n90673\n', 'C\nCCC\nP\n192025\n']",modelv1.0__2026-05-20 20:23:05
D:/moth_photos/database\batch_08\img_moth_00014674.jpg,"[4000, 6000]",36.35294117647059,"['2025DCR\n00674\n', 'Photographedby\nBHarter\n2025\n', 'ltOe\nSanteeCoastal Reserve\nCharlestonCo SC\nEFLoPresti\n49Mav2025\nMazvckTrap\n']","['2025DCR\n00674\n', '8\n2025\n', 'C R\nCC C\n492025\n']","['2025C\n00674\n', 'P\n8\n2025\n', 'C\nCC C\nP\n492025\n']",modelv1.0__2026-05-20 20:23:05
D:/moth_photos/database\batch_08\img_moth_00014675.jpg,"[4000, 6000]",36.470588235294116,"['EEUU\n\n2025DCR\n00675\n', 'Photographedby\nBHarter\n2025\n', 'SanteeCoastalReserve\nCharlestonCoSC\nEFLoPresti\n19Mav2025\nMazvckTrap\n']","['2025DCR\n00675\n', 'R\n2025\n', 'CR\nCCC\n192025\n']","['2025C\n00675\n', 'P\n2025\n', 'C\nCCC\nP\n192025\n']",modelv1.0__2026-05-20 20:23:05
D:/moth_photos/database\batch_08\img_moth_00014676.jpg,"[4000, 6000]",36.76,"['2025DCR\n00676\n', 'Photographedby\nBHarter\n2025\n', 'SanteeCoastalReserve\nCharlestonCoSC\nEFLoPresti\n19Mav2025\nCTrail2Trap\n', 'noearmites\nELoPresti2025\nBY\n']","['2025DCR\n00676\n', 'R\n2025\n', 'CR\nCCC\n192025\nC2\n', '2025\n']","['2025C\n00676\n', 'P\n2025\n', 'C\nCCC\nP\n192025\nC2\n', 'P2025\n']",modelv1.0__2026-05-20 20:23:05
D:/moth_photos/database\batch_08\img_moth_00014677.jpg,"[4000, 6000]",36.839999999999996,"['2025DCR\n00677\n', 'Photographedby\nBHarter\n2025\n', 'eis\nnoearmites\n\nELoPresti2025\n', 'SanteeCoastalReserve\nChariestonCoSC\nEFLoPresti\n19Mav2025\nCTrail2Trap\n']","['2025DCR\n00677\n', 'R\n2025\n', 'C\n\nR2025\n', 'CR\nCCC\n192025\nC2\n']","['2025C\n00677\n', 'P\n2025\n', 'PC\n\nP2025\n', 'C\nCCC\nP\n192025\nC2\n']",modelv1.0__2026-05-20 20:23:05
D:/moth_photos/database\batch_08\img_moth_00014678.jpg,"[4000, 6000]",37.0,"['2025DCR\n00678\n', 'noearmites\nELoPresti2025\n', 'Photographedby\nBHarter\n2025\n', 'SanteeCoastalReserve\nCharlestonCoSC\nEFLoPresti\n19Mav2025\nCTrail2Trap\n']","['2025DCR\n00678\n', '2025\n', 'R\n2025\n', 'CR\nCCC\n192025\nC2\n']","['2025C\n00678\n', 'P2025\n', 'P\n2025\n', 'C\nCCC\nP\n192025\nC2\n']",modelv1.0__2026-05-20 20:23:05
D:/moth_photos/database\batch_08\img_moth_00014679.jpg,"[4000, 6000]",36.64705882352941,"['2025DCR\n00679\n', 'Photographedby\nBHarter\n2025\n', 'SanteeCoastalReserve\nCharlestonCoSC\nEFLoPresti\n19Mav2025\nCTrail2Trap\n', 'noearmites\nELoPresti2025\n']","['2025DCR\n00679\n', 'R\n2025\n', 'CR\nCCC\n192025\nC2\n', '2025\n']","['2025C\n00679\n', 'P\n2025\n', 'C\nCCC\nP\n192025\nC2\n', 'P2025\n']",modelv1.0__2026-05-20 20:23:05
D:/moth_photos/database\batch_08\img_moth_00014680.jpg,"[4000, 6000]",37.04,"['2025DCR\n00680\n\n', 'Photographedby\nBHarter\n2025\n', 'noearmites\nELoPresti2025\n', 'SanteeCoastal Reservel\nCharlestonCo S\nEFLoPresti\n49Mav2025\nCTrail2Trap\n']","['2025DCR\n00680\n\n', '8\n2025\n', '2025\n', 'C R\nCC\n492025\nC2D\n']","['2025C\n00680\n\n', 'P\n8\n2025\n', 'P2025\n', 'C\nCC\nP\n492025\nC2\n']",modelv1.0__2026-05-20 20:23:05
D:/moth_photos/database\batch_08\img_moth_00014681.jpg,"[4000, 6000]",36.35294117647059,"['2025DCR\n00681\n', 'Photographedby\nBHarter\n2025\n', 'SanteeCoastalReserve\nCharlestonCoSC\nEFLoPresti\n19Mav2025\nCTrail2Trap\n']","['2025DCR\n00681\n', 'R\n2025\n', 'CR\nCCC\n192025\nC2\n']","['2025C\n00681\n', 'P\n2025\n', 'C\nCCC\nP\n192025\nC2\n']",modelv1.0__2026-05-20 20:23:05
D:/moth_photos/database\batch_08\img_moth_00014682.jpg,"[4000, 6000]",36.88,"['2025DCR\n00682\n', 'Photographedby\nBHarter\n2025\n', 'eee\nSanteeCoastalReserve\nCharlestonCoSC\nEFLoPresti\n19Mav2025\nCTrail2Trao\n']","['2025DCR\n00682\n', '8\n2025\n', 'CR\nCCC\n192025\nC2\n']","['2025C\n00682\n', 'P\n8\n2025\n', 'C\nCCC\nP\n192025\nC2\n']",modelv1.0__2026-05-20 20:23:05
D:/moth_photos/database\batch_08\img_moth_00014683.jpg,"[4000, 6000]",36.3921568627451,"['Photographedby\nBHarter\n2025\n', '2025 pcr\n006383\n', 'SanteeCoastalReserve\nCharleston Co\nEFLoPresti\n49Mav2025\nCTrail2Trad\n']","['R\n2025\n', '2025 R\n006383\n', 'CR\nC C\n492025\nC2\n']","['P\n2025\n', '2025\n006383\n', 'C\nC C\nP\n492025\nC2\n']",modelv1.0__2026-05-20 20:23:05
D:/moth_photos/database\batch_08\img_moth_00014684.jpg,"[4000, 6000]",36.7843137254902,"['2025DCR\n00684\n', 'Photographedby\nBHarter\n2025\n', 'SanteeCoastalReserve\nCharlestonCoSC\nEFLoRresti\n49Mav2025\nCTrail2Trao\n']","['2025DCR\n00684\n', 'R\n2025\n', 'CR\nCC0C\nR\n492025\nC2\n']","['2025PC\n00684\n', 'P\n2025\n', 'C\nCC0C\nP\n492025\nC2\n']",modelv1.0__2026-05-20 20:23:05
D:/moth_photos/database\batch_08\img_moth_00014685.jpg,"[4000, 6000]",36.82,"['2025DCR\n00685\n', 'Photographedby\nBHarter\n2025\n', 'a\nSantee CoastalReserve\nCharleston Co\nEF Lopresti\n49Mav 2025\nCTrail2 Trap\n']","['2025DCR\n00685\n', '8\n2025\n', 'CR\nC C\n49 2025\nC2\n']","['2025C\n00685\n', 'P\n8\n2025\n', 'C\nC C\nP\n49 2025\nC2\n']",modelv1.0__2026-05-20 20:23:05
D:/moth_photos/database\batch_08\img_moth_00014686.jpg,"[4000, 6000]",36.450980392156865,"['2025DCR\n00686\n', 'Photographedby\nBHarter\n2025\n', 'SanteeCoastalReserve\nCharlestonCoSC\nEFleoPresti\n19Mav2025\nCTrail2Trao\n']","['2025DCR\n00686\n', 'R\n2025\n', 'CR\nCCC\nR\n192025\nC2\n']","['2025C\n00686\n', 'P\n2025\n', 'C\nCCC\nP\n192025\nC2\n']",modelv1.0__2026-05-20 20:23:05
D:/moth_photos/database\batch_08\img_moth_00014687.jpg,"[4000, 6000]",36.3921568627451,"['2025DCR\n00687\n', 'Photoqgraphedby\nBHarter\n2025\n', 'OO\nSanteeCoastalReserve\nCharlestonCoSC\nEFtoPresti\n19Mav2025\nCTrail2Trap\n\n']","['2025DCR\n00687\n', 'R\n2025\n', 'CR\nCCC\n192025\nC2\n\n']","['2025C\n00687\n', 'P\n2025\n', 'C\nCCC\nP\n192025\nC2\n\n']",modelv1.0__2026-05-20 20:23:05
D:/moth_photos/database\batch_08\img_moth_00014688.jpg,"[4000, 6000]",36.3921568627451,"['Photographedby\nBHarter\n2025\n', 'S\n2025 ocrl\n00688\n', 'SanteeCoastalReserve\nCharlestonCoSC\nEFLoPresti\n49Mav2025\nCTrail2Trao\n']","['R\n2025\n', '2025\n00688\n', 'CR\nCCC\n492025\nC20\n']","['P\n2025\n', '2025\n00688\n', 'C\nCCC\nP\n492025\nC20\n']",modelv1.0__2026-05-20 20:23:05
D:/moth_photos/database\batch_08\img_moth_00014689.jpg,"[4000, 6000]",37.02,"['2025DCR\n00689\n', 'Photoqraphedby\nBHarter\n2025\n', 'SanteeCoastalReserve\nCharlestonCoSC\nEFLoPresti\n19Mav2025\nCTrail2Trao\n']","['2025DCR\n00689\n', '8\n2025\n', 'CR\nCCC\n192025\nC2\n']","['2025C\n00689\n', 'P\n8\n2025\n', 'C\nCCC\nP\n192025\nC2\n']",modelv1.0__2026-05-20 20:23:05
D:/moth_photos/database\batch_08\img_moth_00014690.jpg,"[4000, 6000]",36.627450980392155,"['2025DCR\nQO690\n', 'Photographedby\nBHarter\n2025\n', 'SanteeCoastalReserve\nCharlestonCoSC\nEFLoPresti\n19Mav2025\nCTrail2Trap\n']","['2025DCR\n690\n', 'R\n2025\n', 'CR\nCCC\n192025\nC2\n']","['2025C\n690\n', 'P\n2025\n', 'C\nCCC\nP\n192025\nC2\n']",modelv1.0__2026-05-20 20:23:05
D:/moth_photos/database\batch_08\img_moth_00014691.jpg,"[4000, 6000]",36.7843137254902,"['2025DCR\n00691\n', 'Photoqraphedby\nBHarter\n2025\n', '']","['2025DCR\n00691\n', '8\n2025\n', '']","['2025C\n00691\n', 'P\n8\n2025\n', '']",modelv1.0__2026-05-20 20:23:05
D:/moth_photos/database\batch_08\img_moth_00014692.jpg,"[4000, 6000]",36.529411764705884,"['2025DCR\n00692\n', 'Photoqraphedby\nBHarter\n2025\n', 'SanteeCoastalReserve\nCharlestonCoSC\nEFLoPresti\n19Mav2025\nCTrail2Trao\n']","['2025DCR\n00692\n', 'R\n2025\n', 'CR\nCCC\n192025\nC2\n']","['2025C\n00692\n', 'P\n2025\n', 'C\nCCC\nP\n192025\nC2\n']",modelv1.0__2026-05-20 20:23:05
D:/moth_photos/database\batch_08\img_moth_00014693.jpg,"[4000, 6000]",36.84313725490196,"['2025DCR\n00693\n', 'Photoqraphedby\nBHarter\n2025\n', 'SanteeCoastalReserve\nCharlestonCoSC\nEFLoPresti\n19Mav2025\nCTrail2Trap\n']","['2025DCR\n00693\n', '8\n2025\n', 'CR\nCCC\n192025\nC2\n']","['2025C\n00693\n', 'P\n8\n2025\n', 'C\nCCC\nP\n192025\nC2\n']",modelv1.0__2026-05-20 20:23:05
D:/moth_photos/database\batch_08\img_moth_00014694.jpg,"[4000, 6000]",36.9607843137255,"['2025DCR\n90694\n', 'Photoqraphedby\nBHarter\n2025\n', 'SanteeCoastalReserve\nCharlestonCoSC\nEFLoPresti\n19Mav2025\nCTrail2Trap\n']","['2025DCR\n90694\n', '8\n2025\n', 'CR\nCCC\n192025\nC2\n']","['2025PC\n90694\n', 'P\n8\n2025\n', 'C\nCCC\nP\n192025\nC2\n']",modelv1.0__2026-05-20 20:23:05
D:/moth_photos/database\batch_08\img_moth_00014695.jpg,"[4000, 6000]",36.34615384615385,"['2025DCR\n00695\n', 'Photoqraphedby\nBHarter\n2025\n', 'SanteeCoastalReserve\nCharestonCoSC\nEFLoPresti\n19Mav2025\nCTrail2Trap\n']","['2025DCR\n00695\n', '8\n2025\n', 'CR\nCCC\n192025\nC2\n']","['2025C\n00695\n', 'P\n8\n2025\n', 'C\nCCC\nP\n192025\nC2\n']",modelv1.0__2026-05-20 20:23:05
D:/moth_photos/database\batch_08\img_moth_00014696.jpg,"[4000, 6000]",36.588235294117645,"['Photoqraphedby\nBHarter\n2025\n', '2025DCR\n00696\n', 'SanteeCoastalReserve\nCharlestonCoSC\nEFLoPresti\n19Mav2025\nCTrail2Trao\n']","['8\n2025\n', '2025DCR\n00696\n', 'CR\nCCC\n192025\nC2\n']","['P\n8\n2025\n', '2025C\n00696\n', 'C\nCCC\nP\n192025\nC2\n']",modelv1.0__2026-05-20 20:23:05
D:/moth_photos/database\batch_08\img_moth_00014697.jpg,"[4000, 6000]",36.86,"['2025DCR\n00697\n', 'Photographedby\nBHarter\n2025\n', 'SanteeCoastalReserve\nCharlestonCoSC\nEFLoPresti\n19Mav2025\nCTrail2Trap\n']","['2025DCR\n00697\n', 'R\n2025\n', 'CR\nCCC\n192025\nC2\n']","['2025C\n00697\n', 'P\n2025\n', 'C\nCCC\nP\n192025\nC2\n']",modelv1.0__2026-05-20 20:23:05
D:/moth_photos/database\batch_08\img_moth_00014698.jpg,"[4000, 6000]",36.411764705882355,"['2025DCR\n00698\n', 'Photographedby\nBHarter\n2025\n', 'SanteeCoastalReserve\nCharlestonCoSC\nEFLoPRresti\n19Mav2025\nCTrail2Trap\n']","['2025DCR\n00698\n', 'R\n2025\n', 'CR\nCCC\nR\n192025\nC2\n']","['2025C\n00698\n', 'P\n2025\n', 'C\nCCC\nP\n192025\nC2\n']",modelv1.0__2026-05-20 20:23:05
D:/moth_photos/database\batch_08\img_moth_00014699.jpg,"[4000, 6000]",37.03921568627451,"['2025DCR\n00699\n', 'Photoqraphedby\nBHarter\n2025\n', 'noearmites\nELoPresti2025\n', 'SanteeCoastalReserve\nCharlestonCoSC\nEFLoPresti\n20Mav2025\nOrmondHallTrap\n']","['2025DCR\n00699\n', '8\n2025\n', '0\n2025\n', 'CR\nCCC\n202025\n']","['2025C\n00699\n', 'P\n8\n2025\n', '0\nP2025\n', 'CP\nCCC\nP\n202025\n']",modelv1.0__2026-05-20 20:23:05
D:/moth_photos/database\batch_08\img_moth_00014700.jpg,"[4000, 6000]",36.37254901960784,"['2025DCR\n00700\n', 'Photographedby\nBHarter\n2025\n', 'SanteeCoastalReserve\nCharlestonCoSC\nEFLoPresti\n20Mav2025\nOrmondHallTrap\n', 'noearmites\nELoPresti2025\n']","['2025DCR\n00700\n', '8\n2025\n', 'CR\nCCC\n202025\n', 'C2025\n']","['2025C\n00700\n', 'P\n8\n2025\n', 'C\nCCC\nP\n202025\n', 'CP2025\n']",modelv1.0__2026-05-20 20:23:05
D:/moth_photos/database\batch_08\img_moth_00014701.jpg,"[4000, 6000]",36.705882352941174,"['Photographedby\nBHarter\n2025\n', '2025DCR\n00701\n', 'noearmites\nELoPrestj2025\n', 'SanteeCoastalReserve\nCharlestonCoSC\nEFLoPresti\n20Mav2025\nOrmondHallTrap\n']","['8\n2025\n', '2025DCR\n00701\n', '2025\n', 'CR\nCCC\n202025\n']","['P\n8\n2025\n', '2025C\n00701\n', 'P2025\n', 'C\nCCC\nP\n202025\n']",modelv1.0__2026-05-20 20:23:05
D:/moth_photos/database\batch_08\img_moth_00014702.jpg,"[4000, 6000]",36.90196078431373,"['2025DCR\n00702\n', 'Photographedby\nBHarter\n2025\n', 'noearmites\nELoPresti2025\n', 'SanteeCoastalReserve\nCharlestonCoSC\nEFLoPresti\n20Mav2025\nOrmondHallTran\n']","['2025DCR\n00702\n', '8\n2025\n', '2025\n', 'CR\nCCC\n202025\n']","['2025PC\n00702\n', 'P\n8\n2025\n', 'P2025\n', 'C\nCCC\nP\n202025\n']",modelv1.0__2026-05-20 20:23:05
D:/moth_photos/database\batch_08\img_moth_00014703.jpg,"[4000, 6000]",36.745098039215684,"['2025DCR\n00703\n', 'Photoqraphedby\nBHarter\n2025\n', 'no ear mites\nELoPresti202\n', 'SanteeCoastalReserve\n\nCharlestonCo SC\nEFLoPresti\n20Mav2025\n\nOrmondHall Trap\n\n8327\n']","['2025DCR\n00703\n', '8\n2025\n', '0202\n', 'CR\nCC C\n202025\n\n8327\n']","['2025C\n00703\n', 'P\n8\n2025\n', '0P202\n', 'C\n\nCC C\nP\n202025\n\n8327\n']",modelv1.0__2026-05-20 20:23:05
D:/moth_photos/database\batch_08\img_moth_00014704.jpg,"[4000, 6000]",36.98039215686274,"['Photographedby\nBHarter\n2025\n', '2025DCR\n00704\n', 'ec\n\ncLoPresti 2025\n\n', 'a\n\nSanteeCoastalReserve\nCharlestonCoSC\nEFtoPresti\n20Mav2025\nOrmondHallTrap\n\n']","['8\n2025\n', '2025DCR\n00704\n', '2025\n\n', 'CR\nCCC\n202025\n\n']","['P\n8\n2025\n', '2025C\n00704\n', 'P 2025\n\n', 'CP\nCCC\nP\n202025\n\n']",modelv1.0__2026-05-20 20:23:05
D:/moth_photos/database\batch_08\img_moth_00014705.jpg,"[4000, 6000]",37.02,"['2025DCR\n00705\n', 'Photographedby\nBHarter\n2025\n', 'SanteeCoastalReserve\nCharlestonCoSC\nEFLoPresti\n20Mav2025\nOrmondHailTrap\n']","['2025DCR\n00705\n', 'R\n2025\n', 'CR\nCCC\n202025\n']","['2025C\n00705\n', 'P\n2025\n', 'C\nCCC\nP\n202025\n']",modelv1.0__2026-05-20 20:23:05
D:/moth_photos/database\batch_08\img_moth_00014706.jpg,"[4000, 6000]",36.745098039215684,"['2025DCR\n00706\n', 'Photoqraphedby\n8Harter\n2025\n', 'SanteeCoastalReserve\nCharlestonCoSC\nEFLoPresti\n20Mav2025\nOrmondHallTrao\nEES\n']","['2025DCR\n00706\n', '8\n2025\n', 'CR\nCC0C\n202025\nRR\n']","['2025C\n00706\n', 'P\n8\n2025\n', 'C\nCC0C\nP\n20W2025\n']",modelv1.0__2026-05-20 20:23:05
D:/moth_photos/database\batch_08\img_moth_00014707.jpg,"[4000, 6000]",36.76470588235294,"['2025DCR\n00707\n', 'Photoqraphedby\nBHarter\n2025\n', 'Ss\nnoeaymites\nELoPrestl 2025\n', 'SanteeCoastal Reserve\nCharlestonCo SC\nEF LoPresti\n\nCA19Mav2025\n\nCereTrap\n']","['2025DCR\n00707\n', '8\n2025\n', '0\n2025\n', 'C R\nCC C\nC\n\nC192025\n\nC\n']","['2025PC\n00707\n', 'P\n8\n2025\n', '0\nP 2025\n', 'C\nCC C\nC P\n\nC192025\n\nC\n']",modelv1.0__2026-05-20 20:23:05
D:/moth_photos/database\batch_08\img_moth_00014708.jpg,"[4000, 6000]",36.49019607843137,"['2025DCR\n00708\n', 'Photographedby\nBHarter\n2025\n', 'noear mites\nELoPresti2025\n', 'SanteeCoastalReserve\nCharlestonCoSC\nEFLoPresti\n\ncatt19Mav2025\nGFrailTrao\n']","['2025DCR\n00708\n', 'R\n2025\n', '2025\n', 'CR\nCC0C\n192025\nC0\n']","['2025C\n00708\n', 'P\n2025\n', 'P2025\n', 'C\nCC0C\nPP\n\n192025\nC0\n']",modelv1.0__2026-05-20 20:23:05
D:/moth_photos/database\batch_08\img_moth_00014709.jpg,"[4000, 6000]",36.3921568627451,"['2025DCR\n00709\n', 'Photographedby\nBHarter\n2025\n', 'noearmites\nELoPresti2025\n', 'SanteeCoastal Reserve\nCharlestonCo SC\nEFLoPresti\ncafe19May2025\n\nGtrettTrap\n']","['2025DCR\n00709\n', '8\n2025\n', '2025\n', 'C R\nCC C\nC192025\n']","['2025C\n00709\n', 'P\n8\n2025\n', 'P2025\n', 'C\nCC C\nP\n\nC192025\n']",modelv1.0__2026-05-20 20:23:05
D:/moth_photos/database\batch_08\img_moth_00014710.jpg,"[4000, 6000]",37.01960784313725,"['2025DCR\n00710\n', 'Photographedby\nBHarter\n2025\n', 'SanteeCoastalReserve\nCharlestonCoSC\nEFLoPresti\nCePE49 Mav 2025\n\nGFrailTrap\n']","['2025DCR\n00710\n', '8\n2025\n', 'CR\nCC0C\nCR49 2025\n']","['2025PC\n00710\n', 'P\n8\n2025\n', 'C\nCC0C\nP\n\nCPP49 2025\n']",modelv1.0__2026-05-20 20:23:05
D:/moth_photos/database\batch_08\img_moth_00014711.jpg,"[4000, 6000]",36.705882352941174,"['Photographedby\nBHarter\n2025\n', '2025 pcr\n00711\n', 'SanteeCoastalReserve\nChanestonCoSC\nEFLoPresti\ncA19Mav2025\nGFrailTrap\n']","['8\n2025\n', '2025\n00711\n', 'CR\nCC0C\nC192025\nC\n']","['P\n8\n2025\n', '2025\n00711\n', 'C\nCC0C\nP\nC192025\nC\n']",modelv1.0__2026-05-20 20:23:05
D:/moth_photos/database\batch_08\img_moth_00014712.jpg,"[4000, 6000]",36.666666666666664,"['2025DCR\n00713\n', 'Photoqraphedby\n8Harter\n2025\n', 'SanteeCoastalReserve\nChanestonCoSC\nEFLoPresti\n19Mav2025\nOrmondHallTrao\n']","['2025DCR\n00713\n', '8\n2025\n', 'CR\nCCC\n192025\n']","['2025C\n00713\n', 'P\n8\n2025\n', 'C\nCCC\nP\n192025\n']",modelv1.0__2026-05-20 20:23:05
D:/moth_photos/database\batch_08\img_moth_00014713.jpg,"[4000, 6000]",36.705882352941174,"['2025DCR\n00714\n', 'Photoqraphedby\nBHarter\n2025\n', 'ree\nSantee CoastalReserve\n\nCharlestonCo SC\nEFLoPresti\n49Mav2025\n\nOrmondHallTrao\n']","['2025DCR\n00714\n', '8\n2025\n', 'CR\nCC C\n492025\n']","['2025C\n00714\n', 'P\n8\n2025\n', 'C\nCC C\n\nP\n\n49W2025\n']",modelv1.0__2026-05-20 20:23:05
D:/moth_photos/database\batch_08\img_moth_00014714.jpg,"[4000, 6000]",36.666666666666664,"['2025DCR\n00715\n\n', 'Photoqraphedby\n8Harter\n2025\n', 'SanteeCoastalReserve\nCharlestonCoSC\nEFLoPresti\n19Mav2025\nOrmondHallTrap\n']","['2025DCR\n00715\n\n', '8\n2025\n', 'CR\nCCC\n192025\n']","['2025C\n00715\n\n', 'P\n8\n2025\n', 'C\nCCC\nP\n192025\n']",modelv1.0__2026-05-20 20:23:05
D:/moth_photos/database\batch_08\img_moth_00014715.jpg,"[4000, 6000]",36.9607843137255,"['2025DCR\n00716\n', 'Photoqraphedby\n8Harter\n2025\n', 'Santee CoastalReserve\nCharlestonCo SC\n\nEFLoPresti\n\n49Mav2025\nOrmondHallTrad\n']","['2025DCR\n00716\n', '8\n2025\n', 'CR\nCC C\n492025\n']","['2025C\n00716\n', 'P\n8\n2025\n', 'C\nCC C\n\nP\n\n492025\n']",modelv1.0__2026-05-20 20:23:05
D:/moth_photos/database\batch_08\img_moth_00014716.jpg,"[4000, 6000]",36.90196078431373,"['2025DCR\n00717\n', 'Photoqraphedby\n8Harter\n2025\n', 'SanteeCoastalReserve\nCharlestonCoSC\nEFLoPrest\n19Mav2025\nOrmondHallTrap\n']","['2025DCR\n00717\n', '8\n2025\n', 'CR\nCC0C\n192025\n']","['2025C\n00717\n', 'P\n8\n2025\n', 'C\nCC0C\nP\n192025\n']",modelv1.0__2026-05-20 20:23:05
D:/moth_photos/database\batch_08\img_moth_00014717.jpg,"[4000, 6000]",36.9607843137255,"['2025DCR\n00718\n', 'Photoqraphedby\nBHarter\n2025\n', 'SanteeCoastalReserve\nCharlestonCoSC\n\nEFLoPrest\n\n19Mav2025\nOrmondHallTrao\n']","['2025DCR\n00718\n', '8\n2025\n', 'CR\nCCC\n192025\n']","['2025C\n00718\n', 'P\n8\n2025\n', 'C\nCCC\n\nP\n\n192025\n']",modelv1.0__2026-05-20 20:23:05
D:/moth_photos/database\batch_08\img_moth_00014718.jpg,"[4000, 6000]",36.43137254901961,"['2025DCR\n00719\n', 'Photoqraphedby\n8Harter\n2025\n', 'SanteeCoastalReserve\nCharlestonCoSC\nEFLoPresti\n19Mav2025\nOrmondHallTrao\n']","['2025DCR\n00719\n', '8\n2025\n', 'CR\nCCC\n192025\n']","['2025C\n00719\n', 'P\n8\n2025\n', 'C\nCCC\nP\n192025\n']",modelv1.0__2026-05-20 20:23:05
D:/moth_photos/database\batch_08\img_moth_00014719.jpg,"[4000, 6000]",37.059999999999995,"['2025DCR\n00720\n', 'Photoqraphedby\nBHarter\n2025\n', '']","['2025DCR\n00720\n', '8\n2025\n', '']","['2025C\n00720\n', 'P\n8\n2025\n', '']",modelv1.0__2026-05-20 20:23:05
D:/moth_photos/database\batch_08\img_moth_00014720.jpg,"[4000, 6000]",36.588235294117645,"['2025DCR\n00721\n', 'Photographedby\nBHarter\n2025\n', 'SanteeCoastalReserve\nCharlestonCoSC\nEFLoPresti\n19Mayv2025\nOrmondHallTrao\n']","['2025DCR\n00721\n', '8\n2025\n', 'CR\nCCC\n192025\n']","['2025C\n00721\n', 'P\n8\n2025\n', 'C\nCCC\nP\n192025\n']",modelv1.0__2026-05-20 20:23:05
D:/moth_photos/database\batch_08\img_moth_00014721.jpg,"[4000, 6000]",36.627450980392155,"['2025DCR\n00722\n', 'Photoqgraphedby\nBHarter\n2025\n', 'SanteeCoastalReserve\nCharlestonCoSC\nEFLoPresti\n19Mav2025\nOrmondHallTrap\n']","['2025DCR\n00722\n', '8\n2025\n', 'CR\nCCC\n192025\n']","['2025C\n00722\n', 'P\n8\n2025\n', 'C\nCCC\nP\n192025\n']",modelv1.0__2026-05-20 20:23:05
D:/moth_photos/database\batch_08\img_moth_00014722.jpg,"[4000, 6000]",36.56862745098039,"['2025DCR\n00723\n', 'Photographedby\nBHarter\n2025\n', 'Et\nSanteeCoastal Reserve\n\nCharlestonCoSC\nEFLoPresti\n49Mav2025\n\nOrmondHallTrao\n']","['2025DCR\n00723\n', '8\n2025\n', 'C R\nCCC\n492025\n']","['2025C\n00723\n', 'P\n8\n2025\n', 'C\nCCC\n\nP\n\n492025\n']",modelv1.0__2026-05-20 20:23:05
D:/moth_photos/database\batch_08\img_moth_00014723.jpg,"[4000, 6000]",36.86274509803921,"['2025DCR\n00724\n', 'Photographedby\nBHarter\n2025\n', 'SanteeCoastalReserve\nCharlestonCoSC\nEFLoPresti\n19Mav2025\nOrmondHallTrap\n']","['2025DCR\n00724\n', '8\n2025\n', 'CR\nCCC\n192025\n']","['2025C\n00724\n', 'P\n8\n2025\n', 'C\nCCC\nP\n192025\n']",modelv1.0__2026-05-20 20:23:05
D:/moth_photos/database\batch_08\img_moth_00014724.jpg,"[4000, 6000]",36.86274509803921,"['2025DCR\n00725\n', 'Photographedby\nBHarter\n2025\n', 'EEL\nSantee CoastalReserve\nCharleston Co\nEF LoPresti\n419Mav 2025\nOrmond HallTrao\n']","['2025DCR\n00725\n', '8\n2025\n', 'CR\nC C\n419 2025\n']","['2025C\n00725\n', 'P\n8\n2025\n', 'C\nC C\nP\n419 2025\n']",modelv1.0__2026-05-20 20:23:05
D:/moth_photos/database\batch_08\img_moth_00014725.jpg,"[4000, 6000]",36.80392156862745,"['2025DCR\n00726\n', 'Photographedby\nBHarter\n2025\n', 'SanteeCoastalReserve\nCharlestonCoSC\nEF LoPresti\n19Mav2025\nOrmondHallTrap\n']","['2025DCR\n00726\n', '8\n2025\n', 'CR\nCCC\n192025\n']","['2025C\n00726\n', 'P\n8\n2025\n', 'C\nCCC\nP\n192025\n']",modelv1.0__2026-05-20 20:23:05
D:/moth_photos/database\batch_08\img_moth_00014726.jpg,"[4000, 6000]",36.666666666666664,"['2025DCR\n00727\n', 'Photographedby\nBHarter\n2025\n', 'SanteeCoastalReserve\nCharlestonCoSC\nEFLoPresti\n19Mav2025\nOrmondHallTrao\n']","['2025DCR\n00727\n', '8\n2025\n', 'CR\nCCC\n192025\n']","['2025C\n00727\n', 'P\n8\n2025\n', 'C\nCCC\nP\n192025\n']",modelv1.0__2026-05-20 20:23:05
D:/moth_photos/database\batch_08\img_moth_00014727.jpg,"[4000, 6000]",36.411764705882355,"['2025 pcr\n00728\n', 'Photographedby\nBHarter\n2025\n', 'SanteeCoastalReserve\nChanestonCoSC\nEFLoPresti\n19Mav2025\nOrmondHallTrap\nee\n']","['2025\n00728\n', '8\n2025\n', 'CR\nCCC\n192025\n']","['2025\n00728\n', 'P\n8\n2025\n', 'C\nCCC\nP\n192025\n']",modelv1.0__2026-05-20 20:23:05
D:/moth_photos/database\batch_08\img_moth_00014728.jpg,"[4000, 6000]",36.509803921568626,"['2025DCR\n00729\n', 'Photographedby\nBHarter\n2025\n', 'SanteeCoastalReserve\nChariestonCoSC\nEFLoPresti\n19Mav2025\nOrmondHallTrap\n']","['2025DCR\n00729\n', '8\n2025\n', 'CR\nCCC\n192025\n']","['2025C\n00729\n', 'P\n8\n2025\n', 'C\nCCC\nP\n192025\n']",modelv1.0__2026-05-20 20:23:05
D:/moth_photos/database\batch_08\img_moth_00014729.jpg,"[4000, 6000]",37.059999999999995,"['Photographedby\nBHarter\n2025\n', '', 'SanteeCoastalReserve\nCharlestonCoSC\nEFtoPresti\n19Mav2025\nOrmondHallTrap\n']","['8\n2025\n', '', 'CR\nCCC\n192025\n']","['P\n8\n2025\n', '', 'C\nCCC\nP\n192025\n']",modelv1.0__2026-05-20 20:23:05
D:/moth_photos/database\batch_08\img_moth_00014730.jpg,"[4000, 6000]",36.705882352941174,"['2025DCR\n00731\n', 'Photographedby\nBHarter\n2025\n', 'SanteeCoastalReserve\nCharlestonCoSC\nEFLoPfesti\n19Mav2025\nOrmondHallTrap\n']","['2025DCR\n00731\n', '8\n2025\n', 'CR\nCCC\n192025\n']","['2025C\n00731\n', 'P\n8\n2025\n', 'C\nCCC\nP\n192025\n']",modelv1.0__2026-05-20 20:23:05
D:/moth_photos/database\batch_08\img_moth_00014731.jpg,"[4000, 6000]",36.94117647058823,"['2025DCR\n00732\n', 'Photographedby\nBHarter\n2025\n', 'SanteeCoastalReserve\nCharlestonGo\nEF LoPresti\n2Mav2025\nLiveOakTrap\n']","['2025DCR\n00732\n', 'R\n2025\n', 'CR\nCC0\n22025\nC\n']","['2025C\n00732\n', 'P\n2025\n', 'C\nCC0\nP\n22025\nC\n']",modelv1.0__2026-05-20 20:23:05
D:/moth_photos/database\batch_08\img_moth_00014732.jpg,"[4000, 6000]",36.7843137254902,"['2025DCR\n00733\n', 'Photographedby\nBHarter\n2025\n', 'Santee CoastalReserve\nCharleston Co\nFLoPresti\n2Mav2025\nLiveOakTrap\n']","['2025DCR\n00733\n', 'R\n2025\n', 'CR\nC C\n22025\n']","['2025C\n00733\n', 'P\n2025\n', 'C\nC C\nP\n22025\n']",modelv1.0__2026-05-20 20:23:05
D:/moth_photos/database\batch_08\img_moth_00014733.jpg,"[4000, 6000]",36.56862745098039,"['2025DCR\n00734\n', 'Photoqraphedby\nBHarter\n2025\n', 'SanteeCoastalReserve\nCharlestonCoSC\nEFkoPresti\n2Mav2025\nLiveOakTrapo\n']","['2025DCR\n00734\n', '8\n2025\n', 'CR\nCCC\n22025\n']","['2025C\n00734\n', 'P\n8\n2025\n', 'C\nCCC\nP\n22025\n']",modelv1.0__2026-05-20 20:23:05
D:/moth_photos/database\batch_08\img_moth_00014734.jpg,"[4000, 6000]",36.549019607843135,"['2025DCR\n00735\n', 'Photographedby\nBHarter\n2025\n', 'SanteeCoastalReserve\nCharlestonCoSC\nEFLoPresti\n\n2Mav2025\nLiveOakTrap\n']","['2025DCR\n00735\n', 'R\n2025\n', 'CR\nCCC\n22025\n']","['2025C\n00735\n', 'P\n2025\n', 'C\nCCC\nP\n\n22025\n']",modelv1.0__2026-05-20 20:23:05
D:/moth_photos/database\batch_08\img_moth_00014735.jpg,"[4000, 6000]",36.3921568627451,"['2025DCR\n00736\n', 'Photographedby\nBHarter\n2025\n', 'SanteeCoastalReserve\nCharlestonCoSC\nEFLoPresti\n2Mav2025\nLiveOakTrap\n']","['2025DCR\n00736\n', 'R\n2025\n', 'CR\nCCC\n22025\nC\n']","['2025C\n00736\n', 'P\n2025\n', 'C\nCCC\nP\n22025\nC\n']",modelv1.0__2026-05-20 20:23:05
D:/moth_photos/database\batch_08\img_moth_00014736.jpg,"[4000, 6000]",36.56862745098039,"['2025DCR\n00737\n', 'Photographedby\nBHarter\n2025\n', '']","['2025DCR\n00737\n', '8\n2025\n', '']","['2025C\n00737\n', 'P\n8\n2025\n', '']",modelv1.0__2026-05-20 20:23:05
D:/moth_photos/database\batch_08\img_moth_00014737.jpg,"[4000, 6000]",37.0,"['7025DCR\n00738\n', 'noearmites\nELoPresti2025\n', 'Photographedby\nBHarter\n2025\n', 'SanteeCoastalReserve\nCharlestonCoSC\nEFLoPresti\n2Mav2025\nMarshTrap\n']","['7025DCR\n00738\n', '2025\n', '8\n2025\n', 'CR\nCCC\n22025\n']","['7025C\n00738\n', 'P2025\n', 'P\n8\n2025\n', 'C\nCCC\nP\n22025\n']",modelv1.0__2026-05-20 20:23:05
D:/moth_photos/database\batch_08\img_moth_00014738.jpg,"[4000, 6000]",37.02,"['Photoqraphedby\nBHarter\n2025\n', '2025DCR\n00739\n', 'Santee Coastal Reserve\n\nCharlestonCO\nEF LdPresti\n2Mav 2025\nMarshTrao\n\n', '']","['R\n2025\n', '2025DCR\n00739\n', 'C R\n\nCC0\n2 2025\n\n', '']","['P\n2025\n', '2025C\n00739\n', 'C\n\nCC0\nP\n2 2025\n\n', '']",modelv1.0__2026-05-20 20:23:05
D:/moth_photos/database\batch_08\img_moth_00014739.jpg,"[4000, 6000]",36.6078431372549,"['2025DCR\n00740\n', 'Photographedby\nBHarter\n2025\n', 'SASEtes\nSantee Coastal Reserve\nCharleston Co\nEF LoPresti\n4Mav2025\nMarshTrad\n\nll\n']","['2025DCR\n00740\n', '8\n2025\n', 'C R\nC C\n42025\n']","['2025C\n00740\n', 'P\n8\n2025\n', 'C\nC C\nP\n42025\n']",modelv1.0__2026-05-20 20:23:05
D:/moth_photos/database\batch_08\img_moth_00014740.jpg,"[4000, 6000]",36.84313725490196,"['2025DCR\n00741\n', 'Photoqraphedby\nBHarter\n2025\n', 'SanteeCoastalReserve\nCharlestonCoSC\nEFLoPresti\n1Mav2025\nMarshTrap\n']","['2025DCR\n00741\n', '8\n2025\n', 'CR\nCCC\n12025\n']","['2025C\n00741\n', 'P\n8\n2025\n', 'CP\nCCC\nP\n12025\n']",modelv1.0__2026-05-20 20:23:05
D:/moth_photos/database\batch_08\img_moth_00014741.jpg,"[4000, 6000]",36.84313725490196,"['2025DCR\n00742\n', 'Photoqraphedby\nBHarter\n2025\n', '4\nnoearmites\nELoPresti 2025\n', 'SanteeCoastalReserve\nCharlestonCoSC\nEFLoPresti\n4Mav2025\nAAarshTrao\n']","['2025DCR\n00742\n', '8\n2025\n', '4\n2025\n', 'CR\nCCC\nR\n42025\n']","['2025C\n00742\n', 'P\n8\n2025\n', '4\nP 2025\n', 'C\nCCC\nP\n42025\n']",modelv1.0__2026-05-20 20:23:05
D:/moth_photos/database\batch_08\img_moth_00014742.jpg,"[4000, 6000]",36.64705882352941,"['2025DCR\n00743\n', 'Photographedby\nBHarter\n2025\n', 'noearmites\nELoPresti 2025\n', 'antee Coastal Reserve\n\nCharleston Co\nEF LoPresti\n\n49Mav2029\neTrap\n\nJames Canebrak\n\n']","['2025DCR\n00743\n', 'R\n2025\n', '2025\n', 'C R\n\nC C\nR\n\n492029\nD\n\nC\n\n']","['2025C\n00743\n', 'P\n2025\n', 'P 2025\n', 'C\n\nC C\nP\n\n492029\n\nC\n\n']",modelv1.0__2026-05-20 20:23:05
D:/moth_photos/database\batch_08\img_moth_00014743.jpg,"[4000, 6000]",36.509803921568626,"['2025DCR\n00744\n', 'noearmites\nELoPresti2025\n', 'Photographedby\nBHarter\n2025\n', 'SanteeCoastalReserve\nCharlestonCoSC\nEFLoPresti\n49Mav2025\nJamesCanebrake Trap\n']","['2025DCR\n00744\n', '2025\n', 'R\n2025\n', 'CR\nCCC\n492025\nC\n']","['2025C\n00744\n', 'P2025\n', 'P\n2025\n', 'C\nCCC\nP\n492025\nC\n']",modelv1.0__2026-05-20 20:23:05
D:/moth_photos/database\batch_08\img_moth_00014744.jpg,"[4000, 6000]",36.72549019607843,"['Photoqgraphedby\nBHarter\n2025\n', 'a\n2025DCR\nQ0745\n', 'OE\nSanteeCoastal Reserve\nCharlestonCo SC\nEFLoPrestj\n19Mav2025\nJamesCanebrake Trap\n']","['R\n2025\n', '2025DCR\n90745\n', 'CC\nC R\nCC C\n192025\nC\n']","['P\n2025\n', '2025C\n90745\n', 'CC\nC\nCC C\nP\n192025\nC\n']",modelv1.0__2026-05-20 20:23:05
D:/moth_photos/database\batch_08\img_moth_00014745.jpg,"[4000, 6000]",36.82,"['2025DCR\n00746\n', 'Photographedby\nBHarter\n2025\n', 'SanteeCoastalReserve\nCharlestonCoSC\nEFLoPresti\n19Mav2025\nJamesCanebrakeTrap\n']","['2025DCR\n00746\n', 'R\n2025\n', 'CR\nCCC\n192025\nC\n']","['2025C\n00746\n', 'P\n2025\n', 'C\nCCC\nP\n192025\nC\n']",modelv1.0__2026-05-20 20:23:05
D:/moth_photos/database\batch_08\img_moth_00014746.jpg,"[4000, 6000]",36.666666666666664,"['2025DCR\n00747\n', 'Photographedby\nBHarter\n2025\n', 'SanteeCoastalReserve\n\nCharlestonCoSC\nEFLoPresti\n19Mav2025\n\nJamesCanebrakeTrap\n']","['2025DCR\n00747\n', 'R\n2025\n', 'CR\n\nCCC\n192025\nC\n']","['2025C\n00747\n', 'P\n2025\n', 'C\n\nCCC\nP\n192025\n\nC\n']",modelv1.0__2026-05-20 20:23:05
D:/moth_photos/database\batch_08\img_moth_00014747.jpg,"[4000, 6000]",36.7843137254902,"['2025DCR\n00748\n', 'Photoqraphedby\nBHarter\n2025\n', 'EEEOOSrtiCOiFCOFDPCO\nSantee CoastalReserve\nCharlestorCo SC\nFLoPresti\n49Mav2025\nJames CanebrakeTrao\n']","['2025DCR\n00748\n', '8\n2025\n', 'CCDC\nCR\nCC C\n492025\nC\n']","['2025C\n00748\n', 'P\n8\n2025\n', 'CCPC\nC\nCC C\nP\n492025\nC\n']",modelv1.0__2026-05-20 20:23:05
D:/moth_photos/database\batch_08\img_moth_00014748.jpg,"[4000, 6000]",36.509803921568626,"['2025DCR\n00749\n', 'Photographedby\nBHarter\n2025\n', 'SSrtl\nSantee Coastal Reserve\nCharleston Co\nEF LodPresti\n49May2025\njames CanebrakeTrap\n']","['2025DCR\n00749\n', '8\n2025\n', 'C R\nC C\n492025\nC\n']","['2025C\n00749\n', 'P\n8\n2025\n', 'C\nC C\nP\n492025\nC\n']",modelv1.0__2026-05-20 20:23:05
D:/moth_photos/database\batch_08\img_moth_00014749.jpg,"[4000, 6000]",36.411764705882355,"['LULU\n\n2025DCR\n00750\n', 'Photographedby\nBHarter\n2025\n', 'SanteeCoastalReserve\nCharlestonCoSC\nEFLoPresti\n19Mav2025\nJamesCanebrakeTrap\n']","['2025DCR\n00750\n', '8\n2025\n', 'CR\nCCC\n192025\nC\n']","['2025C\n00750\n', 'P\n8\n2025\n', 'C\nCCC\nP\n192025\nC\n']",modelv1.0__2026-05-20 20:23:05
D:/moth_photos/database\batch_08\img_moth_00014750.jpg,"[4000, 6000]",36.56862745098039,"['2025DCR\n00751\n', 'Photographedby\nBHarter\n2025\n', 'SanteeCoastalReserve\nCharlestonCoSC\nEFLoPresti\n49Mav2025\nJamesCanebrake Trap\n\n']","['2025DCR\n00751\n', '8\n2025\n', 'CR\nCCC\n492025\nC\n\n']","['2025C\n00751\n', 'P\n8\n2025\n', 'C\nCCC\nP\n492025\nC\n\n']",modelv1.0__2026-05-20 20:23:05
D:/moth_photos/database\batch_08\img_moth_00014751.jpg,"[4000, 6000]",36.64705882352941,"['Photographedby\nBHarter\n2025\n', '2025DCR\n00752\n', 'SanteeCoastalReserve\nCharlestonCoSC\nEFLoPresti\n19Mav2025\nJamesCanebrakeTrap\n']","['8\n2025\n', '2025DCR\n00752\n', 'CR\nCCC\n192025\nC\n']","['P\n8\n2025\n', '2025C\n00752\n', 'C\nCCC\nP\n192025\nC\n']",modelv1.0__2026-05-20 20:23:05
D:/moth_photos/database\batch_08\img_moth_00014752.jpg,"[4000, 6000]",36.43137254901961,"['2025DCR\n00753\n', 'Photographedby\nBHarter\n2025\n', 'SanteeCoastalReserve\nCharlestonCoSC\nEFLoPresti\n19Mav2025\nJamesCanebrakeTrap\n']","['2025DCR\n00753\n', '8\n2025\n', 'CR\nCCC\n192025\nC\n']","['2025C\n00753\n', 'P\n8\n2025\n', 'C\nCCC\nP\n192025\nC\n']",modelv1.0__2026-05-20 20:23:05
D:/moth_photos/database\batch_08\img_moth_00014753.jpg,"[4000, 6000]",36.705882352941174,"['2025DCR\n00754\n', 'Photographedby\nBHarter\n2025\n', 'Santee Coastal Reserve\nCharleston Co\nEF Lopresti\n49Mav2025\nJames Canebrake Trao\n\n']","['2025DCR\n00754\n', '8\n2025\n', 'C R\n\nC C\n492025\n\nC\n\n']","['2025C\n00754\n', 'P\n8\n2025\n', 'C\n\nC C\nP\n492025\n\nC\n\n']",modelv1.0__2026-05-20 20:23:05
D:/moth_photos/database\batch_08\img_moth_00014754.jpg,"[4000, 6000]",36.9,"['2025DCR\n00755\n', 'Photographedby\nBHarter\n2025\n', 'SanteeCoastalReserve\nCharlestonCoSC\nEFLoPresti\n19Mav2025\nJamesCanebrakeTrap\n']","['2025DCR\n00755\n', '8\n2025\n', 'CR\nCCC\n192025\nC\n']","['2025C\n00755\n', 'P\n8\n2025\n', 'C\nCCC\nP\n192025\nC\n']",modelv1.0__2026-05-20 20:23:05
D:/moth_photos/database\batch_08\img_moth_00014755.jpg,"[4000, 6000]",37.0,"['Photographedby\nBHarter\n2025\n', '2025DCR\n00756\n\n', 'noearmites\n\nELoPresti2025\n', 'eee\nSanteeCoastalReserve\nCharlestonCoSC\nEFsLoPresti\n19Mav2025\nLiveOakTrap\n\n']","['8\n2025\n', '2025DCR\n00756\n\n', '2025\n', 'CR\nCCC\n192025\n\n']","['P\n8\n2025\n', '2025C\n00756\n\n', 'P2025\n', 'C\nCCC\nP\n192025\n\n']",modelv1.0__2026-05-20 20:23:05
D:/moth_photos/database\batch_08\img_moth_00014756.jpg,"[4000, 6000]",36.76470588235294,"['2025DCR\n00757\n', 'Photographedby\nBHarter\n2025\n', 'SanteeCoastalReserve\nCharlestonCoSC\nEFoPresti\n49Mav2025\nLiveOakTrap\n', 'noearmites\nELoPresti2025\n']","['2025DCR\n00757\n', 'R\n2025\n', 'CR\nCCC\n492025\n0\n', '2025\n']","['2025C\n00757\n', 'P\n2025\n', 'C\nCCC\nP\n492025\n0\n', 'P2025\n']",modelv1.0__2026-05-20 20:23:05
D:/moth_photos/database\batch_08\img_moth_00014757.jpg,"[4000, 6000]",36.49019607843137,"['2025DCR\n00758\n', 'Photoqraphedby\nBHarter\n2025\n', 'noearmites\nELoPresti2025\n', 'SSsiatasttltrF\nSanteeCoastal Reserve\nCharlestonCo\nEFLoPresti\n49Mav2025\nLiveOakTrap\n']","['2025DCR\n00758\n', '8\n2025\n', '2025\n', 'C R\nCC\n492025\n0\n']","['2025C\n00758\n', 'P\n8\n2025\n', 'P2025\n', 'C\nCC\nP\n492025\n0\n']",modelv1.0__2026-05-20 20:23:05
D:/moth_photos/database\batch_08\img_moth_00014758.jpg,"[4000, 6000]",36.839999999999996,"['SanteeCoastalReserve\nCharlestonCoSC\nEFLoPresti\n19Mav2025\nLiveOakTrap\n', 'Photographedby\nBHarter\n2025\n', '2025DCR\n00759\n\n', 'noearmites\nE LoPresti2025\n']","['CR\nCCC\n192025\nC\n', 'R\n2025\n', '2025DCR\n00759\n\n', '2025\n']","['C\nCCC\nP\n192025\nC\n', 'P\n2025\n', '2025C\n00759\n\n', 'P2025\n']",modelv1.0__2026-05-20 20:23:05
D:/moth_photos/database\batch_08\img_moth_00014759.jpg,"[4000, 6000]",36.98,"['2025DCR\n00760\n', 'Photographedby\nBHarter\n2025\n', 'noearmites\nELoPresti2025\n', '']","['2025DCR\n00760\n', 'R\n2025\n', '2025\n', '']","['2025PC\n00760\n', 'P\n2025\n', 'P2025\n', '']",modelv1.0__2026-05-20 20:23:05
D:/moth_photos/database\batch_08\img_moth_00014760.jpg,"[4000, 6000]",36.86274509803921,"['2025DCR\n00761\n', 'Photoqraphedby\nBHarter\n2025\n', 'SanteeCoastalReserve\nCharlestonCoSC\nEFLoPresti\n49Mav2025\nLiveOakTrap\n']","['2025DCR\n00761\n', '8\n2025\n', 'CR\nCCC\n492025\nC\n']","['2025C\n00761\n', 'P\n8\n2025\n', 'C\nCCC\nP\n492025\nC\n']",modelv1.0__2026-05-20 20:23:05
D:/moth_photos/database\batch_08\img_moth_00014761.jpg,"[4000, 6000]",37.0,"['Photoqraphedby\nBHarter\n2025\n', '2\n\n025 ocr\n\n', 'a\nSanteeCoastal Reserve\n\nCharleston CoSC\nEFLoPresti\n49Mav2025\nLiveOakTrao\n']","['8\n2025\n', '2\n\n025 CR\n\n', 'C R\n\nC CC\n492025\n0\n']","['P\n8\n2025\n', '2\n\n025 C\n\n', 'C\n\nC CC\nP\n492025\n0\n']",modelv1.0__2026-05-20 20:23:05
D:/moth_photos/database\batch_08\img_moth_00014762.jpg,"[4000, 6000]",36.9,"['2025DCR\n00763\n', 'Photographedby\nBHarter\n2025\n', 'SanteeCoastalReserve\nCharlestonCoSC\nEFLoPresti\n19Mav2025\nLiveOakTrap\n']","['2025DCR\n00763\n', 'R\n2025\n', 'CR\nCCC\n192025\n']","['2025C\n00763\n', 'P\n2025\n', 'C\nCCC\nP\n192025\n']",modelv1.0__2026-05-20 20:23:05
D:/moth_photos/database\batch_08\img_moth_00014763.jpg,"[4000, 6000]",36.549019607843135,"['2025DCR\n00764\n', 'Photographedby\nBHarter\n2025\n', 'oanteeCoastalReserve\nCharlestonCoSC\nEFLoPresti\n19Mav2025\nLiveOakTrap\n']","['2025DCR\n00764\n', 'R\n2025\n', 'CR\nCCC\n192025\n']","['2025C\n00764\n', 'P\n2025\n', 'C\nCCC\nP\n192025\n']",modelv1.0__2026-05-20 20:23:05
D:/moth_photos/database\batch_08\img_moth_00014764.jpg,"[4000, 6000]",37.059999999999995,"['2025DCR\n00765\n', 'Photographedby\nBHarter\n2025\n', 'SanteeCoastalReserve\nCharlestonCoSC\nEFLoPresti\n19Mav2025\nLiveOakTrap\n']","['2025DCR\n00765\n', 'R\n2025\n', 'CR\nCCC\n192025\nC\n']","['2025C\n00765\n', 'P\n2025\n', 'C\nCCC\nP\n192025\nC\n']",modelv1.0__2026-05-20 20:23:05
D:/moth_photos/database\batch_08\img_moth_00014765.jpg,"[4000, 6000]",36.96,"['2025DCR\n00766\n', 'SanteeCoastalReserve\nCharlestonGoSC\nEFLoPresti\n19Mav2025\nLiveOakTrap\n', 'Photographedby\nBHarter\n2025\n']","['2025DCR\n00766\n', 'CR\nCCC\n192025\n', 'R\n2025\n']","['2025C\n00766\n', 'C\nCCC\nP\n192025\n', 'P\n2025\n']",modelv1.0__2026-05-20 20:23:05
D:/moth_photos/database\batch_08\img_moth_00014766.jpg,"[4000, 6000]",37.04,"['2025DCR\n00767\n', 'Photographedby\nBHarter\n2025\n', 'SanteeCoastalReserve\nCharlestonCoSC\nEFLoPresti\n19Mav2025\nLiveOakTrap\n']","['2025DCR\n00767\n', 'R\n2025\n', 'CR\nCCC\n192025\n']","['2025C\n00767\n', 'P\n2025\n', 'C\nCCC\nP\n192025\n']",modelv1.0__2026-05-20 20:23:05
D:/moth_photos/database\batch_08\img_moth_00014767.jpg,"[4000, 6000]",36.35294117647059,"['7025DCR\n00768\n', 'Photoqraphedby\nBHarter\n2025\n', 'Santee CoastalReserve\nCharleston Co\nEF LoPresti\n49Mav 2025\nLiveOakTrad\n']","['7025DCR\n00768\n', 'R\n2025\n', 'CR\nC C\n49 2025\n']","['7025C\n00768\n', 'P\n2025\n', 'C\nC C\nP\n49 2025\n']",modelv1.0__2026-05-20 20:23:05
D:/moth_photos/database\batch_08\img_moth_00014768.jpg,"[4000, 6000]",36.33333333333333,"['Photoqraphedby\nBHarter\n2025\n', '2025DCR\n00769\n', 'Santee Coastal Reserve\nCharleston Co\nEF Lopresti\n49Mav 2025\nLiveOak Trao\n\n']","['8\n2025\n', '2025DCR\n00769\n', 'C R\nC C\n\n49 2025\n0\n\n']","['P\n8\n2025\n', '2025C\n00769\n', 'C\nC C\nP\n49 2025\n0\n\n']",modelv1.0__2026-05-20 20:23:05
D:/moth_photos/database\batch_08\img_moth_00014769.jpg,"[4000, 6000]",36.86,"['9025DCR\n00770\n', 'Photographedby\nBHarter\n2025\n', 'Ul\n\nSantee CoastalReserve\n\nCharlestonCo\nEF LoPresti\n49Mav 2025\nLiveOakTrad\n']","['9025DCR\n00770\n', '2025\n', 'CD\n\nCR\n\nCC0\n49 2025\n']","['9025C\n00770\n', 'P\n2025\n', 'C\n\nCC0\nP\n49 2025\n']",modelv1.0__2026-05-20 20:23:05
D:/moth_photos/database\batch_08\img_moth_00014770.jpg,"[4000, 6000]",36.509803921568626,"['2025DCR\n00771\n', 'Photoqraphedby\nBHarter\n2025\n', 'SanteeCdastalReserve\nCharlestonCoSC\nEFLoPresti\n19Mav2025\nLiveOakTrap\n']","['2025DCR\n00771\n', '8\n2025\n', 'CR\nCCC\n192025\n']","['2025C\n00771\n', 'P\n8\n2025\n', 'C\nCCC\nP\n192025\n']",modelv1.0__2026-05-20 20:23:05
D:/moth_photos/database\batch_08\img_moth_00014771.jpg,"[4000, 6000]",37.02,"['2025 DCR\n00772\n', 'Photoqraphedby\nBHarter\n2025\n', 'SanteeCoastalReserve\nCharlestonCoSC\nEFLoPresti\n19Mav2025\n1iveOakTrao\n']","['2025 DCR\n00772\n', 'R\n2025\n', 'CR\nCCC\n192025\n1\n']","['2025 C\n00772\n', 'P\n2025\n', 'C\nCCC\nP\n192025\n1\n']",modelv1.0__2026-05-20 20:23:05
D:/moth_photos/database\batch_08\img_moth_00014772.jpg,"[4000, 6000]",37.0,"['2025DCR\n00773\n', 'Photographedby\nBHarter\n2025\n', 'SanteeCoastalReserve\nCharlestonCoSC\nEFLoPresti\n19Mav2025\nLiveOakTrao\n\n']","['2025DCR\n00773\n', 'R\n2025\n', 'CR\nCCC\n192025\nC\n\n']","['2025C\n00773\n', 'P\n2025\n', 'C\nCCC\nP\n192025\nC\n\n']",modelv1.0__2026-05-20 20:23:05
D:/moth_photos/database\batch_08\img_moth_00014773.jpg,"[4000, 6000]",36.96,"['2025 DCR\n00774\n', 'Photographedby\nBHarter\n2025\n', 'SanteeCoastalReserve\nCharlestonCoSC\nEFLoPresti\n19Mav2025\nLiveOakTrap\n']","['2025 DCR\n00774\n', '8\n2025\n', 'CR\nCCC\n192025\n']","['2025 C\n00774\n', 'P\n8\n2025\n', 'C\nCCC\nP\n192025\n']",modelv1.0__2026-05-20 20:23:05
D:/moth_photos/database\batch_08\img_moth_00014774.jpg,"[4000, 6000]",36.96,"['5025DCR\n00775\n', 'Photographedby\nBHarter\n2025\n', 'noearmites\nELoPresti2025\n', 'SanteeCoastalReserve\nCharlestgnCoSC\nEFLoPresti\n20May2025\nBaitTrap\n']","['5025DCR\n00775\n', 'R\n2025\n', '2025\n', 'CR\nCCC\n202025\n']","['5025PC\n00775\n', 'P\n2025\n', 'P2025\n', 'C\nCCC\nP\n202025\n']",modelv1.0__2026-05-20 20:23:05
D:/moth_photos/database\batch_08\img_moth_00014775.jpg,"[4000, 6000]",36.37254901960784,"['2025DCR\n00776\n', 'Photographedby\nBHarter\n2025\n', 'SSt\nE Lopresti 2025\n\n', 'SanteeCoastalReserve\nCharlestonCoSC\nEFLoPresti\n20Mav2025\nBaitTrap\n']","['2025DCR\n00776\n', 'R\n2025\n', '2025\n\n', 'CR\nCCC\n202025\nR\n']","['2025C\n00776\n', 'P\n2025\n', 'P 2025\n\n', 'C\nCCC\nP\n202025\n']",modelv1.0__2026-05-20 20:23:05
D:/moth_photos/database\batch_08\img_moth_00014776.jpg,"[4000, 6000]",36.64705882352941,"['2025DCR\n00777\n', 'noearmites\nELoPresti2025\n', 'Photographedby\nBHarter\n2025\n', 'SanteeCoastalReserve\nCharlestonCoSC\nEF LoPresti\n20May2025\nBaitTrap\n']","['2025DCR\n00777\n', '2025\n', 'R\n2025\n', 'CR\nCCC\n202025\n']","['2025C\n00777\n', 'P2025\n', 'P\n2025\n', 'C\nCCC\nP\n202025\n']",modelv1.0__2026-05-20 20:23:05
D:/moth_photos/database\batch_08\img_moth_00014777.jpg,"[4000, 6000]",37.04,"['2025DCR\n00778\n', 'Photoqraphedby\nBHarter\n2025\n', 'noearmites\nELoPresti2025\nBT\n', 'Santee Coastal Reserve\n\nCharleston Co\nEF LoPrest\n\n20Mav 2025\nBaitTrap\n\n']","['2025DCR\n00778\n', '8\n2025\n', '2025\n', 'C R\n\nC C\n\n20 2025\nR\n\n']","['2025C\n00778\n', 'P\n8\n2025\n', 'P2025\n', 'C\n\nC C\nP\n\n20 2025\n\n']",modelv1.0__2026-05-20 20:23:05
D:/moth_photos/database\batch_08\img_moth_00014778.jpg,"[4000, 6000]",37.02,"['2025DCR\n00779\n', 'Photographedby\nBHarter\n2025\n', 'SanteeCoastalReserve\nCharlestonCoSC\nEFLoPresti\n20Mav2025\nBaitTrap\n', 'no earmites\nELoPresti2025\n']","['2025DCR\n00779\n', '8\n2025\n', 'CR\nCCC\n202025\n', '0\n2025\n']","['2025C\n00779\n', 'P\n8\n2025\n', 'C\nCCC\nP\n202025\n', '0\nP2025\n']",modelv1.0__2026-05-20 20:23:05
D:/moth_photos/database\batch_08\img_moth_00014779.jpg,"[4000, 6000]",36.3921568627451,"['2025DCR\n00780\n', 'no edrmites\nLoPresti2025\n', 'Photographedby\nBHarter\n2025\n', 'SanteeCoastalReserve\nCharlestonCoSC\nEFLoPresti\n20May2025\nBaitTrap\n']","['2025DCR\n00780\n', '2025\n', '8\n2025\n', 'CR\nCCC\n202025\n']","['2025C\n00780\n', 'P2025\n', 'P\n8\n2025\n', 'C\nCCC\nP\n202025\n']",modelv1.0__2026-05-20 20:23:05
D:/moth_photos/database\batch_08\img_moth_00014780.jpg,"[4000, 6000]",36.588235294117645,"['2025DCR\n00781\n', 'noearmites\nELoPresti2025\n\nrh\n', 'SanteeCoastalReserve\nCharlestonCoSC\nEFLoPresti\n20May2025\nBaitTrao\n', 'Photographedby\nBHarter\n2025\n']","['2025DCR\n00781\n', '2025\n', 'CR\nCCC\n202025\nR\n', '8\n2025\n']","['2025C\n00781\n', 'P2025\n', 'C\nCCC\nP\n202025\n', 'P\n8\n2025\n']",modelv1.0__2026-05-20 20:23:05
D:/moth_photos/database\batch_08\img_moth_00014781.jpg,"[4000, 6000]",37.02,"['2025DCR\n00782\n', 'noear mites\nELoPresti2025\n', 'Photographedby\nBHarter\n2025\n', 'ULL\nSantee Coastal Reserve\nCharleston CoS\nEF LoPresti\n20Mav 2025\nBaitTrap\n']","['2025DCR\n00782\n', 'C2025\n', 'R\n2025\n', 'C R\nC C0\n20 2025\nR\n']","['2025C\n00782\n', 'CP2025\n', 'P\n2025\n', 'C\nC C0\nP\n20 2025\n']",modelv1.0__2026-05-20 20:23:05
D:/moth_photos/database\batch_08\img_moth_00014782.jpg,"[4000, 6000]",36.98,"['2025DCR\n00783\n', 'Photographedby\nBHarter\n2025\n', 'EEUU\n\nnoearmites\nE LoPresti2025\n', 'SanteeCoastalReserve\nCharlestonCoSC\nEFLePresti\n20May2025\nBaitTrap\n']","['2025DCR\n00783\n', '8\n2025\n', '2025\n', 'CR\nCCC\n202025\nR\n']","['2025C\n00783\n', 'P\n8\n2025\n', 'P2025\n', 'C\nCCC\nP\n202025\n']",modelv1.0__2026-05-20 20:23:05
D:/moth_photos/database\batch_08\img_moth_00014783.jpg,"[4000, 6000]",36.450980392156865,"['2025DCR\n00784\n', 'Photographedby\nBHarter\n2025\n', 'SanteeCoastal Reserve\nCharlestonCoSC\nEFLoPresti\n20May2025\nBaitTrap\n', 'noearmites\nE LoPresti2025\n']","['2025DCR\n00784\n', 'R\n2025\n', 'C R\nCCC\n202025\nR\n', '0\n2025\n']","['2025C\n00784\n', 'P\n2025\n', 'C\nCCC\nP\n202025\n', '0\nP2025\n']",modelv1.0__2026-05-20 20:23:05
D:/moth_photos/database\batch_08\img_moth_00014784.jpg,"[4000, 6000]",36.411764705882355,"['noearmites\nELoPresti2025\n', '2025DCR\n00785\n', 'Photographedby\nBHarter\n2025\n', 'SanteeCoastalReserve\nChanestonCoSC\nEFLoPresti\n20Mave2025\nBaitTrap\n']","['2025\n', '2025DCR\n00785\n', '8\n2025\n', 'CR\nCCC\n202025\n']","['P2025\n', '2025C\n00785\n', 'P\n8\n2025\n', 'C\nCCC\nP\n202025\n']",modelv1.0__2026-05-20 20:23:05
D:/moth_photos/database\batch_08\img_moth_00014785.jpg,"[4000, 6000]",36.86,"['2025DCR\n00786\n', 'Photographedby\nBHarter\n2025\n', 'SanteeCoastalReserve\nCharlestonCoSC\nEFleoPresti\n20May2025\nBaitTrap\n', 'no eal mites\neLoprest pe\n\n']","['2025DCR\n00786\n', 'R\n2025\n', 'CR\nCC0C\n202025\nR\n', '']","['2025C\n00786\n', 'P\n2025\n', 'C\nCC0C\nP\n202025\n', 'P\n\n']",modelv1.0__2026-05-20 20:23:05
D:/moth_photos/database\batch_08\img_moth_00014786.jpg,"[4000, 6000]",36.588235294117645,"['2025DCR\n00787\n', 'noearmites\nELoPresti 2025\n', 'Photographedby\nBHarter\n2025\n', 'SanteeCoastalReserve\nCharlestonCoSC\nEFLoPresti\n20May2025\nBaitTrao\n']","['2025DCR\n00787\n', '2025\n', '8\n2025\n', 'CR\nCCC\n202025\nR\n']","['2025C\n00787\n', 'P 2025\n', 'P\n8\n2025\n', 'C\nCCC\nP\n202025\n']",modelv1.0__2026-05-20 20:23:05
D:/moth_photos/database\batch_08\img_moth_00014787.jpg,"[4000, 6000]",36.3921568627451,"['2025DCR\n00788\n', 'no earmites\nELoPresti2025\n', 'Photographedby\nBHarter\n2025\n', 'SanteeCoastalReserve\nCharlestonCoSC\nEFLoPresti\n20Mav2025\nBaitTrap\n']","['2025DCR\n00788\n', '2025\n', '8\n2025\n', 'CR\nCCC\n202025\nR\n']","['2025PC\n00788\n', 'P2025\n', 'P\n8\n2025\n', 'C\nCCC\nP\n202025\n']",modelv1.0__2026-05-20 20:23:05
D:/moth_photos/database\batch_08\img_moth_00014788.jpg,"[4000, 6000]",36.88,"['2025DCR\n00789\n', 'Photographedby\nBHarter\n2025\n', 'Sl\nnoearmites\n\nELoPresti2025\n', 'Ll\nSanteeCoastal Reserve\nCharlestonCo SC\nEFLoPresti\n20May2025\nBaitTrap\n']","['2025DCR\n00789\n', 'R\n2025\n', '0\n\n2025\n', 'C R\nCC C\nR\n202025\nR\n']","['2025PC\n00789\n', 'P\n2025\n', '0\n\nP2025\n', 'C\nCC C\nP\n202025\n']",modelv1.0__2026-05-20 20:23:05
D:/moth_photos/database\batch_08\img_moth_00014789.jpg,"[4000, 6000]",37.02,"['2025DCR\n00790\n', 'Photographedby\nBHarter\n2025\n', 'SanteeCoastalReserve\nCharlestonCoSC\nEFLoPresti\n20Mav2025\nBaitTrap\n', 'br\nnoearmites\n\nELoPresti2025\n']","['2025DCR\n00790\n', '8\n2025\n', 'CR\nCCC\n202025\nR\n', '2025\n']","['2025PC\n00790\n', 'P\n8\n2025\n', 'C\nCCC\nP\n202025\n', 'P2025\n']",modelv1.0__2026-05-20 20:23:05
D:/moth_photos/database\batch_08\img_moth_00014790.jpg,"[4000, 6000]",37.059999999999995,"['2025DCR\n00791\n', 'Photographedby\nBHarter\n2025\n', 'SanteeCoastalReserve\nCharlestonCoSC\nEFLoPresti\n20May2025\nBaitTrap\n', 'noearmites\nELoPresti2025\n']","['2025DCR\n00791\n', 'R\n2025\n', 'CR\nCCC\nR\n202025\n', '2025\n']","['2025C\n00791\n', 'P\n2025\n', 'C\nCCC\nP\n202025\n', 'P2025\n']",modelv1.0__2026-05-20 20:23:05
D:/moth_photos/database\batch_08\img_moth_00014791.jpg,"[4000, 6000]",36.68627450980392,"['2025DCR\n00792\n', 'Photoqraphedby\n8Harter\n2025\n', 'SanteeCoastalReserve\nChartestonCoSC\n20Mav2058\nav\nSHEET Tao\n']","['2025DCR\n00792\n', '8\n2025\n', 'CR\nCC0C\n202058\nC 8\n']","['2025C\n00792\n', 'P\n8\n2025\n', 'CP\nCC0C\n202058\nC W8\n']",modelv1.0__2026-05-20 20:23:05
D:/moth_photos/database\batch_08\img_moth_00014792.jpg,"[4000, 6000]",36.86,"['2025DCR\n00793\n', 'Photographedby\nBHarter\n2025\n', 'SanteeCoastalReserve\nCharlestonCoSC\nEFLoPresti\n20Mav2025\n']","['2025DCR\n00793\n', '8\n2025\n', 'CR\nCCC\n202025\n']","['2025C\n00793\n', 'P\n8\n2025\n', 'C\nCCC\nP\n202025\n']",modelv1.0__2026-05-20 20:23:05
D:/moth_photos/database\batch_08\img_moth_00014793.jpg,"[4000, 6000]",37.02,"['2025DCR\n00794\n', 'Photographedby\nBHarter\n2025\n', 'SanteeCoastalReserve\nCharlestonCoSC\nEFLoPresti\n20Mav2025\n\nSriEET\n']","['2025DCR\n00794\n', 'R\n2025\n', 'CR\nCCC\n202025\n']","['2025C\n00794\n', 'P\n2025\n', 'C\nCCC\nP\n202025\n']",modelv1.0__2026-05-20 20:23:05
D:/moth_photos/database\batch_08\img_moth_00014794.jpg,"[4000, 6000]",36.88,"['2025DCR\n00795\n', 'Photographedby\nBHarter\n2025\n', 'g\nSanteeCoastal Reserve\nCharlestonCo SC\nEFLoPresti\na 0 May 2025\n']","['2025DCR\n00795\n', '8\n2025\n', 'C R\nCC C\n0 2025\n']","['2025C\n00795\n', 'P\n8\n2025\n', 'C\nCC C\nP\n0 2025\n']",modelv1.0__2026-05-20 20:23:05
D:/moth_photos/database\batch_08\img_moth_00014795.jpg,"[4000, 6000]",36.666666666666664,"['2025DCR\n00796\n', 'Photographedby\nBHarter\n2025\n', 'noearmites\nELoPresti2025\n', 'SanteeCoastalReserve\nChanestonCoSC\nEFtoPresti\n20Mav2025\nBaitTrap\n']","['2025DCR\n00796\n', '8\n2025\n', '2025\n', 'CR\nCCC\n202025\n']","['2025C\n00796\n', 'P\n8\n2025\n', 'P2025\n', 'C\nCCC\nP\n202025\n']",modelv1.0__2026-05-20 20:23:05
D:/moth_photos/database\batch_08\img_moth_00014796.jpg,"[4000, 6000]",36.63461538461539,"['2025DCR\n00947\n', 'Photoqraphedby\nBHarter\n2025\n', 'SanteeCoastalReserve\nCharlestonCoSC\nEFLoPresti\n26Februarv2025\nOrmondHallTrap\n']","['2025DCR\n00947\n', '8\n2025\n', 'CR\nCCC\n262025\n']","['2025C\n00947\n', 'P\n8\n2025\n', 'C\nCCC\nP\n262025\n']",modelv1.0__2026-05-20 20:23:05
D:/moth_photos/database\batch_08\img_moth_00014797.jpg,"[4000, 6000]",36.55769230769231,"['2025DCR\n00797\n', 'Photoqraphedby\nBHarter\n2025\n', 'noearmites\nELoPresti2025\n', 'SanteeCoastalReserve\nCharlestonCoSC\nEFLoPresti\n20Mav2025\nBaitTrap\n']","['2025DCR\n00797\n', '8\n2025\n', 'C2025\n', 'CR\nCCC\nC\n202025\n']","['2025C\n00797\n', 'P\n8\n2025\n', 'CP2025\n', 'C\nCCC\nCP\n202025\n']",modelv1.0__2026-05-20 20:23:05
D:/moth_photos/database\batch_08\img_moth_00014798.jpg,"[4000, 6000]",36.519230769230774,"['2025DCR\n00948\n', 'Photoqraphedby\n8Harter\n2025\n', 'SanteeCoastalReserve\nChanestonCoSC\nEFLoPresti\n26Febsuarv2025\nOrmondHallTrap\n\n']","['2025DCR\n00948\n', '8\n2025\n', 'CR\nCCC\n262025\n\n']","['2025C\n00948\n', 'P\n8\n2025\n', 'C\nCCC\nP\n262025\n\n']",modelv1.0__2026-05-20 20:23:05
D:/moth_photos/database\batch_08\img_moth_00014799.jpg,"[4000, 6000]",36.94117647058823,"['2025DCR\n00798\n', 'Photoqraphedby\n8Harter\n2025\n', 'noearmites\nELoPresti2025\n', 'SanteeCoastalReserve\nChanestonCoSC\nEFLoPresti\n20Mav2025\nBaitTrap\n']","['2025DCR\n00798\n', '8\n2025\n', '2025\n', 'CR\nCC0C\nC\n202025\nR\n']","['2025C\n00798\n', 'P\n8\n2025\n', 'P2025\n', 'C\nCC0C\nCP\n202025\n']",modelv1.0__2026-05-20 20:23:05
D:/moth_photos/database\batch_08\img_moth_00014800.jpg,"[4000, 6000]",36.90384615384616,"['2025OCR\n00949\n', 'Photoqraphedby\n8Harter\nr4040\n', '']","['2025DCR\n00949\n', '8\n74040\n', '']","['2025C\n00949\n', 'P\n8\n74040\n', '']",modelv1.0__2026-05-20 20:23:05
D:/moth_photos/database\batch_08\img_moth_00014801.jpg,"[4000, 6000]",36.42307692307693,"['2025DCR\n00799\n', 'Photoqraphedby\n8Harter\n2025\n', 'noearmites\nE LoPresti2025\n', 'Santee CoastalReserve\nCharlestonCoSC\nEFLoPrest\n20Mav2025\nBaitTrao\n']","['2025DCR\n00799\n', '8\n2025\n', '2025\n', 'CR\nCCC\n202025\nR\n']","['2025C\n00799\n', 'P\n8\n2025\n', 'P2025\n', 'C\n\nCCC\nP\n202025\n']",modelv1.0__2026-05-20 20:23:05
D:/moth_photos/database\batch_08\img_moth_00014802.jpg,"[4000, 6000]",36.519230769230774,"['2025DCR\n00950\n', 'Photographedby\nBHarter\n2025\n', 'Stliiies\n', 'SanteeCoastalReserve\nCharlestonCoSC\nEFLoPresti\n26Februarv2025\nOrmondHallTrap\n']","['2025DCR\n00950\n', 'R\n2025\n', '', 'CR\nCCC\n262025\n']","['2025C\n00950\n', 'P\n2025\n', '', 'C\nCCC\nP\n262025\n']",modelv1.0__2026-05-20 20:23:05
D:/moth_photos/database\batch_08\img_moth_00014803.jpg,"[4000, 6000]",36.76470588235294,"['2025DCR\n00800\n', 'Photoqraphedby\nBHarter\n2025\n', 'noearmites\nELoPresti2025\n', 'SanteeCoastal Reserve\nCharlestgnCoSC\nEFLoPresti\n20Mav2025\nBaitTrao\n']","['2025DCR\n00800\n', '8\n2025\n', '2025\n', 'C R\nCCC\n202025\n']","['2025C\n00800\n', 'P\n8\n2025\n', 'P2025\n', 'C\nCCC\nP\n202025\n']",modelv1.0__2026-05-20 20:23:05
D:/moth_photos/database\batch_08\img_moth_00014804.jpg,"[4000, 6000]",36.8235294117647,"['2025DCR\n00951\n', 'noearmites\nELoPresti2025\n', 'Photographedby\nBHarter\n2025\n', 'SanteeCoastalReserve\nCharlestonCoSC\nEFLoPresti\n26Februarv2025\nOrmondHallTrao\n']","['2025DCR\n00951\n', '2025\n', '8\n2025\n', 'CR\nCCC\n262025\n']","['2025C\n00951\n', 'P2025\n', 'P\n8\n2025\n', 'C\nCCC\nP\n262025\n']",modelv1.0__2026-05-20 20:23:05
D:/moth_photos/database\batch_08\img_moth_00014805.jpg,"[4000, 6000]",36.36538461538461,"['2025DCR\n00801\n', 'Photoqraphedby\n8Harter\n2025\n', 'noearmites\nELoPresti2025\n', 'SanteeCoastalReserve\nChanestonCoSC\nEFLoPresti\n20Mav2025\nBaitTrap\n']","['2025DCR\n00801\n', '8\n2025\n', '2025\n', 'CR\nCCC\n202025\n']","['2025C\n00801\n', 'P\n8\n2025\n', 'P2025\n', 'CP\nCCC\n\nP\n\n202025\n']",modelv1.0__2026-05-20 20:23:05
D:/moth_photos/database\batch_08\img_moth_00014806.jpg,"[4000, 6000]",36.92156862745098,"['2025 DCR\n00952\n', 'Photoqraphedby\nBHarter\n2025\n', 'noearmites\nELoPresti2025\n', 'SanteeCoastalReserve\nCharlestonCoSC\nEFLoPresti\n26Februafyv2025\nOrmondHallTrap\n']","['2025 DCR\n00952\n', '8\n2025\n', 'R2025\n', 'CR\nCCC\n262025\n']","['2025 C\n00952\n', 'P\n8\n2025\n', 'P2025\n', 'C\nCCC\nP\n262025\n']",modelv1.0__2026-05-20 20:23:05
D:/moth_photos/database\batch_08\img_moth_00014807.jpg,"[4000, 6000]",36.92156862745098,"['2025DCR\n00802\n', 'Photoqraphedby\nBHarter\n2025\n', 'EU\nnoearmjtes\n\nLoPresti 2025\n', 'SanteeCoastalReserve\nChanrlestonCoSC\nEFLoPresti\n20Mav2025\nBaitTrap\n']","['2025DCR\n00802\n', '8\n2025\n', '2025\n', 'CR\nCCC\n202025\nR\n']","['2025C\n00802\n', 'P\n8\n2025\n', 'P 2025\n', 'C\nCCC\nP\n202025\n']",modelv1.0__2026-05-20 20:23:05
D:/moth_photos/database\batch_08\img_moth_00014808.jpg,"[4000, 6000]",36.46153846153847,"['2025DCR\n00953\n', 'Photoqraphedby\nBHarter\n2025\n', 'noearmites\nE LoPresti 2025\n\n', 'SanteeCoastalReserve\nChanestonCoSC\nEFLoPresti\n26Februarv2025\nOrmondHallTrap\n']","['2025DCR\n00953\n', '8\n2025\n', '2025\n\n', 'CR\nCC0C\n0\n262025\n']","['2025C\n00953\n', 'P\n8\n2025\n', 'P 2025\n\n', 'CP\nCC0C\n0P\n262025\n']",modelv1.0__2026-05-20 20:23:05
D:/moth_photos/database\batch_08\img_moth_00014809.jpg,"[4000, 6000]",36.40384615384615,"['Photoqraphedby\n8Harter\n2025\n', '2025DCR\n00803\n', 's\nnoearmites\nELoPresti 2025\n\n', 'SanteeCoastalReserve\nCharleston CoSC\nFLoPresti\n20May2025\nBaitTrap\n']","['8\n2025\n', '2025DCR\n00803\n', '2025\n\n', 'CR\nC CC\n202025\nR\n']","['P\n8\n2025\n', '2025C\n00803\n', 'P 2025\n\n', 'C\nC CC\nP\n202025\n']",modelv1.0__2026-05-20 20:23:05
D:/moth_photos/database\batch_08\img_moth_00014810.jpg,"[4000, 6000]",36.55769230769231,"['Photoqraphedby\nBHarter\n2025\n', '2025DCR\n00954\n', 'noearmites\nELoPresti2025\n', 'SanteeCoastalReserve\nCharlestonCoSC\nEFLoPresti\n26Februarv2025\nOrmondHallTrap\n']","['8\n2025\n', '2025DCR\n00954\n', '2025\n', 'CR\nCCC\n262025\n']","['P\n8\n2025\n', '2025C\n00954\n', 'P2025\n', 'C\nCCC\nP\n262025\n']",modelv1.0__2026-05-20 20:23:05
D:/moth_photos/database\batch_08\img_moth_00014811.jpg,"[4000, 6000]",36.98039215686274,"['2025DCR\n00804\n', 'Photoqraphedby\n8Harter\n2025\n', 'Stisee\nnoear mites\n\nELoPresti 2025\n', 'SanteeCoastalReserve\n\nCharlestonCoSC\nEFLoPresti\n20Mav2025\n\nBaitTrap\n']","['2025DCR\n00804\n', '8\n2025\n', 'C 2025\n', 'CR\n\nCCC\n202025\nR\n']","['2025C\n00804\n', 'P\n8\n2025\n', 'CP 2025\n', 'CP\n\nCCC\nP\n202025\n']",modelv1.0__2026-05-20 20:23:05
D:/moth_photos/database\batch_08\img_moth_00014812.jpg,"[4000, 6000]",37.0,"['2025DCR\n00955\n', 'Photographedby\nBHarter\n2025\n', 'noearemites\nELoPresti2025\n', 'SsCCCOCO\nSantee CoastalReserve\nCharlestonCo\nEFLoPresti\n25Februarv 2025\nOH2Trao\n']","['2025DCR\n00955\n', '8\n2025\n', '2025\n', 'CCCC\nCR\nCC\n25 2025\n2\n']","['2025C\n00955\n', 'P\n8\n2025\n', 'P2025\n', 'CCCC\nC\nCC\nP\n25 2025\n2\n']",modelv1.0__2026-05-20 20:23:05
D:/moth_photos/database\batch_08\img_moth_00014813.jpg,"[4000, 6000]",36.64705882352941,"['2025DCR\n00805\n', 'Photoqraphedby\n8Harter\n2025\n', 'noearmites\nELoPresti2025\n', 'SanteeCoastalReserve\nCharlestonCoSC\nEFLoPregti\n20May2025\nBaitTrap\n']","['2025DCR\n00805\n', '8\n2025\n', '2025\n', 'CR\nCCC\n202025\n']","['2025C\n00805\n', 'P\n8\n2025\n', 'P2025\n', 'CP\nCCC\nP\n202025\n']",modelv1.0__2026-05-20 20:23:05
D:/moth_photos/database\batch_08\img_moth_00014814.jpg,"[4000, 6000]",36.46153846153847,"['Photographedby\nBHarter\n2025\n', '2025DCR\n00956\n\n', 'noearmites\n\nE LoPresti2629\n', 't\nSantee CoastalReserve\nCharleston CoSC\nEFLoPresti\n25Februarv 2025\nOH2Trapd\n']","['R\n2025\n', '2025DCR\n00956\n\n', '2629\n', 'CR\nC CC\n25 2025\n2\n']","['P\n2025\n', '2025C\n00956\n\n', 'P2629\n', 'C\nC CC\nP\n25 2025\n2\n']",modelv1.0__2026-05-20 20:23:05
D:/moth_photos/database\batch_08\img_moth_00014815.jpg,"[4000, 6000]",36.6078431372549,"['Photoqraphedby\n8Harter\n2025\n', '2025DCR\n00806\n', 'noearmites\nELoPresti 2025\n', 'stal Reserve\n\nsantee Cos\nCharleston coSY\n\nEF\n9Mav 2025\n\ngait11a0\n\n']","['8\n2025\n', '2025DCR\n00806\n', '2025\n', 'R\n\nC8\nC C0\n\n9 2025\n\n110\n\n']","['P\n8\n2025\n', '2025C\n00806\n', 'P 2025\n', 'C8\nC C0\n\n9 2025\n\n110\n\n']",modelv1.0__2026-05-20 20:23:05
D:/moth_photos/database\batch_08\img_moth_00014816.jpg,"[4000, 6000]",36.9607843137255,"['i\n\n2025DCR\n00957\n', 'Photoqraphedby\nBHarter\n2025\n', 'ELoPresti2025\n', 'SanteeCoastalReserve\nCharlestonCoSC\nEFLoPresti\n25Februarv2025\nOH2Trap\n']","['2025DCR\n00957\n', '8\n2025\n', '2025\n', 'CR\nCCC\n252025\n\n2\n']","['2025C\n00957\n', 'P\n8\n2025\n', 'P2025\n', 'C\nCCC\nP\n252025\n2\n']",modelv1.0__2026-05-20 20:23:05
D:/moth_photos/database\batch_08\img_moth_00014817.jpg,"[4000, 6000]",36.588235294117645,"['es\n2025DCR\n00807\n', 'Photoqraphedby\n8Harter\n2025\n', 'noearmites\nELoPresti202\n', 'ee\nSanteeCoastalReserve\nCharlestonCoSC\nEFLoPresti\n20May2025\nBaitTrap\n\n']","['2025DCR\n00807\n', '8\n2025\n', '202\n', 'CR\nCCC\nC\n202025\nR\n\n']","['2025PC\n00807\n', 'P\n8\n2025\n', 'P202\n', 'C\nCCC\nCP\n202025\n\n']",modelv1.0__2026-05-20 20:23:05
D:/moth_photos/database\batch_08\img_moth_00014818.jpg,"[4000, 6000]",36.480769230769226,"['2025DCR\n00958\n', 'Photoqgraphedby\nBHarter\n2025\n', 'noearmites\nELoPresti2025\n', 'SanteeCoastalReserve\nCharlestonCoSC\nEFLoPresti\n18Februarv2025\nPondTrap\n']","['2025DCR\n00958\n', '8\n2025\n', '2025\n', 'CR\nCCC\n182025\n']","['2025C\n00958\n', 'P\n8\n2025\n', 'P2025\n', 'C\nCCC\nP\n182025\nP\n']",modelv1.0__2026-05-20 20:23:05
D:/moth_photos/database\batch_08\img_moth_00014819.jpg,"[4000, 6000]",36.92156862745098,"['2025DCR\n00808\n', 'Photoqraphedby\n8Harter\n2025\n', 'SanteeCoastalReserve\nChanestonCoSC\nEFLoPresti\n20Mav2025\nBaitTrap\n', '']","['2025DCR\n00808\n', '8\n2025\n', 'CR\nCCC\n202025\nR\n', '']","['2025C\n00808\n', 'P\n8\n2025\n', 'C\nCCC\nP\n202025\n', '']",modelv1.0__2026-05-20 20:23:05
D:/moth_photos/database\batch_08\img_moth_00014820.jpg,"[4000, 6000]",36.46153846153847,"['2025DCR\n00959\n', 'Photographedby\nBHarter\n2025\n', 'r\n\nrightearmites\nEFL20247\n', 'SanteeCoastalReserve\nCharlestonCoSC\nEFLoPresti\n25Februiarv2025\nCvpressTrap\n']","['2025DCR\n00959\n', '8\n2025\n', '20247\n', 'CR\nCCC\n252025\n\nC\n']","['2025C\n00959\n', 'P\n8\n2025\n', '20247\n', 'C\nCCC\nP\n252025\nC\n']",modelv1.0__2026-05-20 20:23:05
D:/moth_photos/database\batch_08\img_moth_00014821.jpg,"[4000, 6000]",36.94117647058823,"['2025DCR\n00809\n', 'Photoqraphedby\n8Harter\n2025\n', 'noearmites\nELoPresti2025\n', 'SanteeCoastalReserve\nCharnestonCoSC\nEFLoPresti\n20Mav2025\nBaitTrao\n']","['2025DCR\n00809\n', '8\n2025\n', '0\n2025\n', 'CR\nCCC\n202025\nR\n']","['2025C\n00809\n', 'P\n8\n2025\n', '0\nP2025\n', 'C\nCCC\nP\n202025\n']",modelv1.0__2026-05-20 20:23:05
D:/moth_photos/database\batch_08\img_moth_00014822.jpg,"[4000, 6000]",36.63461538461539,"['2025DCR\n00960\n', 'Photoqraphedby\nBHarter\n2025\n', 'noearmites\nLoPresti2025\n', 'SanteeCoastal Reserve\nCharlestonCoSC\nEFLoPresti\n48Februarv2025\nGatorRoadTrap\n']","['2025DCR\n00960\n', '8\n2025\n', '0\n2025\n', 'C R\nCC0C\n482025\nR\n']","['2025C\n00960\n', 'P\n8\n2025\n', '0\nP2025\n', 'C\nCC0C\nP\n482025\n']",modelv1.0__2026-05-20 20:23:05
D:/moth_photos/database\batch_08\img_moth_00014823.jpg,"[4000, 6000]",36.745098039215684,"['2025DCR\n00810\n', 'Photoqraphedby\nBHorter\n2025\n', 'SanteeCoastalReserve\nChartestonCoSC\nEFLoPrest\n\n20Mav2025\na MerehTrao\n', 'be\nnoearmites\n\nELoPresti2025\n']","['2025DCR\n00810\n', '8\n2025\n', 'CR\nCC0C\n\n202025\n', 'C2025\n']","['2025C\n00810\n', 'P\n8\n2025\n', 'C\nCC0C\nP\n\n202025\n', 'CP2025\n']",modelv1.0__2026-05-20 20:23:05
D:/moth_photos/database\batch_08\img_moth_00014824.jpg,"[4000, 6000]",36.44230769230769,"['2025DCR\n00961\n', 'Photoqgraphedby\nBHarter\n2025\n', 'noear mites\nELoPresti2025\n', 'SanteeCoastalReserve\nCharlestonCoSC\nEFLoPresti\n18Februarv2025\nGatorRoadTrap\n']","['2025DCR\n00961\n', '8\n2025\n', 'C2025\n', 'CR\nCCC\n182025\nR\n']","['2025C\n00961\n', 'P\n8\n2025\n', 'CP2025\n', 'C\nCCC\nP\n182025\n']",modelv1.0__2026-05-20 20:23:05
D:/moth_photos/database\batch_08\img_moth_00014825.jpg,"[4000, 6000]",36.745098039215684,"['2025DCR\n00811\n', 'Photoqraphedby\n8Horter\n', 'noearmites\nELoPresti2022\n', 'SanteeCoastalReserve\n\nEF LoPresti\n20Mav2025\nBaitTrap\n']","['2025DCR\n00811\n', '8\n', '0\n2022\n', 'CR\n\n202025\n6\n']","['2025C\n00811\n', 'P\n8\n', '0\nP2022\n', 'CP\n\nP\n202025\n6\n']",modelv1.0__2026-05-20 20:23:05
D:/moth_photos/database\batch_08\img_moth_00014826.jpg,"[4000, 6000]",36.57692307692308,"['Photographedby\nBHarter\n2025\n', '2025DCR\n00962\n', 'noearmites\nLoPresti2025\n', 'Santee CoastalReserve\nCharlestonCoS\nEF LoPresti\n48Februarv\nGator RoadTrap\n\na\n']","['8\n2025\n', '2025DCR\n00962\n', '0\n2025\n', 'CR\nCC\n\n48\n\nR\n']","['P\n8\n2025\n', '2025C\n00962\n', '0\nP2025\n', 'C\nCC\nP\n48\n']",modelv1.0__2026-05-20 20:23:05
D:/moth_photos/database\batch_08\img_moth_00014827.jpg,"[4000, 6000]",36.411764705882355,"['2025DCR\n00812\n', 'Photoqraphedby\n8Horter\n', 'noearmites\nELoPresti2025\n', '']","['2025DCR\n00812\n', '8\n', '2025\n', '']","['2025C\n00812\n', 'P\n8\n', 'P2025\n', '']",modelv1.0__2026-05-20 20:23:05
D:/moth_photos/database\batch_08\img_moth_00014828.jpg,"[4000, 6000]",36.36538461538461,"['Photoqraphedby\nBHarter\n2025\n', '2025DCR\n00963\n', 'noearmites\nFLoPresti2025\n', 'xCtOSTRCANIO\nSantee CoastalReserve\nCharleston Co\nEF LoPresti\n48Februarv 2025\nGatorRoad Trap\n\n']","['8\n2025\n', '2025DCR\n00963\n', '2025\n', 'CCRCR\nCR\nC C\n48 2025\nR\n\n']","['P\n8\n2025\n', '2025C\n00963\n', 'P2025\n', 'CCC\nC\nC C\nP\n48 2025\n\n']",modelv1.0__2026-05-20 20:23:05
D:/moth_photos/database\batch_08\img_moth_00014829.jpg,"[4000, 6000]",36.90196078431373,"['2025DCR\n00813\n', 'Photoqraphedby\n8Horter\n2025\n', 'noearmites\nELoPresti2025\n', 'SanteeCoastalReserve\nCharlestonCoSC\nEFLoPresti\n20May2025\nBaitTrap\n']","['2025DCR\n00813\n', '8\n2025\n', '2025\n', 'CR\nCCC\n202025\n']","['2025C\n00813\n', 'P\n8\n2025\n', 'P2025\n', 'C\nCCC\nP\n202025\n']",modelv1.0__2026-05-20 20:23:05
D:/moth_photos/database\batch_08\img_moth_00014830.jpg,"[4000, 6000]",36.36538461538461,"['Photographedby\nBHarter\n2025\n', '2025DCR\n\n00964\n\n', 'noearmites\nELoPresti2025\n', 'CoastalReserve\nCharlestonCo\nEFLoPresti\n\n18February2025\nGatorRoadTrao\n']","['8\n2025\n', '2025DCR\n\n00964\n\n', '0\n2025\n', 'CR\nCC\n\n182025\nR\n']","['P\n8\n2025\n', '2025C\n\n00964\n\n', '0\nP2025\n', 'C\nCC\nP\n\n182025\n']",modelv1.0__2026-05-20 20:23:05
D:/moth_photos/database\batch_08\img_moth_00014831.jpg,"[4000, 6000]",36.627450980392155,"['2025OCR\n00814\n', 'Photoqraphedby\n8Horter\n2025\n', 'NOearmites\nELoPresti2025\n', 'SanteeCoastalReserve\nChanesfonCoSC\nEFLoPresti\n20Mav2025\nBartTrap\n']","['2025DCR\n00814\n', '8\n2025\n', '2025\n', 'CR\nCCC\n202025\nR\n']","['2025C\n00814\n', 'P\n8\n2025\n', 'P2025\n', 'C\nCCC\nP\n202025\n']",modelv1.0__2026-05-20 20:23:05
D:/moth_photos/database\batch_08\img_moth_00014832.jpg,"[4000, 6000]",36.519230769230774,"['2025 pcry\n00965\n', 'noearmites\nELoPresti2025\n', 'Photoqgraphedby\nBHarter\n2025\n', 'SanteeCoastalReserve\nCharlestonCoSC\nEFLoPresti\n18Februarv2025\nGatorRoadTrap\n']","['2025\n00965\n', '2025\n', '8\n2025\n', 'CR\nCCC\n182025\nR\n']","['2025\n00965\n', 'P2025\n', 'P\n8W\n2025\n', 'C\nCCC\nP\n182025\n']",modelv1.0__2026-05-20 20:23:05
D:/moth_photos/database\batch_08\img_moth_00014833.jpg,"[4000, 6000]",36.80392156862745,"['Photoqraphedby\n8Horter\n2025\n', '2025DCR\n00815\n', 'SanteeCoastalReserve\nCharlestonCoSC\nEFLoPresti\n20May2025\nBaitTrao\n', 'noearnsites\nELoPresti2025\n']","['8\n2025\n', '2025DCR\n00815\n', 'CR\nCCC\n202025\n', '2025\n']","['P\n8\n2025\n', '2025C\n00815\n', 'C\nCCC\nP\n202025\n', 'P2025\n']",modelv1.0__2026-05-20 20:23:05
D:/moth_photos/database\batch_08\img_moth_00014834.jpg,"[4000, 6000]",36.480769230769226,"['2025DCR\n00966\n', 'Photoqraphedby\nBHarter\n2025\n', 'noearmites\nELoPresti2025\n', 'Santee CoastalReserve\nCharleston Co\nEFLoPresti\n48Februarv 2025\nGatorRoad Trao\n']","['2025DCR\n00966\n', '8\n2025\n', '2025\n', 'CR\nC C\n48 2025\nR\n']","['2025C\n00966\n', 'P\n8\n2025\n', 'P2025\n', 'C\nC C\nP\n48 2025\n']",modelv1.0__2026-05-20 20:23:05
D:/moth_photos/database\batch_08\img_moth_00014835.jpg,"[4000, 6000]",36.588235294117645,"['2025DCR\n00816\n', 'Photoqraphedby\n8Horter\n2025\n', 'Stie\nE LoPresti2025\n', 'SanteeCoastalReserve\nCharlestonCoSC\nEFLoPresti\n20Mav2025\nBaitTrap\n']","['2025DCR\n00816\n', '8\n2025\n', '2025\n', 'CR\nCCC\n202025\n']","['2025C\n00816\n', 'P\n8\n2025\n', 'P2025\n', 'C\nCCC\nP\n202025\n']",modelv1.0__2026-05-20 20:23:05
D:/moth_photos/database\batch_08\img_moth_00014836.jpg,"[4000, 6000]",36.75,"['Photoqraphedby\nBHarter\n2025\n', 'noearmites\n\nELoPresti2025\n', '', 'SanteeCoastal Reserve\nCharlestonCoS\nEFLoPresti\n48Februarv2025\nGatorRoadTrap\n']","['8\n2025\n', '2025\n', '', 'C R\nCC0\n482025\nR\n']","['P\n8\n2025\n', 'P2025\n', '', 'C\nCC0\nP\n482025\n']",modelv1.0__2026-05-20 20:23:05
D:/moth_photos/database\batch_08\img_moth_00014837.jpg,"[4000, 6000]",36.80392156862745,"['9025DCR\n00817\n', 'Photoqraphedby\n8Harter\n2025\n', 'noeal mites\nE LoPresti2025\n', 'SanteeCoastalReserve\nCharestonCo SC\nEFLoPrest\n20Mav 2025\nBaitTrao\n']","['9025DCR\n00817\n', '8\n2025\n', '02025\n', 'CR\nCC C\n20 2025\nR\n']","['9025C\n00817\n', 'P\n8\n2025\n', '0P2025\n', 'C\n\nCC C\nP\n20 2025\n']",modelv1.0__2026-05-20 20:23:05
D:/moth_photos/database\batch_08\img_moth_00014838.jpg,"[4000, 6000]",36.38461538461538,"['2025DCR\n00968\n', 'Photographedby\nBHarter\n2025\n', 'noearmites\nELoPresti2025\n', 'SanteeCoastalReserve\nCharlestonCoSC\nEFLoPresti\n18Februarw2025\nGatorRoadTrap\n']","['2025DCR\n00968\n', '8\n2025\n', '2025\n', 'CR\nCCC\n182025\nR\n']","['2025C\n00968\n', 'P\n8\n2025\n', 'P2025\n', 'C\nCCC\nP\n182025\n']",modelv1.0__2026-05-20 20:23:05
D:/moth_photos/database\batch_08\img_moth_00014839.jpg,"[4000, 6000]",36.666666666666664,"['2025DCR\n00818\n', 'Photoqraphedby\n8Horter\n2025\n', 'SanteeCoastalReserve\nCharlestonCoSC\nEFLoPrest\n20Mav2025\nBaitTrao\n', 'noearmites\nELoPresti2025\n']","['2025DCR\n00818\n', '8\n2025\n', 'CR\nCCC\n202025\nR40\n', '2025\n']","['2025C\n00818\n', 'P\n8\n2025\n', 'C\nCCC\nP\n202025\n40\n', 'P2025\n']",modelv1.0__2026-05-20 20:23:05
D:/moth_photos/database\batch_08\img_moth_00014840.jpg,"[4000, 6000]",36.55769230769231,"['2025DCR\n00969\n', 'Photographedby\nBHarter\n2025\n', 'noearmites\nELoPresti2025\n', 'SanteeCoastalReserve\nCharlestonCoSC\nEFLoPresti\n18Februarv2025\nGatorRoadTrap\n']","['2025DCR\n00969\n', '8\n2025\n', '0\n02025\n', 'CR\nCCC\n182025\nR\n']","['2025C\n00969\n', 'P\n8\n2025\n', '0\n0P2025\n', 'C\nCCC\nP\n182025\n']",modelv1.0__2026-05-20 20:23:05
D:/moth_photos/database\batch_08\img_moth_00014841.jpg,"[4000, 6000]",36.470588235294116,"['2025DCR\n00819\n', 'Photoqraphedby\nBHarter\n2025\n', 'noearsmites\nELoPresti2025\n', 'SanteeCoastalReserve\nCharlestonCoSC\nEFLoPresti\n20Mav2025\nBaitTrap\n']","['2025DCR\n00819\n', '8\n2025\n', '2025\n', 'CR\nCCC\n202025\n']","['2025PC\n00819\n', 'P\n8\n2025\n', 'P2025\n', 'C\nCCC\nP\n202025\n']",modelv1.0__2026-05-20 20:23:05
D:/moth_photos/database\batch_08\img_moth_00014842.jpg,"[4000, 6000]",36.59615384615385,"['Photoqraphedby\nBHarter\n2025\n', '2025 DCRI\n00970\n', 'noearmites\nELoPresti2025\n', 'SanteeCoastalReserve\nCharlestonCoSC\nEFLoPresti\n18Februarv2025\nGatorRoadTrao\n']","['8\n2025\n', '2025 DCR\n00970\n', '2025\n', 'CR\nCCC\n182025\nR\n']","['P\n8\n2025\n', '2025 C\n00970\n', 'P2025\n', 'C\nCCC\nP\n182025\n']",modelv1.0__2026-05-20 20:23:05
D:/moth_photos/database\batch_08\img_moth_00014843.jpg,"[4000, 6000]",36.86274509803921,"['Photoqraphedby\nBHarter\n2025\n', 'Noearmites\nELoPresti2025\n', '2025DCR\n00820\n', 'SanteeCoastalReserve\nChartestonCoSC\nEFLoPrest\n20May2025\nRaitTrao\n']","['0\n8\n2025\n', 'C2025\n', '2025DCR\n00820\n', 'CR\nCCC\n202025\nR\n']","['P0\n8\n2025\n', 'CP2025\n', '2025C\n00820\n', 'C\nCCC\nP\n202025\n']",modelv1.0__2026-05-20 20:23:05
D:/moth_photos/database\batch_08\img_moth_00014844.jpg,"[4000, 6000]",36.36538461538461,"['2025DCR\n00971\n', 'Photoqraphedby\nBHarter\n2025\n', 'noearmites\nELoPresti2025\n', 'SanteeCoastal Reserve\nCharlestonCo SC\nEFLoPresti\n48Februarv 2025\nOrmondHallTrap\n']","['2025DCR\n00971\n', 'R\n2025\n', '2025\n', 'C R\nCC C\n48 2025\n']","['2025C\n00971\n', 'P\n2025\n', 'P2025\n', 'C\nCC C\nP\n48 2025\n']",modelv1.0__2026-05-20 20:23:05
D:/moth_photos/database\batch_08\img_moth_00014845.jpg,"[4000, 6000]",36.509803921568626,"['2025DCR\n00821\n', 'Photoqraphedby\n8Horter\nr4040\n', 'noearmites\nELoPresti2025\n', 'SanteeCoastalReserve\nCharlestonCoSC\nEFLoPresti\n20May2025\nBaitTrap\n']","['2025DCR\n00821\n', '8\n74040\n', '2025\n', 'CR\nCCC\n202025\nR\n']","['2025C\n00821\n', 'P\n8\n74040\n', 'P2025\n', 'C\nCCC\nP\n202025\n']",modelv1.0__2026-05-20 20:23:05
D:/moth_photos/database\batch_08\img_moth_00014846.jpg,"[4000, 6000]",36.5,"['2025DCR\n00972\n', 'Photoqraphedby\nBHarter\n2025\n', 'noearmites\nELoPresti2025\n', 'rlt\nSanteeCoastalReserve\nCharlestonCo SC\nEFLoPresti\n48Februarv2025\nOrmondHallTrap\n']","['2025DCR\n00972\n', '8\n2025\n', '0\n2025\n', 'CR\nCC C\n482025\n']","['2025C\n00972\n', 'P\n8\n2025\n', '0\nP2025\n', 'C\nCC C\nP\n482025\n']",modelv1.0__2026-05-20 20:23:05
D:/moth_photos/database\batch_08\img_moth_00014847.jpg,"[4000, 6000]",36.8235294117647,"['2025DCR\n00822\n', 'noearmites\nELoPresti2025\n', 'Photoqraphedby\n8Horter\n2025\n', 'SanteeCoastalReserve\nCharlestenCoSC\nEFLoPresti\n20Mav2025\nBartTrap\n']","['2025DCR\n00822\n', '2025\n', '8\n2025\n', 'CR\nCC0C\n202025\n']","['2025C\n00822\n', 'P2025\n', 'P\n8\n2025\n', 'CP\nCC0C\nP\n202025\n']",modelv1.0__2026-05-20 20:23:05
D:/moth_photos/database\batch_08\img_moth_00014848.jpg,"[4000, 6000]",36.5,"['2025DCR\n00973\n', 'noearmites\nELoPresti2025\n', 'Photographedby\nBHarter\n2025\n', 'SanteeCoastalReserve\nCharlestonCoSC\nEFLoPresti\n18Februarv2025\nOrmondHallTrap\n']","['2025DCR\n00973\n', '2025\n', '8\n2025\n', 'CR\nCCC\n182025\n']","['2025C\n00973\n', 'P2025\n', 'P\n8\n2025\n', 'C\nCCC\nP\n182025\n']",modelv1.0__2026-05-20 20:23:05
D:/moth_photos/database\batch_08\img_moth_00014849.jpg,"[4000, 6000]",36.509803921568626,"['2025DCR\n00823\n', 'noearmres\nELoPresti2025\n', 'Photoqraphedby\n8Horter\n2025\n', 'SanteeCoastalReserve\nCharlestonCoSC\nEFLoPresti\n20Mav2025\nBaitTrao\n']","['2025DCR\n00823\n', '2025\n', '8\n2025\n', 'CR\nCC0C\n202025\nR\n']","['2025C\n00823\n', 'P2025\n', 'P\n8\n2025\n', 'C\nCC0C\nP\n202025\n']",modelv1.0__2026-05-20 20:23:05
D:/moth_photos/database\batch_08\img_moth_00014850.jpg,"[4000, 6000]",36.59615384615385,"['Photographedby\nBHarter\n2025\n', '2025DCR\n00974\n', 'noearmites\nELoPresti202\n', 'SanteeCoastalReserve\nCharlestonCoSC\nEFtoPresti\n48Februarv2025\nOrmondHallTrao\n']","['8\n2025\n', '2025DCR\n00974\n', '202\n', 'CR\nCCC\n482025\n']","['P\n8\n2025\n', '2025C\n00974\n', 'P202\n', 'C\nCCC\nP\n482025\n']",modelv1.0__2026-05-20 20:23:05
D:/moth_photos/database\batch_08\img_moth_00014851.jpg,"[4000, 6000]",36.30769230769231,"['2025DCR\n00824\n', 'Photoqraphedby\n8Haorter\n2025\n', 'El\nle LoPresfi2023\n\n', 'Santee CoastalReserve\nChaneston CoS\nFLoPrest\n50Mav2025\nBaitTrad\n']","['2025DCR\n00824\n', '8\n2025\n', '2023\n\n', 'CR\nC C\n502025\nR\n']","['2025C\n00824\n', 'P\n8\n2025\n', 'P2023\n\n', 'C\nC C\nP\n502025\n']",modelv1.0__2026-05-20 20:23:05
D:/moth_photos/database\batch_08\img_moth_00014852.jpg,"[4000, 6000]",36.40384615384615,"['2025DCR\n00975\n', 'Photoqraphedby\nBHarter\n2025\n', 'noearmites\nELoPresti2025\n', 'SanteeCoastalReserve\nCharlestonCoSC\nEFLoPresti\n18Februarv2025\nOrmondHailTrap\n']","['2025DCR\n00975\n', '8\n2025\n', '2025\n', 'CR\nCCC\n182025\n']","['2025C\n00975\n', 'P\n8\n2025\n', 'P2025\n', 'C\nCCC\nP\n\n182025\n']",modelv1.0__2026-05-20 20:23:05
D:/moth_photos/database\batch_08\img_moth_00014853.jpg,"[4000, 6000]",36.80392156862745,"['2025DCR\n00825\n', 'Photoqraphedby\n8Harter\n2025\n', 'noearmites\nELoPresti2025\n', 'SanteeCoastalReserve\nChanestonCoSC\nELoPresti\n20Mav2025\nBaitTrap\n']","['2025DCR\n00825\n', '8\n2025\n', 'C2025\n', 'CR\nCCC\nC\n202025\n']","['2025C\n00825\n', 'P\n8\n2025\n', 'CP2025\n', 'C\nCCC\nCP\n202025\n']",modelv1.0__2026-05-20 20:23:05
D:/moth_photos/database\batch_08\img_moth_00014854.jpg,"[4000, 6000]",36.5,"['2025DCR\n00976\n', 'Photographedby\nBHarter\n2025\n', 'noearmites\nELoPresti 2025\n', 'SanteeCoastalReserve\nChanestonCoSC\nEFLoPresti\n18Februarv2025\nOrmondHallTrap\n']","['2025DCR\n00976\n', '8\n2025\n', '2025\n', 'CR\nCCC\n182025\n']","['2025C\n00976\n', 'P\n8\n2025\n', 'P 2025\n', 'CP\nCCC\nP\n182025\n']",modelv1.0__2026-05-20 20:23:05
D:/moth_photos/database\batch_08\img_moth_00014855.jpg,"[4000, 6000]",36.68627450980392,"['2025DCR\n00826\n', 'noearmjtes\nFltoPresti2025\n', 'Photoqraphedby\n8Horter\n2025\n', 'SanteeCoastalReserve\nCharlestonCoSC\nEF LoPresti\n20May2025\nBaitTrap\n']","['2025DCR\n00826\n', '2025\n', '8\n2025\n', 'CR\nCCC\n202025\nR\n']","['2025C\n00826\n', 'P2025\n', 'P\n8\n2025\n', 'C\nCCC\nP\n202025\n']",modelv1.0__2026-05-20 20:23:05
D:/moth_photos/database\batch_08\img_moth_00014856.jpg,"[4000, 6000]",36.63461538461539,"['2025DCR\n00977\n', 'Photographedby\nBHarter\n2025\n', 'noearmites\nFLoPresti2025\n', 'SanteeCoastalReserve\nChariestonCoSC\nEFLoPresti\n18February2025\nCTrailTrap\n']","['2025DCR\n00977\n', 'R\n2025\n', '2025\n', 'CR\nCCC\n182025\nC\n']","['2025C\n00977\n', 'P\n2025\n', 'P2025\n', 'C\nCCC\nP\n182025\nC\n']",modelv1.0__2026-05-20 20:23:05
D:/moth_photos/database\batch_08\img_moth_00014857.jpg,"[4000, 6000]",36.745098039215684,"['2025DCR\n00827\n', 'Photoqraphedby\n8Horter\n2025\n', 'SanteeCoastalReserve\nCharlestonCoSC\nEFLoPresti\n20Mav2025\nBaitTrap\n', 'noearmites\nELoPresti 2025\n']","['2025DCR\n00827\n', '0\n8\n2025\n', 'CR\nCCC\n202025\n', '2025\n']","['2025C\n00827\n', 'P0\n8\n2025\n', 'C\nCCC\nP\n202025\n', 'P 2025\n']",modelv1.0__2026-05-20 20:23:05
D:/moth_photos/database\batch_08\img_moth_00014858.jpg,"[4000, 6000]",36.65384615384615,"['Photographedby\nBHarter\n2025\n', '2025 pcr\n90978\n', 'SanteeCoastalReserve\nCharlestonGoSC\nEFLoPresti\n18Februarv2025\nCTrailTrap\n', 'La\nnoearmites\n\nELoPresti2025\n']","['8\n2025\n', '2025 DCR\n90978\n', 'CR\nCCC\n182025\nC\n', '0\n\n2025\n']","['P\n8\n2025\n', '2025 C\n90978\n', 'C\nCCC\nP\n182025\nC\n', '0\n\nP2025\n']",modelv1.0__2026-05-20 20:23:05
D:/moth_photos/database\batch_08\img_moth_00014859.jpg,"[4000, 6000]",36.56862745098039,"['2025DCR\n00828\n', 'Photoqraphedby\n8Harter\nr4040\n', 'noearmites\nFLoPresti2025\n', 'SanteeCaastalReserve\nCharlestonCoSC\nEFLoPrest\n20Mav2025\nBaitTrap\n\neeooOStOs\n']","['2025DCR\n00828\n', '8\n4040\n', '2025\n', 'CR\nCC0C\n202025\nR\n']","['2025C\n00828\n', 'P\n8\n4040\n', 'P2025\n', 'C\nCC0C\nP\n20W2025\n']",modelv1.0__2026-05-20 20:23:05
D:/moth_photos/database\batch_08\img_moth_00014860.jpg,"[4000, 6000]",36.67307692307692,"['2025DCR\n00979\n', 'Photoqraphedby\nBHarter\n2025\n', 'noearmites\nELoPresti2025\n', 'SanteeCoastalReserve\nCharlestonCoSC\nEFLoPresti\n18Februarv2025\nCTrailTrap\n']","['2025DCR\n00979\n', '8\n2025\n', 'C2025\n', 'CR\nCCC\n182025\nC\n']","['2025C\n00979\n', 'P\n8\n2025\n', 'CP2025\n', 'C\nCCC\nP\n182025\nC\n']",modelv1.0__2026-05-20 20:23:05
D:/moth_photos/database\batch_08\img_moth_00014861.jpg,"[4000, 6000]",36.666666666666664,"['Photoqraphedby\n8Harter\n2025\n', '2025DCR\n00829\n', 'noearmites\nELoPresti2025\n', 'SanteeCoastalReserve\nCharlestonCoSC\nEFLoPresti\n20May2025\nBaitTrao\n']","['8\n2025\n', '2025DCR\n00829\n', '2025\n', 'CR\nCC0C\n202025\n']","['P\n8\n2025\n', '2025C\n00829\n', 'P2025\n', 'CP\nCC0C\nP\n202025\n']",modelv1.0__2026-05-20 20:23:05
D:/moth_photos/database\batch_08\img_moth_00014862.jpg,"[4000, 6000]",37.03921568627451,"['2025DCR\n00980\n', 'Photographedby\nBHarter\n2025\n', 'cLoPresti 2025\n', 'SanteeCoastalReserve\nCharlestonCoSC\nEFLoPresti\n48Februarv2025\nCTrailTrap\n']","['2025DCR\n00980\n', '8\n2025\n', '2025\n', 'CR\nCCC\n482025\nC\n']","['2025C\n00980\n', 'P\n8\n2025\n', 'P 2025\n', 'C\nCCC\nP\n482025\nC\n']",modelv1.0__2026-05-20 20:23:05
D:/moth_photos/database\batch_08\img_moth_00014863.jpg,"[4000, 6000]",36.745098039215684,"['2025DCR\n00830\n', 'Photoqraphedby\n8Haorter\n2025\n', 'noearmites\nELoPresti2025\n', 'SanteeCoastalReserve\nCharlestonCoSC\nEFLoPresti\n20Mav2025\nBaitTrap\n']","['2025DCR\n00830\n', '8\n2025\n', 'C2025\n', 'CR\nCCC\nC\n202025\n']","['2025C\n00830\n', 'P\n8\n2025\n', 'CP2025\n', 'C\nCCC\nCP\n202025\n']",modelv1.0__2026-05-20 20:23:05
D:/moth_photos/database\batch_08\img_moth_00014864.jpg,"[4000, 6000]",37.01960784313725,"['2025DCR\n00981\n', 'Photographedby\nBHarter\n2025\n', 'noearmites\nELoPresti2025\n', 'SanteeCoastalReserve\nCharlestonCoSC\nEFLoPresti\n18Februarv2025\nCTrailTrap\n']","['2025DCR\n00981\n', '8\n2025\n', '0\n2025\n', 'CR\nCCC\n182025\nC\n']","['2025C\n00981\n', 'P\n8\n2025\n', '0\nP2025\n', 'C\nCCC\nP\n182025\nC\n']",modelv1.0__2026-05-20 20:23:05
D:/moth_photos/database\batch_08\img_moth_00014865.jpg,"[4000, 6000]",36.31372549019608,"['2025DCR\n00831\n', 'Photoqraphedby\n8Harter\n2025\n', 'noear mites\nELoPresti2025\n', 'Ssiaitttt\nSanteeCoastalReserve\nCharlestonCoSC\nEFLoPresti\n20May2025\nBaitTrap\n']","['2025DCR\n00831\n', '8\n2025\n', 'C2025\n', 'C\nCR\nCCC\n202025\nR\n']","['2025C\n00831\n', 'P\n8\n2025\n', 'CP2025\n', 'C\nC\nCCC\nP\n202025\n']",modelv1.0__2026-05-20 20:23:05
D:/moth_photos/database\batch_08\img_moth_00014866.jpg,"[4000, 6000]",36.63461538461539,"['Photoqraphedby\nBHarter\n2025\n', '2025DCR\n00982\n', 'SanteeCoastalReserve\nCharlestonoSC\nEFLoPresti\n18February2025\nCTrailTrap\n']","['8\n2025\n', '2025DCR\n00982\n', 'CR\nC0C\n182025\nC\n']","['P\n8\n2025\n', '2025C\n00982\n', 'C\nC0C\nP\n182025\nC\n']",modelv1.0__2026-05-20 20:23:05
D:/moth_photos/database\batch_08\img_moth_00014867.jpg,"[4000, 6000]",36.705882352941174,"['rightearmites\nEFL2024\n', '2025DCR\n00832\n', 'Photoqraphedby\nBHorter\n2025\n', 'SanteeCoastalReserve\nCharlestonCoSC\nEFLoPresti\n20May2025\nBaitTrap\n']","['C2024\n', '2025DCR\n00832\n', '8\n2025\n', 'CR\nCC0C\n202025\n']","['C2024\n', '2025C\n00832\n', 'P\n8\n2025\n', 'C\nCC0C\nP\n202025\n']",modelv1.0__2026-05-20 20:23:05
D:/moth_photos/database\batch_08\img_moth_00014868.jpg,"[4000, 6000]",36.46153846153847,"['Photoqraphedby\nBHarter\n2025\n', '2025DCR\nl 00983\n', 'SanteeCoastalReserve\nChariestonCoSC\nEFLoPresti\n\n18Febnaarv2025\nCTrailTrap\n']","['8\n2025\n', '2025DCR\n00983\n', 'CR\nCCC\n182025\n\nC\n']","['P\n8\n2025\n', '2025C\n00983\n', 'CP\nCCC\nP\n\n182025\nC\n']",modelv1.0__2026-05-20 20:23:05
D:/moth_photos/database\batch_08\img_moth_00014869.jpg,"[4000, 6000]",36.76470588235294,"['bothearmites\nEFL2024\n', 'Photoqraphedby\n8Horter\n2025\n', '9025DCR\n00833\n', 'SanteeCoastalReserve\nChariestonCoSC\nEFLoPresti\n20Mav2025\nBaitTrap\n']","['R2024\n', '8\n2025\n', '9025DCR\n00833\n', 'CR\nCCC\n202025\n']","['2024\n', 'P\n8\n2025\n', '9025C\n00833\n', 'CP\nCCC\nP\n202025\n']",modelv1.0__2026-05-20 20:23:05
D:/moth_photos/database\batch_08\img_moth_00014870.jpg,"[4000, 6000]",37.01960784313725,"['rightearmites\nEFL2024\n', '2025DCR\n00984\n', 'Photoqraphedby\nBHarter\n2025\n', 'SanteeCoastalReserve\nCharlestonCoSC\nEFLoPresti\n17Februarv2025\nOrmondHallTrap\n']","['2024\n', '2025DCR\n00984\n', 'R\n2025\n', 'CR\nCCC\nC\n172025\n']","['P2024\n', '2025C\n00984\n', 'P\n2025\n', 'C\nCCC\nCP\n172025\n']",modelv1.0__2026-05-20 20:23:05
D:/moth_photos/database\batch_08\img_moth_00014871.jpg,"[4000, 6000]",36.98039215686274,"['bothearmites\n\nEFly2024\n', 'Photoqraphedby\n8Horter\n2025\n', '2025DCR\n00834\n', 'SanteeCoastalReserve\nCharestonCoSC\nEFL6Presti\n20Mav2025\nBaitTrap\n']","['2024\n', '8\n2025\n', '2025DCR\n00834\n', 'CR\nCC0C\n6R\n202025\nR\n']","['2024\n', 'P\n8\n2025\n', '2025C\n00834\n', 'C\nCC0C\n6P\n202025\n']",modelv1.0__2026-05-20 20:23:05
D:/moth_photos/database\batch_08\img_moth_00014872.jpg,"[4000, 6000]",36.57692307692308,"['2025 pcr\n00985\n', 'Photoqraphedby\nBHarter\n2025\n', 'noearmites\nELoPresti2025\n', 'SanteeCoastalReserve\nCharlestonCoSC\nEFLoPresti\n25Februarv2025\n\nTNC Hap\n']","['2025 DCR\n00985\n', '8\n2025\n', 'C2025\n', 'CR\nCCC\n252025\n\nC\n']","['2025 C\n00985\n', 'P\n8\n2025\n', 'CP2025\n', 'C\nCCC\nP\n252025\n\nC P\n']",modelv1.0__2026-05-20 20:23:05
D:/moth_photos/database\batch_08\img_moth_00014873.jpg,"[4000, 6000]",36.92156862745098,"['bothearmites\n\nEFL2024\n', '2025DCR\n00835\n', 'Photoqraphedby\n8Harter\n2025\n', 'oSsi\nnteeCoastal Reserve\n\nCharlestonCoSC\nEFUoPresti\n20Mav2025\n\nBaitTrap\n']","['2024\n', '2025DCR\n00835\n', '8\n2025\n', 'C R\n\nCCC\nC\n202025\n\nR\n']","['2024\n', '2025C\n00835\n', 'P\n8\n2025\n', 'C\n\nCCC\nCP\n202025\n']",modelv1.0__2026-05-20 20:23:05
D:/moth_photos/database\batch_08\img_moth_00014874.jpg,"[4000, 6000]",36.36538461538461,"['5025DCR\n00986\n', 'Photoqraphedby\nBHarter\n2025\n', 'SanteeCoasta Reserve\nCharlestonCoSC\nEFLaPresti\n5Februarv2025\nra\n\n4h\n']","['5025DCR\n00986\n', '8\n2025\n', 'C R\nCC0C\n52025\n\n4\n']","['5025C\n00986\n', 'P\n8\n2025\n', 'C\nCC0C\n\nPP\n52025\n\n4\n']",modelv1.0__2026-05-20 20:23:05
D:/moth_photos/database\batch_08\img_moth_00014875.jpg,"[4000, 6000]",36.80392156862745,"['2025DCR\n00836\n', 'Photoqraphedby\n8Harter\n2025\n', 'SanteeCoastaiReserve\nChariestonCoSC\nEFLoPresti\n20Mav2025\nBaitTrao\n', 'noearmites\nELoPresti2025\n']","['2025DCR\n00836\n', '8\n2025\n', 'CR\nCC0C\n202025\nR\n', '0\n2025\n']","['2025C\n00836\n', 'P\n8\n2025\n', 'CP\nCC0C\nP\n202025\n', '0\nP2025\n']",modelv1.0__2026-05-20 20:23:05
D:/moth_photos/database\batch_08\img_moth_00014876.jpg,"[4000, 6000]",36.38461538461538,"['2025DCR\n00987\n', 'Photographedby\nBHarter\n2025\n', 'SanteeCoastal Reserve\nChariestonCo SC\nae LaPrest\n25Februarv 025\nwD\n\nanc\n\nSt\n']","['2025DCR\n00987\n', '8\n2025\n', 'C R\nCC C\n25 025\n40\n']","['2025C\n00987\n', 'P\n8\n2025\n', 'C\nCC C\nP\n25 025\n40\n']",modelv1.0__2026-05-20 20:23:05
D:/moth_photos/database\batch_08\img_moth_00014877.jpg,"[4000, 6000]",36.3921568627451,"['2025DCR\n00837\n', 'Photoqraphedby\nBHarter\n2025\n', 'NOearmites\nELoPresti2025\n', 'SanteeCoastalReserve\nChanlestonCoSC\nEFLoPresti\n20Mav2025\nBartTrao\n']","['2025DCR\n00837\n', '8\n2025\n', '2025\n', 'CR\nCC0C\n202025\n']","['2025C\n00837\n', 'P\n8\n2025\n', 'P2025\n', 'C\nCC0C\nP\n202025\n']",modelv1.0__2026-05-20 20:23:05
D:/moth_photos/database\batch_08\img_moth_00014878.jpg,"[4000, 6000]",36.86274509803921,"['2025DCR\n00988\n', 'Photoqgraphedby\nBHarter\n2025\n', 'Santee CoastalReserve\nChariestonCoSC\nEFLoPresti\n25Februarv2025\n\nTa Cc haew\n']","['2025DCR\n00988\n', '8\n2025\n', 'CR\nCCC\n252025\n\nC\n']","['2025C\n00988\n', 'P\n8\n2025\n', 'C\nCCC\nP\n252025\n\nC\n']",modelv1.0__2026-05-20 20:23:05
D:/moth_photos/database\batch_08\img_moth_00014879.jpg,"[4000, 6000]",36.705882352941174,"['2025DCR\n00838\n', 'Photoqraphedby\n8Horter\n2025\n', 'ale earmites\nELoPresti2025\n', 'SanteeCoastalReserve\nCharlestonCoSC\nEFLoPresti\n20Mav2025\nBaitTrap\n']","['2025DCR\n00838\n', '0\n8\n2025\n', 'C2025\n', 'CR\nCCC\n202025\nR\n']","['2025C\n00838\n', 'P0\n8\n2025\n', 'CP2025\n', 'CP\nCCC\nP\n202025\n']",modelv1.0__2026-05-20 20:23:05
D:/moth_photos/database\batch_08\img_moth_00014880.jpg,"[4000, 6000]",36.59615384615385,"['2025DCR\n00989\n', 'Photoqraphedby\nBHarter\n2025\n', 'noearmites\nELoPresti2025\n', 'SanteeCoastalReserve\nCharlestonCoSC\nEFLoPresti\n26FebruarV2025\nMazvckTrap\n']","['2025DCR\n00989\n', '8\n2025\n', 'C2025\n', 'CR\nCCC\n262025\n']","['2025PC\n00989\n', 'P\n8\n2025\n', 'CP2025\n', 'C\nCCC\nP\n262025\n']",modelv1.0__2026-05-20 20:23:05
D:/moth_photos/database\batch_08\img_moth_00014881.jpg,"[4000, 6000]",36.88235294117647,"['2025DCR\n00839\n', 'Photoqraphedby\n8Harter\n2025\n', 'es\nnoearmites\n\nELoPresti2025\nIN\n\n', 'SanteeCoastalReserve\nChanestonCoSC\nEFLoPresti\n20Mav2025\nBaitTrap\n']","['2025DCR\n00839\n', '8\n2025\n', 'C2025\n\n', 'CR\nCC0C\nC\n202025\n']","['2025C\n00839\n', 'P\n8\n2025\n', 'CP2025\n\n', 'C\nCC0C\nCP\n202025\n']",modelv1.0__2026-05-20 20:23:05
D:/moth_photos/database\batch_08\img_moth_00014882.jpg,"[4000, 6000]",36.519230769230774,"['5025DCR\n00990\n', 'Photoqraphedby\nBHarter\n2025\n', 'rll\nSantee Coastal Reserve\n\nCharleston CoS\nEFLoPresti\n26Februarv 2025\nMazvckTrap\n\nee\n', 'noearmites\nELoPresti2025\n']","['5025DCR\n00990\n', '8\n2025\n', 'C R\n\nC C\n26 2025\nD\n', '2025\n']","['5025PC\n00990\n', 'P\n8\n2025\n', 'C\n\nC C\nP\n26 2025\n', 'P2025\n']",modelv1.0__2026-05-20 20:23:05
D:/moth_photos/database\batch_08\img_moth_00014883.jpg,"[4000, 6000]",36.30769230769231,"['2025DCR\n00840\n', 'Photoqraphedby\nBHorter\n2025\n', 'EU\nnoeat mites\n\ncLoPresti2025\n', 'SanteeCoastalReserve\nCharlestonCoSC\nEFLoPresti\n20Mav2025\nBaitTrap\n']","['2025DCR\n00840\n', '8\n2025\n', '0\n\n2025\n', 'CR\nCC0C\n202025\nR\n']","['2025C\n00840\n', 'P\n8\n2025\n', '0\n\nP2025\n', 'C\nCC0C\nP\n202025\n']",modelv1.0__2026-05-20 20:23:05
D:/moth_photos/database\batch_08\img_moth_00014884.jpg,"[4000, 6000]",36.57692307692308,"['2025DCR\n00991\n', 'Photographedby\nBHarter\n2025\n', 'a\n\nnoearmites\nELoPresti2025\n', 'SanteeCoastalReserve\nCharnestonCoSC\nEFLoPresti\n26February2025\nMazvckTrap\n']","['2025DCR\n00991\n', '8\n2025\n', '2025\n', 'CR\nCCC\n262025\n']","['2025C\n00991\n', 'P\n8\n2025\n', 'P2025\n', 'C\nCCC\nP\n262025\n']",modelv1.0__2026-05-20 20:23:05
D:/moth_photos/database\batch_08\img_moth_00014885.jpg,"[4000, 6000]",36.745098039215684,"['2025DCR\n00841\n', 'Photoqraphedby\n8Harter\nr4040\n', 'noearmites\nELoPresti2025\n', 'SanteeCoastalReserve\nCharlestonCoSC\nEFLoPresti\n20May2025\nBaitTrap\n']","['2025DCR\n00841\n', '8\n74040\n', 'C2025\n', 'CR\nCCC\n202025\nR\n']","['2025C\n00841\n', 'P\n8\n74040\n', 'CP2025\n', 'C\nCCC\nP\n202025\n']",modelv1.0__2026-05-20 20:23:05
D:/moth_photos/database\batch_08\img_moth_00014886.jpg,"[4000, 6000]",37.03921568627451,"['2025DCR\n00992\n', 'Photoqraphedby\nBHarter\n2025\n', 'SanteeCoastalReserve\nChanestonCoSC\nEFLoPresti\n26Februarv2025\nMazvckTrap\n']","['2025DCR\n00992\n', '8\n2025\n', 'CR\nCCC\n262025\n']","['2025C\n00992\n', 'P\n8\n2025\n', 'C\nCCC\nP\n262025\n']",modelv1.0__2026-05-20 20:23:05
D:/moth_photos/database\batch_08\img_moth_00014887.jpg,"[4000, 6000]",36.94117647058823,"['2025DCR\n00842\n', 'Photoqraphedby\nBHorter\n2025\n', 'noearmites\nELoPresti2025\n', 'SanteeCoastalReserve\nChanestonCoSC\nEFLoPresti\n20May2025\nBaitTrap\n']","['2025DCR\n00842\n', '8\n2025\n', 'C2025\n', 'CR\n\nCC0C\nC\n202025\n']","['2025C\n00842\n', 'P\n8\n2025\n', 'CP2025\n', 'C\n\nCC0C\nCP\n202025\n']",modelv1.0__2026-05-20 20:23:05
D:/moth_photos/database\batch_08\img_moth_00014888.jpg,"[4000, 6000]",36.480769230769226,"['2025DCR\n00993\n', 'Photoqraphedby\nBHarter\n2025\n', 'SanteeCoastalReserve\nCharlestonCoSC\nEFLqPresti\n26Februarv2025\nMazvckTrap\n']","['2025DCR\n00993\n', '8\n2025\n', 'CR\nCCC\n262025\n']","['2025C\n00993\n', 'P\n8\n2025\n', 'C\nCCC\nP\n262025\n']",modelv1.0__2026-05-20 20:23:05
D:/moth_photos/database\batch_08\img_moth_00014889.jpg,"[4000, 6000]",36.88235294117647,"['2025DCR\n00843\n', 'Photoqraphedby\n8Horter\n2025\n', 'noearmites\nLoPresti 2025\n', 'SanteeCoastalReserve\nCharlestonCoSC\nEFLoPresti\n20May2025\nBaitTrap\n']","['2025DCR\n00843\n', '8\n2025\n', '0\n2025\n', 'CR\nCC0C\n202025\n']","['2025C\n00843\n', 'P\n8\n2025\n', '0\nP 2025\n', 'C\nCC0C\nP\n202025\n']",modelv1.0__2026-05-20 20:23:05
D:/moth_photos/database\batch_08\img_moth_00014890.jpg,"[4000, 6000]",36.40384615384615,"['2025DCR\n00994\n', 'Photographedby\nBHarter\n2025\n', 'SanteeCoastalReserve\nChanestonCoSC\nEFLoPresti\n26Februarv2025\nMazvckTrap\n']","['2025DCR\n00994\n', '8\n2025\n', 'CR\nCCC\n262025\n']","['2025C\n00994\n', 'P\n8W\n2025\n', 'CP\nCCC\nP\n262025\n']",modelv1.0__2026-05-20 20:23:05
D:/moth_photos/database\batch_08\img_moth_00014891.jpg,"[4000, 6000]",36.30769230769231,"['2025DCR\n00844\n', 'Photoqraphedby\nBHarter\n2025\n', 'no earmites\nELoPresti2025\n', 'SanteeCoastalReserve\nCharleston Co SC\nEFLoPresti\n20Mav2025\nBaitTrap\n']","['2025DCR\n00844\n', '8\n2025\n', '2025\n', 'CR\nC C C\n202025\n']","['2025C\n00844\n', 'P\n8\n2025\n', 'P2025\n', 'C\nC C C\nP\n202025\n']",modelv1.0__2026-05-20 20:23:05
D:/moth_photos/database\batch_08\img_moth_00014892.jpg,"[4000, 6000]",36.40384615384615,"['2025DCR\n00995\n', 'Photoqraphedby\nBHarter\n2025\n', 'ELoPresti2025\n', 'SanteeCoastalReserve\nCharlestonCoSC\nEFLoPresti\n26Februarv2025\nJamesCanebrakeTrap\n']","['2025DCR\n00995\n', '8\n2025\n', '2025\n', 'CR\nCCC\n262025\n\nC\n']","['2025C\n00995\n', 'P\n8\n2025\n', 'P2025\n', 'C\nCCC\nP\n262025\nC\n']",modelv1.0__2026-05-20 20:23:05
D:/moth_photos/database\batch_08\img_moth_00014893.jpg,"[4000, 6000]",36.9607843137255,"['2025OCR\n00845\n', 'Photoqraphedby\n8Horter\n2025\n', 'noearmites\nELoPresti2025\n', 'SanteeCoastalReserve\nCharestonCoSC\nEFLoPresti\n20May2025\nBaitTrap\n']","['2025DCR\n00845\n', '8\n2025\n', '2025\n', 'CR\nCCC\nC\n202025\n']","['2025C\n00845\n', 'P\n8\n2025\n', 'P2025\n', 'C\nCCC\nCP\n202025\n']",modelv1.0__2026-05-20 20:23:05
D:/moth_photos/database\batch_08\img_moth_00014894.jpg,"[4000, 6000]",37.0,"['2025DCR\n00996\n', 'Photographedby\nBHarter\n2025\n', 'noearmites\nELoPresti2025\n', 'SanteeCoastalReserve\nCharlestonCoSC\nEFLoPresti\n26Februarv2025\nJamesCanebrakeTrap\n']","['2025DCR\n00996\n', '8\n2025\n', '2025\n', 'CR\nCCC\n262025\n\nC\n']","['2025C\n00996\n', 'P\n8\n2025\n', 'P2025\n', 'C\nCCC\nP\n262025\nC\n']",modelv1.0__2026-05-20 20:23:05
D:/moth_photos/database\batch_08\img_moth_00014895.jpg,"[4000, 6000]",36.86274509803921,"['2025DCR\n00846\n\nee\n', 'Photoqraphedby\n8Harter\n2025\n', 'noearmites\nELoPresti2025\n', 'a\n\nSanteeCoastalReserve\nChartestonCoSC\nEFLoPresti\n20May2025\nBaitTrao\n']","['2025DCR\n00846\n', '8\n2025\n', '2025\n', 'CR\nCCC\n0\n202025\nR\n']","['2025C\n00846\n', 'P\n8\n2025\n', 'P2025\n', 'C\nCCC\n0P\n20W2025\n']",modelv1.0__2026-05-20 20:23:05
D:/moth_photos/database\batch_08\img_moth_00014896.jpg,"[4000, 6000]",36.63461538461539,"['2025DCR\n00997\n', 'Photoqraphedby\nBHarter\n2025\n', 'noearmites\nELoPresti2025\n', 'SanteeCoastalReserve\nCharlestonCoSC\nEFLoPresti\n26Februarv2025\nJjamesCanebrakeTrap\n']","['2025DCR\n00997\n', '8\n2025\n', 'C2025\n', 'CR\nCCC\n262025\n\nC\n']","['2025C\n00997\n', 'P\n8\n2025\n', 'CP2025\n', 'CP\nCCC\nP\n262025\nC\n']",modelv1.0__2026-05-20 20:23:05
D:/moth_photos/database\batch_08\img_moth_00014897.jpg,"[4000, 6000]",36.88235294117647,"['Ee\n\n2025DCR\n00847\n', 'Photoqraphedby\n8Harter\n74040\n', 'SanteeCoastalReserve\nCharlestonCoSC\nEFLdOPresti\n20Mav2025\nBaitTrao\n', 'noearmites\nELoPresti2025\n']","['2025DCR\n00847\n', '8\n74040\n', 'CR\nCC0C\nC\n202025\n', '0\n2025\n']","['2025C\n00847\n', 'P\n8\n74040\n', 'C\nCC0C\nCP\n202025\n', '0\nP2025\n']",modelv1.0__2026-05-20 20:23:05
D:/moth_photos/database\batch_08\img_moth_00014898.jpg,"[4000, 6000]",36.55769230769231,"['Photoqraphedby\nBHarter\n2025\n', '0c\n025 ocr\n\n', 'Jame\n']","['8\n2025\n', '0\n025 0\n\n', '']","['P\n8\n2025\n', '0\n025 0\n\n', '']",modelv1.0__2026-05-20 20:23:05
D:/moth_photos/database\batch_08\img_moth_00014899.jpg,"[4000, 6000]",36.470588235294116,"['2025OCR\n00848\n', 'Photoqraphedby\n8Horter\n74040\n', 'SanteeCoastalReserve\nCharlestonCoSC\nEFLoPresti\n20May2025\nBaitTrao\n', 'noearmites\nELoPresti2025\n']","['2025DCR\n00848\n', '8\n74040\n', 'CR\nCCC\n202025\n', '2025\n']","['2025C\n00848\n', 'P\n8\n74040\n', 'C\nCCC\nP\n202025\n', 'P2025\n']",modelv1.0__2026-05-20 20:23:05
D:/moth_photos/database\batch_08\img_moth_00014900.jpg,"[4000, 6000]",36.55769230769231,"['9025DCR\n90999\n', 'Photographedby\nBHarter\n2025\n', 'SanteeCoastalReserve\nCharlestonCoSC\nEFLoPresti\n26Februarv2025\nJamesCanebrakeTrap\n']","['9025DCR\n90999\n', '8\n2025\n', 'CR\nCCC\n262025\n\nC\n']","['9025PC\n90999\n', 'P\n8\n2025\n', 'C\nCCC\nP\n262025\nC\n']",modelv1.0__2026-05-20 20:23:05
D:/moth_photos/database\batch_08\img_moth_00014901.jpg,"[4000, 6000]",36.68627450980392,"['2025DCR\n00849\n', 'Photoqraphedby\nBHorter\n74040\n', 'noear mites\nELoPresti2025\n', 'SanteeCoastalReserve\nCharnlestonCoSC\nEFLoPresti\n20May2025\nBaitTrap\n']","['2025DCR\n00849\n', '8\n74040\n', 'C2025\n', 'CR\nCC0C\n202025\n']","['2025C\n00849\n', 'P\n8\n74040\n', 'CP2025\n', 'C\nCC0C\nP\n202025\n']",modelv1.0__2026-05-20 20:23:05
D:/moth_photos/database\batch_08\img_moth_00014902.jpg,"[4000, 6000]",36.36538461538461,"['2025DCR\n01000\n', 'Photographedby\nBHarter\n2025\n', 'SanteeCoastalReserve\nCharlestonCoSC\nEFLoPresti\n26Februarv2025\nJamesCanebrakeTrap\n']","['2025DCR\n01000\n', '8\n2025\n', 'CR\nCCC\n262025\n\nC\n']","['2025C\n01000\n', 'P\n8\n2025\n', 'C\nCCC\nP\n262025\nC\n']",modelv1.0__2026-05-20 20:23:05
D:/moth_photos/database\batch_08\img_moth_00014903.jpg,"[4000, 6000]",36.7843137254902,"['2025DCR\n00850\n', 'Photoqraphedby\n8Horter\n2025\n', 'noear mites\nELoPresti2025\n', 'SanteeCoastalReserve\nCharlestonCoSC\nEFLoPresti\n21Aoril2025\nCapeTrapBRIDGET\n']","['2025DCR\n00850\n', '0\n8\n2025\n', '2025\n', 'CR\nCCC\n212025\nCRD\n']","['2025C\n00850\n', 'P0\n8\n2025\n', 'P2025\n', 'C\nCCC\nP\n212025\nC\n']",modelv1.0__2026-05-20 20:23:05
D:/moth_photos/database\batch_08\img_moth_00014904.jpg,"[4000, 6000]",36.34615384615385,"['Photoqraphedby\n8Harter\n2025\n', '2025DCR\n91001\n', 'noearmites\nELoPresti2025\n\n', 'Santee CoastalReserve\nCharleston Co\nEF toPresti\n26Februarv 2025\nSandPitTraD\n']","['8\n2025\n', '2025DCR\n91001\n', '2025\n\n', 'CR\nC C\n26 2025\nD\n']","['P\n8\n2025\n', '2025C\n91001\n', 'P2025\n\n', 'C\nC C\nP\n26 2025\nP\n']",modelv1.0__2026-05-20 20:23:05
D:/moth_photos/database\batch_08\img_moth_00014905.jpg,"[4000, 6000]",36.80392156862745,"['2025DCR\n90851\n', 'Photoqraphedby\n8Harter\nr4040\n', 'SanteeCoastalReserve\nCharlestonCoSC\nEFLoRrest\n21Aoril2025\nCapeTrapBRIDGET\n']","['2025DCR\n90851\n', '8\n74040\n', 'CR\nCCC\nCR\n212025\nCRD\n']","['2025C\n90851\n', 'P\n8\n74040\n', 'CP\nCCC\nC\n212025\nC\n']",modelv1.0__2026-05-20 20:23:05
D:/moth_photos/database\batch_08\img_moth_00014906.jpg,"[4000, 6000]",37.0,"['2025DCR\n01002\n', 'Photoqraphedby\nBHarter\n2025\n', 'SanteeCoastalReserve\nCharlestonCoSC\nEFLoPresti\n26Febreiarv2025\nSandPitTrao\n']","['2025DCR\n01002\n', '8\n2025\n', 'CR\nCCC\n262025\n']","['2025C\n01002\n', 'P\n8\n2025\n', 'C\nCCC\nP\n262025\nP\n']",modelv1.0__2026-05-20 20:23:05
D:/moth_photos/database\batch_08\img_moth_00014907.jpg,"[4000, 6000]",36.549019607843135,"['2025 DCRI\n00852\n', 'Photoqraphedby\n8Horter\nr4040\n', 'ii earmites\nELoPresti2025\n\n', 'SanteeCoastalReserve\nCharigstonCoSC\nEFLoPresti\n21Apni2025\nScrubOakTrapBRIDGET\n']","['2025 DCR\n00852\n', '8\n74040\n', '2025\n\n', 'CR\nCC0C\n212025\nRD\n']","['2025 C\n00852\n', 'P\n8\n74040\n', 'P2025\n\n', 'C\nCC0C\nP\n212025\n']",modelv1.0__2026-05-20 20:23:05
D:/moth_photos/database\batch_08\img_moth_00014908.jpg,"[4000, 6000]",36.480769230769226,"['2025DCR\n01003\n', 'Photographedby\nBHarter\n2025\n', 'SanteeCoastalReserve\nCharlestonCoSC\nEFLoPresti\n26Februarv2025\nSandPitTrap\n']","['2025DCR\n01003\n', '8\n2025\n', 'CR\nCCC\nC\n262025\n']","['2025C\n01003\n', 'P\n8\n2025\n', 'C\nCCC\nCP\n262025\nP\n']",modelv1.0__2026-05-20 20:23:05
D:/moth_photos/database\batch_08\img_moth_00014909.jpg,"[4000, 6000]",36.92156862745098,"['2025DCR\n00853\n', 'Photoqraphedby\n8Harter\n2025\n', 'no earmites\nELoPresti2025\n', 'SanteeCoastalKeserve\nCharlestonCo\nEFLoPrest\n18February2025\nMarshTrap\n']","['2025DCR\n00853\n', '8\n2025\n', '2025\n', 'C\nCC\n0\n182025\n']","['2025C\n00853\n', 'P\n8\n2025\n', 'P2025\n', 'C\nCC\n0P\n182025\n']",modelv1.0__2026-05-20 20:23:05
D:/moth_photos/database\batch_08\img_moth_00014910.jpg,"[4000, 6000]",36.57692307692308,"['2025DCR\n01004\n', 'Photoqraphedby\nBHarter\n2025\n', 'SanteeCoastalReserve\nCharlestonCoSC\nEFLoPresti\n26Februarv2025\nScrubOakTrap\n']","['2025DCR\n01004\n', '8\n2025\n', 'CR\nCCC\n262025\n']","['2025C\n01004\n', 'P\n8\n2025\n', 'C\nCCC\nP\n262025\n']",modelv1.0__2026-05-20 20:23:05
D:/moth_photos/database\batch_08\img_moth_00014911.jpg,"[4000, 6000]",36.705882352941174,"['2025DCR\n00854\n', 'Photoqraphedby\n8Horter\n2025\n', 'SanteeCoastalReserve\nCharlestonCoSC\nEFLoPresti\n11Aoril2025\nCollinsCreekTrap\n']","['2025DCR\n00854\n', '8\n2025\n', 'CR\nCCC\n112025\nCC\n']","['2025C\n00854\n', 'P\n8\n2025\n', 'C\nCCC\nP\n112025\nCC\n']",modelv1.0__2026-05-20 20:23:05
D:/moth_photos/database\batch_08\img_moth_00014912.jpg,"[4000, 6000]",36.40384615384615,"['2025DCR\n01005\n', 'Photographedby\nBHarter\n2025\n', 'SanteeCoastalReserve\nCharestonCoSC\nEFLoPresti\n26Februarv2025\nScrubOakTrao\n']","['2025DCR\n01005\n', '8\n2025\n', 'CR\nCCC\n262025\n']","['2025C\n01005\n', 'P\n8\n2025\n', 'CP\nCCC\nP\n262025\n']",modelv1.0__2026-05-20 20:23:05
D:/moth_photos/database\batch_08\img_moth_00014913.jpg,"[4000, 6000]",36.7843137254902,"['2025DCR\n00855\n', 'Photoqraphedby\n8Horter\n2025\n', 'noearmites\nELoPresti2025\n', 'SanteeCoastalReserve\nCharnestonCoSC\nEFLoPresti\n11Aoril2025\nCollinsCreekTrao\n']","['2025DCR\n00855\n', '8\n2025\n', 'C2025\n', 'CR\nCC0C\n112025\nCC\n']","['2025C\n00855\n', 'P\n8\n2025\n', 'CP2025\n', 'C\nCC0C\nP\n112025\nCC\n']",modelv1.0__2026-05-20 20:23:05
D:/moth_photos/database\batch_08\img_moth_00014914.jpg,"[4000, 6000]",36.40384615384615,"['2025DCR\n01006\n', 'Photoqraphedby\nBHarter\n2025\n', 'Santee CoastalReserve\nCharlestonCo\nEFLoPresti\n26Februarv 2025\nScrubOakTrap\n']","['2025DCR\n01006\n', '8\n2025\n', 'CR\nCC\n26 2025\n\n0D\n']","['2025C\n01006\n', 'P\n8\n2025\n', 'C\nCC\nP\n26 2025\n0\n']",modelv1.0__2026-05-20 20:23:05
D:/moth_photos/database\batch_08\img_moth_00014915.jpg,"[4000, 6000]",36.8235294117647,"['Photoqraphedby\n8Horter\n2025\n', '2025DCR\n00856\n', 'noearmites\nELoPresti2025\n', 'SanteeCoastalReserve\nCharnlestonCoSC\nEFLoPresti\n26Februaryv2025\nMarshTrao\n']","['8\n2025\n', '2025DCR\n00856\n', '2025\n', 'CR\nCCC\n262025\n']","['P\n8\n2025\n', '2025C\n00856\n', 'P2025\n', 'C\nCCC\nP\n262025\n']",modelv1.0__2026-05-20 20:23:05
D:/moth_photos/database\batch_08\img_moth_00014916.jpg,"[4000, 6000]",36.92156862745098,"['2025DCR\n01007\n', 'Photoqraphedby\nBHarter\n2025\n', 'santeeCoastaiKeserve\n\nCharlestonCoSC\nEFLoPresti\n26Februarv2025\nScrubOakTrap\n']","['2025DCR\n01007\n', '8\n2025\n', 'C\n\nCCC\n262025\n0\n']","['2025C\n01007\n', 'P\n8\n2025\n', 'C\n\nCCC\nP\n262025\n0\n']",modelv1.0__2026-05-20 20:23:05
D:/moth_photos/database\batch_08\img_moth_00014917.jpg,"[4000, 6000]",36.86274509803921,"['2025DCR\n00857\n', 'Photoqraphedby\n8Horter\n2025\n', 'Noearmites\nELoPresti2025\n', 'Santee Coastal Reserve\nChnarneston Co\nEF LoPrest\n26 Februaty 2025\nMarshTrao\n']","['2025DCR\n00857\n', '8\n2025\n', '2025\n', 'C R\nC C\n26 2025\n']","['2025C\n00857\n', 'P\n8\n2025\n', 'P2025\n', 'C\nC C\nP\n26 2025\n']",modelv1.0__2026-05-20 20:23:05
D:/moth_photos/database\batch_08\img_moth_00014918.jpg,"[4000, 6000]",36.34615384615385,"['2025DCR\n01008\n', 'Photoqraphedby\nBHarter\n2025\n', 'SanteeCoastalReserve\nCharlestonCoSC\nEFLoPresti\n26Februarv 2025\nScrubOakTrap\n']","['2025DCR\n01008\n', '8\n2025\n', 'CR\nCCC\nC\n26 2025\n']","['2025C\n01008\n', 'P\n8\n2025\n', 'CP\nCCC\nCP\n26 2025\n']",modelv1.0__2026-05-20 20:23:05
D:/moth_photos/database\batch_08\img_moth_00014919.jpg,"[4000, 6000]",36.98039215686274,"['Photoqraphedby\n8Harter\n2025\n', '2025DCR\n00858\n', 'noearmites\nELoPresti2025\n', 'SanteeCoastalReserve\nChanlestonCoSC\nEFLoPrest\n28March2025\nOrmondHallTrao\n']","['8\n2025\n', '2025DCR\n00858\n', '2025\n', 'CR\nCCC\nC\n282025\n']","['P\n8\n2025\n', '2025C\n00858\n', 'P2025\n', 'C\nCCC\nCP\n282025\nW\n']",modelv1.0__2026-05-20 20:23:05
D:/moth_photos/database\batch_08\img_moth_00014920.jpg,"[4000, 6000]",36.98039215686274,"['OE\n\n2025DCR\n01009\n', 'Photoqraphedby\nBHarter\ny404e\n', 'SanteeCoastalReserve\nCharlestonCoSC\nEFLoPresti\n26Febraary2025\nScrubOakTrap\n']","['2025DCR\n01009\n', '8\n404\n', 'CR\nCC0C\n262025\n']","['2025C\n01009\n', 'P\n8\n404\n', 'C\nCC0C\nP\n262025\n']",modelv1.0__2026-05-20 20:23:05
D:/moth_photos/database\batch_08\img_moth_00014921.jpg,"[4000, 6000]",36.745098039215684,"['2025DCR\n00859\n', 'noearmites\nELoPresti2025\n', 'Photoqraphedby\n8Horter\n2025\n', 'SanteeCoastalReserve\nCharlestonCoSC\nEFLoPresti\n28March2025\nOrmondHallTrao\n']","['2025DCR\n00859\n', '2025\n', '0\n8\n2025\n', 'CR\nCCC\n282025\n']","['2025C\n00859\n', 'P2025\n', 'P0\n8\n2025\n', 'CP\nCCC\nP\n282025\n']",modelv1.0__2026-05-20 20:23:05
D:/moth_photos/database\batch_08\img_moth_00014922.jpg,"[4000, 6000]",36.8235294117647,"['2025DCR\n01010\n', 'Photoqraphedby\nBHarter\n2025\n', 'SanteeCoastalReserve\nCharlestonCoSC\nEFLoPresti\n26February2025\nCapeTrap\n']","['2025DCR\n01010\n', '8\n2025\n', 'CR\nCCC\n262025\n\nC\n']","['2025C\n01010\n', 'P\n8\n2025\n', 'C\nCCC\nP\n262025\nC\n']",modelv1.0__2026-05-20 20:23:05
D:/moth_photos/database\batch_08\img_moth_00014923.jpg,"[4000, 6000]",36.76470588235294,"['2025DCR\n00860\n', 'Photoqraphedby\n8Horter\nr40he\n', 'no ear mites\nFLoPresti2025\n', '28March2025\nOrmondHallTrao\n']","['2025DCR\n00860\n', '8\n74040\n', '2025\n', '282025\n']","['2025C\n00860\n', 'P\n8\n74040\n', 'P2025\n', '282025\n']",modelv1.0__2026-05-20 20:23:05
D:/moth_photos/database\batch_08\img_moth_00014924.jpg,"[4000, 6000]",36.9607843137255,"['2025DCR\n01011\n', 'Photoqraphedby\n8Harter\n2025\n', 'SanteeCoastalReserve\nCharlestonCoSC\nEFLoPresti\n26February2025\nCapeTrap\n']","['2025DCR\n01011\n', '8\n2025\n', 'CR\nCCC\n262025\nC\n']","['2025C\n01011\n', 'P\n8\n2025\n', 'C\nCCC\nP\n262025\nC\n']",modelv1.0__2026-05-20 20:23:05
D:/moth_photos/database\batch_08\img_moth_00014925.jpg,"[4000, 6000]",36.28846153846153,"['2025DCR\n00861\n', 'Photoqraphedby\n8Harter\n2025\n', 'SssSsSsSsss\nLoPrestl 2025\n', 'SanteeCoastalReserve\nChanestonCoSC\nEFLoPresti\n28March2025\nOrmondHallTrao\n']","['2025DCR\n00861\n', '8\n2025\n', '2025\n', 'CR\nCC0C\n282025\n']","['2025C\n00861\n', 'P\n8\n2025\n', 'P 2025\n', 'CP\nCC0C\nP\n282025\n']",modelv1.0__2026-05-20 20:23:05
D:/moth_photos/database\batch_08\img_moth_00014926.jpg,"[4000, 6000]",36.519230769230774,"['2025DCR\n01012\n', 'Photoqraphedby\nBHarter\n2025\n', 'SanteeCoastalReserve\nCharlestonCoSC\nEFtoPresti\n26Februarv2025\nCapeTrap\n']","['2025DCR\n01012\n', '8\n2025\n', 'CR\nCCC\n262025\n\nC\n']","['2025C\n01012\n', 'P\n8\n2025\n', 'C\nCCC\nP\n262025\nC\n']",modelv1.0__2026-05-20 20:23:05
D:/moth_photos/database\batch_08\img_moth_00014927.jpg,"[4000, 6000]",36.72549019607843,"['2025DCR\n00862\n', 'Photoqraphedby\n8Haorter\n2025\n', 'noearmites\nELoPresti2025\n', 'SanteeCoastalReserve\nCharlestonCoSC\nEFLoprest\n28March2025\nOrmondHallTrao\n\n']","['2025DCR\n00862\n', '8\n2025\n', '2025\n', 'CR\nCC0C\n282025\n\n']","['2025C\n00862\n', 'P\n8\n2025\n', 'P2025\n', 'C\nCC0C\nP\n282025\n\n']",modelv1.0__2026-05-20 20:23:05
D:/moth_photos/database\batch_08\img_moth_00014928.jpg,"[4000, 6000]",36.44230769230769,"['9025DCR\n01013\n', 'Photoqraphedby\nBHarter\n2025\n', 'SanteeCoastalReserve\nCharlestonCoSC\nEFLoPresti\n26February2025\nCapeTrap\n']","['9025DCR\n01013\n', '8\n2025\n', 'CR\n\nCCC\n\n262025\nC\n']","['9025PC\n01013\n', 'P\n8\n2025\n', 'C\nCCC\nP\n262025\nC\n']",modelv1.0__2026-05-20 20:23:05
D:/moth_photos/database\batch_08\img_moth_00014929.jpg,"[4000, 6000]",36.745098039215684,"['2025DCR\n00863\n', 'noear mites\nELoPresti2025\n', 'Photoqraphedby\n8Harter\nr4040\n', 'xexSiSCCCC\nSantee CoastalReserve\nCharleston Co\nEFLoPrest\n28March 2025\nOrmondHall Trao\n\nOM\n']","['2025DCR\n00863\n', '2025\n', '8\n74040\n', 'CCCC\n\nCR\n\nC C\n28C 2025\n']","['2025C\n00863\n', 'P2025\n', 'P\n8\n74040\n', 'CCCC\nC\nC C\nP\n28C 2025\n']",modelv1.0__2026-05-20 20:23:05
D:/moth_photos/database\batch_08\img_moth_00014930.jpg,"[4000, 6000]",37.0,"['2025DCR\n01014\n', 'Photoqraphedby\nBHarter\n2025\n', 'SanteeCoastalReserve\nCharlestonCoSC\nEFLoPresti\n26February2025\nCaneTrap\n']","['2025DCR\n01014\n', '8\n2025\n', 'CR\nCCC\n262025\n\nC\n']","['2025PC\n01014\n', 'P\n8\n2025\n', 'CP\nCCC\nP\n262025\nC\n']",modelv1.0__2026-05-20 20:23:05
D:/moth_photos/database\batch_08\img_moth_00014931.jpg,"[4000, 6000]",37.0,"['2025DCR\n00864\n', 'Photoqraphedby\n8Horter\nr4040\n', 'SanteeCoastalReserve\nCharlestonCoSC\nEFLoPresti\n28March2025\nOrmondHallTrao\n']","['2025DCR\n00864\n', '8\n74040\n', 'CR\nCCC\n282025\n0\n']","['2025PC\n00864\n', 'P\n8\n74040\n', 'C\nCCC\nP\n282025\n0\n']",modelv1.0__2026-05-20 20:23:05
D:/moth_photos/database\batch_08\img_moth_00014932.jpg,"[4000, 6000]",36.692307692307686,"['e\n\nrightearmites\n\nEFL2024\n', '2025DCR\n01015\n', 'Photoqraphedby\nBHarter\n2025\n', 'SanteeCoastalReserve\nChanlestonCoSC\nEFLoPresti\n26Februarv2025\nCapeTrap\n']","['2024\n', '2025DCR\n01015\n', '8\n2025\n', 'CR\nCCC\n262025\n\nC\n']","['P2024\n', '2025C\n01015\n', 'P\n8\n2025\n', 'C\nCCC\nP\n262025\nC\n']",modelv1.0__2026-05-20 20:23:05
D:/moth_photos/database\batch_08\img_moth_00014933.jpg,"[4000, 6000]",36.8235294117647,"['2025DCR\n00865\n', 'Photoqraphedby\n8Harter\n2025\n', 'SanteeCoastalReserve\nCharlestonCo\nEFLoPrest\n28March2025\nOrmondHallTrao\n']","['2025DCR\n00865\n', '8\n2025\n', 'CR\nCC\n282025\n']","['2025C\n00865\n', 'P\n8\n2025\n', 'C\nCC\nP\n282025\n']",modelv1.0__2026-05-20 20:23:05
D:/moth_photos/database\batch_08\img_moth_00014934.jpg,"[4000, 6000]",36.94117647058823,"['2025DCR\n01016\n', 'Photoqraphedby\nBHarter\n2025\n', 'noearmites\nLoPresti 2025\n', 'Santee CoastalReserve\nChanestonVO\nEF LoPresti\n26Februarv 2025\nCapeTrap\n']","['2025DCR\n01016\n', '8\n2025\n', '2025\n', 'CR\nC9\n26 2025\nC\n']","['2025C\n01016\n', 'P\n8\n2025\n', 'P 2025\n', 'C\nC9\nP\n26 2025\nC\n']",modelv1.0__2026-05-20 20:23:05
D:/moth_photos/database\batch_08\img_moth_00014935.jpg,"[4000, 6000]",36.68627450980392,"['2025DCR\n00866\n', 'Photoqraphedby\n8BHarter\n2025\n', 'SanteeCoastalReserve\nChanestonCoSC\nEFLoPresti\n28March2025\n\nOrmond HallTrao\n']","['2025DCR\n00866\n', '0\n8\n2025\n', 'CR\nCCC\n282025\n']","['2025C\n00866\n', 'P0\n8\n2025\n', 'C\nCCC\nP\n282025\n']",modelv1.0__2026-05-20 20:23:05
D:/moth_photos/database\batch_08\img_moth_00014936.jpg,"[4000, 6000]",36.46153846153847,"['2025DCR\n01017\n', 'Photoqraphedby\nBHarter\n2025\n', 'noearmites\nELoPresti2025\n', 'SanteeCoastalReserve\nCharlestonCoSC\nEFLoPresti\n26Februarv2025\nCapeTrap\n']","['2025DCR\n01017\n', '8\n2025\n', '2025\n', 'CR\nCCC\n262025\n\nC\n']","['2025C\n01017\n', 'P\n8\n2025\n', 'P2025\n', 'C\nCCC\nP\n262025\nC\n']",modelv1.0__2026-05-20 20:23:05
D:/moth_photos/database\batch_08\img_moth_00014937.jpg,"[4000, 6000]",36.36538461538461,"['2025DCR\n00867\n', 'Photoqraphedby\n8Harter\n2025\n', 'SanteeCoastaiReserve\nChanlestonCoSC\nEFLoPresti\n28March2025\nOrmondHallTrao\n']","['2025DCR\n00867\n', '8\n2025\n', 'CR\nCC0C\n282025\n']","['2025C\n00867\n', 'P\n8\n2025\n', 'C\nCC0C\nP\n282025\n']",modelv1.0__2026-05-20 20:23:05
D:/moth_photos/database\batch_08\img_moth_00014938.jpg,"[4000, 6000]",36.5,"['Photoqraphedby\nBHarter\n2025\n', 'noearmites\nELoPresti2025\n', '', 'SanteeCoastalReserve\nCharlestonCoSC\nEFLoPresti\n26Februarv2025\nCapeTrap\n']","['8\n2025\n', '2025\n', '', 'CR\nCC0C\n262025\n\nC\n']","['P\n8\n2025\n', 'P2025\n', '', 'C\nCC0C\nP\n262025\nC\n']",modelv1.0__2026-05-20 20:23:05
D:/moth_photos/database\batch_08\img_moth_00014939.jpg,"[4000, 6000]",36.92156862745098,"['2025DCR\n00868\n', 'Photoqraphedby\n8Horter\n2025\n', 'SanteeCoastalReserve\nCharlestonCoSC\nEFLoPresti\n28March2025\nOrmondHallTrao\n']","['2025DCR\n00868\n', '0\n8\n2025\n', 'CR\nCCC\n282025\n']","['2025C\n00868\n', 'P0\n8\n2025\n', 'C\nCCC\nP\n282025\n']",modelv1.0__2026-05-20 20:23:05
D:/moth_photos/database\batch_08\img_moth_00014940.jpg,"[4000, 6000]",36.55769230769231,"['Photoqraphedby\nBHarter\n2025\n', 'SanteeCoastalReserve\nCharlestonCoSC\nEFLoPresti\n26February2025\nCapeTrap\n', '2025DCR\n01019\n', '']","['8\n2025\n', 'CR\nCCC\n262025\n\nC\n', '2025DCR\n01019\n', '']","['P\n8\n2025\n', 'CP\nCCC\nP\n262025\nC\n', '2025PC\n01019\n', '']",modelv1.0__2026-05-20 20:23:05
D:/moth_photos/database\batch_08\img_moth_00014941.jpg,"[4000, 6000]",36.98039215686274,"['Photoqraphedby\n8Harter\nr4040\n', '2025DCR\n00869\n', 'SanteeCoastalReserve\nChanestonCoSC\nEFLoPresti\n28March2025\nOrmondHallTrao\n']","['8\n74040\n', '2025DCR\n00869\n', 'CR\nCC0C\n282025\n']","['P\n8\n74040\n', '2025C\n00869\n', 'C\nCC0C\nP\n282025\n']",modelv1.0__2026-05-20 20:23:05
D:/moth_photos/database\batch_08\img_moth_00014942.jpg,"[4000, 6000]",36.57692307692308,"['2025DCR\n01020\n', 'Photoqgraphedby\nBHarter\n2025\n', 'Le\nnoearmites\nELoPresti2025\n', 'Santee CoastalReserve\nChanestonCoSC\nEFLoPresti\n26February2025\nCapeTrap\n']","['2025DCR\n01020\n', '8\n2025\n', '2025\n', 'CR\nCC0C\n262025\n\nC\n']","['2025C\n01020\n', 'P\n8\n2025\n', 'P2025\n', 'C\nCC0C\nP\n262025\nC\n']",modelv1.0__2026-05-20 20:23:05
D:/moth_photos/database\batch_08\img_moth_00014943.jpg,"[4000, 6000]",36.76470588235294,"['2025DCR\n00870\n', 'Photoqraphedby\n8Horter\n2025\n', 'SanteeCoastalReserve\nCharlestonCoSC\nEFLoPresti\n28March2025\nOrmondHallTrao\n']","['2025DCR\n00870\n', '8\n2025\n', 'CR\nCCC\n282025\n']","['2025C\n00870\n', 'P\n8\n2025\n', 'C\nCCC\nP\n282025\n']",modelv1.0__2026-05-20 20:23:05
D:/moth_photos/database\batch_08\img_moth_00014944.jpg,"[4000, 6000]",36.705882352941174,"['2025DCR\n01021\n', 'Photoqraphedby\nBHarter\n2025\n', 'noearmites\nELoPresti2025\n', 'SanteeCoastalReserve\nCharlestonCoSC\nEFLoPresti\n26Februarv2025\nCapeTrap\n']","['2025DCR\n01021\n', '8\n2025\n', 'C2025\n', 'CR\nCCC\n262025\nC\n']","['2025C\n01021\n', 'P\n8\n2025\n', 'CP2025\n', 'C\nCCC\nP\n262025\nC\n']",modelv1.0__2026-05-20 20:23:05
D:/moth_photos/database\batch_08\img_moth_00014945.jpg,"[4000, 6000]",36.84313725490196,"['2025DCR\n00871\n', 'Photoqraphedby\n8Horter\n2025\n', 'SanteeCoastalReserve\nCharestenCoSC\nEFLoPresti\n28March2025\nOrmondHallTrao\n']","['2025DCR\n00871\n', '8\n2025\n', 'CR\nCCC\n282025\n']","['2025C\n00871\n', 'P\n8\n2025\n', 'C\nCCC\nP\n282025\n']",modelv1.0__2026-05-20 20:23:05
D:/moth_photos/database\batch_08\img_moth_00014946.jpg,"[4000, 6000]",36.42307692307693,"['2025DCR\n01022\n', 'Photoqraphedby\n8Harter\n2025\n', 'noear mites\nE1oPresti2025\n', 'SanteeCoastalReserve\nChanrlestonCoSC\nEFLoPresti\n26Februarv2025\nCapeTrap\n']","['2025DCR\n01022\n', '8\n2025\n', '12025\n', 'CR\nCCC\n262025\n\nC\n']","['2025C\n01022\n', 'P\n8\n2025\n', '1P2025\n', 'C\nCCC\nP\n262025\nC\n']",modelv1.0__2026-05-20 20:23:05
D:/moth_photos/database\batch_08\img_moth_00014947.jpg,"[4000, 6000]",36.745098039215684,"['2025DCR\n00872\n', 'Photoqraphedby\nBHarter\n2025\n', 's4t4wdseeiiass\nSanteeCoastalReserve\nChnariestonCoSC\nEFLoPrest\n11Apnj2025\nCapeTrap\n']","['2025DCR\n00872\n', '0\n8\n2025\n', '44\nCR\nCCC\n112025\nC\n']","['2025C\n00872\n', 'P0\n8\n2025\n', '44\nC\nCCC\nP\n112025\nC\n']",modelv1.0__2026-05-20 20:23:05
D:/moth_photos/database\batch_08\img_moth_00014948.jpg,"[4000, 6000]",36.88235294117647,"['2025DCR\n01023\n', 'noearmites\nELoPresti2025\n', 'Photoqraphedby\nBHarter\n2025\n', 'SanteeCoastalReserve\nCharlestonCoSC\nEFLoPresti\n26Februarv2025\nCapeTrap\n']","['2025DCR\n01023\n', '2025\n', '8\n2025\n', 'CR\nCCC\n262025\n\nC\n']","['2025C\n01023\n', 'P2025\n', 'P\n8\n2025\n', 'C\nCCC\nP\n262025\nC\n']",modelv1.0__2026-05-20 20:23:05
D:/moth_photos/database\batch_08\img_moth_00014949.jpg,"[4000, 6000]",36.588235294117645,"['2025DCR\n00873\n', 'Photographedby\nBHarter\n2025\n', 'SanteeCoastalReserve\nCharlestonCoSC\nEFLoPresti\n41April2025\nCapeTrap\n']","['2025DCR\n00873\n', '8\n2025\n', 'CR\nCC0C\n412025\nC\n']","['2025C\n00873\n', 'P\n8\n2025\n', 'C\nCC0C\nP\n412025\nC\n']",modelv1.0__2026-05-20 20:23:05
D:/moth_photos/database\batch_08\img_moth_00014950.jpg,"[4000, 6000]",36.90196078431373,"['2025DCR\n01024\n', 'Photoqraphedby\n8Harter\n2025\n', 'SanteeCoastalReserve\nChanrestonCoSC\nEFLoPresti\n26Februaryv2025\nCapeTrap\n', 'noeat mites\ncvoprestl 2025\n']","['2025DCR\n01024\n', '8\n2025\n', 'CR\nCCC\n262025\n\nC\n', '0\n0 2025\n']","['2025C\n01024\n', 'P\n8\n2025\n', 'C\nCCC\nP\n262025\nC\n', '0\n0P 2025\n']",modelv1.0__2026-05-20 20:23:05
D:/moth_photos/database\batch_08\img_moth_00014951.jpg,"[4000, 6000]",36.627450980392155,"['2025DCR\n00874\n', 'Photoqraphedby\nBHarter\n2025\n', 'SanteeCoastalReserve\nChariestonCoSC\nEFLoPresti\n11April2025\nCap6Trap\n']","['2025DCR\n00874\n', '8\n2025\n', 'CR\nCCC\n112025\nC6\n']","['2025C\n00874\n', 'P\n8\n2025\n', 'C\nCCC\nP\n112025\nC6\n']",modelv1.0__2026-05-20 20:23:05
D:/moth_photos/database\batch_08\img_moth_00014952.jpg,"[4000, 6000]",36.5,"['9025DCRI\n01025\n', 'Photographedby\nBHarter\n2025\n', 'noearmites\nELoPresti2025\n', 'Santee CoastalReserve\nCharnestonUO\nEF LoPresti\n26Febfuarv 202\nCapeTrap\n\n']","['9025DCR\n01025\n', '8\n2025\n', 'C2025\n', 'CR\nC\n26 202\nC\n\n']","['9025PC\n01025\n', 'P\n8\n2025\n', 'CP2025\n', 'C\nC\nP\n26 202\nC\n\n']",modelv1.0__2026-05-20 20:23:05
D:/moth_photos/database\batch_08\img_moth_00014953.jpg,"[4000, 6000]",36.411764705882355,"['Photographedby\nBHarter\n2025\n', 'SSt\n025 pcr\n00875\n', 'Santee CoastalReserve\nCharlestonCo SC\nEFLoPresti\n41April2025\nCapeTrapd\n']","['8\n2025\n', '025 D\n00875\n', 'CR\nCC C\n412025\nC\n']","['P\n8\n2025\n', '025\n00875\n', 'C\nCC C\nP\n412025\nC\n']",modelv1.0__2026-05-20 20:23:05
D:/moth_photos/database\batch_08\img_moth_00014954.jpg,"[4000, 6000]",36.59615384615385,"['2025DCR\n01026\n', 'Photographedby\nBHarter\n2025\n', 'noearmites\nFLoPresti2025\n', 'SanteeCoastalReserve\nCharlestonCoSC\nEFLoPresti\n26Februarv2025\nCapeTrap\n\n']","['2025DCR\n01026\n', '8\n2025\n', '2025\n', 'CR\nCCC\n262025\n\nC\n\n']","['2025C\n01026\n', 'P\n8\n2025\n', 'P2025\n', 'C\nCCC\nP\n262025\nC\n\n']",modelv1.0__2026-05-20 20:23:05
D:/moth_photos/database\batch_08\img_moth_00014955.jpg,"[4000, 6000]",37.0,"['2025DCR\n00876\n', 'Photographedby\nBHarter\n2025\n', 'SanteeCoastalReserve\nCharlestonCoSC\nEFLoPresti\n11April2025\nCapeTrap\n']","['2025DCR\n00876\n', '8\n2025\n', 'CR\nCCC\n112025\nC\n']","['2025C\n00876\n', 'P\n8\n2025\n', 'C\nCCC\nP\n112025\nC\n']",modelv1.0__2026-05-20 20:23:05
D:/moth_photos/database\batch_08\img_moth_00014956.jpg,"[4000, 6000]",36.9607843137255,"['2025DCR\n01027\n', 'Photographedby\nBHarter\n2025\n', 'noearmites\nELoPresti2025\n', 'Sante\n\nCharlestonUS\n']","['2025DCR\n01027\n', 'R\n2025\n', '2025\n', 'C\n']","['2025C\n01027\n', 'P\n2025\n', 'P2025\n', 'C\n']",modelv1.0__2026-05-20 20:23:05
D:/moth_photos/database\batch_08\img_moth_00014957.jpg,"[4000, 6000]",36.84313725490196,"['2025DCR\n00877\n', 'Photoqraphedby\nBHarter\n2025\n', 'SanteeCoastalReserve\nChanestonCoSC\nEFLoPresti\n11April2025\nCapeTrap\n']","['2025DCR\n00877\n', '8\n2025\n', 'CR\nCCC\n112025\nC\n']","['2025C\n00877\n', 'P\n8\n2025\n', 'C\nCCC\nP\n112025\nC\n']",modelv1.0__2026-05-20 20:23:05
D:/moth_photos/database\batch_08\img_moth_00014958.jpg,"[4000, 6000]",36.5,"['2025DCR\n01028\n', 'Photoqraphedby\nBHarter\n2025\n', 'vanteeCoastalReserve\nCharlestonCoSC\nEFLoPresti\n26Februarv2025\nCollinsCreekTrap\n']","['2025DCR\n01028\n', '8\n2025\n', 'CR\nCCC\n262025\nCC\n']","['2025C\n01028\n', 'P\n8\n2025\n', 'C\nCCC\nP\n262025\nCC\n']",modelv1.0__2026-05-20 20:23:05
D:/moth_photos/database\batch_08\img_moth_00014959.jpg,"[4000, 6000]",36.56862745098039,"['2025DCR\n00878\n', 'Photoqraphedby\nBHarter\n2025\n', 'SanteeCoastalReserve\nCharlestonCoSC\nEF LoPresti\n11Aonl2025\nCapeTrap\n', 'noearmites\nELoPresti202\n']","['2025DCR\n00878\n', '8\n2025\n', 'CR\nCC0C\n112025\nC\n', '202\n']","['2025C\n00878\n', 'P\n8\n2025\n', 'C\nCC0C\nP\n112025\nC\n', 'P202\n']",modelv1.0__2026-05-20 20:23:05
D:/moth_photos/database\batch_08\img_moth_00014960.jpg,"[4000, 6000]",36.46153846153847,"['2025DCR\n01029\n', 'Photoqraphedby\nBHarter\n2025\n', 'San\n\nee Coastal Reserve\n\nCharleston\nFLO obrest\n\n26Febru 025\nCollins creek Trao\n\n']","['2025DCR\n01029\n', '8\n2025\n', 'C R\n\nC\n\n26 025\nC C\n\n']","['2025C\n01029\n', 'P\n8\n2025\n', 'C\n\nC\n\n26 025\nC C\n\n']",modelv1.0__2026-05-20 20:23:05
D:/moth_photos/database\batch_08\img_moth_00014961.jpg,"[4000, 6000]",36.49019607843137,"['2025DCR\n00879\n', 'Photoqraphedby\nBHarter\n2025\n', 'SanteeCoastalReserve\nCharlestonCoSC\nEFLoPresti\n21Aopril2025\namesCaneTrapBRIDGET\n\n']","['2025DCR\n00879\n', '8\n2025\n', 'CR\nCCC\n212025\nCRD\n\n']","['2025C\n00879\n', 'P\n8\n2025\n', 'C\nCCC\nP\n212025\nC\n\n']",modelv1.0__2026-05-20 20:23:05
D:/moth_photos/database\batch_08\img_moth_00014962.jpg,"[4000, 6000]",37.01960784313725,"['9025DCR\n01030\n', 'Photoqraphedby\nBHarter\n2025\n', 'SanteeCoastalReserve\nCharlestonCoSC\nEFLoPresti\n26Febryarv2025\nCollinsCreekTrap\n']","['9025DCR\n01030\n', '8\n2025\n', 'CR\nCCC\n262025\nCC\n']","['9025C\n01030\n', 'P\n8\n2025\n', 'C\nCCC\nP\n262025\nCC\n']",modelv1.0__2026-05-20 20:23:05
D:/moth_photos/database\batch_08\img_moth_00014963.jpg,"[4000, 6000]",36.666666666666664,"['2025DCRI\n00880\n', 'Photoqraphedby\nBHarter\n2025\n', 'aE\nSantee CoastalReserve\nCharleston Co\nEF LoPresti\n24April 2025\nJamesCane Trap BRIDGET\n']","['2025DCR\n00880\n', '8\n2025\n', 'CR\nC C\n\n24 2025\n\nC RRDC\n']","['2025C\n00880\n', 'P\n8\n2025\n', 'C\nC C\nP\n24 2025\nC C\n']",modelv1.0__2026-05-20 20:23:05
D:/moth_photos/database\batch_08\img_moth_00014964.jpg,"[4000, 6000]",36.57692307692308,"['3025DCR\n01031\n', 'Photographedby\nBHarter\n2025\n', 'fa\nSanteeCoastalReserve\nCharlestonCoSC\nEFLoPresti\n26Februarv2025\nCollinsCreekTrao\n\n']","['3025DCR\n01031\n', 'R\n2025\n', 'CR\nCCC\n262025\nCC\n\n']","['3025C\n01031\n', 'P\n2025\n', 'C\nCCC\nP\n262025\nCC\n\n']",modelv1.0__2026-05-20 20:23:05
D:/moth_photos/database\batch_08\img_moth_00014965.jpg,"[4000, 6000]",36.56862745098039,"['Photographedby\nBHarter\n2025\n', '2025DCR\n00881\n\n', 'SanteeCoastalReserve\nCharlestonCoSC\nEFLoPresti\n21April2025\namesCaneTrap BRIDGET\n']","['8\n2025\n', '2025DCR\n00881\n\n', 'CR\nCCC\n212025\nC RRD\n']","['P\n8\n2025\n', '2025C\n00881\n\n', 'C\nCCC\nPP\n212025\nC\n']",modelv1.0__2026-05-20 20:23:05
D:/moth_photos/database\batch_08\img_moth_00014966.jpg,"[4000, 6000]",36.88235294117647,"['2025DCR\n01032\n', 'Photoqraphedby\nBHarter\n2025\n', 'SanteeCoastalReserve\nCharlestonCoSC\nEFLoPresti\n26Februarv2025\nLiveOakTrap\n']","['2025DCR\n01032\n', '8\n2025\n', 'CR\nCCC\n262025\n']","['2025C\n01032\n', 'P\n8\n2025\n', 'C\nCCC\nP\n262025\n']",modelv1.0__2026-05-20 20:23:05
D:/moth_photos/database\batch_08\img_moth_00014967.jpg,"[4000, 6000]",36.98,"['2025DCR\n00882\n', 'Photographedby\nBHarter\n2025\n', 'Santee Coastal Reserve\nCharlestonU9\nEF LoPrest\nJames CaneTrap BRIDGET\n']","['2025DCR\n00882\n', 'R\n2025\n', 'C R\nC9\nC RRDC\n']","['2025C\n00882\n', 'P\n2025\n', 'C\nC9\nP\nC PC\n']",modelv1.0__2026-05-20 20:23:05
D:/moth_photos/database\batch_08\img_moth_00014968.jpg,"[4000, 6000]",37.03921568627451,"['2025DCRI\n01033\n', 'Photoqraphedby\nBHarter\n2025\n', 'SanteeCoastalReserve\nCharlestonCoSC\nEFLoPresti\n26Februarv2025\nLiveOakTrao\n']","['2025DCR\n01033\n', '8\n2025\n', 'CR\nCCC\nC\n262025\nC\n']","['2025PC\n01033\n', 'P\n8\n2025\n', 'C\nCCC\nCP\n262025\nC\n']",modelv1.0__2026-05-20 20:23:05
D:/moth_photos/database\batch_08\img_moth_00014969.jpg,"[4000, 6000]",36.76470588235294,"['2025DCR\n00883\n', 'Photoqraphedby\nBHarter\n2025\n', 'SanteeCoastalReserve\nCharlestonCo\nEFLoPresti\n21April2025\nJamesCaneTrap BRIDGET\n', 'noear mites\nELoPresti2025\n']","['2025DCR\n00883\n', '8\n2025\n', 'CR\nCC\n212025\nC RDC\n', '2025\n']","['2025C\n00883\n', 'P\n8\n2025\n', 'C\nCC\nP\n212025\nC C\n', 'P2025\n']",modelv1.0__2026-05-20 20:23:05
D:/moth_photos/database\batch_08\img_moth_00014970.jpg,"[4000, 6000]",36.34615384615385,"['2025DCR\n01034\n', 'Photoqraphedby\nBHarter\n2025\n', 'SanteeCoastalReserve\nChariestonCoSC\nEFLoPresti\n26Februarv2025\nLiveOakTrap\n']","['2025DCR\n01034\n', '8\n2025\n', 'CR\nCCC\n262025\n0\n']","['2025C\n01034\n', 'P\n8\n2025\n', 'C\nCCC\nP\n262025\n0\n']",modelv1.0__2026-05-20 20:23:05
D:/moth_photos/database\batch_08\img_moth_00014971.jpg,"[4000, 6000]",36.96,"['2025DCR\n00884\n', 'Photographedby\nBHarter\n2025\n', 'noearmites\nFLoPresti2025\n', 'SanteeCoastalReserve\nCharlestonCoSC\nEFLoPresti\n21April2025\nJamesCaneTrapBRIDGET\n']","['2025DCR\n00884\n', '8\n2025\n', '2025\n', 'CR\nCCC\n212025\nCRD\n']","['2025C\n00884\n', 'P\n8\n2025\n', 'P2025\n', 'C\nCCC\nP\n212025\nCP\n']",modelv1.0__2026-05-20 20:23:05
D:/moth_photos/database\batch_08\img_moth_00014972.jpg,"[4000, 6000]",36.57692307692308,"['2025DCR\n01035\n', 'Photoqraphedby\nBHarter\n2025\n', 'SanteeCoastalReserve\nCharlestonCoSC\nEFLoPresti\n26Februarv2025\nLiveOakTrap\n']","['2025DCR\n01035\n', '8\n2025\n', 'CR\nCCC\n262025\n']","['2025C\n01035\n', 'P\n8\n2025\n', 'C\nCCC\nP\n262025\n']",modelv1.0__2026-05-20 20:23:05
D:/moth_photos/database\batch_08\img_moth_00014973.jpg,"[4000, 6000]",36.529411764705884,"['2025DCR\n00885\n', 'Photographedby\nBHarter\n2025\n', 'SanteeCoastalReserve\nCharlestonCoSC\nEFLoPrsti\n\n28March2025\nCollinsCreekTrap\n']","['2025DCR\n00885\n', '8\n2025\n', 'CR\nCCC\n282025\nCC\n']","['2025C\n00885\n', 'P\n8\n2025\n', 'C\nCCC\nPP\n\n282025\nCC\n']",modelv1.0__2026-05-20 20:23:05
D:/moth_photos/database\batch_08\img_moth_00014974.jpg,"[4000, 6000]",36.34615384615385,"['Photoqraphedby\nBHarter\n2025\n', '2025DCR\n01036\n', 'SanteeCoastalReserve\nCharlestonCoSC\nEFlLoPresti\n26Februarv2025\nLiveOakTrapo\n']","['8\n2025\n', '2025DCR\n01036\n', 'CR\nCCC\n262025\n\n0\n']","['P\n8\n2025\n', '2025PC\n01036\n', 'C\nCCC\nP\n262025\n0\n']",modelv1.0__2026-05-20 20:23:05
D:/moth_photos/database\batch_08\img_moth_00014975.jpg,"[4000, 6000]",37.059999999999995,"['2025DCR\n00886\n', 'Photographedby\nBHarter\n2025\n', 'ee\nSanteeCoastalReserve\nCharlestonCoSC\nEFLoPresti\n28March2025\nCapeTrap\n\n']","['2025DCR\n00886\n', '8\n2025\n', 'CR\nCCC\n282025\nC\n\n']","['2025C\n00886\n', 'P\n8\n2025\n', 'C\nCCC\nPP\n282025\nC\n\n']",modelv1.0__2026-05-20 20:23:05
D:/moth_photos/database\batch_08\img_moth_00014976.jpg,"[4000, 6000]",36.42307692307693,"['Sllts\n\n3025DCRI\n01037\n', 'Photoqraphedby\n8Harter\n2025\n', 'SanteeCoastalReserve\nCharlestonCoSC\nEFLoPresti\n26Februerv2025\nLiveOakTrap\n']","['3025DCR\n01037\n', '8\n2025\n', 'CR\nCCC\n262025\n']","['3025PC\n01037\n', 'P\n8\n2025\n', 'CP\nCCC\nP\n262025\n']",modelv1.0__2026-05-20 20:23:05
D:/moth_photos/database\batch_08\img_moth_00014977.jpg,"[4000, 6000]",36.86274509803921,"['2025DCR\n00887\n', 'Photographedby\nBHarter\n2025\n', 'SanteeCoastalReserve\nCharlestonCoSC\nEFLoPresti\n28March2025\nCapeTrap\n']","['2025DCR\n00887\n', '8\n2025\n', 'CR\nCCC\n282025\nC\n']","['2025C\n00887\n', 'P\n8\n2025\n', 'C\nCCC\nP\n282025\nC\n']",modelv1.0__2026-05-20 20:23:05
D:/moth_photos/database\batch_08\img_moth_00014978.jpg,"[4000, 6000]",36.55769230769231,"['2025DCR\n01038\n', 'Photographedby\nBHarter\n2025\n', 'SanteeCoastalReserve\nCharlestonCoSC\nEFLoPresti\n26Februarv2025\nLiveOakTrap\n']","['2025DCR\n01038\n', '8\n2025\n', 'CR\nCCC\n262025\n']","['2025C\n01038\n', 'P\n8\n2025\n', 'C\nCCC\nP\n262025\n']",modelv1.0__2026-05-20 20:23:05
D:/moth_photos/database\batch_08\img_moth_00014979.jpg,"[4000, 6000]",36.529411764705884,"['2025DCR\n00888\n', 'Photoqraphedby\nBHarter\n2025\n', 'a\nSanteeCoastalReserve\nCharlestonCoSC\nEFLoPresti\n28March2025\nCapeTrap\n']","['2025DCR\n00888\n', 'R\n2025\n', 'CR\nCCC\n282025\nC\n']","['2025C\n00888\n', 'P\n2025\n', 'C\nCCC\nP\n282025\nC\n']",modelv1.0__2026-05-20 20:23:05
D:/moth_photos/database\batch_08\img_moth_00014980.jpg,"[4000, 6000]",36.34615384615385,"['2025DCR\n01039\n', 'Photoqraphedby\nBHarter\n2025\n', 'SanteeCoastalReserve\nCharlestonCoSC\nEFLoPresti\n26Februarv2025\nLiveOak Trap\n']","['2025DCR\n01039\n', '8\n2025\n', 'CR\nCCC\n262025\n']","['2025C\n01039\n', 'P\n8\n2025\n', 'C\nCCC\nP\n262025\n']",modelv1.0__2026-05-20 20:23:05
D:/moth_photos/database\batch_08\img_moth_00014981.jpg,"[4000, 6000]",36.55769230769231,"['2025DCR\n00889\n', 'Photographedby\nBHarter\n2025\n', 'SanteeCoastalReserve\nCharlestonCoSC\nEFLoPresti\n28March2025\nCapeTrap\n']","['2025DCR\n00889\n', '8\n2025\n', 'CR\nCCC\n282025\nC\n']","['2025C\n00889\n', 'P\n8\n2025\n', 'CP\nCCC\nP\n282025\nC\n']",modelv1.0__2026-05-20 20:23:05
D:/moth_photos/database\batch_08\img_moth_00014982.jpg,"[4000, 6000]",36.34615384615385,"['2025DCR\n01040\n', 'Photoqraphedby\nBHarter\n2025\n', 'SanteeCoastalReserve\nCharlestonCoSC\nEFLoPresti\n26Februarv2025\n\nLiveOakTrap\n']","['2025DCR\n01040\n', '8\n2025\n', 'CR\nCC0C\n262025\n']","['2025C\n01040\n', 'P\n8\n2025\n', 'C\nCC0C\nP\n262025\n']",modelv1.0__2026-05-20 20:23:05
D:/moth_photos/database\batch_08\img_moth_00014983.jpg,"[4000, 6000]",36.480769230769226,"['2025DCR\n00890\n', 'Photoqraphedby\n8Harter\n7404e\n', 'SanteeCoastal Reserve\nCharlestgnCoSC\nEFLoPresti\n28March2025\nCapeTrap\n']","['2025DCR\n00890\n', '8\n74040\n', 'C R\nCCC\n282025\nC\n']","['2025C\n00890\n', 'P\n8\n74040\n', 'C\nCCC\nP\n282025\nC\n']",modelv1.0__2026-05-20 20:23:05
D:/moth_photos/database\batch_08\img_moth_00014984.jpg,"[4000, 6000]",37.03921568627451,"['2025DCR\n01041\n', 'noearmites\nFLoPresti2025\n', 'Photoqraphedby\nBHarter\n2025\n', 'SanteeCoastalReserve\nCharlestonCoSC\nEFLoPresti\n26Februarv2025\nLiveOakTrap\n']","['2025DCR\n01041\n', '2025\n', 'R\n2025\n', 'CR\nCCC\n262025\n']","['2025C\n01041\n', 'P2025\n', 'P\n2025\n', 'C\nCCC\nP\n262025\n']",modelv1.0__2026-05-20 20:23:05
D:/moth_photos/database\batch_08\img_moth_00014985.jpg,"[4000, 6000]",36.519230769230774,"['2025DCR\n00891\n', 'Photoqraphedby\nBHarter\n2025\n', 'Ll\nSanteeCoastalReserve\nCharestonCo\nEF LoPresti\n28March 2025\nCapeTrap\n\n']","['2025DCR\n00891\n', '8\n2025\n', 'CR\nCC\n28 2025\nC\n\n']","['2025C\n00891\n', 'P\n8\n2025\n', 'C\nCC\nP\n28 2025\nC\n\n']",modelv1.0__2026-05-20 20:23:05
D:/moth_photos/database\batch_08\img_moth_00014986.jpg,"[4000, 6000]",36.46153846153847,"['2025DCR\n01042\n', 'noear mites\nELoPresti2025\n', 'Photographedby\nBHarter\n2025\n', 'SanteeCoastalReserve\nCharlestonCoSC\nEFLoPresti\n26Februarv2025\nLiveOakTrap\n\n']","['2025DCR\n01042\n', '2025\n', 'R\n2025\n', 'CR\nCCC\nR\n262025\n\n']","['2025C\n01042\n', 'P2025\n', 'P\n2025\n', 'C\nCCC\nP\n262025\n\n']",modelv1.0__2026-05-20 20:23:05
D:/moth_photos/database\batch_08\img_moth_00014987.jpg,"[4000, 6000]",36.44230769230769,"['2025DCR\n00892\n', 'Photoqraphedby\nBHarter\n2025\n', 'SanteeCoastalReserve\nCharlestonCoSC\nEFLoPresti\n28March2025\nCapeTrap\n']","['2025DCR\n00892\n', '8\n2025\n', 'CR\nCCC\n282025\nC\n']","['2025PC\n00892\n', 'P\n8\n2025\n', 'C\nCCC\nP\n282025\nC\n']",modelv1.0__2026-05-20 20:23:05
D:/moth_photos/database\batch_08\img_moth_00014988.jpg,"[4000, 6000]",36.53846153846154,"['2025DCRI\n91043\n', 'Photoqraphedby\n8Harter\n2025\n', 'SanteeCoastalReserve\nCharlestonCoSC\nEFLoPresti\n26Februarv2025\nLiveOakTrao\n', 'noear mites\nELoPresti2025\n']","['2025DCR\n91043\n', '8\n2025\n', 'CR\nCCC\n262025\nC\n', '2025\n']","['2025C\n91043\n', 'P\n8\n2025\n', 'C\nCCC\nP\n262025\nC\n', 'P2025\n']",modelv1.0__2026-05-20 20:23:05
D:/moth_photos/database\batch_08\img_moth_00014989.jpg,"[4000, 6000]",36.730769230769226,"['2025DCR\n00893\n', 'Photographedby\nBHarter\n2025\n', 'SanteeCoastalReserve\nCharlestonCoSC\nEFLoPresti\n28March2025\nCapeTrap\n', 'noearmites\nELoPresti2025\n']","['2025DCR\n00893\n', '8\n2025\n', 'CR\nCCC\n282025\nC\n', '2025\n']","['2025PC\n00893\n', 'P\n8\n2025\n', 'CP\nCCC\nP\n282025\nC\n', 'P2025\n']",modelv1.0__2026-05-20 20:23:05
D:/moth_photos/database\batch_08\img_moth_00014990.jpg,"[4000, 6000]",36.63461538461539,"['2025DCR\n01044\n', 'Photoqraphedby\nBHarter\n2025\n', 'noearmites\nELoPresti2025\n', 'SanteeCoastal Reserve\nCharlestonCoSC\nEFLoPresti\n26Februarv2025\nLiveOakTrap\n']","['2025DCR\n01044\n', '8\n2025\n', '2025\n', 'C R\nCCC\n262025\n\n0\n']","['2025C\n01044\n', 'P\n8\n2025\n', 'P2025\n', 'C\nCCC\nP\n262025\n0\n']",modelv1.0__2026-05-20 20:23:05
D:/moth_photos/database\batch_08\img_moth_00014991.jpg,"[4000, 6000]",36.692307692307686,"['00894\n\n2025 DCR\n', 'Photographedby\nBHarter\n2025\n', 'noearmites\nELoPresti2025\n', 'SanteeCoastalReserve\nCharlestonCoSC\nEFLoPresti\n28March2025\nCapeTrap\n']","['00894\n\n2025 DCR\n', '8\n2025\n', 'C2025\n', 'CR\nCCC\n282025\nC\n']","['00894\n\n2025 C\n', 'P\n8\n2025\n', 'CP2025\n', 'C\nCCC\nP\n282025\nC\n']",modelv1.0__2026-05-20 20:23:05
D:/moth_photos/database\batch_08\img_moth_00014992.jpg,"[4000, 6000]",37.0,"['2025DCR\n01045\n', 'Photoqraphedby\nBHarter\n2025\n', 'SanteeCoastalKeserve\nCharestonCoSC\nEFLoPresti\n26February2025\nGatorRoadTrao\n']","['2025DCR\n01045\n', '8\n2025\n', 'CR\nCCC\n262025\n\nR\n']","['2025C\n01045\n', 'P\n8\n2025\n', 'C\nCCC\nP\n262025\n']",modelv1.0__2026-05-20 20:23:05
D:/moth_photos/database\batch_08\img_moth_00014993.jpg,"[4000, 6000]",36.519230769230774,"['2025DCR\n00895\n', 'Photoqraphedby\nBHarter\n2025\n', 'noearmites\nELoPresti2025\n', 'CSe\nSanteeCoastal Reserve\nChanestonCoSC\nEFLoPresti\n28March2025\nCapeTrap\n']","['2025DCR\n00895\n', '8\n2025\n', '2025\n', 'C\nC R\nCC0C\nC\n282025\nC\n']","['2025C\n00895\n', 'P\n8\n2025\n', 'P2025\n', 'C\nC\nCC0C\nCP\n282025\nC\n']",modelv1.0__2026-05-20 20:23:05
D:/moth_photos/database\batch_08\img_moth_00014994.jpg,"[4000, 6000]",37.03921568627451,"['2025DCR\n01046\n', 'Photoqraphedby\nBHarter\n2025\n', 'SanteeCoastalReserve\nCharlestonCoSC\nEFLoPresti\n25Februarv2025\n\nJamesCanebrakeTrap\n']","['2025DCR\n01046\n', '8\n2025\n', 'CR\nCCC\n252025\n\nC\n']","['2025C\n01046\n', 'P\n8\n2025\n', 'C\nCCC\nP\n252025\n\nC\n']",modelv1.0__2026-05-20 20:23:05
D:/moth_photos/database\batch_08\img_moth_00014995.jpg,"[4000, 6000]",37.0,"['2025DCR\n00896\n', 'Photoqraphedby\nBHarter\n2025\n', 'SanteeCoastalReserve\nCharlestonCoSC\nEFLoPresti\n28March2025\nCapeTrap\n', 'noearmites\nE LoPresti2025\n']","['2025DCR\n00896\n', '8\n2025\n', 'CR\nCCC\n282025\nC\n', '0\n2025\n']","['2025PC\n00896\n', 'P\n8\n2025\n', 'C\nCCC\nP\n282025\nC\n', '0\nP2025\n']",modelv1.0__2026-05-20 20:23:05
D:/moth_photos/database\batch_08\img_moth_00014996.jpg,"[4000, 6000]",36.92156862745098,"['3025DCR\n01047\n', 'Photoqraphedby\nBHarter\n2025\n', 'SanteeCoastalReserve\nCharlestonCo SC\nEFLoPresti\n25Febtuarv2025\nJames CanebrakeTrap\n']","['3025DCR\n01047\n', '8\n2025\n', 'CR\n\nCC C\n\n252025\nC\n']","['3025PC\n01047\n', 'P\n8\n2025\n', 'C\nCC C\nP\n252025\nC\n']",modelv1.0__2026-05-20 20:23:05
D:/moth_photos/database\batch_08\img_moth_00014997.jpg,"[4000, 6000]",36.7843137254902,"['Photoqraphedby\n8Harter\n2025\n', '2025DCR\n00897\n', 'santeeCoastalReserve\nCharlestonCoSC\nEFLoPresti\n28March2025\nCapeTrao\n', 'noearmites\nELoPresti2025\n']","['8\n2025\n', '2025DCR\n00897\n', 'CR\nCC0C\n282025\nC\n', '2025\n']","['P\n8\n2025\n', '2025C\n00897\n', 'C\nCC0C\nP\n282025\nC\n', 'P2025\n']",modelv1.0__2026-05-20 20:23:05
D:/moth_photos/database\batch_08\img_moth_00014998.jpg,"[4000, 6000]",36.92156862745098,"['2025DCR\n01048\n', 'Photoqraphedby\nBHarter\n2025\n', 'SanteeCoastalReserve\nCharlestonCoSC\nEFLoPresti\n26February2025\nCvpressTrap\n']","['2025DCR\n01048\n', '8\n2025\n', 'CR\nCCC\nC\n262025\nC\n']","['2025C\n01048\n', 'P\n8\n2025\n', 'C\nCCC\nCP\n262025\nC\n']",modelv1.0__2026-05-20 20:23:05
D:/moth_photos/database\batch_08\img_moth_00014999.jpg,"[4000, 6000]",36.46153846153847,"['es\n\n2025DCR\n00898\n', 'Photoqraphedby\nBHarter\n2025\n', 'noearmites\nELoPresti2025\n', 'SanteeCoastalReserve\nCharlestonCoSC\nEFLoPresti\n28March2025\nCapeTrap\n']","['2025DCR\n00898\n', '8\n2025\n', '2025\n', 'CR\nCCC\n282025\nC\n']","['2025C\n00898\n', 'P\n8\n2025\n', 'P2025\n', 'C\nCCC\nP\n282025\nC\n']",modelv1.0__2026-05-20 20:23:05
D:/moth_photos/database\batch_08\img_moth_00015000.jpg,"[4000, 6000]",36.40384615384615,"['2025DCR\n01049\n', 'Photoqraphedby\n8Harter\n2025\n', 'SanteeCoastalReserve\nCharlestonCoSC\nEFLoPresti\n26Februarv2025\nCvoressTrap\n']","['2025DCR\n01049\n', '8\n2025\n', 'CR\nCCC\n262025\nC\n']","['2025C\n01049\n', 'P\n8\n2025\n', 'C\nCCC\nP\n262025\nC\n']",modelv1.0__2026-05-20 20:23:05
D:/moth_photos/database\batch_08\img_moth_00015001.jpg,"[4000, 6000]",36.34615384615385,"['2025DCR\n00899\n', 'Photoqraphedby\nBHarter\n2025\n', 'SanteeCoastalReserve\nChanestonCoSC\nEFLoPresti\n28March2025\nCapeTrap\n', 'noearmites\nELoPresti2025\n\n']","['2025DCR\n00899\n', '8\n2025\n', 'CR\nCCC\n282025\nC\n', '2025\n\n']","['2025C\n00899\n', 'P\n8\n2025\n', 'C\nCCC\nP\n28W2025\nC\n', 'P2025\n\n']",modelv1.0__2026-05-20 20:23:05
D:/moth_photos/database\batch_08\img_moth_00015002.jpg,"[4000, 6000]",36.32692307692307,"['2025DCR\n01050\n', 'Photoqraphedby\n8Horter\n2025\n', 'SanteeCoastalReserve\nCharlestonCoSC\nEFLoPresti\n26Febfuary2025\nCvoressTraop\n']","['2025DCR\n01050\n', '8\n2025\n', 'CR\nCC0C\n262025\n\nC\n']","['2025C\n01050\n', 'P\n8\n2025\n', 'CP\nCC0C\nP\n262025\nC\n']",modelv1.0__2026-05-20 20:23:05
D:/moth_photos/database\batch_08\img_moth_00015003.jpg,"[4000, 6000]",36.38461538461538,"['Photoqraphedby\nBHarter\n2025\n', '2025DCR\n00900\n', 'SanteeCoastalReserve\nCharlestonCoSC\nEFLoPresti\n28March2025\nCapeTrap\n', 'noearmites\nELoPresti2025\n']","['8\n2025\n', '2025DCR\n00900\n', 'CR\nCCC\n282025\nC\n', '2025\n']","['P\n8\n2025\n', '2025C\n00900\n', 'C\nCCC\nPP\n282025\nC\n', 'P2025\n']",modelv1.0__2026-05-20 20:23:05
D:/moth_photos/database\batch_08\img_moth_00015004.jpg,"[4000, 6000]",37.03921568627451,"['Photoqraphedby\nBHarter\n2025\n', '2025DCR\n01051\n\n', 'SanteeCoastalReserve\nCharlestonCoSC\nEFLoPresti\n26Februarv2025\nCvoressTrap\n']","['8\n2025\n', '2025DCR\n01051\n\n', 'CR\nCCC\n262025\n\nC\n']","['P\n8\n2025\n', '2025PC\n01051\n\n', 'C\nCCC\nP\n262025\nC\n']",modelv1.0__2026-05-20 20:23:05
D:/moth_photos/database\batch_08\img_moth_00015005.jpg,"[4000, 6000]",36.34615384615385,"['2025DCR\n00901\n', 'Photoqraphedby\nBHarter\n2025\n', 'noearmites\nELoPresti2025\n', 'oanteeCoastalReserve\nChanlestonCoSC\nEFLoPresti\n28March2025\nCapeTrap\n']","['2025DCR\n00901\n', '8\n2025\n', '2025\n', 'CR\nCCC\n282025\nC\n']","['2025C\n00901\n', 'P\n8\n2025\n', 'P2025\n', 'C\nCCC\nP\n282025\nC\n']",modelv1.0__2026-05-20 20:23:05
D:/moth_photos/database\batch_08\img_moth_00015006.jpg,"[4000, 6000]",36.42307692307693,"['9025DCR\n\n01052\n', 'Photoqraphedby\nBHarter\n2025\n', 'SanteeCoastalReserve\nCharlestonCoSC\nEFLoPresti\n26February2025\nCvpressTrap\n']","['9025DCR\n\n01052\n', '8\n2025\n', 'CR\nCCC\n262025\n\nC\n']","['9025C\n\n01052\n', 'P\n8\n2025\n', 'C\nCCC\nP\n262025\nC\n']",modelv1.0__2026-05-20 20:23:05
D:/moth_photos/database\batch_08\img_moth_00015007.jpg,"[4000, 6000]",36.42307692307693,"['2025DCR\n00902\n', 'Photoqraphedby\nBHarter\n2025\n', 'noearmites\nELoPresti2025\n', 'santeeCoastalReserve\nCharlestonCoSC\nEFLoPresti\n28March2025\nCapeTrao\n']","['2025DCR\n00902\n', '8\n2025\n', '2025\n', 'CR\nCCC\n282025\nC\n']","['2025C\n00902\n', 'P\n8\n2025\n', 'P2025\n', 'C\nCCC\nP\n282025\nC\n']",modelv1.0__2026-05-20 20:23:05
D:/moth_photos/database\batch_08\img_moth_00015008.jpg,"[4000, 6000]",37.03921568627451,"['2025DCR\nQ1053\n', 'Photoqraphedby\nBHarter\n2025\n', 'SanteeCoastalReserve\nCharlestonCoSC\nEFLoPresti\n26Februarv2025\nCvpressTrap\n']","['2025DCR\n91053\n', '8\n2025\n', 'CR\nCCC\n262025\nC\n']","['2025C\n91053\n', 'P\n8\n2025\n', 'C\nCCC\nP\n262025\nC\n']",modelv1.0__2026-05-20 20:23:05
D:/moth_photos/database\batch_08\img_moth_00015009.jpg,"[4000, 6000]",37.01960784313725,"['Photoqraphedby\nBHarter\n2025\n', '2025 pcr\n90903\n', 'SanteeCoastalReserve\nCharlestonCoSC\nEFleoPresti\n28March2025\nCapeTrap\n', 'OOhMtiO\nELoPresti 2025\nl\n']","['8\n2025\n', '2025 CR\n90903\n', 'CR\nCCC\n282025\nC\n', 'C\n2025\n']","['P\n8\n2025\n', '2025 C\n90903\n', 'C\nCCC\nP\n282025\nC\n', 'C\nP 2025\n']",modelv1.0__2026-05-20 20:23:05
D:/moth_photos/database\batch_08\img_moth_00015010.jpg,"[4000, 6000]",36.55769230769231,"['2025DCR\n01054\n', 'Photoqraphedby\nBHarter\n2025\n', 'SanteeCoastalReserve\nChariestonCoSC\nEFLoPresti\n26February2025\nCvypressTrap\n']","['2025DCR\n01054\n', '8\n2025\n', 'CR\nCCC\n262025\n\nC\n']","['2025C\n01054\n', 'P\n8\n2025\n', 'C\nCCC\nP\n262025\nC\n']",modelv1.0__2026-05-20 20:23:05
D:/moth_photos/database\batch_08\img_moth_00015011.jpg,"[4000, 6000]",36.480769230769226,"['2025DCR\n00904\n', 'Photoqraphedby\n8Harter\n2025\n', 'santeeCoastalReserve\nCharnestonCoSC\nELoPresti\n28March2025\nCapeTrap\n', 'noearmites\nELoPresti2025\n']","['2025DCR\n00904\n', '8\n2025\n', 'CR\nCCC\n282025\nC\n', '0\n2025\n']","['2025C\n00904\n', 'P\n8\n2025\n', 'C\nCCC\nP\n282025\nC\n', '0\nP2025\n']",modelv1.0__2026-05-20 20:23:05
D:/moth_photos/database\batch_08\img_moth_00015012.jpg,"[4000, 6000]",36.38461538461538,"['2025DCR\n01055\n', 'Photoqraphedby\n8Harter\n2025\n', 'noearmites\nELoPresti2025\n', 'Ee\nSanteeCoastalReserve\nCharlest6nCoSC\nEFLoPresti\n26Februarv2025\nCvoressTrap\n']","['2025DCR\n01055\n', '8\n2025\n', '2025\n', 'CR\nC6CC\n262025\n\nC\n']","['2025C\n01055\n', 'P\n8\n2025\n', 'P2025\n', 'C\nC6CC\nP\n262025\nC\n']",modelv1.0__2026-05-20 20:23:05
D:/moth_photos/database\batch_08\img_moth_00015013.jpg,"[4000, 6000]",36.44230769230769,"['2025DCR\n00905\n', 'Photoqraphedby\nBHarter\n2025\n', 'noearmites\nELoPresti2025\n', 'SanteeCoastalReserve\nCharlestonCoSC\nEFLoPresti\n28March2025\nCapeTrap\n']","['2025DCR\n00905\n', '8\n2025\n', 'R2025\n', 'CR\nCCC\n282025\nC\n']","['2025C\n00905\n', 'P\n8\n2025\n', 'P2025\n', 'C\nCCC\nP\n282025\nC\n']",modelv1.0__2026-05-20 20:23:05
D:/moth_photos/database\batch_08\img_moth_00015014.jpg,"[4000, 6000]",36.57692307692308,"['9025DCR\n91056\n', 'Photographedby\nBHarter\n2025\n', 'noearmites\nELoPresti2025\n', 'Santee Coastal Reserve\n\nCharleston Co\nEF LoPresti\n\n26February 20\nCvoressTrap\n\nUULU\n']","['9025DCR\n91056\n', '8\n2025\n', '2025\n', 'C R\n\nC C\n26 20\nC1\n']","['9025PC\n91056\n', 'P\n8\n2025\n', 'P2025\n', 'C\n\nC C\nP\n26 20\nC1\n']",modelv1.0__2026-05-20 20:23:05
D:/moth_photos/database\batch_08\img_moth_00015015.jpg,"[4000, 6000]",36.8235294117647,"['2025DCR\n00906\n', 'Photoqraphedby\nBHarter\n2025\n', 'a\nnoearmites\nELoPresti2025\n', 'SanteeCoastalReserve\nCharlestonCoSC\nEFLoPresti\n28March2025\nCapeTrap\n']","['2025DCR\n00906\n', '8\n2025\n', '2025\n', 'CR\nCCC\n282025\nC\n']","['2025C\n00906\n', 'P\n8\n2025\n', 'P2025\n', 'C\nCCC\nP\n282025\nC\n']",modelv1.0__2026-05-20 20:23:05
D:/moth_photos/database\batch_08\img_moth_00015016.jpg,"[4000, 6000]",36.57692307692308,"['2025DCR\n01057\n', 'Photographedby\nBHarter\n2025\n', 'noearmites\nELoPresti2025\n', 'SanteeCoastalReserve\nCharlestonCoSC\nEFkoPresti\n26Februaryv2025\nCvoressTrap\n']","['2025DCR\n01057\n', 'R\n2025\n', '2025\n', 'CR\nCCC\n262025\n\nC\n']","['2025C\n01057\n', 'P\n2025\n', 'P2025\n', 'C\nCCC\nP\n262025\nC\n']",modelv1.0__2026-05-20 20:23:05
D:/moth_photos/database\batch_08\img_moth_00015017.jpg,"[4000, 6000]",36.90196078431373,"['2025DCR\n00907\n', 'Photoqraphedby\nBHarter\n2025\n', 'noearmites\n\ni LoPresti2025\n', 'SanteeCoastal Reserve\nCharlestonCoSC\nEFLoPresti\n28March2025\nCapeTrap\n']","['2025DCR\n00907\n', '8\n2025\n', '2025\n', 'C R\nCCC\n282025\nC\n']","['2025C\n00907\n', 'P\n8\n2025\n', 'P2025\n', 'C\nCCC\nP\n282025\nC\n']",modelv1.0__2026-05-20 20:23:05
D:/moth_photos/database\batch_08\img_moth_00015018.jpg,"[4000, 6000]",37.03921568627451,"['2025DCR\n01058\n', 'Photographedby\nBHarter\n2025\n', 'll\ncLoPresti2025\n', 'Santee CoastalReserve\n\nCharlestonCoSC\nEFLoPresti\n\n26Februarv 2025\nCvoressTrap\n']","['2025DCR\n01058\n', '8\n2025\n', '2025\n', 'CR\nCC0C\n26 2025\nC\n']","['2025C\n01058\n', 'P\n8\n2025\n', 'P2025\n', 'C\nCC0C\nP\n26 2025\nC\n']",modelv1.0__2026-05-20 20:23:05
D:/moth_photos/database\batch_08\img_moth_00015019.jpg,"[4000, 6000]",36.480769230769226,"['Photographedby\nBHarter\n2025\n', '2025DCR\n00908\n', 'noearmites\nFLoPresti2025\n', 'SanteeCoastalReserve\nCharlestonCoSC\nEFLoPresti\n28March2025\nCapeTrap\n']","['8\n2025\n', '2025DCR\n00908\n', 'C2025\n', 'CR\nCCC\n282025\nC\n']","['P\n8\n2025\n', '2025C\n00908\n', 'CP2025\n', 'C\nCCC\nP\n282025\nC\n']",modelv1.0__2026-05-20 20:23:05
D:/moth_photos/database\batch_08\img_moth_00015020.jpg,"[4000, 6000]",36.46153846153847,"['noearmites\nELoPresti2025\n', '2025DCR\n01059\n', 'Photoqraphedby\nBHarter\n2025\n', 'SanteeCoastalReserve\nCharlestonCo SC\nEFLoPresti\n26Februarv 2025\nCvoressTrap\n']","['CR2025\n', '2025DCR\n01059\n', '8\n2025\n', 'CR\nCC C\n26 2025\nC\n']","['CP2025\n', '2025C\n01059\n', 'P\n8W\n2025\n', 'C\nCC C\nP\n26 2025\nC\n']",modelv1.0__2026-05-20 20:23:05
D:/moth_photos/database\batch_08\img_moth_00015021.jpg,"[4000, 6000]",36.40384615384615,"['Photoqraphedby\nBHarter\n2025\n', '2025 cry\n90902\n\n', 'noear mites\nELoPresti2025\n', 'SanteeCoastalReserve\nCharlestonCoSC\nEFLoPresti\n28March2025\nCapeTrap\n']","['8\n2025\n', '2025\n90902\n\n', '2025\n', 'CR\nCCC\n282025\nC\n']","['P\n8\n2025\n', '2025\n90902\n\n', 'P2025\n', 'C\nCCC\nP\n282025\nC\n']",modelv1.0__2026-05-20 20:23:05
D:/moth_photos/database\batch_08\img_moth_00015022.jpg,"[4000, 6000]",36.8235294117647,"['2025DCR\n01061\n', 'Photoqraphedby\nBHarter\n2025\n', 'SanteeCoastalReserve\nChanestonCoSC\nEFLoPresti\n48Februarv2025\nScrubOakTrap\n']","['2025DCR\n01061\n', '8\n2025\n', 'CR\nCCC\n482025\n']","['2025C\n01061\n', 'P\n8\n2025\n', 'C\nCCC\nP\n482025\n']",modelv1.0__2026-05-20 20:23:05
D:/moth_photos/database\batch_08\img_moth_00015023.jpg,"[4000, 6000]",36.42307692307693,"['2025DCR\n00910\n', 'Photoqraphedby\nBHarter\n2025\n', 'Sssssem\n\nie Lopresti 2025\n', 'SanteeCoastal Reserve\nCharlestonCo S\nEFLoPresti\n28March2025\nCapeTrap\n\n']","['2025DCR\n00910\n', '8\n2025\n', '2025\n', 'C R\nCC\n282025\nC\n\n']","['2025C\n00910\n', 'P\n8\n2025\n', 'P 2025\n', 'C\nCC\nP\n282025\nC\n\n']",modelv1.0__2026-05-20 20:23:05
D:/moth_photos/database\batch_08\img_moth_00015024.jpg,"[4000, 6000]",36.692307692307686,"['2025DCR\n01062\n', 'Photographedby\nBHarter\n2025\n', 'noearmites\nELoPresti2025\n', 'SanteeCoastalReserve\nCharlestonCoSC\nEFLoPresti\n11March2025\n']","['2025DCR\n01062\n', '8\n2025\n', '2025\n', 'CR\nCCC\n112025\n']","['2025C\n01062\n', 'P\n8\n2025\n', 'P2025\n', 'C\nCCC\nP\n112025\n']",modelv1.0__2026-05-20 20:23:05
D:/moth_photos/database\batch_08\img_moth_00015025.jpg,"[4000, 6000]",36.59615384615385,"['2025DCR\n00911\n', 'Photoqraphedby\nBHarter\n2025\n', 'noearmites\nE LoPresti2025\n', 'SanteeCoastalReserve\nCharlestonCoSC\nEFLoPresti\n28March2025\nCapeTrap\n\n']","['2025DCR\n00911\n', '8\n2025\n', '2025\n', 'CR\nCCC\n282025\nC\n\n']","['2025C\n00911\n', 'P\n8W\n2025\n', 'P2025\n', 'C\nCCC\nP\n282025\nC\n\n']",modelv1.0__2026-05-20 20:23:05
D:/moth_photos/database\batch_08\img_moth_00015026.jpg,"[4000, 6000]",36.730769230769226,"['srightear mites\n\nEFL2024\n', 'Photographedby\nBHarter\n2025\n', '2025DCR\n01063\n', 'SanteeCoastalReserve\nCharlestonCoSC\nEFLoPresti\n25Februarv2025\nOrmondHallTrao\n']","['5\n\n2024\n', '8\n2025\n', '2025DCR\n01063\n', 'CR\nCCC\n252025\n']","['5\n\n2024\n', 'P\n8\n2025\n', '2025C\n01063\n', 'C\nCCC\nP\n252025\n']",modelv1.0__2026-05-20 20:23:05
D:/moth_photos/database\batch_08\img_moth_00015027.jpg,"[4000, 6000]",36.63461538461539,"['2025DCR\n00912\n', 'Photographedby\nBHarter\n2025\n', 'SanteeCoastalReserve\nCharlestonCoSC\nEFLoPresti\n42Aporil2025\nCollinsCreekTrao\n']","['2025DCR\n00912\n', '8\n2025\n', 'CR\nCCC\n422025\nCC\n']","['2025C\n00912\n', 'P\n8\n2025\n', 'C\nCCC\nP\n422025\nCC\n']",modelv1.0__2026-05-20 20:23:05
D:/moth_photos/database\batch_08\img_moth_00015028.jpg,"[4000, 6000]",36.705882352941174,"['2025DCR\n01064\n', 'Photoqraphedby\n8Harter\n2025\n', 'eeCoastalReserve\n\nCharlestonCoSC\nEFLoPresti\n25Februarv 2025\n\nOrmondHallTrao\n', '']","['2025DCR\n01064\n', '8\n2025\n', 'CR\n\nCC0C\nC\n25 2025\n\n0\n', '']","['2025C\n01064\n', 'P\n8\n2025\n', 'CP\n\nCC0C\nCP\n25 2025\n\n0\n', '']",modelv1.0__2026-05-20 20:23:05
D:/moth_photos/database\batch_08\img_moth_00015029.jpg,"[4000, 6000]",36.480769230769226,"['2025 DCR\n\n00913\n', 'Photoqraphedby\nBHarter\n2025\n', 'SanteeCoastalReserve\nCharlestonCoSC\nEFLoPresti\n12Aoril2025\nCollinsCreekTrap\n']","['2025 DCR\n\n00913\n', '8\n2025\n', 'CR\nCCC\n122025\nCC\n']","['2025 C\n\n00913\n', 'P\n8\n2025\n', 'C\nCCC\nP\n122025\nCC\n']",modelv1.0__2026-05-20 20:23:05
D:/moth_photos/database\batch_08\img_moth_00015030.jpg,"[4000, 6000]",36.44230769230769,"['Photographedby\nBHarter\n2025\n', '2025DCR\n01065\n', 'noear mites\nELoPresti2025\n', 'SanteeCoastalReserve\nCharlestonCoSC\nEFLoPresti\n25Februarv2025\nOrmondHallTrao\n']","['8\n2025\n', '2025DCR\n01065\n', '2025\n', 'CR\nCC0C\n252025\n']","['P\n8\n2025\n', '2025C\n01065\n', 'P2025\n', 'C\nCC0C\nP\n252025\n']",modelv1.0__2026-05-20 20:23:05
D:/moth_photos/database\batch_08\img_moth_00015031.jpg,"[4000, 6000]",36.55769230769231,"['Photoqraphedby\nBHarter\n2025\n', '2025DCR\n00914\n', 'SanteeCoastalReserve\nCharlestonCoSC\nEFLoPresti\n42Aprif2025\nCollinsCreekTrap\n']","['8\n2025\n', '2025DCR\n00914\n', 'CR\nCCC\n422025\nCC\n']","['P\n8\n2025\n', '2025C\n00914\n', 'C\nCCC\nP\n422025\nCC\n']",modelv1.0__2026-05-20 20:23:05
D:/moth_photos/database\batch_08\img_moth_00015032.jpg,"[4000, 6000]",37.03921568627451,"['2025DCR\n01066\n', 'Photoqraphedby\nBHarter\n2025\n', 'noearmites\nELoPresti2025\n', 'SanteeCoastalReserve\nCharlestonCoSC\nEFLoPresti\n25Februarv2025\nOrmondHallTrap\n']","['2025DCR\n01066\n', '8\n2025\n', 'C2025\n', 'CR\nCCC\n252025\n']","['2025C\n01066\n', 'P\n8\n2025\n', 'CP2025\n', 'C\nCCC\nP\n252025\n']",modelv1.0__2026-05-20 20:23:05
D:/moth_photos/database\batch_08\img_moth_00015033.jpg,"[4000, 6000]",36.36538461538461,"['Photoqraphedby\nBHarter\n2025\n', '2025DCR\n900915\n', 'SanteeCoastalReserve\nCharestonCoSC\nEFLoPresti\n12Aonil2025\n\nCollinsCreekTrap\n']","['8\n2025\n', '2025DCR\n900915\n', 'CR\nCCC\n122025\n\nCC\n']","['P\n8\n2025\n', '2025C\n900915\n', 'C\nCCC\nP\n122025\n\nCC\n']",modelv1.0__2026-05-20 20:23:05
D:/moth_photos/database\batch_08\img_moth_00015034.jpg,"[4000, 6000]",37.05882352941176,"['Photoqraphedby\nBHarter\n2025\n', '2025DCR\n01067\n', 'noearmites\nFLoPresti2025\n', 'CoastalReserve\n\n95February2\nHallTrap\n']","['R\n2025\n', '2025DCR\n01067\n', '2025\n', 'CR\n\n952\nD\n']","['P\n2025\n', '2025C\n01067\n', 'P2025\n', 'C\n\n952\n']",modelv1.0__2026-05-20 20:23:05
D:/moth_photos/database\batch_08\img_moth_00015035.jpg,"[4000, 6000]",36.61538461538461,"['2025DCR\n00916\n', 'Photoqgraphedby\nBHarter\n2025\n', 'SanteeCoastalReserve\nCharlestonCoSC\nEFLoPresti\n12Aoril2025\nCollinsCreekTrap\n']","['2025DCR\n00916\n', '8\n2025\n', 'CR\nCCC\n122025\nCC\n']","['2025C\n00916\n', 'P\n8\n2025\n', 'C\nCCC\nP\n122025\nCC\n']",modelv1.0__2026-05-20 20:23:05
D:/moth_photos/database\batch_08\img_moth_00015036.jpg,"[4000, 6000]",37.03921568627451,"['2025DCR\n01068\n', 'Photoqraphedby\nBHarter\n2025\n', 'SanteeCoastalReserve\nChariestonCoSC\nEFLoPresti\n11March2025\nOH2Trap\n', 'noearmites\nE1oPresti2025\n']","['2025DCR\n01068\n', '8\n2025\n', 'CR\nCCC\n112025\n2\n', '102025\n']","['2025C\n01068\n', 'P\n8\n2025\n', 'CP\nCCC\nP\n112025\n2\n', '10P2025\n']",modelv1.0__2026-05-20 20:23:05
D:/moth_photos/database\batch_08\img_moth_00015037.jpg,"[4000, 6000]",36.480769230769226,"['a\n2025 ocr\n90917\n', 'Photoqraphedby\nBHarter\n2025\n', 'e\nSantee CoastalReserve\nCharlestonCo S\nEFLoPresti\n42Aoril2025\n\nCollinsCreek Trao\n']","['2025\n90917\n', '8\n2025\n', 'CR\nCC\n422025\n\nCC\n']","['2025\n90917\n', 'P\n8\n2025\n', 'C\nCC\nP\n422025\n\nCC\n']",modelv1.0__2026-05-20 20:23:05
D:/moth_photos/database\batch_08\img_moth_00015038.jpg,"[4000, 6000]",36.42307692307693,"['2025DCR\n01069\n', 'Photoqraphedby\nBHarter\n2025\n', 'noearmites\nELoPresti2025\n', 'SanteeCoastalReserve\nCharlestonCoSC\nEFLoPresti\n11March2025\nOH2Trap\n']","['2025DCR\n01069\n', '8\n2025\n', 'C2025\n', 'CR\nCCC\n112025\n2\n']","['2025C\n01069\n', 'P\n8\n2025\n', 'CP2025\n', 'C\nCCC\nP\n112025\n2\n']",modelv1.0__2026-05-20 20:23:05
D:/moth_photos/database\batch_08\img_moth_00015039.jpg,"[4000, 6000]",36.38461538461538,"['2025DCR\n00918\n', 'Photoqraphedby\nBHarter\n2025\n', 'SanteeCoastalReserve\nChanlestonCoSC\nEFLoPresti\n12Abril2025\nCollinsCreekTrap\n\n']","['2025DCR\n00918\n', '8\n2025\n', 'CR\nCCC\n122025\nCC\n\n']","['2025C\n00918\n', 'P\n8\n2025\n', 'C\nCCC\nP\n122025\nCC\n\n']",modelv1.0__2026-05-20 20:23:05
D:/moth_photos/database\batch_08\img_moth_00015040.jpg,"[4000, 6000]",36.44230769230769,"['2025DCR\n01070\n', 'Photographedby\nBHarter\n2025\n', 'SanteeCoastalReserve\nCharlestonCoSC\nEFLoPresti\n41March2025\nOH2Trap\n', 'noearmites\nELoPresti2025\n']","['2025DCR\n01070\n', 'R\n2025\n', 'CR\nCCC\nR\n412025\n2\n', '2025\n']","['2025C\n01070\n', 'P\n2025\n', 'C\nCCC\nP\n412025\n2\n', 'P2025\n']",modelv1.0__2026-05-20 20:23:05
D:/moth_photos/database\batch_08\img_moth_00015041.jpg,"[4000, 6000]",36.480769230769226,"['2025DCR\n00919\n', 'Photoqraphedby\nBHarter\n2025\n', 'SanteeCoastalReserve\nCharlestonCoSC\nEFLoPresti\n12Aoril2025\nCollinsCreekTrap\n']","['2025DCR\n00919\n', '8\n2025\n', 'CR\nCCC\n122025\nCC\n']","['2025C\n00919\n', 'P\n8\n2025\n', 'C\nCCC\nP\n122025\nCC\n']",modelv1.0__2026-05-20 20:23:05
D:/moth_photos/database\batch_08\img_moth_00015042.jpg,"[4000, 6000]",36.65384615384615,"['2025 DCR\n\n01071\n', 'Photoqraphedby\nBHarter\n2025\n', 'noeaymites\nELoPresti2025\n', 'SanteeCoastalReserve\nCharlestonCoSC\nEFLoPresti\n41March2025\nOH2Trap\n']","['2025 DCR\n\n01071\n', '8\n2025\n', '2025\n', 'CR\nCCC\n412025\n2\n']","['2025 C\n\n01071\n', 'P\n8\n2025\n', 'P2025\n', 'C\nCCC\nP\n412025\n2\n']",modelv1.0__2026-05-20 20:23:05
D:/moth_photos/database\batch_08\img_moth_00015043.jpg,"[4000, 6000]",37.03921568627451,"['2025 ocrl\n00920\n', 'Photographedby\nBHarter\n2025\n', 'SanteeCoastalReserve\nCnharlestonCoSC\nEFLoPresti\n21April2025\nlamesCaneTrapBRIDGET\n']","['2025\n00920\n', 'R\n2025\n', 'CR\nCCC\n212025\nCRD\n']","['2025\n00920\n', 'P\n2025\n', 'C\nCCC\nP\n212025\nC\n']",modelv1.0__2026-05-20 20:23:05
D:/moth_photos/database\batch_08\img_moth_00015044.jpg,"[4000, 6000]",37.03921568627451,"['2025DCR\n01072\n', 'Photoqraphedby\nBHarter\n2025\n', '', 'SanteeCoastalReserve\nCharlestonCoSC\nEFLoPresti\n11March2025\nOH2Trap\n']","['2025DCR\n01072\n', '8\n2025\n', '', 'CR\nCCC\n112025\n2\n']","['2025C\n01072\n', 'P\n8\n2025\n', '', 'C\nCCC\nP\n112025\n2\n']",modelv1.0__2026-05-20 20:23:05
D:/moth_photos/database\batch_08\img_moth_00015045.jpg,"[4000, 6000]",36.44230769230769,"['2025DCR\n00921\n', 'Photographedby\nBHarter\n2025\n', 'llt\nSantee CoastalReserve\nCharleston Co\nEF LoPresti\n42April2025\n\nOrmondHall Trap\n']","['2025DCR\n00921\n', '8\n2025\n', 'CR\nC C\n422025\n']","['2025C\n00921\n', 'P\n8\n2025\n', 'C\nC C\nP\n422025\n']",modelv1.0__2026-05-20 20:23:05
D:/moth_photos/database\batch_08\img_moth_00015046.jpg,"[4000, 6000]",36.40384615384615,"['2025DCR\n01073\n', 'Photoqraphedby\nBHarter\n2025\n', 'SanteeCoastalReserve\nCharlestonCoSC\nEFLoPresti\n11Marth2025\nOH2Trao\n', 'are ear mites\nELoPresti202\n']","['2025DCR\n01073\n', '8\n2025\n', 'CR\nCCC\n112025\n2\n', '202\n']","['2025C\n01073\n', 'P\n8\n2025\n', 'C\nCCC\nP\n112025\n2\n', 'P202\n']",modelv1.0__2026-05-20 20:23:05
D:/moth_photos/database\batch_08\img_moth_00015047.jpg,"[4000, 6000]",36.46153846153847,"['2025DCR\n00922\n', 'Photoqraphedby\nBHarter\n2025\n', 'SanteeCoastalKeserve\nCharlestonCoSC\nEFCoPresti\n12Aoril2025\nOrmondHallJrap\n']","['2025DCR\n00922\n', '8\n2025\n', 'CR\nCCC\nC\n122025\n']","['2025C\n00922\n', 'P\n8\n2025\n', 'C\nCCC\nCP\n122025\n']",modelv1.0__2026-05-20 20:23:05
D:/moth_photos/database\batch_08\img_moth_00015048.jpg,"[4000, 6000]",37.0,"['2025DCR\n01074\n', 'Photoqraphedby\nBHarter\n2025\n', 'noear mites\nFLoPresti2025\n\n', 'SanteeCoastalReserve\nCharnestonCoSC\nEFLoPresti\n41March2025\nOH2Trap\n']","['2025DCR\n01074\n', '8\n2025\n', '2025\n\n', 'CR\nCCC\n412025\n2\n']","['2025C\n01074\n', 'P\n8\n2025\n', 'P2025\n\n', 'C\nCCC\nP\n412025\n2\n']",modelv1.0__2026-05-20 20:23:05
D:/moth_photos/database\batch_08\img_moth_00015049.jpg,"[4000, 6000]",36.730769230769226,"['2025DCR\n00923\n', 'Photographedby\nBHarter\n2025\n', 'SanteeCoastalReserve\nCharlestonCoSC\nEFLoPresti\n11Aoril2025\nScrubOakTrap\n']","['2025DCR\n00923\n', 'R\n2025\n', 'CR\nCCC\n112025\n']","['2025C\n00923\n', 'P\n2025\n', 'C\nCCC\nP\n112025\n']",modelv1.0__2026-05-20 20:23:05
D:/moth_photos/database\batch_08\img_moth_00015050.jpg,"[4000, 6000]",36.78846153846154,"['2025DCR\n01075\n', 'Photoqraphedby\nBHarter\n2025\n', 'Santee CoastalReserve\nCharlestonCoSC\nEFLoPresti\n12March2025\nMarshTrap\n', 'cLoPresti202\n']","['2025DCR\n01075\n', '8\n2025\n', 'CR\nCCC\n122025\n', '202\n']","['2025C\n01075\n', 'P\n8\n2025\n', 'C\nCCC\nPP\n122025\n', 'P202\n']",modelv1.0__2026-05-20 20:23:05
D:/moth_photos/database\batch_08\img_moth_00015051.jpg,"[4000, 6000]",36.84313725490196,"['2025DCR\n00924\n', 'Photographedby\nBHarter\n2025\n', 'SanteeCoastalReserve\nCharlestonCoSC\nEFeLoPresti\n11April2025\nScrubOakTrap\n']","['2025DCR\n00924\n', '8\n2025\n', 'CR\nCCC\n112025\n']","['2025PC\n00924\n', 'P\n8\n2025\n', 'CP\nCCC\nP\n112025\n']",modelv1.0__2026-05-20 20:23:05
D:/moth_photos/database\batch_08\img_moth_00015052.jpg,"[4000, 6000]",36.519230769230774,"['2025DCR\n01076\n', 'Photoqraphedby\nBHarter\n2025\n', 'SanteeCoastalReserve\nCharlestonCoSC\nEFLoPresti\n12March2025\nMarshTrap\n', 'NOearmites\nELoPtestj 2025\n\n']","['2025DCR\n01076\n', '8\n2025\n', 'CR\nCCC\n122025\n', 'C 2025\n\n']","['2025C\n01076\n', 'P\n8\n2025\n', 'C\nCCC\nP\n122025\n', 'CP 2025\n\n']",modelv1.0__2026-05-20 20:23:05
D:/moth_photos/database\batch_08\img_moth_00015053.jpg,"[4000, 6000]",36.5,"['2025DCR\n00925\n', 'Photographedby\nBHarter\n2025\n', 'noearmites\nELoPresti2025\n', 'SanteeCoastalReserve\nCharlestonCoSC\nEFLoPresti\n11Aoril2025\nScrubOakTrao\n']","['2025DCR\n00925\n', '8\n2025\n', '2025\n', 'CR\nCCC\n112025\n']","['2025C\n00925\n', 'P\n8\n2025\n', 'P2025\n', 'C\nCCC\nP\n112025\n']",modelv1.0__2026-05-20 20:23:05
D:/moth_photos/database\batch_08\img_moth_00015054.jpg,"[4000, 6000]",36.59615384615385,"['2025DCR\n01077\n', 'Photoqraphedby\nBHarter\n2025\n', 'SanteeCoastalReserve\nCharlestonCoSC\nEFLoPresti\n42March2025\nMarshTrap\n', 'noearmites\nELoPresti2025\n']","['2025DCR\n01077\n', '8\n2025\n', 'CR\nCCC\n422025\n', 'C2025\n']","['2025C\n01077\n', 'P\n8\n2025\n', 'C\nCCC\nP\n422025\n', 'CP2025\n']",modelv1.0__2026-05-20 20:23:05
D:/moth_photos/database\batch_08\img_moth_00015055.jpg,"[4000, 6000]",36.480769230769226,"['2025DCR\n00926\n', 'Photographedby\nBHarter\n2025\n', 'noearmites\nFLoPresti 2025\n', 'SanteeCoastal Reserve\nCharlestonCo SC\nEF LoPresti\n41Aonl2025\nScrubOakTrap\n']","['2025DCR\n00926\n', '8\n2025\n', '2025\n', 'C R\nCC C\n412025\n']","['2025C\n00926\n', 'P\n8\n2025\n', 'P 2025\n', 'C\nCC C\nP\n412025\n']",modelv1.0__2026-05-20 20:23:05
D:/moth_photos/database\batch_08\img_moth_00015056.jpg,"[4000, 6000]",36.59615384615385,"['2025DCR\n01078\n', 'Photoqraphedby\nBHarter\n2025\n', 'SanteeCoastalReserve\nCharlestonCoSC\nEFLoPresti\n26February2025\nWestSanctuarvTrap\n', '']","['2025DCR\n01078\n', '8\n2025\n', 'CR\nCCC\n262025\n', '']","['2025C\n01078\n', 'P\n8\n2025\n', 'C\nCCC\nP\n262025\nW\n', '']",modelv1.0__2026-05-20 20:23:05
D:/moth_photos/database\batch_08\img_moth_00015057.jpg,"[4000, 6000]",36.480769230769226,"['2025DCR\n00927\n', 'Photographedby\nBHarter\n2025\n', 'SanteeCoastalReserve\nCharlestonCoSC\nEFLoPresti\n28March2025\nAcrossfromJCTrap\n']","['2025DCR\n00927\n', 'R\n2025\n', 'CR\nCCC\n282025\nC\n']","['2025C\n00927\n', 'P\n2025\n', 'C\nCCC\nP\n282025\nC\n']",modelv1.0__2026-05-20 20:23:05
D:/moth_photos/database\batch_08\img_moth_00015058.jpg,"[4000, 6000]",36.36538461538461,"['2025DCR\n01079\n', 'Photoqraphedby\nBHarter\n2025\n', 'SanteeCoastfalReserve\nChanlestonCoSC\nEFLoPresti\n26Februarv2025\nWestSanctuaryTrap\n']","['2025DCR\n01079\n', '8\n2025\n', 'CR\nCCC\n262025\n']","['2025C\n01079\n', 'P\n8\n2025\n', 'C\nCCC\nP\n262025\nW\n']",modelv1.0__2026-05-20 20:23:05
D:/moth_photos/database\batch_08\img_moth_00015059.jpg,"[4000, 6000]",36.98039215686274,"['Photographedby\nBHarter\n2025\n', '2025DCR\n00928\n', 'SanteeCoastalReserve\nCharlestonCoSC\nEFLoPresti\n28March2025\nAcrossfromJCTrap\n']","['8\n2025\n', '2025DCR\n00928\n', 'CR\nCCC\nR\n282025\nC\n']","['P\n8\n2025\n', '2025C\n00928\n', 'C\nCCC\nP\n282025\nC\n']",modelv1.0__2026-05-20 20:23:05
D:/moth_photos/database\batch_08\img_moth_00015060.jpg,"[4000, 6000]",36.480769230769226,"['2025DCR\n01080\n', 'Photographedby\nBHarter\n2025\n', 'SanteeCoastalReserve\nCharlestonCoSC\nEFLoPresti\n26February2025\nWestSanctuarvTrap\n']","['2025DCR\n01080\n', '8\n2025\n', 'CR\nCCC\n262025\n']","['2025C\n01080\n', 'P\n8\n2025\n', 'C\nCCC\nP\n262025\nW\n']",modelv1.0__2026-05-20 20:23:05
D:/moth_photos/database\batch_08\img_moth_00015061.jpg,"[4000, 6000]",36.63461538461539,"['Photographedby\nBHarter\n2025\n', '2025DCR\n00929\n', 'SanteeCoastalReserve\nCharlestonCoSC\nEFLoPresti\n28March2025\nAcrossfromJCTrap\n']","['8\n2025\n', '2025DCR\n00929\n', 'CR\nCCC\n282025\nC\n']","['P\n8\n2025\n', '2025PC\n00929\n', 'C\nCCC\nP\n282025\nC\n']",modelv1.0__2026-05-20 20:23:05
D:/moth_photos/database\batch_08\img_moth_00015062.jpg,"[4000, 6000]",37.03921568627451,"['2025DCR\n01081\n', 'Photographedby\nBHarter\n2025\n', 'Santee CoastalReserve\nCharlestonCo\nEFLoPresti\n26Februarv 2025\nWestSanctuaryv Trap\n']","['2025DCR\n01081\n', '8\n2025\n', 'CR\nCC\n26 2025\n']","['2025C\n01081\n', 'P\n8\n2025\n', 'C\nCC\nP\n26 2025\nW\n']",modelv1.0__2026-05-20 20:23:05
D:/moth_photos/database\batch_08\img_moth_00015063.jpg,"[4000, 6000]",36.65384615384615,"['2025DCR\n00930\n', 'Photographedby\nBHarter\n2025\n', 'SanteeCoastalReserve\nCharliestonCoSC\nEFLoPresti\n28Mafch2025\nAcrossfromJCTrap\n']","['2025DCR\n00930\n', 'R\n2025\n', 'CR\nCCC\n282025\nC\n']","['2025C\n00930\n', 'P\n2025\n', 'C\nCCC\nP\n282025\nC\n']",modelv1.0__2026-05-20 20:23:05
D:/moth_photos/database\batch_08\img_moth_00015064.jpg,"[4000, 6000]",36.57692307692308,"['2025DCR\n01084\n', 'Photoqraphedby\nBHarter\n2025\n', 'eee\nSanteeCoastalReserve\nCharlestonCoSC\nEFLoPresti\n13Mareh2025\nCvpressTrap\n']","['2025DCR\n01084\n', '8\n2025\n', 'CR\nCCC\n132025\nC\n']","['2025C\n01084\n', 'P\n8\n2025\n', 'C\nCCC\nP\n132025\nC\n']",modelv1.0__2026-05-20 20:23:05
D:/moth_photos/database\batch_08\img_moth_00015065.jpg,"[4000, 6000]",36.44230769230769,"['2025DCR\n00931\n', 'Photographedby\nBHarter\n2025\n', 'SanteeCoastalReserve\nCharlestonCoSC\nEFLoPresti\n28March2025\nAcrossfromJCTrap\n', 'E LoPresti2025\n\n']","['2025DCR\n00931\n', '8\n2025\n', 'CR\nCCC\n282025\nC\n', '2025\n\n']","['2025C\n00931\n', 'P\n8\n2025\n', 'C\nCCC\nP\n282025\nC\n', 'P2025\n\n']",modelv1.0__2026-05-20 20:23:05
D:/moth_photos/database\batch_08\img_moth_00015066.jpg,"[4000, 6000]",37.0,"['2025DCR\n01085\n', 'Photoqraphedby\nBHarter\n2025\n', 'SanteeCoastalReserve\nCharlestonCoSC\nEFLoPresti\n43March2025\nCvoressTrap\n']","['2025DCR\n01085\n', '8\n2025\n', 'CR\nCC0C\n432025\nC\n']","['2025C\n01085\n', 'P\n8\n2025\n', 'C\nCC0C\nP\n432025\nC\n']",modelv1.0__2026-05-20 20:23:05
D:/moth_photos/database\batch_08\img_moth_00015067.jpg,"[4000, 6000]",36.40384615384615,"['rightearmites\nEFL2024\n', '2025DCR\n00932\n', 'Photographedby\nBHarter\n2025\n', 'SanteeCoastalReserve\nCharlestonCo SC\nEFLoPresti\n28March2025\nAcrossfromJC Trap\n\neoO\n']","['2024\n', '2025DCR\n00932\n', '8\n2025\n', 'CR\nCC C\n282025\nC\n']","['P2024\n', '2025C\n00932\n', 'P\n8\n2025\n', 'C\nCC C\nP\n282025\nC\n']",modelv1.0__2026-05-20 20:23:05
D:/moth_photos/database\batch_08\img_moth_00015068.jpg,"[4000, 6000]",36.38461538461538,"['2025DCR\n01086\n', 'Photoqraphedby\nBHarter\n2025\n', 'SanteeCoastalReserve\nCharlestonCoSC\nEFLoPresti\n13Mafch2025\nCvoressTran\n']","['2025DCR\n01086\n', '8\n2025\n', 'CR\nCC0C\n132025\nC\n']","['2025C\n01086\n', 'P\n8\n2025\n', 'C\nCC0C\nP\n132025\nC\n']",modelv1.0__2026-05-20 20:23:05
D:/moth_photos/database\batch_08\img_moth_00015069.jpg,"[4000, 6000]",36.42307692307693,"['2025DCR\n00933\n', 'Photoqraphedby\nBHarter\n2025\n', 'oanteeCoastal Reserve\nCharlestonCoSC\nEFLoPresti\n26Februarv2025\nOH2Trap\n']","['2025DCR\n00933\n', '8\n2025\n', 'C R\nCC0C\n262025\n\n2\n']","['2025C\n00933\n', 'P\n8\n2025\n', 'C\nCC0C\nPP\n262025\n2\n']",modelv1.0__2026-05-20 20:23:05
D:/moth_photos/database\batch_08\img_moth_00015070.jpg,"[4000, 6000]",36.46153846153847,"['2025DCR\n01087\n', 'Photographedby\nBHarter\n2025\n', 'SanteeCoastal Reserve\nCharlestqnCo SC\nEFLoPresti\n43March2025\nCvpressTrap\n']","['2025DCR\n01087\n', '8\n2025\n', 'C R\nCC C\n432025\nC\n']","['2025C\n01087\n', 'P\n8\n2025\n', 'C\nCC C\nP\n432025\nC\n']",modelv1.0__2026-05-20 20:23:05
D:/moth_photos/database\batch_08\img_moth_00015071.jpg,"[4000, 6000]",37.0,"['Photoqraphedby\nBHarter\n2025\n', '2025DCR\n00934\n', 'SanteeCoastalReserve\nCharlestonCoSC\nEFLoPresti\n26Februarv2025\nOH2Trap\n']","['8\n2025\n', '2025DCR\n00934\n', 'CR\nCCC\n262025\n\n2\n']","['P\n8\n2025\n', '2025C\n00934\n', 'CP\nCCC\nPP\n262025\n2\n']",modelv1.0__2026-05-20 20:23:05
D:/moth_photos/database\batch_08\img_moth_00015072.jpg,"[4000, 6000]",36.57692307692308,"['2025DCR\n01088\n', 'Photoqraphedby\nBHarter\n2025\n', 'SanteeCoastalReserve\nCharlestonCoSC\nEFLoPresti\n13March2025\nCvpressTrap\n']","['2025DCR\n01088\n', '8\n2025\n', 'CR\nCCC\n132025\nC\n']","['2025C\n01088\n', 'P\n8\n2025\n', 'C\nCCC\nP\n132025\nC\n']",modelv1.0__2026-05-20 20:23:05
D:/moth_photos/database\batch_08\img_moth_00015073.jpg,"[4000, 6000]",36.44230769230769,"['2025DCR\n00935\n', 'Photographedby\nBHarter\n2025\n', 'SanteeCoastalReserve\nChanestonCoSC\nEFLoPresti\n26Februarv2025\nOH2Trap\n']","['2025DCR\n00935\n', '8\n2025\n', 'CR\nCCC\n262025\n\n2\n']","['2025C\n00935\n', 'P\n8\n2025\n', 'CP\nCCC\nP\n262025\n2\n']",modelv1.0__2026-05-20 20:23:05
D:/moth_photos/database\batch_08\img_moth_00015074.jpg,"[4000, 6000]",37.03921568627451,"['2025DCR\n01089\n', 'Photoqraphedby\nBHarter\n2025\n', 'SanteeCoastalReserve\nCharlestonCoSC\nEFLoPresti\n13March2025\nCvpressTrap\n']","['2025DCR\n01089\n', '8\n2025\n', 'CR\nCCC\n132025\nC\n']","['2025C\n01089\n', 'P\n8\n2025\n', 'C\nCCC\nP\n132025\nC\n']",modelv1.0__2026-05-20 20:23:05
D:/moth_photos/database\batch_08\img_moth_00015075.jpg,"[4000, 6000]",36.94117647058823,"['2025DCR\n00936\n', 'Photographedby\nBHarter\n2025\n', 'noearmites\nELoPresti2025\n', 'SanteeCoastalReserve\nCharlestonCoSC\nEFLoPresti\n26Februarv2025\nOH2Trap\n']","['2025DCR\n00936\n', '8\n2025\n', '2025\n', 'CR\nCC0C\n262025\n2\n']","['2025PC\n00936\n', 'P\n8\n2025\n', 'P2025\n', 'C\nCC0C\nP\n262025\n2\n']",modelv1.0__2026-05-20 20:23:05
D:/moth_photos/database\batch_08\img_moth_00015076.jpg,"[4000, 6000]",36.57692307692308,"['2025DCR\n01090\n', 'Photographedby\nBHarter\n2025\n', 'SanteeCoastalReserve\nCharlestonCoSC\nEFLoPresti\n13March2025\nCvoressTrap\n']","['2025DCR\n01090\n', '8\n2025\n', 'CR\nCCC\n132025\nC\n']","['2025C\n01090\n', 'P\n8\n2025\n', 'C\nCCC\nP\n132025\nC\n']",modelv1.0__2026-05-20 20:23:05
D:/moth_photos/database\batch_08\img_moth_00015077.jpg,"[4000, 6000]",36.519230769230774,"['2025DCR\n00937\n', 'Photoqraphedby\nBHarter\n2025\n', 'noearmites\nELoPresti2025\n', 'SanteeCoastalReserve\nCharlestonCoSC\nEFLoPresti\n26Februarv2025\nOH2Trap\n']","['2025DCR\n00937\n', '8\n2025\n', 'C2025\n', 'CR\nCCC\n262025\n\n2\n']","['2025C\n00937\n', 'P\n8\n2025\n', 'CP2025\n', 'CP\nCCC\nP\n262025\n2\n']",modelv1.0__2026-05-20 20:23:05
D:/moth_photos/database\batch_08\img_moth_00015078.jpg,"[4000, 6000]",36.57692307692308,"['2025DCR\n01091\n', 'Photographedby\nBHarter\n2025\n', 'Santee CoastalReserve\nCharleston Co\nEF ltoPresti\n43March 2025\nGvoressTrap\n']","['2025DCR\n01091\n', '8\n2025\n', 'CR\nC C\n43 2025\nC\n']","['2025C\n01091\n', 'P\n8\n2025\n', 'C\nC C\nP P\n43 2025\nCP\n']",modelv1.0__2026-05-20 20:23:05
D:/moth_photos/database\batch_08\img_moth_00015079.jpg,"[4000, 6000]",36.61538461538461,"['2025DCR\n00938\n', 'Photoqraphedby\nBHarter\n2025\n', 'noearmites\nELoPresti2025\n', 'SanteeCoastalReserve\nCharlestonCoSC\nEFLoPresti\n26Februarv2025\nOH2Trao\n']","['2025DCR\n00938\n', '8\n2025\n', '0\n2025\n', 'CR\nCCC\n262025\n\n2\n']","['2025C\n00938\n', 'P\n8\n2025\n', '0\nP2025\n', 'CP\nCCC\nP\n262025\n2\n']",modelv1.0__2026-05-20 20:23:05
D:/moth_photos/database\batch_08\img_moth_00015080.jpg,"[4000, 6000]",36.55769230769231,"['2025 DCR\n91092\n', 'Photographedby\nBHarter\n2025\n', 'SanteeCoastalReserve\nChariestonCoSC\nEFLoPresti\n43March2025\n\nCvoressTrap\n']","['2025 DCR\n91092\n', 'R\n2025\n', 'CR\nCC0C\nR\n432025\n\nC\n']","['2025 C\n91092\n', 'P\n2025\n', 'C\nCC0C\nP\n432025\n\nC\n']",modelv1.0__2026-05-20 20:23:05
D:/moth_photos/database\batch_08\img_moth_00015081.jpg,"[4000, 6000]",36.519230769230774,"['Photoqraphedby\nBHarter\nvA040\n', 'noearmites\nELoPresti2025\n', '2025DCR\n00939\n\n', 'SanteeCoastalReserve\nCharlestonCoSC\nEFLoPresti\n26Februarv2025\nOH2Trap\n']","['8\n040\n', 'C2025\n', '2025DCR\n00939\n\n', 'CR\nCCC\n262025\n\n2\n']","['P\n8\n040\n', 'CP2025\n', '2025C\n00939\n\n', 'C\nCCC\nP\n262025\n2\n']",modelv1.0__2026-05-20 20:23:05
D:/moth_photos/database\batch_08\img_moth_00015082.jpg,"[4000, 6000]",36.480769230769226,"['2025DCR\n01093\n', 'Photoqraphedby\nBHarter\n2025\n', 'SanteeCoastalReserve\nCharestonCoSC\nEFLoPresti\n25Februarv2025\nCollinsCreekTrao\n', 'noearmites\nFLoPresti2025\n']","['2025DCR\n01093\n', '8\n2025\n', 'CR\nCCC\n252025\nCC\n', '2025\n']","['2025C\n01093\n', 'P\n8\n2025\n', 'C\nCCC\nP\n252025\nCC\n', 'P2025\n']",modelv1.0__2026-05-20 20:23:05
D:/moth_photos/database\batch_08\img_moth_00015083.jpg,"[4000, 6000]",36.98039215686274,"['2025DCR\n00940\n', 'Photoqgraphedby\nBHarter\n2025\n', 'noearmites\nELoPresti 2025\n', 'Santee CoastalReserve\nCharleston Co\nEFLoPrest\n96Februarv 2025\nOH2Trad\n']","['2025DCR\n00940\n', '8\n2025\n', '2025\n', 'CR\nC C\n96 2025\n2\n']","['2025C\n00940\n', 'P\n8\n2025\n', 'P 2025\n', 'C\nC C\nP\n96 2025\n2\n']",modelv1.0__2026-05-20 20:23:05
D:/moth_photos/database\batch_08\img_moth_00015084.jpg,"[4000, 6000]",36.63461538461539,"['2025 DCR\n\n091094\n', 'Photographedby\nBHarter\n2025\n', 'SanteeCoastalReserve\nCharlestonCoSC\nEFLoPresti\n25Februarv2025\nCollinsCreekTrap\n']","['2025 DCR\n\n091094\n', '8\n2025\n', 'CR\nCCC\n252025\n\nCC\n']","['2025 C\n\n091094\n', 'P\n8\n2025\n', 'C\nCCC\nP\n252025\nCC\n']",modelv1.0__2026-05-20 20:23:05
D:/moth_photos/database\batch_08\img_moth_00015085.jpg,"[4000, 6000]",36.98039215686274,"['2025DCR\n00941\n', 'noearmites\ncLoPresti 2025\n', 'Photographedby\nBHarter\n2025\n', 'ntee Coastal Reserve\n\n']","['2025DCR\n00941\n', '2025\n', '8\n2025\n', 'C R\n\n']","['2025C\n00941\n', 'P 2025\n', 'P\n8\n2025\n', 'C\n\n']",modelv1.0__2026-05-20 20:23:05
D:/moth_photos/database\batch_08\img_moth_00015086.jpg,"[4000, 6000]",36.42307692307693,"['2025DCR\n01095\n', 'Photographedby\nBHarter\n2025\n', 'noearmites\nELoPresti2025\n', 'SanteeCoastalReserve\nCharlestonCoSC\nEFLoPresti\n25Februarv2025\nGatorRoadTrao\n']","['2025DCR\n01095\n', '8\n2025\n', 'C2025\n', 'CR\nCCC\n252025\n\nR\n']","['2025C\n01095\n', 'P\n8\n2025\n', 'CP2025\n', 'C\nCCC\nP\n252025\n']",modelv1.0__2026-05-20 20:23:05
D:/moth_photos/database\batch_08\img_moth_00015087.jpg,"[4000, 6000]",36.40384615384615,"['2025DCR\n00942\n', 'Photoqraphedby\nBHarter\n2025\n', 'noearmites\nELoPresti2025\n\n', 'SanteeCoastalReserve\nCharlestonCoSC\nEFLoPresti\n26Februarv2025\nOH2Trap\n']","['2025DCR\n00942\n', '8\n2025\n', 'R2025\n\n', 'CR\nCCC\n262025\n\n2\n']","['2025C\n00942\n', 'P\n8\n2025\n', 'P2025\n\n', 'C\nCCC\nP\n262025\n2\n']",modelv1.0__2026-05-20 20:23:05
D:/moth_photos/database\batch_08\img_moth_00015088.jpg,"[4000, 6000]",36.92307692307692,"['2025DCR\n01096\n', 'Photoqraphedby\nBHarter\n2025\n', 'SanteeCoastalReserve\nCharlestonCoSC\nEFLoPresti\n25Februarv2025\nGatorRoadTrao\n', 'noear mites\nELoPresti2025\n']","['2025DCR\n01096\n', '8\n2025\n', 'CR\nCCC\n252025\nR\n', '2025\n']","['2025C\n01096\n', 'P\n8\n2025\n', 'C\nCCC\nP\n252025\n', 'P2025\n']",modelv1.0__2026-05-20 20:23:05
D:/moth_photos/database\batch_08\img_moth_00015089.jpg,"[4000, 6000]",36.40384615384615,"['Photographedby\nBHarter\n2025\n', '2025DCR\n00943\n', 'noearmites\nELoPresti2025\n', 'SanteeCoastalReserve\nCharlestonCoSC\nEFLoPresti\n26Februarv2025\nOH2Trap\n']","['8\n2025\n', '2025DCR\n00943\n', '2025\n', 'CR\nCCC\n262025\n2\n']","['P\n8\n2025\n', '2025C\n00943\n', 'P2025\n', 'C\nCCC\nP\n262025\n2\n']",modelv1.0__2026-05-20 20:23:05
D:/moth_photos/database\batch_08\img_moth_00015090.jpg,"[4000, 6000]",36.57692307692308,"['2025DCR\n01097\n', 'Photographedby\nBHarter\n2025\n', 'Ino earmites\n\nELoPresti2025\n', 'SanteeCoastalReserve\nCharlestonCoSC\nEFLoPresti\n13March2025\nMarshTrao\n']","['2025DCR\n01097\n', 'R\n2025\n', '2025\n', 'CR\nCCC\n132025\n']","['2025C\n01097\n', 'P\n2025\n', 'P2025\n', 'C\nCCC\nP\n132025\n']",modelv1.0__2026-05-20 20:23:05
D:/moth_photos/database\batch_08\img_moth_00015091.jpg,"[4000, 6000]",36.36538461538461,"['2025DCR\n90944\n', 'Photoqraphedby\nBHarter\n2025\n', 'noearmites\nELoPresti2025\n', 'SanteeCoastalReserve\nCharlestonCoSC\nEFLoPresti\n26Februarv2025\nOH2Trapo\n']","['2025DCR\n90944\n', 'R\n2025\n', '0\n2025\n', 'CR\nCCC\n262025\n\n2\n']","['2025C\n90944\n', 'P\n2025\n', '0\nP2025\n', 'C\nCCC\nP\n262025\n2\n']",modelv1.0__2026-05-20 20:23:05
D:/moth_photos/database\batch_08\img_moth_00015092.jpg,"[4000, 6000]",36.65384615384615,"['2025DCR\n01098\n', 'Photoqraphedby\nBHarter\n2025\n', 'SanteeCoastalReserve\nCharlestonCoSC\nEFLoPresti\n43March2025\nMarshTrao\n', 'noearmites\nELoPresti2025\n']","['2025DCR\n01098\n', '8\n2025\n', 'CR\nCCC\n432025\n', 'C2025\n']","['2025C\n01098\n', 'P\n8\n2025\n', 'C\nCCC\nP\n432025\n', 'CP2025\n']",modelv1.0__2026-05-20 20:23:05
D:/moth_photos/database\batch_08\img_moth_00015093.jpg,"[4000, 6000]",36.53846153846154,"['2025DCR\n00945\n', 'Photographedby\nBHarter\n2025\n', 'SanteeCoastalReserve\nCharlestonCoSC\nEFLoPresti\n26Febryarv2025\nOH2Trap\n', 'noearmites\nFLoPresti2025\nOS\n\n']","['2025DCR\n00945\n', '8\n2025\n', 'CR\nCCC\n262025\n\n2\n', '2025\n\n']","['2025C\n00945\n', 'P\n8\n2025\n', 'C\nCCC\nP\n262025\n2\n', 'P2025\n\n']",modelv1.0__2026-05-20 20:23:05
D:/moth_photos/database\batch_08\img_moth_00015094.jpg,"[4000, 6000]",36.63461538461539,"['2025DCR\n01099\n', 'Photoqraphedby\nBHarter\n2025\n', 'noearmites\nELoPresti2025\n', 'SanteeCoastalReserve\nCharlestonCoSC\nEFLoPresti\n43March2025\nMarshTrao\n']","['2025DCR\n01099\n', '8\n2025\n', 'C2025\n', 'CR\nCCC\nC\n432025\n']","['2025C\n01099\n', 'P\n8\n2025\n', 'CP2025\n', 'C\nCCC\nCP\n432025\n']",modelv1.0__2026-05-20 20:23:05
D:/moth_photos/database\batch_08\img_moth_00015095.jpg,"[4000, 6000]",36.480769230769226,"['2025DCR\n00946\n', 'Photoqraphedby\nBHarter\n2025\n', 'noear mites\nELoPresti2025\n', 'SanteeCoastalReserve\nCharlestonCoSC\nEFLoPresti\n26Februarv2025\nOH2Trap\n']","['2025DCR\n00946\n', '8\n2025\n', '2025\n', 'CR\nCCC\n262025\n\n2\n']","['2025C\n00946\n', 'P\n8\n2025\n', 'P2025\n', 'C\nCCC\nP\n262025\n2\n']",modelv1.0__2026-05-20 20:23:05
D:/moth_photos/database\batch_08\img_moth_00015096.jpg,"[4000, 6000]",36.692307692307686,"['2025DCR\n01100\n', 'Photographedby\nBHarter\n2025\n', 'noearmites\nELoPresti2025\n', 'SanteeCoastalReserve\n\nCharlestonCoSC\nEFLoPresti\n11March2025\nSandPitTrao\n']","['2025DCR\n01100\n', '8\n2025\n', '2025\n', 'CR\n\nCCC\n112025\n']","['2025C\n01100\n', 'P\n8\n2025\n', 'P2025\n', 'C\n\nCCC\nP\n112025\nP\n']",modelv1.0__2026-05-20 20:23:05
D:/moth_photos/database\batch_08\img_moth_00015097.jpg,"[4000, 6000]",36.480769230769226,"['2025DCR\n01101\n', 'noearmites\nELoPresti2025\n', 'Photoqraphedby\nBHarter\n2025\n', 'Siawmh\nSanteeCoastal Reserve\nCharestonCo SC\nEFLOPresti\n\n41March2025\nSandPitTrao\n']","['2025DCR\n01101\n', '2025\n', '8\n2025\n', 'C R\nCC C\nC\n\n412025\n']","['2025C\n01101\n', 'P2025\n', 'P\n8\n2025\n', 'C\nCC C\nCP\n\n412025\nP\n']",modelv1.0__2026-05-20 20:23:05
D:/moth_photos/database\batch_08\img_moth_00015098.jpg,"[4000, 6000]",36.480769230769226,"['2025DCR\n01102\n', 'Photoqraphedby\nBHarter\n2025\n', 'noearmites\nELoPresti2025\n', 'SanteeCoastalReserve\nCharlestonCoSC\nEFLoPresti\n25Februarv2025\nCapeTrap\n']","['2025DCR\n01102\n', '8\n2025\n', '2025\n', 'CR\nCCC\n252025\n\nC\n']","['2025C\n01102\n', 'P\n8\n2025\n', 'P2025\n', 'C\nCCC\nP\n252025\nC\n']",modelv1.0__2026-05-20 20:23:05
D:/moth_photos/database\batch_08\img_moth_00015099.jpg,"[4000, 6000]",37.01960784313725,"['2025DCR\n01103\n', 'Photoqraphedby\nBHarter\n2025\n', 'noearmjtes\nELoPresti2025\n', 'SanteeCoastalReserve\nCharnestonCoSC\nEFLoPresti\n25February2025\n\nCanoTran\n']","['2025DCR\n01103\n', '8\n2025\n', '2025\n', 'CR\nCCC\n252025\n\nC\n']","['2025C\n01103\n', 'P\n8\n2025\n', 'P2025\n', 'C\nCCC\nP\n252025\n\nC\n']",modelv1.0__2026-05-20 20:23:05
D:/moth_photos/database\batch_08\img_moth_00015100.jpg,"[4000, 6000]",36.61538461538461,"['2025DCR\n01104\n', 'Photoqraphedby\nBHarter\n2025\n', 'noearmites\nELoPresti2025\n', 'Santee CoastalReserve\nCharlestonCo\neFLoPresti\n25Februarv 2025\nCapeTrap\n']","['2025DCR\n01104\n', '8\n2025\n', 'R2025\n', 'CR\nCC\n25 2025\nC\n']","['2025PC\n01104\n', 'P\n8\n2025\n', 'P2025\n', 'C\nCC\nP\n25 2025\nC\n']",modelv1.0__2026-05-20 20:23:05
D:/moth_photos/database\batch_08\img_moth_00015101.jpg,"[4000, 6000]",36.98039215686274,"['2025DCR\n01105\n', 'Photoqraphedby\nBHarter\n2025\n', 'noearmites\nELoPresti2025\n', 'tOs1O\nSantee CoastalReserve\nCharlestonCo SC\nEFLoPresti\n25Februarv 2025\nCapeTrap\n']","['2025DCR\n01105\n', '8\n2025\n', '2025\n', '1\nCR\nCC C\n25 2025\nC\n']","['2025C\n01105\n', 'P\n8\n2025\n', 'P2025\n', '1\nCP\nCC C\nP\n25 2025\nC\n']",modelv1.0__2026-05-20 20:23:05
D:/moth_photos/database\batch_08\img_moth_00015102.jpg,"[4000, 6000]",36.9607843137255,"['2025DCR\n01106\n', 'Photoqraphedby\nBHarter\n2025\n', 'Presti 2025\n\nLO\n\n', 'SanteeCoastalReserve\nCharlestonCoSC\nEFLoPresti\n25Februarv2025\nCapeTrap\n']","['2025DCR\n01106\n', '8\n2025\n', '2025\n\n', 'CR\nCCC\n252025\n\nC\n']","['2025C\n01106\n', 'P\n8\n2025\n', 'P 2025\n\n', 'C\nCCC\nP\n252025\nC\n']",modelv1.0__2026-05-20 20:23:05
D:/moth_photos/database\batch_08\img_moth_00015103.jpg,"[4000, 6000]",36.57692307692308,"['2025DCR\n01107\n', 'noearmites\nELoPresti2025\n', 'Photoqraphedby\nBHarter\n2025\n', 'SanteeCoastalReserve\nCharlestonCoSC\nEFLoPresti\n25Februarv2025\nCapeTrap\n']","['2025DCR\n01107\n', '2025\n', '8\n2025\n', 'CR\nCCC\n252025\n\nC\n']","['2025C\n01107\n', 'P2025\n', 'P\n8\n2025\n', 'C\nCCC\nP\n252025\nC\n']",modelv1.0__2026-05-20 20:23:05
D:/moth_photos/database\batch_08\img_moth_00015104.jpg,"[4000, 6000]",36.5,"['2025DCR\n01108\n', 'Photographedby\nBHarter\n2025\n', 'SanteeCoastalReserve\nCharlestonCoSC\nEFLoPresti\n25Februarv2025\nCapeTrao\n']","['2025DCR\n01108\n', '8\n2025\n', 'CR\nCCC\n252025\n\nC\n']","['2025C\n01108\n', 'P\n8\n2025\n', 'C\nCCC\nP\n252025\nC\n']",modelv1.0__2026-05-20 20:23:05
D:/moth_photos/database\batch_08\img_moth_00015105.jpg,"[4000, 6000]",37.01960784313725,"['2025DCR\n01109\n', 'Photoqraphedby\n8Harter\n2025\n', '']","['2025DCR\n01109\n', '8\n2025\n', '']","['2025C\n01109\n', 'P\n8\n2025\n', '']",modelv1.0__2026-05-20 20:23:05
D:/moth_photos/database\batch_08\img_moth_00015106.jpg,"[4000, 6000]",36.53846153846154,"['Photographedby\nBHarter\n2025\n', '2025DCR\n01110\n', 'SanteeCoastalReserve\nCharlestonCoSC\nEFLoPresti\n25Februarv2025\nCaveTrapo\n']","['R\n2025\n', '2025DCR\n01110\n', 'CR\nCCC\n252025\n\nC\n']","['P\n2025\n', '2025C\n01110\n', 'C\nCCC\nP\n252025\nC\n']",modelv1.0__2026-05-20 20:23:05
D:/moth_photos/database\batch_08\img_moth_00015107.jpg,"[4000, 6000]",37.07843137254902,"['2025DCR\n01111\n', 'Photographedby\nBHarter\n2025\n', 'noearmites\nELoPresti2025\n', 'SanteeCoastalReserve\nCharnlestonCoSC\nEFLoPresti\n25Februarv2025\nLiveOakTrao\n']","['2025DCR\n01111\n', '8\n2025\n', '2025\n', 'CR\nCCC\n252025\n']","['2025C\n01111\n', 'P\n8\n2025\n', 'P2025\n', 'C\nCCC\nP\n252025\n']",modelv1.0__2026-05-20 20:23:05
D:/moth_photos/database\batch_08\img_moth_00015108.jpg,"[4000, 6000]",36.57692307692308,"['2025DCR\n01112\n', 'Photoqraphedby\nBHarter\n2025\n', 'SanteeCoastalReserve\nChanestonCoSC\nEFLoPresti\n25Februarv2025\nLiveQOakTrao\n', 'noearmites\nELoPresti2025\n']","['2025DCR\n01112\n', '8\n2025\n', 'CR\nCCC\n252025\n', '0\n2025\n']","['2025C\n01112\n', 'P\n8\n2025\n', 'C\nCCC\nP\n252025\n', '0\nP2025\n']",modelv1.0__2026-05-20 20:23:05
D:/moth_photos/database\batch_08\img_moth_00015109.jpg,"[4000, 6000]",37.01960784313725,"['2025DCR\n01113\n', 'Photoqraphedby\nBHarter\n2025\n', 'SanteeCoastalReserve\nCharnestonCoSC\nEFLoPresti\n25Februarv2025\nLiveOakTrap\n']","['2025DCR\n01113\n', '8\n2025\n', 'CR\nCCC\n252025\n']","['2025C\n01113\n', 'P\n8\n2025\n', 'C\nCCC\nP\n252025\n']",modelv1.0__2026-05-20 20:23:05
D:/moth_photos/database\batch_08\img_moth_00015110.jpg,"[4000, 6000]",37.0,"['9025DCR\n\n01114\n', 'Photoqraphedby\n8Harter\n2025\n', 'SanteeCoastalReserve\nCharlestonCoSC\nEFLoPresti\n25Februarv2025\nLiveOakTrao\n']","['9025DCR\n\n01114\n', '8\n2025\n', 'CR\nCCC\n252025\n\nC\n']","['9025C\n\n01114\n', 'P\n8\n2025\n', 'C\nCCC\nP\n252025\nC\n']",modelv1.0__2026-05-20 20:23:05
D:/moth_photos/database\batch_08\img_moth_00015111.jpg,"[4000, 6000]",36.549019607843135,"['2025DCR\n01115\n', 'Photoqraphedby\n8Harter\n2025\n', 'SanteeCoastalReserve\nCharnlestonCoSC\nEFkoPresti\n25Februarv2025\nLiveOakTrap\n']","['2025DCR\n01115\n', '8\n2025\n', 'CR\nCCC\n252025\n']","['2025C\n01115\n', 'P\n8\n2025\n', 'C\nCCC\nP\n252025\n']",modelv1.0__2026-05-20 20:23:05
D:/moth_photos/database\batch_08\img_moth_00015112.jpg,"[4000, 6000]",36.59615384615385,"['2025DCR\n01116\n', 'Photoqraphedby\nBHarter\n2025\n', 'Santee Coastal Reserve\nCharleston Co\nEFLoPrest\n\n25Februalv yA0\nLiveOak Trap\nOSttl\n\n']","['2025DCR\n01116\n', '8\n2025\n', 'C R\nC C\n\n25 20\n0\nC\n\n']","['2025C\n01116\n', 'P\n8\n2025\n', 'C P\nC C\nP\n\n25 20\n0\nC\n\n']",modelv1.0__2026-05-20 20:23:05
D:/moth_photos/database\batch_08\img_moth_00015113.jpg,"[4000, 6000]",36.53846153846154,"['2025DCR\n01117\n', 'Photoqraphedby\nBHarter\n2025\n', 'SanteeCoastal Reserve\nCharlestonCo SC\n\nEFLoPresti\n25Februarv2025\n\nLiveOakTrao\n']","['2025DCR\n01117\n', '8\n2025\n', 'C R\nCC C\n252025\n\nC\n']","['2025C\n01117\n', 'P\n8\n2025\n', 'C\nCC C\n\nP\n252025\n\nC\n']",modelv1.0__2026-05-20 20:23:05
D:/moth_photos/database\batch_08\img_moth_00015114.jpg,"[4000, 6000]",36.53846153846154,"['2025DCR\n01118\n', 'Photographedby\nBHarter\n2025\n', 'SanteeCoastalReserve\nCharlestonCoSC\nEFLoPresti\n25Februarv2025\nCvoressTrap\n', 'noearmites\nELoPresti2025\n']","['2025DCR\n01118\n', '8\n2025\n', 'CR\nCCC\nR\n252025\nC\n', '2025\n']","['2025C\n01118\n', 'P\n8\n2025\n', 'CP\nCCC\nP\n252025\nC\n', 'P2025\n']",modelv1.0__2026-05-20 20:23:05
D:/moth_photos/database\batch_08\img_moth_00015115.jpg,"[4000, 6000]",36.88461538461538,"['2025DCR\n01119\n', 'Photographedby\nBHarter\n2025\n', 'SanteeCoastalReserve\nCharlestonCoSC\nEFLoPresti\n25Februarv2025\nCvpressTrap\n', 'noearmites\nELoPfesti2025\n']","['2025DCR\n01119\n', '8\n2025\n', 'CR\nCCC\n252025\n\nC\n', '2025\n']","['2025C\n01119\n', 'P\n8\n2025\n', 'C\nCCC\nP\n252025\nC\n', 'P2025\n']",modelv1.0__2026-05-20 20:23:05
D:/moth_photos/database\batch_08\img_moth_00015116.jpg,"[4000, 6000]",36.57692307692308,"['2025DCR\n01120\n', 'Photographedby\nBHarter\n2025\n', 'SanteeCoastalReserve\nCharlestonCoSC\nEFLoPresti\n25Februarv2025\nCvpressTrap\n']","['2025DCR\n01120\n', '8\n2025\n', 'CR\nCCC\n252025\n\nC\n']","['2025C\n01120\n', 'P\n8\n2025\n', 'C\nCCC\nP\n252025\nC\n']",modelv1.0__2026-05-20 20:23:05
D:/moth_photos/database\batch_08\img_moth_00015117.jpg,"[4000, 6000]",36.480769230769226,"['2025DCR\n01121\n', 'Photoqraphedby\nBHarter\n2025\n', 'Cvoress\n']","['2025DCR\n01121\n', '8\n2025\n', 'C\n']","['2025C\n01121\n', 'P\n8\n2025\n', 'C\n']",modelv1.0__2026-05-20 20:23:05
D:/moth_photos/database\batch_08\img_moth_00015118.jpg,"[4000, 6000]",36.519230769230774,"['2025DCR\n01122\n\n', 'Photoqraphedby\nBHarter\n2025\n', 'Santee CoastalReserve\nCharlestonCo S\nEFLoPresti\n25Februarv 2025\nCypressTrap\n']","['2025DCR\n01122\n\n', '8\n2025\n', 'CR\nCC\n25 2025\nC\n']","['2025C\n01122\n\n', 'P\n8\n2025\n', 'C\nCC\nP\n25 2025\nC\n']",modelv1.0__2026-05-20 20:23:05
D:/moth_photos/database\batch_08\img_moth_00015119.jpg,"[4000, 6000]",36.82692307692308,"['2025DCR\n01123\n', 'Photoqraphedby\nBHarter\n2025\n', 'SsseeF7e7r\nSantee CoastalReserve\nCharleston Co\nEF LoPresti\n25Februarv 2025\nCvoressTrap\n']","['2025DCR\n01123\n', '8\n2025\n', '77\nCR\nC C\n25 2025\nC\n']","['2025C\n01123\n', 'P\n8\n2025\n', '77\nC\nC C\nP\n25 2025\nC\n']",modelv1.0__2026-05-20 20:23:05
D:/moth_photos/database\batch_08\img_moth_00015120.jpg,"[4000, 6000]",36.57692307692308,"['2025DCR\n01174\n', 'Photoqraphedby\nBHarter\n2025\n', 'etal\nSantee Coastal Reserve\n']","['2025DCR\n01174\n', '8\n2025\n', 'C R\n']","['2025C\n01174\n', 'P\n8\n2025\n', 'C\n']",modelv1.0__2026-05-20 20:23:05
D:/moth_photos/database\batch_08\img_moth_00015121.jpg,"[4000, 6000]",36.71153846153846,"['2025DCR\n01125\n', 'Photoqraphedby\nBHarter\n2025\n', 'SanteeCoastalReserve\nCharlestonCoSC\nEFLoPresti\n25Februarv2025\nCvoressTrap\n']","['2025DCR\n01125\n', '8\n2025\n', 'CR\nCCC\n252025\n\nC\n']","['2025C\n01125\n', 'P\n8\n2025\n', 'C\nCCC\nP\n252025\nC\n']",modelv1.0__2026-05-20 20:23:05
D:/moth_photos/database\batch_08\img_moth_00015122.jpg,"[4000, 6000]",36.84615384615385,"['2025DCR\n01126\n', 'Photographedby\nBHarter\n2025\n', 'SanteeCoastalReserve\nCharlestonCoSC\nEFLoPresti\n25Februarv2025\nCvpressTrap\n']","['2025DCR\n01126\n', 'R\n2025\n', 'CR\nCCC\n252025\nC\n']","['2025C\n01126\n', 'P\n2025\n', 'C\nCCC\nP\n252025\nC\n']",modelv1.0__2026-05-20 20:23:05
D:/moth_photos/database\batch_08\img_moth_00015123.jpg,"[4000, 6000]",36.55769230769231,"['2025DCR\n01127\n', 'Photoqraphedby\nBHarter\n2025\n', 'SanteeCoastalReserve\nCharlestonCoSC\nEFLoPresti\n13March2025\nOH3Trao\n']","['2025DCR\n01127\n', '8\n2025\n', 'CR\nCCC\n132025\n3\n']","['2025C\n01127\n', 'P\n8\n2025\n', 'C\nCCC\nP\n132025\n3\n']",modelv1.0__2026-05-20 20:23:05
D:/moth_photos/database\batch_08\img_moth_00015124.jpg,"[4000, 6000]",36.63461538461539,"['9025DCR\n01128\n', 'Photographedby\nBHarter\n2025\n', 'SanteeCoastalReserve\nCharlestonCoSC\nEFLoRresti\n13March2025\nOH3Trap\n']","['9025DCR\n01128\n', 'R\n2025\n', 'CR\nCCC\nR\n132025\n3\n']","['9025C\n01128\n', 'P\n2025\n', 'C\nCCC\nP\n132025\n3\n']",modelv1.0__2026-05-20 20:23:05
D:/moth_photos/database\batch_08\img_moth_00015125.jpg,"[4000, 6000]",36.98039215686274,"['2025DCR\n01129\n', 'SanteeCoastalReserve\nCharlestonCoSC\nEFLoPresti\n13March2025\nOH3Trap\n', 'Photographedby\nBHarter\n2025\n']","['2025DCR\n01129\n', 'CR\nCCC\n132025\n3\n', 'R\n2025\n']","['2025C\n01129\n', 'C\nCCC\nP\n132025\n3\n', 'P\n2025\n']",modelv1.0__2026-05-20 20:23:05
D:/moth_photos/database\batch_08\img_moth_00015126.jpg,"[4000, 6000]",36.46153846153847,"['2025DCR\n01130\n', 'Photoqraphedby\nBHarter\n2025\n', 'SanteeCoastalReserve\nCharlestonCoSC\nEFLoPresti\n13March2025\nOH3Trap\n']","['2025DCR\n01130\n', '8\n2025\n', 'CR\nCCC\n132025\n3\n']","['2025C\n01130\n', 'P\n8\n2025\n', 'C\nCCC\nP\n132025\n3\n']",modelv1.0__2026-05-20 20:23:05
D:/moth_photos/database\batch_08\img_moth_00015127.jpg,"[4000, 6000]",37.03921568627451,"['2025DCR\n01131\n', 'Photoqraphedby\nBHarter\n2025\n', 'noearmites\nELoPresti2025\n', 'SanteeCoastalReserve\nCharliestonCoSC\nEFLoPresti\n13March2025\nOH3Trap\n']","['2025DCR\n01131\n', '8\n2025\n', 'C2025\n', 'CR\nCCC\n132025\n3\n']","['2025PC\n01131\n', 'P\n8\n2025\n', 'CP2025\n', 'C\nCCC\nP\n132025\n3\n']",modelv1.0__2026-05-20 20:23:05
D:/moth_photos/database\batch_08\img_moth_00015128.jpg,"[4000, 6000]",36.692307692307686,"['2025DCR\n01132\n', 'Photoqraphedby\nBHarter\n2025\n', 'noearmites\nELoPresti2025\n', 'SanteeCoastaiKeserve\nCharlestonCoSC\nEFLoPresti\n43March2025\nOH3Trap\n']","['2025DCR\n01132\n', '8\n2025\n', '2025\n', 'C\nCCC\n432025\n3D\n']","['2025C\n01132\n', 'P\n8\n2025\n', 'P2025\n', 'C\nCCC\nP\n432025\n3\n']",modelv1.0__2026-05-20 20:23:05
D:/moth_photos/database\batch_08\img_moth_00015129.jpg,"[4000, 6000]",36.57692307692308,"['2025DCR\n01133\n', 'Photographedby\nBHarter\n2025\n', 'SanteeCoastalReserve\nCharlestenCoSC\nEFLoPresti\n13March2025\nBaitTrap\n']","['2025DCR\n01133\n', 'R\n2025\n', 'CR\nCCC\n132025\n']","['2025C\n01133\n', 'P\n2025\n', 'C\nCCC\nP\n132025\n']",modelv1.0__2026-05-20 20:23:05
D:/moth_photos/database\batch_08\img_moth_00015130.jpg,"[4000, 6000]",36.96153846153846,"['2025DCR\n01134\n', 'Photographedby\nBHarter\n2025\n', 'Santee CoastalReserve\nChareston CoS\nEFLoPresti\n43March 2025\nBaitTrap\n']","['2025DCR\n01134\n', '8\n2025\n', 'CR\nC C0\n43 2025\nRD\n']","['2025C\n01134\n', 'P\n8\n2025\n', 'CP\n\nC C0\nP\n43 2025\n']",modelv1.0__2026-05-20 20:23:05
D:/moth_photos/database\batch_08\img_moth_00015131.jpg,"[4000, 6000]",36.55769230769231,"['2025DCR\n01135\n', 'Photoqraphedby\nBHarter\n2025\n', 'SanteeCoastalReserve\nChariestonCoSC\nEFLoPresti\n13March2025\nBaitTrap\n']","['2025DCR\n01135\n', '8\n2025\n', 'CR\nCCC\n132025\n']","['2025C\n01135\n', 'P\n8\n2025\n', 'C\nCCC\nP\n132025\n']",modelv1.0__2026-05-20 20:23:05
D:/moth_photos/database\batch_08\img_moth_00015132.jpg,"[4000, 6000]",36.63461538461539,"['2025DCR\n01136\n', 'Photoqraphedby\n8Harter\n2025\n', 'SanteeCoastalReserve\nCharestonCoSC\nEFLoPresti\n13March2025\nBaitTrap\n']","['2025DCR\n01136\n', '8\n2025\n', 'CR\nCCC\n132025\nR\n']","['2025C\n01136\n', 'P\n8\n2025\n', 'C\nCCC\nP\n132025\n']",modelv1.0__2026-05-20 20:23:05
D:/moth_photos/database\batch_08\img_moth_00015133.jpg,"[4000, 6000]",36.53846153846154,"['2025DCR\n01137\n', 'Photographedby\nBHarter\n2025\n', 'SanteeCoastalReserve\nCharlestonCoSC\nEFLoPresti\n13March2025\nBaitTrap\n']","['2025DCR\n01137\n', '8\n2025\n', 'CR\nCCC\n132025\nR\n']","['2025C\n01137\n', 'P\n8\n2025\n', 'C\nCCC\nP\n132025\n']",modelv1.0__2026-05-20 20:23:05
D:/moth_photos/database\batch_08\img_moth_00015134.jpg,"[4000, 6000]",36.40384615384615,"['2025DCR\n01138\n', 'SanteeCoastalReserve\nCharlestonCoSC\nEFLoPresti\n13March2025\nBaitTrap\n', 'Photographedby\nBHarter\n2025\n']","['2025DCR\n01138\n', 'CR\nCCC\n132025\nR\n', '8\n2025\n']","['2025C\n01138\n', 'C\nCCC\nP\n132025\n', 'P\n8\n2025\n']",modelv1.0__2026-05-20 20:23:05
D:/moth_photos/database\batch_08\img_moth_00015135.jpg,"[4000, 6000]",36.59615384615385,"['2025DCR\n01139\n', 'Photoqraphedby\nBHarter\n2025\n', 'a\nSanteeCoastalReserve\nCharlestonCoSC\nEFLoPresti\n13March2025\nBaitTrap\n']","['2025DCR\n01139\n', '8\n2025\n', 'CR\nCCC\n132025\nR\n']","['2025C\n01139\n', 'P\n8\n2025\n', 'C\nCCC\nP\n132025\n']",modelv1.0__2026-05-20 20:23:05
D:/moth_photos/database\batch_08\img_moth_00015136.jpg,"[4000, 6000]",36.61538461538461,"['Photographedby\nBHarter\n2025\n', '2025DCR\n01140\n', 'oanteeCoastalReserve\nCharlestonCoSC\nEFLoPresti\n13March2025\nBaitTrap\n']","['8\n2025\n', '2025DCR\n01140\n', 'CR\nCCC\n132025\nR\n']","['P\n8\n2025\n', '2025C\n01140\n', 'C\nCCC\nP\n132025\n']",modelv1.0__2026-05-20 20:23:05
D:/moth_photos/database\batch_08\img_moth_00015137.jpg,"[4000, 6000]",36.769230769230774,"['2025DCR\n01141\n', 'SanteeCoastalReserve\nChariestonCoSC\nEFLoPresti\n13March2025\nBaitTrap\n', 'Photographedby\nBHarter\n2025\n', 'noear mites\nE LoPresti2025\n']","['2025DCR\n01141\n', 'CR\nCCC\n132025\nR\n', '8\n2025\n', '2025\n']","['2025C\n01141\n', 'C\nCCC\nP\n132025\n', 'P\n8\n2025\n', 'P2025\n']",modelv1.0__2026-05-20 20:23:05
D:/moth_photos/database\batch_08\img_moth_00015138.jpg,"[4000, 6000]",36.59615384615385,"['2025DCR\n01142\n', 'SanteeCoastalReserve\nCharlestonCoSC\nFFLePresti\n13March2025\nBaitTrap\n', 'Photographedby\nBHarter\n2025\n', 'noearmites\nFLoPresti2025\n']","['2025DCR\n01142\n', 'CR\nCCC\nR\n132025\nR\n', '8\n2025\n', '2025\n']","['2025C\n01142\n', 'C\nCCC\nP\n132025\n', 'P\n8\n2025\n', 'P2025\n']",modelv1.0__2026-05-20 20:23:05
D:/moth_photos/database\batch_08\img_moth_00015139.jpg,"[4000, 6000]",36.53846153846154,"['2025DCR\n01143\n', 'Photographedby\nBHarter\n2025\n', 'noearmites\nELoPresti2025\n', 'Santee Coastal Reserve\nCharleston Co\nEF LoPresti\n43March 2025\nBaitTrao\n\n']","['2025DCR\n01143\n', '8\n2025\n', '2025\n', 'C R\nC C\n43 2025\nR\n\n']","['2025C\n01143\n', 'P\n8\n2025\n', 'P2025\n', 'C\nC C\nP\n43 2025\n\n']",modelv1.0__2026-05-20 20:23:05
D:/moth_photos/database\batch_08\img_moth_00015140.jpg,"[4000, 6000]",36.61538461538461,"['2025DCR\n01144\n', 'Photographedby\nBHarter\n2025\n', 'l\n\nSantee Coastal Reserve\nCharleston Co\n\nF LoPresti\n\nE\n43March 2025\nBaitTrap\n']","['2025DCR\n01144\n', '8\n2025\n', 'C R\nC C\n\n43 2025\nR\n']","['2025C\n01144\n', 'P\n8\n2025\n', 'C\nC C\nP\n\n43 2025\n']",modelv1.0__2026-05-20 20:23:05
D:/moth_photos/database\batch_08\img_moth_00015141.jpg,"[4000, 6000]",36.692307692307686,"['2025DCR\n01145\n', 'Photoqraphedby\nBHarter\n2025\n', 'Santee CoastalReserve\n\nCharleston Co\nEF LoPresti\n4Mav20\n\n25\nLiveOakTrad 1\n\n']","['2025DCR\n01145\n', 'R\n2025\n', 'CR\n\nC C\n420\n\n25\n0 1\n\n']","['2025C\n01145\n', 'P\n2025\n', 'C\n\nC C\nP\n420\n\n25\n0 1\n\n']",modelv1.0__2026-05-20 20:23:05
D:/moth_photos/database\batch_08\img_moth_00015142.jpg,"[4000, 6000]",36.480769230769226,"['2025DCR\n01146\n', 'Photoqraphedby\nBHarter\n2025\n', 'SanteeCoastalReserve\nCharlestonCoSC\nEFLoPresti\n4Mav2025\nLiveOakTrapo\n']","['2025DCR\n01146\n', '8\n2025\n', 'CR\nCCC\n42025\n']","['2025C\n01146\n', 'P\n8\n2025\n', 'C\nCCC\nP\n42025\n']",modelv1.0__2026-05-20 20:23:05
D:/moth_photos/database\batch_08\img_moth_00015143.jpg,"[4000, 6000]",36.28846153846153,"['7025DCR\n01147\n', 'Photoqraphedby\n8Harter\n2025\n', 'SanteeCoastalReserve\nCharlestonCoSC\nEFLoPresti\n1Mav2025\nLiveOakTrao\n']","['7025DCR\n01147\n', '8\n2025\n', 'CR\nCCC\n12025\nC\n']","['7025C\n01147\n', 'P\n8\n2025\n', 'C\nCCC\nP\n12025\nC\n']",modelv1.0__2026-05-20 20:23:05
D:/moth_photos/database\batch_08\img_moth_00015144.jpg,"[4000, 6000]",36.40384615384615,"['2025DCR\n01148\n', 'Photoqraphedby\n8Harter\n404e\n', 'SStFP\nSantee Coastal Reserve\nCharneston Co\nFLoPrest\n4Mav20295\n\nLiveOak Trao\n']","['2025DCR\n01148\n', '8\n4040\n', 'C R\nC C\n420295\n\nC\n']","['2025C\n01148\n', 'P\n8\n4040\n', 'P\nC\nC C\nP\n4W20295\n\nC\n']",modelv1.0__2026-05-20 20:23:05
D:/moth_photos/database\batch_08\img_moth_00015145.jpg,"[4000, 6000]",36.55769230769231,"['2025DCR\n01149\n', 'Photoqraphedby\nBHarter\n2025\n', 'SanteeCoastalReserve\nCharlestonCoSC\nEFLoPresti\n\n4Mav2025\nLiveOakTrap\n']","['2025DCR\n01149\n', '8\n2025\n', 'CR\nCCC\n42025\nC\n']","['2025C\n01149\n', 'P\n8\n2025\n', 'C\nCCC\nPP\n\n42025\nC\n']",modelv1.0__2026-05-20 20:23:05
D:/moth_photos/database\batch_08\img_moth_00015146.jpg,"[4000, 6000]",36.59615384615385,"['2025DCR\n01150\n', 'Photographedby\nBHarter\n2025\n', 'SanteeCoastalReserve\nCharlestonCoSC\nEFLoPresti\n1Mav2025\nCollinsCreekTrap\n']","['2025DCR\n01150\n', '8\n2025\n', 'CR\nCCC\n12025\nCC\n']","['2025C\n01150\n', 'P\n8\n2025\n', 'C\nCCC\nP\n12025\nCC\n']",modelv1.0__2026-05-20 20:23:05
D:/moth_photos/database\batch_08\img_moth_00015147.jpg,"[4000, 6000]",36.519230769230774,"['2025DCR\n01151\n', 'Photoqraphedby\nBHarter\n2025\n', 'SanteeCoastalReserve\nCharlestonCoSC\nEFLoPresti\n4Mav2025\nCollinsCreekTrap\n']","['2025DCR\n01151\n', '8\n2025\n', 'CR\nCC0C\n42025\nCC\n']","['2025C\n01151\n', 'P\n8\n2025\n', 'C\nCC0C\nP\n42025\nCC\n']",modelv1.0__2026-05-20 20:23:05
D:/moth_photos/database\batch_08\img_moth_00015148.jpg,"[4000, 6000]",36.75,"['2025DCR\n01152\n', 'Photographedby\nBHarter\n2025\n', 'SanteeCoastalReserve\nCharlestonCoSC\nEFLoPresti\n1Mav2025\nCollinsCreekTrap\n']","['2025DCR\n01152\n', '8\n2025\n', 'CR\nCCC\n12025\nCC\n']","['2025C\n01152\n', 'P\n8\n2025\n', 'C\nCCC\nP\n12025\nCC\n']",modelv1.0__2026-05-20 20:23:05
D:/moth_photos/database\batch_08\img_moth_00015149.jpg,"[4000, 6000]",36.40384615384615,"['2025DCR\n01153\n', 'Photoqraphedby\nBHarter\n2025\n', 'SanteeCoastalReserve\nCharnestonCoSC\nEFLoPresti\n1Mav2025\nCollinsCreekTrao\n']","['2025DCR\n01153\n', '8\n2025\n', 'CR\nCCC\n12025\nCC\n']","['2025C\n01153\n', 'P\n8\n2025\n', 'C\nCCC\nP\n12025\nCC\n']",modelv1.0__2026-05-20 20:23:05
D:/moth_photos/database\batch_08\img_moth_00015150.jpg,"[4000, 6000]",36.55769230769231,"['2025DCR\n01154\n', 'Photoqraphedby\nBHarter\n2025\n', 'SanteeCoastalReserve\nCharestonCoSC\nEFLoPresti\n1Mav2025\nCollinsCreekTrap\n']","['2025DCR\n01154\n', '8\n2025\n', 'CR\nCCC\n12025\nCC\n']","['2025C\n01154\n', 'P\n8\n2025\n', 'C\nCCC\nP\n12025\nCC\n']",modelv1.0__2026-05-20 20:23:05
D:/moth_photos/database\batch_08\img_moth_00015151.jpg,"[4000, 6000]",36.519230769230774,"['2025DCR\n01155\n', 'no earmites\nELoPresti2025\n', 'Photographedby\nBHarter\n2025\n', 'SanteeCoastalReserve\nCharlestonCoSC\nEFLoPresti\n1Mav2025\nCollinsCreekTrap\n']","['2025DCR\n01155\n', '2025\n', '8\n2025\n', 'CR\nCCC\n12025\nCC\n']","['2025C\n01155\n', 'P2025\n', 'P\n8\n2025\n', 'C\nCCC\nP\n12025\nCC\n']",modelv1.0__2026-05-20 20:23:05
D:/moth_photos/database\batch_08\img_moth_00015152.jpg,"[4000, 6000]",36.78846153846154,"['Photographedby\nBHarter\n2025\n', '2025DCR\n01156\n', 'noearmites\nELoPresti2025\n', 'Santee Coastal Reserve\n\nCharlestorCoSC\nEFLoPresti\n4Mav2025\n\nCollinsCreekTrap\n']","['8\n2025\n', '2025DCR\n01156\n', '2025\n', 'C R\n\nCC0C\n42025\nCC\n']","['P\n8\n2025\n', '2025C\n01156\n', 'P2025\n', 'C\n\nCC0C\nP\n42025\n\nCC\n']",modelv1.0__2026-05-20 20:23:05
D:/moth_photos/database\batch_08\img_moth_00015153.jpg,"[4000, 6000]",37.07843137254902,"['2025DCR\n01157\n', 'Photographedby\nBHarter\n2025\n', 'SanteeCoastalReserve\nCharlestonCoSC\nEFLdPresti\n1Mav2025\nCollinsCreekTrap\n', 'noearmites\nELoPresti2025\n']","['2025DCR\n01157\n', '8\n2025\n', 'CR\nCCC\n12025\nCC\n', '2025\n']","['2025C\n01157\n', 'P\n8\n2025\n', 'C\nCCC\nP\n12025\nCC\n', 'P2025\n']",modelv1.0__2026-05-20 20:23:05
D:/moth_photos/database\batch_08\img_moth_00015154.jpg,"[4000, 6000]",36.63461538461539,"['Photoqraphedby\nBHarter\n2025\n', 'SanteeCoastalReserve\nCharlestonCoSC\nEFLoPresti\n1Mav2025\nCollinsCreekTrap\n', 'noearmites\nELoPresti2025\n', '2025DCR\n01158\n']","['8\n2025\n', 'CR\nCCC\n12025\nCC\n', 'C2025\n', '2025DCR\n01158\n']","['P\n8\n2025\n', 'CP\nCCC\nP\n12025\nCC\n', 'CP2025\n', '2025C\n01158\n']",modelv1.0__2026-05-20 20:23:05
D:/moth_photos/database\batch_08\img_moth_00015155.jpg,"[4000, 6000]",36.63461538461539,"['2025DCR\n01159\n', 'Photographedby\nBHarter\n2025\n', 'SanteeCoastalReserve\nCharlestonCoSC\nEFLoPresti\n19Mav2025\nGatorRoadTrap\n']","['2025DCR\n01159\n', '8\n2025\n', 'CR\nCCC\n192025\nR\n']","['2025C\n01159\n', 'P\n8\n2025\n', 'C\nCCC\nP\n192025\n']",modelv1.0__2026-05-20 20:23:05
D:/moth_photos/database\batch_08\img_moth_00015156.jpg,"[4000, 6000]",36.61538461538461,"['2025DCR\n01160\n', 'Photoqraphedby\nBHarter\n2025\n', 'SanteeCoastalReserve\nCharlestonCoSC\nEFLoPresti\n19Mav2025\nGatorRoadTrap\n']","['2025DCR\n01160\n', '8\n2025\n', 'CR\nCCC\n192025\nR\n']","['2025C\n01160\n', 'P\n8\n2025\n', 'C\nCCC\nP\n192025\n']",modelv1.0__2026-05-20 20:23:05
D:/moth_photos/database\batch_08\img_moth_00015157.jpg,"[4000, 6000]",36.53846153846154,"['2025DCF\n01161\n', 'Photographedby\nBHarter\n2025\n', 'SanteeCoastalReserve\nCharlestonCoSC\nEFLoPresti\n19Mav2025\nGatorRoadTrap\n']","['2025DC\n01161\n', '8\n2025\n', 'CR\nCCC\n192025\nR\n']","['2025C\n01161\n', 'P\n8\n2025\n', 'C\nCCC\nP\n192025\n']",modelv1.0__2026-05-20 20:23:05
D:/moth_photos/database\batch_08\img_moth_00015158.jpg,"[4000, 6000]",36.480769230769226,"['2025DCR\n01162\n', 'Photoqraphedby\nBHarter\n2025\n', 'SanteeCoastalReserve\nCharlestonCoSC\nEFLoPresti\n19Mav2025\nGatorRoadTrap\n']","['2025DCR\n01162\n', '8\n2025\n', 'CR\nCCC\n192025\nR\n']","['2025C\n01162\n', 'P\n8\n2025\n', 'C\nCCC\nP\n192025\n']",modelv1.0__2026-05-20 20:23:05
D:/moth_photos/database\batch_08\img_moth_00015159.jpg,"[4000, 6000]",36.57692307692308,"['2025DCR\n01163\n', 'Photographedby\nBHarter\n2025\n', 'SanteeCoastalReserve\nCharlestonCoSC\nEFLoPresti\n19Mav2025\nGatorRoadTrao\n']","['2025DCR\n01163\n', '8\n2025\n', 'CR\nCCC\n192025\nR\n']","['2025C\n01163\n', 'P\n8\n2025\n', 'C\nCCC\nP\n192025\n']",modelv1.0__2026-05-20 20:23:05
D:/moth_photos/database\batch_08\img_moth_00015160.jpg,"[4000, 6000]",36.75,"['2025DCR\n01164\n', 'Photographedby\nBHarter\n2025\n', 'a\n\nSanteeCoastal Reserve\nCharlestonCo SC\nEFLoPresti\n49Mav2025\n\nGatorRoadTrap\n']","['2025DCR\n01164\n', '8\n2025\n', 'C R\nCC C\n492025\n\nR\n']","['2025C\n01164\n', 'P\n8\n2025\n', 'C\nCC C\nP\n492025\n']",modelv1.0__2026-05-20 20:23:05
D:/moth_photos/database\batch_08\img_moth_00015161.jpg,"[4000, 6000]",36.53846153846154,"['2025DCR\n01165\n', 'Photographedby\nBHarter\n2025\n', 'noearmites\nELoPresti2025\n', 'SanteeCoastalReserve\nCharlestonCoSC\nEFLoPresti\n49Mav2025\nGatorRoadTrap\n']","['2025DCR\n01165\n', 'R\n2025\n', '2025\n', 'CR\nCCC\n492025\nR\n']","['2025PC\n01165\n', 'P\n2025\n', 'P2025\n', 'C\nCCC\nP\n492025\n']",modelv1.0__2026-05-20 20:23:05
D:/moth_photos/database\batch_08\img_moth_00015162.jpg,"[4000, 6000]",36.61538461538461,"['2025DCR\n01166\n', 'Photoqraphedby\nBHarter\n2025\n', 'SanteeCoastalReserve\nCharlestonCoSC\nEFLoPresti\n19Mav2025\nGatorRoadTrap\n', 'noearmites\nELoPresti2025\n']","['2025DCR\n01166\n', '8\n2025\n', 'CR\nCCC\n192025\nR\n', '2025\n']","['2025C\n01166\n', 'P\n8\n2025\n', 'C\nCCC\nP\n192025\n', 'P2025\n']",modelv1.0__2026-05-20 20:23:05
D:/moth_photos/database\batch_08\img_moth_00015163.jpg,"[4000, 6000]",36.61538461538461,"['2025DCR\n01167\n', 'Photographedby\nBHarter\n2025\n', 'noearmites\nELoPresti2025\n', 'Santee CoastalKeserve\nCharlestonCo SC\nEFLoPresti\n49Mav2025\nGatorRoadTrao\n']","['2025DCR\n01167\n', '8\n2025\n', 'C2025\n', 'CR\nCC C\n492025\nR\n']","['2025C\n01167\n', 'P\n8\n2025\n', 'CP2025\n', 'C\nCC C\nP\n492025\n']",modelv1.0__2026-05-20 20:23:05
D:/moth_photos/database\batch_08\img_moth_00015164.jpg,"[4000, 6000]",36.53846153846154,"['2025DCR\n01168\n', 'noearmites\nELoPresti2025\n', 'Photographedby\nBHarter\n2025\n', 'SanteeCoastalReserve\nCharlestonCoSC\nEFLgPresti\n19Mav2025\nGatorRoadTrap\n']","['2025DCR\n01168\n', 'C2025\n', '8\n2025\n', 'CR\nCCC\nR\n192025\nR\n']","['2025C\n01168\n', 'CP2025\n', 'P\n8\n2025\n', 'C\nCCC\nP\n192025\n']",modelv1.0__2026-05-20 20:23:05
D:/moth_photos/database\batch_08\img_moth_00015165.jpg,"[4000, 6000]",36.78846153846154,"['Photoqraphedby\nBHarter\n2025\n', 'noearmites\nELoPresti2025\n', '2025DCR\n01169\n', 'CoastalReserve\nChariestonUO\nEF Lorresti\n49 Mav 2025\nGatorRoad Trap\n']","['8\n2025\n', 'C2025\n', '2025DCR\n01169\n', 'CR\nC0\n49 2025\nR\n']","['P\n8\n2025\n', 'CP2025\n', '2025C\n01169\n', 'C\nC0\n49 2025\n']",modelv1.0__2026-05-20 20:23:05
D:/moth_photos/database\batch_08\img_moth_00015166.jpg,"[4000, 6000]",36.730769230769226,"['2025DCR\n01170\n', 'Photographedby\nBHarter\n2025\n', 'noearmites\nELoPresti 2025\n', 'SanteeCoastalReserve\nCharlestonCoSC\nEFLoPresti\n19Mav2025\nGatorRoadTrap\n']","['2025DCR\n01170\n', '8\n2025\n', '2025\n', 'CR\nCCC\n192025\nR\n']","['2025C\n01170\n', 'P\n8\n2025\n', 'P 2025\n', 'C\nCCC\nP\n192025\n']",modelv1.0__2026-05-20 20:23:05
D:/moth_photos/database\batch_08\img_moth_00015167.jpg,"[4000, 6000]",36.71153846153846,"['2025DCR\n01171\n', 'Photoqraphedby\nBHarter\n2025\n', 'SsistOtt\ncLoPresti2025\n', 'SanteeCoastalReserve\nCharlestonCoSC\nEFLoPresti\n19Mav2025\nGatorRoadTrao\n']","['2025DCR\n01171\n', '8\n2025\n', '02025\n', 'CR\nCCC\n192025\nR\n']","['2025C\n01171\n', 'P\n8\n2025\n', '0P2025\n', 'C\nCCC\nP\n192025\n']",modelv1.0__2026-05-20 20:23:05
D:/moth_photos/database\batch_08\img_moth_00015168.jpg,"[4000, 6000]",36.38461538461538,"['2025DCR\n01172\n', 'Photographedby\nBHarter\n2025\n', 'noearmites\nELoPresti2025\n', '']","['2025DCR\n01172\n', '8\n2025\n', '2025\n', '']","['2025C\n01172\n', 'P\n8\n2025\n', 'P2025\n', '']",modelv1.0__2026-05-20 20:23:05
D:/moth_photos/database\batch_08\img_moth_00015169.jpg,"[4000, 6000]",36.80769230769231,"['2025DCR\n01173\n', 'SanteeCoastalReserve\nCharlestonCoSC\n\nEFLoPresti\n4 MA71FGator Road\n', 'noearmites\nELoPresti2025\n', 'Photoqraphedby\nBHarter\n2025\n']","['2025DCR\n01173\n', 'CR\nCCC\n\n4 715C R\n', '2025\n', '8\n2025\n']","['2025C\n01173\n', 'C\nCCC\n\nP\n4 715C\n', 'P2025\n', 'P\n8\n2025\n']",modelv1.0__2026-05-20 20:23:05
D:/moth_photos/database\batch_08\img_moth_00015170.jpg,"[4000, 6000]",36.57692307692308,"['2025DCR\n01174\n', 'Photoqgraphedby\nBHarter\n2025\n', 'Santee Coastal Resefve\nL Charleston GoSC\nEF oPresti\n\nMsaGator Road\nf f\n', 'noearmites\nELoPresti2025\n']","['2025DCR\n01174\n', '8\n2025\n', 'C R\nC 0C\n0\n\nC R\n', '2025\n']","['2025C\n01174\n', 'P\n8\n2025\n', 'C\nC 0C\n0P\n\nC\n', 'P2025\n']",modelv1.0__2026-05-20 20:23:05
D:/moth_photos/database\batch_08\img_moth_00015171.jpg,"[4000, 6000]",36.63461538461539,"['2025DCR\n01175\n', 'noear mites\nELoPresti2025\n', 'Photoqraphedby\nBHarter\n2025\n', 'santee coastal Reserve\ncnarestor O Cc\nF Loprest\n\nfon per Gatot Road\n\n']","['2025DCR\n01175\n', 'R2025\n', '8\n2025\n', 'C R\nC C\n\nC R\n\n']","['2025C\n01175\n', 'P2025\n', 'P\n8\n2025\n', 'C\nC C\nP\n\nC\n\n']",modelv1.0__2026-05-20 20:23:05
D:/moth_photos/database\batch_08\img_moth_00015172.jpg,"[4000, 6000]",36.65384615384615,"['2025DCR\n01176\n', 'Santee CoastalReserve\nCharjeston CoSC\nod EFLoPresti\ntfeyGatorRoad\n\nall\n', 'Photographedby\nBHarter\n2025\n', 'noearmites\nELoPresti2025\n']","['2025DCR\n01176\n', 'CR\nC CC\nCR\n', '8\n2025\n', '2025\n']","['2025C\n01176\n', 'C\nC CC\nP\nC\n', 'P\n8\n2025\n', 'P2025\n']",modelv1.0__2026-05-20 20:23:05
D:/moth_photos/database\batch_08\img_moth_00015173.jpg,"[4000, 6000]",36.40384615384615,"['2025DCR\n01177\n', 'Photoqraphedby\nBHarter\n2025\n', 'noearmites\nELoPresti2025\n', 'Santee CoastalReserve\nCharleston CoSC\nICA EFLoPresti\njiweerzgator Road\n\nt\n']","['2025DCR\n01177\n', '8\n2025\n', '2025\n', 'CR\nC CC\nC\nR\n']","['2025C\n01177\n', 'P\n8\n2025\n', 'P2025\n', 'C\nC CC\nC P\n']",modelv1.0__2026-05-20 20:23:05
D:/moth_photos/database\batch_08\img_moth_00015174.jpg,"[4000, 6000]",37.05882352941176,"['noearmites\nELoPresti2025\n', 'SanteeCoastalReserve\nChariestonCoSC\n\nGj EFLoPresti\nTy AY 2SGatorRoad\n', '2025DCR\n01178\n', 'Photographedby\nBHarter\n2025\n']","['2025\n', 'CR\nCCC\n\nC\nD5 2CR\n', '2025DCR\n01178\n', '8\n2025\n']","['P2025\n', 'C\nCCC\n\nC P\n5 2C\n', '2025C\n01178\n', 'P\n8\n2025\n']",modelv1.0__2026-05-20 20:23:05
D:/moth_photos/database\batch_08\img_moth_00015175.jpg,"[4000, 6000]",36.40384615384615,"['SanteeCoastalReserve\nCharlegtonCoSC\n\n4 EFLopresti\nnAy zy GatorRoad\n', '2025DCR\n01179\n', 'noearmites\nELoPresti2025\n', 'Photoqgraphedby\nBHarter\n2025\n']","['CR\nCCC\n\n4\n2 R\n', '2025DCR\n01179\n', '2025\n', '8\n2025\n']","['C\nCCC\n\n4 P\n2\n', '2025C\n01179\n', 'P2025\n', 'P\n8\n2025\n']",modelv1.0__2026-05-20 20:23:05
D:/moth_photos/database\batch_08\img_moth_00015176.jpg,"[4000, 6000]",36.80392156862745,"['2025DCR\n01180\n', 'Photographedby\nBHarter\n2025\n', 'noearmites\nELoPresti2025\n', '']","['2025DCR\n01180\n', '8\n2025\n', 'C2025\n', '']","['2025C\n01180\n', 'P\n8\n2025\n', 'CP2025\n', '']",modelv1.0__2026-05-20 20:23:05
D:/moth_photos/database\batch_08\img_moth_00015177.jpg,"[4000, 6000]",36.480769230769226,"['Photoqraphedby\nBHarter\n2025\n', 'SanteeUCOastalNestive\nCharlestonCoSC\n\nk EFLoPresti\nied fA y Ly GatorRoad\n', 'noearmites\nELoPresti2025\n', '2025DCR\n\n01181\n']","['8\n2025\n', 'C\nCCC\n\nR\n', '2025\n', '2025DCR\n\n01181\n']","['P\n8\n2025\n', 'C\nCCC\n\nP\n', 'P2025\n', '2025C\n\n01181\n']",modelv1.0__2026-05-20 20:23:05
D:/moth_photos/database\batch_08\img_moth_00015178.jpg,"[4000, 6000]",36.55769230769231,"['Photographedby\nBHarter\n2025\n', '2025DCR\n01182\n', 'noear mites\nELoPresti2025\n', 'salF\nSantee Coastal Reserve\nCoSC\n\nCharleston\niC EFLoPresti\n\npahe GatorRoad\ni\n']","['R\n2025\n', '2025DCR\n01182\n', '2025\n', 'C R\nCC\n\nC\nC C\n\nR\n']","['P\n2025\n', '2025C\n01182\n', 'P2025\n', 'C\nCC\n\nC\nC CP\n']",modelv1.0__2026-05-20 20:23:05
D:/moth_photos/database\batch_08\img_moth_00015179.jpg,"[4000, 6000]",36.61538461538461,"['2025DCR\n01183\n', 'SanteeCoastalReserve\nCharlestonCoSC\n\n9e AY2CatorRoad\n', 'Photoqraphedby\nBHarter\n2025\n', 'noearmites\nELoPresti2025\n']","['2025DCR\n01183\n', 'CR\nCCC\n\n9 2CR\n', '8\n2025\n', 'C2025\n']","['2025C\n01183\n', 'C\nCCC\n\n9 P2C\n', 'P\n8\n2025\n', 'CP2025\n']",modelv1.0__2026-05-20 20:23:05
D:/moth_photos/database\batch_08\img_moth_00015180.jpg,"[4000, 6000]",36.55769230769231,"['Photoqraphedby\nBHarter\n2025\n', 'SanteeCoastal Reserve\nCharlestonCo sc\n\nEFLoPresti\no mhY 1 GatorRoad\n\n', '2025DCR\n01184\n', 'noearmites\nELoPresti2025\n']","['8\n2025\n', 'C R\nCC C\n\nR\n1 R\n\n', '2025DCR\n01184\n', '0\n2025\n']","['P\n8\n2025\n', 'C\nCC C\n\nP\n1\n\n', '2025C\n01184\n', '0\nP2025\n']",modelv1.0__2026-05-20 20:23:05
D:/moth_photos/database\batch_08\img_moth_00015181.jpg,"[4000, 6000]",36.92156862745098,"['SanteeCoastalReserve\nCharlestonCoSC\nEFLoPresti\n194 AYTS GatorRoad\n', '2025DCR\n01185\n', 'Photographedby\nBHarter\n2025\n', 'noearmites\nELoPresti2025\n']","['CR\nCCC\n194 R\n', '2025DCR\n01185\n', '8\n2025\n', 'CR2025\n']","['C\nCCC\nP\n194\n', '2025C\n01185\n', 'P\n8\n2025\n', 'CP2025\n']",modelv1.0__2026-05-20 20:23:05
D:/moth_photos/database\batch_08\img_moth_00015182.jpg,"[4000, 6000]",36.9607843137255,"['Santee CoastalReserve\n\nCharleston CoSC\nEF LoPresti\n\nGuayr FGator Road\n', 'Photoqraphedby\nBHarter\n2025\n', '2025DCR\n01186\n', 'noearmites\nEe LoPresti2025\n']","['CR\n\nC CC\n\n2 R\n', '8\n2025\n', '2025DCR\n01186\n', '2025\n']","['C\n\nC CC\nP\n\n2\n', 'P\n8\n2025\n', '2025C\n01186\n', 'P2025\n']",modelv1.0__2026-05-20 20:23:05
D:/moth_photos/database\batch_08\img_moth_00015183.jpg,"[4000, 6000]",36.53846153846154,"['SanteeCoastalReserve\nCharlestonCoSC\n\nEFLoPresti\nme ZSGatorRoad\n', '2025DCR\n01187\n', 'Photoqraphedby\nBHarter\n2025\n', 'noearmites\nELoPresti2025\n']","['CR\nCC0C\n\n78R\n', '2025DCR\n01187\n', '8\n2025\n', '2025\n']","['C\nCC0C\n\nP\n78\n', '2025C\n01187\n', 'P\n8\n2025\n', 'P2025\n']",modelv1.0__2026-05-20 20:23:05
D:/moth_photos/database\batch_08\img_moth_00015184.jpg,"[4000, 6000]",36.53846153846154,"['SanteeCoastalReserve\nCharlestonCoSC\nEFLoPresti\nie Ay 75Cator Road\n', 'Photographedby\nBHarter\n2025\n', '2025DCR\n01188\n', 'noearmites\nFLoPresti2025\n']","['CR\nCCC\n75C R\n', '8\n2025\n', '2025DCR\n01188\n', '2025\n']","['C\nCCC\nP\n75C\n', 'P\n8\n2025\n', '2025C\n01188\n', 'P2025\n']",modelv1.0__2026-05-20 20:23:05
D:/moth_photos/database\batch_08\img_moth_00015185.jpg,"[4000, 6000]",36.46153846153847,"['SanteeCoastalKeserve\nCharlestonCoSC\nEFLopresti\n\nAmey ZGatorRoad\n', 'Photographedby\nBHarter\n2025\n', 'no earmites\nELoPresti2025\n', '2025DCR\n01189\n']","['CR\nCCC\n\n2R\n', '8\n2025\n', 'R2025\n', '2025DCR\n01189\n']","['C\nCCC\nP\n\n2\n', 'P\n8\n2025\n', 'P2025\n', '2025C\n01189\n']",modelv1.0__2026-05-20 20:23:05
D:/moth_photos/database\batch_08\img_moth_00015186.jpg,"[4000, 6000]",36.71153846153846,"['2025DCR\n01190\n', 'Photographedby\nBHarter\n2025\n', 'SanteeCoastalReserve\nCharlestonCo SC\nEFLoPresti\n49Mav2025\nMarshTrao\n', 'eee\nnoearmites\n\nELoPresti202\n']","['2025DCR\n01190\n', '8\n2025\n', 'CR\nCC C\n492025\n', 'C202\n']","['2025C\n01190\n', 'P\n8\n2025\n', 'C\nCC C\nP\n492025\n', 'CP202\n']",modelv1.0__2026-05-20 20:23:05
D:/moth_photos/database\batch_08\img_moth_00015187.jpg,"[4000, 6000]",37.01960784313725,"['2025DCR\n01345\n', 'Photographedby\nBHarter\n2025\n', 'SanteeCoastalReserve\nCharlestonCoSC\nEFLoPresti\n\n14March2025\nOrmondHallTrap\n']","['2025DCR\n01345\n', 'R\n2025\n', 'CR\nCCC\n142025\n']","['2025C\n01345\n', 'P\n2025\n', 'C\nCCC\nP\n\n142025\n']",modelv1.0__2026-05-20 20:23:05
D:/moth_photos/database\batch_08\img_moth_00015188.jpg,"[4000, 6000]",36.65384615384615,"['2025DCR\n01191\n', 'Photoqraphedby\nBHarter\n2025\n', 'SanteeCoastalReserve\nChanrlestonCoSC\nEFLoPresti\n19Mav2025\nMarshTrao\n', 'noeaf mites\nELoPresti2025\n']","['2025DCR\n01191\n', '8\n2025\n', 'CR\nCCC\n192025\n', '2025\n']","['2025C\n01191\n', 'P\n8\n2025\n', 'C\nCCC\nP\n192025\n', 'P2025\n']",modelv1.0__2026-05-20 20:23:05
D:/moth_photos/database\batch_08\img_moth_00015189.jpg,"[4000, 6000]",36.55769230769231,"['2025DCR\n01346\n', 'Photoqraphedby\n8Harter\n2025\n', 'SanteeCoastalReserve\nCharlestonCoSC\nEFLoPresti\n14March2025\nOrmondHailTrao\n']","['2025DCR\n01346\n', '8\n2025\n', 'CR\nCCC\n142025\n']","['2025C\n01346\n', 'P\n8\n2025\n', 'C\nCCC\nP\n142025\n']",modelv1.0__2026-05-20 20:23:05
D:/moth_photos/database\batch_08\img_moth_00015190.jpg,"[4000, 6000]",36.65384615384615,"['2025 DCRI\n01192\n', 'Photographedby\nBHarter\n2025\n', 'SanteeCoastalReserve\nCharlestonCoSC\nEFLoPresti\n19Mav2025\nMarshTrao\n', 'noearmites\nELoPresti2025\n']","['2025 DCR\n01192\n', '8\n2025\n', 'CR\nCCC\n192025\n', 'C2025\n']","['2025 C\n01192\n', 'P\n8\n2025\n', 'C\nCCC\nP\n192025\n', 'CP2025\n']",modelv1.0__2026-05-20 20:23:05
D:/moth_photos/database\batch_08\img_moth_00015191.jpg,"[4000, 6000]",36.59615384615385,"['2025DCR\n01347\n', 'Photoqraphedby\nBHarter\n2025\n', 'Santee CoastalReserve\nChariestonCo SC\nFLOPresti\n44March 2025\nArmondHallTraod\n']","['2025DCR\n01347\n', '8\n2025\n', 'CR\nCC C\nC\n44 2025\n']","['2025C\n01347\n', 'P\n8\n2025\n', 'C\nCC C\nCP\n44 2025\n']",modelv1.0__2026-05-20 20:23:05
D:/moth_photos/database\batch_08\img_moth_00015192.jpg,"[4000, 6000]",36.76470588235294,"['2025DCR\n01193\n', 'Photoqraphedby\nBHarter\n2025\n', 'noearmites\n\nE LoPresti2025\n', 'Santee CoastalReserve\nCharleston Co\nEFLpPresti\n49Mav 2025\nMarshTrad\n']","['2025DCR\n01193\n', '8\n2025\n', 'R2025\n', 'CR\nC C\nR\n49 2025\n']","['2025C\n01193\n', 'P\n8\n2025\n', 'P2025\n', 'CP\nC C\nP\n49 2025\n']",modelv1.0__2026-05-20 20:23:05
D:/moth_photos/database\batch_08\img_moth_00015193.jpg,"[4000, 6000]",36.86274509803921,"['2025DCR\n01348\n', 'Photoqgraphedby\nBHarter\n2025\n', 'SanteeCoastalReserve\nChanlestonCoSC\nEFLoPresti\n14March2025\n\nOrmondHallTrap\n']","['2025DCR\n01348\n', '8\n2025\n', 'CR\nCCC\n142025\n']","['2025C\n01348\n', 'P\n8\n2025\n', 'C\nCCC\nP\n142025\n']",modelv1.0__2026-05-20 20:23:05
D:/moth_photos/database\batch_08\img_moth_00015194.jpg,"[4000, 6000]",36.63461538461539,"['Photographedby\nBHarter\n2025\n', 'noearmites\nFLoPresti2025\n', '2025DCR\n01194\n', 'SanteeCoastalReserve\nCharlestonCoSC\nEFLoPresti\n19Mav2025\nMarshTrao\n']","['8\n2025\n', '2025\n', '2025DCR\n01194\n', 'CR\nCCC\n192025\n']","['P\n8\n2025\n', 'P2025\n', '2025C\n01194\n', 'C\nCCC\nP\n192025\n']",modelv1.0__2026-05-20 20:23:05
D:/moth_photos/database\batch_08\img_moth_00015195.jpg,"[4000, 6000]",36.55769230769231,"['2025DCR\n01349\n', 'Photoqraphedby\nBHarter\n2025\n', 'SanteeCoastalReserve\nCharlestonCoSC\nEFLoRresti\n14March2025\nOrmondHallTrao\n']","['2025DCR\n01349\n', '8\n2025\n', 'CR\nCCC\nR\n142025\n']","['2025C\n01349\n', 'P\n8\n2025\n', 'C\nCCC\nP\n142025\n']",modelv1.0__2026-05-20 20:23:05
D:/moth_photos/database\batch_08\img_moth_00015196.jpg,"[4000, 6000]",36.67307692307692,"['2025DCR\n01195\n', 'Photoqraphedby\nBHarter\n2025\n', 'SanteeCoastalReserve\nChariestonCoSC\nEFLoPresti\n19Mav2025\nMarshTrap\n', 'noearmites\nELoPresti2025\n']","['2025DCR\n01195\n', '8\n2025\n', 'CR\nCCC\n192025\n', '2025\n']","['2025C\n01195\n', 'P\n8\n2025\n', 'C\nCCC\nP\n192025\n', 'P2025\n']",modelv1.0__2026-05-20 20:23:05
D:/moth_photos/database\batch_08\img_moth_00015197.jpg,"[4000, 6000]",36.44230769230769,"['2025DCR\n01350\n', 'Photographedby\nBHarter\n2025\n', 'SanteeCoastalReserve\nCharlestonCoSC\nEFtoPresti\n44March2025\nOrmondHallTrap\n']","['2025DCR\n01350\n', '8\n2025\n', 'CR\nCCC\n442025\n']","['2025C\n01350\n', 'P\n8\n2025\n', 'C\nCCC\nP\n442025\n']",modelv1.0__2026-05-20 20:23:05
D:/moth_photos/database\batch_08\img_moth_00015198.jpg,"[4000, 6000]",36.9607843137255,"['Photoqraphedby\nBHarter\n2025\n', '2025DCR\n01196\n', 'noearmites\nELoPresti2025\n', 'sssORo\nSantee CoastalReserve\nCharleston Co\nFLoPrest\n49Mav2025\nMarshTrao\nee\n']","['8\n2025\n', '2025DCR\n01196\n', '2025\n', 'R\nCR\nC C\n492025\n4\n']","['P\n8\n2025\n', '2025C\n01196\n', 'P2025\n', 'C\nC C\nP\n492025\n4\n']",modelv1.0__2026-05-20 20:23:05
D:/moth_photos/database\batch_08\img_moth_00015199.jpg,"[4000, 6000]",36.61538461538461,"['2025DCR\n01351\n', 'Photoqraphedby\nBHarter\n2025\n', 'EULULUlU\nSantee Coastal Reserve\n\nCharlestonUO\nEF LoPresti\n44Match 2025\nOrmond HallTrap\n']","['2025DCR\n01351\n', '8\n2025\n', 'C R\n\nC\n44 2025\n']","['2025C\n01351\n', 'P\n8\n2025\n', 'C\n\nC\nP\n44 2025\n']",modelv1.0__2026-05-20 20:23:05
D:/moth_photos/database\batch_08\img_moth_00015200.jpg,"[4000, 6000]",36.63461538461539,"['2025DCR\n01197\n', 'Photoqraphedby\nBHarter\n2025\n', 'SanteeCoastalReserve\nCharlestonCoSC\nEFLePresti\n19Mav2025\nMarshTrao\n', 'noear mites\nELoPresti202\n']","['2025DCR\n01197\n', '8\n2025\n', 'CR\nCCC\nR\n192025\n', 'C202\n']","['2025C\n01197\n', 'P\n8\n2025\n', 'C\nCCC\nP\n192025\n', 'CP202\n']",modelv1.0__2026-05-20 20:23:05
D:/moth_photos/database\batch_08\img_moth_00015201.jpg,"[4000, 6000]",36.57692307692308,"['2025DCR\n01352\n', 'Photoqraphedby\nBHarter\n2025\n', 'SanteeCoastalReserve\nChanlestonCoSC\nEFloPresti\n14March2025\nOrmondHallTrap\n']","['2025DCR\n01352\n', '8\n2025\n', 'CR\nCCC\n142025\n']","['2025C\n01352\n', 'P\n8\n2025\n', 'C\nCCC\nP\n142025\n']",modelv1.0__2026-05-20 20:23:05
D:/moth_photos/database\batch_08\img_moth_00015202.jpg,"[4000, 6000]",36.42307692307693,"['2025DCR\n01198\n', 'Photoqraphedby\nBHarter\n2025\n', 'SanteeCoastalReserve\nCharlestonCoSC\nEFLoPresti\n19Mav2025\nMarshTrap\n', 'no earmites\nELoPresti202\n']","['2025DCR\n01198\n', '8\n2025\n', 'CR\nCCC\n192025\n', '202\n']","['2025C\n01198\n', 'P\n8\n2025\n', 'C\nCCC\nP\n192025\n', 'P202\n']",modelv1.0__2026-05-20 20:23:05
D:/moth_photos/database\batch_08\img_moth_00015203.jpg,"[4000, 6000]",36.86538461538462,"['2025DCR\nELE\n', 'Photoqraphedby\nBHarter\n2025\n', 'SanteeCoastalReserve\nCharlestonCoSC\nEFLoPresti\n14March2025\nOrmondHallTrap\n']","['2025DCR\n', '8\n2025\n', 'CR\nCCC\n142025\n']","['2025PC\n', 'P\n8\n2025\n', 'C\nCCC\nPP\n142025\n']",modelv1.0__2026-05-20 20:23:05
D:/moth_photos/database\batch_08\img_moth_00015204.jpg,"[4000, 6000]",36.519230769230774,"['Oe\n\n2025DCR\n01199\n', 'Photoqraphedby\nBHarter\n2025\n', 'SanteeCoastalReserve\nCharlestgnCoSC\nEFLoPresti\n19Mav2025\nMarshTrap\n', 'NOearmites\nELoPresti2025\n']","['2025DCR\n01199\n', 'R\n2025\n', 'CR\nCCC\n192025\n', '2025\n']","['2025C\n01199\n', 'P\n2025\n', 'C\nCCC\nP\n192025\n', 'P2025\n']",modelv1.0__2026-05-20 20:23:05
D:/moth_photos/database\batch_08\img_moth_00015205.jpg,"[4000, 6000]",37.05882352941176,"['2025DCR\n01354\n', 'Photoqraphedby\nBHarter\n2025\n', 'SanteeCoastalReserve\nCharlestonCoSC\nEFLoPresti\n14March2025\nOrmondHallTrao\n']","['2025DCR\n01354\n', '8\n2025\n', 'CR\nCCC\n142025\n']","['2025C\n01354\n', 'P\n8\n2025\n', 'C\nCCC\nP\n142025\n']",modelv1.0__2026-05-20 20:23:05
D:/moth_photos/database\batch_08\img_moth_00015206.jpg,"[4000, 6000]",36.480769230769226,"['Photoqraphedby\nBHarter\n2025\n', '2025DCR\n01200\n\n', 'SanteeCoastalReserve\nCharestonCoSC\nEFLoPresti\n19Mavw2025\nMarshTrap\n', 'noearmites\nELoPresti2025\n']","['8\n2025\n', '2025DCR\n01200\n\n', 'CR\nCCC\n192025\n', '2025\n']","['P\n8\n2025\n', '2025C\n01200\n\n', 'C\nCCC\nP\n192025\n', 'P2025\n']",modelv1.0__2026-05-20 20:23:05
D:/moth_photos/database\batch_08\img_moth_00015207.jpg,"[4000, 6000]",36.44230769230769,"['ee\n\n2025DCR\n01355\n', 'Photoqraphedby\nBHarter\n2025\n', 'SanteeCoastalReserve\nCharlestonCoSC\nEFLoPresti\n14March2025\nOrmondHallTrap\n']","['2025DCR\n01355\n', '8\n2025\n', 'CR\nCCC\n142025\n']","['2025C\n01355\n', 'P\n8\n2025\n', 'CP\nCCC\nP\n142025\n']",modelv1.0__2026-05-20 20:23:05
D:/moth_photos/database\batch_08\img_moth_00015208.jpg,"[4000, 6000]",36.5,"['2025DCR\n01201\n', 'Photoqraphedby\nBHarter\n2025\n', 'SanteeCoastal R\n\n']","['2025DCR\n01201\n', '8\n2025\n', 'C R\n\n']","['2025C\n01201\n', 'P\n8\n2025\n', 'C\n\n']",modelv1.0__2026-05-20 20:23:05
D:/moth_photos/database\batch_08\img_moth_00015209.jpg,"[4000, 6000]",36.53846153846154,"['2025DCR\n01356\n', 'Photoqgraphedby\n8Harter\n2025\n', 'SanteeCoastalReserve\nCharlestonCoSC\nEFLoPresti\n14March2025\nOrmondHallTrap\n']","['2025DCR\n01356\n', '8\n2025\n', 'CR\nCCC\n142025\n']","['2025C\n01356\n', 'P\n8\n2025\n', 'C\nCCC\nP\n142025\n']",modelv1.0__2026-05-20 20:23:05
D:/moth_photos/database\batch_08\img_moth_00015210.jpg,"[4000, 6000]",36.38461538461538,"['2025DCR\n01202\n', 'Photoqraphedby\nBHarter\n2025\n', 'SanteeCoastalReserve\nChaplestonCoSC\nEFtoPresti\n19Mav2025\nMarshTrao\n']","['2025DCR\n01202\n', '8\n2025\n', 'CR\nCCC\n192025\n']","['2025C\n01202\n', 'P\n8\n2025\n', 'C\nCCC\nP\n192025\n']",modelv1.0__2026-05-20 20:23:05
D:/moth_photos/database\batch_08\img_moth_00015211.jpg,"[4000, 6000]",36.65384615384615,"['2025DCR\n01357\n', 'Photoqraphedby\nBHarter\n2025\n', 'SanteeCoastalReserve\nCharlestonCoSC\nEFLoPresti\n14March2025\nOrmondHallTrap\n', 'noearmites\nELoPresti2025\n']","['2025DCR\n01357\n', '8\n2025\n', 'CR\nCCC\n142025\n', '2025\n']","['2025C\n01357\n', 'P\n8\n2025\n', 'C\nCCC\nP\n142025\n', 'P2025\n']",modelv1.0__2026-05-20 20:23:05
D:/moth_photos/database\batch_08\img_moth_00015212.jpg,"[4000, 6000]",36.53846153846154,"['2025DCR\n01203\n', 'Photoqraphedby\nBHarter\n2025\n', 'SanteeCoastalReserve\nCharlestohCoSC\nEFLoPresti\n19Mav2025\nMarshTrao\n']","['2025DCR\n01203\n', '8\n2025\n', 'CR\nCCC\n192025\n']","['2025C\n01203\n', 'P\n8\n2025\n', 'C\nCCC\n\nP\n\n192025\n']",modelv1.0__2026-05-20 20:23:05
D:/moth_photos/database\batch_08\img_moth_00015213.jpg,"[4000, 6000]",36.44230769230769,"['2025DCR\n01358\n', 'Photoqraphedby\nBHarter\n2025\n', 'noearmites\nELoPresti2025\n', 'SanteeCoastalReserve\nCharlestonCoSC\nEFLoPresti\n14March2025\nOrmondHailTrap\n']","['2025DCR\n01358\n', '8\n2025\n', '2025\n', 'CR\nCCC\n142025\n']","['2025C\n01358\n', 'P\n8\n2025\n', 'P2025\n', 'C\nCCC\nP\n142025\n']",modelv1.0__2026-05-20 20:23:05
D:/moth_photos/database\batch_08\img_moth_00015214.jpg,"[4000, 6000]",37.05882352941176,"['2025DCR\n01204\n', 'Photographedby\nBHarter\n2025\n', 'SanteeCoastalReserve\nCharlestonCoSC\nEFLoPresti\n19Mav2025\nMarshTrap\n']","['2025DCR\n01204\n', '8\n2025\n', 'CR\nCCC\n192025\n']","['2025C\n01204\n', 'P\n8\n2025\n', 'CP\nCCC\nP\n192025\n']",modelv1.0__2026-05-20 20:23:05
D:/moth_photos/database\batch_08\img_moth_00015215.jpg,"[4000, 6000]",36.61538461538461,"['leftearmites\ne\n\nEFL2024\n', '2025DCR\n01359\n', 'Photoqraphedby\nBHarter\n2025\n', 'SanteeCoastalReserve\nCharlestonCoSC\nEFLoPresti\n44March2025\nOrmondHallTrap\n']","['2024\n', '2025DCR\n01359\n', '8\n2025\n', 'CR\nCCC\n442025\n']","['2024\n', '2025C\n01359\n', 'P\n8\n2025\n', 'C\nCCC\nP\n442025\n']",modelv1.0__2026-05-20 20:23:05
D:/moth_photos/database\batch_08\img_moth_00015216.jpg,"[4000, 6000]",36.57692307692308,"['2025DCR\n01205\n', 'Photographedby\nBHarter\n2025\n', 'SanteeCoastalReserve\nCharlestonCoSC\nEFLoPresti\n19Mav2025\nMarshTrap\n']","['2025DCR\n01205\n', '8\n2025\n', 'CR\nCCC\n192025\n']","['2025C\n01205\n', 'P\n8\n2025\n', 'C\nCCC\nP\n192025\n']",modelv1.0__2026-05-20 20:23:05
D:/moth_photos/database\batch_08\img_moth_00015217.jpg,"[4000, 6000]",36.65384615384615,"['Photographedby\nBHarter\n2025\n', '2025DCR\n01360\n', 'SanteeCoastalReserve\nCharlestonCoSC\nEFLoPresti\n14March2025\nJamesCanebrakeTrap\n']","['8\n2025\n', '2025DCR\n01360\n', 'CR\nCCC\n142025\nC\n']","['P\n8\n2025\n', '2025C\n01360\n', 'C\nCCC\nP\n142025\nC\n']",modelv1.0__2026-05-20 20:23:05
D:/moth_photos/database\batch_08\img_moth_00015218.jpg,"[4000, 6000]",36.38461538461538,"['2025DCR\n01206\n', 'Photoqraphedby\nBHarter\n2025\n', 'SanteeCoastalReserve\nChanlestonCoSC\nEFLoPresti\n19Mav2025\nMarshTrao\n']","['2025DCR\n01206\n', '8\n2025\n', 'CR\nCCC\n192025\n']","['2025C\n01206\n', 'P\n8\n2025\n', 'C\nCCC\nP\n192025\n']",modelv1.0__2026-05-20 20:23:05
D:/moth_photos/database\batch_08\img_moth_00015219.jpg,"[4000, 6000]",36.59615384615385,"['2025DCR\n01361\n', 'Photoqraphedby\nBHarter\n2025\n', 'SanteeCoastalReserve\nCharlestonCoSC\nEFLoPresti\n14March2025\nJamesCanebrakeTrap\n']","['2025DCR\n01361\n', '8\n2025\n', 'CR\nCCC\n142025\nC\n']","['2025C\n01361\n', 'P\n8\n2025\n', 'C\nCCC\nP\n142025\nC\n']",modelv1.0__2026-05-20 20:23:05
D:/moth_photos/database\batch_08\img_moth_00015220.jpg,"[4000, 6000]",36.44230769230769,"['2025DCR\n01208\n', 'Photoqraphedby\nBHarter\n2025\n', 'E\nSantee CoastalReserve\nCharlestonCoS\nEF LoPresti\n4Mav2025\nOrmondHall Trap\n1\n']","['2025DCR\n01208\n', '8\n2025\n', 'CR\n\nCC0\n42025\n\n1\n']","['2025PC\n01208\n', 'P\n8\n2025\n', 'C\nCC0\nP\n4W2025\n1\n']",modelv1.0__2026-05-20 20:23:05
D:/moth_photos/database\batch_08\img_moth_00015221.jpg,"[4000, 6000]",36.519230769230774,"['2025DCR\n01362\n', 'Photographedby\nBHarter\n2025\n', 'SanteeCoastalReserve\nCharlestohCoSC\nEFLoPresti\n14March2025\nJamesCanebrakeTrap\n']","['2025DCR\n01362\n', '8\n2025\n', 'CR\nCCC\n142025\nC\n']","['2025C\n01362\n', 'P\n8\n2025\n', 'C\nCCC\nP\n142025\nC\n']",modelv1.0__2026-05-20 20:23:05
D:/moth_photos/database\batch_08\img_moth_00015222.jpg,"[4000, 6000]",36.98039215686274,"['2025DCR\n01209\n', 'Photoqraphedby\nBHarter\n2025\n', 'Santee CoastalReserve\nCharleston Co\nEF LoPresti\n4Mav2025\nOrmondHall Trap\n\ntt\n']","['2025DCR\n01209\n', '8\n2025\n', 'CR\nC C\n42025\n']","['2025C\n01209\n', 'P\n8\n2025\n', 'C\nC C\nP\n42025\n']",modelv1.0__2026-05-20 20:23:05
D:/moth_photos/database\batch_08\img_moth_00015223.jpg,"[4000, 6000]",36.53846153846154,"['Photographedby\nBHarter\n2025\n', '2025DCR\n01363\n', 'SanteeCoastalReserve\nCharlestonCoSC\nEFLoPresti\n44March2025\nJamesCanebrake Trap\n']","['8\n2025\n', '2025DCR\n01363\n', 'CR\nCCC\n442025\nC\n']","['P\n8\n2025\n', '2025C\n01363\n', 'C\nCCC\nP\n442025\nC\n']",modelv1.0__2026-05-20 20:23:05
D:/moth_photos/database\batch_08\img_moth_00015224.jpg,"[4000, 6000]",36.78846153846154,"['2025DCR\n01210\n', 'Photoqraphedby\nBHarter\n2025\n', 'SanteeCoastalReserve\nCharlestonCoSC\nEFLoPresti\n1Mav2025\nOrmondHallTrap\n', '']","['2025DCR\n01210\n', '8\n2025\n', 'CR\nCCC\n12025\n', '']","['2025C\n01210\n', 'P\n8\n2025\n', 'C\nCCC\nP\n12025\n', '']",modelv1.0__2026-05-20 20:23:05
D:/moth_photos/database\batch_08\img_moth_00015225.jpg,"[4000, 6000]",36.40384615384615,"['2025DCR\n01364\n', 'Photoqraphedby\n8Harter\n2025\n', 'SanteeCoastalReserve\nChanestonCoSC\nEFLoPresti\n14March2025\nJamesCanebrakeTrap\n']","['2025DCR\n01364\n', '8\n2025\n', 'CR\nCCC\n142025\nC\n']","['2025C\n01364\n', 'P\n8\n2025\n', 'C\nCCC\nP\n142025\nC\n']",modelv1.0__2026-05-20 20:23:05
D:/moth_photos/database\batch_08\img_moth_00015226.jpg,"[4000, 6000]",36.9607843137255,"['2025DCR\n01211\n', 'Photoqraphedby\nBHarter\n2025\n', 'SanteeCoastal Reserve\nCharlestonCo SC\nEFLoPresti\n4Mav2025\nOrmondHallTrao\n']","['2025DCR\n01211\n', '8\n2025\n', 'C R\nCC C\n42025\n']","['2025C\n01211\n', 'P\n8\n2025\n', 'C\nCC C\nP\n42025\n']",modelv1.0__2026-05-20 20:23:05
D:/moth_photos/database\batch_08\img_moth_00015227.jpg,"[4000, 6000]",37.0,"['2025DCR\n01365\n', 'Photographedby\nBHarter\nvA040\n', 'SanteeCoastalReserve\nCharlestonCoSC\nEFLoPresti\n14March2025\nJamesCanebrakeTrap\n']","['2025DCR\n01365\n', '8\n4040\n', 'CR\nCCC\n142025\nC\n']","['2025C\n01365\n', 'P\n8\n4040\n', 'C\nCCC\nP\n142025\nC\n']",modelv1.0__2026-05-20 20:23:05
D:/moth_photos/database\batch_08\img_moth_00015228.jpg,"[4000, 6000]",36.72549019607843,"['2025DCR\n01212\n', 'Photoqraphedby\nBHarter\n2025\n', 'SanteeCoastalReserve\nCharlestonCoSC\nEFLoPresti\n1Mav2025\nOrmondHallTrap\n']","['2025DCR\n01212\n', '8\n2025\n', 'CR\nCCC\n12025\n']","['2025C\n01212\n', 'P\n8\n2025\n', 'C\nCCC\nP\n12025\n']",modelv1.0__2026-05-20 20:23:05
D:/moth_photos/database\batch_08\img_moth_00015229.jpg,"[4000, 6000]",36.692307692307686,"['2025DCR\n01366\n', 'Photoqraphedby\nBHarter\n2025\n', 'SanteeCoastalReserve\nCharlestonCoSC\nEFLoPresti\n14March2025\nJamesCanebrakeTrap\n']","['2025DCR\n01366\n', '8\n2025\n', 'CR\nCCC\n142025\nC\n']","['2025C\n01366\n', 'P\n8\n2025\n', 'C\nCCC\nP\n142025\nC\n']",modelv1.0__2026-05-20 20:23:05
D:/moth_photos/database\batch_08\img_moth_00015230.jpg,"[4000, 6000]",36.98039215686274,"['2025DCR\n01213\n', 'Photoqraphedby\nBHarter\n2025\n', 'SanteeCoastalReserve\nCharlestonCoSC\nEFLoPtesti\n22Aoril2025\nCvpressTrap\n']","['2025DCR\n01213\n', '8\n2025\n', 'CR\nCCC\n222025\nC\n']","['2025C\n01213\n', 'P\n8\n2025\n', 'C\nCCC\nP\n222025\nC\n']",modelv1.0__2026-05-20 20:23:05
D:/moth_photos/database\batch_08\img_moth_00015231.jpg,"[4000, 6000]",36.40384615384615,"['2025DCR\n01367\n', 'Photographedby\nBHarter\n2025\n', 'SanteeCoastalReserve\nCharlestonCoSC\nEFLoPresti\n14March2025\nJamesCanebrakeTrap\n']","['2025DCR\n01367\n', 'R\n2025\n', 'CR\nCCC\n142025\nC\n']","['2025PC\n01367\n', 'P\n2025\n', 'C\nCCC\nP\n142025\nC\n']",modelv1.0__2026-05-20 20:23:05
D:/moth_photos/database\batch_08\img_moth_00015232.jpg,"[4000, 6000]",36.42307692307693,"['2025DCR\n01214\n', 'Photographedby\nBHarter\n2025\n', 'SanteeCoastalReserve\nCharlestonCoSC\nEFLoPresti\n22April2025\nCvpressTrap\n']","['2025DCR\n01214\n', 'R\n2025\n', 'CR\nCCC\n222025\nC\n']","['2025C\n01214\n', 'P\n2025\n', 'C\nCCC\nP\n222025\nC\n']",modelv1.0__2026-05-20 20:23:05
D:/moth_photos/database\batch_08\img_moth_00015233.jpg,"[4000, 6000]",37.01960784313725,"['2025DCR\n01368\n', 'Photoqraphedby\nBHarter\n2025\n', 'SanteeCoastalReserve\nCharlestonCoSC\nEFLoPresti\n14March2025\nJamesCanebrakeTrap\n']","['2025DCR\n01368\n', '8\n2025\n', 'CR\nCCC\n142025\nC\n']","['2025C\n01368\n', 'P\n8\n2025\n', 'C\nCCC\nP\n142025\nC\n']",modelv1.0__2026-05-20 20:23:05
D:/moth_photos/database\batch_08\img_moth_00015234.jpg,"[4000, 6000]",36.44230769230769,"['2025DCR\n01215\n', 'SanteeCoastalReserve\nCharlestonCoSC\nEFLoPresti\n22Aopril2025\nCvoressTrap\n', 'Photographedby\nBHarter\n2025\n', 'noearmites\nELoPresti2025\n']","['2025DCR\n01215\n', 'CR\nCCC\n222025\nC\n', '8\n2025\n', '2025\n']","['2025C\n01215\n', 'C\nCCC\nP\n222025\nC\n', 'P\n8W\n2025\n', 'P2025\n']",modelv1.0__2026-05-20 20:23:05
D:/moth_photos/database\batch_08\img_moth_00015235.jpg,"[4000, 6000]",36.98039215686274,"['2025DCR\n01369\n', 'Photoqraphedby\nBHarter\n2025\n', 'SanteeCoastalReserve\nCharlestonCoSC\nEFLoPresti\n14March2025\nJamesCanebrakeTrap\n']","['2025DCR\n01369\n', '8\n2025\n', 'CR\nCCC\n142025\nC\n']","['2025C\n01369\n', 'P\n8\n2025\n', 'C\nCCC\nP\n142025\nC\n']",modelv1.0__2026-05-20 20:23:05
D:/moth_photos/database\batch_08\img_moth_00015236.jpg,"[4000, 6000]",37.05882352941176,"['2025DCR\n01216\n', 'Photoqraphedby\nBHarter\n2025\n', 'SanteeCoastalReserve\nCharlestonCoSC\nEFLoPresti\n22April2025\nCvpressTrap\n', '']","['2025DCR\n01216\n', '8\n2025\n', 'CR\nCCC\n222025\nC\n', '']","['2025C\n01216\n', 'P\n8\n2025\n', 'C\nCCC\nP\n222025\nC\n', '']",modelv1.0__2026-05-20 20:23:05
D:/moth_photos/database\batch_08\img_moth_00015237.jpg,"[4000, 6000]",37.0,"['2025DCR\n01370\n', 'Photoqraphedby\nBHarter\n2025\n', 'Santee CoastalReserve\nCharlestonCo SC\nEFLoPresti\n44March2025\nJames CanebrakeTrap\n']","['2025DCR\n01370\n', '8\n2025\n', 'CR\nCC C\n\n442025\nC4\n']","['2025C\n01370\n', 'P\n8\n2025\n', 'C\nCC C\nP\n44W2025\nC4\n']",modelv1.0__2026-05-20 20:23:05
D:/moth_photos/database\batch_08\img_moth_00015238.jpg,"[4000, 6000]",36.32692307692307,"['2025DCR\n01217\n', 'Photoqraphedby\n8Horter\n2025\n', 'SanteeCoastalReserve\nCharnestonCoSC\nEFLoPresti\n2Mav2025\nCollinsCreekTrao\n']","['2025DCR\n01217\n', '8\n2025\n', 'CR\nCCC\n22025\nCC\n']","['2025C\n01217\n', 'P\n8\n2025\n', 'C\nCCC\nP\n22025\nCC\n']",modelv1.0__2026-05-20 20:23:05
D:/moth_photos/database\batch_08\img_moth_00015239.jpg,"[4000, 6000]",36.9607843137255,"['2025DCR\n01371\n', 'Photoqraphedby\nBHarter\n2025\n', 'SanteeCoastalReserve\nCharlestonCoSC\nEFlLoPresti\n14March2025\n\nJamesCanebrakeTrap\n']","['2025DCR\n01371\n', '8\n2025\n', 'CR\nCCC\n142025\n\nC\n']","['2025C\n01371\n', 'P\n8\n2025\n', 'C\nCCC\nP\n142025\n\nC\n']",modelv1.0__2026-05-20 20:23:05
D:/moth_photos/database\batch_08\img_moth_00015240.jpg,"[4000, 6000]",36.9607843137255,"['2025DCR\n01218\n', 'Photoqraphedby\n8Harter\n2025\n', 'SanteeCoastalReserve\nCharestonCoSC\nEFLoPresti\n2Mav2025\nCollinsCreekTrap\n']","['2025DCR\n01218\n', '8\n2025\n', 'CR\nCCC\n22025\nCC\n']","['2025C\n01218\n', 'P\n8\n2025\n', 'C\nCCC\nP\n22025\nCC\n']",modelv1.0__2026-05-20 20:23:05
D:/moth_photos/database\batch_08\img_moth_00015241.jpg,"[4000, 6000]",36.40384615384615,"['2025DCR\n01372\n', 'Photoqgraphedby\nBHarter\n2025\n', 'noearmites\nELoPresti2025\n', 'SanteeCoastalReserve\nCharlestonCoSC\nEFLoPresti\n\n2March2025\nb Trap\n']","['2025DCR\n01372\n', '8\n2025\n', 'R2025\n', 'CR\nCCC\n22025\n']","['2025C\n01372\n', 'P\n8\n2025\n', 'P2025\n', 'C\nCCC\nP\n\n22025\n']",modelv1.0__2026-05-20 20:23:05
D:/moth_photos/database\batch_08\img_moth_00015242.jpg,"[4000, 6000]",36.34615384615385,"['2025DCR\n01219\n', 'Photoqraphedby\n8Harter\n2025\n', 'SanteeCoastalReserve\nCharlestonCoSC\nEFLoPresti\n2May2025\nCollinsCreekTrao\n']","['2025DCR\n01219\n', '8\n2025\n', 'CR\nCCC\n22025\nCC\n']","['2025C\n01219\n', 'P\n8\n2025\n', 'CP\nCCC\nP\n22025\nCC\n']",modelv1.0__2026-05-20 20:23:05
D:/moth_photos/database\batch_08\img_moth_00015243.jpg,"[4000, 6000]",36.5,"['2025DCR\n01373\n', 'Photoqraphedby\n8Harter\n2025\n', 'noearmites\nELoPresti2025\n', 'SanteeCoastalReserve\nChanlestonCoSC\nEFLoPresti\n12March2025\n\np Cc Trap\n']","['2025DCR\n01373\n', '8\n2025\n', '2025\n', 'CR\nCCC\n122025\n\nC\n']","['2025C\n01373\n', 'P\n8\n2025\n', 'P2025\n', 'C\nCCC\nP\n122025\n\nC\n']",modelv1.0__2026-05-20 20:23:05
D:/moth_photos/database\batch_08\img_moth_00015244.jpg,"[4000, 6000]",36.769230769230774,"['Photoqraphedby\nBHarter\n2025\n', '2025DCR\n012770\n', 'SanteeCoastalReserve\nCharlestonCoSC\nEFLoPresti\n2Mav2025\nCollinsCreekTrap\n']","['8\n2025\n', '2025DCR\n012770\n', 'CR\nCCC\n22025\nCC\n']","['P\n8\n2025\n', '2025C\n012770\n', 'C\nCCC\nP\n22025\nCC\n']",modelv1.0__2026-05-20 20:23:05
D:/moth_photos/database\batch_08\img_moth_00015245.jpg,"[4000, 6000]",36.90196078431373,"['2025DCR\n01374\n', 'Photoqraphedby\nBHarter\n2025\n', 'noearmites\nELoPresti2025\n', 'SanteeCoastalReserve\nCharlestonCoSC\nEFLoPresti\n12March2025\nt f Trap\n']","['2025DCR\n01374\n', '8\n2025\n', '2025\n', 'CR\nCCC\n122025\n']","['2025C\n01374\n', 'P\n8\n2025\n', 'P2025\n', 'CP\nCCC\nP\n122025\n']",modelv1.0__2026-05-20 20:23:05
D:/moth_photos/database\batch_08\img_moth_00015246.jpg,"[4000, 6000]",36.80769230769231,"['2025DCR\n01771\n', 'Photoqraphedby\n8Harter\n2025\n', 'SanteeCoastal Reserve\nChariestonCo SC\nEFtoPresti\n2Mav2025\nCollinsCreekTrap\n']","['2025DCR\n01771\n', '8\n2025\n', 'C R\nCC C\n22025\nCC\n']","['2025C\n01771\n', 'P\n8\n2025\n', 'C\nCC C\nP\n22025\nCC\n']",modelv1.0__2026-05-20 20:23:05
D:/moth_photos/database\batch_08\img_moth_00015247.jpg,"[4000, 6000]",36.36538461538461,"['2025DCR\n01375\n', 'Photoqgraphedby\nBHarter\n2025\n', 'noearmites\nE LoPresti2025\n', 'SanteeCoastalReserve\nChanlestonCoSC\nEFLoPresti\n12March2025\nCvpressTrap\n']","['2025DCR\n01375\n', '8\n2025\n', '0\n2025\n', 'CR\nCCC\n122025\nC\n']","['2025C\n01375\n', 'P\n8\n2025\n', '0\nP2025\n', 'C\nCCC\nP\n122025\nC\n']",modelv1.0__2026-05-20 20:23:05
D:/moth_photos/database\batch_08\img_moth_00015248.jpg,"[4000, 6000]",36.519230769230774,"['2025 pCR\n01222\n', 'Photographedby\nBHarter\n2025\n', 'SanteeCoastalReserve\nCharlestonCoSC\nEFLoPresti\n2Mav2025\nCollinsCreekTrao\n']","['2025 DCR\n01222\n', 'R\n2025\n', 'CR\nCCC\n22025\nCC\n']","['2025 C\n01222\n', 'P\n2025\n', 'C\nCCC\nP\n22025\nCC\n']",modelv1.0__2026-05-20 20:23:05
D:/moth_photos/database\batch_08\img_moth_00015249.jpg,"[4000, 6000]",36.92156862745098,"['2025DCR\n01376\n', 'noearmites\nELoPresti2025\n', 'Photographedby\nBHarter\n2025\n', 'SanteeCoastalReserve\nCharlestonCoSC\nEFLoPresti\n42March2025\nCvporessTrap\n']","['2025DCR\n01376\n', 'C2025\n', '8\n2025\n', 'CR\nCCC\n422025\nC\n']","['2025C\n01376\n', 'CP2025\n', 'P\n8\n2025\n', 'C\nCCC\nP\n422025\nC\n']",modelv1.0__2026-05-20 20:23:05
D:/moth_photos/database\batch_08\img_moth_00015250.jpg,"[4000, 6000]",36.94117647058823,"['2025DCR\n01223\n', 'Photoqraphedby\nBHarter\n2025\n', 'SanteeCoastalReserve\nCharlestonCoS\nEFLoPresti\n2Mav2025\nCollinsCreekTrao\n']","['2025DCR\n01223\n', '8\n2025\n', 'CR\nCC0\n22025\nCC\n']","['2025C\n01223\n', 'P\n8\n2025\n', 'C\nCC0\nP\n22025\nCC\n']",modelv1.0__2026-05-20 20:23:05
D:/moth_photos/database\batch_08\img_moth_00015251.jpg,"[4000, 6000]",36.692307692307686,"['2025DCR\n01377\n', 'Photoqraphedby\n8Harter\n2025\n', 'SanteeCoastalReserve\nCharlestonCoSC\nEFLoPresti\n42March2025\nCvpressTrap\n', '']","['2025DCR\n01377\n', '8\n2025\n', 'CR\nCCC\n422025\nC\n', '']","['2025C\n01377\n', 'P\n8\n2025\n', 'C\nCCC\nP\n422025\nC\n', '']",modelv1.0__2026-05-20 20:23:05
D:/moth_photos/database\batch_08\img_moth_00015252.jpg,"[4000, 6000]",36.36538461538461,"['2025DCR\n01224\n', 'Photoqraphedby\nBHarter\n2025\n', 'SanteeCoastalReserve\nCharlestonCoSC\nEFLoPresti\n2Mav2025\nCollinsCreekTrap\n', 'noearmites\nELoPresti2025\n']","['2025DCR\n01224\n', '8\n2025\n', 'CR\nCCC\n22025\nCC\n', '2025\n']","['2025PC\n01224\n', 'P\n8\n2025\n', 'C\nCCC\nP\n22025\nCC\n', 'P2025\n']",modelv1.0__2026-05-20 20:23:05
D:/moth_photos/database\batch_08\img_moth_00015253.jpg,"[4000, 6000]",36.84313725490196,"['2025DCR\n01378\n', 'Photoqraphedby\nBHarter\n2025\n', 'astal Reserve\n\nSantee Co\nCnariestonU\nEF LoPresti\n42March2025\n\nTrad\n\nCvyoress\n\n']","['2025DCR\n01378\n', '8\n2025\n', 'R\n\nC\nC\n422025\n\nC\n\n']","['2025PC\n01378\n', 'P\n8\n2025\n', 'P\n\nC\nC\nP\n422025\n\nC\n\n']",modelv1.0__2026-05-20 20:23:05
D:/moth_photos/database\batch_08\img_moth_00015254.jpg,"[4000, 6000]",36.36538461538461,"['Photographedby\nBHarter\n2025\n', '2025 ocr\n01225\n', 'SanteeCoastalReserve\nCharlestonCoSC\nEFLoPresti\n2May2025\nCollinsCreekTrap\n', 'noearmites\nELoPresti2025\n']","['8\n2025\n', '2025 R\n01225\n', 'CR\nCCC\n22025\nCC\n', '2025\n']","['P\n8\n2025\n', '2025\n01225\n', 'C\nCCC\nP\n22025\nCC\n', 'P2025\n']",modelv1.0__2026-05-20 20:23:05
D:/moth_photos/database\batch_08\img_moth_00015255.jpg,"[4000, 6000]",37.01960784313725,"['2025DCR\n01379\n', 'Photoqraphedby\nBHarter\n2025\n', 'SanteeCoastalReserve\nCharlestonCoSC\nEFLoPresti\n12March2025\nCvoressTrap\n']","['2025DCR\n01379\n', 'R\n2025\n', 'CR\nCCC\nR\n122025\nC\n']","['2025C\n01379\n', 'P\n2025\n', 'C\nCCC\nP\n122025\nC\n']",modelv1.0__2026-05-20 20:23:05
D:/moth_photos/database\batch_08\img_moth_00015256.jpg,"[4000, 6000]",37.03921568627451,"['2025DCR\n01226\n', 'Photoqraphedby\nBHarter\n2025\n', 'SanteeCoastalReserve\nChanlestonCoSC\nEFkhoPresti\n29March2025\nSandPitTrap\n']","['2025DCR\n01226\n', '8\n2025\n', 'CR\nCCC\n292025\n']","['2025C\n01226\n', 'P\n8\n2025\n', 'C\nCCC\nP\n292025\nP\n']",modelv1.0__2026-05-20 20:23:05
D:/moth_photos/database\batch_08\img_moth_00015257.jpg,"[4000, 6000]",37.03921568627451,"['Photoqraphedby\nBHarter\n2025\n', 'Si\n3025DCR\n91380\n', 'be\nSanteeCoastalReserve\nChanestonCoSC\nEFLoPresti\n12March2025\nCvopressTrap\n']","['8\n2025\n', '3025DCR\n91380\n', 'CR\nCCC\n122025\nC\n']","['P\n8\n2025\n', '3025C\n91380\n', 'C\nCCC\nP\n122025\nC\n']",modelv1.0__2026-05-20 20:23:05
D:/moth_photos/database\batch_08\img_moth_00015258.jpg,"[4000, 6000]",36.42307692307693,"['EEO\n\n2025DCR\n01227\n', 'Photoqraphedby\nBHarter\n2025\n', 'SanteeCoastalReserve\n\nCharlestonCoSC\nEFLoPresti\n29March2025\nCandPitTrao\n']","['2025DCR\n01227\n', '8\n2025\n', 'CR\n\nCCC\n292025\nC\n']","['2025C\n01227\n', 'P\n8\n2025\n', 'C\n\nCCC\nP\n292025\nCP\n']",modelv1.0__2026-05-20 20:23:05
D:/moth_photos/database\batch_08\img_moth_00015259.jpg,"[4000, 6000]",37.0,"['2025DCR\n01381\n', 'Photographedby\nBHarter\n2025\n', 'ee\nSanteeCoastalReserve\nCharlestonCoSC\nEFLoPresti\n12March2025\nCvpressTrap\n']","['2025DCR\n01381\n', '8\n2025\n', 'CR\nCCC\n122025\nC\n']","['2025PC\n01381\n', 'P\n8\n2025\n', 'C\nCCC\nP\n122025\nC\n']",modelv1.0__2026-05-20 20:23:05
D:/moth_photos/database\batch_08\img_moth_00015260.jpg,"[4000, 6000]",36.78846153846154,"['2025DCR\n01228\n', 'Photographedby\nBHarter\n2025\n', 'SanteeCoastalReserve\nCharlestonCoSC\nEFLoPresti\nTg2March2025\n7 CC2Trap\n', 'noearmites\nELoPresti2025\n']","['2025DCR\n01228\n', '8\n2025\n', 'CR\nCCC\n7122025\n7 CC2\n', 'C2025\n']","['2025C\n01228\n', 'P\n8\n2025\n', 'C\nCCC\nP\n7122025\n7 CC2\n', 'CP2025\n']",modelv1.0__2026-05-20 20:23:05
D:/moth_photos/database\batch_08\img_moth_00015261.jpg,"[4000, 6000]",36.42307692307693,"['Photoqraphedby\nBHarter\n2025\n', '2025DCR\n01382\n', 'SanteeCoastalReserve\nCharlestonCoSC\nEFLoPresti\n12March2025\nCvpressTrap\n']","['8\n2025\n', '2025DCR\n01382\n', 'CR\nCCC\n122025\nC\n']","['P\n8\n2025\n', '2025C\n01382\n', 'C\nCCC\nP\n122025\nC\n']",modelv1.0__2026-05-20 20:23:05
D:/moth_photos/database\batch_08\img_moth_00015262.jpg,"[4000, 6000]",36.55769230769231,"['2025DCR\n01229\n', 'Photographedby\nBHarter\n2025\n', 'SanteeCoastalReserve\nCharlestonCoSC\nEFLoPresti\n28March2025\nLiveOakTrap\n', 'noearmites\nELoPresti2025\n']","['2025DCR\n01229\n', 'R\n2025\n', 'CR\nCCC\n282025\n', '2025\n']","['2025C\n01229\n', 'P\n2025\n', 'C\nCCC\nP\n282025\n', 'P2025\n']",modelv1.0__2026-05-20 20:23:05
D:/moth_photos/database\batch_08\img_moth_00015263.jpg,"[4000, 6000]",36.36538461538461,"['2025DCR\n01384\n', 'noearmites\nELoPresti2025\n', 'Photoqraphedby\nBHarter\n2025\n', 'Santee Coasta Reserve\nrie\n\nFarCabe Trao\n\n']","['2025DCR\n01384\n', '0\nC2025\n', '8\n2025\n', 'C R\n\nC\n\n']","['2025C\n01384\n', '0\nCP2025\n', 'P\n8\n2025\n', 'C\n\nC\n\n']",modelv1.0__2026-05-20 20:23:05
D:/moth_photos/database\batch_08\img_moth_00015264.jpg,"[4000, 6000]",36.46153846153847,"['2025DCR\n01230\n', 'Photographedby\nBHarter\n2025\n', 'noearmites\nELoPresti2025\n', 'SanteeCoastalReserve\nCharlestonCoSC\nEFLoPresti\n28March2025\nLiveOakTrap\n']","['2025DCR\n01230\n', 'R\n2025\n', '2025\n', 'CR\nCCC\n282025\n']","['2025C\n01230\n', 'P\n2025\n', 'P2025\n', 'C\nCCC\nP\n282025\n']",modelv1.0__2026-05-20 20:23:05
D:/moth_photos/database\batch_08\img_moth_00015265.jpg,"[4000, 6000]",36.44230769230769,"['2025DCR\n01385\n', 'noearmites\nELoPresti2025\n', 'Photoqraphedby\nBHarter\n2025\n', 'SanteeCoastalReserve\nCharlestonCoSC\nEFLoPresti\n142March2025\nFarCapeTrap\n']","['2025DCR\n01385\n', 'C2025\n', '8\n2025\n', 'CR\nCCC\n1422025\nC\n']","['2025C\n01385\n', 'CP2025\n', 'P\n8\n2025\n', 'C\nCCC\nP\n1422025\nC\n']",modelv1.0__2026-05-20 20:23:05
D:/moth_photos/database\batch_08\img_moth_00015266.jpg,"[4000, 6000]",36.57692307692308,"['2025DCR\n01231\n', 'Photographedby\nBHarter\n2025\n', 'noear mites\nELoPresti2025\n', 't\nSantee CoastalReserve\nCharleston CoSC\nEF LoPresti\n28March 2025\nLiveOakTrad\n\n']","['2025DCR\n01231\n', '8\n2025\n', '0\n2025\n', 'CR\nC CC\n28 2025\nC\n\n']","['2025C\n01231\n', 'P\n8\n2025\n', '0\nP2025\n', 'C\nC CC\nP\n28 2025\nC\n\n']",modelv1.0__2026-05-20 20:23:05
D:/moth_photos/database\batch_08\img_moth_00015267.jpg,"[4000, 6000]",36.98039215686274,"['Photoqraphedby\nBHarter\n2025\n', '2025DCR\n01386\n', 'noearmites\nELoPresti2025\n', 'SanteeCoastalReserve\nCharlestonCoSC\nEFLoPresti\n41March2025\nMarshTrao\n']","['8\n2025\n', '2025DCR\n01386\n', 'C2025\n', 'CR\nCCC\n412025\n']","['P\n8\n2025\n', '2025C\n01386\n', 'CP2025\n', 'C\nCCC\nP\n412025\n']",modelv1.0__2026-05-20 20:23:05
D:/moth_photos/database\batch_08\img_moth_00015268.jpg,"[4000, 6000]",36.9607843137255,"['2025DCR\n01232\n', 'Photoqraphedby\nBHarter\n2025\n', 'SanteeCoastal Reserve\nChanlestonCoSC\nEFLoPresti\n28March2025\nLiveOakTrap\n', 'no earmites\nELoPresti2025\n']","['2025DCR\n01232\n', '8\n2025\n', 'C R\nCCC\n282025\nC\n', '2025\n']","['2025C\n01232\n', 'P\n8\n2025\n', 'C\nCCC\nP\n282025\nC\n', 'P2025\n']",modelv1.0__2026-05-20 20:23:05
D:/moth_photos/database\batch_08\img_moth_00015269.jpg,"[4000, 6000]",36.34615384615385,"['2025DCR\n01387\n', 'Photoqraphedby\nBHarter\n2025\n', 'SanteeCoastalReserve\nCharlestonCoSC\nEFLoPresti\n11March2025\nMarshTrao\n']","['2025DCR\n01387\n', '8\n2025\n', 'CR\nCCC\n112025\n']","['2025PC\n01387\n', 'P\n8\n2025\n', 'C\nCCC\nP\n112025\n']",modelv1.0__2026-05-20 20:23:05
D:/moth_photos/database\batch_08\img_moth_00015270.jpg,"[4000, 6000]",36.5,"['2025DCR\n01233\n', 'Photographedby\nBHarter\n2025\n', 'noearmites\nELoPresti2025\n', 'SanteeCoastalReserve\nCharlestonCoSC\nEFLoPresti\n28March2025\n1iveOakTrao\n']","['2025DCR\n01233\n', '8\n2025\n', '0\n2025\n', 'CR\nCCC\n282025\n1C\n']","['2025C\n01233\n', 'P\n8\n2025\n', '0\nP2025\n', 'C\nCCC\nP\n282025\n1C\n']",modelv1.0__2026-05-20 20:23:05
D:/moth_photos/database\batch_08\img_moth_00015271.jpg,"[4000, 6000]",36.94117647058823,"['2025DCR\n01388\n', 'Photoqraphedby\n8Harter\n2025\n', 'Santee CoastalReserve\nCharlestonCo S\nEFLoPresti\n41March2025\nMarshTrao\n', '']","['2025DCR\n01388\n', '8\n2025\n', 'CR\nCC\n412025\n', '']","['2025C\n01388\n', 'P\n8\n2025\n', 'C\nCC\nP\n412025\n', '']",modelv1.0__2026-05-20 20:23:05
D:/moth_photos/database\batch_08\img_moth_00015272.jpg,"[4000, 6000]",36.480769230769226,"['2025DCR\n012734\n', 'SanteeCoastalReserve\nCharlestonCoSC\nEFLoPresti\n28March2025\n1iveOakTrao\n', 'Photographedby\nBHarter\n2025\n', 'noearmites\nELoPresti202\n']","['2025DCR\n012734\n', 'CR\nCCC\n282025\n1\n', '8\n2025\n', '202\n']","['2025C\n012734\n', 'C\nCCC\nP\n282025\n1\n', 'P\n8\n2025\n', 'P202\n']",modelv1.0__2026-05-20 20:23:05
D:/moth_photos/database\batch_08\img_moth_00015273.jpg,"[4000, 6000]",37.05882352941176,"['2025DCR\n01389\n', 'Photographedby\nBHarter\n2025\n', 'SanteeCoastalReserve\nCharlestonCoSC\nEFLoPresti\n13March2025\nWestSanctuaryTrap\n\n']","['2025DCR\n01389\n', '8\n2025\n', 'CR\nCCC\n132025\n\n']","['2025C\n01389\n', 'P\n8\n2025\n', 'CP\nCCC\nP\n132025\nW\n\n']",modelv1.0__2026-05-20 20:23:05
D:/moth_photos/database\batch_08\img_moth_00015274.jpg,"[4000, 6000]",36.44230769230769,"['2025DCR\n01235\n', 'Photoqraphedby\nBHarter\n2025\n', 'SanteeCoastalReserve\nCharlestonCoSC\nEFLoPresti\n28March2025\nLiveOakTrap\n', 'no earmites\nELoPrestl2025\n']","['2025DCR\n01235\n', '8\n2025\n', 'CR\nCCC\n282025\nC\n', '2025\n']","['2025C\n01235\n', 'P\n8\n2025\n', 'C\nCCC\nP\n282025\nC\n', 'P2025\n']",modelv1.0__2026-05-20 20:23:05
D:/moth_photos/database\batch_08\img_moth_00015275.jpg,"[4000, 6000]",37.03921568627451,"['2025DCR\n01390\n', 'Photoqraphedby\nBHarter\n2025\n', 'i\nSanteeCoastalReserve\nCharlestonCoSC\nEFtoPresti\n13March2025\nWestSanctuarvTrap\n']","['2025DCR\n01390\n', '8\n2025\n', 'CR\nCCC\n132025\n']","['2025C\n01390\n', 'P\n8\n2025\n', 'C\nCCC\nP\n132025\nW\n']",modelv1.0__2026-05-20 20:23:05
D:/moth_photos/database\batch_08\img_moth_00015276.jpg,"[4000, 6000]",36.46153846153847,"['2025DCR\n01236\n', 'Photographedby\nBHarter\n2025\n', 'Santee CoastalReserve\nCharlestonCo S\nFLoPresti\n28March 2025\nLiveOakTrad\n']","['2025DCR\n01236\n', '8\n2025\n', 'CR\nCC\nR\n28 2025\n']","['2025C\n01236\n', 'P\n8\n2025\n', 'C\nCC\nP\n28 2025\n']",modelv1.0__2026-05-20 20:23:05
D:/moth_photos/database\batch_08\img_moth_00015277.jpg,"[4000, 6000]",37.0,"['2025DCR\n01391\n', 'Photoqraphedby\nBHarter\n2025\n', 'SanteeCoastalReserve\nCharlestonCoSC\nEFLoPresti\n13March2025\nWestSanctuarvTrap\n', '']","['2025DCR\n01391\n', 'R\n2025\n', 'CR\nCCC\n132025\n', '']","['2025PC\n01391\n', 'P\n2025\n', 'C\nCCC\nP\n132025\nW\n', '']",modelv1.0__2026-05-20 20:23:05
D:/moth_photos/database\batch_08\img_moth_00015278.jpg,"[4000, 6000]",36.519230769230774,"['2025DCR\n01237\n', 'Photoqraphedby\nBHarter\n2025\n', 'SanteeCoastalReserve\nCharlestonCoSC\nEFLoPresti\n28March2025\nLiveOakTrap\n']","['2025DCR\n01237\n', '8\n2025\n', 'CR\nCCC\n282025\nC\n']","['2025C\n01237\n', 'P\n8\n2025\n', 'C\nCCC\nP\n282025\nC\n']",modelv1.0__2026-05-20 20:23:05
D:/moth_photos/database\batch_08\img_moth_00015279.jpg,"[4000, 6000]",37.0,"['2025DCR\n01392\n', 'Photographedby\nBHarter\n2025\n', 'SanteeCoastalReserve\nCharlestonCoSC\nEFLoPresti\n13March2025\nWestSanctuaryTrap\n', '']","['2025DCR\n01392\n', 'R\n2025\n', 'CR\nCCC\n132025\n', '']","['2025C\n01392\n', 'P\n2025\n', 'C\nCCC\nP\n132025\nW\n', '']",modelv1.0__2026-05-20 20:23:05
D:/moth_photos/database\batch_08\img_moth_00015280.jpg,"[4000, 6000]",36.61538461538461,"['2025DCR\n01238\n', 'Photoqraphedby\nBHarter\n2025\n', 'SanteeCoastal Reserve\nCharlestonCo SC\nEFLoPresti\n28March2025\nLiveOakTrad\n\n']","['2025DCR\n01238\n', '8\n2025\n', 'C R\nCC C\nC\n282025\n\n']","['2025C\n01238\n', 'P\n8\n2025\n', 'C\nCC C\nCP\n282025\n\n']",modelv1.0__2026-05-20 20:23:05
D:/moth_photos/database\batch_08\img_moth_00015281.jpg,"[4000, 6000]",37.0,"['2025DCR\n01393\n', 'no earmites\nELoPresti2025\n', 'Photoqraphedby\nBHarter\n2025\n', 'Santee CoastalReserve\nCharleston Co\nEFLoPresti\n43March 2025\nWestSanctuarv Trao\n']","['2025DCR\n01393\n', '2025\n', 'R\n2025\n', 'CR\nC C\n43 2025\n']","['2025C\n01393\n', 'P2025\n', 'P\n2025\n', 'C\nC C\nP\n43W 2025\nW\n']",modelv1.0__2026-05-20 20:23:05
D:/moth_photos/database\batch_08\img_moth_00015282.jpg,"[4000, 6000]",36.59615384615385,"['2025DCR\n01239\n', 'Photographedby\nBHarter\n2025\n', 'SanteeCoastalReserve\nChanrestonCoSC\nEFLoPresti\n28March2025\nLiveOakTrap\n']","['2025DCR\n01239\n', '8\n2025\n', 'CR\nCCC\n282025\n']","['2025C\n01239\n', 'P\n8\n2025\n', 'C\nCCC\nP\n282025\n']",modelv1.0__2026-05-20 20:23:05
D:/moth_photos/database\batch_08\img_moth_00015283.jpg,"[4000, 6000]",36.9607843137255,"['2025DCR\n01394\n', 'Photoqraphedby\nBHarter\n2025\n', 'SanteeCoastalReserve\nCharlestonCoSC\nEFLoPresti\n13March2025\nWestSanctuaryTrap\n', '']","['2025DCR\n01394\n', '8\n2025\n', 'CR\nCCC\n132025\n', '']","['2025C\n01394\n', 'P\n8\n2025\n', 'C\nCCC\nP\n132025\nW\n', '']",modelv1.0__2026-05-20 20:23:05
D:/moth_photos/database\batch_08\img_moth_00015284.jpg,"[4000, 6000]",36.730769230769226,"['2025DCR\n01240\n\n', 'Photoqraphedby\nBHarter\n2025\n', 'SanteeCoastalReserve\nCharestonCoSC\nEFLoPresti\n28March2025\nLiveOakTrap\n']","['2025DCR\n01240\n\n', '8\n2025\n', 'CR\nCCC\n282025\nC\n']","['2025C\n01240\n\n', 'P\n8\n2025\n', 'C\nCCC\nP\n282025\nC\n']",modelv1.0__2026-05-20 20:23:05
D:/moth_photos/database\batch_08\img_moth_00015285.jpg,"[4000, 6000]",36.84313725490196,"['2025DCR\n01395\n', 'Photoqraphedby\nBHarter\n2025\n', 'SanteeCoastalReserve\nCharlestonCoSC\nEFLoPresti\n13March2025\nWestSanctuarvTrap\n']","['2025DCR\n01395\n', '8\n2025\n', 'CR\nCCC\n132025\n']","['2025C\n01395\n', 'P\n8\n2025\n', 'C\nCCC\nP\n132025\nW\n']",modelv1.0__2026-05-20 20:23:05
D:/moth_photos/database\batch_08\img_moth_00015286.jpg,"[4000, 6000]",36.78846153846154,"['2025DCR\n01241\n', 'Photoqraphedby\n8Harter\n2025\n', 'SanteeCoastalReserve\nCharestonCoSC\nEFLoPresti\n28March2025\nLiveOakTrap\n']","['2025DCR\n01241\n', '8\n2025\n', 'CR\nCCC\n282025\n']","['2025C\n01241\n', 'P\n8\n2025\n', 'C\nCCC\nP\n282025\n']",modelv1.0__2026-05-20 20:23:05
D:/moth_photos/database\batch_08\img_moth_00015287.jpg,"[4000, 6000]",36.94117647058823,"['2025DCR\n01396\n', 'Photoqraphedby\nBHarter\n2025\n', 'SanteeCoastalReserve\nCharlestonCoSC\nEFLoPresti\n13March2025\nWestSanctuarvTrap\n', '']","['2025DCR\n01396\n', '8\n2025\n', 'CR\nCCC\n132025\n', '']","['2025C\n01396\n', 'P\n8\n2025\n', 'C\nCCC\nP\n132025\nW\n', '']",modelv1.0__2026-05-20 20:23:05
D:/moth_photos/database\batch_08\img_moth_00015288.jpg,"[4000, 6000]",36.5,"['2025DCR\n01747\n', 'Photographedby\nBHarter\n2025\n', 'SanteeCoastalReserve\nCharlestonCoSC\nEFLoPresti\n28March2025\n\nLiveOakTrap\n']","['2025DCR\n01747\n', '8\n2025\n', 'CR\nCCC\n282025\n']","['2025C\n01747\n', 'P\n8\n2025\n', 'C\nCCC\nP\n282025\n']",modelv1.0__2026-05-20 20:23:05
D:/moth_photos/database\batch_08\img_moth_00015289.jpg,"[4000, 6000]",36.94117647058823,"['2025DCR\n01397\n', 'Photoqraphedby\nBHarter\n2025\n', 'SanteeCoastal Reserve\nCharlestonCoSC\nEFLoPresti\n13March2025\nWestSanctuarvTrap\n', '']","['2025DCR\n01397\n', '8\n2025\n', 'C R\nCC0C\nC\n132025\n', '']","['2025C\n01397\n', 'P\n8\n2025\n', 'C\nCC0C\nCP\n132025\nW\n', '']",modelv1.0__2026-05-20 20:23:05
D:/moth_photos/database\batch_08\img_moth_00015290.jpg,"[4000, 6000]",36.90384615384616,"['2025DCR\n01243\n', 'SanteeCoastalReserve\nCharlestonCoSC\nEFLoPresti\n28March2025\nLiveOakTrao\n', 'Photographedby\nBHarter\n2025\n']","['2025DCR\n01243\n', 'CR\nCCC\n282025\n', 'R\n2025\n']","['2025C\n01243\n', 'C\nCCC\nP\n282025\n', 'P\n2025\n']",modelv1.0__2026-05-20 20:23:05
D:/moth_photos/database\batch_08\img_moth_00015291.jpg,"[4000, 6000]",36.80392156862745,"['2025DCR\n01398\n', 'Photographedby\nBHarter\n2025\n', 'SanteeCoastalReserve\nCharlestonCoSC\nEFLoPresti\n13March2025\nWestSanctuarvTrap\n', '']","['2025DCR\n01398\n', '8\n2025\n', 'CR\nCCC\n132025\n', '']","['2025C\n01398\n', 'P\n8\n2025\n', 'C\nCCC\nP\n132025\nW\n', '']",modelv1.0__2026-05-20 20:23:05
D:/moth_photos/database\batch_08\img_moth_00015292.jpg,"[4000, 6000]",36.61538461538461,"['2025DCR\n01744\n', 'Photographedby\nBHarter\n2025\n', 'SanteeCoastalReserve\nCharlestonCoSC\nEFLoPresti\n28March2025\nLiveOakTrap\n']","['2025DCR\n01744\n', 'R\n2025\n', 'CR\nCCC\n282025\nC\n']","['2025C\n01744\n', 'P\n2025\n', 'C\nCCC\nP\n28W2025\nC\n']",modelv1.0__2026-05-20 20:23:05
D:/moth_photos/database\batch_08\img_moth_00015293.jpg,"[4000, 6000]",36.9607843137255,"['2025DCR\n01399\n', 'Photoqgraphedby\nBHarter\n2025\n', 'Santee CoastalReserve\nCharleston CoS\nEF LoPresti\n43March 2025\nWestSanctuarv Trao\n', '']","['2025DCR\n01399\n', '8\n2025\n', 'CR\nC C0\n43C 2025\n', '']","['2025C\n01399\n', 'P\n8\n2025\n', 'C\nC C0\nP\n43WC 2025\nW\n', '']",modelv1.0__2026-05-20 20:23:05
D:/moth_photos/database\batch_08\img_moth_00015294.jpg,"[4000, 6000]",36.5,"['2025DCR\n01245\n', 'Photographedby\nBHarter\n2025\n', 'SanteeCoastal Reserve\nCharlestonCo SC\nEFtoPresti\n29March2025\nPicnicTrap\n', 'noearmites\nC1anPrecti2025\n']","['2025DCR\n01245\n', '8\n2025\n', 'C R\nCC C\n292025\n', 'C12025\n']","['2025C\n01245\n', 'P\n8\n2025\n', 'C\nCC C\nP\n292025\nP\n', 'C1P2025\n']",modelv1.0__2026-05-20 20:23:05
D:/moth_photos/database\batch_08\img_moth_00015295.jpg,"[4000, 6000]",36.40384615384615,"['2025DCR\n01400\n', 'Photoqraphedby\nBHarter\n2025\n', 'noearmites\nELoPresti2025\n', 'SanteeCoastalReserve\nCharlestonCoSC\nEFLoPresti\n11March2025\nOrmondHallTrapo\n']","['2025DCR\n01400\n', '8\n2025\n', '2025\n', 'CR\nCCC\n112025\n']","['2025C\n01400\n', 'P\n8\n2025\n', 'P2025\n', 'C\nCCC\nP\n112025\n']",modelv1.0__2026-05-20 20:23:05
D:/moth_photos/database\batch_08\img_moth_00015296.jpg,"[4000, 6000]",36.480769230769226,"['2025DCR\n01246\n', 'noear mites\nloPresti2025\n', 'Photoqraphedby\nBHarter\n2025\n', 'SanteeCoastalReserve\nCharlestonCoSC\nEFL6Presti\n29March2025\nPicnicTrap\n']","['2025DCR\n01246\n', '2025\n', '8\n2025\n', 'CR\nCCC\n6\n292025\n']","['2025C\n01246\n', 'P2025\n', 'P\n8\n2025\n', 'C\nCCC\n6P\n292025\nP\n']",modelv1.0__2026-05-20 20:23:05
D:/moth_photos/database\batch_08\img_moth_00015297.jpg,"[4000, 6000]",36.94117647058823,"['2025DCR\n01401\n', 'noearmites\nELoPresti2025\n', 'Photographedby\nBHarter\n2025\n', 'SanteeCoastalReserve\nCharlestonCoSC\nEFLtoPresti\n11March2025\nOrmondHallTrao\n']","['2025DCR\n01401\n', 'C2025\n', '8\n2025\n', 'CR\nCCC\nR\n112025\n']","['2025C\n01401\n', 'CP2025\n', 'P\n8\n2025\n', 'C\nCCC\nP\n112025\n']",modelv1.0__2026-05-20 20:23:05
D:/moth_photos/database\batch_08\img_moth_00015298.jpg,"[4000, 6000]",36.59615384615385,"['2025DCR\n01247\n', 'Photoqraphedby\nBHarter\n2025\n', 'SanteeCoastalReserve\nCharlestonCoSC\nEFLoPresti\n29March2025\nPicnicTrap\n']","['2025DCR\n01247\n', '8\n2025\n', 'CR\nCCC\n292025\n']","['2025C\n01247\n', 'P\n8\n2025\n', 'C\nCCC\nP\n292025\nP\n']",modelv1.0__2026-05-20 20:23:05
D:/moth_photos/database\batch_08\img_moth_00015299.jpg,"[4000, 6000]",36.90196078431373,"['Photoqraphedby\nBHarter\n2025\n', '2025DCR\n01402\n', 'SanteeCoastalReserve\nCharlestonCoSC\nEFLoPresti\n11March2025\nOrmondHallTrap\n', '']","['8\n2025\n', '2025DCR\n01402\n', 'CR\nCCC\n112025\n', '']","['P\n8\n2025\n', '2025C\n01402\n', 'C\nCCC\nP\n112025\n', '']",modelv1.0__2026-05-20 20:23:05
D:/moth_photos/database\batch_08\img_moth_00015300.jpg,"[4000, 6000]",36.63461538461539,"['2025DCR\n01248\n', 'Photoqraphedby\nBHarter\n2025\n', 'a\nSanteeCoastalReserve\nCharlestonCoSC\nEFLoPresti\n11Aonl2025\nCC82Trao\n\n']","['2025DCR\n01248\n', '8\n2025\n', 'CR\nCC0C\n112025\nCC82\n\n']","['2025C\n01248\n', 'P\n8\n2025\n', 'C\nCC0C\nP\n112025\nCC82\n\n']",modelv1.0__2026-05-20 20:23:05
D:/moth_photos/database\batch_08\img_moth_00015301.jpg,"[4000, 6000]",36.56862745098039,"['2025DCR\n01403\n', 'noearmites\nELoPresti2025\n', 'Photoqraphedby\nBHarter\n2025\n', 'SanteeCoastalReserve\nCharlestonCoSC\nEFLoPresti\n12March2025\nSandPitTrap\n\n']","['2025DCR\n01403\n', '2025\n', '8\n2025\n', 'CR\nCCC\n122025\n\n']","['2025C\n01403\n', 'P2025\n', 'P\n8\n2025\n', 'C\nCCC\nP\n122025\nP\n\n']",modelv1.0__2026-05-20 20:23:05
D:/moth_photos/database\batch_08\img_moth_00015302.jpg,"[4000, 6000]",36.61538461538461,"['2025DCR\n01249\n', 'Photographedby\nBHarter\n2025\n', 'SanteeCoastalReserve\nCharlestonCoSC\nEFLoPresti\n41April2025\nCCH2Trapo\n', 'noearmites\nCI1anPrecti202\n']","['2025DCR\n01249\n', '8\n2025\n', 'CR\nCCC\n412025\nCC2\n', 'C1202\n']","['2025C\n01249\n', 'P\n8\n2025\n', 'C\nCCC\nP\n412025\nCC2\n', 'C1P202\n']",modelv1.0__2026-05-20 20:23:05
D:/moth_photos/database\batch_08\img_moth_00015303.jpg,"[4000, 6000]",36.94117647058823,"['2025DCR\n01404\n', 'Photoqraphedby\nBHarter\n2025\n', 'SanteeCoastalReserve\nCharlestonCoSC\nEFLoPresti\n42March2025\nSandPitTrap\n', '']","['2025DCR\n01404\n', '8\n2025\n', 'CR\nCCC\n422025\n', '']","['2025C\n01404\n', 'P\n8\n2025\n', 'C\nCCC\nP\n422025\nP\n', '']",modelv1.0__2026-05-20 20:23:05
D:/moth_photos/database\batch_08\img_moth_00015304.jpg,"[4000, 6000]",36.71153846153846,"['2025DCR\n01250\n', 'noearmites\nELoPresti2025\n', 'Photoqraphedby\nBHarter\n2025\n', 'SanteeCoastalReserve\nCharlestonCoSC\nEFLoPresti\n29Marctr2025\nOH2Trapo\n']","['2025DCR\n01250\n', '2025\n', '8\n2025\n', 'CR\nCCC\n292025\n2\n']","['2025C\n01250\n', 'P2025\n', 'P\n8\n2025\n', 'C\nCCC\nP\n292025\n2\n']",modelv1.0__2026-05-20 20:23:05
D:/moth_photos/database\batch_08\img_moth_00015305.jpg,"[4000, 6000]",36.67307692307692,"['2025DCR\n01405\n', 'Photoqraphedby\nBHarter\n2025\n', 'SanteeCoastalReserve\nChanlestonCoSC\nEFLoPresti\n12March2025\nSandPitTrap\n', '']","['2025DCR\n01405\n', '8\n2025\n', 'CR\nCCC\n122025\n', '']","['2025C\n01405\n', 'P\n8\n2025\n', 'C\nCCC\nP\n122025\nP\n', '']",modelv1.0__2026-05-20 20:23:05
D:/moth_photos/database\batch_08\img_moth_00015306.jpg,"[4000, 6000]",36.730769230769226,"['2025DCR\n01251\n', 'Photoqraphedby\nBHarter\n2025\n', 'noearmites\nEloPresti2025\n', 'tC\nSantee CoastalReserve\nCharleston CoS\nEF LoPresti\n29March 2025\n\nOH2Trad\n']","['2025DCR\n01251\n', '8\n2025\n', 'R2025\n', 'C\n\nCR\nC C\n29 2025\n\n2\n']","['2025C\n01251\n', 'P\n8\n2025\n', 'P2025\n', 'C\nC\nC C\nP\n29W 2025\n\n2\n']",modelv1.0__2026-05-20 20:23:05
D:/moth_photos/database\batch_08\img_moth_00015307.jpg,"[4000, 6000]",36.92156862745098,"['9025DCR\n01406\n', 'Photographedby\nBHarter\n2025\n', 'l\nSantee Coastal Reserve\nCharleston Co\nEF Lopresti\n44March 2025\nCvoress Trap\n']","['9025DCR\n01406\n', '8\n2025\n', 'C R\nC C\n44 2025\nC\n']","['9025C\n01406\n', 'P\n8\n2025\n', 'C\nC C\nP\n44W 2025\nC P\n']",modelv1.0__2026-05-20 20:23:05
D:/moth_photos/database\batch_08\img_moth_00015308.jpg,"[4000, 6000]",36.42307692307693,"['L\n\n2025 DCR\n01252\n', 'Photoqraphedby\nBHarter\n2025\n', 'SanteeCoastalReserve\nCharlestonCo SC\nEFLoPresti\n29March2025\nOH2TraD\n', 'sti202\n\n']","['2025 DCR\n01252\n', '8\n2025\n', 'CR\nCC C\n292025\n2D\n', '202\n\n']","['2025 C\n01252\n', 'P\n8\n2025\n', 'C\nCC C\nP\n292025\n2\n', '202\n\n']",modelv1.0__2026-05-20 20:23:05
D:/moth_photos/database\batch_08\img_moth_00015309.jpg,"[4000, 6000]",36.480769230769226,"['Photoqgraphedby\nBHarter\n2025\n', '2025DCR\n01407\n', 'SanteeCoastalReserve\nCharlestonCoSC\nEFLoPresti\n42March2025\nCvoressTrap\n', '']","['8\n2025\n', '2025DCR\n01407\n', 'CR\nCCC\n422025\nC\n', '']","['P\n8\n2025\n', '2025C\n01407\n', 'C\nCCC\nP\n422025\nC\n', '']",modelv1.0__2026-05-20 20:23:05
D:/moth_photos/database\batch_08\img_moth_00015310.jpg,"[4000, 6000]",36.40384615384615,"['2025DCR\n01253\n', 'noearmites\nELoPresti 2025\n', 'Photoqraphedby\nBHarter\n2025\n', 'SanteeCoastalReserve\nCharlestonCoSC\nEFLoPresti\n38March2025\n\n23CC2Trap\n']","['2025DCR\n01253\n', '0\n2025\n', '8\n2025\n', 'CR\nCCC\n382025\n\n23CC2\n']","['2025C\n01253\n', '0\nP 2025\n', 'P\n8\n2025\n', 'CP\nCCC\nP\n382025\n\n23CC2\n']",modelv1.0__2026-05-20 20:23:05
D:/moth_photos/database\batch_08\img_moth_00015311.jpg,"[4000, 6000]",37.01960784313725,"['2025DCR\n01408\n', 'Photographedby\nBHarter\n2025\n', 'SanteeCoastalReserve\nCharlestonCoSC\nEFLoPresti\n\n11 March2025\nAyesodDLTrap\n', '']","['2025DCR\n01408\n', 'R\n2025\n', 'CR\nCCC\n11 2025\n5D\n', '']","['2025C\n01408\n', 'P\n2025\n', 'C\nCCC\nP\n\n11 2025\n5\n', '']",modelv1.0__2026-05-20 20:23:05
D:/moth_photos/database\batch_08\img_moth_00015312.jpg,"[4000, 6000]",36.55769230769231,"['2025DCR\n91254\n', 'Photoqraphedby\nBHarter\n2025\n', 'noearmites\nELoPresti2025\n', 'SanteeCoastalReserve\nCharliestonCoSC\nEFLoPresti\n20March2025\n\n24CC2Trap\n']","['2025DCR\n91254\n', '8\n2025\n', '2025\n', 'CR\nCCC\n202025\n\n24CC2\n']","['2025PC\n91254\n', 'P\n8\n2025\n', 'P2025\n', 'CP\nCCC\nP\n202025\n\n24CC2\n']",modelv1.0__2026-05-20 20:23:05
D:/moth_photos/database\batch_08\img_moth_00015313.jpg,"[4000, 6000]",36.98039215686274,"['2025DCR\n01409\n', 'Photoqraphedby\nBHarter\n2025\n', 'SanteeCoastalReserve\nCharlestonCoSC\nEFLoPresti\n11March2025\n\nPck9537cTrap\n', '']","['2025DCR\n01409\n', '8\n2025\n', 'CR\nCCC\nC\n112025\n\nC9537\n', '']","['2025C\n01409\n', 'P\n8\n2025\n', 'C\nCCC\nCP\n112025\n\nPC9537\n', '']",modelv1.0__2026-05-20 20:23:05
D:/moth_photos/database\batch_08\img_moth_00015314.jpg,"[4000, 6000]",36.57692307692308,"['2025DCR\n01255\n', 'Photoqraphedby\nBHarter\n2025\n', 'noearmites\nELoPresti2025\n', 'Santee Coastal Reserve\n\nChareston Co\nEF LoPrest\n26March 2025\n\nACccC2Trao\n']","['2025DCR\n01255\n', '8\n2025\n', '2025\n', 'C R\n\nC C\n26 2025\n\n42CC2\n']","['2025C\n01255\n', 'P\n8\n2025\n', 'P2025\n', 'C\n\nC C\nP\n26 2025\n\n42CC2\n']",modelv1.0__2026-05-20 20:23:05
D:/moth_photos/database\batch_08\img_moth_00015315.jpg,"[4000, 6000]",36.36538461538461,"['2025DCR\n01410\n', 'Photographedby\nBHarter\n2025\n', 'lefteatmites\n\nEFL2024\n\n', 'SanteeCoastalReserve\nCharlestonCoSC\nEFLoPresti\n20Mav2025\nBaitTrap\n']","['2025DCR\n01410\n', '8\n2025\n', '2024\n\n', 'CR\nCCC\n202025\n']","['2025C\n01410\n', 'P\n8\n2025\n', '2024\n\n', 'C\nCCC\nP\n202025\n']",modelv1.0__2026-05-20 20:23:05
D:/moth_photos/database\batch_08\img_moth_00015316.jpg,"[4000, 6000]",37.0,"['2025DCR\n01256\n', 'Photoqraphedby\n8Harter\n2025\n', 'noearmites\nELoPresti2025\n', 'SanteeCoastalReserve\nCharles onCoSC\noPresti\n\nBMarchSaus\n23CC2Trap\n']","['2025DCR\n01256\n', '8\n2025\n', '2025\n', 'CR\nC CC\n\n23CC2\n']","['2025C\n01256\n', 'P\n8\n2025\n', 'P2025\n', 'C\nC CC\nP\n\n23CC2\n']",modelv1.0__2026-05-20 20:23:05
D:/moth_photos/database\batch_08\img_moth_00015317.jpg,"[4000, 6000]",36.92156862745098,"['2025DCR\n01411\n', 'Photoqraphedby\nBHarter\n2025\n', 'noearmites\nELoPresti2025\n', 'SanteeCoastalReserve\nCharlestenCoSC\nEFLoPresti\n20May2025\nBaitTrap\n']","['2025DCR\n01411\n', '8\n2025\n', '2025\n', 'CR\nCCC\n202025\n']","['2025C\n01411\n', 'P\n8\n2025\n', 'P2025\n', 'CP\nCCC\nP\n202025\n']",modelv1.0__2026-05-20 20:23:05
D:/moth_photos/database\batch_08\img_moth_00015318.jpg,"[4000, 6000]",36.65384615384615,"['2025DCR\n01257\n', 'Photoqraphedby\nBHarter\n2025\n', 'noear mites\nELoPresti2025\n', 'SanteeCoastalReserve\nCharlestonCoSC\nEFLoPresti\ne 28March2025\n\nNoaawekTrao\n']","['2025DCR\n01257\n', '8\n2025\n', '2025\n', 'CR\nCCC\n282025\n']","['2025C\n01257\n', 'P\n8\n2025\n', 'P2025\n', 'C\nCCC\nP\n\n282025\n']",modelv1.0__2026-05-20 20:23:05
D:/moth_photos/database\batch_08\img_moth_00015319.jpg,"[4000, 6000]",36.94117647058823,"['2025DCR\n01412\n', 'noearmites\nELoPresti2025\n', 'Photoqraphedby\nBHarter\n2025\n', 'SanteeCoastal Reserve\nCharlestonCoSC\nEFLoPrestj\n20May2025\nBaitTrap\n']","['2025DCR\n01412\n', '2025\n', '8\n2025\n', 'C R\nCC0C\n202025\n']","['2025C\n01412\n', 'P2025\n', 'P\n8\n2025\n', 'C\nCC0C\nP\n202025\n']",modelv1.0__2026-05-20 20:23:05
D:/moth_photos/database\batch_08\img_moth_00015320.jpg,"[4000, 6000]",36.46153846153847,"['2025DCR\n01258\n', 'Photoqraphedby\nBHarter\n2025\n', 'SanteeCoastalReserve\nCharlestonCoSC\nEFLdPresti\nas 2 28March2025\nMeme Trao\n']","['2025DCR\n01258\n', '8\n2025\n', 'CR\nCCC\n2 282025\n']","['2025C\n01258\n', 'P\n8\n2025\n', 'C\nCCC\nP\n2 282025\n']",modelv1.0__2026-05-20 20:23:05
D:/moth_photos/database\batch_08\img_moth_00015321.jpg,"[4000, 6000]",36.40384615384615,"['Photoqraphedby\nBHarter\n2025\n', '2025DCR\n\n01413\n', 'no earmites\nFLoPresti2025\n', 'a\nSanteeCoastalReserve\nChanestonCoSC\nEFLoPresti\n20Mav2025\nBaitTrap\n']","['8\n2025\n', '2025DCR\n\n01413\n', '2025\n', 'CR\nCC0C\n202025\n']","['P\n8\n2025\n', '2025C\n\n01413\n', 'P2025\n', 'C\nCC0C\nP\n202025\n']",modelv1.0__2026-05-20 20:23:05
D:/moth_photos/database\batch_08\img_moth_00015322.jpg,"[4000, 6000]",36.78846153846154,"['2025DCR\n01259\n', 'Photoqraphedby\nBHarter\n2025\n', 'es\n\nSanteeCoastalReserve\nCharlestonCoSC\nEFLoPresti\n28March2025\nMeeawekTrap\nS\n']","['2025DCR\n01259\n', '8\n2025\n', 'CC\n\nCR\nCCC\n282025\nC\nC\n']","['2025C\n01259\n', 'P\n8\n2025\n', 'CC\n\nC\nCCC\nP\n282025\nC\nC\n']",modelv1.0__2026-05-20 20:23:05
D:/moth_photos/database\batch_08\img_moth_00015323.jpg,"[4000, 6000]",36.38461538461538,"['2025DCR\n01414\n', 'Photoqraphedby\nBHarter\n2025\n', 'SanteeCoastalReserve\nCharlestonCoSC\nEFLoPresti\n20May2025\nBaitTrap\n', 'noearmites\nELoPresti2025\n']","['2025DCR\n01414\n', '8\n2025\n', 'CR\nCCC\n202025\n', '2025\n']","['2025C\n01414\n', 'P\n8\n2025\n', 'C\nCCC\nP\n202025\n', 'P2025\n']",modelv1.0__2026-05-20 20:23:05
D:/moth_photos/database\batch_08\img_moth_00015324.jpg,"[4000, 6000]",36.67307692307692,"['2025DCR\n01260\n', 'Photoqraphedby\nBHarter\n2025\n', 'SanteeCoastalReserve\nCharlestonCoSC\nEFLoPresti\nMarch2025\nC CC2Trap\n']","['2025DCR\n01260\n', '8\n2025\n', 'CR\nCCC\n2025\nC CC2\n']","['2025C\n01260\n', 'P\n8\n2025\n', 'C\nCCC\nP\n2025\nC CC2\n']",modelv1.0__2026-05-20 20:23:05
D:/moth_photos/database\batch_08\img_moth_00015325.jpg,"[4000, 6000]",37.01960784313725,"['Photoqraphedby\nBHarter\n2025\n', '2025DCR\n01415\n', 'SanteeCoastalReserve\nCharlestonCoSC\nEFCoPresti\n20May2025\nBaitTrap\n', 'no earmites\nELoPresti202\n']","['8\n2025\n', '2025DCR\n01415\n', 'CR\nCCC\nC\n202025\nR\n', 'C202\n']","['P\n8\n2025\n', '2025C\n01415\n', 'C\nCCC\nCP\n202025\n', 'CP202\n']",modelv1.0__2026-05-20 20:23:05
D:/moth_photos/database\batch_08\img_moth_00015326.jpg,"[4000, 6000]",36.98039215686274,"['2025DCR\n01261\n', 'Photoqgraphedby\nBHarter\n2025\n', 'SanteeCoastalReserve\nCharlestonCoSC\nELoPresti\n\n748 March2025\n\nCC2Trap\n\n']","['2025DCR\n01261\n', 'R\n2025\n', 'CR\nCCC\nR\n\n748 2025\n\nCC2\n\n']","['2025C\n01261\n', 'P\n2025\n', 'C\nCCC\nP\n\n748 2025\n\nCC2\n\n']",modelv1.0__2026-05-20 20:23:05
D:/moth_photos/database\batch_08\img_moth_00015327.jpg,"[4000, 6000]",36.92156862745098,"['2025DCR\n01416\n', 'Photographedby\nBHarter\n2025\n', 'SanteeCoastalReserve\nCharlestonCoSC\nEFLoPresti\n20May2025\nBaitTrap\n', 'noearmites\nELoPresti202\n']","['2025DCR\n01416\n', '8\n2025\n', 'CR\nCCC\n202025\nR\n', '202\n']","['2025C\n01416\n', 'P\n8\n2025\n', 'C\nCCC\nP\n202025\n', 'P202\n']",modelv1.0__2026-05-20 20:23:05
D:/moth_photos/database\batch_08\img_moth_00015328.jpg,"[4000, 6000]",36.769230769230774,"['2025DCR\n01262\n', 'Photographedby\nBHarter\n2025\n', 'SanteeCoastalReserve\nCharlestonCoSC\nEFLoPresti\n328March2025\n\n28CC2Trap\n']","['2025DCR\n01262\n', 'R\n2025\n', 'CR\nCCC\nC\n3282025\n\n28CC2\n']","['2025C\n01262\n', 'P\n2025\n', 'C\nCCC\nCP\n3282025\n\n28CC2\n']",modelv1.0__2026-05-20 20:23:05
D:/moth_photos/database\batch_08\img_moth_00015329.jpg,"[4000, 6000]",36.78846153846154,"['2025DCR\n01417\n', 'Photoqraphedby\nBHarter\n2025\n', 'SanteeCoastalReserve\nCharlestonCoSC\nEFLoPresti\n20Mav2025\nBaitTrap\n', 'noear mites\nELoPresti2025\n']","['2025DCR\n01417\n', '8\n2025\n', 'CR\nCCC\nC\n202025\nR\n', '2025\n']","['2025C\n01417\n', 'P\n8\n2025\n', 'C\nCCC\nCP\n202025\n', 'P2025\n']",modelv1.0__2026-05-20 20:23:05
D:/moth_photos/database\batch_08\img_moth_00015330.jpg,"[4000, 6000]",36.53846153846154,"['2025DCR\n01263\n', 'Photoqraphedby\nBHarter\n2025\n', 'SanteeCoastalReserve\nCharlestonCoSC\nEFLoPresti\n79 2eMarch2025\n7CC2Trap\n']","['2025DCR\n01263\n', '8\n2025\n', 'CR\nCCC\n\n79 262025\n7CC2\n']","['2025C\n01263\n', 'P\n8\n2025\n', 'C\nCCC\nP\n79 262025\n7CC2\n']",modelv1.0__2026-05-20 20:23:05
D:/moth_photos/database\batch_08\img_moth_00015331.jpg,"[4000, 6000]",36.94117647058823,"['2025DCR\n01418\n', 'Photoqraphedby\nBHarter\n2025\n', 'SanteeCoastalReserve\nCharlestonCoSC\nEFLoPresti\n20Mav2025\nBaitTrap\n']","['2025DCR\n01418\n', '8\n2025\n', 'CR\nCCC\n202025\n']","['2025C\n01418\n', 'P\n8\n2025\n', 'C\nCCC\nP\n202025\n']",modelv1.0__2026-05-20 20:23:05
D:/moth_photos/database\batch_08\img_moth_00015332.jpg,"[4000, 6000]",36.480769230769226,"['2025DCR\n01264\n', 'Photoqraphedby\nBHarter\n2025\n', 'SanteeCoastalReserve\nCharlestonCoSC\nEFLoPresti\n4 ad March2025\n\nCC2Trap\n']","['2025DCR\n01264\n', '8\n2025\n', 'CR\nCCC\n4 2025\nCC2\n']","['2025C\n01264\n', 'P\n8\n2025\n', 'C\nCCC\nP\n4 2025\n\nCC2\n']",modelv1.0__2026-05-20 20:23:05
D:/moth_photos/database\batch_08\img_moth_00015333.jpg,"[4000, 6000]",36.92156862745098,"['Photographedby\n8Harter\n2025\n', '025DCR\n01419\n', 'SanteeCoastalReserve\nCharlestonCoSC\nEFLoPresti\n20Mav2025\nBaitTrap\n', '']","['8\n2025\n', '025DCR\n01419\n', 'CR\nCCC\n202025\nR\n', '']","['P\n8\n2025\n', '025PC\n01419\n', 'C\nCCC\nP\n202025\n', '']",modelv1.0__2026-05-20 20:23:05
D:/moth_photos/database\batch_08\img_moth_00015334.jpg,"[4000, 6000]",36.80769230769231,"['2025DCR\n01265\n', 'Photographedby\nBHarter\n2025\n', 'SanteeCoastalReserve\nCharlestonCoSC\nEFLoPresti\n3 28March2025\n\nCC2Trap\n']","['2025DCR\n01265\n', '8\n2025\n', 'CR\nCCC\n3 282025\nCC2\n']","['2025C\n01265\n', 'P\n8\n2025\n', 'C\nCCC\nP\n3 282025\n\nCC2\n']",modelv1.0__2026-05-20 20:23:05
D:/moth_photos/database\batch_08\img_moth_00015335.jpg,"[4000, 6000]",36.34615384615385,"['2025DCR\n01420\n', 'Photoqraphedby\nBHarter\n2025\n', 'iSCS\nSanteeCoastalReserve\n\nChariestonCoSC\nEFLoPresti\n20Mav2025\n\nBaitTrap\n']","['2025DCR\n01420\n', '8\n2025\n', 'C\nCR\n\nCC0C\n202025\n']","['2025C\n01420\n', 'P\n8\n2025\n', 'C\nC\n\nCC0C\nP\n202025\n']",modelv1.0__2026-05-20 20:23:05
D:/moth_photos/database\batch_08\img_moth_00015336.jpg,"[4000, 6000]",36.57692307692308,"['2025DCR\n01266\n', 'Photoqraphedby\nBHarter\n2025\n', 'SanteeCoastalReserve\nCharlestonCoSC\nEFLoPresti\n7 3 26March2025\n\nCC2Trap\n']","['2025DCR\n01266\n', '8\n2025\n', 'CR\nCCC\n7 3 262025\nCC2\n']","['2025C\n01266\n', 'P\n8\n2025\n', 'C\nCCC\nP\n7 3 262025\n\nCC2\n']",modelv1.0__2026-05-20 20:23:05
D:/moth_photos/database\batch_08\img_moth_00015337.jpg,"[4000, 6000]",36.5,"['2025DCR\n01421\n', 'Photoqraphedby\nBHarter\n2025\n', 'santeeCoastalReserve\nCharlestonCoSC\nEFLoPresti\n20Mav2025\nBaitTrap\n']","['2025DCR\n01421\n', '8\n2025\n', 'CR\nCCC\n202025\n']","['2025C\n01421\n', 'P\n8\n2025\n', 'C\nCCC\nP\n202025\n']",modelv1.0__2026-05-20 20:23:05
D:/moth_photos/database\batch_08\img_moth_00015338.jpg,"[4000, 6000]",36.61538461538461,"['2025DCR\n01267\n', 'Photoqraphedby\nBHarter\n2025\n', 'SanteeCoastalReserve\nCharlestonCoSC\nEFLoPresti\n729March2025\n\ni2CC2Trap\n']","['2025DCR\n01267\n', '8\n2025\n', 'CR\nCCC\n7292025\n2CC2\n']","['2025C\n01267\n', 'P\n8\n2025\n', 'CP\nCCC\nP\n7292025\n\n2CC2\n']",modelv1.0__2026-05-20 20:23:05
D:/moth_photos/database\batch_08\img_moth_00015339.jpg,"[4000, 6000]",36.46153846153847,"['7025DCR\n01422\n', 'Photoqraphedby\nBHarter\n2025\n', 't\nSantee CoastalReserve\nCharestonCo SC\nEFLoPresti\n20Mav2025\nBaitTrap\n']","['7025DCR\n01422\n', '8\n2025\n', 'CR\nCC C\n202025\nR\n']","['7025C\n01422\n', 'P\n8\n2025\n', 'C\nCC C\n\nP\n\n202025\n']",modelv1.0__2026-05-20 20:23:05
D:/moth_photos/database\batch_08\img_moth_00015340.jpg,"[4000, 6000]",36.61538461538461,"['Photoqraphedby\nBHarter\n2025\n', '2025 DCR\n\n01263\n', 'SanteeCoastalReserve\nCharlestonCoSC\nEFLoPresti\n\na8March2025\nCC2Trap\n\n']","['8\n2025\n', '2025 DCR\n\n01263\n', 'CR\nCCC\n82025\nCC2\n\n']","['P\n8\n2025\n', '2025 C\n\n01263\n', 'C\nCCC\nP\n\n82025\nCC2\n\n']",modelv1.0__2026-05-20 20:23:05
D:/moth_photos/database\batch_08\img_moth_00015341.jpg,"[4000, 6000]",36.86274509803921,"['2025DCR\n01423\n', 'Photoqraphedby\nBHarter\n2025\n', 'SanteeCoastalReserve\nCharlestonCoSC\nEFCoPresti\n20Mav2025\nBaitTrap\n', '']","['2025DCR\n01423\n', '8\n2025\n', 'CR\nCC0C\nC\n202025\n', '']","['2025C\n01423\n', 'P\n8\n2025\n', 'CP\nCC0C\nCP\n202025\n', '']",modelv1.0__2026-05-20 20:23:05
D:/moth_photos/database\batch_08\img_moth_00015342.jpg,"[4000, 6000]",36.67307692307692,"['2025DCR\n01269\n', 'Photoqraphedby\nBHarter\n2025\n', 'SanteeCoastalReserve\nCharlestonCoSC\nEFLoPresti\n29March2025\nScrubOakTrap\n']","['2025DCR\n01269\n', '8\n2025\n', 'CR\nCCC\n292025\nC\n']","['2025C\n01269\n', 'P\n8\n2025\n', 'C\nCCC\nP\n292025\nC\n']",modelv1.0__2026-05-20 20:23:05
D:/moth_photos/database\batch_08\img_moth_00015343.jpg,"[4000, 6000]",36.28846153846153,"['2025DCR\n01424\n', 'Photoqraphedby\n8Harter\n2025\n', 'SanteeCoastaiReserve\nCharlestanCoSC\nEFLoPresti\n20May2025\nBartTrap\n', '']","['2025DCR\n01424\n', '8\n2025\n', 'CR\nCC0C\nC\n202025\n', '']","['2025C\n01424\n', 'P\n8\n2025\n', 'CP\nCC0C\nCP\n202025\n', '']",modelv1.0__2026-05-20 20:23:05
D:/moth_photos/database\batch_08\img_moth_00015344.jpg,"[4000, 6000]",36.57692307692308,"['Photoqraphedby\nBHarter\n2025\n', '91270\n', 'SanteeCoastalReserve\nCharlestonCoSC\nEFLoPresti\n29March2025\nScrubOakTrap\n']","['8\n2025\n', '91270\n', 'CR\nCCC\n292025\n']","['P\n8\n2025\n', '91270\n', 'C\nCCC\nP\n292025\n']",modelv1.0__2026-05-20 20:23:05
D:/moth_photos/database\batch_08\img_moth_00015345.jpg,"[4000, 6000]",36.94117647058823,"['2025DCR\n01425\n', 'Photoqraphedby\nBHarter\n2025\n', 'll\nSanteeCoastalReserve\nCharlestonCoSC\nEFLoPresti\n20May2025\nBaitTrap\n', '']","['2025DCR\n01425\n', '8\n2025\n', 'CR\nCCC\n202025\n', '']","['2025C\n01425\n', 'P\n8\n2025\n', 'C\nCCC\nP\n202025\n', '']",modelv1.0__2026-05-20 20:23:05
D:/moth_photos/database\batch_08\img_moth_00015346.jpg,"[4000, 6000]",36.65384615384615,"['2025DCR\n01271\n', 'Photoqgraphedby\nBHarter\n2025\n', 'SanteeCoastalReserve\nCharlestonCoSC\nEFLoPresti\n\n29March2025\nScrubOakTrap\n']","['2025DCR\n01271\n', '8\n2025\n', 'CR\nCCC\n292025\n']","['2025C\n01271\n', 'P\n8\n2025\n', 'C\nCCC\nP\n\n292025\n']",modelv1.0__2026-05-20 20:23:05
D:/moth_photos/database\batch_08\img_moth_00015347.jpg,"[4000, 6000]",37.03921568627451,"['2025DCR\n01426\n', 'Photographedby\nBHarter\n2025\n', 'SanteeCoastalReserve\nCharlestonCoSC\nEFLdPresti\n20Mav2025\nBaitTrap\n', '']","['2025DCR\n01426\n', '8\n2025\n', 'CR\nCCC\n202025\nR\n', '']","['2025C\n01426\n', 'P\n8\n2025\n', 'C\nCCC\nP\n202025\n', '']",modelv1.0__2026-05-20 20:23:05
D:/moth_photos/database\batch_08\img_moth_00015348.jpg,"[4000, 6000]",36.730769230769226,"['5025DCR\n91272\n', 'Photographedby\nBHarter\n2025\n', 'SanteeCoastalReserve\nCharlestonCoSC\nEFLoPresti\n29March2025\nCanihOakTran\n']","['5025DCR\n91272\n', '8\n2025\n', 'CR\nCCC\n292025\nC\n']","['5025C\n91272\n', 'P\n8\n2025\n', 'CP\nCCC\nP\n292025\nC\n']",modelv1.0__2026-05-20 20:23:05
D:/moth_photos/database\batch_08\img_moth_00015349.jpg,"[4000, 6000]",36.98039215686274,"['2025DCR\n01427\n', 'Photoqraphedby\nBHarter\n2025\n', 'SanteeCoastalReserve\nCharlestonCoSC\nEFLoPresti\n20Mav2025\nBaitTrap\n']","['2025DCR\n01427\n', '8\n2025\n', 'CR\nCCC\n202025\n']","['2025C\n01427\n', 'P\n8W\n2025\n', 'C\nCCC\nP\n202025\n']",modelv1.0__2026-05-20 20:23:05
D:/moth_photos/database\batch_08\img_moth_00015350.jpg,"[4000, 6000]",36.519230769230774,"['2025DCRI\n\n01273\n', 'Photoqraphedby\nBHarter\n2025\n', 'SanteeCoastalReserve\nCharlestonCoSC\nEFLoPresti\n29March2025\nScrubOakTrap\n']","['2025DCR\n\n01273\n', '8\n2025\n', 'CR\nCCC\n292025\n']","['2025C\n\n01273\n', 'P\n8\n2025\n', 'C\nCCC\nP\n292025\n']",modelv1.0__2026-05-20 20:23:05
D:/moth_photos/database\batch_08\img_moth_00015351.jpg,"[4000, 6000]",36.92156862745098,"['2025DCR\n01428\n', 'Photographedby\nBHarter\n2025\n', 'SanteeCoastalReserve\nCharlestonCoSC\nEFLoPresti\n20Mav2025\nBaitTrap\n', '']","['2025DCR\n01428\n', '8\n2025\n', 'CR\nCCC\nC\n202025\nR\n', '']","['2025C\n01428\n', 'P\n8\n2025\n', 'CP\nCCC\nCP\n202025\n', '']",modelv1.0__2026-05-20 20:23:05
D:/moth_photos/database\batch_08\img_moth_00015352.jpg,"[4000, 6000]",36.34615384615385,"['7\n2025DCR\n01274\n', 'Photoqraphedby\nBHarter\n2025\n', 'SanteeCoastalReserve\nCharlestonCoSC\nEFLoPresti\n29March2025\nSenihOakTrao\n']","['7\n2025DCR\n01274\n', '8\n2025\n', 'CR\nCCC\n292025\n']","['7\n2025C\n01274\n', 'P\n8\n2025\n', 'C\nCCC\nP\n292025\n']",modelv1.0__2026-05-20 20:23:05
D:/moth_photos/database\batch_08\img_moth_00015353.jpg,"[4000, 6000]",36.40384615384615,"['2025DCR\n01429\n', 'Photoqraphedby\nBHarter\n2025\n', 'SanteeCoastalReserve\nCharlestonCoSC\nEFtoPresti\n20May2025\nBaitTrao\n']","['2025DCR\n01429\n', '8\n2025\n', 'CR\nCCC\n202025\nR\n']","['2025PC\n01429\n', 'P\n8\n2025\n', 'C\nCCC\nP\n202025\n']",modelv1.0__2026-05-20 20:23:05
D:/moth_photos/database\batch_08\img_moth_00015354.jpg,"[4000, 6000]",36.71153846153846,"['2025DCR\n91275\n', 'Photoqraphedby\nBHarter\n2025\n', 'SanteeCoastalReserve\nCharlestonCoSC\nEFLoPresti\n29March2025\nScrubOakTrap\n']","['2025DCR\n91275\n', '8\n2025\n', 'CR\nCCC\n292025\n0\n']","['2025C\n91275\n', 'P\n8\n2025\n', 'C\nCCC\nP\n292025\n0\n']",modelv1.0__2026-05-20 20:23:05
D:/moth_photos/database\batch_08\img_moth_00015355.jpg,"[4000, 6000]",36.480769230769226,"['2025DCR\n01430\n', 'Photoqraphedby\nBHarter\n2025\n', 'SanteeCoastalReserve\nCharlestonCoSC\nEFLoPresti\n20May2025\nBaitTrap\n\n', '']","['2025DCR\n01430\n', '8\n2025\n', 'CR\nCCC\n202025\n\n', '']","['2025C\n01430\n', 'P\n8\n2025\n', 'C\nCCC\nP\n202025\n\n', '']",modelv1.0__2026-05-20 20:23:05
D:/moth_photos/database\batch_08\img_moth_00015356.jpg,"[4000, 6000]",36.65384615384615,"['2025DCR\n01276\n', 'Photoqraphedby\nBHarter\n2025\n', 'SanteeCoastalReserve\nCharlestonCoSC\nEFLoPresti\n29March2025\nScrubOakTrap\n']","['2025DCR\n01276\n', '8\n2025\n', 'CR\nCCC\n292025\n']","['2025C\n01276\n', 'P\n8\n2025\n', 'C\nCCC\nP\n292025\n']",modelv1.0__2026-05-20 20:23:05
D:/moth_photos/database\batch_08\img_moth_00015357.jpg,"[4000, 6000]",36.44230769230769,"['2025DCR\n01431\n', 'Photoqraphedby\nBHarter\n2025\n', 'ESSSaFe\nnoearmites\nELoPresti 2025\n', 'SanteeCoastalReserve\nCharlestonCoSC\nEFLoPresti\n20Mav2025\n\nOre Trap\n']","['2025DCR\n01431\n', '8\n2025\n', '0\n2025\n', 'CR\nCCC\n202025\n']","['2025C\n01431\n', 'P\n8\n2025\n', '0\nP 2025\n', 'C\nCCC\nP\n202025\n']",modelv1.0__2026-05-20 20:23:05
D:/moth_photos/database\batch_08\img_moth_00015358.jpg,"[4000, 6000]",36.692307692307686,"['2025DCR\n01277\n', 'Photoqraphedby\nBHarter\n2025\n', 'SanteeCoastalReserve\nCharlestonCoSC\nEFLoPresti\n29March2025\nScrubOakTrap\n']","['2025DCR\n01277\n', '8\n2025\n', 'CR\nCCC\n292025\n0\n']","['2025C\n01277\n', 'P\n8\n2025\n', 'C\nCCC\nP\n292025\n0\n']",modelv1.0__2026-05-20 20:23:05
D:/moth_photos/database\batch_08\img_moth_00015359.jpg,"[4000, 6000]",36.627450980392155,"['2025DCR\n01432\n', 'Photoqraphedby\nBHarter\n2025\n', 'SanteeCoastalReserve\nCharlestonCoSC\nEFLoPresti\n20Mav2025\n\nOw2Trap\n', 'noearmites\nELoPresti2025\n']","['2025DCR\n01432\n', '8\n2025\n', 'CR\nCCC\n202025\n\n2\n', '2025\n']","['2025PC\n01432\n', 'P\n8\n2025\n', 'CP\nCCC\nP\n202025\n\n2\n', 'P2025\n']",modelv1.0__2026-05-20 20:23:05
D:/moth_photos/database\batch_08\img_moth_00015360.jpg,"[4000, 6000]",36.61538461538461,"['2025DCR\n01278\n', 'Photoqraphedby\nBHarter\n2025\n', 'SanteeCoastalReserve\nCharlestonCoSC\nEFLoPresti\n29March2025\nScrubOakTrap\n']","['2025DCR\n01278\n', '8\n2025\n', 'CR\nCCC\nR\n292025\n']","['2025C\n01278\n', 'P\n8\n2025\n', 'C\nCCC\nP\n292025\n']",modelv1.0__2026-05-20 20:23:05
D:/moth_photos/database\batch_08\img_moth_00015361.jpg,"[4000, 6000]",36.98039215686274,"['2025DCR\n01433\n', 'Photoqraphedby\nBHarter\n2025\n', 'SanteeCoastalReserve\nCharlestonCoSC\nEFLoPresti\n20Mav2025\nPondTrap\n', '']","['2025DCR\n01433\n', '8\n2025\n', 'CR\nCCC\n202025\n', '']","['2025C\n01433\n', 'P\n8\n2025\n', 'C\nCCC\nP\n202025\nP\n', '']",modelv1.0__2026-05-20 20:23:05
D:/moth_photos/database\batch_08\img_moth_00015362.jpg,"[4000, 6000]",36.65384615384615,"['Photoqraphedby\n8Harter\n2025\n', 'noear mites\nELoPresti2025\n', '2025DCR\n01279\n', 'SanteeCoastalReserve\nCharlestonCoSC\nEFLoPresti\n29March2025\nScrubOakTrap\n']","['8\n2025\n', '0\n2025\n', '2025DCR\n01279\n', 'CR\nCCC\n292025\n']","['P\n8\n2025\n', '0\nP2025\n', '2025C\n01279\n', 'C\nCCC\nP\n292025\n']",modelv1.0__2026-05-20 20:23:05
D:/moth_photos/database\batch_08\img_moth_00015363.jpg,"[4000, 6000]",36.46153846153847,"['2025DCR\n01434\n', 'Photoqraphedby\nBHarter\n2025\n', 't\nSantee CoastalReserve\nCharlestonCo SC\nEFLoPresti\n20Mav2025\nPondTrap\n']","['2025DCR\n01434\n', '8\n2025\n', 'CR\nCC C\n202025\n']","['2025C\n01434\n', 'P\n8\n2025\n', 'C\nCC C\nP\n202025\nP\n']",modelv1.0__2026-05-20 20:23:05
D:/moth_photos/database\batch_08\img_moth_00015364.jpg,"[4000, 6000]",36.53846153846154,"['2025DCR\n01280\n', 'noear mites\nELoPresti2025\n', 'Photoqraphedby\nBHarter\n2025\n', 't\nSantee CoastalReserve\nCharleston Co\nEF LoPresti\n29March 2025\nScrubOak Trap\n']","['2025DCR\n01280\n', '2025\n', '8\n2025\n', 'CR\nC C\n29C 2025\n0\n']","['2025C\n01280\n', 'P2025\n', 'P\n8\n2025\n', 'C\nC C\nP\n29WC 2025\n0\n']",modelv1.0__2026-05-20 20:23:05
D:/moth_photos/database\batch_08\img_moth_00015365.jpg,"[4000, 6000]",36.44230769230769,"['2025DCR\n01435\n', 'Photoqraphedby\n8Harter\n2025\n', 'bc\nSanteeCoastalReserve\nChanestonCoSC\nEFLqPresti\n20Mav2025\nos LL Trao\n\nyy\n']","['2025DCR\n01435\n', '8\n2025\n', 'CR\nCCC\n202025\n\n4\n']","['2025C\n01435\n', 'P\n8\n2025\n', 'C\nCCC\nP\n202025\n\n4\n']",modelv1.0__2026-05-20 20:23:05
D:/moth_photos/database\batch_08\img_moth_00015366.jpg,"[4000, 6000]",36.53846153846154,"['2025DCR\n01281\n', 'Photoqgraphedby\nBHarter\n2025\n', 'SanteeCoastalReserve\nChanestonCoSC\nEFLoPresti\n29March2025\nCapeTrap\n', 'noearmites\nELoPresti2025\n']","['2025DCR\n01281\n', '8\n2025\n', 'CR\nCCC\n292025\nC\n', 'C2025\n']","['2025C\n01281\n', 'P\n8\n2025\n', 'C\nCCC\nP\n292025\nC\n', 'CP2025\n']",modelv1.0__2026-05-20 20:23:05
D:/moth_photos/database\batch_08\img_moth_00015367.jpg,"[4000, 6000]",36.94117647058823,"['2025DCR\n01436\n', 'Photoqraphedby\nBHarter\n2025\n', 'SanteeCoastalReserve\nCharlestanCoSC\nEFLoPresti\n20Mav2025\nPondTrap\n']","['2025DCR\n01436\n', '8\n2025\n', 'CR\nCCC\n202025\n']","['2025C\n01436\n', 'P\n8\n2025\n', 'C\nCCC\nP\n202025\nP\n']",modelv1.0__2026-05-20 20:23:05
D:/moth_photos/database\batch_08\img_moth_00015368.jpg,"[4000, 6000]",36.78846153846154,"['2025DCR\n01282\n', 'ELoPresti2025\n', 'Photographedby\nBHarter\n2025\n', 'SanteeCoastalReserve\nCharliestonCoSC\nEFLoPresti\n29March2025\nCapeTrap\n']","['2025DCR\n01282\n', '2025\n', '8\n2025\n', 'CR\nCCC\n292025\nC\n']","['2025C\n01282\n', 'P2025\n', 'P\n8\n2025\n', 'C\nCCC\nP\n292025\nC\n']",modelv1.0__2026-05-20 20:23:05
D:/moth_photos/database\batch_08\img_moth_00015369.jpg,"[4000, 6000]",36.90196078431373,"['2025DCR\n01437\n', 'Photographedby\nBHarter\n2025\n', 'SanteeCoastalReserve\nCharlestonCoSC\nEFLoPresti\n20Mav2025\nPondTrap\n', '']","['2025DCR\n01437\n', '8\n2025\n', 'CR\nCCC\n202025\n', '']","['2025C\n01437\n', 'P\n8\n2025\n', 'C\nCCC\nP\n202025\nP\n', '']",modelv1.0__2026-05-20 20:23:05
D:/moth_photos/database\batch_08\img_moth_00015370.jpg,"[4000, 6000]",36.59615384615385,"['2025DCR\n01283\n', 'Photographedby\nBHarter\n2025\n', 'SanteeCoastalReserve\nCharlestonCoSC\nEFLoPresti\n29March2025\nCapeTrap\n', 'noear mites\nELoPresti2025\n']","['2025DCR\n01283\n', '8\n2025\n', 'CR\nCCC\n292025\nC\n', '2025\n']","['2025C\n01283\n', 'P\n8\n2025\n', 'C\nCCC\nP\n292025\nC\n', 'P2025\n']",modelv1.0__2026-05-20 20:23:05
D:/moth_photos/database\batch_08\img_moth_00015371.jpg,"[4000, 6000]",36.9607843137255,"['2025DCR\n01438\n', 'Photoqraphedby\nBHarter\n2025\n', 'SanteeCoastalReserve\nCharlestonCoSC\nEFLoPresti\n20Mav2025\nPondTrap\n', '']","['2025DCR\n01438\n', '8\n2025\n', 'CR\nCCC\n202025\n', '']","['2025C\n01438\n', 'P\n8\n2025\n', 'C\nCCC\nP\n202025\nP\n', '']",modelv1.0__2026-05-20 20:23:05
D:/moth_photos/database\batch_08\img_moth_00015372.jpg,"[4000, 6000]",36.59615384615385,"['2025DCR\n01284\n', 'no noear mites\nE LoPresti2025\n', 'Photoqraphedby\nBHarter\n2025\n', 'SanteeCoastalReserve\nCharlestonCoSC\nEFLoPresti\n29March2025\nCapeTrap\n']","['2025DCR\n01284\n', '2025\n', '8\n2025\n', 'CR\nCCC\n292025\nC\n']","['2025C\n01284\n', 'P2025\n', 'P\n8\n2025\n', 'C\nCCC\nP\n292025\nC\n']",modelv1.0__2026-05-20 20:23:05
D:/moth_photos/database\batch_08\img_moth_00015373.jpg,"[4000, 6000]",36.666666666666664,"['Siss\n2025 DCR\n01439\n', 'Photographedby\n8Harter\n2025\n', 'SanteeCoastalReserve\nCharlestonCoSC\nEFLoPresti\n20Mav2025\nPondTrap\n', '']","['2025 DCR\n01439\n', '8\n2025\n', 'CR\nCCC\n202025\n', '']","['2025 C\n01439\n', 'P\n8\n2025\n', 'C\nCCC\nP\n202025\nP\n', '']",modelv1.0__2026-05-20 20:23:05
D:/moth_photos/database\batch_08\img_moth_00015374.jpg,"[4000, 6000]",36.67307692307692,"['2025DCR\n01285\n', 'XSriat\nleftearmites\n\nEFL2024\n\n838\n', 'Photoqraphedby\nBHarter\n2025\n', 'SanteeCoastalReserve\nCharlestanCoSC\nEFLoPresti\n29March2025\nCapeTrap\n']","['2025DCR\n01285\n', '2024\n\n838\n', '8\n2025\n', 'CR\nCCC\n292025\nC\n']","['2025C\n01285\n', '2024\n\n838\n', 'P\n8\n2025\n', 'C\nCCC\nP\n292025\nC\n']",modelv1.0__2026-05-20 20:23:05
D:/moth_photos/database\batch_08\img_moth_00015375.jpg,"[4000, 6000]",36.68627450980392,"['2025DCR\n01440\n', 'noearmites\nELoPresti2025\n', 'Photoqraphedby\nBHarter\n2025\n', 'SanteeCoastalReserve\nCharlestonCoSC\nEFLoPresti\n4Mav2025\nCapeTrap\n']","['2025DCR\n01440\n', 'C2025\n', '8\n2025\n', 'CR\nCCC\nCCR\n42025\nC\n']","['2025C\n01440\n', 'CP2025\n', 'P\n8\n2025\n', 'C\nCCC\nCCP\n42025\nC\n']",modelv1.0__2026-05-20 20:23:05
D:/moth_photos/database\batch_08\img_moth_00015376.jpg,"[4000, 6000]",36.84615384615385,"['2025DCR\n01286\n', 'SanteeCoastalReserve\nCharlestonCoSC\nEFLoPresti\n29March2025\nCapeTrap\n', 'Photographedby\nBHarter\n2025\n']","['2025DCR\n01286\n', 'CR\nCC0C\n292025\nC\n', 'R\n2025\n']","['2025C\n01286\n', 'C\nCC0C\nP\n292025\nC\n', 'P\n2025\n']",modelv1.0__2026-05-20 20:23:05
D:/moth_photos/database\batch_08\img_moth_00015377.jpg,"[4000, 6000]",36.42307692307693,"['2025DCR\n01441\n', 'Photoqraphedby\nBHarter\n2025\n', 'noearmites\nELoPresti2025\n', 'Santee Coastal Reserve\n\nCharleston Co\nEF LoPresti\n4Mav 2025\n\nCvoress Trap\n\n']","['2025DCR\n01441\n', '8\n2025\n', '2025\n', 'C R\n\nC C\n4 2025\n\nC\n\n']","['2025C\n01441\n', 'P\n8\n2025\n', 'P2025\n', 'C\n\nC C\nP\n4 2025\n\nC\n\n']",modelv1.0__2026-05-20 20:23:05
D:/moth_photos/database\batch_08\img_moth_00015378.jpg,"[4000, 6000]",36.692307692307686,"['Photoqraphedby\nBHarter\n2025\n', '2025DCR\n01287\n', 'SanteeCoastalReserve\nCharlestonCoSC\nEFLoPresti\n29March2025\n\nCaneTran\n']","['8\n2025\n', '2025DCR\n01287\n', 'CR\nCCC\n292025\n\nC\n']","['P\n8\n2025\n', '2025PC\n01287\n', 'C\nCCC\nP\n292025\n\nC\n']",modelv1.0__2026-05-20 20:23:05
D:/moth_photos/database\batch_08\img_moth_00015379.jpg,"[4000, 6000]",37.03921568627451,"['2025DCR\n01442\n', 'Photographedby\n8Harter\n2025\n', 'SanteeCoastalReserve\nCharlestonCoSC\nEFLoPresti\n4Mav2025\nCvpressTrap\n', '']","['2025DCR\n01442\n', '8\n2025\n', 'CR\nCCC\n42025\nC\n', '']","['2025C\n01442\n', 'P\n8\n2025\n', 'C\nCCC\nP\n42025\nC\n', '']",modelv1.0__2026-05-20 20:23:05
D:/moth_photos/database\batch_08\img_moth_00015380.jpg,"[4000, 6000]",36.67307692307692,"['2025DCR\n01288\n', 'Photoqraphedby\nBHarter\n2025\n', 'SanteeCoastalReserve\nCharlestonCoSC\nEFLoPresti\n29Mardch2025\nCapeTrap\n']","['2025DCR\n01288\n', '8\n2025\n', 'CR\nCCC\n292025\nC\n']","['2025C\n01288\n', 'P\n8\n2025\n', 'C\nCCC\nP\n292025\nC\n']",modelv1.0__2026-05-20 20:23:05
D:/moth_photos/database\batch_08\img_moth_00015381.jpg,"[4000, 6000]",36.84313725490196,"['2025DCR\n01443\n', 'Photoqraphedby\nBHarter\n2025\n', 'Santee CoastalReserve\nCharleston Co\nEF LoPresti\n4Mav2025\nCvpressTrap\n', 'noearmites\ncLoPresti2025\n']","['2025DCR\n01443\n', '8\n2025\n', 'CR\nC C\n42025\nCD\n', '2025\n']","['2025C\n01443\n', 'P\n8\n2025\n', 'C\nC C\nP\n42025\nC\n', 'P2025\n']",modelv1.0__2026-05-20 20:23:05
D:/moth_photos/database\batch_08\img_moth_00015382.jpg,"[4000, 6000]",36.53846153846154,"['2025DCR\n01289\n', 'Photographedby\nBHarter\n2025\n', 'SanteeCoastalReserve\nCharlestonCoSC\nEFLoPresti\n29March2025\nCapeTrap\n']","['2025DCR\n01289\n', '8\n2025\n', 'CR\nCCC\n292025\nC\n']","['2025C\n01289\n', 'P\n8\n2025\n', 'C\nCCC\nP\n292025\nC\n']",modelv1.0__2026-05-20 20:23:05
D:/moth_photos/database\batch_08\img_moth_00015383.jpg,"[4000, 6000]",36.32692307692307,"['2025DCR\n01444\n', 'Photoqraphedby\n8Harter\n2025\n', 'SanteeCoastalReserve\nCharlestonCoSC\nEFLpPresti\n4Mav2025\nCvpressTrao\n']","['2025DCR\n01444\n', '8\n2025\n', 'CR\nCCC\n42025\nC1\n']","['2025C\n01444\n', 'P\n8\n2025\n', 'C\nCCC\nP\n4W2025\nC1\n']",modelv1.0__2026-05-20 20:23:05
D:/moth_photos/database\batch_08\img_moth_00015384.jpg,"[4000, 6000]",36.78846153846154,"['2025DCR\n01290\n', 'Photoqraphedby\nBHarter\n2025\n', 'SanteeCoastalReserve\n\nCharlestonCoSC\nEFLoPrresti\n29March2025\nCapeTrap\n']","['2025DCR\n01290\n', '8\n2025\n', 'CR\n\nCCC\nR\n292025\nC\n']","['2025C\n01290\n', 'P\n8\n2025\n', 'C\n\nCCC\nP\n292025\nC\n']",modelv1.0__2026-05-20 20:23:05
D:/moth_photos/database\batch_08\img_moth_00015385.jpg,"[4000, 6000]",36.42307692307693,"['5025DCR\n01445\n', 'Photoqgraphedby\nBHarter\n2025\n', 'SanteeCoastalReserve\nCharlestornCoSC\nKStoi\n5Mav2025\nBaitTrap\n', '']","['5025DCR\n01445\n', '8\n2025\n', 'CR\nCC0C\n52025\n', '']","['5025PC\n01445\n', 'P\n8\n2025\n', 'C\nCC0C\n52025\n', '']",modelv1.0__2026-05-20 20:23:05
D:/moth_photos/database\batch_08\img_moth_00015386.jpg,"[4000, 6000]",36.38461538461538,"['2025DCR\n01291\n', 'Photographedby\nBHarter\n2025\n', 'SanteeCoastalReserve\nCharestonCoSC\nEFLoPresti\n29March2025\nCapeTrap\n', '']","['2025DCR\n01291\n', '8\n2025\n', 'CR\nCCC\n292025\nC\n', '']","['2025C\n01291\n', 'P\n8\n2025\n', 'C\nCCC\nP\n292025\nC\n', '']",modelv1.0__2026-05-20 20:23:05
D:/moth_photos/database\batch_08\img_moth_00015387.jpg,"[4000, 6000]",37.01960784313725,"['Photoqraphedby\nBHarter\n2025\n', '2025DCR\n01446\n\n', 'SanteeCoastalReserve\nCharestonCoSC\nKStoi\n5Mav2025\n\nBaitTrap\n', '']","['8\n2025\n', '2025DCR\n01446\n\n', 'CR\nCCC\n52025\n\nR\n', '']","['P\n8\n2025\n', '2025PC\n01446\n\n', 'C\nCCC\n52025\n', '']",modelv1.0__2026-05-20 20:23:05
D:/moth_photos/database\batch_08\img_moth_00015388.jpg,"[4000, 6000]",36.82692307692308,"['2025DCR\n01292\n', 'Photoqraphedby\nBHarter\n2025\n', 'SanteeCoastalReserve\nCharlestonCoSC\nEFLoPresti\n29March2025\n\nCapeTrap\n']","['2025DCR\n01292\n', '8\n2025\n', 'CR\nCCC\n292025\n\nC\n']","['2025C\n01292\n', 'P\n8\n2025\n', 'C\nCCC\nP\n292025\n\nC\n']",modelv1.0__2026-05-20 20:23:05
D:/moth_photos/database\batch_08\img_moth_00015389.jpg,"[4000, 6000]",36.46153846153847,"['2025DCR\n01447\n', 'Photographedby\nBHarter\n2025\n', 'SanteeCoastalReserve\nCharlestonCoSC\nKStoi\n5Mav2025\nBaitTrap\n']","['2025DCR\n01447\n', 'R\n2025\n', 'CR\nCCC\n52025\n']","['2025C\n01447\n', 'P\n2025\n', 'C\nCCC\n52025\n']",modelv1.0__2026-05-20 20:23:05
D:/moth_photos/database\batch_08\img_moth_00015390.jpg,"[4000, 6000]",36.71153846153846,"['2025DCR\n01293\n', 'Photographedby\nBHarter\n2025\n', 'SanteeCoastalReserve\nCharlestonCoSC\nEFLoPresti\n29March2025\nMarshTrap\n', 'noearmites\nELoPresti2025\n']","['2025DCR\n01293\n', '8\n2025\n', 'CR\nCCC\n292025\n', 'R2025\n']","['2025C\n01293\n', 'P\n8\n2025\n', 'C\nCCC\nP\n292025\n', 'P2025\n']",modelv1.0__2026-05-20 20:23:05
D:/moth_photos/database\batch_08\img_moth_00015391.jpg,"[4000, 6000]",36.59615384615385,"['2025DCR\n01448\n', 'Photoqraphedby\nBHarter\n2025\n', 'SanteeCoastalReserve\nCharlestonCoSC\nKSfoi\n5Mav2025\nBaitTrao\n', '']","['2025DCR\n01448\n', '8\n2025\n', 'CR\nCCC\n52025\n', '']","['2025C\n01448\n', 'P\n8\n2025\n', 'C\nCCC\n52025\n', '']",modelv1.0__2026-05-20 20:23:05
D:/moth_photos/database\batch_08\img_moth_00015392.jpg,"[4000, 6000]",36.519230769230774,"['EU\nleft ear mites\n\nEFL2024\n\noEhSl\n', '2025DCR\n01294\n', 'Photoqraphedby\nBHarter\n2025\n', 'aeCoastalReserve\n\nCharestonCO\neLopresti\n\n29March202\nrshTrap\n\nMa\n\n']","['2024\n', '2025DCR\n01294\n', '8\n2025\n', 'CR\n\nCC\n\n29202\n1\n\n']","['2024\n', '2025C\n01294\n', 'P\n8\n2025\n', 'C\n\nCC\nP\n\n29202\n1P\n\n']",modelv1.0__2026-05-20 20:23:05
D:/moth_photos/database\batch_08\img_moth_00015393.jpg,"[4000, 6000]",36.90196078431373,"['Photoqraphedby\nBHarter\n2025\n', '9025DCR\n\n91449\n', 'ree\nSantee CoastalReserve\n\nCharleston Co\nStoi\n\n5Mav2025\nBaitTrad\n', '']","['8\n2025\n', '9025DCR\n\n91449\n', 'CR\n\nC C\n\n52025\nRD\n', '']","['P\n8\n2025\n', '9025PC\n\n91449\n', 'C\n\nC C\n\n52025\n', '']",modelv1.0__2026-05-20 20:23:05
D:/moth_photos/database\batch_08\img_moth_00015394.jpg,"[4000, 6000]",36.94117647058823,"['2025DCR\n01295\n', 'Photoqraphedby\nBHarter\n2025\n', 'Santee CoastalReserve\nCharlestonCo\nEFLoPresti\n28March 2025\nGatorRoadTrap\n', '']","['2025DCR\n01295\n', '8\n2025\n', 'CR\nCC\n28 2025\nR\n', '']","['2025PC\n01295\n', 'P\n8\n2025\n', 'C\nCC\nP\n28 2025\n', '']",modelv1.0__2026-05-20 20:23:05
D:/moth_photos/database\batch_08\img_moth_00015395.jpg,"[4000, 6000]",36.40384615384615,"['Photoqgraphedby\nBHarter\n2025\n', '2025DCR\n01450\n', 'SanteeCoastalReserve\nCharlestonCoSC\nKStoi\n5Mav2025\nBaitTrap\n', '']","['8\n2025\n', '2025DCR\n01450\n', 'CR\nCCC\n52025\nR\n', '']","['P\n8\n2025\n', '2025C\n01450\n', 'C\nCCC\n52025\n', '']",modelv1.0__2026-05-20 20:23:05
D:/moth_photos/database\batch_08\img_moth_00015396.jpg,"[4000, 6000]",36.42307692307693,"['9025DCR\n01296\n', 'Photoqraphedby\nBHarter\n2025\n', 'SanteeCoastalReserve\nCharlestonCoSC\nEFLoPresti\n28March2025\nGatorRoadTrao\n', '']","['9025DCR\n01296\n', '8\n2025\n', 'CR\nCCC\n282025\nR\n', '']","['9025C\n01296\n', 'P\n8\n2025\n', 'C\nCCC\nP\n282025\n', '']",modelv1.0__2026-05-20 20:23:05
D:/moth_photos/database\batch_08\img_moth_00015397.jpg,"[4000, 6000]",36.8235294117647,"['2025DCR\n01451\n', 'Photographedby\nBHarter\n2025\n', 'SanteeCoastalReserve\nCharlestonCoSC\nEFLoPresti\n2Mav2025\nCTrailTrap\n', '']","['2025DCR\n01451\n', '8\n2025\n', 'CR\nCCC\n22025\nC\n', '']","['2025C\n01451\n', 'P\n8\n2025\n', 'C\nCCC\nP\n22025\nC\n', '']",modelv1.0__2026-05-20 20:23:05
D:/moth_photos/database\batch_08\img_moth_00015398.jpg,"[4000, 6000]",36.98039215686274,"['2025DCR\n01297\n', 'Photoqraphedby\nBHarter\n2025\n', 'SanteeCoastalReserve\nCharlestonCoSC\nELF LoPresti\n28March2025\nGatorRoadTrao\n', '']","['2025DCR\n01297\n', '8\n2025\n', 'CR\nCCC\n282025\nR\n', '']","['2025C\n01297\n', 'P\n8\n2025\n', 'C\nCCC\nP\n282025\n', '']",modelv1.0__2026-05-20 20:23:05
D:/moth_photos/database\batch_08\img_moth_00015399.jpg,"[4000, 6000]",36.38461538461538,"['2025 DCR\n01452\n', 'Photoqraphedby\nBHarter\n2025\n', 'SanteeCoastalReserve\nCharnestonCoSC\nEFLoPresti\n2May2025\nCTrailTrap\n', '']","['2025 DCR\n01452\n', '8\n2025\n', 'CR\nCCC\n22025\nC\n', '']","['2025 C\n01452\n', 'P\n8\n2025\n', 'C\nCCC\nP\n22025\nC\n', '']",modelv1.0__2026-05-20 20:23:05
D:/moth_photos/database\batch_08\img_moth_00015400.jpg,"[4000, 6000]",36.8235294117647,"['2025DCR\n01298\n', 'Photographedby\nBHarter\n2025\n', 'no earmites\nELoPresti2025\n\n', 'SanteeCoastalReserve\nCharnlestonCoSC\nEFLoPresti\n28March2025\nGatorRoadTrap\n']","['2025DCR\n01298\n', '8\n2025\n', '2025\n\n', 'CR\nCCC\n282025\nR\n']","['2025C\n01298\n', 'P\n8\n2025\n', 'P2025\n\n', 'C\nCCC\nP\n282025\n']",modelv1.0__2026-05-20 20:23:05
D:/moth_photos/database\batch_08\img_moth_00015401.jpg,"[4000, 6000]",36.84313725490196,"['2025DCR\n01453\n', 'Photoqraphedby\nBHarter\n2025\n', 'SanteeCoastalReserve\nCharlestonCoSC\nEFLoPresti\n2MaY2025\nCTrailTrap\n', '']","['2025DCR\n01453\n', '8\n2025\n', 'CR\nCCC\n22025\nC\n', '']","['2025C\n01453\n', 'P\n8\n2025\n', 'C\nCCC\nP\n22025\nC\n', '']",modelv1.0__2026-05-20 20:23:05
D:/moth_photos/database\batch_08\img_moth_00015402.jpg,"[4000, 6000]",36.92156862745098,"['2025DCR\n01299\n', 'Photoqraphedby\nBHarter\n2025\n', 'noearmites\nELoPrestl 2025\n', 'SanteeCoastalReserve\nCharleston CoSC\nEFLoPresti\n28March2025\nGatorRoadTrap\n']","['2025DCR\n01299\n', '8\n2025\n', '2025\n', 'CR\nC CC\n282025\nR\n']","['2025C\n01299\n', 'P\n8\n2025\n', 'P 2025\n', 'C\nC CC\nP\n282025\n']",modelv1.0__2026-05-20 20:23:05
D:/moth_photos/database\batch_08\img_moth_00015403.jpg,"[4000, 6000]",36.42307692307693,"['2025DCR\n01454\n', 'Photoqraphedby\nBHarter\n2025\n', 'SanteeCoastalReserve\nChariestonCoSC\nEFLoPresti\n2Mav2025\nCTrailTrap\n', '']","['2025DCR\n01454\n', '8\n2025\n', 'CR\nCCC\n22025\nC\n', '']","['2025C\n01454\n', 'P\n8\n2025\n', 'C\nCCC\nP\n22025\nC\n', '']",modelv1.0__2026-05-20 20:23:05
D:/moth_photos/database\batch_08\img_moth_00015404.jpg,"[4000, 6000]",36.92156862745098,"['2025DCR\n01300\n', 'Photoqraphedby\nBHarter\n2025\n', 'noearmites\nELoPresti2025\n', 'SanteeCoastalReserve\nCharlestqnCoSC\nEFLoPresti\n28March2025\nGatorRoadTrapo\n']","['2025DCR\n01300\n', '8\n2025\n', '2025\n', 'CR\nCCC\n282025\nR\n']","['2025C\n01300\n', 'P\n8\n2025\n', 'P2025\n', 'C\nCCC\nP\n282025\n']",modelv1.0__2026-05-20 20:23:05
D:/moth_photos/database\batch_08\img_moth_00015405.jpg,"[4000, 6000]",36.94117647058823,"['2025DCR\n01455\n', 'Photoqraphedby\n8Harter\n2025\n', 'SanteeCoastalReserve\nChanestonCoSC\nEFLoPresti\n2Mav2025\nCTrailTrap\n']","['2025DCR\n01455\n', '8\n2025\n', 'CR\nCC0C\n22025\nC\n']","['2025C\n01455\n', 'P\n8\n2025\n', 'C\nCC0C\nP\n22025\nC\n']",modelv1.0__2026-05-20 20:23:05
D:/moth_photos/database\batch_08\img_moth_00015406.jpg,"[4000, 6000]",37.0,"['2025DCR\n01301\n', 'noearmites\nELoPresti 2025\n', 'Photographedby\nBHarter\n2025\n', 'SanteeCoastalReserve\nChanlestonCoSC\nEFLoPresti\n28March2025\nGatorRoadTrap\n']","['2025DCR\n01301\n', 'C 2025\n', '8\n2025\n', 'CR\nCCC\n282025\nR\n']","['2025PC\n01301\n', 'CP 2025\n', 'P\n8\n2025\n', 'C\nCCC\nP\n282025\n']",modelv1.0__2026-05-20 20:23:05
D:/moth_photos/database\batch_08\img_moth_00015407.jpg,"[4000, 6000]",36.5,"['2025DCR\n01456\n', 'Photographedby\nBHarter\n2025\n', 'SanteeCoastalReserve\nCharlestonCoSC\nEFLoPresti\n11March2025\nBaitTrap\n', 'noearmites\nELoPresti2025\n']","['2025DCR\n01456\n', '8\n2025\n', 'CR\nCCC\n112025\nR\n', '2025\n']","['2025C\n01456\n', 'P\n8W\n2025\n', 'C\nCCC\nP\n112025\n', 'P2025\n']",modelv1.0__2026-05-20 20:23:05
D:/moth_photos/database\batch_08\img_moth_00015408.jpg,"[4000, 6000]",36.46153846153847,"['Photoqgraphedby\nBHarter\n2025\n', '2025DCR\n01302\n', 'noearmites\nELoPrestl 2025\n', 'SanteeCoastalReserve\nChanestonCoSC\nEFLoPresti\n28March2025\nGatorRoadTrao\n']","['8\n2025\n', '2025DCR\n01302\n', '2025\n', 'CR\nCCC\n282025\nR\n']","['P\n8\n2025\n', '2025C\n01302\n', 'P 2025\n', 'C\nCCC\nP\n282025\n']",modelv1.0__2026-05-20 20:23:05
D:/moth_photos/database\batch_08\img_moth_00015409.jpg,"[4000, 6000]",37.0,"['2025DCR\n01457\n', 'Photoqraphedby\nBHarter\n2025\n', 'SanteeCoastalReserve\nCharlestonCoSC\nEFLoPresti\n11March2025\nBaitTrap\n', 'noearmites\nELoPresti2025\n']","['2025DCR\n01457\n', '8\n2025\n', 'CR\nCCC\n112025\nR\n', '2025\n']","['2025C\n01457\n', 'P\n8\n2025\n', 'C\nCCC\nP\n112025\n', 'P2025\n']",modelv1.0__2026-05-20 20:23:05
D:/moth_photos/database\batch_08\img_moth_00015410.jpg,"[4000, 6000]",36.42307692307693,"['2025DCR\n01303\n', 'noearmites\nELoPresti 2025\n', 'Photographedby\nBHarter\n2025\n', 'SanteeCoastalReserve\nCharlestonCoSC\nEFLoPresti\n28March2025\nOH3Trap\n']","['2025DCR\n01303\n', '2025\n', '8\n2025\n', 'CR\nCCC\n282025\n3\n']","['2025C\n01303\n', 'P 2025\n', 'P\n8\n2025\n', 'C\nCCC\nPP\n282025\n3\n']",modelv1.0__2026-05-20 20:23:05
D:/moth_photos/database\batch_08\img_moth_00015411.jpg,"[4000, 6000]",36.38461538461538,"['2025DCR\n01458\n', 'Photoqraphedby\nBHarter\n2025\n', 'noearmites\nELoPresti2025\n', 'SanteeCoastalReserve\nCharlestonCoSC\nEFLoPresti\n11March2025\nBaitTrap\n']","['2025DCR\n01458\n', '8\n2025\n', '2025\n', 'CR\nCCC\n112025\nR\n']","['2025C\n01458\n', 'P\n8\n2025\n', 'P2025\n', 'C\nCCC\nP\n112025\n']",modelv1.0__2026-05-20 20:23:05
D:/moth_photos/database\batch_08\img_moth_00015412.jpg,"[4000, 6000]",36.98039215686274,"['2025DCR\n01304\n', 'Photographedby\nBHarter\n2025\n', 'SanteeCoastalReserve\nCharlestonCoSC\nEFLoPresti\n28March2025\nOH3Trap\n', '']","['2025DCR\n01304\n', '8\n2025\n', 'CR\nCCC\n282025\n3\n', '']","['2025C\n01304\n', 'P\n8\n2025\n', 'C\nCCC\nP\n282025\n3\n', '']",modelv1.0__2026-05-20 20:23:05
D:/moth_photos/database\batch_08\img_moth_00015413.jpg,"[4000, 6000]",36.94117647058823,"['2025DCR\n01459\n', 'noearmites\nELoPresti2025\n', 'Photoqraphedby\nBHarter\n2025\n', 'SanteeCoastalReserve\nCharlestonCoSC\nEFLoPresti\n11Mafch2025\nBaitTrap\n']","['2025DCR\n01459\n', 'C2025\n', '8\n2025\n', 'CR\nCCC\n112025\nR\n']","['2025C\n01459\n', 'CP2025\n', 'P\n8W\n2025\n', 'C\nCCC\nP\n112025\n']",modelv1.0__2026-05-20 20:23:05
D:/moth_photos/database\batch_08\img_moth_00015414.jpg,"[4000, 6000]",36.76470588235294,"['2025DCR\n01305\n', 'Photoqraphedby\nBHarter\n2025\n', 'SanteeCoastalReserve\nCharlestonCoSC\nEFLoPresti\n28March2025\nOH3Trap\n', '']","['2025DCR\n01305\n', '8\n2025\n', 'CR\nCCC\n282025\n3\n', '']","['2025C\n01305\n', 'P\n8\n2025\n', 'C\nCCC\nP\n282025\n3\n', '']",modelv1.0__2026-05-20 20:23:05
D:/moth_photos/database\batch_08\img_moth_00015415.jpg,"[4000, 6000]",36.38461538461538,"['Photoqraphedby\nBHarter\n2025\n', 'noearmites\nELoPresti2025\n', 'bn\n\n2025DCR\n01460\n\nE\n', 'SanteeCoastalReserve\nChanestonCoSC\nEFLoPresti\n41March2025\nBaitTrao\n']","['8\n2025\n', '2025\n', '2025DCR\n01460\n', 'CR\nCCC\n412025\nR\n']","['P\n8\n2025\n', 'P2025\n', '2025C\n01460\n', 'C\nCCC\nP\n412025\n']",modelv1.0__2026-05-20 20:23:05
D:/moth_photos/database\batch_08\img_moth_00015416.jpg,"[4000, 6000]",36.519230769230774,"['2025DCR\n01306\n', 'Photoqraphedby\n8Harter\n2025\n', 'SanteeCoastalReserve\nCharnestonCoSC\nEFLoPresti\n28March2025\nOH3Trap\n']","['2025DCR\n01306\n', '8\n2025\n', 'CR\nCCC\n282025\n3\n']","['2025C\n01306\n', 'P\n8\n2025\n', 'C\nCCC\nP\n282025\n3\n']",modelv1.0__2026-05-20 20:23:05
D:/moth_photos/database\batch_08\img_moth_00015417.jpg,"[4000, 6000]",37.01960784313725,"['2025DCR\n01461\n', 'Photoqraphedby\nBHarter\n2025\n', 'SanteeCoastalReserve\nCharnestonCoSC\nEFLoPresti\n11March2025\nBaitTrap\n', 'noearmites i\nELoPresti2025\n']","['2025DCR\n01461\n', '8\n2025\n', 'CR\nCCC\nC\n112025\n', '2025\n']","['2025C\n01461\n', 'P\n8\n2025\n', 'C\nCCC\nCP\n112025\n', 'P2025\n']",modelv1.0__2026-05-20 20:23:05
D:/moth_photos/database\batch_08\img_moth_00015418.jpg,"[4000, 6000]",36.480769230769226,"['2025DCR\n01307\n', 'Photoqraphedby\nBHarter\n2025\n', 're\n\nSantee CoastalReserve\nCharleston Co\nEFLoPresti\n28March 2025\nOH3Trap\n', '']","['2025DCR\n01307\n', '8\n2025\n', 'CR\nC C\n28 2025\n3D\n', '']","['2025C\n01307\n', 'P\n8\n2025\n', 'C\nC C\nP\n28 2025\n3\n', '']",modelv1.0__2026-05-20 20:23:05
D:/moth_photos/database\batch_08\img_moth_00015419.jpg,"[4000, 6000]",37.01960784313725,"['2025DC\n01462\n', 'Photographedby\nBHarter\n2025\n', 'noearmites\nELoPresti2025\n', 'SanteeCoastalReserve\nCharlestonCoSC\nEFLoPresti\n11March2025\nBaitTrap\n']","['2025DC\n01462\n', '8\n2025\n', '0\n2025\n', 'CR\nCCC\n112025\nR\n']","['2025C\n01462\n', 'P\n8\n2025\n', '0\nP2025\n', 'C\nCCC\nP\n112025\n']",modelv1.0__2026-05-20 20:23:05
D:/moth_photos/database\batch_08\img_moth_00015420.jpg,"[4000, 6000]",36.38461538461538,"['2025DCR\n01308\n', 'Photoqraphedby\n8Harter\n2025\n', 'SanteeCoastalReserve\nChanestonCoSC\nEFLoPresti\n28March2025\nOH3Trap\n']","['2025DCR\n01308\n', '8\n2025\n', 'CR\nCCC\n282025\n3\n']","['2025C\n01308\n', 'P\n8\n2025\n', 'C\nCCC\nP\n282025\n3\n']",modelv1.0__2026-05-20 20:23:05
D:/moth_photos/database\batch_08\img_moth_00015421.jpg,"[4000, 6000]",36.94117647058823,"['2025DCR\n01463\n', 'Photographedby\nBHarter\n2025\n', 'noear mites\nELoPresti 2025\n', 'SanteeCoastalReserve\nCharlestonCoSC\nEFLoPresti\n\n11March2025\nRaitTran\n']","['2025DCR\n01463\n', '8\n2025\n', '2025\n', 'CR\nCCC\n\n112025\nR\n']","['2025C\n01463\n', 'P\n8\n2025\n', 'P 2025\n', 'CP\nCCC\nP\n\n112025\nP\n']",modelv1.0__2026-05-20 20:23:05
D:/moth_photos/database\batch_08\img_moth_00015422.jpg,"[4000, 6000]",36.36538461538461,"['Photoqraphedby\nBHarter\n2025\n', '2025DCR\n01309\n', 'SanteeCoastalReserve\nCharlestonCoSC\nEFLoPresti\n44March2025\nCapeTrap\n', '']","['8\n2025\n', '2025DCR\n01309\n', 'CR\nCCC\nC\n442025\nC\n', '']","['P\n8\n2025\n', '2025C\n01309\n', 'C\nCCC\nCP\n442025\nC\n', '']",modelv1.0__2026-05-20 20:23:05
D:/moth_photos/database\batch_08\img_moth_00015423.jpg,"[4000, 6000]",36.9607843137255,"['2025DCR\n01464\n', 'Photoqraphedby\nBHarter\n2025\n', 'SanteeCoastalReserve\nChanestonCoSC\nEFLoPresti\n11March2025\nBaitTrapo\n', 'noear mites\nELoPresti2025\n']","['2025DCR\n01464\n', '8\n2025\n', 'CR\nCCC\n112025\nR\n', '2025\n']","['2025C\n01464\n', 'P\n8W\n2025\n', 'C\nCCC\nP\n112025\n', 'P2025\n']",modelv1.0__2026-05-20 20:23:05
D:/moth_photos/database\batch_08\img_moth_00015424.jpg,"[4000, 6000]",36.94117647058823,"['9025DCR\n01310\n', 'Photoqraphedby\nBHarter\n2025\n', 'SanteeCoastalReserve\nCharlestonCoSC\nEFLoPresti\n14March2025\nCapeTrap\n', 'noear mites\nE LoPresti2025\n']","['9025DCR\n01310\n', '8\n2025\n', 'CR\nCCC\n142025\nC\n', '2025\n']","['9025C\n01310\n', 'P\n8\n2025\n', 'CP\nCCC\nP\n142025\nC\n', 'P2025\n']",modelv1.0__2026-05-20 20:23:05
D:/moth_photos/database\batch_08\img_moth_00015425.jpg,"[4000, 6000]",36.98039215686274,"['2025DCR\n01465\n', 'Photoqraphedby\nBHarter\n2025\n', 'noearmites\nELoPresti2025\n', 'SanteeCoastal Reserve\nCharlestonCoSC\nEFLoPresti\n11March2025\nBaitTrap\n']","['2025DCR\n01465\n', '8\n2025\n', 'C2025\n', 'C R\nCCC\n112025\nR\n']","['2025C\n01465\n', 'P\n8\n2025\n', 'CP2025\n', 'C\nCCC\nP\n112025\n']",modelv1.0__2026-05-20 20:23:05
D:/moth_photos/database\batch_08\img_moth_00015426.jpg,"[4000, 6000]",36.46153846153847,"['2025DCR\n01311\n', 'noearmites\nELoPresti2025\n', 'Photoqraphedby\n8Harter\n2025\n', 'SanteeCoastalReserve\nCharnestonCoSC\nEFLoPresti\n14March2025\nCapeTrap\n']","['2025DCR\n01311\n', '2025\n', '8\n2025\n', 'CR\nCC0C\n142025\nC\n']","['2025C\n01311\n', 'P2025\n', 'P\n8\n2025\n', 'CP\nCC0C\nP\n142025\nC\n']",modelv1.0__2026-05-20 20:23:05
D:/moth_photos/database\batch_08\img_moth_00015427.jpg,"[4000, 6000]",36.705882352941174,"['2025DCR\n01466\n', 'Photoqraphedby\nBHarter\n2025\n', 'SanteeCoastalReserve\nCharnestonCoSC\nEFLoPresti\n11March2025\nBaitTrap\n', 'noearmites\nELoPresti2025\n']","['2025DCR\n01466\n', '8\n2025\n', 'CR\nCC0C\n112025\nR\n', '2025\n']","['2025C\n01466\n', 'P\n8\n2025\n', 'C\nCC0C\nP\n112025\n', 'P2025\n']",modelv1.0__2026-05-20 20:23:05
D:/moth_photos/database\batch_08\img_moth_00015428.jpg,"[4000, 6000]",36.84313725490196,"['noearmites\nELoPresti2025\n', '2025DCR\n01312\n', 'Photographedby\nBHarter\n2025\n', 'SanteeCoastalReserve\nCharlestonCoSC\nEFLoPresti\n44March2025\nCapeTrap\n']","['2025\n', '2025DCR\n01312\n', '8\n2025\n', 'CR\nCCC\n442025\nC\n']","['P2025\n', '2025C\n01312\n', 'P\n8\n2025\n', 'C\nCCC\nP\n442025\nC\n']",modelv1.0__2026-05-20 20:23:05
D:/moth_photos/database\batch_08\img_moth_00015429.jpg,"[4000, 6000]",36.666666666666664,"['Photoqraphedby\nBHarter\n2025\n', '2025DCR\n01467\n', 'noear mites\nELoPresti2025\n', 'SanteeCoastalReserve\nCharlestonCoSC\nEFLoPresti\n11March2025\nBaitTrao\n']","['8\n2025\n', '2025DCR\n01467\n', 'C2025\n', 'CR\nCCC\n112025\nR\n']","['P\n8\n2025\n', '2025PC\n01467\n', 'CP2025\n', 'C\nCCC\nP\n112025\n']",modelv1.0__2026-05-20 20:23:05
D:/moth_photos/database\batch_08\img_moth_00015430.jpg,"[4000, 6000]",37.0,"['Inoearmites\nELoPresti2025\n', 'Photoqraphedby\nBHarter\n2025\n', '2025DCR\n01313\n', 'SanteeCoastal Reserve\nCharlestonCo SC\nEFLoPresti\n44March2025\nCapeTraod\n']","['2025\n', '8\n2025\n', '2025DCR\n01313\n', 'C R\nCC C\n442025\nC\n']","['P2025\n', 'P\n8\n2025\n', '2025C\n01313\n', 'C\nCC C\nP\n44W2025\nC\n']",modelv1.0__2026-05-20 20:23:05
D:/moth_photos/database\batch_08\img_moth_00015431.jpg,"[4000, 6000]",36.92156862745098,"['2025DCR\n01468\n', 'Photoqraphedby\nBHarter\n2025\n', 'noearmites\nELoPresti2025\n', 'SanteeCoastalReserve\nCharlestonCoSC\nEFLoPresti\n11March2025\nBaitTrap\n']","['2025DCR\n01468\n', 'R\n2025\n', '2025\n', 'CR\nCCC\n112025\nR\n']","['2025C\n01468\n', 'P\n2025\n', 'P2025\n', 'C\nCCC\nP\n112025\n']",modelv1.0__2026-05-20 20:23:05
D:/moth_photos/database\batch_08\img_moth_00015432.jpg,"[4000, 6000]",36.480769230769226,"['2025DCR\n01314\n', 'noearmites\nELoPresti2025\n', 'Photoqraphedby\nBHarter\n2025\n', 'SanteeCoastalReserve\nCharlestonCoSC\nEFLoPresti\n14March2025\nCapeTrap\n']","['2025DCR\n01314\n', 'C2025\n', '8\n2025\n', 'CR\nCCC\n142025\nC\n']","['2025C\n01314\n', 'CP2025\n', 'P\n8\n2025\n', 'C\nCCC\nP\n142025\nC\n']",modelv1.0__2026-05-20 20:23:05
D:/moth_photos/database\batch_08\img_moth_00015433.jpg,"[4000, 6000]",37.01960784313725,"['3025DCR\n01469\n', 'Photoqraphedby\nBHarter\n2025\n', 'noearmites\nFLoPresti2025\n', 'SanteeCoastalReserve\nCharlestonCoSC\nEFLoPresti\n11March2025\nBaitTrap\n']","['3025DCR\n01469\n', '8\n2025\n', '2025\n', 'CR\nCCC\n112025\nR\n']","['3025C\n01469\n', 'P\n8\n2025\n', 'P2025\n', 'C\nCCC\nP\n112025\n']",modelv1.0__2026-05-20 20:23:05
D:/moth_photos/database\batch_08\img_moth_00015434.jpg,"[4000, 6000]",36.92156862745098,"['2025DCR\n01315\n', 'Photographedby\nBHarter\n2025\n', 'noearmites\nELoPresti2025\n', 'SanteeCoastalReserve\nChanestonCoSC\nEFLoPresti\n14March2025\nCapeTrap\n']","['2025DCR\n01315\n', '8\n2025\n', '2025\n', 'CR\nCCC\n142025\nC\n']","['2025C\n01315\n', 'P\n8\n2025\n', 'P2025\n', 'C\nCCC\nP\n142025\nC\n']",modelv1.0__2026-05-20 20:23:05
D:/moth_photos/database\batch_08\img_moth_00015435.jpg,"[4000, 6000]",36.94117647058823,"['2025DCR\n01470\n', 'Photographedby\nBHarter\n2025\n', 'rr\nnoearmites\n\nELoPresti 2025\nBY\n', 'SanteeCoastalReserve\nCharlestonCoSC\nEFLoPresti\n11March2025\nBaitTrap\n']","['2025DCR\n01470\n', '8\n2025\n', '2025\n', 'CR\nCCC\n112025\nR\n']","['2025C\n01470\n', 'P\n8\n2025\n', 'P 2025\n', 'C\nCCC\nP\n112025\n']",modelv1.0__2026-05-20 20:23:05
D:/moth_photos/database\batch_08\img_moth_00015436.jpg,"[4000, 6000]",36.9607843137255,"['2025DCR\n01316\n', 'noearmites\nELoPrestr2025\n', 'Photoqraphedby\nBHarter\n2025\n', 'SanteeCoastal Reserve\nCharlestonCo SC\nEFLoPresti\n44March2025\nCapeTrap\n']","['2025DCR\n01316\n', '2025\n', '8\n2025\n', 'C R\nCC C\n442025\nC\n']","['2025C\n01316\n', 'P2025\n', 'P\n8\n2025\n', 'C\nCC C\nP\n442025\nC\n']",modelv1.0__2026-05-20 20:23:05
D:/moth_photos/database\batch_08\img_moth_00015437.jpg,"[4000, 6000]",36.480769230769226,"['2025DCR\n01471\n', 'Photoqraphedby\nBHarter\n2025\n', 'Santee CoastalReserve\nCharlestonCoSC\nEFLoPresti\n11March2025\nBaitTrap\n', 'noearmites\nELoPresti2025\n']","['2025DCR\n01471\n', '8\n2025\n', 'CR\nCCC\n112025\nR\n', 'C2025\n']","['2025C\n01471\n', 'P\n8\n2025\n', 'C\nCCC\nP\n112025\n', 'CP2025\n']",modelv1.0__2026-05-20 20:23:05
D:/moth_photos/database\batch_08\img_moth_00015438.jpg,"[4000, 6000]",36.38461538461538,"['2025DCR\n01317\n', 'Photoqraphedby\n8Harter\n2025\n', 'noearmites\nFLoPresti2025\n', 'SanteeCoastalKeserve\nCharlestonCoSC\nEFLoPresti\n14March2025\nCapeTrap\n\naa\n']","['2025DCR\n01317\n', '8\n2025\n', '2025\n', 'C\nCCC\n142025\nC\n']","['2025C\n01317\n', 'P\n8\n2025\n', 'P2025\n', 'C\nCCC\nP\n142025\nC\n']",modelv1.0__2026-05-20 20:23:05
D:/moth_photos/database\batch_08\img_moth_00015439.jpg,"[4000, 6000]",36.92156862745098,"['2025DCR\n01472\n', 'Photoqraphedby\nBHarter\n2025\n', 'SanteeCoastalReserve\nCharnlestonCoSC\nEFUoPresti\n11March2025\nBaitTrap\n', 'noearmites\nELoPresti2025\n']","['2025DCR\n01472\n', '8\n2025\n', 'CR\nCCC\n112025\nR\n', '2025\n']","['2025C\n01472\n', 'P\n8\n2025\n', 'C\nCCC\nP\n112025\n', 'P2025\n']",modelv1.0__2026-05-20 20:23:05
D:/moth_photos/database\batch_08\img_moth_00015440.jpg,"[4000, 6000]",37.0,"['2025DCR\n01318\n', 'Photographedby\nBHarter\n2025\n', 'SanteeCoastalReserve\nCharlestonCoSC\nEFLoPRresti\n14March2025\nCapeTrap\n', 'noearntites\nFLoPresti2025\n']","['2025DCR\n01318\n', '8\n2025\n', 'CR\nCCC\nR\n142025\nC\n', '2025\n']","['2025C\n01318\n', 'P\n8\n2025\n', 'C\nCCC\nP\n142025\nC\n', 'P2025\n']",modelv1.0__2026-05-20 20:23:05
D:/moth_photos/database\batch_08\img_moth_00015441.jpg,"[4000, 6000]",36.63461538461539,"['2025DCR\n01473\n', 'Photoqraphedby\nBHarter\n2025\n', 'noearmites\nELoPresti2025\n\n', 'SanteeCoastalReserve\nCharlestonCoSC\nEFLdPresti\n11March2025\nBaitTrao\n']","['2025DCR\n01473\n', '8\n2025\n', 'C2025\n\n', 'CR\nCCC\n112025\n']","['2025C\n01473\n', 'P\n8\n2025\n', 'CP2025\n\n', 'C\nCCC\nP\n112025\n']",modelv1.0__2026-05-20 20:23:05
D:/moth_photos/database\batch_08\img_moth_00015442.jpg,"[4000, 6000]",36.84313725490196,"['2025DCR\n01319\n', 'Photographedby\nBHarter\n2025\n', 'noearmites\nELoPresti2025\n', 'antee Coastal Reserve\n\nCharleston Co\neLoPresti\n\n44March2025\nCape Trap\n\n']","['2025DCR\n01319\n', '8\n2025\n', 'C2025\n', 'C R\n\nC C\n\n442025\nC\n\n']","['2025C\n01319\n', 'P\n8\n2025\n', 'CP2025\n', 'C\n\nC C\nP\n\n442025\nC\n\n']",modelv1.0__2026-05-20 20:23:05
D:/moth_photos/database\batch_08\img_moth_00015443.jpg,"[4000, 6000]",37.03921568627451,"['2025DCR\n01474\n', 'Photoqraphedby\nBHarter\n2025\n', 'gE LoPresti 2025\n', 'SanteeCoastalReserve\nCharlestqnCoSC\nEFLoPresti\n11March2025\nBaitTrao\n']","['2025DCR\n01474\n', '8\n2025\n', '2025\n', 'CR\nCCC\n112025\nR\n']","['2025C\n01474\n', 'P\n8\n2025\n', 'P 2025\n', 'C\nCCC\nP\n112025\n']",modelv1.0__2026-05-20 20:23:05
D:/moth_photos/database\batch_08\img_moth_00015444.jpg,"[4000, 6000]",36.9607843137255,"['2025DCR\n01320\n', 'Photoqraphedby\nBHarter\n2025\n', 'noearmites\nELoPresti2025\n', 'SanteeCoastalReserve\nCharlestonCoSC\nEFLoPresti\n14March2025\nCapeTrap\n']","['2025DCR\n01320\n', '8\n2025\n', 'C2025\n', 'CR\nCCC\nC0\n142025\nC\n']","['2025C\n01320\n', 'P\n8\n2025\n', 'CP2025\n', 'C\nCCC\nC0P\n142025\nC\n']",modelv1.0__2026-05-20 20:23:05
D:/moth_photos/database\batch_08\img_moth_00015445.jpg,"[4000, 6000]",36.7843137254902,"['2025DCR\n01475\n', 'Photoqraphedby\nBHarter\n2025\n', 'noearmites\nELoPresti2025\n', 'SanteeCoastalReserve\nCharlestonCoSC\nEFLoPresti\n11March2025\nBaitTrap\n']","['2025DCR\n01475\n', '8\n2025\n', '2025\n', 'CR\nCC0C\n112025\nR\n']","['2025C\n01475\n', 'P\n8\n2025\n', 'P2025\n', 'C\nCC0C\nP\n112025\n']",modelv1.0__2026-05-20 20:23:05
D:/moth_photos/database\batch_08\img_moth_00015446.jpg,"[4000, 6000]",36.90196078431373,"['2025DCR\n01321\n', 'Photographedby\nBHarter\n2025\n', 'noearmites\nELoPresti2025\n', 'SSPiie\nSantee Coastal Reserve\nCharleston O\nEF Lopresti\n44March 2025\nCapeTrap\nall\n\n']","['2025DCR\n01321\n', '8\n2025\n', '2025\n', 'C R\nC 0\n44 2025\nC\n\n']","['2025C\n01321\n', 'P\n8\n2025\n', 'P2025\n', 'P\nC\nC 0\nP\n44W 2025\nC\n\n']",modelv1.0__2026-05-20 20:23:05
D:/moth_photos/database\batch_08\img_moth_00015447.jpg,"[4000, 6000]",36.730769230769226,"['2025DCR\n01476\n', 'Photoqraphedby\nBHarter\n2025\n', 'SanteeCoastalReserve\nCharlestonCoSC\nEFLoPresti\n11March2025\nBaitTrap\n', 'noearmites\nELoPresti 2025\n']","['2025DCR\n01476\n', '8\n2025\n', 'CR\nCCC\n112025\nR\n', '0\n2025\n']","['2025C\n01476\n', 'P\n8\n2025\n', 'CP\nCCC\nP\n112025\n', '0\nP 2025\n']",modelv1.0__2026-05-20 20:23:05
D:/moth_photos/database\batch_08\img_moth_00015448.jpg,"[4000, 6000]",37.05882352941176,"['2025DCR\n01322\n', 'noearmites\nELoPresti2025\n', 'Photoqraphedby\nBHarter\n2025\n', 'Santee CoastalReserve\nCharlestonCo SC\nEFLoPresti\n44March2025\nSandPitTrap\n']","['2025DCR\n01322\n', 'C2025\n', '8\n2025\n', 'CR\nCC C\n442025\n']","['2025C\n01322\n', 'CP2025\n', 'P\n8\n2025\n', 'C\nCC C\nP\n442025\nP\n']",modelv1.0__2026-05-20 20:23:05
D:/moth_photos/database\batch_08\img_moth_00015449.jpg,"[4000, 6000]",36.94117647058823,"['2025DCR\n01477\n', 'Photoqraphedby\nBHarter\n2025\n', 'rr\nnoearmites\n\nELoPresti2025\n', 'SanteeCoastal Reserva\nCharlestonCoSC\nEFLoPresti\n11March2025\nBaitTrap\n']","['2025DCR\n01477\n', '8\n2025\n', '2025\n', 'C R\nCCC\n112025\nR\n']","['2025C\n01477\n', 'P\n8\n2025\n', 'P2025\n', 'C\nCCC\nP\n112025\n']",modelv1.0__2026-05-20 20:23:05
D:/moth_photos/database\batch_08\img_moth_00015450.jpg,"[4000, 6000]",36.92156862745098,"['2025DCR\n01323\n', 'Photoqraphedby\nBHarter\n2025\n', 'siiistgn\nELoPresti202\n', 'SanteeCoastalReserve\nCharlestonCoSC\nEFLoPresti\n44March2025\nSandPitTrap\n']","['2025DCR\n01323\n', '8\n2025\n', '202\n', 'CR\nCCC\n442025\n']","['2025C\n01323\n', 'P\n8\n2025\n', 'P202\n', 'C\nCCC\nP\n442025\nP\n']",modelv1.0__2026-05-20 20:23:05
D:/moth_photos/database\batch_08\img_moth_00015451.jpg,"[4000, 6000]",36.88235294117647,"['2025DCR\n01478\n', 'Photoqraphedby\nBHarter\n2025\n', 'noearmites\nELoPresti2025\n', 'SanteeCoastalReserve\nCharlestonCoSC\nEFLoPresti\n11March2025\nBaitTrap\n']","['2025DCR\n01478\n', '8\n2025\n', '2025\n', 'CR\nCCC\n112025\nR\n']","['2025C\n01478\n', 'P\n8\n2025\n', 'P2025\n', 'C\nCCC\nP\n112025\n']",modelv1.0__2026-05-20 20:23:05
D:/moth_photos/database\batch_08\img_moth_00015452.jpg,"[4000, 6000]",37.01960784313725,"['2025DCR\n01324\n', 'Photographedby\nBHarter\n2025\n', 'SanteeCoastalReserve\nCharlestonCoSC\nEFLoPresti\n14March2025\nSandPitTrap\n', '']","['2025DCR\n01324\n', 'R\n2025\n', 'CR\nCCC\n142025\n', '']","['2025C\n01324\n', 'P\n2025\n', 'C\nCCC\nP\n142025\nP\n', '']",modelv1.0__2026-05-20 20:23:05
D:/moth_photos/database\batch_08\img_moth_00015453.jpg,"[4000, 6000]",37.01960784313725,"['NOearmites\nELoPresti2025\n', '2025DCR\n01479\n', 'Photoqraphedby\nBHarter\n2025\n', 'SanteeCoastalReserve\nCharlestonCoSC\nEFloPresti\n11March2025\nBaitTrap\n']","['2025\n', '2025DCR\n01479\n', '8\n2025\n', 'CR\nCCC\n112025\nR\n']","['P2025\n', '2025C\n01479\n', 'P\n8\n2025\n', 'C\nCCC\nP\n112025\n']",modelv1.0__2026-05-20 20:23:05
D:/moth_photos/database\batch_08\img_moth_00015454.jpg,"[4000, 6000]",36.44230769230769,"['2025DCR\n01325\n', 'Photographedby\nBHarter\n2025\n', 'SanteeCoastalReserve\nCharlestonCoSC\nEFLoPresti\n14March2025\nSandPitTrap\n']","['2025DCR\n01325\n', '8\n2025\n', 'CR\nCCC\n142025\n']","['2025C\n01325\n', 'P\n8\n2025\n', 'C\nCCC\nP\n142025\nP\n']",modelv1.0__2026-05-20 20:23:05
D:/moth_photos/database\batch_08\img_moth_00015455.jpg,"[4000, 6000]",37.0,"['2025DCR\n01480\n', 'noearmites\nELoPresti2025\n', 'Photographedby\nBHarter\n2025\n', 'SanteeCoastalReserve\nCharlestonCoSC\nEFLoPresti\n41March2025\nBaitTrap\n']","['2025DCR\n01480\n', '2025\n', 'R\n2025\n', 'CR\nCCC\n412025\nR\n']","['2025C\n01480\n', 'P2025\n', 'P\n2025\n', 'C\nCCC\nP\n412025\n']",modelv1.0__2026-05-20 20:23:05
D:/moth_photos/database\batch_08\img_moth_00015456.jpg,"[4000, 6000]",37.01960784313725,"['Photoqraphedby\nBHarter\n2025\n', '2025DCR\n01326\n', 'SanteeCoastalReserve\nCharlestonCoSC\nEFLoPresti\n\non March2025\n\nPrendTrap\n', '']","['8\n2025\n', '2025DCR\n01326\n', 'CR\nCCC\n\n4 2025\n\nR\n', '']","['P\n8\n2025\n', '2025C\n01326\n', 'C\nCCC\nP\n\n4 2025\n\nP\n', '']",modelv1.0__2026-05-20 20:23:05
D:/moth_photos/database\batch_08\img_moth_00015457.jpg,"[4000, 6000]",36.519230769230774,"['2025DCR\n01481\n', 'Photoqraphedby\nBHarter\n2025\n', 'SanteeCoastalReserve\nCharestonCoSC\nEFLoPresti\n41March2025\nAcrossfromJCTrap\n', '']","['2025DCR\n01481\n', '8\n2025\n', 'CR\nCCC\n412025\nC\n', '']","['2025C\n01481\n', 'P\n8\n2025\n', 'C\nCCC\nP\n412025\nC\n', '']",modelv1.0__2026-05-20 20:23:05
D:/moth_photos/database\batch_08\img_moth_00015458.jpg,"[4000, 6000]",37.0,"['2025DCR\n01327\n', 'Photoqraphedby\nBHarter\n2025\n', 'SanteeCoastalReserve\nCharlestonCo SC\nEFLoPresti\n\nTH 44March2025\nRpedTrao\n', 'noearmites\nEtoPresti2025\n']","['2025DCR\n01327\n', '8\n2025\n', 'CR\nCC C\n\nC 442025\nR\n', '2025\n']","['2025C\n01327\n', 'P\n8\n2025\n', 'C\nCC C\nP\n\nC 442025\n', 'P2025\n']",modelv1.0__2026-05-20 20:23:05
D:/moth_photos/database\batch_08\img_moth_00015459.jpg,"[4000, 6000]",36.36538461538461,"['2025DCR\n01482\n', 'Photoqraphedby\nBHarter\n2025\n', 'noearmites\nELoPresti2025\n', 'SanteeCoastalReserve\nChariestonCoSC\nEFLoPresti\n11March2025\nAcrossfromJCTrap\n']","['2025DCR\n01482\n', '8\n2025\n', '2025\n', 'CR\nCCC\n112025\nC\n']","['2025C\n01482\n', 'P\n8W\n2025\n', 'P2025\n', 'C\nCCC\nP\n112025\nC\n']",modelv1.0__2026-05-20 20:23:05
D:/moth_photos/database\batch_08\img_moth_00015460.jpg,"[4000, 6000]",36.9607843137255,"['2025DCR\n01328\n', 'Photographedby\nBHarter\n2025\n', 'noearmites\nELoPresti2025\n', 'SanteeCoastalReserve\nCharlestonCoSC\nEFLoPresti\n14March2025\nOH2Trap\n']","['2025DCR\n01328\n', '8\n2025\n', 'C2025\n', 'CR\nCCC\n142025\n2\n']","['2025C\n01328\n', 'P\n8\n2025\n', 'CP2025\n', 'C\nCCC\nP\n142025\n2\n']",modelv1.0__2026-05-20 20:23:05
D:/moth_photos/database\batch_08\img_moth_00015461.jpg,"[4000, 6000]",37.01960784313725,"['2025DCR\n01483\n', 'SssiOCtttiiCOC\n\nnoearmites\nELoPresti2025\n', 'Photoqraphedby\nBHarter\n2025\n', 'SanteeCoastalReserve\nCharlestonCoSC\nEFLoPresti\n11March2025\n\nAcrossfromJCTrap\n']","['2025DCR\n01483\n', 'CCC\n\n2025\n', '8\n2025\n', 'CR\nCCC\nR\n112025\n\nC\n']","['2025C\n01483\n', 'CCC\n\nP2025\n', 'P\n8\n2025\n', 'C\nCCC\nP\n112025\n\nC\n']",modelv1.0__2026-05-20 20:23:05
D:/moth_photos/database\batch_08\img_moth_00015462.jpg,"[4000, 6000]",37.0,"['2025DCR\n01329\n', 'Photoqraphedby\nBHarter\n2025\n', 'eal\n\nnoeal mites\nELoPresti 2025\n', 'SanteeCoastalReserve\nCharlestonCoSC\nEFUoPresti\n44March2025\nOH2Trap\n']","['2025DCR\n01329\n', '8\n2025\n', '2025\n', 'CR\nCCC\n442025\n2\n']","['2025C\n01329\n', 'P\n8\n2025\n', 'P 2025\n', 'CP\nCCC\nP\n442025\n2\n']",modelv1.0__2026-05-20 20:23:05
D:/moth_photos/database\batch_08\img_moth_00015463.jpg,"[4000, 6000]",36.8235294117647,"['2025DCR\n01484\n', 'Photoqraphedby\nBHarter\n2025\n', 'noearmites\nELoPresti2025\n', 'SanteeCoastalReserve\nCharliestonCoSC\nEFLoPresti\n11March2025\nAcrossfromJCTrap\n']","['2025DCR\n01484\n', '8\n2025\n', 'C2025\n', 'CR\nCCC\n112025\nC\n']","['2025C\n01484\n', 'P\n8\n2025\n', 'CP2025\n', 'C\nCCC\nP\n112025\nC\n']",modelv1.0__2026-05-20 20:23:05
D:/moth_photos/database\batch_08\img_moth_00015464.jpg,"[4000, 6000]",36.42307692307693,"['2025DCR\n01330\n', 'Photographedby\nBHarter\n2025\n', 'SanteeCoastalReserve\nCharlestonCoSC\nEFLoPresti\n14March2025\nOH2Trap\n', 'noearmjtes\nELoPresti2025\n']","['2025DCR\n01330\n', '8\n2025\n', 'CR\nCCC\n142025\n2\n', '2025\n']","['2025C\n01330\n', 'P\n8\n2025\n', 'C\nCCC\nP\n142025\n2\n', 'P2025\n']",modelv1.0__2026-05-20 20:23:05
D:/moth_photos/database\batch_08\img_moth_00015465.jpg,"[4000, 6000]",37.05882352941176,"['2025DCR\n01485\n', 'Photoqraphedby\nBHarter\n2025\n', 'noearmites\nELoPresti2025\n', 'SanteeCoastalReserve\nCharlestonCoSC\nEFLoPresti\n11March2025\nAcrossfromJCTrap\n']","['2025DCR\n01485\n', '8\n2025\n', '2025\n', 'CR\nCCC\n112025\nC\n']","['2025C\n01485\n', 'P\n8\n2025\n', 'P2025\n', 'C\nCCC\nP\n112025\nC\n']",modelv1.0__2026-05-20 20:23:05
D:/moth_photos/database\batch_08\img_moth_00015466.jpg,"[4000, 6000]",36.519230769230774,"['2025DCR\n01331\n', 'Photoqraphedby\nBHarter\n2025\n', 'noearmites\nELoPresti2025\n', 'SanteeCoastalReserve\nCharlestonCoSC\nEFLoPresti\n14March2025\nOH2Trap\n']","['2025DCR\n01331\n', '8\n2025\n', '2025\n', 'CR\nCCC\n142025\n2\n']","['2025C\n01331\n', 'P\n8\n2025\n', 'P2025\n', 'C\nCCC\nP\n142025\n2\n']",modelv1.0__2026-05-20 20:23:05
D:/moth_photos/database\batch_08\img_moth_00015467.jpg,"[4000, 6000]",37.0,"['2025DCR\n01486\n', 'Photoqraphedby\nBHarter\n2025\n', 'noearmites\nE LoPresti 2025\n', 'SanteeCoastalReserve\nCharlestonCoSC\nEFloPresti\n11March2025\nAcrossfromJCTrap\n']","['2025DCR\n01486\n', '8\n2025\n', '2025\n', 'CR\nCCC\n112025\nC\n']","['2025C\n01486\n', 'P\n8\n2025\n', 'P 2025\n', 'C\nCCC\nP\n112025\nC\n']",modelv1.0__2026-05-20 20:23:05
D:/moth_photos/database\batch_08\img_moth_00015468.jpg,"[4000, 6000]",36.46153846153847,"['2025DCR\n01332\n', 'noearmites\nELoPresti2025\n', 'Photoqraphedby\nBHarter\n2025\n', 'SanteeCoastalReserve\nCharlestonCoSC\nEFLoPresti\n414March2025\nOH2Trap\n']","['2025DCR\n01332\n', 'C2025\n', 'R\n2025\n', 'CR\nCCC\n4142025\n2\n']","['2025C\n01332\n', 'CP2025\n', 'P\n2025\n', 'C\nCCC\nP\n4142025\n2\n']",modelv1.0__2026-05-20 20:23:05
D:/moth_photos/database\batch_08\img_moth_00015469.jpg,"[4000, 6000]",36.86274509803921,"['2025DCR\n01487\n', 'Photoqraphedby\nBHarter\n2025\n', 'SanteeCoastalReserve\nCharlestonCoSC\nEFLoPresti\n11March2025\nAcrossfromJCTrap\n', 'noearmites\nFLoPresti2025\n']","['2025DCR\n01487\n', '8\n2025\n', 'CR\nCCC\n112025\nC\n', 'C2025\n']","['2025C\n01487\n', 'P\n8\n2025\n', 'C\nCCC\nP\n112025\nC\n', 'CP2025\n']",modelv1.0__2026-05-20 20:23:05
D:/moth_photos/database\batch_08\img_moth_00015470.jpg,"[4000, 6000]",36.59615384615385,"['2025DCR\n01333\n', 'Photographedby\nBHarter\n2025\n', 'SanteeCoastalReserve\nCharlestonCoSC\nEFLoPresti\n14March2025\nOH2Trap\n', 'noearmites\nELoPresti2025\n']","['2025DCR\n01333\n', '8\n2025\n', 'CR\nCCC\nC\n142025\n2\n', 'C2025\n']","['2025PC\n01333\n', 'P\n8\n2025\n', 'C\nCCC\nCP\n142025\n2\n', 'CP2025\n']",modelv1.0__2026-05-20 20:23:05
D:/moth_photos/database\batch_08\img_moth_00015471.jpg,"[4000, 6000]",36.44230769230769,"['Photoqraphedby\nBHarter\n2025\n', '2025DCR\n01488\n', 'oOs\n\nnoearmites\nELoPresti2025\n', 'SanteeCoastalReserve\nCharlestonCoSC\nEFLoPresti\n44March2025\n\nAcrossfromJCTrap\n']","['8\n2025\n', '2025DCR\n01488\n', '2025\n', 'CR\nCC0C\n442025\n\nC\n']","['P\n8\n2025\n', '2025C\n01488\n', 'P2025\n', 'C\nCC0C\nP\n442025\n\nC\n']",modelv1.0__2026-05-20 20:23:05
D:/moth_photos/database\batch_08\img_moth_00015472.jpg,"[4000, 6000]",36.36538461538461,"['2025DCR\n01334\n', 'Photoqgraphedby\nBHarter\n2025\n', 'noearmites\nELoPresti2025\n', 'SanteeCoastalReserve\nCharlestonCoSC\nEFLoPresti\n14March2025\nOH2Trap\n']","['2025DCR\n01334\n', 'R\n2025\n', '2025\n', 'CR\nCCC\n142025\n2\n']","['2025C\n01334\n', 'P\n2025\n', 'P2025\n', 'C\nCCC\nP\n142025\n2\n']",modelv1.0__2026-05-20 20:23:05
D:/moth_photos/database\batch_08\img_moth_00015473.jpg,"[4000, 6000]",36.46153846153847,"['2025DCR\n01489\n', 'Photoqraphedby\nBHarter\n2025\n', 'SanteeCoastalReserve\nCharlestonCoSC\nEFLoPresti\n11March2025\nAcrossfromJCTrap\n', '']","['2025DCR\n01489\n', '8\n2025\n', 'CR\nCCC\n112025\nC\n', '']","['2025C\n01489\n', 'P\n8\n2025\n', 'C\nCCC\nP\n112025\nC\n', '']",modelv1.0__2026-05-20 20:23:05
D:/moth_photos/database\batch_08\img_moth_00015474.jpg,"[4000, 6000]",36.9607843137255,"['2025DCR\n01335\n', 'Photographedby\nBHarter\n2025\n', 'noearmites\nELoPresti2025\n', 'SanteeCoastalReserve\nCharlestonCoSC\nEFLdoPresti\n14March2025\nOH2Trap\n']","['2025DCR\n01335\n', '8\n2025\n', '2025\n', 'CR\nCCC\n6\n142025\n2\n']","['2025C\n01335\n', 'P\n8W\n2025\n', 'P2025\n', 'C\nCCC\n6P\n142025\n2\n']",modelv1.0__2026-05-20 20:23:05
D:/moth_photos/database\batch_08\img_moth_00015475.jpg,"[4000, 6000]",36.53846153846154,"['2025DCR\n01490\n', 'Photoqraphedby\n8Harter\n2025\n', 'noear mites\nELoPresti2025\n', 'SanteeCoastalReserve\nCharlestonCoSC\nEFLoPresti\n11March2025\nAcrossfromJCTrap\n']","['2025DCR\n01490\n', '8\n2025\n', '2025\n', 'CR\nCCC\n112025\nC\n']","['2025C\n01490\n', 'P\n8\n2025\n', 'P2025\n', 'C\nCCC\nP\n112025\nC\n']",modelv1.0__2026-05-20 20:23:05
D:/moth_photos/database\batch_08\img_moth_00015476.jpg,"[4000, 6000]",37.0,"['2025DCR\n01336\n', 'noearmites\nELoPresti2025\n', 'Photographedby\nBHarter\n2025\n', 'SanteeCoastalReserve\nCharlestoneCoSC\nEFLoPresti\n14March2025\nOH2Trao\n']","['2025DCR\n01336\n', 'R2025\n', '8\n2025\n', 'CR\nCCC\n142025\n2\n']","['2025C\n01336\n', 'P2025\n', 'P\n8\n2025\n', 'C\nCCC\nP\n142025\n2\n']",modelv1.0__2026-05-20 20:23:05
D:/moth_photos/database\batch_08\img_moth_00015477.jpg,"[4000, 6000]",36.92156862745098,"['2025DCR\n01491\n', 'noearmites\nELoPresti2025\n', 'Photographedby\nBHarter\n2025\n', 'SanteeCoastalReserve\nCharlestonCoSC\nEFLoPresti\n11March2025\nAcrossfromJCTrap\n']","['2025DCR\n01491\n', '2025\n', '8\n2025\n', 'CR\nCCC\n112025\nC\n']","['2025C\n01491\n', 'P2025\n', 'P\n8\n2025\n', 'C\nCCC\nP\n112025\nC\n']",modelv1.0__2026-05-20 20:23:05
D:/moth_photos/database\batch_08\img_moth_00015478.jpg,"[4000, 6000]",37.01960784313725,"['2025DCR\n01337\n', 'Photoqraphedby\nBHarter\n2025\n', 'SanteeCoastalReserve\nCharlestonCoSC\nEFLoPresti\n14March2025\nOH2Trap\n', '']","['2025DCR\n01337\n', '8\n2025\n', 'CR\nCCC\n142025\n2\n', '']","['2025C\n01337\n', 'P\n8\n2025\n', 'C\nCCC\nP\n142025\n2\n', '']",modelv1.0__2026-05-20 20:23:05
D:/moth_photos/database\batch_08\img_moth_00015479.jpg,"[4000, 6000]",36.86274509803921,"['2025DCR\n01492\n', 'Photoqraphedby\n8Harter\n2025\n', 'noear mites\nELoPresti2025\n', 'ee\nSanteeCoastalReserve\nChanlestonCoSC\nEFLoPresti\n11March2025\nAcrossfromJCTrap\n']","['2025DCR\n01492\n', '8\n2025\n', '2025\n', 'CR\nCCC\n112025\nC\n']","['2025C\n01492\n', 'P\n8\n2025\n', 'P2025\n', 'C\nCCC\nP\n112025\nC\n']",modelv1.0__2026-05-20 20:23:05
D:/moth_photos/database\batch_08\img_moth_00015480.jpg,"[4000, 6000]",36.92156862745098,"['2025DCR\n01338\n', 'Photoqraphedby\nBHarter\n2025\n', 'SanteeCoastalReserve\nCharnestonCoSC\nEFLoPresti\n14March2025\nOH2Trap\n', '']","['2025DCR\n01338\n', '8\n2025\n', 'CR\nCCC\n142025\n2\n', '']","['2025C\n01338\n', 'P\n8\n2025\n', 'C\nCCC\nP\n142025\n2\n', '']",modelv1.0__2026-05-20 20:23:05
D:/moth_photos/database\batch_08\img_moth_00015481.jpg,"[4000, 6000]",36.5,"['2025DCR\n01493\n', 'noearmites\n\nELoPresti2025\n', 'Photoqraphedby\n8Harter\nv404e\n', 'SanteeCoastalReserve\nCharlestonCoSC\nEFLoPresti\n41March2025\nAcrossfromJCTrap\n']","['2025DCR\n01493\n', '2025\n', '8\n404\n', 'CR\nCCC\n412025\nC\n']","['2025C\n01493\n', 'P2025\n', 'P\n8\n404\n', 'C\nCCC\nP\n412025\nC\n']",modelv1.0__2026-05-20 20:23:05
D:/moth_photos/database\batch_08\img_moth_00015482.jpg,"[4000, 6000]",36.36538461538461,"['Photoqraphedby\nBHarter\n2025\n', '', 'SanteeCoastalReserve\nCharlestonCoSC\nEFLoPresti\n14March2025\nOH2Trap\n', '']","['8\n2025\n', '', 'CR\nCC0C\n142025\n2\n', '']","['P\n8\n2025\n', '', 'C\nCC0C\nP\n142025\n2\n', '']",modelv1.0__2026-05-20 20:23:05
D:/moth_photos/database\batch_08\img_moth_00015483.jpg,"[4000, 6000]",36.94117647058823,"['2025DCR\n01494\n', 'Photoqraphedby\n8Harter\n2025\n', 'noearmites\nELoPresti2025\n', 'SanteeCoastalReserve\nCharlestonCoSC\nEFLoPresti\n11March2025\nAcrossfromJCTrao\n']","['2025DCR\n01494\n', '8\n2025\n', '2025\n', 'CR\nCCC\n112025\nC0\n']","['2025C\n01494\n', 'P\n8\n2025\n', 'P2025\n', 'C\nCCC\nP\n112025\nC0\n']",modelv1.0__2026-05-20 20:23:05
D:/moth_photos/database\batch_08\img_moth_00015484.jpg,"[4000, 6000]",37.01960784313725,"['2025DCR\n01340\n', 'Photographedby\nBHarter\n2025\n', 'SanteeCoastalReserve\nCharlestonCoSC\nEFLoPresti\n14March2025\nOH2Trap\n', '']","['2025DCR\n01340\n', '8\n2025\n', 'CR\nCCC\n142025\n2\n', '']","['2025C\n01340\n', 'P\n8\n2025\n', 'C\nCCC\nP\n142025\n2\n', '']",modelv1.0__2026-05-20 20:23:05
D:/moth_photos/database\batch_08\img_moth_00015485.jpg,"[4000, 6000]",36.549019607843135,"['2025DCR\n01495\n', 'Photographedby\nBHarter\n2025\n', 'noear mites\nELoPresti2025\n', 'SanteeCoastalReserve\nCharlestonCoSC\nEFLoPresti\n42March2025\nOH3Trap\n']","['2025DCR\n01495\n', '8\n2025\n', '2025\n', 'CR\nCCC\n422025\n3\n']","['2025C\n01495\n', 'P\n8\n2025\n', 'P2025\n', 'C\nCCC\nP\n422025\n3\n']",modelv1.0__2026-05-20 20:23:05
D:/moth_photos/database\batch_08\img_moth_00015486.jpg,"[4000, 6000]",36.88235294117647,"['2025DCR\n01341\n', 'Photographedby\nBHarter\nvA040\n', 'SanteeCoastalReserve\nCharlestonCoSC\nEFLoPresti\n14March2025\nScrubOakTrap\n', '']","['2025DCR\n01341\n', '8\n4040\n', 'CR\nCCC\n142025\n', '']","['2025C\n01341\n', 'P\n8\n4040\n', 'C\nCCC\nP\n142025\n', '']",modelv1.0__2026-05-20 20:23:05
D:/moth_photos/database\batch_08\img_moth_00015487.jpg,"[4000, 6000]",36.38461538461538,"['Photoqraphedby\nBHarter\n2025\n', 'noearmites\nELoPresti2025\n', '2025DCR\n01496\n\nee\n', 'SanteeCoastalReserve\nCharestonCoSC\nEFLoPresti\n12March2025\nOH3Trap\n']","['8\n2025\n', '2025\n', '2025DCR\n01496\n', 'CR\nCCC\n122025\n3\n']","['P\n8\n2025\n', 'P2025\n', '2025C\n01496\n', 'C\nCCC\nP\n122025\n3\n']",modelv1.0__2026-05-20 20:23:05
D:/moth_photos/database\batch_08\img_moth_00015488.jpg,"[4000, 6000]",36.92156862745098,"['2025DCR\n01342\n', 'Photographedby\nBHarter\n2025\n', 'SanteeCoastalReserve\nCharlestonCoSC\nEFLoPresti\n44Marclt2025\nScrubOakTrap\n', '']","['2025DCR\n01342\n', '8\n2025\n', 'CR\nCCC\n442025\nC\n', '']","['2025C\n01342\n', 'P\n8\n2025\n', 'C\nCCC\nP\n442025\nC\n', '']",modelv1.0__2026-05-20 20:23:05
D:/moth_photos/database\batch_08\img_moth_00015489.jpg,"[4000, 6000]",36.94230769230769,"['2025DCR\n01497\n', 'Photoqgraphedby\nBHarter\n2025\n', 'SanteeCoastalReserve\nCharlestonCoSC\nEFLoPresti\n12March2025\nOH3Trao\n', 'noearmites\nELoPfesti2025\n']","['2025DCR\n01497\n', '8\n2025\n', 'CR\nCCC\n122025\n3\n', '2025\n']","['2025C\n01497\n', 'P\n8\n2025\n', 'C\nCCC\nP\n122025\n3\n', 'P2025\n']",modelv1.0__2026-05-20 20:23:05
D:/moth_photos/database\batch_08\img_moth_00015490.jpg,"[4000, 6000]",36.38461538461538,"['2025DCR\n01343\n', 'Photoqraphedby\nBHarter\n2025\n', 'SanteeCoastalReserve\nCharlestonCoSC\nEFLoPresti\n14March2025\nScrubOakTrap\n', '']","['2025DCR\n01343\n', '8\n2025\n', 'CR\nCCC\n142025\n', '']","['2025C\n01343\n', 'P\n8\n2025\n', 'C\nCCC\nP\n142025\n', '']",modelv1.0__2026-05-20 20:23:05
D:/moth_photos/database\batch_08\img_moth_00015491.jpg,"[4000, 6000]",36.36538461538461,"['2025DCR\n01498\n', 'noearmites\nELoPresti2025\n', 'Photoqraphedby\nBHarter\n2025\n', 'SanteeCoastal Reserve\nCharlestonCo SC\nEFLoPresti\n42March2025\nOH3Trap\n\nRts\n']","['2025DCR\n01498\n', '2025\n', '8\n2025\n', 'C R\nCC C\n422025\n3\n\nR\n']","['2025C\n01498\n', 'P2025\n', 'P\n8\n2025\n', 'C\nCC C\nP\n422025\n3\n']",modelv1.0__2026-05-20 20:23:05
D:/moth_photos/database\batch_08\img_moth_00015492.jpg,"[4000, 6000]",36.36538461538461,"['Photoqraphedby\n8Harter\n2025\n', '2025DCR\n01344\n', 'SanteeCoastalReserve\nCharlestonCoSC\nEFLoPresti\n14March2025\nScrubOakTrap\n', '']","['8\n2025\n', '2025DCR\n01344\n', 'CR\nCCC\nC\n142025\n', '']","['P\n8\n2025\n', '2025PC\n01344\n', 'C\nCCC\nCP\n142025\n', '']",modelv1.0__2026-05-20 20:23:05
D:/moth_photos/database\batch_08\img_moth_00015493.jpg,"[4000, 6000]",36.84313725490196,"['2025DCR\n01499\n', 'Photoqraphedby\nBHarter\n2025\n', 'noearmites\nELoPresti2025\n', 'SanteeCoastalReserve\nCharlestonCoSC\nEFLoPresti\n12March2025\nOH3Trap\n\n']","['2025DCR\n01499\n', '2025\n', '0\nC2025\n', 'CR\nCCC\n122025\n3\n\n']","['2025C\n01499\n', 'P\n2025\n', '0\nCP2025\n', 'C\nCCC\nP\n122025\n3\n\n']",modelv1.0__2026-05-20 20:23:05
D:/moth_photos/database\batch_08\img_moth_00015494.jpg,"[4000, 6000]",36.38461538461538,"['2025DCR\nQ1500\n', 'noearmites\nELoPresti2025\n', 'Photoqraphedby\nBHarter\n2025\n', 'SanteeCoastalReserve\nCharlestonCoSC\nEFLoPresti\n12March2025\nOH3Trap\n']","['2025DCR\n01500\n', '2025\n', '8\n2025\n', 'CR\nCCC\n122025\n3\n']","['2025C\n01500\n', 'P2025\n', 'P\n8W\n2025\n', 'C\nCCC\nP\n122025\n3\n']",modelv1.0__2026-05-20 20:23:05
D:/moth_photos/database\batch_08\img_moth_00015495.jpg,"[4000, 6000]",36.519230769230774,"['Photoqraphedby\nBHarter\n2025\n', '2025DCR\n01501\n', 'noearmites\nELoPresti2025\n', 'SanteeCoastalReserve\nCharlestonCoSC\nEFLoPresti\n12March2025\nOH3Trap\n']","['8\n2025\n', '2025DCR\n01501\n', '2025\n', 'CR\nCCC\n122025\n3\n']","['P\n8\n2025\n', '2025C\n01501\n', 'P2025\n', 'C\nCCC\nP\n122025\n3\n']",modelv1.0__2026-05-20 20:23:05
D:/moth_photos/database\batch_08\img_moth_00015496.jpg,"[4000, 6000]",36.76470588235294,"['2025DCR\n01502\n', 'Photoqraphedby\nBHarter\n2025\n', 'noearmites\nELoPresti2025\n', 'SanteeCoastalReserve\nCharlestonCoSC\nEFLoPresti\n12March2025\nOH3Trap\n']","['2025DCR\n01502\n', '2025\n', '2025\n', 'CR\nCCC\n122025\n3\n']","['2025C\n01502\n', 'P\n2025\n', 'P2025\n', 'C\nCCC\nP\n122025\n3\n']",modelv1.0__2026-05-20 20:23:05
D:/moth_photos/database\batch_08\img_moth_00015497.jpg,"[4000, 6000]",36.46153846153847,"['SS\n5925DCRI\n91503\n', 'Photoqgraphedby\nBHarter\n2025\n', 'SanteeCoastalReserve\nCharlestonCoSC\nEFLoPresti\n12March2025\nOH3Trap\n', 'noear mites\nELoPresti2025\n']","['5925DCR\n91503\n', '8\n2025\n', 'CR\nCCC\n122025\n3\n', '2025\n']","['5925C\n91503\n', 'P\n8\n2025\n', 'C\nCCC\nP\n122025\n3\n', 'P2025\n']",modelv1.0__2026-05-20 20:23:05
D:/moth_photos/database\batch_08\img_moth_00015498.jpg,"[4000, 6000]",36.75,"['2025DCR\n01504\n', 'Photoqraphedby\nBHarter\n2025\n', 'noearmites\nELoPresti2025\n', 'SanteeCoastalReserve\nCharlestonCoSC\nEFLoPresti\n12March2025\nOH3Trap\n']","['2025DCR\n01504\n', '8\n2025\n', '2025\n', 'CR\nCCC\n122025\n3\n']","['2025C\n01504\n', 'P\n8\n2025\n', 'P2025\n', 'C\nCCC\nP\n122025\n3\n']",modelv1.0__2026-05-20 20:23:05
D:/moth_photos/database\batch_08\img_moth_00015499.jpg,"[4000, 6000]",36.46153846153847,"['2025DCR\n01505\n', 'Photoqraphedby\nBHarter\n2025\n', 'SanteeCoastalReserve\nCharlestonCoSC\nEFLoPresti\n42March2025\nOH3Trapd\n']","['2025DCR\n01505\n', '8\n2025\n', 'CR\nCCC\n422025\n3\n']","['2025C\n01505\n', 'P\n8\n2025\n', 'C\nCCC\nP\n422025\n3\n']",modelv1.0__2026-05-20 20:23:05
D:/moth_photos/database\batch_08\img_moth_00015500.jpg,"[4000, 6000]",36.34615384615385,"['Photoqraphedby\nBHarter\n2025\n', '2025DCR\n01506\n', 'santeeCoastalReserve\nCharlestonCoSC\nEFLoPresti\n12March2025\nOH3Trap\n']","['8\n2025\n', '2025DCR\n01506\n', 'CR\nCCC\n122025\n3\n']","['P\n8\n2025\n', '2025C\n01506\n', 'C\nCCC\nP\n122025\n3\n']",modelv1.0__2026-05-20 20:23:05
D:/moth_photos/database\batch_08\img_moth_00015501.jpg,"[4000, 6000]",36.88235294117647,"['9025DCR\n01507\n', 'Photoqraphedby\nBHarter\n2025\n', 'SanteeCoastalReserve\nCharlestonCoSC\nEFLoPresti\n12March2025\nOH3Trao\n', '']","['9025DCR\n01507\n', '8\n2025\n', 'CR\nCCC\n122025\n3\n', '']","['9025C\n01507\n', 'P\n8\n2025\n', 'C\nCCC\nP\n122025\n3\n', '']",modelv1.0__2026-05-20 20:23:05
D:/moth_photos/database\batch_08\img_moth_00015502.jpg,"[4000, 6000]",36.42307692307693,"['Photoqraphedby\nBHarter\n2025\n', '2025DCR\n01508\n', 'SanteeCoasNal Reserve\nCharlestonCoSC\nEFLoPresti\n42March2025\nOH3Trapd\n']","['8\n2025\n', '2025DCR\n01508\n', 'C R\nCCC\n422025\n3D\n']","['P\n8\n2025\n', '2025PC\n01508\n', 'C\nCCC\nP\n422025\n3\n']",modelv1.0__2026-05-20 20:23:05
D:/moth_photos/database\batch_08\img_moth_00015503.jpg,"[4000, 6000]",36.90196078431373,"['Photographedby\nBHarter\n2025\n', '2025DCR\n01509\n', 'noearmites\nELoPresti2025\n', 'SanteeCoastalReserve\nCharlestonCoSC\nEFLoPresti\n12March2025\nOH2Trap\n']","['8\n2025\n', '2025DCR\n01509\n', 'R2025\n', 'CR\nCCC\n122025\n2\n']","['P\n8\n2025\n', '2025PC\n01509\n', 'P2025\n', 'C\nCCC\nP\n122025\n2\n']",modelv1.0__2026-05-20 20:23:05
D:/moth_photos/database\batch_08\img_moth_00015504.jpg,"[4000, 6000]",36.34615384615385,"['2025DCR\n01510\n', 'Photoqraphedby\nBHarter\n2025\n', 'noearmites\nELoPresti2025\n', 'SanteeCoastalReserve\nCharlestonCoSC\nEFLoPresti\n12March2025\nOH2Trap\n']","['2025DCR\n01510\n', '8\n2025\n', '2025\n', 'CR\nCC0C\n122025\n2\n']","['2025C\n01510\n', 'P\n8\n2025\n', 'P2025\n', 'C\nCC0C\nP\n122025\n2\n']",modelv1.0__2026-05-20 20:23:05
D:/moth_photos/database\batch_08\img_moth_00015505.jpg,"[4000, 6000]",36.36538461538461,"['2025DCR\n01511\n', 'Photoqraphedby\nBHarter\n2025\n', 'SanteeCoastalneseive\nCharlestonCoSC\nEFLdPresti\n42March2025\nOH2Trap\n', 'noear mites\nELoPresti2025\n']","['2025DCR\n01511\n', '8\n2025\n', 'CR\nCCC\n422025\n2D\n', 'C2025\n']","['2025C\n01511\n', 'P\n8\n2025\n', 'C\nCCC\nP\n422025\n2\n', 'CP2025\n']",modelv1.0__2026-05-20 20:23:05
D:/moth_photos/database\batch_08\img_moth_00015506.jpg,"[4000, 6000]",36.5,"['2025DCR\n01512\n', 'Photoqraphedby\nBHarter\n2025\n', 'noearmites\nELoPresti2025\n', 'SanteeCoastaiReserve\nCharlestonCoSC\nEFLoPresti\n42March2025\nOH2Trao\n']","['2025DCR\n01512\n', '8\n2025\n', '2025\n', 'CR\nCCC\n422025\n2\n']","['2025C\n01512\n', 'P\n8\n2025\n', 'P2025\n', 'C\nCCC\nP\n422025\n2\n']",modelv1.0__2026-05-20 20:23:05
D:/moth_photos/database\batch_08\img_moth_00015507.jpg,"[4000, 6000]",36.57692307692308,"['2025DCR\n01513\n', 'Photographedby\nBHarter\n2025\n', 'SanteeCoastalReserve\nCharlestonCoSC\nEFLoPresti\n42March2025\nOH2Trap\n', 'noearmites\nELoPresti2025\n']","['2025DCR\n01513\n', '8\n2025\n', 'CR\nCCC\n422025\n2\n', '0\n2025\n']","['2025C\n01513\n', 'P\n8\n2025\n', 'C\nCCC\nP\n422025\n2\n', '0\nP2025\n']",modelv1.0__2026-05-20 20:23:05
D:/moth_photos/database\batch_08\img_moth_00015508.jpg,"[4000, 6000]",36.705882352941174,"['2025DCR\n01514\n', 'Photoqraphedby\nBHarter\n2025\n', 'noearmites\nELoPresti2025\n', 'SanteeCoastalReserve\nChariestonCoSC\nEFLoPresti\n12March2025\nOH2Trao\n']","['2025DCR\n01514\n', '8\n2025\n', '2025\n', 'CR\nCCC\n122025\n2\n']","['2025C\n01514\n', 'P\n8\n2025\n', 'P2025\n', 'C\nCCC\nP\n122025\n2\n']",modelv1.0__2026-05-20 20:23:05
D:/moth_photos/database\batch_08\img_moth_00015509.jpg,"[4000, 6000]",36.519230769230774,"['2025DCR\n01515\n', 'Photoqraphedby\nBHarter\n2025\n', 'SanteeCoastalReserve\n\nCharlestonCoSC\nEFLoPresti\n42March2025\nOH2Trap\n', 'noearmites\nELoPresti2025\n']","['2025DCR\n01515\n', '8\n2025\n', 'CR\n\nCCC\n422025\n2\n', '2025\n']","['2025C\n01515\n', 'P\n8\n2025\n', 'C\n\nCCC\nP\n422025\n2\n', 'P2025\n']",modelv1.0__2026-05-20 20:23:05
D:/moth_photos/database\batch_08\img_moth_00015510.jpg,"[4000, 6000]",36.5,"['2025DCR\n01516\n', 'Photoqraphedby\nBHarter\n2025\n', 'Ee\nSanteeCoastalReserve\nCharlestonCoSC\nEFLoPresti\n12March2025\nOH2Trap\n', 'noearmites\nELoPresti2025\n']","['2025DCR\n01516\n', '8\n2025\n', 'CR\nCCC\n122025\n2\n', '2025\n']","['2025C\n01516\n', 'P\n8\n2025\n', 'C\nCCC\nP\n122025\n2\n', 'P2025\n']",modelv1.0__2026-05-20 20:23:05
D:/moth_photos/database\batch_08\img_moth_00015511.jpg,"[4000, 6000]",36.9607843137255,"['Photoqraphedby\n8Harter\n2025\n', '2025DCR\n01517\n', 'noearmites\nELoPresti2025\n', 'SanteeCoastalKeseive\nCharlestonCoSC\nEFLoPresti\n42March2025\nOHZTrao\n']","['8\n2025\n', '2025DCR\n01517\n', '2025\n', 'CR\nCCC\n422025\n2\n']","['P\n8\n2025\n', '2025C\n01517\n', 'P2025\n', 'C\nCCC\nP\n422025\n2\n']",modelv1.0__2026-05-20 20:23:05
D:/moth_photos/database\batch_08\img_moth_00015512.jpg,"[4000, 6000]",36.5,"['2025DCR\n01518\n', 'Photoqraphedby\nBHarter\n2025\n', 'E LoPresti2025\n', 'SanteeCoastalReserve\nCharlestonCoSC\nEFLoPresti\n12March2025\nOH2Trap\n']","['2025DCR\n01518\n', '8\n2025\n', '2025\n', 'CR\nCCC\n122025\n2\n']","['2025C\n01518\n', 'P\n8\n2025\n', 'P2025\n', 'CP\nCCC\nP\n122025\n2\n']",modelv1.0__2026-05-20 20:23:05
D:/moth_photos/database\batch_08\img_moth_00015513.jpg,"[4000, 6000]",36.38461538461538,"['2025DCR\n01519\n', 'Photographedby\nBHarter\n2025\n', 'noearmites\nELoPresti2025\n', 'SanteeCoastalReserve\nCharlestonCoSC\nEFLdPresti\n12March2025\nOH2Trap\n']","['2025DCR\n01519\n', '8\n2025\n', '2025\n', 'CR\nCCC\n122025\n2\n']","['2025C\n01519\n', 'P\n8\n2025\n', 'P2025\n', 'C\nCCC\nP\n122025\n2\n']",modelv1.0__2026-05-20 20:23:05
D:/moth_photos/database\batch_08\img_moth_00015514.jpg,"[4000, 6000]",36.80769230769231,"['2025DCR\n01520\n', 'Photoqraphedby\nBHarter\n2025\n', 'SanteeCoastalReserve\nChanestonCoSC\nEFLoPresti\n12Marth2025\nOrmondHallTrap\n']","['2025DCR\n01520\n', '8\n2025\n', 'CR\nCCC\n122025\n']","['2025C\n01520\n', 'P\n8\n2025\n', 'C\nCCC\nP\n122025\n']",modelv1.0__2026-05-20 20:23:05
D:/moth_photos/database\batch_08\img_moth_00015515.jpg,"[4000, 6000]",36.59615384615385,"['Photoqgraphedby\nBHarter\n2025\n', '3025DCR\n01521\n', 'SanteeCoastalReserve\nCharlestonCoSC\nEFLoPresti\n42March2025\nOrmondHallTrap\n']","['8\n2025\n', '3025DCR\n01521\n', 'CR\nCCC\n422025\n']","['P\n8\n2025\n', '3025C\n01521\n', 'C\nCCC\nP\n422025\n']",modelv1.0__2026-05-20 20:23:05
D:/moth_photos/database\batch_08\img_moth_00015516.jpg,"[4000, 6000]",36.86274509803921,"['2025DCR\n01522\n', 'Photoqraphedby\nBHarter\n2025\n', 'SanteeCoastalReserve\nCharlestonCoSC\nEFLoPresti\n12March2025\nOrmondHallTrao\n', '']","['2025DCR\n01522\n', '8\n2025\n', 'CR\nCCC\n122025\n4\n', '']","['2025C\n01522\n', 'P\n8\n2025\n', 'C\nCCC\nP\n122025\n4\n', '']",modelv1.0__2026-05-20 20:23:05
D:/moth_photos/database\batch_08\img_moth_00015517.jpg,"[4000, 6000]",36.92156862745098,"['2025DCR\n01523\n', 'Photoqraphedby\nBHarter\n2025\n', 'SanteeCoastalReserve\nCharlestonCoSC\nEFLoPresti\n12March2025\nOrmondHallTrao\n', '']","['2025DCR\n01523\n', '8\n2025\n', 'CR\nCCC\n122025\n', '']","['2025C\n01523\n', 'P\n8\n2025\n', 'CP\nCCC\nP\n122025\n', '']",modelv1.0__2026-05-20 20:23:05
D:/moth_photos/database\batch_08\img_moth_00015518.jpg,"[4000, 6000]",36.88235294117647,"['2025DCR\n01524\n', 'Photoqraphedby\nBHarter\n2025\n', 'SanteeCoastalReserve\nChanestonCoSC\nEFLOPresti\n12March2025\nOrmondHallTrap\n', 'SSAO\nE LoPresti2025\nL\n']","['2025DCR\n01524\n', '8\n2025\n', 'CR\nCCC\n122025\n', 'C\n2025\n']","['2025C\n01524\n', 'P\n8\n2025\n', 'C\nCCC\nP\n122025\n', 'C\nP2025\n']",modelv1.0__2026-05-20 20:23:05
D:/moth_photos/database\batch_08\img_moth_00015519.jpg,"[4000, 6000]",36.44230769230769,"['2025DCR\n01525\n', 'Photoqraphedby\nBHarter\n2025\n', 'noearmites\nELoPresti2025\n', 'SanteeCoastalReserve\nCharlestonCoSC\nEFLoPresti\n42March2025\nOrmondHallTrap\n']","['2025DCR\n01525\n', '8\n2025\n', '2025\n', 'CR\nCCC\n422025\n']","['2025C\n01525\n', 'P\n8\n2025\n', 'P2025\n', 'C\nCCC\nP\n422025\n']",modelv1.0__2026-05-20 20:23:05
D:/moth_photos/database\batch_08\img_moth_00015520.jpg,"[4000, 6000]",37.05882352941176,"['2025DCR\n01526\n', 'Photoqraphedby\nBHarter\n2025\n', 'SiP\n\nE LoPresti 2025\n', 'Santee Coastal Res\n\nCharleston Co\nEF LoPrest\n\n42 March 2025\n\ndHallTrao\n\nOrmon\n\n']","['2025DCR\n01526\n', '8\n2025\n', '2025\n', 'C R\n\nC C\n42 2025\n\n']","['2025C\n01526\n', 'P\n8\n2025\n', 'P\n\nP 2025\n', 'C\n\nC C\nP\n42 2025\n\n']",modelv1.0__2026-05-20 20:23:05
D:/moth_photos/database\batch_08\img_moth_00015521.jpg,"[4000, 6000]",36.42307692307693,"['2025DCR\n01527\n', 'Photoqraphedby\nBHarter\n2025\n', 'SanteeCoastalReserve\nCharestonCoSC\nEFLaPresti\n12March2025\nOrmondHallTrap\n', 'noearmites\nELoPresti2025\n']","['2025DCR\n01527\n', '8\n2025\n', 'CR\nCCC\n122025\n', '2025\n']","['2025C\n01527\n', 'P\n8\n2025\n', 'C\nCCC\nP\n122025\n', 'P2025\n']",modelv1.0__2026-05-20 20:23:05
D:/moth_photos/database\batch_08\img_moth_00015522.jpg,"[4000, 6000]",37.0,"['Photoqraphedby\nBHarter\n2025\n', '2025DCR\n01528\n', 'SanteeCoastalReserve\nCharlestonCoSC\nEFLoPresti\n12March2025\nOrmondHallTrap\n', 'noear mites\nELoPresti2025\n']","['8\n2025\n', '2025DCR\n01528\n', 'CR\nCCC\n122025\n', 'C2025\n']","['P\n8\n2025\n', '2025C\n01528\n', 'C\nCCC\nP\n122025\n', 'CP2025\n']",modelv1.0__2026-05-20 20:23:05
D:/moth_photos/database\batch_08\img_moth_00015523.jpg,"[4000, 6000]",36.92156862745098,"['2025DCR\n01529\n', 'Photoqraphedby\n8Harter\n2025\n', 'noearmites\nELoPresti2025\n', 'tn\nSanteeCoastalReserve\nCharlestonCoSC\nEF LoPresti\n12March2025\nOrmondHallTrao\n']","['2025DCR\n01529\n', '8\n2025\n', '2025\n', 'CR\nCCC\n122025\n']","['2025C\n01529\n', 'P\n8\n2025\n', 'P2025\n', 'C\nCCC\nP\n122025\n']",modelv1.0__2026-05-20 20:23:05
D:/moth_photos/database\batch_08\img_moth_00015524.jpg,"[4000, 6000]",36.42307692307693,"['2025DCR\n01530\n', 'Photoqraphedby\nBHarter\n2025\n', 'noearmites\nELoPresti2025\n', 'SanteeCoastalReserve\nCharlestonCoSC\nEFLoPresti\n12March2025\nOrmondHallTrap\n']","['2025DCR\n01530\n', '8\n2025\n', '2025\n', 'CR\nCCC\n122025\n']","['2025C\n01530\n', 'P\n8\n2025\n', 'P2025\n', 'C\nCCC\nP\n122025\n']",modelv1.0__2026-05-20 20:23:05
D:/moth_photos/database\batch_08\img_moth_00015525.jpg,"[4000, 6000]",36.90196078431373,"['2025DCR\n01531\n', 'noearmites\nELoPresti2025\n', 'Photoqraphedby\nBHarter\n2025\n', 'SanteeCoastalReserve\nCharlestonCoSC\nEFLoPresti\n12March2025\nOrmondHallTrap\n']","['2025DCR\n01531\n', 'C2025\n', '8\n2025\n', 'CR\nCCC\n122025\n']","['2025C\n01531\n', 'CP2025\n', 'P\n8\n2025\n', 'C\nCCC\nP\n122025\n']",modelv1.0__2026-05-20 20:23:05
D:/moth_photos/database\batch_08\img_moth_00015526.jpg,"[4000, 6000]",36.80769230769231,"['WPC\n741\n', 'McClellenville\nSouthCa Carbline o\n\n6 oe 1967\n16OFy\n']","['C\n741\n', 'C\nC C\n\n6 1967\n164\n']","['WPC\n741\n', 'C\nC C\n\n6 1967\n164\n']",modelv1.0__2026-05-20 20:23:05
D:/moth_photos/database\batch_08\img_moth_00015527.jpg,"[4000, 6000]",37.0,"['WPC\n772\n', 'EESC\nWedgePlantation\n7miYEMcClellanville\n\nLichP4bee topCoSCAR\n\n196D\nhenaichena BDominick\n']","['C\n772\n', 'CC\n71C\n4 CCR\n\n196D\nRD\n']","['WPC\n772\n', 'CC\nWP\n71C\n\nP4 CC\n\n196\n']",modelv1.0__2026-05-20 20:23:05
D:/moth_photos/database\batch_08\img_moth_00015528.jpg,"[4000, 6000]",36.80392156862745,"['WPC\n773\n', 'RBDominick\nCharlesREdwards\nMcClellanvilles\nSouthCarolina29458\nRYOcs967\nhisnk\n']","['C\n773\n', 'RRD\nCR\nC\nC29458\nRC5967\n']","['WPC\n773\n', 'C\n\nC\n\nC29458\nC5967\n']",modelv1.0__2026-05-20 20:23:05
D:/moth_photos/database\batch_08\img_moth_00015529.jpg,"[4000, 6000]",36.34615384615385,"['WPC\n775\n', 'RBDominick\n\nCharlesREdwards\nMcClellareville\nSoutHCarolina2945\n\nISEDehF07\nLich\n']","['C\n775\n', 'RD\n\nCR\nC\nC2945\n\nD07\n']","['WPC\n775\n', 'C\nC\nC2945\n\n07\n']",modelv1.0__2026-05-20 20:23:05
D:/moth_photos/database\batch_08\img_moth_00015530.jpg,"[4000, 6000]",36.745098039215684,"['CUlellanville\nSouth hCarolina\n\nDominick\n6 Och 167\n', '']","['C\nC\n\nD\n6 167\n', '']","['C\nC\n\n6 167\n', '']",modelv1.0__2026-05-20 20:23:05
D:/moth_photos/database\batch_08\img_moth_00015531.jpg,"[4000, 6000]",36.57692307692308,"['WPC\n774\n', 'RBDominick\n\nCharltesREdwards\nre McClellanville\n\nSouthCarolina29458\n\n16Dec 967\nAight\n']","['C\n774\n', 'RRD\n\nCR\nC\n\nC29458\n\n16D 967\n']","['WPC\n774\n', 'C\nC\n\nC29458\n\n16 967\n']",modelv1.0__2026-05-20 20:23:05
D:/moth_photos/database\batch_08\img_moth_00015532.jpg,"[4000, 6000]",37.0,"['WPC\n776\n', 'McClellanville\nSouthCarolina a\nRBDominick\n\n12SeptMb7\n\n1ah1t\n']","['C\n776\n', 'C\nC 4\nRRD\n\n127\n\n11\n']","['WPC\n776\n', 'C\nC 4\n\n127\n\n11\n']",modelv1.0__2026-05-20 20:23:05
D:/moth_photos/database\batch_08\img_moth_00015533.jpg,"[4000, 6000]",36.57692307692308,"['WPC\n742\n', 'Clellanville\n\nSouth Sercling ov\nIb bO4 f962\nLight\n']","['C\n742\n', 'C\n\n6 64 962\n']","['WPC\n742\n', 'C\n\n6 64 962\n']",modelv1.0__2026-05-20 20:23:05
D:/moth_photos/database\batch_08\img_moth_00015534.jpg,"[4000, 6000]",36.68627450980392,"['WPC\n777\n', 'RBDominick\nChariesREdwards\nMcClellanville e\nSofithCarolina29458\n\n2GOt1G4T\n\nLjent\n']","['C\n777\n', 'RRD\nCR\nC\nC29458\n\n261947\n']","['WPC\n777\n', 'C\nC\nC29458\n\n261947\n']",modelv1.0__2026-05-20 20:23:05
D:/moth_photos/database\batch_08\img_moth_00015535.jpg,"[4000, 6000]",37.0,"['WPC\n713\n', 'McCle ianv ille\nSouth Carolina\n\n4st\n\nSaht\n\nSsstler\nRB Dominick\ns\n', '', 'DMBC01361\nRICHARDBDOMINICK\n\nMOTH8BUTTERFLYCOLLECTION\nUNIVERSITYOFSOUTHCAROLINA\n\n']","['RC\n713\n', 'C\nC\n\n47\n\nR D\n', '', 'DC01361\nRCRD8DC\n\n8RCC\nR0CR\n\n']","['WPC\n713\n', 'C\nC\n\n47\n', '', 'PC01361\nC8C\n\n8CC\n0C\n\n']",modelv1.0__2026-05-20 20:23:05
D:/moth_photos/database\batch_08\img_moth_00015536.jpg,"[4000, 6000]",36.67307692307692,"['WPC\n743\n', 'McClellanville\n4\n']","['C\n743\n', 'C\n4\n']","['WPC\n743\n', 'C\n4\n']",modelv1.0__2026-05-20 20:23:05
D:/moth_photos/database\batch_08\img_moth_00015537.jpg,"[4000, 6000]",36.34615384615385,"['WPC\n778\n', 'RBDominick\n\nCharlesREdwards\n6 McClellanville\n\nSduthCarolina29458\n\nZ2Oct1967\nhese\n']","['C\n778\n', 'RRD\n\nCR\n6 C\n\nC29458\n\n21967\nR\n']","['WPC\n778\n', 'C\n6 C\nC29458\n\n21967\n']",modelv1.0__2026-05-20 20:23:05
D:/moth_photos/database\batch_08\img_moth_00015538.jpg,"[4000, 6000]",36.480769230769226,"['WPC\n714\n', '']","['C\n714\n', '']","['WPC\n714\n', '']",modelv1.0__2026-05-20 20:23:05
D:/moth_photos/database\batch_08\img_moth_00015539.jpg,"[4000, 6000]",36.42307692307693,"['McClellanville\nchan ree\nSewet1167\nLeshy\n', 'WPC\n744\n']","['C\n4\n1167\n', 'C\n744\n']","['C\n4\n1167\n', 'WPC\n744\n']",modelv1.0__2026-05-20 20:23:05
D:/moth_photos/database\batch_08\img_moth_00015540.jpg,"[4000, 6000]",36.32692307692307,"['WPC\n779\n', 'RBDominick\nChartesREdwanis\nMcClellanvilie\nSouthCarolina29458\n\n92Ots967\nhognr\n']","['C\n779\n', 'RRD\nCR\nC\nC29458\n\n92967\n']","['WPC\n779\n', 'C\nC\nC29458\n\n92967\n']",modelv1.0__2026-05-20 20:23:05
D:/moth_photos/database\batch_08\img_moth_00015541.jpg,"[4000, 6000]",36.80769230769231,"['WPC\n715\n', 'KBDominick\nCharliesREdwards\nMcClellanville\nSoSthCarolina29458\n\nASOct79L8\nlitt\n', 'OTe OGRA WA\nBokigera\n\ni\n']","['C\n715\n', 'RD\nCR\nC\nC29458\n\n7968\n', 'CDR 1\n']","['WPC\n715\n', 'C\nC\nC29458\n\n7968\n', 'C W1\n']",modelv1.0__2026-05-20 20:23:05
D:/moth_photos/database\batch_08\img_moth_00015542.jpg,"[4000, 6000]",36.40384615384615,"['McClellanville\nSouth Carclina\nRBDominick\n\njk NOvVUG\nLigqAr\n', 'WPC\n745\n']","['C\nC\nRRD\n\n6\n', 'C\n745\n']","['C\nC\n\n6\n', 'WPC\n745\n']",modelv1.0__2026-05-20 20:23:05
D:/moth_photos/database\batch_08\img_moth_00015543.jpg,"[4000, 6000]",36.72549019607843,"['WPC\n780\n', 'McClellanville 7\nSouth Carolina\nRBDominick on\n\nLights\n']","['C\n780\n', 'C 7\nC\nRRD\n']","['WPC\n780\n', 'C 7\nC\n']",modelv1.0__2026-05-20 20:23:05
D:/moth_photos/database\batch_08\img_moth_00015544.jpg,"[4000, 6000]",36.94230769230769,"['RBMVOMIMIICN\nCharlesR Edward\nMcClellanville\nSouthC4rolina\n\n2Z3NovI4V71\nlsaltoor\n', 'WPC\n716\n']","['RDC\nCR\nC\nC4\n\n23471\n1\n', 'C\n716\n']","['C\nC\nC\nC4\n\n23471\n1\n', 'WPC\n716\n']",modelv1.0__2026-05-20 20:23:05
D:/moth_photos/database\batch_08\img_moth_00015545.jpg,"[4000, 6000]",37.0,"['WPC\n781\n', 'SouthCarolina\nRBDdominick\n\nSke Nov G7\nLigh\n\nMcClellanville ss\n']","['C\n781\n', 'C\nRRD\n\nC C7\n\nC\n']","['WPC\n781\n', 'C\n\nC C7\n\nC\n']",modelv1.0__2026-05-20 20:23:05
D:/moth_photos/database\batch_08\img_moth_00015546.jpg,"[4000, 6000]",36.90196078431373,"['WPC\n717\n', 'SOUTHCAROLINA\nWedgePlantation\nMcClellahville\nAugust 1s 1968\n\npc Perneenn\n']","['C\n717\n', 'CR\nC11\n1 1968\n\nR\n']","['WPC\n717\n', 'C\nWP\nC11\n1 1968\n\nP\n']",modelv1.0__2026-05-20 20:23:05
D:/moth_photos/database\batch_08\img_moth_00015547.jpg,"[4000, 6000]",36.57692307692308,"['WPC\n746\n', 'McClellanviise\nSouthCarolina\nRB Dominick\n\n2 NYov 1967\nfe\n']","['C\n746\n', 'C\nC\nR8 D\n\n2 1967\n']","['WPC\n746\n', 'C\nC\n8\n\n2 1967\n']",modelv1.0__2026-05-20 20:23:05
D:/moth_photos/database\batch_08\img_moth_00015548.jpg,"[4000, 6000]",36.34615384615385,"['WPC\n782\n', 'McClellanville\nSouthCarolina Oo\nCharlesREdwards\n\n2See L907\nLicht\n']","['C\n782\n', 'C\nC\nCR\n\n2 907\n']","['WPC\n782\n', 'C\nC\nC\n\n2 907\n']",modelv1.0__2026-05-20 20:23:05
D:/moth_photos/database\batch_08\img_moth_00015549.jpg,"[4000, 6000]",36.43396226415094,"['WPC\n718\n', 'RBDominick\n2 CharlesREdwards\nMcClellanville\nSouthCarolina29458\n\nAS5 F451967\nheight\n']","['C\n718\n', 'RD\n2 CR\nC\nC29458\n\n5 451967\n']","['WPC\n718\n', '2 C\nC\nC29458\n\n5 P451967\n']",modelv1.0__2026-05-20 20:23:05
D:/moth_photos/database\batch_08\img_moth_00015550.jpg,"[4000, 6000]",36.53846153846154,"['747\n', 'RBDominick\nyCharesREdwards\nMcClellenville\n\nYNev9t7\nLight\n']","['747\n', 'RD\nCR\nC\n\n97\n']","['747\n', 'C\nC\n\n97\n']",modelv1.0__2026-05-20 20:23:05
D:/moth_photos/database\batch_08\img_moth_00015551.jpg,"[4000, 6000]",36.90196078431373,"['WPC\n719\n', 'McClellanville\neB Carolina\nBDominick\n\n7 cee 4167\n']","['C\n719\n', 'C\nC\nRD\n\n7 4167\n']","['WPC\n719\n', 'WC\nC\n\n7 4167\n']",modelv1.0__2026-05-20 20:23:05
D:/moth_photos/database\batch_08\img_moth_00015552.jpg,"[4000, 6000]",36.65384615384615,"['WPC\n748\n', 'Me Clellanvils\nLg fF\n\n']","['C\n748\n', 'C\n1\n\n']","['WPC\n748\n', 'W C\n1\n\n']",modelv1.0__2026-05-20 20:23:05
D:/moth_photos/database\batch_08\img_moth_00015553.jpg,"[4000, 6000]",36.705882352941174,"['WPC\n720\n', 'n B Dominick\nChariesREdwanisA\nMcClellanville\nSoutharolina29458\n\n2356ch1G69\nLiSart\n']","['C\n720\n', 'R D\nCR\nC\n29458\n\n23561969\nC4\n']","['WPC\n720\n', 'C\nC\n29458\n\n23561969\nC4\n']",modelv1.0__2026-05-20 20:23:05
D:/moth_photos/database\batch_08\img_moth_00015554.jpg,"[4000, 6000]",36.34615384615385,"['WPC\n749\n', '']","['C\n749\n', '']","['WPC\n749\n', '']",modelv1.0__2026-05-20 20:23:05
D:/moth_photos/database\batch_08\img_moth_00015555.jpg,"[4000, 6000]",36.84313725490196,"['WPC\n783\n', 'RBDominick\n\nSt 2ChareeREdwaris\nMcClellanville\nSouthCerolina29468\n\n30 Pus 9t7\nyhay\n']","['C\n783\n', 'RRD\n\n2CR\nC\nC29468\n\n30 5 967\n']","['WPC\n783\n', '2C\nC\nC29468\n\n30 P15 967\n']",modelv1.0__2026-05-20 20:23:05
D:/moth_photos/database\batch_08\img_moth_00015556.jpg,"[4000, 6000]",36.72549019607843,"['WPC\n721\n', 'KBDominick\nCharlesREdwards\nMeClellanville\nSouthCarolina29458\n\nGOct96P\nLish\n']","['C\n721\n', 'RD\nCR\nC\nC29458\n\n96\n']","['WPC\n721\n', 'C\nC\nC29458\n\n96P\n']",modelv1.0__2026-05-20 20:23:05
D:/moth_photos/database\batch_08\img_moth_00015557.jpg,"[4000, 6000]",36.44230769230769,"['WPC\n750\n', 'McClellanville\nSee\n\nT OA 196 7\nLiah\n']","['C\n750\n', 'C\n7 196 7\n']","['WPC\n750\n', 'C\n7 196 7\n']",modelv1.0__2026-05-20 20:23:05
D:/moth_photos/database\batch_08\img_moth_00015558.jpg,"[4000, 6000]",36.745098039215684,"['WPC\n784\n', 'Mc thCarolingQ\nSouthCarolina\nRBDominick\n2Sept967\n\nLigbht\n', 'mcClellianville\nSouthCarolina\nRBDominick\n']","['C\n784\n', 'C C\nC\nRD\n2967\n', 'CC\nC\nRD\n']","['WPC\n784\n', 'C C\nC\n2967\n', 'CC\nC\n']",modelv1.0__2026-05-20 20:23:05
D:/moth_photos/database\batch_08\img_moth_00015559.jpg,"[4000, 6000]",37.0,"['WPC\n722\n', 'RBDominick x\nCharlesREdwards\nMcClellanville oO\nSouthsCarolina29458\n\n22Gct19LE\nLigne\n']","['C\n722\n', 'RD\nCR\nC\nC29458\n\n22194\n']","['WPC\n722\n', 'C\nC\nC29458\n\n22194\n']",modelv1.0__2026-05-20 20:23:05
D:/moth_photos/database\batch_08\img_moth_00015560.jpg,"[4000, 6000]",36.40384615384615,"['WPC\n751\n', 'McClellanville\nSouthCerol\nRB Dominick\n\nDcf61967\n']","['C\n751\n', 'C\nC\nR D\n\nD61967\n']","['WPC\n751\n', 'C\nC\n\n61967\n']",modelv1.0__2026-05-20 20:23:05
D:/moth_photos/database\batch_08\img_moth_00015561.jpg,"[4000, 6000]",36.88235294117647,"['WPC\n785\n', 'RBDominick\nChariesREdwards\nMcClellanville\nSouthCarolina29458\n\nGDec19L8\nLv7\n']","['C\n785\n', 'RRD\nCR\nC\nC29458\n\nD1968\n7\n']","['WPC\n785\n', 'C\nC\nC29458\n\n1968\n7\n']",modelv1.0__2026-05-20 20:23:05
D:/moth_photos/database\batch_08\img_moth_00015562.jpg,"[4000, 6000]",36.80769230769231,"['WPC\n723\n', 'RBDominick\nCharlesREdwards\n6 McClellanville\nSouthCaroling29458\nq\nPOctP47\nAtSAL\n\nee\n']","['C\n723\n', 'RRD\nCR\n\n6 C\nC29458\nD47\n']","['WPC\n723\n', 'C\n\n6 C\nC29458\nPP47\n']",modelv1.0__2026-05-20 20:23:05
D:/moth_photos/database\batch_08\img_moth_00015563.jpg,"[4000, 6000]",36.30769230769231,"['WPC\n752\n', 'McClellanville\nSouth Carolina\nBDominick\n\n7Ovt1967\n']","['C\n752\n', 'C\nC\nRD\n\n71967\n']","['WPC\n752\n', 'C\nC\n\n71967\n']",modelv1.0__2026-05-20 20:23:05
D:/moth_photos/database\batch_08\img_moth_00015564.jpg,"[4000, 6000]",36.98039215686274,"['WPC\n786\n', 'McClellanville\nSouthCerolina\nChariesR FEdwardse\n\n18fpus107\nLotChF\n\n']","['C\n786\n', 'C\nC\nCR\n\n18107\nC\n\n']","['WPC\n786\n', 'C\nC\nC\n\n18107\nC\n\n']",modelv1.0__2026-05-20 20:23:05
D:/moth_photos/database\batch_08\img_moth_00015565.jpg,"[4000, 6000]",36.68627450980392,"['WPC\n724\n', 'RBDominick\n6 CharlesREdwards\nMcClellanville\nSouthCarolina29458\nFBMOV1F6T\nLJSbt\n']","['C\n724\n', 'RD\n6 CR\nC\nC29458\n16\n5\n']","['WPC\n724\n', '6 C\nC\nC29458\n\n1P6\n5\n']",modelv1.0__2026-05-20 20:23:05
D:/moth_photos/database\batch_08\img_moth_00015566.jpg,"[4000, 6000]",36.36538461538461,"['WPC\n753\n', 'Me Clellanviie\nthCarol\n\n2No ie\nbok\n']","['C\n753\n', 'C\nC\n\n2\n']","['WPC\n753\n', 'C\nC\n\n2\n']",modelv1.0__2026-05-20 20:23:05
D:/moth_photos/database\batch_08\img_moth_00015567.jpg,"[4000, 6000]",36.76470588235294,"['WPC\n787\n', 'McClellanville\nSouthCerolina\nQGhariesR Edwards\n\nS9Jeely19767\nhight\n']","['C\n787\n', 'C\nC\nR\n\n4919767\n']","['WPC\n787\n', 'C\nC\n\n4919767\n']",modelv1.0__2026-05-20 20:23:05
D:/moth_photos/database\batch_08\img_moth_00015568.jpg,"[4000, 6000]",36.65384615384615,"['WPC\n725\n', 'RBDominick\nCharlesREdwards\nMcClellanville\nSouthCagolina 29458\n\n2Z7OctJFL7\nBShf\n\n']","['C\n725\n', 'RRD\nCR\nC\nC 29458\n\n27C7\n\n']","['WPC\n725\n', 'C\nC\nC 29458\n\n27C7\n\n']",modelv1.0__2026-05-20 20:23:05
D:/moth_photos/database\batch_08\img_moth_00015569.jpg,"[4000, 6000]",36.98039215686274,"['', 'WPC\n754\n']","['', 'C\n754\n']","['', 'WPC\n754\n']",modelv1.0__2026-05-20 20:23:05
D:/moth_photos/database\batch_08\img_moth_00015570.jpg,"[4000, 6000]",36.94117647058823,"['WPC\n788\n', 'Bpupatiol7June\n1969hatch14Jury\n\nMcClellanville\nSouthCarolina\nBDominick\n\nRillineCdya\nPplastrelo Lolub\n\n', 'ee\nEBpu PANdol7Gsce\nIFCe hatel 144 Juey\n']","['C\n788\n', 'D7\n196914\n\nC\nC\nRD\n\nRC4\n6\n\n', 'D 79\nC 144 D\n']","['WPC\n788\n', '7\n196914\n\nC\nC\n\nC4\nP 6\n\n', 'P79\nWC 144\n']",modelv1.0__2026-05-20 20:23:05
D:/moth_photos/database\batch_08\img_moth_00015571.jpg,"[4000, 6000]",36.63461538461539,"['WPC\n726\n', 'ee\n\nMc Clellanville\n\nSouth Carolina e\nBDominick\n\n6Gef 965\nLight\n']","['C\n726\n', 'C\nC\nRD\n\n6C 965\n']","['WPC\n726\n', 'W C\nC\n\n6C 965\n']",modelv1.0__2026-05-20 20:23:05
D:/moth_photos/database\batch_08\img_moth_00015572.jpg,"[4000, 6000]",37.0,"['WPC\n755\n', 'Mc Clelianville\nSouthCarol ineO7\nRBDo eres\n\n28WeuG7\nLoyahf\n']","['C\n755\n', 'C\nC 7\nRD\n\n287\n']","['WPC\n755\n', 'C\nC 7\n\n28W7\n']",modelv1.0__2026-05-20 20:23:05
D:/moth_photos/database\batch_08\img_moth_00015573.jpg,"[4000, 6000]",36.705882352941174,"['WPC\n789\n', 'CARvefoundsGagder\n\nonDeenla7EAvy964\nRBDominick\nChariesREdwards f\nMcClellanville\nSouthCarolina29458\n\nreereP5 ams xe\n\nErmevsed7 7Sel\n']","['C\n789\n', 'CRC\n\nD7964\nRRD\nCR\nC\nC29458\n\n25\n\n7 7\n']","['WPC\n789\n', 'CC\n7964\nC\nC\nC29458\nP5 P\n7 7\n']",modelv1.0__2026-05-20 20:23:05
D:/moth_photos/database\batch_08\img_moth_00015574.jpg,"[4000, 6000]",36.84313725490196,"['WPC\n756\n', 'McClellanville\nSouthCarolina\nRBDominick\n\nBNov196\n2BWeU407\n']","['C\n756\n', 'C\nC\nRRD\n\n8196\n28407\n']","['WPC\n756\n', 'C\nC\n\n8196\n28W407\n']",modelv1.0__2026-05-20 20:23:05
D:/moth_photos/database\batch_08\img_moth_00015575.jpg,"[4000, 6000]",37.0,"['WPC\n790\n', 'NDVOmInNIcK\nCharlesREdwards\nMcClellanville\nSoufhCarolina\n\nBuin145\nLrght2\n', 'Tri\npirbles\n326e\n', 'DMBCO01360\n\nRICHARDBDOMINICK\n\nMOTH8BUTTERFLYCOLLECTION\nUNIVERSITYOFSOUTHCAROLINA\n\n']","['C\n790\n', 'RDC\nCR\nC\nC\n\nR145\n2\n', '326\n', 'DC01360\n\nRCRD8DC\n\n8RRCC\nRCR\n\n']","['WPC\n790\n', 'C\nC\nC\nC\n\n145\n2\n', '326\n', 'PC01360\n\nC8C\n\n8CC\nC\n\n']",modelv1.0__2026-05-20 20:23:05
D:/moth_photos/database\batch_08\img_moth_00015576.jpg,"[4000, 6000]",36.61538461538461,"['WPC\n727\n', 'RBDominick\nChartesREdwards\nMcClellenville\nSouttsCarolina29458\n30Ape1969\nlLsGhAwf\n']","['C\n727\n', 'RRD\nCR\nC\nC29458\n301969\n197\n']","['WPC\n727\n', 'C\nC\nC29458\n301969\n197\n']",modelv1.0__2026-05-20 20:23:05
D:/moth_photos/database\batch_08\img_moth_00015577.jpg,"[4000, 6000]",36.84313725490196,"['WRC\n757\n', 'McClelianville\n3 Nov 1967\nLighL\n']","['RC\n757\n', 'C\n3 1967\n']","['WPC\n757\n', 'C\n3 1967\n']",modelv1.0__2026-05-20 20:23:05
D:/moth_photos/database\batch_08\img_moth_00015578.jpg,"[4000, 6000]",36.84313725490196,"['WPC\n791\n', 'RB Dominick\nChariesREdwards\nMcClellarfville\nSoufthCarolina 29458\n4230eIUS\n\nLight\n', '', 'CUtelSeSlIalSSeeleSeECllsl8teiee\n\nDMBC01365\nRICHARDBDOMINICK\n\nMOTH8BUTTERFLYCOLLECTION\n\nUNIVERSITYOFSOUTHCAROLINA\neee\n']","['C\n791\n', 'R8 D\nCR\nC\nC 29458\n4230\n', '', 'CCC818\n\nDC01365\nRCRD8D0C\n\n8RRCC\n\nRCR\n']","['WPC\n791\n', '8\nC\nC\nC 29458\n4230P\n', '', 'CCC818\n\nPC01365\nC8P0C\n\n8CC\n\nC\n']",modelv1.0__2026-05-20 20:23:05
D:/moth_photos/database\batch_08\img_moth_00015579.jpg,"[4000, 6000]",36.80769230769231,"['WPC\n728\n', 'RBDominick\n\nChariesR Edwards\n\nMeeene2\nSouthCa y\n\nESceh\n']","['C\n728\n', 'RRD\n\nCR\n\n2\nC\n\nC\n']","['WPC\n728\n', 'C\n2\nC\n\nC\n']",modelv1.0__2026-05-20 20:23:05
D:/moth_photos/database\batch_08\img_moth_00015580.jpg,"[4000, 6000]",36.34615384615385,"['WPC\n758\n', 'RBDominick\n\nChariesREdwanis\ne McClellanville\n\nSoufhCarolina29458\n\n10Sept967\nfisht\n']","['C\n758\n', 'RRD\n\nCR\nC\n\nC29458\n\n10967\n']","['WPC\n758\n', 'C\nC\nC29458\n\n10967\n']",modelv1.0__2026-05-20 20:23:05
D:/moth_photos/database\batch_08\img_moth_00015581.jpg,"[4000, 6000]",36.92156862745098,"['WPC\n792\n', 'RBDominick\n\nChartesREdwanis\nMcClellanville\nSoutharolina2945\n\notha\n']","['C\n792\n', 'RRD\n\nCR\nC\n2945\n']","['WPC\n792\n', 'C\nC\n2945\n']",modelv1.0__2026-05-20 20:23:05
D:/moth_photos/database\batch_08\img_moth_00015582.jpg,"[4000, 6000]",36.769230769230774,"['WPC\n729\n', 'RBDominick\n\nCharlesREdwardis\n\nMcClellanville\nSouthCerolina29458\n\n10Dec19u1\nHtSiot\n']","['C\n729\n', 'RRD\n\nCR\n\nC\nC29458\n\n10D191\n']","['WPC\n729\n', 'C\nC\nC29458\n\n10191\n']",modelv1.0__2026-05-20 20:23:05
D:/moth_photos/database\batch_08\img_moth_00015583.jpg,"[4000, 6000]",36.49019607843137,"['McClellanville\nSouthCarolina\narlesREdwards\n\nolJualy9n7\n4 sak\n', 'WPC\n759\n']","['C\nC\nR\n\n967\n4\n', 'C\n759\n']","['C\nC\n\n967\n4\n', 'WPC\n759\n']",modelv1.0__2026-05-20 20:23:05
D:/moth_photos/database\batch_08\img_moth_00015584.jpg,"[4000, 6000]",36.88235294117647,"['WPC\n793\n', 'RBDominick\nChariesREdwards\nMcClellanville\nSouthCerolins294 e\n\nwJunesGC8\ndisht\n']","['C\n793\n', 'RRD\nCR\nC\n8C294\n\n9C8\n']","['WPC\n793\n', 'C\nC\n8C294\n\nW9C8\n']",modelv1.0__2026-05-20 20:23:05
D:/moth_photos/database\batch_08\img_moth_00015585.jpg,"[4000, 6000]",36.94230769230769,"['WPC\n730\n', 'cClellanville\nouthCarolina29454\n\nZLNov9L7\nhight\n\nRBDominick\nY ChaertesREdwanis\n', 'ds\ncalibrite\n']","['C\n730\n', 'C\nC29454\n\n97\n\nRRD\nCR\n', '']","['WPC\n730\n', 'C\nC29454\n\n97\n\nC\n', '']",modelv1.0__2026-05-20 20:23:05
D:/moth_photos/database\batch_08\img_moth_00015586.jpg,"[4000, 6000]",36.8235294117647,"['WPC\n760\n', 'RBDominick\nChariesREdwexis\nMcClellenvilie\nSouthCarolina29458\n\nJoOet19g7\nhtS4F\n']","['C\n760\n', 'RRD\nCR\nC\nC29458\n\n0197\n4\n']","['WPC\n760\n', 'C\nC\nC29458\n\n0197\n4\n']",modelv1.0__2026-05-20 20:23:05
D:/moth_photos/database\batch_08\img_moth_00015587.jpg,"[4000, 6000]",37.0,"['WPC\n794\n', 'RBDominick\nCharleeREdwarts\nMeClelenisod\n\nyreywr oy 7\n\nUGnara\n', '']","['C\n794\n', 'RRD\nCR\nC\n\n7\n\nCC\n', '']","['WPC\n794\n', 'C\nC\n\n7\n\nCC\n', '']",modelv1.0__2026-05-20 20:23:05
D:/moth_photos/database\batch_08\img_moth_00015588.jpg,"[4000, 6000]",36.71153846153846,"['WPC\n731\n', 'RBDominick\n\nYP ChariesREdwards\nMcClellanville e\nSouthCerolina 29458\n\n2O4FL7\nLitar\n', 'us\ncalibrite\n']","['C\n731\n', 'R8D\nCR\n\nC\n\nC 29458\n\n247\n', '2\n']","['WPC\n731\n', '8\n\nP C\nC\nC 29458\n\n247\n', '2\n']",modelv1.0__2026-05-20 20:23:05
D:/moth_photos/database\batch_08\img_moth_00015589.jpg,"[4000, 6000]",36.34615384615385,"['WPC\n761\n', 'RBDominick\n\nad ChadesREdwards\nMcClellanville\n\nYtMov1967\nhight\n']","['C\n761\n', 'RRD\n\nCR\nC\n\n11967\n']","['WPC\n761\n', 'C\nC\n\n11967\n']",modelv1.0__2026-05-20 20:23:05
D:/moth_photos/database\batch_08\img_moth_00015590.jpg,"[4000, 6000]",36.32692307692307,"['WPC\n795\n', 'BR03Dominicau\nChartesRFfwania\nMioCleilanville\n\nindny\n', '']","['C\n795\n', 'R03D\nCR\nC\n', '']","['WPC\n795\n', '03W\nC\nC\n', '']",modelv1.0__2026-05-20 20:23:05
D:/moth_photos/database\batch_08\img_moth_00015591.jpg,"[4000, 6000]",36.55769230769231,"['WPC\n\n732\n', 'McClellanville 7\nouthCarolina\n2 B Serine\n\n8OctF6D\n']","['C\n\n732\n', 'C 7\nC\n2\n\n8C6D\n']","['WPC\n\n732\n', 'C 7\nC\n2\n\n8C6\n']",modelv1.0__2026-05-20 20:23:05
D:/moth_photos/database\batch_08\img_moth_00015592.jpg,"[4000, 6000]",36.36538461538461,"['WPC\n762\n', '', 'RBDominick\nChartesREdwanis\nMcClellanville\nSouthCaroline29458\n\nA7 Segt1967\n4Ghs\n', 'DMBCO01I358\nRICHARDBDOMINICK\n\nMOTH8BUTTERFLYCOLLECTION\nUNIVERSITYOFSOUTHCAROLINA\n\n']","['C\n762\n', '', 'RD\nCR\nC\nC29458\n\n7 1967\n4\n', 'DC01358\nRCRD8DC\n\n8RCC\nRCR\n\n']","['WPC\n762\n', '', 'C\nC\nC29458\n\n7 1967\n4\n', 'PC01358\nC8C\n\n8CC\nC\n\n']",modelv1.0__2026-05-20 20:23:05
D:/moth_photos/database\batch_08\img_moth_00015593.jpg,"[4000, 6000]",36.44230769230769,"['WPC\n796\n', 'RPDominick\n\nMcCiglilaenville\n\nBa Ste\n\n234\n']","['C\n796\n', 'RRD\n\nC\n\n8\n\n234\n']","['WPC\n796\n', 'P\n\nC\n\n8\n\n234\n']",modelv1.0__2026-05-20 20:23:05
D:/moth_photos/database\batch_08\img_moth_00015594.jpg,"[4000, 6000]",37.03921568627451,"['WPC\n733\n', 'McClellanville\nSouthCerolina\nRBDominick\n\nNev67\nsHNOU6\n']","['C\n733\n', 'C\nC\nRRD\n\n67\n6\n']","['WPC\n733\n', 'C\nC\n\n67\n6\n']",modelv1.0__2026-05-20 20:23:05
D:/moth_photos/database\batch_08\img_moth_00015595.jpg,"[4000, 6000]",36.5,"['WPC\n763\n', 'nOoVominick\nCharlesREdwards\nMcCleljanville\nSouthCarolina\n\n21ulyRey\n', '', 'DMBC01359\nRICHARDBDOMINICK\n\nMOTH8BUTTERFLYCOLLECTION\nUNIVERSITYOFSOUTHCAROLINA\n']","['C\n763\n', 'CR\nC\nC\n\n21R\n', '', 'DC01359\nRCRDDC\n\n8RCC\nRCR\n']","['WPC\n763\n', 'C\nC\nC\n\n21\n', '', 'PC01359\nCC\n\n8CC\nC\n']",modelv1.0__2026-05-20 20:23:05
D:/moth_photos/database\batch_08\img_moth_00015596.jpg,"[4000, 6000]",36.72549019607843,"['RBDominick\nCharteeREdw\nMcClellanville\nSoythCeroline29458\n2 y Mat 196F\nLiSwa\n', 'WPC\n797\n', '']","['RRD\nCR\nC\nC29458\n2 196\n', 'C\n797\n', '']","['C\n\nC\n\nC29458\n2 196\n', 'WPC\n797\n', '']",modelv1.0__2026-05-20 20:23:05
D:/moth_photos/database\batch_08\img_moth_00015597.jpg,"[4000, 6000]",36.90196078431373,"['WPC\n734\n', 'KBDominick\nChariesREdwerds\nMcClellanvilie\nSouthCerolina 29458\n\n30Oci 19oF\nbisht\n']","['C\n734\n', 'RD\nCR\nC\nC 29458\n\n30 194\n']","['WPC\n734\n', 'C\nC\nC 29458\n\n30 194\n']",modelv1.0__2026-05-20 20:23:05
D:/moth_photos/database\batch_08\img_moth_00015598.jpg,"[4000, 6000]",36.57692307692308,"['WPC\n764\n', 'xBSDominick\nChartesREdwards\nfeCtoLipnttles\nScashCerolins\n\n16Nov140l\nLdahtor\n']","['C\n764\n', 'D\nCR\nC\n3C\n\n16140\n']","['WPC\n764\n', 'C\nC\n3C\n\n16140\n']",modelv1.0__2026-05-20 20:23:05
D:/moth_photos/database\batch_08\img_moth_00015599.jpg,"[4000, 6000]",36.705882352941174,"['WPC\n798\n', 'MeClellenniee\nSoutheCarolina29458\n17P1A596P\n\nLighk\n']","['C\n798\n', 'C\nC29458\n1721596\n']","['WPC\n798\n', 'C\nC29458\n17P1596P\n']",modelv1.0__2026-05-20 20:23:05
D:/moth_photos/database\batch_08\img_moth_00015600.jpg,"[4000, 6000]",36.78846153846154,"['WPC\n735\n', 'Mc ClellanviPle\nsounn Carolina\n\nbayNhote\n']","['C\n735\n', 'CD\nC\n']","['WPC\n735\n', 'CP\nC\n']",modelv1.0__2026-05-20 20:23:05
D:/moth_photos/database\batch_08\img_moth_00015601.jpg,"[4000, 6000]",36.55769230769231,"['WPC\n765\n', 'RBDominick\nChariesREdwani\nMcClellanvilile\nSoutsCarolina29458\n\n1SSeptGb3\nLions\n']","['RC\n765\n', 'RRD\nCR\nC\nC29458\n\n1553\n4\n']","['WPC\n765\n', 'C\nC\nC29458\n\n1553\n4\n']",modelv1.0__2026-05-20 20:23:05
D:/moth_photos/database\batch_08\img_moth_00015602.jpg,"[4000, 6000]",36.30769230769231,"['WPC\n799\n', 'xSVominick\nChastesREdwanis\nMcClellanville\nSoutyCarotina29458\n20421968\nCiggs\n', '']","['C\n799\n', 'D\nCR\nC\nC29458\n20421968\nC\n', '']","['WPC\n799\n', 'C\nC\nC29458\n\n20421968\n\nC\n', '']",modelv1.0__2026-05-20 20:23:05
D:/moth_photos/database\batch_08\img_moth_00015603.jpg,"[4000, 6000]",36.36538461538461,"['WPC\n766\n', 'McClellanville 7\nSouthCaroline\nBDominick\n\nZ7KNOVG7\ntlt\n']","['C\n766\n', 'C 7\nC\nRD\n\n27R0C7\n']","['WPC\n766\n', 'C 7\nC\n\n270C7\n']",modelv1.0__2026-05-20 20:23:05
D:/moth_photos/database\batch_08\img_moth_00015604.jpg,"[4000, 6000]",36.94117647058823,"['WPC\n800\n', 'n ChariesREdwexis\nMcClellanville\n\nSouthCarolina29458\n\nYaov967\n']","['C\n800\n', 'CR\nC\n\nC29458\n\n967\n']","['WPC\n800\n', 'C\nC\n\nC29458\n\n967\n']",modelv1.0__2026-05-20 20:23:05
D:/moth_photos/database\batch_08\img_moth_00015605.jpg,"[4000, 6000]",36.90196078431373,"['WPC\n767\n', 'RB Dominick\nCharilesR Edwards\nMcClellanville\nSosthCerolina29468\n\nUNoy9L7\nLtht\n']","['C\n767\n', 'R D\nCR\nC\nC29468\n\n967\n']","['WPC\n767\n', 'C\nC\nC29468\n\n967\n']",modelv1.0__2026-05-20 20:23:05
D:/moth_photos/database\batch_08\img_moth_00015606.jpg,"[4000, 6000]",37.0,"['WPC\n801\n', 'RBDominick\n\nChariesREdwards\n\nMcClellenville\neSouthCaeroiins29458\n\nNov1796\n1Mours 2\n', '']","['C\n801\n', 'RRD\n\nCR\n\nC\nC29458\n\n1796\n1 2\n', '']","['WPC\n801\n', 'C\nC\nC29458\n\n1796\n1 2\n', '']",modelv1.0__2026-05-20 20:23:05
D:/moth_photos/database\batch_08\img_moth_00015607.jpg,"[4000, 6000]",36.36538461538461,"['WPC\n736\n', 'RBDominick\nY ChartesREdwants\nMcClellanville\ne SouthCarolina29458\n\n16Oct7967\nLight\n']","['C\n736\n', 'R8D\nCR\nC\nC29458\n\n167967\n']","['WPC\n736\n', '8\nC\nC\nC29458\n\n167967\n']",modelv1.0__2026-05-20 20:23:05
D:/moth_photos/database\batch_08\img_moth_00015608.jpg,"[4000, 6000]",36.8235294117647,"['WPC\n768\n', 'RBDominick\ned ChariseREdwards\n\nMcClellenville e\n\nSouthCerolinae29458\n\n43Oct9L7\nLeghy\n']","['C\n768\n', 'RRD\nCR\nC\nC29458\n\n43947\n']","['WPC\n768\n', 'C\nC\nC29458\n\n43947\n']",modelv1.0__2026-05-20 20:23:05
D:/moth_photos/database\batch_08\img_moth_00015609.jpg,"[4000, 6000]",36.80769230769231,"['WPC\n802\n', 'RBDominick\nLP ChariesREdwards\nMcClellanville\nSowthCarolina29458\n1L4Noy JKT\nheauy\n']","['C\n802\n', 'RRD\nCR\nC\nC29458\n144 R\n']","['WPC\n802\n', 'P C\nC\nC29458\n\n144\n']",modelv1.0__2026-05-20 20:23:05
D:/moth_photos/database\batch_08\img_moth_00015610.jpg,"[4000, 6000]",36.5,"['WPC\n737\n', 'CharlesREdwexis\nMcClellanvilile\nSouthCarolina29458\nYAfavI9b79\nbisht\n']","['C\n737\n', 'CR\n\nC\nC29458\n49879\n']","['WPC\n737\n', 'C\n\nC\nC29458\n49879\n']",modelv1.0__2026-05-20 20:23:05
D:/moth_photos/database\batch_08\img_moth_00015611.jpg,"[4000, 6000]",36.36538461538461,"['WPC\n769\n', 'RBDominick\nCS McClellanville\nSouthCarolina29458\n\n2oc1967\nhiShat\n']","['C\n769\n', 'RD\nC C\nC29458\n\n201967\n']","['WPC\n769\n', 'C C\nC29458\n\n201967\n']",modelv1.0__2026-05-20 20:23:05
D:/moth_photos/database\batch_08\img_moth_00015612.jpg,"[4000, 6000]",36.666666666666664,"['WPC\n803\n', 'McClellanville\nRouth Carolina ol\n']","['RC\n803\n', 'C\nR C\n']","['WPC\n803\n', 'C\nC\n']",modelv1.0__2026-05-20 20:23:05
D:/moth_photos/database\batch_08\img_moth_00015613.jpg,"[4000, 6000]",36.57692307692308,"['WPC\n738\n', 'SOUTHCAROLIBAs\nWedgePlaentation\nmeClellafvilie\nAugust 1968\nDCFe\n']","['C\n738\n', 'CRDR\nC\n1968\nDC\n']","['WPC\n738\n', 'C\nWP\nC\n1968\nCP\n']",modelv1.0__2026-05-20 20:23:05
D:/moth_photos/database\batch_08\img_moth_00015614.jpg,"[4000, 6000]",36.7843137254902,"['WPC\n770\n', 'sGidanitlet2\n6 oeti9 67\n\nLigh\n']","['C\n770\n', '2\n6 9 67\n']","['WPC\n770\n', '2\n6 9 67\n']",modelv1.0__2026-05-20 20:23:05
D:/moth_photos/database\batch_08\img_moth_00015615.jpg,"[4000, 6000]",36.36538461538461,"['WPC\n804\n', 'LarvafoundsGeadern\nRBDominick\nCharles REdwench\nMcClelfanville\nSouthCarolina29458\n\nwectel129 ed\nEmeeach27AUus5I4L9\n']","['C\n804\n', 'RRD\nC R\nC\nC29458\n\n129 7\n2751449\n']","['WPC\n804\n', 'C\nC\nC29458\n\n129 7\nP2751449\n']",modelv1.0__2026-05-20 20:23:05
D:/moth_photos/database\batch_08\img_moth_00015616.jpg,"[4000, 6000]",37.0,"['WPC\n739\n', 'RBDominick\nQGrrtesREdwards\nMcClellanvillee\nSoathCarolina29458\n\nyA Oet S9Fb7\nLithPK\n']","['C\n739\n', 'RRD\nCR\nC\nC29458\n\n4 967\n']","['WPC\n739\n', 'C\nC\nC29458\n\n4 967\nP\n']",modelv1.0__2026-05-20 20:23:05
D:/moth_photos/database\batch_08\img_moth_00015617.jpg,"[4000, 6000]",36.40384615384615,"['WPC\n771\n', 'mcClelianville\nSouthCarolina\nR Dominick\n\n22Sep464\nLicLfMO\n']","['C\n771\n', 'CC\nC\nR D\n\n22464\n2\n']","['WPC\n771\n', 'CC\nC\n\n22464\n2\n']",modelv1.0__2026-05-20 20:23:05
D:/moth_photos/database\batch_08\img_moth_00015618.jpg,"[4000, 6000]",36.34615384615385,"['WPC\n805\n', 'McClellanville\nSouthCarolina\nRBDominick\n']","['C\n805\n', 'C\nC\nRRD\n']","['WPC\n805\n', 'C\nC\n']",modelv1.0__2026-05-20 20:23:05
D:/moth_photos/database\batch_08\img_moth_00015619.jpg,"[4000, 6000]",36.61538461538461,"['WPC\n740\n', 'RBDominick\n\nChartesREdwards\nMcClellanville\n\nSouthCarolins 29488\nf2 Ocf 1967\nhight\n']","['C\n740\n', 'RRD\n\nCR\nC\n\n8C 29488\n2 1967\n']","['WPC\n740\n', 'C\nC\n\n8C 29488\n2 1967\n']",modelv1.0__2026-05-20 20:23:05
D:/moth_photos/database\batch_08\img_moth_00015620.jpg,"[4000, 6000]",36.56862745098039,"['WPC\n806\n', 'RBDominick\nCharlesREdwards\nMcClellanville re\n39 Carolina 29458 e\n\nmar VEZ\n']","['RC\n806\n', 'RD\nCR\nC\n39 C 29458\n\n193\n']","['WPC\n806\n', 'C\nC\n39 C 29458\n\n193\n']",modelv1.0__2026-05-20 20:23:05
D:/moth_photos/database\batch_08\img_moth_00015621.jpg,"[4000, 6000]",37.03921568627451,"['BSOMOMIIICK\n\nCharlesREdwards\nMcClejlanville\nSouthCarolina29458\n\n17Se4 1967\n\nJAt 4\n', 'WPC\n807\n', '', 'DMBC01362\nRICHARDBDOMINICK\nMOTH8BUTTERFLYCOLLECTION\n\nUNIVERSITYOFSOUTHCAROLINA\n']","['DC\n\nCR\nC\nC29458\n\n174 1967\n\n4\n', 'C\n807\n', '', 'DC01362\nRCRD8DC\n8RCC\n\nRCR\n']","['C\n\nC\nC\nC29458\n\n174 1967\n\n4\n', 'WPC\n807\n', '', 'PC01362\nC8C\n8PCC\n\nC\n']",modelv1.0__2026-05-20 20:23:05
D:/moth_photos/database\batch_08\img_moth_00015622.jpg,"[4000, 6000]",36.84313725490196,"['WPC\n808\n', 'CharlesREdward\nMcCletlanville\nSouthCarolinae\n\n9Bokf97\nusnetf\n']","['C\n808\n', 'CR\nC\nC\n\n997\n']","['WPC\n808\n', 'C\nC\nC\n\n997\n']",modelv1.0__2026-05-20 20:23:05
D:/moth_photos/database\batch_08\img_moth_00015623.jpg,"[4000, 6000]",36.769230769230774,"['WPC\n809\n', 'noVOoMminic\nCharlesREdward\n\nSoG\n5 IulyI\n\nnuly199\n\n27\n']","['C\n809\n', 'DC\nCR\n\n5 9\n\n199\n\n27\n']","['WPC\n809\n', 'C\nC\n\n5 9\n\n199\n\n27\n']",modelv1.0__2026-05-20 20:23:05
D:/moth_photos/database\batch_08\img_moth_00015624.jpg,"[4000, 6000]",36.86274509803921,"['WPC\n810\n', 'RBDominick\nCharlesREdwards\nMcClellanville\nsyn Carolina\n\nAus1971\nLisnt2B\n']","['C\n810\n', 'RRD\nCR\nC\nC\n\n1971\n2\n']","['WPC\n810\n', 'C\nC\nC\n\n1971\n2\n']",modelv1.0__2026-05-20 20:23:05
D:/moth_photos/database\batch_08\img_moth_00015625.jpg,"[4000, 6000]",36.44230769230769,"['WPC\n811\n', 'RBDominick\n\nChartesREdwantel\nMcClellanville\n\nSouthCarolina29458\n17St0499\nLiGghark\n\n']","['C\n811\n', 'RRD\n\nCR\nC\n\nC29458\n1750499\nC\n\n']","['WPC\n811\n', 'C\nC\n\nC29458\n1750499\nC\n\n']",modelv1.0__2026-05-20 20:23:05
D:/moth_photos/database\batch_08\img_moth_00015626.jpg,"[4000, 6000]",36.480769230769226,"['SOUTHCAROLINA\nWedge Plantation\nMcCiellarfville\nAugust 18 1968\nDCFergdson\n', 'WPC\n812\n', '']","['CRC\nC\n18 1968\nDC\n', 'C\n812\n', '']","['CC\nW P\nC\n18 1968\nCP\n', 'WPC\n812\n', '']",modelv1.0__2026-05-20 20:23:05
D:/moth_photos/database\batch_08\img_moth_00015627.jpg,"[4000, 6000]",36.480769230769226,"['WPC\n813\n', 'RBDominick\nCharles REdwards\nMcClellanville\nMZSept969\nLiga\n', '']","['C\n813\n', 'RRD\n\nC R\n\nC\n2969\n', '']","['WPC\n813\n', 'C\nC\n2969\n', '']",modelv1.0__2026-05-20 20:23:05
D:/moth_photos/database\batch_08\img_moth_00015628.jpg,"[4000, 6000]",36.38461538461538,"['RBDominick\nCharlesREdwards\nMcClellanville\nSoutharolina29458\nLisHph\n', 'WPC\n814\n']","['RRD\nCR\nC\n29458\n2\n', 'C\n814\n']","['C\n\nC\n\n29458\n2\n', 'WPC\n814\n']",modelv1.0__2026-05-20 20:23:05
D:/moth_photos/database\batch_08\img_moth_00015629.jpg,"[4000, 6000]",36.42307692307693,"['WPC\n815\n', 'RBDominick\n\nCharlesREdwards\n\nMcClellanville\n\nSouthCarolina29458\nIZSeygapSIC e\nLIGf74\n']","['RC\n815\n', 'RRD\nCR\nC\nC29458\n59C\n474\n']","['WPC\n815\n', 'C\nC\nC29458\nW59C\n474\n']",modelv1.0__2026-05-20 20:23:05
D:/moth_photos/database\batch_08\img_moth_00015630.jpg,"[4000, 6000]",36.40384615384615,"['WPC\n816\n', 'RBDominick\n\nCharlesREdwards\nMcClellanville\nSouthCarblina29458\n\nRTOct197\nbegtit\n']","['C\n816\n', 'RRD\n\nCR\nC\nC29458\n\nR197\n']","['WPC\n816\n', 'C\nC\nC29458\n\n197\n']",modelv1.0__2026-05-20 20:23:05
D:/moth_photos/database\batch_08\img_moth_00015631.jpg,"[4000, 6000]",36.98039215686274,"['SOUTHCAROLINA\nWedgePlantation\nMcClellanille\nAugust 18 1968\nDC Ferguson\n', 'WPC\n817\n']","['CR\nC\n18 1968\nDC\n', 'C\n817\n']","['C\nWP\nC\n18 1968\nC P\n', 'WPC\n817\n']",modelv1.0__2026-05-20 20:23:05
D:/moth_photos/database\batch_08\img_moth_00015632.jpg,"[4000, 6000]",36.55769230769231,"['WPC\n818\n', 'RBDominick\nCharlesREdwards\nMcClellanville\nSouthCarolina29458\n16Lept1UF\nLignt\n']","['C\n818\n', 'RRD\nCR\nC\nC29458\n161\n']","['WPC\n818\n', 'C\n\nC\n\nC29458\n161P\n']",modelv1.0__2026-05-20 20:23:05
D:/moth_photos/database\batch_08\img_moth_00015633.jpg,"[4000, 6000]",36.44230769230769,"['WPC\n819\n', 'RBDominick\nCharlesREdwards\nMc Clellanville\n\n5WNov2967\nLiChbH\n']","['RC\n819\n', 'RD\nCR\nC\n\n52967\nC\n']","['WPC\n819\n', 'C\nC\n\n5W2967\nC\n']",modelv1.0__2026-05-20 20:23:05
D:/moth_photos/database\batch_08\img_moth_00015634.jpg,"[4000, 6000]",36.38461538461538,"['WPC\n\n820\n', 'RB Dominick\n\nCharlesREdwards\nMcClellanville 5\nSoutlCarolina29458\n\nLbNoy9e7\nLisht\n']","['RC\n\n820\n', 'R8 D\n\nCR\nC 5\nC29458\n\n97\n']","['WPC\n\n820\n', '8\n\nC\nC 5\nC29458\n\n97\n']",modelv1.0__2026-05-20 20:23:05
D:/moth_photos/database\batch_08\img_moth_00015635.jpg,"[4000, 6000]",36.34615384615385,"['WPC\n821\n', 'RBDominick\n\nCharlesREdwards\nMcClellanvilles\nSouthCarolina29458\n\nol Oct SFC7\nA1Swn\n\n', '']","['C\n821\n', 'RRD\n\nCR\nC\nC29458\n\n4C7\n1\n\n', '']","['WPC\n821\n', 'C\nC\nC29458\n\n4C7\n1\n\n', '']",modelv1.0__2026-05-20 20:23:05
D:/moth_photos/database\batch_08\img_moth_00015636.jpg,"[4000, 6000]",36.65384615384615,"['WPC\n822\n', 'McClellanville7\nSouth Carolina\nRBeDominick\n']","['C\n822\n', 'C7\nC\nRRD\n']","['WPC\n822\n', 'C7\nC\n']",modelv1.0__2026-05-20 20:23:05
D:/moth_photos/database\batch_08\img_moth_00015637.jpg,"[4000, 6000]",36.36538461538461,"['WPC\n823\n', 'KBVominick\nCharlies R Edwards\nMcClellanville\nSouth an 29458\n\nGOct9L7\n\nbos oLet\n', '', 'DMBC01364\nRICHARDBDOMINICK\n\nMOTH8BUTTERFLYCOLLECTION\nUNIVERSITYOFSOUTHCAROLINA\n\n']","['C\n823\n', 'R\nC R\nC\n29458\n\nC097\n\nC\n', '', 'DC01364\nRCRD8DC\n\n8RCC\nRCR\n\n']","['WPC\n823\n', 'C\nC\n29458\n\nC097\n\nC\n', '', 'PC01364\nC8C\n\n8CC\nC\n\n']",modelv1.0__2026-05-20 20:23:05
D:/moth_photos/database\batch_08\img_moth_00015638.jpg,"[4000, 6000]",36.75,"['KBVominicKk\n\nCharlesR EdwarisG\nMcCliellanville\nSouth Carolina29458\n\n5S64969\n11chF\n', 'WPC\n824\n', '']","['RD\n\nCR\nC\nC29458\n\n564969\n11C\n', 'C\n824\n', '']","['C\nC\nC29458\n\n564969\n11C\n', 'WPC\n824\n', '']",modelv1.0__2026-05-20 20:23:05
D:/moth_photos/database\batch_08\img_moth_00015639.jpg,"[4000, 6000]",36.730769230769226,"['WPC\n825\n', 'WedgePlantation uah\n\n7miNE wocieienvifies\n\nCharlestodnCoS\nAXwOcf1967 7\n\nlegRichardBDominick\n']","['RC\n825\n', '7\nCC\nR1967 7\n\nRRD\n']","['WPC\n825\n', 'WP\n\n7\n\nCC\nW1967 7\n']",modelv1.0__2026-05-20 20:23:05
D:/moth_photos/database\batch_08\img_moth_00015640.jpg,"[4000, 6000]",36.88235294117647,"['WPC\n826\n', 'McClellanville\nSouth Carolina\nRBDominick\n\n18Seof196\n8Sept167\n']","['C\n826\n', 'C\nC\nRD\n\n185196\n85167\n']","['WPC\n826\n', 'C\nC\n\n185196\n85167\n']",modelv1.0__2026-05-20 20:23:05
D:/moth_photos/database\batch_08\img_moth_00015641.jpg,"[4000, 6000]",36.730769230769226,"['WPC\n827\n', 'McClellanville7y\nSouthCarolina\nRBDominick7\n\n28 Kou S46 7\nhraokk\n']","['C\n827\n', 'C74\nC\nRD7\n\n28 46 7\n']","['WPC\n827\n', 'C74\nC\n7\n\n28 46 7\n']",modelv1.0__2026-05-20 20:23:05
D:/moth_photos/database\batch_08\img_moth_00015642.jpg,"[4000, 6000]",36.46153846153847,"['WPC\n828\n', 'Ess\n\nRBDominick\nPySaeeeinee\n\nMcClellanville\ne SouthCarolina29458\na4Nev9e1\n\nLight\n']","['C\n828\n', 'RRD\n\nC\nC29458\n2491\n']","['WPC\n828\n', 'P\n\nC\nC29458\n2491\n']",modelv1.0__2026-05-20 20:23:05
D:/moth_photos/database\batch_08\img_moth_00015643.jpg,"[4000, 6000]",36.78846153846154,"['WPC\n829\n', 'WedgePlantation\nSouthSanteeRiver\nCharlestonCoSC\nheotNov221967\nDouvalasCFerqgusnan\n']","['C\n829\n', 'R\nCCC\n221967\n\nDC\n']","['WPC\n829\n', 'WP\nCCC\n221967\nPC\n']",modelv1.0__2026-05-20 20:23:05
D:/moth_photos/database\batch_08\img_moth_00015644.jpg,"[4000, 6000]",37.0,"['WPC\n830\n', 'McClellianville\nSouthCarolina\nRBDominick\n\n19UterI16\n']","['C\n830\n', 'C\nC\nRD\n\n1916\n']","['WPC\n830\n', 'C\nC\n\n19W16\n']",modelv1.0__2026-05-20 20:23:05
D:/moth_photos/database\batch_08\img_moth_00015645.jpg,"[4000, 6000]",36.61538461538461,"['WPC\n831\n', 'SOUTHCAROLINA\nWedgePlantation\nMcClellanville\nAugust 1968\nDCPergvson\n']","['C\n831\n', 'CRC\nC\n1968\nDC\n']","['WPC\n831\n', 'CC\nWP\nC\n1968\nCP\n']",modelv1.0__2026-05-20 20:23:05
D:/moth_photos/database\batch_08\img_moth_00015646.jpg,"[4000, 6000]",36.65384615384615,"['WPC\n\n832\n', 'McClellanville\nSouth Carolina\nBDominick\n\nSef pes\n', '', '']","['C\n\n832\n', 'C\nC\nRD\n', '', '']","['WPC\n\n832\n', 'C\nC\n', '', '']",modelv1.0__2026-05-20 20:23:05
D:/moth_photos/database\batch_08\img_moth_00015647.jpg,"[4000, 6000]",37.03921568627451,"['WPC\n833\n', 'McClellanville\nSouthCarolina\nRBDominick\n\nSOSegt196\nLy Soft 7\n']","['C\n833\n', 'C\nC\nRRD\n\n30196\n7\n']","['WPC\n833\n', 'C\nC\n\n30196\n7\n']",modelv1.0__2026-05-20 20:23:05
D:/moth_photos/database\batch_08\img_moth_00015648.jpg,"[4000, 6000]",36.42307692307693,"['WPC\n834\n', 'McClellanville\nSouth Carolina Ss\nRBDominick\n\nIAKSerFG\nLight\n']","['C\n834\n', 'C\nC\nRRD\n\n2R\n']","['WPC\n834\n', 'C\nC\n\n2\n']",modelv1.0__2026-05-20 20:23:05
D:/moth_photos/database\batch_08\img_moth_00015649.jpg,"[4000, 6000]",36.42307692307693,"['WPC\n835\n', 'McClellanville\nSouthCarolina 4\nRBDominick\n\nAFICOCKG7\nAVKE\n']","['C\n835\n', 'C\nC 4\nRRD\n\nDCCCC7\n']","['WPC\n835\n', 'C\nC 4\n\nCCCC7\nW\n']",modelv1.0__2026-05-20 20:23:05
D:/moth_photos/database\batch_08\img_moth_00015650.jpg,"[4000, 6000]",36.38461538461538,"['WPC\n836\n', 'McClellanville\nSouthCarolina\nRBDo minick\n\nsu 5 Septe 7\n']","['C\n836\n', 'C\nC\nRRD\n\n5 7\n']","['WPC\n836\n', 'C\nC\n\n5 7\n']",modelv1.0__2026-05-20 20:23:05
D:/moth_photos/database\batch_08\img_moth_00015651.jpg,"[4000, 6000]",36.55769230769231,"['WPC\n837\n', 'Mc Clellanville\nSouthCarolina a\nRB Dominick\n\nZA 167\nave\n\n']","['C\n837\n', 'C\nC\nRR D\n\n2 167\n\n']","['WPC\n837\n', 'C\nC\n2 167\n\n']",modelv1.0__2026-05-20 20:23:05
D:/moth_photos/database\batch_08\img_moth_00015652.jpg,"[4000, 6000]",36.67307692307692,"['WPC\n838\n', 'Mc Clellanville\nSouthCarolina ol\nRBDominick\n\nIb Og V7\n\nLuiah\n']","['C\n838\n', 'C\nC\nRRD\n\n6 4 7\n']","['WPC\n838\n', 'C\nC\n\n6 4 7\n']",modelv1.0__2026-05-20 20:23:05
D:/moth_photos/database\batch_08\img_moth_00015653.jpg,"[4000, 6000]",36.63461538461539,"['WPC\n839\n', '']","['C\n839\n', '']","['WPC\n839\n', '']",modelv1.0__2026-05-20 20:23:05
D:/moth_photos/database\batch_08\img_moth_00015654.jpg,"[4000, 6000]",36.94230769230769,"['WPC\ngA0\n', 'McClellanville\nSouth Carolina\nR B Do inicK\n\n']","['RC\n840\n', 'C\nC\nR D\n\n']","['WPC\n840\n', 'C\nC\nP\n\n']",modelv1.0__2026-05-20 20:23:05
D:/moth_photos/database\batch_08\img_moth_00015655.jpg,"[4000, 6000]",36.65384615384615,"['WPC\nQAI\n', 'SOUTHCAROLINA\nWedge Plantation\nMcClellawille\nAugust 1968\nDCFefguson\n']","['C\n201\n', 'CR\nC\n1968\nDC\n']","['WPC\n201\n', 'C\nW P\nC\n1968\nCP\n']",modelv1.0__2026-05-20 20:23:05
D:/moth_photos/database\batch_08\img_moth_00015656.jpg,"[4000, 6000]",36.38461538461538,"['j\n\nWPC\n842\n', 'SOUTHCAROLINA\nWedgePlantation\nMcClellafville\nAugust 1968\nDCPerguson\n']","['C\n842\n', 'CRC\nC\n1968\nDC\n']","['WPC\n842\n', 'CC\nWP\nC\n1968\nCP\n']",modelv1.0__2026-05-20 20:23:05
D:/moth_photos/database\batch_08\img_moth_00015657.jpg,"[4000, 6000]",36.59615384615385,"['WPC\n843\n', 'RBDominick\n\nChariesR Edwards\n\nMcClellanville e\nSouthCarolina 29458\n\n70t1967\nbosSht\n']","['RC\n843\n', 'RRD\n\nCR\n\nC\n0C 29458\n\n701967\n']","['WPC\n843\n', 'C\nC\n0C 29458\n\n701967\n']",modelv1.0__2026-05-20 20:23:05
D:/moth_photos/database\batch_08\img_moth_00015658.jpg,"[4000, 6000]",36.40384615384615,"['WPC\n844\n', 'McClellanville\n\nSouthCarolina\n\nRBDominick aa\n14 Seet196D\n\npay eyyes noeg\n']","['C\n844\n', 'C\n\nC\n\nRD\n14 196D\n']","['WPC\n844\n', 'C\nC\n14 196\n\nP\n']",modelv1.0__2026-05-20 20:23:05
D:/moth_photos/database\batch_08\img_moth_00015659.jpg,"[4000, 6000]",36.480769230769226,"['WPC\n845\n', 'Sighs 1987\nlLocht\n']","['C\n845\n', '1987\n']","['WPC\n845\n', '1987\n']",modelv1.0__2026-05-20 20:23:05
D:/moth_photos/database\batch_08\img_moth_00015660.jpg,"[4000, 6000]",36.55769230769231,"['WPC\n\n846\n', 'McClellanville\nSouth Carolina\n\nsept 5a\n']","['RC\n\n846\n', 'C\nC\n\n5\n']","['WPC\n\n846\n', 'C\nC\n\n5\n']",modelv1.0__2026-05-20 20:23:05
D:/moth_photos/database\batch_08\img_moth_00015661.jpg,"[4000, 6000]",36.40384615384615,"['WPC\n847\n', 'McClellanville\n\nSouthCarolina 6\nChariesR Edwards\n30GusGtT\nLishh\n']","['C\n847\n', 'C\n\nC 6\nCR\n307\n']","['WPC\n847\n', 'C\n\nC 6\nC\n307\n']",modelv1.0__2026-05-20 20:23:05
D:/moth_photos/database\batch_08\img_moth_00015662.jpg,"[4000, 6000]",36.57692307692308,"['WPC\n848\n', 'RBDominick\nChariesREdwards\nMcClellanville\nSoufhCarolina 29458\n\nFWNer967\n']","['C\n848\n', 'RD\nCR\nC\nC 29458\n\n967\n']","['WPC\n848\n', 'C\nC\nC 29458\n\nW967\n']",modelv1.0__2026-05-20 20:23:05
D:/moth_photos/database\batch_08\img_moth_00015663.jpg,"[4000, 6000]",36.44230769230769,"['WPC\n\ngg\n', 'RDBVOMICnk\nCharlesREdwards\nMcCleldanville\nSouthCarolina\n\nHOct1972\nhight\n']","['C\n\n49\n', 'RDC\nCR\nC\n5C\n\n01972\n']","['WPC\n\n49\n', 'WC\nC\nC\n5C\n\n01972\n']",modelv1.0__2026-05-20 20:23:05
D:/moth_photos/database\batch_08\img_moth_00015664.jpg,"[4000, 6000]",36.57692307692308,"['WPC\n850\n', 'DVOMUNICK\nharlesREdwards\nAcClellanville\nouth Cdrolinae\n\nZ1Oct1972\nGarden Fhwers\n\ne\n']","['C\n850\n', 'DCR\nR\nC\nC\n\n2101972\nC\n']","['WPC\n850\n', 'C\nC\nC\n\n2101972\nC\n']",modelv1.0__2026-05-20 20:23:05
D:/moth_photos/database\batch_08\img_moth_00015665.jpg,"[4000, 6000]",37.05882352941176,"['WPC\n851\n', 'RBDominick\n6 CharlesREdwards\nMcClellanville\nSouthCarolina29458\nDAb6BYfFE7\nLgh\n']","['C\n851\n', 'RRD\n6 CR\nC\nC29458\nD67\n']","['WPC\n851\n', '6 C\nC\nC29458\n\n67\n']",modelv1.0__2026-05-20 20:23:05
D:/moth_photos/database\batch_08\img_moth_00015666.jpg,"[4000, 6000]",36.80769230769231,"['WPC\n852\n', 'SOUTHCAROLINA\nWedgePlantation\nMcClellafville\nAugust 1968\nDCFerguson\n']","['C\n852\n', 'CR\nC\n1968\nDC\n']","['WPC\n852\n', 'C\nWP\nC\n1968\nCP\n']",modelv1.0__2026-05-20 20:23:05
D:/moth_photos/database\batch_08\img_moth_00015667.jpg,"[4000, 6000]",36.53846153846154,"['WPC\n853\n', 'KBDominick\nCharlesREdwards\nMcCleVanville\nSouthCaroline\n\n29Z41971\nLiahkav\n']","['C\n853\n', 'RD\nCR\nC\nC\n\n2941971\n']","['WPC\n853\n', 'C\nC\nC\n\n2941971\n']",modelv1.0__2026-05-20 20:23:05
D:/moth_photos/database\batch_08\img_moth_00015668.jpg,"[4000, 6000]",36.53846153846154,"['WPC\n854\n', '']","['C\n854\n', '']","['WPC\n854\n', '']",modelv1.0__2026-05-20 20:23:05
D:/moth_photos/database\batch_08\img_moth_00015669.jpg,"[4000, 6000]",36.36538461538461,"['WPC\n855\n', 'McClellanville\nSouth Carolina\nDominick\n\n25Ains1966\nLa\n']","['C\n855\n', 'C\nC\nD\n\n25R1966\n']","['WPC\n855\n', 'C\nC\n\n251966\n']",modelv1.0__2026-05-20 20:23:05
D:/moth_photos/database\batch_08\img_moth_00015670.jpg,"[4000, 6000]",36.730769230769226,"['WPC\n', 'McClellanville\nSouthCarolina hd\nRBDominick\n\n19sepfJA67\n\n']","['C\n', 'C\nC\nRRD\n\n1967\n\n']","['WPC\n', 'C\nC\n\n1967\n\n']",modelv1.0__2026-05-20 20:23:05
D:/moth_photos/database\batch_08\img_moth_00015671.jpg,"[4000, 6000]",36.57692307692308,"['WPC\n857\n', 'McClellanville\nSouth Carolina\n\n']","['C\n857\n', 'C\nC\n\n']","['WPC\n857\n', 'C\nC\n\n']",modelv1.0__2026-05-20 20:23:05
D:/moth_photos/database\batch_08\img_moth_00015672.jpg,"[4000, 6000]",36.57692307692308,"['WPC\n858\n', 'SouthCarolina\nRBDominick\n\nSSept1W7\n7 5 167\n\nNicClellanville P\n']","['C\n858\n', 'C\nRRD\n\n517\n7 5 167\n\nC\n']","['WPC\n858\n', 'C\n\n51W7\n7 5 167\n\nC P\n']",modelv1.0__2026-05-20 20:23:05
D:/moth_photos/database\batch_08\img_moth_00015673.jpg,"[4000, 6000]",36.61538461538461,"['', 'McClellanville\nSouthCarolina\nRBDomirfick\n\n27Gudy1966\nafer\n']","['', 'C\nC\nRRD\n\n271966\n']","['', 'C\nC\n\n271966\n']",modelv1.0__2026-05-20 20:23:05
D:/moth_photos/database\batch_08\img_moth_00015674.jpg,"[4000, 6000]",36.53846153846154,"['860\n', 'RBDominick\n\nCharlesREdwards\n6 McClellanville\n\nSouthCarolina29458\n\nZ6 1907\nshat\n']","['860\n', 'RD\n\nCR\n6 C\n\nC29458\n\n6 1907\n']","['860\n', 'C\n6 C\nC29458\n\n6 1907\n']",modelv1.0__2026-05-20 20:23:05
D:/moth_photos/database\batch_08\img_moth_00015675.jpg,"[4000, 6000]",36.59615384615385,"['WPC\n861\n', 'McClellanville\nSouthCarolina\nCharles R Edwards Ss\nZSegt19e7\nkishr\n']","['C\n861\n', 'C\nC\nC R\n2197\n']","['WPC\n861\n', 'C\nC\nC\n2197\n']",modelv1.0__2026-05-20 20:23:05
D:/moth_photos/database\batch_08\img_moth_00015676.jpg,"[4000, 6000]",36.53846153846154,"['WPC\n862\n', 'RBDominick\n\nCharlesREdwards\nMcClellanvillee\nSouthCarolina29458\n\nJopChyfme\n']","['C\n862\n', 'RD\n\nCR\nC\nC29458\n\nC\n']","['WPC\n862\n', 'C\nC\nC29458\n\nC\n']",modelv1.0__2026-05-20 20:23:05
D:/moth_photos/database\batch_08\img_moth_00015677.jpg,"[4000, 6000]",36.769230769230774,"['WPC\n863\n', 'McClellanville\nSouthCarolina\nRBDominick\n\nQQUGS968\nOY 7\n']","['C\n863\n', 'C\nC\nRRD\n\n968\n7\n']","['WPC\n863\n', 'C\nC\n\nW968\n7\n']",modelv1.0__2026-05-20 20:23:05
D:/moth_photos/database\batch_08\img_moth_00015678.jpg,"[4000, 6000]",36.67307692307692,"['WPC\n864\n', 'McClellanville\nSouthCarolina O\nRBDominick\n\nof Yure 467\n']","['C\n864\n', 'C\nC\nRRD\n\n467\n']","['WPC\n864\n', 'C\nC\n\n467\n']",modelv1.0__2026-05-20 20:23:05
D:/moth_photos/database\batch_08\img_moth_00015679.jpg,"[4000, 6000]",36.61538461538461,"['WPC\n867\n', 'McClellanville\nSputhCarolina\nRB cominick\n20Avg\nAiaht\n']","['C\n867\n', 'C\nC\n\nR8\n20R\n']","['WPC\n867\n', 'C\nC\n\n8\n20\n']",modelv1.0__2026-05-20 20:23:05
D:/moth_photos/database\batch_08\img_moth_00015680.jpg,"[4000, 6000]",36.55769230769231,"['WPC\n865\n', 'McClellanville\nSouthCarolina ao\nCharles REdwards\n\nzSe 1967\nzSsit\n']","['C\n865\n', 'C\nC\nC R\n\n1967\n']","['WPC\n865\n', 'C\nC\nC\n\n1967\n']",modelv1.0__2026-05-20 20:23:05
D:/moth_photos/database\batch_08\img_moth_00015681.jpg,"[4000, 6000]",36.40384615384615,"['WPC\n866\n', 'McClellanville\nSouthCarolina\nCharjesRFdwards\n\nZ2sept19b67\nA1Sht\n']","['C\n866\n', 'C\nC\nCR\n\n21967\n15\n']","['WPC\n866\n', 'C\nC\nC\n\n21967\n15\n']",modelv1.0__2026-05-20 20:23:05
D:/moth_photos/database\batch_08\img_moth_00015682.jpg,"[4000, 6000]",36.59615384615385,"['WPCC\n868\n', 'RBDominick\n\nSa CharlesREdwards\nMcClellanville e\nSouthCarolina 29458\n\nLOct1967\niy\n']","['RC\n868\n', 'RD\n\nCR\nC\nC 29458\n\n1967\n']","['WPCC\n868\n', 'C\nC\nC 29458\n\n1967\n']",modelv1.0__2026-05-20 20:23:05
D:/moth_photos/database\batch_08\img_moth_00015683.jpg,"[4000, 6000]",36.769230769230774,"['WPC\n869\n', 'RBDominick\n\nCharlesREdwards\nMcClellanville\nSouthCarolina29458\n\n271445967\nAnsghpPp\n']","['C\n869\n', 'RD\n\nCR\nC\nC29458\n\n271445967\n']","['WPC\n869\n', 'C\nC\nC29458\n\n271445967\nP\n']",modelv1.0__2026-05-20 20:23:05
D:/moth_photos/database\batch_08\img_moth_00015684.jpg,"[4000, 6000]",36.67307692307692,"['WPC\n870\n', 'McClellanville\nSouthCarolina\nCharlesRFEdwaeds\n\nJ2Bug901\nhight\n']","['C\n870\n', 'C\nC\nCR\n\n12D5901\n']","['WPC\n870\n', 'C\nC\nC\n\n125901\n']",modelv1.0__2026-05-20 20:23:05
D:/moth_photos/database\batch_08\img_moth_00015685.jpg,"[4000, 6000]",36.80769230769231,"['WPC\n871\n', 'McClellanville\nSouthCarolina\nChariesREdwards\n\n1LHhuy1FL7\n2y5HRh ae\n']","['C\n871\n', 'C\nC\nCR\n\n15177\n255R\n']","['WPC\n871\n', 'C\nC\nC\n\n15177\n255\n']",modelv1.0__2026-05-20 20:23:05
D:/moth_photos/database\batch_08\img_moth_00015686.jpg,"[4000, 6000]",36.94117647058823,"['WPC\n872\n', 'McClellanville\nSouthCarolina\nCharles R Edwards\n\nJ1AUsS9LT\nish\n']","['C\n872\n', 'C\nC\nC R\n\n197\n']","['WPC\n872\n', 'C\nC\nC\n\n197\n']",modelv1.0__2026-05-20 20:23:05
D:/moth_photos/database\batch_08\img_moth_00015687.jpg,"[4000, 6000]",36.692307692307686,"['WPC\n873\n', 'McClellanville\nSouthCarolina\nCharlesREdwards\n\nTAus917\n']","['C\n873\n', 'C\nC\nCR\n\n7917\n']","['WPC\n873\n', 'C\nC\nC\n\n7917\n']",modelv1.0__2026-05-20 20:23:05
D:/moth_photos/database\batch_08\img_moth_00015688.jpg,"[4000, 6000]",36.71153846153846,"['WPC\n874\n', 'McClellanville\nSouthCarolina\n9f REdwards\n\n7Aagi9e7\n\nL1gf\n']","['C\n874\n', 'C\nC\n9 R\n\n7967\n\n1\n']","['WPC\n874\n', 'C\nC\n9\n\n7967\n\n1\n']",modelv1.0__2026-05-20 20:23:05
D:/moth_photos/database\batch_08\img_moth_00015689.jpg,"[4000, 6000]",36.82692307692308,"['WPC\n875\n', 'RBDominick\n\nCheriesR Edens\n\nMcClellanille\n\nSouthCarolina 29458\naSMayWP\nChL\n', '', 'DMBC01366\nRICHARDBDOMINICK\n\nMOTHBUTTERFLYCOLLECTION\nUNIVERSITYOF SOUTHCAROLINA\n\n']","['C\n875\n', 'RRD\n\nCR\n\nC\n\nC 29458\n2\nC\n', '', 'DC01366\nRCRD8DC\n\nRCC\nR CR\n\n']","['WPC\n875\n', 'C\n\nC\n\nC 29458\n2WP\nC\n', '', 'PC01366\nC8PC\n\nCC\nC\n\n']",modelv1.0__2026-05-20 20:23:05
D:/moth_photos/database\batch_08\img_moth_00015690.jpg,"[4000, 6000]",36.84615384615385,"['WPC\n876\n', 'XBVominick\nCharlesREdwards\nMcCleIlanville\nSouthCSrolina\n\nITNeov1492\nLichtor\n']","['C\n876\n', 'D\nCR\nC\nC\n\n171492\n']","['WPC\n876\n', 'C\nC\nC\n\n171492\n']",modelv1.0__2026-05-20 20:23:05
D:/moth_photos/database\batch_08\img_moth_00015691.jpg,"[4000, 6000]",36.92307692307692,"['RBDominick\nCharlesREdwards\nMcClellanville\nSouthCarolina29458\nSJ2THueMS\nZ4iGghe\n', 'WPC\n877\n']","['RRD\nCR\nC\nC29458\n274\n41\n', 'C\n877\n']","['C\nC\nC29458\n274\n41\n', 'WPC\n877\n']",modelv1.0__2026-05-20 20:23:05
D:/moth_photos/database\batch_08\img_moth_00015692.jpg,"[4000, 6000]",36.78846153846154,"['WPC\n880\n', 'RBDominick\n\nCharles REdwardsG\n\nMceElellanville\n\nSouthCarolina29458\n\n4ZSent9L4\nLiane\n']","['C\n880\n', 'RD\nC R\nC29458\n4944\n']","['WPC\n880\n', 'C W\nC29458\n4944\n']",modelv1.0__2026-05-20 20:23:05
D:/moth_photos/database\batch_08\img_moth_00015693.jpg,"[4000, 6000]",36.80769230769231,"['WPC\n878\n', 'RBDominick\n\nCharlesREdwards\n\nMcClellanville bd\neSouthCarolina29458\n\nSDecU7\nL1Ght\n']","['C\n878\n', 'RRD\n\nCR\n\nC\nC29458\n\nD07\n1\n']","['WPC\n878\n', 'C\nC\nC29458\n\n07\n1\n']",modelv1.0__2026-05-20 20:23:05
D:/moth_photos/database\batch_08\img_moth_00015694.jpg,"[4000, 6000]",36.44230769230769,"['WPC\n879\n', 'McClellanville\nSouthCarolina 29458\n\n2bNovu1FuT\nArgh\n\nRBDominick\nLP fCharlesREdwards\ne\n\n']","['C\n879\n', 'C\nC 29458\n\n2197\n\nRRD\nCR\n\n']","['WPC\n879\n', 'C\nC 29458\n\n2197\n\nP C\n\n']",modelv1.0__2026-05-20 20:23:05
D:/moth_photos/database\batch_08\img_moth_00015695.jpg,"[4000, 6000]",36.90384615384616,"['RRDominick\nCherlesREdwards\nMcClellanvifle\nSouthCarolina29458\n\n7Ove969 LYAt\n', 'WPC\n881\n']","['RRD\nCR\nC\nC29458\n\n7969\n', 'C\n881\n']","['C\nWC\nC29458\n\n7969\n', 'WPC\n881\n']",modelv1.0__2026-05-20 20:23:05
D:/moth_photos/database\batch_08\img_moth_00015696.jpg,"[4000, 6000]",36.692307692307686,"['WPC\n882\n', 'RBDominick\nCharlesR EdwartsJ1\nMcClellanville\n\nSouth Carolina29458\n\n13Now1967\n']","['C\n882\n', 'RD\nCR 1\nC\nC29458\n\n131967\n']","['WPC\n882\n', 'C 1\nC\nC29458\n\n131967\n']",modelv1.0__2026-05-20 20:23:05
D:/moth_photos/database\batch_08\img_moth_00015697.jpg,"[4000, 6000]",36.82692307692308,"['WPC\n883\n', 'McClelianvillie Oo7\n\nSe Neov 965\nhiah Ao\n']","['C\n883\n', 'C 7\n\n33 965\n']","['WPC\n883\n', 'C 7\n\n33 965\n']",modelv1.0__2026-05-20 20:23:05
D:/moth_photos/database\batch_08\img_moth_00015698.jpg,"[4000, 6000]",36.980769230769226,"['WPC\n884\n', 'RBDominixek\nCharlesREdwards\nMcClellanville a\nSouthCarolina29458\n\nL8y1167\n\n', 'Bes Lees\nOLL GC\n']","['C\n884\n', 'RD\nCR\nC 7\nC29458\n\nD81167\n\n', '0 C\n']","['WPC\n884\n', 'C\nC 7\nC29458\n\n81167\n\n', '0 C\n']",modelv1.0__2026-05-20 20:23:05
D:/moth_photos/database\batch_08\img_moth_00015699.jpg,"[4000, 6000]",36.61538461538461,"['WPC\n885\n', 'RBDominick\nChariesREdwards\n\na McClellanville\nSouthCarolina29458\n2IDec97\n\nLugnt\n']","['C\n885\n', 'RRD\nCR\n\nC\nC29458\n21D97\n']","['WPC\n885\n', 'C\n\nC\nC29458\n2197\n']",modelv1.0__2026-05-20 20:23:05
D:/moth_photos/database\batch_08\img_moth_00015700.jpg,"[4000, 6000]",36.57692307692308,"['WPC\n886\n', 'RBDominick\neCharlesREdwards\ner McClellanville\neSouthCarolina29458\nSDecs927\nhiszht\n']","['C\n886\n', 'RRD\nCR\nC\nC29458\nD927\n']","['WPC\n886\n', 'C\nC\nC29458\n927\n']",modelv1.0__2026-05-20 20:23:05
D:/moth_photos/database\batch_08\img_moth_00015701.jpg,"[4000, 6000]",36.57692307692308,"['WPC\n887\n', 'RBDominick\n\nCharlesREdwards\nMcClellanville\n\nSouthCarolina29458\n\nloOct1967\nhisth L\n']","['C\n887\n', 'RRD\n\nCR\nC\n\nC29458\n\n141967\n']","['WPC\n887\n', 'C\nC\nC29458\n\n141967\n']",modelv1.0__2026-05-20 20:23:05
D:/moth_photos/database\batch_08\img_moth_00015702.jpg,"[4000, 6000]",36.86538461538462,"['WPC\n888\n', 'acClellanville\nsouthCarolina\n']","['C\n888\n', 'C\n0C\n']","['WPC\n888\n', 'C\n0C\n']",modelv1.0__2026-05-20 20:23:05
D:/moth_photos/database\batch_08\img_moth_00015703.jpg,"[4000, 6000]",36.84615384615385,"['WPC\n889\n', '2B Dominick\nharles REdwards re\nAcGlellanville\nroa Carolina29458\n\nZ\n\nStpt\nsept7a8\n']","['C\n889\n', '2R DC\nR 2\nC29458\n\n708\n']","['WPC\n889\n', '2 PC\n2\nP C29458\n\n708\n']",modelv1.0__2026-05-20 20:23:05
D:/moth_photos/database\batch_08\img_moth_00015704.jpg,"[4000, 6000]",37.01923076923077,"['WPC\n890\n', 'RBDominick\nChariesREdwardis\nMcClelianville\nSouthCarolina29458\n\nIZ2SUuUnelgey\nLicht\n']","['C\n890\n', 'RD\nCR\nC\nC29458\n\n2\n']","['WPC\n890\n', 'C\nC\nC29458\n\n2\n']",modelv1.0__2026-05-20 20:23:05
D:/moth_photos/database\batch_08\img_moth_00015705.jpg,"[4000, 6000]",36.44230769230769,"['KBDominick\nCharlesREdwards\nMcClellanville\nSouthCarolinae29458\n\nR\n', 'WPC\n891\n', '']","['RD\nCR\nC\nC29458\n\nR\n', 'C\n891\n', '']","['C\nC\nC29458\n', 'WPC\n891\n', '']",modelv1.0__2026-05-20 20:23:05
D:/moth_photos/database\batch_08\img_moth_00015706.jpg,"[4000, 6000]",36.5,"['WPC\n892\n', 'RBDominick\nChariesREdwards\nMcClellanville\nSotthCarolina29458\n\nbAPRIICF\n\nLzene\n']","['C\n892\n', 'RD\nCR\nC\nC29458\n\n6RR19C\n\n4\n']","['WPC\n892\n', 'C\nC\nC29458\n\n6P19CP\n\n4P\n']",modelv1.0__2026-05-20 20:23:05
D:/moth_photos/database\batch_08\img_moth_00015707.jpg,"[4000, 6000]",36.90384615384616,"['WPC\n894\n', 'RBDominick\nChariesREdwards\nMcClellanville\n\naaMe4lalFs\nLicht\n']","['C\n894\n', 'RRD\nCR\nC\n\n4\n']","['WPC\n894\n', 'C\nC\n\n4\n']",modelv1.0__2026-05-20 20:23:05
D:/moth_photos/database\batch_08\img_moth_00015708.jpg,"[4000, 6000]",36.63461538461539,"['WPC\n893\n', 'RRDominick\nCharlesREdwards\nMcGlellanville\nSouthCarolima29458\n\n10Age964\nLjcLee\n']","['C\n893\n', 'RRD\nCR\nC29458\n\n10964\n1\n']","['WPC\n893\n', 'C\nC29458\n\n10964\n1\n']",modelv1.0__2026-05-20 20:23:05
D:/moth_photos/database\batch_08\img_moth_00015709.jpg,"[4000, 6000]",36.980769230769226,"['WPC\n895\n', 'RBDominick\nChariesREdwards\nMcClellanville\nSouth Carolina29458\n\n3 many 19763\n\nssQrastt\n']","['C\n895\n', 'RRD\nCR\nC\nC29458\n\n3 19763\n\n4\n']","['WPC\n895\n', 'C\nC\nC29458\n\n3 19763\n\n4\n']",modelv1.0__2026-05-20 20:23:05
D:/moth_photos/database\batch_08\img_moth_00015710.jpg,"[4000, 6000]",37.0,"['WPC\n896\n', 'McClellanville\nSouthCarolina\nR Dominick\n\ni2pPlas66\nFLLk\n', 'feel\n\nOuUon\n']","['C\n896\n', 'C\nC\nR D\n\n266\n', '0\n']","['WPC\n896\n', 'C\nC\n\n2P66\n', '0\n']",modelv1.0__2026-05-20 20:23:05
D:/moth_photos/database\batch_08\img_moth_00015711.jpg,"[4000, 6000]",36.57692307692308,"['WPC\n897\n', 'sSOVOominick\nCharlesREdw\nMcClellanville\n\nLaF\nPoPhe\n', 'DMBC01356\nRICHARDBDOMINICK\n\nMOTH8BUTTERFLYCOLLECTION\nUNIVERSITYOFSOUTHCAROLINA\n', '']","['C\n897\n', 'CR\nC\n\nR\n', 'DC01356\nRCRD8DC\n\n8RCC\nRCR\n', '']","['WPC\n897\n', 'W\nC\nC\n\nPP\n', 'PC01356\nC8C\n\n8CC\nC\n', '']",modelv1.0__2026-05-20 20:23:05
D:/moth_photos/database\batch_08\img_moth_00015712.jpg,"[4000, 6000]",37.03921568627451,"['WPC\n945\n', 'NedgePlantation\nSouthSanteeRiver\nCharlestopCoSC\nMarch 26 1967\nDovualasCeFerguson\n']","['C\n945\n', '1\nR\nCC0C\nC 26 1967\nDC\n']","['WPC\n945\n', 'P1\nCC0C\nC 26 1967\nC\n']",modelv1.0__2026-05-20 20:23:05
D:/moth_photos/database\batch_08\img_moth_00015713.jpg,"[4000, 6000]",36.84615384615385,"['WPC\n898\n', 'RBDominick\nChariesREdwardis\n\nMcCjellanville\nSouthCarolina29458\n24OF968\n\nLicghre\n']","['C\n898\n', 'RRD\nCR\n\nC\nC29458\n24968\n\nC\n']","['WPC\n898\n', 'C\n\nC\nC29458\n24968\n\nC\n']",modelv1.0__2026-05-20 20:23:05
D:/moth_photos/database\batch_08\img_moth_00015714.jpg,"[4000, 6000]",36.67307692307692,"['WPC\n\n946\n\n', 'mOVominick\n\nCharlesREdwards\nMcClellanville\n\nSouthCarolina 29458\nLith L\n']","['C\n\n946\n\n', '6\n\nCR\nC\n\nC 29458\n']","['WPC\n\n946\n\n', '6\n\nC\nC\n\nC 29458\n']",modelv1.0__2026-05-20 20:23:05
D:/moth_photos/database\batch_08\img_moth_00015715.jpg,"[4000, 6000]",36.5,"['WPC\n899\n', 'KBVominick\nCharlesR EdwanieJ\nMcCJellanville\n\nSout\n']","['C\n899\n', 'R6\nCR 4\nC\n']","['WPC\n899\n', '6\nC 4\nC\n']",modelv1.0__2026-05-20 20:23:05
D:/moth_photos/database\batch_08\img_moth_00015716.jpg,"[4000, 6000]",37.03921568627451,"['BDominick\n\nCharlesREdwards\nMcClellanville\n\nSouthCarolirra29458\n\n1SApajHs\n\nLsJeouxL\n', 'WPC\n947\n']","['DD\n\nCR\nC\n\nC29458\n\n1\n', 'C\n947\n']","['C\nC\n\nC29458\n\n1\n', 'WPC\n947\n']",modelv1.0__2026-05-20 20:23:05
D:/moth_photos/database\batch_08\img_moth_00015717.jpg,"[4000, 6000]",37.01960784313725,"['RBDominick\nCharlesREdwards\n\nMcClellanville\nSouthCarolina29458\n\n1NovilG6T\nAssaf\n', 'WPC\n900\n']","['RRD\nCR\n\nC\nC29458\n\n167\n', 'C\n900\n']","['C\n\nC\nC29458\n\n167\n', 'WPC\n900\n']",modelv1.0__2026-05-20 20:23:05
D:/moth_photos/database\batch_08\img_moth_00015718.jpg,"[4000, 6000]",36.59615384615385,"['WPC\n948\n', 'RDMOMMICK\nCharlesR Edwarisy\nMcClellanville\nSouthCarofina29458\n\n4INATEH1G443\n\ndetest\n']","['C\n948\n', 'RDC\nCR\nC\nC29458\n\n41443\n']","['WPC\n948\n', 'C\nC\nC\nC29458\n\n41443\n']",modelv1.0__2026-05-20 20:23:05
D:/moth_photos/database\batch_08\img_moth_00015719.jpg,"[4000, 6000]",36.769230769230774,"['RBDominick\nCharlesREdwards\nMcClellanville\nSouthCarolina29458\nGVanei97\n\nlijerrwiZvA\n', 'WPC\n901\n']","['RD\nCR\nC\nC29458\n6197\n', 'C\n901\n']","['C\nC\nC29458\n6197\n', 'WPC\n901\n']",modelv1.0__2026-05-20 20:23:05
D:/moth_photos/database\batch_08\img_moth_00015720.jpg,"[4000, 6000]",36.61538461538461,"['xSYVominick\n\nChariesREdwards\nMcClellanville rt\n\nSouthCarolina 29458\n\nAprf969\nAretLt\n', 'WPC\n949\n']","['5\n\nCR\nC\n\nC 29458\n\n969\n', 'C\n949\n']","['5\n\nC\nC\n\nC 29458\n\n969\n', 'WPC\n949\n']",modelv1.0__2026-05-20 20:23:05
D:/moth_photos/database\batch_08\img_moth_00015721.jpg,"[4000, 6000]",36.46153846153847,"['WPC\n902\n', 'NBVominicKk\nCharlesREdwards\nMcClelfanville\nsouthCarolina o\n\n4Mauy1F72\nLightorv\n', 'fA\nGyropnsia\n']","['C\n902\n', '6D\nCR\nC\n0C\n\n4172\n', '4\n']","['WPC\n902\n', '6\nC\nC\n0C\n\n4172\n', '4\n']",modelv1.0__2026-05-20 20:23:05
D:/moth_photos/database\batch_08\img_moth_00015722.jpg,"[4000, 6000]",36.61538461538461,"['WPC\n950\n', 'McClellanville\nSouthCarolina\nR8Dominick\n']","['C\n950\n', 'C\nC\nR8D\n']","['WPC\n950\n', 'C\nC\n8\n']",modelv1.0__2026-05-20 20:23:05
D:/moth_photos/database\batch_08\img_moth_00015723.jpg,"[4000, 6000]",36.36538461538461,"['WPC\n903\n', 'McecClellanville\nSe C arolina\n64AOF\n\n10MoyHOY\n']","['C\n903\n', 'C\nC\n64\n\n10\n']","['WPC\n903\n', 'C\nC\n64\n\n10\n']",modelv1.0__2026-05-20 20:23:05
D:/moth_photos/database\batch_08\img_moth_00015724.jpg,"[4000, 6000]",36.71153846153846,"['McClellanville\nsouh Carolina\nBDominick\n\n13fprIeg\n', 'WPC\n951\n']","['C\nC\nD\n\n13\n', 'C\n951\n']","['C\nC\n\n13\n', 'WPC\n951\n']",modelv1.0__2026-05-20 20:23:05
D:/moth_photos/database\batch_08\img_moth_00015725.jpg,"[4000, 6000]",36.42307692307693,"['WPC\n\n952\n', 'RBDominick\nCharlesREdwards\nMcCGlellanville\nSouthCarolina 23458\nI7TMaSGLG\n\n21547\n']","['RC\n\n952\n', 'RRD\nCR\nC\nC 23458\n71925\n\n21547\n']","['WPC\n\n952\n', 'C\nC\nC 23458\n71925\n\n21547\n']",modelv1.0__2026-05-20 20:23:05
D:/moth_photos/database\batch_08\img_moth_00015726.jpg,"[4000, 6000]",36.57692307692308,"['WPC\n953\n', 'MCcCClellanville\nSouthCarolina\nRBDominick\n\nBae Keg\nLighh\n']","['C\n953\n', 'CC\n5C\nRRD\n\n2\n']","['WPC\n953\n', 'CC\n5C\n\n2\n']",modelv1.0__2026-05-20 20:23:05
D:/moth_photos/database\batch_08\img_moth_00015727.jpg,"[4000, 6000]",36.59615384615385,"['WPC\n954\n', 'kBDominick\nCharlesREdwards\nMcCfellanville S\nSouthCarolina29458\n\n1SAfl96F\nLica\n']","['C\n954\n', 'RRD\nCR6\nC\nC29458\n\n1596\n']","['WPC\n954\n', 'C6\nC\nC29458\n\n1596\n']",modelv1.0__2026-05-20 20:23:05
D:/moth_photos/database\batch_08\img_moth_00015728.jpg,"[4000, 6000]",37.0,"['WPC\n904\n', 'RBDominick\nChariesREdwards\nMcClellanville\nSouthC4rolina\n\n2Thoe1b7\nLichtF\n', 'DMBC01357\nRICHARDBDOMINICK\n\nMOTHBUTTERFLYCOLLECTION\nUNIVERSITYOFSOUTHCAROLINA\n', '']","['C\n904\n', 'RD\nCR\nC\nC4\n\n27017\n', 'DC01357\nRCRD8DC\n\nRCC\nR0CR\n', '']","['WPC\n904\n', 'C\nC\nC4\n\n27017\n', 'PC01357\nC8C\n\nCC\n0C\n', '']",modelv1.0__2026-05-20 20:23:05
D:/moth_photos/database\batch_08\img_moth_00015729.jpg,"[4000, 6000]",36.692307692307686,"['WPC\n955\n\n', 'McClellanville\nSouthCarolina\nRBDominick\n']","['C\n955\n\n', 'C\nC\nRD\n']","['WPC\n955\n\n', 'C\nC\n']",modelv1.0__2026-05-20 20:23:05
D:/moth_photos/database\batch_08\img_moth_00015730.jpg,"[4000, 6000]",36.53846153846154,"['WPC\n\n956\n', 'McClellanville\n\nSouth Carolina\nDominic\n\n29Wap\nht\n']","['C\n\n956\n', 'C\n\nC\nD\n\n29\n']","['WPC\n\n956\n', 'C\n\nC\n\n29W\n']",modelv1.0__2026-05-20 20:23:05
D:/moth_photos/database\batch_08\img_moth_00015731.jpg,"[4000, 6000]",36.59615384615385,"['WPC\n957\n', 'Wedge Plantation\nSouthSanteeRiver\nCharlestonCoSC\nMarch J3 1967\nDouglasC Fergusoy\n']","['C\n957\n', 'R\nCC0C\nC 3 1967\n\nDC 0\n']","['WPC\n957\n', 'W P\nCC0C\nC 3 1967\nC P0\n']",modelv1.0__2026-05-20 20:23:05
D:/moth_photos/database\batch_08\img_moth_00015732.jpg,"[4000, 6000]",36.480769230769226,"['WPCC\n958\n', 'RBDominick\nCharlesREdwards\nMcClellanville\nSouthCaralina 29458\n\n1 APRS9CP\nAtShyp\n']","['RC\n958\n', 'RRD\nCR\nC\nC 29458\n\n1 RR9C\n']","['WPCC\n958\n', 'C\nC\nC 29458\n\n1 PP9CP\n']",modelv1.0__2026-05-20 20:23:05
D:/moth_photos/database\batch_08\img_moth_00015733.jpg,"[4000, 6000]",36.94117647058823,"['RBMOMMMAICH\nCharlesREdwards\n\nMcCle llanville\nSouthCafolina29458\n\n22am SG68\nvrepal 7\n', 'WPC\n905\n', 'Husia\nQereZan\n3296\n', 'DMBC01367\nRICHARDBDOMINICK\nMOTH8BUTTERFLYCOLLECTION\n\nUNIVERSITYOFSOUTHCAROLINA\n']","['RDCR\nCR\n\nC\nC29458\n\n222 968\n7\n', 'C\n905\n', 'C\n3296\n', 'DC01367\nRCRD8DC\n8RCC\n\nRCR\n']","['C\nC\n\nC\nC29458\n\n222 968\n7\n', 'WPC\n905\n', 'C\n3296\n', 'PC01367\nC8C\n8PCC\n\nC\n']",modelv1.0__2026-05-20 20:23:05
D:/moth_photos/database\batch_08\img_moth_00015734.jpg,"[4000, 6000]",36.40384615384615,"['WPCJ\n959\n', 'McClellanvilile\nSouth Carolina\nBeDominick\n\n37\ni MetIM NE\n\nfavs\n']","['CRC\n959\n', 'C\nC\nRD\n\n37\n']","['WPC\n959\n', 'C\nC\n\n37\nW\n']",modelv1.0__2026-05-20 20:23:05
D:/moth_photos/database\batch_08\img_moth_00015735.jpg,"[4000, 6000]",36.98039215686274,"['WPC\n906\n', 'RBDominick\nCharlesREdwards Q\nMcClellanville\nSowthCarolina29458\n\na2mar 969\nc\n', 'flusia\nACI2g\n3294\n', 'DMBC01368\n\nRICHARDBDOMINICK\nMOTH8BUTTERFLYCOLLECTION\nUNIVERSITYOFSOUTHCAROLINA\n\n']","['RC\n906\n', 'RRD\nCR\nC\nC29458\n\n2 969\nC\n', 'C2R\n3294\n', 'DC01368\n\nRCRD8DC\n8RCC\nRCRC\n\n']","['WPC\n906\n', 'C\nC\nC29458\n\n2 969\nC\n', 'C2\n3294\n', 'PC01368\n\nC8C\n8CC\nCC\n\n']",modelv1.0__2026-05-20 20:23:05
D:/moth_photos/database\batch_08\img_moth_00015736.jpg,"[4000, 6000]",36.65384615384615,"['wedgePlantation\nSouthSanteeRiver\nCharlestonCoSc\nMarch3f1967\nDouglasCFerguson\n', 'WPC\n960\n']","['R\nCCC\n31967\nDC\n', 'C\n960\n']","['WP\nCCC\n31967\nCP\n', 'WPC\n960\n']",modelv1.0__2026-05-20 20:23:05
D:/moth_photos/database\batch_08\img_moth_00015737.jpg,"[4000, 6000]",36.38461538461538,"['WPC\n907\n', 'NOVMOmiInNiIcK\nCharlesREdwards\nMcClellanville\na Carolina\n\nF7Auly G71\nhiraht\n']","['C\n907\n', 'RDC\nCR\nC\nC\n\n7 71\n']","['WPC\n907\n', 'C\nC\nC\nC\n\n7 71\n']",modelv1.0__2026-05-20 20:23:05
D:/moth_photos/database\batch_08\img_moth_00015738.jpg,"[4000, 6000]",37.0,"['WPC\n908\n', 'RKBVominickK\n\nCharlesREdwards\nMcClellanville\nSouthCarolina29458\n\nee\nisQhed\n']","['C\n908\n', 'RC\n\nCR\nC\nC29458\n\n1\n']","['WPC\n908\n', 'C\n\nC\nC\nC29458\n\n1\n']",modelv1.0__2026-05-20 20:23:05
D:/moth_photos/database\batch_08\img_moth_00015739.jpg,"[4000, 6000]",36.5,"['WPC\n962\n', 'RBDominick\nMcClellanville\nSouthCarolina\n\nQI Alor 1974\nLighko7\n']","['C\n962\n', 'RRD\nC\nC\n\n2 1974\n7\n']","['WPC\n962\n', 'C\nC\n\n2 1974\n7\n']",modelv1.0__2026-05-20 20:23:05
D:/moth_photos/database\batch_08\img_moth_00015740.jpg,"[4000, 6000]",36.94117647058823,"['RBDominick\n\nCharlesREdwards\nMcClellanville o\n\nSouthCarolina 29458\n\ng Ape SFCF\nLight\n', 'WPC\n909\n']","['RD\n\nCR\nC C\n\nC 29458\n\nC\n', 'C\n909\n']","['C\nC C\n\nC 29458\n\nC\n', 'WPC\n909\n']",modelv1.0__2026-05-20 20:23:05
D:/moth_photos/database\batch_08\img_moth_00015741.jpg,"[4000, 6000]",36.53846153846154,"['SouthCarolina\n\n1Rpr392Y\nLighto\n\nRBDominick\nMcClellanville\n', 'WPC\n\n961\n']","['C\n\n1R3924\n\nRD\nC\n', 'C\n\n961\n']","['C\n\n13924\n\nC\n', 'WPC\n\n961\n']",modelv1.0__2026-05-20 20:23:05
D:/moth_photos/database\batch_08\img_moth_00015742.jpg,"[4000, 6000]",36.588235294117645,"['xOvominick\nChariesREdwards 5\nMcClellanville\nSouthCarolina29458\n224PR949\nhealt\n', 'WPC\n910\n']","['CR 5\n\nC\n\nC29458\n224R949\n', 'C\n910\n']","['C 5\n\nC\n\nC29458\n224P949\n', 'WPC\n910\n']",modelv1.0__2026-05-20 20:23:05
D:/moth_photos/database\batch_08\img_moth_00015743.jpg,"[4000, 6000]",36.67307692307692,"['WPC\n963\n', 'KBDominick\nMcClellanville\nSouth Carolina\n\nASKpr 129\n\nLah rye\n']","['C\n963\n', 'RD\nC\nC\n\n25R 129\n']","['WPC\n963\n', 'C\nC\n\n25 129\n']",modelv1.0__2026-05-20 20:23:05
D:/moth_photos/database\batch_08\img_moth_00015744.jpg,"[4000, 6000]",37.07843137254902,"['n6Vominick\nCharlesREdwards\nMcClellanville KY\nSouth Carolina 29458\n', 'WPC\n911\n']","['6\nCR\nC\nC 29458\n', 'C\n911\n']","['6\nC\nC\nC 29458\n', 'WPC\n911\n']",modelv1.0__2026-05-20 20:23:05
D:/moth_photos/database\batch_08\img_moth_00015745.jpg,"[4000, 6000]",36.59615384615385,"['WPC\n964\n', 'RB Dominick\nMcClellanville\nSouthCarolina\n\nqApr197\n1A Kes\n']","['C\n964\n', 'R D\nC\nC\n\nR197\n1\n']","['WPC\n964\n', 'C\nC\n\n197\n1\n']",modelv1.0__2026-05-20 20:23:05
D:/moth_photos/database\batch_08\img_moth_00015746.jpg,"[4000, 6000]",36.84313725490196,"['RBDominick\nCharlesREdwards\nMcClellanville Ss\nSouthCaro 29458\n\n22Afe922\n', 'WPC\n912\n']","['RD\nCR\nC\nC0 29458\n\n22922\n', 'C\n912\n']","['C\nC\nC0 29458\n\n22922\n', 'WPC\n912\n']",modelv1.0__2026-05-20 20:23:05
D:/moth_photos/database\batch_08\img_moth_00015747.jpg,"[4000, 6000]",36.59615384615385,"['WPC\n965\n', 'KBDominick\nMcClellanville\nSouthCarolina\n\n3Mas\nbishber\n']","['C\n965\n', 'RD\nC\nC\n\n3\n']","['WPC\n965\n', 'C\nC\n\n3\n']",modelv1.0__2026-05-20 20:23:05
D:/moth_photos/database\batch_08\img_moth_00015748.jpg,"[4000, 6000]",36.480769230769226,"['WPC\n913\n', 'RBDominick\nCharlesREdwards\nMcClllanville\nSouthCarolina 29458\n\n23AghA1968\n\nlirhbe\n']","['C\n913\n', 'RD\nCR\nC\nC 29458\n\n231968\n']","['WPC\n913\n', 'C\nC\nC 29458\n\n231968\n\nP\n']",modelv1.0__2026-05-20 20:23:05
D:/moth_photos/database\batch_08\img_moth_00015749.jpg,"[4000, 6000]",36.55769230769231,"['SOUTHCAROLINA\nWedgePlantation\nMcClellanville\n\n10 Vii 19gP\n\nCFerguson\n', 'WPC\n966\n']","['CR\nC\n\n10 19\n\nC\n', 'C\n966\n']","['C\nWP\nC\n\n10 19P\n\nC\n', 'WPC\n966\n']",modelv1.0__2026-05-20 20:23:05
D:/moth_photos/database\batch_08\img_moth_00015750.jpg,"[4000, 6000]",36.42307692307693,"['WPC\n914\n', 'RBDominick\nCharlesREdwards\nMcClellanville\nSouthCarojina29458\n\nSYSVfIRSGCR8\nhitht\n']","['C\n914\n', 'RRD\nCR\nC\nC29458\n\n4R9CR8\n']","['WPC\n914\n', 'C\nC\nC29458\n\n49C8\n']",modelv1.0__2026-05-20 20:23:05
D:/moth_photos/database\batch_08\img_moth_00015751.jpg,"[4000, 6000]",37.07843137254902,"['WPC\n967\n', 'RBDominick\nCharlesR Edwards\nMcClellanville\nSouthCarolina29458\n\n13AUGJILE\nLishbh\n']","['C\n967\n', 'RRD\nCR 7\nC\nC29458\n\n13\n']","['WPC\n967\n', 'C W7\nC\nC29458\n\n13\n']",modelv1.0__2026-05-20 20:23:05
D:/moth_photos/database\batch_08\img_moth_00015752.jpg,"[4000, 6000]",36.769230769230774,"['KBDominick\n\nCharlesREdwards\nMcClellanville\nve Carolina29458\n\nFphrS9EY\nC3lLestt\n', 'WPC\n915\n']","['RRD\n\nCR\nC\nC29458\n\n9\nC3\n', 'C\n915\n']","['C\nC\nC29458\n\n9\nC3\n', 'WPC\n915\n']",modelv1.0__2026-05-20 20:23:05
D:/moth_photos/database\batch_08\img_moth_00015753.jpg,"[4000, 6000]",36.42307692307693,"['WPC\n968\n', 'CharigsREdwards\nMcClellanville\nSouthCarolina29458\n\n4AAES9GP\nJLrpohkek\n']","['C\n968\n', 'CR\nC\nC29458\n\n4R196\n']","['WPC\n968\n', 'C3\nC\nC29458\n\n4196P\n']",modelv1.0__2026-05-20 20:23:05
D:/moth_photos/database\batch_08\img_moth_00015754.jpg,"[4000, 6000]",36.40384615384615,"['WPC\n916\n', 'RBDominick\nCharlesREdwards\n\ne McClellanville\nSouthCarolina29458\n\nAYJan962\nhisni\n']","['C\n916\n', 'RRD\n\nCR\nC\n\nC29458\n\n962\n']","['WPC\n916\n', 'C\nC\nC29458\n\n962\n']",modelv1.0__2026-05-20 20:23:05
D:/moth_photos/database\batch_08\img_moth_00015755.jpg,"[4000, 6000]",36.98039215686274,"['WPC\n969\n', 'McClellanville\nSouthCarolina\nR Dominick\n\nWepee pos\n']","['C\n969\n', 'C\nC\nR D\n']","['WPC\n969\n', 'C\nC\n\nW\n']",modelv1.0__2026-05-20 20:23:05
D:/moth_photos/database\batch_08\img_moth_00015756.jpg,"[4000, 6000]",36.88235294117647,"['WPC\n917\n', 'RBDominick\n\nCharles REdwards\nMcClellanville\n\nSouthCarolina2945\nSsmMOn19LH\nlich\n']","['C\n917\n', 'RRD\n\nC R\nC\n\nC2945\n319\n']","['WPC\n917\n', 'C\nC\n\nC2945\n319\n']",modelv1.0__2026-05-20 20:23:05
D:/moth_photos/database\batch_08\img_moth_00015757.jpg,"[4000, 6000]",36.65384615384615,"['WPC\n970\n', 'RBDominick\nSharlesREdwardsO\nMcClellanville\nSoutharolina29458\n\n27ApPRL1IL3\n\nf6he2t\n']","['C\n970\n', 'RRD\nR\nC\n29458\n\n274R163\n\n62\n']","['WPC\n970\n', 'C\n29458\n\n274P163\n\n62\n']",modelv1.0__2026-05-20 20:23:05
D:/moth_photos/database\batch_08\img_moth_00015758.jpg,"[4000, 6000]",36.40384615384615,"['WPC\n\n918\n', 'RBDominick\n\nChariesREdwards\n2McClellanville\nSouthCarolina29458\n\n3DdanG8\nt1a1\n']","['C\n\n918\n', 'RRD\n\nCR\n2C\nC29458\n\n3DD68\n11\n']","['WPC\n\n918\n', 'C\n2C\nC29458\n\n368\n11\n']",modelv1.0__2026-05-20 20:23:05
D:/moth_photos/database\batch_08\img_moth_00015759.jpg,"[4000, 6000]",36.94117647058823,"['RBDominick\nCharlesR EdwarisG\nMcClellanville\n\nSouth Carolina oeg\n\n20Ape1768\nran\n', 'WPC\n971\n']","['RRD\nCR\nC\nC\n\n201768\n', 'C\n971\n']","['C\nC\nC\n\n201768\n', 'WPC\n971\n']",modelv1.0__2026-05-20 20:23:05
D:/moth_photos/database\batch_08\img_moth_00015760.jpg,"[4000, 6000]",36.5,"['aN0296A4ZU0UTIITIICK\nCharlesREdwards 6\nMcClellanville\nsoutfACarolina2948\n\n22Mar1FL2\nLzett\n', 'WPC\n919\n']","['02962420DC\nCR 6\nC\nC2948\n\n22172\n', 'C\n919\n']","['02962420C\nC 6\nC\nC2948\n\n22172\n', 'WPC\n919\n']",modelv1.0__2026-05-20 20:23:05
D:/moth_photos/database\batch_08\img_moth_00015761.jpg,"[4000, 6000]",36.42307692307693,"['WPC\n972\n', 'RRDominick\n\nCharlesREdwards ad\n\nMcClellanville\n\nSouthCarolina29458\na fag 1968\nL1jsaLn\n']","['C\n972\n', 'RRD\nCR\nC\nC429458\n1968\n1\n']","['WPC\n972\n', 'C\nC\nC429458\n1968\n1\n']",modelv1.0__2026-05-20 20:23:05
D:/moth_photos/database\batch_08\img_moth_00015762.jpg,"[4000, 6000]",36.38461538461538,"['WPC\n920\n', 'McClellanville f\nSouth Carolina\nBDominick\n\nYou IG\nLue bf\n']","['C\n920\n', 'C\nC\nD\n\n96\n']","['WPC\n920\n', 'C\nC\n\n96\n']",modelv1.0__2026-05-20 20:23:05
D:/moth_photos/database\batch_08\img_moth_00015763.jpg,"[4000, 6000]",36.94117647058823,"['WPC\n973\n', 'icClellanville\njouth Carolina\nBDominick\n\nE ree 1166\n']","['C\n973\n', 'C\nC\nRD\n\n1166\n']","['WPC\n973\n', 'C\nC\n\n1166\n']",modelv1.0__2026-05-20 20:23:05
D:/moth_photos/database\batch_08\img_moth_00015764.jpg,"[4000, 6000]",36.480769230769226,"['WPC\n921\n', 'RBDominick\n\nChariesREdwards\n6 McClellanville\n\nSouthCarolina29458\n\nJJans76\n']","['C\n921\n', 'RRD\n\nCR\n6 C\n\nC29458\n\n4D76\n']","['WPC\n921\n', 'C\n6 C\nC29458\n\n476\n']",modelv1.0__2026-05-20 20:23:05
D:/moth_photos/database\batch_08\img_moth_00015765.jpg,"[4000, 6000]",36.509803921568626,"['WPC\n974\n', 'RBDominick\nCharlesREdwards\nMcClellanville\nSoutheCarolina29458\n\n4 May 196\n']","['C\n974\n', 'RRD\nCR\nC\nC29458\n\n4 196\n']","['WPC\n974\n', 'C\nC\nC29458\n\n4 196\n']",modelv1.0__2026-05-20 20:23:05
D:/moth_photos/database\batch_08\img_moth_00015766.jpg,"[4000, 6000]",36.38461538461538,"['WPC\n922\n', 'McClellanville\nSouthCarolina ot\n']","['C\n922\n', 'C\nC\n']","['WPC\n922\n', 'C\nC\n']",modelv1.0__2026-05-20 20:23:05
D:/moth_photos/database\batch_08\img_moth_00015767.jpg,"[4000, 6000]",36.549019607843135,"['WPC\n975\n', 'KBDominick\nCharlesREdwards\nMcClellanville P\nSouthCarolina29458\n\n26Aanr19tts\n']","['C\n975\n', 'RD\nCR\nC\nC29458\n\n2619\n']","['WPC\n975\n', 'C\nC P\nC29458\n\n2619\n']",modelv1.0__2026-05-20 20:23:05
D:/moth_photos/database\batch_08\img_moth_00015768.jpg,"[4000, 6000]",36.42307692307693,"['WPC\n923\n', 'RBDominick\n\nCharlesREdwards\n\nMcClellanville\nSouthCarolina29458\n\n3Qan94\nLAchd\n']","['RC\n923\n', 'RRD\n\nCR\n\nC\nC29458\n\n394\n4\n']","['WPC\n923\n', 'C\nC\nC29458\n\n394\n4\n']",modelv1.0__2026-05-20 20:23:05
D:/moth_photos/database\batch_08\img_moth_00015769.jpg,"[4000, 6000]",36.72549019607843,"['RBDominick\nChariesREdwards\nMcClellanville\nSouth Carolina 29458e\n29Apa1764\nLIGHt a\n', 'WPC\n976\n']","['RD\nCR\nC\nC 29458\n291764\n1C\n', 'C\n976\n']","['C\nC\nC 29458\n291764\n1C\n', 'WPC\n976\n']",modelv1.0__2026-05-20 20:23:05
D:/moth_photos/database\batch_08\img_moth_00015770.jpg,"[4000, 6000]",36.53846153846154,"['WPC\n9274\n', 'RBDominick\n\nCharlesREdwards\n\nMcClellanville\nSouthCarolina29458\n\n7 DecH17\nLeeSiel\n']","['C\n9274\n', 'RRD\n\nCR\n\nC\nC29458\n\n7 D17\n']","['WPC\n9274\n', 'C\nC\nC29458\n\n7 17\n']",modelv1.0__2026-05-20 20:23:05
D:/moth_photos/database\batch_08\img_moth_00015771.jpg,"[4000, 6000]",36.705882352941174,"['WPC\n977\n', 'nBVominick\nCharlesREdwards\nMcCfellanville\nSouthCarolina29458\n1BYPe9ZR\n\nPiwkd\n']","['RC\n977\n', 'D\nCR\nC\nC29458\n1D9R\n']","['WPC\n977\n', 'C\nC\n\nC29458\n1P9\n\nP\n']",modelv1.0__2026-05-20 20:23:05
D:/moth_photos/database\batch_08\img_moth_00015772.jpg,"[4000, 6000]",36.88235294117647,"['WPC\n925\n', 'RBDominick\nMcClellanville\nSouth Garolina\n\n1s Nou1973\n1JLL\n']","['C\n925\n', 'RD\nC\n\n1 1973\n1\n']","['WPC\n925\n', 'P\nC\n\n1 1973\n1\n']",modelv1.0__2026-05-20 20:23:05
D:/moth_photos/database\batch_08\img_moth_00015773.jpg,"[4000, 6000]",36.98039215686274,"['WPC\n978\n', 'RBDominick\nChariesREdwards\nMcCfellanville Ss\nSouthCaroling 29458\n\n19ApA19L8\n\nLfjand\n']","['C\n978\n', 'RRDC\nCR\nC\nC 29458\n\n191928\n']","['WPC\n978\n', 'C\nC\nC\nC 29458\n\n191928\n']",modelv1.0__2026-05-20 20:23:05
D:/moth_photos/database\batch_08\img_moth_00015774.jpg,"[4000, 6000]",36.61538461538461,"['WPC\n926\n', 'x5BVominick\nSharlesREdwards\nMcClellanville\nSouthCarolinae\n\nQWar1477\nLiahLFkY\n']","['C\n926\n', '5D\nR\nC\n0C\n\n21477\n']","['WPC\n926\n', '5\nWC\n0C\n\n2W1477\nP\n']",modelv1.0__2026-05-20 20:23:05
D:/moth_photos/database\batch_08\img_moth_00015775.jpg,"[4000, 6000]",36.38461538461538,"['WPC\n979\n', 'mRBDominick\nCharlesREdwards\nMcCfellanville 6\nSouthCarolina29458\n']","['C\n979\n', 'R6DD\nCR\nC 6\nC29458\n']","['WPC\n979\n', '6\nC\nC 6\nC29458\n']",modelv1.0__2026-05-20 20:23:05
D:/moth_photos/database\batch_08\img_moth_00015776.jpg,"[4000, 6000]",36.92156862745098,"['WPC\n927\n', 'RBDominick\n\nCharlesREdwards\nMcClellanville b\nSouthCarolina29458\n\n1SmayFlhs\n']","['C\n927\n', 'RD\n\nCR\nC\nC29458\n\n1\n']","['WPC\n927\n', 'C\nC\nC29458\n\n1\n']",modelv1.0__2026-05-20 20:23:05
D:/moth_photos/database\batch_08\img_moth_00015777.jpg,"[4000, 6000]",36.68627450980392,"['RBDominick\nCharlesREdwards\n\nMcClellanville J\nSouttCarolina29458\n\nYman1969\nL1G6\n', 'WPC\n980\n']","['RRD\nCR\n\nC\nC29458\n\n1969\n16\n', 'C\n980\n']","['C\n\nC\nC29458\n\n1969\n16\n', 'WPC\n980\n']",modelv1.0__2026-05-20 20:23:05
D:/moth_photos/database\batch_08\img_moth_00015778.jpg,"[4000, 6000]",36.44230769230769,"['KBDominick\nCharlesREdwards\nMcClellgnville\nSouthCarolina29458\n\n3 yan19F4S\neitht\n', 'WPC\n928\n']","['D\nCR\nC\nC29458\n\n3 194\n', 'C\n928\n']","['C\nC\nC29458\n\n3 194\n', 'WPC\n928\n']",modelv1.0__2026-05-20 20:23:05
D:/moth_photos/database\batch_08\img_moth_00015779.jpg,"[4000, 6000]",36.7843137254902,"['WPC\n981\n', 'McClellanville\nSouth Carolina\nDominick\n\n1May1966\n']","['C\n981\n', 'C\nC\nD\n\n11966\n']","['WPC\n981\n', 'C\nC\n\n1W1966\n']",modelv1.0__2026-05-20 20:23:05
D:/moth_photos/database\batch_08\img_moth_00015780.jpg,"[4000, 6000]",36.53846153846154,"['WPC\n929\n', 'RBDominick\nMcClellanville\nSouthCarolina ww 4\n\n3DSan19\nbik\n']","['RC\n929\n', 'RD\nC\n0C 4\n\n3D19\n']","['WPC\n929\n', 'C\n0C 4\n\n319\n']",modelv1.0__2026-05-20 20:23:05
D:/moth_photos/database\batch_08\img_moth_00015781.jpg,"[4000, 6000]",36.71153846153846,"['WPC\n982\n', 'McClellanville\nsouth Saroline\nDominick\n\nWhey UE\n']","['C\n982\n', 'C\nD\n\n6\n']","['WPC\n982\n', 'C\n\n6W\n']",modelv1.0__2026-05-20 20:23:05
D:/moth_photos/database\batch_08\img_moth_00015782.jpg,"[4000, 6000]",36.46153846153847,"['WPC\n930\n', 'RBDominick\n4 CharlesREdwards\nMcClellanville e\neSouthCarolina29458\nZRPBanr196S\n\nLeshf\n']","['C\n930\n', 'RRD\n4 CR\nC\n0C29458\nRD196\n']","['WPC\n930\n', '4 C\nC\n0C29458\nP196\n']",modelv1.0__2026-05-20 20:23:05
D:/moth_photos/database\batch_08\img_moth_00015783.jpg,"[4000, 6000]",36.730769230769226,"['WPC\n983\n', 'RBDominick\nCharlesREdwaris\nMcClellanville Ry\nSouthCarolina29458\n\n1BLGRIF6F\n\nfree\n']","['C\n983\n', 'RRD\nCR\nC R\nC29458\n\n18R1969\n']","['WPC\n983\n', 'C\nC\nC29458\n\n181969\n']",modelv1.0__2026-05-20 20:23:05
D:/moth_photos/database\batch_08\img_moth_00015784.jpg,"[4000, 6000]",36.5,"['kKBDominick\nCharlesREdwards\nMcGlellanville\nSouthCagolina29458\n\nJune196 g\n\ncCh\n', 'WPC\n931\n', 'fibiloba\n3279\n', 'DMBC01363\nRICHARDBDOMINICK\n\nMOTH8BUTTERFLYCOLLECTION\n\nUNIVERSITYOFSOUTHCAROLINA\n']","['RD\nCR\nC29458\n\n196 3\n\nC\n', 'C\n931\n', '3279\n', 'DC01363\nRCRDDC\n\n8RCC\n\nRCR\n']","['C\nC29458\n\n196 3\n\nC\n', 'WPC\n931\n', '3279\n', 'PC01363\nCC\n\n8CC\n\nC\n']",modelv1.0__2026-05-20 20:23:05
D:/moth_photos/database\batch_08\img_moth_00015785.jpg,"[4000, 6000]",37.03921568627451,"['RKBDominick\n\nCharlesREdwardsS\nMcClellanville t\nSouthGarolina29458\n\n2m 1964\nL414h\n', 'WPC\n984\n']","['RRD\n\nCR\nC\n29458\n\n2 1964\n414\n', 'C\n984\n']","['C\nC\n29458\n\n2 1964\n414\n', 'WPC\n984\n']",modelv1.0__2026-05-20 20:23:05
D:/moth_photos/database\batch_08\img_moth_00015786.jpg,"[4000, 6000]",36.44230769230769,"['WPC\n932\n', 'vsellanville\nSouth Carolina\nDominic\n\n5p\n']","['C\n932\n', 'C\nD\n\n54\n']","['WPC\n932\n', 'C\n\n54P\n']",modelv1.0__2026-05-20 20:23:05
D:/moth_photos/database\batch_08\img_moth_00015787.jpg,"[4000, 6000]",36.44230769230769,"['RBDominick\n\nCharlesR Edwards 1\nMcCfellanville\nSouth Carolina 29458\n\nJ04ea1G969\nLleAs\n\n', 'WPC\n985\n']","['RRD\n\nCR 1\nC\nC 29458\n\n041969\n\n', 'C\n985\n']","['C 1\nC\nC 29458\n\n041969\n\n', 'WPC\n985\n']",modelv1.0__2026-05-20 20:23:05
D:/moth_photos/database\batch_08\img_moth_00015788.jpg,"[4000, 6000]",36.90384615384616,"['KBDominick\nCharlesREdwards\nMcClellagville 6\nSoyth Camlina29458\n4TMarFe7\nLlGal\n', 'WPC\n933\n', '', 'DMBC01339\nRICHARDBDOMINICK\n\nMOTH8BUTTERFLYCOLLECTION\nUNIVERSITYOFSOUTHCAROLINA\n']","['RRD\nCR\nC 6\nC29458\n47\n', 'C\n933\n', '', 'DC01339\nRCRD8D0C\n\n8RRCC\nRCR\n']","['C\nC 6\nC29458\n4P7\n', 'WPC\n933\n', '', 'PC01339\nC8P0WC\n\n8CC\nC\n']",modelv1.0__2026-05-20 20:23:05
D:/moth_photos/database\batch_08\img_moth_00015789.jpg,"[4000, 6000]",36.5,"['WPC\n986\n', 'RBDominick\nChariesREdwards\nMeClgilann8 Ss\nSouth arolina 29458\nJgApRITF\n\nPeehtead\n']","['C\n986\n', 'RD\nCR\nC18\n29458\nR\n\n2\n']","['WPC\n986\n', 'C\nC18\n29458\n\nP2\n']",modelv1.0__2026-05-20 20:23:05
D:/moth_photos/database\batch_08\img_moth_00015790.jpg,"[4000, 6000]",36.90196078431373,"['RBDominick\nCharlesREdwards\nMcClellanville 5\nSouthCarolina29458\n\n17Afh1969\nLGh4\n', 'WPC\n934\n', 'Marathyssa\n2lis ot\n\nDet00Ferguson19 G7\nPenbedyMuseumYaleUniv\n\n', 'DMBC01338\nRICHARDBDOMINICK\nMOTHBUTTERFLYCOLLECTION\n\nUNIVERSITYOFSOUTH CAROLINA\n']","['RD\nCR\nC 5\nC29458\n\n171969\n64\n', 'C\n934\n', '26\n\nD0019 67\n\n', 'DC01338\nRCRDDC\nRCC\n\nR CR\n']","['C\nC 5\nC29458\n\n171969\n64\n', 'WPC\n934\n', '26\n\n00P19 67\nP\n\n', 'C01338\nCC\nCC\n\nC\n']",modelv1.0__2026-05-20 20:23:05
D:/moth_photos/database\batch_08\img_moth_00015791.jpg,"[4000, 6000]",36.44230769230769,"['RBDominick\nCharlesREdwards LP\nMcCtellanville\n\nSS Carolina 29458\n\nRS99\nray 4h\n', 'WPC\n987\n']","['RRD\nCR\nC\nC 29458\n\nR99\n4\n', 'C\n987\n']","['C P\nC\nC 29458\n\n99\n4\n', 'WPC\n987\n']",modelv1.0__2026-05-20 20:23:05
D:/moth_photos/database\batch_08\img_moth_00015792.jpg,"[4000, 6000]",36.55769230769231,"['WPC\n935\n', 'nBVominick\nCharlesREdward\nMcCleldanville\nfa Carolina\n\nApes\n', 'Naigbhy334\nhese\nZSVrr\n', 'DMBC01340\n\nRICHARDBDOMINICK\nMOTH8BUTTERFLYCOLLECTION\nUNIVERSITYOFSOUTHCAROLINA\n\n']","['C\n935\n', 'D\nCR\nC\nC\n\n4\n', '334\n2\n', 'DC01340\n\nRCRD8DC\n8RCC\nRCR\n\n']","['WPC\n935\n', 'C\nC\nC\n\n4\n', 'P334\n2\n', 'PC01340\n\nC8WC\n8CC\nC\n\n']",modelv1.0__2026-05-20 20:23:05
D:/moth_photos/database\batch_08\img_moth_00015793.jpg,"[4000, 6000]",36.78846153846154,"['McClellanville\nSouthCarolina\nCharles REdwards\n\nIEAusi19e\nye\n', 'WPC\n988\n', '']","['C\nC\nC R\n\n1190\n', 'C\n988\n', '']","['C\nC\nC\n\n1190\n', 'WPC\n988\n', '']",modelv1.0__2026-05-20 20:23:05
D:/moth_photos/database\batch_08\img_moth_00015794.jpg,"[4000, 6000]",36.65384615384615,"['kBDominick\nCharlesREdwards\nMcClellanville\nSoythCarolina29458\n14Manch1971\nClyne ya\n', 'WPC\n936\n']","['RD\nCR\nC\nC29458\n141971\nC\n', 'C\n936\n']","['C\nC\nC29458\n14P1971\nC\n', 'WPC\n936\n']",modelv1.0__2026-05-20 20:23:05
D:/moth_photos/database\batch_08\img_moth_00015795.jpg,"[4000, 6000]",36.84313725490196,"['WPC\n989\n', 'VOmiIinich\nMcClellanville\nFg Carolina\n\nWAG\n']","['C\n989\n', 'C\nC\n']","['WPC\n989\n', 'C\nC\n\nW\n']",modelv1.0__2026-05-20 20:23:05
D:/moth_photos/database\batch_08\img_moth_00015796.jpg,"[4000, 6000]",37.07843137254902,"['WPC\n\n937\n', 'RBDominick\nCharlesREdwardis\nMcClellanville\nSouthCarolina29458\n\n2MA81973\nLishztcHi\n']","['C\n\n937\n', 'RD\nCR\nC\nC29458\n\n2081973\nC\n']","['WPC\n\n937\n', 'C\nC\nC29458\n\n2081973\nC\n']",modelv1.0__2026-05-20 20:23:05
D:/moth_photos/database\batch_08\img_moth_00015797.jpg,"[4000, 6000]",36.40384615384615,"['WPC\n990\n', 'SOUTHCAROLINA\nWedgePlantation\nMcClellanvglle\n\n5Vily1968\n\nDCFerguson\n']","['C\n990\n', 'CR\nC\n\n51968\n\nDC\n']","['WPC\n990\n', 'C\nWP\nC\n\n5W1968\n\nCP\n']",modelv1.0__2026-05-20 20:23:05
D:/moth_photos/database\batch_08\img_moth_00015798.jpg,"[4000, 6000]",36.59615384615385,"['WPC\n938\n', 'NeOMOmiInick\nChariesREdward\nsieving\n']","['C\n938\n', 'C\nCR\n']","['WPC\n938\n', 'C\nC\n']",modelv1.0__2026-05-20 20:23:05
D:/moth_photos/database\batch_08\img_moth_00015799.jpg,"[4000, 6000]",36.38461538461538,"['RBDominick\n\nCharlesREdwards\nMcClellarfville\nSouthCarolina29458\n\nmh\n7nawy1968\n', 'WPC\n991\n', 'DMBC01341\nRICHARDBDOMINICK\n\nMOTHBUTTERFLYCOLLECTION\nUNIVERSITYOFSOUTH CAROLINA\n\n', '']","['RD\n\nCR\nC\nC29458\n\n71968\n', 'C\n991\n', 'DC01341\nRCRDDC\n\nRRCC\nR CR\n\n', '']","['C\nC\nC29458\n\n71968\n', 'WPC\n991\n', 'PC01341\nCC\n\nCC\nC\n\n', '']",modelv1.0__2026-05-20 20:23:05
D:/moth_photos/database\batch_08\img_moth_00015800.jpg,"[4000, 6000]",36.55769230769231,"['WPC\n939\n', 'SBoVominick\nCharlesR Edwards\nMcClellanville\n\nSouth Carolina 29458\n']","['C\n939\n', 'CR\nC\nC 29458\n']","['WPC\n939\n', 'C\nC\nC 29458\n']",modelv1.0__2026-05-20 20:23:05
D:/moth_photos/database\batch_08\img_moth_00015801.jpg,"[4000, 6000]",36.46153846153847,"['mDVOmIiInIcK\nCharlesREdwards\nMc Clellanville\nSouthCarolina e\n\nL7Haly197\nLiakhdt\n', 'WPC\n992\n']","['DC\nCR\nC\nC\n\n27197\n4\n', 'RC\n992\n']","['C\nC\nC\nC\n\n27197\n4\n', 'WPC\n992\n']",modelv1.0__2026-05-20 20:23:05
D:/moth_photos/database\batch_08\img_moth_00015802.jpg,"[4000, 6000]",36.63461538461539,"['WPC\n940\n', 'RBDominick\nCharlesREdwards\nMcClellanville 5\nSouthCarolina29458\n\nI7AfR1964\nAISfhr\n']","['C\n940\n', 'RRD\nCR\nC 5\nC29458\n\n74R1964\n6\n']","['WPC\n940\n', 'C\nC 5\nC29458\n\n74P21964\n6\n']",modelv1.0__2026-05-20 20:23:05
D:/moth_photos/database\batch_08\img_moth_00015803.jpg,"[4000, 6000]",36.5,"['WPC\n993\n', 'm\nSOUTHCAROLINA\nWedge Plantation\nMcClellanville\nAugustO1968\nDCFerguson\n']","['C\n993\n', 'CR\nC\n01968\nDC\n']","['WPC\n993\n', 'C\nW P\nC\n01968\nC\n']",modelv1.0__2026-05-20 20:23:05
D:/moth_photos/database\batch_08\img_moth_00015804.jpg,"[4000, 6000]",36.82692307692308,"['WPC\n941\n', 'SOUTHCAROLINA\nWedgePlantation\nMcClellafville\nMarch 3i 1967\nDCFerauson\n']","['C\n941\n', 'CR\nC\n3 1967\nDC\n']","['WPC\n941\n', 'C\nWP\nC\n3 1967\nCP\n']",modelv1.0__2026-05-20 20:23:05
D:/moth_photos/database\batch_08\img_moth_00015805.jpg,"[4000, 6000]",36.55769230769231,"['SOUTHCAROLINA\nWedgePlantation\nMcClellafiville\nAugust 18 1968\nDCFerguson\n', 'WPC\n994\n']","['CR\nC\n18 1968\nDC\n', 'C\n994\n']","['C\nWP\nC\n18 1968\nCP\n', 'WPC\n994\n']",modelv1.0__2026-05-20 20:23:05
D:/moth_photos/database\batch_08\img_moth_00015806.jpg,"[4000, 6000]",36.65384615384615,"['RBDominick\nCharlesREdwards\nMcClellanville 6\nSouthCarolfna29458\n', 'WPC\n942\n']","['RD\nCR\nC 6\nC29458\n', 'C\n942\n']","['C\nC 6\nC29458\n', 'WPC\n942\n']",modelv1.0__2026-05-20 20:23:05
D:/moth_photos/database\batch_08\img_moth_00015807.jpg,"[4000, 6000]",36.92156862745098,"['mBDominick\n\nChariesR EdwarisP\nMcClellanville\n\nSouthCarolina29458\n\nY yw IFEE\nfytis\n', 'WPC\n995\n', '']","['DD\n\nCR\nC\n\nC29458\n\n7 96R\nC\n', 'C\n995\n', '']","['C P\nC\n\nC29458\n\n7 96\nC\n', 'WPC\n995\n', '']",modelv1.0__2026-05-20 20:23:05
D:/moth_photos/database\batch_08\img_moth_00015808.jpg,"[4000, 6000]",36.5,"['WPCC\n943\n', 'McClellanville\nSouthCarolina\nRBDominic\n\nsAprb7\nirae\n']","['RC\n943\n', 'C\nC\nRD\n\n7\n']","['WPCC\n943\n', 'C\nC\n\n7\n']",modelv1.0__2026-05-20 20:23:05
D:/moth_photos/database\batch_08\img_moth_00015809.jpg,"[4000, 6000]",37.01960784313725,"['WPC\n996\n', 'RBDominick\n\nChariesREdwards\nMcClellanville\nSouthEarolina29458\n\n30JuneJHF\nLrspwtk\n']","['C\n996\n', 'RD\n\nCR\nC\n29458\n\n30D\n']","['WPC\n996\n', 'C\nC\n29458\n\n30P\n']",modelv1.0__2026-05-20 20:23:05
D:/moth_photos/database\batch_08\img_moth_00015810.jpg,"[4000, 6000]",37.01960784313725,"['WPC\n944\n', 'SUUTHCAROLINA\nWedge Plantation\nMcClel larYille\n\nMarch Z28 19g 7\n\nDCPergueon\n']","['C\n944\n', 'CCRC\nC1\n\n28 19 7\n\nDC\n']","['WPC\n944\n', 'CCC\nW P\nC1\n\n28 19 7\n\nCP\n']",modelv1.0__2026-05-20 20:23:05
D:/moth_photos/database\batch_08\img_moth_00015811.jpg,"[4000, 6000]",36.57692307692308,"['WPC\n997\n', 'RBDominick\nCharlesR Edwarig\nMcClellanville\nSowthCarolina29458\n\n19MAYI969\n184\n']","['C\n997\n', 'RD\nCR\nC\nC29458\n\n191969\n184\n']","['WPC\n997\n', 'C\nC\nC29458\n\n191969\n184\n']",modelv1.0__2026-05-20 20:23:05
D:/moth_photos/database\batch_08\img_moth_00015812.jpg,"[4000, 6000]",36.40384615384615,"['WPC\n998\n', 'KBVominicn\nCharlesREdwanis\nMcClellanville\nSoutCaroline29458\n1ZMay1G69\n1jEh a\n']","['RC\n998\n', 'R\nCR\nC\nC29458\n121469\n1\n']","['WPC\n998\n', 'C\n\nC\n\nC29458\n121469\n1\n']",modelv1.0__2026-05-20 20:23:05
D:/moth_photos/database\batch_08\img_moth_00015813.jpg,"[4000, 6000]",36.519230769230774,"['WPC\n999\n', 'SOUTHCAROLINA\nWedgePlantation\nMcClellanville\nAugustJO1968\nDCFerguson\n']","['C\n999\n', 'CR\nC\n01968\nDC\n']","['WPC\n999\n', 'C\nWP\nC\n01968\nC\n']",modelv1.0__2026-05-20 20:23:05
D:/moth_photos/database\batch_08\img_moth_00015814.jpg,"[4000, 6000]",37.03921568627451,"['RDVominick\nCharlesREdward\nMcClellanville\nSouthCarolina 29458\n\n2\nJ2Mar99\n', 'WPC\n1000\n']","['RD\nCR\nC\nC 29458\n\n2\n299\n', 'C\n1000\n']","['C\nC\nC 29458\n\n2\n299\n', 'WPC\n1000\n']",modelv1.0__2026-05-20 20:23:05
D:/moth_photos/database\batch_08\img_moth_00015815.jpg,"[4000, 6000]",36.38461538461538,"['WPC\n1001\n', 'RBDominick\nCharlesREdwards\nMcClellanville\nSouthCarolina29458\n\n22may19\neral 4\n']","['C\n1001\n', 'RRD\nCR\nC\nC29458\n\n2219\n4\n']","['WPC\n1001\n', 'C\nC\nC29458\n\n2219\n4\n']",modelv1.0__2026-05-20 20:23:05
D:/moth_photos/database\batch_08\img_moth_00015816.jpg,"[4000, 6000]",36.40384615384615,"['WPC\n1002\n', 'RBDominick\nCharlesREdwaris\nMcClellanville\nSouthCarolina 29458\n1GMeys9eg\n\nLegh\n']","['C\n1002\n', 'RD\nCR\nC\nC 29458\n19\n']","['WPC\n1002\n', 'C\nC\nC 29458\n19\n']",modelv1.0__2026-05-20 20:23:05
D:/moth_photos/database\batch_08\img_moth_00015817.jpg,"[4000, 6000]",36.84313725490196,"['WPC\n1003\n', 'WicClellanville\nSouthCarolina\nRBDominick\n\nJune 96\n', 'ats SSK\n', 'MeClellanville\nSouthCarolina\nRBDominick\n']","['C\n1003\n', 'C\nC\nRRD\n\n96\n', '6\n', 'C\nC\nRRD\n']","['WPC\n1003\n', 'WC\nC\n\n96\n', '6\n', 'C\nC\n']",modelv1.0__2026-05-20 20:23:05
D:/moth_photos/database\batch_08\img_moth_00015818.jpg,"[4000, 6000]",36.75,"['WPC\n1004\n', 'RBDominick\nChariesR EdwantsT\nMcClellanville\n\nSouthCarolina29458\n\n7 Mav SIOe\n\npeer\n']","['C\n1004\n', 'RD\nCR\nC\n\nC29458\n\n7 9\n']","['WPC\n1004\n', 'C\nC\nC29458\n\n7 9\n']",modelv1.0__2026-05-20 20:23:05
D:/moth_photos/database\batch_08\img_moth_00015819.jpg,"[4000, 6000]",37.03846153846154,"['RB Dominick\nChariesREdwards\nMcClellanville Bo\nSoutharolina 29459\n2MNay76\n\n2493\n', 'WPC\n1005\n']","['R D\nCR\nC\n29459\n276\n\n2493\n', 'C\n1005\n']","['C\nC\n\n29459\n276\n\n2493\n', 'WPC\n1005\n']",modelv1.0__2026-05-20 20:23:05
D:/moth_photos/database\batch_08\img_moth_00015820.jpg,"[4000, 6000]",36.67307692307692,"['RBDominick\nCharlesREdwards\nMcClellanville\n\nra men 29458\n', 'WPC\n1006\n']","['RRD\nCR\nC\n29458\n', 'C\n1006\n']","['C\nC\n29458\n', 'WPC\n1006\n']",modelv1.0__2026-05-20 20:23:05
D:/moth_photos/database\batch_08\img_moth_00015821.jpg,"[4000, 6000]",36.84313725490196,"['WPC\n1007\n', 'RB Dominick\nLuaht\n', '']","['C\n1007\n', 'R8 D\n', '']","['WPC\n1007\n', '8\n', '']",modelv1.0__2026-05-20 20:23:05
D:/moth_photos/database\batch_08\img_moth_00015822.jpg,"[4000, 6000]",37.0,"['WPC\n1008\n', 'R BDominick\nCharlesREdwards\nMcClellanville\nSouthCarolina\n\n2 YfnlV7\nbi 15h ft ont\n\n', 'DMBC01342\n\nRICHARDBDOMINICK\nMOTHBUTTERFLYCOLLECTION\nUNIVERSITYOFSOUTHCAROLINA\n\n', 'SxS\n\nPog et\n\nBEE 207BOat\nISTeantHifode\n']","['RC\n1008\n', 'R D\nCR\nC\nC\n\n2 47\n15\n\n', 'DC01342\n\nRCRD8DC\nRCC\nRCRC\n\n', 'D 7\n\n207C\n3\n']","['WPC\n1008\n', 'C\nC\nC\n\n2 47\n15\n\n', 'PC01342\n\nC8C\nPCC\nCC\n\n', 'P 7\n\nP 207C\n3\n']",modelv1.0__2026-05-20 20:23:05
D:/moth_photos/database\batch_08\img_moth_00015823.jpg,"[4000, 6000]",36.57692307692308,"['WPC\n\n1009\n', 'R BDominick\nCharlesREdwards\nMcClellanville\nSouth oyFAS\n\nIpkyCS\n', '']","['C\n\n1009\n', 'R D\nCR\nC\nD\n\nC\n', '']","['WPC\n\n1009\n', 'C\nC\nPP\n\nC\n', '']",modelv1.0__2026-05-20 20:23:05
D:/moth_photos/database\batch_08\img_moth_00015824.jpg,"[4000, 6000]",36.9607843137255,"['WPC\n1010\n', 'mMMOMIMIMCAR\nCharlesR EdwarisY\nMcClellanville\n\nSouthCarolina29458\n\n3m\nbene 769\n', '3228\n\n']","['C\n1010\n', 'CR\nCR\nC\n\nC29458\n\n3\n769\n', '3228\n\n']","['WPC\n1010\n', 'C\nC\nC\n\nC29458\n\n3\n769\n', '3228\n\n']",modelv1.0__2026-05-20 20:23:05
D:/moth_photos/database\batch_08\img_moth_00015825.jpg,"[4000, 6000]",36.82692307692308,"['WPC\n1011\n', 'RBDominick\nMcClellanville\nSouth Carolina\n\nPeRReLI23\n', '', 'DMBC01343\nRICHARDBDOMINICK\n\nMOTH8BUTTERFLYCOLLECTION\n\nUNIVERSITYOFSOUTHCAROLINA\n']","['C\n1011\n', 'RD\nC\nC\n\nRR23\n', '', 'DC01343\nRCRD8DC\n\n8RRCC\n\nRCR\n']","['WPC\n1011\n', 'C\nC\n\nPP23\n', '', 'C01343\nC8WC\n\n8CC\n\nC\n']",modelv1.0__2026-05-20 20:23:05
D:/moth_photos/database\batch_08\img_moth_00015826.jpg,"[4000, 6000]",36.59615384615385,"['WPC\n1012\n', 'nDoVominickKk\nCharlesREdwards\nMcClellanville\nSouthC4rolina\n\n15MerJACE\nhitahhor\n', 'adgFES\nCrasholeidl\n323L\n', 'DMBC01344\nRICHARDBDOMINICK\n\nMOTH8BUTTERFLYCOLLECTION\nUNIVERSITYOFSOUTHCAROLINA\n\n']","['RC\n1012\n', 'D\nCR\nC\nC4\n\n151C\n', '22\nC\n323\n', 'DC01344\nRCRD8DC\n\n8RCC\nRCR\n\n']","['WPC\n1012\n', 'C\nC\nC4\n\n151C\n', '2P2\nC\n323\n', 'C01344\nC8WC\n\n8CC\nC\n\n']",modelv1.0__2026-05-20 20:23:05
D:/moth_photos/database\batch_08\img_moth_00015827.jpg,"[4000, 6000]",36.55769230769231,"['WPC\n1013\n', 'R BDominick\nCharlesREdwards\nMcClellafville\nSoutBCarolina29458\n\n3 Jnon Vee\nhiehr\n', 'HyecheS\nabi sslades\n\n', 'DMBC01345\nRICHARDBDOMINICK\n\nMOTHBUTTERFLYCOLLECTION\nUNIVERSITYOFSOUTHCAROLINA\n']","['C\n1013\n', 'R D\nCR\nC\nC29458\n\n3 1\n', '', 'DC01345\nRCRD8DC\n\nRRCC\nRCR\n']","['WPC\n1013\n', 'C\nC\nC29458\n\n3 1W\n', '', 'C01345\nC8C\n\nCC\nC\n']",modelv1.0__2026-05-20 20:23:05
D:/moth_photos/database\batch_08\img_moth_00015828.jpg,"[4000, 6000]",36.55769230769231,"['1014\n', 'RBDominic\nMcClellanville\nSouth Carolina\n\nBofantary\n']","['1014\n', 'RRD\nC\nC\n\n34\n']","['1014\n', 'C\nC\n\n34\n']",modelv1.0__2026-05-20 20:23:05
D:/moth_photos/database\batch_08\img_moth_00015829.jpg,"[4000, 6000]",36.40384615384615,"['WPC\n1015\n', 'FouhgT2502177\n\nDominick\nCharlesREdwards\nMcClellanville\nSouthCarolina29458\n\nHypr gins 220b9Styt\n\nOC7Z617O\nCntVa3955H6\n']","['C\n1015\n', '72502177\n\nD\nCR\nC\nC29458\n\n2209\n\nCC76176\nC39556\n']","['WPC\n1015\n', 'P72502177\n\nC\n\nC\n\nC29458\n2209\n\nCC76176\nC39556\n']",modelv1.0__2026-05-20 20:23:05
D:/moth_photos/database\batch_08\img_moth_00015830.jpg,"[4000, 6000]",36.44230769230769,"['WPC\n1016\n', 'RBDominick\n\nCharlesREdwards\nMcClellanville\n\nSouthCarolina29458\n\nFatent19Seg3 1970\nEen oryedse2 Poe\n\nSSCs\n']","['RC\n1016\n', 'RD\n\nCR\nC\n\nC29458\n\n193 1970\n2 7\n\nC\n']","['WPC\n1016\n', 'C\nC\nC29458\n\nP193 1970\n2 P7\n\nC\n']",modelv1.0__2026-05-20 20:23:05
D:/moth_photos/database\batch_08\img_moth_00015831.jpg,"[4000, 6000]",36.65384615384615,"['WPC\n1017\n', 'McClellanville\nqi SouthCarolina\n', '']","['C\n1017\n', 'C\n9 C\n', '']","['WPC\n1017\n', 'C\n9 C\n', '']",modelv1.0__2026-05-20 20:23:05
D:/moth_photos/database\batch_08\img_moth_00015832.jpg,"[4000, 6000]",36.53846153846154,"['WPC\n1018\n', 'RBDominick\n\nMcClennanville\nSouthCarolina\n\n340819724\n']","['C\n1018\n', 'RD\n\nC\nC\n\n340819724\n']","['WPC\n1018\n', 'C\nC\n\n340819724\n']",modelv1.0__2026-05-20 20:23:05
D:/moth_photos/database\batch_08\img_moth_00015833.jpg,"[4000, 6000]",36.5,"['WPC\n1019\n', 'RBVomMinick\nCharlesREdwards\nMcClellanville\nSouthCarolina\n\n3OckAIV7Z\nJioghi\n', '']","['C\n1019\n', 'R\nCR\nC\nC\n\n3072\n', '']","['WPC\n1019\n', 'C\nC\nC\n\n3072\n', '']",modelv1.0__2026-05-20 20:23:05
D:/moth_photos/database\batch_08\img_moth_00015834.jpg,"[4000, 6000]",36.44230769230769,"['SOUTHCAROLINA\nWedgePlantation\nMcClellanyille\n23Y19CP\nDC\n\nerguson\n', 'WPC\n1020\n']","['CRC\nC\n2319C\nDC\n', 'C\n1020\n']","['CC\nWP\nC\n2319CP\nC\n', 'WPC\n1020\n']",modelv1.0__2026-05-20 20:23:05
D:/moth_photos/database\batch_08\img_moth_00015835.jpg,"[4000, 6000]",36.519230769230774,"['OU\nSOUTHCAROLINA\nwedge plantation\nmMcClel lanyil ie\n\n23Vilp26P\n\npC Ferguson\n\n', 'WPC\n1021\n']","['CR\nC\n\n2326\n\nDC\n\n', 'C\n1021\n']","['C\nW P\nC\n\n2326P\n\nC\n\n', 'WPC\n1021\n']",modelv1.0__2026-05-20 20:23:05
D:/moth_photos/database\batch_08\img_moth_00015836.jpg,"[4000, 6000]",37.05882352941176,"['WPC\n1022\n', 'SOUTHCAROLINA\nWedgePlantation\nMcClellanville\nAugust T 1968\nDCFerguson\n']","['C\n1022\n', 'CRC\nC\n7 1968\nDC\n']","['WPC\n1022\n', 'CC\nWP\nC\n7 1968\nCP\n']",modelv1.0__2026-05-20 20:23:05
D:/moth_photos/database\batch_08\img_moth_00015837.jpg,"[4000, 6000]",36.46153846153847,"['WPC\n1023\n', 'RBDominick\nCharlesR Edwaris2\nMcClellanville\nSouthCarolina29458\n\nHMSCpt1GCE\neshty\n']","['C\n1023\n', 'RRD\nCR 2\nC\nC29458\n\nC1C\n']","['WPC\n1023\n', 'C 2\nC\nC29458\n\nC1PCP\n']",modelv1.0__2026-05-20 20:23:05
D:/moth_photos/database\batch_08\img_moth_00015838.jpg,"[4000, 6000]",36.519230769230774,"['WPC\n1024\n', 'RRDominick\nCharlesREdwards\nMcClellanville\nSouthCarolina29458\n\nZeJul 4 INF\nLighhy\n']","['RC\n1024\n', 'RRD\nCR\nC\nC29458\n\n26 4 14\n']","['WPC\n1024\n', 'C\nC\nC29458\n\n26 4 14\n']",modelv1.0__2026-05-20 20:23:05
D:/moth_photos/database\batch_08\img_moth_00015839.jpg,"[4000, 6000]",36.5,"['WPC\n1025\n', 'McClellanville\nSouth Carolina\n\nao Lo\n']","['C\n1025\n', 'C\nC\n']","['WPC\n1025\n', 'C\nC\n']",modelv1.0__2026-05-20 20:23:05
D:/moth_photos/database\batch_08\img_moth_00015840.jpg,"[4000, 6000]",36.44230769230769,"['WPC\n1026\n', 'oO\nMcClellanville\nSouthCarolina\n\n3Iely L71966\n7\n']","['C\n1026\n', 'C\nC\n\n3 71966\n7\n']","['WPC\n1026\n', 'C\nC\n\n3 71966\n7\n']",modelv1.0__2026-05-20 20:23:05
D:/moth_photos/database\batch_08\img_moth_00015841.jpg,"[4000, 6000]",36.5,"['WPC\n1027\n', 'RB Dominick\nMcClellanville\nWhat\n\n4yAisq1975\nlught\n']","['C\n1027\n', 'R D\nC\n\n41975\n']","['WPC\n1027\n', 'C\nW\n\n41975\n']",modelv1.0__2026-05-20 20:23:05
D:/moth_photos/database\batch_08\img_moth_00015842.jpg,"[4000, 6000]",36.61538461538461,"['WPC\n1028\n', 'xSVominick\nCharlesR Edwartep\nMcClellanville\n\nSouthCarolina 29458\n\nI eva LVosF\n', '']","['C\n1028\n', 'CR\nC\nC 29458\n', '']","['WPC\n1028\n', 'C P\nC\nC 29458\n\nP\n', '']",modelv1.0__2026-05-20 20:23:05
D:/moth_photos/database\batch_08\img_moth_00015843.jpg,"[4000, 6000]",36.46153846153847,"['WPC\n1029\n', 'RBDominick\nCharlesR EdwarisS\nMcClellanville\nSouthCarolina29458e\n19May cg\nficail\n', '32ZO\n']","['C\n1029\n', 'RRD\nCR\nC\nC29458\n19 C6\n', '322\n']","['WPC\n1029\n', 'C W\n\nC\n\nC29458\n19 C6\n', '322\n']",modelv1.0__2026-05-20 20:23:05
D:/moth_photos/database\batch_08\img_moth_00015844.jpg,"[4000, 6000]",36.67307692307692,"['RRDominick\n\nCharlesREdwards\nMcClellanville cS\n\nSouthC4rolina29458\n\nRpmoatyeS\n', 'WPC\n1030\n', '']","['RRD\n\nCR\nC\n\nC429458\n\nR\n', 'RC\n1030\n', '']","['C\nC\n\nC429458\n', 'WPC\n1030\n', '']",modelv1.0__2026-05-20 20:23:05
D:/moth_photos/database\batch_08\img_moth_00015845.jpg,"[4000, 6000]",36.57692307692308,"['WPC\n1031\n', 'RBDominick\nCharlesREdwards\nMcClellanville\nSouthCarolina29458\n\n14moy1T63\n4IGht\n', '']","['C\n1031\n', 'RRD\nCR\nC\nC29458\n\n14163\n41C\n', '']","['WPC\n1031\n', 'C\nC\nC29458\n\n14163\n41C\n', '']",modelv1.0__2026-05-20 20:23:05
D:/moth_photos/database\batch_08\img_moth_00015846.jpg,"[4000, 6000]",36.692307692307686,"['WPC\n1032\n', '2BVomiINnicsr\nCharlesR Edwards\nMcClellanville\nSouth Carolinae\n']","['C\n1032\n', '2DD\nCR\nC\nC\n']","['WPC\n1032\n', '2\nC\nC\nC\n']",modelv1.0__2026-05-20 20:23:05
D:/moth_photos/database\batch_08\img_moth_00015847.jpg,"[4000, 6000]",36.519230769230774,"['WPC\n1033\n', 'RBDominick\n\nCharlesREdward\n\nMcClellanville\n\nSouthGarolina29458\nJ2MaosGee\nCLIGnredc\n', '222O\n']","['C\n1033\n', 'RD\n\nCR\n\nC\n\n29458\n729\nC\n', '2220\n']","['WPC\n1033\n', 'C\n\nC\n\n29458\n729\nC\n', '2220\n']",modelv1.0__2026-05-20 20:23:05
D:/moth_photos/database\batch_08\img_moth_00015848.jpg,"[4000, 6000]",36.53846153846154,"['WPC\n1034\n', 'RRDominick\nChariesREdwards\nMcClellanville\nOeae org\n7 atyFo\nLeohee\n', '2720\n']","['C\n1034\n', 'RRD\nCR\nC\n7 29\n', '2720\n']","['WPC\n1034\n', 'C\nC\n7 29\n', '2720\n']",modelv1.0__2026-05-20 20:23:05
D:/moth_photos/database\batch_08\img_moth_00015849.jpg,"[4000, 6000]",36.44230769230769,"['WPC\n1035\n', 'RBVominick\nCharlesREdwards\nMcCleltanville\nSouth Carolina 29458\n\n3 Moan 1G0F\n\npFB\n', 'we\n\naI\nKe\n']","['C\n1035\n', 'R\nCR\nC\nC 29458\n\n3 150\n', '']","['WPC\n1035\n', 'C\nC\nC 29458\n\n3 150P\n', '']",modelv1.0__2026-05-20 20:23:05
D:/moth_photos/database\batch_08\img_moth_00015850.jpg,"[4000, 6000]",37.07843137254902,"['WPC\n1036\n', 'MOCULeCllianville\nSouthCarolina\nRBDominick\n\nletejrds\n', 'a\ncay\n']","['C\n1036\n', 'CC\nC\nRRD\n', '']","['WPC\n1036\n', 'CC\nC\n', '']",modelv1.0__2026-05-20 20:23:05
D:/moth_photos/database\batch_08\img_moth_00015851.jpg,"[4000, 6000]",36.53846153846154,"['RBDominick\n\nCharlesREdwards\nMcClellanville\nSoufhCarolina29458\n\n23m 1942\ndicha 16\n', 'WPC\n\n1037\n']","['RRD\n\nCR\nC\nC29458\n\n23 1942\n16\n', 'C\n\n1037\n']","['C\nC\nC29458\n\n23 1942\n16\n', 'WPC\n\n1037\n']",modelv1.0__2026-05-20 20:23:05
D:/moth_photos/database\batch_08\img_moth_00015852.jpg,"[4000, 6000]",36.61538461538461,"['WPC\n1038\n', 'RBDominick\nCharlesREdwards 4\nMcClellanville\nSouthCarolina29458\n\n14Aga9L8\nTearTaog\n']","['C\n1038\n', 'RD\nCR 4\nC\nC29458\n\n14RR98\n']","['WPC\n1038\n', 'C 4\nC\nC29458\n\n1498\n']",modelv1.0__2026-05-20 20:23:05
D:/moth_photos/database\batch_08\img_moth_00015853.jpg,"[4000, 6000]",36.38461538461538,"['WPC\n1039\n', 'KRBDominick\nCharlesREdwars\nMcClellanville\nSouthCarolina\n\n23Jb1971\nlLrahto\n']","['C\n1039\n', 'R6D\nCR\nC\nC\n\n2361971\n']","['WPC\n1039\n', '6\nC\nC\nC\n\n2361971\n']",modelv1.0__2026-05-20 20:23:05
D:/moth_photos/database\batch_08\img_moth_00015854.jpg,"[4000, 6000]",36.42307692307693,"['WPC\n1040\n', 'RBDominick\nChariesREdwards\nMcClellanville\nSouthCarolina29458\n\nATMary 1963\n']","['C\n1040\n', 'RRD\nCR\nC\nC29458\n\n1963\n']","['WPC\n1040\n', 'C\nC\nC29458\n\n1963\n']",modelv1.0__2026-05-20 20:23:05
D:/moth_photos/database\batch_08\img_moth_00015855.jpg,"[4000, 6000]",37.01923076923077,"['WPC\n1041\n', 'NedgePlantation\nSouthSanteeRiver\ncharleston CoSC\nMarch21967\nNouglasCFerquson\n', '']","['C\n1041\n', '1\nR\nCC\n21967\nDC\n', '']","['WPC\n1041\n', 'P1\nCC\n21967\nC\n', '']",modelv1.0__2026-05-20 20:23:05
D:/moth_photos/database\batch_08\img_moth_00015856.jpg,"[4000, 6000]",36.46153846153847,"['WPC\n1042\n', 'McClellanville\nSouthCarolina\nCharlesREdwards\n\nrs AUQN967\nper oh\n']","['RC\n1042\n', 'C\nC\nCR\n\nD967\n']","['WPC\n1042\n', 'C\nC\nC\n\n967\n']",modelv1.0__2026-05-20 20:23:05
D:/moth_photos/database\batch_08\img_moth_00015857.jpg,"[4000, 6000]",36.40384615384615,"['WPC\n1043\n', 'RBDominick\nCharlesR EdwanisF\n\nMcClellanville\nSouthCarolina29458\n31may 1Fc8\n\n4ef\n']","['C\n1043\n', 'RD\nCR\n\nC\nC29458\n31 168\n\n4\n']","['WPC\n1043\n', 'C\n\nC\nC29458\n31 168\n\n4\n']",modelv1.0__2026-05-20 20:23:05
D:/moth_photos/database\batch_08\img_moth_00015858.jpg,"[4000, 6000]",36.71153846153846,"['WPC\n1044\n', 'RBDominick\n\nMcClellanville\n\nSoutheCarolina29458\n\n7 bienk 4949\nLegh\n', '7r200les\n2brost al\n\n9oFO\n', '']","['RC\n1044\n', 'RD\n\nC\n\nC29458\n\n7 4949\n', '7200\n2\n\n90\n', '']","['WPC\n1044\n', 'C\n\nC29458\n\n7 4949\n', '7200\n2P\n\n90\n', '']",modelv1.0__2026-05-20 20:23:05
D:/moth_photos/database\batch_08\img_moth_00015859.jpg,"[4000, 6000]",36.67307692307692,"['WPC\n\n1045\n', 'RBDominick\n\nCharles REdwards\nMcClellanville\n\nSouthCerolina29458\n\n7 Oct967\n']","['C\n\n1045\n', 'RRD\n\nC R\nC\n\nC29458\n\n7 967\n']","['WPC\n\n1045\n', 'C\nC\n\nC29458\n\n7 967\n']",modelv1.0__2026-05-20 20:23:05
D:/moth_photos/database\batch_08\img_moth_00015860.jpg,"[4000, 6000]",36.67307692307692,"['WPC\n1046\n', 'McClellanville\nSouth Carolina\nDominick\n\n4Njar 468\na7Bart\n']","['C\n1046\n', 'C\nC\nD\n\n4 468\n7R\n']","['WPC\n1046\n', 'C\nC\n\n4 468\n7\n']",modelv1.0__2026-05-20 20:23:05
D:/moth_photos/database\batch_08\img_moth_00015861.jpg,"[4000, 6000]",36.59615384615385,"['WPC\n1047\n', 'vwIiCULlIanville\nSouthCarolina\nRBDominick\n']","['C\n1047\n', 'CC\nC\nRRD\n']","['WPC\n1047\n', 'WCC\nC\n']",modelv1.0__2026-05-20 20:23:05
D:/moth_photos/database\batch_08\img_moth_00015862.jpg,"[4000, 6000]",36.63461538461539,"['WPC\n1048\n', '', '']","['C\n1048\n', '', '']","['WPC\n1048\n', '', '']",modelv1.0__2026-05-20 20:23:05
D:/moth_photos/database\batch_08\img_moth_00015863.jpg,"[4000, 6000]",36.41509433962265,"['WPC\n1049\n', 'KBDominick\nCharlesREdward\nMcClellanville\nSouthCarolina 29458e\n\nASSenk 1908\n\nAietas\n']","['C\n1049\n', '5DC\nCR\nC\nC 29458\n\n1908\n']","['WPC\n1049\n', '5C\nC\nC\nC 29458\n\n1908\n']",modelv1.0__2026-05-20 20:23:05
D:/moth_photos/database\batch_08\img_moth_00015864.jpg,"[4000, 6000]",36.67307692307692,"['WPC\n1050\n', 'KBVDominick\nCharles REdwanied\nMcClellanville\n\nSouthCarolina29458\n\nADAuvsKUF\nLith\n']","['C\n1050\n', 'RD\nC R\nC\n\nC29458\n\nDD\n']","['WPC\n1050\n', 'C\nC\nC29458\n']",modelv1.0__2026-05-20 20:23:05
D:/moth_photos/database\batch_08\img_moth_00015865.jpg,"[4000, 6000]",36.692307692307686,"['WPC\n1051\n', 'RBDominick\nCharlesREdwards\n\nMcCle Wanville\nSouthCarolina29458\n\nBAb19b7\nLegnl\n']","['C\n1051\n', 'RRD\nCR\n\nC\nC29458\n\n197\n']","['WPC\n1051\n', 'C\n\nC W\nC29458\n\n197\n']",modelv1.0__2026-05-20 20:23:05
D:/moth_photos/database\batch_08\img_moth_00015866.jpg,"[4000, 6000]",36.78846153846154,"['WPC\n1052\n', 'Mc Clellanville\nSouth Carolina\nDominick\n\ng ef 963\nLghf\n']","['C\n1052\n', 'C\nC\nD\n\n2 963\n']","['WPC\n1052\n', 'C\nC\n\n2 963\n']",modelv1.0__2026-05-20 20:23:05
D:/moth_photos/database\batch_08\img_moth_00015867.jpg,"[4000, 6000]",36.84615384615385,"['WPC\n1053\n', 'RBDominick\nCharlesREdwards\nMcClellanville\n\nleOctGb71\nLicghP\n']","['C\n1053\n', 'RD\nCR\nC\n\n671\n4\n']","['WPC\n1053\n', 'C\nC\n\n671\n4P\n']",modelv1.0__2026-05-20 20:23:05
D:/moth_photos/database\batch_08\img_moth_00015868.jpg,"[4000, 6000]",36.71153846153846,"['WPC\n1054\n', 'RBDominick\nChariesREdwards\n\nCS McClellanville\nSouthCarolina29458\n\nby MeovelFt7\nhighk\n']","['C\n1054\n', 'RD\nCR\n\nC C\nC29458\n\n4 7\n']","['WPC\n1054\n', 'C\n\nC C\nC29458\n\n4 7\n']",modelv1.0__2026-05-20 20:23:05
D:/moth_photos/database\batch_08\img_moth_00015869.jpg,"[4000, 6000]",36.63461538461539,"['WPC\n1055\n', 'McClellanville\nSouthCarolina\nCharlesREdwards a\n\nABSgahF67\n41shh\n']","['C\n1055\n', 'C\nC\nCR\n\n2852967\n41\n']","['WPC\n1055\n', 'C\nC\nC\n\n2852967\n41\n']",modelv1.0__2026-05-20 20:23:05
D:/moth_photos/database\batch_08\img_moth_00015870.jpg,"[4000, 6000]",36.65384615384615,"['WPC\n1056\n', 'l McClellanville\nsouth Carolina\nDominick\n\n16 Oct V67\n', '']","['C\n1056\n', 'C\nC\nD\n\n16 67\n', '']","['WPC\n1056\n', 'C\nC\n\n16 67\n', '']",modelv1.0__2026-05-20 20:23:05
D:/moth_photos/database\batch_08\img_moth_00015871.jpg,"[4000, 6000]",36.980769230769226,"['WPC\n1057\n', 'XBDominick\nCharlsR Edwards\nMcClellenville\nSouthCarolina\n\n295yh07\n\nboakR\n', 'DMBC01346\n\nRICHARDBDOMINICK\n\nMOTHBUTTERFLY COLLECTION\n\nUNIVERSITYOFSOUTH CAROLINA\n', '']","['C\n1057\n', '6D\nCR\nC\nC\n\n29507\n\nR\n', 'DC01346\n\nRCRD8DC\n\nRR CC\n\nR CR\n', '']","['WPC\n1057\n', '6\nC\nC\nC\n\n29507\n', 'PC01346\n\nC8WC\n\nP CC\n\nC\n', '']",modelv1.0__2026-05-20 20:23:05
D:/moth_photos/database\batch_08\img_moth_00015872.jpg,"[4000, 6000]",36.67307692307692,"['WPC\n1058\n', 'NDVOMTIeEAr\nMcClellanville\nSouthCarolina\n\n7S\nHt ee\n']","['C\n1058\n', 'D\nC\nC\n\n7\n']","['WPC\n1058\n', 'W\nC\nC\n\n7\n']",modelv1.0__2026-05-20 20:23:05
D:/moth_photos/database\batch_08\img_moth_00015873.jpg,"[4000, 6000]",36.65384615384615,"['WPC\n1059\n', 'NBVominic\nMcClellanville\nSouthCarolin\n\n192\nLine ure\n']","['C\n1059\n', 'D\nC\nC\n\n192\n']","['WPC\n1059\n', 'C\nC\n192\n']",modelv1.0__2026-05-20 20:23:05
D:/moth_photos/database\batch_08\img_moth_00015874.jpg,"[4000, 6000]",36.65384615384615,"['WPC\n1060\n', 'RBDominick\nCharlesREdwaris\nMcClellanville\n\nSouth Caroli\n', 'DMBC01337\nRICHARDBDOMINICK\nMOTH8BUTTERFLYCOLLECTION\n\nUNIVERSITYOFSOUTHCAROLINA\n', 'ghey F225\noy\n\nrapt ie o Kime\n\n']","['C\n1060\n', 'RD\nCR\nC\n\nC\n', 'DC01337\nRCRD8DC\n8RCC\n\nR0CR\n', '225\n\n']","['WPC\n1060\n', 'C\nC\n\nC\n', 'PC01337\nC8WC\n8CC\n\n0C\n', '225\n\nP\n\n']",modelv1.0__2026-05-20 20:23:05
D:/moth_photos/database\batch_08\img_moth_00015875.jpg,"[4000, 6000]",36.61538461538461,"['WPC\n1061\n', 'KDVOMIMICA\nCharlesREdwards\nMcClellanville\nSouthCrolina\n\nB6WhyI165\nLiah\n', '', 'DMBC00929\nRICHARDBDOMINICK\n\nMOTH8BUTTERFLYCOLLECTION\nUNIVERSITYOFSOUTHCAROLINA\n\n']","['C\n1061\n', 'RDCR\nCR\nC\nC\n\n6165\n', '', 'DC00929\nRCRD8DC\n\n8RCC\nR0CR\n\n']","['WPC\n1061\n', 'C\nC\nC\nC\n\n6W165\n', '', 'PC00929\nC8C\n\n8CC\n0C\n\n']",modelv1.0__2026-05-20 20:23:05
D:/moth_photos/database\batch_08\img_moth_00015876.jpg,"[4000, 6000]",36.53846153846154,"['RBDominick\n\nCharlesREdwards\nSouthCarolina29453\n\nLishh\n', 'WPC\n1062\n', 'caAMery\nmenage\n', 'DMBC00928\nRICHARDBDOMINICK\n\nMOTH8BUTTERFLYCOLLECTION\nUNIVERSITYOFSOUTHCAROLINA\n']","['RRD\n\nCR\nC29453\n', 'C\n1062\n', '', 'DC00928\nRCRDDC\n\n8RCC\nRCR\n']","['C\nC29453\n', 'WPC\n1062\n', '', 'PC00928\nCPC\n\n8CC\nC\n']",modelv1.0__2026-05-20 20:23:05
D:/moth_photos/database\batch_08\img_moth_00015877.jpg,"[4000, 6000]",36.692307692307686,"['WPC\n1063\n', 'mBVominic\nMcClel18nvilleg\nSouth Carolina\n\n3Sept1972\nDuiahkh\n', 'limMenc Ong\nDer\n']","['C\n1063\n', 'D\nC118\nC\n\n31972\nD\n', 'D\n']","['WPC\n1063\n', 'C118\nC\n\n31972\n', '']",modelv1.0__2026-05-20 20:23:05
D:/moth_photos/database\batch_08\img_moth_00015878.jpg,"[4000, 6000]",36.63461538461539,"['WPC\n1064\n', 'RBDominick\nCharlesREdwards\nMc felellanville\n\nSouthCarolina\n\nJSeptsJ971\nI5a4\n']","['C\n1064\n', 'RD\nCR\nC\n\n971\n54\n']","['WPC\n1064\n', 'C\nC\n\n971\n54\n']",modelv1.0__2026-05-20 20:23:05
D:/moth_photos/database\batch_08\img_moth_00015879.jpg,"[4000, 6000]",36.67307692307692,"['WPC\n1065\n', 'RBDominick\nCharlesR EdwardsG\nMcQlellanville\nSouthCarolina294586e\n\nAd Aus9L8\n\nLigny\n\n']","['C\n1065\n', 'RRD\nCR\nC294586\n\n98\n\n']","['WPC\n1065\n', 'C\nC294586\n\nP98\n\n']",modelv1.0__2026-05-20 20:23:05
D:/moth_photos/database\batch_08\img_moth_00015880.jpg,"[4000, 6000]",36.61538461538461,"['WPC\n1066\n', 'RBDominick\nCharlesREdwards\nMcClellanville\nSouthCarolina\n\n1yPag470\n\n', '']","['C\n1066\n', 'R8D\nCR\nC\nC\n\n14470\n\n', '']","['WPC\n1066\n', '8\nC\nC\nC\n\n14P470\n\n', '']",modelv1.0__2026-05-20 20:23:05
D:/moth_photos/database\batch_08\img_moth_00015881.jpg,"[4000, 6000]",36.65384615384615,"['WPC\n1067\n', 'McClellanville\nSouth Carolina\nSW Dominick\n\nMayI4Ee\n']","['C\n1067\n', 'C\nC\nD\n\n46\n']","['WPC\n1067\n', 'C\nC\nW\n\nW46\n']",modelv1.0__2026-05-20 20:23:05
D:/moth_photos/database\batch_08\img_moth_00015882.jpg,"[4000, 6000]",36.65384615384615,"['RBDominick\n\nCharlesR EdwarisA\nMcCletata28 e\n\ntyCarolina 29458\n\n3 SejIt 9G\nLIGak\n', 'WPC\n1068\n']","['RRD\n\nCR\nC28\n\nC 29458\n\n3 9 9\n6\n', 'RC\n1068\n']","['C\nC28\n\nC 29458\n\n3 9P 9\n6\n', 'WPC\n1068\n']",modelv1.0__2026-05-20 20:23:05
D:/moth_photos/database\batch_08\img_moth_00015883.jpg,"[4000, 6000]",36.65384615384615,"['WPC\n1069\n', 'McClellanville\nSouthCarolina\nRBDominick\n\nSSetyy 1966\nLighde\n', 'Acronrcta\n\nQAKnHersCANQE\n\n']","['C\n1069\n', 'C\nC\nRRD\n\n35 1966\n', 'C\n\nC\n\n']","['WPC\n1069\n', 'C\nC\n\n35 1966\n', 'C\n\nC\n\n']",modelv1.0__2026-05-20 20:23:05
D:/moth_photos/database\batch_08\img_moth_00015884.jpg,"[4000, 6000]",36.57692307692308,"['WPC\n1070\n', 'iph\nRB Dominick\n\nCharlesREdwards\nMcClellanville\nSouthCarolina 29458\n\nged 14677\nfague\n\n']","['C\n1070\n', 'R D\n\nCR\nC\nC 29458\n\n14677\n\n']","['WPC\n1070\n', 'P\n\nC\nC\nC 29458\n\n14677\n\n']",modelv1.0__2026-05-20 20:23:05
D:/moth_photos/database\batch_08\img_moth_00015885.jpg,"[4000, 6000]",36.480769230769226,"['WPC\n1071\n', 'McClellanville\nSouthCarolina cy\nRB Dominick\n']","['C\n1071\n', 'C\nC C\nR8 D\n']","['WPC\n1071\n', 'C\nC C\n8\n']",modelv1.0__2026-05-20 20:23:05
D:/moth_photos/database\batch_08\img_moth_00015886.jpg,"[4000, 6000]",36.63461538461539,"['WPC\n\n1072\n', 'McClellanville\nSouthCarolina\nCharlesREdwardse\n\nFO4Jus\nLogng1947\n']","['RC\n\n1072\n', 'C\nC\nCR\n\n3044\nC1947\n']","['WPC\n\n1072\n', 'C\nC\nC\n\n3044\nC1947\n']",modelv1.0__2026-05-20 20:23:05
D:/moth_photos/database\batch_08\img_moth_00015887.jpg,"[4000, 6000]",36.67307692307692,"['WPC\n1073\n', 'McClellanville\nSouthCarolina\neCharlesREdwards\n\nP Scegl1I67\n']","['C\n1073\n', 'C\nC\nCR\n\nD 1967\n']","['WPC\n1073\n', 'C\nC\nC\n\nP 1967\n']",modelv1.0__2026-05-20 20:23:05
D:/moth_photos/database\batch_08\img_moth_00015888.jpg,"[4000, 6000]",36.63461538461539,"['WPC\n1074\n', 'McClellanville\nSouth Carolina\nDominick\n\n6Seply 66\n']","['C\n1074\n', 'C\nC\nD\n\n6 66\n']","['WPC\n1074\n', 'C\nC\n\n6 66\n']",modelv1.0__2026-05-20 20:23:05
D:/moth_photos/database\batch_08\img_moth_00015889.jpg,"[4000, 6000]",36.67307692307692,"['WPC\n1075\n', 'BNe2J0eAJUTLIZTIICN\nChariesREdwards\nMcClellanville\nsouthCarolina\n\n3Sept1972\npr\n', '']","['C\n1075\n', '270CR\nCR\nC\n0C\n\n31972\n', '']","['WPC\n1075\n', 'P270C\nC\nC\n0C\n\n31972\n', '']",modelv1.0__2026-05-20 20:23:05
D:/moth_photos/database\batch_08\img_moth_00015890.jpg,"[4000, 6000]",36.5,"['WPC\n1076\n', 'KBDominick\n\nCharlesREdwards\nMcClellqnville 2\nSouthCarolinae\n\n5Sept1422\nLea\n']","['C\n1076\n', 'D\n\nCR\nC 2\nC\n\n51422\n']","['WPC\n1076\n', 'C\nC 2\nC\n\n51422\n']",modelv1.0__2026-05-20 20:23:05
D:/moth_photos/database\batch_08\img_moth_00015891.jpg,"[4000, 6000]",36.67307692307692,"['WPC\n1077\n', 'KBDominick\nCharlesREdwards\nMcClellanville\nSouth ya\n\nATO\nor\n', '', 'DMBC00931\nRICHARDBDOMINICK\n\nMOTHBUTTERFLYCOLLECTION\nUNIVERSITYOFSOUTHCAROLINA\n\n']","['C\n1077\n', 'D\nCR\nC\n\n9\n', '', 'DC00931\nRCRD8DC\n\nRCC\nR0CR\n\n']","['WPC\n1077\n', 'C\nC\n\n9\n', '', 'PC00931\nC8WC\n\nCC\n0C\n\n']",modelv1.0__2026-05-20 20:23:05
D:/moth_photos/database\batch_08\img_moth_00015892.jpg,"[4000, 6000]",36.63461538461539,"['WPC\n1078\n', 'KBVominick\nCharlesREdwards\nMcClellanville\n\nLSaof192\nabsWo597\nana\n', 'Shor\n', 'ILE\n\n']","['C\n1078\n', 'R\nCR\nC\n\n192\n597\n4\n', '', '']","['WPC\n1078\n', 'C\nC\n\n192\nW597\n4\n', '', '']",modelv1.0__2026-05-20 20:23:05
D:/moth_photos/database\batch_08\img_moth_00015893.jpg,"[4000, 6000]",36.5,"['WPCC\n1079\n', 'aN2MONIUTUMCHK\n\nChariesREdwards\n\nMc CleYanville\nSouthCarolina wr\n\n5 197\nSeph1F22\n']","['RC\n1079\n', '2CR\n\nCR\n\nC\nC\n\n5 197\n1922\n']","['WPCC\n1079\n', '2C\n\nC\n\nCW\nC\n\n5 197\n1922\n']",modelv1.0__2026-05-20 20:23:05
D:/moth_photos/database\batch_08\img_moth_00015894.jpg,"[4000, 6000]",36.67307692307692,"['WPC\n1080\n', 'RBDominick\nCharlesREdwards\nMcClellamville\nSouthGarolina29458\n\n4 5 c7\nETAKS613\n\naN\n']","['C\n1080\n', 'RD\nCR\nC\n29458\n\n4 5 7\n75613\n\n4\n']","['WPC\n1080\n', 'C\nC\n29458\n\n4 5 7\n75613\n\n4\n']",modelv1.0__2026-05-20 20:23:05
D:/moth_photos/database\batch_08\img_moth_00015895.jpg,"[4000, 6000]",36.55769230769231,"['WPC\n1081\n', 'weOMOMINICK\nharlesREdwards\n\nAcClellgnville\nouthCarolina Soy\n\nt197Z\ntSepfTIA\n']","['C\n1081\n', 'C\nR\n\nC\nC\n\n1972\n']","['WPC\n1081\n', 'C\n\nC\nC\n\n1972\n']",modelv1.0__2026-05-20 20:23:05
D:/moth_photos/database\batch_08\img_moth_00015896.jpg,"[4000, 6000]",36.61538461538461,"['WPC\n1082\n\n', '2BDominick\nSouthCaroline 29458\n', 'A4efulae\nLIZA\n', 'ELLE NAO stestee\nBC00932\nRICHARDB DOMINICK\n\nMOTHBUTTERFLY COLLECTION\nUNIVERSITYOFSOUTH CAROLINA\n\n']","['C\n1082\n\n', '2RDC\nC 29458\n', 'R4\n16\n', 'RR 4\nRC00932\nRCRD DC\n\nR CC\nR CR\n\n']","['WPC\n1082\n\n', '2C\nC 29458\n', '4\n16\n', 'PP 4\nC00932\nC PC\n\nCC\nW C\n\n']",modelv1.0__2026-05-20 20:23:05
D:/moth_photos/database\batch_08\img_moth_00015897.jpg,"[4000, 6000]",36.57692307692308,"['WPC\n1083\n', 'McClellanville\nSouthCarolina\nCharlesRdwards\n\nLHeesf97L7\nL194\n']","['C\n1083\n', 'C\nC\nCR\n\n5977\n194\n']","['WPC\n1083\n', 'C\nC\nC\n\n5977\n194\n']",modelv1.0__2026-05-20 20:23:05
D:/moth_photos/database\batch_08\img_moth_00015898.jpg,"[4000, 6000]",36.480769230769226,"['WPC\n4084\n', 'RBDominick\nChariesR Edwants2\n\nMcGlelianville\nSouthCarctina29458e\n\nJYsunesFe3\nset\n']","['C\n4084\n', 'RRD\nCR 2\n\nC29458\n\n17C3\n']","['WPC\n4084\n', 'C 2\n\nC29458\n\n17C3\n']",modelv1.0__2026-05-20 20:23:05
D:/moth_photos/database\batch_08\img_moth_00015899.jpg,"[4000, 6000]",36.63461538461539,"['WPC\n1085\n', 'rBVominick\nharlesREdwards\nAcClellanville\nsouthC4rolina\n\nMay 722\n\ntioh\n']","['C\n1085\n', '2\nR\nC\nC4\n\n5 722\n']","['WPC\n1085\n', '2\nC\nC4\n\n5W 722\n']",modelv1.0__2026-05-20 20:23:05
D:/moth_photos/database\batch_08\img_moth_00015900.jpg,"[4000, 6000]",36.55769230769231,"['WPC\n1086\n', 'SOUTHCAROLINA\nWedgePlantation\nMcClellanville\nAugust Lf 1968\nDeCzw Ferguson\n', '']","['C\n1086\n', 'CR\nC\n1968\nDC\n', '']","['WPC\n1086\n', 'C\nWP\nC\n1968\nC P\n', '']",modelv1.0__2026-05-20 20:23:05
D:/moth_photos/database\batch_08\img_moth_00015901.jpg,"[4000, 6000]",36.57692307692308,"['WPC\n1087\n', 'RBDominick\nCharlesREdwards\nMcClellanville\nSouthCarolina29458\n14AGR46F\n\nLisht\n', '']","['C\n1087\n', 'RRD\nCR\nC\nC29458\n14R467\n', '']","['WPC\n1087\n', 'C\n\nC\n\nC29458\n14P467\n', '']",modelv1.0__2026-05-20 20:23:05
D:/moth_photos/database\batch_08\img_moth_00015902.jpg,"[4000, 6000]",36.53846153846154,"['WPC\n1088\n', 'Wedge Plantation\nSouth Santee River\nChaxglestonCoSC\nMarch 3i 1967\nDouglasCFerguson\nOCSCSiCSOCiCsiissCSY\n']","['C\n1088\n', 'R\nCC0C\n3 1967\nDC\nCCCC\n']","['WPC\n1088\n', 'W P\nCC0C\n3 1967\nPC\nCCCC\n']",modelv1.0__2026-05-20 20:23:05
D:/moth_photos/database\batch_08\img_moth_00015903.jpg,"[4000, 6000]",36.57692307692308,"['RBDominick\nMcQlellanville\nSouthCarolina29458\n\nTStpt1Fb8\nLISHtF\n', 'WPC\n1089\n']","['RRD\nC29458\n\n51958\n4\n', 'C\n1089\n']","['C29458\n\n51958\n4\n', 'WPC\n1089\n']",modelv1.0__2026-05-20 20:23:05
D:/moth_photos/database\batch_08\img_moth_00015904.jpg,"[4000, 6000]",36.63461538461539,"['RBDominick\nCharlesREdwards\nMcClellanville\nSoughCarolina 1969\nI9s Soph S968\n\n18\n', 'WPC\n1090\n']","['RRD\nCR\nC\nC 1969\n9 6 968\n\n18\n', 'RC\n1090\n']","['C\n\nC\n\nC 1969\n9 6 968\n\n18\n', 'WPC\n1090\n']",modelv1.0__2026-05-20 20:23:05
D:/moth_photos/database\batch_08\img_moth_00015905.jpg,"[4000, 6000]",36.9607843137255,"['WPC\n1091\n', 'RBDominick\nCharlesREdwards\n\nMcClellanville\nSouthCarolina29458\n\nLACH\n']","['C\n1091\n', 'RD\nCR\n\nC\nC29458\n\n1CD\n']","['WPC\n1091\n', 'C\n\nC\nC29458\n\n1C\n']",modelv1.0__2026-05-20 20:23:05
D:/moth_photos/database\batch_08\img_moth_00015906.jpg,"[4000, 6000]",36.769230769230774,"['WPC\n1092\n', 'SOUTHCAROLINA\nWedgePlantation\nMcClellafiville\nAugust 1968\nDCFerauson\n']","['C\n1092\n', 'CR\nC\n1968\nDC\n']","['WPC\n1092\n', 'C\nWP\nC\n1968\nCP\n']",modelv1.0__2026-05-20 20:23:05
D:/moth_photos/database\batch_08\img_moth_00015907.jpg,"[4000, 6000]",36.80769230769231,"['WPC\n1093\n', 'RBDominick\nCharlesR eaves\n\nMeClellanville\nSouthCarolina29458\n\na\n28Seet 1963\n']","['C\n1093\n', 'RD\nCR\n\nC\nC29458\n\n285 1963\n']","['WPC\n1093\n', 'C\n\nC\nC29458\n\n285 1963\n']",modelv1.0__2026-05-20 20:23:05
D:/moth_photos/database\batch_08\img_moth_00015908.jpg,"[4000, 6000]",36.82692307692308,"['WPC\n1094\n', 'McClellanvilile\nSouthCarolina\n\n4 g\n']","['C\n1094\n', 'C\nC\n\n4\n']","['WPC\n1094\n', 'C\nC\n\n4\n']",modelv1.0__2026-05-20 20:23:05
D:/moth_photos/database\batch_08\img_moth_00015909.jpg,"[4000, 6000]",36.46153846153847,"['WPC\n1095\n', 'RBDominick\nCharlesREdwards F\nMcClellanville\ngt Carolina29458\nMawy1F68\nLibht\n']","['C\n1095\n', 'RRD\nCR\nC\nC29458\n1968\n']","['WPC\n1095\n', 'C\n\nC\n\nC29458\n1968\n']",modelv1.0__2026-05-20 20:23:05
D:/moth_photos/database\batch_08\img_moth_00015910.jpg,"[4000, 6000]",36.5,"['WPC\n1096\n', 'ENd9eEASSRMEALLICN\n\nMcClellanville\nSouth Carolina\n\n30Mar1475\nLipabkop\n']","['C\n1096\n', '9RCR\n\nC\nC\n\n301475\n']","['WPC\n1096\n', '9C\n\nC\nC\n\n301475\n']",modelv1.0__2026-05-20 20:23:05
D:/moth_photos/database\batch_08\img_moth_00015911.jpg,"[4000, 6000]",36.44230769230769,"['WPC\n1097\n', 'RBDominick\nCharlesREdwards\nMcChellanville S\nSouthCarolina29458\n\nLacechle\n']","['C\n1097\n', 'RRD\nCR\nC\nC29458\n\nR\n']","['WPC\n1097\n', 'C\nC\nC29458\n']",modelv1.0__2026-05-20 20:23:05
D:/moth_photos/database\batch_08\img_moth_00015912.jpg,"[4000, 6000]",36.769230769230774,"['WPC\n1098\n', 'OO\n\nRB Dominick\nesR Edwards\n\nMcQlellanv ille\nSouthCarolina 29458\n\n41scot196F\n\n43Gd4d\n']","['RC\n1098\n', 'R D\nR CD\n\nC 29458\n\n41196\n\n434\n']","['WPC\n1098\n', 'C\n\nC 29458\n\n41196\n\n434\n']",modelv1.0__2026-05-20 20:23:05
D:/moth_photos/database\batch_08\img_moth_00015913.jpg,"[4000, 6000]",36.61538461538461,"['WPC\n1099\n', 'RBDominick\nCharlesREdwards\nMcClellanville\nSoufhCarolina29458\n\n23APSYT67\nLiqhna\n']","['C\n1099\n', 'RD\nCR\nC\nC29458\n\n23R967\n']","['WPC\n1099\n', 'C\nC\nC29458\n\n23P967\n']",modelv1.0__2026-05-20 20:23:05
D:/moth_photos/database\batch_08\img_moth_00015914.jpg,"[4000, 6000]",36.57692307692308,"['WPC\n1100\n', 'RBDominick\nCharlesREdward\nMcClellanville\n\nIO0Yune1UG\npanwid\n']","['C\n1100\n', 'RRD\nCR\nC\n\n201\n4\n']","['WPC\n1100\n', 'C\nC\n\n201\n4\n']",modelv1.0__2026-05-20 20:23:05
D:/moth_photos/database\batch_08\img_moth_00015915.jpg,"[4000, 6000]",36.94230769230769,"['WPCC\n4101\n', 'NneageFiantation\nsouthSanteeRiver\nchaYlestopCoSC\nfarchQ f 1967\n\nJoudglacsCFeraqncon\n', '']","['RC\n4101\n', '0R\nCCC\n2 1967\n\nC\n', '']","['WPCC\n4101\n', '0\nCCC\n2 1967\n\nC\n', '']",modelv1.0__2026-05-20 20:23:05
D:/moth_photos/database\batch_08\img_moth_00015916.jpg,"[4000, 6000]",36.730769230769226,"['WPC\n1102\n', 'RBDominick\nCharlesREdwards\nMcClellanville\nSoutharolina29458\n\nrrass968\n']","['C\n1102\n', 'RD\nCR\nC\n29458\n\n968\n']","['WPC\n1102\n', 'C\nC\n29458\n\n968\n']",modelv1.0__2026-05-20 20:23:05
D:/moth_photos/database\batch_08\img_moth_00015917.jpg,"[4000, 6000]",36.730769230769226,"['WPC\n1103\n', 'McClellanville\nae Carolina\nBDominick\n\nSie Ib fa\n']","['C\n1103\n', 'C\nC\nRD\n\n196 4\n']","['WPC\n1103\n', 'C\nC\n\n196 4\n']",modelv1.0__2026-05-20 20:23:05
D:/moth_photos/database\batch_08\img_moth_00015918.jpg,"[4000, 6000]",36.730769230769226,"['WPC\n1104\n', 'McClellanville\na Carolina\nDomini 50\n\n1Nasy1968\n']","['RC\n1104\n', 'C\nC\nD 50\n\n11968\n']","['WPC\n1104\n', 'C\nC\n50\n\n11968\n']",modelv1.0__2026-05-20 20:23:05
D:/moth_photos/database\batch_08\img_moth_00015919.jpg,"[4000, 6000]",37.01960784313725,"['WPC\n1133\n', 'KBDominick\n\nCharlesREdwardis\nMcClellanville o\nSouthGaroling29458\n\n7DPR 19L9\n\nAxuonuwe\n']","['C\n1133\n', 'RRD\n\nCR\nC\n29458\n\n7DR 1969\n']","['WPC\n1133\n', 'C\nC\n29458\n\n7P 1969\n']",modelv1.0__2026-05-20 20:23:05
D:/moth_photos/database\batch_08\img_moth_00015920.jpg,"[4000, 6000]",37.05882352941176,"['WPC\n1214\n', 'WweageFidiltabanvis\nSouth Sanfee River\nCharlestonCoSC\n\nMarch9f 1967\nTNaiamliacCFerauson\n']","['C\n1214\n', 'R\nCC0C\n\n9 1967\nC\n']","['WPC\n1214\n', 'W\nCC0C\n\n9 1967\nCP\n']",modelv1.0__2026-05-20 20:23:05
D:/moth_photos/database\batch_08\img_moth_00015921.jpg,"[4000, 6000]",36.59615384615385,"['WPC\n1105\n', 'NMCcUlellanville\nSouthCarolina\nRBDominick\n\nbMay 1965\n\nbid\n']","['C\n1105\n', 'CC\nC\nR8D\n\n1965\n\n612\n']","['WPC\n1105\n', 'CC\nC\n8\n\n1965\n\n612\n']",modelv1.0__2026-05-20 20:23:05
D:/moth_photos/database\batch_08\img_moth_00015922.jpg,"[4000, 6000]",37.03846153846154,"['WPC\n1134\n', 'CvUCLianvilie\nSouth Carolina\nBWDominick\n\n7 196\nLiye J\n']","['C\n1134\n', 'CC\nC\nRD\n\n7 196\n']","['WPC\n1134\n', 'CC\nC\nW\n\n7 196\n']",modelv1.0__2026-05-20 20:23:05
D:/moth_photos/database\batch_08\img_moth_00015923.jpg,"[4000, 6000]",36.480769230769226,"['WPC\n1215\n', 'kBDominick\n\nCharlesREdwards\nMcClellanville\nSoutteCardlina29458\n\nKIAFR1928\nLioht\n', 'Afegeha\nHSPs\n', 'DMBC00939\nRICHARDBDOMINICK\n\nMOTHBUTTERFLYCOLLECTION\nUNIVERSITYOFSOUTHCAROLINA\n\n']","['C\n1215\n', '5D\n\nCR\nC\nC29458\n\nR1928\n', '', 'DC00939\nRCRD8DC\n\nRCC\nR0CR\n\n']","['WPC\n1215\n', '5\n\nC\nC\nC29458\n\n1928\n', 'WP\n', 'PC00939\nCP8PC\n\nCC\n0C\n\n']",modelv1.0__2026-05-20 20:23:05
D:/moth_photos/database\batch_08\img_moth_00015924.jpg,"[4000, 6000]",36.96153846153846,"['WPC\n1106\n', 'KBDominick\nCharlesREdwards\nMcClellanville\nSouthCarolina29458\nid INAOs96F\n\nJCAd\n']","['C\n1106\n', 'RRD\nCR\nC\nC29458\nD96\n\nC\n']","['WPC\n1106\n', 'C\n\nC\n\nC29458\n96\n\nC\n']",modelv1.0__2026-05-20 20:23:05
D:/moth_photos/database\batch_08\img_moth_00015925.jpg,"[4000, 6000]",36.980769230769226,"['WPC\n112c\n', 'McClellanville\nSouthCarolina4\nRBDominick\n\nf i Sep 167\n', '']","['C\n112\n', 'C\nC4\nRRD\n\n167\n', '']","['WPC\n112\n', 'C\nC4\n\n167\n', '']",modelv1.0__2026-05-20 20:23:05
D:/moth_photos/database\batch_08\img_moth_00015926.jpg,"[4000, 6000]",36.519230769230774,"['WPC\n1216\n', 'RBDominick\nCharlesREdwards\nMcClellanville\nSouthCarolina e\nYSept1970\n\nLishtof\n']","['C\n1216\n', 'RD\nCR\nC\nC\n1970\n']","['WPC\n1216\n', 'C\nC\nC\n1970\n']",modelv1.0__2026-05-20 20:23:05
D:/moth_photos/database\batch_08\img_moth_00015927.jpg,"[4000, 6000]",36.57692307692308,"['WPC\n1107\n', 'McCleliamnyviise\nSouthCarolina\nDominicl\n\neMex66\n\nRails\n']","['C\n1107\n', 'C\nC\nD\n\n66\n\nR\n']","['WPC\n1107\n', 'C\nC\n\n66\n\nP\n']",modelv1.0__2026-05-20 20:23:05
D:/moth_photos/database\batch_08\img_moth_00015928.jpg,"[4000, 6000]",36.5,"['RBDominick\n\nCharlesREdwards\nMcClellanville\n\nSouthCarolina29458\n', 'WPC\n1136\n', 'hey\n\nVi\n\nbaste i for C\nD0\n']","['RD\n\nCR\nC\n\nC29458\n', 'C\n1136\n', 'C\nD0\n']","['C\nC\nC29458\n', 'WPC\n1136\n', 'P C\nP0\n']",modelv1.0__2026-05-20 20:23:05
D:/moth_photos/database\batch_08\img_moth_00015929.jpg,"[4000, 6000]",36.44230769230769,"['WPC\n1217\n', 'SOUTHCAROLINA\nWedgePlantation\nMcClellafville\nMarch 27 19\nDCFerguson\n\n']","['RC\n1217\n', 'CR\nC1\nC 27 19\nDC\n\n']","['WPC\n1217\n', 'C\nWP\nC1\nC 27 19\nCP\n\n']",modelv1.0__2026-05-20 20:23:05
D:/moth_photos/database\batch_08\img_moth_00015930.jpg,"[4000, 6000]",36.730769230769226,"['WPC\n1108\n', 'McClellanville\nSouthCarolina\nRBDominick\n7So ly 66\nLiaqaht\n']","['C\n1108\n', 'C\nC\nRRD\n7 66\n']","['WPC\n1108\n', 'C\nC\n7 66\n']",modelv1.0__2026-05-20 20:23:05
D:/moth_photos/database\batch_08\img_moth_00015931.jpg,"[4000, 6000]",36.80392156862745,"['WPC\n1137\n', 'sNOoVMominick\nCharlesREdwards\nMcClelbanville\n24 Carolina\n\n7196\nbuy 7\n']","['C\n1137\n', 'CR\nC\n24 C\n\n7196\n7\n']","['WPC\n1137\n', 'C\nC\n24 C\n\n7196\n7\n']",modelv1.0__2026-05-20 20:23:05
D:/moth_photos/database\batch_08\img_moth_00015932.jpg,"[4000, 6000]",36.42307692307693,"['WPC\n1218\n', 'SOUTHCAROLINA\nWedge Plantation\nMcClellanville\nAugust O 1968\nDeC Ferguson\n', '']","['C\n1218\n', 'CR\nC\n0 1968\nDC\n', '']","['WPC\n1218\n', 'C\nW P\nC\n0 1968\nC P\n', '']",modelv1.0__2026-05-20 20:23:05
D:/moth_photos/database\batch_08\img_moth_00015933.jpg,"[4000, 6000]",36.75,"['WPC\n1109\n', 'RBDominick\n\nCharlesREdwards\nMcClellanville\n\nSouthCarolina2 9458\n\n14Aph969\n\nLiecghd\n']","['C\n1109\n', 'RRD\n\nCR\nC\n\nC2 9458\n\n14R969\n']","['WPC\n1109\n', 'C\nC\n\nC2 9458\n\n14969\n']",modelv1.0__2026-05-20 20:23:05
D:/moth_photos/database\batch_08\img_moth_00015934.jpg,"[4000, 6000]",36.46153846153847,"['', 'RBDominick\n\nCharlesREdwards\nMcClellahville\nSouthCarodina29458\n\nS9IDGRIVLS\nLignt\n', 'WPC\n1138\n', 'DMBC00930\nRICHARDBDOMINICK\nMOTH8BUTTERFLYCOLLECTION\n\nUNIVERSITYOFSOUTHCAROLINA\n']","['', 'RD\n\nCR\nC\nC29458\n\n9DR\n', 'C\n1138\n', 'DC00930\nRCRD8DC\n8RCC\n\nRCR\n']","['', 'C\nC\nC29458\n\n9P\n', 'WPC\n1138\n', 'PC00930\nC8WC\n8PCC\n\nC\n']",modelv1.0__2026-05-20 20:23:05
D:/moth_photos/database\batch_08\img_moth_00015935.jpg,"[4000, 6000]",36.44230769230769,"['WPC\n1219\n', 'weagePlantation\nSouthSanteeRiver\nCharleston CoSC\nMarchf 1967\nDouglasCFerguson\n']","['C\n1219\n', 'R\nC CC\n1967\n\nDC\n']","['WPC\n1219\n', 'WP\nC CC\n1967\nPC\n']",modelv1.0__2026-05-20 20:23:05
D:/moth_photos/database\batch_08\img_moth_00015936.jpg,"[4000, 6000]",36.96153846153846,"['WPC\n1110\n', 'McClellanville\nSouthCarolina\nRBDominick\n\n30Marl06\n']","['RC\n1110\n', 'C\nC\nRD\n\n3006\n']","['WPC\n1110\n', 'C\nC\n\n3006\n']",modelv1.0__2026-05-20 20:23:05
D:/moth_photos/database\batch_08\img_moth_00015937.jpg,"[4000, 6000]",36.96153846153846,"['RBVominickKk\nCharlesREdwards\nMcClellanvijlle\nSoutthCarolina29458\n\n23opt1967\n', 'Stiiaeel\n\nAconnecte\n', 'WPC\n1139\n', 'DMBC00934\nRICHARDBDOMINICK\n\nMOTHBUTTERFLYCOLLECTION\n\nUNIVERSITYOFSOUTHCAROLINA\n']","['RDC\nCR\nC\nC29458\n\n231967\n', '', 'C\n1139\n', 'DC00934\nRCRDDC\n\nRCC\n\nRCR\n']","['C\nC\nC\nC29458\n\n231967\n', '', 'WPC\n1139\n', 'PC00934\nCC\n\nCC\n\nC\n']",modelv1.0__2026-05-20 20:23:05
D:/moth_photos/database\batch_08\img_moth_00015938.jpg,"[4000, 6000]",36.67307692307692,"['WPC\n1111\n', 'aCUiellanville\nsouthCarolina\nBDominick\n\n2D e\nAgee\n']","['C\n1111\n', 'C\n0C\nRD\n\n2D\n6\n']","['WPC\n1111\n', 'C\n0C\n\n2\n6\n']",modelv1.0__2026-05-20 20:23:05
D:/moth_photos/database\batch_08\img_moth_00015939.jpg,"[4000, 6000]",37.03846153846154,"['WPC\n1140\n', 'RBDominick\nCharlesREdwards\nMcClellanville oo\nSouth Carolina 29458\n\n18PRNUF\n\nLah\n']","['C\n1140\n', 'RD\nCR\nC\nC 29458\n\n18R\n']","['WPC\n1140\n', 'C\nC\nC 29458\n\n18P\n']",modelv1.0__2026-05-20 20:23:05
D:/moth_photos/database\batch_08\img_moth_00015940.jpg,"[4000, 6000]",36.5,"['WPC\n1112\n', 'RBDominick\nCharlesREdwards\nMcClelfanvilles\nSouthCarolina\n\n321Ang197e\nLatl aa\n']","['C\n1112\n', 'RRD\nCR\nC\nC\n\n321R197\n']","['WPC\n1112\n', 'C\nC\nC\n\n321197\n']",modelv1.0__2026-05-20 20:23:05
D:/moth_photos/database\batch_08\img_moth_00015941.jpg,"[4000, 6000]",36.44230769230769,"['wec\n1141\n', 'mDVOtiine\nhariesREdwards\nMcClellianville\nSouthCarelina\n\nSJouky110\n', '']","['1141\n', 'D\nR\nC\nC\n\n5110\n', '']","['1141\n', 'C\nC\n\n5110\n', '']",modelv1.0__2026-05-20 20:23:05
D:/moth_photos/database\batch_08\img_moth_00015942.jpg,"[4000, 6000]",36.57692307692308,"['WPC\n1113\n', 'Atrite\nTere\n', 'McClellanville\nSouthCarolina\nRBDominick\n', 'DMBC00933\nRICHARDBDOMINICK\n\nMOTH8BUTTERFLYCOLLECTION\nUNIVERSITYOFSOUTH CAROLINA\n\n']","['C\n1113\n', '', 'C\nC\nRRD\n', 'DC00933\nRCRDDC\n\n8RRCC\nR CR\n\n']","['WPC\n1113\n', '', 'C\nC\n', 'C00933\nCC\n\n8CC\nC\n\n']",modelv1.0__2026-05-20 20:23:05
D:/moth_photos/database\batch_08\img_moth_00015943.jpg,"[4000, 6000]",36.82692307692308,"['WPC\n1142\n', 'SOUTHCAROLINA\nWedgePlantation\nMcClellanvillewo\n\n281X1967\n\nDCFerguson\n']","['RC\n1142\n', 'CR\nC\n\n2811967\n\nDC\n']","['WPC\n1142\n', 'C\nWP\nC\n\n2811967\n\nPCP\n']",modelv1.0__2026-05-20 20:23:05
D:/moth_photos/database\batch_08\img_moth_00015944.jpg,"[4000, 6000]",36.86538461538462,"['WPC\n1114\n', 'RBDominick\n\nCharlesREdwards\nMcClellanville\nSouthCarolina29458\n\nZFMaviGgEq7\nJebed\n']","['C\n1114\n', 'RD\n\nCR\nC\nC29458\n\n27\n']","['WPC\n1114\n', 'C\nC\nC29458\n\n2P7\n']",modelv1.0__2026-05-20 20:23:05
D:/moth_photos/database\batch_08\img_moth_00015945.jpg,"[4000, 6000]",37.03846153846154,"['WPC\n1143\n', 'RBDominick\n\nCharlesREdwards\n\nMcClellanville\n\nSouthCarvlina29458\nbe Sht\n', '']","['C\n1143\n', 'RRD\nCR\nC\nC29458\n', '']","['WPC\n1143\n', 'C\nC\nC29458\n', '']",modelv1.0__2026-05-20 20:23:05
D:/moth_photos/database\batch_08\img_moth_00015946.jpg,"[4000, 6000]",36.769230769230774,"['WPC\n1115\n', 'RBDominick\nCharlesR EdwardeL\nMcQlellanville\nSouth srolre 29458\n\nJESep96\nLictys\n']","['C\n1115\n', 'RRD\nCR\n29458\n\n96\n']","['WPC\n1115\n', 'C W\n29458\n\n96\n']",modelv1.0__2026-05-20 20:23:05
D:/moth_photos/database\batch_08\img_moth_00015947.jpg,"[4000, 6000]",36.716981132075475,"['WPC\n\n41144\n', 'McClellanville\nSouthCarolina\nRBDominick\n\nGKSepkey\nTE\n']","['C\n\n41144\n', 'C\nC\nRRD\n']","['WPC\n\n41144\n', 'C\nC\n']",modelv1.0__2026-05-20 20:23:05
D:/moth_photos/database\batch_08\img_moth_00015948.jpg,"[4000, 6000]",36.480769230769226,"['WPC\n1116\n', 'RBDominick\nChariesREdwards\nMcClellanville\nSouthCarolina\n\nYSept992\nSpaeth Pe\n', '']","['C\n1116\n', 'RRD\nCR\nC\nC\n\n992\n', '']","['WPC\n1116\n', 'C\nC\nC\n\n992\nP\n', '']",modelv1.0__2026-05-20 20:23:05
D:/moth_photos/database\batch_08\img_moth_00015949.jpg,"[4000, 6000]",36.98039215686274,"['WPC\n1145\n', 'NDVominici\nMcClellanville\nuh1996\n\nhy1995\nwahtor\n']","['C\n1145\n', 'RD\nC\n1996\n\n1995\n']","['WPC\n1145\n', 'C\n1996\n1995\n']",modelv1.0__2026-05-20 20:23:05
D:/moth_photos/database\batch_08\img_moth_00015950.jpg,"[4000, 6000]",36.44230769230769,"['WPC\n1117\n', 'RBDominick\n\nCharlesR villeCh\n\nMcClellanville bd\n\nSouthCarolina29458\n412ALRSF6F\niisgny\n']","['C\n1117\n', 'RD\nCR C\nC\nC29458\n412R969\n']","['WPC\n1117\n', 'C C\n\nC\nC29458\n412P969\n']",modelv1.0__2026-05-20 20:23:05
D:/moth_photos/database\batch_08\img_moth_00015951.jpg,"[4000, 6000]",37.03846153846154,"['WPC\n1146\n', 'McClellanvill\nSouth Carolin\nRBDominic\n\n25\nrs tO\n']","['C\n1146\n', 'C\nC\nRRD\n\n25\n3 6\n']","['WPC\n1146\n', 'C\nC\n\n25\n3 6\n']",modelv1.0__2026-05-20 20:23:05
D:/moth_photos/database\batch_08\img_moth_00015952.jpg,"[4000, 6000]",36.692307692307686,"['WPC\n1118\n', 'RBDominick\nCharlesREdwards\nMcClellanville\nSouthCaroling\n\n22 AIP\n\nLichrS\n']","['C\n1118\n', 'R6D\nCR\nC\nC\n\n22 C\n']","['WPC\n1118\n', '6\nC\nC\nC\n\n22 PC\n']",modelv1.0__2026-05-20 20:23:05
D:/moth_photos/database\batch_08\img_moth_00015953.jpg,"[4000, 6000]",37.05882352941176,"['WPC\n1147\n', '', 'VOMInick\nMcClellanville\nSouth Carolina\n\n3DMar 1993\nLvoltode7\n', '677\n']","['C\n1147\n', '', 'C\nC\n\n3D 1993\nD7\n', '677\n']","['WPC\n1147\n', '', 'C\nC\n\n30 1993\n7\n', '677\n']",modelv1.0__2026-05-20 20:23:05
D:/moth_photos/database\batch_08\img_moth_00015954.jpg,"[4000, 6000]",36.38461538461538,"['WPC\n1119\n', 'KRBVOMINICHR\n\nCharlesREdwards\nMcClellanville\nSouthCarolina29458\n\nOct76\nL1thrnt\n']","['C\n1119\n', 'RDCR\n\nCR\nC\nC29458\n\n76\n11C\n']","['WPC\n1119\n', 'C\n\nC\nC\nC29458\n\n76\n11C\n']",modelv1.0__2026-05-20 20:23:05
D:/moth_photos/database\batch_08\img_moth_00015955.jpg,"[4000, 6000]",37.05882352941176,"['WPC\n1142\n', 'mDOVOMINICK\nCharlesREdwards\nMcClellanville\nSouthCarolina\n\nEOctLAPZ\nLtahh\n']","['C\n1142\n', 'DC\nCR\nC\nC\n\n07R\n']","['WPC\n1142\n', 'C\nC\nC\nC\n\n0P\n']",modelv1.0__2026-05-20 20:23:05
D:/moth_photos/database\batch_08\img_moth_00015956.jpg,"[4000, 6000]",37.01960784313725,"['WPC\n1120\n', 'KBDVOM1LILN\nCharlesR Edwards\nMcClejlanville\nSouth Carolina29458\n\nGseptFF\nLIisAat\n']","['C\n1120\n', 'RD1R\nCR\nC\nC29458\n\n4\n']","['WPC\n1120\n', '1\nC\nC\nC29458\n\n4\n']",modelv1.0__2026-05-20 20:23:05
D:/moth_photos/database\batch_08\img_moth_00015957.jpg,"[4000, 6000]",36.519230769230774,"['WPC\n1149\n', 'KDVOMITICH\nhariesREdwards\nicCleljanville\nsouthCarolina\n\nPOof1T7Z\n']","['C\n1149\n', 'DCR\nR\nC\nC\n\n177\n']","['WPC\n1149\n', 'C\nC\nC\n\nP177\n']",modelv1.0__2026-05-20 20:23:05
D:/moth_photos/database\batch_08\img_moth_00015958.jpg,"[4000, 6000]",36.65384615384615,"['NOVMVOMINICK\nSharlesREdwards\nicClellanville\ny4 BuyF\n\nPTAIS\nZ6fug Puy\n', 'WPC\n1121\n', '']","['C\nR\nC\n4 D\n\nD\n26 R\n', 'C\n1121\n', '']","['C\nC\n4\n\nP\n26P P\n', 'WPC\n1121\n', '']",modelv1.0__2026-05-20 20:23:05
D:/moth_photos/database\batch_08\img_moth_00015959.jpg,"[4000, 6000]",36.519230769230774,"['WPC\n1150\n', 'RBDominick\nCharlesREdwari\nMcClellanville\nSouthCarolina2\n4 top Ta\nLicht\n']","['C\n1150\n', 'RD\nCR\nC\nC2\n\n4 077 14\n']","['WPC\n1150\n', 'C\nC\nC2\n\n4 077 14\n']",modelv1.0__2026-05-20 20:23:05
D:/moth_photos/database\batch_08\img_moth_00015960.jpg,"[4000, 6000]",36.37735849056604,"['aFVOminick\nCharlesR Edwards\nMcClellanville\nSoythCarolina29458\n', 'WPC\n1122\n']","['CR\nC\nC29458\n', 'C\n1122\n']","['C\nC\nC29458\n', 'WPC\n1122\n']",modelv1.0__2026-05-20 20:23:05
D:/moth_photos/database\batch_08\img_moth_00015961.jpg,"[4000, 6000]",36.44230769230769,"['WPC\n1151\n', 'RBDominick\nSg CharlesREdwards\nMcClellanville\ne SouthCarolina29458\n\noFOCrf9L7\nhor54 Da\n']","['C\n1151\n', 'RRD\nCR\nC\nC29458\n\nC97\n54 D\n']","['WPC\n1151\n', 'C\nC\nC29458\n\nC97\n54\n']",modelv1.0__2026-05-20 20:23:05
D:/moth_photos/database\batch_08\img_moth_00015962.jpg,"[4000, 6000]",36.75,"['WPC\n1123\n', 'RBDominick\nCharlesREdwards\nMcClellanville\nSouthCarolina29458\n\nAnesGI6\nLisnye A\n']","['C\n1123\n', 'RD\nCR\nC\nC29458\n\n4R976\n']","['WPC\n1123\n', 'C\nC\nC29458\n\n4976\n']",modelv1.0__2026-05-20 20:23:05
D:/moth_photos/database\batch_08\img_moth_00015963.jpg,"[4000, 6000]",36.67307692307692,"['WPC\n1152\n', 'McClellanville7\nSouthCarolina43\nR B Dominick\n\nAicgkhb\n']","['C\n1152\n', 'C7\nC43\nR D\n']","['WPC\n1152\n', 'C7\nC43\nP\n']",modelv1.0__2026-05-20 20:23:05
D:/moth_photos/database\batch_08\img_moth_00015964.jpg,"[4000, 6000]",36.75,"['RRDominick\n\nCharlesREdwards\n\nMcClellanville S\n\nSouthTarolina29458\n2yS0MtS9P\nLishFkt\n', 'WPC\n1124\n']","['RRD\nCR\nC\nC29458\n2509\n', 'C\n1124\n']","['C\n\nC\n\nC29458\n2509P\n', 'WPC\n1124\n']",modelv1.0__2026-05-20 20:23:05
D:/moth_photos/database\batch_08\img_moth_00015965.jpg,"[4000, 6000]",36.77358490566038,"['WPC\n1153\n', 'RBDominick\n\n28Sepf167\no6511967\n\nMcClellanville\nSouthCarolina\n']","['C\n1153\n', 'RRD\n\n28167\n56511967\n\nC\nC\n']","['WPC\n1153\n', '28167\n56511967\n\nC\nC\n']",modelv1.0__2026-05-20 20:23:05
D:/moth_photos/database\batch_08\img_moth_00015966.jpg,"[4000, 6000]",36.80769230769231,"['WPC\n1125\n', 'RBDominick\nChariesREdwardsAA\nMcClellanville\nSotithCarolina29458\n\n1Crr\n']","['C\n1125\n', 'RD\nCR\nC\nC29458\n\n1C\n']","['WPC\n1125\n', 'C\nC\nC29458\n\n1C\n']",modelv1.0__2026-05-20 20:23:05
D:/moth_photos/database\batch_08\img_moth_00015967.jpg,"[4000, 6000]",36.59615384615385,"['WPC\n1154\n', 'McClellanville\nSouth Carolina\nBDominic\n\nTy 1BE7\n', '']","['C\n1154\n', 'C\nC\nD\n\n17\n', '']","['WPC\n1154\n', 'C\nC\n\n1P7\n', '']",modelv1.0__2026-05-20 20:23:05
D:/moth_photos/database\batch_08\img_moth_00015968.jpg,"[4000, 6000]",36.86538461538462,"['WPC\n1126\n', 'McClellanvill\n\nMSuthCarolina ow\n\nRB Dominick\n\n24 May 167\nb\n\nLy\n', '']","['C\n1126\n', 'C\n\nC\n\nRR D\n\n24 167\nD\n', '']","['WPC\n1126\n', 'C\nC\n24 167\n', '']",modelv1.0__2026-05-20 20:23:05
D:/moth_photos/database\batch_08\img_moth_00015969.jpg,"[4000, 6000]",36.769230769230774,"['WPC\n1155\n', 'RBDominick\n\nChariesR EdwanteP\n\nMcCdellapville\nSouthCarolina29458\n\nySase196F\n', 'Avinnule\npeek\n', 'WOBNeeRTEUCEeeleeresGieey\n\nDMBC00935\nRICHARDBDOMINICK\n\nMOTHBUTTERFLYCOLLECTION\nUNIVERSITYOFSOUTHCAROLINA\n\n']","['C\n1155\n', 'RD\n\nCR D\n\nC\nC29458\n\n1967\n', '7\n', 'RRRCC\n\nDC00935\nRCRDDC\n\nRRCC\nRCR\n\n']","['WPC\n1155\n', 'C P\nC\nC29458\n\n1967\n', '7\n', 'WCC\n\nPC00935\nCC\n\nCC\nC\n\n']",modelv1.0__2026-05-20 20:23:05
D:/moth_photos/database\batch_08\img_moth_00015970.jpg,"[4000, 6000]",36.63461538461539,"['WPC\n1127\n', 'RBDominick\n\nCharlesREdwards\n\nMcClellanville J\n\nSouthCarolina29458\nzr 1768\nf4ah\n']","['C\n1127\n', 'RRD\n\nCR\n\nC 5\n\nC29458\n3 1768\n44\n']","['WPC\n1127\n', 'C\n\nC 5\n\nC29458\n3 1768\n44\n']",modelv1.0__2026-05-20 20:23:05
D:/moth_photos/database\batch_08\img_moth_00015971.jpg,"[4000, 6000]",36.519230769230774,"['WPC\n1156\n', 'aXeSVMOMInNICK\nCharlesR Edwards\nMcClellanville\nIos Catolin\n', 'ESMFOCF\nIS72\n']","['C\n1156\n', 'C\nCR\nC\n15 C\n', '0C\n72\n']","['WPC\n1156\n', 'C\nC\nC\n15 C\n', '0C\n72\n']",modelv1.0__2026-05-20 20:23:05
D:/moth_photos/database\batch_08\img_moth_00015972.jpg,"[4000, 6000]",36.71153846153846,"['WPC\n1128\n', 'RBDominick\nCharlesREdwards\nMcClellanville\nSouthCarolina 29458\nJstnt\n']","['RC\n1128\n', 'RD\nCR\nC\nC 29458\n']","['WPC\n1128\n', 'C\nC\nC 29458\n']",modelv1.0__2026-05-20 20:23:05
D:/moth_photos/database\batch_08\img_moth_00015973.jpg,"[4000, 6000]",36.63461538461539,"['WPC\n1157\n', '5VomInick\n']","['C\n1157\n', '5C\n']","['WPC\n1157\n', '5C\n']",modelv1.0__2026-05-20 20:23:05
D:/moth_photos/database\batch_08\img_moth_00015974.jpg,"[4000, 6000]",36.41509433962265,"['WPC\n1129\n', 'R BDominick\nChariesREdwards\nMcCigllanville\n']","['C\n1129\n', 'R D\nCR\nC\n']","['WPC\n1129\n', 'C\nC\n']",modelv1.0__2026-05-20 20:23:05
D:/moth_photos/database\batch_08\img_moth_00015975.jpg,"[4000, 6000]",36.65384615384615,"['WPC\n1158\n', 'McClellanville\nSouthGarolina\nSSeptliq7g\nLightorm\n', '']","['C\n1158\n', 'C\n57\n', '']","['WPC\n1158\n', 'C\n5P7\n', '']",modelv1.0__2026-05-20 20:23:05
D:/moth_photos/database\batch_08\img_moth_00015976.jpg,"[4000, 6000]",36.80769230769231,"['WPC\n1130\n', 'MCVUsssaallvissic\nSouthCarolina\nRBDominick\n\nfp\n']","['C\n1130\n', 'C\nC\nR8D\n\nR\n']","['WPC\n1130\n', 'C\nC\n8\n']",modelv1.0__2026-05-20 20:23:05
D:/moth_photos/database\batch_08\img_moth_00015977.jpg,"[4000, 6000]",36.92156862745098,"['WPC\n\n1159\n', 'SeAgeA4ZUTIITIICK\nsharlesREdwards\nicClellanville\nouthCarolina\n\n23 3fug1 1996\n', '']","['C\n\n1159\n', '2440C\nR\nC\nC\n\n23 31 1996\n', '']","['WPC\n\n1159\n', '2440C\nC\nC\n\n23 31 1996\n', '']",modelv1.0__2026-05-20 20:23:05
D:/moth_photos/database\batch_08\img_moth_00015978.jpg,"[4000, 6000]",36.86538461538462,"['WPC\n1131\n', 'KBDominick\nCharlesREdwards\nMcClellanville Oo\nSout Carolina 2945\n47ApeJ90F\nLIGSAIF\n', 'te fona Hon\n\n']","['C\n1131\n', 'RD\nCR\nC\nC 2945\n4790\n', '']","['WPC\n1131\n', 'C\nC\nC 2945\n4790\n', '']",modelv1.0__2026-05-20 20:23:05
D:/moth_photos/database\batch_08\img_moth_00015979.jpg,"[4000, 6000]",36.61538461538461,"['WPC\n1160\n', 'BeDe474UEAANH\nCharlesREdwards\nMcClellanvilles\nSouth Caroling\n']","['RC\n1160\n', 'DD4740D\nCR\nC\nC\n']","['WPC\n1160\n', '4740\nC\nC\nC\n']",modelv1.0__2026-05-20 20:23:05
D:/moth_photos/database\batch_08\img_moth_00015980.jpg,"[4000, 6000]",36.55769230769231,"['RBDominick\nCharlesR Edwards\nMcClellanville\nSouthCarolina29458\n\nffs ASA FOF\n', 'WPC\n1132\n']","['RD\nCR\nC\nC29458\n\n2 1\n', 'RC\n1132\n']","['C\nC\nC29458\n\n2 1\n', 'WPC\n1132\n']",modelv1.0__2026-05-20 20:23:05
D:/moth_photos/database\batch_08\img_moth_00015981.jpg,"[4000, 6000]",36.9607843137255,"['WPC\n1161\n', 'NBVominic\nMcCleanville\n35 Carolin\n']","['RC\n1161\n', 'D\nC\n35 C\n']","['WPC\n1161\n', 'C\n35 C\n']",modelv1.0__2026-05-20 20:23:05
D:/moth_photos/database\batch_08\img_moth_00015982.jpg,"[4000, 6000]",36.96153846153846,"['WPC\n1162\n', 'aN027eAAULILIIZLEKR\nChariesREdwards\nMcClellanville\n\nSouthCapolina2945\n1OAPRS96F\nLast\n']","['C\n1162\n', '02704R\nCR\nC\n\nC2945\n10DR969\n']","['WPC\n1162\n', '02704\nC\nC\n\nC2945\n10P969\n']",modelv1.0__2026-05-20 20:23:05
D:/moth_photos/database\batch_08\img_moth_00015983.jpg,"[4000, 6000]",36.88461538461538,"['WPC\n1163\n', 'nBVominick\nCharlesREdward\nMcGlellanville\nSouthCarolina29458\n\n1GABPEATEF\nLYthte\n']","['C\n1163\n', 'CR\nC29458\n\n1R\nCC\n']","['WPC\n1163\n', 'C\nC29458\n\n1P\nCC\n']",modelv1.0__2026-05-20 20:23:05
D:/moth_photos/database\batch_08\img_moth_00015984.jpg,"[4000, 6000]",36.40384615384615,"['WPC\n1164\n', 'McClellanville\nSouthCarolina Y\nRBDominick\n\n28SeofING\nLight 7\n', '']","['C\n1164\n', 'C\n5C\nRRD\n\n28\n7\n', '']","['WPC\n1164\n', 'C\n5C\n\n28\n7\n', '']",modelv1.0__2026-05-20 20:23:05
D:/moth_photos/database\batch_08\img_moth_00015985.jpg,"[4000, 6000]",36.86538461538462,"['WPC\n1165\n', 'RBDominick\nCharlesREdwards\nMcClellanville\nSouthCarvlina29458\n\nItSept1GbE\n\nfsyeund\n']","['C\n1165\n', 'RRD\nCR\nC\nC29458\n\n1\n']","['WPC\n1165\n', 'C\nC\nC29458\n\n1\n']",modelv1.0__2026-05-20 20:23:05
D:/moth_photos/database\batch_08\img_moth_00015986.jpg,"[4000, 6000]",36.730769230769226,"['WPC\n1166\n', 'NeageFiantation\nSouthSanteeRiver\nCharlestogCoSC\nMarchZJy 1967\noHiigqlasCFeraqusan\n']","['C\n1166\n', '1\n50R\nCC0C\n3 1967\nC\n']","['WPC\n1166\n', '1\n50\nCC0C\n3 1967\nC\n']",modelv1.0__2026-05-20 20:23:05
D:/moth_photos/database\batch_08\img_moth_00015987.jpg,"[4000, 6000]",36.46153846153847,"['WPC\n1167\n', 'RBDominick\nCharlesREdwards\nMcClellanvillee\nSguthCarolina29458\n\nSOcks943\nLbitchs\n', '']","['C\n1167\n', 'RD\nCR\nC\nC29458\n\n3943\n', '']","['WPC\n1167\n', 'C\nC\nC29458\n\n3943\n', '']",modelv1.0__2026-05-20 20:23:05
D:/moth_photos/database\batch_08\img_moth_00015988.jpg,"[4000, 6000]",36.730769230769226,"['WPC\n1168\n', 'McClellanville\nsouth Garolina Q\nominick\n\naa igh ene 62\n']","['C\n1168\n', 'C\n9\n\n62\n']","['WPC\n1168\n', 'C\n9\n\n62\n']",modelv1.0__2026-05-20 20:23:05
D:/moth_photos/database\batch_08\img_moth_00015989.jpg,"[4000, 6000]",36.96153846153846,"['WPC\n1169\n', 'McClellanville\nSouth Carol ina\nR minick\n\n20Jerne IWb7\nbus LA Cri\n\n', '']","['C\n1169\n', 'C\nC\nR\n\n20 17\nCR\n\n', '']","['WPC\n1169\n', 'C\nC\n\n20 1W7\nC\n\n', '']",modelv1.0__2026-05-20 20:23:05
D:/moth_photos/database\batch_08\img_moth_00015990.jpg,"[4000, 6000]",36.55769230769231,"['WPC\n1170\n', 'MwicUileliianviile\n\nSouthCarolina\nRBBominick\n\n22AprA6E\n2p ys\n', '']","['C\n1170\n', 'C\n\nC\nRRD\n\n22486\n22 3\n', '']","['WPC\n1170\n', 'C\n\nC\n\n22486\n22P P3\n', '']",modelv1.0__2026-05-20 20:23:05
D:/moth_photos/database\batch_08\img_moth_00015991.jpg,"[4000, 6000]",36.692307692307686,"['WPC\n1171\n', 'RBDominick\n\nCharlesREdwards\nMcClellanville\nSouts igue196\n\nhey\n']","['C\n1171\n', 'RD\n\nCR\nC\n196\n']","['WPC\n1171\n', 'C\nC\n196\n']",modelv1.0__2026-05-20 20:23:05
D:/moth_photos/database\batch_08\img_moth_00015992.jpg,"[4000, 6000]",36.40384615384615,"['', 'McClellanville\nSouth Carolina\nDominick\n\nSep L967\n']","['', 'C\nC\nD\n\n3 967\n']","['', 'C\nC\n\n3 967\n']",modelv1.0__2026-05-20 20:23:05
D:/moth_photos/database\batch_08\img_moth_00015993.jpg,"[4000, 6000]",36.44230769230769,"['WPC\n1173\n', 'WedgePlantation4\n7miNEMcClellanvilie\nes tonCoSCAR\n\nBeH 196\n\nlegRichardBDominick\n', '']","['C\n1173\n', '4\n7C\nC0CR\n\nD 196\n\n1RD\n', '']","['WPC\n1173\n', 'WP4\n7C\nC0C\n\n196\n\n1P\n', '']",modelv1.0__2026-05-20 20:23:05
D:/moth_photos/database\batch_08\img_moth_00015994.jpg,"[4000, 6000]",36.65384615384615,"['WPC\n1174\n', 'wMeUlelilanvilles\npouth Carolina B72\nDomini\n\n28 Se hoe\nLighd a\n']","['C\n1174\n', 'CC\nC 7\nD\n\n28\n4\n']","['WPC\n1174\n', 'CC\nC 7\n\n28\n4\n']",modelv1.0__2026-05-20 20:23:05
D:/moth_photos/database\batch_08\img_moth_00015995.jpg,"[4000, 6000]",36.46153846153847,"['', 'McClellanville\nSouthCarolina\nCharlesR Edwards\n\nz Aup 1967\nLight\n']","['', 'C\nC\nCR\n\n1967\n']","['', 'C\nC\nC\n\n1967\n']",modelv1.0__2026-05-20 20:23:05
D:/moth_photos/database\batch_08\img_moth_00015996.jpg,"[4000, 6000]",36.57692307692308,"['WPC\n1176\n', 'kBDominick\nCharlesREdwards\nMcClellanville SS\nSouthCarolina29458\n\niT 92\nZg ne 1969\n', '']","['C\n1176\n', 'RD\nCR\nC\nC29458\n\n7 92\n2 1969\n', '']","['WPC\n1176\n', 'C\nC\nC29458\n\n7 92\n2 1969\n', '']",modelv1.0__2026-05-20 20:23:05
D:/moth_photos/database\batch_08\img_moth_00015997.jpg,"[4000, 6000]",37.03921568627451,"['WPC\n1177\n', 'RBDominick\nCharlesREdwards\nMcClellanville fs\nSouthCarolina2945\n16BYR1967\n\nf4e1thae\n']","['C\n1177\n', 'RRD\nCR\nC\nC2945\n16R1967\n\n41\n']","['WPC\n1177\n', 'C\nC\nC2945\n161967\n\n41\n']",modelv1.0__2026-05-20 20:23:05
D:/moth_photos/database\batch_08\img_moth_00015998.jpg,"[4000, 6000]",36.82692307692308,"['WPC\n1178\n', 'McClellanvilie\n\nSouthCarolina\nDominic\n\nZYSapf6\nLgltt\n']","['C\n1178\n', 'C\n\nC\nD\n\n24C6\n']","['WPC\n1178\n', 'C\n\nC\nP\n\n24C6\nW\n']",modelv1.0__2026-05-20 20:23:05
D:/moth_photos/database\batch_08\img_moth_00015999.jpg,"[4000, 6000]",36.730769230769226,"['WPC\n1179\n', 'McClellanville\nSouth Carolina\n\nPe\n']","['C\n1179\n', 'C\nC\n']","['WPC\n1179\n', 'C\nC\n\nP\n']",modelv1.0__2026-05-20 20:23:05
D:/moth_photos/database\batch_08\img_moth_00016000.jpg,"[4000, 6000]",36.38461538461538,"['WPC\n1180\n', 'RBDominick\nIf Gune 1967\nLohpktCRE\n']","['C\n1180\n', 'RRD\n1967\nCR\n']","['WPC\n1180\n', '1967\nC\n']",modelv1.0__2026-05-20 20:23:05
