file_name,image_size,inference_info
D:\moth_photos\database\batch_06\img_moth_00010001.jpg,"[4000, 6000]",modelv1.0__2026-05-16 19:40:18
D:\moth_photos\database\batch_06\img_moth_00010002.jpg,"[4000, 6000]",modelv1.0__2026-05-16 19:40:18
D:\moth_photos\database\batch_06\img_moth_00010003.jpg,"[4000, 6000]",modelv1.0__2026-05-16 19:40:18
D:\moth_photos\database\batch_06\img_moth_00010004.jpg,"[4000, 6000]",modelv1.0__2026-05-16 19:40:18
D:\moth_photos\database\batch_06\img_moth_00010005.jpg,"[4000, 6000]",modelv1.0__2026-05-16 19:40:18
D:\moth_photos\database\batch_06\img_moth_00010006.jpg,"[4000, 6000]",modelv1.0__2026-05-16 19:40:18
D:\moth_photos\database\batch_06\img_moth_00010007.jpg,"[4000, 6000]",modelv1.0__2026-05-16 19:40:18
D:\moth_photos\database\batch_06\img_moth_00010008.jpg,"[4000, 6000]",modelv1.0__2026-05-16 19:40:18
D:\moth_photos\database\batch_06\img_moth_00010009.jpg,"[4000, 6000]",modelv1.0__2026-05-16 19:40:18
D:\moth_photos\database\batch_06\img_moth_00010010.jpg,"[4000, 6000]",modelv1.0__2026-05-16 19:40:18
D:\moth_photos\database\batch_06\img_moth_00010011.jpg,"[4000, 6000]",modelv1.0__2026-05-16 19:40:18
D:\moth_photos\database\batch_06\img_moth_00010012.jpg,"[4000, 6000]",modelv1.0__2026-05-16 19:40:18
D:\moth_photos\database\batch_06\img_moth_00010013.jpg,"[4000, 6000]",modelv1.0__2026-05-16 19:40:18
D:\moth_photos\database\batch_06\img_moth_00010014.jpg,"[4000, 6000]",modelv1.0__2026-05-16 19:40:18
D:\moth_photos\database\batch_06\img_moth_00010015.jpg,"[4000, 6000]",modelv1.0__2026-05-16 19:40:18
D:\moth_photos\database\batch_06\img_moth_00010016.jpg,"[4000, 6000]",modelv1.0__2026-05-16 19:40:18
D:\moth_photos\database\batch_06\img_moth_00010017.jpg,"[4000, 6000]",modelv1.0__2026-05-16 19:40:18
D:\moth_photos\database\batch_06\img_moth_00010018.jpg,"[4000, 6000]",modelv1.0__2026-05-16 19:40:18
D:\moth_photos\database\batch_06\img_moth_00010019.jpg,"[4000, 6000]",modelv1.0__2026-05-16 19:40:18
D:\moth_photos\database\batch_06\img_moth_00010020.jpg,"[4000, 6000]",modelv1.0__2026-05-16 19:40:18
D:\moth_photos\database\batch_06\img_moth_00010021.jpg,"[4000, 6000]",modelv1.0__2026-05-16 19:40:18
D:\moth_photos\database\batch_06\img_moth_00010022.jpg,"[4000, 6000]",modelv1.0__2026-05-16 19:40:18
D:\moth_photos\database\batch_06\img_moth_00010023.jpg,"[4000, 6000]",modelv1.0__2026-05-16 19:40:18
D:\moth_photos\database\batch_06\img_moth_00010024.jpg,"[4000, 6000]",modelv1.0__2026-05-16 19:40:18
D:\moth_photos\database\batch_06\img_moth_00010025.jpg,"[4000, 6000]",modelv1.0__2026-05-16 19:40:18
D:\moth_photos\database\batch_06\img_moth_00010026.jpg,"[4000, 6000]",modelv1.0__2026-05-16 19:40:18
D:\moth_photos\database\batch_06\img_moth_00010027.jpg,"[4000, 6000]",modelv1.0__2026-05-16 19:40:18
D:\moth_photos\database\batch_06\img_moth_00010028.jpg,"[4000, 6000]",modelv1.0__2026-05-16 19:40:18
D:\moth_photos\database\batch_06\img_moth_00010029.jpg,"[4000, 6000]",modelv1.0__2026-05-16 19:40:18
D:\moth_photos\database\batch_06\img_moth_00010030.jpg,"[4000, 6000]",modelv1.0__2026-05-16 19:40:18
D:\moth_photos\database\batch_06\img_moth_00010031.jpg,"[4000, 6000]",modelv1.0__2026-05-16 19:40:18
D:\moth_photos\database\batch_06\img_moth_00010032.jpg,"[4000, 6000]",modelv1.0__2026-05-16 19:40:18
D:\moth_photos\database\batch_06\img_moth_00010033.jpg,"[4000, 6000]",modelv1.0__2026-05-16 19:40:18
D:\moth_photos\database\batch_06\img_moth_00010034.jpg,"[4000, 6000]",modelv1.0__2026-05-16 19:40:18
D:\moth_photos\database\batch_06\img_moth_00010035.jpg,"[4000, 6000]",modelv1.0__2026-05-16 19:40:18
D:\moth_photos\database\batch_06\img_moth_00010036.jpg,"[4000, 6000]",modelv1.0__2026-05-16 19:40:18
D:\moth_photos\database\batch_06\img_moth_00010037.jpg,"[4000, 6000]",modelv1.0__2026-05-16 19:40:18
D:\moth_photos\database\batch_06\img_moth_00010038.jpg,"[4000, 6000]",modelv1.0__2026-05-16 19:40:18
D:\moth_photos\database\batch_06\img_moth_00010039.jpg,"[4000, 6000]",modelv1.0__2026-05-16 19:40:18
D:\moth_photos\database\batch_06\img_moth_00010040.jpg,"[4000, 6000]",modelv1.0__2026-05-16 19:40:18
D:\moth_photos\database\batch_06\img_moth_00010041.jpg,"[4000, 6000]",modelv1.0__2026-05-16 19:40:18
D:\moth_photos\database\batch_06\img_moth_00010042.jpg,"[4000, 6000]",modelv1.0__2026-05-16 19:40:18
D:\moth_photos\database\batch_06\img_moth_00010043.jpg,"[4000, 6000]",modelv1.0__2026-05-16 19:40:18
D:\moth_photos\database\batch_06\img_moth_00010044.jpg,"[4000, 6000]",modelv1.0__2026-05-16 19:40:18
D:\moth_photos\database\batch_06\img_moth_00010045.jpg,"[4000, 6000]",modelv1.0__2026-05-16 19:40:18
D:\moth_photos\database\batch_06\img_moth_00010046.jpg,"[4000, 6000]",modelv1.0__2026-05-16 19:40:18
D:\moth_photos\database\batch_06\img_moth_00010047.jpg,"[4000, 6000]",modelv1.0__2026-05-16 19:40:18
D:\moth_photos\database\batch_06\img_moth_00010048.jpg,"[4000, 6000]",modelv1.0__2026-05-16 19:40:18
D:\moth_photos\database\batch_06\img_moth_00010049.jpg,"[4000, 6000]",modelv1.0__2026-05-16 19:40:18
D:\moth_photos\database\batch_06\img_moth_00010050.jpg,"[4000, 6000]",modelv1.0__2026-05-16 19:40:18
D:\moth_photos\database\batch_06\img_moth_00010051.jpg,"[4000, 6000]",modelv1.0__2026-05-16 19:40:18
D:\moth_photos\database\batch_06\img_moth_00010052.jpg,"[4000, 6000]",modelv1.0__2026-05-16 19:40:18
D:\moth_photos\database\batch_06\img_moth_00010053.jpg,"[4000, 6000]",modelv1.0__2026-05-16 19:40:18
D:\moth_photos\database\batch_06\img_moth_00010054.jpg,"[4000, 6000]",modelv1.0__2026-05-16 19:40:18
D:\moth_photos\database\batch_06\img_moth_00010055.jpg,"[4000, 6000]",modelv1.0__2026-05-16 19:40:18
D:\moth_photos\database\batch_06\img_moth_00010056.jpg,"[4000, 6000]",modelv1.0__2026-05-16 19:40:18
D:\moth_photos\database\batch_06\img_moth_00010057.jpg,"[4000, 6000]",modelv1.0__2026-05-16 19:40:18
D:\moth_photos\database\batch_06\img_moth_00010058.jpg,"[4000, 6000]",modelv1.0__2026-05-16 19:40:18
D:\moth_photos\database\batch_06\img_moth_00010059.jpg,"[4000, 6000]",modelv1.0__2026-05-16 19:40:18
D:\moth_photos\database\batch_06\img_moth_00010060.jpg,"[4000, 6000]",modelv1.0__2026-05-16 19:40:18
D:\moth_photos\database\batch_06\img_moth_00010061.jpg,"[4000, 6000]",modelv1.0__2026-05-16 19:40:18
D:\moth_photos\database\batch_06\img_moth_00010062.jpg,"[4000, 6000]",modelv1.0__2026-05-16 19:40:18
D:\moth_photos\database\batch_06\img_moth_00010063.jpg,"[4000, 6000]",modelv1.0__2026-05-16 19:40:18
D:\moth_photos\database\batch_06\img_moth_00010064.jpg,"[4000, 6000]",modelv1.0__2026-05-16 19:40:18
D:\moth_photos\database\batch_06\img_moth_00010065.jpg,"[4000, 6000]",modelv1.0__2026-05-16 19:40:18
D:\moth_photos\database\batch_06\img_moth_00010066.jpg,"[4000, 6000]",modelv1.0__2026-05-16 19:40:18
D:\moth_photos\database\batch_06\img_moth_00010067.jpg,"[4000, 6000]",modelv1.0__2026-05-16 19:40:18
D:\moth_photos\database\batch_06\img_moth_00010068.jpg,"[4000, 6000]",modelv1.0__2026-05-16 19:40:18
D:\moth_photos\database\batch_06\img_moth_00010069.jpg,"[4000, 6000]",modelv1.0__2026-05-16 19:40:18
D:\moth_photos\database\batch_06\img_moth_00010070.jpg,"[4000, 6000]",modelv1.0__2026-05-16 19:40:18
D:\moth_photos\database\batch_06\img_moth_00010071.jpg,"[4000, 6000]",modelv1.0__2026-05-16 19:40:18
D:\moth_photos\database\batch_06\img_moth_00010072.jpg,"[4000, 6000]",modelv1.0__2026-05-16 19:40:18
D:\moth_photos\database\batch_06\img_moth_00010073.jpg,"[4000, 6000]",modelv1.0__2026-05-16 19:40:18
D:\moth_photos\database\batch_06\img_moth_00010074.jpg,"[4000, 6000]",modelv1.0__2026-05-16 19:40:18
D:\moth_photos\database\batch_06\img_moth_00010075.jpg,"[4000, 6000]",modelv1.0__2026-05-16 19:40:18
D:\moth_photos\database\batch_06\img_moth_00010076.jpg,"[4000, 6000]",modelv1.0__2026-05-16 19:40:18
D:\moth_photos\database\batch_06\img_moth_00010077.jpg,"[4000, 6000]",modelv1.0__2026-05-16 19:40:18
D:\moth_photos\database\batch_06\img_moth_00010078.jpg,"[4000, 6000]",modelv1.0__2026-05-16 19:40:18
D:\moth_photos\database\batch_06\img_moth_00010079.jpg,"[4000, 6000]",modelv1.0__2026-05-16 19:40:18
D:\moth_photos\database\batch_06\img_moth_00010080.jpg,"[4000, 6000]",modelv1.0__2026-05-16 19:40:18
D:\moth_photos\database\batch_06\img_moth_00010081.jpg,"[4000, 6000]",modelv1.0__2026-05-16 19:40:18
D:\moth_photos\database\batch_06\img_moth_00010082.jpg,"[4000, 6000]",modelv1.0__2026-05-16 19:40:18
D:\moth_photos\database\batch_06\img_moth_00010083.jpg,"[4000, 6000]",modelv1.0__2026-05-16 19:40:18
D:\moth_photos\database\batch_06\img_moth_00010084.jpg,"[4000, 6000]",modelv1.0__2026-05-16 19:40:18
D:\moth_photos\database\batch_06\img_moth_00010085.jpg,"[4000, 6000]",modelv1.0__2026-05-16 19:40:18
D:\moth_photos\database\batch_06\img_moth_00010086.jpg,"[4000, 6000]",modelv1.0__2026-05-16 19:40:18
D:\moth_photos\database\batch_06\img_moth_00010087.jpg,"[4000, 6000]",modelv1.0__2026-05-16 19:40:18
D:\moth_photos\database\batch_06\img_moth_00010088.jpg,"[4000, 6000]",modelv1.0__2026-05-16 19:40:18
D:\moth_photos\database\batch_06\img_moth_00010089.jpg,"[4000, 6000]",modelv1.0__2026-05-16 19:40:18
D:\moth_photos\database\batch_06\img_moth_00010090.jpg,"[4000, 6000]",modelv1.0__2026-05-16 19:40:18
D:\moth_photos\database\batch_06\img_moth_00010091.jpg,"[4000, 6000]",modelv1.0__2026-05-16 19:40:18
D:\moth_photos\database\batch_06\img_moth_00010092.jpg,"[4000, 6000]",modelv1.0__2026-05-16 19:40:18
D:\moth_photos\database\batch_06\img_moth_00010093.jpg,"[4000, 6000]",modelv1.0__2026-05-16 19:40:18
D:\moth_photos\database\batch_06\img_moth_00010094.jpg,"[4000, 6000]",modelv1.0__2026-05-16 19:40:18
D:\moth_photos\database\batch_06\img_moth_00010095.jpg,"[4000, 6000]",modelv1.0__2026-05-16 19:40:18
D:\moth_photos\database\batch_06\img_moth_00010096.jpg,"[4000, 6000]",modelv1.0__2026-05-16 19:40:18
D:\moth_photos\database\batch_06\img_moth_00010097.jpg,"[4000, 6000]",modelv1.0__2026-05-16 19:40:18
D:\moth_photos\database\batch_06\img_moth_00010098.jpg,"[4000, 6000]",modelv1.0__2026-05-16 19:40:18
D:\moth_photos\database\batch_06\img_moth_00010100.jpg,"[4000, 6000]",modelv1.0__2026-05-16 19:40:18
D:\moth_photos\database\batch_06\img_moth_00010101.jpg,"[4000, 6000]",modelv1.0__2026-05-16 19:40:18
D:\moth_photos\database\batch_06\img_moth_00010102.jpg,"[4000, 6000]",modelv1.0__2026-05-16 19:40:18
D:\moth_photos\database\batch_06\img_moth_00010103.jpg,"[4000, 6000]",modelv1.0__2026-05-16 19:40:18
D:\moth_photos\database\batch_06\img_moth_00010104.jpg,"[4000, 6000]",modelv1.0__2026-05-16 19:40:18
D:\moth_photos\database\batch_06\img_moth_00010105.jpg,"[4000, 6000]",modelv1.0__2026-05-16 19:40:18
D:\moth_photos\database\batch_06\img_moth_00010106.jpg,"[4000, 6000]",modelv1.0__2026-05-16 19:40:18
D:\moth_photos\database\batch_06\img_moth_00010107.jpg,"[4000, 6000]",modelv1.0__2026-05-16 19:40:18
D:\moth_photos\database\batch_06\img_moth_00010108.jpg,"[4000, 6000]",modelv1.0__2026-05-16 19:40:18
D:\moth_photos\database\batch_06\img_moth_00010109.jpg,"[4000, 6000]",modelv1.0__2026-05-16 19:40:18
D:\moth_photos\database\batch_06\img_moth_00010110.jpg,"[4000, 6000]",modelv1.0__2026-05-16 19:40:18
D:\moth_photos\database\batch_06\img_moth_00010111.jpg,"[4000, 6000]",modelv1.0__2026-05-16 19:40:18
D:\moth_photos\database\batch_06\img_moth_00010112.jpg,"[4000, 6000]",modelv1.0__2026-05-16 19:40:18
D:\moth_photos\database\batch_06\img_moth_00010113.jpg,"[4000, 6000]",modelv1.0__2026-05-16 19:40:18
D:\moth_photos\database\batch_06\img_moth_00010114.jpg,"[4000, 6000]",modelv1.0__2026-05-16 19:40:18
D:\moth_photos\database\batch_06\img_moth_00010115.jpg,"[4000, 6000]",modelv1.0__2026-05-16 19:40:18
D:\moth_photos\database\batch_06\img_moth_00010116.jpg,"[4000, 6000]",modelv1.0__2026-05-16 19:40:18
D:\moth_photos\database\batch_06\img_moth_00010117.jpg,"[4000, 6000]",modelv1.0__2026-05-16 19:40:18
D:\moth_photos\database\batch_06\img_moth_00010118.jpg,"[4000, 6000]",modelv1.0__2026-05-16 19:40:18
D:\moth_photos\database\batch_06\img_moth_00010119.jpg,"[4000, 6000]",modelv1.0__2026-05-16 19:40:18
D:\moth_photos\database\batch_06\img_moth_00010120.jpg,"[4000, 6000]",modelv1.0__2026-05-16 19:40:18
D:\moth_photos\database\batch_06\img_moth_00010121.jpg,"[4000, 6000]",modelv1.0__2026-05-16 19:40:18
D:\moth_photos\database\batch_06\img_moth_00010122.jpg,"[4000, 6000]",modelv1.0__2026-05-16 19:40:18
D:\moth_photos\database\batch_06\img_moth_00010123.jpg,"[4000, 6000]",modelv1.0__2026-05-16 19:40:18
D:\moth_photos\database\batch_06\img_moth_00010124.jpg,"[4000, 6000]",modelv1.0__2026-05-16 19:40:18
D:\moth_photos\database\batch_06\img_moth_00010125.jpg,"[4000, 6000]",modelv1.0__2026-05-16 19:40:18
D:\moth_photos\database\batch_06\img_moth_00010126.jpg,"[4000, 6000]",modelv1.0__2026-05-16 19:40:18
D:\moth_photos\database\batch_06\img_moth_00010127.jpg,"[4000, 6000]",modelv1.0__2026-05-16 19:40:18
D:\moth_photos\database\batch_06\img_moth_00010128.jpg,"[4000, 6000]",modelv1.0__2026-05-16 19:40:18
D:\moth_photos\database\batch_06\img_moth_00010129.jpg,"[4000, 6000]",modelv1.0__2026-05-16 19:40:18
D:\moth_photos\database\batch_06\img_moth_00010130.jpg,"[4000, 6000]",modelv1.0__2026-05-16 19:40:18
D:\moth_photos\database\batch_06\img_moth_00010131.jpg,"[4000, 6000]",modelv1.0__2026-05-16 19:40:18
D:\moth_photos\database\batch_06\img_moth_00010132.jpg,"[4000, 6000]",modelv1.0__2026-05-16 19:40:18
D:\moth_photos\database\batch_06\img_moth_00010133.jpg,"[4000, 6000]",modelv1.0__2026-05-16 19:40:18
D:\moth_photos\database\batch_06\img_moth_00010134.jpg,"[4000, 6000]",modelv1.0__2026-05-16 19:40:18
D:\moth_photos\database\batch_06\img_moth_00010135.jpg,"[4000, 6000]",modelv1.0__2026-05-16 19:40:18
D:\moth_photos\database\batch_06\img_moth_00010136.jpg,"[4000, 6000]",modelv1.0__2026-05-16 19:40:18
D:\moth_photos\database\batch_06\img_moth_00010137.jpg,"[4000, 6000]",modelv1.0__2026-05-16 19:40:18
D:\moth_photos\database\batch_06\img_moth_00010138.jpg,"[4000, 6000]",modelv1.0__2026-05-16 19:40:18
D:\moth_photos\database\batch_06\img_moth_00010139.jpg,"[4000, 6000]",modelv1.0__2026-05-16 19:40:18
D:\moth_photos\database\batch_06\img_moth_00010140.jpg,"[4000, 6000]",modelv1.0__2026-05-16 19:40:18
D:\moth_photos\database\batch_06\img_moth_00010141.jpg,"[4000, 6000]",modelv1.0__2026-05-16 19:40:18
D:\moth_photos\database\batch_06\img_moth_00010142.jpg,"[4000, 6000]",modelv1.0__2026-05-16 19:40:18
D:\moth_photos\database\batch_06\img_moth_00010143.jpg,"[4000, 6000]",modelv1.0__2026-05-16 19:40:18
D:\moth_photos\database\batch_06\img_moth_00010144.jpg,"[4000, 6000]",modelv1.0__2026-05-16 19:40:18
D:\moth_photos\database\batch_06\img_moth_00010145.jpg,"[4000, 6000]",modelv1.0__2026-05-16 19:40:18
D:\moth_photos\database\batch_06\img_moth_00010146.jpg,"[4000, 6000]",modelv1.0__2026-05-16 19:40:18
D:\moth_photos\database\batch_06\img_moth_00010147.jpg,"[4000, 6000]",modelv1.0__2026-05-16 19:40:18
D:\moth_photos\database\batch_06\img_moth_00010148.jpg,"[4000, 6000]",modelv1.0__2026-05-16 19:40:18
D:\moth_photos\database\batch_06\img_moth_00010149.jpg,"[4000, 6000]",modelv1.0__2026-05-16 19:40:18
D:\moth_photos\database\batch_06\img_moth_00010150.jpg,"[4000, 6000]",modelv1.0__2026-05-16 19:40:18
D:\moth_photos\database\batch_06\img_moth_00010151.jpg,"[4000, 6000]",modelv1.0__2026-05-16 19:40:18
D:\moth_photos\database\batch_06\img_moth_00010152.jpg,"[4000, 6000]",modelv1.0__2026-05-16 19:40:18
D:\moth_photos\database\batch_06\img_moth_00010153.jpg,"[4000, 6000]",modelv1.0__2026-05-16 19:40:18
D:\moth_photos\database\batch_06\img_moth_00010154.jpg,"[4000, 6000]",modelv1.0__2026-05-16 19:40:18
D:\moth_photos\database\batch_06\img_moth_00010155.jpg,"[4000, 6000]",modelv1.0__2026-05-16 19:40:18
D:\moth_photos\database\batch_06\img_moth_00010156.jpg,"[4000, 6000]",modelv1.0__2026-05-16 19:40:18
D:\moth_photos\database\batch_06\img_moth_00010157.jpg,"[4000, 6000]",modelv1.0__2026-05-16 19:40:18
D:\moth_photos\database\batch_06\img_moth_00010158.jpg,"[4000, 6000]",modelv1.0__2026-05-16 19:40:18
D:\moth_photos\database\batch_06\img_moth_00010159.jpg,"[4000, 6000]",modelv1.0__2026-05-16 19:40:18
D:\moth_photos\database\batch_06\img_moth_00010160.jpg,"[4000, 6000]",modelv1.0__2026-05-16 19:40:18
D:\moth_photos\database\batch_06\img_moth_00010161.jpg,"[4000, 6000]",modelv1.0__2026-05-16 19:40:18
D:\moth_photos\database\batch_06\img_moth_00010162.jpg,"[4000, 6000]",modelv1.0__2026-05-16 19:40:18
D:\moth_photos\database\batch_06\img_moth_00010163.jpg,"[4000, 6000]",modelv1.0__2026-05-16 19:40:18
D:\moth_photos\database\batch_06\img_moth_00010164.jpg,"[4000, 6000]",modelv1.0__2026-05-16 19:40:18
D:\moth_photos\database\batch_06\img_moth_00010165.jpg,"[4000, 6000]",modelv1.0__2026-05-16 19:40:18
D:\moth_photos\database\batch_06\img_moth_00010166.jpg,"[4000, 6000]",modelv1.0__2026-05-16 19:40:18
D:\moth_photos\database\batch_06\img_moth_00010167.jpg,"[4000, 6000]",modelv1.0__2026-05-16 19:40:18
D:\moth_photos\database\batch_06\img_moth_00010168.jpg,"[4000, 6000]",modelv1.0__2026-05-16 19:40:18
D:\moth_photos\database\batch_06\img_moth_00010169.jpg,"[4000, 6000]",modelv1.0__2026-05-16 19:40:18
D:\moth_photos\database\batch_06\img_moth_00010170.jpg,"[4000, 6000]",modelv1.0__2026-05-16 19:40:18
D:\moth_photos\database\batch_06\img_moth_00010171.jpg,"[4000, 6000]",modelv1.0__2026-05-16 19:40:18
D:\moth_photos\database\batch_06\img_moth_00010172.jpg,"[4000, 6000]",modelv1.0__2026-05-16 19:40:18
D:\moth_photos\database\batch_06\img_moth_00010173.jpg,"[4000, 6000]",modelv1.0__2026-05-16 19:40:18
D:\moth_photos\database\batch_06\img_moth_00010174.jpg,"[4000, 6000]",modelv1.0__2026-05-16 19:40:18
D:\moth_photos\database\batch_06\img_moth_00010175.jpg,"[4000, 6000]",modelv1.0__2026-05-16 19:40:18
D:\moth_photos\database\batch_06\img_moth_00010176.jpg,"[4000, 6000]",modelv1.0__2026-05-16 19:40:18
D:\moth_photos\database\batch_06\img_moth_00010177.jpg,"[4000, 6000]",modelv1.0__2026-05-16 19:40:18
D:\moth_photos\database\batch_06\img_moth_00010178.jpg,"[4000, 6000]",modelv1.0__2026-05-16 19:40:18
D:\moth_photos\database\batch_06\img_moth_00010179.jpg,"[4000, 6000]",modelv1.0__2026-05-16 19:40:18
D:\moth_photos\database\batch_06\img_moth_00010180.jpg,"[4000, 6000]",modelv1.0__2026-05-16 19:40:18
D:\moth_photos\database\batch_06\img_moth_00010181.jpg,"[4000, 6000]",modelv1.0__2026-05-16 19:40:18
D:\moth_photos\database\batch_06\img_moth_00010182.jpg,"[4000, 6000]",modelv1.0__2026-05-16 19:40:18
D:\moth_photos\database\batch_06\img_moth_00010183.jpg,"[4000, 6000]",modelv1.0__2026-05-16 19:40:18
D:\moth_photos\database\batch_06\img_moth_00010184.jpg,"[4000, 6000]",modelv1.0__2026-05-16 19:40:18
D:\moth_photos\database\batch_06\img_moth_00010185.jpg,"[4000, 6000]",modelv1.0__2026-05-16 19:40:18
D:\moth_photos\database\batch_06\img_moth_00010186.jpg,"[4000, 6000]",modelv1.0__2026-05-16 19:40:18
D:\moth_photos\database\batch_06\img_moth_00010187.jpg,"[4000, 6000]",modelv1.0__2026-05-16 19:40:18
D:\moth_photos\database\batch_06\img_moth_00010188.jpg,"[4000, 6000]",modelv1.0__2026-05-16 19:40:18
D:\moth_photos\database\batch_06\img_moth_00010189.jpg,"[4000, 6000]",modelv1.0__2026-05-16 19:40:18
D:\moth_photos\database\batch_06\img_moth_00010190.jpg,"[4000, 6000]",modelv1.0__2026-05-16 19:40:18
D:\moth_photos\database\batch_06\img_moth_00010191.jpg,"[4000, 6000]",modelv1.0__2026-05-16 19:40:18
D:\moth_photos\database\batch_06\img_moth_00010192.jpg,"[4000, 6000]",modelv1.0__2026-05-16 19:40:18
D:\moth_photos\database\batch_06\img_moth_00010193.jpg,"[4000, 6000]",modelv1.0__2026-05-16 19:40:18
D:\moth_photos\database\batch_06\img_moth_00010194.jpg,"[4000, 6000]",modelv1.0__2026-05-16 19:40:18
D:\moth_photos\database\batch_06\img_moth_00010195.jpg,"[4000, 6000]",modelv1.0__2026-05-16 19:40:18
D:\moth_photos\database\batch_06\img_moth_00010196.jpg,"[4000, 6000]",modelv1.0__2026-05-16 19:40:18
D:\moth_photos\database\batch_06\img_moth_00010197.jpg,"[4000, 6000]",modelv1.0__2026-05-16 19:40:18
D:\moth_photos\database\batch_06\img_moth_00010198.jpg,"[4000, 6000]",modelv1.0__2026-05-16 19:40:18
D:\moth_photos\database\batch_06\img_moth_00010199.jpg,"[4000, 6000]",modelv1.0__2026-05-16 19:40:18
D:\moth_photos\database\batch_06\img_moth_00010200.jpg,"[4000, 6000]",modelv1.0__2026-05-16 19:40:18
D:\moth_photos\database\batch_06\img_moth_00010201.jpg,"[4000, 6000]",modelv1.0__2026-05-16 19:40:18
D:\moth_photos\database\batch_06\img_moth_00010202.jpg,"[4000, 6000]",modelv1.0__2026-05-16 19:40:18
D:\moth_photos\database\batch_06\img_moth_00010203.jpg,"[4000, 6000]",modelv1.0__2026-05-16 19:40:18
D:\moth_photos\database\batch_06\img_moth_00010204.jpg,"[4000, 6000]",modelv1.0__2026-05-16 19:40:18
D:\moth_photos\database\batch_06\img_moth_00010205.jpg,"[4000, 6000]",modelv1.0__2026-05-16 19:40:18
D:\moth_photos\database\batch_06\img_moth_00010206.jpg,"[4000, 6000]",modelv1.0__2026-05-16 19:40:18
D:\moth_photos\database\batch_06\img_moth_00010207.jpg,"[4000, 6000]",modelv1.0__2026-05-16 19:40:18
D:\moth_photos\database\batch_06\img_moth_00010208.jpg,"[4000, 6000]",modelv1.0__2026-05-16 19:40:18
D:\moth_photos\database\batch_06\img_moth_00010209.jpg,"[4000, 6000]",modelv1.0__2026-05-16 19:40:18
D:\moth_photos\database\batch_06\img_moth_00010210.jpg,"[4000, 6000]",modelv1.0__2026-05-16 19:40:18
D:\moth_photos\database\batch_06\img_moth_00010211.jpg,"[4000, 6000]",modelv1.0__2026-05-16 19:40:18
D:\moth_photos\database\batch_06\img_moth_00010212.jpg,"[4000, 6000]",modelv1.0__2026-05-16 19:40:18
D:\moth_photos\database\batch_06\img_moth_00010213.jpg,"[4000, 6000]",modelv1.0__2026-05-16 19:40:18
D:\moth_photos\database\batch_06\img_moth_00010214.jpg,"[4000, 6000]",modelv1.0__2026-05-16 19:40:18
D:\moth_photos\database\batch_06\img_moth_00010215.jpg,"[4000, 6000]",modelv1.0__2026-05-16 19:40:18
D:\moth_photos\database\batch_06\img_moth_00010216.jpg,"[4000, 6000]",modelv1.0__2026-05-16 19:40:18
D:\moth_photos\database\batch_06\img_moth_00010217.jpg,"[4000, 6000]",modelv1.0__2026-05-16 19:40:18
D:\moth_photos\database\batch_06\img_moth_00010218.jpg,"[4000, 6000]",modelv1.0__2026-05-16 19:40:18
D:\moth_photos\database\batch_06\img_moth_00010219.jpg,"[4000, 6000]",modelv1.0__2026-05-16 19:40:18
D:\moth_photos\database\batch_06\img_moth_00010220.jpg,"[4000, 6000]",modelv1.0__2026-05-16 19:40:18
D:\moth_photos\database\batch_06\img_moth_00010221.jpg,"[4000, 6000]",modelv1.0__2026-05-16 19:40:18
D:\moth_photos\database\batch_06\img_moth_00010222.jpg,"[4000, 6000]",modelv1.0__2026-05-16 19:40:18
D:\moth_photos\database\batch_06\img_moth_00010223.jpg,"[4000, 6000]",modelv1.0__2026-05-16 19:40:18
D:\moth_photos\database\batch_06\img_moth_00010224.jpg,"[4000, 6000]",modelv1.0__2026-05-16 19:40:18
D:\moth_photos\database\batch_06\img_moth_00010225.jpg,"[4000, 6000]",modelv1.0__2026-05-16 19:40:18
D:\moth_photos\database\batch_06\img_moth_00010226.jpg,"[4000, 6000]",modelv1.0__2026-05-16 19:40:18
D:\moth_photos\database\batch_06\img_moth_00010227.jpg,"[4000, 6000]",modelv1.0__2026-05-16 19:40:18
D:\moth_photos\database\batch_06\img_moth_00010228.jpg,"[4000, 6000]",modelv1.0__2026-05-16 19:40:18
D:\moth_photos\database\batch_06\img_moth_00010229.jpg,"[4000, 6000]",modelv1.0__2026-05-16 19:40:18
D:\moth_photos\database\batch_06\img_moth_00010230.jpg,"[4000, 6000]",modelv1.0__2026-05-16 19:40:18
D:\moth_photos\database\batch_06\img_moth_00010231.jpg,"[4000, 6000]",modelv1.0__2026-05-16 19:40:18
D:\moth_photos\database\batch_06\img_moth_00010232.jpg,"[4000, 6000]",modelv1.0__2026-05-16 19:40:18
D:\moth_photos\database\batch_06\img_moth_00010233.jpg,"[4000, 6000]",modelv1.0__2026-05-16 19:40:18
D:\moth_photos\database\batch_06\img_moth_00010234.jpg,"[4000, 6000]",modelv1.0__2026-05-16 19:40:18
D:\moth_photos\database\batch_06\img_moth_00010235.jpg,"[4000, 6000]",modelv1.0__2026-05-16 19:40:18
D:\moth_photos\database\batch_06\img_moth_00010236.jpg,"[4000, 6000]",modelv1.0__2026-05-16 19:40:18
D:\moth_photos\database\batch_06\img_moth_00010237.jpg,"[4000, 6000]",modelv1.0__2026-05-16 19:40:18
D:\moth_photos\database\batch_06\img_moth_00010238.jpg,"[4000, 6000]",modelv1.0__2026-05-16 19:40:18
D:\moth_photos\database\batch_06\img_moth_00010239.jpg,"[4000, 6000]",modelv1.0__2026-05-16 19:40:18
D:\moth_photos\database\batch_06\img_moth_00010240.jpg,"[4000, 6000]",modelv1.0__2026-05-16 19:40:18
D:\moth_photos\database\batch_06\img_moth_00010241.jpg,"[4000, 6000]",modelv1.0__2026-05-16 19:40:18
D:\moth_photos\database\batch_06\img_moth_00010242.jpg,"[4000, 6000]",modelv1.0__2026-05-16 19:40:18
D:\moth_photos\database\batch_06\img_moth_00010243.jpg,"[4000, 6000]",modelv1.0__2026-05-16 19:40:18
D:\moth_photos\database\batch_06\img_moth_00010244.jpg,"[4000, 6000]",modelv1.0__2026-05-16 19:40:18
D:\moth_photos\database\batch_06\img_moth_00010245.jpg,"[4000, 6000]",modelv1.0__2026-05-16 19:40:18
D:\moth_photos\database\batch_06\img_moth_00010246.jpg,"[4000, 6000]",modelv1.0__2026-05-16 19:40:18
D:\moth_photos\database\batch_06\img_moth_00010247.jpg,"[4000, 6000]",modelv1.0__2026-05-16 19:40:18
D:\moth_photos\database\batch_06\img_moth_00010248.jpg,"[4000, 6000]",modelv1.0__2026-05-16 19:40:18
D:\moth_photos\database\batch_06\img_moth_00010249.jpg,"[4000, 6000]",modelv1.0__2026-05-16 19:40:18
D:\moth_photos\database\batch_06\img_moth_00010250.jpg,"[4000, 6000]",modelv1.0__2026-05-16 19:40:18
D:\moth_photos\database\batch_06\img_moth_00010251.jpg,"[4000, 6000]",modelv1.0__2026-05-16 19:40:18
D:\moth_photos\database\batch_06\img_moth_00010252.jpg,"[4000, 6000]",modelv1.0__2026-05-16 19:40:18
D:\moth_photos\database\batch_06\img_moth_00010253.jpg,"[4000, 6000]",modelv1.0__2026-05-16 19:40:18
D:\moth_photos\database\batch_06\img_moth_00010254.jpg,"[4000, 6000]",modelv1.0__2026-05-16 19:40:18
D:\moth_photos\database\batch_06\img_moth_00010255.jpg,"[4000, 6000]",modelv1.0__2026-05-16 19:40:18
D:\moth_photos\database\batch_06\img_moth_00010256.jpg,"[4000, 6000]",modelv1.0__2026-05-16 19:40:18
D:\moth_photos\database\batch_06\img_moth_00010257.jpg,"[4000, 6000]",modelv1.0__2026-05-16 19:40:18
D:\moth_photos\database\batch_06\img_moth_00010258.jpg,"[4000, 6000]",modelv1.0__2026-05-16 19:40:18
D:\moth_photos\database\batch_06\img_moth_00010259.jpg,"[4000, 6000]",modelv1.0__2026-05-16 19:40:18
D:\moth_photos\database\batch_06\img_moth_00010260.jpg,"[4000, 6000]",modelv1.0__2026-05-16 19:40:18
D:\moth_photos\database\batch_06\img_moth_00010261.jpg,"[4000, 6000]",modelv1.0__2026-05-16 19:40:18
D:\moth_photos\database\batch_06\img_moth_00010262.jpg,"[4000, 6000]",modelv1.0__2026-05-16 19:40:18
D:\moth_photos\database\batch_06\img_moth_00010263.jpg,"[4000, 6000]",modelv1.0__2026-05-16 19:40:18
D:\moth_photos\database\batch_06\img_moth_00010264.jpg,"[4000, 6000]",modelv1.0__2026-05-16 19:40:18
D:\moth_photos\database\batch_06\img_moth_00010265.jpg,"[4000, 6000]",modelv1.0__2026-05-16 19:40:18
D:\moth_photos\database\batch_06\img_moth_00010266.jpg,"[4000, 6000]",modelv1.0__2026-05-16 19:40:18
D:\moth_photos\database\batch_06\img_moth_00010267.jpg,"[4000, 6000]",modelv1.0__2026-05-16 19:40:18
D:\moth_photos\database\batch_06\img_moth_00010268.jpg,"[4000, 6000]",modelv1.0__2026-05-16 19:40:18
D:\moth_photos\database\batch_06\img_moth_00010269.jpg,"[4000, 6000]",modelv1.0__2026-05-16 19:40:18
D:\moth_photos\database\batch_06\img_moth_00010270.jpg,"[4000, 6000]",modelv1.0__2026-05-16 19:40:18
D:\moth_photos\database\batch_06\img_moth_00010271.jpg,"[4000, 6000]",modelv1.0__2026-05-16 19:40:18
D:\moth_photos\database\batch_06\img_moth_00010272.jpg,"[4000, 6000]",modelv1.0__2026-05-16 19:40:18
D:\moth_photos\database\batch_06\img_moth_00010273.jpg,"[4000, 6000]",modelv1.0__2026-05-16 19:40:18
D:\moth_photos\database\batch_06\img_moth_00010274.jpg,"[4000, 6000]",modelv1.0__2026-05-16 19:40:18
D:\moth_photos\database\batch_06\img_moth_00010275.jpg,"[4000, 6000]",modelv1.0__2026-05-16 19:40:18
D:\moth_photos\database\batch_06\img_moth_00010276.jpg,"[4000, 6000]",modelv1.0__2026-05-16 19:40:18
D:\moth_photos\database\batch_06\img_moth_00010277.jpg,"[4000, 6000]",modelv1.0__2026-05-16 19:40:18
D:\moth_photos\database\batch_06\img_moth_00010278.jpg,"[4000, 6000]",modelv1.0__2026-05-16 19:40:18
D:\moth_photos\database\batch_06\img_moth_00010279.jpg,"[4000, 6000]",modelv1.0__2026-05-16 19:40:18
D:\moth_photos\database\batch_06\img_moth_00010280.jpg,"[4000, 6000]",modelv1.0__2026-05-16 19:40:18
D:\moth_photos\database\batch_06\img_moth_00010281.jpg,"[4000, 6000]",modelv1.0__2026-05-16 19:40:18
D:\moth_photos\database\batch_06\img_moth_00010282.jpg,"[4000, 6000]",modelv1.0__2026-05-16 19:40:18
D:\moth_photos\database\batch_06\img_moth_00010283.jpg,"[4000, 6000]",modelv1.0__2026-05-16 19:40:18
D:\moth_photos\database\batch_06\img_moth_00010284.jpg,"[4000, 6000]",modelv1.0__2026-05-16 19:40:18
D:\moth_photos\database\batch_06\img_moth_00010285.jpg,"[4000, 6000]",modelv1.0__2026-05-16 19:40:18
D:\moth_photos\database\batch_06\img_moth_00010286.jpg,"[4000, 6000]",modelv1.0__2026-05-16 19:40:18
D:\moth_photos\database\batch_06\img_moth_00010287.jpg,"[4000, 6000]",modelv1.0__2026-05-16 19:40:18
D:\moth_photos\database\batch_06\img_moth_00010288.jpg,"[4000, 6000]",modelv1.0__2026-05-16 19:40:18
D:\moth_photos\database\batch_06\img_moth_00010289.jpg,"[4000, 6000]",modelv1.0__2026-05-16 19:40:18
D:\moth_photos\database\batch_06\img_moth_00010290.jpg,"[4000, 6000]",modelv1.0__2026-05-16 19:40:18
D:\moth_photos\database\batch_06\img_moth_00010291.jpg,"[4000, 6000]",modelv1.0__2026-05-16 19:40:18
D:\moth_photos\database\batch_06\img_moth_00010292.jpg,"[4000, 6000]",modelv1.0__2026-05-16 19:40:18
D:\moth_photos\database\batch_06\img_moth_00010293.jpg,"[4000, 6000]",modelv1.0__2026-05-16 19:40:18
D:\moth_photos\database\batch_06\img_moth_00010294.jpg,"[4000, 6000]",modelv1.0__2026-05-16 19:40:18
D:\moth_photos\database\batch_06\img_moth_00010295.jpg,"[4000, 6000]",modelv1.0__2026-05-16 19:40:18
D:\moth_photos\database\batch_06\img_moth_00010296.jpg,"[4000, 6000]",modelv1.0__2026-05-16 19:40:18
D:\moth_photos\database\batch_06\img_moth_00010297.jpg,"[4000, 6000]",modelv1.0__2026-05-16 19:40:18
D:\moth_photos\database\batch_06\img_moth_00010298.jpg,"[4000, 6000]",modelv1.0__2026-05-16 19:40:18
D:\moth_photos\database\batch_06\img_moth_00010299.jpg,"[4000, 6000]",modelv1.0__2026-05-16 19:40:18
D:\moth_photos\database\batch_06\img_moth_00010300.jpg,"[4000, 6000]",modelv1.0__2026-05-16 19:40:18
D:\moth_photos\database\batch_06\img_moth_00010301.jpg,"[4000, 6000]",modelv1.0__2026-05-16 19:40:18
D:\moth_photos\database\batch_06\img_moth_00010302.jpg,"[4000, 6000]",modelv1.0__2026-05-16 19:40:18
D:\moth_photos\database\batch_06\img_moth_00010303.jpg,"[4000, 6000]",modelv1.0__2026-05-16 19:40:18
D:\moth_photos\database\batch_06\img_moth_00010304.jpg,"[4000, 6000]",modelv1.0__2026-05-16 19:40:18
D:\moth_photos\database\batch_06\img_moth_00010305.jpg,"[4000, 6000]",modelv1.0__2026-05-16 19:40:18
D:\moth_photos\database\batch_06\img_moth_00010306.jpg,"[4000, 6000]",modelv1.0__2026-05-16 19:40:18
D:\moth_photos\database\batch_06\img_moth_00010307.jpg,"[4000, 6000]",modelv1.0__2026-05-16 19:40:18
D:\moth_photos\database\batch_06\img_moth_00010308.jpg,"[4000, 6000]",modelv1.0__2026-05-16 19:40:18
D:\moth_photos\database\batch_06\img_moth_00010309.jpg,"[4000, 6000]",modelv1.0__2026-05-16 19:40:18
D:\moth_photos\database\batch_06\img_moth_00010310.jpg,"[4000, 6000]",modelv1.0__2026-05-16 19:40:18
D:\moth_photos\database\batch_06\img_moth_00010311.jpg,"[4000, 6000]",modelv1.0__2026-05-16 19:40:18
D:\moth_photos\database\batch_06\img_moth_00010312.jpg,"[4000, 6000]",modelv1.0__2026-05-16 19:40:18
D:\moth_photos\database\batch_06\img_moth_00010313.jpg,"[4000, 6000]",modelv1.0__2026-05-16 19:40:18
D:\moth_photos\database\batch_06\img_moth_00010314.jpg,"[4000, 6000]",modelv1.0__2026-05-16 19:40:18
D:\moth_photos\database\batch_06\img_moth_00010315.jpg,"[4000, 6000]",modelv1.0__2026-05-16 19:40:18
D:\moth_photos\database\batch_06\img_moth_00010316.jpg,"[4000, 6000]",modelv1.0__2026-05-16 19:40:18
D:\moth_photos\database\batch_06\img_moth_00010317.jpg,"[4000, 6000]",modelv1.0__2026-05-16 19:40:18
D:\moth_photos\database\batch_06\img_moth_00010318.jpg,"[4000, 6000]",modelv1.0__2026-05-16 19:40:18
D:\moth_photos\database\batch_06\img_moth_00010319.jpg,"[4000, 6000]",modelv1.0__2026-05-16 19:40:18
D:\moth_photos\database\batch_06\img_moth_00010320.jpg,"[4000, 6000]",modelv1.0__2026-05-16 19:40:18
D:\moth_photos\database\batch_06\img_moth_00010321.jpg,"[4000, 6000]",modelv1.0__2026-05-16 19:40:18
D:\moth_photos\database\batch_06\img_moth_00010322.jpg,"[4000, 6000]",modelv1.0__2026-05-16 19:40:18
D:\moth_photos\database\batch_06\img_moth_00010323.jpg,"[4000, 6000]",modelv1.0__2026-05-16 19:40:18
D:\moth_photos\database\batch_06\img_moth_00010324.jpg,"[4000, 6000]",modelv1.0__2026-05-16 19:40:18
D:\moth_photos\database\batch_06\img_moth_00010325.jpg,"[4000, 6000]",modelv1.0__2026-05-16 19:40:18
D:\moth_photos\database\batch_06\img_moth_00010326.jpg,"[4000, 6000]",modelv1.0__2026-05-16 19:40:18
D:\moth_photos\database\batch_06\img_moth_00010327.jpg,"[4000, 6000]",modelv1.0__2026-05-16 19:40:18
D:\moth_photos\database\batch_06\img_moth_00010328.jpg,"[4000, 6000]",modelv1.0__2026-05-16 19:40:18
D:\moth_photos\database\batch_06\img_moth_00010329.jpg,"[4000, 6000]",modelv1.0__2026-05-16 19:40:18
D:\moth_photos\database\batch_06\img_moth_00010330.jpg,"[4000, 6000]",modelv1.0__2026-05-16 19:40:18
D:\moth_photos\database\batch_06\img_moth_00010331.jpg,"[4000, 6000]",modelv1.0__2026-05-16 19:40:18
D:\moth_photos\database\batch_06\img_moth_00010332.jpg,"[4000, 6000]",modelv1.0__2026-05-16 19:40:18
D:\moth_photos\database\batch_06\img_moth_00010333.jpg,"[4000, 6000]",modelv1.0__2026-05-16 19:40:18
D:\moth_photos\database\batch_06\img_moth_00010334.jpg,"[4000, 6000]",modelv1.0__2026-05-16 19:40:18
D:\moth_photos\database\batch_06\img_moth_00010335.jpg,"[4000, 6000]",modelv1.0__2026-05-16 19:40:18
D:\moth_photos\database\batch_06\img_moth_00010336.jpg,"[4000, 6000]",modelv1.0__2026-05-16 19:40:18
D:\moth_photos\database\batch_06\img_moth_00010337.jpg,"[4000, 6000]",modelv1.0__2026-05-16 19:40:18
D:\moth_photos\database\batch_06\img_moth_00010338.jpg,"[4000, 6000]",modelv1.0__2026-05-16 19:40:18
D:\moth_photos\database\batch_06\img_moth_00010339.jpg,"[4000, 6000]",modelv1.0__2026-05-16 19:40:18
D:\moth_photos\database\batch_06\img_moth_00010340.jpg,"[4000, 6000]",modelv1.0__2026-05-16 19:40:18
D:\moth_photos\database\batch_06\img_moth_00010341.jpg,"[4000, 6000]",modelv1.0__2026-05-16 19:40:18
D:\moth_photos\database\batch_06\img_moth_00010342.jpg,"[4000, 6000]",modelv1.0__2026-05-16 19:40:18
D:\moth_photos\database\batch_06\img_moth_00010343.jpg,"[4000, 6000]",modelv1.0__2026-05-16 19:40:18
D:\moth_photos\database\batch_06\img_moth_00010344.jpg,"[4000, 6000]",modelv1.0__2026-05-16 19:40:18
D:\moth_photos\database\batch_06\img_moth_00010345.jpg,"[4000, 6000]",modelv1.0__2026-05-16 19:40:18
D:\moth_photos\database\batch_06\img_moth_00010346.jpg,"[4000, 6000]",modelv1.0__2026-05-16 19:40:18
D:\moth_photos\database\batch_06\img_moth_00010347.jpg,"[4000, 6000]",modelv1.0__2026-05-16 19:40:18
D:\moth_photos\database\batch_06\img_moth_00010348.jpg,"[4000, 6000]",modelv1.0__2026-05-16 19:40:18
D:\moth_photos\database\batch_06\img_moth_00010349.jpg,"[4000, 6000]",modelv1.0__2026-05-16 19:40:18
D:\moth_photos\database\batch_06\img_moth_00010350.jpg,"[4000, 6000]",modelv1.0__2026-05-16 19:40:18
D:\moth_photos\database\batch_06\img_moth_00010351.jpg,"[4000, 6000]",modelv1.0__2026-05-16 19:40:18
D:\moth_photos\database\batch_06\img_moth_00010352.jpg,"[4000, 6000]",modelv1.0__2026-05-16 19:40:18
D:\moth_photos\database\batch_06\img_moth_00010353.jpg,"[4000, 6000]",modelv1.0__2026-05-16 19:40:18
D:\moth_photos\database\batch_06\img_moth_00010354.jpg,"[4000, 6000]",modelv1.0__2026-05-16 19:40:18
D:\moth_photos\database\batch_06\img_moth_00010355.jpg,"[4000, 6000]",modelv1.0__2026-05-16 19:40:18
D:\moth_photos\database\batch_06\img_moth_00010356.jpg,"[4000, 6000]",modelv1.0__2026-05-16 19:40:18
D:\moth_photos\database\batch_06\img_moth_00010357.jpg,"[4000, 6000]",modelv1.0__2026-05-16 19:40:18
D:\moth_photos\database\batch_06\img_moth_00010358.jpg,"[4000, 6000]",modelv1.0__2026-05-16 19:40:18
D:\moth_photos\database\batch_06\img_moth_00010359.jpg,"[4000, 6000]",modelv1.0__2026-05-16 19:40:18
D:\moth_photos\database\batch_06\img_moth_00010360.jpg,"[4000, 6000]",modelv1.0__2026-05-16 19:40:18
D:\moth_photos\database\batch_06\img_moth_00010361.jpg,"[4000, 6000]",modelv1.0__2026-05-16 19:40:18
D:\moth_photos\database\batch_06\img_moth_00010362.jpg,"[4000, 6000]",modelv1.0__2026-05-16 19:40:18
D:\moth_photos\database\batch_06\img_moth_00010363.jpg,"[4000, 6000]",modelv1.0__2026-05-16 19:40:18
D:\moth_photos\database\batch_06\img_moth_00010364.jpg,"[4000, 6000]",modelv1.0__2026-05-16 19:40:18
D:\moth_photos\database\batch_06\img_moth_00010365.jpg,"[4000, 6000]",modelv1.0__2026-05-16 19:40:18
D:\moth_photos\database\batch_06\img_moth_00010366.jpg,"[4000, 6000]",modelv1.0__2026-05-16 19:40:18
D:\moth_photos\database\batch_06\img_moth_00010367.jpg,"[4000, 6000]",modelv1.0__2026-05-16 19:40:18
D:\moth_photos\database\batch_06\img_moth_00010368.jpg,"[4000, 6000]",modelv1.0__2026-05-16 19:40:18
D:\moth_photos\database\batch_06\img_moth_00010369.jpg,"[4000, 6000]",modelv1.0__2026-05-16 19:40:18
D:\moth_photos\database\batch_06\img_moth_00010370.jpg,"[4000, 6000]",modelv1.0__2026-05-16 19:40:18
D:\moth_photos\database\batch_06\img_moth_00010371.jpg,"[4000, 6000]",modelv1.0__2026-05-16 19:40:18
D:\moth_photos\database\batch_06\img_moth_00010372.jpg,"[4000, 6000]",modelv1.0__2026-05-16 19:40:18
D:\moth_photos\database\batch_06\img_moth_00010373.jpg,"[4000, 6000]",modelv1.0__2026-05-16 19:40:18
D:\moth_photos\database\batch_06\img_moth_00010374.jpg,"[4000, 6000]",modelv1.0__2026-05-16 19:40:18
D:\moth_photos\database\batch_06\img_moth_00010375.jpg,"[4000, 6000]",modelv1.0__2026-05-16 19:40:18
D:\moth_photos\database\batch_06\img_moth_00010376.jpg,"[4000, 6000]",modelv1.0__2026-05-16 19:40:18
D:\moth_photos\database\batch_06\img_moth_00010377.jpg,"[4000, 6000]",modelv1.0__2026-05-16 19:40:18
D:\moth_photos\database\batch_06\img_moth_00010378.jpg,"[4000, 6000]",modelv1.0__2026-05-16 19:40:18
D:\moth_photos\database\batch_06\img_moth_00010379.jpg,"[4000, 6000]",modelv1.0__2026-05-16 19:40:18
D:\moth_photos\database\batch_06\img_moth_00010380.jpg,"[4000, 6000]",modelv1.0__2026-05-16 19:40:18
D:\moth_photos\database\batch_06\img_moth_00010381.jpg,"[4000, 6000]",modelv1.0__2026-05-16 19:40:18
D:\moth_photos\database\batch_06\img_moth_00010382.jpg,"[4000, 6000]",modelv1.0__2026-05-16 19:40:18
D:\moth_photos\database\batch_06\img_moth_00010383.jpg,"[4000, 6000]",modelv1.0__2026-05-16 19:40:18
D:\moth_photos\database\batch_06\img_moth_00010384.jpg,"[4000, 6000]",modelv1.0__2026-05-16 19:40:18
D:\moth_photos\database\batch_06\img_moth_00010385.jpg,"[4000, 6000]",modelv1.0__2026-05-16 19:40:18
D:\moth_photos\database\batch_06\img_moth_00010386.jpg,"[4000, 6000]",modelv1.0__2026-05-16 19:40:18
D:\moth_photos\database\batch_06\img_moth_00010387.jpg,"[4000, 6000]",modelv1.0__2026-05-16 19:40:18
D:\moth_photos\database\batch_06\img_moth_00010388.jpg,"[4000, 6000]",modelv1.0__2026-05-16 19:40:18
D:\moth_photos\database\batch_06\img_moth_00010389.jpg,"[4000, 6000]",modelv1.0__2026-05-16 19:40:18
D:\moth_photos\database\batch_06\img_moth_00010390.jpg,"[4000, 6000]",modelv1.0__2026-05-16 19:40:18
D:\moth_photos\database\batch_06\img_moth_00010391.jpg,"[4000, 6000]",modelv1.0__2026-05-16 19:40:18
D:\moth_photos\database\batch_06\img_moth_00010392.jpg,"[4000, 6000]",modelv1.0__2026-05-16 19:40:18
D:\moth_photos\database\batch_06\img_moth_00010393.jpg,"[4000, 6000]",modelv1.0__2026-05-16 19:40:18
D:\moth_photos\database\batch_06\img_moth_00010394.jpg,"[4000, 6000]",modelv1.0__2026-05-16 19:40:18
D:\moth_photos\database\batch_06\img_moth_00010395.jpg,"[4000, 6000]",modelv1.0__2026-05-16 19:40:18
D:\moth_photos\database\batch_06\img_moth_00010396.jpg,"[4000, 6000]",modelv1.0__2026-05-16 19:40:18
D:\moth_photos\database\batch_06\img_moth_00010397.jpg,"[4000, 6000]",modelv1.0__2026-05-16 19:40:18
D:\moth_photos\database\batch_06\img_moth_00010398.jpg,"[4000, 6000]",modelv1.0__2026-05-16 19:40:18
D:\moth_photos\database\batch_06\img_moth_00010399.jpg,"[4000, 6000]",modelv1.0__2026-05-16 19:40:18
D:\moth_photos\database\batch_06\img_moth_00010400.jpg,"[4000, 6000]",modelv1.0__2026-05-16 19:40:18
D:\moth_photos\database\batch_06\img_moth_00010401.jpg,"[4000, 6000]",modelv1.0__2026-05-16 19:40:18
D:\moth_photos\database\batch_06\img_moth_00010402.jpg,"[4000, 6000]",modelv1.0__2026-05-16 19:40:18
D:\moth_photos\database\batch_06\img_moth_00010403.jpg,"[4000, 6000]",modelv1.0__2026-05-16 19:40:18
D:\moth_photos\database\batch_06\img_moth_00010404.jpg,"[4000, 6000]",modelv1.0__2026-05-16 19:40:18
D:\moth_photos\database\batch_06\img_moth_00010405.jpg,"[4000, 6000]",modelv1.0__2026-05-16 19:40:18
D:\moth_photos\database\batch_06\img_moth_00010406.jpg,"[4000, 6000]",modelv1.0__2026-05-16 19:40:18
D:\moth_photos\database\batch_06\img_moth_00010407.jpg,"[4000, 6000]",modelv1.0__2026-05-16 19:40:18
D:\moth_photos\database\batch_06\img_moth_00010408.jpg,"[4000, 6000]",modelv1.0__2026-05-16 19:40:18
D:\moth_photos\database\batch_06\img_moth_00010409.jpg,"[4000, 6000]",modelv1.0__2026-05-16 19:40:18
D:\moth_photos\database\batch_06\img_moth_00010410.jpg,"[4000, 6000]",modelv1.0__2026-05-16 19:40:18
D:\moth_photos\database\batch_06\img_moth_00010411.jpg,"[4000, 6000]",modelv1.0__2026-05-16 19:40:18
D:\moth_photos\database\batch_06\img_moth_00010412.jpg,"[4000, 6000]",modelv1.0__2026-05-16 19:40:18
D:\moth_photos\database\batch_06\img_moth_00010413.jpg,"[4000, 6000]",modelv1.0__2026-05-16 19:40:18
D:\moth_photos\database\batch_06\img_moth_00010414.jpg,"[4000, 6000]",modelv1.0__2026-05-16 19:40:18
D:\moth_photos\database\batch_06\img_moth_00010415.jpg,"[4000, 6000]",modelv1.0__2026-05-16 19:40:18
D:\moth_photos\database\batch_06\img_moth_00010416.jpg,"[4000, 6000]",modelv1.0__2026-05-16 19:40:18
D:\moth_photos\database\batch_06\img_moth_00010417.jpg,"[4000, 6000]",modelv1.0__2026-05-16 19:40:18
D:\moth_photos\database\batch_06\img_moth_00010418.jpg,"[4000, 6000]",modelv1.0__2026-05-16 19:40:18
D:\moth_photos\database\batch_06\img_moth_00010419.jpg,"[4000, 6000]",modelv1.0__2026-05-16 19:40:18
D:\moth_photos\database\batch_06\img_moth_00010420.jpg,"[4000, 6000]",modelv1.0__2026-05-16 19:40:18
D:\moth_photos\database\batch_06\img_moth_00010421.jpg,"[4000, 6000]",modelv1.0__2026-05-16 19:40:18
D:\moth_photos\database\batch_06\img_moth_00010422.jpg,"[4000, 6000]",modelv1.0__2026-05-16 19:40:18
D:\moth_photos\database\batch_06\img_moth_00010423.jpg,"[4000, 6000]",modelv1.0__2026-05-16 19:40:18
D:\moth_photos\database\batch_06\img_moth_00010424.jpg,"[6000, 4000]",modelv1.0__2026-05-16 19:40:18
D:\moth_photos\database\batch_06\img_moth_00010425.jpg,"[4000, 6000]",modelv1.0__2026-05-16 19:40:18
D:\moth_photos\database\batch_06\img_moth_00010426.jpg,"[4000, 6000]",modelv1.0__2026-05-16 19:40:18
D:\moth_photos\database\batch_06\img_moth_00010427.jpg,"[4000, 6000]",modelv1.0__2026-05-16 19:40:18
D:\moth_photos\database\batch_06\img_moth_00010428.jpg,"[4000, 6000]",modelv1.0__2026-05-16 19:40:18
D:\moth_photos\database\batch_06\img_moth_00010429.jpg,"[4000, 6000]",modelv1.0__2026-05-16 19:40:18
D:\moth_photos\database\batch_06\img_moth_00010430.jpg,"[4000, 6000]",modelv1.0__2026-05-16 19:40:18
D:\moth_photos\database\batch_06\img_moth_00010431.jpg,"[4000, 6000]",modelv1.0__2026-05-16 19:40:18
D:\moth_photos\database\batch_06\img_moth_00010432.jpg,"[4000, 6000]",modelv1.0__2026-05-16 19:40:18
D:\moth_photos\database\batch_06\img_moth_00010433.jpg,"[4000, 6000]",modelv1.0__2026-05-16 19:40:18
D:\moth_photos\database\batch_06\img_moth_00010434.jpg,"[4000, 6000]",modelv1.0__2026-05-16 19:40:18
D:\moth_photos\database\batch_06\img_moth_00010435.jpg,"[4000, 6000]",modelv1.0__2026-05-16 19:40:18
D:\moth_photos\database\batch_06\img_moth_00010436.jpg,"[4000, 6000]",modelv1.0__2026-05-16 19:40:18
D:\moth_photos\database\batch_06\img_moth_00010437.jpg,"[4000, 6000]",modelv1.0__2026-05-16 19:40:18
D:\moth_photos\database\batch_06\img_moth_00010438.jpg,"[4000, 6000]",modelv1.0__2026-05-16 19:40:18
D:\moth_photos\database\batch_06\img_moth_00010439.jpg,"[4000, 6000]",modelv1.0__2026-05-16 19:40:18
D:\moth_photos\database\batch_06\img_moth_00010440.jpg,"[4000, 6000]",modelv1.0__2026-05-16 19:40:18
D:\moth_photos\database\batch_06\img_moth_00010441.jpg,"[4000, 6000]",modelv1.0__2026-05-16 19:40:18
D:\moth_photos\database\batch_06\img_moth_00010442.jpg,"[4000, 6000]",modelv1.0__2026-05-16 19:40:18
D:\moth_photos\database\batch_06\img_moth_00010443.jpg,"[4000, 6000]",modelv1.0__2026-05-16 19:40:18
D:\moth_photos\database\batch_06\img_moth_00010444.jpg,"[4000, 6000]",modelv1.0__2026-05-16 19:40:18
D:\moth_photos\database\batch_06\img_moth_00010445.jpg,"[4000, 6000]",modelv1.0__2026-05-16 19:40:18
D:\moth_photos\database\batch_06\img_moth_00010446.jpg,"[4000, 6000]",modelv1.0__2026-05-16 19:40:18
D:\moth_photos\database\batch_06\img_moth_00010447.jpg,"[4000, 6000]",modelv1.0__2026-05-16 19:40:18
D:\moth_photos\database\batch_06\img_moth_00010448.jpg,"[4000, 6000]",modelv1.0__2026-05-16 19:40:18
D:\moth_photos\database\batch_06\img_moth_00010449.jpg,"[4000, 6000]",modelv1.0__2026-05-16 19:40:18
D:\moth_photos\database\batch_06\img_moth_00010450.jpg,"[4000, 6000]",modelv1.0__2026-05-16 19:40:18
D:\moth_photos\database\batch_06\img_moth_00010451.jpg,"[4000, 6000]",modelv1.0__2026-05-16 19:40:18
D:\moth_photos\database\batch_06\img_moth_00010452.jpg,"[4000, 6000]",modelv1.0__2026-05-16 19:40:18
D:\moth_photos\database\batch_06\img_moth_00010453.jpg,"[4000, 6000]",modelv1.0__2026-05-16 19:40:18
D:\moth_photos\database\batch_06\img_moth_00010454.jpg,"[4000, 6000]",modelv1.0__2026-05-16 19:40:18
D:\moth_photos\database\batch_06\img_moth_00010455.jpg,"[4000, 6000]",modelv1.0__2026-05-16 19:40:18
D:\moth_photos\database\batch_06\img_moth_00010456.jpg,"[4000, 6000]",modelv1.0__2026-05-16 19:40:18
D:\moth_photos\database\batch_06\img_moth_00010457.jpg,"[4000, 6000]",modelv1.0__2026-05-16 19:40:18
D:\moth_photos\database\batch_06\img_moth_00010458.jpg,"[4000, 6000]",modelv1.0__2026-05-16 19:40:18
D:\moth_photos\database\batch_06\img_moth_00010459.jpg,"[4000, 6000]",modelv1.0__2026-05-16 19:40:18
D:\moth_photos\database\batch_06\img_moth_00010460.jpg,"[4000, 6000]",modelv1.0__2026-05-16 19:40:18
D:\moth_photos\database\batch_06\img_moth_00010461.jpg,"[4000, 6000]",modelv1.0__2026-05-16 19:40:18
D:\moth_photos\database\batch_06\img_moth_00010462.jpg,"[4000, 6000]",modelv1.0__2026-05-16 19:40:18
D:\moth_photos\database\batch_06\img_moth_00010463.jpg,"[4000, 6000]",modelv1.0__2026-05-16 19:40:18
D:\moth_photos\database\batch_06\img_moth_00010464.jpg,"[4000, 6000]",modelv1.0__2026-05-16 19:40:18
D:\moth_photos\database\batch_06\img_moth_00010465.jpg,"[4000, 6000]",modelv1.0__2026-05-16 19:40:18
D:\moth_photos\database\batch_06\img_moth_00010466.jpg,"[4000, 6000]",modelv1.0__2026-05-16 19:40:18
D:\moth_photos\database\batch_06\img_moth_00010467.jpg,"[4000, 6000]",modelv1.0__2026-05-16 19:40:18
D:\moth_photos\database\batch_06\img_moth_00010468.jpg,"[4000, 6000]",modelv1.0__2026-05-16 19:40:18
D:\moth_photos\database\batch_06\img_moth_00010469.jpg,"[4000, 6000]",modelv1.0__2026-05-16 19:40:18
D:\moth_photos\database\batch_06\img_moth_00010470.jpg,"[4000, 6000]",modelv1.0__2026-05-16 19:40:18
D:\moth_photos\database\batch_06\img_moth_00010471.jpg,"[4000, 6000]",modelv1.0__2026-05-16 19:40:18
D:\moth_photos\database\batch_06\img_moth_00010472.jpg,"[4000, 6000]",modelv1.0__2026-05-16 19:40:18
D:\moth_photos\database\batch_06\img_moth_00010473.jpg,"[4000, 6000]",modelv1.0__2026-05-16 19:40:18
D:\moth_photos\database\batch_06\img_moth_00010474.jpg,"[4000, 6000]",modelv1.0__2026-05-16 19:40:18
D:\moth_photos\database\batch_06\img_moth_00010475.jpg,"[4000, 6000]",modelv1.0__2026-05-16 19:40:18
D:\moth_photos\database\batch_06\img_moth_00010476.jpg,"[4000, 6000]",modelv1.0__2026-05-16 19:40:18
D:\moth_photos\database\batch_06\img_moth_00010477.jpg,"[4000, 6000]",modelv1.0__2026-05-16 19:40:18
D:\moth_photos\database\batch_06\img_moth_00010478.jpg,"[4000, 6000]",modelv1.0__2026-05-16 19:40:18
D:\moth_photos\database\batch_06\img_moth_00010479.jpg,"[4000, 6000]",modelv1.0__2026-05-16 19:40:18
D:\moth_photos\database\batch_06\img_moth_00010480.jpg,"[4000, 6000]",modelv1.0__2026-05-16 19:40:18
D:\moth_photos\database\batch_06\img_moth_00010481.jpg,"[4000, 6000]",modelv1.0__2026-05-16 19:40:18
D:\moth_photos\database\batch_06\img_moth_00010482.jpg,"[4000, 6000]",modelv1.0__2026-05-16 19:40:18
D:\moth_photos\database\batch_06\img_moth_00010483.jpg,"[4000, 6000]",modelv1.0__2026-05-16 19:40:18
D:\moth_photos\database\batch_06\img_moth_00010484.jpg,"[4000, 6000]",modelv1.0__2026-05-16 19:40:18
D:\moth_photos\database\batch_06\img_moth_00010485.jpg,"[4000, 6000]",modelv1.0__2026-05-16 19:40:18
D:\moth_photos\database\batch_06\img_moth_00010486.jpg,"[4000, 6000]",modelv1.0__2026-05-16 19:40:18
D:\moth_photos\database\batch_06\img_moth_00010487.jpg,"[4000, 6000]",modelv1.0__2026-05-16 19:40:18
D:\moth_photos\database\batch_06\img_moth_00010488.jpg,"[4000, 6000]",modelv1.0__2026-05-16 19:40:18
D:\moth_photos\database\batch_06\img_moth_00010489.jpg,"[4000, 6000]",modelv1.0__2026-05-16 19:40:18
D:\moth_photos\database\batch_06\img_moth_00010490.jpg,"[4000, 6000]",modelv1.0__2026-05-16 19:40:18
D:\moth_photos\database\batch_06\img_moth_00010491.jpg,"[4000, 6000]",modelv1.0__2026-05-16 19:40:18
D:\moth_photos\database\batch_06\img_moth_00010492.jpg,"[4000, 6000]",modelv1.0__2026-05-16 19:40:18
D:\moth_photos\database\batch_06\img_moth_00010493.jpg,"[4000, 6000]",modelv1.0__2026-05-16 19:40:18
D:\moth_photos\database\batch_06\img_moth_00010494.jpg,"[4000, 6000]",modelv1.0__2026-05-16 19:40:18
D:\moth_photos\database\batch_06\img_moth_00010495.jpg,"[4000, 6000]",modelv1.0__2026-05-16 19:40:18
D:\moth_photos\database\batch_06\img_moth_00010496.jpg,"[4000, 6000]",modelv1.0__2026-05-16 19:40:18
D:\moth_photos\database\batch_06\img_moth_00010497.jpg,"[4000, 6000]",modelv1.0__2026-05-16 19:40:18
D:\moth_photos\database\batch_06\img_moth_00010498.jpg,"[4000, 6000]",modelv1.0__2026-05-16 19:40:18
D:\moth_photos\database\batch_06\img_moth_00010499.jpg,"[4000, 6000]",modelv1.0__2026-05-16 19:40:18
D:\moth_photos\database\batch_06\img_moth_00010500.jpg,"[4000, 6000]",modelv1.0__2026-05-16 19:40:18
D:\moth_photos\database\batch_06\img_moth_00010501.jpg,"[4000, 6000]",modelv1.0__2026-05-16 19:40:18
D:\moth_photos\database\batch_06\img_moth_00010502.jpg,"[4000, 6000]",modelv1.0__2026-05-16 19:40:18
D:\moth_photos\database\batch_06\img_moth_00010503.jpg,"[4000, 6000]",modelv1.0__2026-05-16 19:40:18
D:\moth_photos\database\batch_06\img_moth_00010504.jpg,"[4000, 6000]",modelv1.0__2026-05-16 19:40:18
D:\moth_photos\database\batch_06\img_moth_00010505.jpg,"[4000, 6000]",modelv1.0__2026-05-16 19:40:18
D:\moth_photos\database\batch_06\img_moth_00010506.jpg,"[4000, 6000]",modelv1.0__2026-05-16 19:40:18
D:\moth_photos\database\batch_06\img_moth_00010507.jpg,"[4000, 6000]",modelv1.0__2026-05-16 19:40:18
D:\moth_photos\database\batch_06\img_moth_00010508.jpg,"[4000, 6000]",modelv1.0__2026-05-16 19:40:18
D:\moth_photos\database\batch_06\img_moth_00010509.jpg,"[4000, 6000]",modelv1.0__2026-05-16 19:40:18
D:\moth_photos\database\batch_06\img_moth_00010510.jpg,"[4000, 6000]",modelv1.0__2026-05-16 19:40:18
D:\moth_photos\database\batch_06\img_moth_00010511.jpg,"[4000, 6000]",modelv1.0__2026-05-16 19:40:18
D:\moth_photos\database\batch_06\img_moth_00010512.jpg,"[4000, 6000]",modelv1.0__2026-05-16 19:40:18
D:\moth_photos\database\batch_06\img_moth_00010513.jpg,"[4000, 6000]",modelv1.0__2026-05-16 19:40:18
D:\moth_photos\database\batch_06\img_moth_00010514.jpg,"[4000, 6000]",modelv1.0__2026-05-16 19:40:18
D:\moth_photos\database\batch_06\img_moth_00010515.jpg,"[4000, 6000]",modelv1.0__2026-05-16 19:40:18
D:\moth_photos\database\batch_06\img_moth_00010516.jpg,"[4000, 6000]",modelv1.0__2026-05-16 19:40:18
D:\moth_photos\database\batch_06\img_moth_00010517.jpg,"[4000, 6000]",modelv1.0__2026-05-16 19:40:18
D:\moth_photos\database\batch_06\img_moth_00010518.jpg,"[4000, 6000]",modelv1.0__2026-05-16 19:40:18
D:\moth_photos\database\batch_06\img_moth_00010519.jpg,"[4000, 6000]",modelv1.0__2026-05-16 19:40:18
D:\moth_photos\database\batch_06\img_moth_00010520.jpg,"[4000, 6000]",modelv1.0__2026-05-16 19:40:18
D:\moth_photos\database\batch_06\img_moth_00010521.jpg,"[4000, 6000]",modelv1.0__2026-05-16 19:40:18
D:\moth_photos\database\batch_06\img_moth_00010522.jpg,"[4000, 6000]",modelv1.0__2026-05-16 19:40:18
D:\moth_photos\database\batch_06\img_moth_00010523.jpg,"[4000, 6000]",modelv1.0__2026-05-16 19:40:18
D:\moth_photos\database\batch_06\img_moth_00010524.jpg,"[4000, 6000]",modelv1.0__2026-05-16 19:40:18
D:\moth_photos\database\batch_06\img_moth_00010525.jpg,"[4000, 6000]",modelv1.0__2026-05-16 19:40:18
D:\moth_photos\database\batch_06\img_moth_00010526.jpg,"[4000, 6000]",modelv1.0__2026-05-16 19:40:18
D:\moth_photos\database\batch_06\img_moth_00010527.jpg,"[4000, 6000]",modelv1.0__2026-05-16 19:40:18
D:\moth_photos\database\batch_06\img_moth_00010528.jpg,"[4000, 6000]",modelv1.0__2026-05-16 19:40:18
D:\moth_photos\database\batch_06\img_moth_00010529.jpg,"[4000, 6000]",modelv1.0__2026-05-16 19:40:18
D:\moth_photos\database\batch_06\img_moth_00010530.jpg,"[4000, 6000]",modelv1.0__2026-05-16 19:40:18
D:\moth_photos\database\batch_06\img_moth_00010531.jpg,"[4000, 6000]",modelv1.0__2026-05-16 19:40:18
D:\moth_photos\database\batch_06\img_moth_00010532.jpg,"[4000, 6000]",modelv1.0__2026-05-16 19:40:18
D:\moth_photos\database\batch_06\img_moth_00010533.jpg,"[4000, 6000]",modelv1.0__2026-05-16 19:40:18
D:\moth_photos\database\batch_06\img_moth_00010534.jpg,"[4000, 6000]",modelv1.0__2026-05-16 19:40:18
D:\moth_photos\database\batch_06\img_moth_00010535.jpg,"[4000, 6000]",modelv1.0__2026-05-16 19:40:18
D:\moth_photos\database\batch_06\img_moth_00010536.jpg,"[4000, 6000]",modelv1.0__2026-05-16 19:40:18
D:\moth_photos\database\batch_06\img_moth_00010537.jpg,"[4000, 6000]",modelv1.0__2026-05-16 19:40:18
D:\moth_photos\database\batch_06\img_moth_00010538.jpg,"[4000, 6000]",modelv1.0__2026-05-16 19:40:18
D:\moth_photos\database\batch_06\img_moth_00010539.jpg,"[4000, 6000]",modelv1.0__2026-05-16 19:40:18
D:\moth_photos\database\batch_06\img_moth_00010540.jpg,"[4000, 6000]",modelv1.0__2026-05-16 19:40:18
D:\moth_photos\database\batch_06\img_moth_00010541.jpg,"[4000, 6000]",modelv1.0__2026-05-16 19:40:18
D:\moth_photos\database\batch_06\img_moth_00010542.jpg,"[4000, 6000]",modelv1.0__2026-05-16 19:40:18
D:\moth_photos\database\batch_06\img_moth_00010543.jpg,"[4000, 6000]",modelv1.0__2026-05-16 19:40:18
D:\moth_photos\database\batch_06\img_moth_00010544.jpg,"[4000, 6000]",modelv1.0__2026-05-16 19:40:18
D:\moth_photos\database\batch_06\img_moth_00010545.jpg,"[4000, 6000]",modelv1.0__2026-05-16 19:40:18
D:\moth_photos\database\batch_06\img_moth_00010546.jpg,"[4000, 6000]",modelv1.0__2026-05-16 19:40:18
D:\moth_photos\database\batch_06\img_moth_00010547.jpg,"[4000, 6000]",modelv1.0__2026-05-16 19:40:18
D:\moth_photos\database\batch_06\img_moth_00010548.jpg,"[4000, 6000]",modelv1.0__2026-05-16 19:40:18
D:\moth_photos\database\batch_06\img_moth_00010549.jpg,"[4000, 6000]",modelv1.0__2026-05-16 19:40:18
D:\moth_photos\database\batch_06\img_moth_00010550.jpg,"[4000, 6000]",modelv1.0__2026-05-16 19:40:18
D:\moth_photos\database\batch_06\img_moth_00010551.jpg,"[4000, 6000]",modelv1.0__2026-05-16 19:40:18
D:\moth_photos\database\batch_06\img_moth_00010552.jpg,"[4000, 6000]",modelv1.0__2026-05-16 19:40:18
D:\moth_photos\database\batch_06\img_moth_00010553.jpg,"[4000, 6000]",modelv1.0__2026-05-16 19:40:18
D:\moth_photos\database\batch_06\img_moth_00010554.jpg,"[4000, 6000]",modelv1.0__2026-05-16 19:40:18
D:\moth_photos\database\batch_06\img_moth_00010555.jpg,"[4000, 6000]",modelv1.0__2026-05-16 19:40:18
D:\moth_photos\database\batch_06\img_moth_00010556.jpg,"[4000, 6000]",modelv1.0__2026-05-16 19:40:18
D:\moth_photos\database\batch_06\img_moth_00010557.jpg,"[4000, 6000]",modelv1.0__2026-05-16 19:40:18
D:\moth_photos\database\batch_06\img_moth_00010558.jpg,"[4000, 6000]",modelv1.0__2026-05-16 19:40:18
D:\moth_photos\database\batch_06\img_moth_00010559.jpg,"[4000, 6000]",modelv1.0__2026-05-16 19:40:18
D:\moth_photos\database\batch_06\img_moth_00010560.jpg,"[4000, 6000]",modelv1.0__2026-05-16 19:40:18
D:\moth_photos\database\batch_06\img_moth_00010561.jpg,"[4000, 6000]",modelv1.0__2026-05-16 19:40:18
D:\moth_photos\database\batch_06\img_moth_00010562.jpg,"[4000, 6000]",modelv1.0__2026-05-16 19:40:18
D:\moth_photos\database\batch_06\img_moth_00010563.jpg,"[4000, 6000]",modelv1.0__2026-05-16 19:40:18
D:\moth_photos\database\batch_06\img_moth_00010564.jpg,"[4000, 6000]",modelv1.0__2026-05-16 19:40:18
D:\moth_photos\database\batch_06\img_moth_00010565.jpg,"[4000, 6000]",modelv1.0__2026-05-16 19:40:18
D:\moth_photos\database\batch_06\img_moth_00010566.jpg,"[4000, 6000]",modelv1.0__2026-05-16 19:40:18
D:\moth_photos\database\batch_06\img_moth_00010567.jpg,"[4000, 6000]",modelv1.0__2026-05-16 19:40:18
D:\moth_photos\database\batch_06\img_moth_00010568.jpg,"[4000, 6000]",modelv1.0__2026-05-16 19:40:18
D:\moth_photos\database\batch_06\img_moth_00010569.jpg,"[4000, 6000]",modelv1.0__2026-05-16 19:40:18
D:\moth_photos\database\batch_06\img_moth_00010570.jpg,"[4000, 6000]",modelv1.0__2026-05-16 19:40:18
D:\moth_photos\database\batch_06\img_moth_00010571.jpg,"[4000, 6000]",modelv1.0__2026-05-16 19:40:18
D:\moth_photos\database\batch_06\img_moth_00010572.jpg,"[4000, 6000]",modelv1.0__2026-05-16 19:40:18
D:\moth_photos\database\batch_06\img_moth_00010573.jpg,"[4000, 6000]",modelv1.0__2026-05-16 19:40:18
D:\moth_photos\database\batch_06\img_moth_00010574.jpg,"[4000, 6000]",modelv1.0__2026-05-16 19:40:18
D:\moth_photos\database\batch_06\img_moth_00010575.jpg,"[4000, 6000]",modelv1.0__2026-05-16 19:40:18
D:\moth_photos\database\batch_06\img_moth_00010576.jpg,"[4000, 6000]",modelv1.0__2026-05-16 19:40:18
D:\moth_photos\database\batch_06\img_moth_00010577.jpg,"[4000, 6000]",modelv1.0__2026-05-16 19:40:18
D:\moth_photos\database\batch_06\img_moth_00010578.jpg,"[4000, 6000]",modelv1.0__2026-05-16 19:40:18
D:\moth_photos\database\batch_06\img_moth_00010579.jpg,"[4000, 6000]",modelv1.0__2026-05-16 19:40:18
D:\moth_photos\database\batch_06\img_moth_00010580.jpg,"[4000, 6000]",modelv1.0__2026-05-16 19:40:18
D:\moth_photos\database\batch_06\img_moth_00010581.jpg,"[4000, 6000]",modelv1.0__2026-05-16 19:40:18
D:\moth_photos\database\batch_06\img_moth_00010582.jpg,"[4000, 6000]",modelv1.0__2026-05-16 19:40:18
D:\moth_photos\database\batch_06\img_moth_00010583.jpg,"[4000, 6000]",modelv1.0__2026-05-16 19:40:18
D:\moth_photos\database\batch_06\img_moth_00010584.jpg,"[4000, 6000]",modelv1.0__2026-05-16 19:40:18
D:\moth_photos\database\batch_06\img_moth_00010585.jpg,"[4000, 6000]",modelv1.0__2026-05-16 19:40:18
D:\moth_photos\database\batch_06\img_moth_00010586.jpg,"[4000, 6000]",modelv1.0__2026-05-16 19:40:18
D:\moth_photos\database\batch_06\img_moth_00010587.jpg,"[4000, 6000]",modelv1.0__2026-05-16 19:40:18
D:\moth_photos\database\batch_06\img_moth_00010588.jpg,"[4000, 6000]",modelv1.0__2026-05-16 19:40:18
D:\moth_photos\database\batch_06\img_moth_00010589.jpg,"[4000, 6000]",modelv1.0__2026-05-16 19:40:18
D:\moth_photos\database\batch_06\img_moth_00010590.jpg,"[4000, 6000]",modelv1.0__2026-05-16 19:40:18
D:\moth_photos\database\batch_06\img_moth_00010591.jpg,"[4000, 6000]",modelv1.0__2026-05-16 19:40:18
D:\moth_photos\database\batch_06\img_moth_00010592.jpg,"[4000, 6000]",modelv1.0__2026-05-16 19:40:18
D:\moth_photos\database\batch_06\img_moth_00010593.jpg,"[4000, 6000]",modelv1.0__2026-05-16 19:40:18
D:\moth_photos\database\batch_06\img_moth_00010594.jpg,"[4000, 6000]",modelv1.0__2026-05-16 19:40:18
D:\moth_photos\database\batch_06\img_moth_00010595.jpg,"[4000, 6000]",modelv1.0__2026-05-16 19:40:18
D:\moth_photos\database\batch_06\img_moth_00010596.jpg,"[4000, 6000]",modelv1.0__2026-05-16 19:40:18
D:\moth_photos\database\batch_06\img_moth_00010597.jpg,"[4000, 6000]",modelv1.0__2026-05-16 19:40:18
D:\moth_photos\database\batch_06\img_moth_00010598.jpg,"[4000, 6000]",modelv1.0__2026-05-16 19:40:18
D:\moth_photos\database\batch_06\img_moth_00010599.jpg,"[4000, 6000]",modelv1.0__2026-05-16 19:40:18
D:\moth_photos\database\batch_06\img_moth_00010600.jpg,"[4000, 6000]",modelv1.0__2026-05-16 19:40:18
D:\moth_photos\database\batch_06\img_moth_00010601.jpg,"[4000, 6000]",modelv1.0__2026-05-16 19:40:18
D:\moth_photos\database\batch_06\img_moth_00010602.jpg,"[4000, 6000]",modelv1.0__2026-05-16 19:40:18
D:\moth_photos\database\batch_06\img_moth_00010603.jpg,"[4000, 6000]",modelv1.0__2026-05-16 19:40:18
D:\moth_photos\database\batch_06\img_moth_00010604.jpg,"[4000, 6000]",modelv1.0__2026-05-16 19:40:18
D:\moth_photos\database\batch_06\img_moth_00010605.jpg,"[4000, 6000]",modelv1.0__2026-05-16 19:40:18
D:\moth_photos\database\batch_06\img_moth_00010606.jpg,"[4000, 6000]",modelv1.0__2026-05-16 19:40:18
D:\moth_photos\database\batch_06\img_moth_00010607.jpg,"[4000, 6000]",modelv1.0__2026-05-16 19:40:18
D:\moth_photos\database\batch_06\img_moth_00010608.jpg,"[4000, 6000]",modelv1.0__2026-05-16 19:40:18
D:\moth_photos\database\batch_06\img_moth_00010609.jpg,"[4000, 6000]",modelv1.0__2026-05-16 19:40:18
D:\moth_photos\database\batch_06\img_moth_00010610.jpg,"[4000, 6000]",modelv1.0__2026-05-16 19:40:18
D:\moth_photos\database\batch_06\img_moth_00010611.jpg,"[4000, 6000]",modelv1.0__2026-05-16 19:40:18
D:\moth_photos\database\batch_06\img_moth_00010612.jpg,"[4000, 6000]",modelv1.0__2026-05-16 19:40:18
D:\moth_photos\database\batch_06\img_moth_00010613.jpg,"[4000, 6000]",modelv1.0__2026-05-16 19:40:18
D:\moth_photos\database\batch_06\img_moth_00010614.jpg,"[4000, 6000]",modelv1.0__2026-05-16 19:40:18
D:\moth_photos\database\batch_06\img_moth_00010615.jpg,"[4000, 6000]",modelv1.0__2026-05-16 19:40:18
D:\moth_photos\database\batch_06\img_moth_00010616.jpg,"[4000, 6000]",modelv1.0__2026-05-16 19:40:18
D:\moth_photos\database\batch_06\img_moth_00010617.jpg,"[4000, 6000]",modelv1.0__2026-05-16 19:40:18
D:\moth_photos\database\batch_06\img_moth_00010618.jpg,"[4000, 6000]",modelv1.0__2026-05-16 19:40:18
D:\moth_photos\database\batch_06\img_moth_00010619.jpg,"[4000, 6000]",modelv1.0__2026-05-16 19:40:18
D:\moth_photos\database\batch_06\img_moth_00010620.jpg,"[4000, 6000]",modelv1.0__2026-05-16 19:40:18
D:\moth_photos\database\batch_06\img_moth_00010621.jpg,"[4000, 6000]",modelv1.0__2026-05-16 19:40:18
D:\moth_photos\database\batch_06\img_moth_00010622.jpg,"[4000, 6000]",modelv1.0__2026-05-16 19:40:18
D:\moth_photos\database\batch_06\img_moth_00010623.jpg,"[4000, 6000]",modelv1.0__2026-05-16 19:40:18
D:\moth_photos\database\batch_06\img_moth_00010624.jpg,"[4000, 6000]",modelv1.0__2026-05-16 19:40:18
D:\moth_photos\database\batch_06\img_moth_00010625.jpg,"[4000, 6000]",modelv1.0__2026-05-16 19:40:18
D:\moth_photos\database\batch_06\img_moth_00010626.jpg,"[4000, 6000]",modelv1.0__2026-05-16 19:40:18
D:\moth_photos\database\batch_06\img_moth_00010627.jpg,"[4000, 6000]",modelv1.0__2026-05-16 19:40:18
D:\moth_photos\database\batch_06\img_moth_00010628.jpg,"[4000, 6000]",modelv1.0__2026-05-16 19:40:18
D:\moth_photos\database\batch_06\img_moth_00010629.jpg,"[4000, 6000]",modelv1.0__2026-05-16 19:40:18
D:\moth_photos\database\batch_06\img_moth_00010630.jpg,"[4000, 6000]",modelv1.0__2026-05-16 19:40:18
D:\moth_photos\database\batch_06\img_moth_00010631.jpg,"[4000, 6000]",modelv1.0__2026-05-16 19:40:18
D:\moth_photos\database\batch_06\img_moth_00010632.jpg,"[4000, 6000]",modelv1.0__2026-05-16 19:40:18
D:\moth_photos\database\batch_06\img_moth_00010633.jpg,"[4000, 6000]",modelv1.0__2026-05-16 19:40:18
D:\moth_photos\database\batch_06\img_moth_00010634.jpg,"[4000, 6000]",modelv1.0__2026-05-16 19:40:18
D:\moth_photos\database\batch_06\img_moth_00010635.jpg,"[4000, 6000]",modelv1.0__2026-05-16 19:40:18
D:\moth_photos\database\batch_06\img_moth_00010636.jpg,"[4000, 6000]",modelv1.0__2026-05-16 19:40:18
D:\moth_photos\database\batch_06\img_moth_00010637.jpg,"[4000, 6000]",modelv1.0__2026-05-16 19:40:18
D:\moth_photos\database\batch_06\img_moth_00010638.jpg,"[4000, 6000]",modelv1.0__2026-05-16 19:40:18
D:\moth_photos\database\batch_06\img_moth_00010639.jpg,"[4000, 6000]",modelv1.0__2026-05-16 19:40:18
D:\moth_photos\database\batch_06\img_moth_00010640.jpg,"[4000, 6000]",modelv1.0__2026-05-16 19:40:18
D:\moth_photos\database\batch_06\img_moth_00010641.jpg,"[4000, 6000]",modelv1.0__2026-05-16 19:40:18
D:\moth_photos\database\batch_06\img_moth_00010642.jpg,"[4000, 6000]",modelv1.0__2026-05-16 19:40:18
D:\moth_photos\database\batch_06\img_moth_00010643.jpg,"[4000, 6000]",modelv1.0__2026-05-16 19:40:18
D:\moth_photos\database\batch_06\img_moth_00010644.jpg,"[4000, 6000]",modelv1.0__2026-05-16 19:40:18
D:\moth_photos\database\batch_06\img_moth_00010645.jpg,"[4000, 6000]",modelv1.0__2026-05-16 19:40:18
D:\moth_photos\database\batch_06\img_moth_00010646.jpg,"[4000, 6000]",modelv1.0__2026-05-16 19:40:18
D:\moth_photos\database\batch_06\img_moth_00010647.jpg,"[4000, 6000]",modelv1.0__2026-05-16 19:40:18
D:\moth_photos\database\batch_06\img_moth_00010648.jpg,"[4000, 6000]",modelv1.0__2026-05-16 19:40:18
D:\moth_photos\database\batch_06\img_moth_00010649.jpg,"[4000, 6000]",modelv1.0__2026-05-16 19:40:18
D:\moth_photos\database\batch_06\img_moth_00010650.jpg,"[4000, 6000]",modelv1.0__2026-05-16 19:40:18
D:\moth_photos\database\batch_06\img_moth_00010651.jpg,"[4000, 6000]",modelv1.0__2026-05-16 19:40:18
D:\moth_photos\database\batch_06\img_moth_00010652.jpg,"[4000, 6000]",modelv1.0__2026-05-16 19:40:18
D:\moth_photos\database\batch_06\img_moth_00010653.jpg,"[4000, 6000]",modelv1.0__2026-05-16 19:40:18
D:\moth_photos\database\batch_06\img_moth_00010654.jpg,"[4000, 6000]",modelv1.0__2026-05-16 19:40:18
D:\moth_photos\database\batch_06\img_moth_00010655.jpg,"[4000, 6000]",modelv1.0__2026-05-16 19:40:18
D:\moth_photos\database\batch_06\img_moth_00010656.jpg,"[4000, 6000]",modelv1.0__2026-05-16 19:40:18
D:\moth_photos\database\batch_06\img_moth_00010657.jpg,"[4000, 6000]",modelv1.0__2026-05-16 19:40:18
D:\moth_photos\database\batch_06\img_moth_00010658.jpg,"[4000, 6000]",modelv1.0__2026-05-16 19:40:18
D:\moth_photos\database\batch_06\img_moth_00010659.jpg,"[4000, 6000]",modelv1.0__2026-05-16 19:40:18
D:\moth_photos\database\batch_06\img_moth_00010660.jpg,"[4000, 6000]",modelv1.0__2026-05-16 19:40:18
D:\moth_photos\database\batch_06\img_moth_00010661.jpg,"[4000, 6000]",modelv1.0__2026-05-16 19:40:18
D:\moth_photos\database\batch_06\img_moth_00010662.jpg,"[4000, 6000]",modelv1.0__2026-05-16 19:40:18
D:\moth_photos\database\batch_06\img_moth_00010663.jpg,"[4000, 6000]",modelv1.0__2026-05-16 19:40:18
D:\moth_photos\database\batch_06\img_moth_00010664.jpg,"[4000, 6000]",modelv1.0__2026-05-16 19:40:18
D:\moth_photos\database\batch_06\img_moth_00010665.jpg,"[4000, 6000]",modelv1.0__2026-05-16 19:40:18
D:\moth_photos\database\batch_06\img_moth_00010666.jpg,"[4000, 6000]",modelv1.0__2026-05-16 19:40:18
D:\moth_photos\database\batch_06\img_moth_00010667.jpg,"[4000, 6000]",modelv1.0__2026-05-16 19:40:18
D:\moth_photos\database\batch_06\img_moth_00010668.jpg,"[4000, 6000]",modelv1.0__2026-05-16 19:40:18
D:\moth_photos\database\batch_06\img_moth_00010669.jpg,"[4000, 6000]",modelv1.0__2026-05-16 19:40:18
D:\moth_photos\database\batch_06\img_moth_00010670.jpg,"[4000, 6000]",modelv1.0__2026-05-16 19:40:18
D:\moth_photos\database\batch_06\img_moth_00010671.jpg,"[4000, 6000]",modelv1.0__2026-05-16 19:40:18
D:\moth_photos\database\batch_06\img_moth_00010672.jpg,"[4000, 6000]",modelv1.0__2026-05-16 19:40:18
D:\moth_photos\database\batch_06\img_moth_00010673.jpg,"[4000, 6000]",modelv1.0__2026-05-16 19:40:18
D:\moth_photos\database\batch_06\img_moth_00010674.jpg,"[4000, 6000]",modelv1.0__2026-05-16 19:40:18
D:\moth_photos\database\batch_06\img_moth_00010675.jpg,"[4000, 6000]",modelv1.0__2026-05-16 19:40:18
D:\moth_photos\database\batch_06\img_moth_00010676.jpg,"[4000, 6000]",modelv1.0__2026-05-16 19:40:18
D:\moth_photos\database\batch_06\img_moth_00010677.jpg,"[4000, 6000]",modelv1.0__2026-05-16 19:40:18
D:\moth_photos\database\batch_06\img_moth_00010678.jpg,"[4000, 6000]",modelv1.0__2026-05-16 19:40:18
D:\moth_photos\database\batch_06\img_moth_00010679.jpg,"[4000, 6000]",modelv1.0__2026-05-16 19:40:18
D:\moth_photos\database\batch_06\img_moth_00010680.jpg,"[4000, 6000]",modelv1.0__2026-05-16 19:40:18
D:\moth_photos\database\batch_06\img_moth_00010681.jpg,"[4000, 6000]",modelv1.0__2026-05-16 19:40:18
D:\moth_photos\database\batch_06\img_moth_00010682.jpg,"[4000, 6000]",modelv1.0__2026-05-16 19:40:18
D:\moth_photos\database\batch_06\img_moth_00010683.jpg,"[4000, 6000]",modelv1.0__2026-05-16 19:40:18
D:\moth_photos\database\batch_06\img_moth_00010684.jpg,"[4000, 6000]",modelv1.0__2026-05-16 19:40:18
D:\moth_photos\database\batch_06\img_moth_00010685.jpg,"[4000, 6000]",modelv1.0__2026-05-16 19:40:18
D:\moth_photos\database\batch_06\img_moth_00010686.jpg,"[4000, 6000]",modelv1.0__2026-05-16 19:40:18
D:\moth_photos\database\batch_06\img_moth_00010687.jpg,"[4000, 6000]",modelv1.0__2026-05-16 19:40:18
D:\moth_photos\database\batch_06\img_moth_00010688.jpg,"[4000, 6000]",modelv1.0__2026-05-16 19:40:18
D:\moth_photos\database\batch_06\img_moth_00010689.jpg,"[4000, 6000]",modelv1.0__2026-05-16 19:40:18
D:\moth_photos\database\batch_06\img_moth_00010690.jpg,"[4000, 6000]",modelv1.0__2026-05-16 19:40:18
D:\moth_photos\database\batch_06\img_moth_00010691.jpg,"[4000, 6000]",modelv1.0__2026-05-16 19:40:18
D:\moth_photos\database\batch_06\img_moth_00010692.jpg,"[4000, 6000]",modelv1.0__2026-05-16 19:40:18
D:\moth_photos\database\batch_06\img_moth_00010693.jpg,"[4000, 6000]",modelv1.0__2026-05-16 19:40:18
D:\moth_photos\database\batch_06\img_moth_00010694.jpg,"[4000, 6000]",modelv1.0__2026-05-16 19:40:18
D:\moth_photos\database\batch_06\img_moth_00010695.jpg,"[4000, 6000]",modelv1.0__2026-05-16 19:40:18
D:\moth_photos\database\batch_06\img_moth_00010696.jpg,"[4000, 6000]",modelv1.0__2026-05-16 19:40:18
D:\moth_photos\database\batch_06\img_moth_00010697.jpg,"[4000, 6000]",modelv1.0__2026-05-16 19:40:18
D:\moth_photos\database\batch_06\img_moth_00010698.jpg,"[4000, 6000]",modelv1.0__2026-05-16 19:40:18
D:\moth_photos\database\batch_06\img_moth_00010699.jpg,"[4000, 6000]",modelv1.0__2026-05-16 19:40:18
D:\moth_photos\database\batch_06\img_moth_00010700.jpg,"[4000, 6000]",modelv1.0__2026-05-16 19:40:18
D:\moth_photos\database\batch_06\img_moth_00010701.jpg,"[4000, 6000]",modelv1.0__2026-05-16 19:40:18
D:\moth_photos\database\batch_06\img_moth_00010702.jpg,"[4000, 6000]",modelv1.0__2026-05-16 19:40:18
D:\moth_photos\database\batch_06\img_moth_00010703.jpg,"[4000, 6000]",modelv1.0__2026-05-16 19:40:18
D:\moth_photos\database\batch_06\img_moth_00010704.jpg,"[4000, 6000]",modelv1.0__2026-05-16 19:40:18
D:\moth_photos\database\batch_06\img_moth_00010705.jpg,"[4000, 6000]",modelv1.0__2026-05-16 19:40:18
D:\moth_photos\database\batch_06\img_moth_00010706.jpg,"[4000, 6000]",modelv1.0__2026-05-16 19:40:18
D:\moth_photos\database\batch_06\img_moth_00010707.jpg,"[4000, 6000]",modelv1.0__2026-05-16 19:40:18
D:\moth_photos\database\batch_06\img_moth_00010708.jpg,"[4000, 6000]",modelv1.0__2026-05-16 19:40:18
D:\moth_photos\database\batch_06\img_moth_00010709.jpg,"[4000, 6000]",modelv1.0__2026-05-16 19:40:18
D:\moth_photos\database\batch_06\img_moth_00010710.jpg,"[4000, 6000]",modelv1.0__2026-05-16 19:40:18
D:\moth_photos\database\batch_06\img_moth_00010711.jpg,"[4000, 6000]",modelv1.0__2026-05-16 19:40:18
D:\moth_photos\database\batch_06\img_moth_00010712.jpg,"[4000, 6000]",modelv1.0__2026-05-16 19:40:18
D:\moth_photos\database\batch_06\img_moth_00010713.jpg,"[4000, 6000]",modelv1.0__2026-05-16 19:40:18
D:\moth_photos\database\batch_06\img_moth_00010714.jpg,"[4000, 6000]",modelv1.0__2026-05-16 19:40:18
D:\moth_photos\database\batch_06\img_moth_00010715.jpg,"[4000, 6000]",modelv1.0__2026-05-16 19:40:18
D:\moth_photos\database\batch_06\img_moth_00010716.jpg,"[4000, 6000]",modelv1.0__2026-05-16 19:40:18
D:\moth_photos\database\batch_06\img_moth_00010717.jpg,"[4000, 6000]",modelv1.0__2026-05-16 19:40:18
D:\moth_photos\database\batch_06\img_moth_00010718.jpg,"[4000, 6000]",modelv1.0__2026-05-16 19:40:18
D:\moth_photos\database\batch_06\img_moth_00010719.jpg,"[4000, 6000]",modelv1.0__2026-05-16 19:40:18
D:\moth_photos\database\batch_06\img_moth_00010720.jpg,"[4000, 6000]",modelv1.0__2026-05-16 19:40:18
D:\moth_photos\database\batch_06\img_moth_00010721.jpg,"[4000, 6000]",modelv1.0__2026-05-16 19:40:18
D:\moth_photos\database\batch_06\img_moth_00010722.jpg,"[4000, 6000]",modelv1.0__2026-05-16 19:40:18
D:\moth_photos\database\batch_06\img_moth_00010723.jpg,"[4000, 6000]",modelv1.0__2026-05-16 19:40:18
D:\moth_photos\database\batch_06\img_moth_00010724.jpg,"[4000, 6000]",modelv1.0__2026-05-16 19:40:18
D:\moth_photos\database\batch_06\img_moth_00010725.jpg,"[4000, 6000]",modelv1.0__2026-05-16 19:40:18
D:\moth_photos\database\batch_06\img_moth_00010726.jpg,"[4000, 6000]",modelv1.0__2026-05-16 19:40:18
D:\moth_photos\database\batch_06\img_moth_00010727.jpg,"[4000, 6000]",modelv1.0__2026-05-16 19:40:18
D:\moth_photos\database\batch_06\img_moth_00010728.jpg,"[4000, 6000]",modelv1.0__2026-05-16 19:40:18
D:\moth_photos\database\batch_06\img_moth_00010729.jpg,"[4000, 6000]",modelv1.0__2026-05-16 19:40:18
D:\moth_photos\database\batch_06\img_moth_00010730.jpg,"[4000, 6000]",modelv1.0__2026-05-16 19:40:18
D:\moth_photos\database\batch_06\img_moth_00010731.jpg,"[4000, 6000]",modelv1.0__2026-05-16 19:40:18
D:\moth_photos\database\batch_06\img_moth_00010732.jpg,"[4000, 6000]",modelv1.0__2026-05-16 19:40:18
D:\moth_photos\database\batch_06\img_moth_00010733.jpg,"[4000, 6000]",modelv1.0__2026-05-16 19:40:18
D:\moth_photos\database\batch_06\img_moth_00010734.jpg,"[4000, 6000]",modelv1.0__2026-05-16 19:40:18
D:\moth_photos\database\batch_06\img_moth_00010735.jpg,"[4000, 6000]",modelv1.0__2026-05-16 19:40:18
D:\moth_photos\database\batch_06\img_moth_00010736.jpg,"[4000, 6000]",modelv1.0__2026-05-16 19:40:18
D:\moth_photos\database\batch_06\img_moth_00010737.jpg,"[4000, 6000]",modelv1.0__2026-05-16 19:40:18
D:\moth_photos\database\batch_06\img_moth_00010738.jpg,"[4000, 6000]",modelv1.0__2026-05-16 19:40:18
D:\moth_photos\database\batch_06\img_moth_00010739.jpg,"[4000, 6000]",modelv1.0__2026-05-16 19:40:18
D:\moth_photos\database\batch_06\img_moth_00010740.jpg,"[4000, 6000]",modelv1.0__2026-05-16 19:40:18
D:\moth_photos\database\batch_06\img_moth_00010741.jpg,"[4000, 6000]",modelv1.0__2026-05-16 19:40:18
D:\moth_photos\database\batch_06\img_moth_00010742.jpg,"[4000, 6000]",modelv1.0__2026-05-16 19:40:18
D:\moth_photos\database\batch_06\img_moth_00010743.jpg,"[4000, 6000]",modelv1.0__2026-05-16 19:40:18
D:\moth_photos\database\batch_06\img_moth_00010744.jpg,"[4000, 6000]",modelv1.0__2026-05-16 19:40:18
D:\moth_photos\database\batch_06\img_moth_00010745.jpg,"[4000, 6000]",modelv1.0__2026-05-16 19:40:18
D:\moth_photos\database\batch_06\img_moth_00010746.jpg,"[4000, 6000]",modelv1.0__2026-05-16 19:40:18
D:\moth_photos\database\batch_06\img_moth_00010747.jpg,"[4000, 6000]",modelv1.0__2026-05-16 19:40:18
D:\moth_photos\database\batch_06\img_moth_00010748.jpg,"[4000, 6000]",modelv1.0__2026-05-16 19:40:18
D:\moth_photos\database\batch_06\img_moth_00010749.jpg,"[4000, 6000]",modelv1.0__2026-05-16 19:40:18
D:\moth_photos\database\batch_06\img_moth_00010750.jpg,"[4000, 6000]",modelv1.0__2026-05-16 19:40:18
D:\moth_photos\database\batch_06\img_moth_00010751.jpg,"[4000, 6000]",modelv1.0__2026-05-16 19:40:18
D:\moth_photos\database\batch_06\img_moth_00010752.jpg,"[4000, 6000]",modelv1.0__2026-05-16 19:40:18
D:\moth_photos\database\batch_06\img_moth_00010753.jpg,"[4000, 6000]",modelv1.0__2026-05-16 19:40:18
D:\moth_photos\database\batch_06\img_moth_00010754.jpg,"[4000, 6000]",modelv1.0__2026-05-16 19:40:18
D:\moth_photos\database\batch_06\img_moth_00010755.jpg,"[4000, 6000]",modelv1.0__2026-05-16 19:40:18
D:\moth_photos\database\batch_06\img_moth_00010756.jpg,"[4000, 6000]",modelv1.0__2026-05-16 19:40:18
D:\moth_photos\database\batch_06\img_moth_00010757.jpg,"[4000, 6000]",modelv1.0__2026-05-16 19:40:18
D:\moth_photos\database\batch_06\img_moth_00010758.jpg,"[4000, 6000]",modelv1.0__2026-05-16 19:40:18
D:\moth_photos\database\batch_06\img_moth_00010759.jpg,"[4000, 6000]",modelv1.0__2026-05-16 19:40:18
D:\moth_photos\database\batch_06\img_moth_00010760.jpg,"[4000, 6000]",modelv1.0__2026-05-16 19:40:18
D:\moth_photos\database\batch_06\img_moth_00010761.jpg,"[4000, 6000]",modelv1.0__2026-05-16 19:40:18
D:\moth_photos\database\batch_06\img_moth_00010762.jpg,"[4000, 6000]",modelv1.0__2026-05-16 19:40:18
D:\moth_photos\database\batch_06\img_moth_00010763.jpg,"[4000, 6000]",modelv1.0__2026-05-16 19:40:18
D:\moth_photos\database\batch_06\img_moth_00010764.jpg,"[4000, 6000]",modelv1.0__2026-05-16 19:40:18
D:\moth_photos\database\batch_06\img_moth_00010765.jpg,"[4000, 6000]",modelv1.0__2026-05-16 19:40:18
D:\moth_photos\database\batch_06\img_moth_00010766.jpg,"[4000, 6000]",modelv1.0__2026-05-16 19:40:18
D:\moth_photos\database\batch_06\img_moth_00010767.jpg,"[4000, 6000]",modelv1.0__2026-05-16 19:40:18
D:\moth_photos\database\batch_06\img_moth_00010768.jpg,"[4000, 6000]",modelv1.0__2026-05-16 19:40:18
D:\moth_photos\database\batch_06\img_moth_00010769.jpg,"[4000, 6000]",modelv1.0__2026-05-16 19:40:18
D:\moth_photos\database\batch_06\img_moth_00010770.jpg,"[4000, 6000]",modelv1.0__2026-05-16 19:40:18
D:\moth_photos\database\batch_06\img_moth_00010771.jpg,"[4000, 6000]",modelv1.0__2026-05-16 19:40:18
D:\moth_photos\database\batch_06\img_moth_00010772.jpg,"[4000, 6000]",modelv1.0__2026-05-16 19:40:18
D:\moth_photos\database\batch_06\img_moth_00010773.jpg,"[4000, 6000]",modelv1.0__2026-05-16 19:40:18
D:\moth_photos\database\batch_06\img_moth_00010774.jpg,"[4000, 6000]",modelv1.0__2026-05-16 19:40:18
D:\moth_photos\database\batch_06\img_moth_00010775.jpg,"[4000, 6000]",modelv1.0__2026-05-16 19:40:18
D:\moth_photos\database\batch_06\img_moth_00010776.jpg,"[4000, 6000]",modelv1.0__2026-05-16 19:40:18
D:\moth_photos\database\batch_06\img_moth_00010777.jpg,"[4000, 6000]",modelv1.0__2026-05-16 19:40:18
D:\moth_photos\database\batch_06\img_moth_00010778.jpg,"[4000, 6000]",modelv1.0__2026-05-16 19:40:18
D:\moth_photos\database\batch_06\img_moth_00010779.jpg,"[4000, 6000]",modelv1.0__2026-05-16 19:40:18
D:\moth_photos\database\batch_06\img_moth_00010780.jpg,"[4000, 6000]",modelv1.0__2026-05-16 19:40:18
D:\moth_photos\database\batch_06\img_moth_00010781.jpg,"[4000, 6000]",modelv1.0__2026-05-16 19:40:18
D:\moth_photos\database\batch_06\img_moth_00010782.jpg,"[4000, 6000]",modelv1.0__2026-05-16 19:40:18
D:\moth_photos\database\batch_06\img_moth_00010783.jpg,"[4000, 6000]",modelv1.0__2026-05-16 19:40:18
D:\moth_photos\database\batch_06\img_moth_00010784.jpg,"[4000, 6000]",modelv1.0__2026-05-16 19:40:18
D:\moth_photos\database\batch_06\img_moth_00010785.jpg,"[4000, 6000]",modelv1.0__2026-05-16 19:40:18
D:\moth_photos\database\batch_06\img_moth_00010786.jpg,"[4000, 6000]",modelv1.0__2026-05-16 19:40:18
D:\moth_photos\database\batch_06\img_moth_00010787.jpg,"[4000, 6000]",modelv1.0__2026-05-16 19:40:18
D:\moth_photos\database\batch_06\img_moth_00010788.jpg,"[4000, 6000]",modelv1.0__2026-05-16 19:40:18
D:\moth_photos\database\batch_06\img_moth_00010789.jpg,"[4000, 6000]",modelv1.0__2026-05-16 19:40:18
D:\moth_photos\database\batch_06\img_moth_00010790.jpg,"[4000, 6000]",modelv1.0__2026-05-16 19:40:18
D:\moth_photos\database\batch_06\img_moth_00010791.jpg,"[4000, 6000]",modelv1.0__2026-05-16 19:40:18
D:\moth_photos\database\batch_06\img_moth_00010792.jpg,"[4000, 6000]",modelv1.0__2026-05-16 19:40:18
D:\moth_photos\database\batch_06\img_moth_00010793.jpg,"[4000, 6000]",modelv1.0__2026-05-16 19:40:18
D:\moth_photos\database\batch_06\img_moth_00010794.jpg,"[4000, 6000]",modelv1.0__2026-05-16 19:40:18
D:\moth_photos\database\batch_06\img_moth_00010795.jpg,"[4000, 6000]",modelv1.0__2026-05-16 19:40:18
D:\moth_photos\database\batch_06\img_moth_00010796.jpg,"[4000, 6000]",modelv1.0__2026-05-16 19:40:18
D:\moth_photos\database\batch_06\img_moth_00010797.jpg,"[4000, 6000]",modelv1.0__2026-05-16 19:40:18
D:\moth_photos\database\batch_06\img_moth_00010798.jpg,"[4000, 6000]",modelv1.0__2026-05-16 19:40:18
D:\moth_photos\database\batch_06\img_moth_00010799.jpg,"[4000, 6000]",modelv1.0__2026-05-16 19:40:18
D:\moth_photos\database\batch_06\img_moth_00010800.jpg,"[4000, 6000]",modelv1.0__2026-05-16 19:40:18
D:\moth_photos\database\batch_06\img_moth_00010801.jpg,"[4000, 6000]",modelv1.0__2026-05-16 19:40:18
D:\moth_photos\database\batch_06\img_moth_00010802.jpg,"[4000, 6000]",modelv1.0__2026-05-16 19:40:18
D:\moth_photos\database\batch_06\img_moth_00010803.jpg,"[4000, 6000]",modelv1.0__2026-05-16 19:40:18
D:\moth_photos\database\batch_06\img_moth_00010804.jpg,"[4000, 6000]",modelv1.0__2026-05-16 19:40:18
D:\moth_photos\database\batch_06\img_moth_00010805.jpg,"[4000, 6000]",modelv1.0__2026-05-16 19:40:18
D:\moth_photos\database\batch_06\img_moth_00010806.jpg,"[4000, 6000]",modelv1.0__2026-05-16 19:40:18
D:\moth_photos\database\batch_06\img_moth_00010807.jpg,"[4000, 6000]",modelv1.0__2026-05-16 19:40:18
D:\moth_photos\database\batch_06\img_moth_00010808.jpg,"[4000, 6000]",modelv1.0__2026-05-16 19:40:18
D:\moth_photos\database\batch_06\img_moth_00010809.jpg,"[4000, 6000]",modelv1.0__2026-05-16 19:40:18
D:\moth_photos\database\batch_06\img_moth_00010810.jpg,"[4000, 6000]",modelv1.0__2026-05-16 19:40:18
D:\moth_photos\database\batch_06\img_moth_00010811.jpg,"[4000, 6000]",modelv1.0__2026-05-16 19:40:18
D:\moth_photos\database\batch_06\img_moth_00010812.jpg,"[4000, 6000]",modelv1.0__2026-05-16 19:40:18
D:\moth_photos\database\batch_06\img_moth_00010813.jpg,"[4000, 6000]",modelv1.0__2026-05-16 19:40:18
D:\moth_photos\database\batch_06\img_moth_00010814.jpg,"[4000, 6000]",modelv1.0__2026-05-16 19:40:18
D:\moth_photos\database\batch_06\img_moth_00010815.jpg,"[4000, 6000]",modelv1.0__2026-05-16 19:40:18
D:\moth_photos\database\batch_06\img_moth_00010816.jpg,"[4000, 6000]",modelv1.0__2026-05-16 19:40:18
D:\moth_photos\database\batch_06\img_moth_00010817.jpg,"[4000, 6000]",modelv1.0__2026-05-16 19:40:18
D:\moth_photos\database\batch_06\img_moth_00010818.jpg,"[4000, 6000]",modelv1.0__2026-05-16 19:40:18
D:\moth_photos\database\batch_06\img_moth_00010819.jpg,"[4000, 6000]",modelv1.0__2026-05-16 19:40:18
D:\moth_photos\database\batch_06\img_moth_00010820.jpg,"[4000, 6000]",modelv1.0__2026-05-16 19:40:18
D:\moth_photos\database\batch_06\img_moth_00010821.jpg,"[4000, 6000]",modelv1.0__2026-05-16 19:40:18
D:\moth_photos\database\batch_06\img_moth_00010822.jpg,"[4000, 6000]",modelv1.0__2026-05-16 19:40:18
D:\moth_photos\database\batch_06\img_moth_00010823.jpg,"[4000, 6000]",modelv1.0__2026-05-16 19:40:18
D:\moth_photos\database\batch_06\img_moth_00010824.jpg,"[4000, 6000]",modelv1.0__2026-05-16 19:40:18
D:\moth_photos\database\batch_06\img_moth_00010825.jpg,"[4000, 6000]",modelv1.0__2026-05-16 19:40:18
D:\moth_photos\database\batch_06\img_moth_00010826.jpg,"[4000, 6000]",modelv1.0__2026-05-16 19:40:18
D:\moth_photos\database\batch_06\img_moth_00010827.jpg,"[4000, 6000]",modelv1.0__2026-05-16 19:40:18
D:\moth_photos\database\batch_06\img_moth_00010828.jpg,"[4000, 6000]",modelv1.0__2026-05-16 19:40:18
D:\moth_photos\database\batch_06\img_moth_00010829.jpg,"[4000, 6000]",modelv1.0__2026-05-16 19:40:18
D:\moth_photos\database\batch_06\img_moth_00010830.jpg,"[4000, 6000]",modelv1.0__2026-05-16 19:40:18
D:\moth_photos\database\batch_06\img_moth_00010831.jpg,"[4000, 6000]",modelv1.0__2026-05-16 19:40:18
D:\moth_photos\database\batch_06\img_moth_00010832.jpg,"[4000, 6000]",modelv1.0__2026-05-16 19:40:18
D:\moth_photos\database\batch_06\img_moth_00010833.jpg,"[4000, 6000]",modelv1.0__2026-05-16 19:40:18
D:\moth_photos\database\batch_06\img_moth_00010834.jpg,"[4000, 6000]",modelv1.0__2026-05-16 19:40:18
D:\moth_photos\database\batch_06\img_moth_00010835.jpg,"[4000, 6000]",modelv1.0__2026-05-16 19:40:18
D:\moth_photos\database\batch_06\img_moth_00010836.jpg,"[4000, 6000]",modelv1.0__2026-05-16 19:40:18
D:\moth_photos\database\batch_06\img_moth_00010837.jpg,"[4000, 6000]",modelv1.0__2026-05-16 19:40:18
D:\moth_photos\database\batch_06\img_moth_00010838.jpg,"[4000, 6000]",modelv1.0__2026-05-16 19:40:18
D:\moth_photos\database\batch_06\img_moth_00010839.jpg,"[4000, 6000]",modelv1.0__2026-05-16 19:40:18
D:\moth_photos\database\batch_06\img_moth_00010840.jpg,"[4000, 6000]",modelv1.0__2026-05-16 19:40:18
D:\moth_photos\database\batch_06\img_moth_00010841.jpg,"[4000, 6000]",modelv1.0__2026-05-16 19:40:18
D:\moth_photos\database\batch_06\img_moth_00010842.jpg,"[4000, 6000]",modelv1.0__2026-05-16 19:40:18
D:\moth_photos\database\batch_06\img_moth_00010843.jpg,"[4000, 6000]",modelv1.0__2026-05-16 19:40:18
D:\moth_photos\database\batch_06\img_moth_00010844.jpg,"[4000, 6000]",modelv1.0__2026-05-16 19:40:18
D:\moth_photos\database\batch_06\img_moth_00010845.jpg,"[4000, 6000]",modelv1.0__2026-05-16 19:40:18
D:\moth_photos\database\batch_06\img_moth_00010846.jpg,"[4000, 6000]",modelv1.0__2026-05-16 19:40:18
D:\moth_photos\database\batch_06\img_moth_00010847.jpg,"[4000, 6000]",modelv1.0__2026-05-16 19:40:18
D:\moth_photos\database\batch_06\img_moth_00010848.jpg,"[4000, 6000]",modelv1.0__2026-05-16 19:40:18
D:\moth_photos\database\batch_06\img_moth_00010849.jpg,"[4000, 6000]",modelv1.0__2026-05-16 19:40:18
D:\moth_photos\database\batch_06\img_moth_00010850.jpg,"[4000, 6000]",modelv1.0__2026-05-16 19:40:18
D:\moth_photos\database\batch_06\img_moth_00010851.jpg,"[4000, 6000]",modelv1.0__2026-05-16 19:40:18
D:\moth_photos\database\batch_06\img_moth_00010852.jpg,"[4000, 6000]",modelv1.0__2026-05-16 19:40:18
D:\moth_photos\database\batch_06\img_moth_00010853.jpg,"[4000, 6000]",modelv1.0__2026-05-16 19:40:18
D:\moth_photos\database\batch_06\img_moth_00010854.jpg,"[4000, 6000]",modelv1.0__2026-05-16 19:40:18
D:\moth_photos\database\batch_06\img_moth_00010855.jpg,"[4000, 6000]",modelv1.0__2026-05-16 19:40:18
D:\moth_photos\database\batch_06\img_moth_00010856.jpg,"[4000, 6000]",modelv1.0__2026-05-16 19:40:18
D:\moth_photos\database\batch_06\img_moth_00010857.jpg,"[4000, 6000]",modelv1.0__2026-05-16 19:40:18
D:\moth_photos\database\batch_06\img_moth_00010858.jpg,"[4000, 6000]",modelv1.0__2026-05-16 19:40:18
D:\moth_photos\database\batch_06\img_moth_00010859.jpg,"[4000, 6000]",modelv1.0__2026-05-16 19:40:18
D:\moth_photos\database\batch_06\img_moth_00010860.jpg,"[4000, 6000]",modelv1.0__2026-05-16 19:40:18
D:\moth_photos\database\batch_06\img_moth_00010861.jpg,"[4000, 6000]",modelv1.0__2026-05-16 19:40:18
D:\moth_photos\database\batch_06\img_moth_00010862.jpg,"[4000, 6000]",modelv1.0__2026-05-16 19:40:18
D:\moth_photos\database\batch_06\img_moth_00010863.jpg,"[4000, 6000]",modelv1.0__2026-05-16 19:40:18
D:\moth_photos\database\batch_06\img_moth_00010864.jpg,"[4000, 6000]",modelv1.0__2026-05-16 19:40:18
D:\moth_photos\database\batch_06\img_moth_00010865.jpg,"[4000, 6000]",modelv1.0__2026-05-16 19:40:18
D:\moth_photos\database\batch_06\img_moth_00010866.jpg,"[4000, 6000]",modelv1.0__2026-05-16 19:40:18
D:\moth_photos\database\batch_06\img_moth_00010867.jpg,"[4000, 6000]",modelv1.0__2026-05-16 19:40:18
D:\moth_photos\database\batch_06\img_moth_00010868.jpg,"[4000, 6000]",modelv1.0__2026-05-16 19:40:18
D:\moth_photos\database\batch_06\img_moth_00010869.jpg,"[4000, 6000]",modelv1.0__2026-05-16 19:40:18
D:\moth_photos\database\batch_06\img_moth_00010870.jpg,"[4000, 6000]",modelv1.0__2026-05-16 19:40:18
D:\moth_photos\database\batch_06\img_moth_00010871.jpg,"[4000, 6000]",modelv1.0__2026-05-16 19:40:18
D:\moth_photos\database\batch_06\img_moth_00010872.jpg,"[4000, 6000]",modelv1.0__2026-05-16 19:40:18
D:\moth_photos\database\batch_06\img_moth_00010873.jpg,"[4000, 6000]",modelv1.0__2026-05-16 19:40:18
D:\moth_photos\database\batch_06\img_moth_00010874.jpg,"[4000, 6000]",modelv1.0__2026-05-16 19:40:18
D:\moth_photos\database\batch_06\img_moth_00010875.jpg,"[4000, 6000]",modelv1.0__2026-05-16 19:40:18
D:\moth_photos\database\batch_06\img_moth_00010876.jpg,"[4000, 6000]",modelv1.0__2026-05-16 19:40:18
D:\moth_photos\database\batch_06\img_moth_00010877.jpg,"[4000, 6000]",modelv1.0__2026-05-16 19:40:18
D:\moth_photos\database\batch_06\img_moth_00010878.jpg,"[4000, 6000]",modelv1.0__2026-05-16 19:40:18
D:\moth_photos\database\batch_06\img_moth_00010879.jpg,"[4000, 6000]",modelv1.0__2026-05-16 19:40:18
D:\moth_photos\database\batch_06\img_moth_00010880.jpg,"[4000, 6000]",modelv1.0__2026-05-16 19:40:18
D:\moth_photos\database\batch_06\img_moth_00010881.jpg,"[4000, 6000]",modelv1.0__2026-05-16 19:40:18
D:\moth_photos\database\batch_06\img_moth_00010882.jpg,"[4000, 6000]",modelv1.0__2026-05-16 19:40:18
D:\moth_photos\database\batch_06\img_moth_00010883.jpg,"[4000, 6000]",modelv1.0__2026-05-16 19:40:18
D:\moth_photos\database\batch_06\img_moth_00010884.jpg,"[4000, 6000]",modelv1.0__2026-05-16 19:40:18
D:\moth_photos\database\batch_06\img_moth_00010885.jpg,"[4000, 6000]",modelv1.0__2026-05-16 19:40:18
D:\moth_photos\database\batch_06\img_moth_00010886.jpg,"[4000, 6000]",modelv1.0__2026-05-16 19:40:18
D:\moth_photos\database\batch_06\img_moth_00010887.jpg,"[4000, 6000]",modelv1.0__2026-05-16 19:40:18
D:\moth_photos\database\batch_06\img_moth_00010888.jpg,"[4000, 6000]",modelv1.0__2026-05-16 19:40:18
D:\moth_photos\database\batch_06\img_moth_00010889.jpg,"[4000, 6000]",modelv1.0__2026-05-16 19:40:18
D:\moth_photos\database\batch_06\img_moth_00010890.jpg,"[4000, 6000]",modelv1.0__2026-05-16 19:40:18
D:\moth_photos\database\batch_06\img_moth_00010891.jpg,"[4000, 6000]",modelv1.0__2026-05-16 19:40:18
D:\moth_photos\database\batch_06\img_moth_00010892.jpg,"[4000, 6000]",modelv1.0__2026-05-16 19:40:18
D:\moth_photos\database\batch_06\img_moth_00010893.jpg,"[4000, 6000]",modelv1.0__2026-05-16 19:40:18
D:\moth_photos\database\batch_06\img_moth_00010894.jpg,"[4000, 6000]",modelv1.0__2026-05-16 19:40:18
D:\moth_photos\database\batch_06\img_moth_00010895.jpg,"[4000, 6000]",modelv1.0__2026-05-16 19:40:18
D:\moth_photos\database\batch_06\img_moth_00010896.jpg,"[4000, 6000]",modelv1.0__2026-05-16 19:40:18
D:\moth_photos\database\batch_06\img_moth_00010897.jpg,"[4000, 6000]",modelv1.0__2026-05-16 19:40:18
D:\moth_photos\database\batch_06\img_moth_00010898.jpg,"[4000, 6000]",modelv1.0__2026-05-16 19:40:18
D:\moth_photos\database\batch_06\img_moth_00010899.jpg,"[4000, 6000]",modelv1.0__2026-05-16 19:40:18
D:\moth_photos\database\batch_06\img_moth_00010900.jpg,"[4000, 6000]",modelv1.0__2026-05-16 19:40:18
D:\moth_photos\database\batch_06\img_moth_00010901.jpg,"[4000, 6000]",modelv1.0__2026-05-16 19:40:18
D:\moth_photos\database\batch_06\img_moth_00010902.jpg,"[4000, 6000]",modelv1.0__2026-05-16 19:40:18
D:\moth_photos\database\batch_06\img_moth_00010903.jpg,"[4000, 6000]",modelv1.0__2026-05-16 19:40:18
D:\moth_photos\database\batch_06\img_moth_00010904.jpg,"[4000, 6000]",modelv1.0__2026-05-16 19:40:18
D:\moth_photos\database\batch_06\img_moth_00010905.jpg,"[4000, 6000]",modelv1.0__2026-05-16 19:40:18
D:\moth_photos\database\batch_06\img_moth_00010906.jpg,"[4000, 6000]",modelv1.0__2026-05-16 19:40:18
D:\moth_photos\database\batch_06\img_moth_00010907.jpg,"[4000, 6000]",modelv1.0__2026-05-16 19:40:18
D:\moth_photos\database\batch_06\img_moth_00010908.jpg,"[4000, 6000]",modelv1.0__2026-05-16 19:40:18
D:\moth_photos\database\batch_06\img_moth_00010909.jpg,"[4000, 6000]",modelv1.0__2026-05-16 19:40:18
D:\moth_photos\database\batch_06\img_moth_00010910.jpg,"[4000, 6000]",modelv1.0__2026-05-16 19:40:18
D:\moth_photos\database\batch_06\img_moth_00010911.jpg,"[4000, 6000]",modelv1.0__2026-05-16 19:40:18
D:\moth_photos\database\batch_06\img_moth_00010912.jpg,"[4000, 6000]",modelv1.0__2026-05-16 19:40:18
D:\moth_photos\database\batch_06\img_moth_00010913.jpg,"[4000, 6000]",modelv1.0__2026-05-16 19:40:18
D:\moth_photos\database\batch_06\img_moth_00010914.jpg,"[4000, 6000]",modelv1.0__2026-05-16 19:40:18
D:\moth_photos\database\batch_06\img_moth_00010915.jpg,"[4000, 6000]",modelv1.0__2026-05-16 19:40:18
D:\moth_photos\database\batch_06\img_moth_00010916.jpg,"[4000, 6000]",modelv1.0__2026-05-16 19:40:18
D:\moth_photos\database\batch_06\img_moth_00010917.jpg,"[4000, 6000]",modelv1.0__2026-05-16 19:40:18
D:\moth_photos\database\batch_06\img_moth_00010918.jpg,"[4000, 6000]",modelv1.0__2026-05-16 19:40:18
D:\moth_photos\database\batch_06\img_moth_00010919.jpg,"[4000, 6000]",modelv1.0__2026-05-16 19:40:18
D:\moth_photos\database\batch_06\img_moth_00010920.jpg,"[4000, 6000]",modelv1.0__2026-05-16 19:40:18
D:\moth_photos\database\batch_06\img_moth_00010921.jpg,"[4000, 6000]",modelv1.0__2026-05-16 19:40:18
D:\moth_photos\database\batch_06\img_moth_00010922.jpg,"[4000, 6000]",modelv1.0__2026-05-16 19:40:18
D:\moth_photos\database\batch_06\img_moth_00010923.jpg,"[4000, 6000]",modelv1.0__2026-05-16 19:40:18
D:\moth_photos\database\batch_06\img_moth_00010924.jpg,"[4000, 6000]",modelv1.0__2026-05-16 19:40:18
D:\moth_photos\database\batch_06\img_moth_00010925.jpg,"[4000, 6000]",modelv1.0__2026-05-16 19:40:18
D:\moth_photos\database\batch_06\img_moth_00010926.jpg,"[4000, 6000]",modelv1.0__2026-05-16 19:40:18
D:\moth_photos\database\batch_06\img_moth_00010927.jpg,"[4000, 6000]",modelv1.0__2026-05-16 19:40:18
D:\moth_photos\database\batch_06\img_moth_00010928.jpg,"[4000, 6000]",modelv1.0__2026-05-16 19:40:18
D:\moth_photos\database\batch_06\img_moth_00010929.jpg,"[4000, 6000]",modelv1.0__2026-05-16 19:40:18
D:\moth_photos\database\batch_06\img_moth_00010930.jpg,"[4000, 6000]",modelv1.0__2026-05-16 19:40:18
D:\moth_photos\database\batch_06\img_moth_00010931.jpg,"[4000, 6000]",modelv1.0__2026-05-16 19:40:18
D:\moth_photos\database\batch_06\img_moth_00010932.jpg,"[4000, 6000]",modelv1.0__2026-05-16 19:40:18
D:\moth_photos\database\batch_06\img_moth_00010933.jpg,"[4000, 6000]",modelv1.0__2026-05-16 19:40:18
D:\moth_photos\database\batch_06\img_moth_00010934.jpg,"[4000, 6000]",modelv1.0__2026-05-16 19:40:18
D:\moth_photos\database\batch_06\img_moth_00010935.jpg,"[4000, 6000]",modelv1.0__2026-05-16 19:40:18
D:\moth_photos\database\batch_06\img_moth_00010936.jpg,"[4000, 6000]",modelv1.0__2026-05-16 19:40:18
D:\moth_photos\database\batch_06\img_moth_00010937.jpg,"[4000, 6000]",modelv1.0__2026-05-16 19:40:18
D:\moth_photos\database\batch_06\img_moth_00010938.jpg,"[4000, 6000]",modelv1.0__2026-05-16 19:40:18
D:\moth_photos\database\batch_06\img_moth_00010939.jpg,"[4000, 6000]",modelv1.0__2026-05-16 19:40:18
D:\moth_photos\database\batch_06\img_moth_00010940.jpg,"[4000, 6000]",modelv1.0__2026-05-16 19:40:18
D:\moth_photos\database\batch_06\img_moth_00010941.jpg,"[4000, 6000]",modelv1.0__2026-05-16 19:40:18
D:\moth_photos\database\batch_06\img_moth_00010942.jpg,"[4000, 6000]",modelv1.0__2026-05-16 19:40:18
D:\moth_photos\database\batch_06\img_moth_00010943.jpg,"[4000, 6000]",modelv1.0__2026-05-16 19:40:18
D:\moth_photos\database\batch_06\img_moth_00010944.jpg,"[4000, 6000]",modelv1.0__2026-05-16 19:40:18
D:\moth_photos\database\batch_06\img_moth_00010945.jpg,"[4000, 6000]",modelv1.0__2026-05-16 19:40:18
D:\moth_photos\database\batch_06\img_moth_00010946.jpg,"[4000, 6000]",modelv1.0__2026-05-16 19:40:18
D:\moth_photos\database\batch_06\img_moth_00010947.jpg,"[4000, 6000]",modelv1.0__2026-05-16 19:40:18
D:\moth_photos\database\batch_06\img_moth_00010948.jpg,"[4000, 6000]",modelv1.0__2026-05-16 19:40:18
D:\moth_photos\database\batch_06\img_moth_00010949.jpg,"[4000, 6000]",modelv1.0__2026-05-16 19:40:18
D:\moth_photos\database\batch_06\img_moth_00010950.jpg,"[4000, 6000]",modelv1.0__2026-05-16 19:40:18
D:\moth_photos\database\batch_06\img_moth_00010951.jpg,"[4000, 6000]",modelv1.0__2026-05-16 19:40:18
D:\moth_photos\database\batch_06\img_moth_00010952.jpg,"[4000, 6000]",modelv1.0__2026-05-16 19:40:18
D:\moth_photos\database\batch_06\img_moth_00010953.jpg,"[4000, 6000]",modelv1.0__2026-05-16 19:40:18
D:\moth_photos\database\batch_06\img_moth_00010954.jpg,"[4000, 6000]",modelv1.0__2026-05-16 19:40:18
D:\moth_photos\database\batch_06\img_moth_00010955.jpg,"[4000, 6000]",modelv1.0__2026-05-16 19:40:18
D:\moth_photos\database\batch_06\img_moth_00010956.jpg,"[4000, 6000]",modelv1.0__2026-05-16 19:40:18
D:\moth_photos\database\batch_06\img_moth_00010957.jpg,"[4000, 6000]",modelv1.0__2026-05-16 19:40:18
D:\moth_photos\database\batch_06\img_moth_00010958.jpg,"[4000, 6000]",modelv1.0__2026-05-16 19:40:18
D:\moth_photos\database\batch_06\img_moth_00010959.jpg,"[4000, 6000]",modelv1.0__2026-05-16 19:40:18
D:\moth_photos\database\batch_06\img_moth_00010960.jpg,"[4000, 6000]",modelv1.0__2026-05-16 19:40:18
D:\moth_photos\database\batch_06\img_moth_00010961.jpg,"[4000, 6000]",modelv1.0__2026-05-16 19:40:18
D:\moth_photos\database\batch_06\img_moth_00010962.jpg,"[4000, 6000]",modelv1.0__2026-05-16 19:40:18
D:\moth_photos\database\batch_06\img_moth_00010963.jpg,"[4000, 6000]",modelv1.0__2026-05-16 19:40:18
D:\moth_photos\database\batch_06\img_moth_00010964.jpg,"[4000, 6000]",modelv1.0__2026-05-16 19:40:18
D:\moth_photos\database\batch_06\img_moth_00010965.jpg,"[4000, 6000]",modelv1.0__2026-05-16 19:40:18
D:\moth_photos\database\batch_06\img_moth_00010966.jpg,"[4000, 6000]",modelv1.0__2026-05-16 19:40:18
D:\moth_photos\database\batch_06\img_moth_00010967.jpg,"[4000, 6000]",modelv1.0__2026-05-16 19:40:18
D:\moth_photos\database\batch_06\img_moth_00010968.jpg,"[4000, 6000]",modelv1.0__2026-05-16 19:40:18
D:\moth_photos\database\batch_06\img_moth_00010969.jpg,"[4000, 6000]",modelv1.0__2026-05-16 19:40:18
D:\moth_photos\database\batch_06\img_moth_00010970.jpg,"[4000, 6000]",modelv1.0__2026-05-16 19:40:18
D:\moth_photos\database\batch_06\img_moth_00010971.jpg,"[4000, 6000]",modelv1.0__2026-05-16 19:40:18
D:\moth_photos\database\batch_06\img_moth_00010972.jpg,"[4000, 6000]",modelv1.0__2026-05-16 19:40:18
D:\moth_photos\database\batch_06\img_moth_00010973.jpg,"[4000, 6000]",modelv1.0__2026-05-16 19:40:18
D:\moth_photos\database\batch_06\img_moth_00010974.jpg,"[4000, 6000]",modelv1.0__2026-05-16 19:40:18
D:\moth_photos\database\batch_06\img_moth_00010975.jpg,"[4000, 6000]",modelv1.0__2026-05-16 19:40:18
D:\moth_photos\database\batch_06\img_moth_00010976.jpg,"[4000, 6000]",modelv1.0__2026-05-16 19:40:18
D:\moth_photos\database\batch_06\img_moth_00010977.jpg,"[4000, 6000]",modelv1.0__2026-05-16 19:40:18
D:\moth_photos\database\batch_06\img_moth_00010978.jpg,"[4000, 6000]",modelv1.0__2026-05-16 19:40:18
D:\moth_photos\database\batch_06\img_moth_00010979.jpg,"[4000, 6000]",modelv1.0__2026-05-16 19:40:18
D:\moth_photos\database\batch_06\img_moth_00010980.jpg,"[4000, 6000]",modelv1.0__2026-05-16 19:40:18
D:\moth_photos\database\batch_06\img_moth_00010981.jpg,"[4000, 6000]",modelv1.0__2026-05-16 19:40:18
D:\moth_photos\database\batch_06\img_moth_00010982.jpg,"[4000, 6000]",modelv1.0__2026-05-16 19:40:18
D:\moth_photos\database\batch_06\img_moth_00010983.jpg,"[4000, 6000]",modelv1.0__2026-05-16 19:40:18
D:\moth_photos\database\batch_06\img_moth_00010984.jpg,"[4000, 6000]",modelv1.0__2026-05-16 19:40:18
D:\moth_photos\database\batch_06\img_moth_00010985.jpg,"[4000, 6000]",modelv1.0__2026-05-16 19:40:18
D:\moth_photos\database\batch_06\img_moth_00010986.jpg,"[4000, 6000]",modelv1.0__2026-05-16 19:40:18
D:\moth_photos\database\batch_06\img_moth_00010987.jpg,"[4000, 6000]",modelv1.0__2026-05-16 19:40:18
D:\moth_photos\database\batch_06\img_moth_00010988.jpg,"[4000, 6000]",modelv1.0__2026-05-16 19:40:18
D:\moth_photos\database\batch_06\img_moth_00010989.jpg,"[4000, 6000]",modelv1.0__2026-05-16 19:40:18
D:\moth_photos\database\batch_06\img_moth_00010990.jpg,"[4000, 6000]",modelv1.0__2026-05-16 19:40:18
D:\moth_photos\database\batch_06\img_moth_00010991.jpg,"[4000, 6000]",modelv1.0__2026-05-16 19:40:18
D:\moth_photos\database\batch_06\img_moth_00010992.jpg,"[4000, 6000]",modelv1.0__2026-05-16 19:40:18
D:\moth_photos\database\batch_06\img_moth_00010993.jpg,"[4000, 6000]",modelv1.0__2026-05-16 19:40:18
D:\moth_photos\database\batch_06\img_moth_00010994.jpg,"[4000, 6000]",modelv1.0__2026-05-16 19:40:18
D:\moth_photos\database\batch_06\img_moth_00010995.jpg,"[4000, 6000]",modelv1.0__2026-05-16 19:40:18
D:\moth_photos\database\batch_06\img_moth_00010996.jpg,"[4000, 6000]",modelv1.0__2026-05-16 19:40:18
D:\moth_photos\database\batch_06\img_moth_00010997.jpg,"[4000, 6000]",modelv1.0__2026-05-16 19:40:18
D:\moth_photos\database\batch_06\img_moth_00010998.jpg,"[4000, 6000]",modelv1.0__2026-05-16 19:40:18
D:\moth_photos\database\batch_06\img_moth_00010999.jpg,"[4000, 6000]",modelv1.0__2026-05-16 19:40:18
D:\moth_photos\database\batch_06\img_moth_00011000.jpg,"[4000, 6000]",modelv1.0__2026-05-16 19:40:18
D:\moth_photos\database\batch_06\img_moth_00011001.jpg,"[4000, 6000]",modelv1.0__2026-05-16 19:40:18
D:\moth_photos\database\batch_06\img_moth_00011002.jpg,"[4000, 6000]",modelv1.0__2026-05-16 19:40:18
D:\moth_photos\database\batch_06\img_moth_00011003.jpg,"[4000, 6000]",modelv1.0__2026-05-16 19:40:18
D:\moth_photos\database\batch_06\img_moth_00011004.jpg,"[4000, 6000]",modelv1.0__2026-05-16 19:40:18
D:\moth_photos\database\batch_06\img_moth_00011005.jpg,"[4000, 6000]",modelv1.0__2026-05-16 19:40:18
D:\moth_photos\database\batch_06\img_moth_00011006.jpg,"[4000, 6000]",modelv1.0__2026-05-16 19:40:18
D:\moth_photos\database\batch_06\img_moth_00011007.jpg,"[4000, 6000]",modelv1.0__2026-05-16 19:40:18
D:\moth_photos\database\batch_06\img_moth_00011008.jpg,"[4000, 6000]",modelv1.0__2026-05-16 19:40:18
D:\moth_photos\database\batch_06\img_moth_00011010.jpg,"[4000, 6000]",modelv1.0__2026-05-16 19:40:18
D:\moth_photos\database\batch_06\img_moth_00011011.jpg,"[4000, 6000]",modelv1.0__2026-05-16 19:40:18
D:\moth_photos\database\batch_06\img_moth_00011012.jpg,"[4000, 6000]",modelv1.0__2026-05-16 19:40:18
D:\moth_photos\database\batch_06\img_moth_00011013.jpg,"[4000, 6000]",modelv1.0__2026-05-16 19:40:18
D:\moth_photos\database\batch_06\img_moth_00011014.jpg,"[4000, 6000]",modelv1.0__2026-05-16 19:40:18
D:\moth_photos\database\batch_06\img_moth_00011015.jpg,"[4000, 6000]",modelv1.0__2026-05-16 19:40:18
D:\moth_photos\database\batch_06\img_moth_00011016.jpg,"[4000, 6000]",modelv1.0__2026-05-16 19:40:18
D:\moth_photos\database\batch_06\img_moth_00011017.jpg,"[4000, 6000]",modelv1.0__2026-05-16 19:40:18
D:\moth_photos\database\batch_06\img_moth_00011018.jpg,"[4000, 6000]",modelv1.0__2026-05-16 19:40:18
D:\moth_photos\database\batch_06\img_moth_00011019.jpg,"[4000, 6000]",modelv1.0__2026-05-16 19:40:18
D:\moth_photos\database\batch_06\img_moth_00011020.jpg,"[4000, 6000]",modelv1.0__2026-05-16 19:40:18
D:\moth_photos\database\batch_06\img_moth_00011021.jpg,"[4000, 6000]",modelv1.0__2026-05-16 19:40:18
D:\moth_photos\database\batch_06\img_moth_00011022.jpg,"[4000, 6000]",modelv1.0__2026-05-16 19:40:18
D:\moth_photos\database\batch_06\img_moth_00011023.jpg,"[4000, 6000]",modelv1.0__2026-05-16 19:40:18
D:\moth_photos\database\batch_06\img_moth_00011024.jpg,"[4000, 6000]",modelv1.0__2026-05-16 19:40:18
D:\moth_photos\database\batch_06\img_moth_00011025.jpg,"[4000, 6000]",modelv1.0__2026-05-16 19:40:18
D:\moth_photos\database\batch_06\img_moth_00011026.jpg,"[4000, 6000]",modelv1.0__2026-05-16 19:40:18
D:\moth_photos\database\batch_06\img_moth_00011027.jpg,"[4000, 6000]",modelv1.0__2026-05-16 19:40:18
D:\moth_photos\database\batch_06\img_moth_00011028.jpg,"[4000, 6000]",modelv1.0__2026-05-16 19:40:18
D:\moth_photos\database\batch_06\img_moth_00011029.jpg,"[4000, 6000]",modelv1.0__2026-05-16 19:40:18
D:\moth_photos\database\batch_06\img_moth_00011030.jpg,"[4000, 6000]",modelv1.0__2026-05-16 19:40:18
D:\moth_photos\database\batch_06\img_moth_00011031.jpg,"[4000, 6000]",modelv1.0__2026-05-16 19:40:18
D:\moth_photos\database\batch_06\img_moth_00011032.jpg,"[4000, 6000]",modelv1.0__2026-05-16 19:40:18
D:\moth_photos\database\batch_06\img_moth_00011033.jpg,"[4000, 6000]",modelv1.0__2026-05-16 19:40:18
D:\moth_photos\database\batch_06\img_moth_00011034.jpg,"[4000, 6000]",modelv1.0__2026-05-16 19:40:18
D:\moth_photos\database\batch_06\img_moth_00011035.jpg,"[4000, 6000]",modelv1.0__2026-05-16 19:40:18
D:\moth_photos\database\batch_06\img_moth_00011036.jpg,"[4000, 6000]",modelv1.0__2026-05-16 19:40:18
D:\moth_photos\database\batch_06\img_moth_00011037.jpg,"[4000, 6000]",modelv1.0__2026-05-16 19:40:18
D:\moth_photos\database\batch_06\img_moth_00011038.jpg,"[4000, 6000]",modelv1.0__2026-05-16 19:40:18
D:\moth_photos\database\batch_06\img_moth_00011039.jpg,"[4000, 6000]",modelv1.0__2026-05-16 19:40:18
D:\moth_photos\database\batch_06\img_moth_00011040.jpg,"[4000, 6000]",modelv1.0__2026-05-16 19:40:18
D:\moth_photos\database\batch_06\img_moth_00011041.jpg,"[4000, 6000]",modelv1.0__2026-05-16 19:40:18
D:\moth_photos\database\batch_06\img_moth_00011042.jpg,"[4000, 6000]",modelv1.0__2026-05-16 19:40:18
D:\moth_photos\database\batch_06\img_moth_00011043.jpg,"[4000, 6000]",modelv1.0__2026-05-16 19:40:18
D:\moth_photos\database\batch_06\img_moth_00011044.jpg,"[4000, 6000]",modelv1.0__2026-05-16 19:40:18
D:\moth_photos\database\batch_06\img_moth_00011045.jpg,"[4000, 6000]",modelv1.0__2026-05-16 19:40:18
D:\moth_photos\database\batch_06\img_moth_00011046.jpg,"[4000, 6000]",modelv1.0__2026-05-16 19:40:18
D:\moth_photos\database\batch_06\img_moth_00011047.jpg,"[4000, 6000]",modelv1.0__2026-05-16 19:40:18
D:\moth_photos\database\batch_06\img_moth_00011048.jpg,"[4000, 6000]",modelv1.0__2026-05-16 19:40:18
D:\moth_photos\database\batch_06\img_moth_00011049.jpg,"[4000, 6000]",modelv1.0__2026-05-16 19:40:18
D:\moth_photos\database\batch_06\img_moth_00011050.jpg,"[4000, 6000]",modelv1.0__2026-05-16 19:40:18
D:\moth_photos\database\batch_06\img_moth_00011051.jpg,"[4000, 6000]",modelv1.0__2026-05-16 19:40:18
D:\moth_photos\database\batch_06\img_moth_00011052.jpg,"[4000, 6000]",modelv1.0__2026-05-16 19:40:18
D:\moth_photos\database\batch_06\img_moth_00011053.jpg,"[4000, 6000]",modelv1.0__2026-05-16 19:40:18
D:\moth_photos\database\batch_06\img_moth_00011054.jpg,"[4000, 6000]",modelv1.0__2026-05-16 19:40:18
D:\moth_photos\database\batch_06\img_moth_00011055.jpg,"[4000, 6000]",modelv1.0__2026-05-16 19:40:18
D:\moth_photos\database\batch_06\img_moth_00011056.jpg,"[4000, 6000]",modelv1.0__2026-05-16 19:40:18
D:\moth_photos\database\batch_06\img_moth_00011057.jpg,"[4000, 6000]",modelv1.0__2026-05-16 19:40:18
D:\moth_photos\database\batch_06\img_moth_00011058.jpg,"[4000, 6000]",modelv1.0__2026-05-16 19:40:18
D:\moth_photos\database\batch_06\img_moth_00011059.jpg,"[4000, 6000]",modelv1.0__2026-05-16 19:40:18
D:\moth_photos\database\batch_06\img_moth_00011060.jpg,"[4000, 6000]",modelv1.0__2026-05-16 19:40:18
D:\moth_photos\database\batch_06\img_moth_00011061.jpg,"[4000, 6000]",modelv1.0__2026-05-16 19:40:18
D:\moth_photos\database\batch_06\img_moth_00011062.jpg,"[4000, 6000]",modelv1.0__2026-05-16 19:40:18
D:\moth_photos\database\batch_06\img_moth_00011063.jpg,"[4000, 6000]",modelv1.0__2026-05-16 19:40:18
D:\moth_photos\database\batch_06\img_moth_00011064.jpg,"[4000, 6000]",modelv1.0__2026-05-16 19:40:18
D:\moth_photos\database\batch_06\img_moth_00011065.jpg,"[4000, 6000]",modelv1.0__2026-05-16 19:40:18
D:\moth_photos\database\batch_06\img_moth_00011066.jpg,"[4000, 6000]",modelv1.0__2026-05-16 19:40:18
D:\moth_photos\database\batch_06\img_moth_00011067.jpg,"[4000, 6000]",modelv1.0__2026-05-16 19:40:18
D:\moth_photos\database\batch_06\img_moth_00011068.jpg,"[4000, 6000]",modelv1.0__2026-05-16 19:40:18
D:\moth_photos\database\batch_06\img_moth_00011069.jpg,"[4000, 6000]",modelv1.0__2026-05-16 19:40:18
D:\moth_photos\database\batch_06\img_moth_00011070.jpg,"[4000, 6000]",modelv1.0__2026-05-16 19:40:18
D:\moth_photos\database\batch_06\img_moth_00011071.jpg,"[4000, 6000]",modelv1.0__2026-05-16 19:40:18
D:\moth_photos\database\batch_06\img_moth_00011072.jpg,"[4000, 6000]",modelv1.0__2026-05-16 19:40:18
D:\moth_photos\database\batch_06\img_moth_00011073.jpg,"[4000, 6000]",modelv1.0__2026-05-16 19:40:18
D:\moth_photos\database\batch_06\img_moth_00011074.jpg,"[4000, 6000]",modelv1.0__2026-05-16 19:40:18
D:\moth_photos\database\batch_06\img_moth_00011075.jpg,"[4000, 6000]",modelv1.0__2026-05-16 19:40:18
D:\moth_photos\database\batch_06\img_moth_00011076.jpg,"[4000, 6000]",modelv1.0__2026-05-16 19:40:18
D:\moth_photos\database\batch_06\img_moth_00011077.jpg,"[4000, 6000]",modelv1.0__2026-05-16 19:40:18
D:\moth_photos\database\batch_06\img_moth_00011078.jpg,"[4000, 6000]",modelv1.0__2026-05-16 19:40:18
D:\moth_photos\database\batch_06\img_moth_00011079.jpg,"[4000, 6000]",modelv1.0__2026-05-16 19:40:18
D:\moth_photos\database\batch_06\img_moth_00011080.jpg,"[4000, 6000]",modelv1.0__2026-05-16 19:40:18
D:\moth_photos\database\batch_06\img_moth_00011081.jpg,"[4000, 6000]",modelv1.0__2026-05-16 19:40:18
D:\moth_photos\database\batch_06\img_moth_00011082.jpg,"[4000, 6000]",modelv1.0__2026-05-16 19:40:18
D:\moth_photos\database\batch_06\img_moth_00011083.jpg,"[4000, 6000]",modelv1.0__2026-05-16 19:40:18
D:\moth_photos\database\batch_06\img_moth_00011084.jpg,"[4000, 6000]",modelv1.0__2026-05-16 19:40:18
D:\moth_photos\database\batch_06\img_moth_00011085.jpg,"[4000, 6000]",modelv1.0__2026-05-16 19:40:18
D:\moth_photos\database\batch_06\img_moth_00011086.jpg,"[4000, 6000]",modelv1.0__2026-05-16 19:40:18
D:\moth_photos\database\batch_06\img_moth_00011087.jpg,"[4000, 6000]",modelv1.0__2026-05-16 19:40:18
D:\moth_photos\database\batch_06\img_moth_00011088.jpg,"[4000, 6000]",modelv1.0__2026-05-16 19:40:18
D:\moth_photos\database\batch_06\img_moth_00011089.jpg,"[4000, 6000]",modelv1.0__2026-05-16 19:40:18
D:\moth_photos\database\batch_06\img_moth_00011090.jpg,"[4000, 6000]",modelv1.0__2026-05-16 19:40:18
D:\moth_photos\database\batch_06\img_moth_00011091.jpg,"[4000, 6000]",modelv1.0__2026-05-16 19:40:18
D:\moth_photos\database\batch_06\img_moth_00011092.jpg,"[4000, 6000]",modelv1.0__2026-05-16 19:40:18
D:\moth_photos\database\batch_06\img_moth_00011093.jpg,"[4000, 6000]",modelv1.0__2026-05-16 19:40:18
D:\moth_photos\database\batch_06\img_moth_00011094.jpg,"[4000, 6000]",modelv1.0__2026-05-16 19:40:18
D:\moth_photos\database\batch_06\img_moth_00011095.jpg,"[4000, 6000]",modelv1.0__2026-05-16 19:40:18
D:\moth_photos\database\batch_06\img_moth_00011096.jpg,"[4000, 6000]",modelv1.0__2026-05-16 19:40:18
D:\moth_photos\database\batch_06\img_moth_00011097.jpg,"[4000, 6000]",modelv1.0__2026-05-16 19:40:18
D:\moth_photos\database\batch_06\img_moth_00011098.jpg,"[4000, 6000]",modelv1.0__2026-05-16 19:40:18
D:\moth_photos\database\batch_06\img_moth_00011099.jpg,"[4000, 6000]",modelv1.0__2026-05-16 19:40:18
D:\moth_photos\database\batch_06\img_moth_00011100.jpg,"[4000, 6000]",modelv1.0__2026-05-16 19:40:18
D:\moth_photos\database\batch_06\img_moth_00011101.jpg,"[4000, 6000]",modelv1.0__2026-05-16 19:40:18
D:\moth_photos\database\batch_06\img_moth_00011102.jpg,"[4000, 6000]",modelv1.0__2026-05-16 19:40:18
D:\moth_photos\database\batch_06\img_moth_00011103.jpg,"[4000, 6000]",modelv1.0__2026-05-16 19:40:18
D:\moth_photos\database\batch_06\img_moth_00011104.jpg,"[4000, 6000]",modelv1.0__2026-05-16 19:40:18
D:\moth_photos\database\batch_06\img_moth_00011105.jpg,"[4000, 6000]",modelv1.0__2026-05-16 19:40:18
D:\moth_photos\database\batch_06\img_moth_00011106.jpg,"[4000, 6000]",modelv1.0__2026-05-16 19:40:18
D:\moth_photos\database\batch_06\img_moth_00011107.jpg,"[4000, 6000]",modelv1.0__2026-05-16 19:40:18
D:\moth_photos\database\batch_06\img_moth_00011108.jpg,"[4000, 6000]",modelv1.0__2026-05-16 19:40:18
D:\moth_photos\database\batch_06\img_moth_00011109.jpg,"[4000, 6000]",modelv1.0__2026-05-16 19:40:18
D:\moth_photos\database\batch_06\img_moth_00011110.jpg,"[4000, 6000]",modelv1.0__2026-05-16 19:40:18
D:\moth_photos\database\batch_06\img_moth_00011111.jpg,"[4000, 6000]",modelv1.0__2026-05-16 19:40:18
D:\moth_photos\database\batch_06\img_moth_00011112.jpg,"[4000, 6000]",modelv1.0__2026-05-16 19:40:18
D:\moth_photos\database\batch_06\img_moth_00011113.jpg,"[4000, 6000]",modelv1.0__2026-05-16 19:40:18
D:\moth_photos\database\batch_06\img_moth_00011114.jpg,"[4000, 6000]",modelv1.0__2026-05-16 19:40:18
D:\moth_photos\database\batch_06\img_moth_00011115.jpg,"[4000, 6000]",modelv1.0__2026-05-16 19:40:18
D:\moth_photos\database\batch_06\img_moth_00011116.jpg,"[4000, 6000]",modelv1.0__2026-05-16 19:40:18
D:\moth_photos\database\batch_06\img_moth_00011117.jpg,"[4000, 6000]",modelv1.0__2026-05-16 19:40:18
D:\moth_photos\database\batch_06\img_moth_00011118.jpg,"[4000, 6000]",modelv1.0__2026-05-16 19:40:18
D:\moth_photos\database\batch_06\img_moth_00011119.jpg,"[4000, 6000]",modelv1.0__2026-05-16 19:40:18
D:\moth_photos\database\batch_06\img_moth_00011120.jpg,"[4000, 6000]",modelv1.0__2026-05-16 19:40:18
D:\moth_photos\database\batch_06\img_moth_00011121.jpg,"[4000, 6000]",modelv1.0__2026-05-16 19:40:18
D:\moth_photos\database\batch_06\img_moth_00011122.jpg,"[4000, 6000]",modelv1.0__2026-05-16 19:40:18
D:\moth_photos\database\batch_06\img_moth_00011123.jpg,"[4000, 6000]",modelv1.0__2026-05-16 19:40:18
D:\moth_photos\database\batch_06\img_moth_00011124.jpg,"[4000, 6000]",modelv1.0__2026-05-16 19:40:18
D:\moth_photos\database\batch_06\img_moth_00011125.jpg,"[4000, 6000]",modelv1.0__2026-05-16 19:40:18
D:\moth_photos\database\batch_06\img_moth_00011126.jpg,"[4000, 6000]",modelv1.0__2026-05-16 19:40:18
D:\moth_photos\database\batch_06\img_moth_00011127.jpg,"[4000, 6000]",modelv1.0__2026-05-16 19:40:18
D:\moth_photos\database\batch_06\img_moth_00011128.jpg,"[4000, 6000]",modelv1.0__2026-05-16 19:40:18
D:\moth_photos\database\batch_06\img_moth_00011129.jpg,"[4000, 6000]",modelv1.0__2026-05-16 19:40:18
D:\moth_photos\database\batch_06\img_moth_00011130.jpg,"[4000, 6000]",modelv1.0__2026-05-16 19:40:18
D:\moth_photos\database\batch_06\img_moth_00011131.jpg,"[4000, 6000]",modelv1.0__2026-05-16 19:40:18
D:\moth_photos\database\batch_06\img_moth_00011132.jpg,"[4000, 6000]",modelv1.0__2026-05-16 19:40:18
D:\moth_photos\database\batch_06\img_moth_00011133.jpg,"[4000, 6000]",modelv1.0__2026-05-16 19:40:18
D:\moth_photos\database\batch_06\img_moth_00011134.jpg,"[4000, 6000]",modelv1.0__2026-05-16 19:40:18
D:\moth_photos\database\batch_06\img_moth_00011135.jpg,"[4000, 6000]",modelv1.0__2026-05-16 19:40:18
D:\moth_photos\database\batch_06\img_moth_00011136.jpg,"[4000, 6000]",modelv1.0__2026-05-16 19:40:18
D:\moth_photos\database\batch_06\img_moth_00011137.jpg,"[4000, 6000]",modelv1.0__2026-05-16 19:40:18
D:\moth_photos\database\batch_06\img_moth_00011138.jpg,"[4000, 6000]",modelv1.0__2026-05-16 19:40:18
D:\moth_photos\database\batch_06\img_moth_00011139.jpg,"[4000, 6000]",modelv1.0__2026-05-16 19:40:18
D:\moth_photos\database\batch_06\img_moth_00011140.jpg,"[4000, 6000]",modelv1.0__2026-05-16 19:40:18
D:\moth_photos\database\batch_06\img_moth_00011141.jpg,"[4000, 6000]",modelv1.0__2026-05-16 19:40:18
D:\moth_photos\database\batch_06\img_moth_00011142.jpg,"[4000, 6000]",modelv1.0__2026-05-16 19:40:18
D:\moth_photos\database\batch_06\img_moth_00011143.jpg,"[4000, 6000]",modelv1.0__2026-05-16 19:40:18
D:\moth_photos\database\batch_06\img_moth_00011144.jpg,"[4000, 6000]",modelv1.0__2026-05-16 19:40:18
D:\moth_photos\database\batch_06\img_moth_00011145.jpg,"[4000, 6000]",modelv1.0__2026-05-16 19:40:18
D:\moth_photos\database\batch_06\img_moth_00011146.jpg,"[4000, 6000]",modelv1.0__2026-05-16 19:40:18
D:\moth_photos\database\batch_06\img_moth_00011147.jpg,"[4000, 6000]",modelv1.0__2026-05-16 19:40:18
D:\moth_photos\database\batch_06\img_moth_00011148.jpg,"[4000, 6000]",modelv1.0__2026-05-16 19:40:18
D:\moth_photos\database\batch_06\img_moth_00011149.jpg,"[4000, 6000]",modelv1.0__2026-05-16 19:40:18
D:\moth_photos\database\batch_06\img_moth_00011150.jpg,"[4000, 6000]",modelv1.0__2026-05-16 19:40:18
D:\moth_photos\database\batch_06\img_moth_00011151.jpg,"[4000, 6000]",modelv1.0__2026-05-16 19:40:18
D:\moth_photos\database\batch_06\img_moth_00011152.jpg,"[4000, 6000]",modelv1.0__2026-05-16 19:40:18
D:\moth_photos\database\batch_06\img_moth_00011153.jpg,"[4000, 6000]",modelv1.0__2026-05-16 19:40:18
D:\moth_photos\database\batch_06\img_moth_00011154.jpg,"[4000, 6000]",modelv1.0__2026-05-16 19:40:18
D:\moth_photos\database\batch_06\img_moth_00011155.jpg,"[4000, 6000]",modelv1.0__2026-05-16 19:40:18
D:\moth_photos\database\batch_06\img_moth_00011156.jpg,"[4000, 6000]",modelv1.0__2026-05-16 19:40:18
D:\moth_photos\database\batch_06\img_moth_00011157.jpg,"[4000, 6000]",modelv1.0__2026-05-16 19:40:18
D:\moth_photos\database\batch_06\img_moth_00011158.jpg,"[4000, 6000]",modelv1.0__2026-05-16 19:40:18
D:\moth_photos\database\batch_06\img_moth_00011159.jpg,"[4000, 6000]",modelv1.0__2026-05-16 19:40:18
D:\moth_photos\database\batch_06\img_moth_00011160.jpg,"[4000, 6000]",modelv1.0__2026-05-16 19:40:18
D:\moth_photos\database\batch_06\img_moth_00011161.jpg,"[4000, 6000]",modelv1.0__2026-05-16 19:40:18
D:\moth_photos\database\batch_06\img_moth_00011162.jpg,"[4000, 6000]",modelv1.0__2026-05-16 19:40:18
D:\moth_photos\database\batch_06\img_moth_00011163.jpg,"[4000, 6000]",modelv1.0__2026-05-16 19:40:18
D:\moth_photos\database\batch_06\img_moth_00011164.jpg,"[4000, 6000]",modelv1.0__2026-05-16 19:40:18
D:\moth_photos\database\batch_06\img_moth_00011165.jpg,"[4000, 6000]",modelv1.0__2026-05-16 19:40:18
D:\moth_photos\database\batch_06\img_moth_00011166.jpg,"[4000, 6000]",modelv1.0__2026-05-16 19:40:18
D:\moth_photos\database\batch_06\img_moth_00011167.jpg,"[4000, 6000]",modelv1.0__2026-05-16 19:40:18
D:\moth_photos\database\batch_06\img_moth_00011168.jpg,"[4000, 6000]",modelv1.0__2026-05-16 19:40:18
D:\moth_photos\database\batch_06\img_moth_00011169.jpg,"[4000, 6000]",modelv1.0__2026-05-16 19:40:18
D:\moth_photos\database\batch_06\img_moth_00011170.jpg,"[4000, 6000]",modelv1.0__2026-05-16 19:40:18
D:\moth_photos\database\batch_06\img_moth_00011171.jpg,"[4000, 6000]",modelv1.0__2026-05-16 19:40:18
D:\moth_photos\database\batch_06\img_moth_00011172.jpg,"[4000, 6000]",modelv1.0__2026-05-16 19:40:18
D:\moth_photos\database\batch_06\img_moth_00011173.jpg,"[4000, 6000]",modelv1.0__2026-05-16 19:40:18
D:\moth_photos\database\batch_06\img_moth_00011174.jpg,"[4000, 6000]",modelv1.0__2026-05-16 19:40:18
D:\moth_photos\database\batch_06\img_moth_00011175.jpg,"[4000, 6000]",modelv1.0__2026-05-16 19:40:18
D:\moth_photos\database\batch_06\img_moth_00011176.jpg,"[4000, 6000]",modelv1.0__2026-05-16 19:40:18
D:\moth_photos\database\batch_06\img_moth_00011177.jpg,"[4000, 6000]",modelv1.0__2026-05-16 19:40:18
D:\moth_photos\database\batch_06\img_moth_00011178.jpg,"[4000, 6000]",modelv1.0__2026-05-16 19:40:18
D:\moth_photos\database\batch_06\img_moth_00011179.jpg,"[4000, 6000]",modelv1.0__2026-05-16 19:40:18
D:\moth_photos\database\batch_06\img_moth_00011180.jpg,"[4000, 6000]",modelv1.0__2026-05-16 19:40:18
D:\moth_photos\database\batch_06\img_moth_00011181.jpg,"[4000, 6000]",modelv1.0__2026-05-16 19:40:18
D:\moth_photos\database\batch_06\img_moth_00011182.jpg,"[4000, 6000]",modelv1.0__2026-05-16 19:40:18
D:\moth_photos\database\batch_06\img_moth_00011183.jpg,"[4000, 6000]",modelv1.0__2026-05-16 19:40:18
D:\moth_photos\database\batch_06\img_moth_00011184.jpg,"[4000, 6000]",modelv1.0__2026-05-16 19:40:18
D:\moth_photos\database\batch_06\img_moth_00011185.jpg,"[4000, 6000]",modelv1.0__2026-05-16 19:40:18
D:\moth_photos\database\batch_06\img_moth_00011186.jpg,"[4000, 6000]",modelv1.0__2026-05-16 19:40:18
D:\moth_photos\database\batch_06\img_moth_00011187.jpg,"[4000, 6000]",modelv1.0__2026-05-16 19:40:18
D:\moth_photos\database\batch_06\img_moth_00011188.jpg,"[4000, 6000]",modelv1.0__2026-05-16 19:40:18
D:\moth_photos\database\batch_06\img_moth_00011189.jpg,"[4000, 6000]",modelv1.0__2026-05-16 19:40:18
D:\moth_photos\database\batch_06\img_moth_00011190.jpg,"[4000, 6000]",modelv1.0__2026-05-16 19:40:18
D:\moth_photos\database\batch_06\img_moth_00011191.jpg,"[4000, 6000]",modelv1.0__2026-05-16 19:40:18
D:\moth_photos\database\batch_06\img_moth_00011192.jpg,"[4000, 6000]",modelv1.0__2026-05-16 19:40:18
D:\moth_photos\database\batch_06\img_moth_00011193.jpg,"[4000, 6000]",modelv1.0__2026-05-16 19:40:18
D:\moth_photos\database\batch_06\img_moth_00011194.jpg,"[4000, 6000]",modelv1.0__2026-05-16 19:40:18
D:\moth_photos\database\batch_06\img_moth_00011195.jpg,"[4000, 6000]",modelv1.0__2026-05-16 19:40:18
D:\moth_photos\database\batch_06\img_moth_00011196.jpg,"[4000, 6000]",modelv1.0__2026-05-16 19:40:18
D:\moth_photos\database\batch_06\img_moth_00011197.jpg,"[4000, 6000]",modelv1.0__2026-05-16 19:40:18
D:\moth_photos\database\batch_06\img_moth_00011198.jpg,"[4000, 6000]",modelv1.0__2026-05-16 19:40:18
D:\moth_photos\database\batch_06\img_moth_00011199.jpg,"[4000, 6000]",modelv1.0__2026-05-16 19:40:18
D:\moth_photos\database\batch_06\img_moth_00011200.jpg,"[4000, 6000]",modelv1.0__2026-05-16 19:40:18
D:\moth_photos\database\batch_06\img_moth_00011201.jpg,"[4000, 6000]",modelv1.0__2026-05-16 19:40:18
D:\moth_photos\database\batch_06\img_moth_00011202.jpg,"[4000, 6000]",modelv1.0__2026-05-16 19:40:18
D:\moth_photos\database\batch_06\img_moth_00011203.jpg,"[4000, 6000]",modelv1.0__2026-05-16 19:40:18
D:\moth_photos\database\batch_06\img_moth_00011204.jpg,"[4000, 6000]",modelv1.0__2026-05-16 19:40:18
D:\moth_photos\database\batch_06\img_moth_00011205.jpg,"[4000, 6000]",modelv1.0__2026-05-16 19:40:18
D:\moth_photos\database\batch_06\img_moth_00011206.jpg,"[4000, 6000]",modelv1.0__2026-05-16 19:40:18
D:\moth_photos\database\batch_06\img_moth_00011207.jpg,"[4000, 6000]",modelv1.0__2026-05-16 19:40:18
D:\moth_photos\database\batch_06\img_moth_00011208.jpg,"[4000, 6000]",modelv1.0__2026-05-16 19:40:18
D:\moth_photos\database\batch_06\img_moth_00011209.jpg,"[4000, 6000]",modelv1.0__2026-05-16 19:40:18
D:\moth_photos\database\batch_06\img_moth_00011210.jpg,"[4000, 6000]",modelv1.0__2026-05-16 19:40:18
D:\moth_photos\database\batch_06\img_moth_00011211.jpg,"[4000, 6000]",modelv1.0__2026-05-16 19:40:18
D:\moth_photos\database\batch_06\img_moth_00011212.jpg,"[4000, 6000]",modelv1.0__2026-05-16 19:40:18
D:\moth_photos\database\batch_06\img_moth_00011213.jpg,"[4000, 6000]",modelv1.0__2026-05-16 19:40:18
D:\moth_photos\database\batch_06\img_moth_00011214.jpg,"[4000, 6000]",modelv1.0__2026-05-16 19:40:18
D:\moth_photos\database\batch_06\img_moth_00011215.jpg,"[4000, 6000]",modelv1.0__2026-05-16 19:40:18
D:\moth_photos\database\batch_06\img_moth_00011216.jpg,"[4000, 6000]",modelv1.0__2026-05-16 19:40:18
D:\moth_photos\database\batch_06\img_moth_00011217.jpg,"[4000, 6000]",modelv1.0__2026-05-16 19:40:18
D:\moth_photos\database\batch_06\img_moth_00011218.jpg,"[4000, 6000]",modelv1.0__2026-05-16 19:40:18
D:\moth_photos\database\batch_06\img_moth_00011219.jpg,"[4000, 6000]",modelv1.0__2026-05-16 19:40:18
D:\moth_photos\database\batch_06\img_moth_00011220.jpg,"[4000, 6000]",modelv1.0__2026-05-16 19:40:18
D:\moth_photos\database\batch_06\img_moth_00011221.jpg,"[4000, 6000]",modelv1.0__2026-05-16 19:40:18
D:\moth_photos\database\batch_06\img_moth_00011222.jpg,"[4000, 6000]",modelv1.0__2026-05-16 19:40:18
D:\moth_photos\database\batch_06\img_moth_00011223.jpg,"[4000, 6000]",modelv1.0__2026-05-16 19:40:18
D:\moth_photos\database\batch_06\img_moth_00011224.jpg,"[4000, 6000]",modelv1.0__2026-05-16 19:40:18
D:\moth_photos\database\batch_06\img_moth_00011226.jpg,"[4000, 6000]",modelv1.0__2026-05-16 19:40:18
D:\moth_photos\database\batch_06\img_moth_00011227.jpg,"[4000, 6000]",modelv1.0__2026-05-16 19:40:18
D:\moth_photos\database\batch_06\img_moth_00011228.jpg,"[4000, 6000]",modelv1.0__2026-05-16 19:40:18
D:\moth_photos\database\batch_06\img_moth_00011230.jpg,"[4000, 6000]",modelv1.0__2026-05-16 19:40:18
D:\moth_photos\database\batch_06\img_moth_00011231.jpg,"[4000, 6000]",modelv1.0__2026-05-16 19:40:18
D:\moth_photos\database\batch_06\img_moth_00011232.jpg,"[4000, 6000]",modelv1.0__2026-05-16 19:40:18
D:\moth_photos\database\batch_06\img_moth_00011233.jpg,"[4000, 6000]",modelv1.0__2026-05-16 19:40:18
D:\moth_photos\database\batch_06\img_moth_00011234.jpg,"[4000, 6000]",modelv1.0__2026-05-16 19:40:18
D:\moth_photos\database\batch_06\img_moth_00011236.jpg,"[4000, 6000]",modelv1.0__2026-05-16 19:40:18
D:\moth_photos\database\batch_06\img_moth_00011237.jpg,"[4000, 6000]",modelv1.0__2026-05-16 19:40:18
D:\moth_photos\database\batch_06\img_moth_00011238.jpg,"[4000, 6000]",modelv1.0__2026-05-16 19:40:18
D:\moth_photos\database\batch_06\img_moth_00011239.jpg,"[4000, 6000]",modelv1.0__2026-05-16 19:40:18
D:\moth_photos\database\batch_06\img_moth_00011240.jpg,"[4000, 6000]",modelv1.0__2026-05-16 19:40:18
D:\moth_photos\database\batch_06\img_moth_00011241.jpg,"[4000, 6000]",modelv1.0__2026-05-16 19:40:18
D:\moth_photos\database\batch_06\img_moth_00011242.jpg,"[4000, 6000]",modelv1.0__2026-05-16 19:40:18
D:\moth_photos\database\batch_06\img_moth_00011243.jpg,"[4000, 6000]",modelv1.0__2026-05-16 19:40:18
D:\moth_photos\database\batch_06\img_moth_00011244.jpg,"[4000, 6000]",modelv1.0__2026-05-16 19:40:18
D:\moth_photos\database\batch_06\img_moth_00011245.jpg,"[4000, 6000]",modelv1.0__2026-05-16 19:40:18
D:\moth_photos\database\batch_06\img_moth_00011246.jpg,"[4000, 6000]",modelv1.0__2026-05-16 19:40:18
D:\moth_photos\database\batch_06\img_moth_00011247.jpg,"[4000, 6000]",modelv1.0__2026-05-16 19:40:18
D:\moth_photos\database\batch_06\img_moth_00011248.jpg,"[4000, 6000]",modelv1.0__2026-05-16 19:40:18
D:\moth_photos\database\batch_06\img_moth_00011249.jpg,"[4000, 6000]",modelv1.0__2026-05-16 19:40:18
D:\moth_photos\database\batch_06\img_moth_00011250.jpg,"[4000, 6000]",modelv1.0__2026-05-16 19:40:18
D:\moth_photos\database\batch_06\img_moth_00011251.jpg,"[4000, 6000]",modelv1.0__2026-05-16 19:40:18
D:\moth_photos\database\batch_06\img_moth_00011252.jpg,"[4000, 6000]",modelv1.0__2026-05-16 19:40:18
D:\moth_photos\database\batch_06\img_moth_00011253.jpg,"[4000, 6000]",modelv1.0__2026-05-16 19:40:18
D:\moth_photos\database\batch_06\img_moth_00011254.jpg,"[4000, 6000]",modelv1.0__2026-05-16 19:40:18
D:\moth_photos\database\batch_06\img_moth_00011255.jpg,"[4000, 6000]",modelv1.0__2026-05-16 19:40:18
D:\moth_photos\database\batch_06\img_moth_00011256.jpg,"[4000, 6000]",modelv1.0__2026-05-16 19:40:18
D:\moth_photos\database\batch_06\img_moth_00011257.jpg,"[4000, 6000]",modelv1.0__2026-05-16 19:40:18
D:\moth_photos\database\batch_06\img_moth_00011258.jpg,"[4000, 6000]",modelv1.0__2026-05-16 19:40:18
D:\moth_photos\database\batch_06\img_moth_00011259.jpg,"[4000, 6000]",modelv1.0__2026-05-16 19:40:18
D:\moth_photos\database\batch_06\img_moth_00011260.jpg,"[4000, 6000]",modelv1.0__2026-05-16 19:40:18
D:\moth_photos\database\batch_06\img_moth_00011261.jpg,"[4000, 6000]",modelv1.0__2026-05-16 19:40:18
D:\moth_photos\database\batch_06\img_moth_00011262.jpg,"[4000, 6000]",modelv1.0__2026-05-16 19:40:18
D:\moth_photos\database\batch_06\img_moth_00011263.jpg,"[4000, 6000]",modelv1.0__2026-05-16 19:40:18
D:\moth_photos\database\batch_06\img_moth_00011264.jpg,"[4000, 6000]",modelv1.0__2026-05-16 19:40:18
D:\moth_photos\database\batch_06\img_moth_00011265.jpg,"[4000, 6000]",modelv1.0__2026-05-16 19:40:18
D:\moth_photos\database\batch_06\img_moth_00011266.jpg,"[4000, 6000]",modelv1.0__2026-05-16 19:40:18
D:\moth_photos\database\batch_06\img_moth_00011267.jpg,"[4000, 6000]",modelv1.0__2026-05-16 19:40:18
D:\moth_photos\database\batch_06\img_moth_00011268.jpg,"[4000, 6000]",modelv1.0__2026-05-16 19:40:18
D:\moth_photos\database\batch_06\img_moth_00011269.jpg,"[4000, 6000]",modelv1.0__2026-05-16 19:40:18
D:\moth_photos\database\batch_06\img_moth_00011270.jpg,"[4000, 6000]",modelv1.0__2026-05-16 19:40:18
D:\moth_photos\database\batch_06\img_moth_00011271.jpg,"[4000, 6000]",modelv1.0__2026-05-16 19:40:18
D:\moth_photos\database\batch_06\img_moth_00011272.jpg,"[4000, 6000]",modelv1.0__2026-05-16 19:40:18
D:\moth_photos\database\batch_06\img_moth_00011273.jpg,"[4000, 6000]",modelv1.0__2026-05-16 19:40:18
D:\moth_photos\database\batch_06\img_moth_00011274.jpg,"[4000, 6000]",modelv1.0__2026-05-16 19:40:18
D:\moth_photos\database\batch_06\img_moth_00011275.jpg,"[4000, 6000]",modelv1.0__2026-05-16 19:40:18
D:\moth_photos\database\batch_06\img_moth_00011276.jpg,"[4000, 6000]",modelv1.0__2026-05-16 19:40:18
D:\moth_photos\database\batch_06\img_moth_00011277.jpg,"[4000, 6000]",modelv1.0__2026-05-16 19:40:18
D:\moth_photos\database\batch_06\img_moth_00011278.jpg,"[4000, 6000]",modelv1.0__2026-05-16 19:40:18
D:\moth_photos\database\batch_06\img_moth_00011279.jpg,"[4000, 6000]",modelv1.0__2026-05-16 19:40:18
D:\moth_photos\database\batch_06\img_moth_00011280.jpg,"[4000, 6000]",modelv1.0__2026-05-16 19:40:18
D:\moth_photos\database\batch_06\img_moth_00011281.jpg,"[4000, 6000]",modelv1.0__2026-05-16 19:40:18
D:\moth_photos\database\batch_06\img_moth_00011282.jpg,"[4000, 6000]",modelv1.0__2026-05-16 19:40:18
D:\moth_photos\database\batch_06\img_moth_00011283.jpg,"[4000, 6000]",modelv1.0__2026-05-16 19:40:18
D:\moth_photos\database\batch_06\img_moth_00011284.jpg,"[4000, 6000]",modelv1.0__2026-05-16 19:40:18
D:\moth_photos\database\batch_06\img_moth_00011285.jpg,"[4000, 6000]",modelv1.0__2026-05-16 19:40:18
D:\moth_photos\database\batch_06\img_moth_00011286.jpg,"[4000, 6000]",modelv1.0__2026-05-16 19:40:18
D:\moth_photos\database\batch_06\img_moth_00011287.jpg,"[4000, 6000]",modelv1.0__2026-05-16 19:40:18
D:\moth_photos\database\batch_06\img_moth_00011288.jpg,"[4000, 6000]",modelv1.0__2026-05-16 19:40:18
D:\moth_photos\database\batch_06\img_moth_00011289.jpg,"[4000, 6000]",modelv1.0__2026-05-16 19:40:18
D:\moth_photos\database\batch_06\img_moth_00011290.jpg,"[4000, 6000]",modelv1.0__2026-05-16 19:40:18
D:\moth_photos\database\batch_06\img_moth_00011291.jpg,"[4000, 6000]",modelv1.0__2026-05-16 19:40:18
D:\moth_photos\database\batch_06\img_moth_00011292.jpg,"[4000, 6000]",modelv1.0__2026-05-16 19:40:18
D:\moth_photos\database\batch_06\img_moth_00011293.jpg,"[4000, 6000]",modelv1.0__2026-05-16 19:40:18
D:\moth_photos\database\batch_06\img_moth_00011294.jpg,"[4000, 6000]",modelv1.0__2026-05-16 19:40:18
D:\moth_photos\database\batch_06\img_moth_00011295.jpg,"[4000, 6000]",modelv1.0__2026-05-16 19:40:18
D:\moth_photos\database\batch_06\img_moth_00011296.jpg,"[4000, 6000]",modelv1.0__2026-05-16 19:40:18
D:\moth_photos\database\batch_06\img_moth_00011297.jpg,"[4000, 6000]",modelv1.0__2026-05-16 19:40:18
D:\moth_photos\database\batch_06\img_moth_00011298.jpg,"[4000, 6000]",modelv1.0__2026-05-16 19:40:18
D:\moth_photos\database\batch_06\img_moth_00011299.jpg,"[4000, 6000]",modelv1.0__2026-05-16 19:40:18
D:\moth_photos\database\batch_06\img_moth_00011300.jpg,"[4000, 6000]",modelv1.0__2026-05-16 19:40:18
D:\moth_photos\database\batch_06\img_moth_00011301.jpg,"[4000, 6000]",modelv1.0__2026-05-16 19:40:18
D:\moth_photos\database\batch_06\img_moth_00011302.jpg,"[4000, 6000]",modelv1.0__2026-05-16 19:40:18
D:\moth_photos\database\batch_06\img_moth_00011303.jpg,"[4000, 6000]",modelv1.0__2026-05-16 19:40:18
D:\moth_photos\database\batch_06\img_moth_00011304.jpg,"[4000, 6000]",modelv1.0__2026-05-16 19:40:18
D:\moth_photos\database\batch_06\img_moth_00011305.jpg,"[4000, 6000]",modelv1.0__2026-05-16 19:40:18
D:\moth_photos\database\batch_06\img_moth_00011306.jpg,"[4000, 6000]",modelv1.0__2026-05-16 19:40:18
D:\moth_photos\database\batch_06\img_moth_00011307.jpg,"[4000, 6000]",modelv1.0__2026-05-16 19:40:18
D:\moth_photos\database\batch_06\img_moth_00011308.jpg,"[4000, 6000]",modelv1.0__2026-05-16 19:40:18
D:\moth_photos\database\batch_06\img_moth_00011309.jpg,"[4000, 6000]",modelv1.0__2026-05-16 19:40:18
D:\moth_photos\database\batch_06\img_moth_00011310.jpg,"[4000, 6000]",modelv1.0__2026-05-16 19:40:18
D:\moth_photos\database\batch_06\img_moth_00011311.jpg,"[4000, 6000]",modelv1.0__2026-05-16 19:40:18
D:\moth_photos\database\batch_06\img_moth_00011312.jpg,"[4000, 6000]",modelv1.0__2026-05-16 19:40:18
D:\moth_photos\database\batch_06\img_moth_00011313.jpg,"[4000, 6000]",modelv1.0__2026-05-16 19:40:18
D:\moth_photos\database\batch_06\img_moth_00011314.jpg,"[4000, 6000]",modelv1.0__2026-05-16 19:40:18
D:\moth_photos\database\batch_06\img_moth_00011315.jpg,"[4000, 6000]",modelv1.0__2026-05-16 19:40:18
D:\moth_photos\database\batch_06\img_moth_00011316.jpg,"[4000, 6000]",modelv1.0__2026-05-16 19:40:18
D:\moth_photos\database\batch_06\img_moth_00011317.jpg,"[4000, 6000]",modelv1.0__2026-05-16 19:40:18
D:\moth_photos\database\batch_06\img_moth_00011318.jpg,"[4000, 6000]",modelv1.0__2026-05-16 19:40:18
D:\moth_photos\database\batch_06\img_moth_00011319.jpg,"[4000, 6000]",modelv1.0__2026-05-16 19:40:18
D:\moth_photos\database\batch_06\img_moth_00011320.jpg,"[4000, 6000]",modelv1.0__2026-05-16 19:40:18
D:\moth_photos\database\batch_06\img_moth_00011321.jpg,"[4000, 6000]",modelv1.0__2026-05-16 19:40:18
D:\moth_photos\database\batch_06\img_moth_00011322.jpg,"[4000, 6000]",modelv1.0__2026-05-16 19:40:18
D:\moth_photos\database\batch_06\img_moth_00011323.jpg,"[4000, 6000]",modelv1.0__2026-05-16 19:40:18
D:\moth_photos\database\batch_06\img_moth_00011324.jpg,"[4000, 6000]",modelv1.0__2026-05-16 19:40:18
D:\moth_photos\database\batch_06\img_moth_00011325.jpg,"[4000, 6000]",modelv1.0__2026-05-16 19:40:18
D:\moth_photos\database\batch_06\img_moth_00011326.jpg,"[4000, 6000]",modelv1.0__2026-05-16 19:40:18
D:\moth_photos\database\batch_06\img_moth_00011327.jpg,"[4000, 6000]",modelv1.0__2026-05-16 19:40:18
D:\moth_photos\database\batch_06\img_moth_00011328.jpg,"[4000, 6000]",modelv1.0__2026-05-16 19:40:18
D:\moth_photos\database\batch_06\img_moth_00011329.jpg,"[4000, 6000]",modelv1.0__2026-05-16 19:40:18
D:\moth_photos\database\batch_06\img_moth_00011330.jpg,"[4000, 6000]",modelv1.0__2026-05-16 19:40:18
D:\moth_photos\database\batch_06\img_moth_00011331.jpg,"[4000, 6000]",modelv1.0__2026-05-16 19:40:18
D:\moth_photos\database\batch_06\img_moth_00011332.jpg,"[4000, 6000]",modelv1.0__2026-05-16 19:40:18
D:\moth_photos\database\batch_06\img_moth_00011333.jpg,"[4000, 6000]",modelv1.0__2026-05-16 19:40:18
D:\moth_photos\database\batch_06\img_moth_00011334.jpg,"[4000, 6000]",modelv1.0__2026-05-16 19:40:18
D:\moth_photos\database\batch_06\img_moth_00011335.jpg,"[4000, 6000]",modelv1.0__2026-05-16 19:40:18
D:\moth_photos\database\batch_06\img_moth_00011336.jpg,"[4000, 6000]",modelv1.0__2026-05-16 19:40:18
D:\moth_photos\database\batch_06\img_moth_00011337.jpg,"[4000, 6000]",modelv1.0__2026-05-16 19:40:18
D:\moth_photos\database\batch_06\img_moth_00011338.jpg,"[4000, 6000]",modelv1.0__2026-05-16 19:40:18
D:\moth_photos\database\batch_06\img_moth_00011339.jpg,"[4000, 6000]",modelv1.0__2026-05-16 19:40:18
D:\moth_photos\database\batch_06\img_moth_00011340.jpg,"[4000, 6000]",modelv1.0__2026-05-16 19:40:18
D:\moth_photos\database\batch_06\img_moth_00011341.jpg,"[4000, 6000]",modelv1.0__2026-05-16 19:40:18
D:\moth_photos\database\batch_06\img_moth_00011342.jpg,"[4000, 6000]",modelv1.0__2026-05-16 19:40:18
D:\moth_photos\database\batch_06\img_moth_00011343.jpg,"[4000, 6000]",modelv1.0__2026-05-16 19:40:18
D:\moth_photos\database\batch_06\img_moth_00011344.jpg,"[4000, 6000]",modelv1.0__2026-05-16 19:40:18
D:\moth_photos\database\batch_06\img_moth_00011345.jpg,"[4000, 6000]",modelv1.0__2026-05-16 19:40:18
D:\moth_photos\database\batch_06\img_moth_00011346.jpg,"[4000, 6000]",modelv1.0__2026-05-16 19:40:18
D:\moth_photos\database\batch_06\img_moth_00011347.jpg,"[4000, 6000]",modelv1.0__2026-05-16 19:40:18
D:\moth_photos\database\batch_06\img_moth_00011348.jpg,"[4000, 6000]",modelv1.0__2026-05-16 19:40:18
D:\moth_photos\database\batch_06\img_moth_00011349.jpg,"[4000, 6000]",modelv1.0__2026-05-16 19:40:18
D:\moth_photos\database\batch_06\img_moth_00011350.jpg,"[4000, 6000]",modelv1.0__2026-05-16 19:40:18
D:\moth_photos\database\batch_06\img_moth_00011351.jpg,"[4000, 6000]",modelv1.0__2026-05-16 19:40:18
D:\moth_photos\database\batch_06\img_moth_00011352.jpg,"[4000, 6000]",modelv1.0__2026-05-16 19:40:18
D:\moth_photos\database\batch_06\img_moth_00011353.jpg,"[4000, 6000]",modelv1.0__2026-05-16 19:40:18
D:\moth_photos\database\batch_06\img_moth_00011354.jpg,"[4000, 6000]",modelv1.0__2026-05-16 19:40:18
D:\moth_photos\database\batch_06\img_moth_00011355.jpg,"[4000, 6000]",modelv1.0__2026-05-16 19:40:18
D:\moth_photos\database\batch_06\img_moth_00011356.jpg,"[4000, 6000]",modelv1.0__2026-05-16 19:40:18
D:\moth_photos\database\batch_06\img_moth_00011357.jpg,"[4000, 6000]",modelv1.0__2026-05-16 19:40:18
D:\moth_photos\database\batch_06\img_moth_00011358.jpg,"[4000, 6000]",modelv1.0__2026-05-16 19:40:18
D:\moth_photos\database\batch_06\img_moth_00011359.jpg,"[4000, 6000]",modelv1.0__2026-05-16 19:40:18
D:\moth_photos\database\batch_06\img_moth_00011360.jpg,"[4000, 6000]",modelv1.0__2026-05-16 19:40:18
D:\moth_photos\database\batch_06\img_moth_00011361.jpg,"[4000, 6000]",modelv1.0__2026-05-16 19:40:18
D:\moth_photos\database\batch_06\img_moth_00011362.jpg,"[4000, 6000]",modelv1.0__2026-05-16 19:40:18
D:\moth_photos\database\batch_06\img_moth_00011363.jpg,"[4000, 6000]",modelv1.0__2026-05-16 19:40:18
D:\moth_photos\database\batch_06\img_moth_00011364.jpg,"[4000, 6000]",modelv1.0__2026-05-16 19:40:18
D:\moth_photos\database\batch_06\img_moth_00011365.jpg,"[4000, 6000]",modelv1.0__2026-05-16 19:40:18
D:\moth_photos\database\batch_06\img_moth_00011366.jpg,"[4000, 6000]",modelv1.0__2026-05-16 19:40:18
D:\moth_photos\database\batch_06\img_moth_00011367.jpg,"[4000, 6000]",modelv1.0__2026-05-16 19:40:18
D:\moth_photos\database\batch_06\img_moth_00011368.jpg,"[4000, 6000]",modelv1.0__2026-05-16 19:40:18
D:\moth_photos\database\batch_06\img_moth_00011369.jpg,"[4000, 6000]",modelv1.0__2026-05-16 19:40:18
D:\moth_photos\database\batch_06\img_moth_00011370.jpg,"[4000, 6000]",modelv1.0__2026-05-16 19:40:18
D:\moth_photos\database\batch_06\img_moth_00011371.jpg,"[4000, 6000]",modelv1.0__2026-05-16 19:40:18
D:\moth_photos\database\batch_06\img_moth_00011372.jpg,"[4000, 6000]",modelv1.0__2026-05-16 19:40:18
D:\moth_photos\database\batch_06\img_moth_00011373.jpg,"[4000, 6000]",modelv1.0__2026-05-16 19:40:18
D:\moth_photos\database\batch_06\img_moth_00011374.jpg,"[4000, 6000]",modelv1.0__2026-05-16 19:40:18
D:\moth_photos\database\batch_06\img_moth_00011375.jpg,"[4000, 6000]",modelv1.0__2026-05-16 19:40:18
D:\moth_photos\database\batch_06\img_moth_00011376.jpg,"[4000, 6000]",modelv1.0__2026-05-16 19:40:18
D:\moth_photos\database\batch_06\img_moth_00011377.jpg,"[4000, 6000]",modelv1.0__2026-05-16 19:40:18
D:\moth_photos\database\batch_06\img_moth_00011378.jpg,"[4000, 6000]",modelv1.0__2026-05-16 19:40:18
D:\moth_photos\database\batch_06\img_moth_00011379.jpg,"[4000, 6000]",modelv1.0__2026-05-16 19:40:18
D:\moth_photos\database\batch_06\img_moth_00011380.jpg,"[4000, 6000]",modelv1.0__2026-05-16 19:40:18
D:\moth_photos\database\batch_06\img_moth_00011381.jpg,"[4000, 6000]",modelv1.0__2026-05-16 19:40:18
D:\moth_photos\database\batch_06\img_moth_00011382.jpg,"[4000, 6000]",modelv1.0__2026-05-16 19:40:18
D:\moth_photos\database\batch_06\img_moth_00011383.jpg,"[4000, 6000]",modelv1.0__2026-05-16 19:40:18
D:\moth_photos\database\batch_06\img_moth_00011384.jpg,"[4000, 6000]",modelv1.0__2026-05-16 19:40:18
D:\moth_photos\database\batch_06\img_moth_00011385.jpg,"[4000, 6000]",modelv1.0__2026-05-16 19:40:18
D:\moth_photos\database\batch_06\img_moth_00011386.jpg,"[4000, 6000]",modelv1.0__2026-05-16 19:40:18
D:\moth_photos\database\batch_06\img_moth_00011387.jpg,"[4000, 6000]",modelv1.0__2026-05-16 19:40:18
D:\moth_photos\database\batch_06\img_moth_00011388.jpg,"[4000, 6000]",modelv1.0__2026-05-16 19:40:18
D:\moth_photos\database\batch_06\img_moth_00011389.jpg,"[4000, 6000]",modelv1.0__2026-05-16 19:40:18
D:\moth_photos\database\batch_06\img_moth_00011390.jpg,"[4000, 6000]",modelv1.0__2026-05-16 19:40:18
D:\moth_photos\database\batch_06\img_moth_00011391.jpg,"[4000, 6000]",modelv1.0__2026-05-16 19:40:18
D:\moth_photos\database\batch_06\img_moth_00011392.jpg,"[4000, 6000]",modelv1.0__2026-05-16 19:40:18
D:\moth_photos\database\batch_06\img_moth_00011393.jpg,"[4000, 6000]",modelv1.0__2026-05-16 19:40:18
D:\moth_photos\database\batch_06\img_moth_00011394.jpg,"[4000, 6000]",modelv1.0__2026-05-16 19:40:18
D:\moth_photos\database\batch_06\img_moth_00011395.jpg,"[4000, 6000]",modelv1.0__2026-05-16 19:40:18
D:\moth_photos\database\batch_06\img_moth_00011396.jpg,"[4000, 6000]",modelv1.0__2026-05-16 19:40:18
D:\moth_photos\database\batch_06\img_moth_00011397.jpg,"[4000, 6000]",modelv1.0__2026-05-16 19:40:18
D:\moth_photos\database\batch_06\img_moth_00011398.jpg,"[4000, 6000]",modelv1.0__2026-05-16 19:40:18
D:\moth_photos\database\batch_06\img_moth_00011399.jpg,"[4000, 6000]",modelv1.0__2026-05-16 19:40:18
D:\moth_photos\database\batch_06\img_moth_00011400.jpg,"[4000, 6000]",modelv1.0__2026-05-16 19:40:18
D:\moth_photos\database\batch_06\img_moth_00011401.jpg,"[4000, 6000]",modelv1.0__2026-05-16 19:40:18
D:\moth_photos\database\batch_06\img_moth_00011402.jpg,"[4000, 6000]",modelv1.0__2026-05-16 19:40:18
D:\moth_photos\database\batch_06\img_moth_00011403.jpg,"[4000, 6000]",modelv1.0__2026-05-16 19:40:18
D:\moth_photos\database\batch_06\img_moth_00011404.jpg,"[4000, 6000]",modelv1.0__2026-05-16 19:40:18
D:\moth_photos\database\batch_06\img_moth_00011405.jpg,"[4000, 6000]",modelv1.0__2026-05-16 19:40:18
D:\moth_photos\database\batch_06\img_moth_00011406.jpg,"[4000, 6000]",modelv1.0__2026-05-16 19:40:18
D:\moth_photos\database\batch_06\img_moth_00011407.jpg,"[4000, 6000]",modelv1.0__2026-05-16 19:40:18
D:\moth_photos\database\batch_06\img_moth_00011408.jpg,"[4000, 6000]",modelv1.0__2026-05-16 19:40:18
D:\moth_photos\database\batch_06\img_moth_00011409.jpg,"[4000, 6000]",modelv1.0__2026-05-16 19:40:18
D:\moth_photos\database\batch_06\img_moth_00011410.jpg,"[4000, 6000]",modelv1.0__2026-05-16 19:40:18
D:\moth_photos\database\batch_06\img_moth_00011411.jpg,"[4000, 6000]",modelv1.0__2026-05-16 19:40:18
D:\moth_photos\database\batch_06\img_moth_00011412.jpg,"[4000, 6000]",modelv1.0__2026-05-16 19:40:18
D:\moth_photos\database\batch_06\img_moth_00011413.jpg,"[4000, 6000]",modelv1.0__2026-05-16 19:40:18
D:\moth_photos\database\batch_06\img_moth_00011414.jpg,"[4000, 6000]",modelv1.0__2026-05-16 19:40:18
D:\moth_photos\database\batch_06\img_moth_00011415.jpg,"[4000, 6000]",modelv1.0__2026-05-16 19:40:18
D:\moth_photos\database\batch_06\img_moth_00011416.jpg,"[4000, 6000]",modelv1.0__2026-05-16 19:40:18
D:\moth_photos\database\batch_06\img_moth_00011417.jpg,"[4000, 6000]",modelv1.0__2026-05-16 19:40:18
D:\moth_photos\database\batch_06\img_moth_00011418.jpg,"[4000, 6000]",modelv1.0__2026-05-16 19:40:18
D:\moth_photos\database\batch_06\img_moth_00011419.jpg,"[4000, 6000]",modelv1.0__2026-05-16 19:40:18
D:\moth_photos\database\batch_06\img_moth_00011420.jpg,"[4000, 6000]",modelv1.0__2026-05-16 19:40:18
D:\moth_photos\database\batch_06\img_moth_00011421.jpg,"[4000, 6000]",modelv1.0__2026-05-16 19:40:18
D:\moth_photos\database\batch_06\img_moth_00011422.jpg,"[4000, 6000]",modelv1.0__2026-05-16 19:40:18
D:\moth_photos\database\batch_06\img_moth_00011423.jpg,"[4000, 6000]",modelv1.0__2026-05-16 19:40:18
D:\moth_photos\database\batch_06\img_moth_00011424.jpg,"[4000, 6000]",modelv1.0__2026-05-16 19:40:18
D:\moth_photos\database\batch_06\img_moth_00011425.jpg,"[4000, 6000]",modelv1.0__2026-05-16 19:40:18
D:\moth_photos\database\batch_06\img_moth_00011426.jpg,"[4000, 6000]",modelv1.0__2026-05-16 19:40:18
D:\moth_photos\database\batch_06\img_moth_00011427.jpg,"[4000, 6000]",modelv1.0__2026-05-16 19:40:18
D:\moth_photos\database\batch_06\img_moth_00011428.jpg,"[4000, 6000]",modelv1.0__2026-05-16 19:40:18
D:\moth_photos\database\batch_06\img_moth_00011429.jpg,"[4000, 6000]",modelv1.0__2026-05-16 19:40:18
D:\moth_photos\database\batch_06\img_moth_00011430.jpg,"[4000, 6000]",modelv1.0__2026-05-16 19:40:18
D:\moth_photos\database\batch_06\img_moth_00011431.jpg,"[4000, 6000]",modelv1.0__2026-05-16 19:40:18
D:\moth_photos\database\batch_06\img_moth_00011432.jpg,"[4000, 6000]",modelv1.0__2026-05-16 19:40:18
D:\moth_photos\database\batch_06\img_moth_00011433.jpg,"[4000, 6000]",modelv1.0__2026-05-16 19:40:18
D:\moth_photos\database\batch_06\img_moth_00011434.jpg,"[4000, 6000]",modelv1.0__2026-05-16 19:40:18
D:\moth_photos\database\batch_06\img_moth_00011435.jpg,"[4000, 6000]",modelv1.0__2026-05-16 19:40:18
D:\moth_photos\database\batch_06\img_moth_00011436.jpg,"[4000, 6000]",modelv1.0__2026-05-16 19:40:18
D:\moth_photos\database\batch_06\img_moth_00011437.jpg,"[4000, 6000]",modelv1.0__2026-05-16 19:40:18
D:\moth_photos\database\batch_06\img_moth_00011438.jpg,"[4000, 6000]",modelv1.0__2026-05-16 19:40:18
D:\moth_photos\database\batch_06\img_moth_00011439.jpg,"[4000, 6000]",modelv1.0__2026-05-16 19:40:18
D:\moth_photos\database\batch_06\img_moth_00011440.jpg,"[4000, 6000]",modelv1.0__2026-05-16 19:40:18
D:\moth_photos\database\batch_06\img_moth_00011441.jpg,"[4000, 6000]",modelv1.0__2026-05-16 19:40:18
D:\moth_photos\database\batch_06\img_moth_00011442.jpg,"[4000, 6000]",modelv1.0__2026-05-16 19:40:18
D:\moth_photos\database\batch_06\img_moth_00011443.jpg,"[4000, 6000]",modelv1.0__2026-05-16 19:40:18
D:\moth_photos\database\batch_06\img_moth_00011444.jpg,"[4000, 6000]",modelv1.0__2026-05-16 19:40:18
D:\moth_photos\database\batch_06\img_moth_00011445.jpg,"[4000, 6000]",modelv1.0__2026-05-16 19:40:18
D:\moth_photos\database\batch_06\img_moth_00011446.jpg,"[4000, 6000]",modelv1.0__2026-05-16 19:40:18
D:\moth_photos\database\batch_06\img_moth_00011447.jpg,"[4000, 6000]",modelv1.0__2026-05-16 19:40:18
D:\moth_photos\database\batch_06\img_moth_00011448.jpg,"[4000, 6000]",modelv1.0__2026-05-16 19:40:18
D:\moth_photos\database\batch_06\img_moth_00011449.jpg,"[4000, 6000]",modelv1.0__2026-05-16 19:40:18
D:\moth_photos\database\batch_06\img_moth_00011450.jpg,"[4000, 6000]",modelv1.0__2026-05-16 19:40:18
D:\moth_photos\database\batch_06\img_moth_00011451.jpg,"[4000, 6000]",modelv1.0__2026-05-16 19:40:18
D:\moth_photos\database\batch_06\img_moth_00011452.jpg,"[4000, 6000]",modelv1.0__2026-05-16 19:40:18
D:\moth_photos\database\batch_06\img_moth_00011453.jpg,"[4000, 6000]",modelv1.0__2026-05-16 19:40:18
D:\moth_photos\database\batch_06\img_moth_00011454.jpg,"[4000, 6000]",modelv1.0__2026-05-16 19:40:18
D:\moth_photos\database\batch_06\img_moth_00011455.jpg,"[4000, 6000]",modelv1.0__2026-05-16 19:40:18
D:\moth_photos\database\batch_06\img_moth_00011456.jpg,"[4000, 6000]",modelv1.0__2026-05-16 19:40:18
D:\moth_photos\database\batch_06\img_moth_00011457.jpg,"[4000, 6000]",modelv1.0__2026-05-16 19:40:18
D:\moth_photos\database\batch_06\img_moth_00011458.jpg,"[4000, 6000]",modelv1.0__2026-05-16 19:40:18
D:\moth_photos\database\batch_06\img_moth_00011459.jpg,"[4000, 6000]",modelv1.0__2026-05-16 19:40:18
D:\moth_photos\database\batch_06\img_moth_00011460.jpg,"[4000, 6000]",modelv1.0__2026-05-16 19:40:18
D:\moth_photos\database\batch_06\img_moth_00011461.jpg,"[4000, 6000]",modelv1.0__2026-05-16 19:40:18
D:\moth_photos\database\batch_06\img_moth_00011462.jpg,"[4000, 6000]",modelv1.0__2026-05-16 19:40:18
D:\moth_photos\database\batch_06\img_moth_00011463.jpg,"[4000, 6000]",modelv1.0__2026-05-16 19:40:18
D:\moth_photos\database\batch_06\img_moth_00011464.jpg,"[4000, 6000]",modelv1.0__2026-05-16 19:40:18
D:\moth_photos\database\batch_06\img_moth_00011465.jpg,"[4000, 6000]",modelv1.0__2026-05-16 19:40:18
D:\moth_photos\database\batch_06\img_moth_00011466.jpg,"[4000, 6000]",modelv1.0__2026-05-16 19:40:18
D:\moth_photos\database\batch_06\img_moth_00011467.jpg,"[4000, 6000]",modelv1.0__2026-05-16 19:40:18
D:\moth_photos\database\batch_06\img_moth_00011468.jpg,"[4000, 6000]",modelv1.0__2026-05-16 19:40:18
D:\moth_photos\database\batch_06\img_moth_00011469.jpg,"[4000, 6000]",modelv1.0__2026-05-16 19:40:18
D:\moth_photos\database\batch_06\img_moth_00011470.jpg,"[4000, 6000]",modelv1.0__2026-05-16 19:40:18
D:\moth_photos\database\batch_06\img_moth_00011471.jpg,"[4000, 6000]",modelv1.0__2026-05-16 19:40:18
D:\moth_photos\database\batch_06\img_moth_00011472.jpg,"[4000, 6000]",modelv1.0__2026-05-16 19:40:18
D:\moth_photos\database\batch_06\img_moth_00011473.jpg,"[4000, 6000]",modelv1.0__2026-05-16 19:40:18
D:\moth_photos\database\batch_06\img_moth_00011474.jpg,"[4000, 6000]",modelv1.0__2026-05-16 19:40:18
D:\moth_photos\database\batch_06\img_moth_00011475.jpg,"[4000, 6000]",modelv1.0__2026-05-16 19:40:18
D:\moth_photos\database\batch_06\img_moth_00011476.jpg,"[4000, 6000]",modelv1.0__2026-05-16 19:40:18
D:\moth_photos\database\batch_06\img_moth_00011477.jpg,"[4000, 6000]",modelv1.0__2026-05-16 19:40:18
D:\moth_photos\database\batch_06\img_moth_00011478.jpg,"[4000, 6000]",modelv1.0__2026-05-16 19:40:18
D:\moth_photos\database\batch_06\img_moth_00011479.jpg,"[4000, 6000]",modelv1.0__2026-05-16 19:40:18
D:\moth_photos\database\batch_06\img_moth_00011480.jpg,"[4000, 6000]",modelv1.0__2026-05-16 19:40:18
D:\moth_photos\database\batch_06\img_moth_00011481.jpg,"[4000, 6000]",modelv1.0__2026-05-16 19:40:18
D:\moth_photos\database\batch_06\img_moth_00011482.jpg,"[4000, 6000]",modelv1.0__2026-05-16 19:40:18
D:\moth_photos\database\batch_06\img_moth_00011483.jpg,"[4000, 6000]",modelv1.0__2026-05-16 19:40:18
D:\moth_photos\database\batch_06\img_moth_00011484.jpg,"[4000, 6000]",modelv1.0__2026-05-16 19:40:18
D:\moth_photos\database\batch_06\img_moth_00011485.jpg,"[4000, 6000]",modelv1.0__2026-05-16 19:40:18
D:\moth_photos\database\batch_06\img_moth_00011486.jpg,"[4000, 6000]",modelv1.0__2026-05-16 19:40:18
D:\moth_photos\database\batch_06\img_moth_00011487.jpg,"[4000, 6000]",modelv1.0__2026-05-16 19:40:18
D:\moth_photos\database\batch_06\img_moth_00011488.jpg,"[4000, 6000]",modelv1.0__2026-05-16 19:40:18
D:\moth_photos\database\batch_06\img_moth_00011489.jpg,"[4000, 6000]",modelv1.0__2026-05-16 19:40:18
D:\moth_photos\database\batch_06\img_moth_00011490.jpg,"[4000, 6000]",modelv1.0__2026-05-16 19:40:18
D:\moth_photos\database\batch_06\img_moth_00011491.jpg,"[4000, 6000]",modelv1.0__2026-05-16 19:40:18
D:\moth_photos\database\batch_06\img_moth_00011492.jpg,"[4000, 6000]",modelv1.0__2026-05-16 19:40:18
D:\moth_photos\database\batch_06\img_moth_00011493.jpg,"[4000, 6000]",modelv1.0__2026-05-16 19:40:18
D:\moth_photos\database\batch_06\img_moth_00011494.jpg,"[4000, 6000]",modelv1.0__2026-05-16 19:40:18
D:\moth_photos\database\batch_06\img_moth_00011495.jpg,"[4000, 6000]",modelv1.0__2026-05-16 19:40:18
D:\moth_photos\database\batch_06\img_moth_00011496.jpg,"[4000, 6000]",modelv1.0__2026-05-16 19:40:18
D:\moth_photos\database\batch_06\img_moth_00011497.jpg,"[4000, 6000]",modelv1.0__2026-05-16 19:40:18
D:\moth_photos\database\batch_06\img_moth_00011498.jpg,"[4000, 6000]",modelv1.0__2026-05-16 19:40:18
D:\moth_photos\database\batch_06\img_moth_00011499.jpg,"[4000, 6000]",modelv1.0__2026-05-16 19:40:18
D:\moth_photos\database\batch_06\img_moth_00011500.jpg,"[4000, 6000]",modelv1.0__2026-05-16 19:40:18
D:\moth_photos\database\batch_06\img_moth_00011501.jpg,"[4000, 6000]",modelv1.0__2026-05-16 19:40:18
D:\moth_photos\database\batch_06\img_moth_00011502.jpg,"[4000, 6000]",modelv1.0__2026-05-16 19:40:18
D:\moth_photos\database\batch_06\img_moth_00011503.jpg,"[4000, 6000]",modelv1.0__2026-05-16 19:40:18
D:\moth_photos\database\batch_06\img_moth_00011504.jpg,"[4000, 6000]",modelv1.0__2026-05-16 19:40:18
D:\moth_photos\database\batch_06\img_moth_00011505.jpg,"[4000, 6000]",modelv1.0__2026-05-16 19:40:18
D:\moth_photos\database\batch_06\img_moth_00011506.jpg,"[4000, 6000]",modelv1.0__2026-05-16 19:40:18
D:\moth_photos\database\batch_06\img_moth_00011507.jpg,"[4000, 6000]",modelv1.0__2026-05-16 19:40:18
D:\moth_photos\database\batch_06\img_moth_00011508.jpg,"[4000, 6000]",modelv1.0__2026-05-16 19:40:18
D:\moth_photos\database\batch_06\img_moth_00011509.jpg,"[4000, 6000]",modelv1.0__2026-05-16 19:40:18
D:\moth_photos\database\batch_06\img_moth_00011510.jpg,"[4000, 6000]",modelv1.0__2026-05-16 19:40:18
D:\moth_photos\database\batch_06\img_moth_00011511.jpg,"[4000, 6000]",modelv1.0__2026-05-16 19:40:18
D:\moth_photos\database\batch_06\img_moth_00011512.jpg,"[4000, 6000]",modelv1.0__2026-05-16 19:40:18
D:\moth_photos\database\batch_06\img_moth_00011513.jpg,"[4000, 6000]",modelv1.0__2026-05-16 19:40:18
D:\moth_photos\database\batch_06\img_moth_00011514.jpg,"[4000, 6000]",modelv1.0__2026-05-16 19:40:18
D:\moth_photos\database\batch_06\img_moth_00011515.jpg,"[4000, 6000]",modelv1.0__2026-05-16 19:40:18
D:\moth_photos\database\batch_06\img_moth_00011516.jpg,"[4000, 6000]",modelv1.0__2026-05-16 19:40:18
D:\moth_photos\database\batch_06\img_moth_00011517.jpg,"[4000, 6000]",modelv1.0__2026-05-16 19:40:18
D:\moth_photos\database\batch_06\img_moth_00011518.jpg,"[4000, 6000]",modelv1.0__2026-05-16 19:40:18
D:\moth_photos\database\batch_06\img_moth_00011519.jpg,"[4000, 6000]",modelv1.0__2026-05-16 19:40:18
D:\moth_photos\database\batch_06\img_moth_00011520.jpg,"[4000, 6000]",modelv1.0__2026-05-16 19:40:18
D:\moth_photos\database\batch_06\img_moth_00011521.jpg,"[4000, 6000]",modelv1.0__2026-05-16 19:40:18
D:\moth_photos\database\batch_06\img_moth_00011522.jpg,"[4000, 6000]",modelv1.0__2026-05-16 19:40:18
D:\moth_photos\database\batch_06\img_moth_00011523.jpg,"[4000, 6000]",modelv1.0__2026-05-16 19:40:18
D:\moth_photos\database\batch_06\img_moth_00011524.jpg,"[4000, 6000]",modelv1.0__2026-05-16 19:40:18
D:\moth_photos\database\batch_06\img_moth_00011525.jpg,"[4000, 6000]",modelv1.0__2026-05-16 19:40:18
D:\moth_photos\database\batch_06\img_moth_00011526.jpg,"[4000, 6000]",modelv1.0__2026-05-16 19:40:18
D:\moth_photos\database\batch_06\img_moth_00011527.jpg,"[4000, 6000]",modelv1.0__2026-05-16 19:40:18
D:\moth_photos\database\batch_06\img_moth_00011528.jpg,"[4000, 6000]",modelv1.0__2026-05-16 19:40:18
D:\moth_photos\database\batch_06\img_moth_00011529.jpg,"[4000, 6000]",modelv1.0__2026-05-16 19:40:18
D:\moth_photos\database\batch_06\img_moth_00011530.jpg,"[4000, 6000]",modelv1.0__2026-05-16 19:40:18
D:\moth_photos\database\batch_06\img_moth_00011531.jpg,"[4000, 6000]",modelv1.0__2026-05-16 19:40:18
D:\moth_photos\database\batch_06\img_moth_00011532.jpg,"[4000, 6000]",modelv1.0__2026-05-16 19:40:18
D:\moth_photos\database\batch_06\img_moth_00011533.jpg,"[4000, 6000]",modelv1.0__2026-05-16 19:40:18
D:\moth_photos\database\batch_06\img_moth_00011534.jpg,"[4000, 6000]",modelv1.0__2026-05-16 19:40:18
D:\moth_photos\database\batch_06\img_moth_00011535.jpg,"[4000, 6000]",modelv1.0__2026-05-16 19:40:18
D:\moth_photos\database\batch_06\img_moth_00011536.jpg,"[4000, 6000]",modelv1.0__2026-05-16 19:40:18
D:\moth_photos\database\batch_06\img_moth_00011537.jpg,"[4000, 6000]",modelv1.0__2026-05-16 19:40:18
D:\moth_photos\database\batch_06\img_moth_00011538.jpg,"[4000, 6000]",modelv1.0__2026-05-16 19:40:18
D:\moth_photos\database\batch_06\img_moth_00011539.jpg,"[4000, 6000]",modelv1.0__2026-05-16 19:40:18
D:\moth_photos\database\batch_06\img_moth_00011540.jpg,"[4000, 6000]",modelv1.0__2026-05-16 19:40:18
D:\moth_photos\database\batch_06\img_moth_00011541.jpg,"[4000, 6000]",modelv1.0__2026-05-16 19:40:18
D:\moth_photos\database\batch_06\img_moth_00011542.jpg,"[4000, 6000]",modelv1.0__2026-05-16 19:40:18
D:\moth_photos\database\batch_06\img_moth_00011543.jpg,"[4000, 6000]",modelv1.0__2026-05-16 19:40:18
D:\moth_photos\database\batch_06\img_moth_00011544.jpg,"[4000, 6000]",modelv1.0__2026-05-16 19:40:18
D:\moth_photos\database\batch_06\img_moth_00011545.jpg,"[4000, 6000]",modelv1.0__2026-05-16 19:40:18
D:\moth_photos\database\batch_06\img_moth_00011546.jpg,"[4000, 6000]",modelv1.0__2026-05-16 19:40:18
D:\moth_photos\database\batch_06\img_moth_00011547.jpg,"[4000, 6000]",modelv1.0__2026-05-16 19:40:18
D:\moth_photos\database\batch_06\img_moth_00011548.jpg,"[4000, 6000]",modelv1.0__2026-05-16 19:40:18
D:\moth_photos\database\batch_06\img_moth_00011549.jpg,"[4000, 6000]",modelv1.0__2026-05-16 19:40:18
D:\moth_photos\database\batch_06\img_moth_00011550.jpg,"[4000, 6000]",modelv1.0__2026-05-16 19:40:18
D:\moth_photos\database\batch_06\img_moth_00011551.jpg,"[4000, 6000]",modelv1.0__2026-05-16 19:40:18
D:\moth_photos\database\batch_06\img_moth_00011552.jpg,"[4000, 6000]",modelv1.0__2026-05-16 19:40:18
D:\moth_photos\database\batch_06\img_moth_00011553.jpg,"[4000, 6000]",modelv1.0__2026-05-16 19:40:18
D:\moth_photos\database\batch_06\img_moth_00011554.jpg,"[4000, 6000]",modelv1.0__2026-05-16 19:40:18
D:\moth_photos\database\batch_06\img_moth_00011555.jpg,"[4000, 6000]",modelv1.0__2026-05-16 19:40:18
D:\moth_photos\database\batch_06\img_moth_00011556.jpg,"[4000, 6000]",modelv1.0__2026-05-16 19:40:18
D:\moth_photos\database\batch_06\img_moth_00011557.jpg,"[4000, 6000]",modelv1.0__2026-05-16 19:40:18
D:\moth_photos\database\batch_06\img_moth_00011558.jpg,"[4000, 6000]",modelv1.0__2026-05-16 19:40:18
D:\moth_photos\database\batch_06\img_moth_00011559.jpg,"[4000, 6000]",modelv1.0__2026-05-16 19:40:18
D:\moth_photos\database\batch_06\img_moth_00011560.jpg,"[4000, 6000]",modelv1.0__2026-05-16 19:40:18
D:\moth_photos\database\batch_06\img_moth_00011561.jpg,"[4000, 6000]",modelv1.0__2026-05-16 19:40:18
D:\moth_photos\database\batch_06\img_moth_00011562.jpg,"[4000, 6000]",modelv1.0__2026-05-16 19:40:18
D:\moth_photos\database\batch_06\img_moth_00011563.jpg,"[4000, 6000]",modelv1.0__2026-05-16 19:40:18
D:\moth_photos\database\batch_06\img_moth_00011564.jpg,"[4000, 6000]",modelv1.0__2026-05-16 19:40:18
D:\moth_photos\database\batch_06\img_moth_00011565.jpg,"[4000, 6000]",modelv1.0__2026-05-16 19:40:18
D:\moth_photos\database\batch_06\img_moth_00011566.jpg,"[4000, 6000]",modelv1.0__2026-05-16 19:40:18
D:\moth_photos\database\batch_06\img_moth_00011567.jpg,"[4000, 6000]",modelv1.0__2026-05-16 19:40:18
D:\moth_photos\database\batch_06\img_moth_00011568.jpg,"[4000, 6000]",modelv1.0__2026-05-16 19:40:18
D:\moth_photos\database\batch_06\img_moth_00011569.jpg,"[4000, 6000]",modelv1.0__2026-05-16 19:40:18
D:\moth_photos\database\batch_06\img_moth_00011570.jpg,"[4000, 6000]",modelv1.0__2026-05-16 19:40:18
D:\moth_photos\database\batch_06\img_moth_00011571.jpg,"[4000, 6000]",modelv1.0__2026-05-16 19:40:18
D:\moth_photos\database\batch_06\img_moth_00011572.jpg,"[4000, 6000]",modelv1.0__2026-05-16 19:40:18
D:\moth_photos\database\batch_06\img_moth_00011573.jpg,"[4000, 6000]",modelv1.0__2026-05-16 19:40:18
D:\moth_photos\database\batch_06\img_moth_00011574.jpg,"[4000, 6000]",modelv1.0__2026-05-16 19:40:18
D:\moth_photos\database\batch_06\img_moth_00011575.jpg,"[4000, 6000]",modelv1.0__2026-05-16 19:40:18
D:\moth_photos\database\batch_06\img_moth_00011576.jpg,"[4000, 6000]",modelv1.0__2026-05-16 19:40:18
D:\moth_photos\database\batch_06\img_moth_00011577.jpg,"[4000, 6000]",modelv1.0__2026-05-16 19:40:18
D:\moth_photos\database\batch_06\img_moth_00011578.jpg,"[4000, 6000]",modelv1.0__2026-05-16 19:40:18
D:\moth_photos\database\batch_06\img_moth_00011579.jpg,"[4000, 6000]",modelv1.0__2026-05-16 19:40:18
D:\moth_photos\database\batch_06\img_moth_00011580.jpg,"[4000, 6000]",modelv1.0__2026-05-16 19:40:18
D:\moth_photos\database\batch_06\img_moth_00011581.jpg,"[4000, 6000]",modelv1.0__2026-05-16 19:40:18
D:\moth_photos\database\batch_06\img_moth_00011582.jpg,"[4000, 6000]",modelv1.0__2026-05-16 19:40:18
D:\moth_photos\database\batch_06\img_moth_00011583.jpg,"[4000, 6000]",modelv1.0__2026-05-16 19:40:18
D:\moth_photos\database\batch_06\img_moth_00011584.jpg,"[4000, 6000]",modelv1.0__2026-05-16 19:40:18
D:\moth_photos\database\batch_06\img_moth_00011585.jpg,"[4000, 6000]",modelv1.0__2026-05-16 19:40:18
D:\moth_photos\database\batch_06\img_moth_00011586.jpg,"[4000, 6000]",modelv1.0__2026-05-16 19:40:18
D:\moth_photos\database\batch_06\img_moth_00011587.jpg,"[4000, 6000]",modelv1.0__2026-05-16 19:40:18
D:\moth_photos\database\batch_06\img_moth_00011588.jpg,"[4000, 6000]",modelv1.0__2026-05-16 19:40:18
D:\moth_photos\database\batch_06\img_moth_00011589.jpg,"[4000, 6000]",modelv1.0__2026-05-16 19:40:18
D:\moth_photos\database\batch_06\img_moth_00011590.jpg,"[4000, 6000]",modelv1.0__2026-05-16 19:40:18
D:\moth_photos\database\batch_06\img_moth_00011591.jpg,"[4000, 6000]",modelv1.0__2026-05-16 19:40:18
D:\moth_photos\database\batch_06\img_moth_00011592.jpg,"[4000, 6000]",modelv1.0__2026-05-16 19:40:18
D:\moth_photos\database\batch_06\img_moth_00011593.jpg,"[4000, 6000]",modelv1.0__2026-05-16 19:40:18
D:\moth_photos\database\batch_06\img_moth_00011594.jpg,"[4000, 6000]",modelv1.0__2026-05-16 19:40:18
D:\moth_photos\database\batch_06\img_moth_00011595.jpg,"[4000, 6000]",modelv1.0__2026-05-16 19:40:18
D:\moth_photos\database\batch_06\img_moth_00011596.jpg,"[4000, 6000]",modelv1.0__2026-05-16 19:40:18
D:\moth_photos\database\batch_06\img_moth_00011597.jpg,"[4000, 6000]",modelv1.0__2026-05-16 19:40:18
D:\moth_photos\database\batch_06\img_moth_00011598.jpg,"[4000, 6000]",modelv1.0__2026-05-16 19:40:18
D:\moth_photos\database\batch_06\img_moth_00011599.jpg,"[4000, 6000]",modelv1.0__2026-05-16 19:40:18
D:\moth_photos\database\batch_06\img_moth_00011600.jpg,"[4000, 6000]",modelv1.0__2026-05-16 19:40:18
D:\moth_photos\database\batch_06\img_moth_00011601.jpg,"[4000, 6000]",modelv1.0__2026-05-16 19:40:18
D:\moth_photos\database\batch_06\img_moth_00011602.jpg,"[4000, 6000]",modelv1.0__2026-05-16 19:40:18
D:\moth_photos\database\batch_06\img_moth_00011603.jpg,"[4000, 6000]",modelv1.0__2026-05-16 19:40:18
D:\moth_photos\database\batch_06\img_moth_00011604.jpg,"[4000, 6000]",modelv1.0__2026-05-16 19:40:18
D:\moth_photos\database\batch_06\img_moth_00011605.jpg,"[4000, 6000]",modelv1.0__2026-05-16 19:40:18
D:\moth_photos\database\batch_06\img_moth_00011606.jpg,"[4000, 6000]",modelv1.0__2026-05-16 19:40:18
D:\moth_photos\database\batch_06\img_moth_00011607.jpg,"[4000, 6000]",modelv1.0__2026-05-16 19:40:18
D:\moth_photos\database\batch_06\img_moth_00011608.jpg,"[4000, 6000]",modelv1.0__2026-05-16 19:40:18
D:\moth_photos\database\batch_06\img_moth_00011609.jpg,"[4000, 6000]",modelv1.0__2026-05-16 19:40:18
D:\moth_photos\database\batch_06\img_moth_00011610.jpg,"[4000, 6000]",modelv1.0__2026-05-16 19:40:18
D:\moth_photos\database\batch_06\img_moth_00011611.jpg,"[4000, 6000]",modelv1.0__2026-05-16 19:40:18
D:\moth_photos\database\batch_06\img_moth_00011612.jpg,"[4000, 6000]",modelv1.0__2026-05-16 19:40:18
D:\moth_photos\database\batch_06\img_moth_00011613.jpg,"[4000, 6000]",modelv1.0__2026-05-16 19:40:18
D:\moth_photos\database\batch_06\img_moth_00011614.jpg,"[4000, 6000]",modelv1.0__2026-05-16 19:40:18
D:\moth_photos\database\batch_06\img_moth_00011615.jpg,"[4000, 6000]",modelv1.0__2026-05-16 19:40:18
D:\moth_photos\database\batch_06\img_moth_00011616.jpg,"[4000, 6000]",modelv1.0__2026-05-16 19:40:18
D:\moth_photos\database\batch_06\img_moth_00011617.jpg,"[4000, 6000]",modelv1.0__2026-05-16 19:40:18
D:\moth_photos\database\batch_06\img_moth_00011618.jpg,"[4000, 6000]",modelv1.0__2026-05-16 19:40:18
D:\moth_photos\database\batch_06\img_moth_00011619.jpg,"[4000, 6000]",modelv1.0__2026-05-16 19:40:18
D:\moth_photos\database\batch_06\img_moth_00011620.jpg,"[4000, 6000]",modelv1.0__2026-05-16 19:40:18
D:\moth_photos\database\batch_06\img_moth_00011621.jpg,"[4000, 6000]",modelv1.0__2026-05-16 19:40:18
D:\moth_photos\database\batch_06\img_moth_00011622.jpg,"[4000, 6000]",modelv1.0__2026-05-16 19:40:18
D:\moth_photos\database\batch_06\img_moth_00011623.jpg,"[4000, 6000]",modelv1.0__2026-05-16 19:40:18
D:\moth_photos\database\batch_06\img_moth_00011624.jpg,"[4000, 6000]",modelv1.0__2026-05-16 19:40:18
D:\moth_photos\database\batch_06\img_moth_00011625.jpg,"[4000, 6000]",modelv1.0__2026-05-16 19:40:18
D:\moth_photos\database\batch_06\img_moth_00011626.jpg,"[4000, 6000]",modelv1.0__2026-05-16 19:40:18
D:\moth_photos\database\batch_06\img_moth_00011627.jpg,"[4000, 6000]",modelv1.0__2026-05-16 19:40:18
D:\moth_photos\database\batch_06\img_moth_00011628.jpg,"[4000, 6000]",modelv1.0__2026-05-16 19:40:18
D:\moth_photos\database\batch_06\img_moth_00011629.jpg,"[4000, 6000]",modelv1.0__2026-05-16 19:40:18
D:\moth_photos\database\batch_06\img_moth_00011630.jpg,"[4000, 6000]",modelv1.0__2026-05-16 19:40:18
D:\moth_photos\database\batch_06\img_moth_00011631.jpg,"[4000, 6000]",modelv1.0__2026-05-16 19:40:18
D:\moth_photos\database\batch_06\img_moth_00011632.jpg,"[4000, 6000]",modelv1.0__2026-05-16 19:40:18
D:\moth_photos\database\batch_06\img_moth_00011633.jpg,"[4000, 6000]",modelv1.0__2026-05-16 19:40:18
D:\moth_photos\database\batch_06\img_moth_00011634.jpg,"[4000, 6000]",modelv1.0__2026-05-16 19:40:18
D:\moth_photos\database\batch_06\img_moth_00011635.jpg,"[4000, 6000]",modelv1.0__2026-05-16 19:40:18
D:\moth_photos\database\batch_06\img_moth_00011636.jpg,"[4000, 6000]",modelv1.0__2026-05-16 19:40:18
D:\moth_photos\database\batch_06\img_moth_00011637.jpg,"[4000, 6000]",modelv1.0__2026-05-16 19:40:18
D:\moth_photos\database\batch_06\img_moth_00011638.jpg,"[4000, 6000]",modelv1.0__2026-05-16 19:40:18
D:\moth_photos\database\batch_06\img_moth_00011639.jpg,"[4000, 6000]",modelv1.0__2026-05-16 19:40:18
D:\moth_photos\database\batch_06\img_moth_00011640.jpg,"[4000, 6000]",modelv1.0__2026-05-16 19:40:18
D:\moth_photos\database\batch_06\img_moth_00011641.jpg,"[4000, 6000]",modelv1.0__2026-05-16 19:40:18
D:\moth_photos\database\batch_06\img_moth_00011642.jpg,"[4000, 6000]",modelv1.0__2026-05-16 19:40:18
D:\moth_photos\database\batch_06\img_moth_00011643.jpg,"[4000, 6000]",modelv1.0__2026-05-16 19:40:18
D:\moth_photos\database\batch_06\img_moth_00011644.jpg,"[4000, 6000]",modelv1.0__2026-05-16 19:40:18
D:\moth_photos\database\batch_06\img_moth_00011645.jpg,"[4000, 6000]",modelv1.0__2026-05-16 19:40:18
D:\moth_photos\database\batch_06\img_moth_00011646.jpg,"[4000, 6000]",modelv1.0__2026-05-16 19:40:18
D:\moth_photos\database\batch_06\img_moth_00011647.jpg,"[4000, 6000]",modelv1.0__2026-05-16 19:40:18
D:\moth_photos\database\batch_06\img_moth_00011648.jpg,"[4000, 6000]",modelv1.0__2026-05-16 19:40:18
D:\moth_photos\database\batch_06\img_moth_00011649.jpg,"[4000, 6000]",modelv1.0__2026-05-16 19:40:18
D:\moth_photos\database\batch_06\img_moth_00011650.jpg,"[4000, 6000]",modelv1.0__2026-05-16 19:40:18
D:\moth_photos\database\batch_06\img_moth_00011651.jpg,"[4000, 6000]",modelv1.0__2026-05-16 19:40:18
D:\moth_photos\database\batch_06\img_moth_00011652.jpg,"[4000, 6000]",modelv1.0__2026-05-16 19:40:18
D:\moth_photos\database\batch_06\img_moth_00011653.jpg,"[4000, 6000]",modelv1.0__2026-05-16 19:40:18
D:\moth_photos\database\batch_06\img_moth_00011654.jpg,"[4000, 6000]",modelv1.0__2026-05-16 19:40:18
D:\moth_photos\database\batch_06\img_moth_00011655.jpg,"[4000, 6000]",modelv1.0__2026-05-16 19:40:18
D:\moth_photos\database\batch_06\img_moth_00011656.jpg,"[4000, 6000]",modelv1.0__2026-05-16 19:40:18
D:\moth_photos\database\batch_06\img_moth_00011657.jpg,"[4000, 6000]",modelv1.0__2026-05-16 19:40:18
D:\moth_photos\database\batch_06\img_moth_00011658.jpg,"[4000, 6000]",modelv1.0__2026-05-16 19:40:18
D:\moth_photos\database\batch_06\img_moth_00011659.jpg,"[4000, 6000]",modelv1.0__2026-05-16 19:40:18
D:\moth_photos\database\batch_06\img_moth_00011660.jpg,"[4000, 6000]",modelv1.0__2026-05-16 19:40:18
D:\moth_photos\database\batch_06\img_moth_00011661.jpg,"[4000, 6000]",modelv1.0__2026-05-16 19:40:18
D:\moth_photos\database\batch_06\img_moth_00011662.jpg,"[4000, 6000]",modelv1.0__2026-05-16 19:40:18
D:\moth_photos\database\batch_06\img_moth_00011663.jpg,"[4000, 6000]",modelv1.0__2026-05-16 19:40:18
D:\moth_photos\database\batch_06\img_moth_00011664.jpg,"[4000, 6000]",modelv1.0__2026-05-16 19:40:18
D:\moth_photos\database\batch_06\img_moth_00011665.jpg,"[4000, 6000]",modelv1.0__2026-05-16 19:40:18
D:\moth_photos\database\batch_06\img_moth_00011666.jpg,"[4000, 6000]",modelv1.0__2026-05-16 19:40:18
D:\moth_photos\database\batch_06\img_moth_00011667.jpg,"[4000, 6000]",modelv1.0__2026-05-16 19:40:18
D:\moth_photos\database\batch_06\img_moth_00011668.jpg,"[4000, 6000]",modelv1.0__2026-05-16 19:40:18
D:\moth_photos\database\batch_06\img_moth_00011669.jpg,"[4000, 6000]",modelv1.0__2026-05-16 19:40:18
D:\moth_photos\database\batch_06\img_moth_00011670.jpg,"[4000, 6000]",modelv1.0__2026-05-16 19:40:18
D:\moth_photos\database\batch_06\img_moth_00011671.jpg,"[4000, 6000]",modelv1.0__2026-05-16 19:40:18
D:\moth_photos\database\batch_06\img_moth_00011672.jpg,"[4000, 6000]",modelv1.0__2026-05-16 19:40:18
D:\moth_photos\database\batch_06\img_moth_00011673.jpg,"[4000, 6000]",modelv1.0__2026-05-16 19:40:18
D:\moth_photos\database\batch_06\img_moth_00011674.jpg,"[4000, 6000]",modelv1.0__2026-05-16 19:40:18
D:\moth_photos\database\batch_06\img_moth_00011675.jpg,"[4000, 6000]",modelv1.0__2026-05-16 19:40:18
D:\moth_photos\database\batch_06\img_moth_00011676.jpg,"[4000, 6000]",modelv1.0__2026-05-16 19:40:18
D:\moth_photos\database\batch_06\img_moth_00011677.jpg,"[4000, 6000]",modelv1.0__2026-05-16 19:40:18
D:\moth_photos\database\batch_06\img_moth_00011678.jpg,"[4000, 6000]",modelv1.0__2026-05-16 19:40:18
D:\moth_photos\database\batch_06\img_moth_00011679.jpg,"[4000, 6000]",modelv1.0__2026-05-16 19:40:18
D:\moth_photos\database\batch_06\img_moth_00011680.jpg,"[4000, 6000]",modelv1.0__2026-05-16 19:40:18
D:\moth_photos\database\batch_06\img_moth_00011681.jpg,"[4000, 6000]",modelv1.0__2026-05-16 19:40:18
D:\moth_photos\database\batch_06\img_moth_00011682.jpg,"[4000, 6000]",modelv1.0__2026-05-16 19:40:18
D:\moth_photos\database\batch_06\img_moth_00011683.jpg,"[4000, 6000]",modelv1.0__2026-05-16 19:40:18
D:\moth_photos\database\batch_06\img_moth_00011684.jpg,"[4000, 6000]",modelv1.0__2026-05-16 19:40:18
D:\moth_photos\database\batch_06\img_moth_00011685.jpg,"[4000, 6000]",modelv1.0__2026-05-16 19:40:18
D:\moth_photos\database\batch_06\img_moth_00011686.jpg,"[4000, 6000]",modelv1.0__2026-05-16 19:40:18
D:\moth_photos\database\batch_06\img_moth_00011687.jpg,"[4000, 6000]",modelv1.0__2026-05-16 19:40:18
D:\moth_photos\database\batch_06\img_moth_00011688.jpg,"[4000, 6000]",modelv1.0__2026-05-16 19:40:18
D:\moth_photos\database\batch_06\img_moth_00011689.jpg,"[4000, 6000]",modelv1.0__2026-05-16 19:40:18
D:\moth_photos\database\batch_06\img_moth_00011690.jpg,"[4000, 6000]",modelv1.0__2026-05-16 19:40:18
D:\moth_photos\database\batch_06\img_moth_00011691.jpg,"[4000, 6000]",modelv1.0__2026-05-16 19:40:18
D:\moth_photos\database\batch_06\img_moth_00011692.jpg,"[4000, 6000]",modelv1.0__2026-05-16 19:40:18
D:\moth_photos\database\batch_06\img_moth_00011693.jpg,"[4000, 6000]",modelv1.0__2026-05-16 19:40:18
D:\moth_photos\database\batch_06\img_moth_00011694.jpg,"[4000, 6000]",modelv1.0__2026-05-16 19:40:18
D:\moth_photos\database\batch_06\img_moth_00011695.jpg,"[4000, 6000]",modelv1.0__2026-05-16 19:40:18
D:\moth_photos\database\batch_06\img_moth_00011696.jpg,"[4000, 6000]",modelv1.0__2026-05-16 19:40:18
D:\moth_photos\database\batch_06\img_moth_00011697.jpg,"[4000, 6000]",modelv1.0__2026-05-16 19:40:18
D:\moth_photos\database\batch_06\img_moth_00011698.jpg,"[4000, 6000]",modelv1.0__2026-05-16 19:40:18
D:\moth_photos\database\batch_06\img_moth_00011699.jpg,"[4000, 6000]",modelv1.0__2026-05-16 19:40:18
D:\moth_photos\database\batch_06\img_moth_00011700.jpg,"[4000, 6000]",modelv1.0__2026-05-16 19:40:18
D:\moth_photos\database\batch_06\img_moth_00011701.jpg,"[4000, 6000]",modelv1.0__2026-05-16 19:40:18
D:\moth_photos\database\batch_06\img_moth_00011702.jpg,"[4000, 6000]",modelv1.0__2026-05-16 19:40:18
D:\moth_photos\database\batch_06\img_moth_00011703.jpg,"[4000, 6000]",modelv1.0__2026-05-16 19:40:18
D:\moth_photos\database\batch_06\img_moth_00011704.jpg,"[4000, 6000]",modelv1.0__2026-05-16 19:40:18
D:\moth_photos\database\batch_06\img_moth_00011705.jpg,"[4000, 6000]",modelv1.0__2026-05-16 19:40:18
D:\moth_photos\database\batch_06\img_moth_00011706.jpg,"[4000, 6000]",modelv1.0__2026-05-16 19:40:18
D:\moth_photos\database\batch_06\img_moth_00011707.jpg,"[4000, 6000]",modelv1.0__2026-05-16 19:40:18
D:\moth_photos\database\batch_06\img_moth_00011708.jpg,"[4000, 6000]",modelv1.0__2026-05-16 19:40:18
D:\moth_photos\database\batch_06\img_moth_00011709.jpg,"[4000, 6000]",modelv1.0__2026-05-16 19:40:18
D:\moth_photos\database\batch_06\img_moth_00011710.jpg,"[4000, 6000]",modelv1.0__2026-05-16 19:40:18
D:\moth_photos\database\batch_06\img_moth_00011711.jpg,"[4000, 6000]",modelv1.0__2026-05-16 19:40:18
D:\moth_photos\database\batch_06\img_moth_00011712.jpg,"[4000, 6000]",modelv1.0__2026-05-16 19:40:18
D:\moth_photos\database\batch_06\img_moth_00011713.jpg,"[4000, 6000]",modelv1.0__2026-05-16 19:40:18
D:\moth_photos\database\batch_06\img_moth_00011714.jpg,"[4000, 6000]",modelv1.0__2026-05-16 19:40:18
D:\moth_photos\database\batch_06\img_moth_00011715.jpg,"[4000, 6000]",modelv1.0__2026-05-16 19:40:18
D:\moth_photos\database\batch_06\img_moth_00011716.jpg,"[4000, 6000]",modelv1.0__2026-05-16 19:40:18
D:\moth_photos\database\batch_06\img_moth_00011717.jpg,"[4000, 6000]",modelv1.0__2026-05-16 19:40:18
D:\moth_photos\database\batch_06\img_moth_00011718.jpg,"[4000, 6000]",modelv1.0__2026-05-16 19:40:18
D:\moth_photos\database\batch_06\img_moth_00011719.jpg,"[4000, 6000]",modelv1.0__2026-05-16 19:40:18
D:\moth_photos\database\batch_06\img_moth_00011720.jpg,"[4000, 6000]",modelv1.0__2026-05-16 19:40:18
D:\moth_photos\database\batch_06\img_moth_00011721.jpg,"[4000, 6000]",modelv1.0__2026-05-16 19:40:18
D:\moth_photos\database\batch_06\img_moth_00011722.jpg,"[4000, 6000]",modelv1.0__2026-05-16 19:40:18
D:\moth_photos\database\batch_06\img_moth_00011723.jpg,"[4000, 6000]",modelv1.0__2026-05-16 19:40:18
D:\moth_photos\database\batch_06\img_moth_00011724.jpg,"[4000, 6000]",modelv1.0__2026-05-16 19:40:18
D:\moth_photos\database\batch_06\img_moth_00011725.jpg,"[4000, 6000]",modelv1.0__2026-05-16 19:40:18
D:\moth_photos\database\batch_06\img_moth_00011726.jpg,"[4000, 6000]",modelv1.0__2026-05-16 19:40:18
D:\moth_photos\database\batch_06\img_moth_00011727.jpg,"[4000, 6000]",modelv1.0__2026-05-16 19:40:18
D:\moth_photos\database\batch_06\img_moth_00011728.jpg,"[4000, 6000]",modelv1.0__2026-05-16 19:40:18
D:\moth_photos\database\batch_06\img_moth_00011729.jpg,"[4000, 6000]",modelv1.0__2026-05-16 19:40:18
D:\moth_photos\database\batch_06\img_moth_00011730.jpg,"[4000, 6000]",modelv1.0__2026-05-16 19:40:18
D:\moth_photos\database\batch_06\img_moth_00011731.jpg,"[4000, 6000]",modelv1.0__2026-05-16 19:40:18
D:\moth_photos\database\batch_06\img_moth_00011732.jpg,"[4000, 6000]",modelv1.0__2026-05-16 19:40:18
D:\moth_photos\database\batch_06\img_moth_00011733.jpg,"[4000, 6000]",modelv1.0__2026-05-16 19:40:18
D:\moth_photos\database\batch_06\img_moth_00011734.jpg,"[4000, 6000]",modelv1.0__2026-05-16 19:40:18
D:\moth_photos\database\batch_06\img_moth_00011735.jpg,"[4000, 6000]",modelv1.0__2026-05-16 19:40:18
D:\moth_photos\database\batch_06\img_moth_00011736.jpg,"[4000, 6000]",modelv1.0__2026-05-16 19:40:18
D:\moth_photos\database\batch_06\img_moth_00011737.jpg,"[4000, 6000]",modelv1.0__2026-05-16 19:40:18
D:\moth_photos\database\batch_06\img_moth_00011738.jpg,"[4000, 6000]",modelv1.0__2026-05-16 19:40:18
D:\moth_photos\database\batch_06\img_moth_00011739.jpg,"[4000, 6000]",modelv1.0__2026-05-16 19:40:18
D:\moth_photos\database\batch_06\img_moth_00011740.jpg,"[4000, 6000]",modelv1.0__2026-05-16 19:40:18
D:\moth_photos\database\batch_06\img_moth_00011741.jpg,"[4000, 6000]",modelv1.0__2026-05-16 19:40:18
D:\moth_photos\database\batch_06\img_moth_00011742.jpg,"[4000, 6000]",modelv1.0__2026-05-16 19:40:18
D:\moth_photos\database\batch_06\img_moth_00011743.jpg,"[4000, 6000]",modelv1.0__2026-05-16 19:40:18
D:\moth_photos\database\batch_06\img_moth_00011744.jpg,"[4000, 6000]",modelv1.0__2026-05-16 19:40:18
D:\moth_photos\database\batch_06\img_moth_00011745.jpg,"[4000, 6000]",modelv1.0__2026-05-16 19:40:18
D:\moth_photos\database\batch_06\img_moth_00011746.jpg,"[4000, 6000]",modelv1.0__2026-05-16 19:40:18
D:\moth_photos\database\batch_06\img_moth_00011747.jpg,"[4000, 6000]",modelv1.0__2026-05-16 19:40:18
D:\moth_photos\database\batch_06\img_moth_00011748.jpg,"[4000, 6000]",modelv1.0__2026-05-16 19:40:18
D:\moth_photos\database\batch_06\img_moth_00011749.jpg,"[4000, 6000]",modelv1.0__2026-05-16 19:40:18
D:\moth_photos\database\batch_06\img_moth_00011750.jpg,"[4000, 6000]",modelv1.0__2026-05-16 19:40:18
D:\moth_photos\database\batch_06\img_moth_00011751.jpg,"[4000, 6000]",modelv1.0__2026-05-16 19:40:18
D:\moth_photos\database\batch_06\img_moth_00011752.jpg,"[4000, 6000]",modelv1.0__2026-05-16 19:40:18
D:\moth_photos\database\batch_06\img_moth_00011753.jpg,"[4000, 6000]",modelv1.0__2026-05-16 19:40:18
D:\moth_photos\database\batch_06\img_moth_00011754.jpg,"[4000, 6000]",modelv1.0__2026-05-16 19:40:18
D:\moth_photos\database\batch_06\img_moth_00011755.jpg,"[4000, 6000]",modelv1.0__2026-05-16 19:40:18
D:\moth_photos\database\batch_06\img_moth_00011756.jpg,"[4000, 6000]",modelv1.0__2026-05-16 19:40:18
D:\moth_photos\database\batch_06\img_moth_00011757.jpg,"[4000, 6000]",modelv1.0__2026-05-16 19:40:18
D:\moth_photos\database\batch_06\img_moth_00011758.jpg,"[4000, 6000]",modelv1.0__2026-05-16 19:40:18
D:\moth_photos\database\batch_06\img_moth_00011759.jpg,"[4000, 6000]",modelv1.0__2026-05-16 19:40:18
D:\moth_photos\database\batch_06\img_moth_00011760.jpg,"[4000, 6000]",modelv1.0__2026-05-16 19:40:18
D:\moth_photos\database\batch_06\img_moth_00011761.jpg,"[4000, 6000]",modelv1.0__2026-05-16 19:40:18
D:\moth_photos\database\batch_06\img_moth_00011762.jpg,"[4000, 6000]",modelv1.0__2026-05-16 19:40:18
D:\moth_photos\database\batch_06\img_moth_00011763.jpg,"[4000, 6000]",modelv1.0__2026-05-16 19:40:18
D:\moth_photos\database\batch_06\img_moth_00011764.jpg,"[4000, 6000]",modelv1.0__2026-05-16 19:40:18
D:\moth_photos\database\batch_06\img_moth_00011765.jpg,"[4000, 6000]",modelv1.0__2026-05-16 19:40:18
D:\moth_photos\database\batch_06\img_moth_00011766.jpg,"[4000, 6000]",modelv1.0__2026-05-16 19:40:18
D:\moth_photos\database\batch_06\img_moth_00011767.jpg,"[4000, 6000]",modelv1.0__2026-05-16 19:40:18
D:\moth_photos\database\batch_06\img_moth_00011768.jpg,"[4000, 6000]",modelv1.0__2026-05-16 19:40:18
D:\moth_photos\database\batch_06\img_moth_00011769.jpg,"[4000, 6000]",modelv1.0__2026-05-16 19:40:18
D:\moth_photos\database\batch_06\img_moth_00011770.jpg,"[4000, 6000]",modelv1.0__2026-05-16 19:40:18
D:\moth_photos\database\batch_06\img_moth_00011771.jpg,"[4000, 6000]",modelv1.0__2026-05-16 19:40:18
D:\moth_photos\database\batch_06\img_moth_00011772.jpg,"[4000, 6000]",modelv1.0__2026-05-16 19:40:18
D:\moth_photos\database\batch_06\img_moth_00011773.jpg,"[4000, 6000]",modelv1.0__2026-05-16 19:40:18
D:\moth_photos\database\batch_06\img_moth_00011774.jpg,"[4000, 6000]",modelv1.0__2026-05-16 19:40:18
D:\moth_photos\database\batch_06\img_moth_00011775.jpg,"[4000, 6000]",modelv1.0__2026-05-16 19:40:18
D:\moth_photos\database\batch_06\img_moth_00011776.jpg,"[4000, 6000]",modelv1.0__2026-05-16 19:40:18
D:\moth_photos\database\batch_06\img_moth_00011777.jpg,"[4000, 6000]",modelv1.0__2026-05-16 19:40:18
D:\moth_photos\database\batch_06\img_moth_00011778.jpg,"[4000, 6000]",modelv1.0__2026-05-16 19:40:18
D:\moth_photos\database\batch_06\img_moth_00011779.jpg,"[4000, 6000]",modelv1.0__2026-05-16 19:40:18
D:\moth_photos\database\batch_06\img_moth_00011780.jpg,"[4000, 6000]",modelv1.0__2026-05-16 19:40:18
D:\moth_photos\database\batch_06\img_moth_00011781.jpg,"[4000, 6000]",modelv1.0__2026-05-16 19:40:18
D:\moth_photos\database\batch_06\img_moth_00011782.jpg,"[4000, 6000]",modelv1.0__2026-05-16 19:40:18
D:\moth_photos\database\batch_06\img_moth_00011783.jpg,"[4000, 6000]",modelv1.0__2026-05-16 19:40:18
D:\moth_photos\database\batch_06\img_moth_00011784.jpg,"[4000, 6000]",modelv1.0__2026-05-16 19:40:18
D:\moth_photos\database\batch_06\img_moth_00011785.jpg,"[4000, 6000]",modelv1.0__2026-05-16 19:40:18
D:\moth_photos\database\batch_06\img_moth_00011786.jpg,"[4000, 6000]",modelv1.0__2026-05-16 19:40:18
D:\moth_photos\database\batch_06\img_moth_00011787.jpg,"[4000, 6000]",modelv1.0__2026-05-16 19:40:18
D:\moth_photos\database\batch_06\img_moth_00011788.jpg,"[4000, 6000]",modelv1.0__2026-05-16 19:40:18
D:\moth_photos\database\batch_06\img_moth_00011789.jpg,"[4000, 6000]",modelv1.0__2026-05-16 19:40:18
D:\moth_photos\database\batch_06\img_moth_00011790.jpg,"[4000, 6000]",modelv1.0__2026-05-16 19:40:18
D:\moth_photos\database\batch_06\img_moth_00011791.jpg,"[4000, 6000]",modelv1.0__2026-05-16 19:40:18
D:\moth_photos\database\batch_06\img_moth_00011792.jpg,"[4000, 6000]",modelv1.0__2026-05-16 19:40:18
D:\moth_photos\database\batch_06\img_moth_00011793.jpg,"[4000, 6000]",modelv1.0__2026-05-16 19:40:18
D:\moth_photos\database\batch_06\img_moth_00011794.jpg,"[4000, 6000]",modelv1.0__2026-05-16 19:40:18
D:\moth_photos\database\batch_06\img_moth_00011795.jpg,"[4000, 6000]",modelv1.0__2026-05-16 19:40:18
D:\moth_photos\database\batch_06\img_moth_00011796.jpg,"[4000, 6000]",modelv1.0__2026-05-16 19:40:18
D:\moth_photos\database\batch_06\img_moth_00011797.jpg,"[4000, 6000]",modelv1.0__2026-05-16 19:40:18
D:\moth_photos\database\batch_06\img_moth_00011798.jpg,"[4000, 6000]",modelv1.0__2026-05-16 19:40:18
D:\moth_photos\database\batch_06\img_moth_00011799.jpg,"[4000, 6000]",modelv1.0__2026-05-16 19:40:18
D:\moth_photos\database\batch_06\img_moth_00011800.jpg,"[4000, 6000]",modelv1.0__2026-05-16 19:40:18
D:\moth_photos\database\batch_06\img_moth_00011801.jpg,"[4000, 6000]",modelv1.0__2026-05-16 19:40:18
D:\moth_photos\database\batch_06\img_moth_00011802.jpg,"[4000, 6000]",modelv1.0__2026-05-16 19:40:18
D:\moth_photos\database\batch_06\img_moth_00011803.jpg,"[4000, 6000]",modelv1.0__2026-05-16 19:40:18
D:\moth_photos\database\batch_06\img_moth_00011804.jpg,"[4000, 6000]",modelv1.0__2026-05-16 19:40:18
D:\moth_photos\database\batch_06\img_moth_00011805.jpg,"[4000, 6000]",modelv1.0__2026-05-16 19:40:18
D:\moth_photos\database\batch_06\img_moth_00011806.jpg,"[4000, 6000]",modelv1.0__2026-05-16 19:40:18
D:\moth_photos\database\batch_06\img_moth_00011807.jpg,"[4000, 6000]",modelv1.0__2026-05-16 19:40:18
D:\moth_photos\database\batch_06\img_moth_00011808.jpg,"[4000, 6000]",modelv1.0__2026-05-16 19:40:18
D:\moth_photos\database\batch_06\img_moth_00011809.jpg,"[4000, 6000]",modelv1.0__2026-05-16 19:40:18
D:\moth_photos\database\batch_06\img_moth_00011810.jpg,"[4000, 6000]",modelv1.0__2026-05-16 19:40:18
D:\moth_photos\database\batch_06\img_moth_00011811.jpg,"[4000, 6000]",modelv1.0__2026-05-16 19:40:18
D:\moth_photos\database\batch_06\img_moth_00011812.jpg,"[4000, 6000]",modelv1.0__2026-05-16 19:40:18
D:\moth_photos\database\batch_06\img_moth_00011813.jpg,"[4000, 6000]",modelv1.0__2026-05-16 19:40:18
D:\moth_photos\database\batch_06\img_moth_00011814.jpg,"[4000, 6000]",modelv1.0__2026-05-16 19:40:18
D:\moth_photos\database\batch_06\img_moth_00011815.jpg,"[4000, 6000]",modelv1.0__2026-05-16 19:40:18
D:\moth_photos\database\batch_06\img_moth_00011816.jpg,"[4000, 6000]",modelv1.0__2026-05-16 19:40:18
D:\moth_photos\database\batch_06\img_moth_00011817.jpg,"[4000, 6000]",modelv1.0__2026-05-16 19:40:18
D:\moth_photos\database\batch_06\img_moth_00011818.jpg,"[4000, 6000]",modelv1.0__2026-05-16 19:40:18
D:\moth_photos\database\batch_06\img_moth_00011819.jpg,"[4000, 6000]",modelv1.0__2026-05-16 19:40:18
D:\moth_photos\database\batch_06\img_moth_00011820.jpg,"[4000, 6000]",modelv1.0__2026-05-16 19:40:18
D:\moth_photos\database\batch_06\img_moth_00011821.jpg,"[4000, 6000]",modelv1.0__2026-05-16 19:40:18
D:\moth_photos\database\batch_06\img_moth_00011822.jpg,"[4000, 6000]",modelv1.0__2026-05-16 19:40:18
D:\moth_photos\database\batch_06\img_moth_00011823.jpg,"[4000, 6000]",modelv1.0__2026-05-16 19:40:18
D:\moth_photos\database\batch_06\img_moth_00011824.jpg,"[4000, 6000]",modelv1.0__2026-05-16 19:40:18
D:\moth_photos\database\batch_06\img_moth_00011825.jpg,"[4000, 6000]",modelv1.0__2026-05-16 19:40:18
D:\moth_photos\database\batch_06\img_moth_00011826.jpg,"[4000, 6000]",modelv1.0__2026-05-16 19:40:18
D:\moth_photos\database\batch_06\img_moth_00011827.jpg,"[4000, 6000]",modelv1.0__2026-05-16 19:40:18
D:\moth_photos\database\batch_06\img_moth_00011828.jpg,"[4000, 6000]",modelv1.0__2026-05-16 19:40:18
D:\moth_photos\database\batch_06\img_moth_00011829.jpg,"[4000, 6000]",modelv1.0__2026-05-16 19:40:18
D:\moth_photos\database\batch_06\img_moth_00011830.jpg,"[4000, 6000]",modelv1.0__2026-05-16 19:40:18
D:\moth_photos\database\batch_06\img_moth_00011831.jpg,"[4000, 6000]",modelv1.0__2026-05-16 19:40:18
D:\moth_photos\database\batch_06\img_moth_00011832.jpg,"[4000, 6000]",modelv1.0__2026-05-16 19:40:18
D:\moth_photos\database\batch_06\img_moth_00011833.jpg,"[4000, 6000]",modelv1.0__2026-05-16 19:40:18
D:\moth_photos\database\batch_06\img_moth_00011834.jpg,"[4000, 6000]",modelv1.0__2026-05-16 19:40:18
D:\moth_photos\database\batch_06\img_moth_00011835.jpg,"[4000, 6000]",modelv1.0__2026-05-16 19:40:18
D:\moth_photos\database\batch_06\img_moth_00011836.jpg,"[4000, 6000]",modelv1.0__2026-05-16 19:40:18
D:\moth_photos\database\batch_06\img_moth_00011837.jpg,"[4000, 6000]",modelv1.0__2026-05-16 19:40:18
D:\moth_photos\database\batch_06\img_moth_00011838.jpg,"[4000, 6000]",modelv1.0__2026-05-16 19:40:18
D:\moth_photos\database\batch_06\img_moth_00011839.jpg,"[4000, 6000]",modelv1.0__2026-05-16 19:40:18
D:\moth_photos\database\batch_06\img_moth_00011841.jpg,"[4000, 6000]",modelv1.0__2026-05-16 19:40:18
D:\moth_photos\database\batch_06\img_moth_00011842.jpg,"[4000, 6000]",modelv1.0__2026-05-16 19:40:18
D:\moth_photos\database\batch_06\img_moth_00011843.jpg,"[4000, 6000]",modelv1.0__2026-05-16 19:40:18
D:\moth_photos\database\batch_06\img_moth_00011844.jpg,"[4000, 6000]",modelv1.0__2026-05-16 19:40:18
D:\moth_photos\database\batch_06\img_moth_00011845.jpg,"[4000, 6000]",modelv1.0__2026-05-16 19:40:18
D:\moth_photos\database\batch_06\img_moth_00011846.jpg,"[4000, 6000]",modelv1.0__2026-05-16 19:40:18
D:\moth_photos\database\batch_06\img_moth_00011847.jpg,"[4000, 6000]",modelv1.0__2026-05-16 19:40:18
D:\moth_photos\database\batch_06\img_moth_00011848.jpg,"[4000, 6000]",modelv1.0__2026-05-16 19:40:18
D:\moth_photos\database\batch_06\img_moth_00011849.jpg,"[4000, 6000]",modelv1.0__2026-05-16 19:40:18
D:\moth_photos\database\batch_06\img_moth_00011850.jpg,"[4000, 6000]",modelv1.0__2026-05-16 19:40:18
D:\moth_photos\database\batch_06\img_moth_00011851.jpg,"[4000, 6000]",modelv1.0__2026-05-16 19:40:18
D:\moth_photos\database\batch_06\img_moth_00011852.jpg,"[4000, 6000]",modelv1.0__2026-05-16 19:40:18
D:\moth_photos\database\batch_06\img_moth_00011853.jpg,"[4000, 6000]",modelv1.0__2026-05-16 19:40:18
D:\moth_photos\database\batch_06\img_moth_00011854.jpg,"[4000, 6000]",modelv1.0__2026-05-16 19:40:18
D:\moth_photos\database\batch_06\img_moth_00011855.jpg,"[4000, 6000]",modelv1.0__2026-05-16 19:40:18
D:\moth_photos\database\batch_06\img_moth_00011856.jpg,"[4000, 6000]",modelv1.0__2026-05-16 19:40:18
D:\moth_photos\database\batch_06\img_moth_00011857.jpg,"[4000, 6000]",modelv1.0__2026-05-16 19:40:18
D:\moth_photos\database\batch_06\img_moth_00011858.jpg,"[4000, 6000]",modelv1.0__2026-05-16 19:40:18
D:\moth_photos\database\batch_06\img_moth_00011859.jpg,"[4000, 6000]",modelv1.0__2026-05-16 19:40:18
D:\moth_photos\database\batch_06\img_moth_00011860.jpg,"[4000, 6000]",modelv1.0__2026-05-16 19:40:18
D:\moth_photos\database\batch_06\img_moth_00011861.jpg,"[4000, 6000]",modelv1.0__2026-05-16 19:40:18
D:\moth_photos\database\batch_06\img_moth_00011862.jpg,"[4000, 6000]",modelv1.0__2026-05-16 19:40:18
D:\moth_photos\database\batch_06\img_moth_00011863.jpg,"[4000, 6000]",modelv1.0__2026-05-16 19:40:18
D:\moth_photos\database\batch_06\img_moth_00011864.jpg,"[4000, 6000]",modelv1.0__2026-05-16 19:40:18
D:\moth_photos\database\batch_06\img_moth_00011865.jpg,"[4000, 6000]",modelv1.0__2026-05-16 19:40:18
D:\moth_photos\database\batch_06\img_moth_00011866.jpg,"[4000, 6000]",modelv1.0__2026-05-16 19:40:18
D:\moth_photos\database\batch_06\img_moth_00011867.jpg,"[4000, 6000]",modelv1.0__2026-05-16 19:40:18
D:\moth_photos\database\batch_06\img_moth_00011868.jpg,"[4000, 6000]",modelv1.0__2026-05-16 19:40:18
D:\moth_photos\database\batch_06\img_moth_00011869.jpg,"[4000, 6000]",modelv1.0__2026-05-16 19:40:18
D:\moth_photos\database\batch_06\img_moth_00011870.jpg,"[4000, 6000]",modelv1.0__2026-05-16 19:40:18
D:\moth_photos\database\batch_06\img_moth_00011871.jpg,"[4000, 6000]",modelv1.0__2026-05-16 19:40:18
D:\moth_photos\database\batch_06\img_moth_00011872.jpg,"[4000, 6000]",modelv1.0__2026-05-16 19:40:18
D:\moth_photos\database\batch_06\img_moth_00011873.jpg,"[4000, 6000]",modelv1.0__2026-05-16 19:40:18
D:\moth_photos\database\batch_06\img_moth_00011874.jpg,"[4000, 6000]",modelv1.0__2026-05-16 19:40:18
D:\moth_photos\database\batch_06\img_moth_00011875.jpg,"[4000, 6000]",modelv1.0__2026-05-16 19:40:18
D:\moth_photos\database\batch_06\img_moth_00011876.jpg,"[4000, 6000]",modelv1.0__2026-05-16 19:40:18
D:\moth_photos\database\batch_06\img_moth_00011877.jpg,"[4000, 6000]",modelv1.0__2026-05-16 19:40:18
D:\moth_photos\database\batch_06\img_moth_00011878.jpg,"[4000, 6000]",modelv1.0__2026-05-16 19:40:18
D:\moth_photos\database\batch_06\img_moth_00011879.jpg,"[4000, 6000]",modelv1.0__2026-05-16 19:40:18
D:\moth_photos\database\batch_06\img_moth_00011880.jpg,"[4000, 6000]",modelv1.0__2026-05-16 19:40:18
D:\moth_photos\database\batch_06\img_moth_00011881.jpg,"[4000, 6000]",modelv1.0__2026-05-16 19:40:18
D:\moth_photos\database\batch_06\img_moth_00011882.jpg,"[4000, 6000]",modelv1.0__2026-05-16 19:40:18
D:\moth_photos\database\batch_06\img_moth_00011883.jpg,"[4000, 6000]",modelv1.0__2026-05-16 19:40:18
D:\moth_photos\database\batch_06\img_moth_00011884.jpg,"[4000, 6000]",modelv1.0__2026-05-16 19:40:18
D:\moth_photos\database\batch_06\img_moth_00011885.jpg,"[4000, 6000]",modelv1.0__2026-05-16 19:40:18
D:\moth_photos\database\batch_06\img_moth_00011886.jpg,"[4000, 6000]",modelv1.0__2026-05-16 19:40:18
D:\moth_photos\database\batch_06\img_moth_00011887.jpg,"[4000, 6000]",modelv1.0__2026-05-16 19:40:18
D:\moth_photos\database\batch_06\img_moth_00011888.jpg,"[4000, 6000]",modelv1.0__2026-05-16 19:40:18
D:\moth_photos\database\batch_06\img_moth_00011889.jpg,"[4000, 6000]",modelv1.0__2026-05-16 19:40:18
D:\moth_photos\database\batch_06\img_moth_00011890.jpg,"[4000, 6000]",modelv1.0__2026-05-16 19:40:18
D:\moth_photos\database\batch_06\img_moth_00011891.jpg,"[4000, 6000]",modelv1.0__2026-05-16 19:40:18
D:\moth_photos\database\batch_06\img_moth_00011892.jpg,"[4000, 6000]",modelv1.0__2026-05-16 19:40:18
D:\moth_photos\database\batch_06\img_moth_00011893.jpg,"[4000, 6000]",modelv1.0__2026-05-16 19:40:18
D:\moth_photos\database\batch_06\img_moth_00011894.jpg,"[4000, 6000]",modelv1.0__2026-05-16 19:40:18
D:\moth_photos\database\batch_06\img_moth_00011895.jpg,"[4000, 6000]",modelv1.0__2026-05-16 19:40:18
D:\moth_photos\database\batch_06\img_moth_00011896.jpg,"[4000, 6000]",modelv1.0__2026-05-16 19:40:18
D:\moth_photos\database\batch_06\img_moth_00011897.jpg,"[4000, 6000]",modelv1.0__2026-05-16 19:40:18
D:\moth_photos\database\batch_06\img_moth_00011898.jpg,"[4000, 6000]",modelv1.0__2026-05-16 19:40:18
D:\moth_photos\database\batch_06\img_moth_00011899.jpg,"[4000, 6000]",modelv1.0__2026-05-16 19:40:18
D:\moth_photos\database\batch_06\img_moth_00011900.jpg,"[4000, 6000]",modelv1.0__2026-05-16 19:40:18
D:\moth_photos\database\batch_06\img_moth_00011901.jpg,"[4000, 6000]",modelv1.0__2026-05-16 19:40:18
D:\moth_photos\database\batch_06\img_moth_00011902.jpg,"[4000, 6000]",modelv1.0__2026-05-16 19:40:18
D:\moth_photos\database\batch_06\img_moth_00011903.jpg,"[4000, 6000]",modelv1.0__2026-05-16 19:40:18
D:\moth_photos\database\batch_06\img_moth_00011904.jpg,"[4000, 6000]",modelv1.0__2026-05-16 19:40:18
D:\moth_photos\database\batch_06\img_moth_00011905.jpg,"[4000, 6000]",modelv1.0__2026-05-16 19:40:18
D:\moth_photos\database\batch_06\img_moth_00011906.jpg,"[4000, 6000]",modelv1.0__2026-05-16 19:40:18
D:\moth_photos\database\batch_06\img_moth_00011907.jpg,"[4000, 6000]",modelv1.0__2026-05-16 19:40:18
D:\moth_photos\database\batch_06\img_moth_00011908.jpg,"[4000, 6000]",modelv1.0__2026-05-16 19:40:18
D:\moth_photos\database\batch_06\img_moth_00011909.jpg,"[4000, 6000]",modelv1.0__2026-05-16 19:40:18
D:\moth_photos\database\batch_06\img_moth_00011910.jpg,"[4000, 6000]",modelv1.0__2026-05-16 19:40:18
D:\moth_photos\database\batch_06\img_moth_00011911.jpg,"[4000, 6000]",modelv1.0__2026-05-16 19:40:18
D:\moth_photos\database\batch_06\img_moth_00011912.jpg,"[4000, 6000]",modelv1.0__2026-05-16 19:40:18
D:\moth_photos\database\batch_06\img_moth_00011913.jpg,"[4000, 6000]",modelv1.0__2026-05-16 19:40:18
D:\moth_photos\database\batch_06\img_moth_00011914.jpg,"[4000, 6000]",modelv1.0__2026-05-16 19:40:18
D:\moth_photos\database\batch_06\img_moth_00011915.jpg,"[4000, 6000]",modelv1.0__2026-05-16 19:40:18
D:\moth_photos\database\batch_06\img_moth_00011916.jpg,"[4000, 6000]",modelv1.0__2026-05-16 19:40:18
D:\moth_photos\database\batch_06\img_moth_00011917.jpg,"[4000, 6000]",modelv1.0__2026-05-16 19:40:18
D:\moth_photos\database\batch_06\img_moth_00011918.jpg,"[4000, 6000]",modelv1.0__2026-05-16 19:40:18
D:\moth_photos\database\batch_06\img_moth_00011919.jpg,"[4000, 6000]",modelv1.0__2026-05-16 19:40:18
D:\moth_photos\database\batch_06\img_moth_00011920.jpg,"[4000, 6000]",modelv1.0__2026-05-16 19:40:18
D:\moth_photos\database\batch_06\img_moth_00011921.jpg,"[4000, 6000]",modelv1.0__2026-05-16 19:40:18
D:\moth_photos\database\batch_06\img_moth_00011922.jpg,"[4000, 6000]",modelv1.0__2026-05-16 19:40:18
D:\moth_photos\database\batch_06\img_moth_00011923.jpg,"[4000, 6000]",modelv1.0__2026-05-16 19:40:18
D:\moth_photos\database\batch_06\img_moth_00011924.jpg,"[4000, 6000]",modelv1.0__2026-05-16 19:40:18
D:\moth_photos\database\batch_06\img_moth_00011925.jpg,"[4000, 6000]",modelv1.0__2026-05-16 19:40:18
D:\moth_photos\database\batch_06\img_moth_00011926.jpg,"[4000, 6000]",modelv1.0__2026-05-16 19:40:18
D:\moth_photos\database\batch_06\img_moth_00011927.jpg,"[4000, 6000]",modelv1.0__2026-05-16 19:40:18
D:\moth_photos\database\batch_06\img_moth_00011928.jpg,"[4000, 6000]",modelv1.0__2026-05-16 19:40:18
D:\moth_photos\database\batch_06\img_moth_00011929.jpg,"[4000, 6000]",modelv1.0__2026-05-16 19:40:18
D:\moth_photos\database\batch_06\img_moth_00011930.jpg,"[4000, 6000]",modelv1.0__2026-05-16 19:40:18
D:\moth_photos\database\batch_06\img_moth_00011931.jpg,"[4000, 6000]",modelv1.0__2026-05-16 19:40:18
D:\moth_photos\database\batch_06\img_moth_00011932.jpg,"[4000, 6000]",modelv1.0__2026-05-16 19:40:18
D:\moth_photos\database\batch_06\img_moth_00011933.jpg,"[4000, 6000]",modelv1.0__2026-05-16 19:40:18
D:\moth_photos\database\batch_06\img_moth_00011934.jpg,"[4000, 6000]",modelv1.0__2026-05-16 19:40:18
D:\moth_photos\database\batch_06\img_moth_00011935.jpg,"[4000, 6000]",modelv1.0__2026-05-16 19:40:18
D:\moth_photos\database\batch_06\img_moth_00011936.jpg,"[4000, 6000]",modelv1.0__2026-05-16 19:40:18
D:\moth_photos\database\batch_06\img_moth_00011937.jpg,"[4000, 6000]",modelv1.0__2026-05-16 19:40:18
D:\moth_photos\database\batch_06\img_moth_00011938.jpg,"[4000, 6000]",modelv1.0__2026-05-16 19:40:18
D:\moth_photos\database\batch_06\img_moth_00011939.jpg,"[4000, 6000]",modelv1.0__2026-05-16 19:40:18
D:\moth_photos\database\batch_06\img_moth_00011940.jpg,"[4000, 6000]",modelv1.0__2026-05-16 19:40:18
D:\moth_photos\database\batch_06\img_moth_00011941.jpg,"[4000, 6000]",modelv1.0__2026-05-16 19:40:18
D:\moth_photos\database\batch_06\img_moth_00011942.jpg,"[4000, 6000]",modelv1.0__2026-05-16 19:40:18
D:\moth_photos\database\batch_06\img_moth_00011943.jpg,"[4000, 6000]",modelv1.0__2026-05-16 19:40:18
D:\moth_photos\database\batch_06\img_moth_00011944.jpg,"[4000, 6000]",modelv1.0__2026-05-16 19:40:18
D:\moth_photos\database\batch_06\img_moth_00011945.jpg,"[4000, 6000]",modelv1.0__2026-05-16 19:40:18
D:\moth_photos\database\batch_06\img_moth_00011946.jpg,"[4000, 6000]",modelv1.0__2026-05-16 19:40:18
D:\moth_photos\database\batch_06\img_moth_00011947.jpg,"[4000, 6000]",modelv1.0__2026-05-16 19:40:18
D:\moth_photos\database\batch_06\img_moth_00011948.jpg,"[4000, 6000]",modelv1.0__2026-05-16 19:40:18
D:\moth_photos\database\batch_06\img_moth_00011949.jpg,"[4000, 6000]",modelv1.0__2026-05-16 19:40:18
D:\moth_photos\database\batch_06\img_moth_00011950.jpg,"[4000, 6000]",modelv1.0__2026-05-16 19:40:18
D:\moth_photos\database\batch_06\img_moth_00011951.jpg,"[4000, 6000]",modelv1.0__2026-05-16 19:40:18
D:\moth_photos\database\batch_06\img_moth_00011952.jpg,"[4000, 6000]",modelv1.0__2026-05-16 19:40:18
D:\moth_photos\database\batch_06\img_moth_00011953.jpg,"[4000, 6000]",modelv1.0__2026-05-16 19:40:18
D:\moth_photos\database\batch_06\img_moth_00011954.jpg,"[4000, 6000]",modelv1.0__2026-05-16 19:40:18
D:\moth_photos\database\batch_06\img_moth_00011955.jpg,"[4000, 6000]",modelv1.0__2026-05-16 19:40:18
D:\moth_photos\database\batch_06\img_moth_00011956.jpg,"[4000, 6000]",modelv1.0__2026-05-16 19:40:18
D:\moth_photos\database\batch_06\img_moth_00011957.jpg,"[4000, 6000]",modelv1.0__2026-05-16 19:40:18
D:\moth_photos\database\batch_06\img_moth_00011958.jpg,"[4000, 6000]",modelv1.0__2026-05-16 19:40:18
D:\moth_photos\database\batch_06\img_moth_00011959.jpg,"[4000, 6000]",modelv1.0__2026-05-16 19:40:18
D:\moth_photos\database\batch_06\img_moth_00011960.jpg,"[4000, 6000]",modelv1.0__2026-05-16 19:40:18
D:\moth_photos\database\batch_06\img_moth_00011961.jpg,"[4000, 6000]",modelv1.0__2026-05-16 19:40:18
D:\moth_photos\database\batch_06\img_moth_00011962.jpg,"[4000, 6000]",modelv1.0__2026-05-16 19:40:18
D:\moth_photos\database\batch_06\img_moth_00011963.jpg,"[4000, 6000]",modelv1.0__2026-05-16 19:40:18
D:\moth_photos\database\batch_06\img_moth_00011964.jpg,"[4000, 6000]",modelv1.0__2026-05-16 19:40:18
D:\moth_photos\database\batch_06\img_moth_00011965.jpg,"[4000, 6000]",modelv1.0__2026-05-16 19:40:18
D:\moth_photos\database\batch_06\img_moth_00011966.jpg,"[4000, 6000]",modelv1.0__2026-05-16 19:40:18
D:\moth_photos\database\batch_06\img_moth_00011967.jpg,"[4000, 6000]",modelv1.0__2026-05-16 19:40:18
D:\moth_photos\database\batch_06\img_moth_00011968.jpg,"[4000, 6000]",modelv1.0__2026-05-16 19:40:18
D:\moth_photos\database\batch_06\img_moth_00011969.jpg,"[4000, 6000]",modelv1.0__2026-05-16 19:40:18
D:\moth_photos\database\batch_06\img_moth_00011970.jpg,"[4000, 6000]",modelv1.0__2026-05-16 19:40:18
D:\moth_photos\database\batch_06\img_moth_00011971.jpg,"[4000, 6000]",modelv1.0__2026-05-16 19:40:18
D:\moth_photos\database\batch_06\img_moth_00011972.jpg,"[4000, 6000]",modelv1.0__2026-05-16 19:40:18
D:\moth_photos\database\batch_06\img_moth_00011973.jpg,"[4000, 6000]",modelv1.0__2026-05-16 19:40:18
D:\moth_photos\database\batch_06\img_moth_00011974.jpg,"[4000, 6000]",modelv1.0__2026-05-16 19:40:18
D:\moth_photos\database\batch_06\img_moth_00011975.jpg,"[4000, 6000]",modelv1.0__2026-05-16 19:40:18
D:\moth_photos\database\batch_06\img_moth_00011976.jpg,"[4000, 6000]",modelv1.0__2026-05-16 19:40:18
D:\moth_photos\database\batch_06\img_moth_00011977.jpg,"[4000, 6000]",modelv1.0__2026-05-16 19:40:18
D:\moth_photos\database\batch_06\img_moth_00011978.jpg,"[4000, 6000]",modelv1.0__2026-05-16 19:40:18
D:\moth_photos\database\batch_06\img_moth_00011979.jpg,"[4000, 6000]",modelv1.0__2026-05-16 19:40:18
D:\moth_photos\database\batch_06\img_moth_00011980.jpg,"[4000, 6000]",modelv1.0__2026-05-16 19:40:18
D:\moth_photos\database\batch_06\img_moth_00011981.jpg,"[4000, 6000]",modelv1.0__2026-05-16 19:40:18
D:\moth_photos\database\batch_06\img_moth_00011982.jpg,"[4000, 6000]",modelv1.0__2026-05-16 19:40:18
D:\moth_photos\database\batch_06\img_moth_00011983.jpg,"[4000, 6000]",modelv1.0__2026-05-16 19:40:18
D:\moth_photos\database\batch_06\img_moth_00011984.jpg,"[4000, 6000]",modelv1.0__2026-05-16 19:40:18
D:\moth_photos\database\batch_06\img_moth_00011985.jpg,"[4000, 6000]",modelv1.0__2026-05-16 19:40:18
D:\moth_photos\database\batch_06\img_moth_00011986.jpg,"[4000, 6000]",modelv1.0__2026-05-16 19:40:18
D:\moth_photos\database\batch_06\img_moth_00011987.jpg,"[4000, 6000]",modelv1.0__2026-05-16 19:40:18
D:\moth_photos\database\batch_06\img_moth_00011988.jpg,"[4000, 6000]",modelv1.0__2026-05-16 19:40:18
D:\moth_photos\database\batch_06\img_moth_00011989.jpg,"[4000, 6000]",modelv1.0__2026-05-16 19:40:18
D:\moth_photos\database\batch_06\img_moth_00011990.jpg,"[4000, 6000]",modelv1.0__2026-05-16 19:40:18
D:\moth_photos\database\batch_06\img_moth_00011991.jpg,"[4000, 6000]",modelv1.0__2026-05-16 19:40:18
D:\moth_photos\database\batch_06\img_moth_00011992.jpg,"[4000, 6000]",modelv1.0__2026-05-16 19:40:18
D:\moth_photos\database\batch_06\img_moth_00011993.jpg,"[4000, 6000]",modelv1.0__2026-05-16 19:40:18
D:\moth_photos\database\batch_06\img_moth_00011994.jpg,"[4000, 6000]",modelv1.0__2026-05-16 19:40:18
D:\moth_photos\database\batch_06\img_moth_00011995.jpg,"[4000, 6000]",modelv1.0__2026-05-16 19:40:18
D:\moth_photos\database\batch_06\img_moth_00011996.jpg,"[4000, 6000]",modelv1.0__2026-05-16 19:40:18
D:\moth_photos\database\batch_06\img_moth_00011997.jpg,"[4000, 6000]",modelv1.0__2026-05-16 19:40:18
D:\moth_photos\database\batch_06\img_moth_00011998.jpg,"[4000, 6000]",modelv1.0__2026-05-16 19:40:18
D:\moth_photos\database\batch_06\img_moth_00011999.jpg,"[4000, 6000]",modelv1.0__2026-05-16 19:40:18
D:\moth_photos\database\batch_06\img_moth_00012000.jpg,"[4000, 6000]",modelv1.0__2026-05-16 19:40:18
