file_name,image_size,tick_size,tag_text,tag_id_guess_m,tag_id_guess_h,inference_info
D:/moth_photos/database\batch_05\img_moth_00008001.jpg,"[4000, 6000]",37.52941176470588,"['2024\nDCR194\n', 'Photoaranhedby\nMEStessman\n', 'SanteeCoastalReserve\nCharlestonCoSC\n\nLez AFtetcher\nEf2UamesCane\n\n']","['2024\nDCR194\n', '', 'CR\nCC0C\n\n2C\n\n']","['2024\nC194\n', 'P\n', 'C\nCC0C\n\n2C\n\n']",modelv1.0__2026-05-17 06:45:08
D:/moth_photos/database\batch_05\img_moth_00008002.jpg,"[4000, 6000]",37.3921568627451,"['SanteeCoastalReserve\nCharlestonCoSC\n\nFletcher\n1Sraty JamesCane\n', '2024\nDCR195\n\nee\n', 'Photoaranhedbv\nMEStessman\n']","['CR\nCCC\n\n1 C\n', '2024\nDCR195\n', '']","['C\nCCC\n\n1 C\n', '2024\nC195\n', 'P\n']",modelv1.0__2026-05-17 06:45:08
D:/moth_photos/database\batch_05\img_moth_00008003.jpg,"[4000, 6000]",37.62745098039216,"['Photoaraohedby\nMEStessman\n2024\n\n', '2024\nDCR196\n\n', '']","['2024\n\n', '2024\nDCR196\n\n', '']","['P\n2024\n\n', '2024\nC196\n\n', '']",modelv1.0__2026-05-17 06:45:08
D:/moth_photos/database\batch_05\img_moth_00008004.jpg,"[4000, 6000]",37.450980392156865,"['SanteeCoastalReserve\nCharlestonCoSC\nAFletcher\n\nLe AB JamesCane\n', 'Photoaranhedbv\nMEStessman\n2024\n\n', '2024\nDCR197\n\nOa\n']","['CR\nCCC\n\n1 R C\n', '2024\n\n', '2024\nDCR197\n']","['C\nCCC\n\n1 C\n', 'P\n2024\n\n', '2024\nC197\n']",modelv1.0__2026-05-17 06:45:08
D:/moth_photos/database\batch_05\img_moth_00008005.jpg,"[4000, 6000]",37.490196078431374,"['2024\nDCR198\n', 'SanteeCoastalReserve\nCharlestonCoSC\n\nAFletth\nhepayJamesCane\n', 'Photoaraphedbv\nNEStessman\n2024\n\n']","['2024\nDCR198\n', 'CR\nCCC\n\nC\n', '2024\n\n']","['2024\nPC198\n', 'C\nCCC\n\nC\n', 'P\n2024\n\n']",modelv1.0__2026-05-17 06:45:08
D:/moth_photos/database\batch_05\img_moth_00008006.jpg,"[4000, 6000]",37.509803921568626,"['2024\nDCR199\n', 'SanteeCoastalReserve\nCharlestonCoSC\n\nAFletcher\nCSetgaames Cane\n', 'Photoaraohedbv\nMEStessman\n2024\n']","['2024\nDCR199\n', 'CR\nCC0C\n\nC C\n', '2024\n']","['2024\nC199\n', 'C\nCC0C\n\nC C\n', 'P\n2024\n']",modelv1.0__2026-05-17 06:45:08
D:/moth_photos/database\batch_05\img_moth_00008007.jpg,"[4000, 6000]",37.607843137254896,"['Photoaraphedby\nMEStessman\n2024\n', '2024\nDCR200\n', 'ees\nSanteeCoastalReserve\nCharlestonCoSC\nLY ey Pletcher\nvrib ey JamesCane\n\n']","['2024\n', '2024\nDCR200\n', 'CR\nCCC\n1\n2 C\n\n']","['P\n2024\n', '2024\nPC200\n', 'PC\nC\nCCC\n\n1 P\n2 C\n\n']",modelv1.0__2026-05-17 06:45:08
D:/moth_photos/database\batch_05\img_moth_00008008.jpg,"[4000, 6000]",37.607843137254896,"['MEStessman\n2024\n\n', 'Se\n2024\n\nDCR201\n\n', '']","['2024\n\n', '2024\n\nDCR201\n\n', '']","['2024\n\n', '2024\n\nC201\n\n', '']",modelv1.0__2026-05-17 06:45:08
D:/moth_photos/database\batch_05\img_moth_00008009.jpg,"[4000, 6000]",37.450980392156865,"['2024\nDCR202\n', 'MEStessman\n2024\n', 'Santee CoastalReserve\nCharleston Co\nAFletcher\n\nCGcesysames Cane\n']","['2024\nDCR202\n', '2024\n', 'CR\nC C\n\nC C\n']","['2024\nPC202\n', '2024\n', 'C\nC C\n\nC C\n']",modelv1.0__2026-05-17 06:45:08
D:/moth_photos/database\batch_05\img_moth_00008010.jpg,"[4000, 6000]",37.35294117647059,"['Photoaraphedtn\nMEStessman\n\n', '2024\nDCR203\n', 'SanteeCoastalReserve\nCharlestonCoSC\n25 A Fletcher\nfrfis4JamesCane\n\n']","['', '2024\nDCR203\n', 'CR\nCCC\n25\n4C\n\n']","['P\n\n', '2024\nPC203\n', 'C\nCCC\n25\n4C\n\n']",modelv1.0__2026-05-17 06:45:08
D:/moth_photos/database\batch_05\img_moth_00008011.jpg,"[4000, 6000]",37.549019607843135,"['2024\nDCR204\n', 'Santee Coastal Reserve\nCharlestonCoSC\n\n4 APletcher\nLresv JamesCane\n', 'Photoaraohedbv\nMEStessman\n2024\n']","['2024\nDCR204\n', 'C R\nCCC\n\n4\nC\n', '2024\n']","['2024\nPC204\n', 'C\nCCC\n\n4 P\nC\n', 'P\n2024\n']",modelv1.0__2026-05-17 06:45:08
D:/moth_photos/database\batch_05\img_moth_00008012.jpg,"[4000, 6000]",37.470588235294116,"['SanteeCoastalReserve\nChariestenCoSC\n\nEFLoPresti\nbears Cypress\n', '', 'SSs\n2024\nDCR205\ntF\n']","['CR\nCC0C\n\nC\n', '', '2024\nDCR205\n']","['C\nCC0C\n\nPP\nC\n', '', 'W\n2024\nC205\n']",modelv1.0__2026-05-17 06:45:08
D:/moth_photos/database\batch_05\img_moth_00008013.jpg,"[4000, 6000]",37.568627450980394,"['2024\nDCR206\n', 'z\n\ni\n\nr29\n\nus\n', 'SanteeCoastal Reserve\nCharlestonCoSC\n\n2be EFLoPresti\nFL Ores 24 Cypress\n']","['2024\nDCR206\n', '29\n', 'C R\nCC0C\n\n2\nC 24 C\n']","['2024\nPC206\n', '29\n', 'C\nCC0C\n\n2 P\nP C 24 C\n']",modelv1.0__2026-05-17 06:45:08
D:/moth_photos/database\batch_05\img_moth_00008014.jpg,"[4000, 6000]",37.68627450980392,"['2024\nDCR207\n', '', 'SanteeCoastalReserve\nCharlestonCoSC\n\nEFLOPresti\nLheg24Cypress\n\n']","['2024\nDCR207\n', '', 'CR\nCCC\n\n0\n24C\n\n']","['2024\nC207\n', '', 'C\nCCC\n\n0P\n24C\n\n']",modelv1.0__2026-05-17 06:45:08
D:/moth_photos/database\batch_05\img_moth_00008015.jpg,"[4000, 6000]",37.92156862745098,"['2024\nDCR208\n', 'SanteeCoastalReserve\nCharlestonCoSC\n\nEFRoPresti\n', '']","['2024\nDCR208\n', 'CR\nCCC\n\nR\n', '']","['2024\nPC208\n', 'C\nCCC\n\nP\n', '']",modelv1.0__2026-05-17 06:45:08
D:/moth_photos/database\batch_05\img_moth_00008016.jpg,"[4000, 6000]",37.72549019607843,"['SanteeCoastalReserve\nCharlestonCoSC\nLb FPoPresti\n\nbar Cypress\n', '2024\nDCR209\n', 'A\n\nby\n']","['CR\nCC0C\n1\n\nC\n', '2024\nDCR209\n', '3\n']","['C\nCC0C\n1 PP\n\nC\n', '2024\nPC209\n', '3\n']",modelv1.0__2026-05-17 06:45:08
D:/moth_photos/database\batch_05\img_moth_00008017.jpg,"[4000, 6000]",37.666666666666664,"['SanteeCoastalReserve\nCharlestaenCoSC\n\nEFLoPresti\nlg AAS 962674 Cypress\n', '', '2024\nDCR210\n\n']","['CR\nCCC\n\n962674 C\n', '', '2024\nDCR210\n\n']","['C\nCCC\n\nPP\n962674 C\n', '', '2024\nC210\n\n']",modelv1.0__2026-05-17 06:45:08
D:/moth_photos/database\batch_05\img_moth_00008018.jpg,"[4000, 6000]",37.64705882352941,"['2024\npcR211\n', '', '']","['2024\nDCR211\n', '', '']","['2024\nC211\n', '', '']",modelv1.0__2026-05-17 06:45:08
D:/moth_photos/database\batch_05\img_moth_00008019.jpg,"[4000, 6000]",37.490196078431374,"['', '2024\nDCR212\n', 'ee\nSantee CoastalReserve\nCharlestonCoSC\nEFLoPresti\n\nLb Cet Cypress\n']","['', '2024\nDCR212\n', 'CR\nCC0C\n\nC 4C\n']","['', '2024\nC212\n', 'C\nCC0C\nP\n\nC 4C\n']",modelv1.0__2026-05-17 06:45:08
D:/moth_photos/database\batch_05\img_moth_00008020.jpg,"[4000, 6000]",37.35294117647059,"['Santee CoastalReserve\nCharleston CoSC\nEF Lopresti\n\nUbrebiyCypress\na\n', 'e\n', '2024\nDCR213\n', 'Santee CoastalReserve\nCharleston CoSC\nE F Lore\nCypress\n']","['CR\nC CC\n\nC\n', '', '2024\nDCR213\n', 'CR\nC CC\nC\n']","['C\nC CC\nP\n\nC\n', '', '2024\nC213\n', 'C\nC CC\nC\n']",modelv1.0__2026-05-17 06:45:08
D:/moth_photos/database\batch_05\img_moth_00008021.jpg,"[4000, 6000]",37.509803921568626,"['SanteeCoastalReserve\nCharlestonCoSC\n\nEFLoPresti\nUb Feb Jeacypress\n', 'i\n\nMESia\nA\n\n', '2024\n\nDCR214\nBY\n']","['CR\nCC0C\n\n6\n', '', '2024\n\nDCR214\n']","['C\nCC0C\n\nP\n6 P\n', '', '2024\n\nC214\n']",modelv1.0__2026-05-17 06:45:08
D:/moth_photos/database\batch_05\img_moth_00008022.jpg,"[4000, 6000]",37.470588235294116,"['SanteeCoastalReserve\nCharlestenCoSC\n\nry om et\ntE Cypress\n', '2024\nDCR215\n', '']","['CR\nCC0C\n\n2\nC\n', '2024\nDCR215\n', '']","['C\nCC0C\n\n2\nC\n', '2024\nC215\n', '']",modelv1.0__2026-05-17 06:45:08
D:/moth_photos/database\batch_05\img_moth_00008023.jpg,"[4000, 6000]",37.490196078431374,"['SanteeCoastalReserve\nCharlestonCoSC\n76 EFLoPresti\nFe224Cypress\n', '2024\nl DCR216\n', '']","['CR\nCCC\n76\n224C\n', '2024\nDCR216\n', '']","['C\nCCC\n76 PP\n224C\n', '2024\nC216\n', '']",modelv1.0__2026-05-17 06:45:08
D:/moth_photos/database\batch_05\img_moth_00008024.jpg,"[4000, 6000]",37.74509803921569,"['Santee Coastal Reserve\nnares onCoSC\n\noPresti\nLbs Fee 24Cypress\n', '', '2024\nDCR217\n\n']","['C R\nC CC\n\n0\nC 24C\n', '', '2024\nDCR217\n\n']","['C\nC CC\n\n0P\nC 24C\n', '', '2024\nPC217\n\n']",modelv1.0__2026-05-17 06:45:08
D:/moth_photos/database\batch_05\img_moth_00008025.jpg,"[4000, 6000]",37.549019607843135,"['2024\nDCR218\n', 'Santee Coastal Reserve\n\nCharleston Ca\nLopresti\n\nEFL\nAbELEonre\n', '']","['2024\nDCR218\n', 'C R\n\nC C\n\nDR\n', '']","['2024\nPC218\n', 'C\n\nC C\nP\n', '']",modelv1.0__2026-05-17 06:45:08
D:/moth_photos/database\batch_05\img_moth_00008026.jpg,"[4000, 6000]",37.549019607843135,"['SanteeCoastalReserve\nCharlestonCoSC\n2b EFLoPresti\n\nFf Ly Cypress\n', '2024\nDCR219\n', '']","['CR\nCCC\n2\n\n1 C\n', '2024\nDCR219\n', '']","['C\nCCC\n2 P\n\n1 C\n', '2024\nC219\n', '']",modelv1.0__2026-05-17 06:45:08
D:/moth_photos/database\batch_05\img_moth_00008027.jpg,"[4000, 6000]",37.68627450980392,"['SanteeCoastalReserve\nCharilestonCoSC\nLoe E fh LoPresti\nrel 24Cypress\n', '2024\nDCR220\n', '']","['CR\nCCC\n24C\n', '2024\nDCR220\n', '']","['CP\nCCC\nP\n24C\n', '2024\nC220\n', '']",modelv1.0__2026-05-17 06:45:08
D:/moth_photos/database\batch_05\img_moth_00008028.jpg,"[4000, 6000]",37.549019607843135,"['santeeCoasialneserve\nCharlestonCoSC\n\nWEEfrtc\n', '2024\npcr224\n\n', '']","['C\nCCC\n\nD\n', '2024\nR224\n\n', '']","['C\nCCC\n\nW\n', '2024\n224\n\n', '']",modelv1.0__2026-05-17 06:45:08
D:/moth_photos/database\batch_05\img_moth_00008029.jpg,"[4000, 6000]",37.568627450980394,"['', '2024\nDCR222\n', 'eee\nSanteeCoastalReserve\nChartestonCoSC\nELoPresti\nr ed 744SandPit\nBA\n']","['', '2024\nDCR222\n', 'CC\nCR\nCC0C\n744\n\n8\n']","['', '2024\nC222\n', 'PC\nC\nCC0C\n\nP\n744P\n8\n']",modelv1.0__2026-05-17 06:45:08
D:/moth_photos/database\batch_05\img_moth_00008030.jpg,"[4000, 6000]",37.52941176470588,"['SanteeCoastalKeserve\nCharlestonCoSC\nEFLoPresti\n\nLOrEeb24SandPit\n', '2024\nDCR223\n', 'M\n\nsxe\n2024\n']","['C\nCCC\nD24R\n', '2024\nDCR223\n', '2024\n']","['C\nCCC\nP\n\n24P\n', '2024\nC223\n', '2024\n']",modelv1.0__2026-05-17 06:45:08
D:/moth_photos/database\batch_05\img_moth_00008031.jpg,"[4000, 6000]",37.450980392156865,"['', 'SanteeCoastalReserve\nChartestonCoSC\nEFL6Presti\nLBErz614SandPit\n', '2024\nDCR224\n\n']","['', 'CR\nCCC\n6\n614\n', '2024\nDCR224\n\n']","['', 'C\nCCC\n6P\n614P\n', '2024\nC224\n\n']",modelv1.0__2026-05-17 06:45:08
D:/moth_photos/database\batch_05\img_moth_00008032.jpg,"[4000, 6000]",37.72549019607843,"['', 'pA\nSanteeCoastal Reserve\n\nCharlestor CoSC\nEFU 6Presti\n\nwee ot SandPit\nt\n', '2024\n\nDCR225\n']","['', 'C R\n\nC C0C\n6\n', '2024\n\nDCR225\n']","['', 'C\n\nC C0C\n6P\n\nW P\n', '2024\n\nC225\n']",modelv1.0__2026-05-17 06:45:08
D:/moth_photos/database\batch_05\img_moth_00008033.jpg,"[4000, 6000]",37.58823529411765,"['2024\nDCR226\n', 'P\nEStessmen\nM 202A\n', 'SanteeCoastalReserve\nCharlestonCoSC\nEFLoPresti\n\nCBFEG24SandPit\n']","['2024\nDCR226\n', '2024\n', 'CR\nCCC\n\nC24\n']","['2024\nPC226\n', 'P\n2024\n', 'C\nCCC\nP\n\nC24P\n']",modelv1.0__2026-05-17 06:45:08
D:/moth_photos/database\batch_05\img_moth_00008034.jpg,"[4000, 6000]",37.70588235294117,"['', 'SanteeCoastalReserve\nCharlestanCoSC\nEFLoPresti\nLdree 4SandPit\n', '2024\nDCR227\n']","['', 'CR\nCCC\n4\n', '2024\nDCR227\n']","['', 'C\nCCC\nP\n4P\n', '2024\nPC227\n']",modelv1.0__2026-05-17 06:45:08
D:/moth_photos/database\batch_05\img_moth_00008035.jpg,"[4000, 6000]",37.568627450980394,"['SanteeCoastalReserve\nCharlestonCoSC\n4EFeoPresti\ncoreg LSandPit\n', 'Photoaranhedbr\nMEStessman\n2024\n', 'Sti\n2024\nDCR228\n\not\n']","['CR\nCCC\n4R\n', '2024\n', '2024\nDCR228\n']","['C\nCCC\n4P\nP\n', 'P\n2024\n', '2024\nC228\n']",modelv1.0__2026-05-17 06:45:08
D:/moth_photos/database\batch_05\img_moth_00008036.jpg,"[4000, 6000]",37.666666666666664,"['Photoaraphedby\nMEStessman\n2024\n', '2024\nDCR229\n\n1\n', 'SanteeCoastalReserve\nCharlestonCoSC\n\nEFLoPresti\n2Bre6 wt SandPit\n']","['2024\n', '2024\nDCR229\n\n1\n', 'CR\nCC0C\n\n286\n']","['P\n2024\n', '2024\nPC229\n\n1\n', 'C\nCC0C\n\nP\n286 P\n']",modelv1.0__2026-05-17 06:45:08
D:/moth_photos/database\batch_05\img_moth_00008037.jpg,"[4000, 6000]",37.68627450980392,"['Photoaraohedbr\nMEStessman\n2024\n', 'i\nSanteeCoastalReserve\nCharlestonCoSC\nfi EFkoPresti\n2OeER2ySandPit\nia\n', '2024\nDCR230\n']","['2024\n', 'CR\nCC0C\n2CR2\n', '2024\nDCR230\n']","['P\n2024\n', 'C\nCC0C\nP\n\n2C2P\n', '2024\nC230\n']",modelv1.0__2026-05-17 06:45:08
D:/moth_photos/database\batch_05\img_moth_00008038.jpg,"[4000, 6000]",37.92156862745098,"['', '2024\n\n', '']","['', '2024\n\n', '']","['', '2024\n\n', '']",modelv1.0__2026-05-17 06:45:08
D:/moth_photos/database\batch_05\img_moth_00008039.jpg,"[4000, 6000]",37.88235294117647,"['2024\nDCR232\n', '', 'SanteeCoastalReserve\nChas onCoSC\noPresti\nLBeeisa4SandPit\n']","['2024\nDCR232\n', '', 'CR\nC 0CC\n874\n']","['2024\nC232\n', '', 'C\nC 0CC\nP\n874P\n']",modelv1.0__2026-05-17 06:45:08
D:/moth_photos/database\batch_05\img_moth_00008040.jpg,"[4000, 6000]",37.58823529411765,"['SanteeCoastalReserve\nCharlestonCoSC\ndg EFLOPresti\n\nFEB74SandPit\n', '', '2024\n\n']","['CR\nCC0C\n\nR74\n', '', '2024\n\n']","['C\nCC0C\nP\n\n74P\n', '', '2024\n\n']",modelv1.0__2026-05-17 06:45:08
D:/moth_photos/database\batch_05\img_moth_00008041.jpg,"[4000, 6000]",37.509803921568626,"['SanteeCoastalReserve\nCharlestonCoSC\nx EFLOPresti\n\nFEBi4SandPit\n', '2024\nDCR233\n', 'Photoaraohedby\nNEStessman\n2024\n']","['CR\nCC0C\nR\n\nR4\n', '2024\nDCR233\n', '2024\n']","['CP\nCC0C\nP\n\n4P\n', '2024\nC233\n', 'P\n2024\n']",modelv1.0__2026-05-17 06:45:08
D:/moth_photos/database\batch_05\img_moth_00008042.jpg,"[4000, 6000]",37.88235294117647,"['2024\nDCR234\n', 'Photoaraphedbv\nMEStessman\n2024\n', 'eC\nSanteeCoastalReserve\nCharlestonCoSC\naa FCoPresti\nx2 SandPit\n']","['2024\nDCR234\n', '2024\n', 'CC\nCR\nCC0C\nCR\n2\n']","['2024\nC234\n', 'P\n2024\n', 'CC\n\nC\nCC0C\n\nCP\n\n2 P\n']",modelv1.0__2026-05-17 06:45:08
D:/moth_photos/database\batch_05\img_moth_00008043.jpg,"[4000, 6000]",37.450980392156865,"['Photoaraohedbv\n\n', '', '2024\nDCR235\n']","['', '', '2024\nDCR235\n']","['P\n\n', '', '2024\nC235\n']",modelv1.0__2026-05-17 06:45:08
D:/moth_photos/database\batch_05\img_moth_00008044.jpg,"[4000, 6000]",37.779999999999994,"['Photoaraphedby\nMEStessman\n2024\n\n', 'fl\nSanteeCoastalReserve\nCharlestgnCoSC\noEFLoPresti\nLy CLRsSandPit\n', '2024\nDCR236\n']","['2024\n\n', 'CR\nCCC\n2 CR\n', '2024\nDCR236\n']","['P\n2024\n\n', 'CP\nCCC\nPP\n2 CP\n', '2024\nPC236\n']",modelv1.0__2026-05-17 06:45:08
D:/moth_photos/database\batch_05\img_moth_00008045.jpg,"[4000, 6000]",37.62,"['2024\nDCR237\n', 'ee\n\nSanteeCoastalReserve\nCharlestonCoSC\n\n23 fe 624Sand Pit\n\n', 'Photoaraphedbx\nNEStessman\n2024\n']","['2024\nDCR237\n', 'CR\nCCC\n\n23 624\n\n', 'R\n2024\n']","['2024\nC237\n', 'C\nCCC\n\n23 624 P\n\n', 'P\n2024\n']",modelv1.0__2026-05-17 06:45:08
D:/moth_photos/database\batch_05\img_moth_00008046.jpg,"[4000, 6000]",37.839999999999996,"['2024\nDCR238\n', 'Photoaraohedb\nNEStessman\n2024\n', '']","['2024\nDCR238\n', '2024\n', '']","['2024\nC238\n', 'P\n2024\n', '']",modelv1.0__2026-05-17 06:45:08
D:/moth_photos/database\batch_05\img_moth_00008047.jpg,"[4000, 6000]",37.68,"['Photoaraphedby\nMEStessman\n2024\n', 'SanteeCoastalReserve\nCharlestonCoSC\nEFLoPresti\n\nldee BY SandPit\n', '2024\nDCR239\n']","['C\n2024\n', 'CR\nCCC\n\n2\n', '2024\nDCR239\n']","['P\nC\n2024\n', 'C\nCCC\nP\n\n2 P\n', '2024\nC239\n']",modelv1.0__2026-05-17 06:45:08
D:/moth_photos/database\batch_05\img_moth_00008048.jpg,"[4000, 6000]",37.779999999999994,"['Photoaraphedbtr\nMEStessman\n2024\n', 'Santee CoastalReserve\nCharlestanCoSC\nEFLoPresti\nZ4sSandPit\n', '2024\nDCR240\n']","['2024\n', 'CR\nCC0C\n24\n', '2024\nDCR240\n']","['P\n2024\n', 'CP\nCC0C\nP\n24P\n', '2024\nPC240\n']",modelv1.0__2026-05-17 06:45:08
D:/moth_photos/database\batch_05\img_moth_00008049.jpg,"[4000, 6000]",37.71999999999999,"['2024\nDCR241\n', 'SanteeCoastalReserve\nCharlestonCoSC\n\n292 E CBteyMazyck\n', 'Photoaraohedby\nMEStessman\n2024\n']","['2024\nDCR241\n', 'CR\nCCC\n\n292 C\n', '2024\n']","['2024\nC241\n', 'C\nCCC\n\n292 C\n', 'P\n2024\n']",modelv1.0__2026-05-17 06:45:08
D:/moth_photos/database\batch_05\img_moth_00008050.jpg,"[4000, 6000]",37.68,"['SanteeCoastalReserve\nCharlestgnCoSC\n\nyd ze Mecyck\n', '2024\nDCR242\n', 'Photoaraohedby\nMEStessman\n2024\n\n']","['CR\nCC0C\n', '2024\nDCR242\n', '2024\n\n']","['C\nCC0C\n', '2024\nPC242\n', 'P\n2024\n\n']",modelv1.0__2026-05-17 06:45:08
D:/moth_photos/database\batch_05\img_moth_00008051.jpg,"[4000, 6000]",37.839999999999996,"['SanteeCoastalReserve\nChartestopCoSC\n\nFLoPresti\nlbega LY Mazyck\n', 'Photoaraohedby\nMEStessman\n', '2024\nDCR243\n', 'ae\n']","['CR\nCC0C\n', '', '2024\nDCR243\n', '']","['C\nCC0C\n\nP\n', 'P\n', '2024\nC243\n', '']",modelv1.0__2026-05-17 06:45:08
D:/moth_photos/database\batch_05\img_moth_00008052.jpg,"[4000, 6000]",37.71999999999999,"['SanteeCoastalReserve\nCharlestonCoSC\nEFLoPresti\n\nBEsehex\n', '2024\nDCR244\n', 'Photoaraohedbyv\nMEStessman\n\n']","['CR\nCCC\n\nD\n', '2024\nDCR244\n', '']","['C\nCCC\nP\n', '2024\nC244\n', 'P\n\n']",modelv1.0__2026-05-17 06:45:08
D:/moth_photos/database\batch_05\img_moth_00008053.jpg,"[4000, 6000]",37.68,"['Photoaraohedbv\nMEStessman\n', 'SanteeCoastalReserve\nCharlestonCoSC\n\nEFLoPresti\n2c ERZYMazyck\n', '2024\nDCR245\n\n']","['', 'CR\nCCC\n\n2 R\n', '2024\nDCR245\n\n']","['P\n', 'C\nCCC\n\nP\n2\n', '2024\nC245\n\n']",modelv1.0__2026-05-17 06:45:08
D:/moth_photos/database\batch_05\img_moth_00008054.jpg,"[4000, 6000]",37.5,"['Photoaraohedbv\nMEStessman\n2024\n', '2024\nDCR246\n', 'SanteeCoastalReserve\nCharlestonCoSC\n\nUY EFLePresti\nSEKZYMazyck\n\n']","['2024\n', '2024\nDCR246\n', 'CR\nCCC\n\n2\nR24\n\n']","['P\n2024\n', '2024\nC246\n', 'C\nCCC\n\n2 P\n24\n\n']",modelv1.0__2026-05-17 06:45:08
D:/moth_photos/database\batch_05\img_moth_00008055.jpg,"[4000, 6000]",37.580000000000005,"['Photoaraohedbv\nMEStessman\n2024\n', 'Santee CoastalReserve\n\nCharlestonCo\n7 g EFSLoPresti\n2FeRryMazyck\n', '2024\nDCR247\n\nee\n']","['2024\n', 'CR\n\nCC\n7\n2R\n', '2024\nDCR247\n']","['P\n2024\n', 'C\n\nCC\n7 P\n2\n', '2024\nC247\n']",modelv1.0__2026-05-17 06:45:08
D:/moth_photos/database\batch_05\img_moth_00008056.jpg,"[4000, 6000]",37.760000000000005,"['2024\nDCR248\n', 'StFP\nSantee Coastal Reserve\nCharleston CoSC\nLF EF LdPresti\nOeEbT Mazyck\nee\n', 'Photoaraohedbv\nMEStessman\n2024\n\n']","['2024\nDCR248\n', 'C R\nC CC\nDR\n', '2024\n\n']","['2024\nPC248\n', 'P\nC\nC CC\nP\n', 'P\n2024\n\n']",modelv1.0__2026-05-17 06:45:08
D:/moth_photos/database\batch_05\img_moth_00008057.jpg,"[4000, 6000]",37.74,"['SanteeCoastalReserve\nCharlestonCoSC\n\nEFLoPresti\n', '2024\nDCR249\n', 'Photoaraphedbv\nMEStessman\n2024\n']","['CR\nCC0C\n\nR\n', '2024\nDCR249\n', '2024\n']","['CP\nCC0C\n\nP\n', '2024\nC249\n', 'P\n2024\n']",modelv1.0__2026-05-17 06:45:08
D:/moth_photos/database\batch_05\img_moth_00008058.jpg,"[4000, 6000]",37.7,"['Photoaraohedbv\nMEStessman\n2024\n', '2024\nDCR250\n\n', 'Vantee CoastalReserve\nCharleston CoSC\n4 As Ee F LoPrest\n\n']","['2024\n', '2024\nDCR250\n\n', 'CR\nC CC\n4\n\n']","['P\n2024\n', '2024\nC250\n\n', 'C\nC CC\n4 P\n\n']",modelv1.0__2026-05-17 06:45:08
D:/moth_photos/database\batch_05\img_moth_00008059.jpg,"[4000, 6000]",37.760000000000005,"['SanteeCoastalReserve\nCharleston CoSC\n\n52 ELF LoPresti\n\nc Drre aMazyck\n', 'Photoaraohedby\nMEStessman\n2024\n', '2024\nDCR251\n']","['CR\nC CC\n\n52\n\nD\n', '2024\n', '2024\nDCR251\n']","['C\nC CC\n52 P\n', 'P\n2024\n', '2024\nC251\n']",modelv1.0__2026-05-17 06:45:08
D:/moth_photos/database\batch_05\img_moth_00008060.jpg,"[4000, 6000]",37.46,"['SanteeCoastalReserve\nCharlestonCoSC\nre ELF LoPresti\nLY EERE 3Mazyck\n\n', 'Photoaraohedby\nMEStessman\n2024\n', '2024\nDCR252\n\n']","['CR\nCC0C\n2 R 3\n\n', '2024\n', '2024\nDCR252\n\n']","['C\nCC0C\nP P\n2 3\n\n', 'P\n2024\n', '2024\nPC252\n\n']",modelv1.0__2026-05-17 06:45:08
D:/moth_photos/database\batch_05\img_moth_00008061.jpg,"[4000, 6000]",37.68,"['2024\nDCR253\n\n', '', 'SanteeCoastalReserve\nCharlestonCoSC\nEFtoPresti\n']","['2024\nDCR253\n\n', '', 'CR\nCC0C\n']","['2024\nC253\n\n', '', 'C\nCC0C\nP\n']",modelv1.0__2026-05-17 06:45:08
D:/moth_photos/database\batch_05\img_moth_00008062.jpg,"[4000, 6000]",37.96,"['2024\nDCR254\n', 'SanteeCoastalReserve\nCharlestonCoSC\nEFLOPresti\n\nLBrEb 2YMazyck\n', '']","['2024\nDCR254\n', 'CR\nCCC\nR\n\n8 2\n', '']","['2024\nC254\n', 'C\nCCC\nP\n\n8 2\n', '']",modelv1.0__2026-05-17 06:45:08
D:/moth_photos/database\batch_05\img_moth_00008063.jpg,"[4000, 6000]",37.27450980392157,"['Photoaraohedb\nNEStessman\n', '2024\nDCR255\n', '']","['', '2024\nDCR255\n', '']","['P\n', '2024\nC255\n', '']",modelv1.0__2026-05-17 06:45:08
D:/moth_photos/database\batch_05\img_moth_00008064.jpg,"[4000, 6000]",37.31372549019608,"['2024\nDCR256\n', 'P man\nMEStess\n2024\n\n', '']","['2024\nDCR256\n', '2024\n\n', '']","['2024\nC256\n', 'P\n2024\n\n', '']",modelv1.0__2026-05-17 06:45:08
D:/moth_photos/database\batch_05\img_moth_00008065.jpg,"[4000, 6000]",37.779999999999994,"['2024\nDCR257\n', 'Photoaranhedbx\nMEStessman\n2024\n', 'SanteeCoastal Reserve\nCharleston CoSC\n\n7b As acest k\nrE he crubOa\n']","['2024\nDCR257\n', '2024\n', 'C R\nC CC\n\n76\nC0\n']","['2024\nC257\n', 'P\n2024\n', 'C\nC CC\n\n76\nC0\n']",modelv1.0__2026-05-17 06:45:08
D:/moth_photos/database\batch_05\img_moth_00008066.jpg,"[4000, 6000]",37.8,"['2024\nDCR258\n', 'll\nSantee Coastal Reserve\n\nCharleston CoSC\nEF LoPresti\n\nTL faRIN ScrubOak\n', 'Photoaraohedb\nMEStessman\n']","['2024\nDCR258\n', 'C R\n\nC CC\n\n7 R 0\n', '']","['2024\nC258\n', 'C\n\nC CC\nP\n\n7 0\n', 'P\n']",modelv1.0__2026-05-17 06:45:08
D:/moth_photos/database\batch_05\img_moth_00008067.jpg,"[4000, 6000]",37.92,"['Photoaraphedby\nMEStessman\n2024\n', '2024\nDCR259\n', '']","['2024\n', '2024\nDCR259\n', '']","['P\n2024\n', '2024\nC259\n', '']",modelv1.0__2026-05-17 06:45:08
D:/moth_photos/database\batch_05\img_moth_00008068.jpg,"[4000, 6000]",37.254901960784316,"['2024\nDCR260\n', '', 'eee\nSanteeCoastalReserve\nCharen CoSC\nFLoPresti\nq ae be We 72ScrubOak\naad d\n\nCae\n']","['2024\nDCR260\n', '', 'CC\nCR\nC CC\nR\n4 720\n\nC\n']","['2024\nPC260\n', '', 'CC\nC\nC CC\nPP\n4 W 720\n\nP\n']",modelv1.0__2026-05-17 06:45:08
D:/moth_photos/database\batch_05\img_moth_00008069.jpg,"[4000, 6000]",37.40384615384616,"['Photoaranhedby\nMEStessman\n2024\n', 'SanteeCoastalReserve\nChartestonCoSC\nEFLoPresti\n\nLbegey OrmondHail\n', '2024\nDCR261\n']","['C\n2024\n', 'CR\nCCC\n', '2024\nDCR261\n']","['P\nC\n2024\n', 'CP\nCCC\nP\n', '2024\nC261\n']",modelv1.0__2026-05-17 06:45:08
D:/moth_photos/database\batch_05\img_moth_00008070.jpg,"[4000, 6000]",37.666666666666664,"['2024\nDCR262\n', 'MEStessman\n2024\n\n', '']","['2024\nDCR262\n', '2024\n\n', '']","['2024\nC262\n', '2024\n\n', '']",modelv1.0__2026-05-17 06:45:08
D:/moth_photos/database\batch_05\img_moth_00008071.jpg,"[4000, 6000]",37.607843137254896,"['2024\nDCR263\n', 'ee\nSanteeCoastalReserve\nCharleston CoSC\n\nEFLoPresti\nLb CEbT4Ormond Hall\n', 'Photoaraphedby\nMEStessman\n2024\n']","['2024\nDCR263\n', 'CR\nC CC\n\nC84\n', '2024\n']","['2024\nC263\n', 'C\nC CC\n\nP\nC84\n', 'P\n2024\n']",modelv1.0__2026-05-17 06:45:08
D:/moth_photos/database\batch_05\img_moth_00008072.jpg,"[4000, 6000]",37.90196078431373,"['Photoaraphedbr\nMEStessman\n2024\n\n', '2024\nDCR264\n', '']","['2024\n\n', '2024\nDCR264\n', '']","['P\n2024\n\n', '2024\nC264\n', '']",modelv1.0__2026-05-17 06:45:08
D:/moth_photos/database\batch_05\img_moth_00008073.jpg,"[4000, 6000]",37.96,"['2024\nDCR265\n', 'MEStessman\n2024\n', 'SanteeCoastalReserve\nCharlestonEo0SC\n1 EFLoPresti\nCoeOrmondHall\nBT\n']","['2024\nDCR265\n', '2024\n', 'CR\nC0C\n1 R\nCC\nD\n']","['2024\nC265\n', '2024\n', 'C\nC0C\n\n1 P\n\nCC\n']",modelv1.0__2026-05-17 06:45:08
D:/moth_photos/database\batch_05\img_moth_00008074.jpg,"[4000, 6000]",37.450980392156865,"['Photoaraohedbx\nMEStessman\n2024\n', 'SanteeCoastal Reserve\nCharlestenCoSC\n2 if EFLoPresti\nAeLT OrmondHall\n', '2024\nDCR266\n', '']","['2024\n', 'C R\nCC0C\n2\nR\n', '2024\nDCR266\n', '']","['P\n2024\n', 'C\nCC0C\n2 P\n', '2024\nC266\n', '']",modelv1.0__2026-05-17 06:45:08
D:/moth_photos/database\batch_05\img_moth_00008075.jpg,"[4000, 6000]",37.52941176470588,"['SanteeCoastalReserve\nCharlestonCoSC\nEFGoPresti\nZ6FZ40rmondHall\n\n', 'MEStessman\n2024\n', '2024\nDCR267\n']","['CR\nCCC\n0\n762401\n\n', 'C\n2024\n', '2024\nDCR267\n']","['C\nCCC\n0P\n762401\n\n', 'C\n2024\n', '2024\nC267\n']",modelv1.0__2026-05-17 06:45:08
D:/moth_photos/database\batch_05\img_moth_00008076.jpg,"[4000, 6000]",37.92,"['SanteeCoastalReserve\nCharlestonCoSC\n\nEFLoPresti\nCbretn OrmondHall\n', 'Photoaranhedby\nMEStessman\n2024\n\n', '2024\nDCR268\n']","['CR\nCCC\n\nC6\n', '2024\n\n', '2024\nDCR268\n']","['C\nCCC\n\nP\nC6\n', 'P\n2024\n\n', '2024\nPC268\n']",modelv1.0__2026-05-17 06:45:08
D:/moth_photos/database\batch_05\img_moth_00008077.jpg,"[4000, 6000]",37.35294117647059,"['Photoaraohedbv\nMEStessman\n', '', '2024\nDCR269\n']","['', '', '2024\nDCR269\n']","['P\n', '', '2024\nC269\n']",modelv1.0__2026-05-17 06:45:08
D:/moth_photos/database\batch_05\img_moth_00008078.jpg,"[4000, 6000]",37.6,"['SanteeCoastalReserve\nOras CoSC\n\nEFLoPresti\nCore Z24OrmondHall\n', '2024\nDCR270\n', '']","['CR\nCC\n\nC 24\n', '2024\nDCR270\n', '']","['C\nCC\n\nP\nC 24\n', '2024\nC270\n', '']",modelv1.0__2026-05-17 06:45:08
D:/moth_photos/database\batch_05\img_moth_00008079.jpg,"[4000, 6000]",37.900000000000006,"['Photoaranhedbs\nMEStessman\n2024\n', 'bc\nSanteeCoastalReserve\nCharlestonCoSC\nEF LgPresti\nLhccad Ormond Hall\n', '2024\nDCR271\n']","['2024\n', 'CR\nCC0C\n1\n', '2024\nDCR271\n']","['P\n2024\n', 'C\nCC0C\nP\n1\n', '2024\nC271\n']",modelv1.0__2026-05-17 06:45:08
D:/moth_photos/database\batch_05\img_moth_00008080.jpg,"[4000, 6000]",37.31372549019608,"['SanteeCoastalReserve\nCharlestgnCoSC\nEFLoPresti\n\nlbrAax JOrmondHall\n', 'Photoaraohedbx\nMEStessman\n2024\n', '2024\nDCR272\n']","['CR\nCC0C\n', '2024\n', '2024\nDCR272\n']","['C\nCC0C\nP\n', 'P\n2024\n', '2024\nPC272\n']",modelv1.0__2026-05-17 06:45:08
D:/moth_photos/database\batch_05\img_moth_00008081.jpg,"[4000, 6000]",37.431372549019606,"['P\nMEStessman\n2024\n', '2024\nDCR273\n', 'SanteeCoastalReserve\nChareson CoSC\n\nEFCoPresti\ndbeee 24OrmondHall\n']","['2024\n', '2024\nDCR273\n', 'CR\nC CC\n\nC\nC 240\n']","['P\n2024\n', '2024\nC273\n', 'CP\nC CC\n\nCP\nC 240\n']",modelv1.0__2026-05-17 06:45:08
D:/moth_photos/database\batch_05\img_moth_00008082.jpg,"[4000, 6000]",37.96,"['SanteeCoastalReserve\nCharlestoreCoSC\n2h EFLoPresti\n\nFEEZYOrmondHall\n', '2024\n\nDCR274\n', 'Photoaranhedbx\nMEStessman\n2024\n']","['CR\nCCC\n2\n\n0\n', '2024\n\nDCR274\n', 'R\n2024\n']","['CP\nCCC\n2 PP\n\n0\n', '2024\n\nC274\n', 'P\n2024\n']",modelv1.0__2026-05-17 06:45:08
D:/moth_photos/database\batch_05\img_moth_00008083.jpg,"[4000, 6000]",37.92,"['SanteeCoastalReserve\nChartestonCoSC\nEF foPresti\n\nab rengyormond Hall\n', '2024\npcR279\n', 'Photoaraohedbx\nMEStessman\n2024\n']","['CR\nCC0C\n\n4\n', '2024\nR279\n', '2024\n']","['C\nCC0C\nP\n\n4\n', '2024\n279\n', 'P\n2024\n']",modelv1.0__2026-05-17 06:45:08
D:/moth_photos/database\batch_05\img_moth_00008084.jpg,"[4000, 6000]",37.31372549019608,"['2024\nDCR276\n', 'Photoaraohedty\nMEStessman\n2024\n\n', 'ee\nSanteeCoastalReserve\nCharlestonCoSC\nEFLoPresti\n2 big fsOrmond Hall\n']","['2024\nDCR276\n', '2024\n\n', 'CR\nCCC\n2 0\n']","['2024\nPC276\n', 'P\n2024\n\n', 'CP\nCCC\nP\n2 0\n']",modelv1.0__2026-05-17 06:45:08
D:/moth_photos/database\batch_05\img_moth_00008085.jpg,"[4000, 6000]",37.35294117647059,"['Photographedty\nMEStessman\n2024\n', 'Santee CoastalReserve\nCharlestonCoSC\nOF EFeLoPresti\n\nFE4OrmondHall\n', '2024\nDCR277\n']","['2024\n', 'CR\nCC0C\n\n4\n', '2024\nDCR277\n']","['P\n2024\n', 'C\nCC0C\nP P\n\n4\n', '2024\nC277\n']",modelv1.0__2026-05-17 06:45:08
D:/moth_photos/database\batch_05\img_moth_00008086.jpg,"[4000, 6000]",37.35294117647059,"['2024\nDCR278\n', 'SanteeCoastalReserve\nCharlestonCoSC\nEFLoPresti\n2 Y OrmondHall\n', 'Photoaraohedbx\nMEStessman\n']","['2024\nDCR278\n', 'CR\nCC0C\n2\n', '']","['2024\nPC278\n', 'C\nCC0C\nP\n2\n', 'P\n']",modelv1.0__2026-05-17 06:45:08
D:/moth_photos/database\batch_05\img_moth_00008087.jpg,"[4000, 6000]",37.3921568627451,"['2024\nDCR279\n', 'Photoaraohedbyv\nMEStessman\n2024\n', 'SanteeCoastalReserve\nChariestonCoSC\nELFRoPresti\nZueOrmondHall\n']","['2024\nDCR279\n', '2024\n', 'CR\nCCC\nR\n']","['2024\nC279\n', 'P\n2024\n', 'CP\nCCC\nPP\n']",modelv1.0__2026-05-17 06:45:08
D:/moth_photos/database\batch_05\img_moth_00008088.jpg,"[4000, 6000]",37.254901960784316,"['2024\nDCR280\n', 'SanteeCoastalReserve\nChartestonCoSC\n\n2bEF LoPresti\nB2yOrmondHall\n', '']","['2024\nDCR280\n', 'CR\nCCC\n\n26\nR2C\n', '']","['2024\nPC280\n', 'C\nCCC\n\n26 P\n2C\n', '']",modelv1.0__2026-05-17 06:45:08
D:/moth_photos/database\batch_05\img_moth_00008089.jpg,"[4000, 6000]",37.7,"['bw\nMEStessman\n\n', 'SanteeCoastalReserve\nCharlestonCoSC\nEFLoPresti\n\neOrmondHall\n\n', '']","['C\n\n', 'CR\nCCC\n\n', '']","['C\n\n', 'C\nCCC\nP\n\n', '']",modelv1.0__2026-05-17 06:45:08
D:/moth_photos/database\batch_05\img_moth_00008090.jpg,"[4000, 6000]",37.559999999999995,"['2024\nDCR282\n', 'SanteeCoastalReserve\nCharlestonCoSC\nEFLoPresti\nCbFeh2y OrmondHall\n', 'MEStessman\n2024\n\n']","['2024\nDCR282\n', 'CR\nCC0C\nC2\n', '2024\n\n']","['2024\nC282\n', 'C\nCC0C\nP\nC2\n', '2024\n\n']",modelv1.0__2026-05-17 06:45:08
D:/moth_photos/database\batch_05\img_moth_00008091.jpg,"[4000, 6000]",37.52,"['Photoaranhedbv\nMEStessman\n', '2024\nDCR283\n', '']","['', '2024\nDCR283\n', '']","['P\n', '2024\nC283\n', '']",modelv1.0__2026-05-17 06:45:08
D:/moth_photos/database\batch_05\img_moth_00008092.jpg,"[4000, 6000]",37.580000000000005,"['2024\nDCR284\n', 'Photoaraohedbv\nMEStessman\n2024\n', '']","['2024\nDCR284\n', '2024\n', '']","['2024\nPC284\n', 'P\n2024\n', '']",modelv1.0__2026-05-17 06:45:08
D:/moth_photos/database\batch_05\img_moth_00008093.jpg,"[4000, 6000]",37.62,"['hotoaranhedDN\nOLEStessman\n2024\n', 'SanteeCoastalReserve\nCharlestonCoSC\n71EFLoPresti\n\na\nOE82OrmondHall\n\ne\n', '5\n1B\n35\nLoc\n\n']","['D\n2024\n', 'CR\nCC0C\n71\n\n882\n', '5\n1\n35\n0\n\n']","['2024\n', 'C\nCC0C\n71P\n\n882\n', '5\n1\n35\n0\n\n']",modelv1.0__2026-05-17 06:45:08
D:/moth_photos/database\batch_05\img_moth_00008094.jpg,"[4000, 6000]",37.839999999999996,"['', 'SanteeCoastafReserve\nCharlesjonCoSC\nEFLoPresti\nF632OrmondHall\n', '2024\n\nDCR286\n\n']","['', 'CR\nCCC\n6320\n', '2024\n\nDCR286\n\n']","['', 'C\nCCC\nP\n6320\n', '2024\n\nPC286\n\n']",modelv1.0__2026-05-17 06:45:08
D:/moth_photos/database\batch_05\img_moth_00008095.jpg,"[4000, 6000]",37.82,"['2024\nDCR287\n', '', 'ar\nSantee CoastalReserve\nCharleston CoSC\n\nLb EFLoPresti\ngehyOrmond Hall\n']","['2024\nDCR287\n', '', 'CR\nC CC\n\n1\n']","['2024\nPC287\n', '', 'C\nC CC\n\n1 P\n']",modelv1.0__2026-05-17 06:45:08
D:/moth_photos/database\batch_05\img_moth_00008096.jpg,"[4000, 6000]",37.62,"['', '2024\nDCR288\n', '']","['', '2024\nDCR288\n', '']","['', '2024\nC288\n', '']",modelv1.0__2026-05-17 06:45:08
D:/moth_photos/database\batch_05\img_moth_00008097.jpg,"[4000, 6000]",37.74,"['2024\nDCR289\n\n', '', '']","['2024\nDCR289\n\n', '', '']","['2024\nPC289\n\n', '', '']",modelv1.0__2026-05-17 06:45:08
D:/moth_photos/database\batch_05\img_moth_00008098.jpg,"[4000, 6000]",37.96,"['', '2024\nDCR290\n', 'SanteeCoastalReserve\nCharlestonCoSC\n3 El F oPresti\n\n4\n\n028OrmondHall\n']","['', '2024\nDCR290\n', 'CR\nCC0C\n3 0\n\n4\n\n028\n']","['', '2024\nC290\n', 'C\nCC0C\n3 0P\n\n4\n\n028\n']",modelv1.0__2026-05-17 06:45:08
D:/moth_photos/database\batch_05\img_moth_00008099.jpg,"[4000, 6000]",37.411764705882355,"['', '2024\nDCR290\n', 'SanteeCoastalReserve\nCharlestonCoSC\n7 EFJoPresti\nfe8OrmondHall\n']","['', '2024\nDCR290\n', 'CR\nCC0C\n7 0\n8\n']","['', '2024\nC290\n', 'C\nCC0C\n7 0P\n8\n']",modelv1.0__2026-05-17 06:45:08
D:/moth_photos/database\batch_05\img_moth_00008100.jpg,"[4000, 6000]",37.62,"['SanteeCoastalReserve\nCharleston Lo SC\n\nEFLoPresti\nlorea ZyOrmondHall\n', '', '2024\nDCR291\n']","['CR\nC C\n\n2\n', '', '2024\nDCR291\n']","['C\nC C\n\nP\n2\n', '', '2024\nC291\n']",modelv1.0__2026-05-17 06:45:08
D:/moth_photos/database\batch_05\img_moth_00008101.jpg,"[4000, 6000]",37.46,"['2024\nDCR292\n', '', '']","['2024\nDCR292\n', '', '']","['2024\nC292\n', '', '']",modelv1.0__2026-05-17 06:45:08
D:/moth_photos/database\batch_05\img_moth_00008102.jpg,"[4000, 6000]",37.559999999999995,"['te\nSantee Coastal Reserve\nCharleston Co\n\n2orEbz LoPresti\nFi gormone Ormond Hall\n', '', '2024\nDCR294\n\n']","['C R\nC C\n\n22\n', '', '2024\nDCR294\n\n']","['C\nC C\n\n22 P\n', '', '2024\nC294\n\n']",modelv1.0__2026-05-17 06:45:08
D:/moth_photos/database\batch_05\img_moth_00008103.jpg,"[4000, 6000]",37.294117647058826,"['SanteeCoastalKeserve\nCharleston CoSC\nEF LoPresti\n\nE6LYOrmond Hall\n', 'Photogranhedbi\nMEStessman\n2024\n', '']","['C\nC CC\n6101\n', '2024\n', '']","['C\nC CC\nP\n\n6101\n', 'P\n2024\n', '']",modelv1.0__2026-05-17 06:45:08
D:/moth_photos/database\batch_05\img_moth_00008104.jpg,"[4000, 6000]",37.71999999999999,"['2024\nDCR296\n', 'Photoaraphedb\nNEStessman\n2024\n', '']","['2024\nDCR296\n', '2024\n', '']","['2024\nPC296\n', 'P\n2024\n', '']",modelv1.0__2026-05-17 06:45:08
D:/moth_photos/database\batch_05\img_moth_00008105.jpg,"[4000, 6000]",37.490196078431374,"['Photoaranhedbr\nMEStessman\n2024\n', '2024\nDCR297\n', 'SanteeCoastalReserve\nCharlestonCoSC\n\nEFPoPresti\nebeeBEormond Hall\n']","['2024\n', '2024\nDCR297\n', 'CR\nCCC\n\nR\n']","['P\n2024\n', '2024\nPC297\n', 'C\nCCC\n\nPP\n']",modelv1.0__2026-05-17 06:45:08
D:/moth_photos/database\batch_05\img_moth_00008106.jpg,"[4000, 6000]",37.52,"['SanteeCoastalReserve\nCharlestonCoSC\nEFCoPresti\n\n2ZYOrmondHall\n', '2024\nDCR298\n', 'Photoaranhedbr\nMEStessman\n2024\n']","['CR\nCC0C\nC0\n\n2C\n', '2024\nDCR298\n', '2024\n']","['C\nCC0C\nC0P\n\n2C\n', '2024\nPC298\n', 'P\nW\n2024\n']",modelv1.0__2026-05-17 06:45:08
D:/moth_photos/database\batch_05\img_moth_00008107.jpg,"[4000, 6000]",37.74,"['tstee\nSantee GoastalReservs\n\nCharleston CoSC\noPresti\n\nEFL\nLbe OrmondHall\n', '2024\npcR299\n', 'Photoaranhedbr\nMEStessmar\n2024\n']","['CR\n\nC CC\n0\n', '2024\nDCR299\n', '2024\n']","['C\n\nC CC\n0P\n\nP\n', '2024\nC299\n', 'P\n2024\n']",modelv1.0__2026-05-17 06:45:08
D:/moth_photos/database\batch_05\img_moth_00008108.jpg,"[4000, 6000]",37.71999999999999,"['2024\n\nDCR300\n', 'Photoaraphedbn\nMEStessman\n2024\n', 'SanteeCoastal Reserve\nCharlestorCo Sc\nEFLoPresti\nZyOrmondHall\n']","['2024\n\nDCR300\n', '2024\n', 'C R\nCC0 C\n2\n']","['2024\n\nC300\n', 'P\n2024\n', 'C\nCC0 C\nP\n2\n']",modelv1.0__2026-05-17 06:45:08
D:/moth_photos/database\batch_05\img_moth_00008109.jpg,"[4000, 6000]",37.88,"['Photoaraohedbi\nMEStessman\n2024\n', '2024\nDCR301\n', '']","['2024\n', '2024\nDCR301\n', '']","['P\n2024\n', '2024\nC301\n', '']",modelv1.0__2026-05-17 06:45:08
D:/moth_photos/database\batch_05\img_moth_00008110.jpg,"[4000, 6000]",37.62,"['2024\nDCR302\n', 'SanteeCoastalReserve\nCharlestonCoSC\ntb EFLoPresti\nFyf24OrmondHall\n', 'Photoaraohedbv\nMEStessman\n2024\n']","['2024\nDCR302\n', 'CR\nCCC\n24C\n', '2024\n']","['2024\nC302\n', 'C\nCCC\nP\n24C\n', 'P\n2024\n']",modelv1.0__2026-05-17 06:45:08
D:/moth_photos/database\batch_05\img_moth_00008111.jpg,"[4000, 6000]",37.92,"['2024\nDCR303\n', 'bn\nMEStessman\n2024\n', 'ee\nSanteeCoastalReserve\nCharlestonCoSC\nEFLoPresti\nSa4SyOrmondHall\nee\n']","['2024\nDCR303\n', '2024\n', 'CR\nCC0C\n4\n']","['2024\nC303\n', '2024\n', 'C\nCC0C\nP\n4\n']",modelv1.0__2026-05-17 06:45:08
D:/moth_photos/database\batch_05\img_moth_00008112.jpg,"[4000, 6000]",37.7,"['SanteeCoastalReserve\nCharlesgonCoSC\n2be EFLoPresti\nrE625yOrmondHall\n', '2024\nDCR304\n', 'bn\nMEStessman\n2024\n']","['CR\nCC0C\n2 R\n6257\n', '2024\nDCR304\n', 'D\n2024\n']","['C\nCC0C\n2 P\n6257\n', '2024\nC304\n', '2024\n']",modelv1.0__2026-05-17 06:45:08
D:/moth_photos/database\batch_05\img_moth_00008113.jpg,"[4000, 6000]",37.68,"['SanteeCoastalReserve\nCharlestonCoSC\n\nLb6 EF LoPresti\ndiel OrmondHall\n', '2024\nDCR305\n', 'Photoaraphedb1\nMEStessman\n2024\n']","['CR\nCCC\n\n66\n', '2024\nDCR305\n', '1\n2024\n']","['C\nCCC\n\n66 P\n', '2024\nC305\n', 'P1\n2024\n']",modelv1.0__2026-05-17 06:45:08
D:/moth_photos/database\batch_05\img_moth_00008114.jpg,"[4000, 6000]",37.94,"['2024\nDCR306\n', 'SanteeCoastalReserve\nChartestonCoSC\n74 EFsLoPresti\noS SERN GatorRoad\n', 'Photoaraohedbr\nMEStessmar\n']","['2024\nDCR306\n', 'CR\nCC0C\n74\n4 3R R\n', '']","['2024\nC306\n', 'C\nCC0C\n74 P\n4 3\n', 'P\n']",modelv1.0__2026-05-17 06:45:08
D:/moth_photos/database\batch_05\img_moth_00008115.jpg,"[4000, 6000]",37.86,"['Photoaranhedb\nMEStessman\n2024\n', 'eC\nSanteeCoastalReserve\nCharlestonCoSC\nEFLoPresti\nGatorRoad\n', '2024\nDCR307\n\n']","['2024\n', 'CC\nCR\nCC0C\nR\n', '2024\nDCR307\n\n']","['P\n2024\n', 'CC\nC\nCC0C\nP\nP\n', '2024\nC307\n\n']",modelv1.0__2026-05-17 06:45:08
D:/moth_photos/database\batch_05\img_moth_00008116.jpg,"[4000, 6000]",37.779999999999994,"['2024\nDCR308\n', 'Photoaranhedbs\nMEStessman\n2024\n', 'ee\nSanteeCoastalReserve\nCharlestonCoSC\nEFPoPresti\ne4GatorRoad\nnl\n']","['2024\nDCR308\n', '2024\n', 'CR\nCCC\n4R\n']","['2024\nC308\n', 'P\n2024\n', 'C\nCCC\nPP\n4\n']",modelv1.0__2026-05-17 06:45:08
D:/moth_photos/database\batch_05\img_moth_00008117.jpg,"[4000, 6000]",37.660000000000004,"['2024\nDCR309\n', 'bn\nMEStessman\n2024\n', 'Santee CoastalReserve\nCharleston CoSC\nOzESF LoPresti\n\naesGator Road\n']","['2024\nDCR309\n', '2024\n', 'CR\nC CC\nC\n\nR\n']","['2024\nPC309\n', 'W\n2024\n', 'C\nC CC\nC P\n']",modelv1.0__2026-05-17 06:45:08
D:/moth_photos/database\batch_05\img_moth_00008118.jpg,"[4000, 6000]",37.82,"['le\nMEStessman\n', '2024\nDCR310\n', '']","['', '2024\nDCR310\n', '']","['', '2024\nPC310\n', '']",modelv1.0__2026-05-17 06:45:08
D:/moth_photos/database\batch_05\img_moth_00008119.jpg,"[4000, 6000]",37.294117647058826,"['SanteeCoastalReserve\nCharlestonCoSC\n\nCret EFLPresti\nFeevGatorRoad\n', 'Photoaraphedbn\nMEStessman\n2024\n', '2024\nDCR311\n']","['CR\nCC0C\n\nC\nCR\n', '2024\n', '2024\nDCR311\n']","['C\nCC0C\n\nC P\nC\n', 'P\n2024\n', '2024\nPC311\n']",modelv1.0__2026-05-17 06:45:08
D:/moth_photos/database\batch_05\img_moth_00008120.jpg,"[4000, 6000]",37.35294117647059,"['SanteeCoastalReserve\nCharlastonCoSC\ns rv EFLoPresti\nCFf8GatorRoad\n', 'Photoaraohedbr\nMEStessman\n2024\n', '2024\nDCR312\n\n']","['CR\nCC0C\nC8CR\n', 'C\n2024\n', '2024\nDCR312\n\n']","['C\nCC0C\nP\nC8C\n', 'P\nC\n2024\n', '2024\nC312\n\n']",modelv1.0__2026-05-17 06:45:08
D:/moth_photos/database\batch_05\img_moth_00008121.jpg,"[4000, 6000]",37.431372549019606,"['SanteeCoastalReserve\nCharlestonCoSC\nEFLoPresti\nUweg6S4GatorRoad\n', '2024\nOCR313\n', 'Photoaranhedb\nMEStessman\n2024\n']","['CR\nCCC\nR\n64R\n', '2024\nDCR313\n', '2024\n']","['C\nCCC\nPP\n64\n', '2024\nC313\n', 'P\n2024\n']",modelv1.0__2026-05-17 06:45:08
D:/moth_photos/database\batch_05\img_moth_00008122.jpg,"[4000, 6000]",37.559999999999995,"['Photoaraohedb\nMEStessman\n2024\n', '2024\nDCR314\n', 'Le\nSanteeCoastalReserve\nCharlestonCoSC\nEFLoPresti\nGatorRoad\nSe\n']","['2024\n', '2024\nDCR314\n', 'CR\nCCC\nR\nC\n']","['P\nW\n2024\n', '2024\nC314\n', 'C\nCCC\nP\nC\n']",modelv1.0__2026-05-17 06:45:08
D:/moth_photos/database\batch_05\img_moth_00008123.jpg,"[4000, 6000]",37.86,"['bn\nMEStessman\n2024\n', 'Sittt\n\n2024\nDCR315\n', 'SanteeCoastalReserve\nCharlestonCoSC\n57FLoPresti\nc GatorRoad\n']","['2024\n', '2024\nDCR315\n', 'CR\nCC0C\n57\nR\n']","['W\n2024\n', '2024\nC315\n', 'C\nCC0C\n57PP\n']",modelv1.0__2026-05-17 06:45:08
D:/moth_photos/database\batch_05\img_moth_00008124.jpg,"[4000, 6000]",37.7,"['Photoaraohedbr\nMEStessman\n2024\n', '2024\nDCR316\n', 'SanteeCoastalReserve\n\nCharlestonCoSC\nEFLOPresti\nlhe vofewiGatorRoad\n']","['2024\n', '2024\nDCR316\n', 'CR\n\nCCC\n8\nR\n']","['P\n2024\n', '2024\nC316\n', 'C\n\nCCC\n8P\n']",modelv1.0__2026-05-17 06:45:08
D:/moth_photos/database\batch_05\img_moth_00008125.jpg,"[4000, 6000]",37.7,"['Photoaranhedby\nMEStessman\n2024\n', '2024\nDCR317\n', 'SanteeCoastalReserve\nCharlestonCoSC\nSs EFLoPresti\no i FTHGatorRoad\n']","['2024\n', '2024\nDCR317\n', 'CR\nCCC\nR\n']","['P\nW\n2024\n', '2024\nC317\n', 'CP\nCCC\nPP\n']",modelv1.0__2026-05-17 06:45:08
D:/moth_photos/database\batch_05\img_moth_00008126.jpg,"[4000, 6000]",38.0,"['2024\nDCR318\n', 'Photoaranhedbi\nMEStessman\n2024\n', 'ss Re ese\n024\n\ncr\nwre\n\n']","['2024\nDCR318\n', '1\n2024\n', 'R\n024\n\n']","['2024\nPC318\n', 'P1\n2024\n', '024\n\n']",modelv1.0__2026-05-17 06:45:08
D:/moth_photos/database\batch_05\img_moth_00008127.jpg,"[4000, 6000]",37.779999999999994,"['Photocranthedba\nMEStessman\ny092\n', '2024\nDCR319\n', 'OULU\nSanteeCoastalReserve\n\nCharlestonCoSC\n22 EFYoPresti\n\nOME gAGatorRoad\n']","['092\n', '2024\nDCR319\n', 'CR\n\nCCC\n22\n\nCR\n']","['P\n092\n', '2024\nC319\n', 'C\n\nCCC\n22 P\n\nWW C\n']",modelv1.0__2026-05-17 06:45:08
D:/moth_photos/database\batch_05\img_moth_00008128.jpg,"[4000, 6000]",37.294117647058826,"['2024\nDCR320\n', 'Photodraohedbi\nMEStessman\n2024\n', 'SanteeCoastalReserve\nCharlestonCoSC\nEFLoPresti\n\nyoteGator Road\n\nvs\n\n7\n']","['2024\nDCR320\n', '2024\n', 'CR\nCCC\n1 R\n\n7\n']","['2024\nC320\n', 'P\n2024\n', 'C\nCCC\nP\n\nW1\n\n7\n']",modelv1.0__2026-05-17 06:45:08
D:/moth_photos/database\batch_05\img_moth_00008129.jpg,"[4000, 6000]",37.74,"['2024\nDCR321\n', 'Pp ie\nMEStessman\n2024\n', 'SanteeCoastalReserve\nCharleston CoSC\nPa F F LoPresti\nCc a4 GatorRoad\n']","['2024\nDCR321\n', '2024\n', 'CR\nC CC\nC 4 R\n']","['2024\nC321\n', 'P\n2024\n', 'C\nC CC\nP P\nC 4\n']",modelv1.0__2026-05-17 06:45:08
D:/moth_photos/database\batch_05\img_moth_00008130.jpg,"[4000, 6000]",38.02,"['Photoaranhedbr\nMEStessman\n2024\n', 'SanteeCoastalReserve\nCharlestgn CoSC\n\n2 Ae EFLoPresti\nFOES sy Cypress\n\n', '']","['2024\n', 'CR\nC CC\n\n2\nC\n\n', '']","['P\n2024\n', 'C\nC CC\n\n2 P\nP C\n\n', '']",modelv1.0__2026-05-17 06:45:08
D:/moth_photos/database\batch_05\img_moth_00008131.jpg,"[4000, 6000]",37.3921568627451,"['Photoaranhedba\nMEStessman\ny007\n', 'SanteeCoastaiReserve\nCharlestonCoSC\n\n29 ai LOPresti\nFEG1UCypress\n', '2024\nDCR323\n']","['C\n007\n', 'CR\nCCC\n29\n14C\n', '2024\nDCR323\n']","['P\nC\n007\n', 'C\nCCC\n\n29 P\n14C\n', '2024\nC323\n']",modelv1.0__2026-05-17 06:45:08
D:/moth_photos/database\batch_05\img_moth_00008132.jpg,"[4000, 6000]",37.980000000000004,"['Photoaranhedb\nMEStessman\n2024\n', 'SanteeCoastalReserve\nCharlestonCoSC\n2ELFLoPresti\n', '2024\nDCR324\n']","['2024\n', 'CR\nCCC\n2\n', '2024\nDCR324\n']","['P\n2024\n', 'CP\nCCC\n2P\n', '2024\nC324\n']",modelv1.0__2026-05-17 06:45:08
D:/moth_photos/database\batch_05\img_moth_00008133.jpg,"[4000, 6000]",37.82,"['Photoaranhedbv\nMEStessman\n2024\n', 'SanteeCoastalReserve\nCharlestonCoSC\nEFLoPresti\n\nRe a gt teCypress\n', '2024\nDCR325\n']","['2024\n', 'CR\nCC0C\nR 2 C\n', '2024\nDCR325\n']","['P\nW\n2024\n', 'C\nCC0C\nP\n\n2 C\n', '2024\nC325\n']",modelv1.0__2026-05-17 06:45:08
D:/moth_photos/database\batch_05\img_moth_00008134.jpg,"[4000, 6000]",37.71999999999999,"['Photoaraohedbr\nMEStessman\n2024\n', 'SanteeCoastalReserve\nCharlestonCoSC\nEFtoPresti\n\nCypress\n\n', '']","['2024\n', 'CR\nCCC\nC\n\n', '']","['P\n2024\n', 'C\nCCC\nP\n\nC\n\n', '']",modelv1.0__2026-05-17 06:45:08
D:/moth_photos/database\batch_05\img_moth_00008135.jpg,"[4000, 6000]",37.71999999999999,"['Photoaraphedbs\nMEStessman\n2024\n', '2024\nDCR327\n', 'tU\n\nSanteeCoastalReserve\nCharlestonCoSC\nEFfoPresti\nae Cypress\n']","['2024\n', '2024\nDCR327\n', 'CR\nCCC\nCC\n2 C\n']","['P\n2024\n', '2024\nC327\n', 'C\nCCC\nCCP\n2 C\n']",modelv1.0__2026-05-17 06:45:08
D:/moth_photos/database\batch_05\img_moth_00008136.jpg,"[4000, 6000]",37.71999999999999,"['Photoaraohedbn\nMEStessman\n2024\n', 'SanteeCoastalReserve\nCharlestonCoSC\n\nEFLoPresti\nUS cele Cypress\n', '2024\n\nDCR328\nEE\n']","['2024\n', 'CR\nCC0C\n\nC C\n', '2024\n\nDCR328\n']","['P\n2024\n', 'C\nCC0C\n\nP\nC C\n', '2024\n\nC328\n']",modelv1.0__2026-05-17 06:45:08
D:/moth_photos/database\batch_05\img_moth_00008137.jpg,"[4000, 6000]",37.82,"['Photoaranhedbn\nMEStessman\n2024\n', 'SanteeCoastalReserve\nCharlestonGoSC\n2 g EF LoPresti\nFo cy Cypress\n', '2024\nDCR329\n']","['C\n2024\n', 'CR\nCCC\n2\nC\n', '2024\nDCR329\n']","['P\nC\n2024\n', 'CP\nCCC\n2 P\nP C\n', '2024\nC329\n']",modelv1.0__2026-05-17 06:45:08
D:/moth_photos/database\batch_05\img_moth_00008138.jpg,"[4000, 6000]",37.839999999999996,"['b\nMEStessman\n', '2024\nDCR330\n', 'EU\nSantee Coastal Reserve\nCharleston CoS\n\n7EF foPresti\n\nJcehreCypress\n\nRN\n']","['', '2024\nDCR330\n', 'C R\nC C\n7\nR4C\nR\n']","['W\n', '2024\nC330\n', 'C\n\nC C\n7 P\n4C\n']",modelv1.0__2026-05-17 06:45:08
D:/moth_photos/database\batch_05\img_moth_00008139.jpg,"[4000, 6000]",37.82,"['Photoaraphedbr\nMEStessman\n2024\n', '2024\n\n', 'SanteeCoastalReserve\nCharlestonCoSC\nEF toPresti\n\nCypress\n']","['2024\n', '2024\n\n', 'CR\nCCC\nC\n']","['P\n2024\n', '2024\n\n', 'CP\nCCC\nP\n\nC\n']",modelv1.0__2026-05-17 06:45:08
D:/moth_photos/database\batch_05\img_moth_00008140.jpg,"[4000, 6000]",37.549019607843135,"['Photoaraohedbr\nNEStessman\n', 'SanteeCoastalReserve\nCharlestonCoSC\n52EF LoPresti\nFe2Cypress\n', 'Se\n2024\n\n']","['', 'CR\nCCC\n52\n2C\n', '2024\n\n']","['P\n', 'C\nCCC\n52 P\n2C\n', '2024\n\n']",modelv1.0__2026-05-17 06:45:08
D:/moth_photos/database\batch_05\img_moth_00008141.jpg,"[4000, 6000]",37.431372549019606,"['SanteeCoastalReserve\nCharlestonCoSC\n2 EFLoPresti\n\nrEB2Cypress\n', 'Photoaranhedbr\nMEStessman\n2024\n', '2024\nDCR333\n']","['CR\nCCC\n2\n\n2C\n', '2024\n', '2024\nDCR333\n']","['C\nCCC\n2 P\n\n2C\n', 'P\n2024\n', '2024\nC333\n']",modelv1.0__2026-05-17 06:45:08
D:/moth_photos/database\batch_05\img_moth_00008142.jpg,"[4000, 6000]",37.333333333333336,"['Photoaranhedb\nMEStessman\n2024\n', '51\nSanteeCoastal Reserve\n\nCharleston Co\n\nE 41 LoPrest\nLee Cypress\nee\n\n', '2024\npcr334\n\n']","['2024\n', '51\nC0 R\n\nC C\n\n41\nC\n\n', '2024\nCR334\n\n']","['P\nW\n2024\n', '51\nC0\n\nC C\n\n41 P\nP C\n\n', '2024\nC334\n\n']",modelv1.0__2026-05-17 06:45:08
D:/moth_photos/database\batch_05\img_moth_00008143.jpg,"[4000, 6000]",37.470588235294116,"['Photodraphedbv\nMEStessman\n2024\n', '2024\nDCR335\n', '']","['2024\n', '2024\nDCR335\n', '']","['P\n2024\n', '2024\nC335\n', '']",modelv1.0__2026-05-17 06:45:08
D:/moth_photos/database\batch_05\img_moth_00008144.jpg,"[4000, 6000]",37.94,"['2024\nDCR336\n', 'Photoaraphedbr\nMEStessman\n2024\n', 'SanteeCoastalReserve\nCharlestonCoSC\n\n2 5 EF LoPresti\n\nOZELIYCypress\n']","['2024\nDCR336\n', '2024\n', 'CR\nCCC\n\n2 5\n\nCRC\n']","['2024\nPC336\n', 'P\nW\n2024\n', 'C\nCCC\n\n2 5 P\n\nCC\n']",modelv1.0__2026-05-17 06:45:08
D:/moth_photos/database\batch_05\img_moth_00008145.jpg,"[4000, 6000]",37.294117647058826,"['', '2024\nDCR337\n', 'SanteeCoastalReserve\nCharlestonCoSC\n2 EFLoPresti\nFeh2s1Cypress\n']","['', '2024\nDCR337\n', 'CR\nCCC\n2\n21C\n']","['', '2024\nCP337\n', 'C\nCCC\n2 PP\n21C\n']",modelv1.0__2026-05-17 06:45:08
D:/moth_photos/database\batch_05\img_moth_00008146.jpg,"[4000, 6000]",37.96,"['SanteeCoastalReserve\nCharlestonCoSC\n\nEFLoPresti\n\n4e63Cypress\n', 'Photoaraphedbv\nMEStessman\n2024\n', '2024\n\nDCR338\n']","['CR\nCCC\n\nC\n\n463C\n', '2024\n', '2024\n\nDCR338\n']","['C\nCCC\n\nCPP\n\n463C\n', 'P\n2024\n', '2024\n\nPC338\n']",modelv1.0__2026-05-17 06:45:08
D:/moth_photos/database\batch_05\img_moth_00008147.jpg,"[4000, 6000]",37.96,"['SanteeCoastalReserve\nCharlestonCoSC\n4EFLoPresti\n\nie ZEE1Cypress\n', 'Photoaraphedbv\nMEStessman\n2024\n', '2024\nDCR339\n']","['CR\nCCC\n4\n\n1C\n', '2024\n', '2024\nDCR339\n']","['C\nCCC\n4P\n\n1C\n', 'P\n2024\n', '2024\nPC339\n']",modelv1.0__2026-05-17 06:45:08
D:/moth_photos/database\batch_05\img_moth_00008148.jpg,"[4000, 6000]",37.35294117647059,"['Photoaraphedby\nMEStessman\n2024\n', 'SanteeCoastalReserve\nCharleston CoSC\nEF LoPrestt\n\noO\n25722Cypress\n', '2024\nDCR340\n']","['2024\n', 'CR\nC CC\n25722C\n', '2024\nDCR340\n']","['P\n2024\n', 'C\nC CC\nP\n25722C\n', '2024\nPC340\n']",modelv1.0__2026-05-17 06:45:08
D:/moth_photos/database\batch_05\img_moth_00008149.jpg,"[4000, 6000]",37.3921568627451,"['2024\nDCR341\n', 'SanteeCoastalKeserve\nCharlestonCoSC\n\n7 oEF L8Presti\nCE 4 id Cypress\n', 'Photoaraphedbv\nMEStessman\n2024\n']","['2024\nDCR341\n', 'CR\nCC0C\n\n7 2 8\nC 4 C\n', '2024\n']","['2024\nC341\n', 'C\nCC0C\n\n7 2 8P\nC 4 C\n', 'P\n2024\n']",modelv1.0__2026-05-17 06:45:08
D:/moth_photos/database\batch_05\img_moth_00008150.jpg,"[4000, 6000]",37.52941176470588,"['SanteeCoastalReserve\nCharlestonCo Sc\nEFLoPresti\n\nisJCypress\n\nre\n', 'Photoaraphedby\nMEStessman\n2024\n', '2024\nDCR342\n']","['CR\nCC C\nR\n\nC\n', '2024\n', '2024\nDCR342\n']","['C\nCC C\nP\n\nC\n', 'P\n2024\n', '2024\nC342\n']",modelv1.0__2026-05-17 06:45:08
D:/moth_photos/database\batch_05\img_moth_00008151.jpg,"[4000, 6000]",37.450980392156865,"['', 'SanteeCoastalReserve\nCharlestonCoSC\n\nEFLaPresti\nCOree ZYCypress\n', '2024\nDCR343\n\n']","['', 'CR\nCC0C\n\nC C\n', '2024\nDCR343\n\n']","['', 'C\nCC0C\n\nP\nC C\n', '2024\nC343\n\n']",modelv1.0__2026-05-17 06:45:08
D:/moth_photos/database\batch_05\img_moth_00008152.jpg,"[4000, 6000]",37.3921568627451,"['2024\nDCR344\n', 'Photoaraphedbv\nMEStessman\n2024\n', 'SanteeCoastalReserve\nCharlestonCoSC\n0EFLoPresti\nC47Cypress\n']","['2024\nDCR344\n', '2024\n', 'CR\nCCC\n0\nC47C\n']","['2024\nPC344\n', 'P\n2024\n', 'C\nCCC\n0P\nC47C\n']",modelv1.0__2026-05-17 06:45:08
D:/moth_photos/database\batch_05\img_moth_00008153.jpg,"[4000, 6000]",37.470588235294116,"['SanteeCoastaiReserve\nCharlestonCoSC\n\n0EF oPresti\n\nof2Cypress\n', 'Photoaranhedbi\nMEStessman\n2024\n', '2024\nDCR345\n\n']","['CR\nCC0C\n\n0 0\n\n2C\n', '2024\n', '2024\nDCR345\n\n']","['C\nCC0C\n\n0 0P\n\n2C\n', 'P\n2024\n', '2024\nC345\n\n']",modelv1.0__2026-05-17 06:45:08
D:/moth_photos/database\batch_05\img_moth_00008154.jpg,"[4000, 6000]",37.86,"['Photoaraphedbv\nMEStessman\n2024\n', '', 'a\n2024\n\nDCR346\n']","['2024\n', '', '2024\n\nDCR346\n']","['P\n2024\n', '', '2024\n\nPC346\n']",modelv1.0__2026-05-17 06:45:08
D:/moth_photos/database\batch_05\img_moth_00008155.jpg,"[4000, 6000]",38.0,"['2024\n\nDCR347\n', 'Photoaranhedbv\nMEStessman\n2024\n', 'br\nSanteeCoastalReserve\nCharlestonCoSC\nELF LoPresti\nLiyyCypress\n']","['2024\n\nDCR347\n', '2024\n', 'CR\nCC0C\nC\n']","['2024\n\nPC347\n', 'P\n2024\n', 'C\nCC0C\nP P\n\nC\n']",modelv1.0__2026-05-17 06:45:08
D:/moth_photos/database\batch_05\img_moth_00008156.jpg,"[4000, 6000]",37.333333333333336,"['Photoaranhedbi\nMEStessman\n2024\n', '2024\nDCR348\n\n', '']","['C\n2024\n', '2024\nDCR348\n\n', '']","['P\nC\n2024\n', '2024\nC348\n\n', '']",modelv1.0__2026-05-17 06:45:08
D:/moth_photos/database\batch_05\img_moth_00008157.jpg,"[4000, 6000]",37.490196078431374,"['', '2024\nDCR349\n', 'SanteeCoastaiReserve\nCharlestonCoSC\n\nE FLdPresti\n\na Cypress\n']","['', '2024\nDCR349\n', 'CR\nCCC\n\nR\n\nC\n']","['', '2024\nC349\n', 'C\nCCC\n\nP\n\nC\n']",modelv1.0__2026-05-17 06:45:08
D:/moth_photos/database\batch_05\img_moth_00008158.jpg,"[4000, 6000]",37.58823529411765,"['2024\nDCR350\n', 'Photoaraphedbv\nMEStessman\n2024\n', 'SanteeCoastalReserve\nCharlestorCoSC\n\nve EF LoPresti\n\nOeef7Cypress\n']","['2024\nDCR350\n', '2024\n', 'CR\nCCC\n7C\n']","['2024\nC350\n', 'P\n2024\n', 'C\nCCC\n\nP\n\n7C\n']",modelv1.0__2026-05-17 06:45:08
D:/moth_photos/database\batch_05\img_moth_00008159.jpg,"[4000, 6000]",37.294117647058826,"['Photoaraphedbv\nMEStessman\n2024\n', 'SanteeCoastalReserve\nCharlestonCoSC\nLG EFtoPresti\nMcis2YCypress\n', '2024\nDCR351\n']","['2024\n', 'CR\nCCC\n2C\n', '2024\nDCR351\n']","['P\n2024\n', 'C\nCCC\nP\n2C\n', '2024\nPC351\n']",modelv1.0__2026-05-17 06:45:08
D:/moth_photos/database\batch_05\img_moth_00008160.jpg,"[4000, 6000]",37.96,"['', 'oanieeCOdadstalNeserve\nCharlestonCoSC\nEFLoPresti\n\n7\n2aBcER74Cypress\n\n', '2024\nDCR352\n']","['', 'C\nCCC\nC\n\n7\n2R74C\n\n', '2024\nDCR352\n']","['', 'C\nCCC\nCP\n\n7\n274C\n\n', '2024\nPC352\n']",modelv1.0__2026-05-17 06:45:08
D:/moth_photos/database\batch_05\img_moth_00008161.jpg,"[4000, 6000]",37.31372549019608,"['Photoaraphedbi\nMEStessman\n2024\n', 'SanteeCoastalReserve\nCharlestonCoSC\n\n1FoPresti\n74GatorRoad\n', '2024\nDCR353\n']","['C\n2024\n', 'CR\nCC0C\n\n1\n74R\n', '2024\nDCR353\n']","['P\nC\n2024\n', 'CP\nCC0C\n\n1PP\n74\n', '2024\nPC353\n']",modelv1.0__2026-05-17 06:45:08
D:/moth_photos/database\batch_05\img_moth_00008162.jpg,"[4000, 6000]",37.333333333333336,"['Photoaranhedbr\nMEStessman\n2024\n', 'SanteeCoastalReserve\nCharlestonCo SC\n\nEF toPresti\nfe7Gator Road\n', '2024\nDCR354\n']","['2024\n', 'CR\nCC0 C\n\nR\n7 R\n', '2024\nDCR354\n']","['P\nW\n2024\n', 'C\nCC0 C\n\nP\n7\n', '2024\nC354\n']",modelv1.0__2026-05-17 06:45:08
D:/moth_photos/database\batch_05\img_moth_00008163.jpg,"[4000, 6000]",37.294117647058826,"['', '2024\n\nDCR355\n', 'Ct\nSanteeCoastal Reserve\nCharlestonCoSC\nEFLoPresti\nGatorRoad\n']","['', '2024\n\nDCR355\n', 'CC\nC R\nCC0C\nR\n']","['', '2024\n\nC355\n', 'PC\nC\nCC0C\nP\n']",modelv1.0__2026-05-17 06:45:08
D:/moth_photos/database\batch_05\img_moth_00008164.jpg,"[4000, 6000]",37.980000000000004,"['2024\nDCR356\n', 'hotoaraohedby\nMEStessman\n', 'SanteeCoastalReserve\nCharlestonCoSC\n7EFLoPresti\nfGatorRoad\n']","['2024\nDCR356\n', 'C\n', 'CR\nCCC\n7\nR\n']","['2024\nC356\n', 'C\n', 'C\nCCC\n7P\n']",modelv1.0__2026-05-17 06:45:08
D:/moth_photos/database\batch_05\img_moth_00008165.jpg,"[4000, 6000]",37.8,"['SanteeCoastalReserve\nCharlestonCoSC\n\nCG EF CoPresti\nFEfGatorRoad\n', 'Photoaranhedbi\nMEStessman\n2024\n', '2024\n\n']","['CR\nCCC\n\nCC C0\nR\n', '2024\n', '2024\n\n']","['C\nCCC\n\nCC C0P\nP\n', 'P\n2024\n', '2024\n\n']",modelv1.0__2026-05-17 06:45:08
D:/moth_photos/database\batch_05\img_moth_00008166.jpg,"[4000, 6000]",37.94,"['', 'SanteeCoastalReserve\nCharleston CoSC\nE FLoPresti\n624GatorRoad\n', '2024\nDCR358\n']","['', 'CR\nC CC\n624R\n', '2024\nDCR358\n']","['', 'C\nC CC\nP\n624\n', '2024\nC358\n']",modelv1.0__2026-05-17 06:45:08
D:/moth_photos/database\batch_05\img_moth_00008167.jpg,"[4000, 6000]",37.96,"['SanteeCoastalReserve\nCharlestonCoSC\n\nAy FLgPresti\nirli32GatorRoad\n', '', '2024\nDCR359\n']","['CR\nCCC\n32R\n', '', '2024\nDCR359\n']","['C\nCCC\n\nP\n32\n', '', '2024\nC359\n']",modelv1.0__2026-05-17 06:45:08
D:/moth_photos/database\batch_05\img_moth_00008168.jpg,"[4000, 6000]",37.92,"['SanteeCoastalReserve\nCharlestonCoSC\noEFUoPresti\nFf9GatorRoad\n', '', '2024\nDCR360\n']","['CR\nCCC\n9R\n', '', '2024\nDCR360\n']","['C\nCCC\nPWP\n9\n', '', '2024\nC360\n']",modelv1.0__2026-05-17 06:45:08
D:/moth_photos/database\batch_05\img_moth_00008169.jpg,"[4000, 6000]",37.68,"['SanteeCoastalReserve\nCharlestgnCoSC\n\na EF LoPresti\n222iGatorRoad\n', 'Photoaranhedbi\nMEStessman\n2024\n', '2024\nDCR361\n']","['CR\nCCC\n222R\n', '2024\n', '2024\nDCR361\n']","['C\nCCC\n\nP\n222\n', 'P\n2024\n', '2024\nC361\n']",modelv1.0__2026-05-17 06:45:08
D:/moth_photos/database\batch_05\img_moth_00008170.jpg,"[4000, 6000]",37.980000000000004,"['Photoaraohedbi\nMEStessman\n2024\n', '2024\nDCR362\n', 'ee\nSanteeCoastalReserve\nCharlestgnCoSC\nEFLoPresti\nGatorRoad\n']","['2024\n', '2024\nDCR362\n', 'CR\nCCC\nR\n']","['P\n2024\n', '2024\nPC362\n', 'C\nCCC\nP\n']",modelv1.0__2026-05-17 06:45:08
D:/moth_photos/database\batch_05\img_moth_00008171.jpg,"[4000, 6000]",37.88,"['2024\nDCR363\n', 'Photoaraphedby\nMEStessman\n2024\n', 'anteeCoastalReserve\nCharleston CoSC\nGEF YoPresti\nret GatorRoad\n']","['2024\nDCR363\n', '2024\n', 'CR\nC CC\nR\n']","['2024\nC363\n', 'P\n2024\n', 'C\nC CC\nP\n']",modelv1.0__2026-05-17 06:45:08
D:/moth_photos/database\batch_05\img_moth_00008172.jpg,"[4000, 6000]",37.980000000000004,"['', '2024\nDCR364\n', 'SanteeCoastalReserve\nCharlestonCoSC\nEFdoPresti\niyGatorRoad\n']","['', '2024\nDCR364\n', 'CR\nCC0C\n0\nR\n']","['', '2024\nC364\n', 'C\nCC0C\n0P\n']",modelv1.0__2026-05-17 06:45:08
D:/moth_photos/database\batch_05\img_moth_00008173.jpg,"[4000, 6000]",37.779999999999994,"['2024\nDCR365\n', 'Photogranhedb\nMEStessman\n2024\n', 'SanteeCoastalReserve\nCharlestonCoSC\nEF LoPresti\n\ntr LiveOak\n']","['2024\nDCR365\n', 'C\n2024\n', 'CR\nCCC\nD C\n']","['2024\nC365\n', 'P\nC\n2024\n', 'C\nCCC\nP\n\nC\n']",modelv1.0__2026-05-17 06:45:08
D:/moth_photos/database\batch_05\img_moth_00008174.jpg,"[4000, 6000]",37.779999999999994,"['2024\nDCR366\n', 'Photoaraphedb\nMEStessman\n', 'ee\nSanteeCoastalReserve\nCharlestonCoSC\nEFLgPresti\nLiveOak\n']","['2024\nDCR366\n', '', 'CR\nCCC\n']","['2024\nC366\n', 'P\n', 'C\nCCC\nP\n']",modelv1.0__2026-05-17 06:45:08
D:/moth_photos/database\batch_05\img_moth_00008175.jpg,"[4000, 6000]",37.71999999999999,"['SanteeCoastalReserve\nCharlestpnCoSC\nEFLoPresti\nFLEZLiveOak\n', 'Photoaraphedby\nMEStessman\n', '2024\nDCR367\n']","['CR\nCCC\nCD0\n', '', '2024\nDCR367\n']","['CP\nCCC\nPP\nC0\n', 'P\n', '2024\nC367\n']",modelv1.0__2026-05-17 06:45:08
D:/moth_photos/database\batch_05\img_moth_00008176.jpg,"[4000, 6000]",37.839999999999996,"['Photoaraphedbr\nMEStessman\n2024\n', 'SanteeCoastalReserve\nCharleston CoSC\n\nA EFLoPresti\n\nFEE 74LiveOak\n']","['2024\n', 'CR\nC CC\n74\n']","['P\n2024\n', 'C\nC CC\n\nP\n\n74\n']",modelv1.0__2026-05-17 06:45:08
D:/moth_photos/database\batch_05\img_moth_00008177.jpg,"[4000, 6000]",37.900000000000006,"['SanteeCoastalReserve\nCharleston CoSC\nEFLoPresti\nCE Z 7LiveOak\n', '2024\nDCR368\n', 'Photoaraphedby\nMEStessman\n']","['CR\nC CC\nC 7C\n', '2024\nDCR368\n', '']","['CP\nC CC\nP\nC 7C\n', '2024\nC368\n', 'P\n']",modelv1.0__2026-05-17 06:45:08
D:/moth_photos/database\batch_05\img_moth_00008178.jpg,"[4000, 6000]",37.8,"['Photoaraphedbv\nMEStessman\n2024\n', 'SanteeCoastalReserve\nCharlestonfoSC\non cE FLoPresti\nme LiveOak\n', '2024\nDCR369\n']","['2024\n', 'CR\nC0C\nC\n0\n', '2024\nDCR369\n']","['P\n2024\n', 'C\nC0C\nCP\n0\n', '2024\nC369\n']",modelv1.0__2026-05-17 06:45:08
D:/moth_photos/database\batch_05\img_moth_00008179.jpg,"[4000, 6000]",37.92,"['Photoaraphedby\nMEStessman\n2024\n', '', '2024\nDCR370\n\n']","['2024\n', '', '2024\nDCR370\n\n']","['P\n2024\n', '', '2024\nC370\n\n']",modelv1.0__2026-05-17 06:45:08
D:/moth_photos/database\batch_05\img_moth_00008180.jpg,"[4000, 6000]",37.96,"['SanteeCoastal Reserve\nCharlestonCo Sc\n\nEFlsoPresti\nLiveOak\n', 'Photoaraphedby\nMEStessman\n', '2024\nDCR371\n']","['C R\nCC0 C\n', '', '2024\nDCR371\n']","['C\nCC0 C\n\nP\n', 'P\n', '2024\nC371\n']",modelv1.0__2026-05-17 06:45:08
D:/moth_photos/database\batch_05\img_moth_00008181.jpg,"[4000, 6000]",37.92,"['SanteeCoastalReserve\nCharlestonCoSC\nEFLdPresti\n\nLiveOak\n', 'Photoaraohedbn\nMEStessman\n2024\n', '2024\nDCR372\n']","['CR\nCCC\nC0\n', '2024\n', '2024\nDCR372\n']","['C\nCCC\nP\n\nC0\n', 'P\n2024\n', '2024\nC372\n']",modelv1.0__2026-05-17 06:45:08
D:/moth_photos/database\batch_05\img_moth_00008182.jpg,"[4000, 6000]",37.900000000000006,"['SanteeCoastalReserve\nCharlestonCoSC\n\nyOELF LoPresti\ntsLiveOak\n', 'Photoaraphedbi\nMEStessman\n', '2024\nDCR373\n']","['CR\nCCC\nCC\n0\n', '', '2024\nDCR373\n']","['C\nCCC\n\nCC P\n0\n', 'P\n', '2024\nC373\n']",modelv1.0__2026-05-17 06:45:08
D:/moth_photos/database\batch_05\img_moth_00008183.jpg,"[4000, 6000]",37.62,"['Photoaranhedbv\nMESteesman\ny007\n', '2024\nDCR374\n', '2aeeLoastaReserve\nNanestanCoStu\nFFiSPrest\nLiveOak\n']","['007\n', '2024\nDCR374\n', '2R\nC\n']","['P\n007\n', '2024\nC374\n', '2P\nC\nP\n']",modelv1.0__2026-05-17 06:45:08
D:/moth_photos/database\batch_05\img_moth_00008184.jpg,"[4000, 6000]",37.35294117647059,"['Photoaraohedby\nMEStessman\n2024\n', 'SanteeCoastal Reserve\nCharlestonCoSC\nEFLoPresti\nLiveOak\n\n', '2024\n\nOCR375\noO\n\n']","['2024\n', 'C R\nCCC\n\n', '2024\n\nDCR375\n\n']","['P\n2024\n', 'C\nCCC\nP\n\n', '2024\n\nC375\n\n']",modelv1.0__2026-05-17 06:45:08
D:/moth_photos/database\batch_05\img_moth_00008185.jpg,"[4000, 6000]",37.411764705882355,"['2024\nDCR376\n', 'SanteeCoastalReserve\nCharlestonCoSC\n\n23 EFbbPresti\n43fPkGatorRoad\n', 'Photoaraphedby\nMEStessman\n2024\n']","['2024\nDCR376\n', 'CR\nCCC\n\n23\n43R\n', '2024\n']","['2024\nC376\n', 'C\nCCC\n\n23 P\n43P\n', 'P\n2024\n']",modelv1.0__2026-05-17 06:45:08
D:/moth_photos/database\batch_05\img_moth_00008186.jpg,"[4000, 6000]",37.372549019607845,"['2024\nDCR377\n', 'Photoaraphedby\nMEStessman\n2024\n', 'ee\nSanteeCoastalReserve\nCharlestonCoSC\nEFdoPresti\nd iJYOrmondHall\n']","['2024\nDCR377\n', '2024\n', 'CR\nCCC\n4\n']","['2024\nC377\n', 'P\n2024\n', 'C\nCCC\nP\n4\n']",modelv1.0__2026-05-17 06:45:08
D:/moth_photos/database\batch_05\img_moth_00008187.jpg,"[4000, 6000]",37.254901960784316,"['Photoaranhedbv\nMEStessman\n', 'SanteeCoastaiReserve\nCharlestogCoSC\nEFLoPresti\n2Ysaul24OrmondHall\n', '2024\nDCR378\n\n']","['C\n', 'CR\nCCC\n2424\n', '2024\nDCR378\n\n']","['P\nC\n', 'C\nCCC\nP\n2424\n', '2024\nC378\n\n']",modelv1.0__2026-05-17 06:45:08
D:/moth_photos/database\batch_05\img_moth_00008188.jpg,"[4000, 6000]",37.26,"['AFietcher\n2024\n', 'Santee CoastaiReserve\nChartestonCoSC\nEFL6Presti\nV3mAR2yScrubOak\n', '2024\nDCR457\n']","['2024\n', 'CR\nCC0C\n6\n3R2C\n', '2024\nDCR457\n']","['2024\n', 'C\nCC0C\n6P\n32C\n', '2024\nC457\n']",modelv1.0__2026-05-17 06:45:08
D:/moth_photos/database\batch_05\img_moth_00008189.jpg,"[4000, 6000]",37.24,"['Photographedby\nAFletcher\n2024\n', 'SanteeCoastalReserve\nCharlestonCoSC\nz EFUoPresti\nMARZYScrubOak\n', '2024\nDCR455\n']","['2024\n', 'CR\nCCC\nR\nRC\n', '2024\nDCR455\n']","['P\n2024\n', 'C\nCCC\nP\nPC\n', '2024\nC455\n']",modelv1.0__2026-05-17 06:45:08
D:/moth_photos/database\batch_05\img_moth_00008190.jpg,"[4000, 6000]",37.73469387755102,"['AFletcher\n2024\n', 'SanteeCoastalReserve\nChartestenCoSC\n13 EFLoPresti\nA\n\nAR24ScrubOak\n', '2024\nDCR456\n']","['2024\n', 'CR\nCC0C\n13\n\nRR24C\n', '2024\nDCR456\n']","['2024\n', 'CP\nCC0C\n13 P\n\n24C\n', '2024\nC456\n']",modelv1.0__2026-05-17 06:45:08
D:/moth_photos/database\batch_05\img_moth_00008191.jpg,"[4000, 6000]",37.795918367346935,"['', 'SanteeCoastalReserve\nCharlestonCoSC\nEFLoPresti\nL3mppzvScrubOak\n', '2024\nDCR472\n']","['', 'CR\nCCC\n32C\n', '2024\nDCR472\n']","['', 'C\nCCC\nP\n32C\n', '2024\nPC472\n']",modelv1.0__2026-05-17 06:45:08
D:/moth_photos/database\batch_05\img_moth_00008192.jpg,"[4000, 6000]",37.69387755102041,"['AFletcher\n2024\n', '2024\nDCR450\n', 'SanteeCoastalKeserve\nCharlegtonCoSC\n\npet4Scrub Oak\n']","['2024\n', '2024\nDCR450\n', 'C\nCC0C\n\n34 C\n']","['P\n2024\n', '2024\nC450\n', 'C\nCC0C\n\n34 C\n']",modelv1.0__2026-05-17 06:45:08
D:/moth_photos/database\batch_05\img_moth_00008193.jpg,"[4000, 6000]",37.816326530612244,"['Photographedby\nAFletcher\n2024\n', 'SanteeCoastalReserve\nCharlestonCoSC\nEFLoPresti\nSBanph2YScrubOak\n', '2024\nDCR466\n']","['2024\n', 'CR\nCCC\n2C\n', '2024\nDCR466\n']","['P\nP\n2024\n', 'C\nCCC\nP\n2C\n', '2024\nPC466\n']",modelv1.0__2026-05-17 06:45:08
D:/moth_photos/database\batch_05\img_moth_00008194.jpg,"[4000, 6000]",37.795918367346935,"['Photographedby\nAFletcher\n2024\n', '2024\n\nDCR474\n', 'SanteeCoastalReserve\nCharlestonCoSC\nEFLoPresti\nBesk24Scrub Oak\n']","['2024\n', '2024\n\nDCR474\n', 'CR\nCCC\n24\n']","['P\n2024\n', '2024\n\nC474\n', 'C\nCCC\nP\n24\n']",modelv1.0__2026-05-17 06:45:08
D:/moth_photos/database\batch_05\img_moth_00008195.jpg,"[4000, 6000]",37.673469387755105,"['AFletcher\n2024\n', 'SanteeCoastalReserve\nCharlestonCoSC\njaEFleoPrest\n13 MAfC24uScrubOak\n', '2024\nDCR451\n\n']","['2024\n', 'CR\nCCC\n13 C24\n', '2024\nDCR451\n\n']","['2024\n', 'C\nCCC\nP\n13 C24\n', '2024\nC451\n\n']",modelv1.0__2026-05-17 06:45:08
D:/moth_photos/database\batch_05\img_moth_00008196.jpg,"[4000, 6000]",37.714285714285715,"['SanteeCoastalReserve\nCharlestonCoSC\nEFLoPresti\n\n3 magzyScrub Oak\n', 'Photographedby\nAFletcher\n2024\n', '2024\nDCR467\n']","['CR\nCCC\n\n3\n', '2024\n', '2024\nDCR467\n']","['C\nCCC\nP\n\n3\n', 'P\n2024\n', '2024\nC467\n']",modelv1.0__2026-05-17 06:45:08
D:/moth_photos/database\batch_05\img_moth_00008197.jpg,"[4000, 6000]",37.6530612244898,"['Photographedby\nAFletcher\n2024\n', 'SanteeCoastalReserve\nCharlestogCoSC\nEFLoPresti\n\niSmaa 2yScrubOak\n', '2024\nDCR461\n']","['2024\n', 'CR\nCCC\n\n24\n', '2024\nDCR461\n']","['P\n2024\n', 'C\nCCC\nPP\n\n24\n', '2024\nC461\n']",modelv1.0__2026-05-17 06:45:08
D:/moth_photos/database\batch_05\img_moth_00008198.jpg,"[4000, 6000]",37.55102040816327,"['Photographedby\nAFletcher\n2024\n', 'SanteeCoastalReserve\nCharlestonCoSC\nEFLoPresti\n\nl SmnQ7yScrub Oak\n', '2024\nDCR468\n']","['2024\n', 'CR\nCCC\n\n7\n', '2024\nDCR468\n']","['P\n2024\n', 'C\nCCC\nP\n\n7\n', '2024\nC468\n']",modelv1.0__2026-05-17 06:45:08
D:/moth_photos/database\batch_05\img_moth_00008199.jpg,"[4000, 6000]",37.857142857142854,"['Photographedby\nAFletcher\n2024\n', '2024\nDCR452\n', 'SanteeCoastalReserve\nCharlestonCoSC\nEFloPresti\n\nISmaQz4 ScrubOak\n']","['2024\n', '2024\nDCR452\n', 'CR\nCC0C\n\nR74\n']","['P\n2024\n', '2024\nPC452\n', 'C\nCC0C\nP\n\n74\n']",modelv1.0__2026-05-17 06:45:08
D:/moth_photos/database\batch_05\img_moth_00008200.jpg,"[4000, 6000]",37.714285714285715,"['AFletcher\n2024\n', '7024\nDCR460\n', 'SanteeCoastalReserve\nCharlestonCoSC\n3 EFLoPresti\nmr R2y ScrubOak\n']","['2024\n', '7024\nDCR460\n', 'CR\nCCC\n3\nR2 C\n']","['2024\n', '7024\nPC460\n', 'C\nCCC\n3 P\nP 2 C\n']",modelv1.0__2026-05-17 06:45:08
D:/moth_photos/database\batch_05\img_moth_00008201.jpg,"[4000, 6000]",37.69387755102041,"['AFletcher\n2024\n', '2024\nDCR458\n', 'SanteeCoastalReserve\nCharlestonCoSC\nEFLoPresti\n\nSamraRzyScrubOak\n']","['2024\n', '2024\nDCR458\n', 'CCR\nCCC\n\n3R02\n']","['P\n2024\n', '2024\nC458\n', 'CC\nCCC\nP\n\n302\n']",modelv1.0__2026-05-17 06:45:08
D:/moth_photos/database\batch_05\img_moth_00008202.jpg,"[4000, 6000]",37.795918367346935,"['AFletcher\n2024\n', '2024\nDCR459\n', 'SanteeCoastalReserve\nCharlestonCoSC\nEFLoPresti\nSmaery ScrubOak\n']","['2024\n', '2024\nDCR459\n', 'CR\nCCC\nD\n']","['2024\n', '2024\nC459\n', 'C\nCCC\nP\n']",modelv1.0__2026-05-17 06:45:08
D:/moth_photos/database\batch_05\img_moth_00008203.jpg,"[4000, 6000]",37.48979591836734,"['AFletcher\n2024\n', 'SanteeCoastalReserve\nCharlestonCoSC\nEFLoPresti\n\nVSenaQwd ScrubOak\n', '2024\nDCR465\n']","['2024\n', 'CR\nCC0C\n\nD C\n', '2024\nDCR465\n']","['P\n2024\n', 'C\nCC0C\nP\n\nC\n', '2024\nC465\n']",modelv1.0__2026-05-17 06:45:08
D:/moth_photos/database\batch_05\img_moth_00008204.jpg,"[4000, 6000]",37.53061224489796,"['Photographedby\nAFletcher\n2024\n', '2024\n\nDCR471 l\n', 'e\nSanteeCoastalReserve\nCharlestonCoSC\nEFLoPresti\nS4e477SerubOak\n']","['2024\n', '2024\n\nDCR471\n', 'CR\nCCC\n0\n\n44770\n']","['P\n2024\n', '2024\n\nPC471\n', 'C\nCCC\n0P\n\n44770\n']",modelv1.0__2026-05-17 06:45:08
D:/moth_photos/database\batch_05\img_moth_00008205.jpg,"[4000, 6000]",37.673469387755105,"['SanteeCoastalReserve\nChariestonCoSC\nEFLOPresti\nDpahQ2yScrub Oak\n', 'AFletcher\n2024\n', '2024\nDCR448\n']","['CR\nCC0C\nR\nD2\n', '2024\n', '2024\nDCR448\n']","['C\nCC0C\nP\n2\n', '2024\n', '2024\nC448\n']",modelv1.0__2026-05-17 06:45:08
D:/moth_photos/database\batch_05\img_moth_00008206.jpg,"[4000, 6000]",37.6530612244898,"['Photographedby\nAFletcher\n2024\n', 'SanteeCoastalReserve\nCharlestopCoSC\nEFLoPresti\n13apery ScrubOak\n', '2024\nDCR470\n']","['2024\n', 'CR\nCCC\n13 0\n', '2024\nDCR470\n']","['P\n2024\n', 'C\nCCC\nP\n13 0\n', '2024\nC470\n']",modelv1.0__2026-05-17 06:45:08
D:/moth_photos/database\batch_05\img_moth_00008207.jpg,"[4000, 6000]",37.53061224489796,"['vanteeCoastalReserve\nCharleston CoSC\nEFLoPresti\ni 224ScrubOak\n', 'AFietcher\n2024\n', '2024\nDCR453\n']","['CR\nC CC\n2240\n', '2024\n', '2024\nDCR453\n']","['C\nC CC\nP\n2240\n', '2024\n', '2024\nC453\n']",modelv1.0__2026-05-17 06:45:08
D:/moth_photos/database\batch_05\img_moth_00008208.jpg,"[4000, 6000]",37.63265306122449,"['Photographedby\nAFletcher\n2024\n', 'SanteeCoastalReserve\nCharlestonCoSC\n\n7EFLoPresti\n\nSen f22yScrubOak\n', '2024\nDCR462\n']","['2024\n', 'CR\nCCC\n\n7C\n\n224C\n', '2024\nDCR462\n']","['P\n2024\n', 'C\nCCC\n\n7CP\n\n224C\n', '2024\nPC462\n']",modelv1.0__2026-05-17 06:45:08
D:/moth_photos/database\batch_05\img_moth_00008209.jpg,"[4000, 6000]",37.95918367346939,"['SanteeCoastalReserve\nCharlestonCoSC\nna\n\nAQ74 ScrubOak\n', 'AFletcher\n2024\n', '2024\nDCR469\n']","['CR\nCCC\n\n74 0\n', '2024\n', '2024\nDCR469\n']","['C\nCCC\n\n74 0\n', '2024\n', '2024\nPC469\n']",modelv1.0__2026-05-17 06:45:08
D:/moth_photos/database\batch_05\img_moth_00008210.jpg,"[4000, 6000]",37.857142857142854,"['AFletcher\n2024\n', 'SanteeCoastalReserve\nChartestpnCoSC\nEFLoPresti\nISmanry ScrubOak\n', '2024\nDCR476\n']","['2024\n', 'CR\nCCC\n0\n', '2024\nDCR476\n']","['2024\n', 'C\nCCC\nP\n0\n', '2024\nPC476\n']",modelv1.0__2026-05-17 06:45:08
D:/moth_photos/database\batch_05\img_moth_00008211.jpg,"[4000, 6000]",37.26,"['AFietcher\n2024\n', '2024\nDCR473\n', 'SanteeCoastalReserve\nChartestanCoSC\n3 EFLoPresti\n\nMAR ScrubOak\n']","['2024\n', '2024\nDCR473\n', 'CR\nCCC\n3\n\nR24 0\n']","['P\n2024\n', '2024\nC473\n', 'C\nCCC\n3 P\n\n24 0\n']",modelv1.0__2026-05-17 06:45:08
D:/moth_photos/database\batch_05\img_moth_00008212.jpg,"[4000, 6000]",37.7,"['Photographedby\nAFletcher\n2024\n', 'SanteeCoastalReserve\nCharlestohCoSC\n\nLoPresti\nSmad ScrubOak\n', '2024\nDCR449\n']","['2024\n', 'CR\nCCC\n\n0\n', '2024\nDCR449\n']","['P\nP\n2024\n', 'C\nCCC\n\nP\n0\n', '2024\nC449\n']",modelv1.0__2026-05-17 06:45:08
D:/moth_photos/database\batch_05\img_moth_00008213.jpg,"[4000, 6000]",37.52,"['2024\nDCR475\n', 'AFletcher\n2024\n', 'SanteeCoastalReserve\nChariestonCoSC\nEFLoPresti\nSmAZ2yScrubOak\n']","['2024\nDCR475\n', '2024\n', 'CR\nCC0C\n22C\n']","['2024\nC475\n', '2024\n', 'CP\nCC0C\nP\n22C\n']",modelv1.0__2026-05-17 06:45:08
D:/moth_photos/database\batch_05\img_moth_00008214.jpg,"[4000, 6000]",37.4,"['AFletcher\n2024\n', 'SanteeCoastalReserve\nChariestonCoSC\nEFLoPtesti\nABmaazy ScrubOak\n', '2024\nDCR464\n']","['2024\n', 'CR\nCCC\n0\n', '2024\nDCR464\n']","['2024\n', 'C\nCCC\nP\n0\n', '2024\nC464\n']",modelv1.0__2026-05-17 06:45:08
D:/moth_photos/database\batch_05\img_moth_00008215.jpg,"[4000, 6000]",37.559999999999995,"['Photographedby\nAFletcher\n2024\n', '2024\nDCR463\n', 'SanteeCoastalReserve\nCharlestonCoSC\ni2 EFVoPresti\n\nVpn ScrubOak\n']","['2024\n', '2024\nDCR463\n', 'CR\nCC0C\n2 R\n\n14 0\n']","['P\n2024\n', '2024\nC463\n', 'C\nCC0C\n2 P\n\n14 0\n']",modelv1.0__2026-05-17 06:45:08
D:/moth_photos/database\batch_05\img_moth_00008216.jpg,"[4000, 6000]",37.44,"['AFletcher\n2024\n', '2024\nDCR454\n', 'SanteeCoastal Reserve\nCharleston Co\n\nIBinniesouOm\nUUhU\n']","['2024\n', '2024\nDCR454\n', 'C R\nC C\n\nD8\n']","['2024\n', '2024\nC454\n', 'C\nC C\n\n8\n']",modelv1.0__2026-05-17 06:45:08
D:/moth_photos/database\batch_05\img_moth_00008217.jpg,"[4000, 6000]",37.4,"['SanteeCoestalReserve\nChartestonCoSC\n\n13 EFLoPresti\nMABZIMScrubOak\n', 'AFietcher\n2024\n', '2024\nDCR480\n']","['CR\nCC0C\n13\nRC\n', '2024\n', '2024\nDCR480\n']","['C\nCC0C\n\n13 P\nC\n', '2024\n', '2024\nC480\n']",modelv1.0__2026-05-17 06:45:08
D:/moth_photos/database\batch_05\img_moth_00008218.jpg,"[4000, 6000]",37.42,"['Photographedby\nAFletcher\n2024\n', '2024\nDCR478\n', 'SanteeCoastalReserve\nCharlestonCoSC\nEF LoPresti\nNe A24ScrubOak\n']","['2024\n', '2024\nDCR478\n', 'CR\nCCC\n13 24C\n']","['P\n2024\n', '2024\nC478\n', 'C\nCCC\nP\n13 24C\n']",modelv1.0__2026-05-17 06:45:08
D:/moth_photos/database\batch_05\img_moth_00008219.jpg,"[4000, 6000]",37.38,"['Photographedby\nAFietcher\n2024\n', 'SanteeCoastalReserve\nCharlestonCoSC\nFkoPresti\nt3aa224ScrubOak\n', '2024\nDCR477\n']","['2024\n', 'CR\nCC0C\n302240\n', '2024\nDCR477\n']","['P\n2024\n', 'C\nCC0C\nPP\n302240\n', '2024\nPC477\n']",modelv1.0__2026-05-17 06:45:08
D:/moth_photos/database\batch_05\img_moth_00008220.jpg,"[4000, 6000]",37.5,"['2024\nDCR479\n', 'AFietcher\n2024\n', 'SanteeCoastalReserve\nCharlestanCoSC\n\nh EFLoPresti\n\n7AaeL74ScrubOak\n\n']","['2024\nDCR479\n', '2024\n', 'CR\nCC0C\n774C\n\n']","['2024\nC479\n', 'P\n2024\n', 'C\nCC0C\n\nP\n\n774C\n\n']",modelv1.0__2026-05-17 06:45:08
D:/moth_photos/database\batch_05\img_moth_00008221.jpg,"[4000, 6000]",37.71999999999999,"['SarteeCoastalReserve\nChartestonCoSC\n\nEFLoPrest\n\nfeet7ScrubOak\n', 'AFietcher\n2024\n', '2024\nDCR482\n']","['CR\nCC0C\n7C\n', '2024\n', '2024\nDCR482\n']","['C\nCC0C\n\nP\n\n7C\n', '2024\n', '2024\nC482\n']",modelv1.0__2026-05-17 06:45:08
D:/moth_photos/database\batch_05\img_moth_00008222.jpg,"[4000, 6000]",37.760000000000005,"['SanteeCoastaiReserve\nChariestonCoSC\n\nEFLoPresti\n\n22SerubOak\n', 'AFletcher\n2024\n', '2024\nDCR481\n\ni\n']","['CR\nCCC\n220\n', '2024\n', '2024\nDCR481\n']","['C\nCCC\n\nP\n\n220\n', 'P\n2024\n', '2024\nC481\n']",modelv1.0__2026-05-17 06:45:08
D:/moth_photos/database\batch_05\img_moth_00008223.jpg,"[4000, 6000]",37.71999999999999,"['SanteeCoastalReserve\nCharleston CoSC\n\n4 EFLoPresti\n\nfeScrubOak\n', 'AFletcher\n2024\n', '2024\nDCR483\n']","['CR\nC CC\n\n4\n\nC\n', '2024\n', '2024\nDCR483\n']","['C\nC CC\n\n4 P\n\nC\n', '2024\n', '2024\nPC483\n']",modelv1.0__2026-05-17 06:45:08
D:/moth_photos/database\batch_05\img_moth_00008224.jpg,"[4000, 6000]",37.900000000000006,"['AFletcher\n2024\n', 'SanteeCoastalReserve\nCharlestonCo SC\nEF LoPrest\nJee 2YCypress\nOe\n', '2024\nDCR493\n']","['2024\n', 'CR\nCC C\n2C\n', '2024\nDCR493\n']","['2024\n', 'C\nCC C\nP\n2C\n', '2024\nC493\n']",modelv1.0__2026-05-17 06:45:08
D:/moth_photos/database\batch_05\img_moth_00008225.jpg,"[4000, 6000]",37.411764705882355,"['Photographedby\nAFletcher\n2024\n', 'SanteeCoastalReserve\nCharlestonCoSC\nEFLoPresti\n\n1762Cypress\n', '2024\nDCR497\n']","['2024\n', 'CR\nCCC\n\n1762C\n', '2024\nDCR497\n']","['P\n2024\n', 'C\nCCC\nP\n\n1762C\n', '2024\nPC497\n']",modelv1.0__2026-05-17 06:45:08
D:/moth_photos/database\batch_05\img_moth_00008226.jpg,"[4000, 6000]",37.27450980392157,"['AFletcher\n2024\n', 'SanteeCoastalReserve\nCharlestonCoSC\nlOge F get\nC224 Cypress\n', '2024\nDCR485\n']","['2024\n', 'CR\nCCC\n0\nC224 C\n', '2024\nDCR485\n']","['P\n2024\n', 'C\nCCC\n0\nC224 C\n', '2024\nC485\n']",modelv1.0__2026-05-17 06:45:08
D:/moth_photos/database\batch_05\img_moth_00008227.jpg,"[4000, 6000]",37.27450980392157,"['AFletcher\n2024\n', 'SanteeCoastalReserve\nChartestonCoSC\nOe EFLoPresti\nL49iCypress\n', '2024\nDCR496\n']","['2024\n', 'CR\nCCC\n0\n491C\n', '2024\nDCR496\n']","['2024\n', 'C\nCCC\n0 P\n491C\n', '2024\nPC496\n']",modelv1.0__2026-05-17 06:45:08
D:/moth_photos/database\batch_05\img_moth_00008228.jpg,"[4000, 6000]",37.3921568627451,"['SanteeCoastalReserve\nCharlestonCoSC\nEFLoPresti\n\nOkEBI4crvress\n', 'AFletcher\n2024\n', '2024\nDCR490\n']","['CR\nCCC\nR\n\n14\n', '2024\n', '2024\nDCR490\n']","['CP\nCCC\nP\n\n14\n', 'P\n2024\n', '2024\nC490\n']",modelv1.0__2026-05-17 06:45:08
D:/moth_photos/database\batch_05\img_moth_00008229.jpg,"[4000, 6000]",37.94,"['SanteeCoastalReserve\nCharlestonCoSC\nEFLOPresti\nt4Cypress\n', 'Photographedby\nAFletcher\n2024\n', '2024\nDCR484\n']","['CR\nCCC\n4C\n', '2024\n', '2024\nDCR484\n']","['C\nCCC\nP\n4C\n', 'P\n2024\n', '2024\nC484\n']",modelv1.0__2026-05-17 06:45:08
D:/moth_photos/database\batch_05\img_moth_00008230.jpg,"[4000, 6000]",37.7,"['', 'AFistcher\n2024\n', '2024\nDCR498\n']","['', '2024\n', '2024\nDCR498\n']","['', 'P\n2024\n', '2024\nC498\n']",modelv1.0__2026-05-17 06:45:08
D:/moth_photos/database\batch_05\img_moth_00008231.jpg,"[4000, 6000]",37.900000000000006,"['AFletcher\n2024\n', 'SanteeCoastalReserve\nCha onCoSC\n\n02B2YCypress\n', '2024\nDCR487\n']","['2024\n', 'CR\nC 0C0C\n\n022C\n', '2024\nDCR487\n']","['2024\n', 'CP\nC 0C0C\n\n022C\n', '2024\nC487\n']",modelv1.0__2026-05-17 06:45:08
D:/moth_photos/database\batch_05\img_moth_00008232.jpg,"[4000, 6000]",37.7,"['SanteeCoastalReserve\nCheriestonCoSC\n\nOfes LoPresti\n\nB2yCyprese\n', 'AFietcher\n2024\n', '2024\nDCR488\n']","['CR\nCC0C\n\n2C\n', '2024\n', '2024\nDCR488\n']","['C\nCC0C\n\nP\n\n2C\n', 'P\n2024\n', '2024\nC488\n']",modelv1.0__2026-05-17 06:45:08
D:/moth_photos/database\batch_05\img_moth_00008233.jpg,"[4000, 6000]",37.86,"['AFietcher\n2024\n', 'SanteeCoastalReserve\nChartestonCo sc\n\nlOFER2crcess\n', '2024\nDCR489\n']","['2024\n', 'CR\nCC\n\nR2C\n', '2024\nDCR489\n']","['P\n2024\n', 'C\nCC\n\n2C\n', '2024\nPC489\n']",modelv1.0__2026-05-17 06:45:08
D:/moth_photos/database\batch_05\img_moth_00008234.jpg,"[4000, 6000]",37.92,"['AFletcher\n2024\n', '2024\nDCR503\n', 'SanteeCoastalReserve\nChariestonCoSC\noRresti\n\nlve vee824 24Cypress\n']","['2024\n', '2024\nDCR503\n', 'CR\nCCC\nR\n\n824 24C\n']","['P\n2024\n', '2024\nC503\n', 'C\nCCC\n\n824 24C\n']",modelv1.0__2026-05-17 06:45:08
D:/moth_photos/database\batch_05\img_moth_00008235.jpg,"[4000, 6000]",37.235294117647065,"['Photographedby\nAFletcher\n2024\n', 'SanteeCoastalReserve\nChariestonCoSC\nEFLoPresti\n\nlOgsezcypress\n', '2024\nDCR495\n']","['2024\n', 'CR\nCC0C\n\nC\n', '2024\nDCR495\n']","['P\n2024\n', 'C\nCC0C\nP\n\nWC\n', '2024\nC495\n']",modelv1.0__2026-05-17 06:45:08
D:/moth_photos/database\batch_05\img_moth_00008236.jpg,"[4000, 6000]",37.3921568627451,"['AFletcher\n2024\n', 'oameeCoasiaiKeserve\nChariestonCoSC\nEF 5 LoPresti\n', '2024\nDCR500\n']","['2024\n', 'C\nCCC\n5\n', '2024\nDCR500\n']","['2024\n', 'C\nCCC\n5 P\n', '2024\nC500\n']",modelv1.0__2026-05-17 06:45:08
D:/moth_photos/database\batch_05\img_moth_00008237.jpg,"[4000, 6000]",37.92,"['', 'SanteeCoastalReserve\nCharlestonCoSC\n\nEFLdPresti\n', '2024\n\nDCR499\n']","['', 'CR\nCCC\n', '2024\n\nDCR499\n']","['', 'C\nCCC\n\nP\n', '2024\n\nC499\n']",modelv1.0__2026-05-17 06:45:08
D:/moth_photos/database\batch_05\img_moth_00008238.jpg,"[4000, 6000]",37.27450980392157,"['Photographedby\nAFletcher\n2024\n', 'OESSdSI5\n\n2024\nDCR486\n', 'ee\n\nSanteeCoastalReserve\nCharlestonCoSC\n\nEFloPresti\n\nok Cypress\n\nmy\n']","['2024\n', '5\n\n2024\nDCR486\n', 'CR\nCCC\nC\n']","['P\n2024\n', '5\n\n2024\nPC486\n', 'C\nCCC\nP\nC\n']",modelv1.0__2026-05-17 06:45:08
D:/moth_photos/database\batch_05\img_moth_00008239.jpg,"[4000, 6000]",37.839999999999996,"['AFletcher\n2024\n', 'Santee CoastalReserve\nChartestonCoSC\n\nFLePrest\nANOFBR2YCypres\n', '2024\nDCR501\n']","['2024\n', 'CR\nCC0C\n\nCR2C\n', '2024\nDCR501\n']","['2024\n', 'C\nCC0C\n\nP\nCP2C\n', '2024\nC501\n']",modelv1.0__2026-05-17 06:45:08
D:/moth_photos/database\batch_05\img_moth_00008240.jpg,"[4000, 6000]",37.94,"['AFietcher\n2024\n', 'SanteeCoastalReserve\nCharlestonCoSC\n\nIEEBIvcypress\n', '2024\nDCR491\n']","['2024\n', 'CR\nCC0C\n\nCRC\n', '2024\nDCR491\n']","['2024\n', 'C\nCC0C\n\nCC\n', '2024\nC491\n']",modelv1.0__2026-05-17 06:45:08
D:/moth_photos/database\batch_05\img_moth_00008241.jpg,"[4000, 6000]",37.779999999999994,"['AFietcher\n2024\n', '', '2024\nDCR502\n']","['2024\n', '', '2024\nDCR502\n']","['2024\n', '', '2024\nPC502\n']",modelv1.0__2026-05-17 06:45:08
D:/moth_photos/database\batch_05\img_moth_00008242.jpg,"[4000, 6000]",37.92,"['AFletcher\n2024\n', 'Santee CoastaiReserve\nOTEFIgP ro ad\n\nlOFEB ve Cypress\n', '2024\nDCR492\n']","['2024\n', 'CR\nR\n\nR C\n', '2024\nDCR492\n']","['2024\n', 'C\nP\n\nC\n', '2024\nC492\n']",modelv1.0__2026-05-17 06:45:08
D:/moth_photos/database\batch_05\img_moth_00008243.jpg,"[4000, 6000]",37.88,"['SanteeCoastalReserve\nCharlestonCoSC\nEFLoPresti\nIOFEBZyCypress\n', 'AFletcher\n2024\n', '2024\nDCR494\n']","['CR\nCCC\nC\n0RR2C\n', '2024\n', '2024\nDCR494\n']","['C\nCCC\nCP\n02C\n', '2024\n', '2024\nPC494\n']",modelv1.0__2026-05-17 06:45:08
D:/moth_photos/database\batch_05\img_moth_00008244.jpg,"[4000, 6000]",37.80392156862745,"['Photographedby\nAFletcher\n2024\n', 'ba\nSanteeCoastalReserve\nCharlestonCoSC\nEFLOPresti\n1L287OrmondHall\n\n', '2024\nDCR507\n']","['2024\n', 'CR\nCCC\n1287C\n\n', '2024\nDCR507\n']","['P\nP\n2024\n', 'C\nCCC\n\nP\n\n1287C\n\n', '2024\nPC507\n']",modelv1.0__2026-05-17 06:45:08
D:/moth_photos/database\batch_05\img_moth_00008245.jpg,"[4000, 6000]",37.568627450980394,"['Photographedby\nAFletcher\n2024\n', '2024\nDCR506\n', 'Le\nSanteeCoastalReserve\nCharlestonCoSC\nEF LoPresti\neOrmondHall\n\nml\n\n']","['2024\n', '2024\nDCR506\n', 'CR\nCCC\nC\n\n']","['P\n2024\n', '2024\nC506\n', 'C\nCCC\nP\nC\n\n']",modelv1.0__2026-05-17 06:45:08
D:/moth_photos/database\batch_05\img_moth_00008246.jpg,"[4000, 6000]",37.74509803921569,"['Photographedby\nAFletcher\n2024\n', 'SanteeCoastaineserve\nCharlestonCoSC\nEFLoPresti\n\n4 pn fg7qOrmondHall\n', '2024\nDCR511\n']","['2024\n', 'C\nCCC\n\n4 7\n', '2024\nDCR511\n']","['P\n2024\n', 'C\nCCC\nP\n\n4 7\n', '2024\nC511\n']",modelv1.0__2026-05-17 06:45:08
D:/moth_photos/database\batch_05\img_moth_00008247.jpg,"[4000, 6000]",37.54,"['AFietcher\n2024\n', 'SanteeCoastalReserve\nChariestonCo sc\n', '2024\nDCR504\n']","['2024\n', 'CR\nCC\n', '2024\nDCR504\n']","['P\n2024\n', 'C\nCC\n', '2024\nC504\n']",modelv1.0__2026-05-17 06:45:08
D:/moth_photos/database\batch_05\img_moth_00008248.jpg,"[4000, 6000]",37.21568627450981,"['AFietcher\n2024\n', 'SamteeCoastalReserve\nCharlestgnCoSC\nEFLoPresti\nYoni OrmandHail\n', '2024\nDCR508\n']","['2024\n', 'CR\nCC0C\n', '2024\nDCR508\n']","['P\n2024\n', 'C\nCC0C\nP\n', '2024\nC508\n']",modelv1.0__2026-05-17 06:45:08
D:/moth_photos/database\batch_05\img_moth_00008249.jpg,"[4000, 6000]",37.294117647058826,"['AFletcher\n2024\n', 'SanteeCoastalReserve\nChariestonCoSC\nEFLoPresti\n\nlYmary OrmondHail\n', '2024\nDCR509\n']","['2024\n', 'CR\nCCC\n', '2024\nDCR509\n']","['2024\n', 'C\nCCC\nP\n', '2024\nC509\n']",modelv1.0__2026-05-17 06:45:08
D:/moth_photos/database\batch_05\img_moth_00008250.jpg,"[4000, 6000]",37.36,"['AFletcher\n2024\n', 'SanteeCoastalReserve\nCharlestonCoSC\n\nu EF2oPresti\n\nQNaQYyOrmondHall\n', '2024\nDCR510\n']","['2024\n', 'CR\nCC0C\n\n20\n\n80\n', '2024\nDCR510\n']","['2024\n', 'C\nCC0C\n\n20P\n\n80\n', '2024\nC510\n']",modelv1.0__2026-05-17 06:45:08
D:/moth_photos/database\batch_05\img_moth_00008251.jpg,"[4000, 6000]",37.68,"['Photographedby\nAFletcher\n2024\n', 'ee\nSanteeCoastalReserve\nCharlestonCoSC\nEFLoPresti\neOrmondHall\n', '2024\nDCR505\n']","['2024\n', 'CR\nCC0C\n', '2024\nDCR505\n']","['P\n2024\n', 'C\nCC0C\nP\n', '2024\nC505\n']",modelv1.0__2026-05-17 06:45:08
D:/moth_photos/database\batch_05\img_moth_00008252.jpg,"[4000, 6000]",37.88235294117647,"['AFietcher\n2024\n', 'SanteeCoastalReserve\nCharlestpnCoSC\n4 EFLoPresti\nifpR4Cape\n', '2024\nDCR710\n']","['2024\n', 'CR\nCCC\n4\nRR4C\n', '2024\nDCR710\n']","['2024\n', 'C\nCCC\n4 P\nP4C\n', '2024\nC710\n']",modelv1.0__2026-05-17 06:45:08
D:/moth_photos/database\batch_05\img_moth_00008253.jpg,"[4000, 6000]",37.74,"['AFistcher\n2024\n', 'SarteeCoastalReserve\nChartestonCoSC\n\nEPLoPreeti\n\n1omARAYCape\n', '2024\nDCR706\n', 'iad\ncalibrite\n']","['2024\n', 'CR\nCCC\n1CRC\n', '2024\nDCR706\n', '']","['P\n2024\n', 'C\nCCC\n\nPP\n\n1CC\n', '2024\nC706\n', '']",modelv1.0__2026-05-17 06:45:08
D:/moth_photos/database\batch_05\img_moth_00008254.jpg,"[4000, 6000]",37.44,"['AFletcher\n2024\n', 'SerteeCoastalReserve\nChariestenCoSC\nEFLoPresti\n\nCmArry Cape\n', '2024\nDCR708\n']","['2024\n', 'CR\nCCC\nCR C\n', '2024\nDCR708\n']","['2024\n', 'C\nCCC\nP\n\nC C\n', '2024\nPC708\n']",modelv1.0__2026-05-17 06:45:08
D:/moth_photos/database\batch_05\img_moth_00008255.jpg,"[4000, 6000]",37.64,"['AFletcher\n2024\n', '', '7024\nocR707\n']","['2024\n', '', '7024\nCR707\n']","['2024\n', '', '7024\nC707\n']",modelv1.0__2026-05-17 06:45:08
D:/moth_photos/database\batch_05\img_moth_00008256.jpg,"[4000, 6000]",37.54,"['AFletcher\n2024\n', '', '2024\nDCR705\n']","['2024\n', '', '2024\nDCR705\n']","['2024\n', '', '2024\nC705\n']",modelv1.0__2026-05-17 06:45:08
D:/moth_photos/database\batch_05\img_moth_00008257.jpg,"[4000, 6000]",37.8,"['Photographedby\nAFletcher\n2024\n', 'SanteeCoastalReserve\nCharlestonCoSC\nEFLoPresti\nLo AlK2uCape\n', '2024\nDCR712\n']","['D\n2024\n', 'CR\nCCC\n0\n2 2C\n', '2024\nDCR712\n']","['P\n2024\n', 'C\nCCC\n0P\n2 2C\n', '2024\nC712\n']",modelv1.0__2026-05-17 06:45:08
D:/moth_photos/database\batch_05\img_moth_00008258.jpg,"[4000, 6000]",37.8,"['AFletcher\n2024\n', 'SanteeCoastalReserve\nChariestonCoSC\n\nEFCoPresti\n\nMbRDICape\n', '2024\nDCR714\n']","['2024\n', 'CR\nCC0C\n\nC0\n\nRDC\n', '2024\nDCR714\n']","['2024\n', 'C\nCC0C\n\nC0P\n\nC\n', '2024\nC714\n']",modelv1.0__2026-05-17 06:45:08
D:/moth_photos/database\batch_05\img_moth_00008259.jpg,"[4000, 6000]",37.64,"['AFletcher\n2024\n', '2024\nDCR713\n', 'SanteeCoastalReserve\nCharlestonCoSC\nEFLoPresti\n\nLevekiyCape\n']","['2024\n', '2024\nDCR713\n', 'CR\nCC0C\n\nC\n']","['2024\n', '2024\nPC713\n', 'C\nCC0C\nP\n\nC\n']",modelv1.0__2026-05-17 06:45:08
D:/moth_photos/database\batch_05\img_moth_00008260.jpg,"[4000, 6000]",37.62,"['AFletcher\n2024\n', 'SanteeCoastalReserve\nChartestonCo sc\n\nEF\n2 MAL74Cae\n', '2024\nDCR726\n']","['2024\n', 'CR\nCC C\n\n2 74C\n', '2024\nDCR726\n']","['2024\n', 'C\nCC C\n\n2 74C\n', '2024\nPC726\n']",modelv1.0__2026-05-17 06:45:08
D:/moth_photos/database\batch_05\img_moth_00008261.jpg,"[4000, 6000]",37.62,"['', 'Photographedby\nAFletcher\n2024\n', '2024\nDCR725\n']","['', '2024\n', '2024\nDCR725\n']","['', 'P\n2024\n', '2024\nC725\n']",modelv1.0__2026-05-17 06:45:08
D:/moth_photos/database\batch_05\img_moth_00008262.jpg,"[4000, 6000]",37.760000000000005,"['AFietcher\n2024\n', 'EhS\nSarteeCoastalReserve\nCharleatonCoSC\n\n7 EFLoPresti\n\nwm ws G2Cape\n', '2024\nDCR721\n']","['2024\n', 'CR\nCC0C\n7\nC2C\n', '2024\nDCR721\n']","['2024\n', 'C\nCC0C\n7 P\n\nC2C\n', '2024\nC721\n']",modelv1.0__2026-05-17 06:45:08
D:/moth_photos/database\batch_05\img_moth_00008263.jpg,"[4000, 6000]",37.64,"['Photographedby\nAFletcher\n2024\n', 'SanteeCoastalReserve\nCharlestonCoSC\nEF LbPrest\n\nrRG7Cape\n', '2024\nDCR711\n']","['D\n2024\n', 'CR\nCC0C\nR7C\n', '2024\nDCR711\n']","['P\n2024\n', 'C\nCC0C\nP\n\n7C\n', '2024\nC711\n']",modelv1.0__2026-05-17 06:45:08
D:/moth_photos/database\batch_05\img_moth_00008264.jpg,"[4000, 6000]",37.88,"['AFletcher\n2024\n', '2024\nDCR709\n', '']","['2024\n', '2024\nDCR709\n', '']","['2024\n', '2024\nC709\n', '']",modelv1.0__2026-05-17 06:45:08
D:/moth_photos/database\batch_05\img_moth_00008265.jpg,"[4000, 6000]",37.71999999999999,"['Photographedby\nAFletcher\n2024\n', 'SanteeCoastalReserve\nChariestonCoSC\nvsEF resti\n\nVFRK71Cape\n', '2024\nDCR724\n']","['2024\n', 'CR\nCCC\n\nR71C\n', '2024\nDCR724\n']","['P\n2024\n', 'CP\nCCC\n\n71C\n', '2024\nPC724\n']",modelv1.0__2026-05-17 06:45:08
D:/moth_photos/database\batch_05\img_moth_00008266.jpg,"[4000, 6000]",37.559999999999995,"['Photographedby\nAFletcher\n2024\n', 'SanteeCoastalReserve\nCharlestonCoSC\nEF Preeti\nLmAle24Cape\n', '2024\nDCR728\n']","['2024\n', 'CR\nCC0C\n24C\n', '2024\nDCR728\n']","['P\n2024\n', 'C\nCC0C\nP\n24C\n', '2024\nC728\n']",modelv1.0__2026-05-17 06:45:08
D:/moth_photos/database\batch_05\img_moth_00008267.jpg,"[4000, 6000]",37.760000000000005,"['AFletcher\n2024\n', 'SanteeCoastalReserve\nCharlestonCo sc\n\no74724Cape\n', '2024\nDCR727\n']","['2024\n', 'CR\nCC\n\n274724C\n', '2024\nDCR727\n']","['2024\n', 'C\nCC\n\n274724C\n', '2024\nC727\n']",modelv1.0__2026-05-17 06:45:08
D:/moth_photos/database\batch_05\img_moth_00008268.jpg,"[4000, 6000]",37.71999999999999,"['AFletcher\n2024\n', '2024\nDCR723\n', 'SanteeCoastalReserve\nChartestonCoSC\nEFCoPresti\n\nLanAt L4Cape\n']","['2024\n', '2024\nDCR723\n', 'CR\nCC0C\nC\n\n14C\n']","['2024\n', '2024\nC723\n', 'C\nCC0C\nCP\n\n14C\n']",modelv1.0__2026-05-17 06:45:08
D:/moth_photos/database\batch_05\img_moth_00008269.jpg,"[4000, 6000]",37.6,"['AFletcher\n2024\n', 'SanteeCoastalReserve\nChartestonCoSC\n\nLl moRy4Cape\n', '2024\nDCR704\n']","['2024\n', 'CR\nCC0C\n\nR4C\n', '2024\nDCR704\n']","['2024\n', 'C\nCC0C\n\n4C\n', '2024\nC704\n']",modelv1.0__2026-05-17 06:45:08
D:/moth_photos/database\batch_05\img_moth_00008270.jpg,"[4000, 6000]",37.7,"['Photographedby\nAFletcher\n2024\n', '2024\nDCR722\n', 'SanteeCoastalReserve\nCharlestonCoSC\nELFLoPresti\n']","['2024\n', '2024\nDCR722\n', 'CR\nCC0C\n']","['P\n2024\n', '2024\nC722\n', 'C\nCC0C\nPP\n']",modelv1.0__2026-05-17 06:45:08
D:/moth_photos/database\batch_05\img_moth_00008271.jpg,"[4000, 6000]",37.62,"['AFietcher\n2024\n', 'SanteeCoastalReserve\nChariestonCoSC\n\n7 EFboPresti\nIZmazzyCave\n', '2024\nDCR720\n']","['2024\n', 'CR\nCCC\n\n7 R\n27C\n', '2024\nDCR720\n']","['P\n2024\n', 'C\nCCC\n\n7 P\n27C\n', '2024\nC720\n']",modelv1.0__2026-05-17 06:45:08
D:/moth_photos/database\batch_05\img_moth_00008272.jpg,"[4000, 6000]",37.71999999999999,"['AFletcher\n2024\n', '2024\nDCR715\n', 'SanteeCoastalReserve\nChartestonCoSC\nEFLoPresti\n\nomer 14Cape\n']","['2024\n', '2024\nDCR715\n', 'CR\nCCC\n\nR 14C\n']","['P\n2024\n', '2024\nC715\n', 'C\nCCC\nP\n\n14C\n']",modelv1.0__2026-05-17 06:45:08
D:/moth_photos/database\batch_05\img_moth_00008273.jpg,"[4000, 6000]",37.660000000000004,"['AFletcher\n2024\n', '2024\nDCR718\n', 'SanteeCoastalReserve\nCharlestonCo sc\n\na aie Cape\n']","['2024\n', '2024\nDCR718\n', 'CR\nCC C\n\nC\n']","['2024\n', '2024\nC718\n', 'C\nCC C\n\nC\n']",modelv1.0__2026-05-17 06:45:08
D:/moth_photos/database\batch_05\img_moth_00008274.jpg,"[4000, 6000]",37.660000000000004,"['Photographedby\nAFletcher\n2024\n', 'SanteeCoastalReserve\nCharlestonCoSC\n\nLas PoPresti\nORY 7M Cape\n', '2024\nDCR719\n']","['2024\n', 'CR\nCCC\n\nR\nR 7 C\n', '2024\nDCR719\n']","['P\n2024\n', 'C\nCCC\n\nPP\nP 7 C\n', '2024\nC719\n']",modelv1.0__2026-05-17 06:45:08
D:/moth_photos/database\batch_05\img_moth_00008275.jpg,"[4000, 6000]",37.86,"['Photographedby\nAFletcher\n2024\n', 'SanteeCoastalReserve\nCharleagjonCoSC\nEFLoPresti\nw7Cape\n', '2024\nDCR717\n']","['2024\n', 'CR\nCCC\n7C\n', '2024\nDCR717\n']","['P\n2024\n', 'C\nCCC\nP\n7C\n', '2024\nC717\n']",modelv1.0__2026-05-17 06:45:08
D:/moth_photos/database\batch_05\img_moth_00008276.jpg,"[4000, 6000]",37.82,"['Photographedby\nAFletcher\n2024\n', 'SanteeCoastalReserve\nCharlestonCoSC\n\n2 EFLoPresti\nMAQZYCape\n', '2024\nDCR716\n']","['2024\n', 'CR\nCCC\n\n2\nD24C\n', '2024\nDCR716\n']","['P\n2024\n', 'C\nCCC\n\n2 P\n24C\n', '2024\nC716\n']",modelv1.0__2026-05-17 06:45:08
D:/moth_photos/database\batch_05\img_moth_00008277.jpg,"[4000, 6000]",37.42,"['Photographedby\nAFletcher\n2024\n', 'SanteeCoastalReserve\nCharlestonCoSC\nE F LoPresti\n\nf7Cape\n', '2024\nDCR732\n']","['2024\n', 'CR\nCCC\n7C\n', '2024\nDCR732\n']","['P\n2024\n', 'C\nCCC\nP\n\n7C\n', '2024\nPC732\n']",modelv1.0__2026-05-17 06:45:08
D:/moth_photos/database\batch_05\img_moth_00008278.jpg,"[4000, 6000]",37.71999999999999,"['AFletcher\n2024\n', 'SanteeCoastaiReserve\nChariestonCoSC\n\nFLoPresti\n\nAR7YCape\n\nw\n', '2024\nDCR731\n']","['2024\n', 'CR\nCCC\nR74C\n', '2024\nDCR731\n']","['2024\n', 'C\nCCC\n\nP\n\n74C\n', '2024\nC731\n']",modelv1.0__2026-05-17 06:45:08
D:/moth_photos/database\batch_05\img_moth_00008279.jpg,"[4000, 6000]",37.660000000000004,"['AFletcher\n2024\n', 'ChartesionCose\nran\nLap te\n', '2024\nDCR730\n']","['2024\n', 'CC\nR\n', '2024\nDCR730\n']","['2024\n', 'CC\n', '2024\nC730\n']",modelv1.0__2026-05-17 06:45:08
D:/moth_photos/database\batch_05\img_moth_00008280.jpg,"[4000, 6000]",37.42,"['AFletcher\n2024\n', 'SanteeCoastalReserve\n\nChartestonCoSC\n\nEFLOPresti\n7mAQ24Cape\n', '2024\nDCR729\n']","['2024\n', 'CR\n\nCCC\n\n724C\n', '2024\nDCR729\n']","['2024\n', 'C\n\nCCC\n\nP\n724C\n', '2024\nC729\n']",modelv1.0__2026-05-17 06:45:08
D:/moth_photos/database\batch_05\img_moth_00008281.jpg,"[4000, 6000]",37.74,"['AFletcher\n2024\n', '', '2024\nDCR733\n', 'calibrite\n']","['2024\n', '', '2024\nDCR733\n', '']","['P\n2024\n', '', '2024\nC733\n', '']",modelv1.0__2026-05-17 06:45:08
D:/moth_photos/database\batch_05\img_moth_00008282.jpg,"[4000, 6000]",37.760000000000005,"['Photographedby\nAFletcher\n2024\n', '2024\nDCR736\n', 'SanteeCoastalReserve\nCharlestonCoSC\n\nEFoPresti\n\nL 1gnf4OrmondHall\n']","['2024\n', '2024\nDCR736\n', 'CR\nCCC\n140\n']","['P\n2024\n', '2024\nPC736\n', 'C\nCCC\nP\n140\n']",modelv1.0__2026-05-17 06:45:08
D:/moth_photos/database\batch_05\img_moth_00008283.jpg,"[4000, 6000]",37.86,"['AFietcher\n2024\n', 'SanteeCoastaiReserve\nCharlestonCoSC\n\nEFLoPresti\nOFnany OrmondHall\n', '2024\nDCR741\n']","['2024\n', 'CR\nCCC\n\nC\n', '2024\nDCR741\n']","['2024\n', 'C\nCCC\n\nP\nC\n', '2024\nC741\n']",modelv1.0__2026-05-17 06:45:08
D:/moth_photos/database\batch_05\img_moth_00008284.jpg,"[4000, 6000]",37.6,"['AFletcher\n2024\n', 'SanteeCoastalReserve\nCharlestonCoSC\n\nEFCoPresti\n24m a24OrmondHall\n', '2024\nDCR737\n\n']","['2024\n', 'CR\nCCC\n\nC0\n24 24C\n', '2024\nDCR737\n\n']","['2024\n', 'C\nCCC\n\nC0P\n24 24C\n', '2024\nC737\n\n']",modelv1.0__2026-05-17 06:45:08
D:/moth_photos/database\batch_05\img_moth_00008285.jpg,"[4000, 6000]",37.44,"['AFletcher\n2024\n', 'SanteeCoastalReserve\nCharlestonCoSC\n\n2 EFtoPresti\nGinntix0 i40 rmondHall\n', '2024\nDCR739\n']","['2024\n', 'CR\nCCC\n\n2 0\n0 140\n', '2024\nDCR739\n']","['2024\n', 'C\nCCC\n\n2 0P\n0 140\n', '2024\nC739\n']",modelv1.0__2026-05-17 06:45:08
D:/moth_photos/database\batch_05\img_moth_00008286.jpg,"[4000, 6000]",37.52,"['Photographedby\nAFletcher\n2024\n', '2024\nDCR740\n', 'SanteeCoastal Reserve\nCharleston wan SC\n\nZG EFLoPresti\nArfi4OrmondHall\n']","['D\n2024\n', '2024\nDCR740\n', 'C R\nC C\n\n2\n4C\n']","['P\nP\n2024\n', '2024\nPC740\n', 'C\nC C\n\n2 P\n4C\n']",modelv1.0__2026-05-17 06:45:08
D:/moth_photos/database\batch_05\img_moth_00008287.jpg,"[4000, 6000]",37.88,"['AFletcher\n2024\n', '2024\nDCR738\n', 'SanteeCoastalReserve\nCharlestonCoSC\n\nEFLoPresti\n29m AQ1YOrmondHall\n\n']","['2024\n', '2024\nDCR738\n', 'CR\nCCC\n\n29 R1C\n\n']","['P\n2024\n', '2024\nC738\n', 'C\nCCC\n\nP\n29 1C\n\n']",modelv1.0__2026-05-17 06:45:08
D:/moth_photos/database\batch_05\img_moth_00008288.jpg,"[4000, 6000]",37.82,"['Photographedby\nAFletcher\n2024\n', 'SanteeCoastalReserve\nCharlestonCoSC\n\nEFLoPresti\n19m Al1qOrmondHall\n', '2024\nDCR739\n']","['2024\n', 'CR\nCC0C\n\n19 214\n', '2024\nDCR739\n']","['P\n2024\n', 'C\nCC0C\n\nPP\n19 214\n', '2024\nC739\n']",modelv1.0__2026-05-17 06:45:08
D:/moth_photos/database\batch_05\img_moth_00008289.jpg,"[4000, 6000]",37.74,"['AFletcher\n2024\n', 'l SanteeCoastalReserve\nCharlestonCoSC\n24 EFtoPresti\n\nTeatted OrmondHall\n', '2024\nDCR734\n']","['2024\n', 'CR\nCC0C\n24\n\n2 C\n', '2024\nDCR734\n']","['2024\n', 'C\nCC0C\n24 P\n\n2 C\n', '2024\nC734\n']",modelv1.0__2026-05-17 06:45:08
D:/moth_photos/database\batch_05\img_moth_00008290.jpg,"[4000, 6000]",37.46,"['Photographedby\nAFletcher\n2024\n', 'SanteeCoastalReserve\nCharlestonCoSC\n\nEFLoPresti\nLA AR24OrmondHall\n', '2024\nDCR742\n']","['2024\n', 'CR\nCC0C\n\nR240\n', '2024\nDCR742\n']","['P\n2024\n', 'C\nCC0C\n\nP\n240\n', '2024\nPC742\n']",modelv1.0__2026-05-17 06:45:08
D:/moth_photos/database\batch_05\img_moth_00008291.jpg,"[4000, 6000]",37.559999999999995,"['AFletcher\n2024\n', 'SanteeCoastaiReserve\nChariestonCoSC\nrd EFLoPresti\n4 32sOrmondHall\n\n', '2024\nDCR744\n']","['2024\n', 'CR\nCC0C\n4\n4 32\n\n', '2024\nDCR744\n']","['2024\n', 'CP\nCC0C\n4 P\n4 32\n\n', '2024\nC744\n']",modelv1.0__2026-05-17 06:45:08
D:/moth_photos/database\batch_05\img_moth_00008292.jpg,"[4000, 6000]",37.93877551020408,"['Photographedby\nAFletcher\n2024\n', 'SanteeCoastal Reserve\nCharlestonCoSC\nFLoPresti\n\n14 AagiyOrmondHall\n', '2024\nDCR746\n']","['2024\n', 'C R\nCC0C\n\n14 4\n', '2024\nDCR746\n']","['P\nP\n2024\n', 'C\nCC0C\nP\n\n14 4\n', '2024\nC746\n']",modelv1.0__2026-05-17 06:45:08
D:/moth_photos/database\batch_05\img_moth_00008293.jpg,"[4000, 6000]",37.52,"['Photographedby\nAFletcher\n2024\n', '2024\nDCR743\n', 'SanteeCoastalReserve\nCharlestonCoSC\n\n19 ei LoPresti\nMNatZ4OrmondHall\n']","['2024\n', '2024\nDCR743\n', 'CR\nCCC\n\n19\n74C\n']","['P\nP\n2024\n', '2024\nC743\n', 'C\nCCC\n\n19 P\n74C\n']",modelv1.0__2026-05-17 06:45:08
D:/moth_photos/database\batch_05\img_moth_00008294.jpg,"[4000, 6000]",37.900000000000006,"['Photographedby\nAFletcher\n2024\n', 'SanteeCoastalReserve\nChariestonCoSC\nEFLoPresti\n\nCampa 74OrmondHall\n', '2024\nDCR745\n']","['2024\n', 'CR\nCCC\n\nC 74\n', '2024\nDCR745\n']","['P\n2024\n', 'C\nCCC\nP\n\nCP 74\n', '2024\nC745\n']",modelv1.0__2026-05-17 06:45:08
D:/moth_photos/database\batch_05\img_moth_00008295.jpg,"[4000, 6000]",37.82,"['AFietcher\n2024\n', 'SanteeCoastalReserve\nChartestonCoSC\n2 EFLePresti\n\nJa paryOrmond Hall\n', '2024\nDCR759\n']","['2024\n', 'CR\nCCC\n2\n', '2024\nDCR759\n']","['2024\n', 'C\nCCC\n2 P\n', '2024\nC759\n']",modelv1.0__2026-05-17 06:45:08
D:/moth_photos/database\batch_05\img_moth_00008296.jpg,"[4000, 6000]",37.372549019607845,"['Photographedby\nAFletcher\n2024\n', 'SanteeCoastalReserve\nCharlestonCoSC\n2 EFlsoPresti\n\nDapR2yOrmondHall\n', '2024\nDCR755\n']","['2024\n', 'CR\nCC0C\n2\n\nDR2\n', '2024\nDCR755\n']","['P\n2024\n', 'C\nCC0C\n2 P\n\n2\n', '2024\nC755\n']",modelv1.0__2026-05-17 06:45:08
D:/moth_photos/database\batch_05\img_moth_00008297.jpg,"[4000, 6000]",37.666666666666664,"['Photographedby\nAFletcher\n2024\n', '2024\n\nDCR752\n', 'SanteeCoastalReserve\nCharleston GoSC\n\nLoPresti\nDeoakry OrmondHall\n']","['2024\n', '2024\n\nDCR752\n', 'CR\nC C\n\nDR\n']","['P\n2024\n', '2024\n\nC752\n', 'CP\nC C\n\nP\n']",modelv1.0__2026-05-17 06:45:08
D:/moth_photos/database\batch_05\img_moth_00008298.jpg,"[4000, 6000]",37.76470588235294,"['AFletcher\n2024\n', 'SanteeCoastaiReserve\nChartestonCoSC\nMmAR2YOrmondHall\n', '2024\nDCR749\n']","['2024\n', 'CR\nCCC\nR2\n', '2024\nDCR749\n']","['2024\n', 'CP\nCCC\n2\n', '2024\nC749\n']",modelv1.0__2026-05-17 06:45:08
D:/moth_photos/database\batch_05\img_moth_00008299.jpg,"[4000, 6000]",37.58823529411765,"['Photographedby\nAFletcher\n2024\n', '2024\nDCR756\n', 'SanteeCoastalReserve\nCharlestonCo sc\nSe A 34OrmondHall\n']","['2024\n', '2024\nDCR756\n', 'CR\nCC\n340\n']","['P\n2024\n', '2024\nC756\n', 'C\nCC\n340\n']",modelv1.0__2026-05-17 06:45:08
D:/moth_photos/database\batch_05\img_moth_00008300.jpg,"[4000, 6000]",37.72549019607843,"['AFiletcher\n2024\n', 'SanteeCoastalReserve\nChariestonCoSC\n\nEFLoPresti\nOmni 27OrmondHail\n', '2024\nDCR751\n']","['2024\n', 'CR\nCC05C\n\n30 27\n', '2024\nDCR751\n']","['2024\n', 'C\nCC05C\n\nP\n30 27\n', '2024\nC751\n']",modelv1.0__2026-05-17 06:45:08
D:/moth_photos/database\batch_05\img_moth_00008301.jpg,"[4000, 6000]",37.509803921568626,"['AFietcher\n2024\n', 'SanteeCoastalReserve\nChariestonCoSC\n9 EFLoPresti\n3 AALL4 OrmondHall\n', '2024\nDCR750\n']","['2024\n', 'CR\nCCC\n9\n3 R14 R\n', '2024\nDCR750\n']","['2024\n', 'C\nCCC\n9 P\n3 14\n', '2024\nC750\n']",modelv1.0__2026-05-17 06:45:08
D:/moth_photos/database\batch_05\img_moth_00008302.jpg,"[4000, 6000]",37.88,"['AFietcher\n2024\n', 'SanteeCoastaiReserve\nChartestofCoSC\nEFLoPresti\n\n30Ag2yOrmondHell\n', '2024\nDCR753\n']","['2024\n', 'CR\nCCC\n\n302\n', '2024\nDCR753\n']","['P\n2024\n', 'C\nCCC\nP\n\n302\n', '2024\nC753\n']",modelv1.0__2026-05-17 06:45:08
D:/moth_photos/database\batch_05\img_moth_00008303.jpg,"[4000, 6000]",37.74509803921569,"['Photographedby\nAFletcher\n2024\n', '2024\nDCR754\n', 'SanteeCoastalReserve\nCharlestonCoSC\n\n56 EFeLoPresti\nCPR 4 OrmondHall\n']","['2024\n', '2024\nDCR754\n', 'CR\nCCC\n\n56\nCR 4\n']","['P\n2024\n', '2024\nC754\n', 'C\nCCC\n\n56 PP\nCP 4\n']",modelv1.0__2026-05-17 06:45:08
D:/moth_photos/database\batch_05\img_moth_00008304.jpg,"[4000, 6000]",37.294117647058826,"['AFletcher\n2024\n', 'Es\nSanteeCoastalReserve\nChartestonCoSC\n\nftsprmon\n', '2024\nDCR761\n']","['2024\n', 'CR\nCC0C\n', '2024\nDCR761\n']","['P\n2024\n', 'CP\nCC0C\n', '2024\nC761\n']",modelv1.0__2026-05-17 06:45:08
D:/moth_photos/database\batch_05\img_moth_00008305.jpg,"[4000, 6000]",37.269230769230774,"['Photographedby\nAFletcher\n2024\n', '2024\nDCR757\n', 'SanteeCoastalReserve\nCharlestonCoSC\nEFLoPresti\n\n3OmPRLYOrmondHall\n']","['2024\n', '2024\nDCR757\n', 'CR\nCC0C\n\n30R\n']","['P\n2024\n', '2024\nC757\n', 'C\nCC0C\nP\n\n30P\n']",modelv1.0__2026-05-17 06:45:08
D:/moth_photos/database\batch_05\img_moth_00008306.jpg,"[4000, 6000]",37.431372549019606,"['Photographedby\nAFletcher\n2024\n', 'CharlestonCoSC\nEFleoPresti\n30op RK yy OrmondHall\n\noanteeCoastalReserve\n', '2024\nDCR762\n']","['2024\n', 'CCC\nR\n30 R\n\nCR\n', '2024\nDCR762\n']","['P\n2024\n', 'CCC\nP\n30P\n\nC\n', '2024\nC762\n']",modelv1.0__2026-05-17 06:45:08
D:/moth_photos/database\batch_05\img_moth_00008307.jpg,"[4000, 6000]",37.333333333333336,"['AFietcher\n2024\n', '2024\nDCR760\n', 'oameeCoastalReserve\nChartestonCoSC\n32 EFCoPresti\nmb 2OrmondHall\n']","['2024\n', '2024\nDCR760\n', 'CR\nCCC\n32 C\n2\n']","['2024\n', '2024\nPC760\n', 'C\nCCC\n32 CP\n2\n']",modelv1.0__2026-05-17 06:45:08
D:/moth_photos/database\batch_05\img_moth_00008308.jpg,"[4000, 6000]",37.84313725490196,"['AFletcher\n2024\n', 'SanteeCoastaiReserve\nCharlegtonCoSC\n\nSAnpg EFLoPresti\n\nLOrmondHail\n', '2024\nDCR758\n\n']","['2024\n', 'CR\nCCC\n', '2024\nDCR758\n\n']","['2024\n', 'C\nCCC\n\nP\n', '2024\nC758\n\n']",modelv1.0__2026-05-17 06:45:08
D:/moth_photos/database\batch_05\img_moth_00008309.jpg,"[4000, 6000]",37.1764705882353,"['', '2024\nDCR748\n', 'SanteeCosstelResorve\n\nB0nngatormend Hoa\n']","['', '2024\nDCR748\n', 'CR\n\n302\n']","['', '2024\nC748\n', 'C\n\n302\n']",modelv1.0__2026-05-17 06:45:08
D:/moth_photos/database\batch_05\img_moth_00008310.jpg,"[4000, 6000]",37.333333333333336,"['AFletcher\n2024\n', '2024\nDCR763\n', 'SanteeCoastalReserve\nCharlestonCoSC\n4 EFLoPresti\nnew ef t4 OrmondHall\n']","['2024\n', '2024\nDCR763\n', 'CR\nCCC\n4\n4\n']","['2024\n', '2024\nC763\n', 'C\nCCC\n4 P\n4\n']",modelv1.0__2026-05-17 06:45:08
D:/moth_photos/database\batch_05\img_moth_00008311.jpg,"[4000, 6000]",37.94,"['Photographedby\nAFletcher\n2024\n', 'SanteeCoastalReserve\nChartestonZoSC\nZ EFLoPresti\nConae 2qOrmondHall\n', '2024\nDCR747\n']","['2024\n', 'CR\nCC\nC 240\n', '2024\nDCR747\n']","['P\n2024\n', 'C\nCC\nP\nC 240\n', '2024\nC747\n']",modelv1.0__2026-05-17 06:45:08
D:/moth_photos/database\batch_05\img_moth_00008312.jpg,"[4000, 6000]",37.254901960784316,"['AFletcher\n2024\n', 'valteeUOaSalKeserve\nCharleston goSC\n\nEFLoPresti\nDeng YOrmondHail\n', '2024\nDCR765\n']","['2024\n', 'C0\nC 0C\n\nD C\n', '2024\nDCR765\n']","['2024\n', 'C0\nC 0C\n\nP\nC\n', '2024\nC765\n']",modelv1.0__2026-05-17 06:45:08
D:/moth_photos/database\batch_05\img_moth_00008313.jpg,"[4000, 6000]",37.88,"['Photographedby\nAFletcher\n2024\n', '2024\n\nDCR764\n', 'SanteeCoastalReserve\nCharlestqnCoSC\nEFLoPresti\n\n3m Afr OrmondHall\n']","['2024\n', '2024\n\nDCR764\n', 'CR\nCC0C\n\n3D\n']","['P\n2024\n', '2024\n\nPC764\n', 'C\nCC0C\nP\n\n3\n']",modelv1.0__2026-05-17 06:45:08
D:/moth_photos/database\batch_05\img_moth_00008314.jpg,"[4000, 6000]",37.86,"['AFletcher\n2024\n', 'SanteeCoastalReserve\nCharlestonCoSC\n\n13 EFLPresti\n\ni\n\nNpR24Bait\n', '2024\nDCR775\n']","['2024\n', 'CR\nCC0C\n13 R\n\nR24\n', '2024\nDCR775\n']","['2024\n', 'C\nCC0C\n13 P\n\n24\n', '2024\nC775\n']",modelv1.0__2026-05-17 06:45:08
D:/moth_photos/database\batch_05\img_moth_00008315.jpg,"[4000, 6000]",37.72549019607843,"['AFletcher\n2024\n', 'SanteeCoastalReserve\nChariestornCoSC\nEFLoPresti\n\n3\n\nMARIYBait\n', '2024\nDCR782\n']","['2024\n', 'CR\nCCC\n3\n\nR4\n', '2024\nDCR782\n']","['P\n2024\n', 'C\nCCC\nP\n\n3\n\n4\n', '2024\nPC782\n']",modelv1.0__2026-05-17 06:45:08
D:/moth_photos/database\batch_05\img_moth_00008316.jpg,"[4000, 6000]",37.94117647058824,"['AFletcher\n2024\n', '2024\nDCR771\n', 'SanteeCoastalReserve\nChartestenCoSC\ny EFLoPresti\n\nMAQaZ4Bait\n']","['2024\n', '2024\nDCR771\n', 'CR\nCC0C\n\n4\n']","['P\n2024\n', '2024\nPC771\n', 'C\nCC0C\nP\n\n4\n']",modelv1.0__2026-05-17 06:45:08
D:/moth_photos/database\batch_05\img_moth_00008317.jpg,"[4000, 6000]",37.88235294117647,"['AFletcher\n2024\n', 'SarteeCoastalReserve\nChartestonCoSC\n\n255 CoPresti\n', '2024\n\nDCR783\n']","['2024\n', 'CR\nCC0C\n\n255 C\n', '2024\n\nDCR783\n']","['P\n2024\n', 'C\nCC0C\n\n255 CP\n', '2024\n\nC783\n']",modelv1.0__2026-05-17 06:45:08
D:/moth_photos/database\batch_05\img_moth_00008318.jpg,"[4000, 6000]",37.549019607843135,"['AFiletcher\n2024\n', 'SanteeCoastalReserve\nChariestonCoSC\n\nMraRryBakt\n', '2024\nDCR781\n']","['2024\n', 'CR\nCC0C\n\nR\n', '2024\nDCR781\n']","['2024\n', 'C\nCC0C\n', '2024\nC781\n']",modelv1.0__2026-05-17 06:45:08
D:/moth_photos/database\batch_05\img_moth_00008319.jpg,"[4000, 6000]",37.86274509803922,"['AFletcher\n2024\n', 'SanteeCoastalReserve\nCharlestanCoSC\n\n13 EFLoPresti\nMARIYBait\n', '2024\nDCR778\n']","['2024\n', 'CR\nCCC\n\n13\nR\n', '2024\nDCR778\n']","['2024\n', 'C\nCCC\n13 P\n', '2024\nC778\n']",modelv1.0__2026-05-17 06:45:08
D:/moth_photos/database\batch_05\img_moth_00008320.jpg,"[4000, 6000]",37.490196078431374,"['AFietcher\n2024\n', 'SanteeCoastalReserve\nCharlestonCoSC\n\n13 E p LoPresti\nmMARLUYBait\n', '2024\nDCR776\n']","['2024\n', 'CR\nCCC\n\n13 D\nR\n', '2024\nDCR776\n']","['2024\n', 'C\nCCC\n13 P\n', '2024\nPC776\n']",modelv1.0__2026-05-17 06:45:08
D:/moth_photos/database\batch_05\img_moth_00008321.jpg,"[4000, 6000]",37.52941176470588,"['', '2024\nDCR780\n', 'es\nSarmteeCoastalReserve\nCnariestopCoSC\n4 EFLoPresh\nMARTUBat\n']","['', '2024\nDCR780\n', 'CR\nCCC\n4\nR\n']","['', '2024\nC780\n', 'C\nCCC\n4 P\n']",modelv1.0__2026-05-17 06:45:08
D:/moth_photos/database\batch_05\img_moth_00008322.jpg,"[4000, 6000]",37.82352941176471,"['AFietcher\n2024\n', '2024\nDCR779\n', '']","['2024\n', '2024\nDCR779\n', '']","['2024\n', '2024\nC779\n', '']",modelv1.0__2026-05-17 06:45:08
D:/moth_photos/database\batch_05\img_moth_00008323.jpg,"[4000, 6000]",37.372549019607845,"['nee\n\n2024\nDCR777\n', 'AFietcher\n2024\n', 'SanteeCoastalReserve\nCharleston Rove SC\n3 EFLdPresti\n\nMALLYBait\n']","['2024\nDCR777\n', '2024\n', 'CR\nC R C\n3\n\nRR\n']","['2024\nPC777\n', '2024\n', 'C\nC P C\n3 P\n']",modelv1.0__2026-05-17 06:45:08
D:/moth_photos/database\batch_05\img_moth_00008324.jpg,"[4000, 6000]",37.3921568627451,"['Photographedby\nAFletcher\n2024\n', 'SanteeCoastalReserve\nCharlestonCoSC\ny EFLPresti\n\nmpALeBait\n', '2024\nDCR774\n']","['2024\n', 'CR\nCC0C\n', '2024\nDCR774\n']","['P\n2024\n', 'C\nCC0C\nP\n', '2024\nC774\n']",modelv1.0__2026-05-17 06:45:08
D:/moth_photos/database\batch_05\img_moth_00008325.jpg,"[4000, 6000]",37.92,"['Photographedby\nAFletcher\n2024\n', '2024\nDCR773\n', 'SanteeCoastalReserve\nChartestonCo Sc\nEFLePresti\n2mndi4Bait\n']","['2024\n', '2024\nDCR773\n', 'CR\nCC C\n214\n']","['P\n2024\n', '2024\nC773\n', 'C\nCC C\nP\n214\n']",modelv1.0__2026-05-17 06:45:08
D:/moth_photos/database\batch_05\img_moth_00008326.jpg,"[4000, 6000]",37.94,"['Photographedby\nAFletcher\n2024\n', 'SanteeCoastalReserve\nChartestonCoSC\n\nEFLoPresti\nSenp Qr4Bait\n', '2024\nDCR784\n']","['2024\n', 'CR\nCC0C\n\n4\n', '2024\nDCR784\n']","['P\n2024\n', 'C\nCC0C\n\nP\n4\n', '2024\nC784\n']",modelv1.0__2026-05-17 06:45:08
D:/moth_photos/database\batch_05\img_moth_00008327.jpg,"[4000, 6000]",37.94,"['Photographedby\nAFletcher\n2024\n', 'oanteeCoastalReserve\nCharlestonCoSC\nEFLoPresti\n\nLm aQLyBait\n', '2024\nDCR772\n']","['2024\n', 'CR\nCCC\n\n3\n', '2024\nDCR772\n']","['P\n2024\n', 'C\nCCC\nP\n\n3\n', '2024\nC772\n']",modelv1.0__2026-05-17 06:45:08
D:/moth_photos/database\batch_05\img_moth_00008328.jpg,"[4000, 6000]",37.8,"['AFletcher\n2024\n', 'SanteeCoastalReserve\nChartestonCoSC\n\n3 EFeLoPresti\nMari2yBait\n', '2024\nDCR770\n']","['2024\n', 'CR\nCC0C\n\n3\n2\n', '2024\nDCR770\n']","['2024\n', 'C\nCC0C\n\n3 P\n2\n', '2024\nC770\n']",modelv1.0__2026-05-17 06:45:08
D:/moth_photos/database\batch_05\img_moth_00008329.jpg,"[4000, 6000]",37.490196078431374,"['AFletcher\n2024\n', 'SanteeCoastalReserve\nChariestonCoSC\nELoPresti\n\nLSMmAR2Bat\n', '2024\nDCR769\n']","['2024\n', 'CR\nCCC\n\n3R2\n', '2024\nDCR769\n']","['2024\n', 'C\nCCC\nP\n\n32\n', '2024\nC769\n']",modelv1.0__2026-05-17 06:45:08
D:/moth_photos/database\batch_05\img_moth_00008330.jpg,"[4000, 6000]",37.470588235294116,"['Photographedby\nAFletcher\n2024\n', '2024\nDCR788\n', 'SanteeCoastalReserve\nCharlestonCoSC\nb EFLoPresti\nMAAt4Bait\n']","['2024\n', '2024\nDCR788\n', 'CR\nCCC\n4\n']","['P\n2024\n', '2024\nC788\n', 'C\nCCC\nP\n4\n']",modelv1.0__2026-05-17 06:45:08
D:/moth_photos/database\batch_05\img_moth_00008331.jpg,"[4000, 6000]",37.254901960784316,"['Photographedby\nAFletcher\n2024\n', 'SanteeCoastaiReserve\nChartestonCoSC\n', '2024\n\nDCR789\n']","['2024\n', 'CR\nCC0C\n', '2024\n\nDCR789\n']","['P\n2024\n', 'C\nCC0C\n', '2024\n\nC789\n']",modelv1.0__2026-05-17 06:45:08
D:/moth_photos/database\batch_05\img_moth_00008332.jpg,"[4000, 6000]",37.21568627450981,"['AFietcher\n2024\n', 'SanteeCoastalReserve\nChariestonCoSC\n\nmadyyBatt\n', '2024\n\nDCR786\n']","['2024\n', 'CR\nCC0C\n', '2024\n\nDCR786\n']","['2024\n', 'C\nCC0C\n', '2024\n\nC786\n']",modelv1.0__2026-05-17 06:45:08
D:/moth_photos/database\batch_05\img_moth_00008333.jpg,"[4000, 6000]",37.74509803921569,"['AFletcher\n2024\n', 'SanteeCoastalReserve\nChartes onCoSC\noPresti\n\nomp aazy Bait\n', '2024\nDCR785\n\n']","['2024\n', 'CR\nC 0CC\n\nR\n', '2024\nDCR785\n\n']","['2024\n', 'CP\nC 0CC\nP\n', '2024\nC785\n\n']",modelv1.0__2026-05-17 06:45:08
D:/moth_photos/database\batch_05\img_moth_00008334.jpg,"[4000, 6000]",37.30769230769231,"['Photographedby\nAFletcher\n2024\n', 'SanteeCoastalReserve\nCharlestonCoSC\nEFL8Presti\n\n12 HAR3Bait\n', '2024\nDCR787\n']","['2024\n', 'CR\nCCC\n8\n\n12 R3\n', '2024\nDCR787\n']","['P\n2024\n', 'C\nCCC\n8P\n\n12 3\n', '2024\nC787\n']",modelv1.0__2026-05-17 06:45:08
D:/moth_photos/database\batch_05\img_moth_00008335.jpg,"[4000, 6000]",37.333333333333336,"['AFietcher\n2024\n', '', '2024\nDCR790\n']","['2024\n', '', '2024\nDCR790\n']","['P\n2024\n', '', '2024\nC790\n']",modelv1.0__2026-05-17 06:45:08
D:/moth_photos/database\batch_05\img_moth_00008336.jpg,"[4000, 6000]",31.02040816326531,"['SanteeCoastalReserve\nCharlestonCoSC\nEFLoPresti\n\n2GrmrR24OrmondHall\n', 'Photographedby\nAFletcher\n2024\n']","['CR\nCCC\n\n24R24C\n', '2024\n']","['C\nCCC\nP\n\n2424C\n', 'P\n2024\n']",modelv1.0__2026-05-17 06:45:08
D:/moth_photos/database\batch_05\img_moth_00008337.jpg,"[4000, 6000]",30.879999999999995,"['2024\nDCR791\n', 'SanteeCoastalReserve\nCharlestonCoSC\nEFLoPresti\n\nLam a 4 OrmondHall\n', 'Photographedby\nAFletcher\n2024\n']","['2024\nDCR791\n', 'CR\nCCC\n\n4 C\n', '2024\n']","['2024\nC791\n', 'C\nCCC\nP\n\n4 C\n', 'P\n2024\n']",modelv1.0__2026-05-17 06:45:08
D:/moth_photos/database\batch_05\img_moth_00008338.jpg,"[4000, 6000]",31.06,"['2024\nDCR791\n', 'Santee CoastalReserve\nCharlestonCoSC\nEFLoPresti\n\nZam hRLYOrmondHall\n', 'Photographedby\nAFletcher\n2024\n']","['2024\nDCR791\n', 'CR\nCC0C\n\nR4C\n', '2024\n']","['2024\nC791\n', 'C\nCC0C\nP\n\n4C\n', 'P\n2024\n']",modelv1.0__2026-05-17 06:45:08
D:/moth_photos/database\batch_05\img_moth_00008339.jpg,"[4000, 6000]",32.244897959183675,"['2024\nDCR792\n', 'SanteeCoastalReserve\nCharlestonCoSC\n', 'AFietcher\n2024\n', '']","['2024\nDCR792\n', 'CR\nCCC\n', '2024\n', '']","['2024\nC792\n', 'C\nCCC\n', 'P\n2024\n', '']",modelv1.0__2026-05-17 06:45:08
D:/moth_photos/database\batch_05\img_moth_00008340.jpg,"[4000, 6000]",31.840000000000003,"['2024\nDCR792\n', 'SanteeCoastalReserve\nChariestonCoSC\n', 'AFietcher\n2024\n', '']","['2024\nDCR792\n', 'CR\nCC0C\n', '2024\n', '']","['2024\nC792\n', 'C\nCC0C\n', 'P\n2024\n', '']",modelv1.0__2026-05-17 06:45:08
D:/moth_photos/database\batch_05\img_moth_00008341.jpg,"[4000, 6000]",32.204081632653065,"['2024\nDCR794\n', 'SanteeCoastalReserve\nChariestonCoSC\nqa5 EFLoPresti\n\nf2254Cape\n', 'hotographed\nAFletcher\n20232024\n', '']","['2024\nDCR794\n', 'CR\nCCC\n745 0\n\n2254C\n', '20232024\n', '']","['2024\nPC794\n', 'C\nCCC\n745 P0P\n\n2254C\n', '20232024\n', '']",modelv1.0__2026-05-17 06:45:08
D:/moth_photos/database\batch_05\img_moth_00008342.jpg,"[4000, 6000]",32.326530612244895,"['2024\nDCR794\n', 'SanteeCoastalReserve\nChaetot CoSC\n\nPy EFLoPresti\nFintDs4Cape\n', 'hotographed\nAFletcher\n20232024\n', '']","['2024\nDCR794\n', 'CR\nC CC\nD4C\n', '20232024\n', '']","['2024\nPC794\n', 'CP\nC CC\n\nP P\n4C\n', '20232024\n', '']",modelv1.0__2026-05-17 06:45:08
D:/moth_photos/database\batch_05\img_moth_00008343.jpg,"[4000, 6000]",32.244897959183675,"['2024\nDCR797\n', 'SanteeCoastalReserve\nCharleston CoSC\n\nEFLePresti\nSlmaQ24Mazyck\n', 'Photographed\nAFletcher\n20232024\n']","['2024\nDCR797\n', 'CR\nC CC\n\n24\n', '20232024\n']","['2024\nC797\n', 'CP\nC CC\n\nPP\n24\n', 'P\n20232024\n']",modelv1.0__2026-05-17 06:45:08
D:/moth_photos/database\batch_05\img_moth_00008344.jpg,"[4000, 6000]",32.44897959183673,"['2024\nDCR798\n', 'SanteeCoastalReserve\nCharlestonCoSC\nAFletgher\nOpn zy JamesCane\n', 'PHAOYaheuvy\nAFletcher\n2024\n', '']","['2024\nDCR798\n', 'CR\nCC0C\nDD C\n', 'C\n2024\n', '']","['2024\nC798\n', 'C\nCC0C\nC\n', 'PC\n2024\n', '']",modelv1.0__2026-05-17 06:45:08
D:/moth_photos/database\batch_05\img_moth_00008345.jpg,"[4000, 6000]",32.36734693877551,"['2024\nDCR798\n', 'SanteeCoastalReserve\nCharleston ie Sc\nA Fletgh\nDonk zy Tomes Cane\n', 'TIMAUQaARuVy\nAFletcher\n2024\n', '']","['2024\nDCR798\n', 'CR\nC C\nD C\n', 'R\n2024\n', '']","['2024\nC798\n', 'C\nC C\nC\n', 'P\n2024\n', '']",modelv1.0__2026-05-17 06:45:08
D:/moth_photos/database\batch_05\img_moth_00008346.jpg,"[4000, 6000]",36.64,"['AFietcher\n2024\n', '2024\nDCR795\n', 'SarteeCoastalReserve\nChariestonCoSC\nEFLoPresti\n\n24 matZl4Cae\n', '']","['2024\n', '2024\nDCR795\n', 'CR\nCCC\n0\n\n24 4C\n', '']","['P\n2024\n', '2024\nC795\n', 'C\nCCC\n0P\n\n24 4C\n', '']",modelv1.0__2026-05-17 06:45:08
D:/moth_photos/database\batch_05\img_moth_00008347.jpg,"[4000, 6000]",37.14,"['Photographedby\nAFletcher\n2024\n', '2024\nDCR796\n', 'SanteeCoastalReserve\nCrane CoSC\n\nAmr TyCape\n']","['2024\n', '2024\nDCR796\n', 'CR\nC CC\n\n1 C\n']","['P\n2024\n', '2024\nC796\n', 'C\nC CC\n\n1 C\n']",modelv1.0__2026-05-17 06:45:08
D:/moth_photos/database\batch_05\img_moth_00008348.jpg,"[4000, 6000]",36.86,"['', 'SanteeCoastalReserve\nCharteston CoSC\nz EFLoPresti\n\nNRLLYincidental\n', '2024\nDCR793\n']","['', 'CR\nC CC\n\nR\n', '2024\nDCR793\n']","['', 'C\nC CC\nP\n', '2024\nC793\n']",modelv1.0__2026-05-17 06:45:08
D:/moth_photos/database\batch_05\img_moth_00008349.jpg,"[4000, 6000]",37.54,"['SanteeCoastalReserve\nCharlestonCoSC\n\ns EFcoPresti\n\n3jmRG2SandPit\n', 'Photoaranhedbv\nMEStessman\n2024\n', '2024\nDCR799\n\n']","['CR\nCCC\n\nC0R\n\n3R2R\n', '2024\n', '2024\nDCR799\n\n']","['C\nCCC\n\nC0P\n\n32P\n', 'P\n2024\n', '2024\nPC799\n\n']",modelv1.0__2026-05-17 06:45:08
D:/moth_photos/database\batch_05\img_moth_00008350.jpg,"[4000, 6000]",37.64,"['Photoarachedbv\nMEStessman\n2024\n', 'SanteeCoastalReserve\nCharlestonCoSC\n\nEFboPresti\n\n24CollinsCreek\n', '2024\nDCR930\n']","['2024\n', 'CR\nCC0C\n24CC\n', '2024\nDCR930\n']","['P\n2024\n', 'C\nCC0C\n\nP\n\n24CC\n', '2024\nC930\n']",modelv1.0__2026-05-17 06:45:08
D:/moth_photos/database\batch_05\img_moth_00008351.jpg,"[4000, 6000]",37.48,"['SanteeCoastalResery\nCharlestanCoSC\nEFLoPresti\niARTYSandPit\n', 'Photoaraohedbv\nMEStessman\n2024\n', '2024\nDCR800\n']","['CR\nCC0C\nRD4\n', '2024\n', '2024\nDCR800\n']","['C\nCC0C\nP\n4P\n', 'P\n2024\n', '2024\nC800\n']",modelv1.0__2026-05-17 06:45:08
D:/moth_photos/database\batch_05\img_moth_00008352.jpg,"[4000, 6000]",37.660000000000004,"['2024\nDCR931\n', 'Photoaaohedbv\nNMEStessman\n2024\n', 'coastal Reserve\n\nstonCoSS\n\na Lopresti\nETGottinsCreek\n', '']","['2024\nDCR931\n', '2024\n', 'R\nC0\nCC\n', '']","['2024\nPC931\n', 'P\n2024\n', 'C0\nP\nCC\n', '']",modelv1.0__2026-05-17 06:45:08
D:/moth_photos/database\batch_05\img_moth_00008353.jpg,"[4000, 6000]",37.88,"['2024\nDCR801\n', 'Photoaraohedby\nMEStessman\n2024\n', 'SanteeCoastalReserve\nCharlestonCoSC\n4 EFLoPresti\n\nJmadzySandPit\n']","['2024\nDCR801\n', '2024\n', 'CR\nCCC\n4\n\n7\n']","['2024\nPC801\n', 'P\n2024\n', 'C\nCCC\n4 P\n\n7P\n']",modelv1.0__2026-05-17 06:45:08
D:/moth_photos/database\batch_05\img_moth_00008354.jpg,"[4000, 6000]",37.46,"['SanteeCoastalReserve\nCharlestonCoSC\n\nEFLoPresti\n3Dea6xColingCreek\n', 'Photoaraohedbv\nMEStessman\n2024\n', '2024\nDCR932\n\n']","['CR\nCC0C\n\n3D6CC\n', '2024\n', '2024\nDCR932\n\n']","['CP\nCC0C\n\nP\n396CC\n', 'P\n2024\n', '2024\nPC932\n\n']",modelv1.0__2026-05-17 06:45:08
D:/moth_photos/database\batch_05\img_moth_00008355.jpg,"[4000, 6000]",37.86,"['Photoaraohedbv\nMEStessman\n2024\n', 'SanteeCoastalReserve\nCharlestonCoSC\nEFLoPresti\n\nSlate 24dSandPit\n', '2024\nDCR802\n']","['2024\n', 'CR\nCCC\n24R\n', '2024\nDCR802\n']","['P\n2024\n', 'C\nCCC\nP\n\n24P\n', '2024\nPC802\n']",modelv1.0__2026-05-17 06:45:08
D:/moth_photos/database\batch_05\img_moth_00008356.jpg,"[4000, 6000]",37.64,"['Photoaraohedbv\nMEStessman\n', 'SanteeCoastalReserve\nCharlestonCoSC\nEFLpPresti\nwaifiCollinsCreek\n\n', '2024\nDCR933\n']","['', 'CR\nCCC\nR\nCC\n\n', '2024\nDCR933\n']","['P\n', 'C\nCCC\nPP\nCC\n\n', '2024\nC933\n']",modelv1.0__2026-05-17 06:45:08
D:/moth_photos/database\batch_05\img_moth_00008357.jpg,"[4000, 6000]",37.96,"['Photoaranhedbv\nMEStessman\n2024\n', '2024\nDCR808\n', 'SanteeCoastalReserve\nCharlest8nCoSC\nEFLoPresti\n\nC Meee 4SandPit\n']","['2024\n', '2024\nDCR808\n', 'CR\nC8CC\n\nC R 4\n']","['P\n2024\n', '2024\nPC808\n', 'C\nC8CC\nP\n\nC 4P\n']",modelv1.0__2026-05-17 06:45:08
D:/moth_photos/database\batch_05\img_moth_00008358.jpg,"[4000, 6000]",37.235294117647065,"['Photoaraohedbv\nMEStessman\n2024\n', '2024\nDCR938\n', 'eC\nSanteeCoastalReserve\nCharlestonCoSC\nEFeLoPresti\nCollinsCreek\n']","['2024\n', '2024\nDCR938\n', 'CC\nCR\nCCC\nCC\n']","['P\n2024\n', '2024\nC938\n', 'CC\nC\nCCC\nP\nCC\n']",modelv1.0__2026-05-17 06:45:08
D:/moth_photos/database\batch_05\img_moth_00008359.jpg,"[4000, 6000]",37.68,"['SanteeCoastalReserv\nCharlegtonCoSC\nEFLoPresti\n\n3 fPof2SandPit\n', 'Photoaraohedbv\nMEStessman\n2024\n', '2024\nDCR803\n']","['CR\nCCC\n3 2\n', '2024\n', '2024\nDCR803\n']","['C\nCCC\nP\n\n3 P2P\n', 'P\n2024\n', '2024\nC803\n']",modelv1.0__2026-05-17 06:45:08
D:/moth_photos/database\batch_05\img_moth_00008360.jpg,"[4000, 6000]",37.372549019607845,"['2024\nDCR936\n', 'Photoaraohedbv\nMEStessman\n2024\n', 'SFPetfsr\nSanteeCoastal Reserve\nCharlestonCO S\nEFUprrest\nBoke GollinsCreek\n\n']","['2024\nDCR936\n', '2024\n', 'C R\nCC0\nCC\n\n']","['2024\nC936\n', 'P\n2024\n', 'P\nC\nCC0\nCC\n\n']",modelv1.0__2026-05-17 06:45:08
D:/moth_photos/database\batch_05\img_moth_00008361.jpg,"[4000, 6000]",37.52,"['Photoaaohedbv\nMEStessman\n2024\n', 'SanteeCoastalReserve\nCharlestonCoSC\nEFeLoPresti\nfPPS qSandPit\n', '2024\nDCR804\n']","['2024\n', 'CR\nCCC\n', '2024\nDCR804\n']","['P\n2024\n', 'CP\nCCC\nP\nPP P\n', '2024\nC804\n']",modelv1.0__2026-05-17 06:45:08
D:/moth_photos/database\batch_05\img_moth_00008362.jpg,"[4000, 6000]",37.372549019607845,"['vanieeCoasialneserve\nCharlestonCoSC\nyEFLoPresti\neeCollinsCreek\n', 'Photoaraohedbv\nMEStessman\n2024\n', '2024\nDCR937\n\n']","['C\nCCC\n0\nCC\n', '2024\n', '2024\nDCR937\n\n']","['C\nCCC\n0P\nCC\n', 'P\n2024\n', '2024\nC937\n\n']",modelv1.0__2026-05-17 06:45:08
D:/moth_photos/database\batch_05\img_moth_00008363.jpg,"[4000, 6000]",37.88,"['Photoaraohedbv\nMEStessman\n2024\n', 'SanteeCoastal Reserv\nCharlestpnCoSC\nFLoPresti\n\nae\n\noTALYYSandPit\n', '2024\nDCR805\n']","['2024\n', 'C R\nCCC\n\nR\n', '2024\nDCR805\n']","['P\n2024\n', 'C\nCCC\nP\n\nP\n', '2024\nPC805\n']",modelv1.0__2026-05-17 06:45:08
D:/moth_photos/database\batch_05\img_moth_00008364.jpg,"[4000, 6000]",37.8,"['2024\nDCR935\n', 'Photoaraohedbv\nMEStessman\n2024\n', 'sGallinsCreek\n']","['2024\nDCR935\n', '2024\n', 'C1\n']","['2024\nC935\n', 'P\n2024\n', 'C1\n']",modelv1.0__2026-05-17 06:45:08
D:/moth_photos/database\batch_05\img_moth_00008365.jpg,"[4000, 6000]",37.450980392156865,"['Photoaraohedbv\nMEStessman\n2024\n', '2024\nDCR806\n', 'SS\nSantee Coastal Reserve\nCharleston Co S\n']","['2024\n', '2024\nDCR806\n', 'C R\nC C\n']","['P\n2024\n', '2024\nC806\n', 'C\nC C\n']",modelv1.0__2026-05-17 06:45:08
D:/moth_photos/database\batch_05\img_moth_00008366.jpg,"[4000, 6000]",37.74,"['Photoaranhedby\nMEStessman\n2024\n', 'SanteeCoastalReserve\nChariestonCoSC\ns2 E F LoPresti\nirhlColtingCreek\n', '2024\nDCR934\n\n']","['2024\n', 'CR\nCCC\n2\nCC\n', '2024\nDCR934\n\n']","['P\n2024\n', 'C\nCCC\n2 P\nCC\n', '2024\nC934\n\n']",modelv1.0__2026-05-17 06:45:08
D:/moth_photos/database\batch_05\img_moth_00008367.jpg,"[4000, 6000]",37.372549019607845,"['Photoaraohedbv\nMEStessman\n2024\n', '2024\nDCR807\n', '']","['2024\n', '2024\nDCR807\n', '']","['P\n2024\n', '2024\nPC807\n', '']",modelv1.0__2026-05-17 06:45:08
D:/moth_photos/database\batch_05\img_moth_00008368.jpg,"[4000, 6000]",37.64705882352941,"['2024\nDCR939\n', 'Photoaraohedbv\nMEStessman\n', 'SanteeCoastalReserve\n\noo\n\nChaygestonCoSC\nEFoPresti\nfwCape\n\nf\n\nVw\na\n']","['2024\nDCR939\n', '', 'CR\n\nCC0C\nC\n']","['2024\nPC939\n', 'P\n', 'C\n\nCC0C\nP\nC\n']",modelv1.0__2026-05-17 06:45:08
D:/moth_photos/database\batch_05\img_moth_00008369.jpg,"[4000, 6000]",37.372549019607845,"['Photodaohedbv\nMEStessman\n2024\n', '2024\nDCR809\n', 'A\nSanteeCoastaiReserve\nCharlestonCoSC\n3 EFLoPresti\nmypF e7SandPit\n\nYY\n']","['2024\n', '2024\nDCR809\n', 'CR\nCCC\n3\n7\n']","['P\n2024\n', '2024\nC809\n', 'C\nCCC\n3 P\n7P\n']",modelv1.0__2026-05-17 06:45:08
D:/moth_photos/database\batch_05\img_moth_00008370.jpg,"[4000, 6000]",37.92,"['SanteeCoastalReserve\nChartestonCoSC\nZj EF fdoPresti\nai An rie 3 Cape\n\nBe\n', 'Photoaraohedbv\nMEStessman\n2024\n', '2024\nDCR945\n\n']","['CR\nCC0C\n4\n4 3 C\n', '2024\n', '2024\nDCR945\n\n']","['C\nCC0C\n4 P\n4 3 C\n', 'P\n2024\n', '2024\nPC945\n\n']",modelv1.0__2026-05-17 06:45:08
D:/moth_photos/database\batch_05\img_moth_00008371.jpg,"[4000, 6000]",37.82,"['2024\nDCR810\n\nS\n', 'vanteeCoastalReserve\nCharlestonCoSC\nE F 0Presti\nmeoNY mi uSSand Pit\n\n', 'Photoaraohedbv\nMEStessman\n2024\n']","['2024\nDCR810\n', 'CR\nCC0C\n0\nD\n\n', '2024\n']","['2024\nPC810\n', 'CP\nCC0C\n0P\nP\n\n', 'P\n2024\n']",modelv1.0__2026-05-17 06:45:08
D:/moth_photos/database\batch_05\img_moth_00008372.jpg,"[4000, 6000]",37.568627450980394,"['2024\nDCR940\n', 'Photoaraohedby\nMEStessman\n2024\n', 'SanteeCoastalReserve\nCharlestonCoSC\n\nEFLoPresti\noo Cape\n\n']","['2024\nDCR940\n', '2024\n', 'CR\nCC0C\n\nC\n\n']","['2024\nC940\n', 'P\n2024\n', 'CP\nCC0C\n\nP\nC\n\n']",modelv1.0__2026-05-17 06:45:08
D:/moth_photos/database\batch_05\img_moth_00008373.jpg,"[4000, 6000]",37.94,"['vanteeCoastalReserve\nCharlestgnCoSC\nEFLoPresti\nsPwRDaSandPit\n', 'Photoaraohedbv\nMEStessman\n', '7024\n\n']","['CR\nCCC\nRD4\n', '', '7024\n\n']","['C\nCCC\nP\nP4P\n', 'P\n', '7024\n\n']",modelv1.0__2026-05-17 06:45:08
D:/moth_photos/database\batch_05\img_moth_00008374.jpg,"[4000, 6000]",37.58823529411765,"['Photoaraohedby\nMEStessman\n2024\n', '2024\nDCR941\n', '']","['2024\n', '2024\nDCR941\n', '']","['P\n2024\n', '2024\nC941\n', '']",modelv1.0__2026-05-17 06:45:08
D:/moth_photos/database\batch_05\img_moth_00008375.jpg,"[4000, 6000]",37.35294117647059,"['Photoaraohedbv\nMEStessman\n2024\n', '2024\nDCR812\n', 'bc\nSanteeCoastalReserve\nCharleston CoSC\nEF LoPresti\n7feooSandPit\n\n']","['2024\n', '2024\nDCR812\n', 'CR\nC CC\n7DR\n\n']","['P\n2024\n', '2024\nC812\n', 'C\nC CC\nP\n7P\n\n']",modelv1.0__2026-05-17 06:45:08
D:/moth_photos/database\batch_05\img_moth_00008376.jpg,"[4000, 6000]",37.450980392156865,"['Photoaaohedbv\nMEStessman\n2024\n', 'SanteeCoastalReserve\nCharlestonCoSC\nEFpoPresti\nS Ay aa 4 Cape\n', '2024\n\nDCR943\n']","['2024\n', 'CR\nCC0C\n0\n4 C\n', '2024\n\nDCR943\n']","['P\n2024\n', 'C\nCC0C\n0P\n4 C\n', '2024\n\nC943\n']",modelv1.0__2026-05-17 06:45:08
D:/moth_photos/database\batch_05\img_moth_00008377.jpg,"[4000, 6000]",37.88,"['Photoaaohedbv\nMEStessman\n2024\n', 'SanteeCoastalReserve\nCharlestonCoSC\n2ELFeLoPresti\npog4SandPit\n', '2024\nDCR813\n']","['2024\n', 'CR\nCC0C\n2\n4R\n', '2024\nDCR813\n']","['P\n2024\n', 'C\nCC0C\n2P\n4P\n', '2024\nC813\n']",modelv1.0__2026-05-17 06:45:08
D:/moth_photos/database\batch_05\img_moth_00008378.jpg,"[4000, 6000]",37.8,"['2024\nDCR946\n', 'SanteeCoastalReserve\nCharlestonCoSC\n\nve EFeoPresti\nApP7tCape\n', 'Photoaraohedbv\nMEStessman\n2024\n']","['2024\nDCR946\n', 'CR\nCC0C\n7C\n', '2024\n']","['2024\nC946\n', 'C\nCC0C\nPP\nPP7C\n', 'P\n2024\n']",modelv1.0__2026-05-17 06:45:08
D:/moth_photos/database\batch_05\img_moth_00008379.jpg,"[4000, 6000]",37.235294117647065,"['Photoaraohedbv\nMEStessman\n2024\n', 'SanteeCoastalReserve\nCharleston CoSC\nEFLoPresti\nAL9Sandpit\n\n', '2or\ncrot\n\na\n\n']","['2024\n', 'CR\nC C0C\n9\n\n', '20\n\n']","['P\n2024\n', 'C\nC C0C\nP\n9P\n\n', '20\n\n']",modelv1.0__2026-05-17 06:45:08
D:/moth_photos/database\batch_05\img_moth_00008380.jpg,"[4000, 6000]",37.86,"['Photoaaohedbv\nMEStessman\n2024\n', '2024\nDCR947\n', 'SanteeCoastalReserve\nCharlestanCoSC\na EFLoPresti\n']","['2024\n', '2024\nDCR947\n', 'CR\nCC0C\n']","['P\n2024\n', '2024\nPC947\n', 'C\nCC0C\nP\n']",modelv1.0__2026-05-17 06:45:08
D:/moth_photos/database\batch_05\img_moth_00008381.jpg,"[4000, 6000]",37.68627450980392,"['Photoaraohedbv\nMEStessman\n2024\n', '2024\nDCR815\n', 'itiamen\nSantee Coastal Reselve\n\nCharleston Co\nEF LoPresti\nre SandPit\n']","['2024\n', '2024\nDCR815\n', 'C R\n\nC C\n']","['P\n2024\n', '2024\nC815\n', 'C\n\nC C\nP\nP\n']",modelv1.0__2026-05-17 06:45:08
D:/moth_photos/database\batch_05\img_moth_00008382.jpg,"[4000, 6000]",37.54,"['Photoaraohedbv\nMEStessman\n2024\n', 'SanteeCoastalReserve\nCha nCoSC\noEF 9Presti\nf ra Cape\n', '2024\nDCR942\n']","['2024\n', 'CR\nC CC\nC 9\nC\n', '2024\nDCR942\n']","['P\n2024\n', 'C\nC CC\nC 9P\nP C\n', '2024\nPC942\n']",modelv1.0__2026-05-17 06:45:08
D:/moth_photos/database\batch_05\img_moth_00008383.jpg,"[4000, 6000]",37.607843137254896,"['Photoaraohedbv\nMEStessman\n2024\n', '2024\nDCR816\n', 'SanteeCoastalReserve\nChariestonCoSC\nE d oPresti\n\nY SandPit\n']","['2024\n', '2024\nDCR816\n', 'CR\nCCC\n']","['P\n2024\n', '2024\nPC816\n', 'C\nCCC\nP\n\nP\n']",modelv1.0__2026-05-17 06:45:08
D:/moth_photos/database\batch_05\img_moth_00008384.jpg,"[4000, 6000]",37.96,"['SanteeCoastalReserve\nCharlestonCoSC\nEFLoPresti\na wyrfFwCape\n', 'Photoaraohedbv\nMEStessman\n', '2024\nDCR949\n']","['CR\nCCC\n7C\n', '', '2024\nDCR949\n']","['CP\nCCC\nP\n7C\n', 'P\n', '2024\nC949\n']",modelv1.0__2026-05-17 06:45:08
D:/moth_photos/database\batch_05\img_moth_00008385.jpg,"[4000, 6000]",37.52941176470588,"['2024\nDCR817\n', 'SanteeCoastalReserve\nCharlestonCoSC\n\n2 EFPoPresti\ni mBeLY SandPit\n', 'Photoaaohedbv\nMEStessman\n2024\n']","['2024\nDCR817\n', 'CR\nCCC\n\n2 R\n', '0\n2024\n']","['2024\nC817\n', 'C\nCCC\n\n2 PP\nP\n', 'P0\n2024\n']",modelv1.0__2026-05-17 06:45:08
D:/moth_photos/database\batch_05\img_moth_00008386.jpg,"[4000, 6000]",37.607843137254896,"['Photoaaohedbv\nMEStessman\n2024\n', 'SanteeCoastaiReserve\nChariestonCoSC\nE FeLoPresti\n', '2024\nDCR944\n']","['2024\n', 'CR\nCCC\n0\n', '2024\nDCR944\n']","['P\n2024\n', 'C\nCCC\n0P\n', '2024\nC944\n']",modelv1.0__2026-05-17 06:45:08
D:/moth_photos/database\batch_05\img_moth_00008387.jpg,"[4000, 6000]",37.549019607843135,"['2024\nDCR818\n', 'Photoaraohedbv\nMEStessman\n2024\n', 'SanteeCoastalReserve\nCharlestonCoSC\n\n2 EFLoPresti\n\nSiR 1SandPit\n']","['2024\nDCR818\n', '2024\n', 'CR\nCCC\n\n2\n\nR 1\n']","['2024\nC818\n', 'P\n2024\n', 'C\nCCC\n\n2 P\n\nPP 1P\n']",modelv1.0__2026-05-17 06:45:08
D:/moth_photos/database\batch_05\img_moth_00008388.jpg,"[4000, 6000]",37.839999999999996,"['', '2024\nDCR948\n', 'Photoaraohedbv\nMEStessman\n2024\n']","['', '2024\nDCR948\n', '2024\n']","['', '2024\nPC948\n', 'P\n2024\n']",modelv1.0__2026-05-17 06:45:08
D:/moth_photos/database\batch_05\img_moth_00008389.jpg,"[4000, 6000]",37.509803921568626,"['Photoaraohedbv\nMEStessman\n2024\n', '2024\nDCR819\n', 'Santee Coastal Reserve\nCharleston Co\n\n5 EF LoPresti\npideBeye tjSand Pit\n\nis\n']","['2024\n', '2024\nDCR819\n', 'C R\nC C\n\n5\nD\n']","['P\n2024\n', '2024\nC819\n', 'C\nC C\n\n5 P\nP\n']",modelv1.0__2026-05-17 06:45:08
D:/moth_photos/database\batch_05\img_moth_00008390.jpg,"[4000, 6000]",37.254901960784316,"['SanteeCoastalReserve\nCharlestonCoSC\n\nEFLoPresti\n3 jaa ai33OrmondHall\n', 'Photoaraohedbv\nNEStessman\n2024\n', '2024\nDCR950\n']","['CR\nCC0C\n\n3 33C\n', '2024\n', '2024\nDCR950\n']","['C\nCC0C\n\nPP\n3 33C\n', 'P\n2024\n', '2024\nC950\n']",modelv1.0__2026-05-17 06:45:08
D:/moth_photos/database\batch_05\img_moth_00008391.jpg,"[4000, 6000]",37.431372549019606,"['2024\nDCR820\n', 'Photoaraohedbv\nMEStessman\n2024\n', 'Udpueg4Ag\nAS21407 eh 3 ie\nOS0D uojSayey5\nSMBSEYBJSEODaajuec\n']","['2024\nDCR820\n', '2024\n', '4\n21407 3 12\n0D 5\n20DC\n']","['2024\nPC820\n', 'P\n2024\n', 'WP4\n21407 3 12\n05 5\n2P05C\n']",modelv1.0__2026-05-17 06:45:08
D:/moth_photos/database\batch_05\img_moth_00008392.jpg,"[4000, 6000]",37.92,"['Photoaraohedby\nMEStessman\n2024\n', 'SanteeCoastalReserve\nChariestonCoSC\na A FLoPresti\n\nf\n\nOTA LY OrmondHall\n', '2024\nDCR951\n']","['2024\n', 'CR\nCCC\n0\n\n1 2\n', '2024\nDCR951\n']","['P\n2024\n', 'C\nCCC\n0P\n\n1 2\n', '2024\nC951\n']",modelv1.0__2026-05-17 06:45:08
D:/moth_photos/database\batch_05\img_moth_00008393.jpg,"[4000, 6000]",37.509803921568626,"['MEStessman\n2024\n', '2024\nDCR821\n', 'vanteeCoastalReserve\nCharlesjonCoSC\n\nEFLoPresti\n\nSjtpefinySandPit\n\n']","['2024\n', '2024\nDCR821\n', 'CR\nCC0C\n3R\n\n']","['2024\n', '2024\nC821\n', 'CP\nCC0C\n\nP\n\n3P\n\n']",modelv1.0__2026-05-17 06:45:08
D:/moth_photos/database\batch_05\img_moth_00008394.jpg,"[4000, 6000]",37.900000000000006,"['2024\nDCR952\n', 'Photoaraohedbv\nMEStessman\n2024\n', 'eC\nSanteeCoastalReserve\nCharlestonCoSC\nEFLoPresti\n7exY2OrmondHall\n']","['2024\nDCR952\n', '2024\n', 'CC\n\nCR\nCC0C\n720\n']","['2024\nC952\n', 'P\n2024\n', 'CC\nC\nCC0C\nP\n720\n']",modelv1.0__2026-05-17 06:45:08
D:/moth_photos/database\batch_05\img_moth_00008395.jpg,"[4000, 6000]",37.27450980392157,"['vanteeCoastalReserve\nCharlestonCoSC\ns EFLoPresti\nS j C2L4SandPit\n', 'Photoaraohedbv\nMEStessman\n2024\n', '2024\nDCR822\n']","['CR\nCC0C\n0\nC24\n', '2024\n', '2024\nDCR822\n']","['C\nCC0C\n0P\nC24P\n', 'P\n2024\n', '2024\nPC822\n']",modelv1.0__2026-05-17 06:45:08
D:/moth_photos/database\batch_05\img_moth_00008396.jpg,"[4000, 6000]",37.839999999999996,"['Photoarachedbv\nMEStessman\n2024\n', 'SanteeCoastalReserve\nCharlesfonCoSC\nsEFLoPresti\n5y2OrmondHall\n', '2024\nDCR953\n']","['2024\n', 'CR\nCCC\n5420\n', '2024\nDCR953\n']","['P\n2024\n', 'C\nCCC\nP\n5420\n', '2024\nC953\n']",modelv1.0__2026-05-17 06:45:08
D:/moth_photos/database\batch_05\img_moth_00008397.jpg,"[4000, 6000]",37.372549019607845,"['2024\nDCR823\n', 'Photoaaohedbv\nMEStessman\n2024\n', 'ree\n\nSanteeCoastal Reserve\nCharleston CoSC\n\nEFLdPresti\n\nwfeelDSandPit\nee\n']","['2024\nDCR823\n', '2024\n', 'C R\nC CC\nR\n\nD\nCC\n']","['2024\nPC823\n', 'P\n2024\n', 'C\nC CC\nP\n\nP\nCC\n']",modelv1.0__2026-05-17 06:45:08
D:/moth_photos/database\batch_05\img_moth_00008398.jpg,"[4000, 6000]",37.5,"['Photoaraohedbv\nNMEStessman\n2024\n', '2024\nDCR954\n\n', 'ee\nSanteeCoastalReserve\nCharlestnCoSC\nEFLoPresti\n34OrmondHail\n\n']","['2024\n', '2024\nDCR954\n\n', 'CR\nCC0C\n34\n\n']","['P\n2024\n', '2024\nC954\n\n', 'C\nCC0C\nP\n34\n\n']",modelv1.0__2026-05-17 06:45:08
D:/moth_photos/database\batch_05\img_moth_00008399.jpg,"[4000, 6000]",37.490196078431374,"['Photoaraohedbv\nMEStessman\n2024\n', '2024\nDCR824\n', 'rn\nSamee CoastalReserv\nCharlestonCo Sc\na EFeLoPresti\nhwpeteSand\n']","['2024\n', '2024\nDCR824\n', 'CR\nCC C\n']","['P\n2024\n', '2024\nC824\n', 'C\nCC C\nP\n']",modelv1.0__2026-05-17 06:45:08
D:/moth_photos/database\batch_05\img_moth_00008400.jpg,"[4000, 6000]",37.580000000000005,"['Photoaranhedbv\nMEStessman\n2024\n', 'SanteeCoastalReserve\n\nCharlestonCoSC\nTi EFLoPresti\n3jPGeOrmondHall\n', '2024\nDCR959\n']","['2024\n', 'CR\n\nCC0C\n7\n3\n', '2024\nDCR959\n']","['P\n2024\n', 'CP\n\nCC0C\n7 P\n3P\n', '2024\nC959\n']",modelv1.0__2026-05-17 06:45:08
D:/moth_photos/database\batch_05\img_moth_00008401.jpg,"[4000, 6000]",37.3921568627451,"['Photoarachedbv\nMEStessman\n2024\n', '2024\nDCR825\n', 'SanteeCoastalReserve\nCharlestonCoSC\n\naEF oPresti\n\n3inASLSand Pit\n']","['2024\n', '2024\nDCR825\n', 'CR\nCC0C\n3\n']","['P\n2024\n', '2024\nC825\n', 'C\nCC0C\n\nP\n\n3 P\n']",modelv1.0__2026-05-17 06:45:08
D:/moth_photos/database\batch_05\img_moth_00008402.jpg,"[4000, 6000]",37.5,"['Photoaaohedbv\nNEStessman\n2024\n', 'SanteeCoastalReserve\nCharlestonCoSC\n7FLoPresti\nop031OrmondHall\n', '2024\nDCR955\n\n']","['2024\n', 'CR\nCCC\n7\n031\n', '2024\nDCR955\n\n']","['P\n2024\n', 'CP\nCCC\n7PP\n031\n', '2024\nC955\n\n']",modelv1.0__2026-05-17 06:45:08
D:/moth_photos/database\batch_05\img_moth_00008403.jpg,"[4000, 6000]",37.839999999999996,"['Photoaanhedbv\nMEStessman\n2024\n', 'oanteeCoastal Reserve\nCharleston CoSC\nEFeLoPresti\nLa Lae Cypress\n', '2024\nDCR827\n']","['2024\n', 'C R\nC CC\nC\n', '2024\nDCR827\n']","['P\n2024\n', 'C\nC CC\nP\nC\n', '2024\nPC827\n']",modelv1.0__2026-05-17 06:45:08
D:/moth_photos/database\batch_05\img_moth_00008404.jpg,"[4000, 6000]",37.6,"['SanteeCoastaiKeserve\nCharlestonCoSC\nFlsoPresti\ntge34d OrmondHail\n', 'Photoaraohedbv\nMEStessman\n2024\n', '2024\nDCR961\n']","['CR\nCCC\nR\n34\n', '2024\n', '2024\nDCR961\n']","['C\nCCC\nPP\n34\n', 'P\n2024\n', '2024\nC961\n']",modelv1.0__2026-05-17 06:45:08
D:/moth_photos/database\batch_05\img_moth_00008405.jpg,"[4000, 6000]",37.35294117647059,"['2024\nDCR828\n', 'Photoaraohedbv\nMEStessman\n2024\n', 'Santee Coastal Reserve\nCharleston CoSC\ncFfoPresti\nye28CYPIESS\n\nCt\n']","['2024\nDCR828\n', '2024\n', 'C R\nC CC\nC0\n28CR\n\nC\n']","['2024\nC828\n', 'P\n2024\n', 'C\nC CC\nC0P\n28CP\n\nC\n']",modelv1.0__2026-05-17 06:45:08
D:/moth_photos/database\batch_05\img_moth_00008406.jpg,"[4000, 6000]",37.4,"['Photoaraohedbv\nNEStessman\n2024\n', '2024\nDCR956\n', 'SstittttiCO\nSanteeCoastalReserve\nCharlestonCoSC\n2 EF L8Presti\nmpRr OrmondHalt\n']","['2024\n', '2024\nDCR956\n', 'C\nCR\nCC0C\n2 8\nR\n']","['P\n2024\n', '2024\nC956\n', 'C\nC\nCC0C\n2 8P\n']",modelv1.0__2026-05-17 06:45:08
D:/moth_photos/database\batch_05\img_moth_00008407.jpg,"[4000, 6000]",37.568627450980394,"['Photoaraohedbv\nMEStessman\n2024\n', 'Cw\nSanteeCoastalReserve\nCharlestonCoSC\nEFLoPresti\nyn a7 Cypress\n\nww\n\n', '2024\n\nDCR829\n\n']","['2024\n', 'RC\nCR\nCCC\n27 C\n\n', '2024\n\nDCR829\n\n']","['P\n2024\n', 'CC\nC\nCCC\nP\n27 C\n\nW\n\n', '2024\n\nC829\n\n']",modelv1.0__2026-05-17 06:45:08
D:/moth_photos/database\batch_05\img_moth_00008408.jpg,"[4000, 6000]",37.54,"['Photoaraohedbv\nMEStessman\n2024\n', '2024\nDCR960\n', 'SanteeCodstalReserve\nCharlestonCoSC\nEFLoPresti\nsOrmondHall\n']","['2024\n', '2024\nDCR960\n', 'CR\nCCC\n']","['P\n2024\n', '2024\nPC960\n', 'C\nCCC\nP\n']",modelv1.0__2026-05-17 06:45:08
D:/moth_photos/database\batch_05\img_moth_00008409.jpg,"[4000, 6000]",37.68627450980392,"['SanteeCoastalReserve\nCharlestonCoSC\nEFlsoPresti\nCACOA2AICypress\n', 'Photoarachedbv\nMEStessman\n2024\n', '2024\nDCR830\n']","['CR\nCCC\nCC2C\n', '2024\n', '2024\nDCR830\n']","['CP\nCCC\nP\nCC2C\n', 'P\n2024\n', '2024\nC830\n']",modelv1.0__2026-05-17 06:45:08
D:/moth_photos/database\batch_05\img_moth_00008410.jpg,"[4000, 6000]",37.71999999999999,"['Photoaaohedbv\nMEStessman\n2024\n', '2024\nDCR957\n', 'ee\n\neH puowO fa sbadl\ng09udyseeUD\n\naniesey jeySB0D gayues\n\n']","['2024\n', '2024\nDCR957\n', '09D\n0D 3\n\n']","['P\n2024\n', '2024\nPC957\n', 'PW P\n09\n09 3\n\n']",modelv1.0__2026-05-17 06:45:08
D:/moth_photos/database\batch_05\img_moth_00008411.jpg,"[4000, 6000]",37.62745098039216,"['Photoaraohedbv\nMEStessman\n2024\n', '2024\nDCR831\n', 'SanteeCoastalReserve\nCharleston CoSC\n7S EFLoPresti\nMARQt Cypress\n']","['2024\n', '2024\nDCR831\n', 'CR\nC CC\n7\nR C\n']","['P\n2024\n', '2024\nC831\n', 'C\nC CC\n7 P\nC\n']",modelv1.0__2026-05-17 06:45:08
D:/moth_photos/database\batch_05\img_moth_00008412.jpg,"[4000, 6000]",37.62,"['Photoaraohedbv\nMEStessman\n2024\n', 'SanteeCoastalReserve\nCharlestonCoSC\nEFeLoPresti\n\n3tQrmondHall\n', '2024\n\nDCR962\nee\n']","['2024\n', 'CR\nCCC\n3\n', '2024\n\nDCR962\n']","['P\n2024\n', 'C\nCCC\nPP\n\n3\n', '2024\n\nPC962\n']",modelv1.0__2026-05-17 06:45:08
D:/moth_photos/database\batch_05\img_moth_00008413.jpg,"[4000, 6000]",37.35294117647059,"['Photoaraohedbv\nMEStessman\n2024\n', '2024\nDCR832\n', 'Sant\n\npeCoastalReserve\nSC\n\n']","['2024\n', '2024\nDCR832\n', 'CR\nC\n\n']","['P\n2024\n', '2024\nPC832\n', 'C\nC\n\n']",modelv1.0__2026-05-17 06:45:08
D:/moth_photos/database\batch_05\img_moth_00008414.jpg,"[4000, 6000]",37.38,"['Photoaranhedbv\nMEStessman\n2024\n', 'SanteeCoastalReserve\nCharlestonCoSC\n\nQ EFLoPresti\nSiepEYWOrmondHall\n', '2024\nDCR958\n']","['2024\n', 'CR\nCCC\n1C\n', '2024\nDCR958\n']","['P\n2024\n', 'C\nCCC\n\nP\n1WC\n', '2024\nC958\n']",modelv1.0__2026-05-17 06:45:08
D:/moth_photos/database\batch_05\img_moth_00008415.jpg,"[4000, 6000]",37.549019607843135,"['2024\nDCR833\n', 'Photoaaohedbv\nMEStessman\n2024\n', 'SanteeCoastalReserve\nCharlestonCoSC\nEFLoPresti\n2AM al Cypress\n']","['2024\nDCR833\n', '2024\n', 'CR\nCCC\n2 C\n']","['2024\nC833\n', 'P\n2024\n', 'C\nCCC\nP\n2 C\n']",modelv1.0__2026-05-17 06:45:08
D:/moth_photos/database\batch_05\img_moth_00008416.jpg,"[4000, 6000]",37.46,"['Photoaaochedbv\nMEStessman\n2024\n', 'SanteeCoastaReserve\nCharlestonCoSC\nEFLoPresti\nCollinsCreek\n', '2024\nDCR963\n']","['2024\n', 'CR\nCCC\nCC\n', '2024\nDCR963\n']","['P\n2024\n', 'C\nCCC\nPP\nCC\n', '2024\nC963\n']",modelv1.0__2026-05-17 06:45:08
D:/moth_photos/database\batch_05\img_moth_00008417.jpg,"[4000, 6000]",37.58823529411765,"['2024\nDCR834\n', 'Photoaraohedbv\nMEStessman\n2024\n', 'SanteeCoastalReserve\nChariestonCoSC\na EFLoPresti\n74 ifmp24Cypress\n']","['2024\nDCR834\n', '2024\n', 'CR\nCC0C\n74 24C\n']","['2024\nPC834\n', 'P\n2024\n', 'C\nCC0C\nP\n74 24C\n']",modelv1.0__2026-05-17 06:45:08
D:/moth_photos/database\batch_05\img_moth_00008418.jpg,"[4000, 6000]",37.52,"['vsanteeCoastalReserve\nCharlestonCoSC\nEFLoPresti\n\nty\n2 273f5CollinsCreek\n', 'Photoaraohedbv\nMEStessman\n', '2024\nDCR964\n']","['CR\nCC0C\n\n2 2735CC\n', '', '2024\nDCR964\n']","['C\nCC0C\nPP\n\n2 2735CC\n', 'P\n', '2024\nPC964\n']",modelv1.0__2026-05-17 06:45:08
D:/moth_photos/database\batch_05\img_moth_00008419.jpg,"[4000, 6000]",37.88,"['Photoaaohedbv\nMEStessman\n2024\n', 'SanteeCoastalReserve\nCharlestonCoSC\nEFLoPresti\n\nfat PA 1M CollinsCreek\n', 'ee\n2024\n\nDCR835\nee\n']","['2024\n', 'CR\nCC0C\nR\n\nCC\n', '2024\n\nDCR835\n']","['P\n2024\n', 'C\nCC0C\nP\n\nP CC\n', '2024\n\nC835\n']",modelv1.0__2026-05-17 06:45:08
D:/moth_photos/database\batch_05\img_moth_00008420.jpg,"[4000, 6000]",37.52,"['Photoaranhedbv\nMEStessman\n2024\n', 'SanteeCoastalReserve\nCharlestonCoSC\nEFLoPresti\n\nCollinsCr\n\n', '2024\nDCR966\n']","['2024\n', 'CR\nCC0C\nCC\n\n', '2024\nDCR966\n']","['P\n2024\n', 'CP\nCC0C\nP\n\nCC\n\n', '2024\nPC966\n']",modelv1.0__2026-05-17 06:45:08
D:/moth_photos/database\batch_05\img_moth_00008421.jpg,"[4000, 6000]",37.411764705882355,"['Photoaraohedbv\nMEStessman\n2024\n', 'SanteeCoastalReserve\nCharlestonCoSC\nEPLoPresti\n\nca\n\nfMColfinsCreek\n', '2024\nDCR838\n']","['2024\n', 'CR\nCCC\n\nCC\n', '2024\nDCR838\n']","['P\n2024\n', 'C\nCCC\nPP\n\nCC\n', '2024\nC838\n']",modelv1.0__2026-05-17 06:45:08
D:/moth_photos/database\batch_05\img_moth_00008422.jpg,"[4000, 6000]",37.559999999999995,"['Photoaraohedbv\nMEStessman\n2024\n', '2024\nDCR965\n', 'SanteeCoastalReserve\nCharlestonCoSC\nEF4oPresti\nTone 4CollinsCreek\n']","['2024\n', '2024\nDCR965\n', 'CR\nCCC\n40\n4CC\n']","['P\n2024\n', '2024\nC965\n', 'C\nCCC\nP40P\nW 4CC\n']",modelv1.0__2026-05-17 06:45:08
D:/moth_photos/database\batch_05\img_moth_00008423.jpg,"[4000, 6000]",37.74509803921569,"['Photographedbv\nNEStessmean\n2024\n', 'santeeCoastalReserve\nCharlestonCoSC\nFLoPresti\nA 27CollinsCreek\n', 'Photoaraohedbv\nMEStessman\n2024\n']","['2024\n', 'CR\nCCC\n27CC\n', '2024\n']","['P\n2024\n', 'C\nCCC\nPP\n27CC\n', 'P\n2024\n']",modelv1.0__2026-05-17 06:45:08
D:/moth_photos/database\batch_05\img_moth_00008424.jpg,"[4000, 6000]",37.26,"['Photoaraohedbv\nNMEStessman\n2024\n', 'SanteeCoastalReserve\nCharlestenCoSC\nEFLoPresti\n\n74 ottCollinsCreek\n', '2024\nDCR970\n']","['2024\n', 'CR\nCCC\n\n74 CC\n', '2024\nDCR970\n']","['P\n2024\n', 'C\nCCC\nP\n\n74 PCC\n', '2024\nPC970\n']",modelv1.0__2026-05-17 06:45:08
D:/moth_photos/database\batch_05\img_moth_00008425.jpg,"[4000, 6000]",37.35294117647059,"['MEStessman\n2024\n', 'SanteeCoastalReserve\nCharlestonCoSC\n\nEFLoPresti\n\nAPSo7CollinsCreek\n', '2024\nDCR840\n']","['2024\n', 'CR\nCCC\nR07CC\n', '2024\nDCR840\n']","['2024\n', 'C\nCCC\n\nP\n\nP07CC\n', '2024\nC840\n']",modelv1.0__2026-05-17 06:45:08
D:/moth_photos/database\batch_05\img_moth_00008426.jpg,"[4000, 6000]",37.48,"['Photoaraohedbv\nMEStessman\n2024\n', 'SanteeCoastalReserve\n\nCharlestonCoSC\n74 Ee FLoPresti\nae f CollinsCreek\n', '2024\nDCR968\n']","['2024\n', 'CR\n\nCCC\n74\nCC\n', '2024\nDCR968\n']","['P\n2024\n', 'CP\n\nCCC\n74 P\nCC\n', '2024\nC968\n']",modelv1.0__2026-05-17 06:45:08
D:/moth_photos/database\batch_05\img_moth_00008427.jpg,"[4000, 6000]",37.82352941176471,"['Photoaraohedbv\nMEStessman\n2024\n', 'rr\n\n2024\nDCR837\n\neoOOStiiS\n\n', '']","['2024\n', '2024\nDCR837\n\n', '']","['P\n2024\n', '2024\nC837\n\n', '']",modelv1.0__2026-05-17 06:45:08
D:/moth_photos/database\batch_05\img_moth_00008428.jpg,"[4000, 6000]",37.839999999999996,"['SanteeCoastalReserve\nCharlestonCoSC\npo EFoPresti\nfehi CollinsCreek\n', 'Photoaraohedbv\nMEStessman\n2024\n', '2024\nDCR967\n']","['CR\nCC0C\nCC\n', '2024\n', '2024\nDCR967\n']","['C\nCC0C\nP\nCC\n', 'P\n2024\n', '2024\nC967\n']",modelv1.0__2026-05-17 06:45:08
D:/moth_photos/database\batch_05\img_moth_00008429.jpg,"[4000, 6000]",37.31372549019608,"['Photoaraohedbv\nMEStessman\n2024\n', '2024\nDCR836\n', 'SanteeCoastalReserve\nCharlesto Co SC\nF Lo\nPe Cotins Creek\n']","['2024\n', '2024\nDCR836\n', 'CR\nC C C\nD C C\n']","['P\n2024\n', '2024\nC836\n', 'C\nC C C\nP C C\n']",modelv1.0__2026-05-17 06:45:08
D:/moth_photos/database\batch_05\img_moth_00008430.jpg,"[4000, 6000]",37.5,"['Photoaraohedbv\nMEStessman\n2024\n', 'SanteeCoastalReserve\n\nCharlestogCoSC\n24 EFLoPresti\nMAGE CollinsCreek\n', '2024\nDCR969\n\n']","['2024\n', 'CR\n\nCCC\n24\nDD CC\n', '2024\nDCR969\n\n']","['P\n2024\n', 'C\n\nCCC\n24 P\nCC\n', '2024\nC969\n\n']",modelv1.0__2026-05-17 06:45:08
D:/moth_photos/database\batch_05\img_moth_00008431.jpg,"[4000, 6000]",37.549019607843135,"['santeeCoastalReserve\nCharlestonCoSC\nFLoPresti\nlArh L2Y CollinsCreek\n', 'Photoaaohedbv\nMEStessman\n', '2024\nDCR839\n']","['CR\nCCC\n22 CC\n', '', '2024\nDCR839\n']","['C\nCCC\nP\n22 CC\n', 'P\n', '2024\nC839\n']",modelv1.0__2026-05-17 06:45:08
D:/moth_photos/database\batch_05\img_moth_00008432.jpg,"[4000, 6000]",37.46,"['Photoaaohedbv\nMEStessman\n2024\n', 'SanteeCoastalReserve\nCharlestonCoSC\n\nQ EFLoPresti\niwetCollinsCreek\n', '2024\nDCR971\n']","['2024\n', 'CR\nCCC\n2CC\n', '2024\nDCR971\n']","['P\n2024\n', 'C\nCCC\nP\n2CC\n', '2024\nC971\n']",modelv1.0__2026-05-17 06:45:08
D:/moth_photos/database\batch_05\img_moth_00008433.jpg,"[4000, 6000]",37.568627450980394,"['Photoaraohedbv\nMEStessman\n2024\n', '2024\nDCR852\n', 'Ce\nSantee CoastalReserve\nCharlestonCoSC\nE F PoPresti\nAe CollinsCreek\n']","['2024\n', '2024\nDCR852\n', 'C\nCR\n\nCCC\nCC\n']","['P\n2024\n', '2024\nC852\n', 'C\nCP\nCCC\nP PP\nCC\n']",modelv1.0__2026-05-17 06:45:08
D:/moth_photos/database\batch_05\img_moth_00008434.jpg,"[4000, 6000]",37.6,"['Photoaraohedbv\nMEStessman\n2024\n', '2024\nDCR972\n', 'SanteeCoastalReserve\nCharlestonCoSC\nWa EFoPresti\nne ran CollinsCreek\n']","['2024\n', '2024\nDCR972\n', 'CR\nCCC\n4\nCC\n']","['P\n2024\n', '2024\nC972\n', 'CP\nCCC\n4 P\nCC\n']",modelv1.0__2026-05-17 06:45:08
D:/moth_photos/database\batch_05\img_moth_00008435.jpg,"[4000, 6000]",37.54,"['Photoaraohedbv\nMEStessman\n2024\n', 'si\n\nSantee Coastal Reserve\nChartestonCoSC\n1EF isoPresti\nbb CollinsCreek\n\nStC\n', '2024\nDCR851\n\n']","['2024\n', 'C R\nCC0C\n1\nCC\n\nC\n', '2024\nDCR851\n\n']","['P\n2024\n', 'C\nCC0C\n1 P\nCC\n\nC\n', '2024\nC851\n\n']",modelv1.0__2026-05-17 06:45:08
D:/moth_photos/database\batch_05\img_moth_00008436.jpg,"[4000, 6000]",37.42,"['Photoaraohedbv\nMEStessman\n2024\n', 'eri\nSantee CoastalReserve\nCharlestopCoSC\n\nEF LoPresti\n\na0sColins Creek\n\nt\n', '2024\nDCR850\n']","['2024\n', 'CR\nCC0C\n0C C\n', '2024\nDCR850\n']","['P\n2024\n', 'C\n\nCC0C\nP\n0C C\n', '2024\nPC850\n']",modelv1.0__2026-05-17 06:45:08
D:/moth_photos/database\batch_05\img_moth_00008437.jpg,"[4000, 6000]",37.44,"['Photoaaohedbv\nMEStessman\n2024\n', 'Santee CoastalReserve\nCharlestonCo sc\nELFboPresti\nLADLCollinsCreek\n', '2024\nDCR849\n']","['2024\n', 'CR\nCC C\nR\n1DCC\n', '2024\nDCR849\n']","['P\n2024\n', 'C\nCC C\nP\n1PCC\n', '2024\nC849\n']",modelv1.0__2026-05-17 06:45:08
D:/moth_photos/database\batch_05\img_moth_00008438.jpg,"[4000, 6000]",37.38,"['Photoaranhedbv\nMAEStessman\n2024\n', 'SanteeCoastalReserve\nChariestonCoSC\nEFhoPresti\n\nlaP PAZ4CollinsCreek\n', '2024\nDCR847\n']","['2024\n', 'CR\nCC0C\n\n24CC\n', '2024\nDCR847\n']","['P\n2024\n', 'C\nCC0C\nP\n\nP P24CC\n', '2024\nC847\n']",modelv1.0__2026-05-17 06:45:08
D:/moth_photos/database\batch_05\img_moth_00008439.jpg,"[4000, 6000]",37.4,"['Photoaraohedbv\nMEStessman\n2024\n', '2024\nDCR848\n', 'SanteeCoastalReserve\nCharlestonCoSC\naFLoPresti\n\nAl jd2CollinsCreek\n']","['2024\n', '2024\nDCR848\n', 'CR\nCC0C\n2CC\n']","['P\n2024\n', '2024\nC848\n', 'C\n\nCC0C\nPP\n2CC\n']",modelv1.0__2026-05-17 06:45:08
D:/moth_photos/database\batch_05\img_moth_00008440.jpg,"[4000, 6000]",37.38,"['Photoaraohedbv\nMEStessman\n2024\n', '2024\nDCR846\n', 'SanteeCoastalReserve\nCharlestonCoSC\nE F tpkrert\nAPLColingCreek\n4\n\nf\n']","['2024\n', '2024\nDCR846\n', 'CR\nCC0C\nRCC\n4\n']","['P\n2024\n', '2024\nPC846\n', 'CP\nCC0C\nPCC\n4\n']",modelv1.0__2026-05-17 06:45:08
D:/moth_photos/database\batch_05\img_moth_00008441.jpg,"[4000, 6000]",37.333333333333336,"['Photoaaohedbv\nMEStessman\n2024\n', 'SanteeCoastalReserve\nCharlestonCaSC\nJap EFLoPresti\n\nhj 1CqllinsCreek\n', '2024\nDCR845\n\n2024\n']","['0\n2024\n', 'CR\nCCC\n4\n\n1CC\n', '2024\nDCR845\n\n2024\n']","['P0\n2024\n', 'C\nCCC\n4 P\n\n1CC\n', '2024\nC845\n\n2024\n']",modelv1.0__2026-05-17 06:45:08
D:/moth_photos/database\batch_05\img_moth_00008442.jpg,"[4000, 6000]",37.549019607843135,"['Photoaraohedbv\nMEStessman\n2024\n', 'Santee Coastal Reserve\nChartestonCoSC\nELFLoPresti\n\nAPei4 CollinsCreek\n', '2024\nDCR844\n']","['2024\n', 'C R\nCC0C\nR\n\n4 CC\n', '2024\nDCR844\n']","['P\n2024\n', 'C\nCC0C\nP\n\nP4 CC\n', '2024\nC844\n']",modelv1.0__2026-05-17 06:45:08
D:/moth_photos/database\batch_05\img_moth_00008443.jpg,"[4000, 6000]",37.36538461538461,"['SanteeCoastalReserve\nCharlestonCoSC\n\nEFloPresti\n\nih Cy s2CollinsCreek\n', 'Photoaraohedbv\nMEStessman\n2024\n', '2024I\n2024\n\n']","['CR\nCCC\nC 32CC\n', '2024\n', '2024\n2024\n\n']","['C\nCCC\n\nP\n\nC 32CC\n', 'P\n2024\n', '2024\n2024\n\n']",modelv1.0__2026-05-17 06:45:08
D:/moth_photos/database\batch_05\img_moth_00008444.jpg,"[4000, 6000]",37.431372549019606,"['Photoaraohedbv\nMEStessman\n2024\n', 'Santee CoastalReserve\nCharlestonCoSC\n5 EF LoPresti\nfeeyCollinsCreek\n', '2024\n']","['2024\n', 'CR\nCC0C\n5\nCC\n', '2024\n']","['P\n2024\n', 'CP\nCC0C\n5 P\nCC\n', '2024\n']",modelv1.0__2026-05-17 06:45:08
D:/moth_photos/database\batch_05\img_moth_00008445.jpg,"[4000, 6000]",37.92,"['Photoaraohedbv\nNEStessman\n2024\n', 'SanteeCoastalReserve\nCharlestonCoSC\n\nLoPresti\non i4CollinsCreek\n', '2024\nDCR842\n']","['2024\n', 'CR\nCCC\n\nR 4CC\n', '2024\nDCR842\n']","['P\n2024\n', 'C\nCCC\n\nP\n4CC\n', '2024\nC842\n']",modelv1.0__2026-05-17 06:45:08
D:/moth_photos/database\batch_05\img_moth_00008446.jpg,"[4000, 6000]",37.88,"['2024\nDCR853\n', 'Photoaraohedbv\nMEStessman\n2024\n', 'Santee Coastal Reserve\nCharlestonCoSC\nEFLoPresti\n\nZC APL24Bat\n\n']","['2024\nDCR853\n', '2024\n', 'C R\nCCC\n\nC 24\n\n']","['2024\nC853\n', 'P\n2024\n', 'C\nCCC\nPP\n\nC PP24\n\n']",modelv1.0__2026-05-17 06:45:08
D:/moth_photos/database\batch_05\img_moth_00008447.jpg,"[4000, 6000]",37.431372549019606,"['2024\nDCR854\n', 'Photoaraohedbv\nMEStessman\n2024\n', 'SanteeCoastalReserve\nCharlestonCoSC\nAC F ez\n\nL24Bait\n']","['2024\nDCR854\n', '2024\n', 'CR\nCC0C\nC 2\n\n24\n']","['2024\nC854\n', 'P\n2024\n', 'C\nCC0C\nC P 2\n\n24\n']",modelv1.0__2026-05-17 06:45:08
D:/moth_photos/database\batch_05\img_moth_00008448.jpg,"[4000, 6000]",37.900000000000006,"['Photoaraohedbv\nMEStessman\n2024\n', '2024\nDCR855\n', 'SanteeCoastalReserve\nChartestonCoSC\nEF ve\n\nZAPEZUYeat\n']","['2024\n', '2024\nDCR855\n', 'CR\nCCC\n\nR\n']","['P\n2024\n', '2024\nC855\n', 'C\nCCC\n\nP\n']",modelv1.0__2026-05-17 06:45:08
D:/moth_photos/database\batch_05\img_moth_00008449.jpg,"[4000, 6000]",37.71999999999999,"['2024\nDCR856\n', 'Photoaraohedbv\nNEStessman\n2024\n', 'SanteeCoastalReserve\nCharlestgnCoSC\nEFLoPresti\n\nDAPELYBat\n']","['2024\nDCR856\n', '2024\n', 'CR\nCC5C\n\nDRC8\n']","['2024\nPC856\n', 'P\n2024\n', 'C\nCC5C\nP\n\nPC8\n']",modelv1.0__2026-05-17 06:45:08
D:/moth_photos/database\batch_05\img_moth_00008450.jpg,"[4000, 6000]",37.7,"['Photoaraohedbv\nMEStessman\n2024\n', '2024\nDCR857\n', 'SanteeCoastalReserve\nCharlestonCoSC\nwy nF F LoPresti\n']","['2024\n', '2024\nDCR857\n', 'CR\nCCC\n']","['P\n2024\n', '2024\nC857\n', 'CP\nCCC\nP\n']",modelv1.0__2026-05-17 06:45:08
D:/moth_photos/database\batch_05\img_moth_00008451.jpg,"[4000, 6000]",37.549019607843135,"['Photoaranhedbv\nMEStessman\n2024\n', '2024\nDCR858\n', 'santeeCoastalReserve\nCharlestanCoSC\n7 EFLoPresti\n\nAPR2YBait\n']","['2024\n', '2024\nDCR858\n', 'CR\nCCC\n7\n\nRR2\n']","['P\n2024\n', '2024\nPC858\n', 'C\nCCC\n7 P\n\nP2\n']",modelv1.0__2026-05-17 06:45:08
D:/moth_photos/database\batch_05\img_moth_00008452.jpg,"[4000, 6000]",37.431372549019606,"['Photoaraohedbv\nNMEStessman\n2024\n', '2024\nDCR859\n', 'Santee CoastalReserve\nChae Co\n\nWaa Lorn sti\nOrmond Hall\n\n4\n\nre\n']","['2024\n', '2024\nDCR859\n', 'CR\nC C\n\n4\n']","['P\n2024\n', '2024\nC859\n', 'C\nC C\n\nW\n\n4\n']",modelv1.0__2026-05-17 06:45:08
D:/moth_photos/database\batch_05\img_moth_00008453.jpg,"[4000, 6000]",37.92,"['2024\nDCR860\n', 'Photoaranhedbv\nMEStessman\n2024\n', 'SanteeCoastal Reserve\nCharlestonCo sc\nEFLoPresti\nLape 24OrmondHall\n']","['2024\nDCR860\n', '2024\n', 'C R\nCC C\n0\n24\n']","['2024\nC860\n', 'P\n2024\n', 'C\nCC C\n0P\n24\n']",modelv1.0__2026-05-17 06:45:08
D:/moth_photos/database\batch_05\img_moth_00008454.jpg,"[4000, 6000]",37.549019607843135,"['Photoaaohedbv\nMEStessman\n2024\n', 'SanteeCoastalReserve\nCharlestgn CoSC\n\nz EFLoPresti\n\nApo OrmondHall\n', '2024\nDCR861\n']","['2024\n', 'CR\nC CC\nDR4\n', '2024\nDCR861\n']","['P\n2024\n', 'C\nC CC\n\nP\n\n4\n', '2024\nC861\n']",modelv1.0__2026-05-17 06:45:08
D:/moth_photos/database\batch_05\img_moth_00008455.jpg,"[4000, 6000]",37.52941176470588,"['Photoaaohedbv\nMEStessman\n2024\n', 'SanteeCoastalReserve\n\nCharlestonCoSC\nEFLoPresti\n1PEy2Ormond Hall\n', '2024\nDCR862\n\n']","['2024\n', 'CR\nCC0C\n12\n', '2024\nDCR862\n\n']","['P\n2024\n', 'C\n\nCC0C\nP\n1P2\n', '2024\nPC862\n\n']",modelv1.0__2026-05-17 06:45:08
D:/moth_photos/database\batch_05\img_moth_00008456.jpg,"[4000, 6000]",37.411764705882355,"['Photoaraohedbv\nMEStessman\n2024\n', '2024\nDCR863\n', 'Dt\nSanteeCoastalReserve\nCharleston CoSC\nEF LOPresti\ni OrmondHall\nESOO\n']","['2024\n', '2024\nDCR863\n', 'D\nCR\nC CC\n']","['P\n2024\n', '2024\nC863\n', 'C\nC CC\nP\n']",modelv1.0__2026-05-17 06:45:08
D:/moth_photos/database\batch_05\img_moth_00008457.jpg,"[4000, 6000]",37.568627450980394,"['Photoaraohedbv\nMEStessman\n2024\n', 'a\nSanteeCoastalReserve\nCharlestohCoSC\n\nEFLoPresti\n\nLARS A OrmondHall\n\n', '2024\nDCR864\n\n']","['2024\n', 'CR\nCC0C\nRR\n\n', '2024\nDCR864\n\n']","['P\n2024\n', 'C\n\nCC0C\nP\nP\n\n', '2024\nPC864\n\n']",modelv1.0__2026-05-17 06:45:08
D:/moth_photos/database\batch_05\img_moth_00008458.jpg,"[4000, 6000]",37.760000000000005,"['Photoaraohedbv\nMEStessman\n2024\n', 'SanteeCoastalReserve\nCharlestonCoSC\nEFLoPresti\n1A PSs 44OrmondHall\n', '2024\nDCR865\n\n']","['2024\n', 'CR\nCCC\n1 35 44\n', '2024\nDCR865\n\n']","['P\n2024\n', 'C\nCCC\nP\n1 P35 44\n', '2024\nC865\n\n']",modelv1.0__2026-05-17 06:45:08
D:/moth_photos/database\batch_05\img_moth_00008459.jpg,"[4000, 6000]",37.559999999999995,"['Photoaraohedbv\nMEStessman\n2024\n', 'PS\nSanteeCoastalReserve\nCharlestonCoSC\nip EFtoPresti\ntyOrmondHall\n', '2024\nDCR866\n']","['2024\n', 'CR\nCCC\n\nR\n\n0\n', '2024\nDCR866\n']","['P\n2024\n', 'C\nCCC\n\nP P\n\n0\n', '2024\nPC866\n']",modelv1.0__2026-05-17 06:45:08
D:/moth_photos/database\batch_05\img_moth_00008460.jpg,"[4000, 6000]",37.8,"['SanteeCoastalReserve\nCharlestonCoSC\n\niA ck EFLoPresti\n24OrmondHall\n', 'Photoaraohedbv\nMEStessman\n2024\n', '2024\nDCR867\n\n']","['CR\nCCC\n24\n', '2024\n', '2024\nDCR867\n\n']","['C\nCCC\n\nP\n24\n', 'P\n2024\n', '2024\nC867\n\n']",modelv1.0__2026-05-17 06:45:08
D:/moth_photos/database\batch_05\img_moth_00008461.jpg,"[4000, 6000]",37.86,"['Photoaraohedbv\nMEStessman\n2024\n', '2024\nDCR868\n', 'Leer\nSanteeCoastalReserve\nCharlestonCoSC\nPm ELoPresti\niPfefsOrmondHall\n']","['2024\n', '2024\nDCR868\n', 'CR\nCCC\n5\n']","['P\n2024\n', '2024\nC868\n', 'C\nCCC\nP\nP5\n']",modelv1.0__2026-05-17 06:45:08
D:/moth_photos/database\batch_05\img_moth_00008462.jpg,"[4000, 6000]",37.54,"['Photoaraohedbv\nMEStessman\n2024\n', 'SanteeCoastalReserve\nCharlesjon CoSC\n\nEFLoPresti\niA Pe 2OrmondHall\n', '2024\nDCR869\n']","['2024\n', 'CR\nC CC\n\nR 2C\n', '2024\nDCR869\n']","['P\n2024\n', 'C\nC CC\n\nP\nP 2C\n', '2024\nPC869\n']",modelv1.0__2026-05-17 06:45:08
D:/moth_photos/database\batch_05\img_moth_00008463.jpg,"[4000, 6000]",37.38,"['Photoaraohedbv\nMEStessman\n2024\n', '2024\nDCR870\n', 'ee\nSanteeCoastalReserve\nCharlestenCoSC\nitd pE F LoPresti\nay tOrmondHall\n']","['2024\n', '2024\nDCR870\n', 'CR\nCC0C\n']","['P\n2024\n', '2024\nC870\n', 'CP\nCC0C\nP\n']",modelv1.0__2026-05-17 06:45:08
D:/moth_photos/database\batch_05\img_moth_00008464.jpg,"[4000, 6000]",37.28,"['Photoaraohedbv\nMEStessman\n2024\n', 'SanteeCoastalReserve\nCharlestonCo Sc\nEFLoPresti\n\nAPp24 OrmondHall\n', '2024\nDCR871\n']","['2024\n', 'CR\nCC C\n\n24\n', '2024\nDCR871\n']","['P\n2024\n', 'C\nCC C\nP\n\nP24\n', '2024\nC871\n']",modelv1.0__2026-05-17 06:45:08
D:/moth_photos/database\batch_05\img_moth_00008465.jpg,"[4000, 6000]",37.54,"['Photoaaohedbv\nMEStessman\n', '2024\nDCR872\n', 'Santee Coastal Reserve\nCharlestonCoSC\n\nEFLoPresti\nLAf pe OrmondHal\n', '']","['', '2024\nDCR872\n', 'C R\nCC0C\n\n0\n4\n', '']","['P\n', '2024\nPC872\n', 'C\nCC0C\n\nP0P\n4\n', '']",modelv1.0__2026-05-17 06:45:08
D:/moth_photos/database\batch_05\img_moth_00008466.jpg,"[4000, 6000]",37.68,"['Fhotoaraohedbv\nMEStessman\n2024\n', 'SanteeCoastalReserve\nCharlestonCoSC\nEFLoPresti\n\nALT yOrmondHall\n\n', '2024\n\nDCR873\nBN\n']","['2024\n', 'CR\nCC0C\n\n', '2024\n\nDCR873\n']","['P\n2024\n', 'C\nCC0C\nP\n\nP\n\n', '2024\n\nC873\n']",modelv1.0__2026-05-17 06:45:08
D:/moth_photos/database\batch_05\img_moth_00008467.jpg,"[4000, 6000]",37.38,"['Photoaraohedbv\nMEStessman\n2024\n', 'vanteeCoastalReserve\nCharlestonCoSC\nFLoPresti\niAPZOrmondHall\n', '2024\nDCR874\n']","['2024\n', 'CR\nCCC\nR\n', '2024\nDCR874\n']","['P\n2024\n', 'C\nCCC\nP\nP\n', '2024\nPC874\n']",modelv1.0__2026-05-17 06:45:08
D:/moth_photos/database\batch_05\img_moth_00008468.jpg,"[4000, 6000]",37.46,"['Photoaaohedbv\nMEStessman\n', '2024\nDCR875\n', 'Santee CoastalReserve\nCharleston CoSC\n\nE F oPresti\nAL2T1OrmondHall\n']","['', '2024\nDCR875\n', 'CR\nC CC\n271\n']","['P\n', '2024\nPC875\n', 'CP\nC CC\n\nP P\nP271\n']",modelv1.0__2026-05-17 06:45:08
D:/moth_photos/database\batch_05\img_moth_00008469.jpg,"[4000, 6000]",37.38,"['Photoaraohedbv\nMEStessman\n2024\n', '2024\nDCR876\n', 'Santee CoastalReserve\nCharlestonCoSC\nE F LoPresti\nAPY OrmondHall\n']","['2024\n', '2024\nDCR876\n', 'CR\nCC0C\nRR\n']","['P\n2024\n', '2024\nC876\n', 'C\nCC0C\nP P\nP\n']",modelv1.0__2026-05-17 06:45:08
D:/moth_photos/database\batch_05\img_moth_00008470.jpg,"[4000, 6000]",37.559999999999995,"['Photoaraohedbv\nMEStessman\n2024\n', 'SanteeCoastalReserve\nCharlestonCoSC\nEFeLoPresti\nvMAQZScrubOak\n', '2024\nDCR878\n']","['2024\n', 'CR\nCCC\n7C\n', '2024\nDCR878\n']","['P\n2024\n', 'C\nCCC\nPP\n7C\n', '2024\nPC878\n']",modelv1.0__2026-05-17 06:45:08
D:/moth_photos/database\batch_05\img_moth_00008471.jpg,"[4000, 6000]",37.52,"['Photoaraohedbv\nMEStessman\n2024\n', '2024\nDCR879\n', 'SanteeCoastalReserve\nCharlestonCoSC\nZEFLoPresti\nfAKwScrubOak\nee\n']","['2024\n', '2024\nDCR879\n', 'CR\nCCC\n2\n0\n']","['P\n2024\n', '2024\nC879\n', 'CP\nCCC\n2P\n0\n']",modelv1.0__2026-05-17 06:45:08
D:/moth_photos/database\batch_05\img_moth_00008472.jpg,"[4000, 6000]",37.5,"['Photoaraohedbv\nMEStessman\n2024\n', 'be\nSanteeCoastalReserve\nCharlestonCoSC\na E F LoPresti\nS7aScrubOak\n\n', '2024\nDCR894\n\n']","['2024\n', 'CR\nCCC\n7C\n\n', '2024\nDCR894\n\n']","['P\n2024\n', 'C\nCCC\nP P\n7C\n\n', '2024\nC894\n\n']",modelv1.0__2026-05-17 06:45:08
D:/moth_photos/database\batch_05\img_moth_00008473.jpg,"[4000, 6000]",37.64,"['Photoaraohedbv\nMEStessman\n2024\n', '2024\nDCR880\n', 'SanteeCoastalReserve\nCharlestonCoSC\nr EFLoPresti\n3 InpF9s4ScrubOak\n']","['2024\n', '2024\nDCR880\n', 'CR\nCC0C\n3 994C\n']","['P\n2024\n', '2024\nC880\n', 'C\nCC0C\nP\n3 994C\n']",modelv1.0__2026-05-17 06:45:08
D:/moth_photos/database\batch_05\img_moth_00008474.jpg,"[4000, 6000]",37.7843137254902,"['Photoaranhedbv\nMEStessman\n2024\n', 'SanteeCoastalReserve\nCharlestonCoSC\nEFLoPresti\n5IMEEEScrubOak\n', '2024\nDCR885\n\n']","['2024\n', 'CR\nCCC\n51C\n', '2024\nDCR885\n\n']","['P\n2024\n', 'C\nCCC\nP\n51C\n', '2024\nC885\n\n']",modelv1.0__2026-05-17 06:45:08
D:/moth_photos/database\batch_05\img_moth_00008475.jpg,"[4000, 6000]",37.490196078431374,"['Photoaraohedbv\nMEStessman\n2024\n', 'SanteeCoastalReserve\nCharlestonCoSC\nEFLoPresti\n4 MAD244ScrubOak\n', '2024\nDCR881\n\n']","['2024\n', 'CR\nCCC\n4 D244C\n', '2024\nDCR881\n\n']","['P\n2024\n', 'C\nCCC\nP\n4 244C\n', '2024\nC881\n\n']",modelv1.0__2026-05-17 06:45:08
D:/moth_photos/database\batch_05\img_moth_00008476.jpg,"[4000, 6000]",37.411764705882355,"['Photoaraohedbv\nMEStessman\n2024\n', 'a\n\n2024\nDCR882\n', 'bc\nVantee CoastalReserve\nCharlestonCoSC\nEFLoPresti\ncwat2TScrubOak\nENA\n']","['2024\n', '2024\nDCR882\n', 'D\nCR\nCC0C\n4280\n']","['P\n2024\n', '2024\nC882\n', 'C\nCC0C\nP\n4280\n']",modelv1.0__2026-05-17 06:45:08
D:/moth_photos/database\batch_05\img_moth_00008477.jpg,"[4000, 6000]",37.431372549019606,"['Photoaraohedbv\nMEStessman\n2024\n', '2024\nDCR893\n', 'SanteeCoastalReserve\nCharleston CoSC\nm EFLoPresti\nwweKFeScrubOak\n\n']","['2024\n', '2024\nDCR893\n', 'CR\nC CC\nR\n\n']","['P\n2024\n', '2024\nC893\n', 'C\nC CC\nPP\n\n']",modelv1.0__2026-05-17 06:45:08
D:/moth_photos/database\batch_05\img_moth_00008478.jpg,"[4000, 6000]",37.7843137254902,"['Photoaaohedbv\nMEStessman\n2024\n', '2024\nDCR887\n', 'SanteeCoastalReserve\nCharlestonCoSC\nEPLoPresti\n3Bipraft2t4ScrubOak\n']","['2024\n', '2024\nDCR887\n', 'CR\nCCC\n3240\n']","['P\n2024\n', '2024\nC887\n', 'CP\nCCC\nPP\n3240\n']",modelv1.0__2026-05-17 06:45:08
D:/moth_photos/database\batch_05\img_moth_00008479.jpg,"[4000, 6000]",37.254901960784316,"['Photoaraohedbv\nMEStessman\n2024\n', 'SanteeCoastalReserve\nCharlestonCoSC\n\nEFsLoPresti\no MARZs4ScrubOak\n', '']","['2024\n', 'CR\nCC0C\n\nR34C\n', '']","['P\n2024\n', 'CP\nCC0C\n\nP\nW34C\n', '']",modelv1.0__2026-05-17 06:45:08
D:/moth_photos/database\batch_05\img_moth_00008480.jpg,"[4000, 6000]",37.27450980392157,"['Photoaraohedbv\nMEStessman\n2024\n', '2024\nDCR877\n', 'S\nesto\nort esi\nSct le Oak\n\ngniee co0ast4 Reserv\naco sO\n4\nU\n\ncone\nE\n\n']","['2024\n', '2024\nDCR877\n', 'C044 R\nC\n4\n\nC\n\n']","['P\n2024\n', '2024\nC877\n', 'P\n\nC044\nC\n4\n\nC\n\n']",modelv1.0__2026-05-17 06:45:08
D:/moth_photos/database\batch_05\img_moth_00008481.jpg,"[4000, 6000]",37.96,"['Photoaraohedbv\nMEStessman\n2024\n', '2024\nDCR883\n', '']","['2024\n', '2024\nDCR883\n', '']","['P\n2024\n', '2024\nC883\n', '']",modelv1.0__2026-05-17 06:45:08
D:/moth_photos/database\batch_05\img_moth_00008482.jpg,"[4000, 6000]",37.46,"['Photoaraohedbv\nMEStessman\n2024\n', '2024\nDCR890\n', 'SanteeCoastalReserve\nCharlestgnCoSC\n3 EFLoPresti\neepScrubOak\n']","['2024\n', '2024\nDCR890\n', 'CR\nCC0C\n3\nC\n']","['P\n2024\n', '2024\nC890\n', 'C\nCC0C\n3 P\nPC\n']",modelv1.0__2026-05-17 06:45:08
D:/moth_photos/database\batch_05\img_moth_00008483.jpg,"[4000, 6000]",37.760000000000005,"['Photoaranhedbv\nMEStessman\n2024\n', '2024\nDCR884\n', 'SanteeCoastalReserve\nCharlestonCoSC\n2 EFboPresti\ni its ScrubOak\n\nM\n']","['2024\n', '2024\nDCR884\n', 'CR\nCC0C\n2 0R\n2\n']","['P\n2024\n', '2024\nC884\n', 'C\nCC0C\n2 0P\n2\n']",modelv1.0__2026-05-17 06:45:08
D:/moth_photos/database\batch_05\img_moth_00008484.jpg,"[4000, 6000]",37.6,"['Photoaraohedbv\nNMEStessman\n2024\n', '2024\nDCR891\n', 'SanteeCoastalReserve\nCharlestonCoSC\nEPLoPresti\nybngae14SerubOak\n\nid i\n']","['2024\n', '2024\nDCR891\n', 'CR\nCC0C\n140\n']","['P\n2024\n', '2024\nC891\n', 'C\nCC0C\nPP\n140\n']",modelv1.0__2026-05-17 06:45:08
D:/moth_photos/database\batch_05\img_moth_00008485.jpg,"[4000, 6000]",37.71999999999999,"['Photoaraohedbv\nMEStessman\n2024\n', 'SanteeCoastalReserve\nCharlestonCo SC\nEFLoPresti\n\nord\nSire fh peScrub Oak\n', 's\n\n2024\nDCR888\n']","['2024\n', 'CR\nCC C\n\n4\n', '2024\nDCR888\n']","['P\n2024\n', 'C\nCC C\nP\n\n4\n', '2024\nPC888\n']",modelv1.0__2026-05-17 06:45:08
D:/moth_photos/database\batch_05\img_moth_00008486.jpg,"[4000, 6000]",37.294117647058826,"['Photoaraohedbv\nMEStessman\n2024\n', 'SanteeCoastalReserve\nCharlestonCoSC\n\nEFLoPresti\n3 a8Zy4ScrubOak\n', '2024\nDCR892\n']","['2024\n', 'CR\nCCC\n\n3 874C\n', '2024\nDCR892\n']","['P\n2024\n', 'C\nCCC\n\nPP\n3 874C\n', '2024\nC892\n']",modelv1.0__2026-05-17 06:45:08
D:/moth_photos/database\batch_05\img_moth_00008487.jpg,"[4000, 6000]",37.3921568627451,"['Photoaraohedbv\nMEStessman\n2024\n', '2024\nDCR886\n', 'Santee CoastalReserve\n\nCharlestonCoSC\n\nE F LoPrest\naa ScrubOak\nen\n', '']","['2024\n', '2024\nDCR886\n', 'CR\n\nCCC\nC\n', '']","['P\n2024\n', '2024\nPC886\n', 'C\n\nCCC\nCP\n', '']",modelv1.0__2026-05-17 06:45:08
D:/moth_photos/database\batch_05\img_moth_00008488.jpg,"[4000, 6000]",37.88,"['Photoaraohedbv\nMEStessman\n2024\n', 'SanteeCoastalReserve\nCharlestonCoSC\nEFLoPresti\nafeT2sSerubOak\n', '2024\n\n']","['2024\n', 'CR\nCC0C\n2C\n', '2024\n\n']","['P\n2024\n', 'C\nCC0C\nPP\n2C\n', '2024\n\n']",modelv1.0__2026-05-17 06:45:08
D:/moth_photos/database\batch_05\img_moth_00008489.jpg,"[4000, 6000]",37.760000000000005,"['MEStessman\n2024\n', 'SanteeCoastalReserve\nCharlestonCoSC\n3 EFLoPresti\n\nMpgz24ScrubOak\n', '7024\npCR896\n']","['2024\n', 'CR\nCC0C\n3\n\n24\n', '7024\nDCR896\n']","['2024\n', 'C\nCC0C\n3 P\n\n24\n', '7024\nC896\n']",modelv1.0__2026-05-17 06:45:08
D:/moth_photos/database\batch_05\img_moth_00008490.jpg,"[4000, 6000]",37.6,"['Photoaraohedbv\nMEStessman\n2024\n', 'Santee Coastal Reserve\n\nCharleston Co\nae EF LoPresti\nyamine ScrubOa\n', '']","['2024\n', 'C R\n\nC C\n0\n', '']","['P\n2024\n', 'C\n\nC C\nP\n0\n', '']",modelv1.0__2026-05-17 06:45:08
D:/moth_photos/database\batch_05\img_moth_00008491.jpg,"[4000, 6000]",37.71999999999999,"['2024\nDCR899\n', 'SanteeCoastalReserve\nCharlestonCoSC\n\nEFLoPresti\n\nBlawQweScrubOak\n', 'Photoaraohedbv\nMEStessman\n2024\n']","['2024\nDCR899\n', 'CR\nCC0C\n31C2\n', '2024\n']","['2024\nC899\n', 'C\nCC0C\n\nP\n\n31C2\n', 'P\n2024\n']",modelv1.0__2026-05-17 06:45:08
D:/moth_photos/database\batch_05\img_moth_00008492.jpg,"[4000, 6000]",37.760000000000005,"['NMEStessman\n2024\n', 'santee Coastal Reserve\nCharlestod Co\na1 EF Lopresti\ns PE apaserud Oak\n', '2024\nDCR900\n', 'it\n']","['2024\n', 'C R\nC C\n1\n', '2024\nDCR900\n', '']","['2024\n', 'C\nC C\n1 P\nP\n', '2024\nC900\n', '']",modelv1.0__2026-05-17 06:45:08
D:/moth_photos/database\batch_05\img_moth_00008493.jpg,"[4000, 6000]",37.235294117647065,"['Photoaraohedbv\nMEStessman\n2024\n', '2024\nDCR901\n', 'Santee Coastal Reserve\nCharlestonCoSC\nAFletcher\n3JamesCane\n']","['2024\n', '2024\nDCR901\n', 'C R\nCCC\n3C\n']","['P\n2024\n', '2024\nC901\n', 'C\nCCC\n3C\n']",modelv1.0__2026-05-17 06:45:08
D:/moth_photos/database\batch_05\img_moth_00008494.jpg,"[4000, 6000]",37.82,"['Photoaraohedbv\nMEStessman\n2024\n', '2024\nDCR902\n\n', '']","['2024\n', '2024\nDCR902\n\n', '']","['P\n2024\n', '2024\nC902\n\n', '']",modelv1.0__2026-05-17 06:45:08
D:/moth_photos/database\batch_05\img_moth_00008495.jpg,"[4000, 6000]",37.779999999999994,"['MEStessman\n2024\n', 'SanteeCoastalReserve\nCharlestonCoSC\n\nAFletcher\n\n71yJamesCane\n', '2024\nDCR904\n\n']","['2024\n', 'CR\nCCC\n71C\n', '2024\nDCR904\n\n']","['2024\n', 'C\nCCC\n71C\n', '2024\nC904\n\n']",modelv1.0__2026-05-17 06:45:08
D:/moth_photos/database\batch_05\img_moth_00008496.jpg,"[4000, 6000]",37.235294117647065,"['Photoaaohedbv\nMEStessman\n2024\n', 'SanteeCoastalReserve\nCharlestonC0SC\nAFletcher\n\nC Fee 7JamesCane\n', '2024\nDCR905\n']","['2024\n', 'CR\nCC0C\n\nC 7C\n', '2024\nDCR905\n']","['P\n2024\n', 'C\nCC0C\n\nC P 7C\n', '2024\nPC905\n']",modelv1.0__2026-05-17 06:45:08
D:/moth_photos/database\batch_05\img_moth_00008497.jpg,"[4000, 6000]",37.900000000000006,"['MEStessman\n2024\n', 'SanteeCoastalReserve\nCharlestonCoSC\nAFletcher\nJamesCane\n', '2024\n\nDCR903\n']","['2024\n', 'CR\nCC0C\nC\n', '2024\n\nDCR903\n']","['2024\n', 'C\nCC0C\nC\n', '2024\n\nC903\n']",modelv1.0__2026-05-17 06:45:08
D:/moth_photos/database\batch_05\img_moth_00008498.jpg,"[4000, 6000]",37.64,"['Photoaraohedbv\nMEStessman\n2024\n', 'SanteeCoastalReserve\nCharlestonCoSC\nA Pieicher\n\ncan\n\nJFTAY7syJamesCane\n', '2024\n\nDCR906\nnl\n\n']","['2024\n', 'CR\nCCC\n\nD7C\n', '2024\n\nDCR906\n\n']","['P\n2024\n', 'C\nCCC\nP\n\n7C\n', '2024\n\nPC906\n\n']",modelv1.0__2026-05-17 06:45:08
D:/moth_photos/database\batch_05\img_moth_00008499.jpg,"[4000, 6000]",37.48,"['Photoaraohedbv\nMEStessman\n2024\n', 'SanteeCoastalReserve\nCharlestonCoSC\n\n1A A Fletcher\n\nVELA ricsJamesCane\n', '2024\nDCR907\n\n']","['2024\n', 'CR\nCC0C\n\n14\n\nC\n', '2024\nDCR907\n\n']","['P\n2024\n', 'C\nCC0C\n\n14\n\nW C\n', '2024\nC907\n\n']",modelv1.0__2026-05-17 06:45:08
D:/moth_photos/database\batch_05\img_moth_00008500.jpg,"[4000, 6000]",37.559999999999995,"['Photoaraohedbv\nMEStessman\n2024\n', '', '2024\nDCR908\n\n']","['2024\n', '', '2024\nDCR908\n\n']","['P\n2024\n', '', '2024\nPC908\n\n']",modelv1.0__2026-05-17 06:45:08
D:/moth_photos/database\batch_05\img_moth_00008501.jpg,"[4000, 6000]",37.660000000000004,"['Photoaraohedbv\nMEStessman\n2024\n', '2024\nDCR909\n', 'SanteeCoastalReserve\nCharlestonCoSC\nAFletcher\n\nCrtJamesCane\n']","['2024\n', '2024\nDCR909\n', 'CR\nCCC\n\nCC\n']","['P\n2024\n', '2024\nC909\n', 'C\nCCC\n\nCC\n']",modelv1.0__2026-05-17 06:45:08
D:/moth_photos/database\batch_05\img_moth_00008502.jpg,"[4000, 6000]",37.62,"['Photoaraohedbv\nMEStessman\n2024\n', 'SanteeCoastal Reserve\nCharlestonCoSC\nAFlefcher\n\nYJamesCane\n', '2024\nDCR910\n']","['2024\n', 'C R\nCC0C\nC\n', '2024\nDCR910\n']","['P\n2024\n', 'C\nCC0C\nC\n', '2024\nC910\n']",modelv1.0__2026-05-17 06:45:08
D:/moth_photos/database\batch_05\img_moth_00008503.jpg,"[4000, 6000]",37.54,"['Photoaraohedbv\nMEStessman\n2024\n', 'SanteeCoastalReserve\nCharlestonCoSC\n\n2 AFletcher\n\nTJamesCane\n', '2024\nJocr9t\n\n']","['2024\n', 'CR\nCCC\n\n2\n\nC\n', '2024\nR9\n\n']","['P\n2024\n', 'C\nCCC\n\n2\n\nC\n', '2024\n9\n\n']",modelv1.0__2026-05-17 06:45:08
D:/moth_photos/database\batch_05\img_moth_00008504.jpg,"[4000, 6000]",37.71999999999999,"['2024\nDCR912\n', 'Photoaraohedbv\nMEStessman\n2024\n', 'anteeCoastalReserve\nCharlestonCoSC\nAFletcher\nJamesCane\n\ncy\nt f\nj\n']","['2024\nDCR912\n', '2024\n', 'CR\nCCC\nC\n']","['2024\nC912\n', 'P\n2024\n', 'C\nCCC\nC\n']",modelv1.0__2026-05-17 06:45:08
D:/moth_photos/database\batch_05\img_moth_00008505.jpg,"[4000, 6000]",37.64,"['Photoaraohedbv\nMEStessman\n2024\n', '2024\nDCR913\n', 'SanteeCoastalReserve\nCharlestonCoSC\n\nboryA Fletcher\n\nLFetJamesCane\n\nee\n']","['2024\n', '2024\nDCR913\n', 'CR\nCC0C\n2C\n']","['P\n2024\n', '2024\nC913\n', 'C\nCC0C\n\nPW P\n\n2C\n']",modelv1.0__2026-05-17 06:45:08
D:/moth_photos/database\batch_05\img_moth_00008506.jpg,"[4000, 6000]",37.580000000000005,"['MEStessman\n2024\n', 'ae\nSanteeCoastalReserve\nCharlestonCoSC\nAftetcher\n\n2F7sJamesCane\n', '2024\nDCR914\n']","['2024\n', 'CR\nCC0C\n\n27C\n', '2024\nDCR914\n']","['2024\n', 'C\nCC0C\n\n27C\n', '2024\nPC914\n']",modelv1.0__2026-05-17 06:45:08
D:/moth_photos/database\batch_05\img_moth_00008507.jpg,"[4000, 6000]",37.64,"['2024\nDCR915\n', 'Photoaranhedbv\nMEStessman\n2024\n', 'SanteeCoastalReserve\nCharlestonCoSC\nAFlefcher\n\nJamesCane\n']","['2024\nDCR915\n', '2024\n', 'CR\nCCC\nC\n']","['2024\nC915\n', 'P\n2024\n', 'CP\nCCC\nC\n']",modelv1.0__2026-05-17 06:45:08
D:/moth_photos/database\batch_05\img_moth_00008508.jpg,"[4000, 6000]",37.559999999999995,"['SanteeCoastalReserve\nCharlestpnCoSC\nAFletcher\ntsJamesCane\n', 'Photoaraohedbv\nMEStessman\n2024\n', '2024\nDCR916\n']","['CR\nCCC\nC\n', '2024\n', '2024\nDCR916\n']","['C\nCCC\nC\n', 'P\n2024\n', '2024\nC916\n']",modelv1.0__2026-05-17 06:45:08
D:/moth_photos/database\batch_05\img_moth_00008509.jpg,"[4000, 6000]",37.62,"['Photoaraohedbv\nMEStessman\n2024\n', 'Santee CoastalReserve\nChariestonCoSC\nAFletcher\n7JamesCane\n', '2024\nDCR917\n\n']","['2024\n', 'CR\nCCC\n7C\n', '2024\nDCR917\n\n']","['P\n2024\n', 'C\nCCC\n7C\n', '2024\nPC917\n\n']",modelv1.0__2026-05-17 06:45:08
D:/moth_photos/database\batch_05\img_moth_00008510.jpg,"[4000, 6000]",37.6,"['SanteeCoastalReserve\nCharlestoneCoSC\n1AFletcher\n1eJamesCane\n\nL\n5 Y\ns\n', 'Photoaraohedbv\nMEStessman\n', '2024\nDCR918\n']","['CR\nCC0C\n1\n1C\n\n5\n', '', '2024\nDCR918\n']","['C\nCC0C\n1\n1C\n\n5\n', 'P\n', '2024\nC918\n']",modelv1.0__2026-05-17 06:45:08
D:/moth_photos/database\batch_05\img_moth_00008511.jpg,"[4000, 6000]",37.74,"['SanteeCoastalReserve\nCharlestopCoSC\nAFletcher\n\nAPE LH JamesCane\n', 'Photoaraohedbv\nMEStessman\n2024\n', '2024\nDCR920\n']","['CR\nCCC\n\nC\n', '2024\n', '2024\nDCR920\n']","['C\nCCC\n\nP C\n', 'P\n2024\n', '2024\nPC920\n']",modelv1.0__2026-05-17 06:45:08
D:/moth_photos/database\batch_05\img_moth_00008512.jpg,"[4000, 6000]",37.294117647058826,"['2024\nDCR921\n', 'Photoaraohedbv\nMEStessman\n2024\n', 'SanteeCoastal Reserve\nCharlestqnCo Sc\n\ntos AFletcher\n\nial OkiJames Cane\n\nt\n']","['2024\nDCR921\n', '2024\n', 'C R\nCC C\n\n1\n\n7 C\n']","['2024\nC921\n', 'P\n2024\n', 'C\nCC C\n\n1\n\n7 C\n']",modelv1.0__2026-05-17 06:45:08
D:/moth_photos/database\batch_05\img_moth_00008513.jpg,"[4000, 6000]",37.779999999999994,"['Photoaraohedbv\nMEStessman\n2024\n', 'SanteeCoastalReserve\nCharlestonCoSC\non EF LoPresti\n\n1ryftsLiveOak\nEEOOSOOl\n', 'eh\n\nDCR922\nrs\n\n']","['2024\n', 'CR\nCCC\n\n170\nR\n', 'DCR922\n\n']","['P\n2024\n', 'C\nCCC\nP\n\n170\n', 'C922\n\n']",modelv1.0__2026-05-17 06:45:08
D:/moth_photos/database\batch_05\img_moth_00008514.jpg,"[4000, 6000]",37.62,"['Photodraohedby\nMEStessman\n2024\n', 'aaElLULUlUlUl\nSantee CoastalKeserve\n\nCharleston CoSC\nEFLoPresti\nfageLive Oa\n', '2024\nDCR923\n\n']","['2024\n', 'CR\n\nC CC\n0\n0\n', '2024\nDCR923\n\n']","['P\n2024\n', 'C\n\nC CC\n0P\n0\n', '2024\nC923\n\n']",modelv1.0__2026-05-17 06:45:08
D:/moth_photos/database\batch_05\img_moth_00008515.jpg,"[4000, 6000]",37.900000000000006,"['Photoaaohedbv\nMEStessman\n2024\n', '2024\nDCR924\n', '']","['2024\n', '2024\nDCR924\n', '']","['P\n2024\n', '2024\nC924\n', '']",modelv1.0__2026-05-17 06:45:08
D:/moth_photos/database\batch_05\img_moth_00008516.jpg,"[4000, 6000]",37.62,"['Photoaraohedbv\nMEStessman\n2024\n', '2024\nDCR929\n', 'santeeCoastalReserve\nCharlestonCoSC\n\nEFeLoPresti\nSmarrg LiveOak\n']","['2024\n', '2024\nDCR929\n', 'CR\nCCC\n\n3 0\n']","['P\n2024\n', '2024\nPC929\n', 'C\nCCC\n\nP\n3 0\n']",modelv1.0__2026-05-17 06:45:08
D:/moth_photos/database\batch_05\img_moth_00008517.jpg,"[4000, 6000]",37.96,"['Photoaraohedbv\nMEStessman\n2024\n', 'SanteeCoastalReserve\nCharlestopCoSC\n\n3I EFLoPresti\nai jyiive Oak\n', '2024\nDCR925\n']","['2024\n', 'CR\nCC0C\n\n3\n', '2024\nDCR925\n']","['P\n2024\n', 'C\nCC0C\n\n3 P\n', '2024\nC925\n']",modelv1.0__2026-05-17 06:45:08
D:/moth_photos/database\batch_05\img_moth_00008518.jpg,"[4000, 6000]",37.82,"['SanteeCoastalneserve\nCharlestonCoSC\n\non EFsLoPresti\n\nSi ipahly LiveOak\n\n', 'Photoaraohedbv\nNEStessman\n2024\n', '2024\nDCR928\n']","['C\nCCC\n0\n0\n\n', '2024\n', '2024\nDCR928\n']","['C\nCCC\n0P\n0\n\n', 'P\n2024\n', '2024\nC928\n']",modelv1.0__2026-05-17 06:45:08
D:/moth_photos/database\batch_05\img_moth_00008519.jpg,"[4000, 6000]",37.7,"['2024\nDCR926\n', 'Photoaraohedbv\nMEStessman\n2024\n', 'SanteeCoastal Reserve\nCharlegton CoSC\nEFLoPresti\n\n3 j ran ah whe LiveOak\n\n']","['2024\nDCR926\n', '2024\n', 'C R\nC CC\n\n3 0\n\n']","['2024\nC926\n', 'P\n2024\n', 'C\nC CC\nP\n\n3 0\n\n']",modelv1.0__2026-05-17 06:45:08
D:/moth_photos/database\batch_05\img_moth_00008520.jpg,"[4000, 6000]",37.92,"['MEStessman\n2024\n', 'SanteeCoastalReserve\nCharlestonCoSC\nEFLoPresti\n\nSimp 7 rk LiveOak\n', '2024\nDCR927\n']","['2024\n', 'CR\nCC0C\n\n7 0\n', '2024\nDCR927\n']","['2024\n', 'C\nCC0C\nP\n\n7 0\n', '2024\nC927\n']",modelv1.0__2026-05-17 06:45:08
D:/moth_photos/database\batch_05\img_moth_00008521.jpg,"[4000, 6000]",37.6,"['Photoaraohedbv\nMEStessman\n2024\n', 'OrmUlUCC\n\n2024\nDCR973\n', 'SanteeCoastalReserve\nCharleston CoSC\n\nFLoPresti\n50p e6cs4 wIncidental\n']","['2024\n', 'CC\n\n2024\nDCR973\n', 'CR\nC CC\n\n50 654\n']","['P\n2024\n', 'CC\n\n2024\nC973\n', 'C\nC CC\n\nP\n50 654\n']",modelv1.0__2026-05-17 06:45:08
D:/moth_photos/database\batch_05\img_moth_00008522.jpg,"[4000, 6000]",37.549019607843135,"['Photoaraohedbv\nMEStessman\n', 'SanteeCoastalReserve\nCharlestonCoSC\nTe ELF LoPresti\n\n2\n\nVpnfIncidental\n', '2024\nDCR1099\n']","['', 'CR\nCC0C\n\n2\n', '2024\nDCR1099\n']","['P\n', 'C\nCC0C\nP\n\n2\n', '2024\nC1099\n']",modelv1.0__2026-05-17 06:45:08
D:/moth_photos/database\batch_05\img_moth_00008523.jpg,"[4000, 6000]",37.36,"['2024\nDCR974\n', 'Photoaraohedbv\nMEStessman\n2024\n', 'SanteeCoastalReserve\nCharlestonCoSC\nEFLoPresti\n\niaP 7 i Bait\n']","['2024\nDCR974\n', '2024\n', 'CR\nCCC\n\n7\n']","['2024\nC974\n', 'P\n2024\n', 'C\nCCC\nP\n\nP 7\n']",modelv1.0__2026-05-17 06:45:08
D:/moth_photos/database\batch_05\img_moth_00008524.jpg,"[4000, 6000]",37.35294117647059,"['Photoaaohedbv\nMEStessman\n2024\n', '2024\nDCR1100\n', 'Santee CoastalReserve\n\nChastestonCo Sc\noy EFLePresti\nAugwtoos incidental\n\n']","['2024\n', '2024\nDCR1100\n', 'CR\nCC C\n\n']","['P\n2024\n', '2024\nC1100\n', 'C\nCC C\nP\n\n']",modelv1.0__2026-05-17 06:45:08
D:/moth_photos/database\batch_05\img_moth_00008525.jpg,"[4000, 6000]",37.779999999999994,"['SanteeCoastalReserve\nCharleston CoSC\nA Fletcher\n1 fi74James Cane\n', 'Photoaraohedbv\nMEStessman\n2024\n', '2024\nDCR976\n']","['CR\nC CC\n1 74 C\n', '2024\n', '2024\nDCR976\n']","['CP\nC CC\n1 74 C\n', 'P\n2024\n', '2024\nC976\n']",modelv1.0__2026-05-17 06:45:08
D:/moth_photos/database\batch_05\img_moth_00008526.jpg,"[4000, 6000]",37.27450980392157,"['Photoaraohedbv\nMEStessman\n2024\n', 'SanteeCoastalReserve\nCharlestonCoSC\n2 EFLoPresti\n7PiIncidental\n']","['2024\n', 'CR\nCCC\n2 R\n7R\n']","['P\n2024\n', 'C\nCCC\n2 P\n7P\n']",modelv1.0__2026-05-17 06:45:08
D:/moth_photos/database\batch_05\img_moth_00008527.jpg,"[4000, 6000]",37.96,"['2024\nDCR977\n', 'SanteeCoastalReserve\nCharlestonCoSC\nA Fletcher\nIAP yJamesCane\n', 'Photoaraohedbv\nMEStessman\n2024\n']","['2024\nDCR977\n', 'CR\nCC0C\nR C\n', '2024\n']","['2024\nC977\n', 'CP\nCC0C\nP C\n', 'P\n2024\n']",modelv1.0__2026-05-17 06:45:08
D:/moth_photos/database\batch_05\img_moth_00008528.jpg,"[4000, 6000]",37.88,"['Photoaraohedbv\nMEStessman\n2024\n', 'SanteeCoastailReserve\nCharlestonCoSC\n2 iy EFLoPresti\nyPyIncidental\n', '']","['2024\n', 'CR\nCCC\n2\n', '']","['P\n2024\n', 'C\nCCC\n2 P\nP\n', '']",modelv1.0__2026-05-17 06:45:08
D:/moth_photos/database\batch_05\img_moth_00008529.jpg,"[4000, 6000]",37.8,"['2024\n\nDCR979\n', 'Photoaraohedbv\nMEStessman\n2024\n', 'SanteeCoastalReserve\nCharlestonCoSC\n\ntyAFlcher\ny2aJamesCane\n\na\n']","['2024\n\nDCR979\n', '2024\n', 'CR\nCC0C\n2C\n']","['2024\n\nPC979\n', 'P\n2024\n', 'CP\nCC0C\n\nP\n2C\n']",modelv1.0__2026-05-17 06:45:08
D:/moth_photos/database\batch_05\img_moth_00008530.jpg,"[4000, 6000]",37.372549019607845,"['Photoaraohedbv\nMEStessman\n2024\n', '2024\nDCR1102\n', 'a\nSanteeCoastalReserve\nCharlestonCoSC\n\nA EFLoPresti\n45giIncidental\n\n']","['2024\n', '2024\nDCR1102\n', 'CR\nCCC\n45\n\n']","['P\n2024\n', '2024\nPC1102\n', 'C\nCCC\nP\n45\n\n']",modelv1.0__2026-05-17 06:45:08
D:/moth_photos/database\batch_05\img_moth_00008531.jpg,"[4000, 6000]",37.71999999999999,"['Photoaravhedbv\nMEStessman\n2024\n', '2024\nDCR978\n', 'ee\nSantee CoastalReserve\nCharlestonCoSC\nloAFletcher\nsmiJamesCane\n']","['2024\n', '2024\nDCR978\n', 'CR\nCCC\nC\n']","['P\n2024\n', '2024\nC978\n', 'C\nCCC\nC\n']",modelv1.0__2026-05-17 06:45:08
D:/moth_photos/database\batch_05\img_moth_00008532.jpg,"[4000, 6000]",37.64,"['Photoaraohedbv\nMEStessman\n2024\n', 'SanteeCoastalReserve\nCharlestonCoSC\nEfeLoPresti\n', 'Sss\n\n2024\n']","['2024\n', 'CR\nCCC\n', '2024\n']","['P\n2024\n', 'C\nCCC\nP\n', '2024\n']",modelv1.0__2026-05-17 06:45:08
D:/moth_photos/database\batch_05\img_moth_00008533.jpg,"[4000, 6000]",37.82,"['SanteeCoastalReserve\nCharlestonCoSC\n\niAFletcher\n\nalg s1JamesCane\n\nii\n5\n', 'Photoaraohedbv\nMEStessman\n2024\n', '2024\n\nDCR980\n\n']","['CR\nCC0C\n1C\n\n3\n5\n', '2024\n', '2024\n\nDCR980\n\n']","['C\nCC0C\n1C\n\n3\n5\n', 'P\n2024\n', '2024\n\nC980\n\n']",modelv1.0__2026-05-17 06:45:08
D:/moth_photos/database\batch_05\img_moth_00008534.jpg,"[4000, 6000]",37.71999999999999,"['SanteeCoastalReserve\nCharlestonCoSC\nEFLoPresti\n3Dnyf7tIncidental\n', 'Photoaraohedbv\nMEStessman\n2024\n', '2024\nDCR1104\n']","['CR\nCCC\n3D7\n', '2024\n', '2024\nDCR1104\n']","['C\nCCC\nP\n37\n', 'P\n2024\n', '2024\nC1104\n']",modelv1.0__2026-05-17 06:45:08
D:/moth_photos/database\batch_05\img_moth_00008535.jpg,"[4000, 6000]",37.88,"['Photoaraohedbv\nMEStessman\n2024\n', '2024\nDCR981\n', 'SanteeCoastalReserve\nCharlestonCoSC\nA Fletcter\n3 PH JamesCane\n']","['2024\n', '2024\nDCR981\n', 'CR\nCC0C\n3 C\n']","['P\n2024\n', '2024\nPC981\n', 'C\nCC0C\n3 PP C\n']",modelv1.0__2026-05-17 06:45:08
D:/moth_photos/database\batch_05\img_moth_00008536.jpg,"[4000, 6000]",37.559999999999995,"['SanteeCoastalReserve\nCharlestonCoSC\n4EFLoPresti\n', 'Photoaraohedbv\nMEStessman\n2024\n', '2024\nDCR1105\n']","['CR\nCCC\n4\n', '2024\n', '2024\nDCR1105\n']","['C\nCCC\n4PP\n', 'P\n2024\n', '2024\nC1105\n']",modelv1.0__2026-05-17 06:45:08
D:/moth_photos/database\batch_05\img_moth_00008537.jpg,"[4000, 6000]",37.333333333333336,"['2024\nDCR982\n', 'Photoaraochedbv\nMEStessman\n2024\n', 'SanteeCoastalReserve\nCharlestonCoSC\nAFl8tcher\nBefoSaJamesCane\n']","['2024\nDCR982\n', '2024\n', 'CR\nCCC\n8\nC\n']","['2024\nC982\n', 'P\n2024\n', 'CP\nCCC\n8\nC\n']",modelv1.0__2026-05-17 06:45:08
D:/moth_photos/database\batch_05\img_moth_00008538.jpg,"[4000, 6000]",37.95918367346939,"['Photoaraohedbv\nMEStessman\n2024\n', '2024\nDCR1106\n', 'SanteeCoastal Reserve\nCharlestonCoSC\n\nryEFLoPresti\n3 v YBC2incidental\n']","['2024\n', '2024\nDCR1106\n', 'C R\nCCC\n\n3 C2\n']","['P\n2024\n', '2024\nPC1106\n', 'C\nCCC\n\nPP\n3 C2\n']",modelv1.0__2026-05-17 06:45:08
D:/moth_photos/database\batch_05\img_moth_00008539.jpg,"[4000, 6000]",37.35294117647059,"['SanteeCoastalReserve\nCharleston CoSC\njAPtyJamesCane\n', 'Photoaraohedbv\nMEStessman\n2024\n', '2024\nDCR984\n']","['CR\nC CC\nRR24C\n', '2024\n', '2024\nDCR984\n']","['CP\nC CC\nP24C\n', 'P\n2024\n', '2024\nPC984\n']",modelv1.0__2026-05-17 06:45:08
D:/moth_photos/database\batch_05\img_moth_00008540.jpg,"[4000, 6000]",37.760000000000005,"['2024\nDCR1107\n', 'Photoaraohedbv\nMEStessman\n2024\n', 'SanteeCoastalReserve\nCharlestonCoSC\nEFJoPresti\n\nIncidental\n']","['2024\nDCR1107\n', '2024\n', 'CR\nCC0C\n0\n']","['2024\nPC1107\n', 'P\n2024\n', 'C\nCC0C\n0P\n']",modelv1.0__2026-05-17 06:45:08
D:/moth_photos/database\batch_05\img_moth_00008541.jpg,"[4000, 6000]",37.88,"['Photoaaohedbv\nMEStessman\n2024\n', 'CoastalReserve\n\nSantee\nChariestdnCOS\nA Fletcher\n', '2024\nDCR983\n\n']","['2024\n', 'CR\n\nCC\n', '2024\nDCR983\n\n']","['P\n2024\n', 'C\n\nCC\n', '2024\nC983\n\n']",modelv1.0__2026-05-17 06:45:08
D:/moth_photos/database\batch_05\img_moth_00008542.jpg,"[4000, 6000]",37.93877551020408,"['Photoaaohedbv\nMEStessman\n2024\n', 'Ssiaesr\nSanteeCoastal Reserve\nCharlestonCoSC\nFCoPresti\nLIncidental\n\n', '2024\nDCR1108\n']","['2024\n', 'C R\nCC0C\nC\n4\n\n', '2024\nDCR1108\n']","['P\n2024\n', 'C\nCC0C\nCP\n4\n\n', '2024\nPC1108\n']",modelv1.0__2026-05-17 06:45:08
D:/moth_photos/database\batch_05\img_moth_00008543.jpg,"[4000, 6000]",37.31372549019608,"['Photoaraohedbv\nMEStessman\n2024\n', '2024\nDCR987\n', 'SanteeCoastalReserve\nCharlestonCoSC\nnA Fletcher\n3 Boy wpe JamesCane\n\nEEE\n']","['2024\n', '2024\nDCR987\n', 'CR\nCCC\n3 C\n']","['P\n2024\n', '2024\nPC987\n', 'C\nCCC\nP\n3 C\n']",modelv1.0__2026-05-17 06:45:08
D:/moth_photos/database\batch_05\img_moth_00008544.jpg,"[4000, 6000]",37.34,"['2024\nDCR1109\n', 'Photoaraohedbv\nMEStessman\n2024\n', 'SanteeCoastal Reserve\nCharlestonCoSC\n7FLoPresti\nb wigf14Mazyck\n']","['2024\nDCR1109\n', '2024\n', 'C R\nCC0C\n70\nD 14\n']","['2024\nC1109\n', 'P\n2024\n', 'C\nCC0C\n\n70P\n14\n']",modelv1.0__2026-05-17 06:45:08
D:/moth_photos/database\batch_05\img_moth_00008545.jpg,"[4000, 6000]",37.235294117647065,"['Photoaraohedbv\nMEStessman\n2024\n', 'SanteeCoastal Reserve\nCharlestonCoSC\n\nAFletcher\nAPE he 4 JamesCane\n', '2024\nDCR988\n']","['2024\n', 'C R\nCCC\n\n4 C\n', '2024\nDCR988\n']","['P\n2024\n', 'C\nCCC\n\nP\nP 4 C\n', '2024\nC988\n']",modelv1.0__2026-05-17 06:45:08
D:/moth_photos/database\batch_05\img_moth_00008546.jpg,"[4000, 6000]",37.660000000000004,"['SanteeCoastalReserve\nCharlestpnCoSC\ns EF LoPresti\nalimpefLyMazyck\n', 'Photoaraohedbv\nMEStessman\n2024\n', '2024\nDCR1110\n']","['CR\nCC0C\n', '2024\n', '2024\nDCR1110\n']","['C\nCC0C\nP\n', 'P\n2024\n', '2024\nC1110\n']",modelv1.0__2026-05-17 06:45:08
D:/moth_photos/database\batch_05\img_moth_00008547.jpg,"[4000, 6000]",37.71999999999999,"['Photoaaohedbv\nMEStessman\n2024\n', 'SanteeCoastalReserve\nCharlestonCoSC\nAFfetcher\njaPe sqJamesCane\n', '2024\nDCR985\n']","['2024\n', 'CR\nCCC\nC\n', '2024\nDCR985\n']","['P\n2024\n', 'C\nCCC\nP C\n', '2024\nC985\n']",modelv1.0__2026-05-17 06:45:08
D:/moth_photos/database\batch_05\img_moth_00008548.jpg,"[4000, 6000]",37.64,"['Photoaraohedbv\nNMAEStessman\n2024\n', 'SanteeCoastalReserve\nCharlestonCoSC\nEFfoPresti\nwtegneteMazyck\n', '2024\nDCR1111\n']","['2024\n', 'CR\nCCC\nR\n', '2024\nDCR1111\n']","['P\n2024\n', 'C\nCCC\nPP\n', '2024\nPC1111\n']",modelv1.0__2026-05-17 06:45:08
D:/moth_photos/database\batch_05\img_moth_00008549.jpg,"[4000, 6000]",37.27450980392157,"['Photoaraohedbv\nNMEStessman\n2024\n', 'SanteeCoastalReserve\nCharlestonCoSC\nAFletcher\n\nAiywJamesCane\n', '2024\nDCR986\n\n']","['2024\n', 'CR\nCC0C\n\nC\n', '2024\nDCR986\n\n']","['P\n2024\n', 'C\nCC0C\n\nC\n', '2024\nPC986\n\n']",modelv1.0__2026-05-17 06:45:08
D:/moth_photos/database\batch_05\img_moth_00008550.jpg,"[4000, 6000]",37.64,"['Photoaraohedbv\nMEStessman\n2024\n', 'santeeCoastalReserve\nCharlestonCoSC\n2 EFeLoPresti\n\nat14Mazyck\n', '2024\nDCR1112\n\n']","['2024\n', 'CR\nCCC\n2\n\n14\n', '2024\nDCR1112\n\n']","['P\n2024\n', 'C\nCCC\n2 P\n\n14\n', '2024\nC1112\n\n']",modelv1.0__2026-05-17 06:45:08
D:/moth_photos/database\batch_05\img_moth_00008551.jpg,"[4000, 6000]",37.779999999999994,"['Photoaraohedbv\nMEStessman\n2024\n', 'Phot\nMEStessman\n2024\n', 'SanteeCoastal Reserve\nCharlestonCoSC\nAhletcher\ntfJamesCane\n']","['2024\n', '2024\n', 'C R\nCC0C\n8C\n']","['P\n2024\n', 'P\n2024\n', 'C\nCC0C\n8C\n']",modelv1.0__2026-05-17 06:45:08
D:/moth_photos/database\batch_05\img_moth_00008552.jpg,"[4000, 6000]",37.54,"['Photoaraohedbv\nMEStessman\n2024\n', 'SanteeCoastalReserve\n\nCharlestonCoSC\nonEFe LoPresti\nhpsefl24Mazyck\n\nes\n', '2024\nDCR1113\n']","['2024\n', 'CR\nCC0C\n24\n', '2024\nDCR1113\n']","['P\n2024\n', 'C\n\nCC0C\nP P\nP24\n', '2024\nC1113\n']",modelv1.0__2026-05-17 06:45:08
D:/moth_photos/database\batch_05\img_moth_00008553.jpg,"[4000, 6000]",37.27450980392157,"['Photoaraohedbv\nNMEStessman\n2024\n', '2024\nDCR990\n', 'ba\nSanteeCoastal Reserve\nCharlestonCoSC\nAkletcher\nJamesCane\n\nsey\n\n']","['2024\n', '2024\nDCR990\n', 'C R\nCCC\nC\n\n']","['P\n2024\n', '2024\nC990\n', 'C\nCCC\nC\n\n']",modelv1.0__2026-05-17 06:45:08
D:/moth_photos/database\batch_05\img_moth_00008554.jpg,"[4000, 6000]",37.5,"['Photoaraohedbv\nMEStessman\n2024\n', '2024\nDCR1114\n', 'SanteeCoastalReserve\nCharlestonCoSC\nEFLoPresti\n\n']","['2024\n', '2024\nDCR1114\n', 'CR\nCC0C\n\n']","['P\n2024\n', '2024\nC1114\n', 'CP\nCC0C\nPP\n\n']",modelv1.0__2026-05-17 06:45:08
D:/moth_photos/database\batch_05\img_moth_00008555.jpg,"[4000, 6000]",37.779999999999994,"['Photoaraohedbv\nMEStessman\n2024\n', '2024\nDCR991\n', 'beeeeeeCiCCS\nSanteeCoastalReserve\nCharlestonCoSC\nAFletcher\nwyfwJamesCane\n\n']","['2024\n', '2024\nDCR991\n', 'CCC\n\nCR\nCC0C\n\nC\n\n']","['P\n2024\n', '2024\nC991\n', 'CCCW\n\nCP\nCC0C\n\nC\n\n']",modelv1.0__2026-05-17 06:45:08
D:/moth_photos/database\batch_05\img_moth_00008556.jpg,"[4000, 6000]",37.64,"['Photoaraohedbv\nMEStessman\n2024\n', '2024\nDCR1115\n', '']","['2024\n', '2024\nDCR1115\n', '']","['P\n2024\n', '2024\nC1115\n', '']",modelv1.0__2026-05-17 06:45:08
D:/moth_photos/database\batch_05\img_moth_00008557.jpg,"[4000, 6000]",37.900000000000006,"['Photoaraohedbv\nMEStessman\n2024\n', 'Santee Coastal Reserve\nCharleston CoSC\nAFletcher\n\nJamesCane\n', '2024\nDCR992\n']","['2024\n', 'C R\nC CC\nC\n', '2024\nDCR992\n']","['P\n2024\n', 'C\nC CC\nC\n', '2024\nC992\n']",modelv1.0__2026-05-17 06:45:08
D:/moth_photos/database\batch_05\img_moth_00008558.jpg,"[4000, 6000]",37.42,"['Photoaranhedbv\nMEStessman\n2024\n', '2024\nDCR1116\n', 'SanteeCoastalReserve\nCharlestonCoSC\nm AFletcher\nop aftyJamesCane\n\n']","['2024\n', '2024\nDCR1116\n', 'CR\nCCC\nC\n\n']","['P\n2024\n', '2024\nPC1116\n', 'C\nCCC\nC\n\n']",modelv1.0__2026-05-17 06:45:08
D:/moth_photos/database\batch_05\img_moth_00008559.jpg,"[4000, 6000]",37.94,"['SanteeCoastalReserve\nCharlestonCoSC\nAFletcher\nTm oy\nAe 7JamesCane\n', 'Photoaranhedbv\nMEStessman\n2024\n', '2024\nDCR993\n\n']","['CR\nCCC\n7C\n', '2024\n', '2024\nDCR993\n\n']","['C\nCCC\nP 7C\n', 'P\n2024\n', '2024\nC993\n\n']",modelv1.0__2026-05-17 06:45:08
D:/moth_photos/database\batch_05\img_moth_00008560.jpg,"[4000, 6000]",37.28,"['Photoaraohedbv\nMEStessman\n2024\n', '2024\nDCR 1120\n', 'SP\nSantee Coastal Reserve\n\nCharlestonCo S\n3 A Faetcher\nFipgPeJames Cane\nU\n\nPid\n']","['2024\n', '2024\nDCR 1120\n', 'C R\n\nCC\n3\nD C\n']","['P\n2024\n', '2024\nC 1120\n', 'P\nC\n\nCC\n3 P P\nP C\n\nP\n']",modelv1.0__2026-05-17 06:45:08
D:/moth_photos/database\batch_05\img_moth_00008561.jpg,"[4000, 6000]",37.760000000000005,"['Photoaraohedbv\nMEStessman\n2024\n', 'ae\nSanteeCoastal Reserve\nCharleston Co\n\na AFlefcher\n\njs anf jamesCane\n', '2024\nDCR994\n\n']","['2024\n', 'C R\nC C\n4 C\n', '2024\nDCR994\n\n']","['P\n2024\n', 'C\nC C\n4 C\n', '2024\nC994\n\n']",modelv1.0__2026-05-17 06:45:08
D:/moth_photos/database\batch_05\img_moth_00008562.jpg,"[4000, 6000]",37.760000000000005,"['2024\nDCR1117\n', 'Photoaraohedbv\nMEStessman\n2024\n', 'SriitPaaoUlW\nSantee CoastalResetye\nCharleston CoS\n\nvonA Fletcher\n\nivsinpfgaJamesCane\na\n']","['2024\nDCR1117\n', '2024\n', 'CR\n\nC C\nR\nC\n']","['2024\nPC1117\n', 'P\n2024\n', 'PW\nC\nC C\n\nC\n']",modelv1.0__2026-05-17 06:45:08
D:/moth_photos/database\batch_05\img_moth_00008563.jpg,"[4000, 6000]",37.294117647058826,"['Photoaraohedbv\nMEStessman\n2024\n', 'SanteeCoastalReserve\nCharlestonCoSC\n\nA AFletcher\nJamesCane\n\nPag\n\nwe\n', '2024\nDCR989\n']","['2024\n', 'CR\nCCC\nC\n', '2024\nDCR989\n']","['P\n2024\n', 'C\nCCC\nC\n\nP\n', '2024\nPC989\n']",modelv1.0__2026-05-17 06:45:08
D:/moth_photos/database\batch_05\img_moth_00008564.jpg,"[4000, 6000]",37.44,"['2024\nDCR1118\n', 'Photoaaohedbv\nMEStessman\n2024\n', 'aE\nSantee Coastal Reserve\nCharleston Co\n\nanki AFletcher\noBieee James Cane\na\n']","['2024\nDCR1118\n', '2024\n', 'C R\nC C\n\nR C\n']","['2024\nC1118\n', 'P\n2024\n', 'C\nC C\n\nC\n']",modelv1.0__2026-05-17 06:45:08
D:/moth_photos/database\batch_05\img_moth_00008565.jpg,"[4000, 6000]",37.92,"['Photoaraohedbv\nMEStessman\n2024\n', '2024\nDCR995\n', 'P\nSanteeCoastalReserve\nCharlestonCoSC\nAFletcher\n\nSi3JamesCane\n\n']","['2024\n', '2024\nDCR995\n', 'D\nCR\nCC0C\n\n3C\n\n']","['P\n2024\n', '2024\nC995\n', 'P\nCP\nCC0C\n\n3C\n\n']",modelv1.0__2026-05-17 06:45:08
D:/moth_photos/database\batch_05\img_moth_00008566.jpg,"[4000, 6000]",37.38,"['2024\nDCR1119\n', 'Photoaaohedbv\nMEStessman\n2024\n', 'SanteeCoastalnesefve\nCharlestonCoSC\nyyAFletcher\nLmaleP4JamesCane\n']","['2024\nDCR1119\n', '2024\n', 'C\nCCC\nD4C\n']","['2024\nPC1119\n', 'P\n2024\n', 'C\nCCC\nP4C\n']",modelv1.0__2026-05-17 06:45:08
D:/moth_photos/database\batch_05\img_moth_00008567.jpg,"[4000, 6000]",37.235294117647065,"['2024\nDCR996\n', 'SanteeCoastalReserve\nCharleston CoSC\nA Fletcher\nia o JamesCane\n', 'Photoaraohedbv\nNMEStessman\n2024\n']","['2024\nDCR996\n', 'CR\nC CC\nC\n', '2024\n']","['2024\nC996\n', 'C\nC CC\nC\n', 'P\n2024\n']",modelv1.0__2026-05-17 06:45:08
D:/moth_photos/database\batch_05\img_moth_00008568.jpg,"[4000, 6000]",37.559999999999995,"['Fhotoaraohedbv\nMEStessman\n2024\n', 'ss\nSantee CoastalReserve\n\nChariestonCo\n114 EF LoPresti\nhe PAM z CollinsCreet\nees\n', '2024\nDCR1121\n']","['2024\n', 'CR\n\nCC\n114\nCC\n', '2024\nDCR1121\n']","['P\n2024\n', 'C\n\nCC\n114 P\nP CC\n', '2024\nPC1121\n']",modelv1.0__2026-05-17 06:45:08
D:/moth_photos/database\batch_05\img_moth_00008569.jpg,"[4000, 6000]",37.254901960784316,"['Photoaaohedbv\nMEStessman\n2024\n', '2024\nDCR997\n', 'br\nSanteeCoastalReserve\nCharlestonCoSC\nAPletcher\nPo JamesCane\n\n']","['2024\n', '2024\nDCR997\n', 'CR\nCCC\nC\n\n']","['P\n2024\n', '2024\nC997\n', 'C\nCCC\nP\nP C\n\n']",modelv1.0__2026-05-17 06:45:08
D:/moth_photos/database\batch_05\img_moth_00008570.jpg,"[4000, 6000]",37.44,"['Photoaraohedbv\nMEStessman\n2024\n', '2024\nDCR1122\n', 'SanteeCoastalReserve\nCharlestenCoSC\nU EFLoPresti\nIlmaQjyCollinsCreek\n\n4\n']","['2024\n', '2024\nDCR1122\n', 'CR\nCCC\n7CC\n\n4\n']","['P\n2024\n', '2024\nC1122\n', 'C\nCCC\nP\n7CC\n\n4\n']",modelv1.0__2026-05-17 06:45:08
D:/moth_photos/database\batch_05\img_moth_00008571.jpg,"[4000, 6000]",37.35294117647059,"['2024\nDCR998\n', 'Photoaraohedbv\nMEStessman\n2024\n', '']","['2024\nDCR998\n', '2024\n', '']","['2024\nPC998\n', 'P\n2024\n', '']",modelv1.0__2026-05-17 06:45:08
D:/moth_photos/database\batch_05\img_moth_00008572.jpg,"[4000, 6000]",37.44,"['vanteeCoustalReserve\nCharlestonCoSC\n\nEFLoPresti\n\njy nak24CollinsCreek\n', 'Photoaaohedbv\nNEStessman\n2024\n', '2024\nDCR1123\n']","['CR\nCC0C\n24CC\n', '2024\n', '2024\nDCR1123\n']","['CP\nCC0C\n\nP\n\n24CC\n', 'P\n2024\n', '2024\nC1123\n']",modelv1.0__2026-05-17 06:45:08
D:/moth_photos/database\batch_05\img_moth_00008573.jpg,"[4000, 6000]",37.4,"['2024\nDCR1001\n', 'Photoaraohedbv\nMEStessman\n2024\n', 'SanteeCoastalReserve\nCharlestonCoSC\nAFletcher\n\n1APQIY JamesCane\n']","['2024\nDCR1001\n', '2024\n', 'CR\nCC0C\n\n1R C\n']","['2024\nC1001\n', 'P\n2024\n', 'CP\nCC0C\nP\n\n1P C\n']",modelv1.0__2026-05-17 06:45:08
D:/moth_photos/database\batch_05\img_moth_00008574.jpg,"[4000, 6000]",37.580000000000005,"['Photoaraohedbv\nMEStessman\n2024\n', '2024\nDCR1124\n', 'SanteeCoastalReserve\n\nCharlestonCoSC\nu 7kFLoPresti\nT Big CollinsCreek\n']","['2024\n', '2024\nDCR1124\n', 'CR\n\nCC0C\n7\nCC\n']","['P\n2024\n', '2024\nPC1124\n', 'C\n\nCC0C\n7PP\nCC\n']",modelv1.0__2026-05-17 06:45:08
D:/moth_photos/database\batch_05\img_moth_00008575.jpg,"[4000, 6000]",37.42,"['Photoaraohedbv\nMEStessman\n2024\n', '2024\nDCR1000\n\ne\n', 'SanteeCoastalReserve\nCharlestonCoSC\nAFletcher\nJamesCane\n']","['2024\n', '2024\nDCR1000\n', 'CR\nCCC\nC\n']","['P\n2024\n', '2024\nC1000\n', 'C\nCCC\nC\n']",modelv1.0__2026-05-17 06:45:08
D:/moth_photos/database\batch_05\img_moth_00008576.jpg,"[4000, 6000]",37.36,"['Photoaraohedbv\nMEStessman\n2024\n', '2024\nDCR1125\n', '']","['2024\n', '2024\nDCR1125\n', '']","['P\n2024\n', '2024\nC1125\n', '']",modelv1.0__2026-05-17 06:45:08
D:/moth_photos/database\batch_05\img_moth_00008577.jpg,"[4000, 6000]",37.46,"['Photoaraohedbv\nMEStessman\n2024\n', 'ee\nSanteeCoastalReserve\nCharlestonCoSC\nAPletcher\nhi7JamesCane\n', '2024\nDCR999\n']","['2024\n', 'CR\nCC0C\n17C\n', '2024\nDCR999\n']","['P\n2024\n', 'C\nCC0C\n\nP\n\n17C\n', '2024\nC999\n']",modelv1.0__2026-05-17 06:45:08
D:/moth_photos/database\batch_05\img_moth_00008578.jpg,"[4000, 6000]",37.68,"['2024\nDCR1126\n', 'Photoaaohedbv\nMEStessman\n2024\n', 'SanteeCoastalReserve\nChariestonCoSC\nEFLOPresti\n\net CollinsCreek\nBT\n']","['2024\nDCR1126\n', '2024\n', 'CR\nCCC\nR\n\nCC\n']","['2024\nPC1126\n', 'P\n2024\n', 'C\nCCC\nP\n\nCC\n']",modelv1.0__2026-05-17 06:45:08
D:/moth_photos/database\batch_05\img_moth_00008579.jpg,"[4000, 6000]",37.48,"['Photoaaohedbv\nMEStessman\n2024\n', 'SanteeCoastglReserve\nCharlestonCoSC\nAFletcher\nga afy2yJames Cane\n', '2024\nDCR1002\n']","['2024\n', 'CR\nCC0C\n1 22 C\n', '2024\nDCR1002\n']","['P\n2024\n', 'C\nCC0C\nP\n1 22 C\n', '2024\nC1002\n']",modelv1.0__2026-05-17 06:45:08
D:/moth_photos/database\batch_05\img_moth_00008580.jpg,"[4000, 6000]",37.580000000000005,"['SanteeCoastalReserve\nCharlestonCoSC\nEFfoPresti\nUi maRCollinsCreek\n', 'Photoaaohedbv\nMEStessman\n2024\n', '2024\nDCR1127\n']","['CR\nCC0C\nC0R\nRCC\n', '2024\n', '2024\nDCR1127\n']","['C\nCC0C\nC0P\nCC\n', 'P\n2024\n', '2024\nC1127\n']",modelv1.0__2026-05-17 06:45:08
D:/moth_photos/database\batch_05\img_moth_00008581.jpg,"[4000, 6000]",37.5,"['SanteeCoastalneserve\nCharlestonCoSC\nrane Fidtcher\nAy vasJamesCane\n', '2024\nDCR1003\n', 'Photoaaohedbv\nMEStessman\n2024\n']","['CR\nCC0C\nC\n', '2024\nDCR1003\n', '2024\n']","['C\nCC0C\nP\nC\n', '2024\nC1003\n', 'P\n2024\n']",modelv1.0__2026-05-17 06:45:08
D:/moth_photos/database\batch_05\img_moth_00008582.jpg,"[4000, 6000]",37.62,"['Photoaraohedbv\nMEStessman\n2024\n', '2024\nDCR1128\n', '49OIDSUIHOD\nNS8407473\nOSODuosayeYyD\nSAIBSIYIBEJSEODsajueS\n']","['2024\n', '2024\nDCR1128\n', '4901DD\n8407473\nDD\nRC20D\n']","['P\n2024\n', '2024\nC1128\n', '4901\n8407473\n5\nC20\n']",modelv1.0__2026-05-17 06:45:08
D:/moth_photos/database\batch_05\img_moth_00008583.jpg,"[4000, 6000]",37.91836734693878,"['2024\nDCR1004\n', 'Photoaaohedbv\nMEStessman\n2024\n', 'Santee CoastalReserve\nCharlestonCo sc\n\nEFeLoPresti\n3 Punt 2 Serub Oak\n']","['2024\nDCR1004\n', '2024\n', 'CR\nCC\n\n3 2\n']","['2024\nC1004\n', 'P\n2024\n', 'C\nCC\n\nP\n3 P 2\n']",modelv1.0__2026-05-17 06:45:08
D:/moth_photos/database\batch_05\img_moth_00008584.jpg,"[4000, 6000]",37.580000000000005,"['2024\nDCR1129\n', 'Photoaraohedbv\nMEStessman\n2024\n', 'Santee coastal Reserve\n\ntonCO sc\nFLO rest\nE omy Collins creek\n']","['2024\nDCR1129\n', '2024\n', 'C R\n\nC9\nC C\n']","['2024\nPC1129\n', 'P\n2024\n', 'C\n\nC9\nC C\n']",modelv1.0__2026-05-17 06:45:08
D:/moth_photos/database\batch_05\img_moth_00008585.jpg,"[4000, 6000]",37.95918367346939,"['Photoaaohedbv\nMEStessman\n2024\n', 'SanteeCoastalReserve\nCharlestonCaSC\n\n25 PFLoPresti\nDept ScrubOak\n', '2024\nDCR1005\n\n']","['2024\n', 'CR\nCCC\n\n25\nD\n', '2024\nDCR1005\n\n']","['P\n2024\n', 'C\nCCC\n\n25 PP\n', '2024\nC1005\n\n']",modelv1.0__2026-05-17 06:45:08
D:/moth_photos/database\batch_05\img_moth_00008586.jpg,"[4000, 6000]",37.760000000000005,"['Photoaraohedbv\nMEStessman\n2024\n', '2024\nDCR1130\n\noOOhStS\n', 'Ssia\nSantee Coastal Reserve\n\nCharleston CoS\nEFcoPresti\nja Collins Creek\n']","['2024\n', '2024\nDCR1130\n', 'C R\n\nC C\n0\nC C\n']","['P\n2024\n', '2024\nPC1130\n', 'C\n\nC C\n0P\nC C\n']",modelv1.0__2026-05-17 06:45:08
D:/moth_photos/database\batch_05\img_moth_00008587.jpg,"[4000, 6000]",37.38,"['Photoaaohedbv\nNMEStessman\n2024\n', 'SanteeCoastalReserve\nCharlestonCoSC\n\nZF EFLoPresti\nSam p3fSerubOak\n', '2024\npcR100\n']","['2024\n', 'CR\nCCC\n\n2 R\n4 3\n', '2024\nCR100\n']","['P\n2024\n', 'C\nCCC\n\n2 P\n4 3\n', '2024\nC100\n']",modelv1.0__2026-05-17 06:45:08
D:/moth_photos/database\batch_05\img_moth_00008588.jpg,"[4000, 6000]",37.54,"['Photoaraohedbv\nMEStessman\n2024\n', 'SanteeCoastalReserve\nCharleston CoSC\n2 oPresti\n\n1y nae i soi Creek\n', '2024\nDCR1131\n']","['2024\n', 'CR\nC CC\n2 0\n\n1 C\n', '2024\nDCR1131\n']","['P\n2024\n', 'C\nC CC\n2 0P\n\n1 C\n', '2024\nC1131\n']",modelv1.0__2026-05-17 06:45:08
D:/moth_photos/database\batch_05\img_moth_00008589.jpg,"[4000, 6000]",37.95918367346939,"['Photoaraohedbv\nMEStessman\n2024\n', 'SanteeCoastalReserve\nCharlestonCoSC\n\nEFoPresti\nce SEByScrubOak\n', '2024\n']","['2024\n', 'CR\nCCC\n\n0\nC C\n', '2024\n']","['P\n2024\n', 'C\nCCC\n\n0P\nC C\n', '2024\n']",modelv1.0__2026-05-17 06:45:08
D:/moth_photos/database\batch_05\img_moth_00008590.jpg,"[4000, 6000]",37.559999999999995,"['SanteeCoastalReserve\nCharlestonCoSC\nij EFLoPresti\nFa pe 4Collins Creek\n\ne\n', 'Photoaaohedbv\nMEStessman\n2024\n', '2024\nDCR1132\n\n']","['CR\nCC0C\nRR\n4C C\n', '2024\n', '2024\nDCR1132\n\n']","['C\nCC0C\nP\n4C C\n', 'P\n2024\n', '2024\nC1132\n\n']",modelv1.0__2026-05-17 06:45:08
D:/moth_photos/database\batch_05\img_moth_00008591.jpg,"[4000, 6000]",37.32,"['2024\nDCR1008\n', 'Photoaraohedbv\nMEStessman\n2024\n', 'SanteeCoastalReserve\nCharlestonCoSC\n\n23 EFLgPresti\neieEScrubOak\n']","['2024\nDCR1008\n', '2024\n', 'CR\nCCC\n23\n0\n']","['2024\nC1008\n', 'P\n2024\n', 'C\nCCC\n\n23 PP\n0\n']",modelv1.0__2026-05-17 06:45:08
D:/moth_photos/database\batch_05\img_moth_00008592.jpg,"[4000, 6000]",37.94,"['Photoaanhedbv\nMEStessman\n2024\n', '2024\nDCR1133\n', 'SanteeCoastal Reserve\nCharlestonCoSC\n']","['2024\n', '2024\nDCR1133\n', 'C R\nCCC\n']","['P\n2024\n', '2024\nC1133\n', 'C\nCCC\n']",modelv1.0__2026-05-17 06:45:08
D:/moth_photos/database\batch_05\img_moth_00008593.jpg,"[4000, 6000]",37.24,"['Photoaaohedbv\nMEStessman\n2024\n', 'SanteeCoastalReserve\nCharlestonCoSC\nEF LoPresti\n\nG im a 4 SerubOal Oat\n', '2024\nDCR1011\n']","['2024\n', 'CR\nCC0C\n\n6 4 C2 C\n', '2024\nDCR1011\n']","['P\n2024\n', 'C\nCC0C\nP\n\n6 4 C2 C\n', '2024\nC1011\n']",modelv1.0__2026-05-17 06:45:08
D:/moth_photos/database\batch_05\img_moth_00008594.jpg,"[4000, 6000]",37.660000000000004,"['Photoaaohedbv\nMEStessman\n2024\n', 'SanteeCoastalReserve\nChartestonCoSC\nEFLoPresti\nI Un f14CollinsCreek\n', '2024\nDCR1134\n']","['2024\n', 'CR\nCC0C\n14CC\n', '2024\nDCR1134\n']","['P\n2024\n', 'C\nCC0C\nP\n14CC\n', '2024\nPC1134\n']",modelv1.0__2026-05-17 06:45:08
D:/moth_photos/database\batch_05\img_moth_00008595.jpg,"[4000, 6000]",37.22,"['2024\nDCR1016\n', 'Photoaraohedbv\nMEStessman\n2024\n', 'SanteeCoastalReserve\nCharlestonCoSC\nE pe LePresti\noolmas t2ScrubOak\n']","['2024\nDCR1016\n', '2024\n', 'CR\nCCC\nC 20\n']","['2024\nPC1016\n', 'P\n2024\n', 'C\nCCC\nP\nC 20\n']",modelv1.0__2026-05-17 06:45:08
D:/moth_photos/database\batch_05\img_moth_00008596.jpg,"[4000, 6000]",37.5,"['Photoaanhedbv\nMEStessman\n2024\n', '2024\nDCR1135\n', 'SanteeCoastalReserve\nCharlestonCoSC\nELFCoPresti\n\nj\ns\n\nPha CollinsCreek\nBT\n']","['2024\n', '2024\nDCR1135\n', 'CR\nCC0C\nC0R\n\nCC\nD\n']","['P\n2024\n', '2024\nPC1135\n', 'C\nCC0C\nC0P\n\nP CC\n']",modelv1.0__2026-05-17 06:45:08
D:/moth_photos/database\batch_05\img_moth_00008597.jpg,"[4000, 6000]",37.5,"['Photoaranhedbv\nMEStessman\n2024\n', '2024\nDCR1018\n', 'santeeCoastalReserve\nCharlestonCoSC\n\nryFLoPresti\n\n24mAAPYScrubOak\n']","['2024\n', '2024\nDCR1018\n', 'CR\nCCC\n\n0R\n\n24RC\n']","['P\n2024\n', '2024\nC1018\n', 'C\nCCC\n\nP0P\n\n24PC\n']",modelv1.0__2026-05-17 06:45:08
D:/moth_photos/database\batch_05\img_moth_00008598.jpg,"[4000, 6000]",37.779999999999994,"['Photoaraohedbv\nMEStessman\n2024\n', '2024\nDCR1136\n\n', 'Santee CoastalReserve\nCharlestonCoSC\nEFLoPresti\npa a2 CollinsCreek\n']","['2024\n', '2024\nDCR1136\n\n', 'CR\nCC0C\n0\n2 CC\n']","['P\n2024\n', '2024\nC1136\n\n', 'C\nCC0C\n0P\n2 CC\n']",modelv1.0__2026-05-17 06:45:08
D:/moth_photos/database\batch_05\img_moth_00008599.jpg,"[4000, 6000]",37.36,"['2024\nDCR1014\n', 'Photoaaohedbv\nMEStessman\n2024\n', 'SanteeCoastalReserve\nCharlestanCoSC\nEFLoPresti\nL2sScrubOak\n\n']","['2024\nDCR1014\n', '2024\n', 'CR\nCC0C\n20\n\n']","['2024\nC1014\n', 'P\n2024\n', 'C\nCC0C\nP\n20\n\n']",modelv1.0__2026-05-17 06:45:08
D:/moth_photos/database\batch_05\img_moth_00008600.jpg,"[4000, 6000]",37.6,"['Photoaraohedbv\nMEStessman\n2024\n', '2024\nDCR1137\n\n', 'SanteeCoastalReserve\nCharlestonCoSC\n\niL EFRoPresti\n\n1RiZT4CollinsCreek\n']","['2024\n', '2024\nDCR1137\n\n', 'CR\nCCC\n\nR0\n\n1R24CC\n']","['P\n2024\n', '2024\nC1137\n\n', 'C\nCCC\n\n0P\n\n124CC\n']",modelv1.0__2026-05-17 06:45:08
D:/moth_photos/database\batch_05\img_moth_00008601.jpg,"[4000, 6000]",37.5,"['2024\nDCR1015\n', 'Photoaraohedbv\nMEStessman\n2024\n', 'SanteeCoastalReserve\nCharlestonCoSC\nEFeLoPresti\nScrubOak\n\npo\nt\n']","['2024\nDCR1015\n', '2024\n', 'CR\nCC0C\n']","['2024\nC1015\n', 'P\n2024\n', 'C\nCC0C\nP\n']",modelv1.0__2026-05-17 06:45:08
D:/moth_photos/database\batch_05\img_moth_00008602.jpg,"[4000, 6000]",37.6,"['2024\nDCR1138\n', 'Photoaraohedbv\nMEStessman\n2024\n', 'SanteeCoastalReserve\nCharlestonCoSC\nEPLoPresti\n\nGmate24CotinsCreek\n']","['2024\nDCR1138\n', '2024\n', 'CR\nCC0C\n\n24CC\n']","['2024\nPC1138\n', 'P\n2024\n', 'CP\nCC0C\nPP\n\n24CC\n']",modelv1.0__2026-05-17 06:45:08
D:/moth_photos/database\batch_05\img_moth_00008603.jpg,"[4000, 6000]",37.87755102040816,"['Photoaraohedbv\nMEStessman\n2024\n', 'ee\nSanteeCoastalReserve\nCharlestonCoSC\nEFLoPresti\nwgvsScrubOak\n\n', '2024\n\nDCR1012\n']","['2024\n', 'CR\nCCC\n0\n\n', '2024\n\nDCR1012\n']","['P\n2024\n', 'C\nCCC\nP\n0\n\n', '2024\n\nC1012\n']",modelv1.0__2026-05-17 06:45:08
D:/moth_photos/database\batch_05\img_moth_00008604.jpg,"[4000, 6000]",37.52,['Prosogwachedbv\nMESweerrme\nyor\n'],[''],['P\n'],modelv1.0__2026-05-17 06:45:08
D:/moth_photos/database\batch_05\img_moth_00008605.jpg,"[4000, 6000]",37.26,"['Photoaraohedby\nMEStessman\n2024\n', 'SanteeCoastalReserve\nCharlestonCoSC\nEFLoPresti\n2pALi4ScrubOak\n', '2024\nDCR1017\n\n']","['2024\n', 'CR\nCC0C\n24\n', '2024\nDCR1017\n\n']","['P\n2024\n', 'C\nCC0C\nP\n24\n', '2024\nPC1017\n\n']",modelv1.0__2026-05-17 06:45:08
D:/moth_photos/database\batch_05\img_moth_00008606.jpg,"[4000, 6000]",37.660000000000004,"['Photographedby\nAFletcher\n2024\n', 'SanteeCoastalReserve\nCharleston CoSC\n\nsa EFLoPresti\n\n2wE64SandPit\n', '2024\nDCR1145\n']","['2024\n', 'CR\nC CC\n\n0\n\n2864\n', '2024\nDCR1145\n']","['P\n2024\n', 'C\nC CC\n\n0 P\n\n2864P\n', '2024\nC1145\n']",modelv1.0__2026-05-17 06:45:08
D:/moth_photos/database\batch_05\img_moth_00008607.jpg,"[4000, 6000]",37.34,"['2024\nDCR1013\n', 'Photoaraohedbv\nMEStessman\n2024\n', 'SanteeCoastalReserve\nCharlestonCoSC\nFLoPresti\n\nP4meRI4SorubOak\n']","['2024\nDCR1013\n', '2024\n', 'CR\nCC0C\n\n24R4C2\n']","['2024\nC1013\n', 'P\n2024\n', 'C\nCC0C\nP\n\nP44C2\n']",modelv1.0__2026-05-17 06:45:08
D:/moth_photos/database\batch_05\img_moth_00008608.jpg,"[4000, 6000]",37.6,"['Photographedby\nAFletcher\n2024\n', '2024\nDCR1142\n', 'santeeCoastalReserve\nCharlestonCoSC\nEFLoPresti\n\n24m wf24SandPit\n']","['2024\n', '2024\nDCR1142\n', 'CR\nCC0C\n\n24 24R\n']","['P\n2024\n', '2024\nC1142\n', 'C\nCC0C\nP\n\n24 24P\n']",modelv1.0__2026-05-17 06:45:08
D:/moth_photos/database\batch_05\img_moth_00008609.jpg,"[4000, 6000]",37.38,"['Photoaraohedbv\nMEStessman\n2024\n', 'SanteeCoastalReserve\nCharleston CoSC\n2 EFCoPresti\nCeBL red ScrubOak\n\n', '2024\npcR1009\n']","['2024\n', 'CR\nC CC\n2 CR\nCR 0\n\n', '2024\nDCR1009\n']","['P\n2024\n', 'C\nC CC\n2 CP\nC 0\n\n', '2024\nC1009\n']",modelv1.0__2026-05-17 06:45:08
D:/moth_photos/database\batch_05\img_moth_00008610.jpg,"[4000, 6000]",37.779999999999994,"['Photographedby\nAFletcher\n2024\n', '2024\nDCR1139\n', 'SanteeCoastalReserve\nCharlestonCoSC\nEFeLoPresti\n\nCARP Q74SandPit\n']","['2024\n', '2024\nDCR1139\n', 'CR\nCCC\n\nCR R74\n']","['P\n2024\n', '2024\nC1139\n', 'CP\nCCC\nP\n\nCP 74P\n']",modelv1.0__2026-05-17 06:45:08
D:/moth_photos/database\batch_05\img_moth_00008611.jpg,"[4000, 6000]",37.46,"['Photoaraohedbv\nMEStessman\n2024\n', 'SanteeCoasta Reserve\nCharleston CoSC\ny EFCoPresti\n\nre tetdeFuf ScrubOak\n\n', '2024\nDCR1019\n']","['2024\n', 'C R\nC CC\nC\n\nR 13 0\n\n', '2024\nDCR1019\n']","['P\n2024\n', 'C\nC CC\nCP\n\n13 0\n\n', '2024\nC1019\n']",modelv1.0__2026-05-17 06:45:08
D:/moth_photos/database\batch_05\img_moth_00008612.jpg,"[4000, 6000]",37.31372549019608,"['Photographedby\nAFletcher\n2024\n', 'SameeCoastalReserve\nCharlestonCoSC\nEFloPresti\n\n2ImapySandPit\n', '2024\n\nDCR1141\n']","['2024\n', 'CR\nCCC\n24\n', '2024\n\nDCR1141\n']","['P\n2024\n', 'C\nCCC\nP\n\n24P\n', '2024\n\nC1141\n']",modelv1.0__2026-05-17 06:45:08
D:/moth_photos/database\batch_05\img_moth_00008613.jpg,"[4000, 6000]",37.38,"['Photoaraohedbv\nMEStessman\n2024\n', 'EEOttw\n\n2024\nDCR1022\n\naa\n', 'eee\nSanteeCoastalReserve\nCharlestonCoSC\nEFLoPresti\nSandPit\n']","['2024\n', '2024\nDCR1022\n', 'CR\nCC0C\n']","['P\n2024\n', '2024\nC1022\n', 'C\nCC0C\nP\nP\n']",modelv1.0__2026-05-17 06:45:08
D:/moth_photos/database\batch_05\img_moth_00008614.jpg,"[4000, 6000]",37.1764705882353,"['AFletcher\n2024\n', 'SamteeCoastalReserve\nChariestonCoSC\nEFQoPresti\n\nTArinftSandPit\n', '2024\nDCR1146\n']","['2024\n', 'CR\nCCC\nC0\n\nD\n', '2024\nDCR1146\n']","['2024\n', 'C\nCCC\nC0P\n\nP\n', '2024\nPC1146\n']",modelv1.0__2026-05-17 06:45:08
D:/moth_photos/database\batch_05\img_moth_00008615.jpg,"[4000, 6000]",37.24,"['Photoaraohedbv\nMEStessman\n2024\n', '2024\nDCR1023\n', 'arte ae\nrata\nand Pit\n\n']","['2024\n', '2024\nDCR1023\n', '']","['P\n2024\n', '2024\nC1023\n', 'PP\n\n']",modelv1.0__2026-05-17 06:45:08
D:/moth_photos/database\batch_05\img_moth_00008616.jpg,"[4000, 6000]",37.68,"['Photographedby\nAFletcher\n2024\n', '2024\nDCR1147\n', 'SanteeCoastalReserve\nCharlestonCoSC\nrv EFLoPresti\nra ANU SandPit\nae\n']","['2024\n', '2024\nDCR1147\n', 'CR\nCCC\nRC\n']","['P\n2024\n', '2024\nC1147\n', 'C\nCCC\nP\nC P\n']",modelv1.0__2026-05-17 06:45:08
D:/moth_photos/database\batch_05\img_moth_00008617.jpg,"[4000, 6000]",37.714285714285715,"['Photoaraohedbv\nMEStessman\n2024\n', '2024\nDCR1025\n', 'EEh3SGhe\nSantee CoastalReserve\n\nCharlestonCo sc\nFLePresti\n\nner 3aSandPit\n']","['2024\n', '2024\nDCR1025\n', '3\nCR\n\nCC0 C\n\n3\n']","['P\n2024\n', '2024\nC1025\n', '3\nC\n\nCC0 C\nP\n\n3P\n']",modelv1.0__2026-05-17 06:45:08
D:/moth_photos/database\batch_05\img_moth_00008618.jpg,"[4000, 6000]",37.88,"['Photographedby\nAFletcher\n2024\n', 'SanteeCoastalReserve\nCharlestonCoSC\nUF FCoPresti\n\nma274 SandPit\n', '2024\nDCR1144\n']","['2024\n', 'CR\nCCC\nC\n\n274\n', '2024\nDCR1144\n']","['P\n2024\n', 'C\nCCC\nCP\n\n274 P\n', '2024\nC1144\n']",modelv1.0__2026-05-17 06:45:08
D:/moth_photos/database\batch_05\img_moth_00008619.jpg,"[4000, 6000]",37.42,"['Photoaraohedbv\nMEStessman\n2024\n', 'SanteeCoastalKeserve\nCharlestonCoSC\n\nEFLoPresti\n\ni2fy3 SandPit\n\nwr\nvy\n', '2024\nDCR1024\n\n']","['2024\n', 'CR\nCCC\n\nC0R\n\n23 R\n', '2024\nDCR1024\n\n']","['P\n2024\n', 'C\nCCC\n\nC0P\n\n2P3 P\n', '2024\nPC1024\n\n']",modelv1.0__2026-05-17 06:45:08
D:/moth_photos/database\batch_05\img_moth_00008620.jpg,"[4000, 6000]",37.82,"['Photographedby\nAFletcher\n2024\n', '2024\nDCR1143\n', 'SanteeCoastalReserve\nCharlestonCoSC\nG EFLoPresti\nUAnah14SandPit\n']","['2024\n', '2024\nDCR1143\n', 'CR\nCCC\nD14\n']","['P\n2024\n', '2024\nC1143\n', 'C\nCCC\nP\n14P\n']",modelv1.0__2026-05-17 06:45:08
D:/moth_photos/database\batch_05\img_moth_00008621.jpg,"[4000, 6000]",37.48,"['Photoaaohedbv\nMEStessman\n2024\n', '2024\nDCR1026\n', '']","['2024\n', '2024\nDCR1026\n', '']","['P\n2024\n', '2024\nC1026\n', '']",modelv1.0__2026-05-17 06:45:08
D:/moth_photos/database\batch_05\img_moth_00008622.jpg,"[4000, 6000]",37.6,"['Photographedby\nAFletcher\n2024\n', 'SarnteeCoastalReserve\nChartesjonCoSC\nF EFLoPresti\nLAmkR74SandPit\n', '2024\nDCR1140\n']","['2024\n', 'CR\nCC0C\n4R74\n', '2024\nDCR1140\n']","['P\n2024\n', 'C\nCC0C\nP\n\n474P\n', '2024\nC1140\n']",modelv1.0__2026-05-17 06:45:08
D:/moth_photos/database\batch_05\img_moth_00008623.jpg,"[4000, 6000]",37.3,"['Photoaaohedbv\nNEStessman\n2024\n', '2024\nDCR1029\n\niE\n', 'eee\nSanteeCoastaiReserve\n\nChartestonCoSC\n\nEFLoPresti\n\ntm wee 8 SandPit\n']","['2024\n', '2024\nDCR1029\n', 'CC\nCR\n\nCC0C\n\n8\n']","['P\n2024\n', '2024\nC1029\n', 'CC\nC\n\nCC0C\n\nP\n\n8 P\n']",modelv1.0__2026-05-17 06:45:08
D:/moth_photos/database\batch_05\img_moth_00008624.jpg,"[4000, 6000]",37.71999999999999,"['Photographedby\nAFletcher\n2024\n', 'SanteeCoastaiKeserve\nCharleatonCoSC\nEFLoPresti\n\nLAEr LiveOak\n', '2024\nDCR1169\n']","['2024\n', 'C\nCCC\n\nR\n', '2024\nDCR1169\n']","['P\n2024\n', 'C\nCCC\nP\n', '2024\nC1169\n']",modelv1.0__2026-05-17 06:45:08
D:/moth_photos/database\batch_05\img_moth_00008625.jpg,"[4000, 6000]",37.89795918367347,"['Photoaraohedbv\nMEStessman\n2024\n', '2024\nDCR1031\n', 'SanteeCoastalReserve\nCharlestonCoSC\nEF oPresti\nmT at SandPit\n\ne\n\n']","['C\n2024\n', '2024\nDCR1031\n', 'CR\nCCC\nR\n\n1\n\n']","['P\nC\n2024\n', '2024\nC1031\n', 'CP\nCCC\nP\n\n1P P\n\n']",modelv1.0__2026-05-17 06:45:08
D:/moth_photos/database\batch_05\img_moth_00008626.jpg,"[4000, 6000]",37.54,"['SanteeCoastalReserve\nCharlestorCoSC\n\nEFLoPresti\nmACBYLive Oak\n', '2024\nDCR1173\n', 'Photographedby\nAFletcher\n2024\n']","['CR\nCCC\n\nC\n', '2024\nDCR1173\n', '2024\n']","['C\nCCC\n\nP\nC\n', '2024\nC1173\n', 'P\n2024\n']",modelv1.0__2026-05-17 06:45:08
D:/moth_photos/database\batch_05\img_moth_00008627.jpg,"[4000, 6000]",37.795918367346935,"['Photoaraohedbv\nMEStessman\n2024\n', '2024\nDCR1027\n', 'Siii\nSanteeCoastal Reserve\n\nCharlestonCoS\nEFLoPresti\n\nRFGLatSandhi\n\n']","['2024\n', '2024\nDCR1027\n', 'C R\n\nCC0\n\nR\n\n']","['P\n2024\n', '2024\nC1027\n', 'C\n\nCC0\nP\n\nP\n\n']",modelv1.0__2026-05-17 06:45:08
D:/moth_photos/database\batch_05\img_moth_00008628.jpg,"[4000, 6000]",37.64,"['Photographedby\nAFletcher\n2024\n', '2024\nDCR1155\n', 'Fn\nSanteeCoastalReserve\nCharleston CoSC\nnwEF LoPresti\nStateyLiveOak\n']","['2024\n', '2024\nDCR1155\n', 'CR\nC CC\n502\n']","['P\n2024\n', '2024\nPC1155\n', 'P\nC\nC CC\nP\n502\n']",modelv1.0__2026-05-17 06:45:08
D:/moth_photos/database\batch_05\img_moth_00008629.jpg,"[4000, 6000]",37.795918367346935,"['Photoaaohedbv\nMAEStessman\n2024\n', 'SanteeCoastalReserve\nCharlestonCoSC\nEFLoPresti\n\nife6O74SandPit\n', '2024\nDCR1032\n']","['2024\n', '5CR\nCC0C\n\n6074\n', '2024\nDCR1032\n']","['P\n2024\n', '5C\nCC0C\nP\n\n6074P\n', '2024\nC1032\n']",modelv1.0__2026-05-17 06:45:08
D:/moth_photos/database\batch_05\img_moth_00008630.jpg,"[4000, 6000]",37.660000000000004,"['Photographedby\nAFletcher\n2024\n', 'SanteeCoastalReserve\nCharlestonCoSC\nEFLePresti\n\nSpapdy LiveOak\n', '2024\nDCR1159\n']","['2024\n', 'CR\nCCC\n', '2024\nDCR1159\n']","['P\n2024\n', 'C\nCCC\nP\n', '2024\nC1159\n']",modelv1.0__2026-05-17 06:45:08
D:/moth_photos/database\batch_05\img_moth_00008631.jpg,"[4000, 6000]",37.4,"['Photoaraohedbv\nMEStessman\n', '2024\nDCR1028\n\n', '']","['', '2024\nDCR1028\n\n', '']","['P\n', '2024\nPC1028\n\n', '']",modelv1.0__2026-05-17 06:45:08
D:/moth_photos/database\batch_05\img_moth_00008632.jpg,"[4000, 6000]",37.8,"['Photographedby\nAFletcher\n2024\n', 'SanteeCoastalReserve\nCharlestonCoSC\n\n3 EFloPresti\nMAL7YLiveOak\n', '2024\nDCR1172\n']","['2024\n', 'CR\nCCC\n\n3\nRR7C\n', '2024\nDCR1172\n']","['P\n2024\n', 'C\nCCC\n\n3 P\n7C\n', '2024\nC1172\n']",modelv1.0__2026-05-17 06:45:08
D:/moth_photos/database\batch_05\img_moth_00008633.jpg,"[4000, 6000]",37.26,"['Photoaraohedbv\nNMEStessman\n2024\n', '2024\nDCR1030\n', 'es\nSanteeCoastalReserve\nCharlestonCoSC\nE F LoPresti\n7 SandPit\n']","['2024\n', '2024\nDCR1030\n', 'CR\nCCC\n7\n']","['P\n2024\n', '2024\nC1030\n', 'C\nCCC\nP\n7 P\n']",modelv1.0__2026-05-17 06:45:08
D:/moth_photos/database\batch_05\img_moth_00008634.jpg,"[4000, 6000]",37.559999999999995,"['Photographedby\nAFletcher\n2024\n', 'SanteeCoastal Reserve\nChartestonCoSC\nEFLePresti\n\nVesna\n', '2024\nDCR1149\n']","['2024\n', 'C R\nCCC\n\n4\n', '2024\nDCR1149\n']","['P\n2024\n', 'C\nCCC\nP\n\n4\n', '2024\nC1149\n']",modelv1.0__2026-05-17 06:45:08
D:/moth_photos/database\batch_05\img_moth_00008635.jpg,"[4000, 6000]",37.760000000000005,"['2024\nDCR1033\n', 'Photoaraohedbv\nMEStessman\n2024\n', 'SanteeCoastalReserve\nChariestonCoSC\n\nLoPresti\nLAE e4SandPi\n']","['2024\nDCR1033\n', '2024\n', 'CR\nCCC\n\n4R\n']","['2024\nC1033\n', 'P\n2024\n', 'C\nCCC\n\nP\nP 4P\n']",modelv1.0__2026-05-17 06:45:08
D:/moth_photos/database\batch_05\img_moth_00008636.jpg,"[4000, 6000]",37.559999999999995,"['Photographedby\nAFletcher\n2024\n', 'SanteeCoastalReserve\nCharlestonCoSC\nEFLePresti\n\nDeviate\n', '2024\nDCR1176\n']","['2024\n', 'CR\nCCC\n', '2024\nDCR1176\n']","['P\n2024\n', 'C\nCCC\nP\n', '2024\nC1176\n']",modelv1.0__2026-05-17 06:45:08
D:/moth_photos/database\batch_05\img_moth_00008637.jpg,"[4000, 6000]",37.74,"['Photoaaohedbv\nMEStessman\n2024\n', '2024\nDCR1034\n\n', 'SanteeCoastalReserve\nCharlestgnCoSC\n\nEFLoPresti\nLPvpf7sGatorRoad\n']","['2024\n', '2024\nDCR1034\n\n', 'CR\nCCC\n172CR\n']","['P\n2024\n', '2024\nC1034\n\n', 'C\nCCC\n\nP\n1P72C\n']",modelv1.0__2026-05-17 06:45:08
D:/moth_photos/database\batch_05\img_moth_00008638.jpg,"[4000, 6000]",37.7,"['Photographedby\nAFletcher\n2024\n', '2024\nDCR1161\n', 'o\n\nSanteeCoastalReserve\nChariestonCoSC\nEF foPresti\n\nSmA2 2N LiveOak\n']","['2024\n', '2024\nDCR1161\n', 'CR\nCCC\n\n2 2 0\n']","['P\n2024\n', '2024\nC1161\n', 'C\nCCC\nPP\n\n2 2 0\n']",modelv1.0__2026-05-17 06:45:08
D:/moth_photos/database\batch_05\img_moth_00008639.jpg,"[4000, 6000]",37.82,"['2024\nDCR1035\n', 'Photoaraohedbv\nMEStessman\n2024\n', 'SanteeCoastal Reserve\nCharlestonCoSC\nEFLoPresti\n\nDf aciMGator Road\n\n']","['2024\nDCR1035\n', 'C\n2024\n', 'C R\nCC0C\n\nD R\n\n']","['2024\nC1035\n', 'P\nC\n2024\n', 'C\nCC0C\nP\n\n']",modelv1.0__2026-05-17 06:45:08
D:/moth_photos/database\batch_05\img_moth_00008640.jpg,"[4000, 6000]",37.52,"['Photographedby\nAFletcher\n2024\n', 'vameeCoastalReserve\nChartestonCoSC\nEFLoPresti\n\n3mad24LiveOak\n', '2024\nDCR1160\n']","['2024\n', 'CR\nCC0C\n\n324C\n', '2024\nDCR1160\n']","['P\n2024\n', 'C\nCC0C\nP\n\n324C\n', '2024\nC1160\n']",modelv1.0__2026-05-17 06:45:08
D:/moth_photos/database\batch_05\img_moth_00008641.jpg,"[4000, 6000]",37.86,"['2024\nDCR1036\n', 'Photoaraohedbv\nMEStessman\n2024\n', 'j SanteeCoastalReserve\nCharlestonCoSC\nEFLoPresti\n\nA padi yGator Road\n']","['2024\nDCR1036\n', '2024\n', 'CR\nCCC\n\nR\n']","['2024\nPC1036\n', 'P\n2024\n', 'C\nCCC\nP\n']",modelv1.0__2026-05-17 06:45:08
D:/moth_photos/database\batch_05\img_moth_00008642.jpg,"[4000, 6000]",37.93877551020408,"['Photographedby\nAFletcher\n2024\n', '2024\nDCR1171\n', 'SanteeCoastalReserve\nCharlestonCoSC\nEFJoPresti\n\nSpi LiveOak\n']","['2024\n', '2024\nDCR1171\n', 'CR\nCCC\n0\n\n0\n']","['P\n2024\n', '2024\nC1171\n', 'C\nCCC\n0P\n\n0\n']",modelv1.0__2026-05-17 06:45:08
D:/moth_photos/database\batch_05\img_moth_00008643.jpg,"[4000, 6000]",37.94,"['Photoaraohedbv\nMEStessman\n2024\n', '2024\nDCR1037\n', 'SanteeCoastalReserve\nalla CoSC\nPLoPresti\n\nis 4 nay GatorRoad\n']","['2024\n', '2024\nDCR1037\n', 'CR\nCC\n\n4 R\n']","['P\n2024\n', '2024\nPC1037\n', 'C\nCC\nPP\n\n4\n']",modelv1.0__2026-05-17 06:45:08
D:/moth_photos/database\batch_05\img_moth_00008644.jpg,"[4000, 6000]",37.5,"['Photographedby\nAFletcher\n2024\n', 'Santee CoastalReserve\nCharlestonCoSC\nEFLoPresti\n\nlamNQIYLiveOak\n', '2024\nDCR1158\n']","['2024\n', 'CR\nCC0C\n\nRC2\n', '2024\nDCR1158\n']","['P\n2024\n', 'C\nCC0C\nP\n\nC2\n', '2024\nPC1158\n']",modelv1.0__2026-05-17 06:45:08
D:/moth_photos/database\batch_05\img_moth_00008645.jpg,"[4000, 6000]",37.21568627450981,"['2024\nDCR1038\n', 'Photoaaohedbv\nMEStessman\n2024\n', 'SanteeCoastalReserve\nCharlestonCoSC\nrar AR 5 toPresti\nfr iY Cypress\n']","['2024\nDCR1038\n', '2024\n', 'CR\nCC0C\nR 5 0\nC\n']","['2024\nC1038\n', 'P\n2024\n', 'CP\nCC0C\n5 0P\nC\n']",modelv1.0__2026-05-17 06:45:08
D:/moth_photos/database\batch_05\img_moth_00008646.jpg,"[4000, 6000]",37.52,"['Photographedby\nAFletcher\n2024\n', '2024\nDCR1148\n', 'SanteeCoastalReserve\nCharlestonCoSC\n2 EFLoPresti\nm\n\nTIMARLY LiveOak\n']","['2024\n', '2024\nDCR1148\n', 'CR\nCCC\n2\n\n1R\n']","['P\n2024\n', '2024\nC1148\n', 'C\nCCC\n2 P\n\n1\n']",modelv1.0__2026-05-17 06:45:08
D:/moth_photos/database\batch_05\img_moth_00008647.jpg,"[4000, 6000]",37.900000000000006,"['2024\nDCR1039\n', 'Photoaaohedbv\nMEStessman\n2024\n', 'ta\nCoastalReserve\n\nSantee\nChartestonCo Sc\nEFCoPresti\n\noP\n\n']","['2024\nDCR1039\n', '2024\n', 'CR\n\nCC C\nC\n\n']","['2024\nC1039\n', 'P\n2024\n', 'C\n\nCC C\nCP\n\nPP\n\n']",modelv1.0__2026-05-17 06:45:08
D:/moth_photos/database\batch_05\img_moth_00008648.jpg,"[4000, 6000]",37.68,"['Photographedby\nAFletcher\n2024\n', '2024\nDCR1168\n', 'SanteeCoastalReserve\nCharlestonCoSC\nEFLoPresti\n\ncs feapyLiveOak\n']","['2024\n', '2024\nDCR1168\n', 'CR\nCCC\nC\n']","['P\n2024\n', '2024\nPC1168\n', 'CP\nCCC\nP\n\nPC\n']",modelv1.0__2026-05-17 06:45:08
D:/moth_photos/database\batch_05\img_moth_00008649.jpg,"[4000, 6000]",37.31372549019608,"['Photoaraohedbv\nMEStessman\n2024\n', '2024\nDCR1040\n', 'CoastalReserve\n\nCharlestonCoSC\nEFL8Presti\nCypress\n']","['2024\n', '2024\nDCR1040\n', 'CR\n\nCCC\n8R\nC\n']","['P\n2024\n', '2024\nPC1040\n', 'C\n\nCCC\n8P\nC\n']",modelv1.0__2026-05-17 06:45:08
D:/moth_photos/database\batch_05\img_moth_00008650.jpg,"[4000, 6000]",37.48,"['Photographedby\nAFletcher\n2024\n', 'SanteeCoastalReserve\nCharlestonCoSC\n3 EFtoPresti\n\nMPRZYLive Oak\n', '2024\nDCR1152\n']","['2024\n', 'CR\nCCC\n3 0\n\nR C\n', '2024\nDCR1152\n']","['P\n2024\n', 'C\nCCC\n3 0P\n\nP C\n', '2024\nC1152\n']",modelv1.0__2026-05-17 06:45:08
D:/moth_photos/database\batch_05\img_moth_00008651.jpg,"[4000, 6000]",37.839999999999996,"['Photoaraohedbv\nNEStessman\n2024\n', 'Santee CoastalReserve\n\nCharleston CoSC\nvyyEF LoPresti\nfrye gi Cypress\n\nwu\na\n', 'br\n2024\n\nDCR1041\n']","['2024\n', 'CR\n\nC CC\nC\nC\n', '2024\n\nDCR1041\n']","['P\n2024\n', 'CP\n\nC CC\nC P\nC\n', '2024\n\nPC1041\n']",modelv1.0__2026-05-17 06:45:08
D:/moth_photos/database\batch_05\img_moth_00008652.jpg,"[4000, 6000]",37.3,"['Photographedby\nAFletcher\n2024\n', '2024\nDCR1170\n', 'SanteeCoastalReserve\nCharlestonCoSC\nEFkoPresti\n3 MAZ2fLiveOak\n']","['2024\n', '2024\nDCR1170\n', 'CR\nCC0C\n3 R2C\n']","['P\n2024\n', '2024\nC1170\n', 'C\nCC0C\nP\n3 2C\n']",modelv1.0__2026-05-17 06:45:08
D:/moth_photos/database\batch_05\img_moth_00008653.jpg,"[4000, 6000]",37.62745098039216,"['SanteeCoastalReserve\nCharlestonCoSC\nEFLoPresti\n\nZUmahiuCypress\n', 'Photoaraohedbv\nMEStessman\n2024\n', '2024\n\nDCR1042\nee\n\n']","['CR\nCCC\n\nC\n', '2024\n', '2024\n\nDCR1042\n\n']","['C\nCCC\nP\n\nC\n', 'P\n2024\n', '2024\n\nC1042\n\n']",modelv1.0__2026-05-17 06:45:08
D:/moth_photos/database\batch_05\img_moth_00008654.jpg,"[4000, 6000]",37.54,"['Photographedby\nAFletcher\n2024\n', 'SanteeCoastalReserve\nCharlestonCoSC\nEFLoPresti\n\nSo\n\niN Rry LiveOak\n', '2024\nDCR1175\n']","['2024\n', 'CR\nCCC\n34\n\nR 0\n', '2024\nDCR1175\n']","['P\n2024\n', 'C\nCCC\nP\n\n34\n\n0\n', '2024\nC1175\n']",modelv1.0__2026-05-17 06:45:08
D:/moth_photos/database\batch_05\img_moth_00008655.jpg,"[4000, 6000]",37.607843137254896,"['Photoaraohedbv\nNEStessman\n2024\n', 'SanteeCoastalReserve\nCharlestonCoSC\nEFeLoPresti\nopCypress\nrr\n', '']","['2024\n', 'CR\nCCC\nC\n', '']","['P\n2024\n', 'C\nCCC\n\nP\n\nC\n', '']",modelv1.0__2026-05-17 06:45:08
D:/moth_photos/database\batch_05\img_moth_00008656.jpg,"[4000, 6000]",37.62,"['Photographedby\nAFletcher\n2024\n', 'SanteeCoastalReserve\nCharlestonCoSC\nEF2oPresti\n\nSmatrzy LiveOak\n', '2024\nDCR1154\n']","['2024\n', 'CR\nCC0C\n2\n', '2024\nDCR1154\n']","['P\n2024\n', 'C\nCC0C\n2P\n', '2024\nC1154\n']",modelv1.0__2026-05-17 06:45:08
D:/moth_photos/database\batch_05\img_moth_00008657.jpg,"[4000, 6000]",37.44,['Proscwachedby\nMESweera\nyoe\n'],[''],['P\n'],modelv1.0__2026-05-17 06:45:08
D:/moth_photos/database\batch_05\img_moth_00008658.jpg,"[4000, 6000]",37.8,"['Photographedby\nAFletcher\n2024\n', '2024\nDCR1165\n', 'SanteeCoastalReserve\nCharlestonCoSC\n3 EFCoPresti\nOm\n\np024LiveOak\n']","['2024\n', '2024\nDCR1165\n', 'CR\nCCC\n3 C0\n\n0240\n']","['P\n2024\n', '2024\nC1165\n', 'C\nCCC\n3 C0P\n\n0240\n']",modelv1.0__2026-05-17 06:45:08
D:/moth_photos/database\batch_05\img_moth_00008659.jpg,"[4000, 6000]",37.900000000000006,"['Photoaraohedbv\nMEStessman\n2024\n', 'rr\nSanteeCoastalReserve\nCharlestonCoSC\nieyEFkoPresti\nif fPZ2wLiveOak\n\n', 're\n2024\n\nDCR1044\na\n']","['2024\n', 'CR\nCCC\nR\n7 22C\n\n', '2024\n\nDCR1044\n']","['P\n2024\n', 'C\nCCC\nP\n7 P22C\n\n', '2024\n\nC1044\n']",modelv1.0__2026-05-17 06:45:08
D:/moth_photos/database\batch_05\img_moth_00008660.jpg,"[4000, 6000]",37.46,"['Photographedby\nAFletcher\n2024\n', 'SanteeCoastalReserve\nCharlestonCoSC\nEFLoPresti\n\n13m AL24LiveOak\n', '2024\nDCR1167\n']","['2024\n', 'CR\nCCC\n\n13 24C\n', '2024\nDCR1167\n']","['P\n2024\n', 'C\nCCC\nP\n\n13 24C\n', '2024\nC1167\n']",modelv1.0__2026-05-17 06:45:08
D:/moth_photos/database\batch_05\img_moth_00008661.jpg,"[4000, 6000]",37.8,"['2024\nDCR1051\n', 'Photoaraohedbv\nMEStessman\n2024\n', 'Santee Coastal Reserve\nCharlestanCoSC\nof PF LoPresti\n\n17ee ef Qi LiveOak\n']","['2024\nDCR1051\n', '2024\n', 'C R\nCC0C\n\n17 4 0\n']","['2024\nPC1051\n', 'P\n2024\n', 'C\nCC0C\nP P\n\n17 4 0\n']",modelv1.0__2026-05-17 06:45:08
D:/moth_photos/database\batch_05\img_moth_00008662.jpg,"[4000, 6000]",37.580000000000005,"['Photographedby\nAFletcher\n2024\n', '2024\n\nDCR1151\n', 'SanteeCoastalReserve\nCharlestonCoSC\nEFeLoPresti\nASmseyy LiveOak\n']","['2024\n', '2024\n\nDCR1151\n', 'CR\nCCC\n3 C\n']","['P\n2024\n', '2024\n\nC1151\n', 'CP\nCCC\nP\n3 C\n']",modelv1.0__2026-05-17 06:45:08
D:/moth_photos/database\batch_05\img_moth_00008663.jpg,"[4000, 6000]",37.62,"['Photoaaohedbv\nMEStessman\n2024\n', '', '2024\n\nDCR1045\nSN\n']","['2024\n', '', '2024\n\nDCR1045\n']","['P\n2024\n', '', '2024\n\nC1045\n']",modelv1.0__2026-05-17 06:45:08
D:/moth_photos/database\batch_05\img_moth_00008664.jpg,"[4000, 6000]",37.559999999999995,"['Photographedby\nAFletcher\n2024\n', '2024\nDCR1166\n', 'SanteeCoastalReserve\nCharleston CoSC\n\nEFLoPresti\nSand 24LiveOak\n']","['2024\n', '2024\nDCR1166\n', 'CR\nC CC\n\n24C\n']","['P\n2024\n', '2024\nC1166\n', 'C\nC CC\n\nP\n24C\n']",modelv1.0__2026-05-17 06:45:08
D:/moth_photos/database\batch_05\img_moth_00008665.jpg,"[4000, 6000]",37.779999999999994,"['SanteeCoastalReserve\nCharlestonCoSC\nE FloPresti\nDak 4 LY LiveOak\n', 'Photoaraohedbv\nMEStessman\n2024\n', '2024\nDCR1047\n\n']","['CR\nCCC\nR\nD 4 0\n', '2024\n', '2024\nDCR1047\n\n']","['C\nCCC\nP\n4 0\n', 'P\n2024\n', '2024\nPC1047\n\n']",modelv1.0__2026-05-17 06:45:08
D:/moth_photos/database\batch_05\img_moth_00008666.jpg,"[4000, 6000]",37.62,"['Photographedby\nAFletcher\n2024\n', '2024\nDCR1164\n', 'SanteeCoastalReserve\nCharlestonCoSC\nEFloPresti\nW3mneze AGZyLiveOak\n']","['2024\n', '2024\nDCR1164\n', 'CR\nCC0C\n3 C20\n']","['P\n2024\n', '2024\nC1164\n', 'C\nCC0C\nP\nW3 C20\n']",modelv1.0__2026-05-17 06:45:08
D:/moth_photos/database\batch_05\img_moth_00008667.jpg,"[4000, 6000]",37.559999999999995,"['Photoaraohedbv\nMEStessman\n2024\n', '2024\nDCR1048\n', 'SanteeCoastalReserve\nCharlestonCoSC\nFLaPresti\n\nroy LiveOak\n\n7\n']","['2024\n', '2024\nDCR1048\n', 'CR\nCC0C\n0\n\n7\n']","['P\n2024\n', '2024\nC1048\n', 'C\nCC0C\nP\n\n0\n\n7\n']",modelv1.0__2026-05-17 06:45:08
D:/moth_photos/database\batch_05\img_moth_00008668.jpg,"[4000, 6000]",37.46,"['Photographedby\nAFletcher\n2024\n', '2024\nDCR1153\n', 'Santee CoastalReserve\nCharlestonCoSC\nEFLoPresti\nAnK2Y LiveOak\n\n']","['2024\n', '2024\nDCR1153\n', 'R CR\nCC0C\nR2 0\n\n']","['P\n2024\n', '2024\nC1153\n', 'C\nCC0C\nP\n2 0\n\n']",modelv1.0__2026-05-17 06:45:08
D:/moth_photos/database\batch_05\img_moth_00008669.jpg,"[4000, 6000]",37.660000000000004,"['SanteeCoastalReserve\nCharlestonCoSC\nEPLoPresti\n\nLMARLY LiveOak\n', 'Photoaraohedbv\nMEStessman\n2024\n', '2024\nDCR1046\n']","['CR\nCCC\n\n2RR\n', '2024\n', '2024\nDCR1046\n']","['C\nCCC\nPP\n\n2\n', 'P\n2024\n', '2024\nPC1046\n']",modelv1.0__2026-05-17 06:45:08
D:/moth_photos/database\batch_05\img_moth_00008670.jpg,"[4000, 6000]",37.71999999999999,"['Photographedby\nAFletcher\n2024\n', '2024\nDCR1162\n', 'a\nSanteeCoastalReserve\nCharilestonCoSC\nEFoPresti\n\nBmagiyine Oak\n']","['2024\n', '2024\nDCR1162\n', 'CR\nCCC\n0\n']","['P\n2024\n', '2024\nC1162\n', 'C\nCCC\n0P\n']",modelv1.0__2026-05-17 06:45:08
D:/moth_photos/database\batch_05\img_moth_00008671.jpg,"[4000, 6000]",37.8,"['Photoaraohedbv\nMEStessman\n2024\n', 'br\nSanteeCoastalReserve\nCharlestonCoSC\nEFeoPresti\nfon LiveOak\n\n', '2024\nDCR1049\n\n']","['2024\n', 'CR\nCC0C\n\nR\n\nD 0\n\n', '2024\nDCR1049\n\n']","['P\n2024\n', 'C\nCC0C\n\nP\n\n0\n\n', '2024\nC1049\n\n']",modelv1.0__2026-05-17 06:45:08
D:/moth_photos/database\batch_05\img_moth_00008672.jpg,"[4000, 6000]",37.760000000000005,"['Photographedby\nAFletcher\n2024\n', 'SanteeCoastal Reserve\nCharlestonCoSC\nEFLoPresti\n\nSmae 2qLiveOak\n', '2024\nDCR1157\n']","['2024\n', 'C R\nCC0C\n\n2C\n', '2024\nDCR1157\n']","['P\n2024\n', 'C\nCC0C\nP\n\n2C\n', '2024\nC1157\n']",modelv1.0__2026-05-17 06:45:08
D:/moth_photos/database\batch_05\img_moth_00008673.jpg,"[4000, 6000]",37.88,"['Photoaaohedbv\nMEStessman\n2024\n', '2024\nDCR1050\n', 'SanteeCoastalReserve\nCharlestonCoSC\n2m E 4 doPrest\nmae 4Live Oak\n']","['2024\n', '2024\nDCR1050\n', 'CR\nCCC\n2 4 4\n4\n']","['P\n2024\n', '2024\nC1050\n', 'C\nCCC\n2 4 4P\n4\n']",modelv1.0__2026-05-17 06:45:08
D:/moth_photos/database\batch_05\img_moth_00008674.jpg,"[4000, 6000]",37.779999999999994,"['Photographedby\nAFletcher\n2024\n', '2024\nDCR1156\n', 'SanteeCoastalReserve\nCharlestgnCoSC\nEFLoPresti\nDAAaz4 LiveOak\n']","['2024\n', '2024\nDCR1156\n', 'CR\nCCC\nD74 0\n']","['P\n2024\n', '2024\nC1156\n', 'C\nCCC\nP\n74 0\n']",modelv1.0__2026-05-17 06:45:08
D:/moth_photos/database\batch_05\img_moth_00008675.jpg,"[4000, 6000]",37.779999999999994,"['SanteeCoastalReserve\nCharlestonCoSC\n2 EFL8Presti\n\nmizfLiveOak\n', 'Photoaraohedbv\nMEStessman\n2024\n', '2024\nDCR1052\n']","['CR\nCCC\n2 8\n\n0\n', '2024\n', '2024\nDCR1052\n']","['C\nCCC\n2 8P\n\n0\n', 'P\n2024\n', '2024\nC1052\n']",modelv1.0__2026-05-17 06:45:08
D:/moth_photos/database\batch_05\img_moth_00008676.jpg,"[4000, 6000]",37.760000000000005,"['AFletcher\n2024\n', '2024\nDCR1163\n', 'SarteeCoastaiReserve\nChariestonCoSC\nEbLoPresti\nSAnL2y LiveOak\n']","['2024\n', '2024\nDCR1163\n', 'CR\nCC0C\n2 0\n']","['2024\n', '2024\nC1163\n', 'C\nCC0C\nP\n2 0\n']",modelv1.0__2026-05-17 06:45:08
D:/moth_photos/database\batch_05\img_moth_00008677.jpg,"[4000, 6000]",37.74,"['2024\nDCR1053\n', 'SanteeCoastalReserve\nCharlestonCoSC\nA Fletcher\nm214JamesCane\n', 'Photoaraohedbv\nMEStessman\n2024\n']","['2024\nDCR1053\n', 'CR\nCC0C\n214C\n', '2024\n']","['2024\nC1053\n', 'CP\nCC0C\n214C\n', 'P\n2024\n']",modelv1.0__2026-05-17 06:45:08
D:/moth_photos/database\batch_05\img_moth_00008678.jpg,"[4000, 6000]",37.5,"['Photographedby\nAFletcher\n2024\n', 'SanteeCoastalReserve\nCharlestonCoSC\nEFLoPresti\n\nannezytiveOak\n', '2024\nDCR1150\n']","['2024\n', 'CR\nCCC\n\n24C2\n', '2024\nDCR1150\n']","['P\n2024\n', 'C\nCCC\nP\n\n24C2\n', '2024\nC1150\n']",modelv1.0__2026-05-17 06:45:08
D:/moth_photos/database\batch_05\img_moth_00008679.jpg,"[4000, 6000]",37.21568627450981,"['Photoaraohedbv\nMEStessman\n2024\n', '2024\nDCR1055\n', 'SanteeCoastalReserve\nCharlestonCoSC\nan A Fletcher\nwe 4JamesCane\n']","['2024\n', '2024\nDCR1055\n', 'CR\nCC0C\n4C\n']","['P\n2024\n', '2024\nC1055\n', 'CP\nCC0C\n4C\n']",modelv1.0__2026-05-17 06:45:08
D:/moth_photos/database\batch_05\img_moth_00008680.jpg,"[4000, 6000]",37.68,"['Photographedby\nAFletcher\n2024\n', '2024\nDCR1174\n', 'Santee CoastalReserve\n\nCharlestonCoSC\nEFLoPresti\n\nSpaezy LiveOak\n\n']","['2024\n', '2024\nDCR1174\n', 'CR\nCC0C\n\n']","['P\n2024\n', '2024\nC1174\n', 'C\nCC0C\nP\n\n']",modelv1.0__2026-05-17 06:45:08
D:/moth_photos/database\batch_05\img_moth_00008681.jpg,"[4000, 6000]",37.372549019607845,"['SanteeCoastalResery\nCharlestanCoSC\nAFletcher\nepi4James Cane\n', 'Photoaraohedbv\nMEStessman\n2024\n', '2024\nDCR1054\n']","['CR\nCCC\n4 C\n', '2024\n', '2024\nDCR1054\n']","['CP\nCCC\n4 C\n', 'P\n2024\n', '2024\nC1054\n']",modelv1.0__2026-05-17 06:45:08
D:/moth_photos/database\batch_05\img_moth_00008682.jpg,"[4000, 6000]",37.64,"['Photographedby\nAFletcher\n2024\n', 'SanteeCoastalReserve\nChae CoSC\nLoPresti\n\ntSnabs LiveOak\n', '2024\nDCR1177\n']","['2024\n', 'CR\nC CC\n\n0\n', '2024\nDCR1177\n']","['P\n2024\n', 'C\nC CC\nP\n\n0\n', '2024\nC1177\n']",modelv1.0__2026-05-17 06:45:08
D:/moth_photos/database\batch_05\img_moth_00008683.jpg,"[4000, 6000]",37.92,"['vanteeCoastalResen\nCharlestonCoSC\nAkletcher\n882JamesCane\n', 'Photoaaohedbv\nMEStessman\n2024\n', '2024\nDCR1059\n\nSee\n']","['CR\nCCC\nR\n882C\n', '2024\n', '2024\nDCR1059\n']","['C\nCCC\n882C\n', 'P\n2024\n', '2024\nC1059\n']",modelv1.0__2026-05-17 06:45:08
D:/moth_photos/database\batch_05\img_moth_00008684.jpg,"[4000, 6000]",37.6,"['Photographedby\nAFletcher\n2024\n', 'SanteeCoastalReserve\nCharlestonCoSC\n\nEF LoPresti\n\ni meG24LiveOak\n', '2024\nDCR1178\n']","['2024\n', 'CR\nC6CC\n24C\n', '2024\nDCR1178\n']","['P\n2024\n', 'C\nC6CC\n\nP\n\n24C\n', '2024\nPC1178\n']",modelv1.0__2026-05-17 06:45:08
D:/moth_photos/database\batch_05\img_moth_00008685.jpg,"[4000, 6000]",37.68,"['SanteeCoastalReservi\nChariestonCoSC\nAFletcher\nSMePg24gamesCane\n', '2024\nDCR1056\n\n', 'Photoaraohedbv\nMEStessman\n2024\n']","['CR\nCCC\n524C\n', '2024\nDCR1056\n\n', '2024\n']","['C\nCCC\nP\n5P24C\n', '2024\nC1056\n\n', 'P\n2024\n']",modelv1.0__2026-05-17 06:45:08
D:/moth_photos/database\batch_05\img_moth_00008686.jpg,"[4000, 6000]",37.6,"['Photographedby\nAFletcher\n2024\n', '2024\nDCR1180\n', 'SanteeCoastalReserve\nCharlestpnCo Sc\nEFLoPresti\n\nCGmprMarsh\n']","['2024\n', '2024\nDCR1180\n', 'CR\nCC C\n\nC\n']","['P\n2024\n', '2024\nC1180\n', 'C\nCC C\nP\n\nC\n']",modelv1.0__2026-05-17 06:45:08
D:/moth_photos/database\batch_05\img_moth_00008687.jpg,"[4000, 6000]",37.7,"['Photoaraohedby\nNEStessman\n2024\n', 'a\n\n2024\nDCR1060\n', 'SanteeCoastalReserve\nCharlestonCoSC\nAFletcher\n\nb finh2 4James Cane\n']","['2024\n', '2024\nDCR1060\n', 'CR\nCCC\n\n2 4 C\n']","['P\n2024\n', '2024\nC1060\n', 'C\nCCC\nP\n\n2 4 C\n']",modelv1.0__2026-05-17 06:45:08
D:/moth_photos/database\batch_05\img_moth_00008688.jpg,"[4000, 6000]",37.62,"['AFletcher\n2024\n', 'SarteeCoestalReserve\nCc CoSC\nMpAO14Marsh\n', '2024\nDCR1179\n']","['2024\n', 'CR\nC CC\n14\n', '2024\nDCR1179\n']","['2024\n', 'C\nC CC\nP14\n', '2024\nC1179\n']",modelv1.0__2026-05-17 06:45:08
D:/moth_photos/database\batch_05\img_moth_00008689.jpg,"[4000, 6000]",37.3921568627451,"['SanteeCoastalReserve\nCharlestonCoSC\no AFletcher\n2\nF24JamesCane\n', 'Photoaraohedby\nNEStessman\n2024\n', '2024\nDCR1057\n']","['CR\nCCC\n2\n24C\n', '2024\n', '2024\nDCR1057\n']","['C\nCCC\n2\nP24C\n', 'P\n2024\n', '2024\nPC1057\n']",modelv1.0__2026-05-17 06:45:08
D:/moth_photos/database\batch_05\img_moth_00008690.jpg,"[4000, 6000]",37.6,"['Photographedby\nAFletcher\n2024\n', 'SanteeCoastalReserve\nCharlestonCoSC\n\na EFLoPresti\n\ne576Mazyck\n', '2024\nDCR1189\n']","['2024\n', 'CR\nCCC\n576\n', '2024\nDCR1189\n']","['P\n2024\n', 'C\nCCC\n\nP\n\n576\n', '2024\nC1189\n']",modelv1.0__2026-05-17 06:45:08
D:/moth_photos/database\batch_05\img_moth_00008691.jpg,"[4000, 6000]",37.82,"['2024\nDCR1058\n', 'SanteeCoastalReserve\nCharlestonCoSC\n7AFletcher\niwatsJamesCane\n', 'Photoaraohedbv\nMEStessman\n2024\n']","['2024\nDCR1058\n', 'CR\nCCC\n7\nC\n', '2024\n']","['2024\nPC1058\n', 'C\nCCC\n7\nC\n', 'P\n2024\n']",modelv1.0__2026-05-17 06:45:08
D:/moth_photos/database\batch_05\img_moth_00008692.jpg,"[4000, 6000]",37.52,"['Photographedby\nAFletcher\n2024\n', '2024\nDCR1185\n', 'ae\nSanteeCoastalReserve\nCharlestonCoSC\nEFLoPresti\nfMazyck\n']","['2024\n', '2024\nDCR1185\n', 'CR\nCCC\n']","['P\n2024\n', '2024\nC1185\n', 'C\nCCC\nP\n']",modelv1.0__2026-05-17 06:45:08
D:/moth_photos/database\batch_05\img_moth_00008693.jpg,"[4000, 6000]",37.68,"['Photoaaohedbv\nMEStessman\n2024\n', 'SanteeCoastalReserve\nCharilestonCoSC\nAsFletcher\natJamesCane\n', '2024\n\nDCR1061\nSN\n']","['2024\n', 'CR\nCCC\nC\n', '2024\n\nDCR1061\n']","['P\n2024\n', 'CP\nCCC\nC\n', '2024\n\nC1061\n']",modelv1.0__2026-05-17 06:45:08
D:/moth_photos/database\batch_05\img_moth_00008694.jpg,"[4000, 6000]",37.52,"['Photographedby\nAFletcher\n2024\n', 'SanteeCoastalReserve\nCharlestonCoSc\nEFLoPresti\n', '2024\nDCR1187\n']","['2024\n', 'CR\nCCC\n', '2024\nDCR1187\n']","['P\n2024\n', 'C\nCCC\nP\n', '2024\nC1187\n']",modelv1.0__2026-05-17 06:45:08
D:/moth_photos/database\batch_05\img_moth_00008695.jpg,"[4000, 6000]",37.86,"['Photoaraohedbv\nMEStessman\n2024\n', 'EU\nSantee Coastal Reserve\n\nCharlestonCoSC\nAFletcher\n9717JamesCane\na\n\n7e\n']","['2024\n', 'C R\n\nCC0C\n9717C\n\n7\n']","['P\n2024\n', 'C\n\nCC0C\n9717C\n\n7\n']",modelv1.0__2026-05-17 06:45:08
D:/moth_photos/database\batch_05\img_moth_00008696.jpg,"[4000, 6000]",37.1764705882353,"['Photographedby\nAFletcher\n2024\n', 'LanteeCoastalReserve\nCharigston CoSC\nat fe LoPresti\n', 'm\n\n2024\nDCR1188\n']","['2024\n', 'CR\nC CC\n', '2024\nDCR1188\n']","['P\n2024\n', 'C\nC CC\nP\n', '2024\nC1188\n']",modelv1.0__2026-05-17 06:45:08
D:/moth_photos/database\batch_05\img_moth_00008697.jpg,"[4000, 6000]",37.8,"['Photoaraohedbv\nMEStessman\n2024\n', 'ene\nSanteeCoastalReserve\nCharlestonCoSC\no AFletcher\nSangeivJames Cane\n\n', 'a\n2024\n\nDCR1062\nBI\n']","['2024\n', 'CR\nCC0C\nC\n\n', '2024\n\nDCR1062\n']","['P\n2024\n', 'C\nCC0C\nC\n\n', '2024\n\nC1062\n']",modelv1.0__2026-05-17 06:45:08
D:/moth_photos/database\batch_05\img_moth_00008698.jpg,"[4000, 6000]",37.900000000000006,"['Photographedby\nAFletcher\n2024\n', 'SanteeCoasta Reserve\nCharlestonCoSC\nE6LoPresti\n\nMazyck\n\nae\n', '2024\nDCR1191\n']","['2024\n', 'C R\nCC0C\n6\n', '2024\nDCR1191\n']","['P\n2024\n', 'C\nCC0C\n6P\n', '2024\nC1191\n']",modelv1.0__2026-05-17 06:45:08
D:/moth_photos/database\batch_05\img_moth_00008699.jpg,"[4000, 6000]",37.7,"['Photoaraohedbv\nMEStessman\n2024\n', 'SanteeCoastalReserve\nCharlestonCoSC\nae AFletcher\nwefRis4JamesCane\n\n', '2024\n\n']","['2024\n', 'CR\nCC0C\n2\nR4C\n\n', '2024\n\n']","['P\n2024\n', 'C\nCC0C\n2\n4C\n\n', '2024\n\n']",modelv1.0__2026-05-17 06:45:08
D:/moth_photos/database\batch_05\img_moth_00008700.jpg,"[4000, 6000]",37.19607843137255,"['AFletcher\n2024\n', '2024\n\nDCR1186\n', 'SanteeCoastalReserve\nCharlestonCoSC\nEFoPrest\n\n4Mazyck\n']","['2024\n', '2024\n\nDCR1186\n', 'CR\nCCC\n0\n\n4\n']","['2024\n', '2024\n\nC1186\n', 'C\nCCC\n0P\n\n4\n']",modelv1.0__2026-05-17 06:45:08
D:/moth_photos/database\batch_05\img_moth_00008701.jpg,"[4000, 6000]",37.71999999999999,"['SanteeCoastalReserve\nCharlestonCoSC\nAFletcher\nSimates JamesCane\n', 'Photoaanhedbv\nMEStessman\n2024\n']","['CR\nCCC\nC\n', '2024\n']","['C\nCCC\nC\n', 'P\n2024\n']",modelv1.0__2026-05-17 06:45:08
D:/moth_photos/database\batch_05\img_moth_00008702.jpg,"[4000, 6000]",37.21568627450981,"['Photographedby\nAFletcher\n2024\n', 'SanteeCoastalReserve\nCharlestonCoSC\nEFLOPresti\n\nDFERz G2y Mazyck\n', '2024\nDCR1190\n']","['2024\n', 'CR\nCCC\nDR2 2\n', '2024\nDCR1190\n']","['P\n2024\n', 'C\nCCC\nP\n\n2 2\n', '2024\nC1190\n']",modelv1.0__2026-05-17 06:45:08
D:/moth_photos/database\batch_05\img_moth_00008703.jpg,"[4000, 6000]",37.760000000000005,"['2024\nDCR1064\n', 'SanteeCoastalReserve\nCharlestonCoSC\nAFletcher\nSimat 4JamesCane\n', 'Photoaraohedbv\nMEStessman\n2024\n']","['2024\nDCR1064\n', 'CR\nCC0C\n4C\n', '2024\n']","['2024\nPC1064\n', 'C\nCC0C\n4C\n', 'P\n2024\n']",modelv1.0__2026-05-17 06:45:08
D:/moth_photos/database\batch_05\img_moth_00008704.jpg,"[4000, 6000]",37.235294117647065,"['Photographedby\nAFletcher\n2024\n', '2024\nDCR1193\n', 'SanteeCoastalReserve\nCharlestonCoSC\nEFLoPresti\n\nAF 4 LY ScrubOak\n']","['2024\n', '2024\nDCR1193\n', 'CR\nCCC\n\n4\n']","['P\n2024\n', '2024\nPC1193\n', 'C\nCCC\nP\n\n4\n']",modelv1.0__2026-05-17 06:45:08
D:/moth_photos/database\batch_05\img_moth_00008705.jpg,"[4000, 6000]",37.46,"['Photoaraohedbv\nMEStessman\ny07\n', 'SanteeCoastalReserve\nCharlestonCoSC\n2 AFletcher\n\nMealJamesCane\n', '2024\nDCR1065\n']","['C\n707\n', 'CR\nCCC\n2\n\n1C\n', '2024\nDCR1065\n']","['P\nC\n707\n', 'C\nCCC\n2\n\n1C\n', '2024\nC1065\n']",modelv1.0__2026-05-17 06:45:08
D:/moth_photos/database\batch_05\img_moth_00008706.jpg,"[4000, 6000]",37.88,"['Photographedby\nAFletcher\n2024\n', '2024\nDCR1195\n', 'Pe\nSanteeCoastalReserve\nChariestonCoSC\nEFLoPresti\nHet 2ScrubOak\n\n']","['2024\n', '2024\nDCR1195\n', 'CR\nCC0C\nC\n1 2C\n\n']","['P\n2024\n', '2024\nPC1195\n', 'P\nC\nCC0C\nCP\n1 2C\n\n']",modelv1.0__2026-05-17 06:45:08
D:/moth_photos/database\batch_05\img_moth_00008707.jpg,"[4000, 6000]",37.71999999999999,"['Photoaraohedbv\nMEStessman\n2024\n', 'ere\nSantee CoastalReserve\nCharleston CoSC\n\n9EF LoPresti\n\na\nLa PD oa\n', '2024\nDCR1078\n\nee\n']","['2024\n', 'CR\nC CC\n9\n\nD\n', '2024\nDCR1078\n']","['P\n2024\n', 'CP\nC CC\n9 P\n\nP\n', '2024\nC1078\n']",modelv1.0__2026-05-17 06:45:08
D:/moth_photos/database\batch_05\img_moth_00008708.jpg,"[4000, 6000]",37.580000000000005,"['Photographedby\nAFletcher\n2024\n', 'santeeCoastalReserve\nChariestonCoSC\n\nEFoPresti\n24 FER ScrubOak\n', '2024\nDCR1192\n']","['2024\n', 'CR\nCCC\n\n0\n24 R2 0\n', '2024\nDCR1192\n']","['P\n2024\n', 'C\nCCC\n\n0P\n24 P2 0\n', '2024\nC1192\n']",modelv1.0__2026-05-17 06:45:08
D:/moth_photos/database\batch_05\img_moth_00008709.jpg,"[4000, 6000]",37.779999999999994,"['Photoaaohedbv\nMEStessman\n2024\n', 'SanteeCoastalReserve\nCharlestonCoSC\nE F LoPresti\n\nisa reae1fCape\n', 'DCR1066\nee\n\n2024\n\n']","['2024\n', 'CR\nCCC\n1C\n', 'DCR1066\n\n2024\n\n']","['P\n2024\n', 'C\nCCC\nP\n\n1C\n', 'C1066\n\n2024\n\n']",modelv1.0__2026-05-17 06:45:08
D:/moth_photos/database\batch_05\img_moth_00008710.jpg,"[4000, 6000]",37.900000000000006,"['Photographedby\nAFletcher\n2024\n', '2024\nDCR1194\n', 'SanteeCoastalReserve\nCharlestonCoSC\n7 EFLoPresti\n2 FFB ScrubOak\n']","['2024\n', '2024\nDCR1194\n', 'CR\nCCC\n7\n2 R C\n']","['P\n2024\n', '2024\nC1194\n', 'C\nCCC\n7 P\n2 C\n']",modelv1.0__2026-05-17 06:45:08
D:/moth_photos/database\batch_05\img_moth_00008711.jpg,"[4000, 6000]",37.74,"['Photoaraohedbv\nMEStessman\n2024\n', 'SanteeCoastalReserve\nCharlestpnCoSC\n\niF ELF LoPresti\njPSEFeiCape\n', '2024\n\n']","['2024\n', 'CR\nCCC\n\n7\nC\n', '2024\n\n']","['P\n2024\n', 'C\nCCC\n\n7 P P\nPC\n', '2024\n\n']",modelv1.0__2026-05-17 06:45:08
D:/moth_photos/database\batch_05\img_moth_00008712.jpg,"[4000, 6000]",37.68,"['Photographedby\nAFletcher\n2024\n', '2024\nDCR1196\n', 'SanteeCoastalReserve\nCharlestonCoSC\n\nEFLoPresti\nZY TanBhiveOak\n']","['2024\n', '2024\nDCR1196\n', 'CR\nCCC\n\n2\n']","['P\n2024\n', '2024\nC1196\n', 'C\nCCC\n\nP\n2\n']",modelv1.0__2026-05-17 06:45:08
D:/moth_photos/database\batch_05\img_moth_00008713.jpg,"[4000, 6000]",37.760000000000005,"['SanteeCoastalReserve\nCharlestdnCoSC\n2 EFLoPresti\n2nGaD24Cape\n', 'Photoaraohedbv\nMEStessman\n2024\n', '2024\nDCR1068\n']","['CR\nCCC\n2\n2D24C\n', '2024\n', '2024\nDCR1068\n']","['C\nCCC\n2 P\n224C\n', 'P\n2024\n', '2024\nPC1068\n']",modelv1.0__2026-05-17 06:45:08
D:/moth_photos/database\batch_05\img_moth_00008714.jpg,"[4000, 6000]",37.21568627450981,"['Photographedby\nAFletcher\n2024\n', '2024\nDCR1197\n', 'SanteeCoastalReserve\nChartestonCoSC\n']","['2024\n', '2024\nDCR1197\n', 'CR\nCCC\n']","['P\n2024\n', '2024\nC1197\n', 'C\nCCC\n']",modelv1.0__2026-05-17 06:45:08
D:/moth_photos/database\batch_05\img_moth_00008715.jpg,"[4000, 6000]",37.82,"['Photoaraohedbv\nMEStessman\n2024\n', '2024\nDCR1069\n', 'ee\nSanteeCoastalReserve\n\nChartestin CoSC\nne F LoPresti\n']","['2024\n', '2024\nDCR1069\n', 'CC\nCR\nC CC\n']","['P\n2024\n', '2024\nPC1069\n', 'CC\nCP\nC CC\n\nP\n']",modelv1.0__2026-05-17 06:45:08
D:/moth_photos/database\batch_05\img_moth_00008716.jpg,"[4000, 6000]",37.27450980392157,"['Photographedby\nAFletcher\n2024\n', 'SanteeCoastalReserve\nCharleston CoSC\n\nEFCoPresti\noN YSandPit\n', '2024\nDCR1198\n']","['2024\n', 'CR\nC CC\n\nC\n4\n', '2024\nDCR1198\n']","['P\n2024\n', 'C\nC CC\n\nCP\n4P\n', '2024\nC1198\n']",modelv1.0__2026-05-17 06:45:08
D:/moth_photos/database\batch_05\img_moth_00008717.jpg,"[4000, 6000]",37.74,"['2024\nDCR1070\n', 'Photoaranhedbv\nMEStessman\n2024\n', '']","['2024\nDCR1070\n', '2024\n', '']","['2024\nC1070\n', 'P\n2024\n', '']",modelv1.0__2026-05-17 06:45:08
D:/moth_photos/database\batch_05\img_moth_00008718.jpg,"[4000, 6000]",37.86,"['AFletcher\n2024\n', '2024\nDCR1199\n', 'PO\nSarteeCoastalReserve\nCharlestonCoSC\nEFLoPresti\nSandPrt\n']","['2024\n', '2024\nDCR1199\n', 'CR\nCC0C\n']","['2024\n', '2024\nC1199\n', 'P\nC\nCC0C\nP\nP\n']",modelv1.0__2026-05-17 06:45:08
D:/moth_photos/database\batch_05\img_moth_00008719.jpg,"[4000, 6000]",37.779999999999994,"['SanteeCoastalReserve\nCharlestonCoSC\n\n3 i vad Cape\n', 'Photoaraohedbv\nMEStessman\n2024\n', '2024\nDCR1072\n']","['CR\nCCC\n\n3 C\n', '2024\n', '2024\nDCR1072\n']","['C\nCCC\n\n3 C\n', 'P\n2024\n', '2024\nC1072\n']",modelv1.0__2026-05-17 06:45:08
D:/moth_photos/database\batch_05\img_moth_00008720.jpg,"[4000, 6000]",37.19607843137255,"['Photographedby\nAFletcher\n2024\n', 'SanteeCoastalReserve\nCharlestonCoSC\nEFeLoPresti\n\n1iLiveOak\n', '2024\nDCR1200\n']","['2024\n', 'CR\nCC0C\n10\n', '2024\nDCR1200\n']","['P\n2024\n', 'C\nCC0C\nP\n\n10\n', '2024\nC1200\n']",modelv1.0__2026-05-17 06:45:08
D:/moth_photos/database\batch_05\img_moth_00008721.jpg,"[4000, 6000]",37.96,"['Photoaraohedbv\nMEStessman\n2024\n', '2024\nDCR1071\n\n', 'SanteeCoastalReserve\nCharlestonCoSC\nELFCoPresti\nmEsanis2Cape\n\n']","['2024\n', '2024\nDCR1071\n\n', 'CR\nCC0C\nC\n2C\n\n']","['P\n2024\n', '2024\nC1071\n\n', 'CP\nCC0C\nPCP\n2C\n\n']",modelv1.0__2026-05-17 06:45:08
D:/moth_photos/database\batch_05\img_moth_00008722.jpg,"[4000, 6000]",37.431372549019606,"['Photographedby\nAFletcher\n2024\n', 'SanteeCoastalReserve\nCharlegtonCoSC\nEFLoPresti\nLiveOak\n', '2024\nDCR1202\n']","['2024\n', 'CR\nCCC\n0\n', '2024\nDCR1202\n']","['P\n2024\n', 'C\nCCC\nP\n0\n', '2024\nC1202\n']",modelv1.0__2026-05-17 06:45:08
D:/moth_photos/database\batch_05\img_moth_00008723.jpg,"[4000, 6000]",37.68,"['SanteeCoastaiReserve\nrieston CoSC\n\neELaPresti\nLO t\n', 'Photoaraohedbv\nMEStessman\n2024\n', 'r\n\n2024\nDCR1073\n']","['CR\nCC\n\n1\n', '2024\n', '2024\nDCR1073\n']","['CP\nCC\n\nP\n1\n', 'P\n2024\n', '2024\nC1073\n']",modelv1.0__2026-05-17 06:45:08
D:/moth_photos/database\batch_05\img_moth_00008724.jpg,"[4000, 6000]",37.580000000000005,"['Photographedby\nAFletcher\n2024\n', 'SanteeCoastalReserve\nCharlestonCoSC\nEFLpPresti\nvt tis LiveOak\n', '2024\nDCR1205\n']","['2024\n', 'CR\nCCC\n04\n', '2024\nDCR1205\n']","['P\n2024\n', 'C\nCCC\nP\n04\n', '2024\nC1205\n']",modelv1.0__2026-05-17 06:45:08
D:/moth_photos/database\batch_05\img_moth_00008725.jpg,"[4000, 6000]",37.660000000000004,"['Photoaraohedbv\nMEStessman\n2024\n', '2024\nDCR1074\n\n', 'SanteeCoastalReserve\nCharlestonCoSC\n\nAen a2 TyCape\n']","['2024\n', '2024\nDCR1074\n\n', 'CR\nCCC\n\n2 4C\n']","['P\n2024\n', '2024\nPC1074\n\n', 'C\nCCC\n\n2 4C\n']",modelv1.0__2026-05-17 06:45:08
D:/moth_photos/database\batch_05\img_moth_00008726.jpg,"[4000, 6000]",37.21568627450981,"['Photographedby\nAFletcher\n2024\n', 'SanteeCoastalReserve\n\nCharlestgnCoSC\n\nEFLoPresti\n4LiveOak\n\nf\n', '2024\nDCR1201\n']","['2024\n', 'CR\nCC0C\n40\n', '2024\nDCR1201\n']","['P\n2024\n', 'C\n\nCC0C\n\nP\n40\n', '2024\nC1201\n']",modelv1.0__2026-05-17 06:45:08
D:/moth_photos/database\batch_05\img_moth_00008727.jpg,"[4000, 6000]",37.86,"['Photoaraohedbv\nMEStessman\n2024\n', '2024\nDCR1075\n', '']","['2024\n', '2024\nDCR1075\n', '']","['P\n2024\n', '2024\nC1075\n', '']",modelv1.0__2026-05-17 06:45:08
D:/moth_photos/database\batch_05\img_moth_00008728.jpg,"[4000, 6000]",37.21568627450981,"['Photographedby\nAFletcher\n2024\n', 'SanteeCoastaiReserve\nChariestonCoSC\nEFloPresti\nveze 74LiveOak\n', '2024\nDCR1204\n']","['2024\n', 'CR\nCCC\n74\n', '2024\nDCR1204\n']","['P\n2024\n', 'C\nCCC\nP\n74\n', '2024\nC1204\n']",modelv1.0__2026-05-17 06:45:08
D:/moth_photos/database\batch_05\img_moth_00008729.jpg,"[4000, 6000]",37.27450980392157,"['', 'Photoaraohedbv\nMEStessman\n2024\n', '2024\nDCR1076\n']","['', '2024\n', '2024\nDCR1076\n']","['', 'P\n2024\n', '2024\nPC1076\n']",modelv1.0__2026-05-17 06:45:08
D:/moth_photos/database\batch_05\img_moth_00008730.jpg,"[4000, 6000]",37.74,"['Photographedby\nAFletcher\n2024\n', 'SanteeCoastalReserve\nCharlestonCoSC\nEFLoPresti\n\nFs7LiveOak\n', '2024\nDCR1203\n']","['2024\n', 'CR\nCCC\n70\n', '2024\nDCR1203\n']","['P\n2024\n', 'C\nCCC\nP\n\n70\n', '2024\nC1203\n']",modelv1.0__2026-05-17 06:45:08
D:/moth_photos/database\batch_05\img_moth_00008731.jpg,"[4000, 6000]",37.71999999999999,"['Photoaraohedbv\nMEStessman\n2024\n', '2024\nDCR1077\n\n', 'SanteeCoastalReserve\nCharlestonCoSC\nE FLoPresti\n\nvinCape\n']","['2024\n', '2024\nDCR1077\n\n', 'CR\nCC0C\nC\n']","['P\n2024\n', '2024\nC1077\n\n', 'C\nCC0C\nP\n\nC\n']",modelv1.0__2026-05-17 06:45:08
D:/moth_photos/database\batch_05\img_moth_00008732.jpg,"[4000, 6000]",37.254901960784316,"['Photographedby\nAFletcher\n2024\n', 'SanteeCoastalReserve\nCharlestonCoSC\nEFLoPresti\n\nU meay OrmondHail\n', '2024\nDCR1211\n']","['2024\n', 'CR\nCC0C\n', '2024\nDCR1211\n']","['P\n2024\n', 'C\nCC0C\nP\n', '2024\nC1211\n']",modelv1.0__2026-05-17 06:45:08
D:/moth_photos/database\batch_05\img_moth_00008733.jpg,"[4000, 6000]",37.82,"['Photoaraohedbv\nMEStessman\n2024\n', 'SanteeCoastalReserve\nCharlestonCoSC\nEFLoPresti\nARLT4Cape\n\n', '2024\nDCR1079\n\n']","['2024\n', 'CR\nCCC\nR4C\n\n', '2024\nDCR1079\n\n']","['P\n2024\n', 'C\nCCC\nP\n4C\n\n', '2024\nPC1079\n\n']",modelv1.0__2026-05-17 06:45:08
D:/moth_photos/database\batch_05\img_moth_00008734.jpg,"[4000, 6000]",37.839999999999996,"['Photographedby\nAFletcher\n2024\n', 'SanteeCoastalReserve\nCharlestonCoSC\nEFsLoPresti\nUmeda 4OrmondHal\n', '2024\nDCR1206\n']","['2024\n', 'CR\nCCC\n4\n', '2024\nDCR1206\n']","['P\n2024\n', 'CP\nCCC\nP\n4\n', '2024\nC1206\n']",modelv1.0__2026-05-17 06:45:08
D:/moth_photos/database\batch_05\img_moth_00008735.jpg,"[4000, 6000]",37.760000000000005,"['2024\nDCR1080\n', 'Photoaraohedbv\nMEStessman\n2024\n', 'SanteeCoastalReserve\nCharlestonCoSC\n\n12 EFdoPresti\nLrraELYCape\n']","['2024\nDCR1080\n', '2024\n', 'CR\nCC0C\n12\nC\n']","['2024\nC1080\n', 'P\n2024\n', 'C\nCC0C\n\n12 PP\nPC\n']",modelv1.0__2026-05-17 06:45:08
D:/moth_photos/database\batch_05\img_moth_00008736.jpg,"[4000, 6000]",37.92,"['Photographedby\nAFletcher\n2024\n', 'SanteeCoastalReserve\nCharlestonCoSC\nEFLoPresti\n\nuy n adit OrmondHall\n', '2024\nDCR1210\n']","['2024\n', 'CR\nCCC\n', '2024\nDCR1210\n']","['P\n2024\n', 'C\nCCC\nP\n', '2024\nPC1210\n']",modelv1.0__2026-05-17 06:45:08
D:/moth_photos/database\batch_05\img_moth_00008737.jpg,"[4000, 6000]",37.94,"['Photoaraohedbv\nMEStessman\n2024\n', 'S\n\nharlestonCoSC\na F LoPresti\nC\n\noy\n', '']","['2024\n', 'C0C\nC\n', '']","['P\n2024\n', 'C0C\nP\nC\n', '']",modelv1.0__2026-05-17 06:45:08
D:/moth_photos/database\batch_05\img_moth_00008738.jpg,"[4000, 6000]",37.294117647058826,"['Photographedby\nAFletcher\n2024\n', '2024\nDCR1218\n', 'SanteeCaastalReserve\nCharlestonCoSC\n\niyjEF LoPresti\n\nITmpe OrmondHall\n']","['2024\n', '2024\nDCR1218\n', 'CR\nCCC\n1\n']","['P\n2024\n', '2024\nPC1218\n', 'C\nCCC\n\nP\n\n1\n']",modelv1.0__2026-05-17 06:45:08
D:/moth_photos/database\batch_05\img_moth_00008739.jpg,"[4000, 6000]",37.52,"['Photoaaohedbv\nMEStessman\n2024\n', '2024\nOCR1082\ni\n', 'SanteeCoastalReserve\nCharlestonCoSC\n\n2 EFLoPresti\n\nmhiesCape\n\n']","['2024\n', '2024\nDCR1082\n', 'CR\nCC0C\n\n2\n\nC\n\n']","['P\n2024\n', '2024\nC1082\n', 'C\nCC0C\n\n2 P\n\nC\n\n']",modelv1.0__2026-05-17 06:45:08
D:/moth_photos/database\batch_05\img_moth_00008740.jpg,"[4000, 6000]",37.839999999999996,"['Photographedby\nAFletcher\n2024\n', '2024\nDCR1212\n', 'SanteeCoastalReserve\nCharlestonCoSC\n\nMak74Ormond Hall\n']","['2024\n', '2024\nDCR1212\n', 'CR\nCCC\n\n740\n']","['P\n2024\n', '2024\nC1212\n', 'C\nCCC\n\n740\n']",modelv1.0__2026-05-17 06:45:08
D:/moth_photos/database\batch_05\img_moth_00008741.jpg,"[4000, 6000]",37.760000000000005,"['Photoaraohedbv\nMEStessman\n2024\n', 'SanteeCoastalReserve\nCharlestonGoSC\n2 EF2oPresti\n4 ve ae Ae wea Cape\n', '']","['2024\n', 'CR\nCCC\n2 2\n4 C\n', '']","['P\n2024\n', 'C\nCCC\n2 2P\n4 C\n', '']",modelv1.0__2026-05-17 06:45:08
D:/moth_photos/database\batch_05\img_moth_00008742.jpg,"[4000, 6000]",37.19607843137255,"['Photographedby\nAFletcher\n2024\n', 'a\nSanteeCoastalReserve\nCharlestonCoSC\nVyalt4OrmondHall\n', '2024\nDCR1209\n']","['2024\n', 'CC\nCR\nCC0C\n14\n', '2024\nDCR1209\n']","['P\n2024\n', 'CC\nC\nCC0C\n14\n', '2024\nPC1209\n']",modelv1.0__2026-05-17 06:45:08
D:/moth_photos/database\batch_05\img_moth_00008743.jpg,"[4000, 6000]",37.92,"['Photoaraohedbv\nMEStessman\n2024\n', 'SanteeCoastalReserve\nCharlestonCoSC\nMARLYCape\n', '2024\nDCR1084\n']","['2024\n', 'CR\nCCC\nR1C\n', '2024\nDCR1084\n']","['P\n2024\n', 'CP\nCCC\n1C\n', '2024\nC1084\n']",modelv1.0__2026-05-17 06:45:08
D:/moth_photos/database\batch_05\img_moth_00008744.jpg,"[4000, 6000]",37.660000000000004,"['Photographedby\nAFletcher\n2024\n', 'SanteeCoastalReserve\nCharlestonCoSC\nEFLoPresti\nmie p3OrmondHall\n', '2024\nDCR1207\n']","['2024\n', 'CR\nCC0C\n30\n', '2024\nDCR1207\n']","['P\n2024\n', 'C\nCC0C\nP\n30\n', '2024\nC1207\n']",modelv1.0__2026-05-17 06:45:08
D:/moth_photos/database\batch_05\img_moth_00008745.jpg,"[4000, 6000]",37.6,"['Photoaraohedby\nMEStessman\n2024\n', '2024\nDCR1085\n', 'a\nSanteeCoastalReserve\nCharlestonCoSC\nEFLoPresti\n2tsCape\n\n']","['2024\n', '2024\nDCR1085\n', 'CR\nCC08C\n22C\n\n']","['P\n2024\n', '2024\nPC1085\n', 'C\nCC08C\nP\n\n22C\n\n']",modelv1.0__2026-05-17 06:45:08
D:/moth_photos/database\batch_05\img_moth_00008746.jpg,"[4000, 6000]",37.5,"['Photographedby\nAFletcher\n2024\n', 'SanteeCoastalReserve\nCharlestqnCoSC\nEFLoPresti\n\nu Axe LfOrmond Hall\n', '2024\nDCR1208\n']","['2024\n', 'CR\nCCC\n', '2024\nDCR1208\n']","['P\n2024\n', 'C\nCCC\nP\n', '2024\nPC1208\n']",modelv1.0__2026-05-17 06:45:08
D:/moth_photos/database\batch_05\img_moth_00008747.jpg,"[4000, 6000]",37.71999999999999,"['Photoaraohedbv\nMEStessman\n2024\n', '2024\nDCR1086\n\n', 'ee\nSanteeCoastalReserve\nCharlestonCoSC\nEFLoPresti\n']","['2024\n', '2024\nDCR1086\n\n', 'CR\nCCC\n']","['P\n2024\n', '2024\nC1086\n\n', 'C\nCCC\nP\n']",modelv1.0__2026-05-17 06:45:08
D:/moth_photos/database\batch_05\img_moth_00008748.jpg,"[4000, 6000]",37.559999999999995,"['Photographedby\nAFletcher\n2024\n', 'SanteeCoastalReserve\nCharlestonCoSC\nEFLoPresti\n\nYaaplts OrmondHall\n', '2024\nDCR1216\n']","['2024\n', 'CR\nCCC\n\n4\n', '2024\nDCR1216\n']","['P\n2024\n', 'C\nCCC\nP\n\n4\n', '2024\nCP1216\n']",modelv1.0__2026-05-17 06:45:08
D:/moth_photos/database\batch_05\img_moth_00008749.jpg,"[4000, 6000]",37.74,"['Photoaraohedbv\nMEStessman\n2024\n', 'SanteeCoastalReserve\nCharlestonCoSC\n\nEFLoPresti\n\nShp Gzy Cape\n', 'a\n\n2024\nDCR1087\n']","['2024\n', 'CR\nCCC\n\nC\n', '2024\nDCR1087\n']","['P\n2024\n', 'C\nCCC\n\nP\n\nC\n', '2024\nC1087\n']",modelv1.0__2026-05-17 06:45:08
D:/moth_photos/database\batch_05\img_moth_00008750.jpg,"[4000, 6000]",37.52,"['Photographedby\nAFletcher\n2024\n', 'SanteeCoastalReserve\nCharlestonCoSC\n\nEFLoPresti\n4 MahZdOrmondHall\n', '2024\nDCR1217\n']","['2024\n', 'CR\nCCC\n\n4 4C\n', '2024\nDCR1217\n']","['P\n2024\n', 'C\nCCC\n\nP\n4 4C\n', '2024\nC1217\n']",modelv1.0__2026-05-17 06:45:08
D:/moth_photos/database\batch_05\img_moth_00008751.jpg,"[4000, 6000]",37.8,"['Photoaraohedbv\nMEStessman\n2024\n', '2024\nDCR1088\n', 'SanteeCoastalReserve\nCharlestonCoSC\n\nEFLoPresti\n\nBey Cape\n\n']","['2024\n', '2024\nDCR1088\n', 'CR\nCCC\nC\n\n']","['P\n2024\n', '2024\nC1088\n', 'C\nCCC\n\nPP\n\nC\n\n']",modelv1.0__2026-05-17 06:45:08
D:/moth_photos/database\batch_05\img_moth_00008752.jpg,"[4000, 6000]",37.431372549019606,"['Photographedby\nAFletcher\n2024\n', '2024\nDCR1215\n', 'SanteeCoastalReserve\nCharlestonCoSC\nEFLoPresti\n\n4 m4224OrmondHall\n']","['2024\n', '2024\nDCR1215\n', 'CR\nCC0C\n\n4 4224C\n']","['P\n2024\n', '2024\nC1215\n', 'C\nCC0C\nP\n\n4 4224C\n']",modelv1.0__2026-05-17 06:45:08
D:/moth_photos/database\batch_05\img_moth_00008753.jpg,"[4000, 6000]",37.333333333333336,"['Photoaraohedbv\nMEStessman\n2024\n', '2024\n', 'SamnteeCoastalReserve\nCharlestonCoSC\nKe EFLoPresti\nMAQZCape\n']","['2024\n', '2024\n', 'CR\nCC0C\n2C\n']","['P\n2024\n', '2024\n', 'C\nCC0C\nP\n2C\n']",modelv1.0__2026-05-17 06:45:08
D:/moth_photos/database\batch_05\img_moth_00008754.jpg,"[4000, 6000]",37.839999999999996,"['Photographedby\nAFletcher\n2024\n', '2024\n\nDCR1214\n', 'bee\nSanteeCoastalReserve\nCharlestonCoSC\nEFoPrest\ntatedOrmondHall\n']","['2024\n', '2024\n\nDCR1214\n', 'CR\nCC0C\n0\n']","['P\n2024\n', '2024\n\nC1214\n', 'C\nCC0C\n0P\n']",modelv1.0__2026-05-17 06:45:08
D:/moth_photos/database\batch_05\img_moth_00008755.jpg,"[4000, 6000]",37.779999999999994,"['Photoaraohedbv\nMEStessman\n2024\n', 'SanteeCoastalReserve\nCharlestonCoSC\n\nEFLoPresti\n\nRe Cape\n', '2024\nDCR1089\n']","['2024\n', 'CR\nCCC\nR C\n', '2024\nDCR1089\n']","['P\n2024\n', 'C\nCCC\n\nP\n\nP C\n', '2024\nC1089\n']",modelv1.0__2026-05-17 06:45:08
D:/moth_photos/database\batch_05\img_moth_00008756.jpg,"[4000, 6000]",37.372549019607845,"['Photographedby\nAFletcher\n2024\n', 'SanteeCoastalReserve\nCharlegtonCoSC\nEFLoPresti\n\nU fnafi7yOrmondHall\n', '2024\nDCR1213\n']","['2024\n', 'CR\nCC0C\n\n7\n', '2024\nDCR1213\n']","['P\n2024\n', 'C\nCC0C\nP\n\n7\n', '2024\nC1213\n']",modelv1.0__2026-05-17 06:45:08
D:/moth_photos/database\batch_05\img_moth_00008757.jpg,"[4000, 6000]",37.760000000000005,"['Photoaraohedbv\nMEStessman\n2024\n', 'SanteeCoastalReserve\nCharlestonCoSC\nEFLoPresti\nran Pay chao Cape\n\nNein\n', '2024\nDCR1091\n\n']","['2024\n', 'CR\nCC0C\nC\n', '2024\nDCR1091\n\n']","['P\n2024\n', 'C\nCC0C\nP\nP C\n\nP\n', '2024\nC1091\n\n']",modelv1.0__2026-05-17 06:45:08
D:/moth_photos/database\batch_05\img_moth_00008758.jpg,"[4000, 6000]",37.8,"['Photographedby\nAFletcher\n2024\n', '2024\nDCR1222\n', 'SanteeCoastalReserve\nChariestonCoSC\n\nFboPresti\nYn yrmond Hall\n']","['2024\n', '2024\nDCR1222\n', 'CR\nCCC\n\n1\n']","['P\n2024\n', '2024\nC1222\n', 'C\nCCC\n\nP\n1\n']",modelv1.0__2026-05-17 06:45:08
D:/moth_photos/database\batch_05\img_moth_00008759.jpg,"[4000, 6000]",37.559999999999995,"['Photoaraohedbv\nMEStessman\n2024\n', '2024\nDCR1092\n\n', 'eee\nSanteeCoastalReserve\nCharlestonCoSC\n2 EF LoPresti\nwihed pb SandPit\n']","['2024\n', '2024\nDCR1092\n\n', 'CR\nCCC\n2\n']","['P\n2024\n', '2024\nPC1092\n\n', 'CP\nCCC\n2 P\nP\n']",modelv1.0__2026-05-17 06:45:08
D:/moth_photos/database\batch_05\img_moth_00008760.jpg,"[4000, 6000]",37.64,"['AFletcher\n2024\n', 'SanteeCoastalReserve\nCharis CoSC\nLpPresti\n\nYenperpprmond Hall\n', '2024\nDCR1221\n']","['2024\n', 'CR\nC CC\nR\n', '2024\nDCR1221\n']","['2024\n', 'C\nC CC\nP\n', '2024\nC1221\n']",modelv1.0__2026-05-17 06:45:08
D:/moth_photos/database\batch_05\img_moth_00008761.jpg,"[4000, 6000]",37.839999999999996,"['Photoaaohedbv\nMEStessman\n2024\n', 'SanteeCoastalReserve\nCharlestonCoSC\n\n74EFLoPresti\n\nFUmgf2SandPit\n', '2024\n\n']","['2024\n', 'CR\nCCC\n\n74R\n\n2R\n', '2024\n\n']","['P\n2024\n', 'CP\nCCC\n\n74P\n\n2P\n', '2024\n\n']",modelv1.0__2026-05-17 06:45:08
D:/moth_photos/database\batch_05\img_moth_00008762.jpg,"[4000, 6000]",37.71999999999999,"['Photographedby\nAFletcher\n2024\n', 'SanteeCoastalReserve\nCharlestonCoSC\nEfLoPresti\n\nU mA R240rmond Hall\n', '2024\nDCR1220\n']","['2024\n', 'CR\nCCC\n\nR2401\n', '2024\nDCR1220\n']","['P\n2024\n', 'C\nCCC\nPP\n\n2401\n', '2024\nC1220\n']",modelv1.0__2026-05-17 06:45:08
D:/moth_photos/database\batch_05\img_moth_00008763.jpg,"[4000, 6000]",37.88,"['Photoaraohedbv\nNMEStessman\n2024\n', '2024\nDCR1094\n', 'a\nSanteeCoastalReserve\nCharlestonCoSC\nEFLoPresti\nDe SandPit\n']","['2024\n', '2024\nDCR1094\n', 'CR\nCCC\nD\n']","['P\n2024\n', '2024\nPC1094\n', 'C\nCCC\nPP\nP\n']",modelv1.0__2026-05-17 06:45:08
D:/moth_photos/database\batch_05\img_moth_00008764.jpg,"[4000, 6000]",37.82,"['Photographedby\nAFletcher\n2024\n', '2024\nDCR1224\n', '']","['2024\n', '2024\nDCR1224\n', '']","['P\n2024\n', '2024\nC1224\n', '']",modelv1.0__2026-05-17 06:45:08
D:/moth_photos/database\batch_05\img_moth_00008765.jpg,"[4000, 6000]",37.8,"['Photoaraohedbv\nMEStessman\n2024\n', '2024\n', 'santee Coastal Reserve\n\nCharleston Go\nEF Lopresti\n4 SandPit\n\noo\n']","['2024\n', '2024\n', 'C R\n\nC C\n4\n']","['P\n2024\n', '2024\n', 'C\n\nC C\nP\n4 P\n']",modelv1.0__2026-05-17 06:45:08
D:/moth_photos/database\batch_05\img_moth_00008766.jpg,"[4000, 6000]",37.580000000000005,"['Photographedby\nAFletcher\n2024\n', 'SanteeCoastalReserve\nCharlestonCoSC\nEFLoPresti\n\n14erpamryOrmondHall\n', '2024\nDCR1223\n']","['2024\n', 'CR\nCCC\n\n14\n', '2024\nDCR1223\n']","['P\n2024\n', 'C\nCCC\nP\n\n14\n', '2024\nC1223\n']",modelv1.0__2026-05-17 06:45:08
D:/moth_photos/database\batch_05\img_moth_00008767.jpg,"[4000, 6000]",37.82,"['Photoaraohedbv\nMEStessman\n2024\n', 'SanteeCoastalReserve\nCharlestonCoSC\n\nEFcoPresti\nrehiSandPit\n', 'l 2024\nDCR1096\n']","['2024\n', 'CR\nCCC\nR\n', '2024\nDCR1096\n']","['P\n2024\n', 'C\nCCC\n\nP\nP\n', '2024\nC1096\n']",modelv1.0__2026-05-17 06:45:08
D:/moth_photos/database\batch_05\img_moth_00008768.jpg,"[4000, 6000]",37.82,"['Photographedby\nAFletcher\n2024\n', 'SanteeCoastalReserve\nCharlestonCoSC\nEFLoPresti\n\nW8ageaOrmondHall\n', '2024\nDCR1226\n']","['2024\n', 'CR\nCC0C\n\n180\n', '2024\nDCR1226\n']","['P\n2024\n', 'C\nCC0C\nP\n\nW80\n', '2024\nC1226\n']",modelv1.0__2026-05-17 06:45:08
D:/moth_photos/database\batch_05\img_moth_00008769.jpg,"[4000, 6000]",37.96,"['Photoaaohedbv\nMEStessman\n2024\n', '2024\nDCR1097\n', 'v\n\nReserve\nCharleston Co\na\n']","['2024\n', '2024\nDCR1097\n', 'R\nC C\n']","['P\n2024\n', '2024\nPC1097\n', 'C C\n']",modelv1.0__2026-05-17 06:45:08
D:/moth_photos/database\batch_05\img_moth_00008770.jpg,"[4000, 6000]",37.36,"['Photographedby\nAFletcher\n2024\n', 'SanteeCoastalReserve\nCharlestonCo SC\nEFLoPresti\n\nUa 42744OrmondHall\n', '2024\nDCR1225\n']","['2024\n', 'CR\nCC C\n\n427440\n', '2024\nDCR1225\n']","['P\n2024\n', 'C\nCC C\nP\n\n427440\n', '2024\nPC1225\n']",modelv1.0__2026-05-17 06:45:08
D:/moth_photos/database\batch_05\img_moth_00008771.jpg,"[4000, 6000]",37.35294117647059,"['Photoaaohedbv\nMEStessman\n2024\n', '2024\nDCR1098\n', 'en\nSanteeCoastalReserve\nChariestonCoSC\nnm E F LoPresti\nJevniSandPit\n']","['2024\n', '2024\nDCR1098\n', 'CR\nCCC\nR\n']","['P\n2024\n', '2024\nC1098\n', 'C\nCCC\nP\nP\n']",modelv1.0__2026-05-17 06:45:08
D:/moth_photos/database\batch_05\img_moth_00008772.jpg,"[4000, 6000]",37.46,"['Photographedby\nAFletcher\n2024\n', 'SanteeCoastalReserve\nCharlestonCoSC\nY EFLoPresti\n\nMa24OrmondHall\n', '2024\nDCR1219\n']","['2024\n', 'CR\nCCC\n\n24\n', '2024\nDCR1219\n']","['P\n2024\n', 'CP\nCCC\nP\n\n24\n', '2024\nC1219\n']",modelv1.0__2026-05-17 06:45:08
D:/moth_photos/database\batch_05\img_moth_00008773.jpg,"[4000, 6000]",37.372549019607845,"['Photographedby\nAFletcher\n2024\n', 'Oe\n\n2024\nDCR1227\n', 'SanteeCoastalReserve\nCharlestonCoSC\nEFboPresti\n\nAETLYyCypress\n']","['2024\n', '2024\nDCR1227\n', 'CR\nCCC\n\nC\n']","['P\n2024\n', '2024\nPC1227\n', 'C\nCCC\nP\n\nC\n']",modelv1.0__2026-05-17 06:45:08
D:/moth_photos/database\batch_05\img_moth_00008774.jpg,"[4000, 6000]",37.7,"['Photographedby\nAFletcher\n2024\n', 'SanteeCoastaiKeserve\nCharlestonCoSC\n73 EFJsoPresti\n\nSouja 74 Marsh\n', '2024\nDCR1228\n']","['2024\n', 'C\nCC0C\n73 0\n\n3 74\n', '2024\nDCR1228\n']","['P\n2024\n', 'C\nCC0C\n73 0P\n\n3 74\n', '2024\nPC1228\n']",modelv1.0__2026-05-17 06:45:08
D:/moth_photos/database\batch_05\img_moth_00008775.jpg,"[4000, 6000]",37.559999999999995,"['Photographedby\nAFletcher\n2024\n', '', '2024\nDCR1229\n']","['2024\n', '', '2024\nDCR1229\n']","['P\n2024\n', '', '2024\nPC1229\n']",modelv1.0__2026-05-17 06:45:08
D:/moth_photos/database\batch_05\img_moth_00008776.jpg,"[4000, 6000]",37.35294117647059,"['Photographedby\nAFletcher\n2024\n', 'SanteeCoastalKeserve\nCharlestonCoSC\nEFLoPresti\n\ncsaniyMan\n', 'et\n\n2024\nDCR1230\n']","['2024\n', 'CR\nCCC\n', '2024\nDCR1230\n']","['P\n2024\n', 'C\nCCC\nP\n', '2024\nPC1230\n']",modelv1.0__2026-05-17 06:45:08
D:/moth_photos/database\batch_05\img_moth_00008777.jpg,"[4000, 6000]",37.411764705882355,"['Photographedby\nAFletcher\n2024\n', '2024\nDCR1231\n', 'SanteeCoastaiReserve\nCharlestonCoSC\nr4EFCoPresti\n']","['2024\n', '2024\nDCR1231\n', 'CR\nCC0C\n4C\n']","['P\n2024\n', '2024\nC1231\n', 'CP\nCC0C\n4PCP\n']",modelv1.0__2026-05-17 06:45:08
D:/moth_photos/database\batch_05\img_moth_00008778.jpg,"[4000, 6000]",37.411764705882355,"['Photographedby\nAFletcher\n2024\n', 'SanteeCoastal Reserve\nCharlestonCoSC\n\nEFLoPresti\n\n73Cape\n\n', '2024\nDCR1232\n']","['2024\n', 'C R\nCC0C\n73C\n\n', '2024\nDCR1232\n']","['P\n2024\n', 'C\nCC0C\n\nP\n\n73C\n\n', '2024\nC1232\n']",modelv1.0__2026-05-17 06:45:08
D:/moth_photos/database\batch_05\img_moth_00008779.jpg,"[4000, 6000]",37.96,"['Photographedby\nAFletcher\n2024\n', '2024\nDCR1236\n', 'Cis\nSanteeCoastalReserve\nCharlestonCoSC\n\nrn M EFLoPresti\nJefiCape\n']","['2024\n', '2024\nDCR1236\n', 'C\nCR\nCC0C\nC\n']","['P\n2024\n', '2024\nPC1236\n', 'C\nC\nCC0C\n\nP\nC\n']",modelv1.0__2026-05-17 06:45:08
D:/moth_photos/database\batch_05\img_moth_00008780.jpg,"[4000, 6000]",37.27450980392157,"['Photographedby\nAFletcher\n2024\n', '', '2024\nDCR1233\n']","['2024\n', '', '2024\nDCR1233\n']","['P\n2024\n', '', '2024\nC1233\n']",modelv1.0__2026-05-17 06:45:08
D:/moth_photos/database\batch_05\img_moth_00008781.jpg,"[4000, 6000]",37.760000000000005,"['Photographedby\nAFletcher\n2024\n', '2024\nDCR1234\n', 'OC\nysdigoy444\nOS09uoSaye4D\nBABSayfeSeODaajUeS\nNnanEC\n']","['2024\n', '2024\nDCR1234\n', 'CC\n444\n909084D\n0DR\nC\n']","['P\n2024\n', '2024\nC1234\n', 'CC\n444\n9090849\n0\nC\n']",modelv1.0__2026-05-17 06:45:08
D:/moth_photos/database\batch_05\img_moth_00008782.jpg,"[4000, 6000]",37.333333333333336,"['Photographedby\nAFletcher\n2024\n', '7a\n\n2024\nDCR1234\n', 'Pe\nadep sF ef a\n\nnsdigo43YH\n9S09uoSeyey5\nGABSAYj2JSEODaajueS\nEEEESSESSS258i\n']","['2024\n', '7\n\n2024\nDCR1234\n', 'D\nD\n143\n9090845\n220D\n258\n']","['P\n2024\n', '7\n\n2024\nC1234\n', 'P\n143\n9090845\n220\n258\n']",modelv1.0__2026-05-17 06:45:08
D:/moth_photos/database\batch_05\img_moth_00008783.jpg,"[4000, 6000]",37.92,"['Photographedby\nAFletcher\n2024\n', 'SanteeCoastalReserve\nCharleston CoSC\n3 F LoPresti\n\noa\n', '2024\n\nDCR1235\nee\n\n']","['2024\n', 'CR\nC CC\n3\n', '2024\n\nDCR1235\n\n']","['P\n2024\n', 'C\nC CC\n3 P P\n', '2024\n\nC1235\n\n']",modelv1.0__2026-05-17 06:45:08
D:/moth_photos/database\batch_05\img_moth_00008784.jpg,"[4000, 6000]",37.94,"['Photographedby\nAFletcher\n2024\n', '2024\nDCR1237\n', 'SanteeCoastalReserve\nCharlesionCoSC\nZOE FLoPresti\n\neifoCape\n']","['2024\n', '2024\nDCR1237\n', 'CR\nCCC\n2\n\nC\n']","['P\n2024\n', '2024\nC1237\n', 'C\nCCC\n2 P\n\nC\n']",modelv1.0__2026-05-17 06:45:08
D:/moth_photos/database\batch_05\img_moth_00008785.jpg,"[4000, 6000]",37.235294117647065,"['Photographedby\nAFletcher\n2024\n', 'SanteeCoastalReserve\nChariestenCoSC\nJeg an LoPresti\nt7gt7Cape\n', '2024\nDCR1238\n']","['2024\n', 'CR\nCC0C\n77C\n', '2024\nDCR1238\n']","['P\n2024\n', 'C\nCC0C\nP\n\n77C\n', '2024\nPC1238\n']",modelv1.0__2026-05-17 06:45:08
D:/moth_photos/database\batch_05\img_moth_00008786.jpg,"[4000, 6000]",37.294117647058826,"['Photographedby\nAFletcher\n2024\n', 'SanteeCoastalReserve\nChariestonCoSC\nPa EFfoPresti\n', '2024\nDCR1239\n']","['2024\n', 'CR\nCCC\nCR\n', '2024\nDCR1239\n']","['P\n2024\n', 'C\nCCC\nP CP\n', '2024\nC1239\n']",modelv1.0__2026-05-17 06:45:08
D:/moth_photos/database\batch_05\img_moth_00008787.jpg,"[4000, 6000]",37.666666666666664,"['Photographedby\nAFletcher\n2024\n', 'LULU\n\n2024\nDCR1240\n\nra\n', 'eC\nSanteeCoastalReserve\nCharlestonCoSC\nEFL6Presti\niCape\n']","['2024\n', '2024\nDCR1240\n', 'CC\nCR\nCCC\n6\nC\n']","['P\n2024\n', '2024\nC1240\n', 'CC\nC\nCCC\n6P\nC\n']",modelv1.0__2026-05-17 06:45:08
D:/moth_photos/database\batch_05\img_moth_00008788.jpg,"[4000, 6000]",37.82,"['Photographedby\nAFletcher\n2024\n', 'reserv\nSantee coastalR\nGoSC\n\n', '2024\nDCR1241\n']","['2024\n', 'CR\nCC\n\n', '2024\nDCR1241\n']","['P\n2024\n', 'C\nCC\n\n', '2024\nC1241\n']",modelv1.0__2026-05-17 06:45:08
D:/moth_photos/database\batch_05\img_moth_00008789.jpg,"[4000, 6000]",37.92,"['Photographedby\nAFletcher\n2024\n', '2024\nDCR1242\n', 'vanteeCoastalReserve\nChariestonCoSC\n\n077EFLoPresti\n\nAtrtefhgCape\n']","['2024\n', '2024\nDCR1242\n', 'CR\nCC0C\n\n077\n\nCC\n']","['P\n2024\n', '2024\nC1242\n', 'C\nCC0C\n\n077P\n\nCC\n']",modelv1.0__2026-05-17 06:45:08
D:/moth_photos/database\batch_05\img_moth_00008790.jpg,"[4000, 6000]",37.74,"['Photographedby\nAFletcher\n2024\n', 'SanteeCoastalneserve\nCharlestonCoSC\n2COECEC LoPresti\n', '2024\nDCR1243\n']","['2024\n', 'C\nCC0C\n2CCC\n', '2024\nDCR1243\n']","['P\n2024\n', 'C\nCC0C\n2CCC P\n', '2024\nPC1243\n']",modelv1.0__2026-05-17 06:45:08
D:/moth_photos/database\batch_05\img_moth_00008791.jpg,"[4000, 6000]",37.68,"['Photographedby\nAFletcher\n2024\n', 'SanteeCoastalReserve\nChartestonCoSC\noe EF LoPreat\n\nlMpL4Cape\n', '2024\nDCR1244\n']","['2024\n', 'CR\nCCC\n9 R\n\n4C\n', '2024\nDCR1244\n']","['P\n2024\n', 'C\nCCC\n9 P\n\n4C\n', '2024\nC1244\n']",modelv1.0__2026-05-17 06:45:08
D:/moth_photos/database\batch_05\img_moth_00008792.jpg,"[4000, 6000]",37.71999999999999,"['Photographedby\nAFletcher\n2024\n', 'SanteeCoastalReserve\nCharlestonCoSC\n\nEFLoPresti\nfe Efi q al Cape\n', '2024\nDCR1245\nEES\n']","['2024\n', 'CR\nCCC\n\nC\n', '2024\nDCR1245\n']","['P\n2024\n', 'C\nCCC\n\nP\nC\n', '2024\nC1245\n']",modelv1.0__2026-05-17 06:45:08
D:/moth_photos/database\batch_05\img_moth_00008793.jpg,"[4000, 6000]",37.6,"['Photographedby\nAFletcher\n2024\n', '2024\nDCR1246\n', '']","['2024\n', '2024\nDCR1246\n', '']","['P\n2024\n', '2024\nC1246\n', '']",modelv1.0__2026-05-17 06:45:08
D:/moth_photos/database\batch_05\img_moth_00008794.jpg,"[4000, 6000]",37.900000000000006,"['Photographedby\nAFletcher\n2024\n', 'SanteeCoastalReserve\nCharlestonCoSC\n4ELFLoPresti\nArlfe4Cape\n', '2024\nDCR1247\n']","['2024\n', 'CR\nCCC\n4\n4C\n', '2024\nDCR1247\n']","['P\n2024\n', 'C\nCCC\n4PP\n4C\n', '2024\nC1247\n']",modelv1.0__2026-05-17 06:45:08
D:/moth_photos/database\batch_05\img_moth_00008795.jpg,"[4000, 6000]",37.74,"['Photographedby\nAFletcher\n2024\n', 'SanteeCoastalReserve\nChae CoSC\n\nery\n3 O 2Cape\n', '2024\nDCR1248\n']","['2024\n', 'CR\nC CC\n\n3 2C\n', '2024\nDCR1248\n']","['P\n2024\n', 'C\nC CC\n\nP\n3 2C\n', '2024\nC1248\n']",modelv1.0__2026-05-17 06:45:08
D:/moth_photos/database\batch_05\img_moth_00008796.jpg,"[4000, 6000]",37.62745098039216,"['P be\nMEStessman\n2024\n', 'SanteeCoastalReserve\nCharleston CoSC\nEFLoPresti\n\nagGatorRoad\n', '2024\n\nDCR1249\n\n']","['D\n2024\n', 'CR\nC CC\n\nR0\n', '2024\n\nDCR1249\n\n']","['P\n2024\n', 'C\nC CC\nP\n\n0\n', '2024\n\nC1249\n\n']",modelv1.0__2026-05-17 06:45:08
D:/moth_photos/database\batch_05\img_moth_00008797.jpg,"[4000, 6000]",37.64705882352941,"['SanteeCoastalReserve\nCharlestonCoSC\nEFeoPresti\n\n03 JANZ4GatorRoad\n', 'P\n\nnexnrached\n\nwI\n\nStessman\nME 5024\n', '2024\nDCR1250\n']","['CR\nCC0C\n0R\n\n03 74CR\n', '5024\n', '2024\nDCR1250\n']","['C\nCC0C\n0P\n\n03 74C\n', 'P\n\nW\n\n5024\n', '2024\nC1250\n']",modelv1.0__2026-05-17 06:45:08
D:/moth_photos/database\batch_05\img_moth_00008798.jpg,"[4000, 6000]",37.450980392156865,"['protocranned\nMESteseran\n', '2024\nDCR1251\n', 'ecoastal Reserve\n\nSante\n\n']","['', '2024\nDCR1251\n', 'C R\n\n']","['P\n', '2024\nC1251\n', 'C\n\n']",modelv1.0__2026-05-17 06:45:08
D:/moth_photos/database\batch_05\img_moth_00008799.jpg,"[4000, 6000]",37.3921568627451,"['SanteeCoastalReserve\nCharlestonCo Sc\nZ 2 ELF LoPresti\n\nTANZ4GatorRoad\n', '', '2024\nDCR1252\n']","['CR\nCC C\n2 2\n\n74CR\n', '', '2024\nDCR1252\n']","['C\nCC C\n2 2 P\n\nW74C\n', '', '2024\nC1252\n']",modelv1.0__2026-05-17 06:45:08
D:/moth_photos/database\batch_05\img_moth_00008800.jpg,"[4000, 6000]",37.62745098039216,"['protocrannedPS\nMeEStessra\n', 'ee\nSantee CoastalReserve\nCharlestonCoSC\nEFLoPresti\n\n2355 74GatorRoad\n\n', '2024\n\nDCR1253\nee\n']","['', 'CR\nCC0C\n\n2355 74CR\n\n', '2024\n\nDCR1253\n']","['PP\n', 'C\nCC0C\nP\n\n2355 74C\n\n', '2024\n\nPC1253\n']",modelv1.0__2026-05-17 06:45:08
D:/moth_photos/database\batch_05\img_moth_00008801.jpg,"[4000, 6000]",37.68627450980392,"['sohedI\n', '2024\nDCR1254\n\n', 'Santee CoastalReserve\nCharlestonCoSC\nEF LePresti\n\nZparyGator Road\n']","['', '2024\nDCR1254\n\n', 'CR\nCC0C\n\n74C R\n']","['', '2024\nPC1254\n\n', 'C\nCC0C\nP\n\n74C\n']",modelv1.0__2026-05-17 06:45:08
D:/moth_photos/database\batch_05\img_moth_00008802.jpg,"[4000, 6000]",37.70588235294117,"['2024\nDCR1258\n', 'poroaranned\n\ntessrman\n202A\n\nwI\n', 'SanteeCoastalReserve\nCharlestonCoSC\n\nEFLOPresti\n\nPAPLSCape\n']","['2024\nDCR1258\n', '2024\n', 'CR\nCCC\nRC\n']","['2024\nPC1258\n', '2024\n', 'C\nCCC\n\nPP\n\nPPC\n']",modelv1.0__2026-05-17 06:45:08
D:/moth_photos/database\batch_05\img_moth_00008803.jpg,"[4000, 6000]",37.568627450980394,"['SanteeCoastalReserve\nCharleston CoSC\nhe ES LoPresti\n', '2024\nDCR1259\n', 'coectesI\n']","['CR\nC CC\n', '2024\nDCR1259\n', '']","['C\nC CC\nP\n', '2024\nC1259\n', '']",modelv1.0__2026-05-17 06:45:08
D:/moth_photos/database\batch_05\img_moth_00008804.jpg,"[4000, 6000]",37.64705882352941,"['2024\nDCR1261\n\n', 'prerooranned\n', 'SanteeCoastaiReserve\nCharlestonCoSC\nEFkoPresti\n\nnef14Cape\n']","['2024\nDCR1261\n\n', '', 'CR\nCCC\n14C\n']","['2024\nC1261\n\n', 'P\n', 'C\nCCC\nP\n\n14C\n']",modelv1.0__2026-05-17 06:45:08
D:/moth_photos/database\batch_05\img_moth_00008805.jpg,"[4000, 6000]",37.450980392156865,"['2024\nDCR1262\n', 'sheyI\nAAE Steam\n', 'SanteeCoastalReserve\nCharlestonCoSC\nEFLoPresti\neS Cape\n']","['2024\nDCR1262\n', '', 'CR\nCCC\n\nR\n\nC\n']","['2024\nC1262\n', '', 'C\nCCC\n\nPP\n\nC\n']",modelv1.0__2026-05-17 06:45:08
D:/moth_photos/database\batch_05\img_moth_00008806.jpg,"[4000, 6000]",37.72549019607843,"['2024\nDCR1256\n', 'SanteeCoastalReserve\nCharlestonCoSC\nj EFLoPresti\n\npyewfCape\n', 'protocannedP\nME Stessman\n']","['2024\nDCR1256\n', 'CR\nCC0C\n\nC\n', '']","['2024\nC1256\n', 'C\nCC0C\nP\n\nPWC\n', 'PP\n']",modelv1.0__2026-05-17 06:45:08
D:/moth_photos/database\batch_05\img_moth_00008807.jpg,"[4000, 6000]",37.568627450980394,"['2024\nDCR1257\n', 'preter\n\nME\n\nStessman\n202A\n', 'SamteeCoastalReserve\nCharlestonCoSC\nEFLoPresti\naaa Cape\n\ne f\n']","['2024\nDCR1257\n', '202\n', 'CR\nCCC\nC\nC\n']","['2024\nPC1257\n', '202\n', 'C\nCCC\nCP\nC\n']",modelv1.0__2026-05-17 06:45:08
D:/moth_photos/database\batch_05\img_moth_00008808.jpg,"[4000, 6000]",37.70588235294117,"['2024\nDCR1260\n', 'pred\n', 'SanteeCoastalReserve\nCharlestonCoSC\n\nEFLoPresti\n\n7FCape\n\n']","['2024\nDCR1260\n', '', 'CR\nCC0C\n\nR\n\n7C\n\n']","['2024\nC1260\n', '', 'C\nCC0C\n\nP\n\n7C\n\n']",modelv1.0__2026-05-17 06:45:08
D:/moth_photos/database\batch_05\img_moth_00008809.jpg,"[4000, 6000]",37.490196078431374,"['2024\n\nDCR1263\n', 'SanteeCoastaiReserve\nCharlestonCoSC\n\nEFLoPresti\n\niA BAY LiveOak\n', 'protocrannedY\n']","['2024\n\nDCR1263\n', 'CR\nCCC\n', '']","['2024\n\nPC1263\n', 'C\nCCC\nPP\n', 'P\n']",modelv1.0__2026-05-17 06:45:08
D:/moth_photos/database\batch_05\img_moth_00008810.jpg,"[4000, 6000]",37.509803921568626,"['sphedbY\nAME Steam\n', '2024\nDCR1264\n', 'SanteeCoastalReserve\nCharlestohCoSC\n\nE FLoPresti\n\nlpoosoLiveOak\n\n']","['D\n', '2024\nDCR1264\n', 'CR\nCCC\n\n']","['', '2024\nC1264\n', 'C\nCCC\nP\n\n']",modelv1.0__2026-05-17 06:45:08
D:/moth_photos/database\batch_05\img_moth_00008811.jpg,"[4000, 6000]",37.31372549019608,"['SanteeCoastalReserve\nCharlestan CoSC\nee CoPresti\nlay FaLiveOak\n', 'protoaranhedF\n202A\n', '2024\nDCR1265\n']","['CR\nC CC\nCR\nC\n', '0\n2024\n', '2024\nDCR1265\n']","['CP\nC CC\nCP\nC\n', 'P0\n2024\n', '2024\nC1265\n']",modelv1.0__2026-05-17 06:45:08
D:/moth_photos/database\batch_05\img_moth_00008812.jpg,"[4000, 6000]",37.490196078431374,"['2024S\nDCR1266\n', 'P be\nMEstessiTan\n202A\n', 'SanteeCoastalReserve\nCharlestonCoSC\n\n4FLoPresti\nt2Pat LiveOak\n']","['2024\nDCR1266\n', '2024\n', 'CR\nCCC\n4\n12\n']","['2024\nPC1266\n', 'P\n2024\n', 'C\nCCC\n4PP\n12P\n']",modelv1.0__2026-05-17 06:45:08
D:/moth_photos/database\batch_05\img_moth_00008813.jpg,"[4000, 6000]",37.666666666666664,"['spoxecrareI\n\nME\n\nStessman\n202A\n', 'SanteeCoastalReserve\nCharlestonCoSC\nf EFLoPresti\npele702LiveOak\n\n', '2024\nDCR1267\nlt\n']","['2024\n', 'CR\nCCC\n7020\n\n', '2024\nDCR1267\n']","['2024\n', 'C\nCCC\nPP\n7020\n\n', '2024\nC1267\n']",modelv1.0__2026-05-17 06:45:08
D:/moth_photos/database\batch_05\img_moth_00008814.jpg,"[4000, 6000]",37.607843137254896,"['SanteeCpastalReserve\nCharlestonCoSC\n\nEFLoPresti\n\niAPTMLiveOak\n', 'P nan\n202A\n', '2024\nDCR1268\n']","['CR\nCCC\n0\n', '2024\n', '2024\nDCR1268\n']","['C\nCCC\n\nP\n\nP0\n', 'P\n2024\n', '2024\nC1268\n']",modelv1.0__2026-05-17 06:45:08
D:/moth_photos/database\batch_05\img_moth_00008815.jpg,"[4000, 6000]",37.3921568627451,"['2024\nDCR1269\n', 'SanteeCoastalReserve\n\nCharlestonCoSC\nEFpoPresti\n\nAootLiveOak\n\n3 ys\nrroe\n', 'potest\n\nME\n\nStessman\n202A\n']","['2024\nDCR1269\n', 'CR\n\nCC0C\n0R\n\n0\n\n3 4\n', '2024\n']","['2024\nC1269\n', 'C\n\nCC0C\n0P\n\n0\n\n3 4\n', '2024\n']",modelv1.0__2026-05-17 06:45:08
D:/moth_photos/database\batch_05\img_moth_00008816.jpg,"[4000, 6000]",37.568627450980394,"['spcterente\n\nME\n\nStessman\n202A\n', 'SanteeCoastalReserve\nCharlestonCoSC\nEFLoPresti\n\nIAPR 24LiveOak\n', '2024\nDCR1270\n']","['2024\n', 'CR\nCC0C\nR\n\nR 240\n', '2024\nDCR1270\n']","['2024\n', 'C\nCC0C\nP\n\nP 240\n', '2024\nC1270\n']",modelv1.0__2026-05-17 06:45:08
D:/moth_photos/database\batch_05\img_moth_00008817.jpg,"[4000, 6000]",37.30769230769231,"['pcxeente\n\nME\n\nStessman\n202A\n', '2024\nDCR1271\n', 'SanteeCoastalReserve\nCharlestonCoSC\n32 EFLoPresti\nfaa v Mazyck\n']","['2024\n', '2024\nDCR1271\n', 'CR\nCC0C\n\n32 C\n2\n']","['2024\n', '2024\nPC1271\n', 'CP\nCC0C\n\n32 CPP\n2\n']",modelv1.0__2026-05-17 06:45:08
D:/moth_photos/database\batch_05\img_moth_00008818.jpg,"[4000, 6000]",37.31372549019608,"['SanteeCoastalReserve\nCharlestenCoSC\nEFLoPresti\nPAeo7Mazyck\n', '', '2024\nDCR1272\n']","['CR\nCCC\n27\n', '', '2024\nDCR1272\n']","['C\nCCC\nP\nP27\n', '', '2024\nC1272\n']",modelv1.0__2026-05-17 06:45:08
D:/moth_photos/database\batch_05\img_moth_00008819.jpg,"[4000, 6000]",37.27450980392157,"['P\nMEstessmman\n202A\n', 'SanteeCoastalReserve\nCharlestonCoSC\n20 ELF LoPresti\nmala 2fMazyck\n', '2024\nDCR1273\n\n']","['2024\n', 'CR\nCCC\n20\n2\n', '2024\nDCR1273\n\n']","['P\n2024\n', 'C\nCCC\n20 P\n2\n', '2024\nC1273\n\n']",modelv1.0__2026-05-17 06:45:08
D:/moth_photos/database\batch_05\img_moth_00008820.jpg,"[4000, 6000]",37.3921568627451,"['SanteeCoastalReserve\nChareson CoSC\nEF LoPresti\n\ncom wee Mazyck\n', 'ME eee\n', '2024\nDCR1274\n']","['CR\nC CC\n\n8\n', '', '2024\nDCR1274\n']","['C\nC CC\nP\n\n8\n', '', '2024\nC1274\n']",modelv1.0__2026-05-17 06:45:08
D:/moth_photos/database\batch_05\img_moth_00008821.jpg,"[4000, 6000]",37.64705882352941,"['MEstessrman\n', 'bn\nSanteeCoastalReserve\nCharlestonCoSC\nE Fs e LoPresti\n\nMazyck\n\n', '2024\nDCR1275\n']","['', 'CR\nCCC\n\n', '2024\nDCR1275\n']","['', 'C\nCCC\nP P\n\n', '2024\nC1275\n']",modelv1.0__2026-05-17 06:45:08
D:/moth_photos/database\batch_05\img_moth_00008822.jpg,"[4000, 6000]",37.666666666666664,"['protocranredB\nMEStessiTan\n', '2024\nDCR1278\n', '']","['', '2024\nDCR1278\n', '']","['P\n', '2024\nC1278\n', '']",modelv1.0__2026-05-17 06:45:08
D:/moth_photos/database\batch_05\img_moth_00008823.jpg,"[4000, 6000]",37.509803921568626,"['2024\nDCR1276\n', 'oy\n', 'SanteeCoastalReserve\nCharlestonCoSC\n\npEFLoPresti\n\ndbpeBE TMazyck\n\n8\n']","['2024\nDCR1276\n', '7\n', 'CR\nCCC\nR\n\n8\n']","['2024\nPC1276\n', '7\n', 'CP\nCCC\n\nPP\n\nP\n\n8\n']",modelv1.0__2026-05-17 06:45:08
D:/moth_photos/database\batch_05\img_moth_00008824.jpg,"[4000, 6000]",37.470588235294116,"['protocranhed\n202A\n', '2024\nDCR1277\n', 'SanteeCoastalReserve\nCharlesfonCoSC\nEl F LoPresti\nhairs Mazyck\n\n']","['2024\n', '2024\nDCR1277\n', 'CR\nCCC\n\n']","['P\n2024\n', '2024\nC1277\n', 'C\nCCC\nP\n\n']",modelv1.0__2026-05-17 06:45:08
D:/moth_photos/database\batch_05\img_moth_00008825.jpg,"[4000, 6000]",37.64705882352941,"['2024\n\nDCR1279\n', 'Protocranned\nMEStessiTan\n202A\n', 'WeOATfey\nNSa1goq43\nOS0Duojsayeyy\naAasayjeseo5 aajueg\nOs\n']","['2024\n\nDCR1279\n', '2024\n', '10443\n0D\n05\n']","['2024\n\nC1279\n', 'P\n2024\n', 'W\n10443\n09\n05\n']",modelv1.0__2026-05-17 06:45:08
D:/moth_photos/database\batch_05\img_moth_00008826.jpg,"[4000, 6000]",37.333333333333336,"['E Stessman\n\n202A\n', '2024\nDCR1280\n', 'SanteeCoastalReserve\nCharlestonCoSC\nELFLoPresti\nmeRTLiveOak\n']","['2024\n', '2024\nDCR1280\n', 'CR\nCCC\nR0\n']","['2024\n', '2024\nPC1280\n', 'CP\nCCC\nPP\n0\n']",modelv1.0__2026-05-17 06:45:08
D:/moth_photos/database\batch_05\img_moth_00008827.jpg,"[4000, 6000]",37.74509803921569,"['2024\nDCR1281\n', 'protocranhedE\nMEStessrror\n', 'SanteeCoastalReserve\nChariestonCoSC\nEFLoPresti\n\nik 7 ft Te LiveOak\n']","['2024\nDCR1281\n', '', 'CR\nCCC\n\n7 0\n']","['2024\nPC1281\n', 'P\n', 'C\nCCC\nP\n\n7 0\n']",modelv1.0__2026-05-17 06:45:08
D:/moth_photos/database\batch_05\img_moth_00008828.jpg,"[4000, 6000]",37.568627450980394,"['P\nMES\n\nbv\ntessmman\n\n202A\n', '2024\nDCR1282\n', 'Santee Coastal Reserve\n\nCharleston coS\nEF LoPresti\nne LiveOak\n\nSad\n']","['2024\n', '2024\nDCR1282\n', 'C R\nC 0\n0\n']","['P\n\n2024\n', '2024\nC1282\n', 'C\n\nC 0\nP P\n0\n']",modelv1.0__2026-05-17 06:45:08
D:/moth_photos/database\batch_05\img_moth_00008829.jpg,"[4000, 6000]",37.450980392156865,"['2024\nDCR1283\n', 'P\n\nMES\n2024\n\nraces\n', 'SanteeCoastalReserve\nCharlestonCoSC\nERLoPresti\n\naG4LiveOak\n\n4\n\n']","['2024\nDCR1283\n', '2024\n', 'CR\nCCC\nR\n\n40\n\n4\n\n']","['2024\nC1283\n', 'P\n\n2024\n', 'C\nCCC\nP\n\n40\n\n4\n\n']",modelv1.0__2026-05-17 06:45:08
D:/moth_photos/database\batch_05\img_moth_00008830.jpg,"[4000, 6000]",37.509803921568626,"['2024\nDCR1284\n', 'preter\n\nME\n\nStessman\n202A\n', 'SanteeCoastalReserve\nCharlestorCoSC\n\na 7 LoPresti\nAGT ht 4 LiveOak\n']","['2024\nDCR1284\n', '2024\n', 'CR\nCCC\n\n7\nC 4 0\n']","['2024\nPC1284\n', '2024\n', 'CP\nCCC\n\n7 P\nC 4 0\n']",modelv1.0__2026-05-17 06:45:08
D:/moth_photos/database\batch_05\img_moth_00008831.jpg,"[4000, 6000]",37.607843137254896,"['vanteeCoastalReserve\nCharlestonCoSC\nf LoPresti\n1 Aet etafLiveOak\n', 'P\nMES\n\nwI\ntessa\n\n202A\n', '2024\n\nDCR1285\nBY\n']","['CR\nCCC\n1 0\n', '2024\n', '2024\n\nDCR1285\n']","['C\nCCC\nP\n1 P0\n', 'P\n\n2024\n', '2024\n\nPC1285\n']",modelv1.0__2026-05-17 06:45:08
D:/moth_photos/database\batch_05\img_moth_00008832.jpg,"[4000, 6000]",37.64705882352941,"['2024\nDCR1286\n', 'renyI\nME Stes\n', 'bi\nSanteeCoastal Reserve\nCharleston CoSC\nEF loPresti\n\nCollinsCreek\nBY\n\nrar\n\n']","['2024\nDCR1286\n', '', 'C R\nC CC\n\nCC\n\n']","['2024\nPC1286\n', '', 'C\nC CC\nP\n\nCC\n\n']",modelv1.0__2026-05-17 06:45:08
D:/moth_photos/database\batch_05\img_moth_00008833.jpg,"[4000, 6000]",37.549019607843135,"['SanteeCoastal Reserve\nCc onCoSC\nrzEFLoPresti\nTPPEA2CollinsCreek\n', 'srettyI\n', '2024\nDCR1287\n']","['C R\nC 0C8C\n7\nR2CC\n', '', '2024\nDCR1287\n']","['C\nC 0C8C\n7PP\nPP2CC\n', '', '2024\nC1287\n']",modelv1.0__2026-05-17 06:45:08
D:/moth_photos/database\batch_05\img_moth_00008834.jpg,"[4000, 6000]",37.68627450980392,"['SanteeCoastalReserve\nCharlestonCoSC\nEF LOPresti\nfe ri2CollinsCreek\n', 'photoarannedD\nMEStessTroe\n', '2024\nDCR1288\n\n']","['CR\nCC0C\n2CC\n', 'D\n', '2024\nDCR1288\n\n']","['C\nCC0C\nP P\n2CC\n', 'P\n', '2024\nC1288\n\n']",modelv1.0__2026-05-17 06:45:08
D:/moth_photos/database\batch_05\img_moth_00008835.jpg,"[4000, 6000]",37.607843137254896,"['P\n\nbw\n\nEStessiran\n202A\n', 'ae\nSanteeCoastalReserve\nCharlestonCoSC\nEFLoPresti\n\nLio C El 7YjIncidental\n', '2024\n\nDCR1289\n']","['2024\n', 'CR\nCCC\n\nC C 7\n', '2024\n\nDCR1289\n']","['P\n\n2024\n', 'C\nCCC\nP\n\nC C 7\n', '2024\n\nC1289\n']",modelv1.0__2026-05-17 06:45:08
D:/moth_photos/database\batch_05\img_moth_00008836.jpg,"[4000, 6000]",37.76470588235294,"['MAE Steam\n', '2024\nDCR1290\n', 'santee CoastalReserve\nCharle jeston Co Cc\n\nF1e0\n4 De eeenttal\n']","['', '2024\nDCR1290\n', 'CR\nC C C\n\n120\n4 D\n']","['', '2024\nC1290\n', 'C\nC C C\n\n120\n4\n']",modelv1.0__2026-05-17 06:45:08
D:/moth_photos/database\batch_05\img_moth_00008837.jpg,"[4000, 6000]",37.90196078431373,"['2024\nDCR1291\n', 'bv\nMEStessmran\n202A\n', '']","['2024\nDCR1291\n', '2024\n', '']","['2024\nC1291\n', '2024\n', '']",modelv1.0__2026-05-17 06:45:08
D:/moth_photos/database\batch_05\img_moth_00008838.jpg,"[4000, 6000]",37.53846153846153,"['2024\nDCR1292\n', 'prorocrannedB\nMEstessmman\n2024\n', 'SanteeCoastal Reserve\nCharlestonCoSC\nEFoPresti\n\n']","['2024\nDCR1292\n', '2024\n', 'C R\nCC0C\n0R\n\n']","['2024\nC1292\n', 'P\n2024\n', 'C\nCC0C\n0P\n\n']",modelv1.0__2026-05-17 06:45:08
D:/moth_photos/database\batch_05\img_moth_00008839.jpg,"[4000, 6000]",37.269230769230774,"['SanteeCoastal Reserve\n\nCharlestonCoSC\nEF LoPresti\n\nif f2Mazyck\n', 's\nME\n\nStessman\n202A\n', '2024\nDCR1293\n']","['C R\nCC05C\n2\n', '2024\n', '2024\nDCR1293\n']","['C\nCC05C\nP\n2\n', '2024\n', '2024\nPC1293\n']",modelv1.0__2026-05-17 06:45:08
D:/moth_photos/database\batch_05\img_moth_00008840.jpg,"[4000, 6000]",37.3921568627451,"['2024\nDCR1294\n', 'protoarannedD\n', 'SanteeCoastalReserve\nCharlestonCoSC\nEFLoPresti\n']","['2024\nDCR1294\n', 'D\n', 'CR\nCCC\n']","['2024\nC1294\n', 'P\n', 'CP\nCCC\nPP\n']",modelv1.0__2026-05-17 06:45:08
D:/moth_photos/database\batch_05\img_moth_00008841.jpg,"[4000, 6000]",37.53846153846153,"['2024\nDCR1295\n', 'presen\n\nME\n\nStessman\n202A\n', 'SanteeCoastalReserve\nCharlestenCoSC\nFLoPresti\niesMazyck\nSe\n']","['2024\nDCR1295\n', '0\n\n2024\n', 'CR\nCC0C\n']","['2024\nPC1295\n', '0\n\n2024\n', 'C\nCC0C\nPP\n']",modelv1.0__2026-05-17 06:45:08
D:/moth_photos/database\batch_05\img_moth_00008842.jpg,"[4000, 6000]",37.86274509803922,"['2024\nDCR1296\n', 'protocrannedD\nMEstessmea\n202A\n', 'SanteeCoastalReserve\nCharlestonCoSC\nEFLoPresti\n\nPi24Mazyck\n']","['2024\nDCR1296\n', 'D\n2024\n', 'CR\nCC0C\n\n24\n']","['2024\nC1296\n', 'P\n2024\n', 'C\nCC0C\nP\n\nP24\n']",modelv1.0__2026-05-17 06:45:08
D:/moth_photos/database\batch_05\img_moth_00008843.jpg,"[4000, 6000]",37.92156862745098,"['s\nME\n\nbw\nStessman\n202A\n', 'SanteeCoastalReserve\nCharlestonCoSC\nUU EFLoPresti\n4gaslFXColins Creek\n', '']","['2024\n', 'CR\nCCC\n0\n47C C\n', '']","['2024\n', 'C\nCCC\n0P\n47C C\n', '']",modelv1.0__2026-05-17 06:45:08
D:/moth_photos/database\batch_05\img_moth_00008844.jpg,"[4000, 6000]",37.74509803921569,"['tegsmnan\n\nMES\n202A\n', 'be\n2024\n\nDCR1298\n', '']","['2024\n', '2024\n\nDCR1298\n', '']","['2024\n', '2024\n\nPC1298\n', '']",modelv1.0__2026-05-17 06:45:08
D:/moth_photos/database\batch_05\img_moth_00008845.jpg,"[4000, 6000]",37.63461538461538,"['protocranhedS\n202A\n', '2024\nDCR1299\n', 'santeeCO\n\nastalReserve\n']","['0\n2024\n', '2024\nDCR1299\n', 'C\n\nR\n']","['P0\n2024\n', '2024\nPC1299\n', 'C\n']",modelv1.0__2026-05-17 06:45:08
D:/moth_photos/database\batch_05\img_moth_00008846.jpg,"[4000, 6000]",37.40384615384616,"['2024\nDCR1300\n', 'ME rasa\n', '']","['2024\nDCR1300\n', '', '']","['2024\nC1300\n', '', '']",modelv1.0__2026-05-17 06:45:08
D:/moth_photos/database\batch_05\img_moth_00008847.jpg,"[4000, 6000]",37.36538461538461,"['SanteeCoastal Reserve\nCharlegtonCoSC\n\nEFLoPresti\neu TANZi4Cypress\n', 's\nME\n\nwI\nStessman\n202A\n', '2024\nDCR1301\n']","['C R\nCC0C\n\n24 24C\n', '202\n', '2024\nDCR1301\n']","['C\nCC0C\n\nP\n24 24C\n', '202\n', '2024\nC1301\n']",modelv1.0__2026-05-17 06:45:08
D:/moth_photos/database\batch_05\img_moth_00008848.jpg,"[4000, 6000]",37.411764705882355,"['SanteeCoastalReserve\nCharlestoneCoSC\n\nEFLoPresti\nCLyane AN24Cypress\n', 'P\nM\n\nwv\n\nEStessman\n2024\n', '2024\nDCR1302\n\n']","['CR\nCC0C\n\nC 24C\n', '2024\n', '2024\nDCR1302\n\n']","['CP\nCC0C\n\nP\nC 24C\n', 'P\n\n2024\n', '2024\nC1302\n\n']",modelv1.0__2026-05-17 06:45:08
D:/moth_photos/database\batch_05\img_moth_00008849.jpg,"[4000, 6000]",37.235294117647065,"['procooranhedZ\n202A\n', '2024\nDCR1303\n', 'SanteeCoastalReserve\nCharlestonCoSC\nrEFLoPresti\n\n4\n']","['2024\n', '2024\nDCR1303\n', 'CR\nCC0C\n\n4\n']","['P\n2024\n', '2024\nC1303\n', 'C\nCC0C\nPP\n\n4\n']",modelv1.0__2026-05-17 06:45:08
D:/moth_photos/database\batch_05\img_moth_00008850.jpg,"[4000, 6000]",37.52,"['P rman\nStes\nEon\n', '2024\nDCR1304\n', 'SanteeCoastalReserve\nCharlestonCoSC\ny EFoPresti\nsiPXyrfIncidental\n']","['2\n', '2024\nDCR1304\n', 'CR\nCCC\n0\n']","['P\n2\n', '2024\nPC1304\n', 'C\nCCC\n0P\nP\n']",modelv1.0__2026-05-17 06:45:08
D:/moth_photos/database\batch_05\img_moth_00008851.jpg,"[4000, 6000]",37.82,"['o bv\nMEstessmran\n', 'SanteeCoastalReserve\nCharlestonCoSC\nEFLoPresti\n\ntew\n', '2024\nDCR1305\n\n']","['', 'CR\nCC0C\nR\n', '2024\nDCR1305\n\n']","['', 'C\nCC0C\nP\n', '2024\nPC1305\n\n']",modelv1.0__2026-05-17 06:45:08
D:/moth_photos/database\batch_05\img_moth_00008852.jpg,"[4000, 6000]",37.88,"['SanteeCoagtalReserve\nCharleston CoSC\n\nF LoPresti\nLenatyz 74Incidental\n', '2024\nDCR1306\n\n', 'P\nM\n\nbw\n\nEStessman\n202A\n']","['CR\nC CC\n\n74\n', '2024\nDCR1306\n\n', '2024\n']","['C\nC CC\n\nP\n74\n', '2024\nC1306\n\n', 'P\n\n2024\n']",modelv1.0__2026-05-17 06:45:08
D:/moth_photos/database\batch_05\img_moth_00008853.jpg,"[4000, 6000]",37.254901960784316,"['2024\nDCR1307\n', 'prestyI\nFKEstessmman\n', 'me\n\nSanteeCoastalReserve\nCharlestonCoSC\nEFLoPresti\n\n']","['2024\nDCR1307\n', 'R\n', 'CR\nCC0C\n\n']","['2024\nC1307\n', 'P\n', 'C\nCC0C\nP\n\n']",modelv1.0__2026-05-17 06:45:08
D:/moth_photos/database\batch_05\img_moth_00008854.jpg,"[4000, 6000]",37.660000000000004,"['', '2024\nDCR1308\n', 'SanteeCoastalReserve\nChariestonCoSC\nEFeLoPresti\nf22Incidental\n']","['', '2024\nDCR1308\n', 'CR\nCCC\n22\n']","['', '2024\nC1308\n', 'C\nCCC\nP\n22\n']",modelv1.0__2026-05-17 06:45:08
D:/moth_photos/database\batch_05\img_moth_00008855.jpg,"[4000, 6000]",37.839999999999996,"['2024\nDCR1309\n', 'Protocranned\nMEStessmman\n202A\n', 'santeeCoastaiReserve\nCharlestonCoSC\n\n2inp g Since\n']","['2024\nDCR1309\n', '2024\n', 'CR\nCCC\n\n2 5\n']","['2024\nC1309\n', 'P\n2024\n', 'C\nCCC\n\n2 5\n']",modelv1.0__2026-05-17 06:45:08
D:/moth_photos/database\batch_05\img_moth_00008856.jpg,"[4000, 6000]",37.82,"['2024\n\nDCR1310\n', 'proroarannedBY\nMEStessrran\n202A\n', 'santeeCoastalReserve\nCharlestonCoSC\n\nEFoPresti\nZn Ag7tIncidental\n']","['2024\n\nDCR1310\n', '202\n', 'CR\nCCC\n\n7 R7\n']","['2024\n\nC1310\n', 'PP\n202\n', 'C\nCCC\n\nP\n7 7\n']",modelv1.0__2026-05-17 06:45:08
D:/moth_photos/database\batch_05\img_moth_00008857.jpg,"[4000, 6000]",37.8,"['2024\nDCR1311\n', 'SanteeCoastalKeserve\ncna CoSC\nLoPresti\ni2mag pfi74Incidental\n', 'protocranned\n202A\n']","['2024\nDCR1311\n', 'C\nC CC\n2 74\n', '202\n']","['2024\nPC1311\n', 'C\nC CC\nP\n2 74\n', 'P\n202\n']",modelv1.0__2026-05-17 06:45:08
D:/moth_photos/database\batch_05\img_moth_00008858.jpg,"[4000, 6000]",37.44,"['2024\nDCR1314\n', '202A\n\nwI\n\nE Stessman\n', 'eee\nSanteeCoastalReserve\nCharlestonCoSC\nr E F oPresti\noGatorRoad\n']","['2024\nDCR1314\n', '2024\n', 'CC\nCR\nCCC\nR\n']","['2024\nC1314\n', '2024\n', 'CC\nC\nCCC\nP\n']",modelv1.0__2026-05-17 06:45:08
D:/moth_photos/database\batch_05\img_moth_00008859.jpg,"[4000, 6000]",37.559999999999995,"['2024\nDCR1315\n', '', 'SanteeCoastalReserve\nCharlestonCoSC\nEFLoPresti\nSmeg 1GatorRoad\n']","['2024\nDCR1315\n', '', 'CR\nCC0C\n1R\n']","['2024\nC1315\n', '', 'CP\nCC0C\nP\n1\n']",modelv1.0__2026-05-17 06:45:08
D:/moth_photos/database\batch_05\img_moth_00008860.jpg,"[4000, 6000]",37.28,"['cresbyI\n', 'SanteeCoastalReserve\nCharlestonCoSC\nEFCoPresti\nwedstGatorRoad\n\n', '2024\nOCR\n']","['', 'CR\nCCC\nC\nR\n\n', '2024\nCR1344\n']","['', 'C\nCCC\nCP\n\n', '2024\nC1344\n']",modelv1.0__2026-05-17 06:45:08
D:/moth_photos/database\batch_05\img_moth_00008861.jpg,"[4000, 6000]",37.28,"['protocrannedB\ntegsmman\n\na\n\nMES\n2024\n', 'ee\nSanteeCoastalReserve\nCharlestonCoSC\na EFLoPresti\nyarees 7GatorRoad\n\n', 'bn\n2024\n\nDCR1317\n']","['2024\n', 'CR\nCC0C\n\nC\n\n7R\n\n', '2024\n\nDCR1317\n']","['P\n\n2024\n', 'C\nCC0C\n\nCP\n\n7\n\n', '2024\n\nC1317\n']",modelv1.0__2026-05-17 06:45:08
D:/moth_photos/database\batch_05\img_moth_00008862.jpg,"[4000, 6000]",37.52,"['2024\nDCR1318\n\nSe\n', '', '']","['2024\nDCR1318\n', '', '']","['2024\nC1318\n', '', '']",modelv1.0__2026-05-17 06:45:08
D:/moth_photos/database\batch_05\img_moth_00008863.jpg,"[4000, 6000]",37.48,"['2024\nDCR1319\n', 'ME See\n', 'ee\nSanteeCoastalReserve\nCharlestenCoSC\nE FLoPresti\nnN i Gator Road\n']","['2024\nDCR1319\n', '', 'CR\nCCC\nC R\n']","['2024\nC1319\n', '', 'C\nCCC\nP\n\nC\n']",modelv1.0__2026-05-17 06:45:08
D:/moth_photos/database\batch_05\img_moth_00008864.jpg,"[4000, 6000]",37.559999999999995,"['ME Seer\n', '2024\n\nDCR1320\n7\n', 'SanteeCoastalReserve\nCharlestonCoSC\n\n2E F LOPresti\n\nLAyy3GatorRoad\n\n']","['', '2024\n\nDCR1320\n7\n', 'CR\nCCC\n\n2\n\n3CR\n\n']","['', '2024\n\nC1320\n7\n', 'C\nCCC\n\n2 P\n\n3C\n\n']",modelv1.0__2026-05-17 06:45:08
D:/moth_photos/database\batch_05\img_moth_00008865.jpg,"[4000, 6000]",37.580000000000005,"['2024\nDCR1323\n', 'SanteeCoastalKeserve\nCharlestonCoSC\nEF LoPresti\n\n1y papel2 rad GatorRoad\n\naa\n', '']","['2024\nDCR1323\n', 'CR\nCC0C\n\n1 2 R\n', '']","['2024\nC1323\n', 'C\nCC0C\nP\n\n1 2\n', '']",modelv1.0__2026-05-17 06:45:08
D:/moth_photos/database\batch_05\img_moth_00008866.jpg,"[4000, 6000]",37.54,"['Eton\n\n2024\nDCR1324\n', 'prrroorannedE\nMEstessima\n202A\n', 'ESrtii\nSantee CoastalReserve\n\nCharleston CoS\nEFSLOP resti\n\nGator Road\n\nHamed\n']","['2024\nDCR1324\n', '202\n', 'CR\nC C\nR\n']","['2024\nC1324\n', 'P\n202\n', 'C\nC C\nP\n']",modelv1.0__2026-05-17 06:45:08
D:/moth_photos/database\batch_05\img_moth_00008867.jpg,"[4000, 6000]",37.32,"['2024\nDCR1321\n', 'rapnedBY\n20\n', '']","['2024\nDCR1321\n', '20\n', '']","['2024\nC1321\n', '20\n', '']",modelv1.0__2026-05-17 06:45:08
D:/moth_photos/database\batch_05\img_moth_00008868.jpg,"[4000, 6000]",37.22,"['2024\nDCR1322\n', 'bv\nMEstessmran\n202A\n', 'SanteeCoastalReserve\nCharlestonCoSC\n\nEFRoPresti\n\nul mAt74GatorRoad\n']","['2024\nDCR1322\n', '2024\n', 'CR\nCCC\nR\n74CR\n']","['2024\nPC1322\n', '2024\n', 'C\nCCC\nP\n74C\n']",modelv1.0__2026-05-17 06:45:08
D:/moth_photos/database\batch_05\img_moth_00008869.jpg,"[4000, 6000]",37.36,"['2024\nDCR1325\n', 'MAE Seem\n', 'SanteeCoastalReserve\nCharleston CoSC\n1EFLOPresti\n\nMa 7GatorRoad\n']","['2024\nDCR1325\n', '', 'CR\nC CC\n1\n\n7R\n']","['2024\nC1325\n', '', 'C\nC CC\n1P\n\n7\n']",modelv1.0__2026-05-17 06:45:08
D:/moth_photos/database\batch_05\img_moth_00008870.jpg,"[4000, 6000]",37.6,"['2024\nDCR1326\n', 'o bv\nMEStessmran\n202A\n', '']","['2024\nDCR1326\n', '2024\n', '']","['2024\nC1326\n', '2024\n', '']",modelv1.0__2026-05-17 06:45:08
D:/moth_photos/database\batch_05\img_moth_00008871.jpg,"[4000, 6000]",37.559999999999995,"['2024\nDCR1327\n', 'E Stessman\n\n202A\n', 'alReserve\n\nGator Road\n\nUS EFtoPresti\n']","['2024\nDCR1327\n', '2024\n', 'R\n\nC R\n\n1\n']","['2024\nC1327\n', '2024\n', 'C\n\n1 P\n']",modelv1.0__2026-05-17 06:45:08
D:/moth_photos/database\batch_05\img_moth_00008872.jpg,"[4000, 6000]",37.26,"['wI\n\nEStessman\n202A\n', 'SanteeCoastalReserve\nCharlestonCoSC\na EFLoPresti\nispsi7GatorRoad\n\nae\n\n', 'be\n2024\nDCR1328\n\n']","['2024\n', 'CR\nCCC\n7R\n\n', '2024\nDCR1328\n\n']","['2024\n', 'C\nCCC\nP\n7\n\n', '2024\nC1328\n\n']",modelv1.0__2026-05-17 06:45:08
D:/moth_photos/database\batch_05\img_moth_00008873.jpg,"[4000, 6000]",37.46,"['E Stessman\n\n202A\n', '2024\nDCR1331\n', 'ee\nSanteeCoastalReserve\nCharleston CoSC\nA Fletcher\nJamesCane\n']","['2024\n', '2024\nDCR1331\n', 'CR\nC CC\nC\n']","['2024\n', '2024\nC1331\n', 'C\nC CC\nC\n']",modelv1.0__2026-05-17 06:45:08
D:/moth_photos/database\batch_05\img_moth_00008874.jpg,"[4000, 6000]",37.46,"['ergata\n\nME\n\nStessman\n202A\n', 'rle\nSantee Coastal Reserve\nCharleston CoS\n\nAFietcher\nJames Cane\n', '2024\nDCR1332\n']","['2024\n', 'C R\nC C0\n\nC\n', '2024\nDCR1332\n']","['2024\n', 'C\nC C0\n\nC\n', '2024\nC1332\n']",modelv1.0__2026-05-17 06:45:08
D:/moth_photos/database\batch_05\img_moth_00008875.jpg,"[4000, 6000]",37.32,"['2024\nDCR1333\n', 'ME Seem\n', 'Santee CoastalReserve\nCharleston CoSC\nAFletcher\nJamesCane\n']","['2024\nDCR1333\n', '', 'CR\nC CC\nC\n']","['2024\nC1333\n', 'W\n', 'C\nC CC\nC\n']",modelv1.0__2026-05-17 06:45:08
D:/moth_photos/database\batch_05\img_moth_00008876.jpg,"[4000, 6000]",37.54,"['2024\nDCR1334\n', 'P man\nStes\nMEA\n', 'SanteeCoastalReserve\nCharlestgnCoSC\nEFLoPresti\n\nCollinsCreek\n']","['2024\nDCR1334\n', '2\n', 'CR\nCCC\nR\n\nCC\n']","['2024\nC1334\n', 'P\n2\n', 'C\nCCC\nP\n\nCC\n']",modelv1.0__2026-05-17 06:45:08
D:/moth_photos/database\batch_05\img_moth_00008877.jpg,"[4000, 6000]",37.36,"['2024\nDCR1335\n', 'SanteeCoastalReserve\nCharlestonCoSC\nELFL8Presti\nCollinsCreek\n', 'ME cee\n']","['2024\nDCR1335\n', 'CR\nCCC\nC8\nCC\n', '']","['2024\nC1335\n', 'C\nCCC\nC8P\nCC\n', 'W\n']",modelv1.0__2026-05-17 06:45:08
D:/moth_photos/database\batch_05\img_moth_00008878.jpg,"[4000, 6000]",37.38,"['2024\nDCR1336\n\n', 'P\n\nen\nEStessman\n202A\n', 'E\nSantee Coastal Reserve\n\nChariestob CoSC\nEF LoPresti\nar CollinsCreek\n\novs\nv\n']","['2024\nDCR1336\n\n', '2024\n', 'C R\n\nC0 CC\nCC\n']","['2024\nC1336\n\n', 'P\n\n2024\n', 'C\n\nC0 CC\nP\nCC\n']",modelv1.0__2026-05-17 06:45:08
D:/moth_photos/database\batch_05\img_moth_00008879.jpg,"[4000, 6000]",37.44,"['2024\nDCR1338\n\n', 'P man\nEStess\nME30\n', 'SanteeCoastaiReserve\nCharlestonCoSC\nE FLoPresti\n\nIY Wake Fi 4 Mazyck\n']","['2024\nDCR1338\n\n', '30\n', 'CR\nCC0C\n\n4\n']","['2024\nC1338\n\n', 'P\n30\n', 'C\nCC0C\nP\n\nW 4\n']",modelv1.0__2026-05-17 06:45:08
D:/moth_photos/database\batch_05\img_moth_00008880.jpg,"[4000, 6000]",37.42,"['2024\nDCR1339\n', 'ME Seer\n', 'A7Actal\nSantee CoastalReserve\n\nCharlestonC9 sc\nEP LoPresti\nye7Mazyek\n\ntiFU\n']","['2024\nDCR1339\n', '', '7\nCR\n\nCC9\n7\n\nC\n']","['2024\nC1339\n', 'W\n', '7\nC\n\nCC9\nP P\n7\n\nC\n']",modelv1.0__2026-05-17 06:45:08
D:/moth_photos/database\batch_05\img_moth_00008881.jpg,"[4000, 6000]",37.34,"['P val\nStes\nMEA\n', '2024\nDCR1340\n\nii\n', 'SanteeCoastalReserve\nCharlestonCoSC\nbya ao F o9Presti\n']","['028\n', '2024\nDCR1340\n', 'CR\nCC0C\n9R\n']","['P\n028\n', '2024\nC1340\n', 'C\nCC0C\nP 9P\n']",modelv1.0__2026-05-17 06:45:08
D:/moth_photos/database\batch_05\img_moth_00008882.jpg,"[4000, 6000]",37.32,"['o bv\nMEStessrran\n', '2024\nDCR1342\n\n', 'SanteeCoastal Reserve\nCharlestanCoSC\nELF LoPresti\ntJ Mazyck\n']","['', '2024\nDCR1342\n\n', 'C R\nCC0C\n']","['', '2024\nC1342\n\n', 'C\nCC0C\nP\n']",modelv1.0__2026-05-17 06:45:08
D:/moth_photos/database\batch_05\img_moth_00008883.jpg,"[4000, 6000]",37.28,"['porooranner\n\np bv\nMEstessmran\n20\n', '2024\nDCR1342\n\n', 'SanteeCoastal Reserve\nCharlestanCoSC\nE F LoPresti\nwef Mazyck\n']","['D\n20\n', '2024\nDCR1342\n\n', 'C R\nCCC\n']","['20\n', '2024\nPC1342\n\n', 'C\nCCC\nP P\n']",modelv1.0__2026-05-17 06:45:08
D:/moth_photos/database\batch_05\img_moth_00008884.jpg,"[4000, 6000]",37.95918367346939,"['2024\nDCR1341\n', 'protocranredB\nMEStessrran\n\nE\nwe\n', 'SanteeCoastalReserve\nCharlestonCoSC\nEFLoPresti\n4 Fi Ayt2 Zi Mazyck\n\n']","['2024\nDCR1341\n', '', 'CR\nCC0C\n4 4 2\n\n']","['2024\nC1341\n', 'P\n', 'CP\nCC0C\nPP\n4 4 2\n\n']",modelv1.0__2026-05-17 06:45:08
D:/moth_photos/database\batch_05\img_moth_00008885.jpg,"[4000, 6000]",37.4,"['2024\nDCR1343\n', 'SanteeCoastalReserve\nCharlestonCoSC\nEFLoPresti\n7fRASLTeMazyck\n', 'protocranhedD\nStessman\n\nME\n']","['2024\nDCR1343\n', 'CR\nCCC\n7RRD\n', 'D\n']","['2024\nC1343\n', 'C\nCCC\nP\n7\n', 'P\n']",modelv1.0__2026-05-17 06:45:08
D:/moth_photos/database\batch_05\img_moth_00008886.jpg,"[4000, 6000]",37.4,"['ME Steere\n', 'EU\n\n2024\npcR1344\n', 'a\nSanteeCoastalReserve\nCharlestonCoSC\nE F LoPresti\nf Z me Mazyck\n\n']","['', '2024\nDCR1344\n', 'CR\nCCC\n2\n\n']","['', '2024\nC1344\n', 'CP\nCCC\nP\n2\n\n']",modelv1.0__2026-05-17 06:45:08
D:/moth_photos/database\batch_05\img_moth_00008887.jpg,"[4000, 6000]",37.91836734693878,"['s\n\nbw\nFStessman\n202A\n', '2024\nDCR1345\n', 'SanteeCoastalReserve\nCharlestonCoSC\nj Ey LoPresti\nwi ae o7Mazyck\nps\n']","['2024\n', '2024\nDCR1345\n', 'CR\nCC0C\n7\n']","['2024\n', '2024\nPC1345\n', 'C\nCC0C\nP\n7\n']",modelv1.0__2026-05-17 06:45:08
D:/moth_photos/database\batch_05\img_moth_00008888.jpg,"[4000, 6000]",37.87755102040816,"['SanteeCoastalReserve\nCharlestgnCoSC\n\nF EFLoPresti\nDai 7YMazyck\n', '2024\nDCR1346\n', 'MEStessmran\n202A\n']","['CR\nCCC\n\n2 72\n', '2024\nDCR1346\n', '202\n']","['C\nCCC\n\nP\n2 72\n', '2024\nC1346\n', '202\n']",modelv1.0__2026-05-17 06:45:08
D:/moth_photos/database\batch_05\img_moth_00008889.jpg,"[4000, 6000]",37.580000000000005,"['potoaranedDS\n\nP\nME Stessman\n20\n', 'SanteeCoastalReserve\nCharlestonCoSC\nELF LoPresti\n\nj2ALDYMazyck\n', 'ee\n2024\n\nDCR1347\n']","['D\n\n20\n', 'CR\nCC0C\n\n12DD\n', '2024\n\nDCR1347\n']","['P\nW\n20\n', 'C\nCC0C\nP P\n\n12\n', '2024\n\nPC1347\n']",modelv1.0__2026-05-17 06:45:08
D:/moth_photos/database\batch_05\img_moth_00008890.jpg,"[4000, 6000]",37.52,"['P man\nStess\nM yA8\n', '2024\nDCR1348\n\n', 'Le\nSanteeCoastalReserve\nCharlestonCoSC\nEFLoPresti\n\nILnad7 Mazyck\n\n']","['8\n', '2024\nDCR1348\n\n', 'CR\nCCC\n\n7\n\n']","['P\n8\n', '2024\nC1348\n\n', 'C\nCCC\nPP\n\n7\n\n']",modelv1.0__2026-05-17 06:45:08
D:/moth_photos/database\batch_05\img_moth_00008891.jpg,"[4000, 6000]",37.64,"['SanteeCoastalReserve\nCharesion CoSC\n\nEFCoPresti\nWalz b2YGatorRoad\n', 'er\n\nM\n\nbwI\nEStessran\n', '2024\nDCR1355\n']","['CR\nC CC\n\nC\n77 2R\n', '', '2024\nDCR1355\n']","['C\nC CC\n\nCP\nW77 2\n', '', '2024\nC1355\n']",modelv1.0__2026-05-17 06:45:08
D:/moth_photos/database\batch_05\img_moth_00008892.jpg,"[4000, 6000]",37.559999999999995,"['SanteeCoastalReserve\nCharlestonCoSC\n\nEFLpPresti\nt Tees FEBUY GatorRoad\n', '2024\nDCR1356\n', 'o bv\n202A\n']","['CR\nCC0C\n\nD R\n', '2024\nDCR1356\n', '2024\n']","['C\nCC0C\n\nP\n', '2024\nC1356\n', '2024\n']",modelv1.0__2026-05-17 06:45:08
D:/moth_photos/database\batch_05\img_moth_00008893.jpg,"[4000, 6000]",37.71999999999999,"['2024\nDCR1357\n', 'MeE Steam\n', 'SanteeCoastalReserve\nCharlestonCoSC\n\nEFLoPresti\n2 C4ep82yca 2GatorRoad\n']","['2024\nDCR1357\n', '', 'CR\nCCC\n\n2 C48246 2CR\n']","['2024\nC1357\n', '', 'C\nCCC\n\nP\n2 C48246 2C\n']",modelv1.0__2026-05-17 06:45:08
D:/moth_photos/database\batch_05\img_moth_00008894.jpg,"[4000, 6000]",37.62,"['Ee Stessman\n\n202A\n', 'SanteeCoastalReserve\nCharlestonCoSC\naE F leoPresti\noom OrmondHall\n\n', '2024\n\nDCR1358\nee\n\n']","['2024\n', 'CR\nCCC\nR\n\n', '2024\n\nDCR1358\n\n']","['2024\n', 'C\nCCC\nP\n\n', '2024\n\nC1358\n\n']",modelv1.0__2026-05-17 06:45:08
D:/moth_photos/database\batch_05\img_moth_00008895.jpg,"[4000, 6000]",37.3,"['a\n\npretocranhedD\n202A\n', '2024\nDCR1359\n', 'alReserve\n\nCharlestonCo\nFLoPrestl\nOrmond Hall\n']","['D\n2024\n', '2024\nDCR1359\n', 'R\n\nCC\nR\n']","['P\n2024\n', '2024\nC1359\n', 'CC\nP\n']",modelv1.0__2026-05-17 06:45:08
D:/moth_photos/database\batch_05\img_moth_00008896.jpg,"[4000, 6000]",37.333333333333336,"['SanteeCoastal Reserve\nCharlestonCoSC\nEFLoPresti\n\ni\n\nVise Fie OrmondHall\n', 'pete\nMEstessrran\nEco\n', '2024\nDCR1360\n\n']","['C R\nCC0C\n', '8\n', '2024\nDCR1360\n\n']","['C\nCC0C\nPP\n\nW\n', '8\n', '2024\nC1360\n\n']",modelv1.0__2026-05-17 06:45:08
D:/moth_photos/database\batch_05\img_moth_00008897.jpg,"[4000, 6000]",37.52,"['SanteeCoastalReserve\nCharleston CoSC\n\nyEF CoPresti\n\nJFEEOrmondHall\n', 'rapned DV\nPE Stessmmal\n20\n', 'bn\n2024\n\nDCR1361\n']","['CR\nC CC\n\nC\n\n0\n', 'D\n20\n', '2024\n\nDCR1361\n']","['CP\nC CC\n\nCP\n\n0P\n', 'P\n20\n', '2024\n\nC1361\n']",modelv1.0__2026-05-17 06:45:08
D:/moth_photos/database\batch_05\img_moth_00008898.jpg,"[4000, 6000]",37.28,"['SanteeCoastalReserve\nCharieston CoSC\na EF CoPresti\nEEOrmondHall\n', 'o bv\n202A\n', '2024\nDCR1361\n']","['CR\nC CC\nCR\n', '2024\n', '2024\nDCR1361\n']","['CP\nC CC\nCP\n', '2024\n', '2024\nC1361\n']",modelv1.0__2026-05-17 06:45:08
D:/moth_photos/database\batch_05\img_moth_00008899.jpg,"[4000, 6000]",37.52,"['P\nMEStessman\n\n202A\n', 'SanteeCoastal Reserve\nCharlestonCo Sc\nELFLoPresti\nan OrmondHall\n\no\n', '2024\nDCR1362\n']","['2024\n', 'C R\nCC0 C\nC\n', '2024\nDCR1362\n']","['P\n\n2024\n', 'C\nCC0 C\nPCP\n', '2024\nC1362\n']",modelv1.0__2026-05-17 06:45:08
D:/moth_photos/database\batch_05\img_moth_00008900.jpg,"[4000, 6000]",37.34,"['SanteeCoastalReserve\nCharlestonCoSC\n\nEFfoPresti\n\nce 7OrmondHall\n', 'EStessman\n202A\n', '2024\nDCR1363\n\noO\n']","['CR\nCCC\n\nC\n\n7\n', '2024\n', '2024\nDCR1363\n']","['C\nCCC\n\nPCP\n\n7\n', '2024\n', '2024\nC1363\n']",modelv1.0__2026-05-17 06:45:08
D:/moth_photos/database\batch_05\img_moth_00008901.jpg,"[4000, 6000]",37.89795918367347,"['oanteeCoastalReserve\nCharlestonCoSC\nEFLoPresti\n7 OrmondHall\n', '', '2024\nDCR1364\n']","['CR\nCCC\n7\n', '', '2024\nDCR1364\n']","['C\nCCC\nP\n\n7\n', '', '2024\nPC1364\n']",modelv1.0__2026-05-17 06:45:08
D:/moth_photos/database\batch_05\img_moth_00008902.jpg,"[4000, 6000]",37.89795918367347,"['P\nM\n\nE Stessman\n202A\n', 'Santee Coastal Reserve\nCharleston CoSC\nFCoPresti\nOrmond Hall\n\nM\n', '2024\nDCR1365\n']","['2024\n', 'C R\nC CC\nC\n', '2024\nDCR1365\n']","['P\n\n2024\n', 'C\nC CC\nCP\n', '2024\nC1365\n']",modelv1.0__2026-05-17 06:45:08
D:/moth_photos/database\batch_05\img_moth_00008903.jpg,"[4000, 6000]",37.857142857142854,"['bv\n20\n', 'SanteeCoastalReserve\nCharlestonCoSC\nEFLoPresti\n44OrmondHail\n', 'a\n2024\nDCR1368\n\n']","['20\n', 'CR\nCCC\n44\n', '2024\nDCR1368\n\n']","['20\n', 'C\nCCC\nP\n44\n', '2024\nPC1368\n\n']",modelv1.0__2026-05-17 06:45:08
D:/moth_photos/database\batch_05\img_moth_00008904.jpg,"[4000, 6000]",37.32,"['', 'SanteeCoastalReserve\nCharleston CoSC\nEFLoPresti\n\nOrmondHall\n', '2024\nDCR1366\n']","['', 'CR\nC CC\n', '2024\nDCR1366\n']","['', 'C\nC CC\nP\n', '2024\nC1366\n']",modelv1.0__2026-05-17 06:45:08
D:/moth_photos/database\batch_05\img_moth_00008905.jpg,"[4000, 6000]",37.24,"['SanteeCoastalReserve\nCharlestonCoSC\nEFloPresti\n\nWt6b2OrmondHall\n', '2024\nDCR1367\n', '']","['CR\nCCC\n62\n', '2024\nDCR1367\n', '']","['C\nCCC\nPP\n\nW62\n', '2024\nC1367\n', '']",modelv1.0__2026-05-17 06:45:08
D:/moth_photos/database\batch_05\img_moth_00008906.jpg,"[4000, 6000]",37.38,"['2024\nDCR1369\n', 'Se\nSanteeCoastalReserve\n\nCharleston Co Sc\nEFLoPresti\n\nPa 23AN24 GatorRoad\n', 'spetereches\n\nME\n\nStessman\n202A\n']","['2024\nDCR1369\n', 'CR\nC C C\n\n2324 R\n', '8\n\n202\n']","['2024\nPC1369\n', 'CP\nC C C\nP\n\nP 2324\n', '8\n\n202\n']",modelv1.0__2026-05-17 06:45:08
D:/moth_photos/database\batch_05\img_moth_00008907.jpg,"[4000, 6000]",37.559999999999995,"['', 'SanteeCoastalReserve\nCharlestonCoSC\n\nEFfoPresti\n22 LLSawl GatorRoad\n', '2024\nDCR1370\n']","['', 'CR\nCC0C\n\nR\n22 R\n', '2024\nDCR1370\n']","['', 'C\nCC0C\n\nPP\n22\n', '2024\nC1370\n']",modelv1.0__2026-05-17 06:45:08
D:/moth_photos/database\batch_05\img_moth_00008908.jpg,"[4000, 6000]",37.54,"['sreatyI\nME Stes\n', 'EE\nSanteeCoastalReserve\nCharlestonCoSC\n\nEFCoPresti\n23 Savy Serub Oak\n', '2024\nDCR1371\n']","['', 'CR\nCCC\n\nCR\n23 14\n', '2024\nDCR1371\n']","['', 'C\nCCC\n\nCP\n23 14\n', '2024\nC1371\n']",modelv1.0__2026-05-17 06:45:08
D:/moth_photos/database\batch_05\img_moth_00008909.jpg,"[4000, 6000]",37.559999999999995,"['MAE Stes\n', '2024\nDCR1372\n', 'SanteeCoastalReserve\nCharlestonCoSC\nEFLoPresti\n\nZ74Scrub Oak\n']","['', '2024\nDCR1372\n', 'CR\nCCC\n7748\n']","['', '2024\nC1372\n', 'C\nCCC\nP\n\n7748\n']",modelv1.0__2026-05-17 06:45:08
D:/moth_photos/database\batch_05\img_moth_00008910.jpg,"[4000, 6000]",37.660000000000004,"['202A\n', '2024\nDCR1373\n', 'SanteeCoastalReserve\nCharlestenCoSC\n\nEFLoPresti\nDAypa pa GatorRoad\n']","['202\n', '2024\nDCR1373\n', 'CR\nCCC\n\nD R\n']","['202\n', '2024\nC1373\n', 'C\nCCC\n\nPP\n']",modelv1.0__2026-05-17 06:45:08
D:/moth_photos/database\batch_05\img_moth_00008911.jpg,"[4000, 6000]",37.46,"['2024\nDCR1374\n', 'SanteeCoastalReserve\nCharlestonCoSC\nE F LoPresti\nepee Collins Creek\n', '']","['2024\nDCR1374\n', 'CR\nCCC\nC C\n', '']","['2024\nC1374\n', 'C\nCCC\nP\nC C\n', '']",modelv1.0__2026-05-17 06:45:08
D:/moth_photos/database\batch_05\img_moth_00008912.jpg,"[4000, 6000]",37.48,"['MAE Stes\n', 'nd\n\nSanteeCoastalReserve\nCharlestonCoSC\nEFLpPresti\nfGatorRoad\n', '2024\nDCR1376\n']","['', 'CR\nCCC\nCR\n', '2024\nDCR1376\n']","['', 'C\nCCC\nP\nC\n', '2024\nPC1376\n']",modelv1.0__2026-05-17 06:45:08
D:/moth_photos/database\batch_05\img_moth_00008913.jpg,"[4000, 6000]",37.3,"['SanteeCoastalReserve\nCharlestonCoSC\naN LoPresti\n\nVaetGatorRoac\n', 'rapnedDV\n20\n', '2024\nDCR1378\n\n']","['CR\nCCC\nCR\n', 'D\n20\n', '2024\nDCR1378\n\n']","['C\nCCC\nP\n\nC\n', '20\n', '2024\nPC1378\n\n']",modelv1.0__2026-05-17 06:45:08
D:/moth_photos/database\batch_05\img_moth_00008914.jpg,"[4000, 6000]",37.54,"['TE Stes\n', 'SanteeCoastalReserve\nChariestonCoSC\nEFL6Presti\nrerGatorRoad\n', '2024\nDCR1377\n\n']","['', 'CR\nCCC\n6\nCR\n', '2024\nDCR1377\n\n']","['', 'C\nCCC\n6P\nPC\n', '2024\nC1377\n\n']",modelv1.0__2026-05-17 06:45:08
D:/moth_photos/database\batch_05\img_moth_00008915.jpg,"[4000, 6000]",37.93877551020408,"['2024\nDCR1379\n', 'ME Steam\n', 'SanteeCoastalReserve\nCharlestonCo SC\nE F LoPresti\nGatorRoad\n']","['2024\nDCR1379\n', '', 'CR\nCC C\nR\n']","['2024\nC1379\n', '', 'C\nCC C\nP\n']",modelv1.0__2026-05-17 06:45:08
D:/moth_photos/database\batch_05\img_moth_00008916.jpg,"[4000, 6000]",37.755102040816325,"['SanteeCoastalReserve\nCharlestonGoSC\nEFLoPresti\n\n7ATRAITSCypress\n', 'ME Steam\n', '2024\nDCR1380\n']","['CR\nC0C\n\n74RC\n', '', '2024\nDCR1380\n']","['C\nC0C\nP\n\n74C\n', '', '2024\nC1380\n']",modelv1.0__2026-05-17 06:45:08
D:/moth_photos/database\batch_05\img_moth_00008917.jpg,"[4000, 6000]",37.93877551020408,"['vexcr0\n', 'Santee CoastalReserve\nCharlestonCoSC\n7M DEe goPresti\nane As LY Cypress\n', '2024\nDCR1381\n']","['0\n', 'CR\nCC0C\n74 D\n4 C\n', '2024\nDCR1381\n']","['0\n', 'C\nCC0C\n74 P\n4 C\n', '2024\nC1381\n']",modelv1.0__2026-05-17 06:45:08
D:/moth_photos/database\batch_05\img_moth_00008918.jpg,"[4000, 6000]",37.42,"['', '2024\nDCR1382\n', 'santee coastalf Ree\n\nCharles estan\nEF\n\n']","['', '2024\nDCR1382\n', 'C R\n\nC\n\n']","['', '2024\nC1382\n', 'C\n\nC\n\n']",modelv1.0__2026-05-17 06:45:08
D:/moth_photos/database\batch_05\img_moth_00008919.jpg,"[4000, 6000]",37.36,"['2024\nDCR1383\n', 'al\n', 'SanteeCoastal Reserve\nChariestonCoSC\nEFLoPresti\n\nCUSANZYMarsh\n']","['2024\nDCR1383\n', '', 'C R\nCC0C\n\nC7\n']","['2024\nPC1383\n', '', 'C P\nCC0C\nP\n\nC7\n']",modelv1.0__2026-05-17 06:45:08
D:/moth_photos/database\batch_05\img_moth_00008920.jpg,"[4000, 6000]",37.6,"['2024\nDCR1384\n', 'P man\nStess\nME20\n', 'SanteeCoastalReserve\nCharlestonCoSC\n4 EF LoPrest\nesi 2iaeMarsh\n']","['2024\nDCR1384\n', '20\n', 'CR\nCC0C\n4\n2\n']","['2024\nPC1384\n', 'P\n20\n', 'C\nCC0C\n4 P\n2\n']",modelv1.0__2026-05-17 06:45:08
D:/moth_photos/database\batch_05\img_moth_00008921.jpg,"[4000, 6000]",37.46,"['ME See\n', 'SanteeCoastalReserve\nCharlestonCoSC\nEFLoPresti\n\nLYATSANLYMarsh\n', '2024\nDCR1385\n\n']","['', 'CR\nCC0C\n\nC\n', '2024\nDCR1385\n\n']","['W\n', 'CP\nCC0C\nP\n\nC\n', '2024\nC1385\n\n']",modelv1.0__2026-05-17 06:45:08
D:/moth_photos/database\batch_05\img_moth_00008922.jpg,"[4000, 6000]",37.32,"['apredDY\nFKestessmman\n7\n', 'SanteeCoastalReserve\nCharlestonCoSC\n\nEFLoPresti\nhy JANTYMarsh\n', '2024\nDCR1386\n']","['D\nR\n7\n', 'CR\nCC0C\n', '2024\nDCR1386\n']","['P\n7\n', 'C\nCC0C\n\nP\n', '2024\nC1386\n']",modelv1.0__2026-05-17 06:45:08
D:/moth_photos/database\batch_05\img_moth_00008923.jpg,"[4000, 6000]",37.857142857142854,"['', '2024\nDCR1387\n', 'eC\n\nSanteeCoastalReserve\nCharlestpnCoSC\n\nEFLoPresti\n\nnese ane fMarsh\n', '']","['', '2024\nDCR1387\n', 'CC\nCR\nCCC\n', '']","['', '2024\nC1387\n', 'CC\nCP\nCCC\nP\n', '']",modelv1.0__2026-05-17 06:45:08
D:/moth_photos/database\batch_05\img_moth_00008924.jpg,"[4000, 6000]",37.4,"['P\n\nsr\n\nMEStessmran\n\n202A\n', 'Cs\nSanteeCoastalReserve\nCharlestonCoSC\n\nyy EFLoPresti\na PSaaEMMarsh\n', '2024\nDCR1388\n\n']","['0\n\n202\n', 'CC\nCR\nCCC\n', '2024\nDCR1388\n\n']","['P\n\n0\n\n202\n', 'CC\nC\nCCC\n\nP\nP\n', '2024\nC1388\n\n']",modelv1.0__2026-05-17 06:45:08
D:/moth_photos/database\batch_05\img_moth_00008925.jpg,"[4000, 6000]",37.4,"['DA\n', 'SanteeCoastalReserve\nCharlestanCoSC\nifFLoPresti\ntthgoScrubOak\n\n', '2024\nDCR1389\n']","['D\n', 'CR\nCCC\n0\n\n', '2024\nDCR1389\n']","['', 'C\nCCC\nPP\n0\n\n', '2024\nC1389\n']",modelv1.0__2026-05-17 06:45:08
D:/moth_photos/database\batch_05\img_moth_00008926.jpg,"[4000, 6000]",37.91836734693878,"['SanteeCoastalReserve\nCharlestonCoSC\n19 EFloPresti\n', 'we\n\nseen\n202A\n', '2024\nDCR1390\n']","['CR\nCC0C\n19 R\n', '2024\n', '2024\nDCR1390\n']","['C\nCC0C\n19 P\n', '2024\n', '2024\nC1390\n']",modelv1.0__2026-05-17 06:45:08
D:/moth_photos/database\batch_05\img_moth_00008927.jpg,"[4000, 6000]",37.82,"['SanteeCoastalReserve\nCharlestonCoSC\n9 EFCoPresti\n\nFEG2incidental\n', 'prerocranned\n202A\n', '2024\nDCR1391\n\ntiFU\n']","['CR\nCCC\n9 C\n\n2\n', '2024\n', '2024\nDCR1391\n']","['C\nCCC\n9 CP\n\n2\n', 'P\n2024\n', '2024\nPC1391\n\nP\n']",modelv1.0__2026-05-17 06:45:08
D:/moth_photos/database\batch_05\img_moth_00008928.jpg,"[4000, 6000]",37.89795918367347,"['2024\nDCR1392\n', 'SanteeCoastalReserve\nCharlestanCoSC\n\n2 EFeoPresti\n\nL6 a3 A Z Y LiveOak\n', 'DV\n202A\n']","['2024\nDCR1392\n', 'CR\nCC0C\n\n2 0\n\n6 53 0\n', 'D\n2024\n']","['2024\nC1392\n', 'C\nCC0C\n\n2 0P\n\n6 53 0\n', '2024\n']",modelv1.0__2026-05-17 06:45:08
D:/moth_photos/database\batch_05\img_moth_00008929.jpg,"[4000, 6000]",37.73469387755102,"['aa\n', 'i SanteeCoastaReserve\n\nCharlestonCoSC\nEFUdPresti\naere SandPit\n', 'bt\n2024\n\nDCR1393\nee\n']","['', 'CR\n\nCCC\n', '2024\n\nDCR1393\n']","['', 'C\n\nCCC\nP\nP\n', '2024\n\nPC1393\n']",modelv1.0__2026-05-17 06:45:08
D:/moth_photos/database\batch_05\img_moth_00008930.jpg,"[4000, 6000]",37.559999999999995,"['SanteeCoastalReserve\nCharlestonCoSC\n\n275 AFletcher\n309824JamesCane\n', '2024\nDCR1394\n', 'protocrannedDS\nMeEStesst\n202A\n']","['CR\nCCC\n\n275\n309824C\n', '2024\nDCR1394\n', 'D\n3\n2024\n']","['C\nCCC\n\n275\n309824C\n', '2024\nC1394\n', 'P\n3\n2024\n']",modelv1.0__2026-05-17 06:45:08
D:/moth_photos/database\batch_05\img_moth_00008931.jpg,"[4000, 6000]",37.54,"['2024\nDCR1395\n', 'P\n\nbv\nEStessmran\n202A\n', 'SanteeCoastalReserve\nCharlestonCoSC\nAFletcher\no2igy iamesCane\n\n']","['2024\nDCR1395\n', '2024\n', 'CR\nCCC\n2 C\n\n']","['2024\nC1395\n', 'P\n\n2024\n', 'C\nCCC\n2 C\n\n']",modelv1.0__2026-05-17 06:45:08
D:/moth_photos/database\batch_05\img_moth_00008932.jpg,"[4000, 6000]",37.4,"['2024\nDCR1396\n', 'SanteeCoagtalReserve\nCharlestonCoSC\n\n14 SPalaycypress\n', 'wI\nE Stessman\n202A\n']","['2024\nDCR1396\n', 'CR\nCCC\n\n14 C\n', '202\n']","['2024\nPC1396\n', 'C\nCCC\n\n14 PC\n', '202\n']",modelv1.0__2026-05-17 06:45:08
D:/moth_photos/database\batch_05\img_moth_00008933.jpg,"[4000, 6000]",37.71999999999999,"['2024\nDCR1401\n', 'P\nME\n\nseen\n202A\n', '']","['2024\nDCR1401\n', '2024\n', '']","['2024\nC1401\n', 'P\n\n2024\n', '']",modelv1.0__2026-05-17 06:45:08
D:/moth_photos/database\batch_05\img_moth_00008934.jpg,"[4000, 6000]",37.89795918367347,"['we\n\nseen\n202A\n', 'SanteeCoastalReserve\nCharlestonCoSC\n\nUsagi EF ie ose\n', '2024\nDCR1397\n']","['2024\n', 'CR\nCC0C\n\n1\n', '2024\nDCR1397\n']","['2024\n', 'C\nCC0C\n\n1\n', '2024\nC1397\n']",modelv1.0__2026-05-17 06:45:08
D:/moth_photos/database\batch_05\img_moth_00008935.jpg,"[4000, 6000]",37.42,"['P\nME\n\nStessman\n202A\n', 'SanteeCoastalReserve\nCharlestonCoSC\nFLoPresti\n\nFASANZyCypress\n', '2024\nDCR1398\n']","['2024\n', 'CR\nCC0C\n\n2C\n', '2024\nDCR1398\n']","['P\n\n2024\n', 'C\nCC0C\nP\n\nP2C\n', '2024\nC1398\n']",modelv1.0__2026-05-17 06:45:08
D:/moth_photos/database\batch_05\img_moth_00008936.jpg,"[4000, 6000]",37.34,"['Pp\nME\n\nStessman\n202A\n', 'SanteeCoastalReserve\nChareston CoSC\n\nc44 GINNLHoypress\n', '2024\npcR1400\n']","['202\n', 'CR\nC CC\n\n44 D\n', '2024\nDR1400\n']","['P\n\n202\n', 'C\nC CC\n\n44\n', '2024\n1400\n']",modelv1.0__2026-05-17 06:45:08
D:/moth_photos/database\batch_05\img_moth_00008937.jpg,"[4000, 6000]",37.816326530612244,"['we\n\nsee\n202A\n', 'rrceC\n2024\n\nDCR1399\nBee\n\n', 'anteeCoastalReserve\nCharlestorCoSC\n\nlf E 4 34\n\nAiry LY Cypress\n']","['2024\n', 'C\n2024\n\nDCR1399\nD\n\n', 'CR\nCC0C\n7 4 34\n2 C\n']","['2024\n', 'C\n2024\n\nC1399\n\n', 'CP\nCC0C\n7 4 34\n2 C\n']",modelv1.0__2026-05-17 06:45:08
D:/moth_photos/database\batch_05\img_moth_00008938.jpg,"[4000, 6000]",37.42,"['2024\nDCR1402\n', 'SanteeCoastaReserve\nCharleston CoSC\nEFLoPresti\nTrebise 7 1YIneidental\n', 'protoranred\nDV\n20\n']","['2024\nDCR1402\n', 'CR\nC CC\n7 14\n', 'D\n20\n']","['2024\nC1402\n', 'C\nC CC\nP\n7 14\n', 'P\n20\n']",modelv1.0__2026-05-17 06:45:08
D:/moth_photos/database\batch_05\img_moth_00008939.jpg,"[4000, 6000]",37.6530612244898,"['SanteeCoastalReserve\nChariest onCoSC\nWei Fl LoPresti\n', 'protocranned\nMEstessmman\n202A\n', '2024\nDCR1403\n']","['CR\nC CC\n', '2024\n', '2024\nDCR1403\n']","['CP\nC CC\nW P\n', 'P\n2024\n', '2024\nC1403\n']",modelv1.0__2026-05-17 06:45:08
D:/moth_photos/database\batch_05\img_moth_00008940.jpg,"[4000, 6000]",37.89795918367347,"['pete\n\nME\n\nStessman\n202A\n', 'SanteeCoastalReserve\nChar lestonTo sc\nEFLoPresti\nTeg FEAIY Incidental\n', '']","['8\n\n2024\n', 'CR\nC C\n', '']","['8\n\n2024\n', 'C\nC C\nP\nW P\n', '']",modelv1.0__2026-05-17 06:45:08
D:/moth_photos/database\batch_05\img_moth_00008941.jpg,"[4000, 6000]",37.3,"['2024\nDCR1405\n', 'SanteeCoastalReserve\nCharlestonCoSC\nq EFLoPresti\n\nacs 2 Y Incidental\n', 'Pp\n\npsec\n\nMEStessman\n\n202A\n']","['2024\nDCR1405\n', 'CR\nCCC\n0\n\n2\n', '2024\n']","['2024\nC1405\n', 'CP\nCCC\n0P\n\n2\n', 'P\n\n2024\n']",modelv1.0__2026-05-17 06:45:08
D:/moth_photos/database\batch_05\img_moth_00008942.jpg,"[4000, 6000]",37.22,"['P\n\neo\nE Stessmman\n202A\n', '2024\nDCR1406\n', 'SanteeCoastalReserve\nCharlestonCoSC\nq EFLoPresti\n\nfi EB2Y Incidental\n']","['2024\n', '2024\nDCR1406\n', 'CR\nCCC\n\nR2\n']","['P\n\n2024\n', '2024\nC1406\n', 'C\nCCC\nP\n\n2\n']",modelv1.0__2026-05-17 06:45:08
D:/moth_photos/database\batch_05\img_moth_00008943.jpg,"[4000, 6000]",37.3,"['SanteeCoastalReserve\nCharlestenCoSC\n\nFLoPresti\nq FER 2tIncidental\n', 'p bv\nMEStessmran\n202A\n', '2024\nDCR1407\n']","['CR\nCC0C\n\nR 2\n', '2024\n', '2024\nDCR1407\n']","['C\nCC0C\n\nP\nP 2\n', '2024\n', '2024\nC1407\n']",modelv1.0__2026-05-17 06:45:08
D:/moth_photos/database\batch_05\img_moth_00008944.jpg,"[4000, 6000]",37.62,"['AFietcher\n2024\n', 'vanteeCoastalReserve\nChariestonCoSC\nEFLpPresti\n\nIBenpve7oveess\n', '2024\nDCR522\n']","['2024\n', 'CR\nCCC\n\n7\n', '2024\nDCR522\n']","['P\n2024\n', 'CP\nCCC\nP\n\n7\n', '2024\nC522\n']",modelv1.0__2026-05-17 06:45:08
D:/moth_photos/database\batch_05\img_moth_00008945.jpg,"[4000, 6000]",37.254901960784316,"['AFietcher\n2024\n', '2024\nDCR526\n', 'SanteeCoastalReserve\nCharlestonCoSC\nEFLoPresti\n\nPMARIUA Cypress\n']","['2024\n', '2024\nDCR526\n', 'CR\nCC0C\n\nRR C\n']","['2024\n', '2024\nPC526\n', 'C\nCC0C\nP\n\nPW C\n']",modelv1.0__2026-05-17 06:45:08
D:/moth_photos/database\batch_05\img_moth_00008946.jpg,"[4000, 6000]",37.8,"['AFletcher\n2024\n', '2024\nDCR513\n', 'Santee CoestaiReserve\nCo Se\n\nBa Ary Cypress\n']","['2024\n', '2024\nDCR513\n', 'CR\nC\n\nR C\n']","['P\n2024\n', '2024\nC513\n', 'C\nC\n\nC\n']",modelv1.0__2026-05-17 06:45:08
D:/moth_photos/database\batch_05\img_moth_00008947.jpg,"[4000, 6000]",37.900000000000006,"['Photographedby\nAFletcher\n2024\n', '2024\n\nDCR514\n', 'SanteeCoastalReserve\nCharlestonCoSC\nEFLoPresti\n\nBapeeyCypress\n']","['2024\n', '2024\n\nDCR514\n', 'CR\nCCC\n\nC\n']","['P\n2024\n', '2024\n\nC514\n', 'C\nCCC\nP\n\nC\n']",modelv1.0__2026-05-17 06:45:08
D:/moth_photos/database\batch_05\img_moth_00008948.jpg,"[4000, 6000]",37.92,"['oamieeCoasialKeserve\nChartestonCoSC\n\nanae 14cypress\n', 'AFietcher\n2024\n', '2024\nDCR515\n']","['C\nCCC\n\n14C\n', '2024\n', '2024\nDCR515\n']","['C\nCCC\n\n14C\n', 'P\n2024\n', '2024\nC515\n']",modelv1.0__2026-05-17 06:45:08
D:/moth_photos/database\batch_05\img_moth_00008949.jpg,"[4000, 6000]",37.31372549019608,"['SanteeCoastalReserve\nChariestonCoSC\n12 EFLoPresti\n\nDRPl74Cypress\n', 'AFletcher\n2024\n', '2024\nDCR527\n']","['CR\nCCC\n12\n\nDR74C\n', '2024\n', '2024\nDCR527\n']","['C\nCCC\n12 P\n\nPP74C\n', '2024\n', '2024\nC527\n']",modelv1.0__2026-05-17 06:45:08
D:/moth_photos/database\batch_05\img_moth_00008950.jpg,"[4000, 6000]",37.549019607843135,"['Photographedby\nAFletcher\n2024\n', 'SanteeCoastalReserve\nCharlestqnCoSC\n\nE fn LoPresti\noat 4 Cypress\n', '2024\nDCR529\n']","['2024\n', 'CR\nCCC\n\n4 C\n', '2024\nDCR529\n']","['P\n2024\n', 'C\nCCC\n\nP\n4 C\n', '2024\nC529\n']",modelv1.0__2026-05-17 06:45:08
D:/moth_photos/database\batch_05\img_moth_00008951.jpg,"[4000, 6000]",37.431372549019606,"['Photographedby\nAFletcher\n2024\n', 'SanteeCoastalReserve\nCharlestonCoSC\ncal EFLoPresti\n\nCAL2YCypress\n', '2024\nDCR521\n']","['2024\n', 'CR\nCCC\n\nCC2C\n', '2024\nDCR521\n']","['P\nP\n2024\n', 'C\nCCC\nP\n\nCC2C\n', '2024\nC521\n']",modelv1.0__2026-05-17 06:45:08
D:/moth_photos/database\batch_05\img_moth_00008952.jpg,"[4000, 6000]",37.254901960784316,"['Photographedby\nAFletcher\n2024\n', '2024\nDCR524\n', 'aaE\nSanteeCoastalReserve\nCharleston CoSC\nEF LoPresti\nSfenECypress\n\n']","['2024\n', '2024\nDCR524\n', 'CR\nC CC\nC\n\n']","['P\n2024\n', '2024\nC524\n', 'C\nC CC\nP P\nC\n\n']",modelv1.0__2026-05-17 06:45:08
D:/moth_photos/database\batch_05\img_moth_00008953.jpg,"[4000, 6000]",37.3921568627451,"['Photographedby\nAFletcher\n2024\n', 'SanteeCoastalReserve\nCharleston CoSC\nEFLoPresti\nUSmace Cypress\n', '2024\nDCR528\n']","['2024\n', 'CR\nC CC\nC\n', '2024\nDCR528\n']","['P\n2024\n', 'C\nC CC\nP\nC\n', '2024\nPC528\n']",modelv1.0__2026-05-17 06:45:08
D:/moth_photos/database\batch_05\img_moth_00008954.jpg,"[4000, 6000]",37.980000000000004,"['Photographedby\nAFletcher\n2024\n', 'SanteeCoastalReserve\nCharleston Roce SC\n\nEFLoPresti\nIeafoy Cypress\n', '2024\nDCR517\n']","['2024\n', 'CR\nC R C\n\nR\nC\n', '2024\nDCR517\n']","['P\n2024\n', 'C\nC C\n\nP\nC\n', '2024\nC517\n']",modelv1.0__2026-05-17 06:45:08
D:/moth_photos/database\batch_05\img_moth_00008955.jpg,"[4000, 6000]",37.568627450980394,"['Photographedby\nAFletcher\n2024\n', 'SanteeCoastalReserve\nCharlestonCoSC\n\nEFLoPresti\n\n1Spme24tCypress\n', '2024\nDCR525\n']","['2024\n', 'CR\nCC0C\n\nR\n\n124C\n', '2024\nDCR525\n']","['P\n2024\n', 'C\nCC0C\n\nP\n\n124C\n', '2024\nC525\n']",modelv1.0__2026-05-17 06:45:08
D:/moth_photos/database\batch_05\img_moth_00008956.jpg,"[4000, 6000]",37.62745098039216,"['Photographedby\nAFletcher\n2024\n', 'SanteeCoastalReserve\nChartestonCoSC\n3 E F LdPresti\nhome ip 7 Cypress\n\nfey\n', '2024\nDCR523\n']","['2024\n', 'CR\nCCC\n\n3\n\n7 C\n', '2024\nDCR523\n']","['P\n2024\n', 'C\nCCC\n3 P\n7 WC\n', '2024\nC523\n']",modelv1.0__2026-05-17 06:45:08
D:/moth_photos/database\batch_05\img_moth_00008957.jpg,"[4000, 6000]",37.411764705882355,"['AFletcher\n2024\n', '2024\nDCR530\n', 'SanteeCoastalReserve\nCharlestonCoSC\nEF LdPresti\n\nifvAGbCypress\n']","['2024\n', '2024\nDCR530\n', 'CR\nCC0C\nC\n']","['2024\n', '2024\nC530\n', 'C\nCC0C\nP\n\nC\n']",modelv1.0__2026-05-17 06:45:08
D:/moth_photos/database\batch_05\img_moth_00008958.jpg,"[4000, 6000]",37.3921568627451,"['AFietcher\n2024\n', 'SanteeCoastalReserve\nChariestonCoSC\n\nPAO74Cypress\n', '2024\nDCR512\n']","['2024\n', 'CR\nCCC\n\n74C\n', '2024\nDCR512\n']","['2024\n', 'C\nCCC\n\nPP74C\n', '2024\nC512\n']",modelv1.0__2026-05-17 06:45:08
D:/moth_photos/database\batch_05\img_moth_00008959.jpg,"[4000, 6000]",37.31372549019608,"['AFletcher\n2024\n', 'SanteeCoastalReserve\nChartestonCoSC\nEFLoPresti\n24Cypress\n', '2024\n\nDCR516\n']","['2024\n', 'CR\nCC0C\n24C\n', '2024\n\nDCR516\n']","['2024\n', 'C\nCC0C\nP\n24C\n', '2024\n\nC516\n']",modelv1.0__2026-05-17 06:45:08
D:/moth_photos/database\batch_05\img_moth_00008960.jpg,"[4000, 6000]",37.96,"['Photographedby\nAFletcher\n2024\n', 'SanteeCoastalReserve\nCharlestonCoSC\n13 EFLoRresti\n\nmAR2y Cypress\n', 'a\n2024\n\nDCR520\n']","['2024\n', 'CR\nCC0C\n13 R\n\nR2 C\n', '2024\n\nDCR520\n']","['P\n2024\n', 'C\nCC0C\n13 P\n\n2 C\n', '2024\n\nC520\n']",modelv1.0__2026-05-17 06:45:08
D:/moth_photos/database\batch_05\img_moth_00008961.jpg,"[4000, 6000]",37.470588235294116,"['AFletcher\n2024\n', 'SanteeCoastalReserve\nCharlestonCoSC\nEF gtorrest\n4 MAZyCypress\n', '2024\nDCR518\n']","['2024\n', 'CR\nCCC\n4 2C\n', '2024\nDCR518\n']","['2024\n', 'C\nCCC\nP\n4 2C\n', '2024\nC518\n']",modelv1.0__2026-05-17 06:45:08
D:/moth_photos/database\batch_05\img_moth_00008962.jpg,"[4000, 6000]",37.372549019607845,"['AFietcher\n2024\n', '2024\nDCR532\n', 'SanteeCoastaReserve\nChartestonCoSC\nEFtoPrest\n\nPAAAIACypress\n']","['2024\n', '2024\nDCR532\n', 'CR\nCC0C\n0\n\nDRRRC\n']","['2024\n', '2024\nC532\n', 'C\nCC0C\n0P\n\nPC\n']",modelv1.0__2026-05-17 06:45:08
D:/moth_photos/database\batch_05\img_moth_00008963.jpg,"[4000, 6000]",37.431372549019606,"['AFletcher\n2024\n', 'SanteeCoastalReserve\nCharlestonCoSC\n\nEF LoPresti\n\niAMML2MCypress\n', '2024\nDCR531\n']","['2024\n', 'CR\nCC0C\nC2C\n', '2024\nDCR531\n']","['2024\n', 'C\nCC0C\nP\nC2C\n', '2024\nC531\n']",modelv1.0__2026-05-17 06:45:08
D:/moth_photos/database\batch_05\img_moth_00008964.jpg,"[4000, 6000]",37.372549019607845,"['Photographedby\nAFletcher\n2024\n', 'SanteeCoastalReserve\nCharleston CoSC\n\na FE PoPresti\nZTAREVACypress\n', '2024\nDCR519\n']","['2024\n', 'CR\nC CC\n\n2\n7RC\n', '2024\nDCR519\n']","['P\n2024\n', 'C\nC CC\n\n2 PP\n7C\n', '2024\nC519\n']",modelv1.0__2026-05-17 06:45:08
D:/moth_photos/database\batch_05\img_moth_00008965.jpg,"[4000, 6000]",37.490196078431374,"['Photographedby\nAFletcher\n2024\n', '2024\nDCR545\n', 'Ll\nSantee CoastalReserve\nChariestenCoSC\na of LoPresti\nwpe uM Cypress\n\n7\n\nvy\n\n']","['2024\n', '2024\nDCR545\n', 'CR\nCC0C\nC\n\n7\n\n']","['P\n2024\n', '2024\nC545\n', 'C\nCC0C\nP\nP C\n\n7\n\n']",modelv1.0__2026-05-17 06:45:08
D:/moth_photos/database\batch_05\img_moth_00008966.jpg,"[4000, 6000]",37.549019607843135,"['Photographedby\nAFletcher\n2024\n', 'santeeCoasialKeserve\nCharlestonCoSC\nmEFgoPresti\n\n1OtpLLYCypress\n', '2024\nDCR544\n']","['2024\n', 'C\nCCC\n0\n\n1C\n', '2024\nDCR544\n']","['P\nP\n2024\n', 'C\nCCC\n0P\n\n1C\n', '2024\nC544\n']",modelv1.0__2026-05-17 06:45:08
D:/moth_photos/database\batch_05\img_moth_00008967.jpg,"[4000, 6000]",37.568627450980394,"['AFletcher\n2024\n', 'SanteeCoastalReserve\nCharlestonCoSC\n13 EFfoPresti\n\nMAZ2YCypress\n', '2024\n\nDCR534\n']","['2024\n', 'CR\nCC0C\n13 C\n\nR24C\n', '2024\n\nDCR534\n']","['2024\n', 'CP\nCC0C\n13 CP\n\n24C\n', '2024\n\nC534\n']",modelv1.0__2026-05-17 06:45:08
D:/moth_photos/database\batch_05\img_moth_00008968.jpg,"[4000, 6000]",37.254901960784316,"['AFletcher\n2024\n', 'SanteeCoastal Reserve\nCharlestonCoSC\nEFkoPresti\nl3man firy Cypress\n', '2024\nDCR540\n']","['2024\n', 'C R\nCC0C\n3 C\n', '2024\nDCR540\n']","['2024\n', 'C\nCC0C\nP\n3 C\n', '2024\nC540\n']",modelv1.0__2026-05-17 06:45:08
D:/moth_photos/database\batch_05\img_moth_00008969.jpg,"[4000, 6000]",37.450980392156865,"['AFletcher\n2024\n', 'SarteeCoastalReserve\nChariestonCoSC\n\nDeO24Creene\n', '2024\nDCR535\n']","['2024\n', 'CR\nCC0C\n\nD24C\n', '2024\nDCR535\n']","['2024\n', 'CP\nCC0C\n\n24C\n', '2024\nC535\n']",modelv1.0__2026-05-17 06:45:08
D:/moth_photos/database\batch_05\img_moth_00008970.jpg,"[4000, 6000]",37.411764705882355,"['Photographedby\nAFletcher\n2024\n', 'SanteeCoastalReserve\nCharlestonCoSC\nn EFLePresti\n', '2024\nDCR542\n']","['2024\n', 'CR\nCCC\nR\n', '2024\nDCR542\n']","['P\n2024\n', 'C\nCCC\nP\n', '2024\nPC542\n']",modelv1.0__2026-05-17 06:45:08
D:/moth_photos/database\batch_05\img_moth_00008971.jpg,"[4000, 6000]",37.254901960784316,"['Photographedby\nAFletcher\n2024\n', '2024\nDCR539\n', 'SanteeCoastal Reserve\nCharleston CoSC\n3 5 LoPresti\nm al Cypress\n']","['2024\n', '2024\nDCR539\n', 'C R\nC CC\n3 5\n4 C\n']","['P\n2024\n', '2024\nPC539\n', 'C\nC CC\n3 5 P\n4 C\n']",modelv1.0__2026-05-17 06:45:08
D:/moth_photos/database\batch_05\img_moth_00008972.jpg,"[4000, 6000]",37.411764705882355,"['AFletcher\n2024\n', 'SanteeCoastalReserve\nChariestonCoSC\n\nEFLBPresti\nBAR AU4 Cypress\n', '2024\nDCR536\n']","['2024\n', 'CR\nCCC\n\n3 24 C\n', '2024\nDCR536\n']","['2024\n', 'C\nCCC\n\nP\n3 P24 C\n', '2024\nPC536\n']",modelv1.0__2026-05-17 06:45:08
D:/moth_photos/database\batch_05\img_moth_00008973.jpg,"[4000, 6000]",37.549019607843135,"['AFletcher\n2024\n', 'SanteeCoastaiReserve\nCharlestanCoSC\nEFLoPresti\n\n13\n\nMPLUYCypress\n', '2024\nDCR543\n']","['2024\n', 'CR\nCC0C\n13\n\nR7C\n', '2024\nDCR543\n']","['2024\n', 'C\nCC0C\nP\n\n13\n\nP7C\n', '2024\nC543\n']",modelv1.0__2026-05-17 06:45:08
D:/moth_photos/database\batch_05\img_moth_00008974.jpg,"[4000, 6000]",37.372549019607845,"['AFietcher\n2024\n', 'SameeCoastalReserve\nChariestonCoSC\nEFLoPrest\n\nSmad2yCypress\n', '2024\nDCR538\n']","['2024\n', 'CR\nCCC\n0\n\nD2C\n', '2024\nDCR538\n']","['P\n2024\n', 'C\nCCC\n0P\n\n2C\n', '2024\nC538\n']",modelv1.0__2026-05-17 06:45:08
D:/moth_photos/database\batch_05\img_moth_00008975.jpg,"[4000, 6000]",37.92,"['Photographedby\nAFletcher\n2024\n', 'SanteeCoastalReserve\nCharlestofCoSC\nEFLoPresti\n\nlomae2yCypress\n', '2024\nDCR537\n']","['2024\n', 'CR\nCCC\n\n24C\n', '2024\nDCR537\n']","['P\n2024\n', 'C\nCWCC\nP\n\n24C\n', '2024\nC537\n']",modelv1.0__2026-05-17 06:45:08
D:/moth_photos/database\batch_05\img_moth_00008976.jpg,"[4000, 6000]",37.27450980392157,"['Photographedby\nAFietcher\n2024\n', '2024\nDCR541\n', 'SanteeCoastalReserve\nChartestonCoSC\n\nEFLaPresti\n\nlAeptiCypress\n\n']","['2024\n', '2024\nDCR541\n', 'CR\nCCC\nC\n\n']","['P\n2024\n', '2024\nPC541\n', 'C\nCCC\n\nP\n\nC\n\n']",modelv1.0__2026-05-17 06:45:08
D:/moth_photos/database\batch_05\img_moth_00008977.jpg,"[4000, 6000]",37.294117647058826,"['', 'SanteeCoastalReserve\nCharlestonCoSC\n\nEFLoPresti\nSman2y Cypress\n', '2024\nDCR533\n\n']","['', 'CR\nCC0C\n24 C\n', '2024\nDCR533\n\n']","['', 'C\nCC0C\n\nP\n24 C\n', '2024\nC533\n\n']",modelv1.0__2026-05-17 06:45:08
D:/moth_photos/database\batch_05\img_moth_00008978.jpg,"[4000, 6000]",37.254901960784316,"['AFletcher\n2024\n', 'SanteeCoastaiReserve\nCharlestonCoSC\n\nJ EFLoPresti\nfae OrmondHall\n', '2024\nDCR553\n']","['2024\n', 'CR\nCC0C\n', '2024\nDCR553\n']","['2024\n', 'CP\nCC0C\nP\n', '2024\nC553\n']",modelv1.0__2026-05-17 06:45:08
D:/moth_photos/database\batch_05\img_moth_00008979.jpg,"[4000, 6000]",37.294117647058826,"['', 'ee\nSamteeCoastalReserve\nChariestonCoSC\nEFLoPresti\nLMpR7ZyOrmondHall\n', '2024\nDCR554\n\n']","['', 'CR\nCC0C\nR71\n', '2024\nDCR554\n\n']","['', 'C\nCC0C\nP\nP71\n', '2024\nC554\n\n']",modelv1.0__2026-05-17 06:45:08
D:/moth_photos/database\batch_05\img_moth_00008980.jpg,"[4000, 6000]",37.96,"['AFietcher\n2024\n', 'SanteeCoastalReserve\nCharleston CoSC\n12 EFUoPresti\nPPL24OrmondHall\n', '2024\nDCR556\n']","['2024\n', 'CR\nC CC\n12\n24C\n', '2024\nDCR556\n']","['2024\n', 'C\nC CC\n12 P\nPP24C\n', '2024\nPC556\n']",modelv1.0__2026-05-17 06:45:08
D:/moth_photos/database\batch_05\img_moth_00008981.jpg,"[4000, 6000]",37.372549019607845,"['', 'SanteeCoastalReserve\nChariestonCoSC\nEFLoPresti\nZang tyOrmondHal\n', '2024\nDCR559\n']","['', 'CR\nCCC\n0\n', '2024\nDCR559\n']","['', 'C\nCCC\nP\n0\n', '2024\nC559\n']",modelv1.0__2026-05-17 06:45:08
D:/moth_photos/database\batch_05\img_moth_00008982.jpg,"[4000, 6000]",37.294117647058826,"['AFletcher\n2024\n', '2024\nDCR552\n', 'Santee CoastalReserve\nCnariestonCO Se\nE F oPrest\n74OrmondHal\n']","['2024\n', '2024\nDCR552\n', 'CR\nCC C\n741\n']","['2024\n', '2024\nC552\n', 'C\nCC C\nP\n\n741\n']",modelv1.0__2026-05-17 06:45:08
D:/moth_photos/database\batch_05\img_moth_00008983.jpg,"[4000, 6000]",37.3921568627451,"['SanteeCoastalReserve\nCharlestonCoSC\nEFboPresti\n\n12nne2YOrmond Hall\n', 'AFletcher\n2024\n', '2024\nDCR547\n']","['CR\nCCC\n0\n\n122\n', '2024\n', '2024\nDCR547\n']","['CP\nCCC\n0P\n\n122\n', 'P\n2024\n', '2024\nC547\n']",modelv1.0__2026-05-17 06:45:08
D:/moth_photos/database\batch_05\img_moth_00008984.jpg,"[4000, 6000]",37.31372549019608,"['AFletcher\n2024\n', '2024\nDCR558\n', 'santeeToastaeserve\nCnanestoroost\ntfoPrest\nOrmonda\n']","['2024\n', '2024\nDCR558\n', '4\nC2\n']","['2024\n', '2024\nC558\n', '4\nC2\nP\n']",modelv1.0__2026-05-17 06:45:08
D:/moth_photos/database\batch_05\img_moth_00008985.jpg,"[4000, 6000]",37.254901960784316,"['', 'SanteeCoastaiReserve\nCharlestonCoSC\nEPfLoPresti\nUraf24OrmondHall\n', '2024\nDCR557\n']","['', 'CR\nCCC\n240\n', '2024\nDCR557\n']","['', 'C\nCCC\nPP\nW240\n', '2024\nC557\n']",modelv1.0__2026-05-17 06:45:08
D:/moth_photos/database\batch_05\img_moth_00008986.jpg,"[4000, 6000]",37.372549019607845,"['', 'ba\nSanteeCoastalReserve\n\nCharlegoonCoSC\nEFLoPresh\nOrmondHail\n', '2024\nDCR551\n\n']","['', 'CR\n\nCCC\n', '2024\nDCR551\n\n']","['', 'CP\n\nCCC\nP\n', '2024\nC551\n\n']",modelv1.0__2026-05-17 06:45:08
D:/moth_photos/database\batch_05\img_moth_00008987.jpg,"[4000, 6000]",37.839999999999996,"['Photographedby\nAFletcher\n2024\n', 'SanteeCoastalReserve\nCharlestonCoSC\nEFLoPresti\n\nIrena OrmondHatl\n', '2024\nDCR549\n']","['2024\n', 'CR\nCC0C\n', '2024\nDCR549\n']","['P\n2024\n', 'C\nCC0C\nP\n', '2024\nC549\n']",modelv1.0__2026-05-17 06:45:08
D:/moth_photos/database\batch_05\img_moth_00008988.jpg,"[4000, 6000]",37.96,"['Photographedby\nAFletcher\n2024\n', '2024\nDCR546\n', 'santeeCoastalKeserve\nCharlestonCoSC\nEFLoPresti\nDrea 4OrmondHaill\n']","['2024\n', '2024\nDCR546\n', 'CR\nCCC\nD 40\n']","['P\n2024\n', '2024\nC546\n', 'C\nCCC\nP\n40\n']",modelv1.0__2026-05-17 06:45:08
D:/moth_photos/database\batch_05\img_moth_00008989.jpg,"[4000, 6000]",37.92,"['AFletcher\n2024\n', 'SanteeCoastalReserve\nCharleston CoSC\n7 EFfoPresti\n\nPAtt2yOrmondHail\n', '2024\nDCR548\n']","['2024\n', 'CR\nC CC\n7 C\n\n240\n', '2024\nDCR548\n']","['2024\n', 'C\nC CC\n7 CP\n\nP240\n', '2024\nC548\n']",modelv1.0__2026-05-17 06:45:08
D:/moth_photos/database\batch_05\img_moth_00008990.jpg,"[4000, 6000]",37.88,"['Photographedby\nAFletcher\n2024\n', 'SanteeCoastalReserve\nCharlestonCoSC\nEFLOPresti\n\nI2meid2qOrmondHall\n', '2024\nDCR555\n']","['2024\n', 'CR\nCC0C\n\n222\n', '2024\nDCR555\n']","['P\nP\n2024\n', 'C\nCC0C\nP\n\n222\n', '2024\nC555\n']",modelv1.0__2026-05-17 06:45:08
D:/moth_photos/database\batch_05\img_moth_00008991.jpg,"[4000, 6000]",37.86,"['AFietcher\n2024\n', 'SanteeCoastalReserve\nCharlestonCoSC\n\nEFLoPresti\n2mag 24OrmondHail\n', '2024\nDCR565\n']","['2024\n', 'CR\nCCC\n\n2 24C\n', '2024\nDCR565\n']","['P\n2024\n', 'CP\nCCC\n\nP\n2 24C\n', '2024\nC565\n']",modelv1.0__2026-05-17 06:45:08
D:/moth_photos/database\batch_05\img_moth_00008992.jpg,"[4000, 6000]",37.549019607843135,"['SameeCoestal Reserve\nChariestonCoSC\nEFLoPresti\n\n2men24OrmondHas\n', 'AFletcher\n2024\n', '2024\nOCR561\n']","['C R\nCC0C\n\n224C\n', '2024\n', '2024\nDCR561\n']","['C\nCC0C\nP\n\n224C\n', 'P\n2024\n', '2024\nC561\n']",modelv1.0__2026-05-17 06:45:08
D:/moth_photos/database\batch_05\img_moth_00008993.jpg,"[4000, 6000]",37.900000000000006,"['Photographedby\nAFletcher\n2024\n', 'SanteeCoastalReserve\nChariestonCoSC\nEFLpPresti\n\niw papgbformondHall\n', '2024\nDCR550\n']","['2024\n', 'CR\nCCC\n', '2024\nDCR550\n']","['P\n2024\n', 'C\nCCC\nP\n\nW P\n', '2024\nC550\n']",modelv1.0__2026-05-17 06:45:08
D:/moth_photos/database\batch_05\img_moth_00008994.jpg,"[4000, 6000]",37.8,"['AFletcher\n2024\n', 'santeeCoastalReserve\nChartestonCoSC\nEFLoPresti\n\njZN4224OrmondHall\n', '2024\nDCR563\n']","['2024\n', 'CR\nCCC\n\n242240\n', '2024\nDCR563\n']","['2024\n', 'CP\nCCC\nP\n\n242240\n', '2024\nC563\n']",modelv1.0__2026-05-17 06:45:08
D:/moth_photos/database\batch_05\img_moth_00008995.jpg,"[4000, 6000]",37.92,"['AFletcher\n2024\n', '2024\nDCR564\n', 'SanteeCoastalReserve\nCharlestonCoSC\nEFLoPresti\n\nZag 74OrmondHall\n']","['2024\n', '2024\nDCR564\n', 'CR\nCC0C\n\n74\n']","['2024\n', '2024\nC564\n', 'C\nCC0C\nP\n\n74\n']",modelv1.0__2026-05-17 06:45:08
D:/moth_photos/database\batch_05\img_moth_00008996.jpg,"[4000, 6000]",37.839999999999996,"['AFletcher\n2024\n', 'SameeCoastalReserve\nCharlestonCoSC\nELoPresti\ni2maa 2OrmondHall\n', '2024\nDCR560\n']","['2024\n', 'CR\nCC0C\n2 20\n', '2024\nDCR560\n']","['2024\n', 'C\nCC0C\nP\n2 20\n', '2024\nC560\n']",modelv1.0__2026-05-17 06:45:08
D:/moth_photos/database\batch_05\img_moth_00008997.jpg,"[4000, 6000]",37.660000000000004,"['AFletcher\n2024\n', 'SanteeCoastalReserve\nCharlestonCoSC\n4 EFeLoPresti\n14Z4OrmondHall\n', '2024\nDCR562\n']","['2024\n', 'CR\nCC0C\n4\n1424\n', '2024\nDCR562\n']","['2024\n', 'C\nCC0C\n4 P\n1424\n', '2024\nC562\n']",modelv1.0__2026-05-17 06:45:08
D:/moth_photos/database\batch_05\img_moth_00008998.jpg,"[4000, 6000]",37.92,"['AFletcher\n2024\n', 'ee\nSanteeCoastalReserve\nChanestonCoSC\nEFLoPresti\nCollinsCreek\n', '2024\nDCR567\n']","['2024\n', 'CR\nCCC\nCC\n', '2024\nDCR567\n']","['P\n2024\n', 'C\nCCC\nP\nCC\n', '2024\nPC567\n']",modelv1.0__2026-05-17 06:45:08
D:/moth_photos/database\batch_05\img_moth_00008999.jpg,"[4000, 6000]",37.980000000000004,"['AFletcher\n2024\n', 'SanteeCoastalReserve\nCharlestonCoSC\nEFLoPresti\n\nr CollinsCreek\n', '2024\nDCR566\n']","['2024\n', 'CR\nCCC\nCC\n', '2024\nDCR566\n']","['2024\n', 'C\nCCC\nP\n\nCC\n', '2024\nC566\n']",modelv1.0__2026-05-17 06:45:08
D:/moth_photos/database\batch_05\img_moth_00009000.jpg,"[4000, 6000]",37.839999999999996,"['AFletcher\n2024\n', 'SanteeCoastalReserve\nCharlestonCoSC\nEFLoPresti\nCe47CollinsCreek\n', '2024\nDCR568\n\n']","['2024\n', 'CR\nCCC\nR\nC47CC\n', '2024\nDCR568\n\n']","['2024\n', 'C\nCCC\nP\nC47CC\n', '2024\nC568\n\n']",modelv1.0__2026-05-17 06:45:08
D:/moth_photos/database\batch_05\img_moth_00009001.jpg,"[4000, 6000]",37.235294117647065,"['', 'SanteeCoastalReserve\nChariestonCoSC\n\n17ELF LoPresti\n\nryt vn CollinsCreek\n', '2024\nDCR570\n']","['', 'CR\nCCC\n17C\nCC\n', '2024\nDCR570\n']","['', 'C\nCCC\n\n17C P\n\nCC\n', '2024\nC570\n']",modelv1.0__2026-05-17 06:45:08
D:/moth_photos/database\batch_05\img_moth_00009002.jpg,"[4000, 6000]",37.31372549019608,"['Photographedby\nAFletcher\n2024\n', 'SanteeCoastalReserve\nCharlestonCoSC\nEFboPresti\nCollinsCreek\n', '2024\nDCR569\n']","['2024\n', 'CR\nCC0C\nCC\n', '2024\nDCR569\n']","['P\n2024\n', 'C\nCC0C\nP\nCC\n', '2024\nC569\n']",modelv1.0__2026-05-17 06:45:08
D:/moth_photos/database\batch_05\img_moth_00009003.jpg,"[4000, 6000]",37.431372549019606,"['AFletcher\n2024\n', 'SarteeCoastalReserve\nChartestonGoSC\nEFLoPresti\n', '2024\nDCR575\n']","['2024\n', 'CR\nCC0C\n', '2024\nDCR575\n']","['2024\n', 'C\nCC0C\nP\n', '2024\nPC575\n']",modelv1.0__2026-05-17 06:45:08
D:/moth_photos/database\batch_05\img_moth_00009004.jpg,"[4000, 6000]",37.86,"['', '2024\nDCR579\n', 'SanteeCoastalReserve\nChartestogCoSC\nEFLoPresti\nColtinsCreek\n']","['', '2024\nDCR579\n', 'CR\nCC0C\nCC\n']","['', '2024\nC579\n', 'CP\nCC0C\nP\nCC\n']",modelv1.0__2026-05-17 06:45:08
D:/moth_photos/database\batch_05\img_moth_00009005.jpg,"[4000, 6000]",37.509803921568626,"['AFietcher\n2024\n', '2024\nDCR571\n', 'SarteeCoastalReserve\nChartesionCoSC\nEFLoPrest\nCodinsCreek\n']","['2024\n', '2024\nDCR571\n', 'CR\nCC0C\nCC\n']","['2024\n', '2024\nC571\n', 'C\nCC0C\nP\nCC\n']",modelv1.0__2026-05-17 06:45:08
D:/moth_photos/database\batch_05\img_moth_00009006.jpg,"[4000, 6000]",37.235294117647065,"['AFietcher\n2024\n', '', '2024\nDCR578\n']","['2024\n', '', '2024\nDCR578\n']","['2024\n', '', '2024\nC578\n']",modelv1.0__2026-05-17 06:45:08
D:/moth_photos/database\batch_05\img_moth_00009007.jpg,"[4000, 6000]",37.900000000000006,"['AFletcher\n2024\n', 'SanteeCoastalReserve\nChariestonCoSC\n\naEF LoPresti\nc0CollinsCreek\n', '2024\nDCR573\n']","['2024\n', 'CR\nCCC\n20CC\n', '2024\nDCR573\n']","['2024\n', 'C\nCCC\n\nP\n20CC\n', '2024\nC573\n']",modelv1.0__2026-05-17 06:45:08
D:/moth_photos/database\batch_05\img_moth_00009008.jpg,"[4000, 6000]",37.88,"['AFietcher\n2024\n', 'SarteeConctalReserve\nChariestqnCoSC\n7EFLoPresti\nycosCoblinsCreek\n', '2024\nDCR572\n']","['2024\n', 'CR\nCC0C\n7\nCC\n', '2024\nDCR572\n']","['2024\n', 'C\nCC0C\n7PP\nCC\n', '2024\nC572\n']",modelv1.0__2026-05-17 06:45:08
D:/moth_photos/database\batch_05\img_moth_00009009.jpg,"[4000, 6000]",37.509803921568626,"['AFietcher\n2024\n', '', '2024\nDCR577\n']","['2024\n', '', '2024\nDCR577\n']","['P\n2024\n', '', '2024\nC577\n']",modelv1.0__2026-05-17 06:45:08
D:/moth_photos/database\batch_05\img_moth_00009010.jpg,"[4000, 6000]",37.839999999999996,"['AFletcher\n2024\n', '', '2024\nDCR576\n']","['2024\n', '', '2024\nDCR576\n']","['2024\n', '', '2024\nC576\n']",modelv1.0__2026-05-17 06:45:08
D:/moth_photos/database\batch_05\img_moth_00009011.jpg,"[4000, 6000]",37.58823529411765,"['AFletcher\n2024\n', 'SarnteeCoastalReserve\nChartestonCoSC\na LoPreeti\n\nCollinsCreek\n', '2024\nDCR574\n']","['2024\n', 'CR\nCCC\nCC\n', '2024\nDCR574\n']","['P\n2024\n', 'C\nCCC\nP\n\nCC\n', '2024\nC574\n']",modelv1.0__2026-05-17 06:45:08
D:/moth_photos/database\batch_05\img_moth_00009012.jpg,"[4000, 6000]",37.82,"['Photographedby\nAFletcher\n2024\n', '2024\nDCR585\n', 'SanteeCoastalReserve\nCharlestonEoSC\n13 EFLoPresti\na\n\nA074SandPit\n']","['2024\n', '2024\nDCR585\n', 'CR\nC0C\n13\n\n074\n']","['P\n2024\n', '2024\nC585\n', 'C\nC0C\n13 P\n\n074P\n']",modelv1.0__2026-05-17 06:45:08
D:/moth_photos/database\batch_05\img_moth_00009013.jpg,"[4000, 6000]",37.71999999999999,"['Photographedby\nAFletcher\n2024\n', 'SanteeCoastalReserve\nCharlestonCoSC\nFLoPresti\n', '2024\nDCR580\n']","['2024\n', 'CR\nCCC\n', '2024\nDCR580\n']","['P\n2024\n', 'C\nCCC\nP\n', '2024\nC580\n']",modelv1.0__2026-05-17 06:45:08
D:/moth_photos/database\batch_05\img_moth_00009014.jpg,"[4000, 6000]",37.27450980392157,"['AFietcher\n2024\n', 'SanteeCoastalReserve\nChariestonCoSC\n', '2024\nDCR581\n']","['2024\n', 'CR\nCC0C\n', '2024\nDCR581\n']","['2024\n', 'C\nCC0C\n', '2024\nC581\n']",modelv1.0__2026-05-17 06:45:08
D:/moth_photos/database\batch_05\img_moth_00009015.jpg,"[4000, 6000]",37.74,"['Photographedby\nAFletcher\n2024\n', 'SanteeCoastalReserve\nCharilestonCoSC\nEFLoPresti\nSmAGLsandPit\n', '2024\nDCR586\n']","['2024\n', 'CR\nCCC\n8C\n', '2024\nDCR586\n']","['P\nP\n2024\n', 'C\nCCC\nP\n8CP\n', '2024\nPC586\n']",modelv1.0__2026-05-17 06:45:08
D:/moth_photos/database\batch_05\img_moth_00009016.jpg,"[4000, 6000]",37.96,"['Photographedby\nAFletcher\n2024\n', '2024\nDCR584\n', 'SanteeCoastalReserve\nCharlestgnCoSC\nFLoPresti\nMAaK72YSandPit\n']","['2024\n', '2024\nDCR584\n', 'CR\nCC0C\n724R\n']","['P\n2024\n', '2024\nPC584\n', 'C\nCC0C\nP\n724P\n']",modelv1.0__2026-05-17 06:45:08
D:/moth_photos/database\batch_05\img_moth_00009017.jpg,"[4000, 6000]",37.74,"['AFietcher\n2024\n', 'SanteeCoastalReserve\nCharlestonCoSC\n3 EFLdPresti\n\nela 24 SandPit\n', '2024\nDCR582\n']","['2024\n', 'CR\nCCC\n3\n\n24\n', '2024\nDCR582\n']","['2024\n', 'C\nCCC\n3 P\n\n24 P\n', '2024\nC582\n']",modelv1.0__2026-05-17 06:45:08
D:/moth_photos/database\batch_05\img_moth_00009018.jpg,"[4000, 6000]",37.92,"['Photographedby\nAFletcher\n2024\n', 'SanteeCoastaiKeserve\nChariestpnCoSC\nEFLoPresti\nmpgztSandPit\n', '2024\nDCR583\n']","['2024\n', 'CR\nCCC\n7\n', '2024\nDCR583\n']","['P\n2024\n', 'C\nCCC\nP\n7P\n', '2024\nPC583\n']",modelv1.0__2026-05-17 06:45:08
D:/moth_photos/database\batch_05\img_moth_00009019.jpg,"[4000, 6000]",37.62,"['AFletcher\n2024\n', '2024\nDCR1410\n', '']","['2024\n', '2024\nDCR1410\n', '']","['P\n2024\n', '2024\nC1410\n', '']",modelv1.0__2026-05-17 06:45:08
D:/moth_photos/database\batch_05\img_moth_00009020.jpg,"[4000, 6000]",36.7843137254902,"['SanteeCoastalReserve\nChariestonCoSC\naaEFLoPresti\nl 77yScrubOak\n', 'Photographedby\nAFletcher\n2024\n', '2024\nDCR1482\n']","['CR\nCCC\n1 77\n', '2024\n', '2024\nDCR1482\n']","['C\nCCC\nP\n1 77\n', 'P\n2024\n', '2024\nC1482\n']",modelv1.0__2026-05-17 06:45:08
D:/moth_photos/database\batch_05\img_moth_00009021.jpg,"[4000, 6000]",37.509803921568626,"['ocanteeCoastalReserve\nCharlestgnCoSC\n\nAFletcher\n3Dnkk 7UJamesCane\n', 'hotographedby\nAFletcher\n2024\n', '2024\nDCR1412\n']","['CR\nCC0C\n\n3D 74C\n', '2024\n', '2024\nDCR1412\n']","['C\nCC0C\n\n3 74C\n', '2024\n', '2024\nC1412\n']",modelv1.0__2026-05-17 06:45:08
D:/moth_photos/database\batch_05\img_moth_00009022.jpg,"[4000, 6000]",36.8235294117647,"['SanteeCoastalReserve\nChariestonCoSC\nEFLOPresti\nq fr74ScrubOak\n', '2024\n\nDCR1483\n', 'Photographedby\nAFletcher\n2024\n']","['CR\nCC0C\nCR\n74C\n', '2024\n\nDCR1483\n', '0\n2024\n']","['C\nCC0C\nCP\n74C\n', '2024\n\nC1483\n', 'P0\n2024\n']",modelv1.0__2026-05-17 06:45:08
D:/moth_photos/database\batch_05\img_moth_00009023.jpg,"[4000, 6000]",37.779999999999994,"['SanteeCoastalReserve\nChartestgnCoSC\n\nAFietcher\nSong14JamesCane\n', 'AFletcher\n2024\n', '2024\nDCR1416\n']","['CR\nCCC\n\n143C\n', '2024\n', '2024\nDCR1416\n']","['C\nCCC\n\n143C\n', '2024\n', '2024\nC1416\n']",modelv1.0__2026-05-17 06:45:08
D:/moth_photos/database\batch_05\img_moth_00009024.jpg,"[4000, 6000]",37.26,"['Photographedby\nAFletcher\n2024\n', '2024\nDCR1484\n', 'SanteeCoastalReserve\nChariestonCoSC\nEFLoPresti\nfr t ScrubOak\n']","['2024\n', '2024\nDCR1484\n', 'CR\nCCC\n0\n']","['P\n2024\n', '2024\nPC1484\n', 'CP\nCCC\nP\n0\n']",modelv1.0__2026-05-17 06:45:08
D:/moth_photos/database\batch_05\img_moth_00009025.jpg,"[4000, 6000]",37.54,"['AFietcher\n2024\n', '2024\nDCR1409\n', '']","['2024\n', '2024\nDCR1409\n', '']","['2024\n', '2024\nPC1409\n', '']",modelv1.0__2026-05-17 06:45:08
D:/moth_photos/database\batch_05\img_moth_00009026.jpg,"[4000, 6000]",37.4,"['Photographedby\nAFletcher\n2024\n', '2024\nDCR1487\n', 'SanteeCoastalReserve\nCharlestonCoSC\nEFLoPresti\n']","['2024\n', '2024\nDCR1487\n', 'CR\nCC0C\n']","['P\n2024\n', '2024\nC1487\n', 'C\nCC0C\nP\n']",modelv1.0__2026-05-17 06:45:08
D:/moth_photos/database\batch_05\img_moth_00009027.jpg,"[4000, 6000]",37.490196078431374,"['SanteeCoastalReserve\nCharlestonCoSC\n32 AGletcher\nmMAz74JamesCane\n', 'hotographedby\nAFletcher\n2024\n', '2024\nDCR1414\n']","['CR\nCC0C\n32\n74C\n', '2024\n', '2024\nDCR1414\n']","['C\nCC0C\n32\n74C\n', '2024\n', '2024\nC1414\n']",modelv1.0__2026-05-17 06:45:08
D:/moth_photos/database\batch_05\img_moth_00009028.jpg,"[4000, 6000]",36.84313725490196,"['Photographedby\nAFletcher\n2024\n', 'SanteeCoastalReserve\nCharlestonCoSC\nEFLePresti\n', '2024\nDCR1489\n']","['D\n2024\n', 'CR\nCC0C\n', '2024\nDCR1489\n']","['P\n2024\n', 'C\nCC0C\nP\n', '2024\nC1489\n']",modelv1.0__2026-05-17 06:45:08
D:/moth_photos/database\batch_05\img_moth_00009029.jpg,"[4000, 6000]",37.15686274509804,"['AFletcher\n2024\n', '2024\nDCR1415\n', 'SanteeCosstalReserve\nChartestonCoSC\nAFestcher\nSDmpe24James Cane\n']","['2024\n', '2024\nDCR1415\n', 'CR\nCCC\n3D24 C\n']","['2024\n', '2024\nC1415\n', 'C\nCCC\n324 C\n']",modelv1.0__2026-05-17 06:45:08
D:/moth_photos/database\batch_05\img_moth_00009030.jpg,"[4000, 6000]",36.86274509803921,"['Photographedby\nAFletcher\n2024\n', '2024\nDCR1491\n', 'SanteeCoastalRaserve\n\nCharneatonCoSC\nEFLoPresti\nCape\n']","['2024\n', '2024\nDCR1491\n', 'CR\n\nCC0C\nC\n']","['P\n2024\n', '2024\nC1491\n', 'C\n\nCC0C\nP\nC\n']",modelv1.0__2026-05-17 06:45:08
D:/moth_photos/database\batch_05\img_moth_00009031.jpg,"[4000, 6000]",37.74,"['2024\nDCR1413\n', 'AFietcher\n2024\n', 'SarteeCosstalReserve\nChartestenCoSC\n']","['2024\nDCR1413\n', '2024\n', 'CR\nCC0C\n']","['2024\nC1413\n', '2024\n', 'C\nCC0C\n']",modelv1.0__2026-05-17 06:45:08
D:/moth_photos/database\batch_05\img_moth_00009032.jpg,"[4000, 6000]",37.32,"['2024\nDCR1488\n', 'Photographedby\nAFletcher\n2024\n', 'SanteeCoestalReserve\nChariestonCoSC\nEFLoPresti\n2Cape\n']","['2024\nDCR1488\n', 'D\n2024\n', 'CR\nCC0C\n2C\n']","['2024\nC1488\n', 'P\n2024\n', 'C\nCC0C\nP\n2C\n']",modelv1.0__2026-05-17 06:45:08
D:/moth_photos/database\batch_05\img_moth_00009033.jpg,"[4000, 6000]",37.333333333333336,"['Photographedby\nAFletcher\n2024\n', '2024\nDCR1411\n', 'SameeCoastalReserve\nChariestonCoSC\n5 AFletcher\n2Oppe 24JamesCane\n']","['D\n2024\n', '2024\nDCR1411\n', 'CR\nCCC\n5\n2 24C\n']","['P\n2024\n', '2024\nC1411\n', 'CP\nCCC\n5\n2 24C\n']",modelv1.0__2026-05-17 06:45:08
D:/moth_photos/database\batch_05\img_moth_00009034.jpg,"[4000, 6000]",36.76470588235294,"['Photographedby\nAFletcher\n2024\n', 'SanteeCoastalReserve\nCharlestonCoSC\nEFLoPresti\n\n4202SCape\n', '2024\nDCR1493\n\n']","['2024\n', 'CR\nCCC\nR\n\n4202C\n', '2024\nDCR1493\n\n']","['P\n2024\n', 'C\nCCC\nP\n\n4202C\n', '2024\nC1493\n\n']",modelv1.0__2026-05-17 06:45:08
D:/moth_photos/database\batch_05\img_moth_00009035.jpg,"[4000, 6000]",37.333333333333336,"['Photographedby\nAFletcher\n2024\n', 'SanteeCoastalReserve\nCharlestonCoSC\n\nA Fletcher\nSe Ahn JamesCane\n', '2024\n\nDCR1408\n']","['0\n2024\n', 'CR\nCC0C\n\nR C\n', '2024\n\nDCR1408\n']","['P0\nP\n2024\n', 'C\nCC0C\n\nC\n', '2024\n\nC1408\n']",modelv1.0__2026-05-17 06:45:08
D:/moth_photos/database\batch_05\img_moth_00009036.jpg,"[4000, 6000]",37.28,"['', 'AFletcher\n2024\n', '2024\nOCR1486\n\n']","['', '2024\n', '2024\nDCR1486\n\n']","['', '2024\n', '2024\nC1486\n\n']",modelv1.0__2026-05-17 06:45:08
D:/moth_photos/database\batch_05\img_moth_00009037.jpg,"[4000, 6000]",37.5,"['Photograpnedby\nAFletcher\n2024\n', '2024\nDCR1418\n', 'SanteeCoastaiReserve\nChartestonCoSC\n\nDPCTACrees\n']","['D\n2024\n', '2024\nDCR1418\n', 'CR\nCC0C\n\nDCC\n']","['P\n2024\n', '2024\nC1418\n', 'C\nCC0C\n\nPCC\n']",modelv1.0__2026-05-17 06:45:08
D:/moth_photos/database\batch_05\img_moth_00009038.jpg,"[4000, 6000]",36.745098039215684,"['Photographedby\nAFletcher\n2024\n', '2024\nDCR1485\n', 'SanteeCoastalReserve\n\nChariestonCoSC\nEF LoPrest\n\nZO Cape\n']","['0\n2024\n', '2024\nDCR1485\n', 'CR\n\nCC0C\n\nC\n']","['P0\n2024\n', '2024\nC1485\n', 'C\n\nCC0C\nP\n\nC\n']",modelv1.0__2026-05-17 06:45:08
D:/moth_photos/database\batch_05\img_moth_00009039.jpg,"[4000, 6000]",37.38,"['Photographedby\nAFletcher\n2024\n', '2024\nDCR1423\n', 'SanteeCoastal Reserve\nCharlegtonCoSC\nEFLoPresti\n\nAPIL74Cypress\n']","['2024\n', '2024\nDCR1423\n', 'C R\nCC0C\nC\n\nRR74C\n']","['P\n2024\n', '2024\nC1423\n', 'C\nCC0C\nCP\n\nP74C\n']",modelv1.0__2026-05-17 06:45:08
D:/moth_photos/database\batch_05\img_moth_00009040.jpg,"[4000, 6000]",37.22,"['2024\nDCR1490\n', 'Photographedby\nAFletcher\n2024\n', 'SanteeCoastalReserve\nCharlestonCoSC\nEFLoPresti\n\nTys24Cape\n']","['2024\nDCR1490\n', '2024\n', 'CR\nCC0C\n24C\n']","['2024\nC1490\n', 'P\n2024\n', 'C\nCC0C\nP\n\n24C\n']",modelv1.0__2026-05-17 06:45:08
D:/moth_photos/database\batch_05\img_moth_00009041.jpg,"[4000, 6000]",37.71999999999999,"['Photographedby\nAFletcher\n2024\n', '2024\nDCR1425\n', 'Chareston CoSC\nLoPresti\nA Pha Cypress\n\nSanteeCoastalReserve\n']","['2024\n', '2024\nDCR1425\n', 'C CC\nR C\n\nCR\n']","['P\n2024\n', '2024\nC1425\n', 'C CC\nP\nP C\n\nC\n']",modelv1.0__2026-05-17 06:45:08
D:/moth_photos/database\batch_05\img_moth_00009042.jpg,"[4000, 6000]",37.44,"['Photographedby\nAFletcher\n2024\n', '2024\nDCR1494\n', 'SanteeCoastalReserve\nCharleston CoSC\nEFLoPresti\n33epCape\n']","['D\n2024\n', '2024\nDCR1494\n', 'CR\nC CC\n337C\n']","['P\n2024\n', '2024\nPC1494\n', 'C\nC CC\nP\n337C\n']",modelv1.0__2026-05-17 06:45:08
D:/moth_photos/database\batch_05\img_moth_00009043.jpg,"[4000, 6000]",37.44,"['Photographedby\nAFletcher\n2024\n', '2024\nDCR1419\n', 'SanteeCoestalReserve\nChartestonCoSC\n7 7 LoPrest\n']","['2024\n', '2024\nDCR1419\n', 'CR\nCC0C\n7 7\n']","['P\n2024\n', '2024\nC1419\n', 'C\nCC0C\n7 7 P\n']",modelv1.0__2026-05-17 06:45:08
D:/moth_photos/database\batch_05\img_moth_00009044.jpg,"[4000, 6000]",37.2,"['Photographedby\nAFletcher\n2024\n', '2024\nDCR1492\n', 'SanteeCoastalReserve\nCharlestonCoSC\nEF PoPresti\n\nCape\n']","['2024\n', '2024\nDCR1492\n', 'CR\nCCC\nC\n']","['P\n2024\n', '2024\nC1492\n', 'C\nCCC\nPP\n\nC\n']",modelv1.0__2026-05-17 06:45:08
D:/moth_photos/database\batch_05\img_moth_00009045.jpg,"[4000, 6000]",37.62,"['Photographedby\nAFletcher\n2024\n', '', '2024\nDCR1422\n']","['2024\n', '', '2024\nDCR1422\n']","['P\n2024\n', '', '2024\nC1422\n']",modelv1.0__2026-05-17 06:45:08
D:/moth_photos/database\batch_05\img_moth_00009046.jpg,"[4000, 6000]",37.14,"['Photographedby\nAFletcher\n2024\n', 'SanteeCoastalReserve\nCharlestonCoSC\n\n4 neh2Serw Oak\n', '2024\nDCR1523\n\n']","['2024\n', 'CR\nCC0C\n\n4 2\n', '2024\nDCR1523\n\n']","['P\n2024\n', 'CP\nCC0C\n\n4 2\n', '2024\nC1523\n\n']",modelv1.0__2026-05-17 06:45:08
D:/moth_photos/database\batch_05\img_moth_00009047.jpg,"[4000, 6000]",37.44,"['AFletcher\n2024\n', 'CaTTSSULOSSINOSEIVe\nmirsinerptnant sc\n\nlAedigo 14Cypress\n', '2024\nDCR1427\n']","['2024\n', 'CCC\n\n4 14C\n', '2024\nDCR1427\n']","['2024\n', 'CCC\n\n4 14CP\n', '2024\nC1427\n']",modelv1.0__2026-05-17 06:45:08
D:/moth_photos/database\batch_05\img_moth_00009048.jpg,"[4000, 6000]",37.0,"['Photographedby\nAFletcher\n2024\n', '2024\nDCR1515\n', 'SamteeCoastalKeserve\nChariestonCoSC\n\nUae Raysew Oak\n']","['D\n2024\n', '2024\nDCR1515\n', 'C\nCC0C\n\nR C\n']","['P\n2024\n', '2024\nC1515\n', 'C\nCC0C\n\nC\n']",modelv1.0__2026-05-17 06:45:08
D:/moth_photos/database\batch_05\img_moth_00009049.jpg,"[4000, 6000]",37.64,"['Photographedby\nAFletcher\n2024\n', '2024\nDCR1426\n', 'a\nSanteeCoastalReserve\n\nCharlestonCoSC\nEF LoPrest\n7 Cypress\n\n']","['D\n2024\n', '2024\nDCR1426\n', 'CR\n\nCC0C\n7 C\n\n']","['P\n2024\n', '2024\nC1426\n', 'C\n\nCC0C\nP\n7 C\n\n']",modelv1.0__2026-05-17 06:45:08
D:/moth_photos/database\batch_05\img_moth_00009050.jpg,"[4000, 6000]",37.120000000000005,"['SarteeCoastalReserve\nChariestonCoSC\n\nYpegrysenoox\n', 'AFletcher\n2024\n', '2024\nDCR1525\n']","['CR\nCCC\n\n0\n', '2024\n', '2024\nDCR1525\n']","['C\nCCC\n\n0\n', '2024\n', '2024\nC1525\n']",modelv1.0__2026-05-17 06:45:08
D:/moth_photos/database\batch_05\img_moth_00009051.jpg,"[4000, 6000]",37.5,"['AFletcher\n2024\n', '2024\nDCR1417\n\n', 'es\nSamteeCoastalReserve\nChariestonCoSC\nEFLoPrest\nACAL L4 Cypress\n\n']","['2024\n', '2024\nDCR1417\n\n', 'CC\nCR\nCCC\n0\nCR 4 C\n\n']","['2024\n', '2024\nC1417\n\n', 'CC\nCP\nCCC\n0P\nC 4 C\n\n']",modelv1.0__2026-05-17 06:45:08
D:/moth_photos/database\batch_05\img_moth_00009052.jpg,"[4000, 6000]",37.1,"['SanteeCoastalReserve\nCharlestgnCoSC\nEFLoPresti\n\nYae Rr ScrubOak\n', '2024\nDCR1518\n', 'Photographedby\nAFletcher\n2024\n']","['CR\nCCC\n\n4 R4\n', '2024\nDCR1518\n', '2024\n']","['C\nCCC\nP\n\n4 4\n', '2024\nC1518\n', 'P\n2024\n']",modelv1.0__2026-05-17 06:45:08
D:/moth_photos/database\batch_05\img_moth_00009053.jpg,"[4000, 6000]",37.74,"['Photographedby\nAFletcher\n2024\n', '2024\nDCR1421\n', '']","['2024\n', '2024\nDCR1421\n', '']","['P\n2024\n', '2024\nC1421\n', '']",modelv1.0__2026-05-17 06:45:08
D:/moth_photos/database\batch_05\img_moth_00009054.jpg,"[4000, 6000]",37.22,"['Photographedby\nAFletcher\n2024\n', '2024\nDCR1504\n\n', 'Santee Cdastal Reserve\nCharleston CoSC\n\nEFLoPresti\n\nMODs x4Scrub Oak\n', '']","['2024\n', '2024\nDCR1504\n\n', 'C R\nC CC\n4\n', '']","['P\n2024\n', '2024\nC1504\n\n', 'C\nC CC\n\nP\n\nP 4\n', '']",modelv1.0__2026-05-17 06:45:08
D:/moth_photos/database\batch_05\img_moth_00009055.jpg,"[4000, 6000]",37.6,"['Photographedby\nAFletcher\n2024\n', '2024\nDCR1424\n', 'a\nSameeCoastalReserve\nChartestonCoSC\nEFLoPrest\np 24Cypress\n']","['2024\n', '2024\nDCR1424\n', 'CR\nCCC\nC\n\n24C\n']","['P\n2024\n', '2024\nC1424\n', 'C\nCCC\nCP\n\nP 24C\n']",modelv1.0__2026-05-17 06:45:08
D:/moth_photos/database\batch_05\img_moth_00009056.jpg,"[4000, 6000]",37.26,"['Photographedby\nAFletcher\n2024\n', '2024\nDCR1505\n\n', 'SanteeCoastalReserve\nCharlestonCoSC\n\nly A 22yScrub Oak\n']","['D\n2024\n', '2024\nDCR1505\n\n', 'CR\nCC0C\n\n1 224 C\n']","['P\n2024\n', '2024\nC1505\n\n', 'C\nCC0C\n\n1 224 C\n']",modelv1.0__2026-05-17 06:45:08
D:/moth_photos/database\batch_05\img_moth_00009057.jpg,"[4000, 6000]",37.4,"['AFietcher\n2024\n', 'SarteeCosstalReserve\nCo\n\nlmPiiyovee\n', '2024\nDCR1420\n']","['2024\n', 'CR\nC\n', '2024\nDCR1420\n']","['2024\n', 'C\nC\n\nP\n', '2024\nC1420\n']",modelv1.0__2026-05-17 06:45:08
D:/moth_photos/database\batch_05\img_moth_00009058.jpg,"[4000, 6000]",36.96,"['SanteeCoastalReserve\nCharlestonCoSC\nEFLoPresti\nYs\n\nA244 ScrubOak\n', 'Photographedby\nAFletcher\n2024\n', '2024\nDCR1524\n']","['CR\nCCC\n4\n\n24\n', '0\n2024\n', '2024\nDCR1524\n']","['C\nCCC\nP\n4\n\n24\n', 'P0\n2024\n', '2024\nC1524\n']",modelv1.0__2026-05-17 06:45:08
D:/moth_photos/database\batch_05\img_moth_00009059.jpg,"[4000, 6000]",37.62,"['APQTyCymress\n', 'Photograpnedby\nAFletcher\n2024\n', '2024\nDCR1428\n']","['RRC\n', 'D\n2024\n', '2024\nDCR1428\n']","['PC\n', 'P\n2024\n', '2024\nC1428\n']",modelv1.0__2026-05-17 06:45:08
D:/moth_photos/database\batch_05\img_moth_00009060.jpg,"[4000, 6000]",37.0,"['2024\nDCR1526\n', 'Photographedby\nAFletcher\n2024\n', 'SanteeCoastalReserve\nCharlestonCoSC\ny EFLoPresti\n\nAPRZYScrubOak\n']","['2024\nDCR1526\n', '2024\n', 'CR\nCCC\n\nRC\n']","['2024\nC1526\n', 'P\n2024\n', 'C\nCCC\nP\n\nPC\n']",modelv1.0__2026-05-17 06:45:08
D:/moth_photos/database\batch_05\img_moth_00009061.jpg,"[4000, 6000]",37.580000000000005,"['AFiletcher\n2024\n', '2024\nOCR1430\n', 'SS\n']","['2024\n', '2024\nDCR1430\n', '5\n']","['2024\n', '2024\nC1430\n', '5\n']",modelv1.0__2026-05-17 06:45:08
D:/moth_photos/database\batch_05\img_moth_00009062.jpg,"[4000, 6000]",36.82,"['Photographedby\nAFletcher\n2024\n', 'SanteeCoastalReserve\nChariestanCoSC\ny EFLoPresti\n\nPPR2YScrubOak\n', '2024\nDCR1514\n\n']","['2024\n', 'CR\nCCC\n\nRR2C\n', '2024\nDCR1514\n\n']","['P\n2024\n', 'C\nCCC\nP\n\nPP2C\n', '2024\nC1514\n\n']",modelv1.0__2026-05-17 06:45:08
D:/moth_photos/database\batch_05\img_moth_00009063.jpg,"[4000, 6000]",37.64,"['Photographedby\nAFletcher\n2024\n', 'SanteeCoastalReserve\nCharleston CoSC\nEFL6Presti\n\nPrPR2UCypress\n', '2024\nDCR1429\n']","['2024\n', 'CR\nC CC\n6\n\nR2C\n', '2024\nDCR1429\n']","['P\n2024\n', 'C\nC CC\n6P\n\nPP2C\n', '2024\nC1429\n']",modelv1.0__2026-05-17 06:45:08
D:/moth_photos/database\batch_05\img_moth_00009064.jpg,"[4000, 6000]",36.64,"['', 'AFietcher\n2024\n', '2024\nDCR1520\n']","['', '2024\n', '2024\nDCR1520\n']","['', 'P\n2024\n', '2024\nC1520\n']",modelv1.0__2026-05-17 06:45:08
D:/moth_photos/database\batch_05\img_moth_00009065.jpg,"[4000, 6000]",37.28,"['', 'AFletcher\n2024\n', '2024\nDCR1432\n']","['', '2024\n', '2024\nDCR1432\n']","['', '2024\n', '2024\nC1432\n']",modelv1.0__2026-05-17 06:45:08
D:/moth_photos/database\batch_05\img_moth_00009066.jpg,"[4000, 6000]",37.285714285714285,"['SanteeCoastalReserve\nCharlestonCoSC\n\nj EFLoPresti\n\nVreeiy ScrubOak\n', 'Photographedby\nAFletcher\n2024\n', '2024\nDCR1510\n']","['CR\nCCC\n', '2024\n', '2024\nDCR1510\n']","['C\nCCC\nP\n', 'P\n2024\n', '2024\nC1510\n']",modelv1.0__2026-05-17 06:45:08
D:/moth_photos/database\batch_05\img_moth_00009067.jpg,"[4000, 6000]",37.42,"['Photographedby\nAFletcher\n2024\n', 'SanteeCoastalReserve\nCharlestpnCoSC\n\n30 af an LoPresti\n\nliveOal\n', '7024\n4431\nDCR143\n']","['2024\n', 'CR\nCCC\n\n30\n', '7024\n4431\nDCR143\n']","['P\n2024\n', 'CP\nCCC\n\n30 P\n', '7024\n4431\nC143\n']",modelv1.0__2026-05-17 06:45:08
D:/moth_photos/database\batch_05\img_moth_00009068.jpg,"[4000, 6000]",37.30612244897959,"['SanteeCoastaiKeserve\nCharlestgnCoSC\nEFLoPresti\n\nU APRLY ScrubOak\n', 'Photographedby\nAFletcher\n2024\n', '2024\nDCR1507\n']","['CR\nCC0C\n\nR 0\n', '2024\n', '2024\nDCR1507\n']","['C\nCC0C\nP\n\nP 0\n', 'P\n2024\n', '2024\nC1507\n']",modelv1.0__2026-05-17 06:45:08
D:/moth_photos/database\batch_05\img_moth_00009069.jpg,"[4000, 6000]",37.64,"['2024\nDCR1434\n', 'Photographedby\nAFletcher\n2024\n', 'SanteeCoastalReserve\nCharlestonCoSC\n\nEFLoPresti\nS0enk 2uLiveOak\n']","['2024\nDCR1434\n', '2024\n', 'CR\nCCC\n\n0 2C\n']","['2024\nC1434\n', 'P\n2024\n', 'CP\nCCC\n\nP\n0 2C\n']",modelv1.0__2026-05-17 06:45:08
D:/moth_photos/database\batch_05\img_moth_00009070.jpg,"[4000, 6000]",36.739999999999995,"['SanteeCoastalReserve\nCharlestonCoSC\nEFtoPresti\n\n14h 24ScrubOak\n', '2024\nDCR1511\n', 'Photographedby\nAFletcher\n2024\n']","['CR\nCCC\n\n14 24\n', '2024\nDCR1511\n', '2024\n']","['C\nCCC\nP\n\n14 24\n', '2024\nC1511\n', 'P\n2024\n']",modelv1.0__2026-05-17 06:45:08
D:/moth_photos/database\batch_05\img_moth_00009071.jpg,"[4000, 6000]",37.36,"['Dhotographedby\nAFletcher\n2024\n', 'canteeCoastalReserve\nCharlestonCoSC\n\noPresti\nDuphi ivLiveOak\n', '2024\nDCR1433\n']","['D\n2024\n', 'CR\nCC0C\n\n0\nD C\n', '2024\nDCR1433\n']","['2024\n', 'C\nCC0C\n\n0P\nW C\n', '2024\nC1433\n']",modelv1.0__2026-05-17 06:45:08
D:/moth_photos/database\batch_05\img_moth_00009072.jpg,"[4000, 6000]",37.3469387755102,"['Photographedby\nAFletcher\n2024\n', '2024\nDCR1506\n\n', '']","['2024\n', '2024\nDCR1506\n\n', '']","['P\n2024\n', '2024\nC1506\n\n', '']",modelv1.0__2026-05-17 06:45:08
D:/moth_photos/database\batch_05\img_moth_00009073.jpg,"[4000, 6000]",37.62,"['Photographedby\nAFletcher\n2024\n', 'SanteeCoastalReserve\nCharlestonCoSC\n\n4 FLePresti\nFeo9UMarsh\n', '2024\nDCR1435\n']","['2024\n', 'CR\nCC0C\n\n4\n9\n', '2024\nDCR1435\n']","['P\n2024\n', 'C\nCC0C\n\n4 P\n9\n', '2024\nC1435\n']",modelv1.0__2026-05-17 06:45:08
D:/moth_photos/database\batch_05\img_moth_00009074.jpg,"[4000, 6000]",37.183673469387756,"['Photographedby\nAFletcher\n2024\n', 'SanteeCoastalReserve\nChartestonCoSC\nEFCoPresti\n\nUpeRruScrubOak\n', '2024\nDCR1516\n']","['D\n2024\n', 'CR\nCC0C\nC\n\nR0\n', '2024\nDCR1516\n']","['P\n2024\n', 'C\nCC0C\nCP\n\nP0\n', '2024\nC1516\n']",modelv1.0__2026-05-17 06:45:08
D:/moth_photos/database\batch_05\img_moth_00009075.jpg,"[4000, 6000]",37.64,"['Photographedby\nAFletcher\n2024\n', 'SanteeCoastalReserve\nCharleston CoSC\nFLoPresti\n\nVinapfliyMarhy\n', '2024\nDCR1436\n']","['2024\n', 'CR\nC0 C0C\n', '2024\nDCR1436\n']","['P\n2024\n', 'C\nC0 C0C\nP\n', '2024\nC1436\n']",modelv1.0__2026-05-17 06:45:08
D:/moth_photos/database\batch_05\img_moth_00009076.jpg,"[4000, 6000]",37.3469387755102,"['Photographedby\nAFletcher\n2024\n', '2024\nDCR1517\n', 'eameeCoastalReserve\nChartestonCoSC\nq EFLoPresti\ne\n\nPRZYScrubOak\n']","['0\n2024\n', '2024\nDCR1517\n', 'C4R\nCC0C\n\nRC\n']","['P0\n2024\n', '2024\nC1517\n', 'C4\nCC0C\nP\n\nPC\n']",modelv1.0__2026-05-17 06:45:08
D:/moth_photos/database\batch_05\img_moth_00009077.jpg,"[4000, 6000]",37.816326530612244,"['Photographedby\nAFletcher\n2024\n', 'tst\n\n2024\nDCR1437\n', 'SanteeCoastalReserve\nChariestonCoSC\n\nBinet\n']","['D\n2024\n', '2024\nDCR1437\n', 'CR\nCCC\n\nR\n']","['P\n2024\n', '2024\nC1437\n', 'C\nCCC\n']",modelv1.0__2026-05-17 06:45:08
D:/moth_photos/database\batch_05\img_moth_00009078.jpg,"[4000, 6000]",37.20408163265306,"['AFletcher\n2024\n', '2024\nDCR1502\n', 'ee\nSanteeCoastalReserve\nChartestonCoSC\n\nAPR 2yScrubOak\n\n']","['2024\n', '2024\nDCR1502\n', 'CR\nCCC\n\nR 2C\n\n']","['2024\n', '2024\nC1502\n', 'C\nCCC\n\nP 2C\n\n']",modelv1.0__2026-05-17 06:45:08
D:/moth_photos/database\batch_05\img_moth_00009079.jpg,"[4000, 6000]",37.83673469387756,"['Photographedby\nAFletcher\n2024\n', '2024\nDCR1438\n', 'SanteeCoastalReserve\nChartestonCoSC\nEFLoPresti\n\nJionprly Marsh\n']","['2024\n', '2024\nDCR1438\n', 'CR\nCCC\n\nR\n']","['P\n2024\n', '2024\nC1438\n', 'C\nCCC\nP\n']",modelv1.0__2026-05-17 06:45:08
D:/moth_photos/database\batch_05\img_moth_00009080.jpg,"[4000, 6000]",37.42857142857142,"['SanteeCoastalReserve\nCharlestonCoSC\nELF loPresti\nabp APR24 ScrubOak\n', 'Photographedby\nAFletcher\n2024\n', '2024\nDCR1509\n']","['CR\nCC0C\nR24 0\n', 'D\n2024\n', '2024\nDCR1509\n']","['CP\nCC0C\nP\nP24 0\n', 'P\n2024\n', '2024\nC1509\n']",modelv1.0__2026-05-17 06:45:08
D:/moth_photos/database\batch_05\img_moth_00009081.jpg,"[4000, 6000]",37.62,"['2024\nDCR1440\n', 'Photographedby\nAFletcher\n2024\n', 'SanteeCoastalReserve\nCharleston ro 0S\n\n03yani JAN incident\n']","['2024\nDCR1440\n', '2024\n', 'CR\nC 0\n\n03\n']","['2024\nC1440\n', 'P\n2024\n', 'CP\nC 0\n\n03\n']",modelv1.0__2026-05-17 06:45:08
D:/moth_photos/database\batch_05\img_moth_00009082.jpg,"[4000, 6000]",36.839999999999996,"['Photographedby\nAFletcher\n2024\n', 'SanteeCoastalReserve\nCharlestorCoSC\n\n4 EFLoPresti\n\n4 mPRLYScrubOak\n', '2024\nDCR1522\n']","['2024\n', 'CR\nCC0C\n\n4\n\n4 RC\n', '2024\nDCR1522\n']","['P\n2024\n', 'C\nCC0C\n\n4 P\n\n4 P2C\n', '2024\nC1522\n']",modelv1.0__2026-05-17 06:45:08
D:/moth_photos/database\batch_05\img_moth_00009083.jpg,"[4000, 6000]",37.3,"['Photographedby\nAFletcher\n2024\n', 'SanteeCoastalReserve\nChariestonCoSC\n\n23 EFLoPresti\nOWSTAN 24 Incidental\n', '2024\nDCR1439\n']","['D\n2024\n', 'CR\nCC0C\n\n23\n24\n', '2024\nDCR1439\n']","['P\n2024\n', 'C\nCC0C\n\n23 P\nW 24\n', '2024\nC1439\n']",modelv1.0__2026-05-17 06:45:08
D:/moth_photos/database\batch_05\img_moth_00009084.jpg,"[4000, 6000]",37.16326530612245,"['Photographedby\nAFletcher\n2024\n', 'SanteeCoastalReserve\nChariestonCoSC\nEFCoPresti\n\n1Gepers ScrubOak\n', '2024\nDCR1519\n']","['D\n2024\n', 'CR\nCCC\nC0\n\n14\n', '2024\nDCR1519\n']","['P\n2024\n', 'C\nCCC\nC0P\n\n14\n', '2024\nC1519\n']",modelv1.0__2026-05-17 06:45:08
D:/moth_photos/database\batch_05\img_moth_00009085.jpg,"[4000, 6000]",37.160000000000004,"['2024\nOCR1442\n', '', 'AFletcher\n2024\n']","['2024\nDCR1442\n', '', '2024\n']","['2024\nC1442\n', '', '2024\n']",modelv1.0__2026-05-17 06:45:08
D:/moth_photos/database\batch_05\img_moth_00009086.jpg,"[4000, 6000]",37.1,"['Photographedby\nAFletcher\n2024\n', 'SanteeCoastalReserve\nCharlestgn CoSC\nEFLoPresti\n\ny a3 ia Scrub Oak\n', '2024\nDCR1512\n']","['2024\n', 'CR\nC CC\n\n3 C\n', '2024\nDCR1512\n']","['P\n2024\n', 'C\nC CC\nP\n\n3 C\n', '2024\nC1512\n']",modelv1.0__2026-05-17 06:45:08
D:/moth_photos/database\batch_05\img_moth_00009087.jpg,"[4000, 6000]",37.816326530612244,"['Photographedby\nAFletcher\n2024\n', '2024\nDCR1443\n', 'SanteeCoastalReserve\nChartestonCoSC\n\nEFiPresti\n50wht Incidental\n']","['D\n2024\n', '2024\nDCR1443\n', 'CR\nCCC\n\nR\n50\n']","['P\n2024\n', '2024\nC1443\n', 'CP\nCCC\n\nP\n50\n']",modelv1.0__2026-05-17 06:45:08
D:/moth_photos/database\batch_05\img_moth_00009088.jpg,"[4000, 6000]",37.38775510204081,"['Photographedby\nAFletcher\n2024\n', 'oanteeCoastalReserve\nCharlestonCoSC\ny EFCoPresti\n\nAPILZYScrubOak\n', '2024\nDCR1521\n']","['2024\n', 'CR\nCCC\nC\n\nR2C\n', '2024\nDCR1521\n']","['P\n2024\n', 'C\nCCC\nCP\n\nPP2C\n', '2024\nC1521\n']",modelv1.0__2026-05-17 06:45:08
D:/moth_photos/database\batch_05\img_moth_00009089.jpg,"[4000, 6000]",37.900000000000006,"['Photographedby\nAFletcher\n2024\n', '2024\nDCR1441\n', 'br\nSanteeCoastalReserve\nCharlstonCoSC\nEFLoPresti\nAaare Incidental\n']","['2024\n', '2024\nDCR1441\n', 'CR\nCCC\n']","['P\n2024\n', '2024\nC1441\n', 'C\nCCC\nP\n']",modelv1.0__2026-05-17 06:45:08
D:/moth_photos/database\batch_05\img_moth_00009090.jpg,"[4000, 6000]",36.7,"['2024\nDCR1503\n', 'Photographedby\nAFletcher\n2024\n', 'SanteeCoastalReserve\nCharlestorCoSC\n\nEFLoPresti\nYeerz uScrubOak\n']","['2024\nDCR1503\n', '2024\n', 'CR\nCCC\n\n2 C\n']","['2024\nC1503\n', 'P\n2024\n', 'C\nCCC\n\nP\n2 C\n']",modelv1.0__2026-05-17 06:45:08
D:/moth_photos/database\batch_05\img_moth_00009091.jpg,"[4000, 6000]",37.18000000000001,"['Photographedby\nAFletcher\n2024\n', 'SarteeCoastalReserve\nChartestonCoSC\n\nlevaaeycater Road\n', '2024\nDCR1448\n']","['2024\n', 'CR\nCCC\n\nR\n', '2024\nDCR1448\n']","['P\n2024\n', 'C\nCCC\n', '2024\nC1448\n']",modelv1.0__2026-05-17 06:45:08
D:/moth_photos/database\batch_05\img_moth_00009092.jpg,"[4000, 6000]",36.94,"['2024\nDCR1513\n', 'SanteeCoastalReserve\nCharlestonCoSC\nEFloPresti\n\nUa PALZ4ScrubOak\n', 'Photographedby\nAFletcher\n2024\n']","['2024\nDCR1513\n', 'CR\nCCC\n\n24C\n', '2024\n']","['2024\nPC1513\n', 'C\nCCC\nP\n\nP24C\n', 'P\n2024\n']",modelv1.0__2026-05-17 06:45:08
D:/moth_photos/database\batch_05\img_moth_00009093.jpg,"[4000, 6000]",37.42,"['2024\nDCR1446\n', 'Photographedby\nAFletcher\n2024\n', 'Santee Coastal Reserve\nCharlestonCoSC\n3 EFLoPresti\n\nI aftZpGator Road\n']","['2024\nDCR1446\n', '2024\n', 'C R\nCCC\n3\n\n2C R\n']","['2024\nC1446\n', 'P\n2024\n', 'C\nCCC\n3 P\n\n2C\n']",modelv1.0__2026-05-17 06:45:08
D:/moth_photos/database\batch_05\img_moth_00009094.jpg,"[4000, 6000]",36.72,"['Photographedby\nAFletcher\n2024\n', '2024\nDCR1508\n', 'SanteeCoastalReserve\nChariestopCoSC\n\nYapt24se Oak\n\n']","['D\n2024\n', '2024\nDCR1508\n', 'CR\nCCC\n\n24\n\n']","['P\n2024\n', '2024\nC1508\n', 'C\nCCC\n\n24\n\n']",modelv1.0__2026-05-17 06:45:08
D:/moth_photos/database\batch_05\img_moth_00009095.jpg,"[4000, 6000]",37.14,"['2024\nDCR1445\n', 'Photographedby\nAFletcher\n2024\n', 'SanteeCoastalReserve\nCharlestqnCoSC\nSlap EFLoPresti\nAv2UGatorRoad\n']","['2024\nDCR1445\n', 'D\n2024\n', 'CR\nCC0C\n3\n27R\n']","['2024\nC1445\n', 'P\n2024\n', 'C\nCC0C\n3 P\n27\n']",modelv1.0__2026-05-17 06:45:08
D:/moth_photos/database\batch_05\img_moth_00009096.jpg,"[4000, 6000]",36.7,"['Photographedby\nAFletcher\n2024\n', '2024\nDCR1532\n', 'SanteeCoastalReserve\nCharlestonCoSC\nY EFLoPresti\n\nACN 4 ScrubOak\n']","['2024\n', '2024\nDCR1532\n', 'CR\nCCC\n\nCR 4 C\n']","['P\n2024\n', '2024\nC1532\n', 'C\nCCC\nP\n\nC 4 C\n']",modelv1.0__2026-05-17 06:45:08
D:/moth_photos/database\batch_05\img_moth_00009097.jpg,"[4000, 6000]",37.5,"['Photographedby\nAFletcher\n2024\n', '2024\nDCR1447\n', 'SanteeCoastalReserve\nCharleston haa Sc\n\nSnahty Gator Road\n']","['0\n2024\n', '2024\nDCR1447\n', 'CR\nC C\n\n4 C R\n']","['P0\n2024\n', '2024\nC1447\n', 'C\nC C\n\n4 C\n']",modelv1.0__2026-05-17 06:45:08
D:/moth_photos/database\batch_05\img_moth_00009098.jpg,"[4000, 6000]",36.92,"['Photographedby\nAFletcher\n2024\n', 'SanteeCoastal Reserve\nCharlestonCoSC\n\nEFoPresti\nYarPRry ScrubOak\n', '2024\nDCR1528\n']","['D\n2024\n', 'C R\nCC0C\n\nR\n', '2024\nDCR1528\n']","['P\n2024\n', 'C\nCC0C\n\nP\nP\n', '2024\nC1528\n']",modelv1.0__2026-05-17 06:45:08
D:/moth_photos/database\batch_05\img_moth_00009099.jpg,"[4000, 6000]",37.93877551020408,"['2024\nDCR1444\n', 'hotographedby\nAFletcher\n2024\n', 'SanteeCoastalReserve\nChariestonCoSC\n\nIman EF 5yGatc\nmA2 GatorRoad\n']","['2024\nDCR1444\n', '2024\n', 'CR\nCC0C\n\nD 5C\n2 R\n']","['2024\nC1444\n', '2024\n', 'CP\nCC0C\n\n5C\n2\n']",modelv1.0__2026-05-17 06:45:08
D:/moth_photos/database\batch_05\img_moth_00009100.jpg,"[4000, 6000]",36.9,"['Photographedby\nAFletcher\n2024\n', 'Stlie\nSanteeCoastalReserve\nCharlestonCoSC\nEFLoPresti\n\n14 ap ZY ScrubOak\n', '2024\nDCR1527\n']","['D\n2024\n', 'CR\nCC0C\n\n14 7 0\n', '2024\nDCR1527\n']","['P\n2024\n', 'C\nCC0C\nP\n\n14 7 0\n', '2024\nC1527\n']",modelv1.0__2026-05-17 06:45:08
D:/moth_photos/database\batch_05\img_moth_00009101.jpg,"[4000, 6000]",37.48,"['Photographedby\nAFletcher\n2024\n', '2024\nDCR1461\n', 'SanteeCoastalReserve\nCharlestonCoSC\n\nTSaPeegtiazye\n']","['2024\n', '2024\nDCR1461\n', 'CR\nCC0C\n\n3\n']","['P\n2024\n', '2024\nC1461\n', 'C\nCC0C\n\n3P\n']",modelv1.0__2026-05-17 06:45:08
D:/moth_photos/database\batch_05\img_moth_00009102.jpg,"[4000, 6000]",37.3265306122449,"['Photographedby\nAFletcher\n2024\n', 'SanteeCoastalReserve\nCharlestonCoSC\nEFCoPresti\n\nY vfScrubOak\n', '2024\nDCR1531\n']","['D\n2024\n', 'CR\nCCC\nCR\n\n0\n', '2024\nDCR1531\n']","['P\n2024\n', 'C\nCCC\nCP\n\n0\n', '2024\nC1531\n']",modelv1.0__2026-05-17 06:45:08
D:/moth_photos/database\batch_05\img_moth_00009103.jpg,"[4000, 6000]",37.36,"['Photographedby\nAFletcher\n2024\n', '2024\nDCR1455\n', 'SanteeCoastalReserve\n\nCharlestonCoSC\n346 EFLOPresti\n\nAPALLY Mazyck\n']","['D\n2024\n', '2024\nDCR1455\n', 'CR\n\nCC0C\n346 C\n\nCR\n']","['P\n2024\n', '2024\nC1455\n', 'C\n\nCC0C\n346 CP\n\nP\n']",modelv1.0__2026-05-17 06:45:08
D:/moth_photos/database\batch_05\img_moth_00009104.jpg,"[4000, 6000]",36.88,"['Photographedby\nAFletcher\n2024\n', '2024\nDCR1530\n', 'SanteeCoastalReserve\nCharlestonCoSC\n\nEFkoPresti\nUAPRLawScruboak\n']","['D\n2024\n', '2024\nDCR1530\n', 'CR\nCC0C\n\nR\nRR22\n']","['P\n2024\n', '2024\nC1530\n', 'C\nCC0C\n\nP\nP2W2\n']",modelv1.0__2026-05-17 06:45:08
D:/moth_photos/database\batch_05\img_moth_00009105.jpg,"[4000, 6000]",37.32,"['Photographedby\nAFletcher\n2024\n', '2024\nDCR1462\n', 'Santee CoastalReserve\nCharlestonCoSC\n3 EFLoPrest\n\nApR4Mazyck\n']","['2024\n', '2024\nDCR1462\n', 'CR\nCCC\n3\n\nR4\n']","['P\n2024\n', '2024\nC1462\n', 'C\nCCC\n3 P\n\nP4\n']",modelv1.0__2026-05-17 06:45:08
D:/moth_photos/database\batch_05\img_moth_00009106.jpg,"[4000, 6000]",37.080000000000005,"['Photographedby\nAFletcher\n2024\n', 'SanteeCoastalReserve\nCharlestonCoSC\n\nU ard 7ySorub Oak\n', '2024\nDCR1529\n']","['D\n2024\n', 'CR\nCCC\n\n74\n', '2024\nDCR1529\n']","['P\n2024\n', 'C\nCCC\n\n74\n', '2024\nC1529\n']",modelv1.0__2026-05-17 06:45:08
D:/moth_photos/database\batch_05\img_moth_00009107.jpg,"[4000, 6000]",37.44,"['Photographedby\nAFletcher\n2024\n', 'SanteeCoastalReserve\nCharlestonCoSC\n13 EFLoPresti\n\nAPE2Y Mazyck\n', '2024\nDCR1463\n']","['D\n2024\n', 'CR\nCCC\n13\n\nC2\n', '2024\nDCR1463\n']","['P\n2024\n', 'C\nCCC\n13 P\n\nPC2\n', '2024\nC1463\n']",modelv1.0__2026-05-17 06:45:08
D:/moth_photos/database\batch_05\img_moth_00009108.jpg,"[4000, 6000]",37.42857142857142,"['Photographedby\nAFletcher\n2024\n', 'SanteeCoastalReserve\nCharlestonCoSC\nEFLoPresti\nAyegtCollinsCreek\n', '2024\nDCR1535\n']","['2024\n', 'CR\nCCC\nCC\n', '2024\nDCR1535\n']","['P\n2024\n', 'C\nCCC\nPP\nCC\n', '2024\nC1535\n']",modelv1.0__2026-05-17 06:45:08
D:/moth_photos/database\batch_05\img_moth_00009109.jpg,"[4000, 6000]",37.34,"['Photographedby\nAFletcher\n2024\n', '2024\nDCR1451\n', 'Santee CoastalReserve\nCha nCoSC\n\n17EELoPrest\nDAO Qu Mazyck\n']","['2024\n', '2024\nDCR1451\n', 'CR\nC CC\n\n17C\n5\n']","['P\n2024\n', '2024\nC1451\n', 'C\nC CC\n\n17CP\n5P\n']",modelv1.0__2026-05-17 06:45:08
D:/moth_photos/database\batch_05\img_moth_00009110.jpg,"[4000, 6000]",37.3265306122449,"['AFlietcher\n2024\n', 'SerteeCoastalReserve\nChartestonCo8C\n\n4pw 24CollineCresk\n', '2024\nDCR1537\n']","['2024\n', 'CR\nCC08C\n\n4 24CC\n', '2024\nDCR1537\n']","['2024\n', 'C\nCC08C\n\n4 24CC\n', '2024\nC1537\n']",modelv1.0__2026-05-17 06:45:08
D:/moth_photos/database\batch_05\img_moth_00009111.jpg,"[4000, 6000]",37.6,"['Photographedby\nAFletcher\n2024\n', '2024\nDCR1459\n', 'sOsE\nSantee Coastal Reserve\n\nCharleston CoSC\nELF LoPresti\n\nee Mazyck\n']","['D\n2024\n', '2024\nDCR1459\n', 'C R\nC C0C\nC\n']","['P\n2024\n', '2024\nC1459\n', 'C\nC C0C\n\nP P\nC\n']",modelv1.0__2026-05-17 06:45:08
D:/moth_photos/database\batch_05\img_moth_00009112.jpg,"[4000, 6000]",36.78,"['Photographedby\nAFletcher\n2024\n', 'SanteeCoastalKeserve\nCharlestonCoSC\nEFLoPresti\nee CottinsCreek\n', '2024\nDCR1543\n']","['2024\n', 'C\nCCC\nCC\n', '2024\nDCR1543\n']","['P\n2024\n', 'C\nCCC\nP\nCC\n', '2024\nC1543\n']",modelv1.0__2026-05-17 06:45:08
D:/moth_photos/database\batch_05\img_moth_00009113.jpg,"[4000, 6000]",37.52,"['Photograpnedby\nAFletcher\n2024\n', 'Santee CoastaiReserve\nChariestqnCoSC\nEFLoPresti\n\niZapQ14Mazvex\n', '2024\nDCR1464\n']","['0D\n2024\n', 'CR\nCC0C\n\n14\n', '2024\nDCR1464\n']","['P0\n2024\n', 'C\nCC0C\nP\n\nP14\n', '2024\nC1464\n']",modelv1.0__2026-05-17 06:45:08
D:/moth_photos/database\batch_05\img_moth_00009114.jpg,"[4000, 6000]",36.800000000000004,"['Photographedby\nAFletcher\n2024\n', 'SamnteeCoastalReserve\nChartestonCoSC\nEFLoPresti\n', '2024\nDCR1542\n']","['2024\n', 'CR\nCCC\n', '2024\nDCR1542\n']","['P\n2024\n', 'C\nCCC\nP\n', '2024\nC1542\n']",modelv1.0__2026-05-17 06:45:08
D:/moth_photos/database\batch_05\img_moth_00009115.jpg,"[4000, 6000]",37.8,"['2024\nDCR1452\n', 'Photographedby\nAFletcher\n2024\n', 'SanteeCoastalReserve\nCharlestonCoSC\n\n2 apt ere\n']","['2024\nDCR1452\n', '2024\n', 'CR\nCC0C\n\n2\n']","['2024\nC1452\n', 'P\n2024\n', 'C\nCC0C\n\n2\n']",modelv1.0__2026-05-17 06:45:08
D:/moth_photos/database\batch_05\img_moth_00009116.jpg,"[4000, 6000]",36.98,"['AFietcher\n2024\n', '2024\n\nDCR1540\n\n', '']","['2024\n', '2024\n\nDCR1540\n\n', '']","['2024\n', '2024\n\nC1540\n\n', '']",modelv1.0__2026-05-17 06:45:08
D:/moth_photos/database\batch_05\img_moth_00009117.jpg,"[4000, 6000]",37.22,"['2024\nDCR1454\n', 'AFietcher\n2024\n', '']","['2024\nDCR1454\n', '2024\n', '']","['2024\nC1454\n', 'P\n2024\n', '']",modelv1.0__2026-05-17 06:45:08
D:/moth_photos/database\batch_05\img_moth_00009118.jpg,"[4000, 6000]",37.2,"['Photographedby\nAFletcher\n2024\n', '2024\nDCR1536\n', 'Santee CoastalReserve\nCharlestonCoSC\n\nE FLoPresti\n\nAa CollinsCreek\n']","['2024\n', '2024\nDCR1536\n', 'C CR\nCCC\nCC\n']","['P\n2024\n', '2024\nC1536\n', 'C C\n\nCCC\nP\nCC\n']",modelv1.0__2026-05-17 06:45:08
D:/moth_photos/database\batch_05\img_moth_00009119.jpg,"[4000, 6000]",37.54,"['Photographedby\nAFletcher\n2024\n', '2024\nDCR1453\n', 'SSSsrssSsemh\nSantee Coastal Reserve\n\nCharleston CoS\nEF LoPresti\n\nV3aPRieyMen\n']","['2024\n', '2024\nDCR1453\n', 'C R\n\nC C0\n\n3R\n']","['P\n2024\n', '2024\nC1453\n', 'C\n\nC C0\nP\n\n3P\n']",modelv1.0__2026-05-17 06:45:08
D:/moth_photos/database\batch_05\img_moth_00009120.jpg,"[4000, 6000]",36.94,"['AFletcher\n2024\n', 'SanteeCoestalReserve\n\nEF LoPresti\n1Aw 24CollineCreek\n', '2024\nDCR1539\n']","['2024\n', 'CR\n\n1 24CC\n', '2024\nDCR1539\n']","['2024\n', 'C\n\nP\n1 24CC\n', '2024\nC1539\n']",modelv1.0__2026-05-17 06:45:08
D:/moth_photos/database\batch_05\img_moth_00009121.jpg,"[4000, 6000]",37.857142857142854,"['2024\nDCR1456\n\n', 'AFletcher\n2024\n', 'SanteeCoastalReserve\nChariestonCoSC\nEFtoPrest\n\nV3pPRUuyMazyck\n']","['2024\nDCR1456\n\n', '2024\n', 'CR\nCCC\n\n3R\n']","['2024\nC1456\n\n', '2024\n', 'C\nCCC\nP\n\n3P\n']",modelv1.0__2026-05-17 06:45:08
D:/moth_photos/database\batch_05\img_moth_00009122.jpg,"[4000, 6000]",37.160000000000004,"['2024\nDCR1541\n', 'Photographedby\nAFletcher\n2024\n', 'SanteeCoastalReserve\nChartestonCoSC\n\na 2 CollinsCreek\n']","['2024\nDCR1541\n', '2024\n', 'CR\nCC0C\n\n2 CC\n']","['2024\nC1541\n', 'P\n2024\n', 'C\nCC0C\n\n2 CC\n']",modelv1.0__2026-05-17 06:45:08
D:/moth_photos/database\batch_05\img_moth_00009123.jpg,"[4000, 6000]",37.36,"['2024\nDCR1450\n', 'AFletcher\n2024\n', 'SamteeCoastaiReserve\nCharlestonCoSC\n\n3 BAPR2 EF 4Mazyek\n']","['2024\nDCR1450\n', '2024\n', 'CR\nCCC\n\n3 RR2 4\n']","['2024\nC1450\n', '2024\n', 'C\nCCC\n\n3 P2 4\n']",modelv1.0__2026-05-17 06:45:08
D:/moth_photos/database\batch_05\img_moth_00009124.jpg,"[4000, 6000]",37.1,"['Photographedby\nAFletcher\n2024\n', 'SanteeCoastalReserve\nCharlestonCoSC\nEFLoPresti\nApe34CollinsCreek\n', '2024\n\nDCR1538\n']","['2024\n', 'CR\nCC0C\n34CC\n', '2024\n\nDCR1538\n']","['P\n2024\n', 'C\nCC0C\nP\n34CC\n', '2024\n\nC1538\n']",modelv1.0__2026-05-17 06:45:08
D:/moth_photos/database\batch_05\img_moth_00009125.jpg,"[4000, 6000]",37.779999999999994,"['Photographedby\nAFletcher\n2024\n', 'Santee CoastalReserve\nCharlestonCoSC\n\n13 A Pa BaeR4iae ok\n', '2024\nDCR1449\n\n']","['2024\n', 'CR\nCCC\n\n13 3R4\n', '2024\nDCR1449\n\n']","['P\n2024\n', 'C\nCCC\n\n13 P 34\n', '2024\nC1449\n\n']",modelv1.0__2026-05-17 06:45:08
D:/moth_photos/database\batch_05\img_moth_00009126.jpg,"[4000, 6000]",37.14,"['2024\nDCR1533\n', 'Photographedby\nAFletcher\n2024\n', 'SanteeCoastalReserve\nCharlestonCoSC\nEFLoPresti\nsipCollinsCreek\n']","['2024\nDCR1533\n', '2024\n', 'CR\nCC0C\nCC\n']","['2024\nC1533\n', 'P\n2024\n', 'CP\nCC0C\nP\nCC\n']",modelv1.0__2026-05-17 06:45:08
D:/moth_photos/database\batch_05\img_moth_00009127.jpg,"[4000, 6000]",37.88,"['Photographedby\nAFletcher\n2024\n', 'SanteeCoastaiReserve\nCharlestonCoSC\nEF LoPresti\n\n13A40R14Mazyck\n', '2024\nDCR1460\n\n']","['2024\n', 'CR\nCCC\n\n1340R14\n', '2024\nDCR1460\n\n']","['P\n2024\n', 'C\nCCC\nP\n\n134014\n', '2024\nC1460\n\n']",modelv1.0__2026-05-17 06:45:08
D:/moth_photos/database\batch_05\img_moth_00009128.jpg,"[4000, 6000]",36.94,"['Photographedby\nAFletcher\n2024\n', '2024\n\nDCR1534\n', 'SamteeCoastalReserve\nChartestonCoSC\nEFLoPresti\nApy4CollinsCreek\n']","['D\n2024\n', '2024\n\nDCR1534\n', 'CR\nCCC\n4CC\n']","['P\n2024\n', '2024\n\nPC1534\n', 'C\nCCC\nP\n4CC\n']",modelv1.0__2026-05-17 06:45:08
D:/moth_photos/database\batch_05\img_moth_00009129.jpg,"[4000, 6000]",37.52,"['Photographedby\nAFletcher\n2024\n', 'SanteeCoastalReserve\nCharlestonCoSC\n13 E fl LoPresti\na\n\neR Ps ef Mazyck\n', '2024\nDCR1457\n']","['D\n2024\n', 'CR\nCCC\n13\n\nR\n', '2024\nDCR1457\n']","['P\n2024\n', 'C\nCCC\n13 P\n\nP\n', '2024\nPC1457\n']",modelv1.0__2026-05-17 06:45:08
D:/moth_photos/database\batch_05\img_moth_00009130.jpg,"[4000, 6000]",37.13725490196079,"['AFietcher\n2024\n', '2024\nDCR1553\n', 'SameeCoastalReserve\nCnariestonCoSC\nEFLoPtest\n\nSapurtCypess\nSSSEESCS\n']","['2024\n', '2024\nDCR1553\n', 'CR\nCCC\nC\nC\n']","['2024\n', '2024\nC1553\n', 'C\nCCC\nP\n\nC\nC\n']",modelv1.0__2026-05-17 06:45:08
D:/moth_photos/database\batch_05\img_moth_00009131.jpg,"[4000, 6000]",37.64,"['Photographedby\nAFletcher\n2024\n', '2024\nDCR1458\n', 'SanteeCoastalReserve\nCharlestonCoSC\nEFLoPresti\nSmPRLYMazyck\n']","['D\n2024\n', '2024\nDCR1458\n', 'CR\nCC0C\nCR\nDRRD\n']","['P\n2024\n', '2024\nC1458\n', 'C\nCC0C\nCP\nP\n']",modelv1.0__2026-05-17 06:45:08
D:/moth_photos/database\batch_05\img_moth_00009132.jpg,"[4000, 6000]",36.88235294117647,"['Photographedby\nAFletcher\n2024\n', 'SanteeCoastalReserve\nChartestonCo sc\n\nEFLpPresti\nSMAQ24Cyrress\n', '2024\nDCR1550\n']","['D\n2024\n', 'CR\nCC\n\n5R24C\n', '2024\nDCR1550\n']","['P\n2024\n', 'C\nCC\n\nP\n524C\n', '2024\nC1550\n']",modelv1.0__2026-05-17 06:45:08
D:/moth_photos/database\batch_05\img_moth_00009133.jpg,"[4000, 6000]",31.897959183673475,"['', '2024\nDCR1465\n', 'Protographedby\nAFletcher\n\n2024\n']","['', '2024\nDCR1465\n', 'D\n\n2024\n']","['', '2024\nC1465\n', 'P\n\n2024\n']",modelv1.0__2026-05-17 06:45:08
D:/moth_photos/database\batch_05\img_moth_00009134.jpg,"[4000, 6000]",36.92156862745098,"['Photographedby\nAFletcher\n2024\n', 'SanteeCoastal Reserve\nCharlestonCoSC\n\nELoPresti\n3 VPR2Cypress\n', '2024\n\nDCR1557\n']","['D\n2024\n', 'C R\nCCC\n\n3 R2C\n', '2024\n\nDCR1557\n']","['P\n2024\n', 'C\nCCC\n\nP\n3 P2C\n', '2024\n\nC1557\n']",modelv1.0__2026-05-17 06:45:08
D:/moth_photos/database\batch_05\img_moth_00009135.jpg,"[4000, 6000]",31.816326530612244,"['', '2024\nDCR1465\n', 'Dnotograpnedby\nAFletcher\n2024\n']","['', '2024\nDCR1465\n', 'DD\n2024\n']","['', '2024\nC1465\n', '2024\n']",modelv1.0__2026-05-17 06:45:08
D:/moth_photos/database\batch_05\img_moth_00009136.jpg,"[4000, 6000]",36.86274509803921,"['Photographedby\nAFletcher\n2024\n', '2024\nDCR1546\n', 'SanteeCoastalReserve\nChariestonCoSC\nEFLoPresti\n\nSmat24Cypress\n']","['2024\n', '2024\nDCR1546\n', 'CR\nCC0C\n\nD24C\n']","['P\n2024\n', '2024\nC1546\n', 'C\nCC0C\nP\n\n24C\n']",modelv1.0__2026-05-17 06:45:08
D:/moth_photos/database\batch_05\img_moth_00009137.jpg,"[4000, 6000]",37.42,"['SanteeCoastalReserve\nCharlestogCoSC\nEFLOPresti\n\nlsOR1uyMarsh\n', '2024\nDCR1466\n', 'Photographedby\nAFletcher\n2024\n']","['CR\nCCC\n\nR1\n', '2024\nDCR1466\n', '2024\n']","['C\nCCC\nP\n\nP1\n', '2024\nC1466\n', 'P\n2024\n']",modelv1.0__2026-05-17 06:45:08
D:/moth_photos/database\batch_05\img_moth_00009138.jpg,"[4000, 6000]",37.05882352941176,"['Photographedby\nAFletcher\n2024\n', '2024\nDCR1554\n', 'SanteeCoastaiReserve\nCharlestonCoSC\nEFLoPrest\n\nBimpk14Cypress\n']","['2024\n', '2024\nDCR1554\n', 'CR\nCC0C\nC\n\n14C\n']","['P\n2024\n', '2024\nC1554\n', 'CP\nCC0C\nCP\n\n14C\n']",modelv1.0__2026-05-17 06:45:08
D:/moth_photos/database\batch_05\img_moth_00009139.jpg,"[4000, 6000]",36.98,"['SanteeCoastalReserve\nLhariestenGoSC\n\nEFLoPresti\n24pm A12Incidentat\n', 'Photographedby\nAFletcher\n2024\n', '2024\nDCR1467\n']","['CR\nC0C\n\n0\n24 12\n', 'D\n2024\n', '2024\nDCR1467\n']","['C\nC0C\n\n0P\n24 12\n', 'P\n2024\n', '2024\nC1467\n']",modelv1.0__2026-05-17 06:45:08
D:/moth_photos/database\batch_05\img_moth_00009140.jpg,"[4000, 6000]",37.38,"['Photographedby\nAFletcher\n2024\n', 'Santee Coastal Reserve\nCharlestonCoSC\n2 EFLoPresti\n\nMaALZ4Cypress\n', '2024\nDCR1560\n\ni\n']","['D\n2024\n', 'C R\nCC0C\n2\n\n24C\n', '2024\nDCR1560\n\nCC\n']","['P\n2024\n', 'C\nCC0C\n2 P\n\n24C\n', '2024\nC1560\n\nCC\n']",modelv1.0__2026-05-17 06:45:08
D:/moth_photos/database\batch_05\img_moth_00009141.jpg,"[4000, 6000]",37.02,"['Photographedby\nAFletcher\n2024\n', '2024\nDCR1469\n', 'fees\nSanteeCoastalReserve\nCharlestonCoSC\n1am EFLoPresti\nOAESoIncidental\n']","['2024\n', '2024\nDCR1469\n', 'C\nCR\nCC0C\n1\nR\n']","['P\n2024\n', '2024\nPC1469\n', 'PC\nC\nCC0C\n1 P\n']",modelv1.0__2026-05-17 06:45:08
D:/moth_photos/database\batch_05\img_moth_00009142.jpg,"[4000, 6000]",37.01960784313725,"['Photographedby\nAFletcher\n2024\n', '2024\nDCR1556\n', 'SanteeCoastalReserve\nChariestonCoSC\n\nKS SemATpCnee\n']","['D\n2024\n', '2024\nDCR1556\n', 'CR\nCC0C\n\nRC\n']","['P\n2024\n', '2024\nC1556\n', 'C\nCC0C\n\nC\n']",modelv1.0__2026-05-17 06:45:08
D:/moth_photos/database\batch_05\img_moth_00009143.jpg,"[4000, 6000]",37.059999999999995,"['Photographedby\nAFletcher\n2024\n', 'SanteeCoastalReserve\n\nCharlestonCoSC\nE FI LoPrest\nfa fy i In a\n', '2024\n\nDCR1468\n']","['2024\n', 'CR\n\nCC0C\n5\n', '2024\n\nDCR1468\n']","['P\n2024\n', 'C\n\nCC0C\nP\nP 5\n', '2024\n\nPC1468\n']",modelv1.0__2026-05-17 06:45:08
D:/moth_photos/database\batch_05\img_moth_00009144.jpg,"[4000, 6000]",36.76470588235294,"['Photographedby\nAFletcher\n2024\n', '2024\nDCR1555\n', 'SamteeCoastaiReserve\nChariestonCoSC\nFLoPresti\n\nSlmahrycrress\n']","['D\n2024\n', '2024\nDCR1555\n', 'CR\nCCC\n\nC\n']","['P\nP\n2024\n', '2024\nC1555\n', 'C\nCCC\nP\n\nC\n']",modelv1.0__2026-05-17 06:45:08
D:/moth_photos/database\batch_05\img_moth_00009145.jpg,"[4000, 6000]",37.14,"['2024\nDCR1470\n', 'vanteeCoastalReservs\nChariestonCoSC\nEFLoPresti\n\n1oP2Incidental\n', 'Photographedby\nAFletcher\n2024\n\ntO\n']","['2024\nDCR1470\n', 'CR\nCCC\n\n12\n', '2024\n']","['2024\nPC1470\n', 'C\nCCC\nP\n\n1P2\n', 'P\n2024\n']",modelv1.0__2026-05-17 06:45:08
D:/moth_photos/database\batch_05\img_moth_00009146.jpg,"[4000, 6000]",36.90196078431373,"['Photographedby\nAFletcher\n2024\n', '2024\nDCR1559\n', 'SanteeCoastalReserve\n5 CharlestonCoSC\n\nin re obi Cypress\n\n']","['2024\n', '2024\nDCR1559\n', 'CR\n5 CC0C\n\n7 C\n\n']","['P\n2024\n', '2024\nC1559\n', 'C\n5 CC0C\n\n7 C\n\n']",modelv1.0__2026-05-17 06:45:08
D:/moth_photos/database\batch_05\img_moth_00009147.jpg,"[4000, 6000]",36.94117647058823,"['Photographedby\nAFletcher\n2024\n', 'SanteeCoastalReserve\nCharlestonCoSC\nEFLoPresti\n33PAeMazuck\n', '2024\nDCR1472\n']","['2024\n', 'CR\nCCC\n33\n', '2024\nDCR1472\n']","['P\n2024\n', 'CP\nCCC\nPP\n33P\n', '2024\nPC1472\n']",modelv1.0__2026-05-17 06:45:08
D:/moth_photos/database\batch_05\img_moth_00009148.jpg,"[4000, 6000]",36.98039215686274,"['Photographedby\nAFletcher\n2024\n', 'SanteeCoastalReserve\nChariesion CoSC\n\nBla Ag eee Cypress\n', '2024\nDCR1558\n']","['2024\n', 'CR\nC CC\n\n8 C\n', '2024\nDCR1558\n']","['P\n2024\n', 'C\nC CC\n\n8 C\n', '2024\nC1558\n']",modelv1.0__2026-05-17 06:45:08
D:/moth_photos/database\batch_05\img_moth_00009149.jpg,"[4000, 6000]",36.88235294117647,"['Photographedby\nAFletcher\n2024\n', 'stis\n\n2024\nDCR1473\n', 'SanteeCoastalReserve\nCharlestonCoSC\nEFLoPresti\n\ni4tMazyck\n\n']","['2024\n', '2024\nDCR1473\n', 'CR\nCC0C\n42\n\n']","['P\n2024\n', '2024\nC1473\n', 'C\nCC0C\nPP\n\n42\n\n']",modelv1.0__2026-05-17 06:45:08
D:/moth_photos/database\batch_05\img_moth_00009150.jpg,"[4000, 6000]",36.86274509803921,"['Photographedby\nAFletcher\n2024\n', '2024\n\nDCR1551\n', 'beeeeCts\nvanteeoastalResere\n\ncNariestonCoSC\nFEPoPrest\nBm Cypress\n']","['2024\n', '2024\n\nDCR1551\n', 'C\n4R\n\nCC\nCD\n']","['P\n2024\n', '2024\n\nC1551\n', 'C\n4P\n\nCC\nPP\nC\n']",modelv1.0__2026-05-17 06:45:08
D:/moth_photos/database\batch_05\img_moth_00009151.jpg,"[4000, 6000]",37.36,"['2024\nDCR1474\n', 'Photographedby\nAFletcher\n2024\n', '']","['2024\nDCR1474\n', '2024\n', '']","['2024\nC1474\n', 'P\n2024\n', '']",modelv1.0__2026-05-17 06:45:08
D:/moth_photos/database\batch_05\img_moth_00009152.jpg,"[4000, 6000]",37.3,"['Photographedby\nAFletcher\n2024\n', '2024\nDCR1552\n', 'SanteeCoastalReserve\nChartestpnCoSC\n3 EFLoPresti\n\nrh224Cypress\n']","['2024\n', '2024\nDCR1552\n', 'CR\nCCC\n3 R\n\n224C\n']","['P\n2024\n', '2024\nC1552\n', 'C\nCCC\n3 P\n\n224C\n']",modelv1.0__2026-05-17 06:45:08
D:/moth_photos/database\batch_05\img_moth_00009153.jpg,"[4000, 6000]",36.745098039215684,"['SanteeCoastalReserve\nCharlestonCoSC\n\nG FA Fe PoPresti\nse cMazyck\n', 'Photographedby\nAFletcher\n2024\n', '2024\nDCR1477\n']","['CR\nCCC\n0R\n', '2024\n', '2024\nDCR1477\n']","['C\nCCC\nP P0P\n', 'P\n2024\n', '2024\nC1477\n']",modelv1.0__2026-05-17 06:45:08
D:/moth_photos/database\batch_05\img_moth_00009154.jpg,"[4000, 6000]",36.86274509803921,"['Photographedby\nAFletcher\n2024\n', 'SanteeCoastalReserve\nCharlest6nCoSC\n1\n\nrie\n\nMAwLCypress\n', '2024\nDCR1549\n']","['D\n2024\n', 'CR\nC6CC\n1\n\nDC\n', '2024\nDCR1549\n']","['P\n2024\n', 'C\nC6CC\n1\n\nWC\n', '2024\nC1549\n']",modelv1.0__2026-05-17 06:45:08
D:/moth_photos/database\batch_05\img_moth_00009155.jpg,"[4000, 6000]",36.98039215686274,"['Photographedby\nAFletcher\n2024\n', '2024\nDCR1475\n', 'SanteeCoastalReserve\nCharlestonCoSC\nE F oPresti\n\niVg371Mazyck\n']","['2024\n', '2024\nDCR1475\n', 'CR\nCCC\n0\n\n371\n']","['P\n2024\n', '2024\nC1475\n', 'C\nCCC\n0P\n\n371\n']",modelv1.0__2026-05-17 06:45:08
D:/moth_photos/database\batch_05\img_moth_00009156.jpg,"[4000, 6000]",36.90196078431373,"['Photographedby\nAFletcher\n2024\n', '2024\nDCR1545\n', 'ee\nSanteeCoastalReserve\nCharlestonCoSC\n7EFLoPrest\nce Cypress\n']","['2024\n', '2024\nDCR1545\n', 'CR\nCCC\n7C\nC\n']","['P\n2024\n', '2024\nC1545\n', 'CP\nCCC\n7CP\nC\n']",modelv1.0__2026-05-17 06:45:08
D:/moth_photos/database\batch_05\img_moth_00009157.jpg,"[4000, 6000]",37.24,"['Photographedby\nAFletcher\n2024\n', 'SanteeCoastalReserve\nCharlestonCoSC\n7EFLoPresti\nIre 24Mazyck\n\nee\n', '2024\nDCR1476\n']","['2024\n', 'CR\nCC5C\n7\n24\n', '2024\nDCR1476\n']","['P\n2024\n', 'C\nCC5C\n7PP\n24\n', '2024\nPC1476\n']",modelv1.0__2026-05-17 06:45:08
D:/moth_photos/database\batch_05\img_moth_00009158.jpg,"[4000, 6000]",36.92156862745098,"['Photographedby\nAFletcher\n2024\n', '2024\nDCR1547\n', 'SanteeCoastalReserve\nCharlestonCoSC\nEFLoPrest\n\nJS fmpe 744Cypress\n\n']","['2024\n', '2024\nDCR1547\n', 'CR\nCCC\n\n5 744C\n\n']","['P\n2024\n', '2024\nC1547\n', 'C\nCCC\nP\n\n5 744C\n\n']",modelv1.0__2026-05-17 06:45:08
D:/moth_photos/database\batch_05\img_moth_00009159.jpg,"[4000, 6000]",36.745098039215684,"['SanteeCoastalReserve\nCharlestonCoSC\nEFLoRresti\ngsJMazyck\n\nt\n', 'Photographedby\nAFletcher\n2024\n', '2024\nDCR1478\n']","['CR\nCCC\n0R\n9\n', '2024\n', '2024\nDCR1478\n']","['C\nCCC\nP0\n9\n', 'P\n2024\n', '2024\nPC1478\n']",modelv1.0__2026-05-17 06:45:08
D:/moth_photos/database\batch_05\img_moth_00009160.jpg,"[4000, 6000]",36.76470588235294,"['Photographedby\nAFletcher\n\n2024\n', 'SarteeCoastalReserve\nChariestonCoSC\nEFLoPresti\n\nOlmpP7yCypress\n', '2024\n\nDCR1544\n']","['D\n\n2024\n', 'CR\nCCC\n\n7C\n', '2024\n\nDCR1544\n']","['P\n\n2024\n', 'C\nCCC\nP\n\nP7C\n', '2024\n\nC1544\n']",modelv1.0__2026-05-17 06:45:08
D:/moth_photos/database\batch_05\img_moth_00009161.jpg,"[4000, 6000]",37.120000000000005,"['Photographedby\nAFletcher\n2024\n', 'SanteeCoastalReserve\nCharleston CoSC\n7EFLoPresti\nve vMazyck\n', '2024\nDCR1480\n']","['2024\n', 'CR\nC CC\n7\n', '2024\nDCR1480\n']","['P\n2024\n', 'C\nC CC\n7PP\n', '2024\nC1480\n']",modelv1.0__2026-05-17 06:45:08
D:/moth_photos/database\batch_05\img_moth_00009162.jpg,"[4000, 6000]",36.745098039215684,"['Photographedby\nAFletcher\n2024\n', '2024\nDCR1548\n', 'SarteeCoastalReserve\nCharlestonCpSC\nEFLoPresti\n\nStraPRL4Cypress\n']","['0D\n2024\n', '2024\nDCR1548\n', 'CR\nCCC\n\nR4C\n']","['P0\n2024\n', '2024\nC1548\n', 'C\nCCC\nP\n\nP4C\n']",modelv1.0__2026-05-17 06:45:08
D:/moth_photos/database\batch_05\img_moth_00009163.jpg,"[4000, 6000]",37.44,"['Photographedby\nAFletcher\n2024\n', '2024\nDCR1479\n', 'SanteeCoastal reserve\nCharlestonCo sc\n\n7 EFLoPresti\n\nAye Mazyck\n\nyw\n']","['2024\n', '2024\nDCR1479\n', 'C R\nCC0 C\n7\n']","['P\n2024\n', '2024\nC1479\n', 'C\nCC0 C\n7 P\n']",modelv1.0__2026-05-17 06:45:08
D:/moth_photos/database\batch_05\img_moth_00009164.jpg,"[4000, 6000]",37.01960784313725,"['', 'Photographedby\nAFletcher\n2024\n', '2024\nDCR1481\n']","['', '2024\n', '2024\nDCR1481\n']","['', 'P\n2024\n', '2024\nC1481\n']",modelv1.0__2026-05-17 06:45:08
D:/moth_photos/database\batch_05\img_moth_00009165.jpg,"[4000, 6000]",37.86,"['2024\nDCR1561\n', 'St\nStessiren\n2024\n\nDV\n', 'ESTs\ncs SanteeCoastalReserve\nCharlestenCoSC\nEFLoPresti\n\nee SWrat 7Mazyck\n\nend\nciheMial\n']","['2024\nDCR1561\n', '2024\n\nD\n', '5 CR\nCC0C\n\nD 7\n']","['2024\nPC1561\n', '2024\n', '5 C\nCC0C\nP\n\nW 7\n']",modelv1.0__2026-05-17 06:45:08
D:/moth_photos/database\batch_05\img_moth_00009166.jpg,"[4000, 6000]",37.372549019607845,"['2024\nDCR1562\n', '', '2SanteeCoastalReserve\nChariestonCoSC\nEFLoPresti\nO30nke24Mazyck\n']","['2024\nDCR1562\n', '', '2CR\nCCC\n30224\n']","['2024\nC1562\n', '', '2C\nCCC\nP\n30224\n']",modelv1.0__2026-05-17 06:45:08
D:/moth_photos/database\batch_05\img_moth_00009167.jpg,"[4000, 6000]",37.21568627450981,"['2024\nDCR1563\n', 'pyjeo\n\nSanteeCoastalReserve\nCharlestonCoSC\n\nEFLoPresti\nBRnd3YMazycx\n', 'ranowat\nessen\n202\n\nOv\n']","['2024\nDCR1563\n', '0\n\nCR\nCCC\n\nDR3\n', '202\n']","['2024\nC1563\n', 'PP0\n\nC\nCCC\n\nP\n3\n', '202\n']",modelv1.0__2026-05-17 06:45:08
D:/moth_photos/database\batch_05\img_moth_00009168.jpg,"[4000, 6000]",37.1764705882353,"['2024\nDCR1564\n', '', 'ee\nSanteeCbastalReserve\nCharlestonCoSC\nEFLoPresti\novkMazyck\n\ni\n\n']","['2024\nDCR1564\n', '', 'CR\nCC0C\n\n']","['2024\nC1564\n', '', 'C\nCC0C\nP\n\n']",modelv1.0__2026-05-17 06:45:08
D:/moth_photos/database\batch_05\img_moth_00009169.jpg,"[4000, 6000]",37.470588235294116,"['2024\nDCR1565\n', '4 SanteeCoastalReserve\n\nCharlestonCoSC\n\nxz S3 Don EFCoPresti\nMa22YMazyck\n', '']","['2024\nDCR1565\n', '4 CR\n\nCCC\n\n3 D C\n224\n', '']","['2024\nC1565\n', '4 C\n\nCCC\n\n3 CP\n224\n', '']",modelv1.0__2026-05-17 06:45:08
D:/moth_photos/database\batch_05\img_moth_00009170.jpg,"[4000, 6000]",37.24999999999999,"['2024\nDCR1566\n', '', 'SanteeCoastalReserve\nCharlestonCoSC\nEFQoPresti\noUIetSerubOak\n']","['2024\nDCR1566\n', '', 'CR\nCCC\nR\n0\n']","['2024\nC1566\n', '', 'CP\nCCC\nP\n0\n']",modelv1.0__2026-05-17 06:45:08
D:/moth_photos/database\batch_05\img_moth_00009171.jpg,"[4000, 6000]",37.27450980392157,"['2024\nDCR1567\n', '', 'SanteeCoastalReserve\nCharlestgnCoSC\n\n7 EFLoPresti\n\ni7wOLZYScrubOak\n']","['2024\nDCR1567\n', '', 'CR\nCC0C\n\n7\n\n72C\n']","['2024\nC1567\n', '', 'C\nCC0C\n\n7 P\n\n72C\n']",modelv1.0__2026-05-17 06:45:08
D:/moth_photos/database\batch_05\img_moth_00009172.jpg,"[4000, 6000]",37.490196078431374,"['SanteeCoastalReserve\nCharlestanCoSC\n\n2EFLoPresti\n\n528ScrubOak\n', '', '2024\nDCR1568\n']","['CR\nCCC\n\n2\n\n528C\n', '', '2024\nDCR1568\n']","['C\nCCC\n\n2P\n\n528C\n', '', '2024\nPC1568\n']",modelv1.0__2026-05-17 06:45:08
D:/moth_photos/database\batch_05\img_moth_00009173.jpg,"[4000, 6000]",37.52941176470588,"['SanteeCoastalReserve\nCharlestonCoSC\nEFLpPresti\nj LAPR24ScrubOak\n', '2024\nDCR1569\n', 'P\n\ngoranned\nne Stessiran\n\npv\n\nM 5024\n']","['CR\nCC0C\nR\n2R24C\n', '2024\nDCR1569\n', 'D\n\n5024\n']","['C\nCC0C\nP\n2P24C\n', '2024\nC1569\n', 'P\n\nW 5024\n']",modelv1.0__2026-05-17 06:45:08
D:/moth_photos/database\batch_05\img_moth_00009174.jpg,"[4000, 6000]",37.333333333333336,"['SanteeCoastalReserve\nCharlestonCoSC\n\nE F LoPresti\n\nj8OScrubOak\n', '', '2024\nDCR1570\n\na\n']","['CR\nCC0C\n8C\n', '', '2024\nDCR1570\n']","['C\nCC0C\n\nP\n\n8C\n', '', '2024\nC1570\n']",modelv1.0__2026-05-17 06:45:08
D:/moth_photos/database\batch_05\img_moth_00009175.jpg,"[4000, 6000]",37.411764705882355,"['SanteeCoastalReserve\nChariestonCoSC\nEFLoPresti\nisfSerubOak\n', 'P\n\nert\n3\n\nSt\n\nSat\n\nas\n', '2024\nDCR1571\n']","['CR\nCCC\nC\n', '3\n\n3\n', '2024\nDCR1571\n']","['C\nCCC\nPP\nC\n', 'P\n\n3\n\n3\n', '2024\nC1571\n']",modelv1.0__2026-05-17 06:45:08
D:/moth_photos/database\batch_05\img_moth_00009176.jpg,"[4000, 6000]",37.450980392156865,"['', 'SanteeCoastalReserve\nCharlestonCoSC\nEFLoPresti\niSerubOak\n\n', 'a\n2024\n\nDCR1572\nCN\n']","['', 'CR\nCC0C\nC\n\n', '2024\n\nDCR1572\nC\n']","['', 'CP\nCC0C\nP\nC\n\n', '2024\n\nC1572\nC\n']",modelv1.0__2026-05-17 06:45:08
D:/moth_photos/database\batch_05\img_moth_00009177.jpg,"[4000, 6000]",37.549019607843135,"['2024\nDCR1573\n', '', 'SanteeCoastalReserve\nCharlestonCoSC\nEFLoPresti\n\nScrubOak\n']","['2024\nDCR1573\n', '', 'CR\nCC0C\n0\n']","['2024\nC1573\n', '', 'C\nCC0C\nP\n\n0\n']",modelv1.0__2026-05-17 06:45:08
D:/moth_photos/database\batch_05\img_moth_00009178.jpg,"[4000, 6000]",37.254901960784316,"['2024\nDCR1574\n', '', 'ee\nSanteeCoastalReserve\nCharlestonCoSC\nEFLoPresti\nSerubOak\n']","['2024\nDCR1574\n', '', 'CR\nCCC\nC\n']","['2024\nC1574\n', '', 'C\nCCC\nP\n\nC\n']",modelv1.0__2026-05-17 06:45:08
D:/moth_photos/database\batch_05\img_moth_00009179.jpg,"[4000, 6000]",37.470588235294116,"['SanteeCoastalReserve\nCharlestonCoSC\niFLoPresti\n12itsySerubOak\n\nPt\n', '', '2024\nDCR1575\n']","['CR\nCCC\n12240\n', '', '2024\nDCR1575\n']","['C\nCCC\nPP\n12240\n\nP\n', '', '2024\nC1575\n']",modelv1.0__2026-05-17 06:45:08
D:/moth_photos/database\batch_05\img_moth_00009180.jpg,"[4000, 6000]",37.490196078431374,"['2024\nDCR1576\n', '', 'SanteeCoastalReserve\nCharlestonCoSC\nEFLoPresti\n\nScrubOak\n']","['2024\nDCR1576\n', '', 'CR\nCCC\nC\n']","['2024\nPC1576\n', '', 'C\nCCC\nP\n\nC\n']",modelv1.0__2026-05-17 06:45:08
D:/moth_photos/database\batch_05\img_moth_00009181.jpg,"[4000, 6000]",37.568627450980394,"['LanteeCoastalReserve\nCharlestonCoSC\n\nEF LoPresti\n\nPAS eer g Scrub Oak\n', 'prorowant gen\n2024\n\n', 'be\n2024\n\nDCR1577\nBY\n\n']","['CR\nCCC\n', '2024\n\n', '2024\n\nDCR1577\n\n']","['C\nCCC\nP\nP\n', '2024\n\n', '2024\n\nC1577\n\n']",modelv1.0__2026-05-17 06:45:08
D:/moth_photos/database\batch_05\img_moth_00009182.jpg,"[4000, 6000]",37.839999999999996,"['2024\nDCR1578\n', 'pro\n\ngress\n\npV\n\n', 'SanteeCoastalReserve\nCharlestonCoSC\nEFLoPresti\njfws2SerubOak\n']","['2024\nDCR1578\n', 'D\n\n', 'CR\nCCC\n20\n']","['2024\nC1578\n', 'P\n\n', 'C\nCCC\nP\n20\n']",modelv1.0__2026-05-17 06:45:08
D:/moth_photos/database\batch_05\img_moth_00009183.jpg,"[4000, 6000]",37.333333333333336,"['2024\nDCR1579\n', 'SanteeCoastalReserve\nChariestorCoSC\n\nFLoPresti\nCAP ns iM ScrubOak\n', '']","['2024\nDCR1579\n', 'CR\nCC0C\nC 0\n', '']","['2024\nPC1579\n', 'C\nCC0C\n\nP\nCP P 0\n', '']",modelv1.0__2026-05-17 06:45:08
D:/moth_photos/database\batch_05\img_moth_00009184.jpg,"[4000, 6000]",37.62745098039216,"['SanteeCoastalReserve\nCharlestonCoSC\nomEFLbPresti\nAOs7ScrubOak\n\nA\ni7o3\niwe\n', '2024\nDCR1580\n', '']","['CR\nCCC\n7C\n\nR\n73\n', '2024\nDCR1580\n', '']","['C\nCCC\nPP\n7C\n\n73\n', '2024\nC1580\n', '']",modelv1.0__2026-05-17 06:45:08
D:/moth_photos/database\batch_05\img_moth_00009185.jpg,"[4000, 6000]",37.58823529411765,"['2024\nDCR1581\n', 'prot\nME\n\ngaranhedY\nstessnre\n7024\n', 'CisCCS8\nSanteeCoastalReserve\nCharlestonCoSC\nEFLoPresti\nScrubOak\n']","['2024\nDCR1581\n', '0\n7024\n', 'CCC8\nCR\nCCC\nR\n0\n']","['2024\nC1581\n', 'P\n\n0\n7024\n', 'CCC8\nC\nCCC\nP\n0\n']",modelv1.0__2026-05-17 06:45:08
D:/moth_photos/database\batch_05\img_moth_00009186.jpg,"[4000, 6000]",37.35294117647059,"['SanteeCoastalReserve\nCharleston CoSC\nEFLoPresti\n\nyey ScrubOak\n', '2024\nDCR1582\n', '']","['CR\nC CC\n', '2024\nDCR1582\n', '']","['CP\nC CC\nP\n', '2024\nC1582\n', '']",modelv1.0__2026-05-17 06:45:08
D:/moth_photos/database\batch_05\img_moth_00009187.jpg,"[4000, 6000]",37.3921568627451,"['2024\nDCR1583\n', 'SanteeCoastalReserve\nCharlestonCoSC\nagE F LoPresti\n\nsp He zSerubOak\n', '']","['2024\nDCR1583\n', 'CR\nCC0C\n0\n\nC\n', '']","['2024\nC1583\n', 'C\nCC0C\n0P\n\nC\n', '']",modelv1.0__2026-05-17 06:45:08
D:/moth_photos/database\batch_05\img_moth_00009188.jpg,"[4000, 6000]",37.333333333333336,"['SanteeCoastalReserve\nCoSC\nEFCoPresti\nibn PliWScrubOak\n', '2024\nDCR1584\n', '']","['CR\nCC\nC\n', '2024\nDCR1584\n', '']","['CP\nCC\nPCP\nPW\n', '2024\nC1584\n', '']",modelv1.0__2026-05-17 06:45:08
D:/moth_photos/database\batch_05\img_moth_00009189.jpg,"[4000, 6000]",37.450980392156865,"['2024\nDCR1585\n', 'SanteeCoastalReserve\nCharlestonCoSC\nvaEFLoPresti\nitT5SerubOak\n\n', '']","['2024\nDCR1585\n', 'CR\nCCC\nD50\n\n', '']","['2024\nC1585\n', 'C\nCCC\nPP\n50\n\n', '']",modelv1.0__2026-05-17 06:45:08
D:/moth_photos/database\batch_05\img_moth_00009190.jpg,"[4000, 6000]",37.1764705882353,"['2024\n\nDCR1586\n', 'stesso\n\npv\n\n', '']","['2024\n\nDCR1586\n', '', '']","['2024\n\nPC1586\n', '', '']",modelv1.0__2026-05-17 06:45:08
D:/moth_photos/database\batch_05\img_moth_00009191.jpg,"[4000, 6000]",37.333333333333336,"['SanteeCoastalReserve\nCharlestonCoSC\nELFLoPresti\n\ner\n', '', '2024\nDCR1587\n\n']","['CR\nCC0C\n', '', '2024\nDCR1587\n\n']","['C\nCC0C\nPP\n', '', '2024\nC1587\n\n']",modelv1.0__2026-05-17 06:45:08
D:/moth_photos/database\batch_05\img_moth_00009192.jpg,"[4000, 6000]",37.31372549019608,"['2024\nDCR1588\n', 'SanteeCoastalReserve\nCharleston CoSC\n\nbm F FLoPresti\n\nao622SerubOak\n', '']","['2024\nDCR1588\n', 'CR\nC CC\n6220\n', '']","['2024\nC1588\n', 'C\nC CC\nP\nP6220\n', '']",modelv1.0__2026-05-17 06:45:08
D:/moth_photos/database\batch_05\img_moth_00009193.jpg,"[4000, 6000]",37.35294117647059,"['2024\nDCR1589\n', 'Pe\nSanteeCoastalReserve\nCharlestonCoSC\nEFtoPresti\nScrubOak\n\n', '']","['2024\nDCR1589\n', 'D\nCR\nCC0C\n0R\n0\n\n', '']","['2024\nC1589\n', 'P\nC\nCC0C\n0P\n0\n\n', '']",modelv1.0__2026-05-17 06:45:08
D:/moth_photos/database\batch_05\img_moth_00009194.jpg,"[4000, 6000]",37.431372549019606,"['ee\nSanteeCoastalReserve\nCharlestonCoSC\nEF LoPresti\nScrubOak\n', '', '2024\nDCR1590\n']","['CR\nCC0C\nC\n', '', '2024\nDCR1590\n']","['C\nCC0C\nP\n\nC\n', '', '2024\nC1590\n']",modelv1.0__2026-05-17 06:45:08
D:/moth_photos/database\batch_05\img_moth_00009195.jpg,"[4000, 6000]",37.1764705882353,"['garacteo\nsess\n\nME\n2024\n', '2024\nDCR1591\n', 'SanteeCoastalReserve\nCharlestonCoSC\nEFLoPresti\n\nScrubOak\n']","['1\n\n2024\n', '2024\nDCR1591\n', 'CR\nCCC\nC\n']","['1\n\n2024\n', '2024\nC1591\n', 'C\nCCC\nP\n\nC\n']",modelv1.0__2026-05-17 06:45:08
D:/moth_photos/database\batch_05\img_moth_00009196.jpg,"[4000, 6000]",37.31372549019608,"['2024\nDCR1592\n', '', 'br\nSanteeCoastalReserve\nCharlestonCoSC\nEFLoPresti\nScrubOak\nBEET\n']","['2024\nDCR1592\n', '', 'CR\nCC0C\nC\n']","['2024\nPC1592\n', '', 'C\nCC0C\nCP\n']",modelv1.0__2026-05-17 06:45:08
D:/moth_photos/database\batch_05\img_moth_00009197.jpg,"[4000, 6000]",37.411764705882355,"['', 'SanteeCoastalReserve\nChartestonCoSC\n\nEFtoPresti\naScrubOak\n\nyt\ntm\n', '2024\nDCR1593\n']","['', 'CR\nCCC\n40\n', '2024\nDCR1593\n']","['', 'C\nCCC\n\nP\n40\n', '2024\nC1593\n']",modelv1.0__2026-05-17 06:45:08
D:/moth_photos/database\batch_05\img_moth_00009198.jpg,"[4000, 6000]",37.372549019607845,"['SanteeCoastalReserve\nChariestonCoSC\n\nEFLoPresti\n\nhACLDSerubOak\n', '2024\nDCR1594\n', '']","['CR\nCCC\nCD0\n', '2024\nDCR1594\n', '']","['CP\nCCC\n\nP\n\nPC0\n', '2024\nPC1594\n', '']",modelv1.0__2026-05-17 06:45:08
D:/moth_photos/database\batch_05\img_moth_00009199.jpg,"[4000, 6000]",37.333333333333336,"['SanteeCoastalReserve\nChariestonCoSC\n2 EFLoPresti\niP 76 iM ScrubOak\n', '2024\nDCR1595\n', '']","['CR\nCC0C\n2\n76 0\n', '2024\nDCR1595\n', '']","['C\nCC0C\n2 P\nP 76 0\n', '2024\nC1595\n', '']",modelv1.0__2026-05-17 06:45:08
D:/moth_photos/database\batch_05\img_moth_00009200.jpg,"[4000, 6000]",37.666666666666664,"['iiOsCtSW\nSantee CoastalReserve\nCharlestonCoSC\n\nEFLoPresti\n\nOTE 3SerubOak\n', '2024\nDCR1596\n\n', '']","['CC\nCR\nCCC\n\n30\n', '2024\nDCR1596\n\n', '']","['CCW\nC\nCCC\n\nP\n\nP 30\n', '2024\nC1596\n\n', '']",modelv1.0__2026-05-17 06:45:08
D:/moth_photos/database\batch_05\img_moth_00009201.jpg,"[4000, 6000]",37.31372549019608,"['2024\nDCR1597\n', '', 'SanteeCoastalReserve\nCharlest6nCoSC\nEFLoPresti\nIy7GatorRoad\nrr\n']","['2024\nDCR1597\n', '', 'CR\nC6CC\n7R\n']","['2024\nC1597\n', '', 'C\nC6CC\nP\n7\n']",modelv1.0__2026-05-17 06:45:08
D:/moth_photos/database\batch_05\img_moth_00009202.jpg,"[4000, 6000]",37.27450980392157,"['', 'ee\nSanteeCoastalReserve\nCharlestonCoSC\nEFLoPresti\nGatorRoad\n\n', '2024\n\nDCR1598\nBY\n']","['', 'CR\nCC0C\nR\n\n', '2024\n\nDCR1598\n']","['', 'C\nCC0C\nP\n\n', '2024\n\nPC1598\n']",modelv1.0__2026-05-17 06:45:08
D:/moth_photos/database\batch_05\img_moth_00009203.jpg,"[4000, 6000]",37.431372549019606,"['2024\nDCR1599\n', '', 'ante Coastal Reserve\n\nCharlestonCoSC\nEFLoPresti\nGatorRoad\n']","['2024\nDCR1599\n', '', 'C R\n\nCCC\nR\n']","['2024\nPC1599\n', '', 'C\n\nCCC\nP\n']",modelv1.0__2026-05-17 06:45:08
D:/moth_photos/database\batch_05\img_moth_00009204.jpg,"[4000, 6000]",37.19607843137255,"['SanteeCoastalReserve\nCharlestonCoSC\nESFLoPresti\nUMgy34SerubOak\n', '', '']","['CR\nCC0C\n340\n', '', '']","['C\nCC0C\nP\n340\n', '', '']",modelv1.0__2026-05-17 06:45:08
D:/moth_photos/database\batch_05\img_moth_00009205.jpg,"[4000, 6000]",37.490196078431374,"['', '2022\nrR72O\n', 'SanteeCoastaReserve\nCharlestonCoSC\nEPLoPresti\nboe ScrubOak\n']","['', '2022\nR720\n', 'CR\nCC0C\n']","['', '2022\n720\n', 'CP\nCC0C\nPP\n']",modelv1.0__2026-05-17 06:45:08
D:/moth_photos/database\batch_05\img_moth_00009206.jpg,"[4000, 6000]",37.333333333333336,"['2024\nDCR1600\n', 'SanteeCoastalReserve\nCharlesjonCoSC\n2 ZJ E FLoPresti\nAt Al ee Cypress\n\n', '']","['2024\nDCR1600\n', 'CR\nCC0C\n2 7\nC\n\n', '']","['2024\nC1600\n', 'C\nCC0C\n2 7 P\nC\n\n', '']",modelv1.0__2026-05-17 06:45:08
D:/moth_photos/database\batch_05\img_moth_00009207.jpg,"[4000, 6000]",37.411764705882355,"['SanteeCoastalReserve\nCharlest6nCoSC\n2 E A LoPresti\n\nBF Af2Cypress\n', '', '2024\nDCR1601\n']","['CR\nC6C0C\n2\n\n3 2C\n', '', '2024\nDCR1601\n']","['C\nC6C0C\n2 P\n\n3 2C\n', '', '2024\nC1601\n']",modelv1.0__2026-05-17 06:45:08
D:/moth_photos/database\batch_05\img_moth_00009208.jpg,"[4000, 6000]",37.3921568627451,"['Sssss\n2024\npDCR1602\n', 'tN\n\nP\n\nme\n\n', 'ee\nSanteeCoastalReserve\nCharlestqnCoSC\nEFLoPresti\nes 3io4Cypress\n\n']","['2024\nDCR1602\n', '', 'CR\nCC0C\n34C\n\n']","['2024\nC1602\n', 'P\n\n', 'C\nCC0C\nP\n34C\n\n']",modelv1.0__2026-05-17 06:45:08
D:/moth_photos/database\batch_05\img_moth_00009209.jpg,"[4000, 6000]",37.31372549019608,"['2024\nDCR1603\n', 'SanteeCoastalReserve\nCharlestonCoSC\n20a E Vie\n\nCypress\n', '']","['2024\nDCR1603\n', 'CR\nCC0C\n20R\n\n14C\n', '']","['2024\nC1603\n', 'CP\nCC0C\n20\n\n14C\n', '']",modelv1.0__2026-05-17 06:45:08
D:/moth_photos/database\batch_05\img_moth_00009210.jpg,"[4000, 6000]",37.294117647058826,"['2024\nDCR1604\n', '', 'SanteeCoastalReserve\nCharlestonCoSC\nEFLOPrest\nCypress\n']","['2024\nDCR1604\n', '', 'CR\nCC0C\nC\n']","['2024\nC1604\n', '', 'C\nCC0C\nP\nC\n']",modelv1.0__2026-05-17 06:45:08
D:/moth_photos/database\batch_05\img_moth_00009211.jpg,"[4000, 6000]",37.70588235294117,"['EEUU\n\n2024\nDCR1605\n', 'SSOGADj fv VAOS\n\nSaigo\n9S0D udisaueus\nSAIBSEY jeseog 393UBS\n', '']","['2024\nDCR1605\n', '0D5\n\n814\n90D\n05 393R\n', '']","['2024\nPC1605\n', '05\n\n814\n909\n05 393\n', '']",modelv1.0__2026-05-17 06:45:08
D:/moth_photos/database\batch_05\img_moth_00009212.jpg,"[4000, 6000]",37.666666666666664,"['SanteeCoastalReserve\nCharlestonCoSC\n3 7EFeLoPresti\nae Rad 2Cypress\n', '', '2024\nDCR1606\n\n']","['CR\nCCC\n\n3 70\nR 2C\n', '', '2024\nDCR1606\n\n']","['C\nCCC\n\n3 70P\n2C\n', '', '2024\nPC1606\n\n']",modelv1.0__2026-05-17 06:45:08
D:/moth_photos/database\batch_05\img_moth_00009213.jpg,"[4000, 6000]",37.19607843137255,"['', 'SanteeCoastalReserve\nCharlestonCoSC\n\n2 EFe neycy\nie 3 Cypress\n', '2024\n\nDCR1607\n\n']","['', 'CR\nCCC\n\n2 C\n3 C\n', '2024\n\nDCR1607\n\n']","['', 'C\nCCC\n\n2 C\n3 C\n', '2024\n\nPC1607\n\n']",modelv1.0__2026-05-17 06:45:08
D:/moth_photos/database\batch_05\img_moth_00009214.jpg,"[4000, 6000]",37.568627450980394,"['2024\nDCR1608\n', 'SanteeCoastalReserve\nCharlestonCoSC\n\nAAEFLoPresti\nSmphiy Cypress\n', 'P\n\nron\nMEST\n\nSt\n\nSs\n\na3\n\n']","['2024\nDCR1608\n', 'CR\nCCC\n\nC\n', '3\n\n']","['2024\nC1608\n', 'C\nCCC\n\nP\nC\n', 'P\n\n3\n\n']",modelv1.0__2026-05-17 06:45:08
D:/moth_photos/database\batch_05\img_moth_00009215.jpg,"[4000, 6000]",37.294117647058826,"['SanteeCoastalReserve\nCharlestonCoSC\n\nr EF4oPresti\n\nded 2Cypress\n', '2024\nDCR1609\n', '']","['CR\nCC0C\n\nC40\n\n2C\n', '2024\nDCR1609\n', '']","['CP\nCC0C\n\nC40P\n\n2C\n', '2024\nC1609\n', '']",modelv1.0__2026-05-17 06:45:08
D:/moth_photos/database\batch_05\img_moth_00009216.jpg,"[4000, 6000]",37.333333333333336,"['', '2024\nDCR1610\n', 'SanteeCoastalReserve\nCharlestonCoSC\nEFLoPresti\nCypress\n']","['', '2024\nDCR1610\n', 'CR\nCCC\nC\n']","['', '2024\nC1610\n', 'C\nCCC\nP\nC\n']",modelv1.0__2026-05-17 06:45:08
D:/moth_photos/database\batch_05\img_moth_00009217.jpg,"[4000, 6000]",37.74509803921569,"['a\n\n2024\nDCR1611\n', '', 'Pee\nSanteeCoastalReserve\nCharlestonCoSC\nEFoPresti\nCypress\n\n']","['2024\nDCR1611\n', '', 'CR\nCCC\n0R\nC\n\n']","['2024\nC1611\n', '', 'PC\nC\nCCC\n0P\nC\n\n']",modelv1.0__2026-05-17 06:45:08
D:/moth_photos/database\batch_05\img_moth_00009218.jpg,"[4000, 6000]",37.372549019607845,"['vantee CgastalReserve\nCharleston CoSC\nFLoPresti\n3 7mSLCypress\n', '2024\nDCR1612\n', 'a\n\nP\n\nm\n\nstesso\n\nOV\n\nM 7024\n\n']","['CR\nC CC\n3 7C\n', '2024\nDCR1612\n', '4\n\n7024\n\n']","['C\nC CC\nPP\n\n3 7C\n', '2024\nC1612\n', '4\n\nP\n\n7024\n\n']",modelv1.0__2026-05-17 06:45:08
D:/moth_photos/database\batch_05\img_moth_00009219.jpg,"[4000, 6000]",37.58823529411765,"['preicorohet a\nPME steer\n2028\n\n', 'tn\nVantee CoastalReserve\n\nCharlestonCoSC\nroEF LoPresti\n\n4sCypress\nESS\n', '2024\nDCR1613\n\n']","['2028\n\n', 'DR\nC CR\nCCC\nC\n\n4C\n', '2024\nDCR1613\n\n']","['P\n2028\n\n', 'C C\nCCC\nCP\n\n4C\n', '2024\nPC1613\n\n']",modelv1.0__2026-05-17 06:45:08
D:/moth_photos/database\batch_05\img_moth_00009220.jpg,"[4000, 6000]",37.19607843137255,"['2024\nDCR1614\n', 'osOFr\nSantee CoastalReselYs\n\nCharleston CoSC\nEF PoPresti\nras Cypress\n', '']","['2024\nDCR1614\n', 'C\nCR\n\nC C0C\nR\nC\n', '']","['2024\nPC1614\n', 'C\nC\n\nC C0C\nPP\nC\n', '']",modelv1.0__2026-05-17 06:45:08
D:/moth_photos/database\batch_05\img_moth_00009221.jpg,"[4000, 6000]",37.568627450980394,"['', '2024\nDCR1615\n', 'SSsssdo\nSantee CoastalReserve\nCharleston CoSC\n\nEF LoPresti\n\nwe Cypress\n']","['', '2024\nDCR1615\n', 'CR\nC CC\nC\n']","['', '2024\nC1615\n', 'C\nC CC\nP\nC\n']",modelv1.0__2026-05-17 06:45:08
D:/moth_photos/database\batch_05\img_moth_00009222.jpg,"[4000, 6000]",37.58823529411765,"['', 'ee\nSanteeCoastalReserve\nCharlestofCoSC\nEFLoPresti\nCypress\n', '2024\nDCR1616\n']","['', 'CR\nCCC\nC\n', '2024\nDCR1616\n']","['', 'PC\nC\nCCC\nP\nC\n', '2024\nC1616\n']",modelv1.0__2026-05-17 06:45:08
D:/moth_photos/database\batch_05\img_moth_00009223.jpg,"[4000, 6000]",37.21568627450981,"['', '2024\nDCR1617\n', 'SanteeCoastalReserve\nCharlestonCoSC\nEFLoPresti\nmht Cypress\nEES\n']","['', '2024\nDCR1617\n', 'CR\nCCC\nR C\n']","['', '2024\nPC1617\n', 'C\nCCC\nP\n\nC\n']",modelv1.0__2026-05-17 06:45:08
D:/moth_photos/database\batch_05\img_moth_00009224.jpg,"[4000, 6000]",37.839999999999996,"['2024\nDCR1618\n', 'SanteeCoastalReserve\nCharlestonCoSC\n\n2 EFLoPresti\nFLO74Cypress\n', '']","['2024\nDCR1618\n', 'CR\nCCC\n2\n74C\n', '']","['2024\nPC1618\n', 'C\nCCC\n\n2 P\n74C\n', '']",modelv1.0__2026-05-17 06:45:08
D:/moth_photos/database\batch_05\img_moth_00009225.jpg,"[4000, 6000]",37.411764705882355,"['2024\nDCR1619\n', '', '']","['2024\nDCR1619\n', '', '']","['2024\nC1619\n', '', '']",modelv1.0__2026-05-17 06:45:08
D:/moth_photos/database\batch_05\img_moth_00009226.jpg,"[4000, 6000]",37.31372549019608,"['Oa\n\n2024\nDCR1625\n', 'SanteeCoastalReserve\nCharieston CoSC\nu loPresti\nib apr OrmondHall\n', '']","['2024\nDCR1625\n', 'CR\nC CC\n4\n', '']","['2024\nC1625\n', 'C\nC CC\nP\n4\n', '']",modelv1.0__2026-05-17 06:45:08
D:/moth_photos/database\batch_05\img_moth_00009227.jpg,"[4000, 6000]",37.82,"['', 'be\n2024\n\nDCR1626\n', 'SanteeCoastalReserve\nCharleston CoSC\nEFLoPrest\nOrmondHall\n']","['', '2024\n\nDCR1626\n', 'CR\nC CC\n']","['', '2024\n\nPC1626\n', 'CP\nC CC\nP\n']",modelv1.0__2026-05-17 06:45:08
D:/moth_photos/database\batch_05\img_moth_00009228.jpg,"[4000, 6000]",37.294117647058826,"['SanteeCoastalReserve\nCharlestonCoSC\n\nEFLoPresti\nY Psf24Ormond Hall\n', '2024\nDCR1627\n', 'preteen ON\n4\n\n']","['CR\nCCC\n\n24C\n', '2024\nDCR1627\n', '4\n\n']","['C\nCCC\n\nP\nPP24C\n', '2024\nC1627\n', '4\n\n']",modelv1.0__2026-05-17 06:45:08
D:/moth_photos/database\batch_05\img_moth_00009229.jpg,"[4000, 6000]",37.254901960784316,"['Santee CoastalRESety\nCharleston CoSC\nhk 087 1Ormond Hall\n\noht\n', '2024\nDCR1620\n', '']","['CR\nC CC\n087 1\n', '2024\nDCR1620\n', '']","['C\nC CC\n087 1\n', '2024\nPC1620\n', '']",modelv1.0__2026-05-17 06:45:08
D:/moth_photos/database\batch_05\img_moth_00009230.jpg,"[4000, 6000]",37.470588235294116,"['SanteeCoastalReserve\nCharlestonCoSC\ni EFLoPresti\ni4Aen J4Ormond Hall\n', '2024\nDCR1621\n\n', 'prexoraree on\nSess\n\n']","['CR\nCCC\n4 40\n', '2024\nDCR1621\n\n', '55\n\n']","['C\nCCC\nP\n4 40\n', '2024\nPC1621\n\n', 'P\n55\n\n']",modelv1.0__2026-05-17 06:45:08
D:/moth_photos/database\batch_05\img_moth_00009231.jpg,"[4000, 6000]",37.35294117647059,"['2024\nDCR1622\n', 'SanteeCoastalReserve\nCharlestonCoSC\nEFLoPresti\n\nYAOp4 OrmondHall\n', '']","['2024\nDCR1622\n', 'CR\nCC0C\n\n04\n', '']","['2024\nC1622\n', 'C\nCC0C\nP\n\n04\n', '']",modelv1.0__2026-05-17 06:45:08
D:/moth_photos/database\batch_05\img_moth_00009232.jpg,"[4000, 6000]",37.19607843137255,"['2024\nDCR1623\n', 'ee\nSanteeCoastalReserve\nCharlestonCoSC\nEFfoPrest\nOrmondHall\n\n', '']","['2024\nDCR1623\n', 'CR\nCC0C\nCC\n\n', '']","['2024\nC1623\n', 'C\nCC0C\nCCP\n\n', '']",modelv1.0__2026-05-17 06:45:08
D:/moth_photos/database\batch_05\img_moth_00009233.jpg,"[4000, 6000]",37.549019607843135,"['2024\nDCR1624\n', 'SanteeCoastal Reserve\nCharlestonCoSC\ntay EFLoPresti\n1Rpge1OrmondHall\n\n', 'Prom\nM\n\nOV\n\n']","['2024\nDCR1624\n', 'C R\nCC0C\n0\n1R1\n\n', '']","['2024\nC1624\n', 'C\nCC0C\n0P\n11\n\n', 'P\n\n']",modelv1.0__2026-05-17 06:45:08
D:/moth_photos/database\batch_05\img_moth_00009234.jpg,"[4000, 6000]",37.372549019607845,"['SanteeCoastalReserve\nCharlestonCoSC\n\niEFLoPresti\n\n1UfafiisCollinsCreek\n', '', '2024\nDCR1628\n']","['CR\nCCC\n\n1\n\n1CC\n', '', '2024\nDCR1628\n']","['C\nCCC\n\n1PP\n\n1CC\n', '', '2024\nPC1628\n']",modelv1.0__2026-05-17 06:45:08
D:/moth_photos/database\batch_05\img_moth_00009235.jpg,"[4000, 6000]",37.254901960784316,"['2024\nDCR1629\n', 'SanteeCoastalReserve\nCharlestonGoSC\n\nEFLoPresti\n\nfrRED CollinsCreek\n', '']","['2024\nDCR1629\n', 'CR\nCCC\nRD CC\n', '']","['2024\nC1629\n', 'C\nCCC\n\nP\n\nCC\n', '']",modelv1.0__2026-05-17 06:45:08
D:/moth_photos/database\batch_05\img_moth_00009236.jpg,"[4000, 6000]",37.666666666666664,"['2024\nDCR1630\n', 'SanteeCoastalReserve\nCharlestonCoSC\nEFLoPresti\n2argceCollinsCreek\n', '']","['2024\nDCR1630\n', 'CR\nCCC\n2CC\n', '']","['2024\nC1630\n', 'C\nCCC\nP\n2CC\n', '']",modelv1.0__2026-05-17 06:45:08
D:/moth_photos/database\batch_05\img_moth_00009237.jpg,"[4000, 6000]",37.294117647058826,"['2024\nDCR1631\n', 'SanteeCoastal Reserve\nChartestgnCoSC\nEFLoPresti\n262CollinsCreek\n', '']","['2024\nDCR1631\n', 'C R\nCCC\n262CC\n', '']","['2024\nC1631\n', 'C\nCCC\nP\n262CC\n', '']",modelv1.0__2026-05-17 06:45:08
D:/moth_photos/database\batch_05\img_moth_00009238.jpg,"[4000, 6000]",37.235294117647065,"['2024\nDCR1632\n', 'SanteeCoastalReserve\n\nChartestonCo sc\nFteooPresti\n\n2 ati jyColinsCreek Creek\n', 'no\nmMESSh\n\nSi\n\nSs\n\na3\n\n']","['2024\nDCR1632\n', 'CR\n\nCC\nR\n\n2 CC C\n', '2\n\n3\n\n']","['2024\nPC1632\n', 'C\n\nCC\nP\n\n2 CC C\n', '2\n\n3\n\n']",modelv1.0__2026-05-17 06:45:08
D:/moth_photos/database\batch_05\img_moth_00009239.jpg,"[4000, 6000]",37.294117647058826,"['2024\nDCR1633\n', '', 'ee\nSanteeCoastalReserve\nCharlestonCoSC\nEFLoPresti\neS CollinsCreek\n\n']","['2024\nDCR1633\n', '', 'CR\nCCC\n3 CC\n\n']","['2024\nPC1633\n', '', 'C\nCCC\nP\n3 CC\n\n']",modelv1.0__2026-05-17 06:45:08
D:/moth_photos/database\batch_05\img_moth_00009240.jpg,"[4000, 6000]",37.68627450980392,"['2024\nDCR1634\n', 'SanteeCoastalReserve\n\nCharlestonCoSC\nEFeoPresti\n\nmai iCollinsCreek\n', 'ea gren\n2024\n\n']","['2024\nDCR1634\n', 'CR\n\nCCC\n\nCC\n', '2024\n\n']","['2024\nC1634\n', 'C\n\nCCC\nP\n\nCC\n', '2024\n\n']",modelv1.0__2026-05-17 06:45:08
D:/moth_photos/database\batch_05\img_moth_00009241.jpg,"[4000, 6000]",37.7,"['2024\nDCR1635\n', 'SanteeCoastalReserve\nCc onCoSC\nEFLoPresti\nI pfi4CottinsCreek\n', '4OV\nS15\n\n']","['2024\nDCR1635\n', 'CR\nC CC\n24CC\n', '4\n515\n\n']","['2024\nC1635\n', 'C\nC CC\nP\n24CC\n', '4\n515\n\n']",modelv1.0__2026-05-17 06:45:08
D:/moth_photos/database\batch_05\img_moth_00009242.jpg,"[4000, 6000]",37.86,"['2024\nDCR1636\n\n', 'SanteeCoastalReserve\n\nCharlestonCoSC\niEFCoPresti\nCMag7CollinsCreek\n', 'P\n\nMes\n\nQo2\n\nbv\nesse\n4\n\n']","['2024\nDCR1636\n\n', 'CR\n\nCCC\nC\nC7CC\n', '2\n\n4\n\n']","['2024\nPC1636\n\n', 'C\n\nCCC\nCP\nC7CC\n', 'P\n\n2\n\n4\n\n']",modelv1.0__2026-05-17 06:45:08
D:/moth_photos/database\batch_05\img_moth_00009243.jpg,"[4000, 6000]",37.19607843137255,"['SanteeCoastalReserve\nCharlestonCoSC\n\nFLoPresti\nihe 3GatorRoad\n', '2024\nDCR1637\n', '']","['CR\nCC0C\n\n2 3CR\n', '2024\nDCR1637\n', '']","['C\nCC0C\n\nP\n2 3C\n', '2024\nC1637\n', '']",modelv1.0__2026-05-17 06:45:08
D:/moth_photos/database\batch_05\img_moth_00009244.jpg,"[4000, 6000]",37.294117647058826,"['', 'SanteeCoastalReserve\nCharleston CoSC\naan UE F LoPresti\nweJS GatorRoad\nee\n', '2024\nDCR1638\n\n']","['', 'CR\nC CC\nR\n', '2024\nDCR1638\n\n']","['', 'C\nC CC\nP\n', '2024\nC1638\n\n']",modelv1.0__2026-05-17 06:45:08
D:/moth_photos/database\batch_05\img_moth_00009245.jpg,"[4000, 6000]",37.549019607843135,"['SanteeCoastalReserve\nCharlestgnCoSC\n\n2 EFLoPresti\nZA ingg a4 GatorRoad\n', '', '2024\nDCR1639\n']","['CR\nCCC\n\n2\n4 R\n', '', '2024\nDCR1639\n']","['CP\nCCC\n\n2 P\n4\n', '', '2024\nC1639\n']",modelv1.0__2026-05-17 06:45:08
D:/moth_photos/database\batch_05\img_moth_00009246.jpg,"[4000, 6000]",37.549019607843135,"['2024\nDCR1640\n', 'LanteeCoastalReserve\nCharlestonCoSC\n\nEFLoPresti\nSDner 2yGatorRoad\n', '']","['2024\nDCR1640\n', 'CR\nCCC\n\nD 2R\n', '']","['2024\nPC1640\n', 'CP\nCCC\n\nP\n2\n', '']",modelv1.0__2026-05-17 06:45:08
D:/moth_photos/database\batch_05\img_moth_00009247.jpg,"[4000, 6000]",37.431372549019606,"['2024\nDCR1641\n', 'SanteeCoastalReserve\nCharlestonCoSC\n\nEFLoPresti\nOrn L24GatorRoad\n', '']","['2024\nDCR1641\n', 'CR\nCC0C\n\nD 24R\n', '']","['2024\nC1641\n', 'C\nCC0C\n\nP\n24\n', '']",modelv1.0__2026-05-17 06:45:08
D:/moth_photos/database\batch_05\img_moth_00009248.jpg,"[4000, 6000]",37.235294117647065,"['2024\nDCR1642\n', 'SanteeCoastalReserve\nCharlestonCoSC\nEFCoPresti\n\n3 Ppf24GatorRoad\n', '']","['2024\nDCR1642\n', 'CR2\nCC0C\nC0\n\n3 24R\n', '']","['2024\nC1642\n', 'C2\nCC0C\nC0P\n\n3 P24\n', '']",modelv1.0__2026-05-17 06:45:08
D:/moth_photos/database\batch_05\img_moth_00009249.jpg,"[4000, 6000]",37.235294117647065,"['2024\nDCR1643\n', '', 'SanteeCoastalReserve\nCharlestonCoSC\n\na F Scrae\n\nit ScrubOak\n']","['2024\nDCR1643\n', '', 'CR\nCCC\n12\n']","['2024\nC1643\n', '', 'C\nCCC\n12\n']",modelv1.0__2026-05-17 06:45:08
D:/moth_photos/database\batch_05\img_moth_00009250.jpg,"[4000, 6000]",37.21568627450981,"['2024\npcR1644\n', 'SanteeCoastalReserve\nCharlestonCoSC\n\nEPLoPresti\nlage ScrubOak\n', '']","['2024\nDCR1644\n', 'CR\nCC0C\n\n0\n', '']","['2024\nC1644\n', 'C\nCC0C\n\nPP\n0\n', '']",modelv1.0__2026-05-17 06:45:08
D:/moth_photos/database\batch_05\img_moth_00009251.jpg,"[4000, 6000]",37.71999999999999,"['SanteeCoastalReserve\nCharlestonCoSC\nEFLoPresti\n\nLpp2HScruboak\n', '2024\nDCR1645\n', '']","['CR\nCC0C\n\n2\n', '2024\nDCR1645\n', '']","['C\nCC0C\nP\n\n2\n', '2024\nC1645\n', '']",modelv1.0__2026-05-17 06:45:08
D:/moth_photos/database\batch_05\img_moth_00009252.jpg,"[4000, 6000]",37.7,"['SanteeCoastalReserve\nCharlestonCoSC\nEFLoPresti\n\nLae h Opr4scrub Oak\n', '2024\nDCR1646\n', 'precxcre\nesse\n\n']","['CR\nCCC\n\nC4 C\n', '2024\nDCR1646\n', '']","['C\nCCC\nP\n\nC4 C\n', '2024\nPC1646\n', '']",modelv1.0__2026-05-17 06:45:08
D:/moth_photos/database\batch_05\img_moth_00009253.jpg,"[4000, 6000]",37.19607843137255,"['vameeCoastalReserve\nCharlestonCoSC\n\nEFLoPresti\nLert ScrubOak\n', '2024\nDCR1647\n', 'SicsS re\n\n']","['CR\nCCC\n', '2024\nDCR1647\n', '1\n\n']","['C\nCCC\n\nP\n', '2024\nC1647\n', '1\n\n']",modelv1.0__2026-05-17 06:45:08
D:/moth_photos/database\batch_05\img_moth_00009254.jpg,"[4000, 6000]",37.52,"['SanteeCoastalReserve\nCharlestonCoSC\nELFLoPresti\no41SerubOak\n', '2024\nDCR1648\n', '']","['CR\nCCC\n41C\n', '2024\nDCR1648\n', '']","['C\nCCC\nPP\n41C\n', '2024\nC1648\n', '']",modelv1.0__2026-05-17 06:45:08
D:/moth_photos/database\batch_05\img_moth_00009255.jpg,"[4000, 6000]",37.549019607843135,"['iE\nSantee CoastalReserve\nCharlestonCoSC\nEFLoPresti\nSandPit\n\n', '', '2024\nDCR1690\n']","['C CR\nCCC\n\n', '', '2024\nDCR1690\n']","['C C\nCCC\nP\nP\n\n', '', '2024\nC1690\n']",modelv1.0__2026-05-17 06:45:08
D:/moth_photos/database\batch_05\img_moth_00009256.jpg,"[4000, 6000]",37.84313725490196,"['2024\nDCR1649\n', 'Santee CoastalReserve\nCharlestonCo S\nELF doPresti\nScrubOak\n\noOO\n', '']","['2024\nDCR1649\n', 'CR\nCC\nC\n', '']","['2024\nC1649\n', 'C\nCC\nP P\nC\n', '']",modelv1.0__2026-05-17 06:45:08
D:/moth_photos/database\batch_05\img_moth_00009257.jpg,"[4000, 6000]",38.08,"['SanteeCoastalReserve\nCharlestonCoSC\nEF CoPresti\n\nhlfeSandPit\n', '', '2024\nDCR1691\nEEEESCSCSCSWS\n']","['CR\nCCC\nCR\n\nR\n', '', '2024\nDCR1691\nCC\n']","['C\nCCC\nCP\n\nP\n', '', '2024\nC1691\nCCW\n']",modelv1.0__2026-05-17 06:45:08
D:/moth_photos/database\batch_05\img_moth_00009258.jpg,"[4000, 6000]",37.46153846153846,"['oOo\n\n2024\nDCR1650\n', 'pro\n\nME\n\nstesso\n2024\n\nDV\n', 'bn\nSanteeCoastalReserve\nCharlestonCoSC\nE F foPresti\nScrubOak\n']","['2024\nDCR1650\n', '2024\n\nD\n', 'CR\nCCC\nC\n0\n']","['2024\nC1650\n', 'P\n\n2024\n', 'P\nC\nCCC\nCP\n0\n']",modelv1.0__2026-05-17 06:45:08
D:/moth_photos/database\batch_05\img_moth_00009259.jpg,"[4000, 6000]",37.568627450980394,"['2024\nDCR1692\n', 'Pe\nSanteeCoastalReserve\nCharlestonCoSC\nEFL6Presti\na SandPit\n', '']","['2024\nDCR1692\n', 'CR\nCC0C\n6\n', '']","['2024\nPC1692\n', 'P\nCP\nCC0C\n6P\nP\n', '']",modelv1.0__2026-05-17 06:45:08
D:/moth_photos/database\batch_05\img_moth_00009260.jpg,"[4000, 6000]",37.34615384615385,"['SanteeCoastalReserve\nCharlestonCoSC\nEFLoPresti\n\nScrubOak\n', '', '2024\nDCR1651\n']","['CR\nCCC\nC\n', '', '2024\nDCR1651\n']","['C\nCCC\nP\n\nC\n', '', '2024\nC1651\n']",modelv1.0__2026-05-17 06:45:08
D:/moth_photos/database\batch_05\img_moth_00009261.jpg,"[4000, 6000]",38.04,"['SanteeCoastalReserve\nCharlestonCoSC\nEFLoPresti\na SandPit\n', '', '2024\nDCR1694\n']","['CR\nCC0C\nC\n', '', '2024\nDCR1694\n']","['C\nCC0C\nCP\nP\n', '', '2024\nC1694\n']",modelv1.0__2026-05-17 06:45:08
D:/moth_photos/database\batch_05\img_moth_00009262.jpg,"[4000, 6000]",37.80769230769231,"['2024\nDCR1652\n\n', '', '']","['2024\nDCR1652\n\n', '', '']","['2024\nC1652\n\n', '', '']",modelv1.0__2026-05-17 06:45:08
D:/moth_photos/database\batch_05\img_moth_00009263.jpg,"[4000, 6000]",37.3921568627451,"['SanteeCoastalReserve\nCharlestonCoSC\nEF F LePresti\n\nSandPit\n', '', '2024\nDCR1693\n']","['CR\nCCC\nR\n', '', '2024\nDCR1693\n']","['CP\nCCC\nP\n\nP\n', '', '2024\nPC1693\n']",modelv1.0__2026-05-17 06:45:08
D:/moth_photos/database\batch_05\img_moth_00009264.jpg,"[4000, 6000]",37.692307692307686,"['SanteeCoastalReserve\nCharlestonCoSC\nFLoPresti\n\nScrubOak\n\n', '2024\nDCR1653\n', 'pro\n\nSees\n\nME\n2024\n\n']","['CR\nCCC\n\n', '2024\nDCR1653\n', '2024\n\n']","['CP\nCCC\nP\n\n', '2024\nC1653\n', 'P\n\n2024\n\n']",modelv1.0__2026-05-17 06:45:08
D:/moth_photos/database\batch_05\img_moth_00009265.jpg,"[4000, 6000]",37.94,"['Vantee CoastalReserve\nCharlestonCoSC\nEFLoPresti\n\nSandPit\n', '', '2024\n\nDCR1695\nBN\n']","['CR\nCCC\n', '', '2024\n\nDCR1695\n']","['C\nCCC\nP\nP\n', '', '2024\n\nC1695\n']",modelv1.0__2026-05-17 06:45:08
D:/moth_photos/database\batch_05\img_moth_00009266.jpg,"[4000, 6000]",37.61538461538461,"['2024\nDCR1654\n', '', '']","['2024\nDCR1654\n', '', '']","['2024\nC1654\n', '', '']",modelv1.0__2026-05-17 06:45:08
D:/moth_photos/database\batch_05\img_moth_00009267.jpg,"[4000, 6000]",37.666666666666664,"['2024\n\nDCR1696\n', '', 'I\nSanteeCoastalReserve\nCharlestonCoSC\nAFletcher\n5JamesCane\n\n']","['2024\n\nDCR1696\n', '', 'CR\nCC0C\n5C\n\n']","['2024\n\nPC1696\n', '', 'C\nCC0C\n5C\n\n']",modelv1.0__2026-05-17 06:45:08
D:/moth_photos/database\batch_05\img_moth_00009268.jpg,"[4000, 6000]",37.71153846153846,"['SanteeCoastalReserve\nCharlestonCoSC\n\nEFloPresti\n\nolaeSerubOak\n', '', '2024\n\nDCR1655\n']","['CR\nCC0C\n\n0\n\n0\n', '', '2024\n\nDCR1655\n']","['C\nCC0C\n\n0P\n\n0\n', '', '2024\n\nC1655\n']",modelv1.0__2026-05-17 06:45:08
D:/moth_photos/database\batch_05\img_moth_00009269.jpg,"[4000, 6000]",37.431372549019606,"['2024\nDCR1697\n', 'SanteeCoastalReserve\nCharlestonCoSC\n\nAFletcher\n\nffaffo9JamesCane\n', '']","['2024\nDCR1697\n', 'CR\nCC0C\n9C\n', '']","['2024\nC1697\n', 'CP\nCC0C\n9C\n', '']",modelv1.0__2026-05-17 06:45:08
D:/moth_photos/database\batch_05\img_moth_00009270.jpg,"[4000, 6000]",37.45283018867925,"['SanteeCoastalReserve\nCharlestonCoSC\nE F LoPresti\ni ScrubOak\n', 'x wer\n\n', '2024\n\n']","['CR\nCCC\n0\n', '', '2024\n\n']","['C\nCCC\nP\n0\n', '', '2024\n\n']",modelv1.0__2026-05-17 06:45:08
D:/moth_photos/database\batch_05\img_moth_00009271.jpg,"[4000, 6000]",37.372549019607845,"['SanteeCoastalReserve\nCharlestonCoSC\nA Fletcher\n\nJamesCane\n', 'pv\nessen\n\nE\n\n', '']","['CR\nCCC\nC\n', '', '']","['C\nCCC\nC\n', '', '']",modelv1.0__2026-05-17 06:45:08
D:/moth_photos/database\batch_05\img_moth_00009272.jpg,"[4000, 6000]",37.35849056603774,"['2024\nDCR1657\n', 'SanteeCoastalReserve\nCharlestonCoSC\nEFLoPresti\nSandPit\n', 'pv\npororao\nMESS\n\n']","['2024\nDCR1657\n', 'CR\nCC0C\n', '0\n\n']","['2024\nC1657\n', 'C\nCC0C\nP\nP\n', '0\nW\n\n']",modelv1.0__2026-05-17 06:45:08
D:/moth_photos/database\batch_05\img_moth_00009273.jpg,"[4000, 6000]",37.980000000000004,"['SanteeCoastalReserve\nCharlestonCoSC\n\nAFletcher\n\nif i s eJames Cane\n', '', '2024\nDCR1699\n']","['CR\nCCC\nC\n', '', '2024\nDCR1699\n']","['C\nCCC\nC\n', '', '2024\nPC1699\n']",modelv1.0__2026-05-17 06:45:08
D:/moth_photos/database\batch_05\img_moth_00009274.jpg,"[4000, 6000]",37.692307692307686,"['2024\nDCR1658\n', 'mv\nia sresst\n2024\n\n', 'SanteeCoastalReserve\nCharlestonCoSC\nELFLoPresti\n\nlSandPit\n\ni\n']","['2024\nDCR1658\n', '2024\n\n', 'CR\nCCC\nR\n']","['2024\nC1658\n', '2024\n\n', 'CP\nCCC\nPP\n\nP\n']",modelv1.0__2026-05-17 06:45:08
D:/moth_photos/database\batch_05\img_moth_00009275.jpg,"[4000, 6000]",37.70588235294117,"['SanteeCoastalReserve\n\nCharlestonCo sc\non AFltcher\neatTdJames Cane\n\n', 'ESsF\n\n2024\nDCR1700\n', '']","['CR\nCC0\nC\n\n', '2024\nDCR1700\n', '']","['C\nCC0\nC\n\n', '2024\nC1700\n', '']",modelv1.0__2026-05-17 06:45:08
D:/moth_photos/database\batch_05\img_moth_00009276.jpg,"[4000, 6000]",37.38461538461538,"['2024\nDCR1659\n', 'SanteeCoastalReserve\nCharlestqnCoSC\nFLoPresti\nSandPit\n', '']","['2024\nDCR1659\n', 'CR\nCC0C\nR\nR\n', '']","['2024\nC1659\n', 'C\nCC0C\nP\nP\n', '']",modelv1.0__2026-05-17 06:45:08
D:/moth_photos/database\batch_05\img_moth_00009277.jpg,"[4000, 6000]",37.76470588235294,"['2024\nDCR1701\n', '', 'SanteeCoastalReserve\nCharlestonCoSC\n\naAFletcher\n\noaogJames Cane\n']","['2024\nDCR1701\n', '', 'CR\nCCC\nC\n']","['2024\nC1701\n', '', 'CP\nCCC\nC\n']",modelv1.0__2026-05-17 06:45:08
D:/moth_photos/database\batch_05\img_moth_00009278.jpg,"[4000, 6000]",37.57692307692307,"['oanteeCoastalReserve\nCharlestonCoSC\nEFLoPresti\n41SandPit\n\n', '2024\nDCR1660\n', 'Kats\nE een\n2024\n\n']","['CR\nCC0C\n41\n\n', '2024\nDCR1660\n', 'R\n2024\n\n']","['CP\nCC0C\nPP\n41P\n\n', '2024\nPC1660\n', '2024\n\n']",modelv1.0__2026-05-17 06:45:08
D:/moth_photos/database\batch_05\img_moth_00009279.jpg,"[4000, 6000]",37.7843137254902,"['SanteeCoastalReserve\nCharlestonCo Sc\naw Fletcher\n14 AE tf JamesCane\n\nA\n', '', '2024\nDCR1702\n']","['CR\nCC0 C\n14 C\n', '', '2024\nDCR1702\n']","['C\nCC0 C\n14 C\n', '', '2024\nC1702\n']",modelv1.0__2026-05-17 06:45:08
D:/moth_photos/database\batch_05\img_moth_00009280.jpg,"[4000, 6000]",37.86538461538462,"['SanteeCoastalReserve\nCharlestonCo sc\niteg a SandPi\n', '', '2024\nDOCR1661\n']","['CR\nCC\n', '', '2024\nDCR1661\n']","['C\nCC\nP\n', '', '2024\nC1661\n']",modelv1.0__2026-05-17 06:45:08
D:/moth_photos/database\batch_05\img_moth_00009281.jpg,"[4000, 6000]",38.0,"['', '44a4aia44\nSanteeCdastalReserve\nCharlestonCoSC\nEFoPresti\n74Mazyck\nEEeEEOO\n', '2024\nbocr1708\n\n']","['', '44444\nCR\nCCC\n0R\n74\n', '2024\nR1708\n\n']","['', '44444\nC\nCCC\n0P\n74\n', '2024\n1708\n\n']",modelv1.0__2026-05-17 06:45:08
D:/moth_photos/database\batch_05\img_moth_00009282.jpg,"[4000, 6000]",37.75,"['2024\nDCR1662\n', 'ee\nSanteeCoastalReserve\nCharlestonCo Sc\nEFLoPresti\naa SandPit\n', '']","['2024\nDCR1662\n', 'CR\nCC C\n', '']","['2024\nC1662\n', 'C\nCC C\nP\nP\n', '']",modelv1.0__2026-05-17 06:45:08
D:/moth_photos/database\batch_05\img_moth_00009283.jpg,"[4000, 6000]",38.07843137254902,"['', 'ee\nSanteeCoastalReserve\nCharlestonCoSC\nEFLoPresti\n\nMazyck\n\n', '2024\nY DCR1703\n']","['', 'RR\nCR\nCCC\n\n', '2024\nDCR1703\n']","['', 'CP\nCCC\nP\n\n', '2024\nC1703\n']",modelv1.0__2026-05-17 06:45:08
D:/moth_photos/database\batch_05\img_moth_00009284.jpg,"[4000, 6000]",37.22641509433962,"['2024\nDCR1664\n', 'ee\nSanteeCoastalReserve\nCharlestornCoSC\nEFLoPresti\nSandPit\n\n', '']","['2024\nDCR1664\n', 'CR\nCCC\n\n', '']","['2024\nPC1664\n', 'C\nCCC\nP\nP\n\n', '']",modelv1.0__2026-05-17 06:45:08
D:/moth_photos/database\batch_05\img_moth_00009285.jpg,"[4000, 6000]",37.94,"['', 'Ee\nSanteeCoastal Reserve\nCharlestanCoSC\nEFLoPresti\nMazyck\n', 'a\n2024\nDCR1705\n']","['', 'CC\nC R\nCCC\n0\n', '2024\nDCR1705\n']","['', 'CC\nC\nCCC\n0P\n', '2024\nC1705\n']",modelv1.0__2026-05-17 06:45:08
D:/moth_photos/database\batch_05\img_moth_00009286.jpg,"[4000, 6000]",37.24999999999999,"['aol\n\n2024\nDCR1665\n', 'SanteeCoastalReserve\nCharlestonCoSC\nEFLoPresti\nSandPit\n\n', 'Se\n2024\n\n']","['2024\nDCR1665\n', 'CR\nCC0C\n\n', '2024\n\n']","['2024\nPC1665\n', 'C\nCC0C\nP\nP\n\n', '2024\n\n']",modelv1.0__2026-05-17 06:45:08
D:/moth_photos/database\batch_05\img_moth_00009287.jpg,"[4000, 6000]",37.96,"['SanteeCoastalReserve\nCharlestonCoSC\nEFLPresti\nPREZMazyck\n', '', '2024\n4704\n\nCR\n\n']","['CR\nCC0C\nR\nR2\n', '', '2024\n4704\n\nCR\n\n']","['C\nCC0C\nP\nP2\n', '', '2024\n4704\n\nC\n\n']",modelv1.0__2026-05-17 06:45:08
D:/moth_photos/database\batch_05\img_moth_00009288.jpg,"[4000, 6000]",34.879999999999995,"['2024\nDCR1666\n', 'SanteeCoastal Reserve\nCharlestonCoSC\nAPletcher\n\no72JamesCane\n', 'prot retro\np02\n']","['2024\nDCR1666\n', 'C R\nCC0C\n\n72C\n', 'R\n2028\n']","['2024\nPC1666\n', 'C\nCC0C\nP\n\n72C\n', 'P\n2028\n']",modelv1.0__2026-05-17 06:45:08
D:/moth_photos/database\batch_05\img_moth_00009289.jpg,"[4000, 6000]",38.04,"['SanteeCoastalReserve\nCharlestonCoSC\nEFtoPresti\n', '', 'be\n2024\nDCR1706\n']","['CR\nCCC\n0\n', '', 'D\n2024\nDCR1706\n']","['C\nCCC\n0P\n', '', '2024\nPC1706\n']",modelv1.0__2026-05-17 06:45:08
D:/moth_photos/database\batch_05\img_moth_00009290.jpg,"[4000, 6000]",37.92156862745098,"['SanteeCoastalReserve\nCharlestonCoSC\nsAFletcher\nJfeJamesCane\n', '2024\nDCR1667\n\n', 'protooraohee\nME sess\n\n']","['CR\nCC0C\nC\n', '2024\nDCR1667\n\n', '1\n\n']","['C\nCC0C\nPC\n', '2024\nC1667\n\n', 'W 1\n\n']",modelv1.0__2026-05-17 06:45:08
D:/moth_photos/database\batch_05\img_moth_00009291.jpg,"[4000, 6000]",37.68627450980392,"['', '2024\nDCR1707\n', 'ee4t44A\nVantee CoastalReserve\n\nCharlestonCoSC\nE F Lo resti\n\nTAlphs Mazyck\nBT\n']","['', '2024\nDCR1707\n', '444\nCR\nCC0C\n']","['', '2024\nC1707\n', '444\nC\n\nCC0C\n\nP\n']",modelv1.0__2026-05-17 06:45:08
D:/moth_photos/database\batch_05\img_moth_00009292.jpg,"[4000, 6000]",38.12,"['2024\nDCR1668\n', 'SanteeCoastalReserve\nCharlestonCoSC\nI2 AFletcher\nmen sCJamesCane\n\nee\n', '']","['2024\nDCR1668\n', 'CR\nCC0C\n2\nCC\n', '']","['2024\nPC1668\n', 'C\nCC0C\n2\nCC\n', '']",modelv1.0__2026-05-17 06:45:08
D:/moth_photos/database\batch_05\img_moth_00009293.jpg,"[4000, 6000]",37.7843137254902,"['SanteeCoastalReserve\nCharlestonCoSC\n\nEFLoPresti\n\nZ9mi7YMazyck\n', '2024\nDCR1709\n', '']","['CR\nCC0C\n297\n', '2024\nDCR1709\n', '']","['C\nCC0C\n\nP\n\n297\n', '2024\nC1709\n', '']",modelv1.0__2026-05-17 06:45:08
D:/moth_photos/database\batch_05\img_moth_00009294.jpg,"[4000, 6000]",38.08,"['2024\nDCR1669\n', 'SanteeCoastalReserve\nCharlestonCoSC\ni2AFletcher\nots fs zojJamesCane\n', '']","['2024\nDCR1669\n', 'CR\nCCC\n2\n4C\n', '']","['2024\nPC1669\n', 'CP\nCCC\n2\n4C\n', '']",modelv1.0__2026-05-17 06:45:08
D:/moth_photos/database\batch_05\img_moth_00009295.jpg,"[4000, 6000]",37.3921568627451,"['', '', 'SanteeCoastalReserve\nCharlestgn CoSC\nEFLoPresti\nyfOrmondHall\n']","['', '', 'CR\nC CC\n']","['', '', 'C\nC CC\nP\n']",modelv1.0__2026-05-17 06:45:08
D:/moth_photos/database\batch_05\img_moth_00009296.jpg,"[4000, 6000]",37.31372549019608,"['', '', 'Ad\ncalibrite\n']","['', '', '']","['', '', '']",modelv1.0__2026-05-17 06:45:08
D:/moth_photos/database\batch_05\img_moth_00009297.jpg,"[4000, 6000]",37.94,"['a\nSanteeCoastalReserve\nCharlestonCoSC\nEFeLoPresti\ntansOrmondHall\n', '', 'Le\n2024\n\nper1711\nSN\n']","['CR\nCCC\n0\n', '', '2024\n\nDR1711\n']","['C\nCCC\nP\n\n0\n', '', '2024\n\n1711\n']",modelv1.0__2026-05-17 06:45:08
D:/moth_photos/database\batch_05\img_moth_00009298.jpg,"[4000, 6000]",37.57692307692307,"['SanteeCoastalReserve\nCharlestonCoSC\nmeeEF LoPresti\no TawZIncidental\n\n', 'EE\n\n2024\nDCR1676\n\nooM\n', 'x a\n\n']","['CR\nCC0C\n2\n\n', '2024\nDCR1676\n', '']","['C\nCC0C\n\nP P\n\n2\n\n', '2024\nC1676\n\nW\n', '']",modelv1.0__2026-05-17 06:45:08
D:/moth_photos/database\batch_05\img_moth_00009299.jpg,"[4000, 6000]",37.450980392156865,"['MAE Stes\n2028\n\n', '', 'ba\n2024\nDCR1712\n\n']","['R 15\n2028\n\n', '', '2024\nDCR1712\n\n']","['15\n2028\n\n', '', '2024\nPC1712\n\n']",modelv1.0__2026-05-17 06:45:08
D:/moth_photos/database\batch_05\img_moth_00009300.jpg,"[4000, 6000]",37.7843137254902,"['SanteeCoastalReserve\nCharlestonCoSC\n\nEFLoPresti\n', '', '2024\nDCR1677\n\n']","['CR\nCC0C\n', '', '2024\nDCR1677\n\n']","['C\nCC0C\n\nP\n', '', '2024\nPC1677\n\n']",modelv1.0__2026-05-17 06:45:08
D:/moth_photos/database\batch_05\img_moth_00009301.jpg,"[4000, 6000]",37.96,"['', '2024\nDCR1713\n', 'SanteeCoastalReserve\nCharlestonCoSC\nEFBoPresti\nTya6OrmondHall\n\n94\n\n']","['', '2024\nDCR1713\n', 'CR\nCCC\nR\n76\n\n94\n\n']","['', '2024\nC1713\n', 'C\nCCC\nPP\n76\n\n94\n\n']",modelv1.0__2026-05-17 06:45:08
D:/moth_photos/database\batch_05\img_moth_00009302.jpg,"[4000, 6000]",37.549019607843135,"['rr\nSanteeCoastalReserve\nCharlestonCoSC\n\nEFLoPresti\nsant AN2H Incidental\n', '', '2024\nDCR1678\n']","['CR\nCCC\n\n2\n', '', '2024\nDCR1678\n']","['CP\nCCC\n\nP\n2\n', '', '2024\nPC1678\n']",modelv1.0__2026-05-17 06:45:08
D:/moth_photos/database\batch_05\img_moth_00009303.jpg,"[4000, 6000]",38.08,"['2024\nDCR1714\n', 'SanteeCoastalReserve\nCharlegtonCoSC\nEFLoPresti\n\neyOrmondHall\n', 'prctoaroone\nrotor\n2024\n\n']","['2024\nDCR1714\n', 'CR\nCC0C\n7R\n', '2024\n\n']","['2024\nPC1714\n', 'C\nCC0C\nP\n\n7\n', '2024\n\n']",modelv1.0__2026-05-17 06:45:08
D:/moth_photos/database\batch_05\img_moth_00009304.jpg,"[4000, 6000]",38.11764705882353,"['SanteeCoasialReserve\nCharlestonCoSC\nEF doPresti\n\n24Saw Z4Incidentat\n', 'spedOY\ntess\n\nP\n\nI\n\n', '2024\nDCR1679\n']","['CR\nCCC\n24 24\n', '1\n\n', '2024\nDCR1679\n']","['C\nCCC\nP\n24 24\n', 'P\n\n1\n\n', '2024\nPC1679\n']",modelv1.0__2026-05-17 06:45:08
D:/moth_photos/database\batch_05\img_moth_00009305.jpg,"[4000, 6000]",37.450980392156865,"['SanteeCoastalReserve\nCharlestonCoSC\n\nj1EFLoPresti\n\nifve4OrmondHall\n', '2024\nDCR1715\n', '']","['CR\nCCC\n\n1\n\n4C\n', '2024\nDCR1715\n', '']","['CP\nCCC\n\n1PP\n\n4C\n', '2024\nC1715\n', '']",modelv1.0__2026-05-17 06:45:08
D:/moth_photos/database\batch_05\img_moth_00009306.jpg,"[4000, 6000]",37.74509803921569,"['SanteeCoastalReserve\nChariestor CoSC\n\n145\n', '2024\nDCR1680\n', '']","['CR\nC CC\n\n145\n', '2024\nDCR1680\n', '']","['C\nC CC\n\n145\n', '2024\nC1680\n', '']",modelv1.0__2026-05-17 06:45:08
D:/moth_photos/database\batch_05\img_moth_00009307.jpg,"[4000, 6000]",37.450980392156865,"['prior m\nestes\n2025\n\n', '2024\nDCR1716\n', 'CoastalReserve\nChartestonCoSC\nEFLoPresti\n\nOrmondHall\n']","['2025\n\n', '2024\nDCR1716\n', 'CR\nCCC\n0\n']","['2025\n\n', '2024\nPC1716\n', 'CP\nCCC\n0P\n']",modelv1.0__2026-05-17 06:45:08
D:/moth_photos/database\batch_05\img_moth_00009308.jpg,"[4000, 6000]",37.94,"['2024\nDCR1681\n', 'M\n', '']","['2024\nDCR1681\n', '', '']","['2024\nC1681\n', '', '']",modelv1.0__2026-05-17 06:45:08
D:/moth_photos/database\batch_05\img_moth_00009309.jpg,"[4000, 6000]",38.06,"['2024\nDCR1717\n', '', 'SanteeCoastalReserve\nCharlestonCoSC\nfe feFletcher\nJamesCane\n']","['2024\nDCR1717\n', '', 'CR\nCCC\nC\n']","['2024\nPC1717\n', '', 'C\nCCC\nP\nC\n']",modelv1.0__2026-05-17 06:45:08
D:/moth_photos/database\batch_05\img_moth_00009310.jpg,"[4000, 6000]",37.40384615384616,"['s\nSanteeCoastalReserve\nCharlestonCoSC\nEFLePresti\n\n9 FEB incidental\n', '2024\nDCR1682\n', '']","['CR\nCC0C\n\n9 4\n', '2024\nDCR1682\n', '']","['C\nCC0C\nP\n\n9 4\n', '2024\nPC1682\n', '']",modelv1.0__2026-05-17 06:45:08
D:/moth_photos/database\batch_05\img_moth_00009311.jpg,"[4000, 6000]",38.06,"['santee Coastal Reserve\n\nCharleston Co\nA Flatcher\np0vfJames cane\n\nX\n\n', '2024\nDCR1718\n\n2024\n', '']","['C R\n\nC C\n30 C\n\n', '2024\nDCR1718\n\n2024\n', '']","['C\n\nC C\n30 C\n\n', '2024\nC1718\n\n2024\n', '']",modelv1.0__2026-05-17 06:45:08
D:/moth_photos/database\batch_05\img_moth_00009312.jpg,"[4000, 6000]",37.549019607843135,"['eq\nSanteeCoastalReserve\nCharlestonCoSC\nDred EFLoPresti\nFER LYyIncidental\n', '', 'ESrrs\n\n2024\nDCR1683\n\noo\n']","['00\nCR\nCC0C\nD\nR 2\n', '', '2024\nDCR1683\n']","['00\nC\nCC0C\nP\n2\n', '', '2024\nC1683\n']",modelv1.0__2026-05-17 06:45:08
D:/moth_photos/database\batch_05\img_moth_00009313.jpg,"[4000, 6000]",37.509803921568626,"['2024\nDCR1719\n', 'SanteeCoastalReserve\nCharlestonCoSC\nil Abletcher\nae\nisi44JamesCane\n', 'pcxoor00F26T\nMES\n\n']","['2024\nDCR1719\n', 'CR\nCCC\n44C\n', '0026\n\n']","['2024\nPC1719\n', 'C\nCCC\nP\n44C\n', '0026\n\n']",modelv1.0__2026-05-17 06:45:08
D:/moth_photos/database\batch_05\img_moth_00009314.jpg,"[4000, 6000]",37.411764705882355,"['SanteeCoastaiReserve\nCharleston CoSC\nLoPresti\n\necavt Incidental\n', 'prt\n\n', '2024\nDCR1684\n\n']","['CR\nC CC\nR\n', '', '2024\nDCR1684\n\n']","['C\nC CC\nP\n', '', '2024\nPC1684\n\n']",modelv1.0__2026-05-17 06:45:08
D:/moth_photos/database\batch_05\img_moth_00009315.jpg,"[4000, 6000]",38.08,"['Le\nSanteeCoastalReserve\nCharlestonCoSC\n7 AFlefcher\n2 4JamesCane\nee\n', 'OV\n\nprctoraoneon\nMESA\n\n', '2024\nDCR1720\n']","['CR\nCCC\n7\n2 4C\n', 'D\n\n', '2024\nDCR1720\n']","['CP\nCCC\n7\n2 4C\n', '', '2024\nPC1720\n']",modelv1.0__2026-05-17 06:45:08
D:/moth_photos/database\batch_05\img_moth_00009316.jpg,"[4000, 6000]",37.450980392156865,"['2024\nDCR1685\n', 'nteeCoastalReserve\nCharlestonCoSC\nE F aLoPresti\n1Gpe2Incidental\n\n', '']","['2024\nDCR1685\n', 'CR\nCCC\n192\n\n', '']","['2024\nC1685\n', 'C\nCCC\nP\n\n192\n\n', '']",modelv1.0__2026-05-17 06:45:08
D:/moth_photos/database\batch_05\img_moth_00009317.jpg,"[4000, 6000]",38.0,"['SanteeCoastal Reserve\nChariestonCoSC\nAEletcher\nabi ait\n\nJamesCane\n', '', 'i\n\n2024\n']","['C R\nCC0C\n\nC\n', '', '2024\n']","['C\nCC0C\n\nC\n', '', '2024\n']",modelv1.0__2026-05-17 06:45:08
D:/moth_photos/database\batch_05\img_moth_00009318.jpg,"[4000, 6000]",37.52941176470588,"['SanteeCoastal Reserve\nCharlestonCoSC\n0 EFLoPresti\nFEG24Incidental\n', '', '2024\nDCR1686\n']","['5C R\nCC0C\n0\nC24\n', '', '2024\nDCR1686\n']","['5C\nCC0C\n0 P\nPC24\n', '', '2024\nPC1686\n']",modelv1.0__2026-05-17 06:45:08
D:/moth_photos/database\batch_05\img_moth_00009319.jpg,"[4000, 6000]",37.431372549019606,"['', 'Santee Coastal Reserve\nCharleston CoSC\nA Fletcher\n\nata James Can\n', '2024\nDCR1722\n']","['', 'C R\nC CC\n\nC\n', '2024\nDCR1722\n']","['', 'C\nC CC\n\nC\n', '2024\nC1722\n']",modelv1.0__2026-05-17 06:45:08
D:/moth_photos/database\batch_05\img_moth_00009320.jpg,"[4000, 6000]",37.7843137254902,"['2024\nDCR1687\n', 'SanteeCoastalReserve\nChariestonCoSC\nEFLoPresti\nOEES2yincidental\n', 'pro an\nME stessrvn\n2028\n\n']","['2024\nDCR1687\n', 'CR\nCCC\nDC2\n', '2028\n\n']","['2024\nPC1687\n', 'C\nCCC\nP\nC2\n', 'P\n2028\n\n']",modelv1.0__2026-05-17 06:45:08
D:/moth_photos/database\batch_05\img_moth_00009321.jpg,"[4000, 6000]",37.82352941176471,['ote\nras\n\nP\nM 2024\n\n'],['2024\n\n'],['P\n2024\n\n'],modelv1.0__2026-05-17 06:45:08
D:/moth_photos/database\batch_05\img_moth_00009322.jpg,"[4000, 6000]",37.333333333333336,"['2024\nDCR1688\n', 'eee\nEe i\n2024\n\n', '']","['2024\nDCR1688\n', '2024\n\n', '']","['2024\nC1688\n', '2024\n\n', '']",modelv1.0__2026-05-17 06:45:08
D:/moth_photos/database\batch_05\img_moth_00009323.jpg,"[4000, 6000]",37.84313725490196,"['2024\nDCR1724\n', 'SanteeCoastalReserve\nCharlestonCoSC\nAFRetcher\nmel24JamesCane\n', 'OV\ngtessre\n\nP\n\nnot\nMme\n\nE\n\n']","['2024\nDCR1724\n', 'CR\nCCC\nR\n24C\n', '1\n\n']","['2024\nC1724\n', 'C\nCCC\nP\n24C\n', '1\n\nP\n\n']",modelv1.0__2026-05-17 06:45:08
D:/moth_photos/database\batch_05\img_moth_00009324.jpg,"[4000, 6000]",38.04,"['SanteeCoastalReserve\nCharlestonCoSC\nEFLOPresti\n1Fe424incidental\n', '2024\n\nDCR1689\n', '']","['CR\nCCC\nR\n1424\n', '2024\n\nDCR1689\n', '']","['C\nCCC\nP\n1424\n', '2024\n\nC1689\n', '']",modelv1.0__2026-05-17 06:45:08
D:/moth_photos/database\batch_05\img_moth_00009325.jpg,"[4000, 6000]",37.84313725490196,"['2024\nDCR1725\n', 'SanteeCoastalReserve\nCharlestonCoSC\niAFletcher\niPie3eJamesCane\n', 'P\n\nbv\nrat gran\nMEG\n\n']","['2024\nDCR1725\n', 'CR\nCC0C\n3C\n', '3R\n\n']","['2024\nC1725\n', 'C\nCC0C\nP3C\n', 'P\n\n3\n\n']",modelv1.0__2026-05-17 06:45:08
D:/moth_photos/database\batch_05\img_moth_00009326.jpg,"[4000, 6000]",37.74509803921569,"['SanteeCoastalReserve\nCharlestonCpSC\n\niL AFletcher\n\nj fa PR2JamesCane\n', 'P\n\nbv\nessen\nn\n\n', '2024\n\nDCR1726\nRN\n']","['CR\nCCC\nR2C\n', '', '2024\n\nDCR1726\nR\n']","['C\nCCC\nP2C\n', 'P\n\n', '2024\n\nC1726\n']",modelv1.0__2026-05-17 06:45:08
D:/moth_photos/database\batch_05\img_moth_00009327.jpg,"[4000, 6000]",37.470588235294116,"['P St\n\nOV\nnot omen\nMESA\n\n', '2024\nDCR1727\n', 'bc\nSanteeCoastalReserve\nCharlestonCoSC\nwA Fletcher\nJamesCane\nSS\n']","['3\n\n', '2024\nDCR1727\n', 'CR\nCCC\nC\n']","['P\n\n3\n\n', '2024\nC1727\n', 'C\nCCC\nC\n']",modelv1.0__2026-05-17 06:45:08
D:/moth_photos/database\batch_05\img_moth_00009328.jpg,"[4000, 6000]",37.64705882352941,"['SanteeCoastalReserve\nCharleston Co Sc\n777A Fletcher\nf APE sJamesCane\n', '', '2024\nDCR1728\n\n']","['CR\nC C0 C\n7774\n4 C\n', '', '2024\nDCR1728\n\n']","['C\nC C0 C\n7774\n4P C\n', '', '2024\nC1728\n\n']",modelv1.0__2026-05-17 06:45:08
D:/moth_photos/database\batch_05\img_moth_00009329.jpg,"[4000, 6000]",37.88235294117647,"['2024\nDCR1731\n', 'SanteeCoastalReserve\nCharlestonCoSC\nA Fletcher\nfTRP Gap fJamesCane\n', 'Kc\nE eee\n2024\n\n']","['2024\nDCR1731\n', 'CR\nCC0C\nDR C\n', '2024\n\n']","['2024\nPC1731\n', 'C\nCC0C\nP C\n', '2024\n\n']",modelv1.0__2026-05-17 06:45:08
D:/moth_photos/database\batch_05\img_moth_00009330.jpg,"[4000, 6000]",37.86274509803922,"['2024\nDCR1732\n\n', 'SanteeCoastalReserve\nCharlestonCoSC\nAFletcher\nco JamesCane\nBEEN\n', 'P\n\nwest\n\npv\nessen\n4\n\n']","['2024\nDCR1732\n\n', 'CR\nCCC\nC C\n', '4\n\n']","['2024\nC1732\n\n', 'C\nCCC\nC C\n', 'P\n\n4\n\n']",modelv1.0__2026-05-17 06:45:08
D:/moth_photos/database\batch_05\img_moth_00009331.jpg,"[4000, 6000]",37.64705882352941,"['2024\nDCR1729\n', 'SanteeCoastalReserve\nCharlestonCoSC\nif AFletcher\nAe zuJamesCane\n', '']","['2024\nDCR1729\n', 'CR\nCCC\n1RD C\n', '']","['2024\nC1729\n', 'C\nCCC\n1 C\n', '']",modelv1.0__2026-05-17 06:45:08
D:/moth_photos/database\batch_05\img_moth_00009332.jpg,"[4000, 6000]",37.53846153846153,"['2024\nDCR1730\n', '', 'SanteeCoastalReserve\nCharlestonCoSC\nAFletcher\nJamesCane\n\ni a\n\n']","['2024\nDCR1730\n', '', 'CR\nCC0C\nC\n\n']","['2024\nPC1730\n', '', 'CP\nCC0C\nP\nC\n\n']",modelv1.0__2026-05-17 06:45:08
D:/moth_photos/database\batch_05\img_moth_00009333.jpg,"[4000, 6000]",37.65384615384615,"['2024\nDCR1733\n', 'SanteeCoastalReserve\nCharlestonCoSC\nL AvFletcher\niRVEt yJamesCane\n', '']","['2024\nDCR1733\n', 'CR\nCC0C\nR C\n', '']","['2024\nC1733\n', 'C\nCC0C\nC\n', '']",modelv1.0__2026-05-17 06:45:08
D:/moth_photos/database\batch_05\img_moth_00009334.jpg,"[4000, 6000]",37.490196078431374,"['Erw\nSantee CoastalReserve\n\nCharlestonCo SC\nae AFletcher\nas3ydames Cane\n', '', '2024\n\nDCR1734\nIN\n\n']","['CR\n\nCC C\n3 C\n', '', '2024\n\nDCR1734\n\n']","['C\n\nCC C\n3 C\n', '', '2024\n\nPC1734\n\n']",modelv1.0__2026-05-17 06:45:08
D:/moth_photos/database\batch_05\img_moth_00009335.jpg,"[4000, 6000]",37.82352941176471,"['SanteeCoastalReserve\nCharlestonCoSC\n', 'P\n\nbv\nessen\nn\n\n', 'tHB\n2024\nDCR1735\n']","['CR\nCCC\n', '', '2024\nDCR1735\n']","['C\nCCC\n', 'P\n\n', '2024\nC1735\n']",modelv1.0__2026-05-17 06:45:08
D:/moth_photos/database\batch_05\img_moth_00009336.jpg,"[4000, 6000]",37.71999999999999,"['SanteeCoastalReserve\nCharlestonCoSC\nEFLoPresti\n\niHmayCape\n', 'prctoro an\nmest\n2028\n\n', '2024\n\nDCR1736\n\n']","['CR\nCCC\n\nC\n', '18\n2028\n\n', '2024\n\nDCR1736\n\n']","['C\nCCC\nP\n\nC\n', '18\n2028\n\n', '2024\n\nC1736\n\n']",modelv1.0__2026-05-17 06:45:08
D:/moth_photos/database\batch_05\img_moth_00009337.jpg,"[4000, 6000]",38.1,"['2024\nDCR1737\n', 'Santee CoastalReserve\nChartestonCoSC\n3EF9LoPresti\niMag Cape\n\n', 'rset\nE 7024\n\n']","['2024\nDCR1737\n', '8 CR\nCCC\n390\nC\n\n', '7024\n\n']","['2024\nC1737\n', '8 C\nCCC\n3P90P\nC\n\n', '7024\n\n']",modelv1.0__2026-05-17 06:45:08
D:/moth_photos/database\batch_05\img_moth_00009338.jpg,"[4000, 6000]",38.02,"['2024\nDCR1738\n', 'proton i\nME gress\n2028\n\n', 'Stiietl\nsanteeCoastel Reserve\nCharlesignCO\nEFLoPrest\n\nae\n\n']","['2024\nDCR1738\n', '2028\n\n', 'C R\nCC\n\n']","['2024\nC1738\n', '2028\n\n', 'C\nCC\nP\n\n']",modelv1.0__2026-05-17 06:45:08
D:/moth_photos/database\batch_05\img_moth_00009339.jpg,"[4000, 6000]",37.94117647058824,"['2024\nDCR1741\n', 'pro\nese\n2024\n\n', '']","['2024\nDCR1741\n', '2024\n\n', '']","['2024\nC1741\n', 'P\n2024\n\n', '']",modelv1.0__2026-05-17 06:45:08
D:/moth_photos/database\batch_05\img_moth_00009340.jpg,"[4000, 6000]",38.06,"['2024\nDCR1739\n', 'SanteeCoastalReserve\nCharlestonCoSC\n15RPris ivf pe\n', '']","['2024\nDCR1739\n', 'CR\nCCC\n15R\n', '']","['2024\nC1739\n', 'C\nCCC\n15P P\n', '']",modelv1.0__2026-05-17 06:45:08
D:/moth_photos/database\batch_05\img_moth_00009341.jpg,"[4000, 6000]",38.01960784313725,"['2024\n\nDCR1740\n', 'Sie\nSantee Coastal Reserve\n\nCharleston CoSC\nit EFLoPresti\nbegeZGo Cape\n\nOt\n', '']","['2024\n\nDCR1740\n', 'C R\n\nC C0C\n5\nC\n', '']","['2024\n\nC1740\n', 'C\n\nC C0C\n5 P\nP C\n', '']",modelv1.0__2026-05-17 06:45:08
D:/moth_photos/database\batch_05\img_moth_00009342.jpg,"[4000, 6000]",37.40384615384616,"['2024\nDCR1742\n', 'SanteeCoastalReserve\nCharleston CoSC\n\n11EFLoPresti\nIPVARTCape\n', 'P\n\nbv\nessen\nn\n\n']","['2024\nDCR1742\n', 'CR\nC CC\n\n11\n1RC\n', '']","['2024\nPC1742\n', 'C\nC CC\n\n11P\n1PC\n', 'P\n\n']",modelv1.0__2026-05-17 06:45:08
D:/moth_photos/database\batch_05\img_moth_00009343.jpg,"[4000, 6000]",37.84313725490196,"['santeeCoastalReserve\nCharlestonCoSC\nEF LoPresti\n\nE fe tf agCape\n', '']","['CR\nCC5C\nC\n\n3C\n', '']","['CP\nCC5C\nC P\n\n3C\n', '']",modelv1.0__2026-05-17 06:45:08
D:/moth_photos/database\batch_05\img_moth_00009344.jpg,"[4000, 6000]",38.09803921568627,"['SamnteeCoastaiKeserve\nCharlestonCo5C\n3EFLoPresti\n', 'bv\nessen\n\nE\n\n', 'er\n2024\nDCR 1743\n']","['C\nCC5C\n3\n', '', '2024\nDCR 1743\n']","['C\nCC5C\n3PP\n', '', '2024\nPC 1743\n']",modelv1.0__2026-05-17 06:45:08
D:/moth_photos/database\batch_05\img_moth_00009345.jpg,"[4000, 6000]",38.09803921568627,"['SanteeCoastalReserve\nChartestonCoSC\n\nouEF L8Presti\n1AG2Cape\n', '', '2024\nDCR1744\n\n']","['CR\nCCC\n\n8\n12C\n', '', '2024\nDCR1744\n\n']","['C\nCCC\n\n8P\n12C\n', '', '2024\nPC1744\n\n']",modelv1.0__2026-05-17 06:45:08
D:/moth_photos/database\batch_05\img_moth_00009346.jpg,"[4000, 6000]",38.03921568627451,"['SanteeCoastalReserve\nCharlestonCoSC\nEFLoPresti\n\niALoM\n', '2024\nDCR1745\n', '']","['CR\nCCC\n2\n', '2024\nDCR1745\n', '']","['C\nCCC\nPP\n\n2\n', '2024\nPC1745\n', '']",modelv1.0__2026-05-17 06:45:08
D:/moth_photos/database\batch_05\img_moth_00009347.jpg,"[4000, 6000]",37.42307692307692,"['', 'SanteeCoastalReserve\nCharleston CoSC\nE F LoPresti\n\nCape\nCd\n\n', '2024\n\nDCR1746\nee\n']","['', 'CR\nC CC\nC\n\nC\nC\n\n', '2024\n\nDCR1746\n']","['', 'C\nC CC\nCP\n\nC\nC\n\n', '2024\n\nPC1746\n']",modelv1.0__2026-05-17 06:45:08
D:/moth_photos/database\batch_05\img_moth_00009348.jpg,"[4000, 6000]",37.92156862745098,"['SanteeCoastalReserve\nCharlestonCoSC\nU EFtoPresti\n\niNALEYCape\n', '', '2024\nDCR1747\n']","['CR\nCCC\n0\n\nRC\n', '', '2024\nDCR1747\n']","['CP\nCCC\n0P\n\nPC\n', '', '2024\nPC1747\n']",modelv1.0__2026-05-17 06:45:08
D:/moth_photos/database\batch_05\img_moth_00009349.jpg,"[4000, 6000]",37.58823529411765,"['2024\nDCR1748\n', 'SanteeCoastalReserve\nCharlestonCoSC\nEF LoPresti\n4 pF eae Cape\n', '']","['2024\nDCR1748\n', 'CR\nCCC\n4 C\n', '']","['2024\nPC1748\n', 'C\nCCC\nP\n4 C\n', '']",modelv1.0__2026-05-17 06:45:08
D:/moth_photos/database\batch_05\img_moth_00009350.jpg,"[4000, 6000]",37.74509803921569,"['2024\nDCR1749\n', 'SanteeCoastalReserve\nCharlestonCoSC\n\nEFeLoPresti\n\nLheoCape\n', '']","['2024\nDCR1749\n', 'CR\nCC0C\n1C\n', '']","['2024\nPC1749\n', 'C\nCC0C\n\nPP\n\n1C\n', '']",modelv1.0__2026-05-17 06:45:08
D:/moth_photos/database\batch_05\img_moth_00009351.jpg,"[4000, 6000]",37.53846153846153,"['es\n\n2024\nDCR1750\n', 'ene\nSanteeCoastalReserve\nCharlestonCoSC\nEF LoPresti\niMnySet ju Cape\n', 'prctoaraohe i\nMe stesso\n2028\n\n']","['2024\nDCR1750\n', 'CR\nCC0C\n0R\n\nC\n', '2028\n\n']","['2024\nC1750\n', 'C\nCC0C\n0P\n\nC\n', '2028\n\n']",modelv1.0__2026-05-17 06:45:08
D:/moth_photos/database\batch_05\img_moth_00009352.jpg,"[4000, 6000]",37.411764705882355,"['2024\nDCR1751\n', 'SanteeCoastalReserve\nCharlestonCoSC\n\nEFtoPrest\n\nSlamak7Cape\n\n', '']","['2024\nDCR1751\n', 'CR\nCC0C\n\n0R\n\nC7C\n\n', '']","['2024\nC1751\n', 'C\nCC0C\n\n0P\n\nC7C\n\n', '']",modelv1.0__2026-05-17 06:45:08
D:/moth_photos/database\batch_05\img_moth_00009353.jpg,"[4000, 6000]",37.431372549019606,"['', 'ee\nSanteeCoastalReserve\nCharlestonCoSC\nEFLoPresti\nAde Cape\n\n', '2024\nDCR1752 l\n']","['', 'CR\nCC0C\nC\n\n', '2024\nDCR1752\n']","['', 'C\nCC0C\nP\nC\n\n', '2024\nC1752\n']",modelv1.0__2026-05-17 06:45:08
D:/moth_photos/database\batch_05\img_moth_00009354.jpg,"[4000, 6000]",37.92156862745098,"['canteeCoastaiReserve\nCharlestonCoSC\nl uy EFeLoPresti\nBot 4 Cape\n', 'orate\n\n', '2024\nDCR1754\n\n']","['CR\nCC0C\nR 4 C\n', '0\n\n', '2024\nDCR1754\n\n']","['CP\nCC0C\nP\n4 C\n', '0\n\n', '2024\nPC1754\n\n']",modelv1.0__2026-05-17 06:45:08
D:/moth_photos/database\batch_05\img_moth_00009355.jpg,"[4000, 6000]",37.90196078431373,"['l SanteeCoastalReserve\nCharlestonCoSC\nFLoPresti\n\niM4ARELYCape\n', '', '2024\nDCR1753\n']","['CR\nCC0C\n\n4RRC\n', '', '2024\nDCR1753\n']","['C\nCC0C\nP\n\n4C\n', '', '2024\nC1753\n']",modelv1.0__2026-05-17 06:45:08
D:/moth_photos/database\batch_05\img_moth_00009356.jpg,"[4000, 6000]",37.74509803921569,"['2024\nDCR1755\n', 'SanteeCoastalReserve\nChartestonCoSC\n\n14 made AE FY Cape\n', 'pretor2nee ae\n2028\n\n']","['2024\nDCR1755\n', 'CR\nCCC\n\n14 C\n', '2\n2028\n\n']","['2024\nC1755\n', 'C\nCCC\n\n14 PC\n', '2\n2028\n\n']",modelv1.0__2026-05-17 06:45:08
D:/moth_photos/database\batch_05\img_moth_00009357.jpg,"[4000, 6000]",37.42307692307692,"['SanteeCoastalReserve\nChariestonCoSC\nEFLoPresti\n', '2024\n', 'bv\nessen\n\n8\n\n']","['CR\nCCC\n', '2024\n', '8\n\n']","['C\nCCC\nPP\n', '2024\n', '8\n\n']",modelv1.0__2026-05-17 06:45:08
D:/moth_photos/database\batch_05\img_moth_00009358.jpg,"[4000, 6000]",37.36538461538461,"['lUlt\n\n2024\nDCR1757\n', '', 'SanteeCoastalReserve\nCharlestonCoSC\nEFCoPresti\n\noP ad Cape\n']","['2024\nDCR1757\n', '', 'CR\nCCC\nC\n\nR C\n']","['2024\nPC1757\n', '', 'C\nCCC\nCP\n\nP C\n']",modelv1.0__2026-05-17 06:45:08
D:/moth_photos/database\batch_05\img_moth_00009359.jpg,"[4000, 6000]",37.94,"['', '', 'oo\ncalibrite\n']","['', '', '5\n']","['', '', '5\n']",modelv1.0__2026-05-17 06:45:08
D:/moth_photos/database\batch_05\img_moth_00009360.jpg,"[4000, 6000]",37.411764705882355,"['P\n\nrar\nme3\n\npv\nesse\nn\n\n', '2024\nDCR1758\n\n', 'pr\nSanteeCoastalReserve\nCharlastonCoSC\nELFLoPresti\nae Cape\nYN\n\n']","['3\n\n', '2024\nDCR1758\n\n', 'CR\nCCC\nC\n\n']","['P\n\n3\n\n', '2024\nPC1758\n\n', 'C\nCCC\nP\nC\n\n']",modelv1.0__2026-05-17 06:45:08
D:/moth_photos/database\batch_05\img_moth_00009361.jpg,"[4000, 6000]",37.980000000000004,"['2024\nDCR1759\n', 'CharlestonCoSC\nEFcoPresti\n\nthea\n', 'prone m\nMeE gress\n2028\n\n']","['2024\nDCR1759\n', 'CCC\n0R\n\n7\n', '2028\n\n']","['2024\nC1759\n', 'CCC\n0P\n\n7\n', '2028\n\n']",modelv1.0__2026-05-17 06:45:08
D:/moth_photos/database\batch_05\img_moth_00009362.jpg,"[4000, 6000]",37.90196078431373,"['2024\nDCR 1765\n', '', 'ChariestonCoSC\nyE F boPrest\n2 Cape\n\nSanteeCoastalReserve\n']","['2024\nDCR 1765\n', '', 'CC0C\n2 C\n\nCR\n']","['2024\nCP 1765\n', '', 'CC0C\nP\n2 C\n\nC\n']",modelv1.0__2026-05-17 06:45:08
D:/moth_photos/database\batch_05\img_moth_00009363.jpg,"[4000, 6000]",37.490196078431374,"['SanteeCoastalReserve\nChariestenCoSC\nELFLoPresti\nMEGL4Cape\n', '', '7024\n\noc\n\n']","['CR\nCCC\n4C\n', '', '7024\n\n3\n\n']","['C\nCCC\nPP\n4C\n', '', '7024\n\n3\n\n']",modelv1.0__2026-05-17 06:45:08
D:/moth_photos/database\batch_05\img_moth_00009364.jpg,"[4000, 6000]",37.666666666666664,"['2024\nDCR1767\n', 'SanteeCoastalReserve\nCharleston CoSC\n4 pete F oPresti\n\n2s4Cape\n', 'Ste\nfa rohan\n7024\n\n']","['2024\nDCR1767\n', 'CR\nC CC\n4\n\n24C\n', '7024\n\n']","['2024\nPC1767\n', 'CP\nC CC\n4 P\n\n24C\n', '7024\n\n']",modelv1.0__2026-05-17 06:45:08
D:/moth_photos/database\batch_05\img_moth_00009365.jpg,"[4000, 6000]",38.04,"['2024\nDCR1768\n', 'SanteeCoastalReserve\nChariestonCoSC\nEPLoPresti\n4 MACIiCape\n', '']","['2024\nDCR1768\n', 'CR\nCC0C\n4 CC\n', '']","['2024\nPC1768\n', 'C\nCC0C\nPP\n4 CC\n', '']",modelv1.0__2026-05-17 06:45:08
D:/moth_photos/database\batch_05\img_moth_00009366.jpg,"[4000, 6000]",37.52941176470588,"['2024\nDCR1769\n\na\n', 'prctoaaten\nMESO\n\n', 'SanteeCoastal Reserve\n\nCharlestonCoSC\n3EPLoPresti\n\niSPyaALoyCape\n']","['2024\nDCR1769\n', '3\n\n', 'C R\n\nCC0C\n3\n\nC\n']","['2024\nC1769\n', '3\n\n', 'C\nCC0C\n3PP\nPC\n']",modelv1.0__2026-05-17 06:45:08
D:/moth_photos/database\batch_05\img_moth_00009367.jpg,"[4000, 6000]",37.94117647058824,"['2024\nDCR1770\n', 'a\nSanteeCoastalReserve\nCharlastonCoSC\nted EF LoPresti\nTPBe5Cape\n', '']","['2024\nDCR1770\n', 'CR\nCC0C\n75C\n', '']","['2024\nC1770\n', 'C\nCC0C\n\nP\n\n7P5C\n', '']",modelv1.0__2026-05-17 06:45:08
D:/moth_photos/database\batch_05\img_moth_00009368.jpg,"[4000, 6000]",38.03921568627451,"['CharlestonCoSC\ny1ER boPresti\niAramzyCape\n\nee 5\n', 'P\n\nbv\nrot grren\nmMESSh\n\n', '2024\nDCR1760\n']","['CCC\n41R 0R\n4C\n\n5\n', '34\n\n', '2024\nDCR1760\n']","['CCC\n41 0P\n4C\n\n5\n', 'P\n\n34\n\n', '2024\nC1760\n']",modelv1.0__2026-05-17 06:45:08
D:/moth_photos/database\batch_05\img_moth_00009369.jpg,"[4000, 6000]",38.0,"['', 'SanteeCoastalReserve\nCharleston CoSC\nEF LoPresti\n\no27Cape\nBY\n', '2024\nocR1763\n']","['', 'CR\nC CC\n\n27C\n', '2024\nCR1763\n']","['', 'C\nC CC\nP\n\n27C\n', '2024\nC1763\n']",modelv1.0__2026-05-17 06:45:08
D:/moth_photos/database\batch_05\img_moth_00009370.jpg,"[4000, 6000]",37.62745098039216,"['ttstSS\n\n2024\nDCR1762\n', 'Pes\n\nza\n8\n\n', '']","['2024\nDCR1762\n', '4\n8\n\n', '']","['2024\nC1762\n', 'P\n\n4\n8\n\n', '']",modelv1.0__2026-05-17 06:45:08
D:/moth_photos/database\batch_05\img_moth_00009371.jpg,"[4000, 6000]",37.490196078431374,"['', '2024\nDCR 1763\n', 'SanteeCoastalReserve\nCharlestonCoSC\nE F LoPresti\n']","['', '2024\nDCR 1763\n', 'CR\nCC0C\n']","['', '2024\nC 1763\n', 'C\nCC0C\nP\n']",modelv1.0__2026-05-17 06:45:08
D:/moth_photos/database\batch_05\img_moth_00009372.jpg,"[4000, 6000]",37.96,"['2024\nDCR1764\n', 'SanteeCoastalReserve\nChartestonCoSC\n\nEFLoPresti\nABfie Cape\n', 'we\n\n']","['2024\nDCR1764\n', 'CR\nCCC\nR C\n', '']","['2024\nPC1764\n', 'C\nCCC\n\nPP\nP C\n', '']",modelv1.0__2026-05-17 06:45:08
D:/moth_photos/database\batch_05\img_moth_00009373.jpg,"[4000, 6000]",38.04,"['2024\nDCR1771\n', 'Kc\nE sesso\n7024\n\n', '']","['2024\nDCR1771\n', '7024\n\n', '']","['2024\nPC1771\n', '7024\n\n', '']",modelv1.0__2026-05-17 06:45:08
D:/moth_photos/database\batch_05\img_moth_00009374.jpg,"[4000, 6000]",37.568627450980394,"['Photographedby\nAFletcher\n2024\n', 'SanteeCoastalReserve\nCharlestonCoSC\n77EFLoPresti\n', '2024\nDCR598\n']","['2024\n', 'CR\nCC0C\n77C\n', '2024\nDCR598\n']","['P\n2024\n', 'CP\nCC0C\n77CP\n', '2024\nC598\n']",modelv1.0__2026-05-17 06:45:08
D:/moth_photos/database\batch_05\img_moth_00009375.jpg,"[4000, 6000]",37.839999999999996,"['AFletcher\n2024\n', 'SanteeCoastalReserve\nCharlestonCoSC\nEFLoPresti\n\nTMARZyScrubOak\n', '2024\nDCR634\n']","['2024\n', 'CR\nCCC\n\n7R2\n', '2024\nDCR634\n']","['2024\n', 'C\nCCC\nP\n\n72\n', '2024\nC634\n']",modelv1.0__2026-05-17 06:45:08
D:/moth_photos/database\batch_05\img_moth_00009376.jpg,"[4000, 6000]",37.94117647058824,"['Photographedby\nAFietcher\n2024\n', 'SanteeCoastalReserve\nCharlestonCoSC\nq EFLoPresti\n\nFES ty Cypress\n', '2024\nDCR673\n']","['2024\n', 'CR\nCCC\n4 C\n\nC\n', '2024\nDCR673\n']","['P\nP\n2024\n', 'CP\nCCC\n4 CP\n\nC\n', '2024\nC673\n']",modelv1.0__2026-05-17 06:45:08
D:/moth_photos/database\batch_05\img_moth_00009377.jpg,"[4000, 6000]",37.27450980392157,"['AFietcher\n2024\n', 'SanteeCoastalReserve\nCharlestonCoSC\n\nos EFboPresti\n\na ya u2Cypress\n', '2024\nDCR597\n']","['2024\n', 'CR\nCC0C\n\nR\n\n3 2C\n', '2024\nDCR597\n']","['2024\n', 'C\nCC0C\n\nP\n\n3 2C\n', '2024\nC597\n']",modelv1.0__2026-05-17 06:45:08
D:/moth_photos/database\batch_05\img_moth_00009378.jpg,"[4000, 6000]",37.64705882352941,"['AFletcher\n2024\n', '2024\nDCR638\n', 'SanteeCoastalReserve\nCharlestoreCoSC\nEFLoPresti\nLed 4ScrubOak\n\n']","['2024\n', '2024\nDCR638\n', 'CR\nCC0C\n7 4\n\n']","['2024\n', '2024\nPC638\n', 'C\nCC0C\nP\n7 4\n\n']",modelv1.0__2026-05-17 06:45:08
D:/moth_photos/database\batch_05\img_moth_00009379.jpg,"[4000, 6000]",37.92156862745098,"['Photographedby\nAFletcher\n2024\n', 'SanteeCoastalReserve\nCharlestonCoSC\na EFLdPresti\n\nj14Cypress\n', '2024\nDCR668\n']","['2024\n', 'CR\nCC0C\n\n14C\n', '2024\nDCR668\n']","['P\n2024\n', 'C\nCC0C\nP\n\n14C\n', '2024\nPC668\n']",modelv1.0__2026-05-17 06:45:08
D:/moth_photos/database\batch_05\img_moth_00009380.jpg,"[4000, 6000]",37.411764705882355,"['AFletcher\n2024\n', 'SanteeCoastalReserve\nChartestonCoSC\nEFdoPrest\noe Cypress\n\n', '2024\nDCR592\n']","['2024\n', 'DC\nCR\nCC0C\nC\n\n', '2024\nDCR592\n']","['2024\n', 'C\nCC0C\nP\nC\n\n', '2024\nC592\n']",modelv1.0__2026-05-17 06:45:08
D:/moth_photos/database\batch_05\img_moth_00009381.jpg,"[4000, 6000]",37.490196078431374,"['Photographedby\nAFletcher\n2024\n', '2024\nDCR633\n', 'SanteeCoastaiReserve\nChariestonCoSC\n7 EFLoPresti\nAA224ScrubOak\n']","['2024\n', '2024\nDCR633\n', 'CR\nCCC\n7\n224C\n']","['P\n2024\n', '2024\nC633\n', 'C\nCCC\n7 P\n224C\n']",modelv1.0__2026-05-17 06:45:08
D:/moth_photos/database\batch_05\img_moth_00009382.jpg,"[4000, 6000]",37.64705882352941,"['AFietcher\n2024\n', 'SanteeCoastalKeserve\nCharlestonCoSC\nEFLoPresti\n\nAER1LCypress\n', '2024\nDCR664\n']","['2024\n', 'CR\nCCC\n\nCR1C\n', '2024\nDCR664\n']","['2024\n', 'C\nCCC\nP\n\nC1C\n', '2024\nC664\n']",modelv1.0__2026-05-17 06:45:08
D:/moth_photos/database\batch_05\img_moth_00009383.jpg,"[4000, 6000]",37.568627450980394,"['Photographedby\nAFletcher\n2024\n', 'SanteeCoastalReserve\nCharlestonCoSC\nEFLoPresti\n\nto Cypress\n', '2024\nDCR600\n']","['2024\n', 'CR\nCCC\nC\n', '2024\nDCR600\n']","['P\n2024\n', 'C\nCCC\nP\n\nC\n', '2024\nC600\n']",modelv1.0__2026-05-17 06:45:08
D:/moth_photos/database\batch_05\img_moth_00009384.jpg,"[4000, 6000]",37.52941176470588,"['AFletcher\n2024\n', '2024\nDCR636\n', 'SanteeCoastalReserve\nChariestonCoSC\nEFLPresti\nLmag7s4ScrubOak\n']","['2024\n', '2024\nDCR636\n', 'CR\nCC0C\n474C\n']","['2024\n', '2024\nC636\n', 'C\nCC0C\nP\n474C\n']",modelv1.0__2026-05-17 06:45:08
D:/moth_photos/database\batch_05\img_moth_00009385.jpg,"[4000, 6000]",37.269230769230774,"['Photographedby\nAFletcher\n2024\n', 'sameeCoastalKeserve\nChariestonCoSC\nQ EFCoPresti\n\nFeb24Cypress\n', '2024\nDCR670\n']","['2024\n', 'CR\nCC0C\nC\n\n824C\n', '2024\nDCR670\n']","['P\n2024\n', 'C\nCC0C\nCP\n\n824C\n', '2024\nC670\n']",modelv1.0__2026-05-17 06:45:08
D:/moth_photos/database\batch_05\img_moth_00009386.jpg,"[4000, 6000]",37.490196078431374,"['Photographedby\nAFletcher\n2024\n', '2024\nDCR601\n', 'be\nSanteeCoastalReserve\nCharlestonCoSC\nEFL6Prest\nff jCypress\n']","['2024\n', '2024\nDCR601\n', 'CC\nCR\nCCC\nC6R\nC\n']","['P\n2024\n', '2024\nC601\n', 'CC\nC\nCCC\nC6P\nC\n']",modelv1.0__2026-05-17 06:45:08
D:/moth_photos/database\batch_05\img_moth_00009387.jpg,"[4000, 6000]",37.70588235294117,"['AFletcher\n2024\n', 'SanteeCoastalReserve\nCharlestqnCoSC\nEFLoPresti\nUnae ahzy ScrubOak\n', '2024\nDCR625\n']","['2024\n', 'CR\nCC0C\nC R2 0\n', '2024\nDCR625\n']","['2024\n', 'CP\nCC0C\nP\nC 2 0\n', '2024\nC625\n']",modelv1.0__2026-05-17 06:45:08
D:/moth_photos/database\batch_05\img_moth_00009388.jpg,"[4000, 6000]",37.24999999999999,"['Photographedby\nAFletcher\n2024\n', 'SanteeCoastalReserve\nChartestonCoSC\nEFL8Presti\nArebLHcyress\n', '2024\nDCR665\n']","['2024\n', 'CR\nCCC\n8\nC\n', '2024\nDCR665\n']","['P\n2024\n', 'C\nCCC\n8P\nC\n', '2024\nC665\n']",modelv1.0__2026-05-17 06:45:08
D:/moth_photos/database\batch_05\img_moth_00009389.jpg,"[4000, 6000]",37.607843137254896,"['Photographedby\nAFletcher\n2024\n', '2024\nDCR588\n', 'SanteeCoastalReserve\nCharlestgnCoSC\n\n7EFLoPresti\n\nfj274Cypress\n']","['2024\n', '2024\nDCR588\n', 'CR\nCC0C\n\n7\n\n274C\n']","['P\n2024\n', '2024\nC588\n', 'C\nCC0C\n\n7PP\n\n274C\n']",modelv1.0__2026-05-17 06:45:08
D:/moth_photos/database\batch_05\img_moth_00009390.jpg,"[4000, 6000]",37.82352941176471,"['Photographedby\nAFletcher\n2024\n', 'SanteeCoastalReserve\nCharlestonCoSC\nEFLoPresti\nZa MiL24ScrubOak\n', '2024\nDCR635\n']","['2024\n', 'CR\nCC0C\n2 240\n', '2024\nDCR635\n']","['P\n2024\n', 'C\nCC0C\nP\n2 240\n', '2024\nC635\n']",modelv1.0__2026-05-17 06:45:08
D:/moth_photos/database\batch_05\img_moth_00009391.jpg,"[4000, 6000]",37.62745098039216,"['AFletcher\n2024\n', 'SanteeCoastalReserve\nChariestonCoSC\n8 EFPoPresti\n\nFEB74 Cypress\n', '2024\nDCR666\n']","['2024\n', 'CR\nCCC\n8 CR\n\n674 C\n', '2024\nDCR666\n']","['2024\n', 'C\nCCC\n8 CPP\n\n674 C\n', '2024\nPC666\n']",modelv1.0__2026-05-17 06:45:08
D:/moth_photos/database\batch_05\img_moth_00009392.jpg,"[4000, 6000]",37.52941176470588,"['AFletcher\n2024\n', 'SanteeCoastalReserve\n\nCharlegtonCoSC\nEFLoPresti\nJeN24Cypress\n', '2024\nDCR602\n']","['2024\n', 'CR\n\nCC0C\n24C\n', '2024\nDCR602\n']","['2024\n', 'C\n\nCC0C\nPP\n24C\n', '2024\nC602\n']",modelv1.0__2026-05-17 06:45:08
D:/moth_photos/database\batch_05\img_moth_00009393.jpg,"[4000, 6000]",37.607843137254896,"['Photographedby\nAFletcher\n2024\n', 'SanteeCoastalReserve\nChariestonCoSC\nEFUPresti\n\nmA B2yScrubOak\n', '2024\nDCR637\n']","['2024\n', 'CR\nCCC\n\nD D2C\n', '2024\nDCR637\n']","['P\n2024\n', 'C\nCCC\nWP\n\n2C\n', '2024\nC637\n']",modelv1.0__2026-05-17 06:45:08
D:/moth_photos/database\batch_05\img_moth_00009394.jpg,"[4000, 6000]",37.568627450980394,"['Photographedby\nAFletcher\n2024\n', 'SanteeCoastalReserve\nCharlestonCoSC\n\nVAB2Ycypress\n', '2024\nDCR674\n']","['2024\n', 'CR\nCCC\n\n24C\n', '2024\nDCR674\n']","['P\n2024\n', 'C\nCCC\n\n24C\n', '2024\nPC674\n']",modelv1.0__2026-05-17 06:45:08
D:/moth_photos/database\batch_05\img_moth_00009395.jpg,"[4000, 6000]",37.235294117647065,"['AFletcher\n2024\n', 'PC\nSanteeCoastalReserve\nCharlestonCoSC\nEFeLoPresti\nCypress\n', '2024\nDCR591\n\n']","['2024\n', 'CC\nCR\nCC0C\nC\nC\n', '2024\nDCR591\n\n']","['2024\n', 'PC\nC\nCC0C\nCP\nC\n', '2024\nC591\n\n']",modelv1.0__2026-05-17 06:45:08
D:/moth_photos/database\batch_05\img_moth_00009396.jpg,"[4000, 6000]",37.52941176470588,"['AFletcher\n2024\n', 'SanteeCoastalReserve\nCharlestonCoSC\nEFLoPresti\nM2ScrubOak\n', '2024\nDCR632\n']","['2024\n', 'CR\nCCC\n2C\n', '2024\nDCR632\n']","['P\n2024\n', 'C\nCCC\nP\nW2C\n', '2024\nC632\n']",modelv1.0__2026-05-17 06:45:08
D:/moth_photos/database\batch_05\img_moth_00009397.jpg,"[4000, 6000]",37.58823529411765,"['Photographedby\nAFletcher\n2024\n', '2024\nDCR669\n', 'SanteeCoastalReserve\nCharlestonCoSC\nELoPresti\n\na Cypress\n']","['2024\n', '2024\nDCR669\n', 'CR\nCCC\nC\n']","['P\n2024\n', '2024\nPC669\n', 'C\nCCC\nP\n\nC\n']",modelv1.0__2026-05-17 06:45:08
D:/moth_photos/database\batch_05\img_moth_00009398.jpg,"[4000, 6000]",37.82,"['AFletcher\n2024\n', 'SanteeCoastaiReserve\nCc CoSC\n7EFLoPresti\n\nTAN7yCypress\n', '2024\nDCR594\n']","['2024\n', 'CR\nC CC\n70\n\n74C\n', '2024\nDCR594\n']","['2024\n', 'C\nC CC\n70P\n\n74CP\n', '2024\nC594\n']",modelv1.0__2026-05-17 06:45:08
D:/moth_photos/database\batch_05\img_moth_00009399.jpg,"[4000, 6000]",37.76470588235294,"['AFietcher\n2024\n', '2024\nDCR639\n', 'SanteeCoastalReserve\nCharlestonCoSC\nEFdoPresti\nI2nak 14ScrubOak\n']","['2024\n', '2024\nDCR639\n', 'CR\nCCC\n0\n2 14C\n']","['2024\n', '2024\nC639\n', 'C\nCCC\n0P\n2 14C\n']",modelv1.0__2026-05-17 06:45:08
D:/moth_photos/database\batch_05\img_moth_00009400.jpg,"[4000, 6000]",37.470588235294116,"['AFletcher\n2024\n', 'SanteeCoastalReserve\n\nChariestonCoSC\nEFLoPresti\nCypress\n', '2024\nDCR663\n']","['2024\n', 'CR\n\nCCC\nR\nC\n', '2024\nDCR663\n']","['2024\n', 'C\n\nCCC\nP\nC\n', '2024\nC663\n']",modelv1.0__2026-05-17 06:45:08
D:/moth_photos/database\batch_05\img_moth_00009401.jpg,"[4000, 6000]",37.900000000000006,"['AFletcher\n2024\n', 'SarteeCoastalReserve\nChartestonCoSC\n4 EFLoPresti\ners N 7 Y Cypress\n', '2024\nDCR595\n']","['2024\n', 'CR\nCC0C\n4 0\n7 C\n', '2024\nDCR595\n']","['2024\n', 'C\nCC0C\n4 0P\n7 C\n', '2024\nC595\n']",modelv1.0__2026-05-17 06:45:08
D:/moth_photos/database\batch_05\img_moth_00009402.jpg,"[4000, 6000]",37.431372549019606,"['AFletcher\n2024\n', 'SanteeCoastalReserve\nCharlestonCoSC\n17 EFLoPresti\n\nAg 24ScrubOak\n', '2024\nDCR624\n']","['2024\n', 'CR\nCCC\n17\n\n240\n', '2024\nDCR624\n']","['P\n2024\n', 'C\nCCC\n17 P\n\n240\n', '2024\nC624\n']",modelv1.0__2026-05-17 06:45:08
D:/moth_photos/database\batch_05\img_moth_00009403.jpg,"[4000, 6000]",37.64705882352941,"['AFletcher\n2024\n', 'SarmteeCoastalReserve\nCharlestenCoSC\nLoPresti\n\nVe1d Cypress\n', '2024\nDCR667\n']","['2024\n', 'CR\nCCC\n\n14 C\n', '2024\nDCR667\n']","['2024\n', 'C\nCCC\nP\n\n14 C\n', '2024\nC667\n']",modelv1.0__2026-05-17 06:45:08
D:/moth_photos/database\batch_05\img_moth_00009404.jpg,"[4000, 6000]",37.64,"['AFietcher\n2024\n', '2024\nDCR596\n', 'ee\nSanteeCoastalReserve\nCharlestonCoSC\nEFL8Prest\n7K Cypress\n\n']","['2024\n', '2024\nDCR596\n', 'CR\nCCC\nC8\n7 C\n\n']","['2024\n', '2024\nC596\n', 'C\nCCC\nC8P\n7 C\n\n']",modelv1.0__2026-05-17 06:45:08
D:/moth_photos/database\batch_05\img_moth_00009405.jpg,"[4000, 6000]",37.450980392156865,"['AFletcher\n2024\n', '2024\nDCR623\n', 'SamteeCoastalReserve\nonCoSC\noPresti\n\nC\nlLnpery ScrubOak\n']","['2024\n', '2024\nDCR623\n', 'CR\nCC\n\nC\n']","['2024\n', '2024\nC623\n', 'C\nCC\nP\n\nC\n']",modelv1.0__2026-05-17 06:45:08
D:/moth_photos/database\batch_05\img_moth_00009406.jpg,"[4000, 6000]",37.92156862745098,"['AFietcher\n2024\n', '2024\nDCR672\n', 'SanteeCoastalReserve\nCharlestonCoSC\nq EFLoPresti\n\nFEBLUCypress\n']","['2024\n', '2024\nDCR672\n', 'CR\nCCC\n\nRC\n']","['2024\n', '2024\nPC672\n', 'C\nCCC\nP\n\nC\n']",modelv1.0__2026-05-17 06:45:08
D:/moth_photos/database\batch_05\img_moth_00009407.jpg,"[4000, 6000]",37.27450980392157,"['AFletcher\n2024\n', 'CharlestonCoSC\n\n23\n\nEFLoPresti\n\nFaiv7tCrpress\n', '2024\nDCR593\n']","['2024\n', 'CC0C\n\n23\n\n7C\n', '2024\nDCR593\n']","['P\n2024\n', 'CC0C\n\n23\n\nP\n\n7C\n', '2024\nC593\n']",modelv1.0__2026-05-17 06:45:08
D:/moth_photos/database\batch_05\img_moth_00009408.jpg,"[4000, 6000]",37.62745098039216,"['AFletcher\n2024\n', '2024\nDCR640\n', 'SanteeCoastalReserve\nCharlestonCoSC\nEFLoPresti\n\nCmak 2ScrubOak\n']","['2024\n', '2024\nDCR640\n', 'CR\nCCC\n\nC 2C\n']","['2024\n', '2024\nC640\n', 'CP\nCCC\nP\n\nC 2C\n']",modelv1.0__2026-05-17 06:45:08
D:/moth_photos/database\batch_05\img_moth_00009409.jpg,"[4000, 6000]",37.72549019607843,"['AFietcher\n2024\n', '2024\nDCR671\n', 'SanteeCoastalReserve\nChartestonCoSC\n4 EFLoPresti\n\nFEBIYCypress\n']","['2024\n', '2024\nDCR671\n', 'CR\nCC0C\n4\n\nR7C\n']","['2024\n', '2024\nC671\n', 'C\nCC0C\n4 P\n\nP7C\n']",modelv1.0__2026-05-17 06:45:08
D:/moth_photos/database\batch_05\img_moth_00009410.jpg,"[4000, 6000]",37.27450980392157,"['AFietcher\n2024\n', '2024\nDCR590\n', '']","['2024\n', '2024\nDCR590\n', '']","['2024\n', '2024\nC590\n', '']",modelv1.0__2026-05-17 06:45:08
D:/moth_photos/database\batch_05\img_moth_00009411.jpg,"[4000, 6000]",37.568627450980394,"['Photographedby\nAFletcher\n2024\n', '2024\nDCR628\n', 'Santee CoastalReserve\nCharlestonCoSC\n2 EFLePresti\nmMAR24ScrubOak\n']","['2024\n', '2024\nDCR628\n', 'CR\nCCC\n2\nR240\n']","['P\n2024\n', '2024\nPC628\n', 'C\nCCC\n2 P\n240\n']",modelv1.0__2026-05-17 06:45:08
D:/moth_photos/database\batch_05\img_moth_00009412.jpg,"[4000, 6000]",37.431372549019606,"['Photographedby\nAFletcher\n2024\n', 'SanteeCoastalReserve\nChartestonCoSC\n2EFLoPresti\nLSAt7Cypress\n', '2024\nDCR675\n']","['2024\n', 'CR\nCC0C\n2\n7C\n', '2024\nDCR675\n']","['P\n2024\n', 'C\nCC0C\n2PP\nP7C\n', '2024\nPC675\n']",modelv1.0__2026-05-17 06:45:08
D:/moth_photos/database\batch_05\img_moth_00009413.jpg,"[4000, 6000]",37.21568627450981,"['AFietcher\n2024\n', '2024\nDCR587\n', 'SanteeCoastalReserve\nCc CoSC\n72 7 Fer\n']","['2024\n', '2024\nDCR587\n', 'CR\nC CC\n72 7\n']","['2024\n', '2024\nC587\n', 'C\nC CC\n72 7\n']",modelv1.0__2026-05-17 06:45:08
D:/moth_photos/database\batch_05\img_moth_00009414.jpg,"[4000, 6000]",37.431372549019606,"['Photographedby\nAFletcher\n2024\n', 'SanteeCoastalReserve\nCharlestopCoSC\n\n17 EFLoPresti\n\nCAOALELScrubOak\n', '2024\nDCR622\n']","['2024\n', 'CR\nCC0C\n\n17\n\nCRC\n', '2024\nDCR622\n']","['P\n2024\n', 'C\nCC0C\n\n17 P\n\nCPC\n', '2024\nC622\n']",modelv1.0__2026-05-17 06:45:08
D:/moth_photos/database\batch_05\img_moth_00009415.jpg,"[4000, 6000]",37.509803921568626,"['Photographedby\nAFletcher\n2024\n', 'SanteeCoastalReserve\nChareston CoSC\nEFeoPresti\n\n7 Bas su 4 Cypress\n', '2024\nDCR678\n']","['2024\n', 'CR\nC CC\n7 4 C\n', '2024\nDCR678\n']","['P\nP\n2024\n', 'C\nC CC\nP\n\n7 4 C\n', '2024\nPC678\n']",modelv1.0__2026-05-17 06:45:08
D:/moth_photos/database\batch_05\img_moth_00009416.jpg,"[4000, 6000]",37.58823529411765,"['Photographedby\nAFletcher\n2024\n', 'SanteeCoastalReserve\nCharlestonCoSC\nJE FaoPresti\npnlCypress\n', '2024\nDCR589 s\n']","['2024\n', 'CR\nCC0C\n0R\nC\n', '2024\nDCR589\n']","['P\nP\n2024\n', 'C\nCC0C\n0P\nC\n', '2024\nC589\n']",modelv1.0__2026-05-17 06:45:08
D:/moth_photos/database\batch_05\img_moth_00009417.jpg,"[4000, 6000]",37.3921568627451,"['AFletcher\n2024\n', 'SanteeCoastalReserve\nCharlestonCoSC\noEFLoPresti\nMAQScrubOak\n', '2024\nDCR621\n']","['2024\n', 'CR\nCC0C\n0RC\n', '2024\nDCR621\n']","['2024\n', 'C\nCC0C\nP\n0C\n', '2024\nPC621\n']",modelv1.0__2026-05-17 06:45:08
D:/moth_photos/database\batch_05\img_moth_00009418.jpg,"[4000, 6000]",37.52941176470588,"['AFietcher\n2024\n', 'SarteeCoastalReserve\nChartestonCoSC\n\n72EFLoPrest\n\nJAK Cypress\n', '2024\nDCR677\n']","['2024\n', 'CR\nCC0C\n72\nC\n', '2024\nDCR677\n']","['2024\n', 'C\nCC0C\n\n72P\n\nW C\n', '2024\nC677\n']",modelv1.0__2026-05-17 06:45:08
D:/moth_photos/database\batch_05\img_moth_00009419.jpg,"[4000, 6000]",37.333333333333336,"['AFietcher\n2024\n', 'SanteeCoastalReserve\nCharlesten CoSC\nze FLoPresti\nto ANL1Cypress\n', '2024\nDCR599\n']","['2024\n', 'CR\nC CC\n7\nC 1C\n', '2024\nDCR599\n']","['2024\n', 'C\nC CC\n7 P\nC 1C\n', '2024\nC599\n']",modelv1.0__2026-05-17 06:45:08
D:/moth_photos/database\batch_05\img_moth_00009420.jpg,"[4000, 6000]",37.3921568627451,"['AFletcher\n2024\n', '2024\nDCR627\n', 'SanteeCoastal Reserve\nChariestonCoSC\nEF LPrest\nCpat aScrubOak\n']","['2024\n', '2024\nDCR627\n', 'C R\nCCC\nR\nC\n']","['2024\n', '2024\nC627\n', 'C\nCCC\nP\nCP\n']",modelv1.0__2026-05-17 06:45:08
D:/moth_photos/database\batch_05\img_moth_00009421.jpg,"[4000, 6000]",37.3921568627451,"['AFietcher\n2024\n', 'Santee Coastal Reserve\nCharlestonCoSC\nEFtoPresti\n\nCypress\n', '2024\nDCR676\n']","['2024\n', 'C R\nCCC\nC\n', '2024\nDCR676\n']","['P\n2024\n', 'C\nCCC\nP\n\nC\n', '2024\nPC676\n']",modelv1.0__2026-05-17 06:45:08
D:/moth_photos/database\batch_05\img_moth_00009422.jpg,"[4000, 6000]",37.31372549019608,"['Photographedby\nAFletcher\n2024\n', '2024\nDCR604\n', 'a\nSanteeCoastalReserve\nCharlestonCoSC\nE F koPrest\ny7Cypress\n\nEe\n']","['2024\n', '2024\nDCR604\n', 'CR\nCC0C\n7C\n']","['P\n2024\n', '2024\nC604\n', 'CP\nCC0C\nP\n7C\n']",modelv1.0__2026-05-17 06:45:08
D:/moth_photos/database\batch_05\img_moth_00009423.jpg,"[4000, 6000]",37.411764705882355,"['2024\nDCR630\n', 'Photographedby\nAFletcher\n2024\n', 'SanteeCoastalReserve\nCharlesjonCoSC\n4 EFLoPresti\nLVAQy4ScrubOak\n\nee\n']","['2024\nDCR630\n', '2024\n', 'CR\nCCC\n4\nCD4C\n']","['2024\nC630\n', 'P\n2024\n', 'C\nCCC\n4 P\nC4C\n']",modelv1.0__2026-05-17 06:45:08
D:/moth_photos/database\batch_05\img_moth_00009424.jpg,"[4000, 6000]",37.294117647058826,"['', 'SanteeCoastalReserve\nCharleston CoSC\n\n7 F LOPresti\n\n2742Cypress\n', '2024\nDCR679\n\n']","['', 'CR\nC CC\n\n7\n\n2742C\n', '2024\nDCR679\n\n']","['', 'C\nC CC\n\n7 P\n\n2742C\n', '2024\nC679\n\n']",modelv1.0__2026-05-17 06:45:08
D:/moth_photos/database\batch_05\img_moth_00009425.jpg,"[4000, 6000]",37.86,"['AFietcher\n2024\n', '', '2024\n\nDCR606\n']","['2024\n', '', '2024\n\nDCR606\n']","['P\n2024\n', '', '2024\n\nC606\n']",modelv1.0__2026-05-17 06:45:08
D:/moth_photos/database\batch_05\img_moth_00009426.jpg,"[4000, 6000]",37.35294117647059,"['AFletcher\n2024\n', 'SanteeCoastalReserve\nCharlestonCoSC\n2 EFLoPresti\nMm\n\nAg ScrubOak\n', '2024\nDCR626\n']","['2024\n', 'CR\nCC0C\n2\n\n4\n', '2024\nDCR626\n']","['2024\n', 'C\nCC0C\n2 P\n\n4\n', '2024\nC626\n']",modelv1.0__2026-05-17 06:45:08
D:/moth_photos/database\batch_05\img_moth_00009427.jpg,"[4000, 6000]",37.254901960784316,"['AFletcher\n2024\n', 'SanteeCoastalReserve\nCharlestonCoSC\na BF LoPresti\nrfe2 1Cypress\n', '2024\nDCR700\n\n']","['2024\n', 'CR\nCC0C\n2 1C\n', '2024\nDCR700\n\n']","['2024\n', 'C\nCC0C\nP\n2 1C\n', '2024\nC700\n\n']",modelv1.0__2026-05-17 06:45:08
D:/moth_photos/database\batch_05\img_moth_00009428.jpg,"[4000, 6000]",37.372549019607845,"['SanteeCoastalReserve\nChariestonCoSC\n\n22 E SBeypress\n', 'AFietcher\n2024\n', '2024\nDCR603\n']","['CR\nCCC\n\n22 R\n', '2024\n', '2024\nDCR603\n']","['CP\nCCC\n\n22\n', 'P\n2024\n', '2024\nC603\n']",modelv1.0__2026-05-17 06:45:08
D:/moth_photos/database\batch_05\img_moth_00009429.jpg,"[4000, 6000]",37.52941176470588,"['SanteeCoastalReserve\nCharest CoSC\nEFCoPresti\n\nmABzyScrubOak\n', 'AFletcher\n2024\n', '2024\nDCR631\n']","['CR\nC CC\nC\n\n42\n', '2024\n', '2024\nDCR631\n']","['C\nC CC\nCP\n\n42\n', '2024\n', '2024\nC631\n']",modelv1.0__2026-05-17 06:45:08
D:/moth_photos/database\batch_05\img_moth_00009430.jpg,"[4000, 6000]",37.3921568627451,"['Photographedby\nAFletcher\n2024\n', '2024\nDCR691\n', 'SanteeCoastalReserve\nCharlestonCoSC\nEFLoPresti\n\nad\n']","['2024\n', '2024\nDCR691\n', 'CR\nCC0C\n0\n']","['P\nP\n2024\n', '2024\nC691\n', 'C\nCC0C\n0P\n']",modelv1.0__2026-05-17 06:45:08
D:/moth_photos/database\batch_05\img_moth_00009431.jpg,"[4000, 6000]",37.372549019607845,"['AFletcher\n2024\n', 'santeeCoastalReserve\nCharleston Co oC\n\nLORE 4 Cypress\n', '2024\nDCR605\n']","['2024\n', 'CR\nC C 0C\n\nCRR 4 C\n', '2024\nDCR605\n']","['2024\n', 'C\nC C 0C\n\nC 4 C\n', '2024\nC605\n']",modelv1.0__2026-05-17 06:45:08
D:/moth_photos/database\batch_05\img_moth_00009432.jpg,"[4000, 6000]",37.294117647058826,"['Photographedby\nAFletcher\n2024\n', '2024\nDCR629\n', 'b44teu4\nSanteeCoastalReserve\nChartestonCoSC\n17 EFLoPresti\ncm pe2YScrubOak\n\n']","['2024\n', '2024\nDCR629\n', '444\nCR\nCCC\n\n17\n2\n\n']","['P\nP\n2024\n', '2024\nPC629\n', '444\nC\nCCC\n\n17 P\n2\n\n']",modelv1.0__2026-05-17 06:45:08
D:/moth_photos/database\batch_05\img_moth_00009433.jpg,"[4000, 6000]",37.35294117647059,"['AFietcher\n2024\n', '2024\nDCR689\n', 'SanteeCoastalReserve\nChartestonCo sc\nEFLoPresti\n\nJUYmreafeitoveree\n']","['2024\n', '2024\nDCR689\n', 'CR\nCC C\n']","['2024\n', '2024\nPC689\n', 'C\nCC C\nP\n\nP\n']",modelv1.0__2026-05-17 06:45:08
D:/moth_photos/database\batch_05\img_moth_00009434.jpg,"[4000, 6000]",37.294117647058826,"['AFletcher\n2024\n', 'SanteeCoastalReserve\nChartestonCoSC\nAFletcher\n\nJames Cane\n', '2024\nDCR607\n']","['2024\n', 'CR\nCC0C\nC\n', '2024\nDCR607\n']","['P\n2024\n', 'C\nCC0C\nC\n', '2024\nC607\n']",modelv1.0__2026-05-17 06:45:08
D:/moth_photos/database\batch_05\img_moth_00009435.jpg,"[4000, 6000]",37.8,"['AFietcher\n2024\n', 'FLoPresti\n', '2024\nDCR646\n\n']","['2024\n', 'C\n', '2024\nDCR646\n\n']","['2024\n', 'CP\n', '2024\nC646\n\n']",modelv1.0__2026-05-17 06:45:08
D:/moth_photos/database\batch_05\img_moth_00009436.jpg,"[4000, 6000]",37.294117647058826,"['Photographedby\nAFletcher\n2024\n', '2024\nDCR695\n', 'SanteeCoastalReserve\nCharlestonCoSC\nE is LoPresti\n']","['2024\n', '2024\nDCR695\n', 'CR\nCCC\n']","['P\nP\n2024\n', '2024\nC695\n', 'C\nCCC\nP\n']",modelv1.0__2026-05-17 06:45:08
D:/moth_photos/database\batch_05\img_moth_00009437.jpg,"[4000, 6000]",37.254901960784316,"['Photographedby\nAFletcher\n2024\n', 'SanteeCoastalReserve\nCharlestonCoSC\nAFletcher\n\nJamesCane\n', '2024\nDCR614\n']","['2024\n', 'CR\nCC0C\nC\n', '2024\nDCR614\n']","['P\nP\n2024\n', 'C\nCC0C\nC\n', '2024\nC614\n']",modelv1.0__2026-05-17 06:45:08
D:/moth_photos/database\batch_05\img_moth_00009438.jpg,"[4000, 6000]",37.35294117647059,"['Photographedby\nAFletcher\n2024\n', '2024\nDCR641\n', 'vameeCoastalReserve\nCharlestgnCoSC\n\n2FCSueypress\n']","['2024\n', '2024\nDCR641\n', 'CR\nCC0C\n\n2CC\n']","['P\n2024\n', '2024\nC641\n', 'C\nCC0C\n\n2PCC\n']",modelv1.0__2026-05-17 06:45:08
D:/moth_photos/database\batch_05\img_moth_00009439.jpg,"[4000, 6000]",37.254901960784316,"['AFletcher\n2024\n', 'SamteeCoastalReserve\nChartestonCoSC\nEFLoPresti\n\nlUmpnQrCypress\n', '2024\nDCR690\n']","['2024\n', 'CR\nCC0C\n0\n\nC\n', '2024\nDCR690\n']","['2024\n', 'C\nCC0C\n0P\n\nC\n', '2024\nC690\n']",modelv1.0__2026-05-17 06:45:08
D:/moth_photos/database\batch_05\img_moth_00009440.jpg,"[4000, 6000]",37.254901960784316,"['AFletcher\n2024\n', 'SanteeCoastalReserve\nCharlestqn CoSC\nAFletcher\n4 FETamesCane\n', '2024\n\nDCR612\n']","['2024\n', 'CR\nC CC\n4 7C\n', '2024\n\nDCR612\n']","['2024\n', 'C\nC CC\n4 7C\n', '2024\n\nPC612\n']",modelv1.0__2026-05-17 06:45:08
D:/moth_photos/database\batch_05\img_moth_00009441.jpg,"[4000, 6000]",37.62745098039216,"['', 'i\nSanteeCoastalReserve\nCharlestonCoSC\n\nle E F LoPresti\n', '2024\nDCR649\n']","['', 'CR\nCCC\n', '2024\nDCR649\n']","['', 'C\nCCC\nP\n', '2024\nC649\n']",modelv1.0__2026-05-17 06:45:08
D:/moth_photos/database\batch_05\img_moth_00009442.jpg,"[4000, 6000]",37.31372549019608,"['Photographedby\nAFletcher\n2024\n', '2024\nDCR699\n', 'SanteeCoastalReserve\nCharlestonCoSC\n\nLai 2wCypress\n']","['2024\n', '2024\nDCR699\n', 'CR\nCCC\n\n2C\n']","['P\n2024\n', '2024\nC699\n', 'C\nCCC\n\n2WC\n']",modelv1.0__2026-05-17 06:45:08
D:/moth_photos/database\batch_05\img_moth_00009443.jpg,"[4000, 6000]",37.94,"['Photographedby\nAFletcher\n2024\n', 'SanteeCoastalReserve\nCharlestonCoSC\n7AFletcher\n\na\n\ntlJamesCane\n', '2024\n\nDCR617\n']","['2024\n', 'CR\nCCC\n7\n\nC\n', '2024\n\nDCR617\n']","['P\nP\n2024\n', 'C\nCCC\n7P\n\nC\n', '2024\n\nC617\n']",modelv1.0__2026-05-17 06:45:08
D:/moth_photos/database\batch_05\img_moth_00009444.jpg,"[4000, 6000]",37.3921568627451,"['', 'SanteeCoastalReserve\nCharlegtonCoSC\nE F LoPresti\n\nwia 4Cypress\n', '2024\n\nDCR648\n']","['', 'CR\nCCC\n\n4C\n', '2024\n\nDCR648\n']","['', 'C\nCCC\nP\n\nW 4C\n', '2024\n\nPC648\n']",modelv1.0__2026-05-17 06:45:08
D:/moth_photos/database\batch_05\img_moth_00009445.jpg,"[4000, 6000]",37.411764705882355,"['Photographedby\nAFletcher\n2024\n', '2024\nDCR685\n', 'SanteeCoastalReserve\nCharlestonCoSC\nEFLoPresti\nHmag Q2Cypress\n']","['2024\n', '2024\nDCR685\n', 'CR\nCC0C\nR\n2C\n']","['P\n2024\n', '2024\nC685\n', 'C\nCC0C\nP\n2C\n']",modelv1.0__2026-05-17 06:45:08
D:/moth_photos/database\batch_05\img_moth_00009446.jpg,"[4000, 6000]",37.411764705882355,"['AFietcher\n2024\n', 'SanteeCoastalReserve\nCharlestonCoSC\nEe cf JamesCane\n', '2024\nDCR616\n']","['2024\n', 'CR\nCCC\nC\n', '2024\nDCR616\n']","['2024\n', 'C\nCCC\nC\n', '2024\nC616\n']",modelv1.0__2026-05-17 06:45:08
D:/moth_photos/database\batch_05\img_moth_00009447.jpg,"[4000, 6000]",37.27450980392157,"['AFletcher\n2024\n', 'SanteeCoastalReserve\nChartestonCoSC\nEFLoPresti\n12m fG724Cypress\n', '2024\nDCR645\n']","['2024\n', 'CR\nCC0C\n12 724C\n', '2024\nDCR645\n']","['2024\n', 'C\nCC0C\nP\n12 724C\n', '2024\nC645\n']",modelv1.0__2026-05-17 06:45:08
D:/moth_photos/database\batch_05\img_moth_00009448.jpg,"[4000, 6000]",37.35294117647059,"['AFietcher\n2024\n', '2024\nDCR684\n', 'EEUU\nSantee Coastal Reserve\n\nCharlestar CoSC\nEF LoPresti\nCypress\n\n4\n']","['2024\n', '2024\nDCR684\n', 'C R\n\nC CC\nR\nC\n\n4\n']","['2024\n', '2024\nC684\n', 'C\n\nC CC\nP\nC\n\n4\n']",modelv1.0__2026-05-17 06:45:08
D:/moth_photos/database\batch_05\img_moth_00009449.jpg,"[4000, 6000]",37.86,"['Photographedby\nAFletcher\n2024\n', 'SanteeCoastalReserve\nCharlestonCoSC\nAFitcher\n\nan\nis\n\nicy4JamesCane\n', '2024\nDCR615\n']","['2024\n', 'CR\nCCC\n\nC4C\n', '2024\nDCR615\n']","['P\nP\n2024\n', 'C\nCCC\nP\n\nC4C\n', '2024\nC615\n']",modelv1.0__2026-05-17 06:45:08
D:/moth_photos/database\batch_05\img_moth_00009450.jpg,"[4000, 6000]",37.235294117647065,"['AFletcher\n2024\n', 'SanteeCoastalReserve\nCharlestonCoSC\n\n2 s pyUcypress\n', '2024\n\nDCR647\n']","['2024\n', 'CR\nCC0C\n\n2 C\n', '2024\n\nDCR647\n']","['2024\n', 'C\nCC0C\n\n2 C\n', '2024\n\nC647\n']",modelv1.0__2026-05-17 06:45:08
D:/moth_photos/database\batch_05\img_moth_00009451.jpg,"[4000, 6000]",37.31372549019608,"['AFietcher\n2024\n', '2024\nDCR683\n', 'SanteeCoastalReserve\nCharlestonCoSC\nEFLOPresti\n\nteat Cypress\n']","['2024\n', '2024\nDCR683\n', 'CR\nCC0C\nC\n']","['P\n2024\n', '2024\nPC683\n', 'C\nCC0C\nP\n\nC\n']",modelv1.0__2026-05-17 06:45:08
D:/moth_photos/database\batch_05\img_moth_00009452.jpg,"[4000, 6000]",37.88,"['AFietcher\n2024\n', 'SanteeCoastalReserve\nChartestonCoSC\nAFietcher\nq rtCXJamesCane\n', '2024\nDCR613\n']","['2024\n', 'CR\nCCC\nC2C\n', '2024\nDCR613\n']","['2024\n', 'C\nCCC\nC2C\n', '2024\nC613\n']",modelv1.0__2026-05-17 06:45:08
D:/moth_photos/database\batch_05\img_moth_00009453.jpg,"[4000, 6000]",37.254901960784316,"['AFletcher\n2024\n', '2024\nDCR644\n', 'tt4e\nSanteeCoastaiReserve\nCnarlestonCoSC\nEFLoPresti\nCypress\n']","['2024\n', '2024\nDCR644\n', '4\nCR\nCCC\nC\n']","['2024\n', '2024\nC644\n', '4\nC\nCCC\nP\nC\n']",modelv1.0__2026-05-17 06:45:08
D:/moth_photos/database\batch_05\img_moth_00009454.jpg,"[4000, 6000]",37.294117647058826,"['Photographedby\nAFletcher\n2024\n', 'SanteeCoastalReserve\nChariestonCoSC\nEFoPresti\n\nYona24 Cypress\n', '2024\nDCR680\n\n']","['2024\n', 'CR\nCCC\n0\n\n24 C\n', '2024\nDCR680\n\n']","['P\n2024\n', 'C\nCCC\n0P\n\n24 C\n', '2024\nPC680\n\n']",modelv1.0__2026-05-17 06:45:08
D:/moth_photos/database\batch_05\img_moth_00009455.jpg,"[4000, 6000]",37.92,"['AFletcher\n2024\n', 'SameeCoastalReserve\nCharlestogCoSC\niy AFletcher\n1p7JamesCane\n', '2024\nDCR610\n']","['2024\n', 'CR\nCC0C\n7\n17C\n', '2024\nDCR610\n']","['2024\n', 'C\nCC0C\n7\n17C\n', '2024\nPC610\n']",modelv1.0__2026-05-17 06:45:08
D:/moth_photos/database\batch_05\img_moth_00009456.jpg,"[4000, 6000]",37.333333333333336,"['Photographedby\nAFletcher\n2024\n', '2024\nDCR643\n', 'SanteeCoastalReserve\nCharlestonCoSC\n\nLranrteoest\n']","['2024\n', '2024\nDCR643\n', 'CR\nCCC\n']","['P\n2024\n', '2024\nC643\n', 'C\nCCC\n']",modelv1.0__2026-05-17 06:45:08
D:/moth_photos/database\batch_05\img_moth_00009457.jpg,"[4000, 6000]",37.31372549019608,"['Photographedby\nAFletcher\n2024\n', '2024\nDCR687\n', 'ee\nSanteeCoastalReserve\nChariestonCoSC\nEFLoPresti\ni 1\n4USArLU Cypress\n']","['2024\n', '2024\nDCR687\n', 'CR\nCCC\n\n1\n\n4 C\n']","['P\n2024\n', '2024\nC687\n', 'C\nCCC\nPP\n1\n4 C\n']",modelv1.0__2026-05-17 06:45:08
D:/moth_photos/database\batch_05\img_moth_00009458.jpg,"[4000, 6000]",37.294117647058826,"['Photographedby\nAFletcher\n2024\n', 'SanteeCoastalReserve\nCharlestonCoSC\nAFletcher\n4FE624iJamesCane\n', '2024\nDCR611\n']","['2024\n', 'CR\nCCC\n4624C\n', '2024\nDCR611\n']","['P\n2024\n', 'C\nCCC\n4624C\n', '2024\nC611\n']",modelv1.0__2026-05-17 06:45:08
D:/moth_photos/database\batch_05\img_moth_00009459.jpg,"[4000, 6000]",37.470588235294116,"['Photographedby\nAFletcher\n2024\n', '2024\nDCR642\n', 'Ssiiil\nSantee CoastalReserve\nCharlestonCo Sc\nfy EFLoPresti\neR Cypress\n']","['2024\n', '2024\nDCR642\n', 'CR\nCC C\nRR C\n']","['P\n2024\n', '2024\nPC642\n', 'CP\nCC C\nP\nC\n']",modelv1.0__2026-05-17 06:45:08
D:/moth_photos/database\batch_05\img_moth_00009460.jpg,"[4000, 6000]",37.333333333333336,"['Photographedby\nAFletcher\n2024\n', '2024\nDCR681\n', 'SanteeCoastalReserve\nCharlestonCoSC\nty E F LoPresti\nhepa Cypress\n']","['2024\n', '2024\nDCR681\n', 'CR\nCC0C\n4\nC\n']","['P\n2024\n', '2024\nPC681\n', 'C\nCC0C\n4 P\nC\n']",modelv1.0__2026-05-17 06:45:08
D:/moth_photos/database\batch_05\img_moth_00009461.jpg,"[4000, 6000]",37.900000000000006,"['Photographedby\nAFletcher\n2024\n', 'SanteeCoastalReserve\nCharlestonCoSC\nAPletcher\n4 7Ef74JamesCane\n', '2024\nDCR619\n']","['2024\n', 'CR\nCCC\n4 774C\n', '2024\nDCR619\n']","['P\n2024\n', 'CP\nCCC\nP\n4 774C\n', '2024\nC619\n']",modelv1.0__2026-05-17 06:45:08
D:/moth_photos/database\batch_05\img_moth_00009462.jpg,"[4000, 6000]",37.411764705882355,"['Photographedby\nAFletcher\n2024\n', '2024\nDCR652\n', 'SanteeCoastalReserve\nCharlastonCoSC\n\nmp E LoPresti\n\ni2mAK34Cypress\n']","['2024\n', '2024\nDCR652\n', 'CR\nCCC\n1\n2R34C\n']","['P\n2024\n', '2024\nC652\n', 'C\nCCC\n\n1 P\n\n234C\n']",modelv1.0__2026-05-17 06:45:08
D:/moth_photos/database\batch_05\img_moth_00009463.jpg,"[4000, 6000]",37.92,"['AFletcher\n2024\n', '2024\nDCR692\n', 'SanteeCoastalReserve\nCharteston CoSC\niu EFLoPresti\n\n4ARL4Cypress\n']","['2024\n', '2024\nDCR692\n', 'CR\nC CC\n\n4R4C\n']","['2024\n', '2024\nPC692\n', 'C\nC CC\nP\n\n44C\n']",modelv1.0__2026-05-17 06:45:08
D:/moth_photos/database\batch_05\img_moth_00009464.jpg,"[4000, 6000]",37.431372549019606,"['AFletcher\n2024\n', 'SanteeCoastalReserve\nCharlestenCoSC\n2 AFletcher\ngJamesCane\n', '2024\nDCR618\n']","['2024\n', 'CR\nCC0C\n2\nC\n', '2024\nDCR618\n']","['2024\n', 'C\nCC0C\n2\nC\n', '2024\nC618\n']",modelv1.0__2026-05-17 06:45:08
D:/moth_photos/database\batch_05\img_moth_00009465.jpg,"[4000, 6000]",37.3921568627451,"['Photographedby\nAFletcher\n2024\n', '2024\nDCR651\n', 'Santee Coastal Reserve\nCharlastonCoSC\nEFLoPresti\n\nTmAR24cypress\n']","['2024\n', '2024\nDCR651\n', 'C R\nCC0C\n\nDR24C\n']","['P\n2024\n', '2024\nC651\n', 'C\nCC0C\nP\n\nP24C\n']",modelv1.0__2026-05-17 06:45:08
D:/moth_photos/database\batch_05\img_moth_00009466.jpg,"[4000, 6000]",37.92,"['Photographedby\nAFietcher\n2024\n', '2024\nDCR694\n', 'SanteeCoastalReserve\nCharlestonCoSC\n14 EFeoPresti\nmaa Image Cypress\n']","['2024\n', '2024\nDCR694\n', 'CR\nCCC\n14\nC\n']","['P\n2024\n', '2024\nC694\n', 'C\nCCC\n14 P\nC\n']",modelv1.0__2026-05-17 06:45:08
D:/moth_photos/database\batch_05\img_moth_00009467.jpg,"[4000, 6000]",37.900000000000006,"['AFletcher\n2024\n', '2024\nDCR609\n', 'SanteeCoastalReserve\nCharlestonCoSC\nAFletcher\nJ\n7eJamesCane\n']","['2024\n', '2024\nDCR609\n', 'CR\nCCC\n7C\n']","['2024\n', '2024\nC609\n', 'C\nCCC\nP\n7C\n']",modelv1.0__2026-05-17 06:45:08
D:/moth_photos/database\batch_05\img_moth_00009468.jpg,"[4000, 6000]",37.88,"['AFletcher\n2024\n', '2024\nDCR653\n', 'SanteeCoastalReserve\nChartegtonCoSC\nEFLoPresti\nARU4Cypress\n']","['2024\n', '2024\nDCR653\n', 'CR\nCC0C\nR24C\n']","['2024\n', '2024\nC653\n', 'CP\nCC0C\nP\n24C\n']",modelv1.0__2026-05-17 06:45:08
D:/moth_photos/database\batch_05\img_moth_00009469.jpg,"[4000, 6000]",37.31372549019608,"['AFletcher\n2024\n', '2024\nDCR697\n', 'ee\nSanteeCoastaiReserve\nChartesion CoSC\nFCoPrest\nye A ir Y Cypress\n\n']","['2024\n', '2024\nDCR697\n', 'CR\nC CC\nC\n4 C\n\n']","['P\n2024\n', '2024\nC697\n', 'C\nC CC\nCP\n4 C\n\n']",modelv1.0__2026-05-17 06:45:08
D:/moth_photos/database\batch_05\img_moth_00009470.jpg,"[4000, 6000]",37.94,"['AFletcher\n2024\n', 'LanteeCoastalReserve\nChariestonCoSC\nOo AFletcher\ni Cr2y JamesCane\n\n', '2024\nDCR608\n']","['2024\n', 'CR\nCC0C\nC2 C\n\n', '2024\nDCR608\n']","['2024\n', 'C\nCC0C\nC2 C\n\n', '2024\nC608\n']",modelv1.0__2026-05-17 06:45:08
D:/moth_photos/database\batch_05\img_moth_00009471.jpg,"[4000, 6000]",37.372549019607845,"['AFletcher\n2024\n', '2024\nDCR650\n', 'SanteeCoastalReserve\n\nCharlestonCoSC\nlDmeg aU LoPresti\nCypress\n']","['2024\n', '2024\nDCR650\n', 'CR\n\nCCC\nD 7\nC\n']","['2024\n', '2024\nC650\n', 'C\n\nCCC\nP 7 P\nC\n']",modelv1.0__2026-05-17 06:45:08
D:/moth_photos/database\batch_05\img_moth_00009472.jpg,"[4000, 6000]",37.254901960784316,"['AFletcher\n2024\n', '2024\nDCR696\n', 'SanteeCoastalReserve\nCharlestonCoSC\nEFLoPresti\n\n14 mar2 24 Cypress\n']","['2024\n', '2024\nDCR696\n', 'CR\nCCC\n\n14 2 24 C\n']","['P\n2024\n', '2024\nPC696\n', 'C\nCCC\nP\n\n14 2 24 C\n']",modelv1.0__2026-05-17 06:45:08
D:/moth_photos/database\batch_05\img_moth_00009473.jpg,"[4000, 6000]",37.31372549019608,"['AFletcher\n2024\n', 'SanteeCoastalReserve\nCharlestonCoSC\nAFletcher\nTees 4JamesCane\n', '2024\nDCR620\n']","['2024\n', 'CR\nCC0C\n4C\n', '2024\nDCR620\n']","['2024\n', 'C\nCC0C\n4C\n', '2024\nPC620\n']",modelv1.0__2026-05-17 06:45:08
D:/moth_photos/database\batch_05\img_moth_00009474.jpg,"[4000, 6000]",37.70588235294117,"['Photographedby\nAFletcher\n2024\n', 'SanteeCoastalReserve\nCharlestonCoSC\nEFeLoPresti\noh3i0uSandPit\n', '2024\nDCR660\n\n']","['2024\n', 'CR\nCCC\n320R\n', '2024\nDCR660\n\n']","['P\n2024\n', 'C\nCCC\nP\n320P\n', '2024\nPC660\n\n']",modelv1.0__2026-05-17 06:45:08
D:/moth_photos/database\batch_05\img_moth_00009475.jpg,"[4000, 6000]",37.27450980392157,"['Photographedby\nAFletcher\n2024\n', 'SanteeCoastalReserve\nCharlestonCoSC\nyyEAF LoPresti\n\n4akC74Cypress\n', '2024\nDCR693\n']","['2024\n', 'CR\nCCC\n4C74C\n', '2024\nDCR693\n']","['P\nP\n2024\n', 'C\nCCC\nP P\n\n4C74C\n', '2024\nC693\n']",modelv1.0__2026-05-17 06:45:08
D:/moth_photos/database\batch_05\img_moth_00009476.jpg,"[4000, 6000]",37.96,"['Photographedby\nAFletcher\n2024\n', 'SanteeCoastalReserve\nCharlestonCoSC\n\nEFloPresti\nlLmnery Sand Pit\n', '2024\nDCR657\n']","['2024\n', 'CR\nCCC\n\n4\n', '2024\nDCR657\n']","['P\nP\n2024\n', 'C\nCCC\n\nP\n4 P\n', '2024\nC657\n']",modelv1.0__2026-05-17 06:45:08
D:/moth_photos/database\batch_05\img_moth_00009477.jpg,"[4000, 6000]",37.372549019607845,"['', '2024\nDCR698\n', 'Santee CoastalReserve\nChariestonCoSC\n1EFLoPresti\n4 MACK2UCypress\n']","['', '2024\nDCR698\n', 'CR\nCC0C\n1\n4 CR2C\n']","['', '2024\nPC698\n', 'C\nCC0C\n1P\n4 C2C\n']",modelv1.0__2026-05-17 06:45:08
D:/moth_photos/database\batch_05\img_moth_00009478.jpg,"[4000, 6000]",37.235294117647065,"['AFletcher\n2024\n', 'SanteeCoastalReserve\nChartestonCoSC\n\nLainfioySand Pit\n', '2024\nDCR661\n']","['2024\n', 'CR\nCCC\n\n4\n', '2024\nDCR661\n']","['2024\n', 'CP\nCCC\n\n4 P\n', '2024\nPC661\n']",modelv1.0__2026-05-17 06:45:08
D:/moth_photos/database\batch_05\img_moth_00009479.jpg,"[4000, 6000]",37.35294117647059,"['Photographedby\nAFietcher\n2024\n', '2024\nDCR682\n', 'SanteeCoastalReserve\nCharlestonCoSC\nEFLoPresti\nsalllwCypress\n']","['2024\n', '2024\nDCR682\n', 'CR\nCCC\nC\n']","['P\nP\n2024\n', '2024\nC682\n', 'C\nCCC\nP\nC\n']",modelv1.0__2026-05-17 06:45:08
D:/moth_photos/database\batch_05\img_moth_00009480.jpg,"[4000, 6000]",37.27450980392157,"['Photographedby\nAFletcher\n2024\n', '2024\nDCR656\n', 'Ct\nSanteeCoastalReserve\nCharlestonCoSC\nEFLoPresti\nSandPit\n']","['2024\n', '2024\nDCR656\n', 'CC\nCR\nCC0C\n']","['P\n2024\n', '2024\nC656\n', 'PC\nC\nCC0C\nP\nP\n']",modelv1.0__2026-05-17 06:45:08
D:/moth_photos/database\batch_05\img_moth_00009481.jpg,"[4000, 6000]",37.490196078431374,"['Photographedby\nAFletcher\n2024\n', '2024\nDCR686\n', 'SanteeCoastalReserve\nCharlestonCoSC\nEF LoPgesti\n\nteAacWsCypress\n']","['2024\n', '2024\nDCR686\n', 'CR\nCCC\n\n2C\n']","['P\n2024\n', '2024\nPC686\n', 'C\nCCC\nP P\n\nW2C\n']",modelv1.0__2026-05-17 06:45:08
D:/moth_photos/database\batch_05\img_moth_00009482.jpg,"[4000, 6000]",37.94,"['', 'SanteeCoastalReserve\nCharilestonCoSC\n\nYrcerd Sand Pit\n', '2024\nDCR659\n']","['', 'CR\nCCC\n', '2024\nDCR659\n']","['', 'C\nCCC\n\nW P\n', '2024\nC659\n']",modelv1.0__2026-05-17 06:45:08
D:/moth_photos/database\batch_05\img_moth_00009483.jpg,"[4000, 6000]",37.294117647058826,"['AFletcher\n2024\n', 'SanteeCoastalReserve\nChariestonCoSC\n\n4 mane ypress\n', 'a\n\n2024\nDCR688\n']","['2024\n', 'CR\nCCC\n\n4 2\n', '2024\nDCR688\n']","['2024\n', 'C\nCCC\n\n4 2\n', '2024\nC688\n']",modelv1.0__2026-05-17 06:45:08
D:/moth_photos/database\batch_05\img_moth_00009484.jpg,"[4000, 6000]",37.35294117647059,"['Photographedby\nAFletcher\n2024\n', 'SanteeCoastalReserve\nCharlestonCoSC\n4 EfeLoPresti\nL fa824Sand Pit\n', '2024\nDCR658\n']","['2024\n', 'CR\nCCC\n4\n824\n', '2024\nDCR658\n']","['P\n2024\n', 'C\nCCC\n4 P\n824 P\n', '2024\nC658\n']",modelv1.0__2026-05-17 06:45:08
D:/moth_photos/database\batch_05\img_moth_00009485.jpg,"[4000, 6000]",37.3921568627451,"['Photographedby\nAFletcher\n2024\n', 'SanteeCoastalReserve\nChartegtonCoSC\nEFLoPresti\n\nPani Cypress\n', '2024\nDCR701\n']","['2024\n', 'CR\nCC0C\n\n4 C\n', '2024\nDCR701\n']","['P\n2024\n', 'C\nCC0C\nP\n\nP4 C\n', '2024\nC701\n']",modelv1.0__2026-05-17 06:45:08
D:/moth_photos/database\batch_05\img_moth_00009486.jpg,"[4000, 6000]",37.92,"['Photographedby\nAFletcher\n2024\n', 'Santee Coastal Reserve\nCharlestonCoSC\nEFkoPresti\n\nZn\n\nARTY SandPit\n\n', '2024\nDCR655\n']","['2024\n', 'C R\nCCC\n12\n\n4\n\n', '2024\nDCR655\n']","['P\n2024\n', 'C\nCCC\nP\n\n12\n\n4 P\n\n', '2024\nC655\n']",modelv1.0__2026-05-17 06:45:08
D:/moth_photos/database\batch_05\img_moth_00009487.jpg,"[4000, 6000]",37.294117647058826,"['AFletcher\n2024\n', '2024\nDCR703\n', 'SanteeCoastalReserve\nCharlestonCoSC\n\nL4ermQZ4crvrese\n']","['2024\n', '2024\nDCR703\n', 'CR\nCCC\n\n44\n']","['2024\n', '2024\nC703\n', 'C\nCCC\n\n44\n']",modelv1.0__2026-05-17 06:45:08
D:/moth_photos/database\batch_05\img_moth_00009488.jpg,"[4000, 6000]",37.82,"['AFietcher\n2024\n', 'SanteeCoastalReserve\nChartestonCoSC\nLin EFCoPresti\n\nTCMReY SandPit\n', '2024\nDCR662\n']","['2024\n', 'CR\nCC0C\nC\n\nCR\n', '2024\nDCR662\n']","['2024\n', 'C\nCC0C\nCP\n\nC P\n', '2024\nPC662\n']",modelv1.0__2026-05-17 06:45:08
D:/moth_photos/database\batch_05\img_moth_00009489.jpg,"[4000, 6000]",37.21568627450981,"['AFletcher\n2024\n', 'ee\nSanteeCoastaiReserve\nChariestonCoSC\nyEF LoRresti\noe A2I4Cypress\n', '2024\nDCR702\n\n']","['2024\n', 'CR\nCCC\nCR\n234C\n', '2024\nDCR702\n\n']","['2024\n', 'C\nCCC\nP C\n234C\n', '2024\nC702\n\n']",modelv1.0__2026-05-17 06:45:08
D:/moth_photos/database\batch_05\img_moth_00009490.jpg,"[4000, 6000]",37.92,"['AFletcher\n2024\n', 'SanteeCoastalReserve\nCharlestonCoSC\n\nEFRoPresti\n12m9214SandPit\n', '2024\nDCR654\n']","['2024\n', 'CR\nCCC\n\nR\n129214\n', '2024\nDCR654\n']","['2024\n', 'C\nCCC\n\nPP\n129214P\n', '2024\nC654\n']",modelv1.0__2026-05-17 06:45:08
D:/moth_photos/database\batch_05\img_moth_00009491.jpg,"[4000, 6000]",37.490196078431374,"['Photographedby\nAFletcher\n2024\n', 'Ee\nSanteeCoastalReserve\nCharlestonCoSC\nEFLoresti\nvuyosCypress\n', '2024\nDCR702\n\n']","['2024\n', 'CR\nCCC\n4C\n', '2024\nDCR702\n\n']","['P\n2024\n', 'CP\nCCC\nP\n4C\n', '2024\nC702\n\n']",modelv1.0__2026-05-17 06:45:08
D:/moth_photos/database\batch_05\img_moth_00009492.jpg,"[4000, 6000]",37.34,"['SanteeCoastalReserve\nCharlestonCoSC\nEFLoPresti\n\nUpet Yar Uw LiveOak\n', 'i\n\nPhotographedby\nAFletcher\n2024\n', '2024\nDCR2214\n']","['CR\nCCC\n\n0\n', '2024\n', '2024\nDCR2214\n']","['C\nCCC\nP\n\n0\n', 'P\n2024\n', '2024\nPC2214\n']",modelv1.0__2026-05-17 06:45:08
D:/moth_photos/database\batch_05\img_moth_00009493.jpg,"[4000, 6000]",37.34,"['i\n\nPhotographedby\nAFletcher\n2024\n', '2024\nDCR2225\n', 'SanteeCoastalReserve\nCharlestonCoSC\n\nEFLoPresti\nUnver sgtiveOak\n']","['2024\n', '2024\nDCR2225\n', 'CR\nCCC\n\nC\n']","['P\n2024\n', '2024\nC2225\n', 'C\nCCC\n\nP\nC\n']",modelv1.0__2026-05-17 06:45:08
D:/moth_photos/database\batch_05\img_moth_00009494.jpg,"[4000, 6000]",37.19607843137255,"['i\n\nPhotographedby\nAFletcher\n2024\n', '2024\nDCR2225\n', 'SanteeCoastalReserve\nCharlestonCoSC\n\nEFoPresti\nY A p f7 ytive Oak\n']","['2024\n', '2024\nDCR2225\n', 'CR\nCCC\n\n0\n7\n']","['P\n2024\n', '2024\nC2225\n', 'C\nCCC\n\n0P\nP 7\n']",modelv1.0__2026-05-17 06:45:08
D:/moth_photos/database\batch_05\img_moth_00009495.jpg,"[4000, 6000]",37.660000000000004,"['SanteeCoastalReserve\nCharlestonCoSC\n4 EFLePresti\n\nAYAPY LiveOak\n', '2024\nDCR2226\n', 'Photographedby\nAFletcher\n2024\n']","['CR\nCCC\n4\n\nR\n', '2024\nDCR2226\n', '2024\n']","['CP\nCCC\n4 P\n\nPP\n', '2024\nC2226\n', 'P\n2024\n']",modelv1.0__2026-05-17 06:45:08
D:/moth_photos/database\batch_05\img_moth_00009496.jpg,"[4000, 6000]",37.5,"['i\n\nPhotographedby\nAFletcher\n2024\n', '2024\nDCR2224\n', 'i\nSanteeCoastalReserve\nCharlestonCoSC\nEFLoPresti\nBoetsLiveOak\n\n']","['2024\n', '2024\nDCR2224\n', 'CR\nCC0C\n\n']","['P\n2024\n', '2024\nC2224\n', 'C\nCC0C\nP\nP\n\n']",modelv1.0__2026-05-17 06:45:08
D:/moth_photos/database\batch_05\img_moth_00009497.jpg,"[4000, 6000]",37.68,"['SanteeCoastalReserve\nCharlestonCoSC\n\nY Nea 7HLiveOak\n', 'ii\n\nPhotographedby\nAFletcher\n2024\n', '2024\n\n']","['CR\nCC0C\n\n70\n', '2024\n', '2024\n\n']","['C\nCC0C\n\n70\n', 'P\n2024\n', '2024\n\n']",modelv1.0__2026-05-17 06:45:08
D:/moth_photos/database\batch_05\img_moth_00009498.jpg,"[4000, 6000]",37.1764705882353,"['a\n\nPhotographedby\nAFletcher\n2024\n', '2024\nDCR2222\n', 'SanteeCoastalReserve\nCharlestonCoSC\nEF LoPresti\n\nLiveOak\n']","['2024\n', '2024\nDCR2222\n', 'CR\nCC0C\n']","['P\n2024\n', '2024\nC2222\n', 'CP\nCC0C\nP\n']",modelv1.0__2026-05-17 06:45:08
D:/moth_photos/database\batch_05\img_moth_00009499.jpg,"[4000, 6000]",37.660000000000004,"['Photographedby\nAFletcher\n2024\n', 'a\nSanteeCoastalReserve\nChariestonCoSC\n\nju EFLoPresti\n\niACPRLY LiveOak\n', '2024\nDCR2221\n']","['2024\n', 'CR\nCCC\n\nCR 0\n', '2024\nDCR2221\n']","['P\n2024\n', 'CP\nCCC\nP\n\nCP 0\n', '2024\nC2221\n']",modelv1.0__2026-05-17 06:45:08
D:/moth_photos/database\batch_05\img_moth_00009500.jpg,"[4000, 6000]",37.68,"['i\n\nPhotographedby\nAFletcher\n2024\n', 'SanteeCoastalKeserve\nCharlestonCoSC\ny EFloPresti\n\nAP 24 LiveOak\n', '2024\nDCR2220\n']","['2024\n', 'CR\nCC0C\n\n24\n', '2024\nDCR2220\n']","['P\n2024\n', 'C\nCC0C\nP\n\nP 24\n', '2024\nC2220\n']",modelv1.0__2026-05-17 06:45:08
D:/moth_photos/database\batch_05\img_moth_00009501.jpg,"[4000, 6000]",37.254901960784316,"['a\n\nPhotographedby\nAFletcher\n2024\n', 'SanteeCoastalReserve\nCharlestonCoSC\n\n4 bf h 4 TiveOak\n', '2024\nDCR2219\n']","['2024\n', 'CR\nCCC\n\n4 4 2\n', '2024\nDCR2219\n']","['P\n2024\n', 'C\nCCC\n\n4 4 2\n', '2024\nC2219\n']",modelv1.0__2026-05-17 06:45:08
D:/moth_photos/database\batch_05\img_moth_00009502.jpg,"[4000, 6000]",37.64,"['Photographed by\nAFletcher\n2024\n', '2024\nDCR2218\n', 'be\nSanteeCoastalReserve\n\nCharlestonCoSC\n14 BF LdPresti\n\nPe Fic LiveOak\n\n']","['2024\n', '2024\nDCR2218\n', 'CR\nCCC\n\n14 R\nR 0\n\n']","['P\n2024\n', '2024\nPC2218\n', 'C\nCCC\n\n14 P\nP P 0\n\n']",modelv1.0__2026-05-17 06:45:08
D:/moth_photos/database\batch_05\img_moth_00009503.jpg,"[4000, 6000]",37.6,"['vanteeCoastalReserve\nCharlestonCoSC\n\nel EFLePresti\nTARLYLiveOak\n', 'ii\n\nPhotographedby\nAFletcher\n2024\n', '2024\nDCR2217\n']","['CR\nCCC\n\nR142\n', '2024\n', '2024\nDCR2217\n']","['C\nCCC\n\nP\nP142\n', 'P\n2024\n', '2024\nC2217\n']",modelv1.0__2026-05-17 06:45:08
D:/moth_photos/database\batch_05\img_moth_00009504.jpg,"[4000, 6000]",37.760000000000005,"['O\n\nPhotographedby\nAFletcher\n2024\n', '2024\nDCR2216\n', 'SanteeCoastalReserve\nCharleston CoSC\nEFLoPresti\n\n14 APnyLiveOak\n']","['2024\n', '2024\nDCR2216\n', 'CR\nC CC\n\n14 RC\n']","['P\n2024\n', '2024\nC2216\n', 'C\nC CC\nP\n\n14 PC\n']",modelv1.0__2026-05-17 06:45:08
D:/moth_photos/database\batch_05\img_moth_00009505.jpg,"[4000, 6000]",37.779999999999994,"['Photographedby\nAFletcher\n2024\n', '2024\n\nDCR2215\n', 'santeeCoastalReserve\nCharlestonCoSC\n\nLoPresti\n4 Alt y JAE LiveOak\n']","['2024\n', '2024\n\nDCR2215\n', 'CR\nCC0C\n\n4 C\n']","['P\n2024\n', '2024\n\nC2215\n', 'CP\nCC0C\n\nP\n4 C\n']",modelv1.0__2026-05-17 06:45:08
D:/moth_photos/database\batch_05\img_moth_00009506.jpg,"[4000, 6000]",37.411764705882355,"['Photographedby\nAFletcher\n2024\n', '2024\nDCR2227\n', 'SanteeCoastalReserve\nCharlestonCoSC\nE FLoPresti\nran t 7Mazyck\n']","['2024\n', '2024\nDCR2227\n', 'CR\nCC0C\n7\n']","['P\n2024\n', '2024\nPC2227\n', 'C\nCC0C\nP\n\n7\n']",modelv1.0__2026-05-17 06:45:08
D:/moth_photos/database\batch_05\img_moth_00009507.jpg,"[4000, 6000]",37.52941176470588,"['SanteeCoastalReserve\nCharlestonCoSC\n\nlYoagsporrest\n', 'ae\n\nPhotographedby\nAFletcher\n2024\n', '2024\nDCR2229\n']","['CR\nCC0C\n\nR\n', '2024\n', '2024\nDCR2229\n']","['C\nCC0C\n', 'P\n2024\n', '2024\nPC2229\n']",modelv1.0__2026-05-17 06:45:08
D:/moth_photos/database\batch_05\img_moth_00009508.jpg,"[4000, 6000]",37.74509803921569,"['Photographedby\nAFletcher\n2024\n', 'SanteeCoastalReserve\nvnan tonCoSC\nLoPresti\n\n4a mPLL4Mazyck\n', 'be\n2024\nDCR2230\n']","['2024\n', 'CR\nC0C\n\n4 14\n', 'D\n2024\nDCR2230\n']","['P\n2024\n', 'C\nC0C\nP\n\n4 P14\n', '2024\nC2230\n']",modelv1.0__2026-05-17 06:45:08
D:/moth_photos/database\batch_05\img_moth_00009509.jpg,"[4000, 6000]",37.58823529411765,"['ee\n\nPhotographedby\nAFletcher\n2024\n', '2024\nDCR2231\n', 'z\nSanteeCoastalReserve\nCharlestonCoSC\n\nE F oPresti\nte Mazyck\n']","['2024\n', '2024\nDCR2231\n', 'CR\nCC0C\n']","['P\n2024\n', '2024\nC2231\n', 'C\nCC0C\nP P\n']",modelv1.0__2026-05-17 06:45:08
D:/moth_photos/database\batch_05\img_moth_00009510.jpg,"[4000, 6000]",37.411764705882355,"['es\n\nPhotographedby\nAFletcher\n2024\n', 'SanteeCoastalReserve\nCharlestonCoSC\n\nEFLoP\napiati\n', '2024\nDCR2232\n']","['2024\n', 'CR\nCCC\n', '2024\nDCR2232\n']","['P\n2024\n', 'C\nCCC\n\nP\n', '2024\nC2232\n']",modelv1.0__2026-05-17 06:45:08
D:/moth_photos/database\batch_05\img_moth_00009511.jpg,"[4000, 6000]",37.76470588235294,"['SanteeCoastalReserve\nChariestorCoSC\n\nEFLoPresti\nYAChisMazyck\n', '2024\nDCR2233\n', 'Photographedby\nAFletcher\n2024\n']","['CR\nCC0C\n\nC\n', '2024\nDCR2233\n', '2024\n']","['C\nCC0C\n\nP\nC\n', '2024\nPC2233\n', 'P\n2024\n']",modelv1.0__2026-05-17 06:45:08
D:/moth_photos/database\batch_05\img_moth_00009512.jpg,"[4000, 6000]",37.450980392156865,"['oanteeCoastaiKeserve\nCharlestonCoSC\n\nEFLoPresti\nYpeqrtyMazyek\n', '2024\nDCR2234\n', 'i\n\nPhotographedby\nAFletcher\n2024\n']","['C\nCCC\n\n42\n', '2024\nDCR2234\n', '2024\n']","['C\nCCC\n\nP\n42\n', '2024\nC2234\n', 'P\n2024\n']",modelv1.0__2026-05-17 06:45:08
D:/moth_photos/database\batch_05\img_moth_00009513.jpg,"[4000, 6000]",37.509803921568626,"['i\n\nPhotographedby\nAFletcher\n2024\n', 'Santee CoastalReserve\nCharlestonCoSC\n\nY EFLoPresti\n\nTAQEIMMazyck\n', '2024\nDCR2235\n']","['2024\n', 'CR\nCCC\n2\n', '2024\nDCR2235\n']","['P\n2024\n', 'C\nCCC\n\nP\n\n2\n', '2024\nC2235\n']",modelv1.0__2026-05-17 06:45:08
D:/moth_photos/database\batch_05\img_moth_00009514.jpg,"[4000, 6000]",37.64705882352941,"['2024\nDCR2236\n', 'Photographedby\nAFletcher\n2024\n', 'SanteeCoastalReserve\nCharlestonCoSC\nIY EFLoPresti\n\nAPL L4Mazyck\n']","['2024\nDCR2236\n', '2024\n', 'CR\nCC0C\n0\n\n14\n']","['2024\nPC2236\n', 'P\n2024\n', 'CP\nCC0C\n0P\n\nP 14\n']",modelv1.0__2026-05-17 06:45:08
D:/moth_photos/database\batch_05\img_moth_00009515.jpg,"[4000, 6000]",37.490196078431374,"['Photographedby\nAFletcher\n2024\n', '2024\nDCR2228\n', 'fe\n\nSanteeCoastalReserve\nCharlestonCoSC\n\nY EFboPresti\n\nAPy221Mazyck\n\n']","['2024\n', '2024\nDCR2228\n', 'CR\nCC0C\n\n4221\n\n']","['P\n2024\n', '2024\nC2228\n', 'CP\nCC0C\nP\n\nP4221\n\n']",modelv1.0__2026-05-17 06:45:08
D:/moth_photos/database\batch_05\img_moth_00009516.jpg,"[4000, 6000]",37.509803921568626,"['es\n\nPhotographedby\nAFletcher\n2024\n', 'SanteeCoastalReserve\nCharlestonCoSC\nEFLoPresti\n\nIYABR24 Mazyck\n', '2024\nDCR2238\n']","['2024\n', 'CR\nCCC\n\nRR24\n', '2024\nDCR2238\n']","['P\n2024\n', 'C\nCCC\nP\n\n24\n', '2024\nPC2238\n']",modelv1.0__2026-05-17 06:45:08
D:/moth_photos/database\batch_05\img_moth_00009517.jpg,"[4000, 6000]",37.294117647058826,"['Photographedby\nAFletcher\n2024\n', 'SanteeCoastalReserve\nCharlestonCoSC\n\nHe boa RMazyc\n', '2024\nDCR2237\n']","['2024\n', 'CR\nCCC\n\nR\n', '2024\nDCR2237\n']","['P\n2024\n', 'C\nCCC\n', '2024\nC2237\n']",modelv1.0__2026-05-17 06:45:08
D:/moth_photos/database\batch_05\img_moth_00009518.jpg,"[4000, 6000]",37.294117647058826,"['SanteeCoastalReserve\nCharlestonCoSC\nLY ELoPresti\n\nAPLLYMazyck\n', 'iE\n\nPhotographedby\nAFletcher\n2024\n', '2024\nDCR2239\n']","['CR\nCCC\n4\n', '2024\n', '2024\nDCR2239\n']","['C\nCCC\n4 P\n\nP\n', 'P\n2024\n', '2024\nC2239\n']",modelv1.0__2026-05-17 06:45:08
D:/moth_photos/database\batch_05\img_moth_00009519.jpg,"[4000, 6000]",37.431372549019606,"['Photographedby\nAFletcher\n2024\n', '2024\nDCR2240\n', 'SanteeCoastalReserve\nCharlestonCoSC\nfFLoPresti\n\nI4AP2 2tMazyck\n']","['2024\n', '2024\nDCR2240\n', 'CR\nCCC\n\n4R2 2\n']","['P\n2024\n', '2024\nC2240\n', 'C\nCCC\nP\n\n4P2 2\n']",modelv1.0__2026-05-17 06:45:08
D:/moth_photos/database\batch_05\img_moth_00009520.jpg,"[4000, 6000]",37.450980392156865,"['Photographed by\nAFletcher\n2024\n', 'SanteeCoastalReserve\nCharlestonCoSC\nyy EF LoPresti\n\nApe wfMazyck\n', 'DCR2241\n']","['D\n2024\n', 'CR\nCCC\n\n7\n', 'DCR2241\n']","['P\n2024\n', 'CP\nCCC\nP\n\n7\n', 'C2241\n']",modelv1.0__2026-05-17 06:45:08
D:/moth_photos/database\batch_05\img_moth_00009521.jpg,"[4000, 6000]",37.68627450980392,"['oanteeCoastalReserve\nCharlestonCoSC\n\njl h pe7 7Mazyck\n', 'O\n\nPhotographedby\nAFletcher\n2024\n', '2024\nDCR2245\n']","['CR\nCC0C\n\n7 72\n', '2024\n', '2024\nDCR2245\n']","['C\nCC0C\n\n7 72\n', 'P\n2024\n', '2024\nC2245\n']",modelv1.0__2026-05-17 06:45:08
D:/moth_photos/database\batch_05\img_moth_00009522.jpg,"[4000, 6000]",37.35294117647059,"['O\n\nPhotographedby\nAFletcher\n2024\n', 'Santee Coastal Reserve\nChariestonCoSC\nEFLoPresti\nYa\n\nRP Mazyck\n', '2024\nDCR2243\n']","['2024\n', 'C R\nCCC\n1\n\nR4\n', '2024\nDCR2243\n']","['P\n2024\n', 'C\nCCC\nP\n1\n\nP4\n', '2024\nC2243\n']",modelv1.0__2026-05-17 06:45:08
D:/moth_photos/database\batch_05\img_moth_00009523.jpg,"[4000, 6000]",37.568627450980394,"['ee\n\nPhotographedby\nAFletcher\n2024\n', '2024\nDCR2244\n', 'SanteeCoastalReserve\nChariestonCoSC\nEFoPresti\n\nHephzyMazvek\n']","['2024\n', '2024\nDCR2244\n', 'CR\nCC0C\n']","['P\n2024\n', '2024\nC2244\n', 'C\nCC0C\nP\n']",modelv1.0__2026-05-17 06:45:08
D:/moth_photos/database\batch_05\img_moth_00009524.jpg,"[4000, 6000]",37.13461538461539,"['SanteeCoastalReserve\nCharlestonCoSC\nY EFLoPresti\n\nprert Mazyck\n', '2024\nDCR2242\n', 'Photographedby\nAFletcher\n2024\n']","['CR\nCCC\n\n7\n', '2024\nDCR2242\n', '2024\n']","['C\nCCC\nP\n\n7\n', '2024\nC2242\n', 'P\n2024\n']",modelv1.0__2026-05-17 06:45:08
D:/moth_photos/database\batch_05\img_moth_00009525.jpg,"[4000, 6000]",37.15384615384615,"['2024\nDCR2247\n', 'a\n\nPhotographed by\nAFletcher\n2024\n', 'SanteeCoastaiReserve\nCharlestonCoSC\n\nEFLoPresti\nDae IDA0gTAMarsh\n']","['2024\nDCR2247\n', '2024\n', 'CR\nCC0C\n\nD0 D90\n']","['2024\nC2247\n', 'P\n2024\n', 'C\nCC0C\n\nP\n0 P90\n']",modelv1.0__2026-05-17 06:45:08
D:/moth_photos/database\batch_05\img_moth_00009526.jpg,"[4000, 6000]",37.64705882352941,"['Photographedby\nAFletcher\n2024\n', 'SanteeCoastalReserve\nCharlestonCoSC\nEF2oPresti\n', '2024\nDCR2246\n']","['2024\n', 'CR\nCCC\n20R\n', '2024\nDCR2246\n']","['P\n2024\n', 'C\nCCC\n20P\n', '2024\nC2246\n']",modelv1.0__2026-05-17 06:45:08
D:/moth_photos/database\batch_05\img_moth_00009527.jpg,"[4000, 6000]",37.549019607843135,"['SanteeCoastalReserve\nCharlestonCoSC\n12 FLoPresti\n\nSy 1NXMazyck\n', '62024\nDCR2250\n', 'Oe\n\nPhotographedby\nAFletcher\n2024\n']","['CR\nCC0C\n12\n\n1\n', '62024\nDCR2250\n', '2024\n']","['C\nCC0C\n12 P\n\n1\n', '62024\nPC2250\n', 'P\n2024\n']",modelv1.0__2026-05-17 06:45:08
D:/moth_photos/database\batch_05\img_moth_00009528.jpg,"[4000, 6000]",37.294117647058826,"['te\n\nPhotographedby\nAFletcher\n2024\n', 'SanteeCoastalReserve\nCharleston CoSC\n\nFLoPresti\nDOPki4 Mazyck\n', 'Ps\n2024\nDCR2248\n']","['2024\n', 'CR\nC CC\n\nDR4\n', '2024\nDCR2248\n']","['P\n2024\n', 'CP\nC CC\n\nP\n2P4\n', 'P\n2024\nPC2248\n']",modelv1.0__2026-05-17 06:45:08
D:/moth_photos/database\batch_05\img_moth_00009529.jpg,"[4000, 6000]",37.76470588235294,"['oO\n\nPhotographedby\nAFletcher\n2024\n', 'CharlestonCoSC\nEFLePresti\n\n17Arar 1 Mazyck\n\nSanteeCoastalReserve\n', '2024\nDCR2249\n']","['2024\n', 'CCC\nR\n\n17 1\n\nCR\n', '2024\nDCR2249\n']","['P\n2024\n', 'CCC\nP\n\n17 1\n\nCP\n', '2024\nC2249\n']",modelv1.0__2026-05-17 06:45:08
D:/moth_photos/database\batch_05\img_moth_00009530.jpg,"[4000, 6000]",37.07692307692307,"['Ot\n\nPhotographedby\nAFletcher\n2024\n', '2024\nDCR2251\n', 'SanteeCoastalReserve\n']","['2024\n', '2024\nDCR2251\n', 'CR\n']","['P\n2024\n', '2024\nC2251\n', 'C\n']",modelv1.0__2026-05-17 06:45:08
D:/moth_photos/database\batch_05\img_moth_00009531.jpg,"[4000, 6000]",37.76470588235294,"['te\n\nPhotographedby\nAFletcher\n2024\n', '2024\nDCR2251\n', 'SanteeCoastalReserve\nChee CoSC\n']","['2024\n', '2024\nDCR2251\n', 'CR\nC CC\n']","['P\n2024\n', '2024\nC2251\n', 'C\nC CC\n']",modelv1.0__2026-05-17 06:45:08
D:/moth_photos/database\batch_05\img_moth_00009532.jpg,"[4000, 6000]",37.58823529411765,"['2024\nDCR2260\n', 'Photographedby\nAFletcher\n2024\n', 'SarteeCoastalReserve\nCharlestonCoSC\n7 APD LoPresti\n\nPRLYCape\n']","['2024\nDCR2260\n', '2024\n', 'CR\nCC0C\n7 D\n\nRC\n']","['2024\nPC2260\n', 'P\n2024\n', 'C\nCC0C\n7 P P\n\nPC\n']",modelv1.0__2026-05-17 06:45:08
D:/moth_photos/database\batch_05\img_moth_00009533.jpg,"[4000, 6000]",37.62745098039216,"['canteeCoastalReserve\nChartestonCoSC\n\nj F LoPresti\nWY Lixa Cape\n', '2024\nDCR2252\n', 'iO\n\nPhotographed by\nAFletcher\n2024\n']","['CR\nCCC\n\nC\n', '2024\nDCR2252\n', '2024\n']","['C\nCCC\n\nP\nW C\n', '2024\nC2252\n', 'P\n2024\n']",modelv1.0__2026-05-17 06:45:08
D:/moth_photos/database\batch_05\img_moth_00009534.jpg,"[4000, 6000]",37.607843137254896,"['SarteeCoastaiNeserve\nChariestonCoSC\nEFLoPresti\n\niLAPRLYCare\n', 'eee\n\nPhotographedby\nAFletcher\n2024\n', '2024\nDCR2253\n']","['C\nCCC\n\nRRC\n', '2024\n', '2024\nDCR2253\n']","['C\nCCC\nP\n\nPCP\n', 'P\n2024\n', '2024\nC2253\n']",modelv1.0__2026-05-17 06:45:08
D:/moth_photos/database\batch_05\img_moth_00009535.jpg,"[4000, 6000]",37.68627450980392,"['SanteeCoastalReserve\nChariestanCoSC\na FLoPresti\n', 'Photographedby\nAFletcher\n2024\n', '2024\nDCR2255\n']","['CR\nCCC\n', '2024\n', '2024\nDCR2255\n']","['C\nCCC\nP\n', 'P\n2024\n', '2024\nC2255\n']",modelv1.0__2026-05-17 06:45:08
D:/moth_photos/database\batch_05\img_moth_00009536.jpg,"[4000, 6000]",37.72549019607843,"['Photographedby\nAFletcher\n2024\n', '2024\nDCR2257\n', 'SanteeCoastalReserve\nCharlestonCoSC\nEPLoPresti\n\nBegti4Cape\n']","['2024\n', '2024\nDCR2257\n', 'CR\nCCC\n\n14C\n']","['P\n2024\n', '2024\nPC2257\n', 'C\nCCC\nPP\n\n14C\n']",modelv1.0__2026-05-17 06:45:08
D:/moth_photos/database\batch_05\img_moth_00009537.jpg,"[4000, 6000]",37.17307692307693,"['Photographedby\nAFletcher\n2024\n', 'SanteeCoastaiReserve\nChartestonCoSC\n\nL ry B f Cape\n', '2024\nDCR2254\n']","['2024\n', 'CR\nCCC\n\n1 C\n', '2024\nDCR2254\n']","['P\n2024\n', 'C\nCCC\n\n1 C\n', '2024\nC2254\n']",modelv1.0__2026-05-17 06:45:08
D:/moth_photos/database\batch_05\img_moth_00009538.jpg,"[4000, 6000]",37.72549019607843,"['i\n\nPhotographedby\nAFletcher\n2024\n', 'VamneeCOasialNeserve\nCharlestoaCoSC\n\n1ZpePRIUTCape\n', '2024\nDCR2258\n']","['2024\n', 'C\nCC0C\n\n12CRC\n', '2024\nDCR2258\n']","['P\n2024\n', 'C\nCC0C\n\n12PC\n', '2024\nPC2258\n']",modelv1.0__2026-05-17 06:45:08
D:/moth_photos/database\batch_05\img_moth_00009539.jpg,"[4000, 6000]",37.74509803921569,"['oameeCoastalNeserve\nChariestonCoSC\ni EPLoPresti\n\nLAPRYUCape\n', 'es\n\nPhotographedby\nAFletcher\n2024\n', '2024\nDCR2256\n']","['C4\nCCC\n\nCRC\n', '2024\n', '2024\nDCR2256\n']","['C4\nCCC\nPP\n\nCPC\n', 'P\n2024\n', '2024\nC2256\n']",modelv1.0__2026-05-17 06:45:08
D:/moth_photos/database\batch_05\img_moth_00009540.jpg,"[4000, 6000]",37.70588235294117,"['es\n\nPhotographed by\nAFletcher\n2024\n', 'Santee CoastalReserve\nCo sc\n\napne Cape\n', '2024\nDCR2261\n']","['2024\n', 'CR\nC\n\nC\n', '2024\nDCR2261\n']","['P\n2024\n', 'C\nC\n\nC\n', '2024\nC2261\n']",modelv1.0__2026-05-17 06:45:08
D:/moth_photos/database\batch_05\img_moth_00009541.jpg,"[4000, 6000]",37.62745098039216,"['o\n\nPhotographedby\nAFletcher\n2024\n', 'Es\n\n2024\nDCR2263\n', 'es\nSanteeCoastalReserve\nCharteston CoSC\nPon LoPresti\nwy44Cape\n']","['2024\n', '2024\nDCR2263\n', 'CR\nC CC\n44C\n']","['P\n2024\n', '2024\nC2263\n', 'C\nC CC\nP P\n\n44C\n']",modelv1.0__2026-05-17 06:45:08
D:/moth_photos/database\batch_05\img_moth_00009542.jpg,"[4000, 6000]",37.58823529411765,"['santeeCoastalReserve\nCharieston CoSC\nFuCepe\n\nZAPRI\n', 'a\n\nPhotographedby\nAFletcher\n2024\n', '2024\nDCR2259\n']","['CR\nC CC\nC\n\n2RR\n', '2024\n', '2024\nDCR2259\n']","['C\nC CC\nC\n\n2PC\n', 'P\n2024\n', '2024\nC2259\n']",modelv1.0__2026-05-17 06:45:08
D:/moth_photos/database\batch_05\img_moth_00009543.jpg,"[4000, 6000]",37.74509803921569,"['i\n\nPhotographedby\nAFletcher\n2024\n', 'vanteeCoastalReserve\nCharleston CoSC\nF LoPresti\nUf 14Cape\n', '2024\nDCR2262\n']","['2024\n', 'CR\nC CC\n14C\n', '2024\nDCR2262\n']","['P\n2024\n', 'CP\nC CC\nP\n14C\n', '2024\nPC2262\n']",modelv1.0__2026-05-17 06:45:08
D:/moth_photos/database\batch_05\img_moth_00009544.jpg,"[4000, 6000]",37.58823529411765,"['tt\n\nPhotographedby\nAFletcher\n2024\n', '2024\nDCR2269\n', 'Santee CoastalReserve\nCharlestonCoSC\n\n4 Ef LoPresti\nPPRZ Ormond Hall\n']","['2024\n', '2024\nDCR2269\n', 'CR\nCC0C\n\n4\nR2\n']","['P\n2024\n', '2024\nC2269\n', 'C\nCC0C\n\n4 P\nPP2\n']",modelv1.0__2026-05-17 06:45:08
D:/moth_photos/database\batch_05\img_moth_00009545.jpg,"[4000, 6000]",37.607843137254896,"['vanteeCoastalReserve\nCharlestonCoSC\nEFLoPresti\n7p fOrmondHall\n', 'Photographedby\nAFletcher\n2024\n', '2024\nDCR2268\n']","['CR\nCCC\n7R 0\n', '2024\n', '2024\nDCR2268\n']","['C\nCCC\nPP\n7 0\n', 'P\n2024\n', '2024\nPC2268\n']",modelv1.0__2026-05-17 06:45:08
D:/moth_photos/database\batch_05\img_moth_00009546.jpg,"[4000, 6000]",37.607843137254896,"['Photographedby\nAFletcher\n2024\n', 'SanteeCoastalReserve\nCharest CoSC\n\nEFLoPresti\naCe 24OrmondHall\n', '2024\nDCR2264\n']","['2024\n', 'CR\nC CC\n\nC\nC 24\n', '2024\nDCR2264\n']","['P\n2024\n', 'CP\nC CC\n\nCP\nC 24\n', '2024\nC2264\n']",modelv1.0__2026-05-17 06:45:08
D:/moth_photos/database\batch_05\img_moth_00009547.jpg,"[4000, 6000]",37.568627450980394,"['SanteeCoastalReserve\nCharlestonCoSC\nEFLoPresti\n\nmy PR ney OrmondHall\n', 'a\n\nPhotographedby\nAFletcher\n2024\n', '2024\nDCR2270\n']","['CR\nCC0C\n\nR C\n', '2024\n', '2024\nDCR2270\n']","['C\nCC0C\nP\n\nP C\n', 'P\n2024\n', '2024\nPC2270\n']",modelv1.0__2026-05-17 06:45:08
D:/moth_photos/database\batch_05\img_moth_00009548.jpg,"[4000, 6000]",37.666666666666664,"['te\n\nPhotographedby\nAFletcher\n2024\n', '2024\nDCR2271\n', '47\n\nSanteeCoastalReserve\nCharleston CoSC\npF P LoPresti\nOrmondHall\n']","['2024\n', '2024\nDCR2271\n', '47\n\nCR\nC CC\n']","['P\n2024\n', '2024\nC2271\n', '47\n\nC\nC CC\nP P\n']",modelv1.0__2026-05-17 06:45:08
D:/moth_photos/database\batch_05\img_moth_00009549.jpg,"[4000, 6000]",37.549019607843135,"['O\n\nPhotographedby\nAFletcher\n2024\n', 'SanteeCoastalReserve\nCharlestonCoSC\nEFLoPresti\nape P 4 OrmondHall\n', '2024\nDCR2272\n\n']","['2024\n', 'CR\nCCC\n4\n', '2024\nDCR2272\n\n']","['P\n2024\n', 'C\nCCC\nP\nP P 4\n', '2024\nPC2272\n\n']",modelv1.0__2026-05-17 06:45:08
D:/moth_photos/database\batch_05\img_moth_00009550.jpg,"[4000, 6000]",37.607843137254896,"['2024\nDCR2267\n', 'a\n\nPhotographedby\nAFletcher\n2024\n', 'SanteeCoastalReserve\nCharlestonCoSC\nEFLoPresti\n\nSR 24OrmondHali\n']","['2024\nDCR2267\n', '2024\n', 'CR\nCCC\n\nR 24\n']","['2024\nPC2267\n', 'P\n2024\n', 'CP\nCCC\nP\n\n24\n']",modelv1.0__2026-05-17 06:45:08
D:/moth_photos/database\batch_05\img_moth_00009551.jpg,"[4000, 6000]",37.509803921568626,"['e\n\nPhotographedby\nAFletcher\n2024\n', 'SanteeCoastalReserve\nCharlestonCoSC\n\nLoPresti\nUaae OrmondHall\n', '2024\nDCR2273\n']","['2024\n', 'CR\nCCC\n', '2024\nDCR2273\n']","['P\n2024\n', 'C\nCCC\n\nP\n', '2024\nC2273\n']",modelv1.0__2026-05-17 06:45:08
D:/moth_photos/database\batch_05\img_moth_00009552.jpg,"[4000, 6000]",37.64705882352941,"['2024\nDCR2274\n', 'SanteeCoastalReserve\nChartestonCoSC\n\n1EFeLoPresti\n\nDAPE24OrmondHall\n', 'es\n\nPhotographedby\nAFletcher\n2024\n']","['2024\nDCR2274\n', 'CR\nCCC\n\n1\n\nDR24\n', '2024\n']","['2024\nC2274\n', 'CP\nCCC\n\n1P\n\n2P24\n', 'P\n2024\n']",modelv1.0__2026-05-17 06:45:08
D:/moth_photos/database\batch_05\img_moth_00009553.jpg,"[4000, 6000]",37.490196078431374,"['Photographedby\nAFletcher\n2024\n', '2024\nDCR2266\n', 'SanteeCoastalReserve\nChariestonCoSC\nEFLoPresti\n\nYACE24OrmondHall\n']","['2024\n', '2024\nDCR2266\n', 'CR\nCCC\n\nC24C\n']","['P\n2024\n', '2024\nC2266\n', 'C\nCCC\nP\n\nC24C\n']",modelv1.0__2026-05-17 06:45:08
D:/moth_photos/database\batch_05\img_moth_00009554.jpg,"[4000, 6000]",37.62745098039216,"['SanteeCoastalReserve\nCharlestonCoSC\n\nEF aLoPresti\n\nSper PR2 YOrmondHall\n', '2024\nDCR2265\n', 'a\n\nPhotographedby\nAFletcher\n2024\n']","['CR\nCCC\nR2 0\n', '2024\nDCR2265\n', '2024\n']","['CP\nCCC\n\nP\n\nP2 W0\n', '2024\nC2265\n', 'P\n2024\n']",modelv1.0__2026-05-17 06:45:08
D:/moth_photos/database\batch_05\img_moth_00009555.jpg,"[4000, 6000]",37.58823529411765,"['eee\n\nPhotographed by\nAFletcher\n2024\n', 'SanteeCoastalReserve\nCharlestonCoSC\n1 EFleoPresti\n\nAte2y OrmondHati\n', '2024\nDCR2276\n']","['2024\n', 'CR\nCC0C\n1\n\n2\n', '2024\nDCR2276\n']","['P\n2024\n', 'C\nCC0C\n1 P\n\n2\n', '2024\nC2276\n']",modelv1.0__2026-05-17 06:45:08
D:/moth_photos/database\batch_05\img_moth_00009556.jpg,"[4000, 6000]",37.64705882352941,"['Photographedby\nAFletcher\n2024\n', '2024\nDCR2275\n', 'SanteeCoastalReserve\nCharlestonCoSC\nEFL8Presti\n\n4OrmondHall\n']","['2024\n', '2024\nDCR2275\n', 'CR\nCCC\n8R\n\n40\n']","['P\n2024\n', '2024\nC2275\n', 'C\nCCC\n8P\n\n40\n']",modelv1.0__2026-05-17 06:45:08
D:/moth_photos/database\batch_05\img_moth_00009557.jpg,"[4000, 6000]",37.74509803921569,"['Photographedby\nAFletcher\n2024\n', 'SanteeCoastalReserve\nCharlestonCoSC\nEFLePresti\n\nf GE224Gator Road\n', '2024\nDCR2279\n']","['2024\n', 'CR\nCC0C\n\nC224C R\n', '2024\nDCR2279\n']","['P\n2024\n', 'C\nCC0C\nP\n\nC224C\n', '2024\nPC2279\n']",modelv1.0__2026-05-17 06:45:08
D:/moth_photos/database\batch_05\img_moth_00009558.jpg,"[4000, 6000]",37.58823529411765,"['Photographedby\nAFletcher\n2024\n', '2024\nDCR2280\n', 'Santee CoastalReserve\nCharlestonCoSC\nop EFGoPresti\n\nTAPALY GatorRoad\n']","['2024\n', '2024\nDCR2280\n', 'CR\nCCC\nR\n\nRR R\n']","['P\n2024\n', '2024\nC2280\n', 'C\nCCC\nPP\n\nP\n']",modelv1.0__2026-05-17 06:45:08
D:/moth_photos/database\batch_05\img_moth_00009559.jpg,"[4000, 6000]",37.509803921568626,"['SanteeCoastalReserve\nCharlestonCoSC\nEFLoPresti\n\nUy ath 1 GatorRoad\n', 'Photographedby\nAFletcher\n2024\n', '2024\nDCR2278\n']","['CR\nCCC\n\n1 CR\n', '2024\n', '2024\nDCR2278\n']","['C\nCCC\nP\n\n1 C\n', 'P\n2024\n', '2024\nC2278\n']",modelv1.0__2026-05-17 06:45:08
D:/moth_photos/database\batch_05\img_moth_00009560.jpg,"[4000, 6000]",37.72549019607843,"['2024\nDCR2281\n', 'Photographedby\nAFletcher\n2024\n', 'oanteeCoastalReserve\nCharlestonCoSC\n\nEF eoPresti\nACE74Gator Road\n']","['2024\nDCR2281\n', '2024\n', 'CR\nCCC\nC74 R\n']","['2024\nC2281\n', 'P\n2024\n', 'C\nCCC\n\nP\nC74\n']",modelv1.0__2026-05-17 06:45:08
D:/moth_photos/database\batch_05\img_moth_00009561.jpg,"[4000, 6000]",37.470588235294116,"['Photographedby\n\nAFletcher\n2024\n', 'SanteeCoastalReserve\nCharleston CoSC\n\n4oe EF FGatoRoad\n', '2024\nDCR2277\n']","['2024\n', 'CR\nC CC\n\n40 CR\n', '2024\nDCR2277\n']","['P\n\n2024\n', 'C\nC CC\n\n40 C\n', '2024\nC2277\n']",modelv1.0__2026-05-17 06:45:08
D:/moth_photos/database\batch_05\img_moth_00009562.jpg,"[4000, 6000]",37.72549019607843,"['a\n\nPhotographedby\nAFletcher\n2024\n', 'SanteeCoastalReserve\nCharlestonCoSC\nFLoPresti\n\n12 aPery LiveOak\n', '2024\nDCR2286\n']","['2024\n', 'CR\nCCC\n\n12\n', '2024\nDCR2286\n']","['P\n2024\n', 'C\nCCC\nP\n\n12 P\n', '2024\nC2286\n']",modelv1.0__2026-05-17 06:45:08
D:/moth_photos/database\batch_05\img_moth_00009563.jpg,"[4000, 6000]",37.431372549019606,"['Photographedby\nAFletcher\n2024\n', 'SanteeCoastalReserve\nCharlestonCoSC\nEFLoPresti\nlA\n\nPRYYLiveOak\n', '2024\nDCR2284\n']","['2024\n', 'CR\nCC0C\n\nRC\n', '2024\nDCR2284\n']","['P\n2024\n', 'C\nCC0C\nP\n\nPC\n', '2024\nC2284\n']",modelv1.0__2026-05-17 06:45:08
D:/moth_photos/database\batch_05\img_moth_00009564.jpg,"[4000, 6000]",37.607843137254896,"['te\n\nPhotographedby\nAFletcher\n2024\n', '2024\nDCR2285\n', 'SanteeCoastal Reserve\nCharlestonCoSC\n2 ml F LoPresti\n\nAPPLY tyLiveOak\n']","['2024\n', '2024\nDCR2285\n', 'C R\nCCC\n2\n\nR\n']","['P\n2024\n', '2024\nC2285\n', 'C\nCCC\n2 P\n\nP\n']",modelv1.0__2026-05-17 06:45:08
D:/moth_photos/database\batch_05\img_moth_00009565.jpg,"[4000, 6000]",37.52941176470588,"['i\n\nPhotographedby\nAFletcher\n2024\n', 'vanteeCoastalReserve\nCharlestonCoSC\n\nEFLoPresti\nlLaer Poy LiveOak\n', '2024\nDCR2287\n']","['2024\n', 'CR\nCC0C\n', '2024\nDCR2287\n']","['P\n2024\n', 'CP\nCC0C\n\nP\nP\n', '2024\nPC2287\n']",modelv1.0__2026-05-17 06:45:08
D:/moth_photos/database\batch_05\img_moth_00009566.jpg,"[4000, 6000]",37.3921568627451,"['ee\n\nPhotographedby\nAFletcher\n2024\n', '2024\nDCR2288\n', 'SanteeCeastalReserve\nCharlestonCoSC\n\nEFLoPresti\nLA OLY LiveOak\n']","['2024\n', '2024\nDCR2288\n', 'CR\nCCC\n\n0\n']","['P\n2024\n', '2024\nC2288\n', 'C\nCCC\n\nP\n0\n']",modelv1.0__2026-05-17 06:45:08
D:/moth_photos/database\batch_05\img_moth_00009567.jpg,"[4000, 6000]",37.568627450980394,"['Photographedby\nAFletcher\n2024\n', '2024\nDCR2289\n', 'SanteeCoastalReserve\nChartestonCoSC\n12 EFLoPresti\n\nCARL YLiveOak\n']","['2024\n', '2024\nDCR2289\n', 'CR\nCC0C\n12 C\n\nCR C\n']","['P\n2024\n', '2024\nC2289\n', 'C\nCC0C\n12 CP\n\nCP C\n']",modelv1.0__2026-05-17 06:45:08
D:/moth_photos/database\batch_05\img_moth_00009568.jpg,"[4000, 6000]",37.568627450980394,"['Photographedby\n\nAFletcher\n2024\n', '2024\nDCR2290\n', 'SanteeCoastal Reserve\nCharlestonCoSC\nEFLoPresti\n\n1240024 LiveOak\n']","['2024\n', '2024\nDCR2290\n', 'C R\nCCC\n\n1240024\n']","['P\n\n2024\n', '2024\nPC2290\n', 'C\nCCC\nP\n\n1240024\n']",modelv1.0__2026-05-17 06:45:08
D:/moth_photos/database\batch_05\img_moth_00009569.jpg,"[4000, 6000]",37.450980392156865,"['2024\nDCR2291\n', 'eee\n\nPhotographedby\nAFletcher\n2024\n', 'SanteeCoastalReserve\nCharlestonCoSC\nEfLoPresti\n\nVZAPA24LiveOak\n']","['2024\nDCR2291\n', '2024\n', 'CR\nCC0C\n\n2C24C2\n']","['2024\nC2291\n', 'P\n2024\n', 'C\nCC0C\nP\n\n2P24C2\n']",modelv1.0__2026-05-17 06:45:08
D:/moth_photos/database\batch_05\img_moth_00009570.jpg,"[4000, 6000]",37.568627450980394,"['2024\nDCR2282\n', 'Photographedby\nAFletcher\n2024\n', 'bn\nSanteeCoastalReserve\nCharlestonCoSC\nEFeoPresti\nLiveOak\n\n']","['2024\nDCR2282\n', '2024\n', 'D\nCR\nCCC\nC\n\n']","['2024\nPC2282\n', 'P\n2024\n', 'C\nCCC\nP\n\nC\n\n']",modelv1.0__2026-05-17 06:45:08
D:/moth_photos/database\batch_05\img_moth_00009571.jpg,"[4000, 6000]",37.52941176470588,"['Photographedby\nAFletcher\n2024\n', 'vanteeCoastalReserve\nChartestonCoSC\n\nEFLoPresti\n2\n\nAR24 LiveOak\n', '2024\nDCR2283\n']","['2024\n', 'CR\nCC0C\n\n2\n\nR24\n', '2024\nDCR2283\n']","['P\n2024\n', 'C\nCC0C\n\nP\n2\n\n24\n', '2024\nC2283\n']",modelv1.0__2026-05-17 06:45:08
D:/moth_photos/database\batch_05\img_moth_00009572.jpg,"[4000, 6000]",37.28846153846154,"['Photographedby\nAFletcher\n2024\n', '2024\nDCR2293\n', 'me\nSanteeCoastalReserve\nCharlestonCoSC\nELFLoPresti\nAPEISgangpit\n']","['2024\n', '2024\nDCR2293\n', 'CR\nCCC\nR\n']","['P\n2024\n', '2024\nPC2293\n', 'C\nCCC\nPP\nPP\n']",modelv1.0__2026-05-17 06:45:08
D:/moth_photos/database\batch_05\img_moth_00009573.jpg,"[4000, 6000]",37.58823529411765,"['Photographedby\nAFletcher\n2024\n', '2024\nDCR2297\n', 'SanteeCoastalReserve\nCharlestonCoSC\n\nFLoPresti\nSoe ae SandPit\n']","['2024\n', '2024\nDCR2297\n', 'CR\nCC0C\n']","['P\n2024\n', '2024\nC2297\n', 'C\nCC0C\n\nP\nP\n']",modelv1.0__2026-05-17 06:45:08
D:/moth_photos/database\batch_05\img_moth_00009574.jpg,"[4000, 6000]",37.607843137254896,"['Photographedby\nAFletcher\n2024\n', '2024\nDCR2294\n', 'SanteeCoastalReserve\nCharlestonCoSC\nFf F LoPresti\n2 e 7FSandPit\n']","['2024\n', '2024\nDCR2294\n', 'CR\nCCC\n2 7\n']","['P\n2024\n', '2024\nC2294\n', 'CP\nCCC\nP\n2 7P\n']",modelv1.0__2026-05-17 06:45:08
D:/moth_photos/database\batch_05\img_moth_00009575.jpg,"[4000, 6000]",37.549019607843135,"['Photographedby\nAFletcher\n2024\n', '2024\nDCR2295\n', 'SanteeCoastalReserve\nCharlestonCoSC\n\nS Ont EFLoPresti\nEEL9aSandPit\n']","['2024\n', '2024\nDCR2295\n', 'CR\nCCC\n\nC92\n']","['P\n2024\n', '2024\nC2295\n', 'C\nCCC\n\nP\nC92P\n']",modelv1.0__2026-05-17 06:45:08
D:/moth_photos/database\batch_05\img_moth_00009576.jpg,"[4000, 6000]",37.549019607843135,"['Photographedby\nAFletcher\n2024\n', '2024\nDCR2298\n', 'SanteeCoastalReserve\nChariestonCoSC\n\ns Dej EF LoPresti\n\n4SandPit\n']","['2024\n', '2024\nDCR2298\n', 'CR\nCC0C\n\nD\n\n4\n']","['P\n2024\n', '2024\nPC2298\n', 'C\nCC0C\n\nP\n\n4P\n']",modelv1.0__2026-05-17 06:45:08
D:/moth_photos/database\batch_05\img_moth_00009577.jpg,"[4000, 6000]",37.74509803921569,"['2024\nDCR2299\n', 'EE\n\nPhotographedby\nAFletcher\n2024\n', 'SanteeCoastalReserve\nChariestonCoSC\nos EFLoPresti\n\nSDffto SandPit\n']","['2024\nDCR2299\n', '2024\n', 'CR\nCCC\n\n4D\n']","['2024\nC2299\n', 'P\n2024\n', 'C\nCCC\nP\n\n4 P\n']",modelv1.0__2026-05-17 06:45:08
D:/moth_photos/database\batch_05\img_moth_00009578.jpg,"[4000, 6000]",37.70588235294117,"['i\n\nPhotographed by\nAFletcher\n2024\n', '2024\nDCR2296\n', 'SanteeCoastaiReserve\nCharlestonCoSC\n\n3 E i LoPresti\nJ ARL2Sand Pit\n']","['2024\n', '2024\nDCR2296\n', 'CR\nCC0C\n\n3\nR2\n']","['P\n2024\n', '2024\nC2296\n', 'C\nCC0C\n\n3 P\n2 P\n']",modelv1.0__2026-05-17 06:45:08
D:/moth_photos/database\batch_05\img_moth_00009579.jpg,"[4000, 6000]",37.549019607843135,"['a\n\nPhotographedby\nAFletcher\n2024\n', 'SanteeCoastalReserve\nCharlestonCoSC\nI PfsSandPit\n', '2024\nDCR2292\n\n']","['2024\n', 'CR\nCCC\nDR\n', '2024\nDCR2292\n\n']","['P\n2024\n', 'C\nCCC\nPP\n', '2024\nPC2292\n\n']",modelv1.0__2026-05-17 06:45:08
D:/moth_photos/database\batch_05\img_moth_00009580.jpg,"[4000, 6000]",37.76470588235294,"['Photographedby\nAFletcher\n2024\n', '2024\nDCR2300\n', 'SanteeCoastalReserve\nCharlestonCoSC\n\nEFLoPresti\nsy f a SandPit\n']","['2024\n', '2024\nDCR2300\n', 'CR\nCCC\n\n5\n']","['P\n2024\n', '2024\nPC2300\n', 'C\nCCC\n\nP\n5 P\n']",modelv1.0__2026-05-17 06:45:08
D:/moth_photos/database\batch_05\img_moth_00009581.jpg,"[4000, 6000]",37.62745098039216,"['', 'Photographedby\nAFletcher\n2024\n', '2024\n\nDCR2307\n']","['', '2024\n', '2024\n\nDCR2307\n']","['', 'P\n2024\n', '2024\n\nPC2307\n']",modelv1.0__2026-05-17 06:45:08
D:/moth_photos/database\batch_05\img_moth_00009582.jpg,"[4000, 6000]",37.568627450980394,"['as\n\nPhotographedby\nAFletcher\n2024\n', '2024\nDCR2305\n', '']","['2024\n', '2024\nDCR2305\n', '']","['P\n2024\n', '2024\nC2305\n', '']",modelv1.0__2026-05-17 06:45:08
D:/moth_photos/database\batch_05\img_moth_00009583.jpg,"[4000, 6000]",37.568627450980394,"['vanteeCoastalReserve\nCharlestonCo Sc\nFLoPrest\nZ AE 7SerubOak\n', 'i\n\nPhotographedby\nAFletcher\n2024\n', '2024\nDCR2303\n']","['CR\nCC C\n7\n', '2024\n', '2024\nDCR2303\n']","['C\nCC C\nP\n7\n', 'P\n2024\n', '2024\nC2303\n']",modelv1.0__2026-05-17 06:45:08
D:/moth_photos/database\batch_05\img_moth_00009584.jpg,"[4000, 6000]",37.509803921568626,"['Ot\n\nPhotographedby\nAFletcher\n2024\n', 'SanteeCoastalReserve\nCharlestonCoSC\n\nZtntv7ScrubOak\n', '2024\nDCR2302\n']","['2024\n', 'CR\nCCC\n\n7C\n', '2024\nDCR2302\n']","['P\n2024\n', 'C\nCCC\n\n7C\n', '2024\nC2302\n']",modelv1.0__2026-05-17 06:45:08
D:/moth_photos/database\batch_05\img_moth_00009585.jpg,"[4000, 6000]",37.3921568627451,"['ii\n\nPhotographedby\nAFletcher\n2024\n', '', '2024\nDCR2301\n']","['2024\n', '', '2024\nDCR2301\n']","['P\n2024\n', '', '2024\nC2301\n']",modelv1.0__2026-05-17 06:45:08
D:/moth_photos/database\batch_05\img_moth_00009586.jpg,"[4000, 6000]",37.450980392156865,"['2024\nDCR2310\n', 'i1i\n\nPhotographedby\nAFletcher\n2024\n', 'SarteeCoastalReserve\nCharlestonCoSC\nEFLoPrest\nemeScrubOak\n']","['2024\nDCR2310\n', '1\n\n2024\n', 'CR\nCCC\nC\n']","['2024\nC2310\n', '1\n\nP\n2024\n', 'C\nCCC\nP\nC\n']",modelv1.0__2026-05-17 06:45:08
D:/moth_photos/database\batch_05\img_moth_00009587.jpg,"[4000, 6000]",37.52941176470588,"['OO\n\nPhotographedby\nAFletcher\n2024\n', 'SanteeCoastalReserve\nChanlestonCoSC\n\nEFLoPrestj\n\nCANB79ScrubOak\n', 'a\n2024\nDCR2314\n']","['2024\n', 'CR\nCCC\nC79C\n', '2024\nDCR2314\n']","['P\n2024\n', 'C\nCCC\n\nPP\n\nC79C\n', '2024\nPC2314\n']",modelv1.0__2026-05-17 06:45:08
D:/moth_photos/database\batch_05\img_moth_00009588.jpg,"[4000, 6000]",37.52941176470588,"['ae\n\nPhotographedby\nAFletcher\n2024\n', 'SanteeCoastalReserve\nChartestonCoSC\n', '2024\nDCR2313\n']","['2024\n', 'CR\nCCC\n', '2024\nDCR2313\n']","['P\n2024\n', 'C\nCCC\n', '2024\nC2313\n']",modelv1.0__2026-05-17 06:45:08
D:/moth_photos/database\batch_05\img_moth_00009589.jpg,"[4000, 6000]",37.549019607843135,"['Photographedby\nAFletcher\n2024\n', 'SanteeCoastalReserve\nChadesionCoSC\n\n7 EFLoPrest\n\neMtScrubOak\n', '2024\nDCR2312\n']","['2024\n', 'CR\nCC5C\n\n7\n\n1C\n', '2024\nDCR2312\n']","['P\n2024\n', 'C\nCC5C\n\n7 P\n\n1C\n', '2024\nC2312\n']",modelv1.0__2026-05-17 06:45:08
D:/moth_photos/database\batch_05\img_moth_00009590.jpg,"[4000, 6000]",37.72549019607843,"['2024\nDCR2304\n', 'Photographedby\nAFletcher\n2024\n', 'SanteeCoastalReserve\nCharlestonCoSC\nEFLoPresti\nZam B 13 wtSctubOak\n']","['2024\nDCR2304\n', '2024\n', 'CR\nCC0C\n0\n13 0\n']","['2024\nPC2304\n', 'P\n2024\n', 'C\nCC0C\n0P\n13 W0\n']",modelv1.0__2026-05-17 06:45:08
D:/moth_photos/database\batch_05\img_moth_00009591.jpg,"[4000, 6000]",37.509803921568626,"['Photographedby\nAFletcher\n2024\n', '2024\nDCR2315\n', 'catkeeCoastalReserve\nCharlestonCoSC\n\nEFLoPresti\n\nCt424ScrubOak\n']","['2024\n', '2024\nDCR2315\n', 'CR\nCC0C\nC424C\n']","['P\n2024\n', '2024\nC2315\n', 'C\nCC0C\nP\nC424C\n']",modelv1.0__2026-05-17 06:45:08
D:/moth_photos/database\batch_05\img_moth_00009592.jpg,"[4000, 6000]",37.490196078431374,"['SanteeCoastalReserve\nCharestonCoSC\nEFLoPresti\nUne 2ScrubOak\n', 'ee\n\nPhotographedby\nAFletcher\n2024\n', '2024\nDCR2309\n']","['CR\nCC0C\n20\n', '2024\n', '2024\nDCR2309\n']","['C\nCC0C\nP\n20\n', 'P\n2024\n', '2024\nC2309\n']",modelv1.0__2026-05-17 06:45:08
D:/moth_photos/database\batch_05\img_moth_00009593.jpg,"[4000, 6000]",37.509803921568626,"['i\n\nPhotographedby\nAFletcher\n2024\n', '2024\nDCR2308\n', 'SanteeCoastal Reserve\nCharlestonCoSC\n\nEFLoPrest\n\nPe7ScubOak\n']","['2024\n', '2024\nDCR2308\n', 'C R\nCC0C\n7C\n']","['P\n2024\n', '2024\nPC2308\n', 'C\nCC0C\nP\nP7C\n']",modelv1.0__2026-05-17 06:45:08
D:/moth_photos/database\batch_05\img_moth_00009594.jpg,"[4000, 6000]",37.52941176470588,"['Photographedby\nAFletcher\n2024\n', '2024\nDCR2306\n', 'SanteeCoastalReserve\nCharlestonCoSC\nEFLoPresti\nSMA 477ScribOak\n']","['2024\n', '2024\nDCR2306\n', 'DCR\nCC0C\n477C\n']","['P\n2024\n', '2024\nC2306\n', 'C\nCC0C\nP\n477C\n']",modelv1.0__2026-05-17 06:45:08
D:/moth_photos/database\batch_05\img_moth_00009595.jpg,"[4000, 6000]",37.490196078431374,"['Photographedby\nAFletcher\n2024\n', 'SanteeCoastalReserve\nChariestonCoSC\n\no EFLoPresti\n\nLIt42ScnubOak\n', '2024\nDCR2311\n']","['2024\n', 'CR\nCCC\n42C\n', '2024\nDCR2311\n']","['P\n2024\n', 'C\nCCC\n\nP\n\n42C\n', '2024\nC2311\n']",modelv1.0__2026-05-17 06:45:08
D:/moth_photos/database\batch_05\img_moth_00009596.jpg,"[4000, 6000]",37.52941176470588,"['a\n\nPhotographedby\nAFletcher\n2024\n', 'SanteeCoastalReserve\nChartestonCoSC\n\nOER Pit\n', 'wTweoe\n\n2024\nDCR2316\n\n']","['2024\n', 'CR\nCCC\n\n0RR\n', '2024\nDCR2316\n\n']","['P\n2024\n', 'C\nCCC\n\n0 P\n', '2024\nC2316\n\n']",modelv1.0__2026-05-17 06:45:08
D:/moth_photos/database\batch_05\img_moth_00009597.jpg,"[4000, 6000]",37.05769230769231,"['Photographedby\nAFletcher\n2024\n', 'SarnteeCoastalReserve\nChariestonCoSC\n\na\n3Oppp2ysand Pit\n', '2024\nDCR2318\n']","['2024\n', 'CR\nCCC\n\nRC\n3092\n', '2024\nDCR2318\n']","['P\n2024\n', 'C\nCCC\n\n3092 P\n', '2024\nC2318\n']",modelv1.0__2026-05-17 06:45:08
D:/moth_photos/database\batch_05\img_moth_00009598.jpg,"[4000, 6000]",37.3921568627451,"['2024\nDCR2317\n', 'i\n\nPhotographedby\nAFletcher\n2024\n', 'EE\nSanteeCoastalReserve\nCharlestonCoSC\n\n47EF LoPresti\nOABE2SandPit\n']","['2024\nDCR2317\n', '2024\n', 'CR\nCCC\n47\nR2R\n']","['2024\nC2317\n', 'P\n2024\n', 'CP\nCCC\n\n47 P\n\nP2P\n']",modelv1.0__2026-05-17 06:45:08
D:/moth_photos/database\batch_05\img_moth_00009599.jpg,"[4000, 6000]",37.450980392156865,"['Photographedby\nAFletcher\n2024\n', '2024\nDCR2319\n', 'SanteeCoastalReserve\nCharlestonCoSC\n\n2EFLoPresti\n\nA8DeSand Pit\n\n']","['2024\n', '2024\nDCR2319\n', 'CR\nCC0C\n\n2C\n\n8D\n\n']","['P\n2024\n', '2024\nC2319\n', 'C\nCC0C\n\n2CP\n\n8 P\n\n']",modelv1.0__2026-05-17 06:45:08
D:/moth_photos/database\batch_05\img_moth_00009600.jpg,"[4000, 6000]",37.62745098039216,"['Photographedby\nAFletcher\n2024\n', 'SanteeCoastaiReserve\nCharlestonCoSC\n\nLoPresti\n3 Deve 74Sand Pit\n', '2024\nDCR2320\n']","['2024\n', 'CR\nCCC\n\n3 D 745\n', '2024\nDCR2320\n']","['P\n2024\n', 'C\nCCC\n\nP\n3 745 P\n', '2024\nC2320\n']",modelv1.0__2026-05-17 06:45:08
D:/moth_photos/database\batch_05\img_moth_00009601.jpg,"[4000, 6000]",37.490196078431374,"['Photographedby\nAFletcher\n2024\n', 'SanteeCoastalReserve\nCharlestogCoSC\nEFLoPresti\n\nMy 1OrmondHall\n', '2024\nDCR2330\n']","['2024\n', 'CR\nCC0C\n\n1\n', '2024\nDCR2330\n']","['P\n2024\n', 'C\nCC0C\nP\n\n1\n', '2024\nPC2330\n']",modelv1.0__2026-05-17 06:45:08
D:/moth_photos/database\batch_05\img_moth_00009602.jpg,"[4000, 6000]",37.372549019607845,"['SanteeCoastalReserve\nCharleStonCoSC\nEFLoPresti\nMAy 24OrmondHall\n', 'ae\n\nPhotographedby\nAFletcher\n2024\n', '2024\nDCR2321\n']","['CR\nCCC\n24\n', '2024\n', '2024\nDCR2321\n']","['C\nCCC\nP\n24\n', 'P\n2024\n', '2024\nPC2321\n']",modelv1.0__2026-05-17 06:45:08
D:/moth_photos/database\batch_05\img_moth_00009603.jpg,"[4000, 6000]",37.470588235294116,"['Photographedby\nAFletcher\n2024\n', '2024\nDCR2325\n', 'ee\nSanteeCoastalReserve\nCharlestonCoSC\nF EFoPresti\nIMny 24OrmondHall\n']","['2024\n', '2024\nDCR2325\n', 'CR\nCCC\nC0R\n24\n']","['P\n2024\n', '2024\nC2325\n', 'C\nCCC\nP C0P\n24\n']",modelv1.0__2026-05-17 06:45:08
D:/moth_photos/database\batch_05\img_moth_00009604.jpg,"[4000, 6000]",37.52941176470588,"['Photographedby\nAFletcher\n2024\n', '2024\nDCR2328\n', 'SanteeCoastalReserve\nCharlestonCoSC\nEFLoPresti\nnAYy24yOrmondHall\n']","['2024\n', '2024\nDCR2328\n', 'CR\nCC0C\n24C\n']","['P\n2024\n', '2024\nPC2328\n', 'C\nCC0C\nP\n24C\n']",modelv1.0__2026-05-17 06:45:08
D:/moth_photos/database\batch_05\img_moth_00009605.jpg,"[4000, 6000]",37.490196078431374,"['Photographedby\nAFletcher\n2024\n', '2024\nDCR2324\n', 'SanteeCoastalReserve\nCharleston CoSC\nEFCoPresti\nMAY OrmondHatl\n']","['2024\n', '2024\nDCR2324\n', 'CR\nC CC\nC\n7\n']","['P\n2024\n', '2024\nC2324\n', 'C\nC CC\nCP\n7\n']",modelv1.0__2026-05-17 06:45:08
D:/moth_photos/database\batch_05\img_moth_00009606.jpg,"[4000, 6000]",37.607843137254896,"['SanteCoastalReserve\nCharlestonCoSC\nEFdoPresti\n\nmA 4 i y OrmondHall\n', 'aa\n\nPhotographedby\nAFletcher\n2024\n', '2024\nDCR2323\n']","['CR\nCCC\n0\n\n4\n', '2024\n', '2024\nDCR2323\n']","['C\nCCC\n0P\n\n4\n', 'P\n2024\n', '2024\nC2323\n']",modelv1.0__2026-05-17 06:45:08
D:/moth_photos/database\batch_05\img_moth_00009607.jpg,"[4000, 6000]",37.3921568627451,"['Photographedby\nAFletcher\n2024\n', 'Santee Coastal Reserve\nCharlestonCoSC\nEFoPresti\n\nmay 24OrmondHall\n', '2024\nDCR2322\n']","['2024\n', 'C R\nCC0C\n0\n\n24C\n', '2024\nDCR2322\n']","['P\n2024\n', 'C\nCC0C\n0P\n\n24C\n', '2024\nPC2322\n']",modelv1.0__2026-05-17 06:45:08
D:/moth_photos/database\batch_05\img_moth_00009608.jpg,"[4000, 6000]",37.490196078431374,"['Photographed by\nAFletcher\n2024\n', '2024\nDCR2327\n', 'SanteeCoastalReserve\nCharlestenCoSC\nEFLoPresti\nOAM 4OrmondHall\n']","['2024\n', '2024\nDCR2327\n', 'CR\nCCC\n4\n']","['P\n2024\n', '2024\nC2327\n', 'C\nCCC\nP\n4\n']",modelv1.0__2026-05-17 06:45:08
D:/moth_photos/database\batch_05\img_moth_00009609.jpg,"[4000, 6000]",37.3921568627451,"['ee\n\nPhotographedby\nAFletcher\n2024\n', '2024\nDCR2326\n', 'bc\nSanteeCoastalReserve\nCharlestonCoSC\nEFoPresti\n77OrmondHall\n']","['2024\n', '2024\nDCR2326\n', 'CR\nCC0C\n0\n77\n']","['P\n2024\n', '2024\nPC2326\n', 'C\nCC0C\n0P\n77\n']",modelv1.0__2026-05-17 06:45:08
D:/moth_photos/database\batch_05\img_moth_00009610.jpg,"[4000, 6000]",37.68627450980392,"['Photographedby\n\nAFletcher\n2024\n', '2024\nDCR2329\n', 'Santee CoastalReserve\nCharlestonCo sc\nEFLoPresti\nMAY 4 OrmondHall\nlie\n']","['2024\n', '2024\nDCR2329\n', 'CR\nCC C\n4\n']","['P\n\n2024\n', '2024\nPC2329\n', 'C\nCC C\nP\n4\n']",modelv1.0__2026-05-17 06:45:08
D:/moth_photos/database\batch_05\img_moth_00009611.jpg,"[4000, 6000]",37.568627450980394,"['a\n\nPhotographedby\nAFletcher\n2024\n', '2024\nDCR2331\n', 'ee\nSanteeCoastalReserve\nCharlestgnCoSC\nEFLoPresti\nfex7OrmondHall\n']","['2024\n', '2024\nDCR2331\n', 'CR\nCC0C\n7\n']","['P\n2024\n', '2024\nC2331\n', 'C\nCC0C\nP\n7\n']",modelv1.0__2026-05-17 06:45:08
D:/moth_photos/database\batch_05\img_moth_00009612.jpg,"[4000, 6000]",37.411764705882355,"['ew\n\nPhotographed by\nAFletcher\n2024\n', 'SanteeCoastalReserve\nChartestonCoSC\nEFloPresti\nHapa U4SandPit\n', '2024\nDCR2333\n']","['2024\n', 'CR\nCC0C\n14\n', '2024\nDCR2333\n']","['P\n2024\n', 'C\nCC0C\nP\n14P\n', '2024\nC2333\n']",modelv1.0__2026-05-17 06:45:08
D:/moth_photos/database\batch_05\img_moth_00009613.jpg,"[4000, 6000]",37.470588235294116,"['Photographedby\nAFletcher\n2024\n', '2024\nDCR2332\n', 'SanteeCoastalReserve\nCharlestonCoSC\nELoPresti\n\nLUpPrPeoceSandPit\n']","['2024\n', '2024\nDCR2332\n', 'CR\nCCC\n']","['P\n2024\n', '2024\nC2332\n', 'C\nCCC\nP\n\nPPP\n']",modelv1.0__2026-05-17 06:45:08
D:/moth_photos/database\batch_05\img_moth_00009614.jpg,"[4000, 6000]",37.549019607843135,"['Photographedby\nAFletcher\n2024\n', 'SanteeCoastalReserve\nCharlestonCoSC\nEFLoPresti\n\nInol 4 SandPit\n', '2024\nDCR2335\n']","['2024\n', 'CR\nCCC\n4\n', '2024\nDCR2335\n']","['P\n2024\n', 'CP\nCCC\nP\n\n4 P\n', '2024\nPC2335\n']",modelv1.0__2026-05-17 06:45:08
D:/moth_photos/database\batch_05\img_moth_00009615.jpg,"[4000, 6000]",37.559999999999995,"['i\n\nPhotographedby\nAFletcher\n2024\n', 'SamnteeCoastalReserve\nCharlestopnCoSC\nEFLoPresti\nnga AbQ2y SandPit\n', '2024\nDCR2334\n']","['2024\n', 'CR\nCCC\nR2\n', '2024\nDCR2334\n']","['P\n2024\n', 'C\nCCC\nP\n2 P\n', '2024\nC2334\n']",modelv1.0__2026-05-17 06:45:08
D:/moth_photos/database\batch_05\img_moth_00009616.jpg,"[4000, 6000]",37.38,"['Photographedby\nAFletcher\n2024\n', '2024\nDCR2336\n', 'SanteeCoastalReserve\nCharlestonCoSC\nELFLoPresti\n\nrvs FRySandPit\n']","['2024\n', '2024\nDCR2336\n', 'CR\nCCC\n\nR\n']","['P\n2024\n', '2024\nC2336\n', 'C\nCCC\nPP\n\nPP\n']",modelv1.0__2026-05-17 06:45:08
D:/moth_photos/database\batch_05\img_moth_00009617.jpg,"[4000, 6000]",37.580000000000005,"['a\n\nPhotographedby\nAFletcher\n2024\n', 'SanteeCoastalReserve\nChariestonCoSC\nEFLoPresti\nfra 724CollinsCreek\n', '2024\nDCR2337\n']","['2024\n', 'CR\nCC0C\n724CC\n', '2024\nDCR2337\n']","['P\n2024\n', 'CP\nCC0C\nP\n724CC\n', '2024\nC2337\n']",modelv1.0__2026-05-17 06:45:08
D:/moth_photos/database\batch_05\img_moth_00009618.jpg,"[4000, 6000]",37.760000000000005,"['Photographed by\nAFletcher\n2024\n', 'SanteeCoastalReserve\nChartestonGoSC\n\nEFLoPresti\n\n7f739CollinsCreek\n', '2024\nDCR2349\n']","['2024\n', 'CR\nCCC\n7739CC\n', '2024\nDCR2349\n']","['P\n2024\n', 'C\nCCC\n\nP\n\n7739CC\n', '2024\nC2349\n']",modelv1.0__2026-05-17 06:45:08
D:/moth_photos/database\batch_05\img_moth_00009619.jpg,"[4000, 6000]",37.8,"['a\n\nPhotographedby\nAFletcher\n2024\n', 'SanteeCoastaiReserve\nCharlestonCoSC\n\nJ EFLoPresti\n\n1W4124CollinsCreek\n', '2024\nDCR2339\n']","['2024\n', 'CR\nCC0C\n14124CC\n', '2024\nDCR2339\n']","['P\n2024\n', 'C\nCC0C\nP\n1W4124CC\n', '2024\nPC2339\n']",modelv1.0__2026-05-17 06:45:08
D:/moth_photos/database\batch_05\img_moth_00009620.jpg,"[4000, 6000]",37.71999999999999,"['P hotographed by\nAFletcher\n2024\n', 'SanteeCoastaiKeserve\nCharlestonCoSC\nEFLoPresti\nMnpe ato CollinsCreek\n', '2024\nDCR2340\n']","['2024\n', 'CR\nCC0C\nCC\n', '2024\nDCR2340\n']","['P\n2024\n', 'C\nCC0C\nP\nCC\n', '2024\nC2340\n']",modelv1.0__2026-05-17 06:45:08
D:/moth_photos/database\batch_05\img_moth_00009621.jpg,"[4000, 6000]",37.71999999999999,"['a\n\nPhotographedby\nAFletcher\n2024\n', '2024\nDCR2350\n', 'SanteeCoastalReserve\nCharlestomCoSC\nEFLoPresti\nF0P454CollinsCreak\n']","['2024\n', '2024\nDCR2350\n', 'CR\nCC0C\n0454CC\n']","['P\n2024\n', '2024\nPC2350\n', 'C\nCC0C\nP\n0P454CC\n']",modelv1.0__2026-05-17 06:45:08
D:/moth_photos/database\batch_05\img_moth_00009622.jpg,"[4000, 6000]",37.09803921568628,"['Photographed by\nAFletcher\n2024\n', 'SanteeCoastalReserve\nCharlestonCoSC\nEFLOPresti\niCollinsCreek\n', '2024\nDCR2341\n']","['2024\n', 'CR\nCCC\nCC\n', '2024\nDCR2341\n']","['P\n2024\n', 'C\nCCC\nP\nCC\n', '2024\nC2341\n']",modelv1.0__2026-05-17 06:45:08
D:/moth_photos/database\batch_05\img_moth_00009623.jpg,"[4000, 6000]",37.8,"['a\n\nPhotographedby\nAFletcher\n2024\n', 'Santee CoastalReserve\nChariestonCoSC\n\nEFtoPresti\n\n4CollinsCreek\n', '2024\nDCR2342\n']","['2024\n', 'CR\nCC0C\n4CC\n', '2024\nDCR2342\n']","['P\n2024\n', 'C\nCC0C\n\nP\n\n4CC\n', '2024\nC2342\n']",modelv1.0__2026-05-17 06:45:08
D:/moth_photos/database\batch_05\img_moth_00009624.jpg,"[4000, 6000]",37.760000000000005,"['ae\n\nPhotographedby\nAFletcher\n2024\n', '2024\nDCR2343\n', 'SanteeCoastalReserve\n\nCharlestonCoSC\n1EFL6Presti\nfopat74CollinsCreek\n']","['2024\n', '2024\nDCR2343\n', 'CR\n\nCC0C\n16\n74CC\n']","['P\n2024\n', '2024\nC2343\n', 'C\n\nCC0C\n1P6P\n74CC\n']",modelv1.0__2026-05-17 06:45:08
D:/moth_photos/database\batch_05\img_moth_00009625.jpg,"[4000, 6000]",37.62,"['a\n\nP hotographed by\nAFletcher\n2024\n', 'SanteeCoastalReserve\nCharleston CoSC\nEFLoPresti\nWifessUs 2CollinsCreek\n', '2024\n\nDCR2344\n']","['2024\n', 'CR\nC CC\n2CC\n', '2024\n\nDCR2344\n']","['P\n2024\n', 'C\nC CC\nP\nW 2CC\n', '2024\n\nC2344\n']",modelv1.0__2026-05-17 06:45:08
D:/moth_photos/database\batch_05\img_moth_00009626.jpg,"[4000, 6000]",37.54,"['2024\nDCR2345\n', 'CoastalReserve\nChartestonCoSC\nEFLoPresti\nny74CollinsCreek\n', 'Photographedby\nAFletcher\n2024\n']","['2024\nDCR2345\n', 'CR\nCC0C\n74CC\n', '2024\n']","['2024\nC2345\n', 'C\nCC0C\nP\n74CC\n', 'P\n2024\n']",modelv1.0__2026-05-17 06:45:08
D:/moth_photos/database\batch_05\img_moth_00009627.jpg,"[4000, 6000]",37.36,"['Photographedby\nAFletcher\n2024\n', 'SanteeCoastalReserve\nChartestonCoSC\nEFLoPresti\nmp474CollinsCreek\n', '2024\nDCR2347\n']","['2024\n', 'CR\nCC0C\n474CC\n', '2024\nDCR2347\n']","['P\n2024\n', 'C\nCC0C\nP\n474CC\n', '2024\nC2347\n']",modelv1.0__2026-05-17 06:45:08
D:/moth_photos/database\batch_05\img_moth_00009628.jpg,"[4000, 6000]",37.28,"['a\n\nPhotographed by\nAFletcher\n2024\n', 'Santee CoastalReserve\nCharlestanCoSC\nEFLoPresti\nieefyCollinsCreek\n', '2024\nDCR2348\n']","['2024\n', 'CR\nCCC\n1CC\n', '2024\nDCR2348\n']","['P\n2024\n', 'C\nCCC\nP\n1CC\n', '2024\nC2348\n']",modelv1.0__2026-05-17 06:45:08
D:/moth_photos/database\batch_05\img_moth_00009629.jpg,"[4000, 6000]",37.48,"['2024\n\nDCR2338\n', 'Photographedby\nAFletcher\n2024\n', 'SanteeCoastalReserve\nCharlestonCoSC\nEFCoPresti\nAY71CollinsCreek\n']","['2024\n\nDCR2338\n', '2024\n', 'CR\nCC0C\nC0\nR71CC\n']","['2024\n\nC2338\n', 'P\n2024\n', 'C\nCC0C\nC0P\n71CC\n']",modelv1.0__2026-05-17 06:45:08
D:/moth_photos/database\batch_05\img_moth_00009630.jpg,"[4000, 6000]",37.54,"['i\n\nP hotographed by\nAFletcher\n2024\n', '2024\nDCR2346\n', 'SanteeCoastalReserve\nChariestonCoSC\nEFLOPresti\ntaP f CollinsCreek\n']","['2024\n', '2024\nDCR2346\n', 'CR\nCCC\nR\nCC\n']","['P\n2024\n', '2024\nPC2346\n', 'C\nCCC\nP\nP CC\n']",modelv1.0__2026-05-17 06:45:08
D:/moth_photos/database\batch_05\img_moth_00009631.jpg,"[4000, 6000]",37.2,"['i\n\nPhotographed by\nAFletcher\n2024\n', '2024\nDCR2352\n', 'SanteeCoastalReserve\nCharlestonCoSC\n\nEFLgPrest\n\nz he a f z ScrubOak\n']","['2024\n', '2024\nDCR2352\n', 'CR\nCCC\n0\n']","['P\n2024\n', '2024\nPC2352\n', 'C\nCCC\nP\n0\n']",modelv1.0__2026-05-17 06:45:08
D:/moth_photos/database\batch_05\img_moth_00009632.jpg,"[4000, 6000]",37.42,"['a\n\nPhotographedby\nAFletcher\n2024\n', '2024\nDCR2408\n', 'SanteeCoastalReserve\nCharlestonCoSC\nEFLoPresti\nie ft aS 4SandPit\n', '']","['2024\n', '2024\nDCR2408\n', 'CR\nCCC\n4\n', '']","['P\n2024\n', '2024\nC2408\n', 'C\nCCC\nP\n4P\n', '']",modelv1.0__2026-05-17 06:45:08
D:/moth_photos/database\batch_05\img_moth_00009633.jpg,"[4000, 6000]",37.68,"['a\n\nPhotographedby\nAFletcher\n2024\n', '2024\nDCR2353\n', 'SanteeCoastalR\n\nlmpy\n\nEF\nXv\n\nCoSC\nrest\nSctubOak\n']","['2024\n', '2024\nDCR2353\n', 'CR\n\nCC\nC\n']","['P\n2024\n', '2024\nC2353\n', 'C\n\nCC\nC\n']",modelv1.0__2026-05-17 06:45:08
D:/moth_photos/database\batch_05\img_moth_00009634.jpg,"[4000, 6000]",37.48,"['Photographedby\nAFletcher\n2024\n', 'SanteeCoastalReserve\nChartestonCoSC\n\nY EFCoPresti\n\n5v7Cypress\n', '2024\nDCR2430\n']","['2024\n', 'CR\nCC0C\nC\n57C\n', '2024\nDCR2430\n']","['P\n2024\n', 'C\nCC0C\nCP\n57C\n', '2024\nPC2430\n']",modelv1.0__2026-05-17 06:45:08
D:/moth_photos/database\batch_05\img_moth_00009635.jpg,"[4000, 6000]",37.52,"['2024\nDCR2351\n', 'P hotographed by\nAFletcher\n2024\n', 'SanteeCoastalReserve\n\nCharestonCoSC\nEFLoPeesti\nc frv2yScrubOak\n']","['2024\nDCR2351\n', '2024\n', 'CR\n\nCCC\n2C\n']","['2024\nPC2351\n', 'P\n2024\n', 'C\n\nCCC\nPP\n2C\n']",modelv1.0__2026-05-17 06:45:08
D:/moth_photos/database\batch_05\img_moth_00009636.jpg,"[4000, 6000]",36.92156862745098,"['SanteeCoastalReserve\nCharleston CoSC\nEFCoPresti\nne FCypress\n', 'Photographedby\nAFletcher\n2024\n', '2024\nDCR2415\n', '']","['CR\nC CC\nC\nC\n', '2024\n', '2024\nDCR2415\n', '']","['C\nC CC\nCP\nC\n', 'P\n2024\n', '2024\nPC2415\n', '']",modelv1.0__2026-05-17 06:45:08
D:/moth_photos/database\batch_05\img_moth_00009637.jpg,"[4000, 6000]",37.46,"['i\n\nPhotographedby\nAFletcher\n2024\n', '2024\nDCR2354\n', 'SantseCoastalReserve\nCharlestonCoSC\nEFLoPresti\n']","['2024\n', '2024\nDCR2354\n', 'CR\nCCC\n']","['P\n2024\n', '2024\nPC2354\n', 'C\nCCC\nP\n']",modelv1.0__2026-05-17 06:45:08
D:/moth_photos/database\batch_05\img_moth_00009638.jpg,"[4000, 6000]",37.38,"['Photographedby\nAFletcher\n2024\n', 'Pe\nSanteeCoastalReserve\nCharlestonCoSC\nEFkoPresti\noa Cypress\n\n', '2024\nDCR2432\n']","['2024\n', 'CR\nCCC\nC0\nC\n\n', '2024\nDCR2432\n']","['P\n2024\n', 'P\nC\nCCC\nC0P\nC\n\n', '2024\nC2432\n']",modelv1.0__2026-05-17 06:45:08
D:/moth_photos/database\batch_05\img_moth_00009639.jpg,"[4000, 6000]",37.559999999999995,"['Photographedby\nAFletcher\n2024\n', 'SanteeCoastalReserve\nCharlasionCoSC\n\nss\n', 'l 2024\nDCR2355\n']","['2024\n', 'CR\nCC8C\n', '2024\nDCR2355\n']","['P\n2024\n', 'C\nCC8C\n', '2024\nC2355\n']",modelv1.0__2026-05-17 06:45:08
D:/moth_photos/database\batch_05\img_moth_00009640.jpg,"[4000, 6000]",36.9607843137255,"['2024\nDCR2414\n', 'Photographedby\nAFletcher\n2024\n', 'SanteeCoastalReserve\nChartestonCoSC\nEFLoPresti\ntah4Cypress\n']","['2024\nDCR2414\n', '2024\n', 'CR\nCCC\n4C\n']","['2024\nC2414\n', 'P\n2024\n', 'C\nCCC\nP\n4C\n']",modelv1.0__2026-05-17 06:45:08
D:/moth_photos/database\batch_05\img_moth_00009641.jpg,"[4000, 6000]",37.5,"['aw\n\nPhotographedby\nAFletcher\n2024\n', '2024\nDCR2356\n', 'SanteeCoastalRaserve\nCharleatonCoSC\nFLoPresti\n']","['2024\n', '2024\nDCR2356\n', 'CR\nCCC\n']","['P\n2024\n', '2024\nC2356\n', 'C\nCCC\nPP\n']",modelv1.0__2026-05-17 06:45:08
D:/moth_photos/database\batch_05\img_moth_00009642.jpg,"[4000, 6000]",36.90196078431373,"['Photographed by\nAFletcher\n2024\n', '2024\nDCR2433\n', '']","['2024\n', '2024\nDCR2433\n', '']","['P\n2024\n', '2024\nC2433\n', '']",modelv1.0__2026-05-17 06:45:08
D:/moth_photos/database\batch_05\img_moth_00009643.jpg,"[4000, 6000]",37.54,"['aaa\n\nPhotographedby\nAFletcher\n2024\n', 'eee\n\n2024\nDCR2365\n', 'SanteeCoastalReserve\nChariestonCoSC\nEFLoPresti\n\nIncidental\n']","['2024\n', '2024\nDCR2365\n', 'CR\nCC0C\n']","['P\n2024\n', '2024\nC2365\n', 'C\nCC0C\nP\n']",modelv1.0__2026-05-17 06:45:08
D:/moth_photos/database\batch_05\img_moth_00009644.jpg,"[4000, 6000]",37.46,"['2024\nDCR2434\n', 'Photographedby\nAFletcher\n2024\n', 'vanteeCoastalReserve\nCharlestonCoSC\nEFeoPresti\nRiayat Cypress\n']","['2024\nDCR2434\n', '2024\n', 'CR\nCC0C\nC\n']","['2024\nC2434\n', 'P\n2024\n', 'CP\nCC0C\nP\nC\n']",modelv1.0__2026-05-17 06:45:08
D:/moth_photos/database\batch_05\img_moth_00009645.jpg,"[4000, 6000]",37.74,"['Photographedby\nAFletcher\n2024\n', 'SanteeCoastalReserve\nChartestonCoSC\nEFLoPresti\n7JArC4Incidental\n', '2024\nDCR2362\n']","['2024\n', 'CR\nCC0C\n7RC4\n', '2024\nDCR2362\n']","['P\n2024\n', 'C\nCC0C\nP\n7C4\n', '2024\nC2362\n']",modelv1.0__2026-05-17 06:45:08
D:/moth_photos/database\batch_05\img_moth_00009646.jpg,"[4000, 6000]",37.26,"['SanteeCoastalReserve\nC nCoSC\nEFLoPresti\n\nr A\n\ntCypress\n', 'Photographedby\nAFletcher\n2024\n', '2024\nDCR2435\n']","['CR\nC CC\n\nC\n', '2024\n', '2024\nDCR2435\n']","['C\nC CC\nP\n\nC\n', 'P\n2024\n', '2024\nC2435\n']",modelv1.0__2026-05-17 06:45:08
D:/moth_photos/database\batch_05\img_moth_00009647.jpg,"[4000, 6000]",37.372549019607845,"['es\nPhotographedby\n\nAFletcher\n2024\n', 'SanteeCoastalReserve\n\nCharlestonCoSC\nEFLoPresti\n\nA30Incidental\n', '2024\nDCR2361\n']","['2024\n', 'CR\nCCC\n30\n', '2024\nDCR2361\n']","['P\n\n2024\n', 'C\n\nCCC\nP\n\n30\n', '2024\nC2361\n']",modelv1.0__2026-05-17 06:45:08
D:/moth_photos/database\batch_05\img_moth_00009648.jpg,"[4000, 6000]",37.120000000000005,"['aa\nPhotographed by\n\nAFletcher\n2024\n', 'SanteeCoastalReserve\nChariestonCoSC\nEFLoPresti\n\nitAy712Cypress\n', '2024\nDCR2413\n']","['2024\n', 'CR\nCCC\n\n712C\n', '2024\nDCR2413\n']","['P\n\n2024\n', 'C\nCCC\nP\n\nP712C\n', '2024\nC2413\n']",modelv1.0__2026-05-17 06:45:08
D:/moth_photos/database\batch_05\img_moth_00009649.jpg,"[4000, 6000]",37.254901960784316,"['Photographedby\n\nAFletcher\n2024\n', '2024\nDCR2363\n', 'SanteeCoastalReserve\n\nwe\n\nEFLoPresti\n']","['2024\n', '2024\nDCR2363\n', 'CR\n']","['P\n\n2024\n', '2024\nPC2363\n', 'C\n\nP\n']",modelv1.0__2026-05-17 06:45:08
D:/moth_photos/database\batch_05\img_moth_00009650.jpg,"[4000, 6000]",36.86274509803921,"['Photographed by\nAFletcher\n2024\n', 'SanteeCoastalReserve\nChariestonCoSC\nEFLoPresti\n\nMPs2sCypress\n', '2024\nDCR2416\n']","['2024\n', 'CR\nCCC\n\n2C\n', '2024\nDCR2416\n']","['P\n2024\n', 'C\nCCC\nP\n\nWP2C\n', '2024\nPC2416\n']",modelv1.0__2026-05-17 06:45:08
D:/moth_photos/database\batch_05\img_moth_00009651.jpg,"[4000, 6000]",37.27450980392157,"['o7\n\nPhotographed by\nAFletcher\n2024\n', 'zSanteeCoastalReserve\nCharlestonCoSC\nEFLoPresti\n', '2024\nDCR2360\n']","['7\n\n2024\n', '7CR\nCCC\n', '2024\nDCR2360\n']","['7\n\nP\n2024\n', '7C\nCCC\nPP\n', '2024\nPC2360\n']",modelv1.0__2026-05-17 06:45:08
D:/moth_photos/database\batch_05\img_moth_00009652.jpg,"[4000, 6000]",37.48,"['Photographedby\nAFletcher\n2024\n', 'vameeCoastalReserve\nCharlestonCoSC\nEFLoPresti\nfn f7t4Cypress\n', '2024\nDCR2421\n']","['2024\n', 'CR\nCCC\n74C\n', '2024\nDCR2421\n']","['P\n2024\n', 'C\nCCC\nP\n\n74C\n', '2024\nC2421\n']",modelv1.0__2026-05-17 06:45:08
D:/moth_photos/database\batch_05\img_moth_00009653.jpg,"[4000, 6000]",37.62,"['Photographed by\n\nAFletcher\n2024\n', '2024\nDCR2359\n', 'SanteeCoastalReserve\n\nCharlestonCoSC\n\nEFLoPresti\nVe Incidental\n\n']","['2024\n', '2024\nDCR2359\n', 'CR\nCC0C\n\n']","['P\n\n2024\n', '2024\nC2359\n', 'C\nCC0C\nP\n\n']",modelv1.0__2026-05-17 06:45:08
D:/moth_photos/database\batch_05\img_moth_00009654.jpg,"[4000, 6000]",37.24,"['SanteeCoastalKeserve\nCharlestonCoSC\ne F doPresti\n', 'Photographedby\nAFletcher\n2024\n', '2024\nDCR2423\n']","['C\nCCC\n', '2024\n', '2024\nDCR2423\n']","['C\nCCC\nP\n', 'P\n2024\n', '2024\nPC2423\n']",modelv1.0__2026-05-17 06:45:08
D:/moth_photos/database\batch_05\img_moth_00009655.jpg,"[4000, 6000]",37.235294117647065,"['a\n\nPhotographedby\nAFletcher\n2024\n', '2024\nDCR2358\n', 'SanteeCoastalReserve\nCharlestonCoSC\nE FLoPresti\n\nIncidental\n']","['2024\n', '2024\nDCR2358\n', 'CR\nCC0C\n']","['P\n2024\n', '2024\nC2358\n', 'CP\nCC0C\nP\n']",modelv1.0__2026-05-17 06:45:08
D:/moth_photos/database\batch_05\img_moth_00009656.jpg,"[4000, 6000]",37.3,"['J\n\nPhotographedby\nAFletcher\n2024\n', '2024\nDCR2425\n', 'SanteeCoastalReserve\nCharlestonCoSC\nEF Presti\nita 414Cypress\n\n']","['2024\n', '2024\nDCR2425\n', 'CR\nCC0C\n414C\n\n']","['P\n2024\n', '2024\nC2425\n', 'C\nCC0C\nP\n414C\n\n']",modelv1.0__2026-05-17 06:45:08
D:/moth_photos/database\batch_05\img_moth_00009657.jpg,"[4000, 6000]",37.660000000000004,"['7\n\nPhotographedby\nAFletcher\n2024\n', 'SanteeCoastalReserve\nCharlestonCoSC\nEFLoPresti\nZiAtiIncidental\n', '2024\nDCR2364\n']","['7\n\n2024\n', 'CR\nCCC\n7\n', '2024\nDCR2364\n']","['7\n\nP\n2024\n', 'C\nCCC\nP\n7\n', '2024\nPC2364\n']",modelv1.0__2026-05-17 06:45:08
D:/moth_photos/database\batch_05\img_moth_00009658.jpg,"[4000, 6000]",37.24,"['Photographedby\nAFletcher\n2024\n', 'vameeCoastalReserve\nCharlestonCoSC\nEFLoPresti\n\nmay14 Cypress\n', 'ee\n\n2024\nDCR2422\n']","['2024\n', 'CR\nCC0C\n\n14 C\n', '2024\nDCR2422\n']","['P\n2024\n', 'C\nCC0C\nP\n\n14 C\n', '2024\nC2422\n']",modelv1.0__2026-05-17 06:45:08
D:/moth_photos/database\batch_05\img_moth_00009659.jpg,"[4000, 6000]",37.470588235294116,"['Photographedby\n\nAFletcher\n2024\n', 'SanteeCoastalReserve\nCharlestonCoSC\nEFLoPresti\n', '2024\nDCR2366\n']","['2024\n', 'CR\nCC0C\n', '2024\nDCR2366\n']","['P\n\n2024\n', 'C\nCC0C\nPP\n', '2024\nC2366\n']",modelv1.0__2026-05-17 06:45:08
D:/moth_photos/database\batch_05\img_moth_00009660.jpg,"[4000, 6000]",36.8235294117647,"['Photographedby\nAFletcher\n2024\n', '2024\nDCR2412\n', 'SanteeCoastalReserve\nCharlestonCoSC\nEFLoPresti\n']","['2024\n', '2024\nDCR2412\n', 'CR\nCCC\n']","['P\n2024\n', '2024\nC2412\n', 'C\nCCC\nP\n']",modelv1.0__2026-05-17 06:45:08
D:/moth_photos/database\batch_05\img_moth_00009661.jpg,"[4000, 6000]",37.411764705882355,"['Photographedby\n\nAFletcher\n2024\n', '2024\n\nDCR2357\n', 'SanteeCoastalReserve\nChartestonCoSC\nEFLoPresti\n\n2734Incidental\n']","['2024\n', '2024\n\nDCR2357\n', 'CR\nCCC\nR\n\n2734\n']","['P\n\n2024\n', '2024\n\nC2357\n', 'C\nCCC\nP\n\n2734\n']",modelv1.0__2026-05-17 06:45:08
D:/moth_photos/database\batch_05\img_moth_00009662.jpg,"[4000, 6000]",37.42,"['Photographed by\nAFletcher\n2024\n', '2024\nDCR2424\n', 'SanteeCoastalReserve\nChartestonCoSC\nEFLoPresti\n7eusstCypress\n']","['2024\n', '2024\nDCR2424\n', 'CR\nCC0C\n7C\n']","['P\n2024\n', '2024\nC2424\n', 'C\nCC0C\nP\n7C\n']",modelv1.0__2026-05-17 06:45:08
D:/moth_photos/database\batch_05\img_moth_00009663.jpg,"[4000, 6000]",37.82,"['Photographedby\n\nAFletcher\n2024\n', 'SanteeCoastalReserve\nCharlestonCoSC\nEFLoPresti\n4Incidental\n\na\n', '2024\nDCR2367\n']","['2024\n', 'CR\nCCC\n4\n', '2024\nDCR2367\n']","['P\n\n2024\n', 'C\nCCC\nP\n4\n', '2024\nPC2367\n']",modelv1.0__2026-05-17 06:45:08
D:/moth_photos/database\batch_05\img_moth_00009664.jpg,"[4000, 6000]",37.4,"['SanteeCoastalReserve\nCharlestonCoSC\nEFLOPresti\n', 'J\n\nPhotographedby\nAFletcher\n2024\n', '2024\nDCR2417\n']","['CR\nCCC\n', '2024\n', '2024\nDCR2417\n']","['C\nCCC\nP\n', 'P\n2024\n', '2024\nC2417\n']",modelv1.0__2026-05-17 06:45:08
D:/moth_photos/database\batch_05\img_moth_00009665.jpg,"[4000, 6000]",37.580000000000005,"['O\n\nPhotographedby\nAFletcher\n2024\n', '2024\nDCR2368\n', 'SanteeCoastalReserve\nCharlestonCoSC\n\nve EFLoPresti\n\ns2GATIncidental\n']","['2024\n', '2024\nDCR2368\n', 'CR\nCC0C\n2\n']","['P\n2024\n', '2024\nPC2368\n', 'C\nCC0C\n\nP\n\n2\n']",modelv1.0__2026-05-17 06:45:08
D:/moth_photos/database\batch_05\img_moth_00009666.jpg,"[4000, 6000]",37.44,"['7\n\nPhotographedby\nAFletcher\n2024\n', 'SanteeCoastalReserve\nCharlestonCoSC\nEFLoPresti\nant 1Cypress\n', '2024\nDCR2427\n']","['7\n\n2024\n', 'CR\nCCC\n1C\n', '2024\nDCR2427\n']","['7\n\nP\n2024\n', 'C\nCCC\nP\n1C\n', '2024\nC2427\n']",modelv1.0__2026-05-17 06:45:08
D:/moth_photos/database\batch_05\img_moth_00009667.jpg,"[4000, 6000]",37.27450980392157,"['i\n\nPhotographed by\nAFletcher\n2024\n', '2024\nDCR2369\n', 'SanteeCoastalReserve\nChariestonCoSC\n\n1s EFLoPresti\nvefAPEIncidental\n']","['2024\n', '2024\nDCR2369\n', 'CR\nCC0C\n1\n']","['P\n2024\n', '2024\nC2369\n', 'C\nCC0C\n\n1 P\nP\n']",modelv1.0__2026-05-17 06:45:08
D:/moth_photos/database\batch_05\img_moth_00009668.jpg,"[4000, 6000]",37.34,"['Photographedby\nAFletcher\n2024\n', 'EFCoPresti\nhry Cypress\n', '2024\nDCR2426\n']","['2024\n', 'C\nC\n', '2024\nDCR2426\n']","['P\n2024\n', 'CP\nC\n', '2024\nC2426\n']",modelv1.0__2026-05-17 06:45:08
D:/moth_photos/database\batch_05\img_moth_00009669.jpg,"[4000, 6000]",37.235294117647065,"['Photographedby\nAFletcher\n2024\n', '2024\nDCR2370\n', 'SanteeCoastalReserve\nCharlestonCoSC\nEFLoPresti\n\nLee 47Incidental\n\neinihk\n']","['2024\n', '2024\nDCR2370\n', 'CR\nCC0C\n47\n\n1\n']","['P\n2024\n', '2024\nPC2370\n', 'CP\nCC0C\nP\n\n47\n\n1\n']",modelv1.0__2026-05-17 06:45:08
D:/moth_photos/database\batch_05\img_moth_00009670.jpg,"[4000, 6000]",37.32,"['es\nPhotographed by\n\nAFletcher\n2024\n', 'SanteeCoastalReserve\nCharlestonCoSC\nEFCoPresti\n\nwrCypress\n', '2024\nDCR2429\n']","['2024\n', 'CR\nCCC\nC\n\nC\n', '2024\nDCR2429\n']","['P\n\n2024\n', 'C\nCCC\nCP\n\nC\n', '2024\nPC2429\n']",modelv1.0__2026-05-17 06:45:08
D:/moth_photos/database\batch_05\img_moth_00009671.jpg,"[4000, 6000]",37.11764705882353,"['ee\n\nPhotographedby\nAFletcher\n2024\n', '2024\nDCR2371\n', 'SanteeCoastalReserve\nChartestonCoSC\nEFLoPresti\n']","['2024\n', '2024\nDCR2371\n', 'CR\nCC0C\n']","['P\n2024\n', '2024\nC2371\n', 'C\nCC0C\nP\n']",modelv1.0__2026-05-17 06:45:08
D:/moth_photos/database\batch_05\img_moth_00009672.jpg,"[4000, 6000]",36.84313725490196,"['Photographed by\nAFletcher\n2024\n', 'SanteeCoastal Reserve\nCharlestonCoSC\nEFLoPresti\n', '2024\nDCR2418\n']","['2024\n', 'C R\nCCC\n', '2024\nDCR2418\n']","['P\n2024\n', 'C\nCCC\nP\n', '2024\nC2418\n']",modelv1.0__2026-05-17 06:45:08
D:/moth_photos/database\batch_05\img_moth_00009673.jpg,"[4000, 6000]",37.411764705882355,"['Photographed by\n\nAFletcher\n2024\n', 'SanteeCoastalReserve\nChartestonCoSC\n\ne EFLoPresti\n\nIncidental\n', '2024\nDCR2372\n']","['2024\n', 'CR\nCCC\n', '2024\nDCR2372\n']","['P\n\n2024\n', 'C\nCCC\nP\n', '2024\nC2372\n']",modelv1.0__2026-05-17 06:45:08
D:/moth_photos/database\batch_05\img_moth_00009674.jpg,"[4000, 6000]",37.44,"['Photographedby\nAFletcher\n2024\n', 'SanteeCoastalReserve\nChariestonCoSC\nEFLePresti\n\nfini Cypress\n', '2024\nDCR2420\n']","['2024\n', 'CR\nCC0C\n\nC\n', '2024\nDCR2420\n']","['P\n2024\n', 'C\nCC0C\nP\n\nC\n', '2024\nC2420\n']",modelv1.0__2026-05-17 06:45:08
D:/moth_photos/database\batch_05\img_moth_00009675.jpg,"[4000, 6000]",37.09803921568628,"['Photographedby\nAFletcher\n2024\n', '2024\nDCR2373\n', 'SanteeCoastalReserve\nCharlestonCoSC\nA EFLoPresti\npN82Incidental\n']","['2024\n', '2024\nDCR2373\n', 'CR\nCCC\n382\n']","['P\n2024\n', '2024\nC2373\n', 'CP\nCCC\nPP\n\n382\n']",modelv1.0__2026-05-17 06:45:08
D:/moth_photos/database\batch_05\img_moth_00009676.jpg,"[4000, 6000]",36.86274509803921,"['Photographed by\nAFletcher\n2024\n', 'SanteeCoastaiReserve\nChariestonCoSC\nEFLoPresti\n\nim774Cypress\n', '2024\nDCR2428\n']","['2024\n', 'CR\nCCC\n\n774C\n', '2024\nDCR2428\n']","['P\n2024\n', 'CP\nCCC\nP\n\n774C\n', '2024\nPC2428\n']",modelv1.0__2026-05-17 06:45:08
D:/moth_photos/database\batch_05\img_moth_00009677.jpg,"[4000, 6000]",37.450980392156865,"['Photographedby\nAFletcher\n2024\n', 'be\nSanteeCoastalReserve\nCharlestonCoSC\no AFletcher\nDo JamesCane\n', '2024\nDCR2394\n']","['2024\n', 'CR\nCC0C\nD C\n', '2024\nDCR2394\n']","['P\n2024\n', 'C\nCC0C\nP C\n', '2024\nC2394\n']",modelv1.0__2026-05-17 06:45:08
D:/moth_photos/database\batch_05\img_moth_00009678.jpg,"[4000, 6000]",36.84313725490196,"['SanteeCoastalReserve\nCharlestonCoSC\n\nF FLoPresti\n\njPA49Cypress\n', '2024\nDCR2431\n', 'Photographedby\nAFletcher\n2024\n']","['CR\nCCC\nR49C\n', '2024\nDCR2431\n', '2024\n']","['C\nCCC\n\nP\n\nP49C\n', '2024\nPC2431\n', 'P\n2024\n']",modelv1.0__2026-05-17 06:45:08
D:/moth_photos/database\batch_05\img_moth_00009679.jpg,"[4000, 6000]",37.431372549019606,"['Photographedby\n\nAFletcher\n2024\n', '2024\nDCR2383\n', 'SanteeCoastalReserve\nChanesen CoSC\n\nAFltcher\nDem IVERL2tJames Cane\n']","['2024\n', '2024\nDCR2383\n', 'CR\nC CC\n\nD R2 C\n']","['P\n\n2024\n', '2024\nC2383\n', 'C\nC CC\n\n2 C\n']",modelv1.0__2026-05-17 06:45:08
D:/moth_photos/database\batch_05\img_moth_00009680.jpg,"[4000, 6000]",36.88235294117647,"['2024\nDCR2419\n', 'Photographed by\nAFletcher\n2024\n', 'SanteeCoastalReserve\nCharlestonCoSC\nEFLoPresti\n\nea7Cypress\n']","['2024\nDCR2419\n', 'D\n2024\n', 'CR\nCCC\n\n7C\n']","['2024\nC2419\n', 'P\n2024\n', 'C\nCCC\nP\n\n7C\n']",modelv1.0__2026-05-17 06:45:08
D:/moth_photos/database\batch_05\img_moth_00009681.jpg,"[4000, 6000]",37.52941176470588,"['Photographedby\nAFletcher\n2024\n', 'SanteeCoastalReserve\nCharlestonCoSC\n\nFletcher\n3 Are 44JamesCane\n', '2024\nDCR2384\n']","['2024\n', 'CR\nCCC\n\n3 44C\n', '2024\nDCR2384\n']","['P\n2024\n', 'CP\nCCC\n\n3 44C\n', '2024\nC2384\n']",modelv1.0__2026-05-17 06:45:08
D:/moth_photos/database\batch_05\img_moth_00009682.jpg,"[4000, 6000]",36.88235294117647,"['SanteeCoastalReserve\nChartestonCoSC\nEFtoPresti\na Cypress\n', 'Photographed by\nAFletcher\n2024\n', '2024\nDCR2441\n']","['CR\nCC0C\nC\n7 C\n', '2024\n', '2024\nDCR2441\n']","['C\nCC0C\nCP\n7 C\n', 'P\n2024\n', '2024\nC2441\n']",modelv1.0__2026-05-17 06:45:08
D:/moth_photos/database\batch_05\img_moth_00009683.jpg,"[4000, 6000]",37.31372549019608,"['SanteeCoastalReserve\nCharlestorfCoSC\n\nAFletcher\nSOF f22JamesCane\n', 'a\n\nPhotographedby\nAFletcher\n2024\n', '2024\nDCR2382\n']","['CR\nCCC\n\n22C\n', '2024\n', '2024\nDCR2382\n']","['C\nCCC\n\n22C\n', 'P\n2024\n', '2024\nPC2382\n']",modelv1.0__2026-05-17 06:45:08
D:/moth_photos/database\batch_05\img_moth_00009684.jpg,"[4000, 6000]",36.88235294117647,"['', 'a\nj\n\nPhotographedby\nAFletcher\n2024\n', '2024\nDCR2438\n']","['', '2024\n', '2024\nDCR2438\n']","['', 'P\n2024\n', '2024\nC2438\n']",modelv1.0__2026-05-17 06:45:08
D:/moth_photos/database\batch_05\img_moth_00009685.jpg,"[4000, 6000]",37.431372549019606,"['SanteeCoastalReserve\nCharlestonCoSC\nAFletcher\n2Dan Z4JamesCane\n', 'a\n\nPhotographed by\nAFletcher\n2024\n', '2024\nDCR2392\n']","['CR\nCC0C\n2D 24C\n', '2024\n', '2024\nDCR2392\n']","['C\nCC0C\n20 24C\n', 'P\n2024\n', '2024\nPC2392\n']",modelv1.0__2026-05-17 06:45:08
D:/moth_photos/database\batch_05\img_moth_00009686.jpg,"[4000, 6000]",37.34,"['Photographedby\nAFletcher\n2024\n', 'SanteeCoastalReserve\nChartestonCoSC\nEFL8Presti\nent 4 a 4 Cypress\n', '2024\nDCR2442\n']","['2024\n', 'CR\nCCC\nC8\n4 4 C\n', '2024\nDCR2442\n']","['P\n2024\n', 'C\nCCC\nPC8P\n4 4 C\n', '2024\nPC2442\n']",modelv1.0__2026-05-17 06:45:08
D:/moth_photos/database\batch_05\img_moth_00009687.jpg,"[4000, 6000]",37.1764705882353,"['Ee\n\nPhotographed by\nAFletcher\n2024\n', 'SanteeCoastalReserve\nCharlestenCoSC\nAFletcher\n\nS0nty2tvames Cane\nry Z\n', '2024\nDCR2393\n']","['2024\n', 'CR\nCC0C\n\n02 C\n', '2024\nDCR2393\n']","['P\n2024\n', 'C\nCC0C\n\n02 C\n', '2024\nC2393\n']",modelv1.0__2026-05-17 06:45:08
D:/moth_photos/database\batch_05\img_moth_00009688.jpg,"[4000, 6000]",36.94117647058823,"['CharlestonCoSC\nEFkoPresti\nfele71Cypress\n', 'Photographedby\nAFletcher\n2024\n', '2024\nDCR2439\n']","['CCC\n71C\n', '2024\n', '2024\nDCR2439\n']","['CCC\nP\n71C\n', 'P\n2024\n', '2024\nPC2439\n']",modelv1.0__2026-05-17 06:45:08
D:/moth_photos/database\batch_05\img_moth_00009689.jpg,"[4000, 6000]",37.21568627450981,"['i\n\nPhotographedby\nAFletcher\n2024\n', '2024\nDCR2385\n', 'EE\nSanteeCoastalReserve\nCharlegtonCoSC\nAFletcher\n\n7JamesCane\n', '']","['2024\n', '2024\nDCR2385\n', 'CR\nCCC\n\n7C\n', '']","['P\n2024\n', '2024\nC2385\n', 'CP\nCCC\n\n7C\n', '']",modelv1.0__2026-05-17 06:45:08
D:/moth_photos/database\batch_05\img_moth_00009690.jpg,"[4000, 6000]",37.52,"['a\n\nPhotographedby\nAFletcher\n2024\n', '2024\nDCR2440\n', 'SanteeCoastalReserve\nCharlestonCoSC\nEFUoPresti\n']","['2024\n', '2024\nDCR2440\n', 'CR\nCC0C\nC\n']","['P\n2024\n', '2024\nPC2440\n', 'C\nCC0C\nCP\n']",modelv1.0__2026-05-17 06:45:08
D:/moth_photos/database\batch_05\img_moth_00009691.jpg,"[4000, 6000]",37.35294117647059,"['ee\n\nPhotographed by\nAFletcher\n2024\n', '2024\nDCR2386\n', 'Santee CoastalReserve\nCharlestonCoSC\n24 AFletcher\nee fJamesCane\n']","['2024\n', '2024\nDCR2386\n', 'CR\nCCC\n24\nC\n']","['P\n2024\n', '2024\nC2386\n', 'C\nCCC\n24 P\nC\n']",modelv1.0__2026-05-17 06:45:08
D:/moth_photos/database\batch_05\img_moth_00009692.jpg,"[4000, 6000]",37.38,"['a\n\nPhotographedby\nAFletcher\n2024\n', 'SanteeCoastalReserve\nChartestonCoSC\n\nEFLSPresti\n\njMA124Cypress\n', '2024\nDCR2445\n']","['2024\n', 'CR\nCC0C\n\n6\n\n124C\n', '2024\nDCR2445\n']","['P\n2024\n', 'CP\nCC0C\n\n6P\n\n124C\n', '2024\nC2445\n']",modelv1.0__2026-05-17 06:45:08
D:/moth_photos/database\batch_05\img_moth_00009693.jpg,"[4000, 6000]",37.333333333333336,"['i\n\nPhotographedby\nAFletcher\n2024\n', 'SanteeCoastalReserve\nCharlestonCoSC\n5 AFletcher\nRP5JamesCane\n\n', '2024\nDCR2390\n']","['2024\n', 'CR\nCC0C\n5\nR5C\n\n', '2024\nDCR2390\n']","['P\n2024\n', 'C\nCC0C\n5\n2P5C\n\n', '2024\nC2390\n']",modelv1.0__2026-05-17 06:45:08
D:/moth_photos/database\batch_05\img_moth_00009694.jpg,"[4000, 6000]",37.5,"['as\nPhotographedby\n\nAFletcher\n2024\n', 'SanteeCoastalReserve\nChartestonCoSC\n\nEFLOPresti\nne Cypress\n', '2024\n\nDCR2444\n']","['2024\n', 'CR\nCCC\nR\nC\n', '2024\n\nDCR2444\n']","['P\n\n2024\n', 'C\nCCC\nP\nC\n', '2024\n\nC2444\n']",modelv1.0__2026-05-17 06:45:08
D:/moth_photos/database\batch_05\img_moth_00009695.jpg,"[4000, 6000]",37.71999999999999,"['SanteeCoastalReserve\nCharlestonGeSC\n\n29 AFletcher\naitJamesCane\n', 'ae\n\nPhotographedby\nAFletcher\n2024\n', '2024\nDCR2381\n']","['CR\nCC\n\n29\nC\n', '2024\n', '2024\nDCR2381\n']","['CP\nCC\n\n29\nC\n', 'P\n2024\n', '2024\nC2381\n']",modelv1.0__2026-05-17 06:45:08
D:/moth_photos/database\batch_05\img_moth_00009696.jpg,"[4000, 6000]",37.14,"['Photographedby\nAFletcher\n2024\n', '2024\nDCR2436\n', 'SarteeCoastalReserve\nChartestonCoSC\nFLoPresti\nLmOY24Cypress\n']","['2024\n', '2024\nDCR2436\n', 'CR\nCCC\n24C\n']","['P\n2024\n', '2024\nC2436\n', 'C\nCCC\nP\n24C\n']",modelv1.0__2026-05-17 06:45:08
D:/moth_photos/database\batch_05\img_moth_00009697.jpg,"[4000, 6000]",37.431372549019606,"['SanteeCoastalReserve\nCharlestonCoSC\n\n29 AFletcher\nAfg24JamesCane\n', 'a\n\nPhotographedby\nAFletcher\n2024\n', '2024\nDCR2374\n']","['CR\nCCC\n\n29\n24C\n', '2024\n', '2024\nDCR2374\n']","['C\nCCC\n\n29\n24C\n', 'P\n2024\n', '2024\nC2374\n']",modelv1.0__2026-05-17 06:45:08
D:/moth_photos/database\batch_05\img_moth_00009698.jpg,"[4000, 6000]",37.52,"['santeeCoastalReserve\nCharlestonCoSC\nEFLoPresti\niway fCypress\n', 'Photographedby\nAFletcher\n2024\n', '2024\nDCR2443\n']","['CR\nCCC\n0\nC\n', '2024\n', '2024\nDCR2443\n']","['CP\nCCC\n0P\nC\n', 'P\n2024\n', '2024\nC2443\n']",modelv1.0__2026-05-17 06:45:08
D:/moth_photos/database\batch_05\img_moth_00009699.jpg,"[4000, 6000]",37.450980392156865,"['SanteeCoastalReserve\nCharlestonCoSC\nAFletcher\n\n3 7aM24JamesCane\n', 'i\n\nPhotographedby\nAFletcher\n2024\n', 'Oe\n\n2024\nDCR2375\n']","['CR\nCC0C\n3 724C\n', '2024\n', '2024\nDCR2375\n']","['CP\nCC0C\n3 724C\n', 'P\n2024\n', '2024\nC2375\n']",modelv1.0__2026-05-17 06:45:08
D:/moth_photos/database\batch_05\img_moth_00009700.jpg,"[4000, 6000]",37.1,"['a\n\nPhotographedby\nAFletcher\n2024\n', '2024\nDCR2453\n', 'be\nSanteeCoastalReserve\nCharlestonCoSC\n4 EFLoPresti\no447GatorRoad\n']","['2024\n', '2024\nDCR2453\n', 'CR\nCCC\n4\n447CR\n']","['P\n2024\n', '2024\nC2453\n', 'P\nCP\nCCC\n4 P\n447C\n']",modelv1.0__2026-05-17 06:45:08
D:/moth_photos/database\batch_05\img_moth_00009701.jpg,"[4000, 6000]",37.372549019607845,"['ae\n\nPhotographedby\nAFletcher\n2024\n', 'SanteeCoastalReserve\nCharlestopCoSC\n\n3 AFletcher\nbenz JamesCane\n', '2024\nDCR2376\n']","['2024\n', 'CR\nCC0C\n\n3\nC\n', '2024\nDCR2376\n']","['P\n2024\n', 'C\nCC0C\n\n3\nC\n', '2024\nC2376\n']",modelv1.0__2026-05-17 06:45:08
D:/moth_photos/database\batch_05\img_moth_00009702.jpg,"[4000, 6000]",37.3,"['Photographedby\nAFletcher\n2024\n', 'SanteeCoastalKeserve\nCharlestonCoSC\nEFLoPresti\nPY3YGatorRoad\n', '2024\nDCR2446\n']","['2024\n', 'CR\nCC0C\n3CR\n', '2024\nDCR2446\n']","['P\n2024\n', 'C\nCC0C\nP\nP3C\n', '2024\nC2446\n']",modelv1.0__2026-05-17 06:45:08
D:/moth_photos/database\batch_05\img_moth_00009703.jpg,"[4000, 6000]",37.450980392156865,"['aww\n\nPhotographedby\nAFletcher\n2024\n', 'SanteeCoastalReserve\nCharlestonCoSC\nAFletcher\nAMS2tJamesCane\n', '2024\nDCR2380\n\n']","['2024\n', 'CR\nCCC\n2C\n', '2024\nDCR2380\n\n']","['P\n2024\n', 'C\nCCC\n2C\n', '2024\nC2380\n\n']",modelv1.0__2026-05-17 06:45:08
D:/moth_photos/database\batch_05\img_moth_00009704.jpg,"[4000, 6000]",36.84313725490196,"['Photographedby\nAFletcher\n2024\n', '2024\nDCR2450\n', 'SanteeCoastal Reserve\nCharlestonCoSC\nEFLoPresti\nTPbew GatorRoad\ntlt\n']","['2024\n', '2024\nDCR2450\n', 'C R\nCCC\n7 R\n']","['P\n2024\n', '2024\nC2450\n', 'C\nCCC\nPP\n7P\n']",modelv1.0__2026-05-17 06:45:08
D:/moth_photos/database\batch_05\img_moth_00009705.jpg,"[4000, 6000]",37.31372549019608,"['a\n\nPhotographedby\nAFletcher\n2024\n', '2024\nDCR2377\n', 'SanteeCoastalReserve\nCharlestonCoSC\nAFletcher\n\nOpp 74James Cane\n']","['2024\n', '2024\nDCR2377\n', 'CR\nCCC\n\nD 74 C\n']","['P\n2024\n', '2024\nC2377\n', 'CP\nCCC\n\n74 C\n']",modelv1.0__2026-05-17 06:45:08
D:/moth_photos/database\batch_05\img_moth_00009706.jpg,"[4000, 6000]",37.46,"['a\n\nPhotographedby\nAFletcher\n2024\n', 'SanteeCoastal Reserve\nCharlestonCoSC\nEF LoPresti\n\nNawal 444 GatorRoad\n', '2024\nDCR2452\n']","['2024\n', 'C R\nCCC\n\n444 R\n', '2024\nDCR2452\n']","['P\n2024\n', 'C\nCCC\nP\n\nW 444\n', '2024\nPC2452\n']",modelv1.0__2026-05-17 06:45:08
D:/moth_photos/database\batch_05\img_moth_00009707.jpg,"[4000, 6000]",37.27450980392157,"['Photographedby\nAFletcher\n2024\n', '2024\nDCR2379\n', 'SanteeCoastalReserve\nCharlestopCoSC\nAFletcher\n39e JamesCane\n']","['2024\n', '2024\nDCR2379\n', 'CR\nCC0C\n39 C\n']","['P\n2024\n', '2024\nC2379\n', 'CP\nCC0C\n39 C\n']",modelv1.0__2026-05-17 06:45:08
D:/moth_photos/database\batch_05\img_moth_00009708.jpg,"[4000, 6000]",37.42,"['Photographedby\nAFletcher\n2024\n', '2024\nDCR2447\n', 'a\nSanteeCoastalReserve\nCharlestonCoSC\nEFLoPresti\nmaGatorRoad\n\n']","['2024\n', '2024\nDCR2447\n', 'CR\nCCC\nCR\n\n']","['P\n2024\n', '2024\nPC2447\n', 'C\nCCC\nP\nC\n\n']",modelv1.0__2026-05-17 06:45:08
D:/moth_photos/database\batch_05\img_moth_00009709.jpg,"[4000, 6000]",37.3921568627451,"['Photographedby\nAFletcher\n2024\n', '2024\nDCR2378\n', 'saiiteeCoastalReserve\nCharlestonCoSC\n\nzyAFletcher\n\nasian James Cane\n']","['2024\n', '2024\nDCR2378\n', 'CR\nCCC\n4\nC\n']","['P\n2024\n', '2024\nC2378\n', 'CP\nCCC\n4P\nC\n']",modelv1.0__2026-05-17 06:45:08
D:/moth_photos/database\batch_05\img_moth_00009710.jpg,"[4000, 6000]",37.36,"['AFletcher\n2024\n', 'SanteeCoastalReserve\nCharlestoneCoSC\nEFLoPresti\nNBA GatorRoad\n', '2024\nDCR2451\n']","['2024\n', 'CR\nCC0C\nR R\n', '2024\nDCR2451\n']","['2024\n', 'C\nCC0C\nP\n', '2024\nC2451\n']",modelv1.0__2026-05-17 06:45:08
D:/moth_photos/database\batch_05\img_moth_00009711.jpg,"[4000, 6000]",37.31372549019608,"['SanteeCoastalReserve\nCharlestonCoSC\nAFletcher\n\n3 Oapar JamesCane\n', 'Photographedby\nAFletcher\n2024\n', '2024\nDCR2388\n']","['CR\nCCC\n\n3 D C\n', '2024\n', '2024\nDCR2388\n']","['C\nCCC\n\n3 P C\n', 'P\n2024\n', '2024\nPC2388\n']",modelv1.0__2026-05-17 06:45:08
D:/moth_photos/database\batch_05\img_moth_00009712.jpg,"[4000, 6000]",37.52,"['Photographed by\nAFletcher\n2024\n', '2024\nDCR2448\n', 'SanteeCoastalReserve\nCharlestonCoSC\nFLoPresti\nSP7Gator Road\n']","['2024\n', '2024\nDCR2448\n', 'CR\nCCC\nC\n7C R\n']","['P\n2024\n', '2024\nC2448\n', 'C\nCCC\nCP\nP7C\n']",modelv1.0__2026-05-17 06:45:08
D:/moth_photos/database\batch_05\img_moth_00009713.jpg,"[4000, 6000]",37.13725490196079,"['SanteeCoastalReserve\nCharlestonCoSC\n\nAFletcher\n3p\n\nif wv JamesCane\n', 'Photographedby\nAFletcher\n2024\n', '2024\nDCR2387\n']","['CR\nCCC\n\n3\n\nC\n', '2024\n', '2024\nDCR2387\n']","['C\nCCC\n\n3\n\nC\n', 'P\n2024\n', '2024\nPC2387\n']",modelv1.0__2026-05-17 06:45:08
D:/moth_photos/database\batch_05\img_moth_00009714.jpg,"[4000, 6000]",36.88235294117647,"['Photographed by\nAFletcher\n2024\n', 'SanteeCoastalReserve\nChartestgnCoSC\nEFLoPresti\nNN 7iM GatorRoad\n', 'O\n\n2024\nDCR2449\n']","['2024\n', 'CR\nCCC\n7 R\n', '2024\nDCR2449\n']","['P\n2024\n', 'C\nCCC\nP\n7\n', '2024\nPC2449\n']",modelv1.0__2026-05-17 06:45:08
D:/moth_photos/database\batch_05\img_moth_00009715.jpg,"[4000, 6000]",37.372549019607845,"['ae\n\nPhotographedby\nAFletcher\n2024\n', '2024\nDCR2389\n', 'SanteeCoastalReserve\nCharlegtonCoSC\nzAGletcher\netJamesCane\n']","['2024\n', '2024\nDCR2389\n', 'CR\nCC0C\nC\n']","['P\n2024\n', '2024\nC2389\n', 'C\nCC0C\nC\n']",modelv1.0__2026-05-17 06:45:08
D:/moth_photos/database\batch_05\img_moth_00009716.jpg,"[4000, 6000]",37.52,"['j\n\nPhotographedby\nAFletcher\n2024\n', '2024\nDCR2466\n', 'SanteeCoastalReserve\nChariestonCoSC\njEFLoPrest\n\n']","['2024\n', '2024\nDCR2466\n', 'CR\nCC0C\n\n']","['P\n2024\n', '2024\nPC2466\n', 'C\nCC0C\nP\n\n']",modelv1.0__2026-05-17 06:45:08
D:/moth_photos/database\batch_05\img_moth_00009717.jpg,"[4000, 6000]",37.294117647058826,"['Photographedby\nAFletcher\n2024\n', 'e\nSanteeCoastalReserve\nCharlegtonCoSC\n\n2AGletcher\nyWtJamesCane\n', '2024\nDCR2389\n']","['CC\n\n2024\n', 'CR\nCCC\n2\nC\n', '2024\nDCR2389\n']","['CC\n\nP\n2024\n', 'CP\nCCC\n2\nWC\n', '2024\nC2389\n']",modelv1.0__2026-05-17 06:45:08
D:/moth_photos/database\batch_05\img_moth_00009718.jpg,"[4000, 6000]",37.38,"['Photographedby\nAFletcher\n2024\n', 'SanteeCoastalReserve\nChariegtonCoSC\n\nELFLoPresti\nScrubOak\n', '2024\nDCR2467\n']","['2024\n', 'CR\nCC0C\n0\n', '2024\nDCR2467\n']","['P\n2024\n', 'CP\nCC0C\n\nPP\n0\n', '2024\nC2467\n']",modelv1.0__2026-05-17 06:45:08
D:/moth_photos/database\batch_05\img_moth_00009719.jpg,"[4000, 6000]",37.470588235294116,"['EE\n\nPhotographedby\nAFletcher\n2024\n', 'SanteeCoastalReserve\nCharleggonCoSC\nAsFtetcher\n\nSOapertiames Cane\n', '2024\nDCR2391\n']","['2024\n', 'CR\nCCC\n\n0 C\n', '2024\nDCR2391\n']","['P\n2024\n', 'C\nCCC\nP\n\n0 C\n', '2024\nC2391\n']",modelv1.0__2026-05-17 06:45:08
D:/moth_photos/database\batch_05\img_moth_00009720.jpg,"[4000, 6000]",37.42,"['Photographed by\nAFletcher\n2024\n', '2024\nDCR2465\n', 'oameeCoastaiKeserve\nCharlestorlCoSC\n\ni WEF LoPresti\n\n2ALSF4SerubOak\n']","['2024\n', '2024\nDCR2465\n', 'C\nCCC\n24C\n']","['P\n2024\n', '2024\nC2465\n', 'C\nCCC\n\nW P\n\n24C\n']",modelv1.0__2026-05-17 06:45:08
D:/moth_photos/database\batch_05\img_moth_00009721.jpg,"[4000, 6000]",37.21568627450981,"['SanteeCoastalReserve\nCharlestonCoSC\nAFletcher\n\nPopet2 raJamesCane\n', 'a\n\nPhotographedby\nAFletcher\n2024\n', '2024\nDCR2396\n']","['CR\nCC0C\n\nD2 C\n', '2024\n', '2024\nDCR2396\n']","['C\nCC0C\n\nP2 C\n', 'P\n2024\n', '2024\nPC2396\n']",modelv1.0__2026-05-17 06:45:08
D:/moth_photos/database\batch_05\img_moth_00009722.jpg,"[4000, 6000]",37.54,"['2024\nDCR2455\n', 'SanteeCoastalReserve\nCharlestonCogSC\n7EFloPrestl\n', 'a\n\nPhotographedby\nAFletcher\n2024\n']","['2024\nDCR2455\n', 'CR\nCC0C\n7\n', '2024\n']","['2024\nC2455\n', 'C\nCC0C\n7P\n', 'P\n2024\n']",modelv1.0__2026-05-17 06:45:08
D:/moth_photos/database\batch_05\img_moth_00009723.jpg,"[4000, 6000]",37.1764705882353,"['a\n\nPhotographedby\nAFletcher\n2024\n', '2024\nDCR2395\n', 'SanteeCoastalReserve\nCharlestonCoSC\nve AFletcher\nS Sacy JamesCane\n']","['2024\n', '2024\nDCR2395\n', 'CR\nCC0C\nC\n']","['P\n2024\n', '2024\nC2395\n', 'C\nCC0C\nP C\n']",modelv1.0__2026-05-17 06:45:08
D:/moth_photos/database\batch_05\img_moth_00009724.jpg,"[4000, 6000]",37.38,"['Photographedby\nAFletcher\n2024\n', 'SanteeCoastalKeserve\nCharlestonCoSC\n\nFLaPresti\nNi ScrubOak\n', '2024\nDCR2456\n']","['2024\n', 'C\nCC0C\n\nC\n', '2024\nDCR2456\n']","['P\n2024\n', 'C\nCC0C\n\nP\nC\n', '2024\nPC2456\n']",modelv1.0__2026-05-17 06:45:08
D:/moth_photos/database\batch_05\img_moth_00009725.jpg,"[4000, 6000]",37.1764705882353,"['oanteeCoastalReserve\nCharlestonCoSC\nAFletcher\nSd AtR24SamesCafte\n', 'Photographedby\nAFletcher\n2024\n', '2024\nDCR2397\n']","['CR\nCCC\n3D R24C\n', '2024\n', '2024\nDCR2397\n']","['CP\nCCC\n3 24C\n', 'P\n2024\n', '2024\nPC2397\n']",modelv1.0__2026-05-17 06:45:08
D:/moth_photos/database\batch_05\img_moth_00009726.jpg,"[4000, 6000]",37.38,"['Photographedby\nAFletcher\n2024\n', 'SanteeCoastalReserve\nCharlestonCoSC\n\nCis EFLoPresti\n\nStef oe ScrubOak\n', '2024\nDCR2458\n']","['2024\n', 'CR\nCCC\n\nC\n\nD 0\n', '2024\nDCR2458\n']","['P\n2024\n', 'C\nCCC\n\nC P\n\nP 0\n', '2024\nC2458\n']",modelv1.0__2026-05-17 06:45:08
D:/moth_photos/database\batch_05\img_moth_00009727.jpg,"[4000, 6000]",37.35294117647059,"['i\nSanteeCoastalReserve\nCharlestonCoSC\nEFCoPresti\n\nt\niy Mazyck\n', 'ewe\n\nPhotographedby\nAFletcher\n2024\n', '2024\nDCR2402\n\nee\n']","['CR\nCC0C\nC\n\nD\n', '2024\n', '2024\nDCR2402\n']","['C\nCC0C\nCP\n', 'P\n2024\n', '2024\nC2402\n']",modelv1.0__2026-05-17 06:45:08
D:/moth_photos/database\batch_05\img_moth_00009728.jpg,"[4000, 6000]",37.5,"['2024\nDCR2459\n', 'a\n\nPhotographedby\nAFletcher\n2024\n', 'SanteeCoastalReserve\nCharlestonCoSC\nEF LoPresti\n']","['2024\nDCR2459\n', '2024\n', 'CR\nCC0C\n']","['2024\nC2459\n', 'P\n2024\n', 'CP\nCC0C\nP\n']",modelv1.0__2026-05-17 06:45:08
D:/moth_photos/database\batch_05\img_moth_00009729.jpg,"[4000, 6000]",37.333333333333336,"['ee\n\nPhotographedby\nAFletcher\n2024\n', 'SanteeCoastalReserve\nCharlestonCoSC\nEFoPresti\n\nTARY 1NMazyck\n', '2024\nDCR2399\n']","['2024\n', 'CR\nCCC\n\nR 1\n', '2024\nDCR2399\n']","['P\n2024\n', 'C\nCCC\nP\n\n1\n', '2024\nPC2399\n']",modelv1.0__2026-05-17 06:45:08
D:/moth_photos/database\batch_05\img_moth_00009730.jpg,"[4000, 6000]",37.48,"['s\nJ\n\nPhotographedby\nAFletcher\n2024\n', 'SanteeCoastalReserve\nCharlestonCo sc\nR Dee EF LoPresti\nfi4ScerubOak\n', '2024\nDCR2454\n']","['2024\n', 'CR\nCC C\nR D\n4\n', '2024\nDCR2454\n']","['P\n2024\n', 'C\nCC C\nP\n4\n', '2024\nC2454\n']",modelv1.0__2026-05-17 06:45:08
D:/moth_photos/database\batch_05\img_moth_00009731.jpg,"[4000, 6000]",37.1764705882353,"['Photographedby\nAFletcher\n2024\n', '2024\nDCR2411\n', 'SanteeCoastalReserve\nCharlestonCoSC\nEFLoPresti\n\ny2yMazyck\n']","['2024\n', '2024\nDCR2411\n', 'CR\nCCC\n\n2\n']","['P\n2024\n', '2024\nPC2411\n', 'C\nCCC\nP\n\n2\n']",modelv1.0__2026-05-17 06:45:08
D:/moth_photos/database\batch_05\img_moth_00009732.jpg,"[4000, 6000]",37.46,"['Photographedby\nAFletcher\n2024\n', 'SanteeCoastalReserve\nCharlestonCoSC\n\nEFLoPresti\n\n42739SorubOak\n', '2024\nDCR2460\n\ni\n']","['2024\n', 'CR\nCCC\n42739C\n', '2024\nDCR2460\n']","['P\n2024\n', 'C\nCCC\n\nPP\n\n42739C\n', '2024\nPC2460\n']",modelv1.0__2026-05-17 06:45:08
D:/moth_photos/database\batch_05\img_moth_00009733.jpg,"[4000, 6000]",37.490196078431374,"['SanteeCoastalReserve\nCharlestanCoSC\nEFLoPresti\n\niPyavLYMazyck\n', 'wT\n\nPhotographed by\nAFletcher\n2024\n', '2024\nDCR2410\n']","['CR\nCCC\n\n1\n', '2024\n', '2024\nDCR2410\n']","['C\nCCC\nP\n\nP1\n', 'P\n2024\n', '2024\nPC2410\n']",modelv1.0__2026-05-17 06:45:08
D:/moth_photos/database\batch_05\img_moth_00009734.jpg,"[4000, 6000]",37.3,"['Photoaraphedby\nAFletcher\n2024\n', 'SanteeCoastalReserve\nCharlestonCo Sc\nE F LoPresti e\nod Dt ScrubOak\n', '2024\nDCR2461\n']","['2024\n', 'CR\nCC C\nD C\n', '2024\nDCR2461\n']","['P\n2024\n', 'CP\nCC C\nP\nP C\n', '2024\nPC2461\n']",modelv1.0__2026-05-17 06:45:08
D:/moth_photos/database\batch_05\img_moth_00009735.jpg,"[4000, 6000]",37.294117647058826,"['SanteeCoastalReserv\nCharlestonCoSC\nEFLoPresti\nia fMazyck\n', 'Oe\n\nPhotographed by\nAFletcher\n2024\n', '2024\nDCR2398\n']","['CR\nCCC\n', '2024\n', '2024\nDCR2398\n']","['CP\nCCC\nP\n', 'P\n2024\n', '2024\nC2398\n']",modelv1.0__2026-05-17 06:45:08
D:/moth_photos/database\batch_05\img_moth_00009736.jpg,"[4000, 6000]",37.4,"['Photographedby\nAFletcher\n2024\n', 'SanteeCoastalReserve\nChariestonCoSC\nak LoPresti\name 4ScrubOak\n', '2024\nDCR2462\n']","['2024\n', 'CR\nCCC\n4C\n', '2024\nDCR2462\n']","['P\n2024\n', 'C\n\nCCC\nP\n4C\n', '2024\nC2462\n']",modelv1.0__2026-05-17 06:45:08
D:/moth_photos/database\batch_05\img_moth_00009737.jpg,"[4000, 6000]",37.294117647058826,"['sanieeCoastalReserve\nCharlestonCoSC\nEFLPresti\n\nmp Y2Mazyck\n', 'a\n\nPhotographedby\nAFletcher\n2024\n', '2024\nDCR2409\n']","['CR\nCCC\nR\n\n2\n', '2024\n', '2024\nDCR2409\n']","['C\nCCC\nP\n\n2\n', 'P\n2024\n', '2024\nPC2409\n']",modelv1.0__2026-05-17 06:45:08
D:/moth_photos/database\batch_05\img_moth_00009738.jpg,"[4000, 6000]",37.36,"['2024\nDCR2463\n', 'aoe\n\nPhotographedby\nAFletcher\n2024\n', '']","['2024\nDCR2463\n', '2024\n', '']","['2024\nC2463\n', 'P\n2024\n', '']",modelv1.0__2026-05-17 06:45:08
D:/moth_photos/database\batch_05\img_moth_00009739.jpg,"[4000, 6000]",37.1764705882353,"['a\n\nPhotographedby\nAFletcher\n2024\n', 'SanteeCoastalReserve\nCharlestonCoSC\nEFLaPresti\n\nMAY24Mazyck\n', '2024\nDCR2400\n']","['2024\n', 'CR\nCC0C\n\nR242\n', '2024\nDCR2400\n']","['P\n2024\n', 'C\nCC0C\nP\n\n242\n', '2024\nC2400\n']",modelv1.0__2026-05-17 06:45:08
D:/moth_photos/database\batch_05\img_moth_00009740.jpg,"[4000, 6000]",37.42,"['a\n\nPhotographed by\nAFletcher\n2024\n', '2024\nDCR2464\n', 'SanteeCoastalReserve\nCharlestonCoSC\nEFSLoPresti\nAfee9SerubOak\n']","['2024\n', '2024\nDCR2464\n', 'CR\nCCC\nR9C\n']","['P\n2024\n', '2024\nPC2464\n', 'C\nCCC\nPP\n9C\n']",modelv1.0__2026-05-17 06:45:08
D:/moth_photos/database\batch_05\img_moth_00009741.jpg,"[4000, 6000]",37.3921568627451,"['ee\n\nPhotographedby\nAFletcher\n2024\n', 'SanteeCoastalReserve\nCharlestonCoSC\nEFLoPresti\n\nI hy Ay2 Mazyck\n', 'i\n\n2024\nDCR2401\n']","['2024\n', 'CR\nCCC\n\n2\n', '2024\nDCR2401\n']","['P\n2024\n', 'C\nCCC\nP\n\n2\n', '2024\nC2401\n']",modelv1.0__2026-05-17 06:45:08
D:/moth_photos/database\batch_05\img_moth_00009742.jpg,"[4000, 6000]",37.48,"['Photographedby\nAFletcher\n2024\n', '2024\nDCR2457\n', 'SanteeCoastalReserve\nChartestonCoSC\n3 EFLoPresti\nSfeSorubOak\n']","['2024\n', '2024\nDCR2457\n', 'CR\nCCC\n3 0\nC\n']","['P\n2024\n', '2024\nC2457\n', 'C\nCCC\n3 0P\nC\n']",modelv1.0__2026-05-17 06:45:08
D:/moth_photos/database\batch_05\img_moth_00009743.jpg,"[4000, 6000]",37.549019607843135,"['SanteeCoastalReserve\nCharlestonCoSC\nEFCoPresti\n\nlmAY20qMazyck\n', 'Photographedby\nAFletcher\n2024\n', '2024\nDCR2406\n']","['CR\nCCC\nC\n\n204\n', '2024\n', '2024\nDCR2406\n']","['C\nCCC\nCP\n\n204\n', 'P\n2024\n', '2024\nPC2406\n']",modelv1.0__2026-05-17 06:45:08
D:/moth_photos/database\batch_05\img_moth_00009744.jpg,"[4000, 6000]",37.5,"['Photographed by\nAFletcher\n2024\n', '2024\nDCR2468\n', 'SanteeCoastalReserve\nCharlestenCoSC\nEFLoPresti\n\nZee pyi LiveOak\n']","['2024\n', '2024\nDCR2468\n', 'CR\nCC0C\n\nR\n']","['P\n2024\n', '2024\nC2468\n', 'C\nCC0C\nP\n']",modelv1.0__2026-05-17 06:45:08
D:/moth_photos/database\batch_05\img_moth_00009745.jpg,"[4000, 6000]",37.35294117647059,"['2024\nDCR2403\n', 'oameeCoastalKeserve\nCharlestopCoSC\nEFLoPresti\n\nAy 1 Mazyck\n', 'Oe\n\nPhotographedby\nAFletcher\n2024\n']","['2024\nDCR2403\n', 'C\nCCC\n\n1\n', '2024\n']","['2024\nC2403\n', 'C\nCCC\nP\n\n1\n', 'P\n2024\n']",modelv1.0__2026-05-17 06:45:08
D:/moth_photos/database\batch_05\img_moth_00009746.jpg,"[4000, 6000]",37.44,"['Photographedby\nAFletcher\n2024\n', 'SanteeCoastalReserve\nChartestonCoSC\nEFCoPresti\n\nDmrky24Cape\n', '2024\nDCR2469\n']","['2024\n', 'CR\nCCC\nC0\n\nD24C\n', '2024\nDCR2469\n']","['P\n2024\n', 'C\nCCC\nC0P\n\n24C\n', '2024\nPC2469\n']",modelv1.0__2026-05-17 06:45:08
D:/moth_photos/database\batch_05\img_moth_00009747.jpg,"[4000, 6000]",37.19607843137255,"['iia\n\nPhotographedby\nAFletcher\n2024\n', '2024\nDCR2404\n', 'panteeCoastalReserve\nCharlestonCoSC\nEFLoPresti\n\nImayzrgMazvek\n']","['2024\n', '2024\nDCR2404\n', 'CR\nCCC\n']","['P\n2024\n', '2024\nC2404\n', 'CP\nCCC\nP\n']",modelv1.0__2026-05-17 06:45:08
D:/moth_photos/database\batch_05\img_moth_00009748.jpg,"[4000, 6000]",37.46,"['Photographed by\nAFletcher\n2024\n', 'SanteeCoastalReserve\nCharlestonCoSC\nEFLoPresti\n\neMny14Cape\n', '2024\nDCR2476\n']","['2024\n', 'CR\nCCC\n\n14C\n', '2024\nDCR2476\n']","['P\n2024\n', 'C\nCCC\nP\n\n14C\n', '2024\nPC2476\n']",modelv1.0__2026-05-17 06:45:08
D:/moth_photos/database\batch_05\img_moth_00009749.jpg,"[4000, 6000]",37.372549019607845,"['a\n\nPhotographedby\nAFletcher\n2024\n', '2024\nDCR2405\n', 'SanteeCoastalReserve\nCharlestonCoSC\nEFLoPresti\n']","['2024\n', '2024\nDCR2405\n', 'CR\nCCC\n']","['P\n2024\n', '2024\nPC2405\n', 'C\nCCC\nP\n']",modelv1.0__2026-05-17 06:45:08
D:/moth_photos/database\batch_05\img_moth_00009750.jpg,"[4000, 6000]",36.84313725490196,"['Photographedby\nAFletcher\n2024\n', 'SarnteeCoastalReserve\nCharlestonCoSC\nEFLePresti\n\na Pfxs14Cape\n', '2024\nDCR2474\n']","['2024\n', 'CR\nCCC\n\n14C\n', '2024\nDCR2474\n']","['P\n2024\n', 'C\nCCC\nP\n\nP14C\n', '2024\nPC2474\n']",modelv1.0__2026-05-17 06:45:08
D:/moth_photos/database\batch_05\img_moth_00009751.jpg,"[4000, 6000]",32.32,"['Photographed by\nAFletcher\n2024\n', '4 MAT2024\n']","['2024\n', '4 2024\n']","['P\n2024\n', '4 2024\n']",modelv1.0__2026-05-17 06:45:08
D:/moth_photos/database\batch_05\img_moth_00009752.jpg,"[4000, 6000]",37.24,"['Photographedby\nAFletcher\n2024\n', 'SanteeCoastalReserve\nCharlestonCoSC\nEFLoPresti\n\nLaay T4Cape\n', '2024\nDCR2471\n']","['2024\n', 'CR\nCCC\n\n4C\n', '2024\nDCR2471\n']","['P\n2024\n', 'C\nCCC\nP\n\n4C\n', '2024\nPC2471\n']",modelv1.0__2026-05-17 06:45:08
D:/moth_photos/database\batch_05\img_moth_00009753.jpg,"[4000, 6000]",32.580000000000005,"['Photographedby\nAFletcher\n2024\n', '4MAT2024\n']","['2024\n', '42024\n']","['P\n2024\n', '42024\n']",modelv1.0__2026-05-17 06:45:08
D:/moth_photos/database\batch_05\img_moth_00009754.jpg,"[4000, 6000]",37.36,"['Photographed by\nAFletcher\n2024\n', '2024\nDCR2470\n', 'SanteeCoastal Reserve\nCharlestqnCoSC\nEFLoPresti\ne27Cape\n']","['2024\n', '2024\nDCR2470\n', 'C R\nCCC\n27C\n']","['P\n2024\n', '2024\nC2470\n', 'C\nCCC\nP\n27C\n']",modelv1.0__2026-05-17 06:45:08
D:/moth_photos/database\batch_05\img_moth_00009755.jpg,"[4000, 6000]",32.379999999999995,"['2024\nDCR2407\n', 'SanteeCoastalReserve\nCharlestonCoSC\nEFeLoPresti\n\nMAIL wgMazyck\n', 'Photographedby\nAFletcher\n2024\n', '1tMAY2024\n']","['2024\nDCR2407\n', 'CR\nCCC\n', '2024\n', '12024\n']","['2024\nC2407\n', 'C\nCCC\nP\n', 'P\n2024\n', '1W2024\n']",modelv1.0__2026-05-17 06:45:08
D:/moth_photos/database\batch_05\img_moth_00009756.jpg,"[4000, 6000]",37.32,"['Photographedby\nAFletcher\n2024\n', 'SanteeCoastalReserve\nChartestonCoSC\nEFLoPresti\ncirAittCape\n', '2024\nDCR2473\n']","['2024\n', 'CR\nCCC\n4C\n', '2024\nDCR2473\n']","['P\n2024\n', 'C\nCCC\nP\nP4C\n', '2024\nC2473\n']",modelv1.0__2026-05-17 06:45:08
D:/moth_photos/database\batch_05\img_moth_00009757.jpg,"[4000, 6000]",37.4,"['Photographedby\nAFletcher\n2024\n', 'SanteeCoastalReserve\nChariestonCoSC\nPr\n\nw7LYCape\n', '2024\nDCR2472\n']","['2024\n', 'CR\nCC0C\n\n714C\n', '2024\nDCR2472\n']","['P\n2024\n', 'C\nCC0C\nP\n\n714C\n', '2024\nPC2472\n']",modelv1.0__2026-05-17 06:45:08
D:/moth_photos/database\batch_05\img_moth_00009758.jpg,"[4000, 6000]",37.24,"['re\nPhotographedby\n\nAFletcher\n2024\n', '2024\nDCR2475\n', 'ee\nSanteeCoastalReserve\nCharlestonCoSC\nEFLoPresti\nLrhiCape\n']","['2024\n', '2024\nDCR2475\n', 'CR\nCCC\nC\n']","['P\n\n2024\n', '2024\nC2475\n', 'C\nCCC\nP\nC\n']",modelv1.0__2026-05-17 06:45:08
D:/moth_photos/database\batch_05\img_moth_00009759.jpg,"[4000, 6000]",37.32,"['ae\n\nPhotographedby\nAFletcher\n2024\n', 'Santee GoastalReserve\nCharlestonCoSC\n\nce ve boPresti\nDat yseCypress\n', '2024\nDCR2480\n']","['2024\n', 'CR\nCC0C\n\nC R\nD C\n', '2024\nDCR2480\n']","['P\n2024\n', 'C\nCC0C\n\nC P\nC\n', '2024\nPC2480\n']",modelv1.0__2026-05-17 06:45:08
D:/moth_photos/database\batch_05\img_moth_00009760.jpg,"[4000, 6000]",37.5,"['SanteeCoastalReserve\nChartestonCoSC\n\n3 EFLoPresti\n\nJAPRWCypress\n', 'i\n\nPhotographedby\nAFletcher\n2024\n', '2024\nDCR2478\n']","['CR\nCC0C\n\n3\n\nDRC\n', '2024\n', '2024\nDCR2478\n']","['C\nCC0C\n\n3 P\n\nPWC\n', 'P\n2024\n', '2024\nPC2478\n']",modelv1.0__2026-05-17 06:45:08
D:/moth_photos/database\batch_05\img_moth_00009761.jpg,"[4000, 6000]",37.28,"['SanteeCoastalReserve\nCharlestqnCoSC\n\nEF acy\n30 pa24Cypress\n', 'Photographedby\nAFletcher\n2024\n', '2024\nDCR2479\n']","['CR\nCC0C\n\n24C\n30 24C\n', '2024\n', '2024\nDCR2479\n']","['C\nCC0C\n\nP 24C\n30 24C\n', 'P\n2024\n', '2024\nC2479\n']",modelv1.0__2026-05-17 06:45:08
D:/moth_photos/database\batch_05\img_moth_00009762.jpg,"[4000, 6000]",37.2,"['Photographed by\nAFletcher\n2024\n', '2024\nDCR2481\n', 'Santee Coastal Reserve\nCharlestonCo sc\n\ndP\n']","['2024\n', '2024\nDCR2481\n', 'C R\nCC0\n']","['P\n2024\n', '2024\nPC2481\n', 'C\nCC0\n\nP\n']",modelv1.0__2026-05-17 06:45:08
D:/moth_photos/database\batch_05\img_moth_00009763.jpg,"[4000, 6000]",37.36,"['J\n\nPhotographed by\nAFletcher\n2024\n', 'SanteeCoastalReserve\n5 ChartestonCoSC\n32 EFLoPresti\n\nPY hay Lf Cypress\n', '2024\nDCR2482\n']","['2024\n', 'CR\n5 CCC\n32\n\nC\n', '2024\nDCR2482\n']","['P\n2024\n', 'CP\n5 CCC\n32 P\n\nP C\n', '2024\nC2482\n']",modelv1.0__2026-05-17 06:45:08
D:/moth_photos/database\batch_05\img_moth_00009764.jpg,"[4000, 6000]",37.42,"['i\n\nPhotographed by\nAFletcher\n2024\n', '2024\nDCR2485\n', 'SanteeCoastalReserve\nChartestonCoSC\n\nFRoPresti\nSDefes4cypress\n']","['2024\n', '2024\nDCR2485\n', 'CR\nCCC\n\nR0\nD4C\n']","['P\n2024\n', '2024\nC2485\n', 'C\nCCC\n\nP0P\n24C\n']",modelv1.0__2026-05-17 06:45:08
D:/moth_photos/database\batch_05\img_moth_00009765.jpg,"[4000, 6000]",37.34,"['Photographed by\nAFletcher\n2024\n', 'SanteeCoastalReserve\nCharlestonCoSC\n39 EFLoPresti\nfPi224Cypress\n', '2024\nDCR2489\n']","['2024\n', 'CR\nCCC\n39\nR224C\n', '2024\nDCR2489\n']","['P\n2024\n', 'C\nCCC\n39 P\nP224C\n', '2024\nC2489\n']",modelv1.0__2026-05-17 06:45:08
D:/moth_photos/database\batch_05\img_moth_00009766.jpg,"[4000, 6000]",37.36,"['Photographedby\nAFletcher\n2024\n', '2024\nDCR2486\n', 'SanteeCoastalReserve\nCharlestonCoSC\n\nOp PfRUCypress\n']","['2024\n', '2024\nDCR2486\n', 'CR\nCCC\n\nR2C\n']","['P\n2024\n', '2024\nC2486\n', 'C\nCCC\n\nP2C\n']",modelv1.0__2026-05-17 06:45:08
D:/moth_photos/database\batch_05\img_moth_00009767.jpg,"[4000, 6000]",37.4,"['Photographedby\nAFletcher\n2024\n', '2024\nDCR2487\n', 'SanteeCoastalReserve\nChartestonCoSC\n\ni 2 EFLoPresti\n']","['2024\n', '2024\nDCR2487\n', 'CR\nCCC\n\n2\n']","['P\n2024\n', '2024\nC2487\n', 'C\nCCC\n\n2 P\n']",modelv1.0__2026-05-17 06:45:08
D:/moth_photos/database\batch_05\img_moth_00009768.jpg,"[4000, 6000]",37.28,"['os\n\nPhotographedby\nAFletcher\n2024\n', '2024\nDCR2492\n', 'SanteeCoastalReserve\nChariestonCoSC\n2DEFLoPresti\nWAPL2UCypress\n']","['2024\n', '2024\nDCR2492\n', 'CR\nCCC\n2D\nR2C\n']","['P\n2024\n', '2024\nC2492\n', 'C\nCCC\n2P\nWP2C\n']",modelv1.0__2026-05-17 06:45:08
D:/moth_photos/database\batch_05\img_moth_00009769.jpg,"[4000, 6000]",37.5,"['a\n\nPhotographedby\nAFletcher\n2024\n', 'SanteeCoastalReserve\nCharlestonCoSC\nE Fs LoPresti\na Ogi fRl4Cypress\n', '2024\nDCR2477\n']","['2024\n', 'CR\nCCC\nR4C\n', '2024\nDCR2477\n']","['P\n2024\n', 'C\nCCC\nP\n4C\n', '2024\nC2477\n']",modelv1.0__2026-05-17 06:45:08
D:/moth_photos/database\batch_05\img_moth_00009770.jpg,"[4000, 6000]",37.52,"['SanteeCoastalReserve\nCharlestonCoSC\n\ng 2 EFLoPresti\n4L7Cypress\n', 'Photographedby\nAFletcher\n2024\n', '2024\nDCR2483\n']","['CR\nCC0C\n\n2\n47C\n', '2024\n', '2024\nDCR2483\n']","['C\nCC0C\n\n2 PP\n47C\n', 'P\n2024\n', '2024\nPC2483\n']",modelv1.0__2026-05-17 06:45:08
D:/moth_photos/database\batch_05\img_moth_00009771.jpg,"[4000, 6000]",37.44,"['os\n\nPhotographedby\nAFletcher\n2024\n', 'SanteeCoastalReserve\nCharlestonCoSC\nEFLoPresti\n', '2024\nDCR2484\n\n']","['2024\n', 'CR\nCCC\n', '2024\nDCR2484\n\n']","['P\n2024\n', 'C\nCCC\nP\n', '2024\nPC2484\n\n']",modelv1.0__2026-05-17 06:45:08
D:/moth_photos/database\batch_05\img_moth_00009772.jpg,"[4000, 6000]",36.80392156862745,"['Photographedby\nAFletcher\n2024\n', 'a\nSanteeCoastalReserve\nChariestonCoSC\n\ns Def f PCypress\n', '2024\nDCR2488\n']","['2024\n', 'CR\nCC0C\n\nD0 C\n', '2024\nDCR2488\n']","['P\n2024\n', 'C\nCC0C\n\n0 PC\n', '2024\nPC2488\n']",modelv1.0__2026-05-17 06:45:08
D:/moth_photos/database\batch_05\img_moth_00009773.jpg,"[4000, 6000]",37.24,"['Photographedby\nAFletcher\n2024\n', 'DSanteeCoastaiReserve\nChariestonCoSC\n\nEFs LoPresti\nSony Cypress\n', '2024\nDCR2490\n\n']","['2024\n', 'DCR\nCCC\n\n4C\n', '2024\nDCR2490\n\n']","['P\n2024\n', 'CP\nCCC\n\nP\n4C\n', '2024\nC2490\n\n']",modelv1.0__2026-05-17 06:45:08
D:/moth_photos/database\batch_05\img_moth_00009774.jpg,"[4000, 6000]",37.42,"['Photographed by\nAFletcher\n2024\n', '2024\n\nDCR2491\n', 'Ee\nSanteeCoastalReserve\nChanestonCoSC\nEFLoPresti\n\nDOcfrCypress\n']","['2024\n', '2024\n\nDCR2491\n', 'CR\nCCC\nDC\n']","['P\n2024\n', '2024\n\nC2491\n', 'C\nCCC\nP\nC\n']",modelv1.0__2026-05-17 06:45:08
D:/moth_photos/database\batch_05\img_moth_00009775.jpg,"[4000, 6000]",37.36,"['Photographedby\nAFletcher\n2024\n', 'SanteeCoastalReserve\nCharlestonCoSC\n', '2024\nDCR2493\n']","['2024\n', 'CR\nCCC\n', '2024\nDCR2493\n']","['P\n2024\n', 'C\nCCC\n', '2024\nC2493\n']",modelv1.0__2026-05-17 06:45:08
D:/moth_photos/database\batch_05\img_moth_00009776.jpg,"[4000, 6000]",37.559999999999995,"['Photographed by\nAFletcher\n2024\n', 'SanteeCoastalReserve\nCharlestqn CoSC\n\nOe EF CoPresti\nf5ScrubOak\n', '2024\n\nDCR2494\n']","['2024\n', 'CR\nC CC\nC\n5\n', '2024\n\nDCR2494\n']","['P\n2024\n', 'C\nC CC\nCP\n5\n', '2024\n\nC2494\n']",modelv1.0__2026-05-17 06:45:08
D:/moth_photos/database\batch_05\img_moth_00009777.jpg,"[4000, 6000]",37.5,"['Photographedby\nAFletcher\n2024\n', 'SanteeCoastalReserve\nCharlestonCoSC\n2 EFLoPresti\n\nMay a Cypress\n', 'OQGoEoooo\n\n2024\nDCR2495\n']","['2024\n', 'CR\nCC0C\n2 R\n\nC\n', '2024\nDCR2495\n']","['P\n2024\n', 'C\nCC0C\n2 P\n\nC\n', '2024\nPC2495\n']",modelv1.0__2026-05-17 06:45:08
D:/moth_photos/database\batch_05\img_moth_00009778.jpg,"[4000, 6000]",35.26,"['2024\nDCR2496\n', 'Santee CoastalReserve\nCharlestonCoSC\n2 EFLoPresti\n\ny ZY Cypress\n', 'ee\n\nPhotographedby\nAFletcher\n2024\n', '14MAY2024\n']","['2024\nDCR2496\n', 'CR\nCCC\n2\n\n7 C\n', '2024\n', '142024\n']","['2024\nPC2496\n', 'C\nCCC\n2 P\n\n7 C\n', 'P\n2024\n', '142024\n']",modelv1.0__2026-05-17 06:45:08
D:/moth_photos/database\batch_05\img_moth_00009779.jpg,"[4000, 6000]",37.235294117647065,"['Photographedby\nAFletcher\n2024\n', '2024\nDCR2497\n', 'SanteeCoastalReserve\nCharlestonCoSC\nEFLoPresti\nc Foal h 9t3GatorRoad\njw\n']","['2024\n', '2024\nDCR2497\n', 'CR\nCCC\n6\n93CR\n']","['P\n2024\n', '2024\nPC2497\n', 'C\nCCC\n6P\n93C\n']",modelv1.0__2026-05-17 06:45:08
D:/moth_photos/database\batch_05\img_moth_00009780.jpg,"[4000, 6000]",37.35294117647059,"['2024\nDCR2S00\n', 'Photographedby\nAFletcher\n2024\n', 'SanteeCoastalReserve\nCharleston CoSC\n\nAFletcher\nLm RYE MH JamesCane\n']","['2024\nDCR2500\n', '2024\n', 'CR\nC CC\n\nR C\n']","['2024\nPC2500\n', 'P\n2024\n', 'C\nC CC\n\nP C\n']",modelv1.0__2026-05-17 06:45:08
D:/moth_photos/database\batch_05\img_moth_00009781.jpg,"[4000, 6000]",37.333333333333336,"['Photographedby\nAFletcher\n2024\n', '2024\nDCR2501\n', 'I\nSanteeCoastalReserve\nCharlestonCoSC\nA Fletcher\nLrRyy 4JamesCane\n']","['2024\n', '2024\nDCR2501\n', 'CR\nCCC\n2R 4C\n']","['P\n2024\n', '2024\nC2501\n', 'C\nCCC\n2 4C\n']",modelv1.0__2026-05-17 06:45:08
D:/moth_photos/database\batch_05\img_moth_00009782.jpg,"[4000, 6000]",37.46,"['Photographedby\nAFletcher\n2024\n', 'ee\nSanteeCoastalReserve\nCharlestonCoSC\nAFletcher\nim f93AJamesCane\n', '2024\nDCR2502\n']","['2024\n', 'CR\nCCC\n934C\n', '2024\nDCR2502\n']","['P\n2024\n', 'C\nCCC\n934C\n', '2024\nC2502\n']",modelv1.0__2026-05-17 06:45:08
D:/moth_photos/database\batch_05\img_moth_00009783.jpg,"[4000, 6000]",37.839999999999996,"['Photographedby\n\nAFletcher\n2024\n', 'SanteeCoastalReserve\nCharlestonCoSC\nAFletcher\n\ncmeyt ames Cane\n', '2024\nDCR2503\n']","['2024\n', 'CR\nCCC\n\nC\n', '2024\nDCR2503\n']","['P\n\n2024\n', 'C\nCCC\n\nC\n', '2024\nC2503\n']",modelv1.0__2026-05-17 06:45:08
D:/moth_photos/database\batch_05\img_moth_00009784.jpg,"[4000, 6000]",37.62,"['Photographedby\nAFletcher\n2024\n', 'SanteeCoastalReserve\nCharlestorCoSC\nAFletcher\n\no\nf\nZfafess1JamesCane\n', '2024\nDCR2504\n']","['2024\n', 'CR\nCC0C\n\n1C\n', '2024\nDCR2504\n']","['P\n2024\n', 'C\nCC0C\n\n1C\n', '2024\nPC2504\n']",modelv1.0__2026-05-17 06:45:08
D:/moth_photos/database\batch_05\img_moth_00009785.jpg,"[4000, 6000]",37.660000000000004,"['Photographedby\nAFletcher\n2024\n', '2024\nDCR2498\n', 'SanteeCoastalReserve\nCharlestonCoSC\nam AFletcher\nNe pr7JamesCane\nA\n']","['2024\n', '2024\nDCR2498\n', 'CR\nCC0C\n7C\nCC\n']","['P\n2024\n', '2024\nC2498\n', 'C\nCC0C\n7C\nCP\n']",modelv1.0__2026-05-17 06:45:08
D:/moth_photos/database\batch_05\img_moth_00009786.jpg,"[4000, 6000]",37.74,"['Photographedby\n\nAFletcher\n2024\n', '2024\nDCR2499\n', '']","['2024\n', '2024\nDCR2499\n', '']","['P\n\n2024\n', '2024\nC2499\n', '']",modelv1.0__2026-05-17 06:45:08
D:/moth_photos/database\batch_05\img_moth_00009787.jpg,"[4000, 6000]",37.19607843137255,"['Photographedby\nAFletcher\n2024\n', 'SanteeCoastalReserve\nCharlestonCoSC\n2 EFLoPresti\n\nL4ges TOrmondHall\n', '2024\nDCR2506\n\n']","['2024\n', 'CR\nCC0C\n2\n\n4 0\n', '2024\nDCR2506\n\n']","['P\n2024\n', 'C\nCC0C\n2 P\n\n4 0\n', '2024\nC2506\n\n']",modelv1.0__2026-05-17 06:45:08
D:/moth_photos/database\batch_05\img_moth_00009788.jpg,"[4000, 6000]",37.31372549019608,"['Photographedby\n\nAFletcher\n2024\n', 'SanteeCoastalReserve\nChareston CoSC\n\nEFtsoPresti\n24\n\nPr be OrmondHail\n', '2024\nDCR2509\n']","['2024\n', 'CR\nC CC\n\n0\n24\n\nD\n', '2024\nDCR2509\n']","['P\n\n2024\n', 'C\nC CC\n\n0P\n24\n\nP\n', '2024\nC2509\n']",modelv1.0__2026-05-17 06:45:08
D:/moth_photos/database\batch_05\img_moth_00009789.jpg,"[4000, 6000]",37.760000000000005,"['Photographed by\nAFletcher\n2024\n', '2024\nDCR2513\n', 'SanteeCoastalReserve\nCharlestonCoSC\no JEF LoPrest\n\na OrmondHall\n']","['D\n2024\n', '2024\nDCR2513\n', 'CR\nCC0C\n']","['P\n2024\n', '2024\nC2513\n', 'C\nCC0C\nP\n']",modelv1.0__2026-05-17 06:45:08
D:/moth_photos/database\batch_05\img_moth_00009790.jpg,"[4000, 6000]",37.11764705882353,"['Photographedby\n\nAFletcher\n2024\n', 'SanteeCoastalReserve\nCharlestonCoSC\n\nC4 PfffigGormond Hall\n', '2024\nDCR2514\n']","['2024\n', 'CR\nCCC\n\nC4 01\n', '2024\nDCR2514\n']","['P\n\n2024\n', 'C\nCCC\n\nC4 P01\n', '2024\nC2514\n']",modelv1.0__2026-05-17 06:45:08
D:/moth_photos/database\batch_05\img_moth_00009791.jpg,"[4000, 6000]",37.7,"['Photographedby\nAFletcher\n2024\n', '2024\nDCR2508\n', 'SanteeCoastalReserve\nCharlestonCoSC\n\ner EFLoPresti\n\no\n\nf237OrmondHall\n']","['2024\n', '2024\nDCR2508\n', 'CR\nCCC\n\n237\n']","['P\n2024\n', '2024\nC2508\n', 'C\nCCC\nP\n\n237\n']",modelv1.0__2026-05-17 06:45:08
D:/moth_photos/database\batch_05\img_moth_00009792.jpg,"[4000, 6000]",37.7,"['Photographed by\nAFletcher\n2024\n', '2024\nDCR2510\n', 'SanteeCoastalReserve\nCharlestonCoSC\n\n2 EFL6Presti\nAnte OrmondHall\n']","['2024\n', '2024\nDCR2510\n', 'CR\nCCC\n\n2 6\n4\n']","['P\n2024\n', '2024\nC2510\n', 'C\nCCC\n\n2 6P\n4\n']",modelv1.0__2026-05-17 06:45:08
D:/moth_photos/database\batch_05\img_moth_00009793.jpg,"[4000, 6000]",37.74,"['Photographedby\nAFletcher\n2024\n', 'SanteeCoastalReserve\nCharlestonCoSC\nEFLoPresti\n446OrmondHall\n', '2024\nDCR2512\n']","['2024\n', 'CR\nCCC\n4460\n', '2024\nDCR2512\n']","['P\n2024\n', 'C\nCCC\nP\n4460\n', '2024\nC2512\n']",modelv1.0__2026-05-17 06:45:08
D:/moth_photos/database\batch_05\img_moth_00009794.jpg,"[4000, 6000]",37.21568627450981,"['Photographedby\nAFletcher\n2024\n', '2024\nDCR2507\n', 'SanteeCoastalReserve\nCharlestonCoSC\nEFLoPresti\n24e fia 4 OrmondHall\n']","['2024\n', '2024\nDCR2507\n', 'CR\nCC0C\n24 4\n']","['P\n2024\n', '2024\nC2507\n', 'C\nCC0C\nP\n24 4\n']",modelv1.0__2026-05-17 06:45:08
D:/moth_photos/database\batch_05\img_moth_00009795.jpg,"[4000, 6000]",37.580000000000005,"['Photographed by\nAFletcher\n2024\n', '2024\nDCR2511\n', 'SanteeCoastalReserve\nCharlestonCoSC\n\nFkoPresti\n25n Pr4Ormond Hall\n']","['2024\n', '2024\nDCR2511\n', 'CR\nCC0C\n\n0\n25 4\n']","['P\n2024\n', '2024\nC2511\n', 'C\nCC0C\n\n0P\n25 P4\n']",modelv1.0__2026-05-17 06:45:08
D:/moth_photos/database\batch_05\img_moth_00009796.jpg,"[4000, 6000]",37.7,"['SanteeCoastalReserve\nCharlestonCoS\n\nFLoPresti\nCRP\n\nAyf2OrmondHall\n', 'Photographedby\nAFletcher\n2024\n', '2024\nDCR2505\n']","['CR\nCC\n\nCR\n\nR2\n', '2024\n', '2024\nDCR2505\n']","['CP\nCC\n\nP\nCP\n\n2\n', 'P\n2024\n', '2024\nC2505\n']",modelv1.0__2026-05-17 06:45:08
D:/moth_photos/database\batch_05\img_moth_00009797.jpg,"[4000, 6000]",37.71999999999999,"['SanteeCoastalReserve\nCharlestonCoSC\nCE FLoPresti\n\nScrubOak\n', 'Photographedby\nAFletcher\n2024\n', '2024\nDCR2521\n']","['CR\nCCC\nC\n', '2024\n', '2024\nDCR2521\n']","['C\nCCC\nP\nC\n', 'P\n2024\n', '2024\nC2521\n']",modelv1.0__2026-05-17 06:45:08
D:/moth_photos/database\batch_05\img_moth_00009798.jpg,"[4000, 6000]",37.8,"['vanteeCoastalReserve\nCharlestanCoSC\n\nEFLoPresti\n', '2024\nDCR2519\n', 'Photographedby\nAFletcher\n2024\n']","['CR\nCCC\n', '2024\nDCR2519\n', '2024\n']","['C\nCCC\n\nP\n', '2024\nC2519\n', 'P\n2024\n']",modelv1.0__2026-05-17 06:45:08
D:/moth_photos/database\batch_05\img_moth_00009799.jpg,"[4000, 6000]",37.64,"['Photographedby\nAFletcher\n2024\n', 'varitceUoasialKeserve\nCharlestonCoSC\n\nha A Y29Sorub Oak\n', '2024\nDCR2524\n']","['2024\n', '0\nCCC\n\n29\n', '2024\nDCR2524\n']","['P\n2024\n', '0\nCCC\n\n29\n', '2024\nC2524\n']",modelv1.0__2026-05-17 06:45:08
D:/moth_photos/database\batch_05\img_moth_00009800.jpg,"[4000, 6000]",37.779999999999994,"['Photographedby\nAFletcher\n2024\n', 'SanteeCoastalReserve\nCharlestonCoSC\nEFLoPresti\nViby3yScrubOak\n', '2024\nDCR2526\n']","['2024\n', 'CR\nCCC\n3\n', '2024\nDCR2526\n']","['P\n2024\n', 'C\nCCC\nP\nW3\n', '2024\nPC2526\n']",modelv1.0__2026-05-17 06:45:08
D:/moth_photos/database\batch_05\img_moth_00009801.jpg,"[4000, 6000]",37.52,"['Photographedby\nAFletcher\n2024\n', 'SanteeCoastalReserve\nCharilestonCoSC\nEFLoPresti\n\nImAy2SerubOat\n', '2024\nDCR2518\n']","['2024\n', 'CR\nCCC\n\n2C\n', '2024\nDCR2518\n']","['P\n2024\n', 'C\nCCC\nP\n\n2C\n', '2024\nC2518\n']",modelv1.0__2026-05-17 06:45:08
D:/moth_photos/database\batch_05\img_moth_00009802.jpg,"[4000, 6000]",37.71999999999999,"['Photographedby\nAFletcher\n2024\n', 'canteeCoastaiReserve\nChariestonCoSC\nE F LoPresti\nMe ScrubOal\n', '2024\nDCR2527\n']","['2024\n', 'CR\nCC0C\n0\n', '2024\nDCR2527\n']","['P\n2024\n', 'C\nCC0C\nP\n\n0\n', '2024\nC2527\n']",modelv1.0__2026-05-17 06:45:08
D:/moth_photos/database\batch_05\img_moth_00009803.jpg,"[4000, 6000]",37.74,"['Photographedby\nAFletcher\n2024\n', 'ee\nSanteeCoastalReserve\nChariestonCoSC\nEFCoPresti\nScrubOak\n', '2024\nDCR2533\n']","['2024\n', 'CR\nCCC\nC\nC\n', '2024\nDCR2533\n']","['P\n2024\n', 'C\nCCC\nCP\nC\n', '2024\nC2533\n']",modelv1.0__2026-05-17 06:45:08
D:/moth_photos/database\batch_05\img_moth_00009804.jpg,"[4000, 6000]",37.15686274509804,"['SamteeCoastalReserve\nCc onCoSC\nEFLoPresti\n', 'Photographedby\nAFletcher\n2024\n', '2024\nDCR2520\n']","['CR\nC C0C\n', '2024\n', '2024\nDCR2520\n']","['C\nC C0C\nP\n', 'P\n2024\n', '2024\nPC2520\n']",modelv1.0__2026-05-17 06:45:08
D:/moth_photos/database\batch_05\img_moth_00009805.jpg,"[4000, 6000]",37.21568627450981,"['oameeCoastalReserve\nCharlestonCoSC\nEFLoPresti\n\ne4235SerubOak\n', 'Photographedby\nAFletcher\n2024\n', '2024\nDCR2523\n']","['CR\nCC0C\n42350\n', '2024\n', '2024\nDCR2523\n']","['CP\nCC0C\nPP\n\n42350\n', 'P\n2024\n', '2024\nC2523\n']",modelv1.0__2026-05-17 06:45:08
D:/moth_photos/database\batch_05\img_moth_00009806.jpg,"[4000, 6000]",37.13725490196079,"['Photographedby\n\nAFletcher\n2024\n', '2024\nDCR2525\n', 'SanteeCoastaiReserve\nChariestonCoSC\nEFLoPresti\n\nMR7LM4SerubOak\n']","['2024\n', '2024\nDCR2525\n', 'CR\nCCC\n0\n\nR74C\n']","['P\n\n2024\n', '2024\nPC2525\n', 'C\nCCC\n0P\n\n74C\n']",modelv1.0__2026-05-17 06:45:08
D:/moth_photos/database\batch_05\img_moth_00009807.jpg,"[4000, 6000]",37.411764705882355,"['SanteeCoastalReserve\nChartestonCoSC\nELPLoPresti\n', '2024\nDCR2529\n', 'Photographedby\nAFletcher\n2024\n']","['CR\nCCC\n', '2024\nDCR2529\n', '2024\n']","['CP\nCCC\nPP\n', '2024\nC2529\n', 'P\n2024\n']",modelv1.0__2026-05-17 06:45:08
D:/moth_photos/database\batch_05\img_moth_00009808.jpg,"[4000, 6000]",37.235294117647065,"['Photographedby\nAFletcher\n2024\n', '2024\nDCR2531\n', 'santeeCoastalReserve\nCharlestonCoSC\nE FLoPresti\nsue ScrubOak\n']","['2024\n', '2024\nDCR2531\n', 'CR\nCCC\n']","['P\n2024\n', '2024\nC2531\n', 'C\nCCC\nP\n']",modelv1.0__2026-05-17 06:45:08
D:/moth_photos/database\batch_05\img_moth_00009809.jpg,"[4000, 6000]",37.68,"['Photographedby\nAFletcher\n2024\n', 'oameeCOSSaiKeServe\nChariestonCoSC\nEFLoPresti\nfr Has 7 7Scrub Oak\n', '2024\nDCR2532\n']","['2024\n', 'C0\nCCC\n7 7\n', '2024\nDCR2532\n']","['P\n2024\n', 'C0\nCCC\nP\n7 7\n', '2024\nC2532\n']",modelv1.0__2026-05-17 06:45:08
D:/moth_photos/database\batch_05\img_moth_00009810.jpg,"[4000, 6000]",37.13725490196079,"['oameeCoastalKeserve\n\nCharlestonCoSC\nEFLoPresti\nr2SerubOak\n', 'Photographedby\nAFletcher\n2024\n', '2024\nDCR2534\n']","['CR\n\nCC0C\n2\n', '2024\n', '2024\nDCR2534\n']","['C\n\nCC0C\nP\n2\n', 'P\n2024\n', '2024\nPC2534\n']",modelv1.0__2026-05-17 06:45:08
D:/moth_photos/database\batch_05\img_moth_00009811.jpg,"[4000, 6000]",37.13725490196079,"['Photographedby\nAFletcher\n2024\n', '2024\nDCR2528\n', 'SanteeCoastalReserve\nCha CoSC\nEFLoPresti\njes Y24ScrubOak\n']","['2024\n', '2024\nDCR2528\n', 'CR\nC CC\n240\n']","['P\n2024\n', '2024\nC2528\n', 'C\nC CC\nP\n240\n']",modelv1.0__2026-05-17 06:45:08
D:/moth_photos/database\batch_05\img_moth_00009812.jpg,"[4000, 6000]",37.31372549019608,"['', 'Photographed by\nAFletcher\n2024\n', '2024\nDCR2515\n']","['', '2024\n', '2024\nDCR2515\n']","['', 'P\n2024\n', '2024\nC2515\n']",modelv1.0__2026-05-17 06:45:08
D:/moth_photos/database\batch_05\img_moth_00009813.jpg,"[4000, 6000]",37.7,"['SanteeCoastalReserve\nCharlestonCoSC\nEFLoPresti\n', 'Photographedby\nAFletcher\n2024\n', '2024\nDCR2516\n']","['CR\nCCC\n', '2024\n', '2024\nDCR2516\n']","['CP\nCCC\nP\n', 'P\n2024\n', '2024\nC2516\n']",modelv1.0__2026-05-17 06:45:08
D:/moth_photos/database\batch_05\img_moth_00009814.jpg,"[4000, 6000]",37.21568627450981,"['Photographed by\nAFletcher\n2024\n', 'SanteeCoastalReserve\nCharlestonCoSC\nj E F WoPrest\n', '2024\nDCR2530\n']","['2024\n', 'CR\nCC0C\n0R\n', '2024\nDCR2530\n']","['P\n2024\n', 'C\nCC0C\nW0P\n', '2024\nC2530\n']",modelv1.0__2026-05-17 06:45:08
D:/moth_photos/database\batch_05\img_moth_00009815.jpg,"[4000, 6000]",37.294117647058826,"['Photographed by\nAFletcher\n2024\n', 'SanteeCoastaiReserve\nCharlestonCoSC\n\nEFLoPresti\n\nifAyiSerubOak\n', '2024\nDCR2517\n']","['2024\n', 'CR\nCC0C\nC\n', '2024\nDCR2517\n']","['P\n2024\n', 'C\nCC0C\n\nP\n\nC\n', '2024\nPC2517\n']",modelv1.0__2026-05-17 06:45:08
D:/moth_photos/database\batch_05\img_moth_00009816.jpg,"[4000, 6000]",37.86,"['SanteeCoastalReserve\nCharlestonCoSC\n\nEFLoPresti\n\naY2s7SerubOak\n', '2024\nDCR2522\n', 'Photographed by\nAFletcher\n2024\n']","['CR\nCCC\n270\n', '2024\nDCR2522\n', '2024\n']","['C\nCCC\n\nP\n\n270\n', '2024\nC2522\n', 'P\n2024\n']",modelv1.0__2026-05-17 06:45:08
D:/moth_photos/database\batch_05\img_moth_00009817.jpg,"[4000, 6000]",37.35294117647059,"['Photographedby\nAFletcher\n2024\n', 'SanteeCoastaiReserve\nChartestonCoSC\nEFLoPresti\n7SreaouSerubOak\n', 'a\n\nDCR2538\n\n']","['2024\n', 'CR\nCCC\n70\n', 'DCR2538\n\n']","['P\n2024\n', 'C\nCCC\nP\n70\n', 'C2538\n\n']",modelv1.0__2026-05-17 06:45:08
D:/moth_photos/database\batch_05\img_moth_00009818.jpg,"[4000, 6000]",37.82,"['Photographedby\nAFletcher\n2024\n', 'SanteeCoastalReserve\nChariestonCoSC\nEFLoPresti\nA4ac3tScrubOak\n\n', '2024\nDCR2536\n']","['2024\n', 'CR\nCC0C\n430\n\n', '2024\nDCR2536\n']","['P\n2024\n', 'C\nCC0C\nP\n430\n\n', '2024\nC2536\n']",modelv1.0__2026-05-17 06:45:08
D:/moth_photos/database\batch_05\img_moth_00009819.jpg,"[4000, 6000]",37.15686274509804,"['SanteeCoastalReserve\nChariestonCoSC\nEF LoPresti\nte7SorubOak\n', 'Photographedby\nAFletcher\n2024\n', '2024\nDCR2537\n']","['CR\nCCC\n7C\n', '2024\n', '2024\nDCR2537\n']","['CP\nCCC\nP\n7C\n', 'P\n2024\n', '2024\nC2537\n']",modelv1.0__2026-05-17 06:45:08
D:/moth_photos/database\batch_05\img_moth_00009820.jpg,"[4000, 6000]",37.86,"['SanteeCoastalReserve\nCharlestonCoSC\n\nEFCoPresti\n\nmPy4ScrubOak\n', 'Photographedby\nAFletcher\n2024\n', '2024\nDCR2539\n\n']","['CR\nCC0C\n\nC\n\n4C\n', '2024\n', '2024\nDCR2539\n\n']","['CP\nCC0C\n\nCP\n\nP4C\n', 'P\n2024\n', '2024\nC2539\n\n']",modelv1.0__2026-05-17 06:45:08
D:/moth_photos/database\batch_05\img_moth_00009821.jpg,"[4000, 6000]",37.333333333333336,"['SanteeCoastaiReserve\nCharlestenCoSC\nEFLoPresti\niwa47fScrubOak\n', 'Photographed by\nAFletcher\n2024\n', '2024\nDCR2535\n']","['CR\nCC0C\n47C\n', '2024\n', '2024\nDCR2535\n']","['C\nCC0C\nP\n47C\n', 'P\n2024\n', '2024\nC2535\n']",modelv1.0__2026-05-17 06:45:08
D:/moth_photos/database\batch_05\img_moth_00009822.jpg,"[4000, 6000]",37.64,"['SanteeCoastalReserve\nCharlestonCoSC\nEFLoPresti\nra f3Incidental\n', '2024\nDCR2541\n', 'Photographedby\nAFletcher\n2024\n']","['CR\nCCC\n3\n', '2024\nDCR2541\n', '2024\n']","['C\nCCC\nP\n3\n', '2024\nC2541\n', 'P\n2024\n']",modelv1.0__2026-05-17 06:45:08
D:/moth_photos/database\batch_05\img_moth_00009823.jpg,"[4000, 6000]",37.74,"['Photographedby\nAFletcher\n2024\n', 'santeeCoastalReserve\nCharlegtonCoSC\nEFLoPresti\nfg 2Incidental\n', '2024\nDCR2540\n']","['2024\n', 'CR\nCCC\n2\n', '2024\nDCR2540\n']","['P\n2024\n', 'CP\nCCC\nP\n2\n', '2024\nC2540\n']",modelv1.0__2026-05-17 06:45:08
D:/moth_photos/database\batch_05\img_moth_00009824.jpg,"[4000, 6000]",37.74,"['Photographedby\nAFletcher\n2024\n', '', '2024\nDCR2544\n']","['2024\n', '', '2024\nDCR2544\n']","['P\n2024\n', '', '2024\nPC2544\n']",modelv1.0__2026-05-17 06:45:08
D:/moth_photos/database\batch_05\img_moth_00009825.jpg,"[4000, 6000]",37.82,"['Photographedby\nAFletcher\n2024\n', 'Ss\n\n37s\n\ns\nmS\n\ntalReserve\n\nnCoSC\n\nPrest\na LiveOak\n\n', '2024\nDCR2545\n']","['2024\n', '37\n\nR\n\nC0C\n\n02\n\n', '2024\nDCR2545\n']","['P\n2024\n', '37\n\nC0C\n\nP\n02\n\n', '2024\nC2545\n']",modelv1.0__2026-05-17 06:45:08
D:/moth_photos/database\batch_05\img_moth_00009826.jpg,"[4000, 6000]",37.15686274509804,"['2024\nDCR2546\n', 'Photographedby\nAFletcher\n2024\n', 'SarteeCoastalReserve\nCharlestenCoSC\n3 EF LoPresti\n']","['2024\nDCR2546\n', '2024\n', 'CR\nCC0C\n3\n']","['2024\nPC2546\n', 'P\n2024\n', 'C\nCC0C\n3 P\n']",modelv1.0__2026-05-17 06:45:08
D:/moth_photos/database\batch_05\img_moth_00009827.jpg,"[4000, 6000]",37.779999999999994,"['2024\nDCR2547\n', 'Photographedby\nAFletcher\n2024\n', 'ssSsOCOri\n\nSanteeCoastalReseive\nChastestenCoSC\n\nFLoPrest\nih sLiveOak\n']","['2024\nDCR2547\n', '2024\n', 'C\nCR\nCCC\n\nR 0\n']","['2024\nPC2547\n', 'P\n2024\n', 'C\nC\nCCC\n\nP\n0\n']",modelv1.0__2026-05-17 06:45:08
D:/moth_photos/database\batch_05\img_moth_00009828.jpg,"[4000, 6000]",37.68,"['Photographedby\nAFletcher\n2024\n', '2024\nDCR2543\n', '']","['2024\n', '2024\nDCR2543\n', '']","['P\n2024\n', '2024\nC2543\n', '']",modelv1.0__2026-05-17 06:45:08
D:/moth_photos/database\batch_05\img_moth_00009829.jpg,"[4000, 6000]",37.15686274509804,"['Photographedby\nAFletcher\n2024\n', '2024\nDCR2542\n', 'oarmeeCoasiaNeseaive\nCharestonCoSC\n\n39 EFLbPresti\nFPCualLiveOak\n']","['2024\n', '2024\nDCR2542\n', 'C\nCCC\n\n39\nCC\n']","['P\n2024\n', '2024\nPC2542\n', 'C\nCCC\n\n39 WP\nPCC\n']",modelv1.0__2026-05-17 06:45:08
D:/moth_photos/database\batch_05\img_moth_00009830.jpg,"[4000, 6000]",37.86,"['Photographedby\nAFletcher\n2024\n', '2024\nDCR2550\n', 'SanteeCoastalReserve\nCharlegtonCoSC\nEF LoPresti\nd Mazyck\n\nOs\n']","['2024\n', '2024\nDCR2550\n', 'CR\nCCC\n']","['P\n2024\n', '2024\nC2550\n', 'C\nCCC\nP\n']",modelv1.0__2026-05-17 06:45:08
D:/moth_photos/database\batch_05\img_moth_00009831.jpg,"[4000, 6000]",37.82,"['Photographedby\nAFletcher\n2024\n', '2024\nDCR2551\n', 'SanteeCoastalReserve\nCharlestonCoSC\nEFLoPresti\n\nc Ap yeMazyck\n']","['2024\n', '2024\nDCR2551\n', 'CR\nCCC\n\nR\n']","['P\n2024\n', '2024\nC2551\n', 'C\nCCC\nP\n']",modelv1.0__2026-05-17 06:45:08
D:/moth_photos/database\batch_05\img_moth_00009832.jpg,"[4000, 6000]",37.82,"['SanteeCoastalReserve\nCharlestonCoSC\n3 EPLoPresti\nY\nVy iv Mazyck\n', 'Photographedby\nAFletcher\n2024\n', '2024\nDCR2558\n']","['CR\nCC0C\n3\n3 1\n', '2024\n', '2024\nDCR2558\n']","['C\nCC0C\n3 PP\n3 1\n', 'P\n2024\n', '2024\nC2558\n']",modelv1.0__2026-05-17 06:45:08
D:/moth_photos/database\batch_05\img_moth_00009833.jpg,"[4000, 6000]",37.74,"['Photographedby\nAFletcher\n2024\n', 'SanteeCoastal Reserve\nCharlestonCoSC\n\nEfLoPresti\n30 PRAYMazyck\n', '2024\nDCR2554\n']","['2024\n', 'C R\nCCC\n\n30 R\n', '2024\nDCR2554\n']","['P\n2024\n', 'C\nCCC\n\nP\n30 P\n', '2024\nC2554\n']",modelv1.0__2026-05-17 06:45:08
D:/moth_photos/database\batch_05\img_moth_00009834.jpg,"[4000, 6000]",37.660000000000004,"['Photographed by\nAFletcher\n2024\n', '2024\nDCR2555\n', 'SanteeCoastalReserve\nCharlestonCoSC\n\nEFLoPresti\nSIarh 2224Mazyck\n']","['2024\n', '2024\nDCR2555\n', 'CR\nCCC\n\n39 2224\n']","['P\n2024\n', '2024\nC2555\n', 'C\nCCC\n\nPP\n39 2224\n']",modelv1.0__2026-05-17 06:45:08
D:/moth_photos/database\batch_05\img_moth_00009835.jpg,"[4000, 6000]",37.8,"['SanteeCoastalReserve\nCharlestonCoSC\n\nEFLoPresti\nPOpe CA z 1fMazyck\n', 'Photographedby\nAFletcher\n2024\n', '2024\n\nDCR2552\n']","['CR\nCCC\n\nR\nD C 1\n', '2024\n', '2024\n\nDCR2552\n']","['C\nCCC\n\nP\nP C 1\n', 'P\n2024\n', '2024\n\nC2552\n']",modelv1.0__2026-05-17 06:45:08
D:/moth_photos/database\batch_05\img_moth_00009836.jpg,"[4000, 6000]",37.54,"['2024\nDCR2556\n', 'Photographedby\nAFletcher\n2024\n', 'SanteeCoastal Reserve\nCharlestonCoSC\n\nEFLoPresti\n30 FFRUY Mazyck\n']","['2024\nDCR2556\n', '2024\n', 'C R\nCCC\n\nR\n30 R\n']","['2024\nPC2556\n', 'P\n2024\n', 'C\nCCC\n\nP\n30 P\n']",modelv1.0__2026-05-17 06:45:08
D:/moth_photos/database\batch_05\img_moth_00009837.jpg,"[4000, 6000]",37.559999999999995,"['Photographed by\nAFletcher\n2024\n', 'SanteeCoastalReserve\nCharlestonCoSC\n29 EFLoPresti\n\nCpa ey Mazyck\n', '2024\nDCR2553\n']","['2024\n', 'CR\nCCC\n29\n\nC 2\n', '2024\nDCR2553\n']","['P\n2024\n', 'C\nCCC\n29 P\n\nC 2\n', '2024\nC2553\n']",modelv1.0__2026-05-17 06:45:08
D:/moth_photos/database\batch_05\img_moth_00009838.jpg,"[4000, 6000]",37.68,"['Photographed by\nAFletcher\n2024\n', 'SanteeCoastalReserve\nCharlestonCoSC\n\n20 FLePresti\nblfF4Mazyck\n', '2024\nDCR2549\n']","['2024\n', 'CR\nCCC\n\n20\n94\n', '2024\nDCR2549\n']","['P\n2024\n', 'C\nCCC\n\n20 P\n94\n', '2024\nPC2549\n']",modelv1.0__2026-05-17 06:45:08
D:/moth_photos/database\batch_05\img_moth_00009839.jpg,"[4000, 6000]",37.580000000000005,"['i\n\nPhotographedby\nAFletcher\n2024\n', '2024\nDCR2557\n\n', 'SanteeCoastalReserve\nCharlestonCoSC\nEFLoPresti\n\noTapi2pmazyck\n']","['2024\n', '2024\nDCR2557\n\n', 'CR\nCCC\n\n2D2\n']","['P\n2024\n', '2024\nC2557\n\n', 'C\nCCC\nP\n\n22\n']",modelv1.0__2026-05-17 06:45:08
D:/moth_photos/database\batch_05\img_moth_00009840.jpg,"[4000, 6000]",37.559999999999995,"['2024\nDCR2548\n', 'Photographedby\nAFletcher\n2024\n', 'SanteeCoastalReserve\ncharestors CoSC\n\nEFLoPresti\nSOnon 124Mazyck\n']","['2024\nDCR2548\n', '2024\n', 'CR\nCC\n\n124\n']","['2024\nC2548\n', 'P\n2024\n', 'C\nCC\n\nP\n124\n']",modelv1.0__2026-05-17 06:45:08
D:/moth_photos/database\batch_05\img_moth_00009841.jpg,"[4000, 6000]",37.8,"['SanteeCoastalReserve\nCharlestonCoSC\nEFeLoPresti\n\nmAt LiveOak\n', 'Photographedby\nAFletcher\n2024\n', '2024\nDCR2568\n']","['CR\nCCC\n0\n', '2024\n', '2024\nDCR2568\n']","['C\nCCC\nP\n\n0\n', 'P\n2024\n', '2024\nPC2568\n']",modelv1.0__2026-05-17 06:45:08
D:/moth_photos/database\batch_05\img_moth_00009842.jpg,"[4000, 6000]",37.1764705882353,"['Photographedby\nAFletcher\n2024\n', 'SanteeCoastalReserve\n\nCharlestgnCoSC\n\nFLoPresti\nMi97YLiveOak\n\nwes\n', '2024\nDCR2563\n']","['2024\n', 'CR\nCCC\n97C\n', '2024\nDCR2563\n']","['P\n2024\n', 'C\n\nCCC\n\nP\n97C\n', '2024\nC2563\n']",modelv1.0__2026-05-17 06:45:08
D:/moth_photos/database\batch_05\img_moth_00009843.jpg,"[4000, 6000]",37.42,"['Photographedby\nAFletcher\n2024\n', '2024\nDCR2561\n\nNe\n', 'ee\nSanteeCoastal Reserve\nCharlestonCoSC\nEFUoPresti\nLiveOak\n']","['2024\n', '2024\nDCR2561\n\nR\n', 'C R\nCCC\nC\n']","['P\n2024\n', '2024\nC2561\n', 'C\nCCC\nP\n\nC\n']",modelv1.0__2026-05-17 06:45:08
D:/moth_photos/database\batch_05\img_moth_00009844.jpg,"[4000, 6000]",37.11764705882353,"['Photographedby\nAFletcher\n2024\n', '2024\nDCR2561\n', 'ee\nSanteeCoastal Reserve\nCharlestonCoSC\nEFUUoPrest\neLiveOak\n']","['2024\n', '2024\nDCR2561\n', 'C R\nCC0C\n']","['P\n2024\n', '2024\nC2561\n', 'C\nCC0C\nP\n']",modelv1.0__2026-05-17 06:45:08
D:/moth_photos/database\batch_05\img_moth_00009845.jpg,"[4000, 6000]",37.559999999999995,"['Photographed by\nAFletcher\n2024\n', '2024\nDCR2565\n', 'SanteeCoastalReserve\nCharlestonCoSC\n\nEFtoPresti\nCraft Live Oak\n']","['2024\n', '2024\nDCR2565\n', 'CR\nCCC\n\n0\nC7\n']","['P\n2024\n', '2024\nC2565\n', 'CP\nCCC\n\nP0P\nC7\n']",modelv1.0__2026-05-17 06:45:08
D:/moth_photos/database\batch_05\img_moth_00009846.jpg,"[4000, 6000]",37.6,"['Photographedby\nAFletcher\n2024\n', 'SanteeCoastalReserve\nCharlestonCoSC\n\nEFLoPresti\n\n3yLiveOak\n', '2024\nDCR2564\n']","['2024\n', 'CR\nCCC\n30\n', '2024\nDCR2564\n']","['P\n2024\n', 'CP\nCCC\n\nP\n\n30\n', '2024\nPC2564\n']",modelv1.0__2026-05-17 06:45:08
D:/moth_photos/database\batch_05\img_moth_00009847.jpg,"[4000, 6000]",37.779999999999994,"['SanteeCoastalReserve\nCharlestanCoSC\n\nZ EFLoPresti\nPAY14LiveOak\n', 'Photographedby\nAFletcher\n2024\n', '2024\nDCR2566\n']","['CR\nCCC\n\n2\nC14C\n', '2024\n', '2024\nDCR2566\n']","['C\nCCC\n\n2 P\nP14C\n', 'P\n2024\n', '2024\nC2566\n']",modelv1.0__2026-05-17 06:45:08
D:/moth_photos/database\batch_05\img_moth_00009848.jpg,"[4000, 6000]",37.21568627450981,"['SanteeCoastalReserve\nCharlestonCoSC\nEFLoPresti\n\nAy73LiveOak\n', 'Photographedby\nAFletcher\n2024\n', '2024\n\nDCR2570\n']","['CR\nCCC\n73\n', '2024\n', '2024\n\nDCR2570\n']","['C\nCCC\nP\n\n73\n', 'P\n2024\n', '2024\n\nC2570\n']",modelv1.0__2026-05-17 06:45:08
D:/moth_photos/database\batch_05\img_moth_00009849.jpg,"[4000, 6000]",37.88,"['SanteeCoastalReserve\nCharlestonCoSC\nEFLoPresti\n\ng RYLYLiveOak\n', '2024\nDCR2567\n', 'Photographedby\nAFletcher\n2024\n']","['CR\nCCC\n0\n\nR4C\n', '2024\nDCR2567\n', '2024\n']","['C\nCCC\n0P\n\n4C\n', '2024\nPC2567\n', 'P\n2024\n']",modelv1.0__2026-05-17 06:45:08
D:/moth_photos/database\batch_05\img_moth_00009850.jpg,"[4000, 6000]",37.1764705882353,"['Photographedby\nAFletcher\n2024\n', '2024\nDCR2569\n', 'Lr\nSanteeCoastalReserve\nCharlestonCoSC\nE Fo LoPrest\nwoes vLiveOak\n\n']","['2024\n', '2024\nDCR2569\n', 'CR\nCC0C\n0\n\n']","['P\n2024\n', '2024\nC2569\n', 'C\nCC0C\nP P\n\n0\n\n']",modelv1.0__2026-05-17 06:45:08
D:/moth_photos/database\batch_05\img_moth_00009851.jpg,"[4000, 6000]",37.660000000000004,"['Photographed by\nAFletcher\n2024\n', '2024\nDCR2560\n', 'SanteeCoastalReserve\nCharlestonCoSC\n\nF EF LoPresti\n\n7iWey24PLiveOak\n']","['2024\n', '2024\nDCR2560\n', 'CR\nCC0C\n7241\n']","['P\n2024\n', '2024\nPC2560\n', 'C\nCC0C\n\nP\n\n7W24P\n']",modelv1.0__2026-05-17 06:45:08
D:/moth_photos/database\batch_05\img_moth_00009852.jpg,"[4000, 6000]",37.6,"['Photographedby\nAFletcher\n2024\n', '2024\nDCR2559\n', 'SanteeCoastal Reserve\nCharlestonCoSC\nia EFLoPresti\nwreLive Oak\n']","['2024\n', '2024\nDCR2559\n', 'CC\nC R\nCCC\n']","['P\n2024\n', '2024\nC2559\n', 'CC\nC\nCCC\nP\nW\n']",modelv1.0__2026-05-17 06:45:08
D:/moth_photos/database\batch_05\img_moth_00009853.jpg,"[4000, 6000]",37.660000000000004,"['Photographedby\nAFletcher\n2024\n', 'SanteeCoastalReserve\nCharlegtonCoSC\nEFLoPresti\n\nLiveOak\n', '2024\nDCR2562\n']","['2024\n', 'CR\nCCC\n0\n', '2024\nDCR2562\n']","['P\n2024\n', 'C\nCCC\nP\n\n0\n', '2024\nC2562\n']",modelv1.0__2026-05-17 06:45:08
D:/moth_photos/database\batch_05\img_moth_00009854.jpg,"[4000, 6000]",37.86,"['a\n\nPhotographedby\nAFletcher\n2024\n', '2024\nDCR2575\n', 'SanteeCoastalReserve\nCharlestonCoSC\nEFLoPresti\ncw Colfins Creek\n']","['2024\n', '2024\nDCR2575\n', 'CR\nCC0C\nC C\n']","['P\n2024\n', '2024\nC2575\n', 'C\nCC0C\nPP\nC C\n']",modelv1.0__2026-05-17 06:45:08
D:/moth_photos/database\batch_05\img_moth_00009855.jpg,"[4000, 6000]",37.235294117647065,"['Photographed by\nAFletcher\n2024\n', '2024\nDCR2574\n', 'ee\nSanteeCoastalReserve\nCharlestonCoSC\nEFloPresti\nwF CollinsCreek\n']","['2024\n', '2024\nDCR2574\n', 'CR\nCC0C\nC\nCC\n']","['P\n2024\n', '2024\nPC2574\n', 'CP\nCC0C\nCP\nCC\n']",modelv1.0__2026-05-17 06:45:08
D:/moth_photos/database\batch_05\img_moth_00009856.jpg,"[4000, 6000]",37.74,"['2024\nDCR2571\n', 'Photographed by\nAFletcher\n2024\n', 'SanteeCoastalReserve\nChartestonCoSC\nEFLoPresti\ninns ig CollinsCreek\n']","['2024\nDCR2571\n', '2024\n', 'CR\nCCC\n4 CC\n']","['2024\nC2571\n', 'P\n2024\n', 'CP\nCCC\nP\n4 CC\n']",modelv1.0__2026-05-17 06:45:08
D:/moth_photos/database\batch_05\img_moth_00009857.jpg,"[4000, 6000]",37.1764705882353,"['Photographedby\nAFletcher\n2024\n', 'SanteeCoastalReserve\nCharlestonCoSC\nEFLoPresti\n29CollinsCreek\n', '2024\nDCR2573\n']","['2024\n', 'CR\nCC0C\n29CC\n', '2024\nDCR2573\n']","['P\n2024\n', 'CP\nCC0C\nP\n29CC\n', '2024\nC2573\n']",modelv1.0__2026-05-17 06:45:08
D:/moth_photos/database\batch_05\img_moth_00009858.jpg,"[4000, 6000]",37.82,"['Photographedby\nAFletcher\n2024\n', 'SarteeCoastalReserve\nCharlestonCoSC\nEFLoPresti\nCmpy 7CollinsCreek\n', '2024\nDCR2581\n\n']","['2024\n', 'CR\nCC0C\nC 7CC\n', '2024\nDCR2581\n\n']","['P\n2024\n', 'C\nCC0C\nP\nC 7CC\n', '2024\nC2581\n\n']",modelv1.0__2026-05-17 06:45:08
D:/moth_photos/database\batch_05\img_moth_00009859.jpg,"[4000, 6000]",37.839999999999996,"['Photographedby\nAFletcher\n2024\n', '2024\nDCR2582\n', 'SanteeCoastalReserve\nCharlestonCoSC\n\nEFLoPresti\n\nAyCollinsCreek\n']","['2024\n', '2024\nDCR2582\n', 'CR\nCCC\n\nR\n\nCC\n']","['P\n2024\n', '2024\nC2582\n', 'C\nCCC\n\nP\n\nCC\n']",modelv1.0__2026-05-17 06:45:08
D:/moth_photos/database\batch_05\img_moth_00009860.jpg,"[4000, 6000]",37.13725490196079,"['SanteeCoastalReserve\nCharlestonCoSC\nEFLoPresti\n2rmemtCollinsCree\n', 'Photographedby\nAFletcher\n2024\n', '2024\nDCR2572\n']","['CR\nCC0C\n2CC\n', '2024\n', '2024\nDCR2572\n']","['C\nCC0C\nP\n2CC\n', 'P\n2024\n', '2024\nC2572\n']",modelv1.0__2026-05-17 06:45:08
D:/moth_photos/database\batch_05\img_moth_00009861.jpg,"[4000, 6000]",37.8,"['Photographed by\nAFletcher\n2024\n', 'SanteeCoastalReserve\nChariestonCoSC\nFL6Presti\nePry79CollinsCreek\n', '2024\nDCR2583\n']","['D\n2024\n', 'CR\nCCC\n6\n79CC\n', '2024\nDCR2583\n']","['P\n2024\n', 'C\nCCC\n6P\nP79CC\n', '2024\nC2583\n']",modelv1.0__2026-05-17 06:45:08
D:/moth_photos/database\batch_05\img_moth_00009862.jpg,"[4000, 6000]",37.15686274509804,"['SanteeCoastalReserve\nCharlestonCoSC\nwm EFLoPresti\nifCollinsCreek\n', 'Photographedby\nAFletcher\n2024\n', '2024\nDCR2577\n']","['CR\nCC0C\nCC\n', '2024\n', '2024\nDCR2577\n']","['C\nCC0C\nP\nCC\n', 'P\n2024\n', '2024\nC2577\n']",modelv1.0__2026-05-17 06:45:08
D:/moth_photos/database\batch_05\img_moth_00009863.jpg,"[4000, 6000]",37.660000000000004,"['Photographedby\nAFletcher\n2024\n', 'SanteeCoastalReserve\nCharlestonCoSC\nEFLoPresti\nfe2CollinsCreet\n', '2024\nDCR2580\n']","['2024\n', 'CR\nCCC\n2CC\n', '2024\nDCR2580\n']","['P\n2024\n', 'C\nCCC\nPP\n2CC\n', '2024\nPC2580\n']",modelv1.0__2026-05-17 06:45:08
D:/moth_photos/database\batch_05\img_moth_00009864.jpg,"[4000, 6000]",37.13725490196079,"['Photographed by\nAFletcher\n2024\n', '2024\nDCR2576\n', 'SanteeCoastalReserve\nCharlestonCoSC\nEFLoPresti\nprk7CollinsCrees\n']","['2024\n', '2024\nDCR2576\n', 'CR\nCCC\n7CC\n']","['P\n2024\n', '2024\nC2576\n', 'C\nCCC\nP\nP7CC\n']",modelv1.0__2026-05-17 06:45:08
D:/moth_photos/database\batch_05\img_moth_00009865.jpg,"[4000, 6000]",37.839999999999996,"['Photographed by\nAFletcher\n2024\n', '2024\nDCR2579\n', 'SanteeCoastalReserve\nCharlestonCoSC\nEFboPresti\n4CollinsCreek\n']","['2024\n', '2024\nDCR2579\n', 'CR\nCCC\nC\n4CC\n']","['P\n2024\n', '2024\nPC2579\n', 'C\nCCC\nCP\n4CC\n']",modelv1.0__2026-05-17 06:45:08
D:/moth_photos/database\batch_05\img_moth_00009866.jpg,"[4000, 6000]",37.71999999999999,"['Photographedby\nAFletcher\n2024\n', 'SanteeCoastalReserve\nChariestonCoSC\na EFLePresti\nemh3CollinsCreek\n', '2024\nDCR2578\n\n']","['2024\n', 'CR\nCCC\n3CC\n', '2024\nDCR2578\n\n']","['P\n2024\n', 'C\nCCC\nP\nP3CC\n', '2024\nC2578\n\n']",modelv1.0__2026-05-17 06:45:08
D:/moth_photos/database\batch_05\img_moth_00009867.jpg,"[4000, 6000]",37.74,"['SanteeCoastalReserve\nCharlestonCo Sc\nry EFLoPresti\ncmCollinsCreet\n', 'Photographedby\nAFletcher\n2024\n', '2024\nDCR2584\n']","['CR\nCC C\nCC\n', '2024\n', '2024\nDCR2584\n']","['C\nCC C\nP\nCC\n', 'P\n2024\n', '2024\nC2584\n']",modelv1.0__2026-05-17 06:45:08
D:/moth_photos/database\batch_05\img_moth_00009868.jpg,"[4000, 6000]",37.779999999999994,"['es\n\nPhotographed by\nAFletcher\n2024\n', '2024\nDCR2595\n', 'SanteeCoastalReserve\nCharlestonCoSC\nav AFletcher\n\nL iAN24Cypress\n']","['2024\n', '2024\nDCR2595\n', 'CR\nCCC\n4\n24C\n']","['P\n2024\n', '2024\nC2595\n', 'C\nCCC\n4\n24C\n']",modelv1.0__2026-05-17 06:45:08
D:/moth_photos/database\batch_05\img_moth_00009869.jpg,"[4000, 6000]",37.559999999999995,"['EE\n\nPhotographedby\nAFletcher\n2024\n', 'SanteeCoastalReserve\nCharlestonCoSC\nAFletcher\n\nIMAY2yCypress\n', '2024\nDCR2588\n']","['2024\n', 'CR\nCCC\n24C\n', '2024\nDCR2588\n']","['P\n2024\n', 'C\nCCC\n24C\n', '2024\nPC2588\n']",modelv1.0__2026-05-17 06:45:08
D:/moth_photos/database\batch_05\img_moth_00009870.jpg,"[4000, 6000]",37.6,"['Photographedby\nAFletcher\n2024\n', '2024\nDCR2589\n', 'ee\nSanteeCoastalReserve\nCharlestonCoSC\nAFletcher\nCypress\n']","['2024\n', '2024\nDCR2589\n', 'CR\nCC0C\nC\n']","['P\n2024\n', '2024\nC2589\n', 'C\nCC0C\nC\n']",modelv1.0__2026-05-17 06:45:08
D:/moth_photos/database\batch_05\img_moth_00009871.jpg,"[4000, 6000]",37.6,"['OO\n\nPhotographedby\nAFletcher\n2024\n', '2024\nDCR2587\n', 'ba\nSanteeCoastalReserve\nCharlestonCoSC\na AFletcher\n1Cypress\n']","['2024\n', '2024\nDCR2587\n', 'CR\nCCC\n1C\n']","['P\n2024\n', '2024\nC2587\n', 'C\nCCC\n1C\n']",modelv1.0__2026-05-17 06:45:08
D:/moth_photos/database\batch_05\img_moth_00009872.jpg,"[4000, 6000]",37.760000000000005,"['Photographedby\n\nAFletcher\n2024\n', 'SanteeCoastalReserve\nCharlestonCoSC\n\nAFletcher\n\nWAM2uCypress\n', '2024\nDCR2593\n']","['2024\n', 'CR\nCCC\nC2C\n', '2024\nDCR2593\n']","['P\n\n2024\n', 'C\nCCC\nW2C\n', '2024\nC2593\n']",modelv1.0__2026-05-17 06:45:08
D:/moth_photos/database\batch_05\img_moth_00009873.jpg,"[4000, 6000]",37.839999999999996,"['a\n\nPhotographedby\nAFletcher\n2024\n', 'SanteeCoastalReserve\nCharlestonCoSC\nAFletcher\n\nde 4 4Cypress\n\n2\n', '2024\nDCR2590\n']","['2024\n', 'CR\nCC0C\n4 4C\n\n2\n', '2024\nDCR2590\n']","['P\n2024\n', 'CP\nCC0C\n4 4C\n\n2\n', '2024\nC2590\n']",modelv1.0__2026-05-17 06:45:08
D:/moth_photos/database\batch_05\img_moth_00009874.jpg,"[4000, 6000]",37.839999999999996,"['SanteeCoastalReserve\nCharlestonCoSC\n\nIMAYY A eeypress\n', 'Photographedby\nAFletcher\n2024\n', '2024\nDCR2592\n']","['CR\nCCC\n', '2024\n', '2024\nDCR2592\n']","['C\nCCC\n\nW\n', 'P\n2024\n', '2024\nC2592\n']",modelv1.0__2026-05-17 06:45:08
D:/moth_photos/database\batch_05\img_moth_00009875.jpg,"[4000, 6000]",37.82,"['Photographed by\nAFletcher\n2024\n', 'SanteeCoastalReserve\nCharlestonCoSC\nAFletcher\n\nKiAwyCypress\n', '2024\nDCR2591\n\n']","['2024\n', 'CR\nCCC\nR9C\n', '2024\nDCR2591\n\n']","['P\n2024\n', 'C\nCCC\n9C\n', '2024\nC2591\n\n']",modelv1.0__2026-05-17 06:45:08
D:/moth_photos/database\batch_05\img_moth_00009876.jpg,"[4000, 6000]",37.13725490196079,"['2024\nDCR2585\n', 'SanteeCoastalReserve\nCharlestonCoSC\n\nAFletcher\n\niM 424 Cypress\n', 'Photographedby\nAFletcher\n2024\n']","['2024\nDCR2585\n', 'CR\nCC0C\n424 C\n', '2024\n']","['2024\nPC2585\n', 'C\nCC0C\n424 C\n', 'P\n2024\n']",modelv1.0__2026-05-17 06:45:08
D:/moth_photos/database\batch_05\img_moth_00009877.jpg,"[4000, 6000]",37.82,"['2024\nDCR2597\n', 'Photographedby\nAFletcher\n2024\n', 'SanteeCoastalReserve\nCharlestonCoSC\nAFletther\n\nLMAY244Cypress\n']","['2024\nDCR2597\n', '2024\n', 'CR\nCC0C\n\n244C\n']","['2024\nPC2597\n', 'P\n2024\n', 'C\nCC0C\n\n244C\n']",modelv1.0__2026-05-17 06:45:08
D:/moth_photos/database\batch_05\img_moth_00009878.jpg,"[4000, 6000]",37.62,"['vanteeCoastalReserve\nCharlestonCoSC\nAFletcher\n\nMAN4yCypress\n', 'Photographedby\n\nAFletcher\n2024\n', '2024\nDCR2598\n']","['CR\nCCC\n\n4C\n', '2024\n', '2024\nDCR2598\n']","['C\nCCC\n\n4C\n', 'P\n\n2024\n', '2024\nC2598\n']",modelv1.0__2026-05-17 06:45:08
D:/moth_photos/database\batch_05\img_moth_00009879.jpg,"[4000, 6000]",37.82,"['Photographedby\nAFletcher\n2024\n', 'Santee CoastalReserve\nCharlestonCoSC\n\nbare AFletcher\n\nH jCypress\n', '2024\nDCR2586\n']","['2024\n', 'CR\nCCC\n7C\n', '2024\nDCR2586\n']","['P\n2024\n', 'C\nCCC\n7C\n', '2024\nPC2586\n']",modelv1.0__2026-05-17 06:45:08
D:/moth_photos/database\batch_05\img_moth_00009880.jpg,"[4000, 6000]",37.19607843137255,"['e\n\nvanteeCoastalReserve\nCharlestonCoSC\nAFletcher\nxCypress\n', '2024\nDCR2594\n', 'oO\n\nPhotographedby\nAFletcher\n2024\n']","['CR\nCCC\nC\n', '2024\nDCR2594\n', '2024\n']","['CP\nCCC\nC\n', '2024\nC2594\n', 'P\n2024\n']",modelv1.0__2026-05-17 06:45:08
D:/moth_photos/database\batch_05\img_moth_00009881.jpg,"[4000, 6000]",37.21568627450981,"['SanteeCoastalReserve\nCharlestonCoSC\nAFletcher\n\nRAY3 t4Cypress\n', 'Photographedby\nAFletcher\n2024\n', '2024\nDCR2596\n']","['CR\nCCC\nR3 4C\n', '2024\n', '2024\nDCR2596\n']","['C\nCCC\n3 4C\n', 'P\n2024\n', '2024\nC2596\n']",modelv1.0__2026-05-17 06:45:08
D:/moth_photos/database\batch_05\img_moth_00009882.jpg,"[4000, 6000]",37.235294117647065,"['Photographedby\nAFletcher\n2024\n', '2024\nDCR2602\n', 'SanteeCoastalReserve\nCharlestonCoSC\nAFletcher\n\nwo ay 2 Cypress\n']","['2024\n', '2024\nDCR2602\n', 'CR\nCCC\n\n4 2 C\n']","['P\n2024\n', '2024\nPC2602\n', 'CP\nCCC\n\nW 4 2 CP\n']",modelv1.0__2026-05-17 06:45:08
D:/moth_photos/database\batch_05\img_moth_00009883.jpg,"[4000, 6000]",37.71999999999999,"['Photographedby\nAFletcher\n2024\n', '2024\nDCR2600\n', 'ee\nSameeCoastalReserve\nChartestonCoSC\nAFletcher\ne 4Cypress\n\n']","['2024\n', '2024\nDCR2600\n', 'CR\nCCC\n4C\n\n']","['P\n2024\n', '2024\nC2600\n', 'CP\nCCC\n4C\n\n']",modelv1.0__2026-05-17 06:45:08
D:/moth_photos/database\batch_05\img_moth_00009884.jpg,"[4000, 6000]",37.294117647058826,"['Photographedby\nAFletcher\n2024\n', 'SanteeCoastalReserve\nCharlestonCoSC\nAFletcher\n3Y74Cypress\n7\n', '2024\nDCR2601\n']","['2024\n', 'CR\nCC0C\n374C\n7\n', '2024\nDCR2601\n']","['P\n2024\n', 'C\nCC0C\n374C\n7\n', '2024\nC2601\n']",modelv1.0__2026-05-17 06:45:08
D:/moth_photos/database\batch_05\img_moth_00009885.jpg,"[4000, 6000]",37.431372549019606,"['SanteeCoastalReserve\nChariestanCoSC\nAFletcher\nVMANu4Cypress\n', 'Photographedby\nAFletcher\n2024\n', '2024\n\nDCR2599\n']","['CR\nCC0C\n4C\n', '2024\n', '2024\n\nDCR2599\n']","['C\nCC0C\n4C\n', 'P\n2024\n', '2024\n\nPC2599\n']",modelv1.0__2026-05-17 06:45:08
D:/moth_photos/database\batch_05\img_moth_00009886.jpg,"[4000, 6000]",37.7,"['2024\nDCR2605\n', 'SanteeCoastalReserve\nCharlestonCoSC\nAFletcher\n\nCOREE 4 Cypress\n', 'Photographedby\nAFletcher\n2024\n']","['2024\nDCR2605\n', 'CR\nCCC\nCR 4 C\n', '2024\n']","['2024\nC2605\n', 'CP\nCCC\nCC 4 C\n', 'P\n2024\n']",modelv1.0__2026-05-17 06:45:08
D:/moth_photos/database\batch_05\img_moth_00009887.jpg,"[4000, 6000]",37.660000000000004,"['2024\nDCR2606\n\nee\n', 'o\n\nPhotographedby\nAFletcher\n2024\n', 'SanteeCoastalReserve\nCharlestonCoSC\nA Fletcher\n\nCypress\n']","['2024\nDCR2606\n', '2024\n', 'CR\nCC0C\nC\n']","['2024\nPC2606\n', 'P\n2024\n', 'CP\nCC0C\nC\n']",modelv1.0__2026-05-17 06:45:08
D:/moth_photos/database\batch_05\img_moth_00009888.jpg,"[4000, 6000]",37.11764705882353,"['SanteeCoastalReserve\nCharlestonCoSC\nAFletcher\n\n20 Af2uCypress\n', 'Photographedby\nAFletcher\n2024\n', '2024\nDCR2609\n']","['CR\nCC0C\n20 2C\n', '2024\n', '2024\nDCR2609\n']","['C\nCC0C\n20 2C\n', 'P\n2024\n', '2024\nC2609\n']",modelv1.0__2026-05-17 06:45:08
D:/moth_photos/database\batch_05\img_moth_00009889.jpg,"[4000, 6000]",37.7,"['Photographedby\nAFletcher\n2024\n', '2024\nDCR2607\n', 'Santee Coastal Reserve\nCharlestonCoSC\nA Fletcher\n\n30AP7yCypress\n']","['2024\n', '2024\nDCR2607\n', 'C R\nCCC\n\n307C\n']","['P\n2024\n', '2024\nPC2607\n', 'C\nCCC\n\n30P7C\n']",modelv1.0__2026-05-17 06:45:08
D:/moth_photos/database\batch_05\img_moth_00009890.jpg,"[4000, 6000]",37.490196078431374,"['Photographedby\nAFletcher\n2024\n', 'SamteeCoastalReserve\nChariestonCoSC\nAFletcher\n\n7G APK24Cypress\n', '2024\nDCR2614\n']","['2024\n', 'CR\nCC0C\n7 24C\n', '2024\nDCR2614\n']","['P\n2024\n', 'CP\nCC0C\n7 P24C\n', '2024\nC2614\n']",modelv1.0__2026-05-17 06:45:08
D:/moth_photos/database\batch_05\img_moth_00009891.jpg,"[4000, 6000]",37.235294117647065,"['Photographedby\nAFletcher\n2024\n', 'SanteeCoastalReserve\nCharlestonCoSC\nAFletcher\nSCAPR 24 Cypress\n', '2024\nDCR2608\n']","['2024\n', 'CR\nCC0C\n3CRR 24 C\n', '2024\nDCR2608\n']","['P\n2024\n', 'C\nCC0C\n3CP 24 C\n', '2024\nC2608\n']",modelv1.0__2026-05-17 06:45:08
D:/moth_photos/database\batch_05\img_moth_00009892.jpg,"[4000, 6000]",37.15686274509804,"['Photographedby\nAFletcher\n2024\n', '2024\nDCR2610\n', 'SanteeCoastalReserve\nCharlestonCoSC\nAFletcher\nKK Afi74Cypress\n']","['2024\n', '2024\nDCR2610\n', 'CR\nCCC\n74C\n']","['P\n2024\n', '2024\nC2610\n', 'C\nCCC\n74C\n']",modelv1.0__2026-05-17 06:45:08
D:/moth_photos/database\batch_05\img_moth_00009893.jpg,"[4000, 6000]",37.27450980392157,"['Photographedby\n\nAFletcher\n2024\n', '2024\nDCR2617\n', 'SanteeCoastalReserve\n\nCharlestonCoSC\nAFletcher\n\n40 AaC74Cypress\n']","['2024\n', '2024\nDCR2617\n', 'CR\nCC0C\n40 C74C\n']","['P\n\n2024\n', '2024\nC2617\n', 'C\nCC0C\n40 C74C\n']",modelv1.0__2026-05-17 06:45:08
D:/moth_photos/database\batch_05\img_moth_00009894.jpg,"[4000, 6000]",37.11764705882353,"['Photographedby\nAFletcher\n2024\n', 'SanteeCoastaiReserve\n\nCharlestonCoSC\nAFletcher\n3GAF4Cypress\n', '2024\nDCR2611\n']","['2024\n', 'CR\n\nCC0C\n34C\n', '2024\nDCR2611\n']","['P\n2024\n', 'C\n\nCC0C\n34C\n', '2024\nPC2611\n']",modelv1.0__2026-05-17 06:45:08
D:/moth_photos/database\batch_05\img_moth_00009895.jpg,"[4000, 6000]",37.35294117647059,"['Photographedby\nAFletcher\n2024\n', '2024\nDCR2616\n', 'SanteeCoastalReserve\nCharlestonCoSC\nAFietcher\nSCAPCLYCypress\n']","['2024\n', '2024\nDCR2616\n', 'CR\nCC0C\nCC14C\n']","['P\n2024\n', '2024\nC2616\n', 'C\nCC0C\nCPC14C\n']",modelv1.0__2026-05-17 06:45:08
D:/moth_photos/database\batch_05\img_moth_00009896.jpg,"[4000, 6000]",37.294117647058826,"['a\n\nPhotographedby\nAFletcher\n2024\n', 'SanteeCoastalReserve\nCharlestonCoSC\n\nAFletcher\n\nGAY2pyCypress\n', '2024\nDCR2612\n']","['2024\n', 'CR\nCC0C\n2DC\n', '2024\nDCR2612\n']","['P\n2024\n', 'C\nCC0C\n2C\n', '2024\nC2612\n']",modelv1.0__2026-05-17 06:45:08
D:/moth_photos/database\batch_05\img_moth_00009897.jpg,"[4000, 6000]",37.333333333333336,"['Photographedby\nAFletcher\n2024\n', 'SanteeCoastalReserve\nCharlestonCoSC\nAFletcher\nS0AP4Cypress\n', '2024\nDCR2603\n']","['2024\n', 'CR\nCCC\n04C\n', '2024\nDCR2603\n']","['P\n2024\n', 'C\nCCC\nP\n0P4C\n', '2024\nC2603\n']",modelv1.0__2026-05-17 06:45:08
D:/moth_photos/database\batch_05\img_moth_00009898.jpg,"[4000, 6000]",37.21568627450981,"['i\n\nPhotographedby\nAFletcher\n2024\n', 'SanteeCoastalReserve\nChariestonCoSC\nAFletcher\nSPR7YCypress\n', '2024\nDCR2604\n']","['2024\n', 'CR\nCCC\nR7C\n', '2024\nDCR2604\n']","['P\n2024\n', 'C\nCCC\nP7C\n', '2024\nPC2604\n']",modelv1.0__2026-05-17 06:45:08
D:/moth_photos/database\batch_05\img_moth_00009899.jpg,"[4000, 6000]",37.294117647058826,"['SanteeCoastalReserve\nCharitestonCoSC\nAFletcher\n\n2oOAPE14yCypress\n', 'Photographedby\nAFletcher\n2024\n', '2024\nDCR2613\n']","['CR\nCCC\n\n214C\n', '2024\n', '2024\nDCR2613\n']","['C\nCCC\n\n2P14C\n', 'P\n2024\n', '2024\nC2613\n']",modelv1.0__2026-05-17 06:45:08
D:/moth_photos/database\batch_05\img_moth_00009900.jpg,"[4000, 6000]",37.411764705882355,"['Photographedby\nAFletcher\n2024\n', 'Ee\nSanteeCoastalReserve\nCharlestonCoSC\nAFletcher\nCypress\n', '2024\nDCR2618\n']","['2024\n', 'CR\nCC0C\nC\n', '2024\nDCR2618\n']","['P\n2024\n', 'C\nCC0C\nC\n', '2024\nC2618\n']",modelv1.0__2026-05-17 06:45:08
D:/moth_photos/database\batch_05\img_moth_00009901.jpg,"[4000, 6000]",37.450980392156865,"['2024\nDCR2622\n', 'SanteeCoastalReserve\nCharlestonCoSC\n', 'Photographedby\nAFletcher\n2024\n']","['2024\nDCR2622\n', 'CR\nCCC\n', '2024\n']","['2024\nC2622\n', 'C\nCCC\n', 'P\n2024\n']",modelv1.0__2026-05-17 06:45:08
D:/moth_photos/database\batch_05\img_moth_00009902.jpg,"[4000, 6000]",37.450980392156865,"['a\n\nPhotographedby\nAFletcher\n2024\n', '2024\nDCR2619\n', 'De\nSanteeCoastalReserve\nCharlestonCoSC\nAFletcher\nfyCypress\n']","['2024\n', '2024\nDCR2619\n', 'CR\nCCC\nC\n']","['P\n2024\n', '2024\nC2619\n', 'C\nCCC\nC\n']",modelv1.0__2026-05-17 06:45:08
D:/moth_photos/database\batch_05\img_moth_00009903.jpg,"[4000, 6000]",37.549019607843135,"['a\n\nPhotographed by\nAFletcher\n2024\n', 'SanteeCoastalReserve\nCharlestonCoSC\nAFletcher\nSOATRts Cypress\n', '2024\nDCR2620\n\nee\n']","['2024\n', 'CR\nCCC\nRR C\n', '2024\nDCR2620\n']","['P\n2024\n', 'C\nCCC\nC\n', '2024\nPC2620\n']",modelv1.0__2026-05-17 06:45:08
D:/moth_photos/database\batch_05\img_moth_00009904.jpg,"[4000, 6000]",37.21568627450981,"['SanteeCoastalReserve\nCharlestonCoSC\nAFletcher\n\nPet\n\niSPyiCypress\n', 'Photographedby\nAFletcher\n2024\n', '2024\nDCR2621\n']","['CR\nCCC\n\n4C\n', '2024\n', '2024\nDCR2621\n']","['C\nCCC\n\nP\n\nP4C\n', 'P\n2024\n', '2024\nC2621\n']",modelv1.0__2026-05-17 06:45:08
D:/moth_photos/database\batch_05\img_moth_00009905.jpg,"[4000, 6000]",37.666666666666664,"['Photographedby\nAFletcher\n2024\n', 'SanteeCoastalReserve\nCharlestonCoSC\nAFletcher\nzuM74Cypress\n', '2024\nDCR2615\n\nnt\n']","['2024\n', 'CR\nCCC\n74C\n', '2024\nDCR2615\n']","['P\n2024\n', 'C\nCCC\n74C\n', '2024\nC2615\n']",modelv1.0__2026-05-17 06:45:08
D:/moth_photos/database\batch_05\img_moth_00009906.jpg,"[4000, 6000]",37.411764705882355,"['2024\nDCR2623\n', 'Photographedby\nAFletcher\n2024\n', 'SanteeCoastalReserve\nCharlestonCoSC\nAFletcher\n\n7\n']","['2024\nDCR2623\n', '2024\n', 'CR\nCCC\n\n7\n']","['2024\nC2623\n', 'P\n2024\n', 'C\nCCC\n\n7\n']",modelv1.0__2026-05-17 06:45:08
D:/moth_photos/database\batch_05\img_moth_00009907.jpg,"[4000, 6000]",37.235294117647065,"['santeeCoastalReserve\nCharlestonCoSC\nEFWoPresti\n\nOAYDCape\n', 'Photographedby\nAFletcher\n2024\n', '2024\nDCR2627\n']","['CR\nCC0C\n\nDC\n', '2024\n', '2024\nDCR2627\n']","['C\nCC0C\nWP\n\nC\n', 'P\n2024\n', '2024\nC2627\n']",modelv1.0__2026-05-17 06:45:08
D:/moth_photos/database\batch_05\img_moth_00009908.jpg,"[4000, 6000]",37.35294117647059,"['FLoPresti\niYMAYLYCape\n', 'Photographedby\nAFletcher\n2024\n', '2024\nDCR2630\n\n']","['C\n', '2024\n', '2024\nDCR2630\n\n']","['P\nC\n', 'P\n2024\n', '2024\nC2630\n\n']",modelv1.0__2026-05-17 06:45:08
D:/moth_photos/database\batch_05\img_moth_00009909.jpg,"[4000, 6000]",37.52941176470588,"['SanteeCoastalReserv\nChariestonCoSC\n\nEFLoPresti\nmann Y24Cape\n', 'ee\n\nPhotographedby\nAFletcher\n2024\n', '2024\nDCR2641\n']","['CR\nCCC\n24C\n', '2024\n', '2024\nDCR2641\n']","['C\nCCC\n\nP\n24C\n', 'P\n2024\n', '2024\nC2641\n']",modelv1.0__2026-05-17 06:45:08
D:/moth_photos/database\batch_05\img_moth_00009910.jpg,"[4000, 6000]",37.21568627450981,"['ae\nPhotographedby\nAFletcher\n2024\n', 'SanteeCoastalReserve\nCharlestonCoSC\nEFLoPresti\n', '2024\nDCR2634\n']","['2024\n', 'CR\nCCC\n', '2024\nDCR2634\n']","['P\n2024\n', 'C\nCCC\nP\n', '2024\nC2634\n']",modelv1.0__2026-05-17 06:45:08
D:/moth_photos/database\batch_05\img_moth_00009911.jpg,"[4000, 6000]",37.21568627450981,"['santeeCoastaiReserve\nChariestonCoSC\nfi EFLoPresti\nay74Cape\n', 'ii\n\nPhotographed by\nAFletcher\n2024\n', '2024\n\nDCR2629\n']","['CR\nCCC\n74C\n', '2024\n', '2024\n\nDCR2629\n']","['C\nCCC\nP\n74C\n', 'P\n2024\n', '2024\n\nC2629\n']",modelv1.0__2026-05-17 06:45:08
D:/moth_photos/database\batch_05\img_moth_00009912.jpg,"[4000, 6000]",37.470588235294116,"['Photographedby\nAFletcher\n2024\n', 'oStiiiiatitt\nSanteeCoastal Reserve\nCha on Co sc\n1EF oPresti\nme Y 7Cape\n\nh\n', '2024\nDCR2635\n\nSe\n']","['2024\n', 'C R\nC C C\n1 0\n7C\n', '2024\nDCR2635\n']","['P\n2024\n', 'C\nC C C\n1 0P\n7C\n', '2024\nC2635\n']",modelv1.0__2026-05-17 06:45:08
D:/moth_photos/database\batch_05\img_moth_00009913.jpg,"[4000, 6000]",37.470588235294116,"['SanteeCoastalReserve\nCharlestnCoSC\nEFLoPresti\nIMAYL4Cape\n', 'Photographedby\nAFletcher\n2024\n', 'oO\n\n2024\nDCR2644\n']","['CR\nCCC\n4C\n', '2024\n', '2024\nDCR2644\n']","['C\nCCC\nP\n4C\n', 'P\n2024\n', '2024\nC2644\n']",modelv1.0__2026-05-17 06:45:08
D:/moth_photos/database\batch_05\img_moth_00009914.jpg,"[4000, 6000]",37.607843137254896,"['SanteeCoastalReserve\nChariestenCoSC\nEFLoPresti\n\npsfyStlCape\n', 'O\n\nPhotographedby\nAFletcher\n2024\n', 'a\n\n2024\nDCR2636\n']","['CR\nCC0C\n\nC\n', '2024\n', '2024\nDCR2636\n']","['C\nCC0C\nP\n\nPPC\n', 'P\n2024\n', '2024\nC2636\n']",modelv1.0__2026-05-17 06:45:08
D:/moth_photos/database\batch_05\img_moth_00009915.jpg,"[4000, 6000]",37.490196078431374,"['Photographedby\nAFletcher\n2024\n', 'SanteeCoastalReserve\nCharlestonCoSC\nEFLoPrest\nNWeAyLUCape\n', '2024\nDCR2639\n']","['2024\n', 'CR\nCC0C\nR\nC\n', '2024\nDCR2639\n']","['P\n2024\n', 'C\nCC0C\nP\nWC\n', '2024\nC2639\n']",modelv1.0__2026-05-17 06:45:08
D:/moth_photos/database\batch_05\img_moth_00009916.jpg,"[4000, 6000]",37.3921568627451,"['2024\nDCR2628\n', 'Photographedby\nAFletcher\n2024\n', 'SanteeCoastal Reserve\nCharlestonCoSC\nEFCoPresti\n\nvey Cape\n\n']","['2024\nDCR2628\n', '2024\n', 'C R\nCCC\nC\n\n74 C\n\n']","['2024\nC2628\n', 'P\n2024\n', 'C\nCCC\nCP\n\n74 C\n\n']",modelv1.0__2026-05-17 06:45:08
D:/moth_photos/database\batch_05\img_moth_00009917.jpg,"[4000, 6000]",37.568627450980394,"['Photographedby\nAFletcher\n2024\n', 'SanteeCoastalReserve\nCharlestonCoSC\nEFLoPresti\nhAYTLMCape\n\nEw\n', '2024\nDCR2638\n']","['2024\n', 'CR\nCC0C\nC\n', '2024\nDCR2638\n']","['P\n2024\n', 'C\nCC0C\nPP\nC\n', '2024\nC2638\n']",modelv1.0__2026-05-17 06:45:08
D:/moth_photos/database\batch_05\img_moth_00009918.jpg,"[4000, 6000]",37.31372549019608,"['Photographedby\nAFletcher\n2024\n', '2024\nDCR2626\n', 'SanteeCoastalReserve\nChariestonCoSC\nEFLoPresti\nLLAAYyryCape\n']","['2024\n', '2024\nDCR2626\n', 'CR\nCCC\nC\n']","['P\n2024\n', '2024\nC2626\n', 'C\nCCC\nP\nC\n']",modelv1.0__2026-05-17 06:45:08
D:/moth_photos/database\batch_05\img_moth_00009919.jpg,"[4000, 6000]",37.509803921568626,"['Photographedby\nAFletcher\n2024\n', 'SanteeCoastalReserve\nChartestonCoSC\n\nI\n\nEFLoPresti\nmPYLYCape\n', '2024\nDCR2640\n']","['2024\n', 'CR\nCCC\n\nC\n', '2024\nDCR2640\n']","['P\n2024\n', 'C\nCCC\n\nP\nPC\n', '2024\nPC2640\n']",modelv1.0__2026-05-17 06:45:08
D:/moth_photos/database\batch_05\img_moth_00009920.jpg,"[4000, 6000]",37.52941176470588,"['2024\nDCR2625\n', 'Photographed by\n\nAFletcher\n2024\n', 'SanteeCoastal Reserve\nCharleston CoSC\n\nl EF CoPresti\nKAYL4Cape\n']","['2024\nDCR2625\n', '2024\n', 'C R\nC CC\n\nCR\n4C\n']","['2024\nC2625\n', 'P\n\n2024\n', 'C\nC CC\n\nCP\n4C\n']",modelv1.0__2026-05-17 06:45:08
D:/moth_photos/database\batch_05\img_moth_00009921.jpg,"[4000, 6000]",37.3921568627451,"['Photographedby\n\nAFletcher\n2024\n', 'SanteeCoastalReserve\nCharlestonCoSC\nl EFLoPresti\n\nANAYLYCape\n', '2024\nDCR2642\n']","['2024\n', 'CR\nCCC\nC\n\nC\n', '2024\nDCR2642\n']","['P\n\n2024\n', 'CP\nCCC\nCP\n\nC\n', '2024\nC2642\n']",modelv1.0__2026-05-17 06:45:08
D:/moth_photos/database\batch_05\img_moth_00009922.jpg,"[4000, 6000]",37.568627450980394,"['SanteeCoastalReserve\nChariestonCoSC\n\nAiey14Core\n', 'Photographedby\nAFletcher\n2024\n', '2024\n\nDCR2624\n']","['CR\nCCC\n\n14C\n', '2024\n', '2024\n\nDCR2624\n']","['C\nCCC\n\n14C\n', 'P\n2024\n', '2024\n\nC2624\n']",modelv1.0__2026-05-17 06:45:08
D:/moth_photos/database\batch_05\img_moth_00009923.jpg,"[4000, 6000]",37.235294117647065,"['Photographedby\nAFletcher\n2024\n', 'SanteeCoastalReserve\nChartestonCoSC\n\nft EFLOPresti\n\nTMAPY14Cape\n', '2024\nDCR2633\n\n']","['2024\n', 'CR\nCC0C\n114C\n', '2024\nDCR2633\n\n']","['P\n2024\n', 'C\nCC0C\n\nPP\n\n1P14C\n', '2024\nC2633\n\n']",modelv1.0__2026-05-17 06:45:08
D:/moth_photos/database\batch_05\img_moth_00009924.jpg,"[4000, 6000]",37.568627450980394,"['Photographed by\nAFletcher\n2024\n', '2024\nDCR2631\n', 'SanteeCoastalReserve\nChariestonCoSC\n\njpEF LoPresti\n\nLfrw iCape\n']","['2024\n', '2024\nDCR2631\n', 'CR\nCC0C\n1 7C\n']","['P\n2024\n', '2024\nC2631\n', 'CP\nCC0C\nP\n1P 7C\n']",modelv1.0__2026-05-17 06:45:08
D:/moth_photos/database\batch_05\img_moth_00009925.jpg,"[4000, 6000]",37.450980392156865,"['Photographedby\nAFletcher\n2024\n', 'SanteeCoastalReserve\nCharlestonCoSC\nEFLoPresti\n\nraTY Cape\n', '2024\nDCR2637\n']","['2024\n', 'CR\nCC0C\n\nC\n', '2024\nDCR2637\n']","['P\n2024\n', 'C\nCC0C\nP\n\nP C\n', '2024\nC2637\n']",modelv1.0__2026-05-17 06:45:08
D:/moth_photos/database\batch_05\img_moth_00009926.jpg,"[4000, 6000]",37.490196078431374,"['as\nPhotographed by\nAFletcher\n2024\n', '', '2024\nDCR2632\n']","['2024\n', '', '2024\nDCR2632\n']","['P\n2024\n', '', '2024\nC2632\n']",modelv1.0__2026-05-17 06:45:08
D:/moth_photos/database\batch_05\img_moth_00009927.jpg,"[4000, 6000]",37.450980392156865,"['voameeCoasialXKeserve\nCharlestonCoSC\nEFLoPresti\n\nlInnyryoae\n', 'Photographedby\nAFletcher\n2024\n', 'EE\n2024\n\nDCR2643\nEY\n']","['C\nCCC\n', '2024\n', '2024\n\nDCR2643\n']","['C\nCCC\nP\n', 'P\n2024\n', '2024\n\nPC2643\n']",modelv1.0__2026-05-17 06:45:08
D:/moth_photos/database\batch_05\img_moth_00009928.jpg,"[4000, 6000]",37.549019607843135,"['1\n\nNAYL V Cape\n', 'i\n\nPhotographedby\nAFletcher\n2024\n', '2024\nDCR2645\n\n']","['1\n\nC\n', '2024\n', '2024\nDCR2645\n\n']","['1\n\nC\n', 'P\n2024\n', '2024\nPC2645\n\n']",modelv1.0__2026-05-17 06:45:08
D:/moth_photos/database\batch_05\img_moth_00009929.jpg,"[4000, 6000]",37.58823529411765,"['Photographedby\nAFletcher\n2024\n', '2024\nDCR2646\n', 'Santee Coastal Reserve\nChartestonCoSC\nEFLoPresti\n']","['2024\n', '2024\nDCR2646\n', 'C R\nCCC\n']","['P\n2024\n', '2024\nC2646\n', 'C\nCCC\nP\n']",modelv1.0__2026-05-17 06:45:08
D:/moth_photos/database\batch_05\img_moth_00009930.jpg,"[4000, 6000]",37.52941176470588,"['Photographed by\nAFletcher\n2024\n', 'SanteeCoastalReserve\nCharlestonCoSC\nEFLoPresti\n13maeyyCape\n', '2024\nDCR2647\n']","['2024\n', 'CR\nCCC\n13C\n', '2024\nDCR2647\n']","['P\n2024\n', 'C\nCCC\nP\n13C\n', '2024\nC2647\n']",modelv1.0__2026-05-17 06:45:08
D:/moth_photos/database\batch_05\img_moth_00009931.jpg,"[4000, 6000]",37.568627450980394,"['Photographedby\nAFletcher\n2024\n', 'SarteeCoastalReserve\nCharteajonCoSC\n13 EFLoPresti\n\nmAYTYACape\n', '2024\nDCR2656\n']","['2024\n', 'CR\nCC0C\n13 C\n\nC\n', '2024\nDCR2656\n']","['P\n2024\n', 'C\nCC0C\n13 CP\n\nC\n', '2024\nC2656\n']",modelv1.0__2026-05-17 06:45:08
D:/moth_photos/database\batch_05\img_moth_00009932.jpg,"[4000, 6000]",37.607843137254896,"['Photographedby\nAFletcher\n2024\n', 'SanteeCoastalRaserve\nCharlestanCoSC\n\n3 EFtoPresti\nmITT7TCape\n', '2024\nDCR2657\n']","['2024\n', 'CR\nCCC\n\n3\n7C\n', '2024\nDCR2657\n']","['P\n2024\n', 'C\nCCC\n\n3 P\n7C\n', '2024\nPC2657\n']",modelv1.0__2026-05-17 06:45:08
D:/moth_photos/database\batch_05\img_moth_00009933.jpg,"[4000, 6000]",37.70588235294117,"['Photographedby\nAFletcher\n2024\n', '2024\nDCR2651\n\nee\n', 'ee\nSanteeCoastalReserve\nChariestonCoSC\nEFL8Presti\nidm XYLCape\n']","['2024\n', '2024\nDCR2651\n', 'CR\nCCC\n8\n\n1C\n']","['P\n2024\n', '2024\nC2651\n', 'C\nCCC\n8P\n\n1C\n']",modelv1.0__2026-05-17 06:45:08
D:/moth_photos/database\batch_05\img_moth_00009934.jpg,"[4000, 6000]",37.411764705882355,"['Photographedby\nAFletcher\n2024\n', 'SanteeCoastalReserve\nCharlestonCoSC\n\n3 EFLoPresti\nMAYL1Cape\n', '2024\nDCR2668\n']","['2024\n', 'CR\nCC0C\n\n3\n1C\n', '2024\nDCR2668\n']","['P\nP\n2024\n', 'C\nCC0C\n\n3 P\n1C\n', '2024\nPC2668\n']",modelv1.0__2026-05-17 06:45:08
D:/moth_photos/database\batch_05\img_moth_00009935.jpg,"[4000, 6000]",37.607843137254896,"['Photographedby\nAFletcher\n2024\n', '2024\nDCR2650\n', 'SanteeCoastalReserve\nChariestonCoSC\nj 3 EFLoPresti\n\nMAaAv7 Cape\n']","['2024\n', '2024\nDCR2650\n', 'CR\nCC0C\n3\n\n7 C\n']","['P\n2024\n', '2024\nPC2650\n', 'C\nCC0C\n3 P\n\n7 C\n']",modelv1.0__2026-05-17 06:45:08
D:/moth_photos/database\batch_05\img_moth_00009936.jpg,"[4000, 6000]",37.666666666666664,"['Photographedby\nAFletcher\n2024\n', 'Santee CoastalReserve\nseth sc\n\nBes y24Cape\n', '2024\nDCR2658\n']","['2024\n', 'CR\nC\n\nR 24C\n', '2024\nDCR2658\n']","['P\n2024\n', 'CP\nC\n\n24C\n', '2024\nC2658\n']",modelv1.0__2026-05-17 06:45:08
D:/moth_photos/database\batch_05\img_moth_00009937.jpg,"[4000, 6000]",37.3921568627451,"['Photographedby\nAFletcher\n2024\n', 'SanteeCoastalReserve\nChartestonCoSC\nEFLoPresti\nSamay 24Cape\n', '2024\nDCR2659\n']","['2024\n', 'CR\nCC0C\n24C\n', '2024\nDCR2659\n']","['P\n2024\n', 'C\nCC0C\nP\n24C\n', '2024\nC2659\n']",modelv1.0__2026-05-17 06:45:08
D:/moth_photos/database\batch_05\img_moth_00009938.jpg,"[4000, 6000]",37.431372549019606,"['as\nPhotographedby\n\nAFletcher\n2024\n', 'canteeCoastaiReserve\nChartestonCoSC\n3 EFLoPresti\n\nmbeyCape\n', '2024\nDCR2665\n']","['2024\n', 'CR\nCCC\n3\n\nC\n', '2024\nDCR2665\n']","['P\n\n2024\n', 'CP\nCCC\n3 P\n\nPC\n', '2024\nC2665\n']",modelv1.0__2026-05-17 06:45:08
D:/moth_photos/database\batch_05\img_moth_00009939.jpg,"[4000, 6000]",37.549019607843135,"['SanteeCoastalReserv\nCharlestonCoSC\n\nEFLoPresti\n\ni1MANILYCape\n', 'Photographedby\nAFletcher\n2024\n', '2024\nDCR2664\n']","['CR\nCC0C\n11C\n', '2024\n', '2024\nDCR2664\n']","['C\nCC0C\n\nP\n\n11C\n', 'P\n2024\n', '2024\nC2664\n']",modelv1.0__2026-05-17 06:45:08
D:/moth_photos/database\batch_05\img_moth_00009940.jpg,"[4000, 6000]",37.74,"['Photographedby\nAFletcher\n2024\n', 'SanteeCoastalReserve\nCharlestonCoSC\nEFLoPresti\n\nISmAy24CaPe\n', '2024\nDCR2666\n']","['2024\n', 'CR\nCC0C\n\n24C\n', '2024\nDCR2666\n']","['P\n2024\n', 'C\nCC0C\nP\n\n24CP\n', '2024\nC2666\n']",modelv1.0__2026-05-17 06:45:08
D:/moth_photos/database\batch_05\img_moth_00009941.jpg,"[4000, 6000]",37.58823529411765,"['SanteeCoastalReserve\nCharlestonCoSC\n\naEFLoPresti\nSMaAv7wuCape\n', 'Photographedby\n\nAFletcher\n2024\n', '2024\nDCR2653\n']","['CR\nCC0C\n7C\n', '2024\n', '2024\nDCR2653\n']","['C\nCC0C\n\nP\n7C\n', 'P\n\n2024\n', '2024\nC2653\n']",modelv1.0__2026-05-17 06:45:08
D:/moth_photos/database\batch_05\img_moth_00009942.jpg,"[4000, 6000]",37.372549019607845,"['Photographedby\nAFletcher\n2024\n', 'SatteeCoastalReserve\n\nCharlestonCoSC\nEFLoPresti\n\nSrpryiCave\n', '2024\nDCR2662\n']","['2024\n', 'CR\n\nCC0C\n\nC\n', '2024\nDCR2662\n']","['P\n2024\n', 'C\n\nCC0C\nP\n\nPC\n', '2024\nPC2662\n']",modelv1.0__2026-05-17 06:45:08
D:/moth_photos/database\batch_05\img_moth_00009943.jpg,"[4000, 6000]",37.19607843137255,"['SanteeCoastaiReserve\nCharlestonCoSC\n3 EFLoPresti\nmPrY7Cape\n', 'Photographedby\nAFletcher\n2024\n', '2024\nDCR2663\n']","['CR\nCCC\n3\n7C\n', '2024\n', '2024\nDCR2663\n']","['C\nCCC\n3 P\nPP7C\n', 'P\n2024\n', '2024\nC2663\n']",modelv1.0__2026-05-17 06:45:08
D:/moth_photos/database\batch_05\img_moth_00009944.jpg,"[4000, 6000]",37.58823529411765,"['vameeCoastaiKeserve\nCharlestonCoSC\nz EFLoPresti\n\nmPy25Cape\n', 'Photographedby\nAFletcher\n2024\n', '2024\nDCR2667\n']","['C\nCC0C\nC0\n\n25C\n', '2024\n', '2024\nDCR2667\n']","['C\nCC0C\nC0P\n\nP25C\n', 'P\n2024\n', '2024\nC2667\n']",modelv1.0__2026-05-17 06:45:08
D:/moth_photos/database\batch_05\img_moth_00009945.jpg,"[4000, 6000]",37.568627450980394,"['', 'Photographed by\nAFletcher\n2024\n', '2024\nDCR2648\n']","['', '2024\n', '2024\nDCR2648\n']","['', 'P\n2024\n', '2024\nC2648\n']",modelv1.0__2026-05-17 06:45:08
D:/moth_photos/database\batch_05\img_moth_00009946.jpg,"[4000, 6000]",37.509803921568626,"['Photographedby\nAFletcher\n2024\n', '', '2024\nDCR2649\n']","['2024\n', '', '2024\nDCR2649\n']","['P\n2024\n', '', '2024\nC2649\n']",modelv1.0__2026-05-17 06:45:08
D:/moth_photos/database\batch_05\img_moth_00009947.jpg,"[4000, 6000]",37.549019607843135,"['Photographedby\nAFletcher\n2024\n', 'SanteeCoastalReserve\nCharlestonCoSC\nEFu\n\nAy14Cape\n', '2024\nDCR2652\n']","['2024\n', 'CR\nCCC\n\n14C\n', '2024\nDCR2652\n']","['P\n2024\n', 'C\nCCC\n\n14C\n', '2024\nC2652\n']",modelv1.0__2026-05-17 06:45:08
D:/moth_photos/database\batch_05\img_moth_00009948.jpg,"[4000, 6000]",37.17307692307693,"['Photographedby\nAFletcher\n2024\n', '', '2024\nDCR2655\n']","['2024\n', '', '2024\nDCR2655\n']","['P\n2024\n', '', '2024\nC2655\n']",modelv1.0__2026-05-17 06:45:08
D:/moth_photos/database\batch_05\img_moth_00009949.jpg,"[4000, 6000]",37.666666666666664,"['Photographedby\nAFletcher\n2024\n', 'SanteeCoastalReserve\nCharlestonCoSC\n7 EFloPresti\nmp 2OR77 Cape\n', '2024\nDCR2661\n']","['2024\n', 'CR\nCC0C\n7\n2R77 C\n', '2024\nDCR2661\n']","['P\n2024\n', 'C\nCC0C\n7 P\nP 277 C\n', '2024\nPC2661\n']",modelv1.0__2026-05-17 06:45:08
D:/moth_photos/database\batch_05\img_moth_00009950.jpg,"[4000, 6000]",37.62745098039216,"['Photographedby\nAFletcher\n2024\n', '', '2024\nDCR2654\n']","['2024\n', '', '2024\nDCR2654\n']","['P\n2024\n', '', '2024\nC2654\n']",modelv1.0__2026-05-17 06:45:08
D:/moth_photos/database\batch_05\img_moth_00009951.jpg,"[4000, 6000]",37.549019607843135,"['Photographedby\nAFletcher\n2024\n', 'SanteeCoastalReserve\nChariestgnCoSC\ni3 EFLoPr\nrAY2 Cape\n', '2024\nDCR2660\n']","['2024\n', 'CR\nCC0C\n3\n2 C\n', '2024\nDCR2660\n']","['P\n2024\n', 'C\nCC0C\n3 P\n2 C\n', '2024\nC2660\n']",modelv1.0__2026-05-17 06:45:08
D:/moth_photos/database\batch_05\img_moth_00009952.jpg,"[4000, 6000]",37.68627450980392,"['Photographed by\nAFletcher\n2024\n', '2024\nDCR2681\n', 'SanteeCoastalReserve\nCharlestonCoSC\nEFLoPresti\n\nDAytyMersh\n']","['2024\n', '2024\nDCR2681\n', 'CR\nCCC\n\nD1\n']","['P\n2024\n', '2024\nC2681\n', 'C\nCCC\nP\n\n1\n']",modelv1.0__2026-05-17 06:45:08
D:/moth_photos/database\batch_05\img_moth_00009953.jpg,"[4000, 6000]",37.58823529411765,"['Photographedby\nAFletcher\n2024\n', '2024\nDCR2682\n', 'tie\nSanteeCoas\n\ntalReserve\n\nCharlestonCoSC\nFLoPrest\nfs Ry vA Marsh\n']","['2024\n', '2024\nDCR2682\n', 'C0\n\nR\n\nCC0C\nR\n']","['P\n2024\n', '2024\nPC2682\n', 'C0\n\nCC0C\nP\n']",modelv1.0__2026-05-17 06:45:08
D:/moth_photos/database\batch_05\img_moth_00009954.jpg,"[4000, 6000]",37.490196078431374,"['Photographed by\nAFletcher\n2024\n', 'SanteeCoastalReserve\nChariestonCoSC\nEFLePresti\n\nley 24 Marsh\n', '2024\nDCR2680\n']","['2024\n', 'CR\nCCC\n\n24\n', '2024\nDCR2680\n']","['P\n2024\n', 'C\nCCC\nP\n\n24\n', '2024\nC2680\n']",modelv1.0__2026-05-17 06:45:08
D:/moth_photos/database\batch_05\img_moth_00009955.jpg,"[4000, 6000]",37.372549019607845,"['Photographedby\nAFletcher\n2024\n', 'vanteeCoastalReserve\nCharlestonCoSC\nEFLoPresti\n\nmMaAyty Marsh\n', '2024\nDCR2679\n']","['2024\n', 'CR\nCC0C\n', '2024\nDCR2679\n']","['P\n2024\n', 'C\nCC0C\nP\n', '2024\nC2679\n']",modelv1.0__2026-05-17 06:45:08
D:/moth_photos/database\batch_05\img_moth_00009956.jpg,"[4000, 6000]",37.68627450980392,"['Photographedby\nAFletcher\n2024\n', 'SanteeCoastalReserve\nCharlestonCoSC\nEFeoPresti\n\nlmacy14Marsh\n', '2024\nDCR2683\n']","['2024\n', 'CR\nCC0C\nR\n\n14\n', '2024\nDCR2683\n']","['P\n2024\n', 'C\nCC0C\nP\n\n14\n', '2024\nC2683\n']",modelv1.0__2026-05-17 06:45:08
D:/moth_photos/database\batch_05\img_moth_00009957.jpg,"[4000, 6000]",37.509803921568626,"['Photographedby\nAFletcher\n2024\n', 'SanteeCoastalReserve\nCharlestonCoSC\nEF LoPresti\n\nfehn7 24 Marsh\n', '2024\nDCR2684\n']","['2024\n', 'CR\nCC0C\n\n7 24\n', '2024\nDCR2684\n']","['P\n2024\n', 'CP\nCC0C\nP\n\n7 24\n', '2024\nPC2684\n']",modelv1.0__2026-05-17 06:45:08
D:/moth_photos/database\batch_05\img_moth_00009959.jpg,"[4000, 6000]",31.857142857142858,"['SanteeCoastalNestivs\nCharlestonCoSC\nEF2LoPresti\n', 'Photographed by\nAFletcher\n2024\n', '2024\nDCR2678\n', 'Z0MA92024\n']","['C\nCC0C\n2\n', '2024\n', '2024\nDCR2678\n', '2092024\n']","['C\nCC0C\n2P\n', 'P\n2024\n', '2024\nPC2678\n', '2092024\n']",modelv1.0__2026-05-17 06:45:08
D:/moth_photos/database\batch_05\img_moth_00009960.jpg,"[4000, 6000]",37.779999999999994,"['SanteeCoastalReserve\nCharlestonCoSC\nZm EF ite\nNte43H4 Mazyck\n', 'Photographedby\nAFletcher\n2024\n', '2024\nDCR2687\n']","['CR\nCCC\n2\n434\n', '2024\n', '2024\nDCR2687\n']","['C\nCCC\n2\n434\n', 'P\n2024\n', '2024\nC2687\n']",modelv1.0__2026-05-17 06:45:08
D:/moth_photos/database\batch_05\img_moth_00009961.jpg,"[4000, 6000]",37.13725490196079,"['Photographedby\nAFletcher\n2024\n', 'SanteeCoastalReserve\nCharlestonCoSC\n\nEFLoPresti\n\nZragyt Mazyck\n\n1\n\n', '2024\nDCR2689\n']","['2024\n', 'CR\nCCC\n2\n\n1\n\n', '2024\nDCR2689\n']","['P\n2024\n', 'C\nCCC\n\nP\n\n2\n\n1\n\n', '2024\nC2689\n']",modelv1.0__2026-05-17 06:45:08
D:/moth_photos/database\batch_05\img_moth_00009962.jpg,"[4000, 6000]",37.559999999999995,"['SanteeCoastalReserve\nCharlestonCoSC\naEFLoPrest\n1Ofe754Mazyck\n\n', 'Photographedby\nAFletcher\n2024\n', '2024\nDCR2691\n']","['CR\nCCC\n1754\n\n', '2024\n', '2024\nDCR2691\n']","['CP\nCCC\nP\n1754\n\n', 'P\n2024\n', '2024\nC2691\n']",modelv1.0__2026-05-17 06:45:08
D:/moth_photos/database\batch_05\img_moth_00009963.jpg,"[4000, 6000]",37.36,"['by\nAFletcher\n2024\n', 'EF LoPresti\n\nIEmpepigMazyck\n', '2024\nDCR2688\n']","['2024\n', '', '2024\nDCR2688\n']","['2024\n', 'P\n', '2024\nC2688\n']",modelv1.0__2026-05-17 06:45:08
D:/moth_photos/database\batch_05\img_moth_00009964.jpg,"[4000, 6000]",37.7,"['SanteeCoastalReserve\nCharlestonCoSC\nEFLoPresti\n\n2mAPLY Mazyck\n\nee\n', 'Photographedby\nAFletcher\n2024\n', '2024\nDCR2686\n']","['CR\nCCC\n2\n', '2024\n', '2024\nDCR2686\n']","['C\nCCC\nP\n\n2P\n', 'P\n2024\n', '2024\nPC2686\n']",modelv1.0__2026-05-17 06:45:08
D:/moth_photos/database\batch_05\img_moth_00009965.jpg,"[4000, 6000]",37.82,"['Photographedby\nAFletcher\n2024\n', 'ee\nSanteeCoastalReserve\nCharlestonCoSC\nEFeLoPresti\n\nAY1iMazyck\n', '2024\nDCR2690\n']","['2024\n', 'RR\nCR\nCC0C\n\n1\n', '2024\nDCR2690\n']","['P\n2024\n', 'CP\nCC0C\nP\n\n1\n', '2024\nC2690\n']",modelv1.0__2026-05-17 06:45:08
D:/moth_photos/database\batch_05\img_moth_00009966.jpg,"[4000, 6000]",37.82,"['Photographedby\nAFletcher\n2024\n', 'SanteeCoastalReserve\nCharlestonCoSC\n\nEFLePresti\n\n1PAbvOrmondHall\n', '2024\nDCR2693\n']","['2024\n', 'CR\nCC0C\n1\n', '2024\nDCR2693\n']","['P\n2024\n', 'C\nCC0C\n\nPP\n\n1P\n', '2024\nC2693\n']",modelv1.0__2026-05-17 06:45:08
D:/moth_photos/database\batch_05\img_moth_00009967.jpg,"[4000, 6000]",37.1764705882353,"['SanteeCoastalReserve\nCharleston Co SC\n', 'Photographedby\nAFletcher\n2024\n', '2024\nDCR2692\n']","['CR\nC C C\n', '2024\n', '2024\nDCR2692\n']","['C\nC C C\n', 'P\n2024\n', '2024\nPC2692\n']",modelv1.0__2026-05-17 06:45:08
D:/moth_photos/database\batch_05\img_moth_00009968.jpg,"[4000, 6000]",37.580000000000005,"['Photographedby\nAFletcher\n', '2024\nDCR2697\n\neases\n', 'harlestonCoSC\n\n3 arts LoPresti\nW2\n\ne SanteeCoastalReserve\na\nSandPit\n']","['', '2024\nDCR2697\n', 'C0C\n\n3\n72\n\nCR\nR\n']","['P\n', '2024\nC2697\n', 'C0C\n\n3 P\nW2\n\nC\nP\n']",modelv1.0__2026-05-17 06:45:08
D:/moth_photos/database\batch_05\img_moth_00009969.jpg,"[4000, 6000]",37.580000000000005,"['Photographedby\n\nAFletcher\n2024\n', '2024\nDCR2696\n', 'SanteeCoastalReserve\nCharlestonCoSC\naEFLoPresti\n4ossSandPit\na\n']","['2024\n', '2024\nDCR2696\n', 'CR\nCCC\n4\n']","['P\n\n2024\n', '2024\nC2696\n', 'C\nCCC\nP\n4P\n']",modelv1.0__2026-05-17 06:45:08
D:/moth_photos/database\batch_05\img_moth_00009970.jpg,"[4000, 6000]",37.779999999999994,"['Photographedby\nAFletcher\n2024\n', 'CsSanteeCoastalReserve\nSChartestonCoSC\nPe EFL6Presti\nwrPYtySandPit\n', '2024\nDCR2698\n']","['2024\n', 'CCR\nCCC\n6\n1R\n', '2024\nDCR2698\n']","['P\n2024\n', 'CC\nCCC\n6P\nP1P\n', '2024\nPC2698\n']",modelv1.0__2026-05-17 06:45:08
D:/moth_photos/database\batch_05\img_moth_00009971.jpg,"[4000, 6000]",37.1764705882353,"['Photographed by\nAFletcher\n2024\n', '2024\nDCR2700\n', 'SanteeCoastalReserve\nCharlestonCoSC\nEFLoPresti\n']","['2024\n', '2024\nDCR2700\n', 'CR\nCCC\n']","['P\n2024\n', '2024\nC2700\n', 'C\nCCC\nP\n']",modelv1.0__2026-05-17 06:45:08
D:/moth_photos/database\batch_05\img_moth_00009972.jpg,"[4000, 6000]",37.254901960784316,"['Photographedby\nAFletcher\n2024\n', 'SanteeCoastalReserve\nCharlestonCoSC\nEFLoPresti\na SeeByIMSandPit\n', '2024\nDCR2699\n']","['2024\n', 'CR\nCCC\n1\n', '2024\nDCR2699\n']","['P\n2024\n', 'C\nCCC\nP\n1P\n', '2024\nPC2699\n']",modelv1.0__2026-05-17 06:45:08
D:/moth_photos/database\batch_05\img_moth_00009973.jpg,"[4000, 6000]",37.7,"['Photographedby\nAFletcher\n2024\n', 'Santee CoastalReserve\n\nCharlestphCoSC\n\na EFLoPresti\nSmay2 SandPit\n', '2024\nDCR2695\n']","['2024\n', 'CR\n\nCCC\n\nR\n2\n', '2024\nDCR2695\n']","['P\n2024\n', 'C\n\nCCC\n\nP\n2 P\n', '2024\nC2695\n']",modelv1.0__2026-05-17 06:45:08
D:/moth_photos/database\batch_05\img_moth_00009974.jpg,"[4000, 6000]",37.68,"['Photographedby\nAFletcher\n2024\n', 'SSanteeCoastalReserve\nSSsCharlestonCoSC\noo EPLoPresti\n7 RYLM SandPit\n', '2024\nDCR2694\n']","['2024\n', 'CR\n3CCC\n7 R\n', '2024\nDCR2694\n']","['P\n2024\n', 'C\n3CCC\nPP\n7 P\n', '2024\nPC2694\n']",modelv1.0__2026-05-17 06:45:08
D:/moth_photos/database\batch_05\img_moth_00009975.jpg,"[4000, 6000]",37.15686274509804,"['Photographedby\nAFletcher\n2024\n', '2024\nDCR2712\n', 'SanteeCoastalReserve\nChariestonCoSC\nEFLoPresti\n\nDqyAPR2YyCare\n\n']","['2024\n', '2024\nDCR2712\n', 'CR\nCC0C\n\nDR2C\n\n']","['P\n2024\n', '2024\nC2712\n', 'C\nCC0C\nP\n\nP2C\n\n']",modelv1.0__2026-05-17 06:45:08
D:/moth_photos/database\batch_05\img_moth_00009976.jpg,"[4000, 6000]",37.6,"['Photographedby\n\nAFletcher\n2024\n', '2024\nDCR2705\n', 'Ce\nSanteeCoastalReserve\nChartestonCoSC\n\nCIplipt4cave\n']","['2024\n', '2024\nDCR2705\n', 'CC\nCR\nCCC\n\nC4C\n']","['P\n\n2024\n', '2024\nC2705\n', 'CC\nC\nCCC\n\nC4C\n']",modelv1.0__2026-05-17 06:45:08
D:/moth_photos/database\batch_05\img_moth_00009977.jpg,"[4000, 6000]",37.8,"['Photographedby\nAFletcher\n2024\n', 'SameeCosctasKeeerve\nChariestonCoSC\n\n24apR2YCare\n', '2024\nDCR2701\n\n']","['2024\n', 'C\nCC0C\n\n24R2C\n', '2024\nDCR2701\n\n']","['P\n2024\n', 'C\nCC0C\n\n24P2C\n', '2024\nC2701\n\n']",modelv1.0__2026-05-17 06:45:08
D:/moth_photos/database\batch_05\img_moth_00009978.jpg,"[4000, 6000]",37.27450980392157,"['Photographedby\nAFletcher\n', 'SanteeCoastalReserve\n3qbFboPrest sc\n', '2024\nDCR2711\n']","['', 'CR\n3\n', '2024\nDCR2711\n']","['P\n', 'C\n3P\n', '2024\nC2711\n']",modelv1.0__2026-05-17 06:45:08
D:/moth_photos/database\batch_05\img_moth_00009979.jpg,"[4000, 6000]",37.779999999999994,"['Photographedby\nAFletcher\n2024\n', '29apavae Cape\n', '2024\nDCR2704\n\n']","['2024\n', '29 C\n', '2024\nDCR2704\n\n']","['P\n2024\n', '29P C\n', '2024\nC2704\n\n']",modelv1.0__2026-05-17 06:45:08
D:/moth_photos/database\batch_05\img_moth_00009980.jpg,"[4000, 6000]",37.34,"['', '2024\nDCR2707\n', 'SarteeCoestalReserve\nChartestenCoSC\nhe APLIN Cape\n']","['', '2024\nDCR2707\n', 'CR\nCCC\nD C\n']","['', '2024\nC2707\n', 'C\nCCC\nP C\n']",modelv1.0__2026-05-17 06:45:08
D:/moth_photos/database\batch_05\img_moth_00009981.jpg,"[4000, 6000]",37.82,"['SanteeCoastalReserve\nAan Co sc\n', 'Photographedby\nAFletcher\n2024\n', '2024\nDCR2708\n']","['CR\nC\n', '2024\n', '2024\nDCR2708\n']","['C\nC\n', 'P\n2024\n', '2024\nPC2708\n']",modelv1.0__2026-05-17 06:45:08
D:/moth_photos/database\batch_05\img_moth_00009982.jpg,"[4000, 6000]",37.15686274509804,"['Photographedby\nAFletcher\n2024\n', 'sameeCoastaiXeserve\nChariestonCoSC\n\nZGaprtryec Cape\n', '2024\nDCR2706\n']","['2024\n', 'C\nCCC\n\n2 C\n', '2024\nDCR2706\n']","['P\n2024\n', 'C\nCCC\n\n2 C\n', '2024\nPC2706\n']",modelv1.0__2026-05-17 06:45:08
D:/moth_photos/database\batch_05\img_moth_00009983.jpg,"[4000, 6000]",37.68,"['', 'Photographedby\n\nAFletcher\n2024\n', '2024\nDCR2709\n']","['', '2024\n', '2024\nDCR2709\n']","['', 'P\n\n2024\n', '2024\nC2709\n']",modelv1.0__2026-05-17 06:45:08
D:/moth_photos/database\batch_05\img_moth_00009984.jpg,"[4000, 6000]",37.64,"['Photographedby\nAFletcher\n2024\n', '2024\nDCR2710\n', 'SanteeCoastalReserve\nChartestonCoSC\n\nEFLePresti\nCUAPAR2YCape\n']","['2024\n', '2024\nDCR2710\n', 'CR\nCC0C\n\nCRRR2C\n']","['P\n2024\n', '2024\nC2710\n', 'C\nCC0C\n\nP\nCP2C\n']",modelv1.0__2026-05-17 06:45:08
D:/moth_photos/database\batch_05\img_moth_00009985.jpg,"[4000, 6000]",37.760000000000005,"['Photographedby\nAFletcher\n2024\n', '2024\nDCR2703\n', 'SarnteeCoastalReserve\nChartestonCo sc\n']","['2024\n', '2024\nDCR2703\n', 'CR\nCC\n']","['P\n2024\n', '2024\nC2703\n', 'CP\nCC\n']",modelv1.0__2026-05-17 06:45:08
D:/moth_photos/database\batch_05\img_moth_00009986.jpg,"[4000, 6000]",37.44,"['SamseCoestalReserve\n', 'Photographedby\nAFletcher\n2024\n', '2024\nDCR2702\n']","['CR\n', '2024\n', '2024\nDCR2702\n']","['CP\n', 'P\n2024\n', '2024\nC2702\n']",modelv1.0__2026-05-17 06:45:08
D:/moth_photos/database\batch_05\img_moth_00009987.jpg,"[4000, 6000]",37.7,"['Photographedby\nAFletcher\n2024\n', 'Santee CoastalReserve\nChariestonCoSC\n\nEFLoPresti\n\n1 Vd4Collins Creek\n', '2024\n\nDCR2713\n']","['2024\n', 'CR\nCC0C\n\nC\n\n1 4C C\n', '2024\n\nDCR2713\n']","['P\n2024\n', 'C\nCC0C\n\nCP\n\n1 4C C\n', '2024\n\nC2713\n']",modelv1.0__2026-05-17 06:45:08
D:/moth_photos/database\batch_05\img_moth_00009988.jpg,"[4000, 6000]",37.13725490196079,"['varnteeCoastalReserve\n\nlnayge y Ommond Hall\n', 'Photographedby\nAFletcher\n2024\n', '2024\nDCR2715\n']","['CR\n\n4\n', '2024\n', '2024\nDCR2715\n']","['C\n\n4\n', 'P\n2024\n', '2024\nC2715\n']",modelv1.0__2026-05-17 06:45:08
D:/moth_photos/database\batch_05\img_moth_00009989.jpg,"[4000, 6000]",37.21568627450981,"['Photographedby\nAFletcher\n2024\n', 'Santee CoastalReserve\nCharlestonCpSC\nEFLoPresti\nJee foOnmond Hall\n\ni\n', '2024\nDCR2726\n']","['2024\n', 'CR\nCCC\n', '2024\nDCR2726\n']","['P\n2024\n', 'CP\nCCC\nP\n', '2024\nC2726\n']",modelv1.0__2026-05-17 06:45:08
D:/moth_photos/database\batch_05\img_moth_00009990.jpg,"[4000, 6000]",37.7,"['Photographedby\nAFletcher\n2024\n', 'SanteeCoastalReserve\nCharlestonGoSC\nEFLoPresti\n\nlenny 27Ormond Hail\n', '2024\nDCR2722\n']","['2024\n', 'CR\nCC\n\nR 27\n', '2024\nDCR2722\n']","['P\n2024\n', 'CP\nCC\nP\n\n27\n', '2024\nC2722\n']",modelv1.0__2026-05-17 06:45:08
D:/moth_photos/database\batch_05\img_moth_00009991.jpg,"[4000, 6000]",37.760000000000005,"['Photographed by\nAFletcher\n2024\n', '2024\nDCR2718\n', 'Santee CoastalReserve\nCharlestonCoSC\nEFLoPresti\n\nyOnmmondHall\n']","['2024\n', '2024\nDCR2718\n', 'CR\nCCC\n0\n30\n']","['P\n2024\n', '2024\nC2718\n', 'C\nCCC\n0P\n30\n']",modelv1.0__2026-05-17 06:45:08
D:/moth_photos/database\batch_05\img_moth_00009992.jpg,"[4000, 6000]",37.64,"['Photographedby\nAFletcher\n2024\n', '2024\nDCR2727\n', 'beet\nSanteeCoastalReserve\nChardestonCoSC\nEFLoPresti\nvs OrmondHall\n']","['2024\n', '2024\nDCR2727\n', 'CR\nCCC\n']","['P\n2024\n', '2024\nC2727\n', 'C\nCCC\nP\n']",modelv1.0__2026-05-17 06:45:08
D:/moth_photos/database\batch_05\img_moth_00009993.jpg,"[4000, 6000]",37.11764705882353,"['Photographedby\nAFletcher\n2024\n', 'SarteeCoastalReserve\nChartes CoSC\nres\nMaayiy OrmondHall\n', '2024\nDCR2719\n']","['2024\n', 'CR\nC CC\n', '2024\nDCR2719\n']","['P\n2024\n', 'C\nC CC\n', '2024\nC2719\n']",modelv1.0__2026-05-17 06:45:08
D:/moth_photos/database\batch_05\img_moth_00009994.jpg,"[4000, 6000]",37.21568627450981,"['Photographedby\nAFletcher\n2024\n', 'SarteeCoastalReserve\nChariestonCoSC\nEFSoPresti\n1wy94OrmondHall\n', '2024\nDCR2721\n']","['2024\n', 'CR\nCC0C\n0\n194C\n', '2024\nDCR2721\n']","['P\n2024\n', 'C\nCC0C\n0P\n194C\n', '2024\nC2721\n']",modelv1.0__2026-05-17 06:45:08
D:/moth_photos/database\batch_05\img_moth_00009995.jpg,"[4000, 6000]",37.21568627450981,"['Photographedby\nAFletcher\n2024\n', '2024\nDCR2720\n', 'SanteeCoastalReserve\nCharlestonCoSC\nEFLoPresti\nihytOnmondHall\n']","['2024\n', '2024\nDCR2720\n', 'CR\nCCC\n2\n']","['P\n2024\n', '2024\nC2720\n', 'C\nCCC\nP\n2\n']",modelv1.0__2026-05-17 06:45:08
D:/moth_photos/database\batch_05\img_moth_00009996.jpg,"[4000, 6000]",37.333333333333336,"['aa\n\nPhotographedby\nAFletcher\n2024\n', 'SarteeCoastaReserve\n', '2024\nDCR2723\n']","['2024\n', 'CR\n', '2024\nDCR2723\n']","['P\n2024\n', 'C\n', '2024\nC2723\n']",modelv1.0__2026-05-17 06:45:08
D:/moth_photos/database\batch_05\img_moth_00009997.jpg,"[4000, 6000]",37.15686274509804,"['Photographed by\nAFletcher\n2024\n', 'SanteeCoastal Reserve\nCharestonCoSC\n\nEFeLloPresti\niA32OrmondHall\n', '2024\nDCR2725\n']","['2024\n', 'C R\nCC0C\n32C\n', '2024\nDCR2725\n']","['P\n2024\n', 'C\nCC0C\nP\n32C\n', '2024\nC2725\n']",modelv1.0__2026-05-17 06:45:08
D:/moth_photos/database\batch_05\img_moth_00009998.jpg,"[4000, 6000]",37.372549019607845,"['Photographedby\nAFletcher\n2024\n', 'SarteeCoastal Reserve\nChailestonCoSC\nEFLoPresti\nI Masy24OmondHall\n', '2024\nDCR2730\n']","['2024\n', 'C R\nCC0C\n240\n', '2024\nDCR2730\n']","['P\n2024\n', 'C\nCC0C\nPP\n240\n', '2024\nC2730\n']",modelv1.0__2026-05-17 06:45:08
D:/moth_photos/database\batch_05\img_moth_00009999.jpg,"[4000, 6000]",37.09803921568628,"['Photographedby\nAFletcher\n2024\n', 'SanteeCoastalReserve\nCharestonoSC\nEFLoPrest\nfxpiOrmondHall\n', '2024\nDCR2729\n']","['2024\n', 'CR\nC0C\n', '2024\nDCR2729\n']","['P\n2024\n', 'C\nC0C\nP\n', '2024\nC2729\n']",modelv1.0__2026-05-17 06:45:08
D:/moth_photos/database\batch_05\img_moth_00010000.jpg,"[4000, 6000]",37.568627450980394,"['Photographedby\nAFletcher\n2024\n', '2024\nDCR2732\n', 'Santee CoastalReserve\nCharlestonCoSC\n\nEFLoPresti\nMA1LOrmond Hall\n']","['2024\n', '2024\nDCR2732\n', 'CR\nCC0C\n12C\n']","['P\n2024\n', '2024\nC2732\n', 'C\nCC0C\n\nP\n12C\n']",modelv1.0__2026-05-17 06:45:08
