file_name,image_size,tick_size,tag_text,tag_id_guess_m,tag_id_guess_h,inference_info
D:/moth_photos/database\batch_20\img_moth_00038001.jpg,"[4000, 6000]",55.795918367346935,"['Salebriaria\npumilellaRag\n\nDetBGScholtens\n\nDec2024\n', 'WPC\n19912\n', 'RBDominick\nMcClellanville\nfhe Carolin\n\nBES\n']","['R\nDRC\nD2024\n', 'RC\n19912\n', 'RRD\nC\n3 C\n']","['C\n2024\n', 'WPC\n19912\n', 'C\n3 C\n\nP\n']",modelv1.0__2026-05-18 08:48:43
D:/moth_photos/database\batch_20\img_moth_00038002.jpg,"[4000, 6000]",55.76315789473684,"['WPC\n19813\n', 'RBDominick\nCharlesREdwards\nMcCleJlanville\nAor Carolina\n\nSs\nBhorily1F22\nLrahtYo\n']","['C\n19813\n', 'RRD\n\nCR\n\nC\nC\n\n122\n']","['WPC\n19813\n', 'C\nC\nC\n\n122\n']",modelv1.0__2026-05-18 08:48:43
D:/moth_photos/database\batch_20\img_moth_00038003.jpg,"[4000, 6000]",55.10000000000001,"['WPC\n19911\n', '2BDominick\nAcClellanville\n3OR Garolina\n\n20Meg 1994\n\nLight oye\n', 'Salebriaria\n\npumilella Rag\nDetBGScholtens\nDec2024\n']","['C\n19911\n', '2RD\nC\n3R\n\n20 1994\n', 'R\nD\nD2024\n']","['WPC\n19911\n', '2\nC\n3\n\n20W 1994\n', 'P\n2024\n']",modelv1.0__2026-05-18 08:48:43
D:/moth_photos/database\batch_20\img_moth_00038004.jpg,"[4000, 6000]",55.21052631578947,"['RBDominick\nMcClellanville\nSouth Carolina\n\n7Mar1974\nLisht2\n', 'WwPC\n19814\n']","['RD\nC\nC\n\n71974\n2\n', 'C\n19814\n']","['C\nC\n\n71974\n2\n', 'WPC\n19814\n']",modelv1.0__2026-05-18 08:48:43
D:/moth_photos/database\batch_20\img_moth_00038005.jpg,"[4000, 6000]",55.87179487179487,"['WPC\n19913\n', 'Salebriaria\n\npumilellaRag\n\nDetBGScholtens\nDec2024\n\n', 'RB Dominic\nMcClellanville\nNaga\n\na\nSiaht f\n']","['C\n19913\n', 'R\nDR\nD2024\n\n', 'R D\nC\n']","['WPC\n19913\n', 'P\n2024\n\n', 'C\n']",modelv1.0__2026-05-18 08:48:43
D:/moth_photos/database\batch_20\img_moth_00038006.jpg,"[4000, 6000]",56.026315789473685,"['WPC\n19815\n', 'RBDominick\nCharlesREdwards\nMcClellanville\nSouthCarolina\n\nMO4rlhyLA71\n']","['C\n19815\n', 'RD\nCR\nC\nC\n\n471\n']","['WPC\n19815\n', 'C\nC\nC\n\n471\n']",modelv1.0__2026-05-18 08:48:43
D:/moth_photos/database\batch_20\img_moth_00038007.jpg,"[4000, 6000]",55.125,"['WPC\n19914\n', 'Salebriaria\n\npumilellaRag\nDetBGScholtens\nDec2024\n', 'RBDominick\nMcClellanville\nSouthkCarolina\n\ntz\n\nLight\n']","['C\n19914\n', 'R\nD\nD2024\n', 'RD\nC\nC\n']","['WPC\n19914\n', '2024\n', 'C\nC\n']",modelv1.0__2026-05-18 08:48:43
D:/moth_photos/database\batch_20\img_moth_00038008.jpg,"[4000, 6000]",56.07894736842105,"['WPC\n19816\n', 'RBDominick\nChariesREdwards\nMcClellanville\nSouth Capolme\n22Sah ae L77h\n\nLisheF\n']","['C\n19816\n', 'RRD\nCR\nC\nC\n22 177\n\nC42\n']","['WPC\n19816\n', 'C\nC\nC\n22 177\n\nC42\n']",modelv1.0__2026-05-18 08:48:43
D:/moth_photos/database\batch_20\img_moth_00038009.jpg,"[4000, 6000]",55.475,"['Salebriaria\npumilellaRag\n\nDetBGScholtens\n\nDec2024\n', 'WPC\n19915\n', 'RBDominick\nMcClellanville\nMe Carolina\n']","['R\nDR\nD2024\n', 'C\n19915\n', 'RRD\nC\nC\n']","['2024\n', 'WPC\n19915\n', 'C\nC\n']",modelv1.0__2026-05-18 08:48:43
D:/moth_photos/database\batch_20\img_moth_00038010.jpg,"[4000, 6000]",56.39473684210527,"['WPC\n19817\n', 'RBDominick\nCharlesREdwards\nMcClellanville\nSouth Carolina\n\nb7Aprilt97\nLightoF\n']","['C\n19817\n', 'RRD\nCR\nC\nC\n\n797\n']","['WPC\n19817\n', 'C\nC\nC\n\n797\n']",modelv1.0__2026-05-18 08:48:43
D:/moth_photos/database\batch_20\img_moth_00038011.jpg,"[4000, 6000]",55.81632653061224,"['WPC\n19916\n', 'Salebriaria\npumilellaRag\n\nDetBGScholtens\n\nDec2024\n', 'RBDominick\nMcClellanville\n\nae oy lina\nLighEk\n']","['C\n19916\n', 'R\nD\nD2024\n', 'RD\nC\n']","['WPC\n19916\n', '2024\n', 'C\n']",modelv1.0__2026-05-18 08:48:43
D:/moth_photos/database\batch_20\img_moth_00038012.jpg,"[4000, 6000]",56.36842105263158,['WPC\n19818\n'],['RC\n19818\n'],['WPC\n19818\n'],modelv1.0__2026-05-18 08:48:43
D:/moth_photos/database\batch_20\img_moth_00038013.jpg,"[4000, 6000]",55.34,"['WPC\n19917\n', 'RB Dominick\nMcClellanville\nSouthCarolinz\n\n17foaT275\n']","['RC\n19917\n', 'R D\nC\nC\n\n17275\n']","['WPC\n19917\n', 'C\nC\n\n17275\n']",modelv1.0__2026-05-18 08:48:43
D:/moth_photos/database\batch_20\img_moth_00038014.jpg,"[4000, 6000]",56.26315789473685,"['WPC\n19819\n', '2BDominick\nharlesREdwards\nAcCleldanville\nmaiithCarolinae\n']","['C\n19819\n', '2RD\nR\nC\nC\n']","['WPC\n19819\n', '2\nC\nC\n']",modelv1.0__2026-05-18 08:48:43
D:/moth_photos/database\batch_20\img_moth_00038015.jpg,"[4000, 6000]",56.0,"['WPC\n19918\n', 'RBDominic\nMcClellanville\nan aris\n\nrae\n']","['RC\n19918\n', 'RD\nC\n']","['WPC\n19918\n', '2\nC\n\nP\n']",modelv1.0__2026-05-18 08:48:43
D:/moth_photos/database\batch_20\img_moth_00038016.jpg,"[4000, 6000]",56.42105263157895,"['WPC\n19820\n', 'RBDominick\nCharlesREdwards\nMcClellanville\nSouthCarolina29458\n']","['C\n19820\n', 'RD\nCR\nC\nC29458\n']","['WPC\n19820\n', 'C\nC\nC29458\n']",modelv1.0__2026-05-18 08:48:43
D:/moth_photos/database\batch_20\img_moth_00038017.jpg,"[4000, 6000]",56.0204081632653,"['WPC\n19919\n', 'Salebriariasquamopalpiella\n\nNeunzig\nDetBGScholtens\nOct2024\n']","['C\n19919\n', 'DRC\n02024\n']","['WPC\n19919\n', 'C\n02024\n']",modelv1.0__2026-05-18 08:48:43
D:/moth_photos/database\batch_20\img_moth_00038018.jpg,"[4000, 6000]",55.641025641025635,"['WPC\n19821\n', 'iCiPSOUCrtkthCCtCtSF\nRB Dominick\nChariesREdwards\nMcClellanvifie\nSouthCarolina\n\n22Apvil 192\nhighsAY\n']","['RC\n19821\n', 'CCCC\nR D\nCR\nC\nC\n\n22 192\n4\n']","['WPC\n19821\n', 'CPCCC\nP\nC\nC\nC\n\n22 192\n4\n']",modelv1.0__2026-05-18 08:48:43
D:/moth_photos/database\batch_20\img_moth_00038019.jpg,"[4000, 6000]",56.315789473684205,"['WPC\n19822\n', 'RBDominick\nCharlesREdwards\nMcClellanville\nSouthCarolina29458\n\nHH TUNE 697d\n']","['C\n19822\n', 'RD\nCR\nC\nC29458\n\nC974\n']","['WPC\n19822\n', 'C\nC\nC29458\n\nC974\n']",modelv1.0__2026-05-18 08:48:43
D:/moth_photos/database\batch_20\img_moth_00038020.jpg,"[4000, 6000]",55.4,"['RBDominick\nMcClellanville\nSouth Carolina\n\nSApr1973\nLiahtov\n', 'wec\n19920\n', 'Salebriariasquamopalpiella\n\nNeunzig\nDetBGScholtens\nOct2024\n']","['RD\nC\nC\n\n51973\nR\n', '19920\n', 'DR\n2024\n']","['C\nC\n\n51973\n', '19920\n', '2024\n']",modelv1.0__2026-05-18 08:48:43
D:/moth_photos/database\batch_20\img_moth_00038021.jpg,"[4000, 6000]",55.74418604651163,"['SOUTHCAROLINA\nwedge Plantation\nMcClellanville\n\nMarch21947\nDeCeFerquson\n', 'WPC\n19823\n']","['5CRC\nC\n\n21947\nDC\n', 'C\n19823\n']","['5CC\nW P\nC\n\n21947\nC\n', 'WPC\n19823\n']",modelv1.0__2026-05-18 08:48:43
D:/moth_photos/database\batch_20\img_moth_00038022.jpg,"[4000, 6000]",56.0204081632653,"['WPC\n19921\n', 'RBDominick\nMcClennanvill\nSouthCarolin\n\n24Apy14\nLape\n', 'Toll\nSalebriaria squamopalpiella\nNeunzig\nDetBGScholtens\n\nOct2024\n']","['C\n19921\n', 'RRD\nC\nC\n\n24R14\n', 'DC\n9\nDR\n\n2024\n']","['WPC\n19921\n', 'C\nC\n\n2414\n', '9\n\n2024\n']",modelv1.0__2026-05-18 08:48:43
D:/moth_photos/database\batch_20\img_moth_00038023.jpg,"[4000, 6000]",55.38461538461538,"['WPC\n19824\n', 'RBDominick\nCharlesREdwards\nMcClellanville\nSouthCarolina\n\n24 reh14\nPaes u\n']","['C\n19824\n', 'RRD\nCR\nC\nC\n\n24 14\n']","['WPC\n19824\n', 'C\nC\nC\n\n24 14\nP\n']",modelv1.0__2026-05-18 08:48:43
D:/moth_photos/database\batch_20\img_moth_00038024.jpg,"[4000, 6000]",56.025000000000006,"['WPC\n19922\n\n', 'Salebriariasquamopalpiella\n\nNeunzig\nDetBGScholtens\nOct2024\n']","['C\n19922\n\n', '2\nD\n02024\n']","['WPC\n19922\n\n', '2\n02024\n']",modelv1.0__2026-05-18 08:48:43
D:/moth_photos/database\batch_20\img_moth_00038025.jpg,"[4000, 6000]",56.3421052631579,"['SOUTHCAROLINA\nWedge Plantation\nMcClellanville\n\nMarch231967\n\nTCRerauson\n', 'WPC\n19825\n']","['CR\nC\n\n231967\n\nCR\n', 'RC\n19825\n']","['C\nW P\nC\n\n231967\n\nCP\n', 'WPC\n19825\n']",modelv1.0__2026-05-18 08:48:43
D:/moth_photos/database\batch_20\img_moth_00038026.jpg,"[4000, 6000]",56.384615384615394,"['RBDominick\nMcClellanville\nSouthCarolina\n\nLisht\n', '19923\n', 'eres\nSalebriariasquamopalpiella\n\nNeunzig\nDetBGScholtens\nOct2024\n']","['RRD\nC\nC\n', '19923\n', 'D\n2024\n']","['C\nC\n', '19923\n', '2024\n']",modelv1.0__2026-05-18 08:48:43
D:/moth_photos/database\batch_20\img_moth_00038027.jpg,"[4000, 6000]",55.35897435897436,"['WPC\n19826\n', 'RBDominick\nCharlesR Edwards\nMcCle lianville\n']","['C\n19826\n', 'RRD\nCR\nC\n']","['WPC\n19826\n', 'C\nC\n']",modelv1.0__2026-05-18 08:48:43
D:/moth_photos/database\batch_20\img_moth_00038028.jpg,"[4000, 6000]",55.0,"['WPC\n19924\n', 'RBDominick\nMcClellanville\nBtu Sit\n\nge\n']","['C\n19924\n', 'RD\nC\n']","['WPC\n19924\n', 'C\n']",modelv1.0__2026-05-18 08:48:43
D:/moth_photos/database\batch_20\img_moth_00038029.jpg,"[4000, 6000]",56.20512820512821,['WPC\n19827\n'],['RC\n19827\n'],['WPC\n19827\n'],modelv1.0__2026-05-18 08:48:43
D:/moth_photos/database\batch_20\img_moth_00038030.jpg,"[4000, 6000]",55.78048780487804,"['WPC\n19925\n', 'RBDominick\nMcClellanville\nSouthCarolina\n\n2Bfulyft75\nliahh2e\n']","['RC\n19925\n', 'RRD\nC\nC\n\n28075\n2\n']","['WPC\n19925\n', 'C\nC\n\n28P075\n2\n']",modelv1.0__2026-05-18 08:48:43
D:/moth_photos/database\batch_20\img_moth_00038031.jpg,"[4000, 6000]",55.89473684210527,"['SOUTHCAROLINA\nWedge Plantation\nMcClellanville\n\nMarch371967\n\nDCFergquson\n', 'WPC\n19828\n']","['CR\nC\n\n371967\n\nDC\n', 'C\n19828\n']","['C\nW P\nC\n\n371967\n\nCP\n', 'WPC\n19828\n']",modelv1.0__2026-05-18 08:48:43
D:/moth_photos/database\batch_20\img_moth_00038032.jpg,"[4000, 6000]",55.55,"['WPC\n19926\n', 'Salebriaria\ncarolynaeNeunzig\n\nDetBGScfholtens\n\nOct2024\n', 'RBDominick\nCharlesREdwards\nMcClellanville\nSouthCarolina\n\nLISEt\n']","['C\n19926\n', 'C\nDR\n02024\n', 'RD\nCR\nC\nC\n\nD\n']","['WPC\n19926\n', 'C\n02024\n', 'C\nC\nC\n']",modelv1.0__2026-05-18 08:48:43
D:/moth_photos/database\batch_20\img_moth_00038033.jpg,"[4000, 6000]",55.38461538461538,"['Wize\n19829\n', 'McClellanville\n\nSouthCarolina\nRBDominick\n\n22Mer16S\n1 h ft 6\n']","['19829\n', 'C\n\nC\nRRD\n\n2216\n1 6\n']","['W\n19829\n', 'C\n\nC\n\n2216\n1 6\n']",modelv1.0__2026-05-18 08:48:43
D:/moth_photos/database\batch_20\img_moth_00038034.jpg,"[4000, 6000]",55.024390243902445,"['WPC\n19927\n', 'Salebriaria\ncarolynaeNeunzig\n\nDetBGScholtens\n\nOct2024\n\n']","['C\n19927\n', '9\nD\n02024\n\n']","['WPC\n19927\n', '9\n02024\n\n']",modelv1.0__2026-05-18 08:48:43
D:/moth_photos/database\batch_20\img_moth_00038035.jpg,"[4000, 6000]",56.18421052631578,"['WPC\n19830\n', 'WedgePlantation\nSouthSanteeRiver\nCharlestohCoSC\nMarch2 2 1967\nDouglasCFerguson\n']","['C\n19830\n', 'R\nCCC\n2 2 1967\n\nDC\n']","['WPC\n19830\n', 'WP\nCCC\n2 2 1967\nPC\n']",modelv1.0__2026-05-18 08:48:43
D:/moth_photos/database\batch_20\img_moth_00038036.jpg,"[4000, 6000]",56.05,"['WPC\n19928\n', 'Salebriaria\n\ncarolynaeNeunzig\nDetBGScholtens\nOct2024\n', 'KBDominick\nCharlesREdward\nMcClellanville\nSouthCarolina\n\n3j Max 197\notpl57\n']","['C\n19928\n', 'C\nD\n2024\n', 'RRD\nCR\nC\nC\n\n3 197\n57\n']","['WPC\n19928\n', 'C\n2024\n', 'C\nC\nC\n\n3 197\n57\n']",modelv1.0__2026-05-18 08:48:43
D:/moth_photos/database\batch_20\img_moth_00038037.jpg,"[4000, 6000]",56.28947368421053,"['WPC\n19831\n', 'ledgePlantation\nouthSanteeRiver\ntharlestonCoSC\nlarchQY1967\niouglasCFerguson\n']","['C\n19831\n', 'R\nC0C\nD1967\n\nC\n']","['WPC\n19831\n', 'P\nC0C\n1967\nC\n']",modelv1.0__2026-05-18 08:48:43
D:/moth_photos/database\batch_20\img_moth_00038038.jpg,"[4000, 6000]",55.07317073170732,"['WPC\n19929\n', 'RBDominick\nMcClellanville\nBe 14 5\n\nbe\n']","['C\n19929\n', 'RD\nC\nD 14 5\n']","['WPC\n19929\n', '2\nC\n14 5\n']",modelv1.0__2026-05-18 08:48:43
D:/moth_photos/database\batch_20\img_moth_00038039.jpg,"[4000, 6000]",55.256410256410255,"['SOUTHCAROLINA\nWedgePlantation\nMocchD19\n\nMarch 19G\nDCFerguson\n', 'WPC\n19832\n']","['CR\nD19\n\n196\nDC\n', 'RC\n19832\n']","['C\nWP\n19\n\n196\nCP\n', 'WPC\n19832\n']",modelv1.0__2026-05-18 08:48:43
D:/moth_photos/database\batch_20\img_moth_00038040.jpg,"[4000, 6000]",55.973684210526315,"['SOUTHCAROLINA\nWedge Piantation\nMcClellanville\n\nMarch281967\n\nDCFerguson\n', 'WPC\n19833\n']","['0CR\nC\n\n281967\n\nDC\n', 'C\n19833\n']","['0C\nW P\nC\n\n281967\n\nC\n', 'WPC\n19833\n']",modelv1.0__2026-05-18 08:48:43
D:/moth_photos/database\batch_20\img_moth_00038041.jpg,"[4000, 6000]",55.5,"['SOUTHCAROLINA\nWedge Plantation\nMcClella a\n\nMarch 1949\n\nDCFerguson\n', 'WPC\n19834\n']","['CRC\nC\n\n1949\n\nDC\n', 'C\n19834\n']","['CC\nW P\nC\n\n1949\n\nC\n', 'WPC\n19834\n']",modelv1.0__2026-05-18 08:48:43
D:/moth_photos/database\batch_20\img_moth_00038042.jpg,"[4000, 6000]",55.66666666666667,['WPC\n19835\n'],['RC\n19835\n'],['WPC\n19835\n'],modelv1.0__2026-05-18 08:48:43
D:/moth_photos/database\batch_20\img_moth_00038043.jpg,"[4000, 6000]",55.102564102564095,"['WPC\n19836\n', 'RBDominick\nChariesREdward\nMcClellanville\nSouth Carolina\n\na faee\n']","['C\n19836\n', 'RRD\nCR\nC\nC\n']","['WPC\n19836\n', 'C\nC\nC\n']",modelv1.0__2026-05-18 08:48:43
D:/moth_photos/database\batch_20\img_moth_00038044.jpg,"[4000, 6000]",55.41025641025641,"['WPC\n19837\n', 'WeagePlantation\nSouthSanteeRiver\nCharlestonCoSC\nMarch271967\nDouglasCFerguson\n']","['C\n19837\n', 'R\nCCC\n271967\nDC\n']","['WPC\n19837\n', 'WP\nCCC\n271967\nC\n']",modelv1.0__2026-05-18 08:48:43
D:/moth_photos/database\batch_20\img_moth_00038045.jpg,"[4000, 6000]",55.333333333333336,"['WPC\n19838\n', 'RBDominick\nCharlesREdward\nMcClellanville\nSouth Carolina\n\n4\n']","['C\n19838\n', 'RRD\nCR\nC\nC\n\n4\n']","['WPC\n19838\n', 'C\nC\nC\n\n4\n']",modelv1.0__2026-05-18 08:48:43
D:/moth_photos/database\batch_20\img_moth_00038046.jpg,"[4000, 6000]",55.282051282051285,"['WPC\n19839\n', 'RBDominick\nCharlesREdward\nMcClellanville\nsouthCaprolina\n']","['RC\n19839\n', 'RRD\nCR\nC\nC\n']","['WPC\n19839\n', 'C\nC\nC\n']",modelv1.0__2026-05-18 08:48:43
D:/moth_photos/database\batch_20\img_moth_00038047.jpg,"[4000, 6000]",55.41025641025641,"['WPC\n19840\n', 'ledgePlantation\nfouthSanteeRiver\ntharlestonCo SC\ntarchSf 1967\nYouglasCFerguson\n']","['C\n19840\n', 'R\nC C\n1967\n\nC\n']","['WPC\n19840\n', 'P\nC C\n1967\nC\n']",modelv1.0__2026-05-18 08:48:43
D:/moth_photos/database\batch_20\img_moth_00038048.jpg,"[4000, 6000]",55.357142857142854,"['RBDominick\nMcClellanville\nSouthCarolinz\n\nlMar1V14\nliabton\n', 'WPC\n19841\n']","['RD\nC\nC\n\nC114\n', 'C\n19841\n']","['C\nC\n\nC114\n', 'WPC\n19841\n']",modelv1.0__2026-05-18 08:48:43
D:/moth_photos/database\batch_20\img_moth_00038049.jpg,"[4000, 6000]",55.84210526315789,"['WPC\n19842\n', 'RBDominick\nMcClellanville\nSouth Car8lina\n\n12g 69\n']","['C\n19842\n', 'RRD\nC\nC8\n\n12 69\n']","['WPC\n19842\n', 'C\nC8\n\n12 69\n']",modelv1.0__2026-05-18 08:48:43
D:/moth_photos/database\batch_20\img_moth_00038050.jpg,"[4000, 6000]",55.65789473684211,"['WPC\n19843\n', 'RBDominick\nMcClellanville\nSouthCarolina\n\n7Mar47\nbight ond\n', 'aPYY ma\n4 f P\n\nOOF\n']","['C\n19843\n', 'RRD\nC\nC\n\n747\n', '4\n\nC\n']","['WPC\n19843\n', 'C\nC\n\n747\n', 'P\n4 P\n\nC\n']",modelv1.0__2026-05-18 08:48:43
D:/moth_photos/database\batch_20\img_moth_00038051.jpg,"[4000, 6000]",55.282051282051285,"['WPC\n19844\n', 'SsiaPklt\n\nRBDominick\nMcClellanville\nSouthFarolina\n\niPoa18\n']","['C\n19844\n', 'RRD\nC\n\nR18\n']","['WPC\n19844\n', 'P\nC\n\nP18\n']",modelv1.0__2026-05-18 08:48:43
D:/moth_photos/database\batch_20\img_moth_00038052.jpg,"[4000, 6000]",55.71052631578947,"['WPC\n19845\n', 'RBDominick\nMcClellanville\nSouthFarolina\n\n2Bhpril1994\nLinhtaayr\n']","['RC\n19845\n', 'RD\nC\n\n21994\n']","['WPC\n19845\n', 'C\n\n21994\n']",modelv1.0__2026-05-18 08:48:43
D:/moth_photos/database\batch_20\img_moth_00038053.jpg,"[4000, 6000]",55.71052631578947,"['WPC\n19846\n', 'RBDominick\nMcClellanville\n\nouthCarolfna\nBR\n\nbighf\n']","['RC\n19846\n', 'RRD\nC\n\nC\nR14\n']","['WPC\n19846\n', 'C\n\nC\n14\n']",modelv1.0__2026-05-18 08:48:43
D:/moth_photos/database\batch_20\img_moth_00038054.jpg,"[4000, 6000]",55.900000000000006,"['RBDominick\nMcClellanville\nshri\n\nfer 97\n', 'WPC\n19847\n']","['RD\nC\n\n97\n', 'C\n19847\n']","['C\n\n97\n', 'WPC\n19847\n']",modelv1.0__2026-05-18 08:48:43
D:/moth_photos/database\batch_20\img_moth_00038055.jpg,"[4000, 6000]",56.3421052631579,"['WPC\n19848\n', 'RBDominick\nMcClellanville\nSouthCarolina\n\n6funel424\nLightQ\n']","['RC\n19848\n', 'RRD\nC\nC\n\n61424\nD\n']","['WPC\n19848\n', 'C\nC\n\n61424\n']",modelv1.0__2026-05-18 08:48:43
D:/moth_photos/database\batch_20\img_moth_00038056.jpg,"[4000, 6000]",55.973684210526315,"['WPC\n19849\n', 'BDominicl\nAcClellanville\nsouthCarojin\n\n2dug65\nhiaht\n', 'phestiodes\ninfimellaRag\nDetBGSchditens\n\nE\n\n']","['C\n19849\n', 'RD\nCC\nC\n\n265\n', 'R\nD\n\n']","['WPC\n19849\n', 'CC\nC\n\n265\n', '']",modelv1.0__2026-05-18 08:48:43
D:/moth_photos/database\batch_20\img_moth_00038057.jpg,"[4000, 6000]",56.26315789473685,"['WPC\n19850\n', 'RBDominick\nMcClellanville\nSouthCarolina\n\n21May1974\nlroabt2\n', 'Ephestiodes\ninfimellaRag\nDetBGScholtens\nDec2024\n\n']","['RC\n19850\n', 'RRD\nC\nC\n\n211974\n2\n', 'R\nDC\nD2024\n\n']","['WPC\n19850\n', 'C\nC\n\n211974\n2\n', 'C\n2024\n\n']",modelv1.0__2026-05-18 08:48:43
D:/moth_photos/database\batch_20\img_moth_00038058.jpg,"[4000, 6000]",55.69230769230769,"['Ephestiodes\ninfimeliaRag\nDetBGScholtens\n\nDec2024\n\n', 'WPC\n19851\n', 'RBDominic\nMicClellanville\nsouthCarolini\n\n7Ape fan\nLahtorP\n']","['R\nD\nD2024\n\n', 'C\n19851\n', 'RRD\nC\n0C\n\n7\n']","['2024\n\n', 'WPC\n19851\n', 'C\n0C\n\n7\nP\n']",modelv1.0__2026-05-18 08:48:43
D:/moth_photos/database\batch_20\img_moth_00038059.jpg,"[4000, 6000]",55.56410256410257,"['RBDominick\nMcClellanville\nSTs Garolinz\n\n1972\nLight\n', 'Ephestiodes\ninfimellaRag\nDetBGScholtens\nDec2024\n', 'WPC\n19852\n']","['RD\nC\n7\n\n1972\n', 'R\nD\nD2024\n', 'C\n19852\n']","['C\n7\n\n1972\n', '2024\n', 'WPC\n19852\n']",modelv1.0__2026-05-18 08:48:43
D:/moth_photos/database\batch_20\img_moth_00038060.jpg,"[4000, 6000]",55.755102040816325,"['Ephestiodes\ninfimellaRag\nDetBGScholtens\nDec2024\n', 'WPC\n19853\n', 'RBDominick\nMcClellanville\nSouthGarolinz\n']","['R\nD\nD2024\n', 'C\n19853\n', 'RRD\nC\n']","['2024\n', 'WPC\n19853\n', 'C\n']",modelv1.0__2026-05-18 08:48:43
D:/moth_photos/database\batch_20\img_moth_00038061.jpg,"[4000, 6000]",56.183673469387756,"['WPC\n19854\n', 'Ephestiodes\ninfimeljaRag\nDetBGScholtens\n\nDec2024\n\n', 'RBDominic\nMcClellanville\nSouthCarolin\n\nPINhcA9\nLight\n']","['C\n19854\n', '0\nR\nD\n\nD2024\n\n', 'RD\nC\nC\n\nR9\nR\n']","['WPC\n19854\n', '0\nP\n2024\n\n', 'C\nC\n\nP9\n']",modelv1.0__2026-05-18 08:48:43
D:/moth_photos/database\batch_20\img_moth_00038062.jpg,"[4000, 6000]",56.0,"['Ephestiodes\ninfimellaRag\nDetBGScholtens\n\nDec2024\n', 'WPC\n19855\n', 'sini\nRBDominick\nMcClellanville\nSoutlf Carolina\n\n1OAMVIZ\n\nLight\n']","['R\nDR\n\nD2024\n', 'RC\n19855\n', 'RD\nC\nC\n\n10\n']","['P\n\n2024\n', 'WPC\n19855\n', 'P\nC\nC\n\n10\n']",modelv1.0__2026-05-18 08:48:43
D:/moth_photos/database\batch_20\img_moth_00038063.jpg,"[4000, 6000]",55.02564102564103,"['RBDominick\nice lellanville\n\naly\n\nres\n', 'WPC\n19856\n', 'Salebriaria\n\nintegraNeunzig\nDetBGScholtens\nDec2024\n']","['RD\n', 'C\n19856\n', 'D\nD2024\n']","['2\n', 'WPC\n19856\n', '2024\n']",modelv1.0__2026-05-18 08:48:43
D:/moth_photos/database\batch_20\img_moth_00038064.jpg,"[4000, 6000]",55.35897435897436,"['WPC\n19857\n', 'Salebriaria\n\nintegraNeunzig\nDetBGScholtens\nDec2024\n', 'RBDominick\nMcClellanville\nSouthCarolina\n\n3Apri97\nliaht2\n']","['C\n19857\n', '9\nD\nD2024\n', 'RD\nC\nC\n\n397\n2\n']","['WPC\n19857\n', '9\n2024\n', 'C\nC\n\n397\n2\n']",modelv1.0__2026-05-18 08:48:43
D:/moth_photos/database\batch_20\img_moth_00038065.jpg,"[4000, 6000]",56.05263157894737,"['WPC\n19858\n', 'RBDominick\nMcClellanville\nSouthCarolina\n\nif\ndedrbS\n']","['C\n19858\n', 'RD\nC\nC\n']","['WPC\n19858\n', 'C\nC\n']",modelv1.0__2026-05-18 08:48:43
D:/moth_photos/database\batch_20\img_moth_00038066.jpg,"[4000, 6000]",55.58974358974359,"['Salebriaria\n\nturpidellaRag\nDetBGScholtens\nDec2024\n\n', 'WPC\n19859\n', 'RBDominick\nMcClellanville\nAu Carolina\n\nTAuly175\nLahte\n']","['R\nD\nD2024\n\n', 'C\n19859\n', 'RD\nC\n4 C\n\n175\n']","['2024\n\n', 'WPC\n19859\n', 'C\n4 C\n\n175\n']",modelv1.0__2026-05-18 08:48:43
D:/moth_photos/database\batch_20\img_moth_00038067.jpg,"[4000, 6000]",56.28947368421053,"['WPC\n19860\n', 'CSSTCOttC\nRB Dominick\nMcClellanville\nSouth Carolina\n\nopr oe\n\n']","['C\n19860\n', 'CCC\nR D\nC\nC\n\n2\n\n']","['WPC\n19860\n', 'CCC\nC\nC\n\n2\n\n']",modelv1.0__2026-05-18 08:48:43
D:/moth_photos/database\batch_20\img_moth_00038068.jpg,"[4000, 6000]",55.82051282051282,"['Erelieva\nparvuilellaEly\n\nDetBGScholtens\n\nDec2024\n\neC\n\n', 'WPC\n19861\n', 'RBDominick\nMcClellanville\nPOM Carolina\nOMat4\n\nPahtdg2\n']","['DRC\nD2024\n\nCC\n\n', 'C\n19861\n', 'RRD\nC\nC\n4\n\n2\n']","['C\n2024\n\nCC\n\n', 'WPC\n19861\n', 'C\nP C\n4\nP2\n']",modelv1.0__2026-05-18 08:48:43
D:/moth_photos/database\batch_20\img_moth_00038069.jpg,"[4000, 6000]",55.42857142857143,"['BDominicl\nAcClellanville\nouthCarolin\n', 'WPC\n19862\n', 'Eurythmia\nhospitellaZell\n\nDetBGScholtens\nDec2024\n\n', 'anfuele i Ely\nDetD0 Ferguson 19 7\nPasbodyMugoumYaoieOniv\n']","['D\nC\nC\n', 'C\n19862\n', '2\n\nDRC\nD2024\n\n', 'DD0 19 7\nR\n']","['C\nC\n', 'WPC\n19862\n', '2\n\nC\n2024\n\n', '0 P 19 7\nP\n']",modelv1.0__2026-05-18 08:48:43
D:/moth_photos/database\batch_20\img_moth_00038070.jpg,"[4000, 6000]",56.160714285714285,"['WPC\n19863\n', 'McClellanville\nSouthCarolina\nRBDominick\n\n19165\n']","['RC\n19863\n', 'C\nC\nRRD\n\n19165\n']","['WPC\n19863\n', 'C\nC\n\n19165\n']",modelv1.0__2026-05-18 08:48:43
D:/moth_photos/database\batch_20\img_moth_00038071.jpg,"[4000, 6000]",56.13157894736842,"['WPC\n19864\n', '']","['C\n19864\n', '']","['WPC\n19864\n', '']",modelv1.0__2026-05-18 08:48:43
D:/moth_photos/database\batch_20\img_moth_00038072.jpg,"[4000, 6000]",56.026315789473685,"['WPC\n19865\n', 'RBDominick\nMcClennanville\nSouthCarolina\n\nLMayl47\nrentaid\n']","['C\n19865\n', 'RRD\nC\nC\n\n47\n']","['WPC\n19865\n', 'C\nC\n\n47\n']",modelv1.0__2026-05-18 08:48:43
D:/moth_photos/database\batch_20\img_moth_00038073.jpg,"[4000, 6000]",55.769230769230774,"['WPC\n19866\n', 'Varneriaovar\noostremellaDyar\n\nDetBGScholtens\nDec2024\n\n', 'RBDominick\nMcClellanville\nsrmas474\n\nHATA pra\n\n']","['C\n19866\n', 'D\n\nD5\nD2024\n\n', 'RRD\nC\n474\n\n']","['WPC\n19866\n', '5\n2024\n\n', 'C\n474\n\n']",modelv1.0__2026-05-18 08:48:43
D:/moth_photos/database\batch_20\img_moth_00038074.jpg,"[4000, 6000]",55.55263157894736,"['WPC\n19867\n', 'RBDominicl\nMcClellanville\nSouthCaroffn\n\n8Rer197t\nlate\n']","['C\n19867\n', 'RD\nC\nC\n\n8R197\n']","['WPC\n19867\n', 'C\nC\n\n8197\n']",modelv1.0__2026-05-18 08:48:43
D:/moth_photos/database\batch_20\img_moth_00038075.jpg,"[4000, 6000]",55.94736842105263,"['WPC\n19868\n', 'AcCle llanville\nsouthCaroRkn\n\ntsAlpr47G\nabt\n']","['C\n19868\n', 'C\nCR\n\n474\n']","['WPC\n19868\n', 'C\nC\n\n474\n']",modelv1.0__2026-05-18 08:48:43
D:/moth_photos/database\batch_20\img_moth_00038076.jpg,"[4000, 6000]",55.57894736842105,"['WPC\n19869\n', 'RBDominick\nMcClellanville\nSout Carolina\n\nf\neq\n\neTe\nhititPP\n']","['RC\n19869\n', 'RRD\nC\nC\n']","['WPC\n19869\n', 'C\nC\n\nPP\n']",modelv1.0__2026-05-18 08:48:43
D:/moth_photos/database\batch_20\img_moth_00038077.jpg,"[4000, 6000]",55.15384615384616,"['WPC\n19870\n', '2BDominick\nMcClellanville\nsouthCarclina\n']","['C\n19870\n', '2D\nC\nC\n']","['WPC\n19870\n', '2\nC\nC\n']",modelv1.0__2026-05-18 08:48:43
D:/moth_photos/database\batch_20\img_moth_00038078.jpg,"[4000, 6000]",56.36842105263158,"['an\nWPC\n19871\n', 'RBDominick\nMcClellanville\nSouthCarolina\n']","['C\n19871\n', 'RRD\nC\nC\n']","['WPC\n19871\n', 'C\nC\n']",modelv1.0__2026-05-18 08:48:43
D:/moth_photos/database\batch_20\img_moth_00038079.jpg,"[4000, 6000]",56.06976744186046,"['WPC\n19872\n', 'RBDominick\nMcClellanville\nBhp Caroling\n\ni\nYRpe1974\n']","['C\n19872\n', 'RD\nC\n8 C\n\n4\nR1974\n']","['WPC\n19872\n', 'C\n8 C\n\n4\n1974\n']",modelv1.0__2026-05-18 08:48:43
D:/moth_photos/database\batch_20\img_moth_00038080.jpg,"[4000, 6000]",56.26315789473685,"['WPC\n19873\n', 'RBDominick\nMcClellanville\nSouthCarolin\n\nIRApr197\nereIf4\n']","['C\n19873\n', 'RD\nC\nC\n\n1R197\nR4\n']","['WPC\n19873\n', 'C\nC\n\n1197\n4\n']",modelv1.0__2026-05-18 08:48:43
D:/moth_photos/database\batch_20\img_moth_00038081.jpg,"[4000, 6000]",55.717948717948715,"['WPC\n19874\n', 'SSiC\nRB Dominick\nMcClellanville\nSouth Carolina\nIZ2Aptta7G\nLighto7\n\na\n']","['C\n19874\n', 'C\nR D\nC\nC\n1247\n7\n']","['WPC\n19874\n', 'C\nC\nC\n1247\n7\n']",modelv1.0__2026-05-18 08:48:43
D:/moth_photos/database\batch_20\img_moth_00038082.jpg,"[4000, 6000]",56.10256410256411,"['WPC\n19875\n', 'RBDominick\nMcClellanville\nSouthCarolinz\n\n12Apr197\n']","['C\n19875\n', 'RD\nC\nC\n\n12197\n']","['WPC\n19875\n', 'C\nC\n\n12197\n']",modelv1.0__2026-05-18 08:48:43
D:/moth_photos/database\batch_20\img_moth_00038083.jpg,"[4000, 6000]",56.33333333333333,"['SOUTHCAROLINA\nWedge Plantation\nMcClellafville\naugustJ41968\nDCFerguson\n', 'WPC\n19876\n']","['CR\nC\n41968\nDC\n', 'C\n19876\n']","['C\nW P\nC\n41968\nC\n', 'WPC\n19876\n']",modelv1.0__2026-05-18 08:48:43
D:/moth_photos/database\batch_20\img_moth_00038084.jpg,"[4000, 6000]",55.78947368421053,"['WPC\n19951\n', '5502\n', 'RB Dominick\n\nCharlesREdwards Ya\n\nMcClellanville QO\n\nSouthCarolina 29458\n2arJuy 1969\nLitgntk\n']","['C\n19951\n', '5502\n', 'R8 D\nCR\nC\nC 29458\n24 1969\n']","['WPC\n19951\n', '5502\n', '8 P\nC\nC\nC 29458\n24 1969\n']",modelv1.0__2026-05-18 08:48:43
D:/moth_photos/database\batch_20\img_moth_00038085.jpg,"[4000, 6000]",55.47368421052631,"['WPC\n19999\n', 'Macalla\nzelleriGrt\n\nDetBGScholtens\n\nDec2024\n\n', 'RBDominick\nCharlesREdwards\nMcClellanville ca\nSouthCarolina\n\nft mae 1970\nLisypt\n']","['C\n19999\n', 'C\nDRC\nD2024\n\n', 'RD\nCR\nC\nC\n1970\nC\n']","['WPC\n19999\n', 'C\nPC\n2024\n\n', 'C\n\nC\n\nC\n1970\nC\n']",modelv1.0__2026-05-18 08:48:43
D:/moth_photos/database\batch_20\img_moth_00038086.jpg,"[4000, 6000]",56.10810810810811,"['RBDominick\nMcClellanville\n\ni g\n', 'WPC\n19930\n']","['RRD\nC\n', 'C\n19930\n']","['C\n', 'WPC\n19930\n']",modelv1.0__2026-05-18 08:48:43
D:/moth_photos/database\batch_20\img_moth_00038087.jpg,"[4000, 6000]",55.825,"['WPC\n19952\n', '']","['C\n19952\n', '']","['WPC\n19952\n', '']",modelv1.0__2026-05-18 08:48:43
D:/moth_photos/database\batch_20\img_moth_00038088.jpg,"[4000, 6000]",55.609756097560975,"['WPC\n20000\n', 'Macalla\nZelleriGrt\n\nDetBGScholtens\n\nDec2024\n\n', 'RBDominick\nCharlesREdwards\nMcClellanville\nSouthCarolina\n\n4FJuh1973\nLiaye2B\n']","['C\n20000\n', 'DR\nD2024\n\n', 'RD\nCR\nC\nC\n\n41973\n2\n']","['WPC\n20000\n', '2024\n\n', 'C\nC\nC\n\n41973\n2P\n']",modelv1.0__2026-05-18 08:48:43
D:/moth_photos/database\batch_20\img_moth_00038089.jpg,"[4000, 6000]",56.35,"['WPC\n19931\n', 'Eulogia ochrifrontella\nZell\nDet BGScholtens\n\nDec2024\n']","['C\n19931\n', '2\nD RC\n\nD2024\n']","['WPC\n19931\n', '2\nC\n\n2024\n']",modelv1.0__2026-05-18 08:48:43
D:/moth_photos/database\batch_20\img_moth_00038090.jpg,"[4000, 6000]",55.18918918918919,"['WPC\n20001\n', 'Macalla\nzelleriGrt\n\nDetBGScholtens\n\nDec2024\n\n', 'RBDominick\nCharlesREdwards\nMcClellanville\nSouthCarolina29488\n437A6JFIO\nLtGhkax\n', '']","['C\n20001\n', 'DRC\nD2024\n\n', 'RRD\nCR\nC\nC29488\n4376C\nC\n', '']","['WPC\n20001\n', 'C\n2024\n\n', 'C\nC\nC29488\n4376PC\nC\n', '']",modelv1.0__2026-05-18 08:48:43
D:/moth_photos/database\batch_20\img_moth_00038091.jpg,"[4000, 6000]",55.023809523809526,"['WPC\n19932\n', 'Eulogiaochrifrontella\nZell e\n\nDetBGScholtens\n\nDec2024\n\n', 'Mc Clellanville\nSouthCarolina\n\n28 May L96P\n']","['C\n19932\n', '2\nD\nD2024\n\n', 'C\nC\n\n28 196\n']","['WPC\n19932\n', '2\n2024\n\n', 'C\nC\n\n28 W 196P\n']",modelv1.0__2026-05-18 08:48:43
D:/moth_photos/database\batch_20\img_moth_00038092.jpg,"[4000, 6000]",56.37837837837838,"['wecI\n19953\n', 'SSitPaPe\nRB Dominick\nCharles REdwards\nMcClellanville\nSouthCarolina e\nJ2 Aus 197i\n\nlisht\n']","['19953\n', 'R8 D\nC R\nC\nC\n2 197\n']","['19953\n', 'PP\n8\nC\nC\nC\n2 197\n']",modelv1.0__2026-05-18 08:48:43
D:/moth_photos/database\batch_20\img_moth_00038093.jpg,"[4000, 6000]",56.22222222222223,"['WPC\n20002\n', 'Macalia\nzelleriGrt\n\nDetBGScholtens\n\nDec2024\n', '8BDominick\nvherlesREdward\nAcClellanville\nSouthCarolina29458\n\nJY4May1g\nC1Gh ad\n']","['C\n20002\n', 'C\nD\nD2024\n', '8RD\nR\nC\nC29458\n\n41\nC16\n']","['WPC\n20002\n', 'C\n2024\n', '8\nC\nC29458\n\n41\nC16\n']",modelv1.0__2026-05-18 08:48:43
D:/moth_photos/database\batch_20\img_moth_00038094.jpg,"[4000, 6000]",56.22500000000001,"['WPC\n19933\n', 'RBDominick\nMcClellanville\n\nae Carolina\n\nae 196\nLops\n', '']","['C\n19933\n', 'RD\nC\nC\n\n196\n', '']","['WPC\n19933\n', 'C\nC\n196\n', '']",modelv1.0__2026-05-18 08:48:43
D:/moth_photos/database\batch_20\img_moth_00038095.jpg,"[4000, 6000]",56.351351351351354,"['wee\n19954\n', 'RBDominick\nCharlesR Edwards Dr\nMcClellanville g\nSouthCarolina29458\nZZAUG19G6\n\nLdsCn\n', 'Sor\n']","['19954\n', 'RRD\n\nCR D\n\nC\nC29458\n22196\n\nC\n', '2\n']","['W\n19954\n', 'C\n\nC\nC29458\n22196\n\nC\n', '2\n']",modelv1.0__2026-05-18 08:48:43
D:/moth_photos/database\batch_20\img_moth_00038096.jpg,"[4000, 6000]",55.34210526315789,"['WPC\n20003\n', 'RBDominick\n\nMcCleSMlanville\n\nSouthCarolina\nsid\n\nSer\n\nfits\n']","['C\n20003\n', 'RD\nC\nC\n\n2\n']","['WPC\n20003\n', 'C\nC\n\n2\n']",modelv1.0__2026-05-18 08:48:43
D:/moth_photos/database\batch_20\img_moth_00038097.jpg,"[4000, 6000]",55.775,"['WPC\n19934\n', 'oO\nBDominick\nAcClellanville\nouthCarolina\n\n26Aigs far\nLidt9o\n']","['C\n19934\n', 'RD\nCC\nC\n\n26\n9\n']","['WPC\n19934\n', 'CC\nC\n\n26\n9\n']",modelv1.0__2026-05-18 08:48:43
D:/moth_photos/database\batch_20\img_moth_00038098.jpg,"[4000, 6000]",56.07894736842105,"['pe\nWPC\n19955\n', 'McClellanville\nSouthCarolina\nDominic\n\nsf 4\nLieji\n', 'McClellanville\nSouth Carolina\nBeDominicl\n']","['C\n19955\n', 'C\nC\nD\n\n4\n', 'C\nC\nDD\n']","['WPC\n19955\n', 'C\nC\n\n4\n', 'C\nC\n']",modelv1.0__2026-05-18 08:48:43
D:/moth_photos/database\batch_20\img_moth_00038099.jpg,"[4000, 6000]",55.44736842105263,"['WPC\n20004\n', 'McClellanville\nS outheCar olina\nP2SegtV7s\nLieh Lev e\n']","['C\n20004\n', 'C\nC\n27\n']","['WPC\n20004\n', 'C\nC\nP27\n']",modelv1.0__2026-05-18 08:48:43
D:/moth_photos/database\batch_20\img_moth_00038100.jpg,"[4000, 6000]",55.675000000000004,"['WPC\n19935\n', 'RBDominick\nMcClellanville\nSouth Carolina\n\n23Apr47\nLiatt9\n']","['C\n19935\n', 'RD\nC\nC\n\n23R47\n9\n']","['WPC\n19935\n', 'C\nC\n\n2347\n9\n']",modelv1.0__2026-05-18 08:48:43
D:/moth_photos/database\batch_20\img_moth_00038101.jpg,"[4000, 6000]",55.94736842105263,"['SOUTHCAROLINA\nWedgePlantation\nMcClellafville\nAugust1968\nDC Ferguson\n', 'WPC\n19956\n']","['CRC\nC\n1968\nDC\n', 'RC\n19956\n']","['CC\nWP\nC\n1968\nC\n', 'WPC\n19956\n']",modelv1.0__2026-05-18 08:48:43
D:/moth_photos/database\batch_20\img_moth_00038102.jpg,"[4000, 6000]",55.34210526315789,"['WPC\n20005\n', 'RBDominicl\nMcClellanville\nSouthCarolin\n\nHeegi IVPS\nLishtor\n']","['C\n20005\n', 'RD\nC\nC\n']","['WPC\n20005\n', 'C\nC\nP\n']",modelv1.0__2026-05-18 08:48:43
D:/moth_photos/database\batch_20\img_moth_00038103.jpg,"[4000, 6000]",55.725,"['WPC\n19936\n', 'RBDominick\nMcClellanville\nSouthGarolina\n\n25Sor199\nrate pe\n']","['RC\n19936\n', 'RD\nC\n\n25199\n']","['WPC\n19936\n', 'C\n\n25199\n']",modelv1.0__2026-05-18 08:48:43
D:/moth_photos/database\batch_20\img_moth_00038104.jpg,"[4000, 6000]",56.36842105263158,"['SOUTHCAROLINA\nWedgePlantation\nMcClellanville\nAugust 6 1968\nDC Ferguson\n', 'WPC\n19957\n']","['CR\nC\n6 1968\nDC\n', 'C\n19957\n']","['C\nWP\nC\n6 1968\nC P\n', 'WPC\n19957\n']",modelv1.0__2026-05-18 08:48:43
D:/moth_photos/database\batch_20\img_moth_00038105.jpg,"[4000, 6000]",55.78378378378378,"['WPC\n20006\n', 'RBDominicl\nMcClellanville\nSouthCarolin\nBAug1475\n\nLiehiere\n']","['RC\n20006\n', 'RRD\nC\nC\nR1475\n']","['WPC\n20006\n', 'C\nC\n1475\n']",modelv1.0__2026-05-18 08:48:43
D:/moth_photos/database\batch_20\img_moth_00038106.jpg,"[4000, 6000]",56.17073170731707,"['WPC\n19937\n', 'RB Dominick\nMcClellanville\nSouthCarolina\n\n1SRor597\neeot\n']","['C\n19937\n', 'R D\nC\nC\n\n1R597\n']","['WPC\n19937\n', 'C\nC\n\n1597\n']",modelv1.0__2026-05-18 08:48:43
D:/moth_photos/database\batch_20\img_moth_00038107.jpg,"[4000, 6000]",55.68421052631579,"['E\nSOUTH CAROLINA\nwedge plantation\nMcClellafville\naugustG1968\nDe cFerguson\n\ntC\n', 'WPC\n19958\n']","['CR\nC\n1968\nD C\n\nC\n', 'C\n19958\n']","['C\nW P\nC\n1968\nC\n\nC\n', 'WPC\n19958\n']",modelv1.0__2026-05-18 08:48:43
D:/moth_photos/database\batch_20\img_moth_00038108.jpg,"[4000, 6000]",55.65789473684211,"['WPC\n20007\n', 'RBDominick\nMcClellanville\nSouthCarolina\n\nBOhagH975\n\n']","['C\n20007\n', 'RD\nC\nC\n\nD975\n\n']","['WPC\n20007\n', 'C\nC\n\n975\n\n']",modelv1.0__2026-05-18 08:48:43
D:/moth_photos/database\batch_20\img_moth_00038109.jpg,"[4000, 6000]",56.025000000000006,"['WPC\n19938\n', 'RBDominick\nMcClellanville\n\nou arolin\n\nfra\n', '1a\nalost\nfulogi\n\nptelh\npenrigsontedt\n']","['C\n19938\n', 'RD\nC\n', '1\n']","['WPC\n19938\n', 'C\n', '1\n']",modelv1.0__2026-05-18 08:48:43
D:/moth_photos/database\batch_20\img_moth_00038110.jpg,"[4000, 6000]",55.39473684210527,"['WPC\n19959\n', 'RBDominick\nCharlesREdward\nMcClellanville\nSouthCarolina\n', 'RBDominick\nCharlesREdward\nMcClellanville\n\npub b5\n']","['RC\n19959\n', 'RRD\nCR\nC\nC\n', 'RD\nCR\nC\n\n67 65\n']","['WPC\n19959\n', 'C\nC\nC\n', 'C\nC\n\n67 65\n']",modelv1.0__2026-05-18 08:48:43
D:/moth_photos/database\batch_20\img_moth_00038111.jpg,"[4000, 6000]",55.07692307692308,"['WPC\n20008\n', 'RBDominick\nMcClellanville\nSouthCarolina\n\n27Nayi474\nhight2\n']","['C\n20008\n', 'RD\nC\nC\n\n271474\n2\n']","['WPC\n20008\n', 'C\nC\n\n271474\n2\n']",modelv1.0__2026-05-18 08:48:43
D:/moth_photos/database\batch_20\img_moth_00038112.jpg,"[4000, 6000]",55.051282051282044,"['SsFrs\n\nRBDominick\nMcClellanville\nSouthCarolina\n\n9Apr1475\nart ge\n', 'WPC\n19939\n', 'Fulof\nschrfran te Me\n\n4\nDetD0 Pergitson 1974\n\n']","['RRD\nC\nC\n\n91475\n1\n', 'C\n19939\n', '7\n6\n\n4\nDD0 1974\n\n']","['C\nC\n\n91475\n1\n', 'WPC\n19939\n', '7\n6\n\n4\n0 P 1974\n\n']",modelv1.0__2026-05-18 08:48:43
D:/moth_photos/database\batch_20\img_moth_00038113.jpg,"[4000, 6000]",55.39473684210527,"['SOUTHCAROLINA\nWedgePlantation\nMcClellanyille\n\n10Vslj196P\n\nDCFerguson\n', 'WPC\n19960\n']","['CR\nC\n\n104196\n\nDC\n', 'C\n19960\n']","['C\nWP\nC\n\n104196P\n\nCP\n', 'WPC\n19960\n']",modelv1.0__2026-05-18 08:48:43
D:/moth_photos/database\batch_20\img_moth_00038114.jpg,"[4000, 6000]",55.46341463414634,"['WPC\n20009\n', '2BDominick\nCharlesR Edwards\nMcChellanville\nSouthCarolina\n\n1A Sept 197\n']","['RC\n20009\n', '2D\nCR\nC\nC\n\n1 5 197\n']","['WPC\n20009\n', '2\nC\nC\nC\n\n1 5 197\n']",modelv1.0__2026-05-18 08:48:43
D:/moth_photos/database\batch_20\img_moth_00038115.jpg,"[4000, 6000]",55.89189189189189,"['WPC\n19940\n', '1\nRBDominick\nMcClellanville\nSouthCarolina\n\n']","['C\n19940\n', '1\nRD\nC\nC\n\n']","['WPC\n19940\n', '1\nP\nC\nC\n\n']",modelv1.0__2026-05-18 08:48:43
D:/moth_photos/database\batch_20\img_moth_00038116.jpg,"[4000, 6000]",55.55263157894736,"['SOUTH CAROLINA\nWedge Plantation\nMcClellanyille\n\n10 YVil196\n\nDCFerguson\n', 'WPC\n19961\n']","['CR\nC\n\n10 196\n\nDC\n', 'C\n19961\n']","['C\nW P\nC\n\n10 196\n\nCP\n', 'WPC\n19961\n']",modelv1.0__2026-05-18 08:48:43
D:/moth_photos/database\batch_20\img_moth_00038117.jpg,"[4000, 6000]",55.631578947368425,"['WPCC\n20010\n', 'RBDominick\nCharlesREdwards\nMcClellanville\nSouthCarolina\n\nSIuly107\n']","['C\n20010\n', 'RRD\nCR\nC\n5C4\n\n107\n']","['WPCC\n20010\n', 'C\nC\n5C4\n\n107\n']",modelv1.0__2026-05-18 08:48:43
D:/moth_photos/database\batch_20\img_moth_00038118.jpg,"[4000, 6000]",55.21951219512195,"['WwPC\n19941\n', 'BDominic\nAcClellanville\naro\n\nnNe\n']","['C\n19941\n', 'D\nC\n']","['WPC\n19941\n', 'C\n']",modelv1.0__2026-05-18 08:48:43
D:/moth_photos/database\batch_20\img_moth_00038119.jpg,"[4000, 6000]",56.10810810810811,"['ll\nSOUTH CAROLINA\nwecge Plantation\nMcClellanyilile\n\nte Vil1968\n\nCcFerguson\n\nt\n', 'WPC\n19962\n']","['CR\nC\n\n11968\n\nC\n', 'C\n19962\n']","['C\nW P\nC\n\n11968\n\nCP\n', 'WPC\n19962\n']",modelv1.0__2026-05-18 08:48:43
D:/moth_photos/database\batch_20\img_moth_00038120.jpg,"[4000, 6000]",55.184210526315795,"['WPC\n20011\n', 'R B Dominick\nCharlesREdwards\nMcClellanville\nSoutheCarolina\n\nAbTulyf971\n']","['C\n20011\n', 'R D\nCR\nC\nC\n\n971\n']","['WPC\n20011\n', 'C\nC\nC\n\n971\n']",modelv1.0__2026-05-18 08:48:43
D:/moth_photos/database\batch_20\img_moth_00038121.jpg,"[4000, 6000]",56.13513513513513,"['WPC\n19942\n', '2BDominick\nMcClellanville\nSouth Carolina\nZApe1474\nlabhtovs\n']","['RC\n19942\n', '2RD\nC\nC\n1474\n']","['WPC\n19942\n', '2\nC\nC\n1474\n']",modelv1.0__2026-05-18 08:48:43
D:/moth_photos/database\batch_20\img_moth_00038122.jpg,"[4000, 6000]",56.256410256410255,"['SOUTHCAROLINA\nWedgePlantation\nMcClellanyille\n\nJifeVI11969\n\nDCFerguson\n', 'WPC\n19963\n']","['CR\nC\n\n11969\n\nDC\n', 'C\n19963\n']","['C\nWP\nC\n\n11969\n\nC\n', 'WPC\n19963\n']",modelv1.0__2026-05-18 08:48:43
D:/moth_photos/database\batch_20\img_moth_00038123.jpg,"[4000, 6000]",55.15384615384616,"['WPC\n20012\n', 'RBDominick\nCharlesREdwands\nMcClellanville\nSouthCarolind\n\nfhfiug4490\nLvehhary\n']","['C\n20012\n', 'RRD\nCR\nC\nC\n\n4490\n']","['WPC\n20012\n', 'C\nC\nC\n\nP4490\n']",modelv1.0__2026-05-18 08:48:43
D:/moth_photos/database\batch_20\img_moth_00038124.jpg,"[4000, 6000]",55.64864864864865,"['WPC\n19943\n', 'RBDominick\nMcClellanville\n2DSup arolinz\n\nai 97\n']","['C\n19943\n', 'RRD\nC\n2D\n\n97\n']","['WPC\n19943\n', 'C\n2\n\n97\n']",modelv1.0__2026-05-18 08:48:43
D:/moth_photos/database\batch_20\img_moth_00038125.jpg,"[4000, 6000]",55.225,"['SOUTHCAROLINA\nwedge Plantation\nMcClellanyille\n\n1GVil1968\n\nDCFerguson\n\n', 'WPC\n19964\n']","['5CR\nC\n\n141968\n\nDC\n\n', 'RC\n19964\n']","['5C\nW P\nC\n\n14W1968\n\nC\n\n', 'WPC\n19964\n']",modelv1.0__2026-05-18 08:48:43
D:/moth_photos/database\batch_20\img_moth_00038126.jpg,"[4000, 6000]",55.25581395348837,['WPC\n20013\n'],['RC\n20013\n'],['WPC\n20013\n'],modelv1.0__2026-05-18 08:48:43
D:/moth_photos/database\batch_20\img_moth_00038127.jpg,"[4000, 6000]",56.150000000000006,"['WPC\n19944\n', 'RBDominick\nMcClellanville\nSouth satan\n4Apr197\niqghtOt\n']","['C\n19944\n', 'RRD\nC\n4197\n']","['WPC\n19944\n', 'C\n4197\n']",modelv1.0__2026-05-18 08:48:43
D:/moth_photos/database\batch_20\img_moth_00038128.jpg,"[4000, 6000]",55.717948717948715,"['SOUTHCAROLINA\nWedgePlantation\n19VIT ille\n\nVIL 1962\n\ni C Ferguson\n', 'WPC\n19965\n']","['CR\n19\n\n1962\n\nC\n', 'C\n19965\n']","['C\nWP\n19W\n\nW 1962\n\nC P\n', 'WPC\n19965\n']",modelv1.0__2026-05-18 08:48:43
D:/moth_photos/database\batch_20\img_moth_00038129.jpg,"[4000, 6000]",55.60526315789475,"['WPC\n20014\n', 'xBDominick\nCharlesREdwand\nMcClellanville\n\nsoiithCarnolina\n', 'BDominick\nsharlesREdwarnd\nficClellanville\n\nouth foly420\n\nAE\n']","['C\n20014\n', 'D\nCR\nC\n\nC\n', 'RD\nR\nC\n\n420\n']","['WPC\n20014\n', 'C\nC\n\nC\n', 'C\n\n420\n']",modelv1.0__2026-05-18 08:48:43
D:/moth_photos/database\batch_20\img_moth_00038130.jpg,"[4000, 6000]",56.324999999999996,"['WPC\n19945\n', 'RBDominick\nMcClellanville\nSouthCarolina\nfi 1474\nLeghtor7\n']","['C\n19945\n', 'RRD\nC\nC\n1474\n7\n']","['WPC\n19945\n', '2\nC\nC\n1474\n7\n']",modelv1.0__2026-05-18 08:48:43
D:/moth_photos/database\batch_20\img_moth_00038131.jpg,"[4000, 6000]",55.051282051282044,"['SOUTHCAROLINA\nWedgePlantation\nMcClellanyille\n\n19 Vidl1968\n\nCFerguson\n', 'WPC\n19966\n']","['CR\nC\n\n19 1968\n\nC\n', 'C\n19966\n']","['C\nWP\nC\n\n19 1968\n\nCP\n', 'WPC\n19966\n']",modelv1.0__2026-05-18 08:48:43
D:/moth_photos/database\batch_20\img_moth_00038132.jpg,"[4000, 6000]",55.86842105263157,"['WPC\n20015\n', 'RBDominick\nCharlesREdwand\nMcClelianville\nSouth Carolinas\n\n5Aely921\npis Ane\n']","['C\n20015\n', 'RRD\nCR\nC\nC\n\n5921\nR\n']","['WPC\n20015\n', 'C\nC\nC\n\n5921\n']",modelv1.0__2026-05-18 08:48:43
D:/moth_photos/database\batch_20\img_moth_00038133.jpg,"[4000, 6000]",55.28947368421053,"['RBDominick\nMcClellanville\nSouthCarolina\n\n25s aa\n', 'WPC\n19946\n']","['RD\nC\nC\n\n25D5 2\n', 'C\n19946\n']","['C\nC\n\n255 2\n', 'WPC\n19946\n']",modelv1.0__2026-05-18 08:48:43
D:/moth_photos/database\batch_20\img_moth_00038134.jpg,"[4000, 6000]",55.641025641025635,"['SOUTHCAROLINA\nWedgePlancation\nMcClellanyille\nJYVU111968\n\nDCFerguson\n', 'WPC\n19967\n']","['CR\nC\n4111968\n\nDC\n', 'C\n19967\n']","['C\nWP\nC\n4W111968\n\nC\n', 'WPC\n19967\n']",modelv1.0__2026-05-18 08:48:43
D:/moth_photos/database\batch_20\img_moth_00038135.jpg,"[4000, 6000]",56.315789473684205,['WPC\n20016\n'],['C\n20016\n'],['WPC\n20016\n'],modelv1.0__2026-05-18 08:48:43
D:/moth_photos/database\batch_20\img_moth_00038136.jpg,"[4000, 6000]",55.37837837837838,"['WPC\n19947\n', 'RBDominick\nMcClellanville\nSouth Carolina\n', 'Eulog\nochridantela\n']","['C\n19947\n', 'RD\nC\nC\n', '9\nC\n']","['WPC\n19947\n', 'C\nC\n', '9\nC\n']",modelv1.0__2026-05-18 08:48:43
D:/moth_photos/database\batch_20\img_moth_00038137.jpg,"[4000, 6000]",55.225,"['SOUTHCAROLINA\nWedgePlantation\nMcClellanyille\n\n1eeVIt1968\n\nDCFerguson\n', 'WPC\n19968\n']","['CR\nC\n\n11968\n\nDC\n', 'C\n19968\n']","['C\nWP\nC\n\n1W1968\n\nCP\n', 'WPC\n19968\n']",modelv1.0__2026-05-18 08:48:43
D:/moth_photos/database\batch_20\img_moth_00038138.jpg,"[4000, 6000]",55.89473684210527,"['WPC\n20017\n', 'RBDominick\nCharlesREdwards\nMcClellanville\nSouthCarolinae\n\n199\n4Dlay1I02 ae\n']","['C\n20017\n', 'RD\nCR\nC\nC\n\n199\n4D102\n']","['WPC\n20017\n', 'C\nC\nC\n\n199\n4102\n']",modelv1.0__2026-05-18 08:48:43
D:/moth_photos/database\batch_20\img_moth_00038139.jpg,"[4000, 6000]",55.72972972972973,"['WPC\n19948\n', 'McClellanville\nSouthCarolina\nRRDominic\n']","['RC\n19948\n', 'C\n0C\nRRD\n']","['WPC\n19948\n', 'C\n0C\nP\n']",modelv1.0__2026-05-18 08:48:43
D:/moth_photos/database\batch_20\img_moth_00038140.jpg,"[4000, 6000]",55.074999999999996,"['SOUTHCAROLINA\nWedce Plantation\nMcClellanyille\n\n10Vill169\n\nDCFerguson\n', 'WPC\n19969\n']","['CR\nC1\n\n101169\n\nDC\n', 'C\n19969\n']","['C\nW P\nC1\n\n101169\n\nC\n', 'WPC\n19969\n']",modelv1.0__2026-05-18 08:48:43
D:/moth_photos/database\batch_20\img_moth_00038141.jpg,"[4000, 6000]",55.76315789473684,"['WPC\n20018\n', 'SOUTHCAROLINA\nWedgePlantation\nMcClellatfiville\nMarch31967\n\nDCFerguson\n']","['C\n20018\n', 'CR\nC\n31967\n\nDC\n']","['WPC\n20018\n', 'C\nWP\nC\n31967\n\nC\n']",modelv1.0__2026-05-18 08:48:43
D:/moth_photos/database\batch_20\img_moth_00038142.jpg,"[4000, 6000]",55.21621621621621,"['wc\n49949\n', 'McClellanville\nSouthCarolina\nRBDominic\n\ns 4\n']","['49949\n', 'C\nC\nRRD\n\n4\n']","['W\n49949\n', 'C\nC\n\n4\n']",modelv1.0__2026-05-18 08:48:43
D:/moth_photos/database\batch_20\img_moth_00038143.jpg,"[4000, 6000]",55.66666666666667,"['SOUTHCAROLINA\nWedge Plantation\nMcClellanviile\n\nLOVIUS1969\n\nDCFerguson\n', 'WPC\n19970\n']","['CR\nC\n\n01969\n\nDC\n', 'C\n19970\n']","['C\nW P\nC\n\n0W1969\n\nCP\n', 'WPC\n19970\n']",modelv1.0__2026-05-18 08:48:43
D:/moth_photos/database\batch_20\img_moth_00038144.jpg,"[4000, 6000]",56.1578947368421,"['Tallulaatrifascialis\nHulst\n\nDet BGScholtens\n\nDec2024\n\n', 'WPC\n20019\n', '2BDominick\nMcClellanville\nD4 on Mo\n\nPitts\n']","['D R\nD2024\n\n', 'C\n20019\n', '2RD\nC\nD4\n']","['2024\n\n', 'WPC\n20019\n', '2\nC\n4\n\nP\n']",modelv1.0__2026-05-18 08:48:43
D:/moth_photos/database\batch_20\img_moth_00038145.jpg,"[4000, 6000]",55.23684210526316,"['WPC\n19950\n', 'RB Dominick\nCharlesREdwards\nsouthCahyville\n22 Carolin\n\nAy\n']","['C\n19950\n', 'R D\nCR\nC\n22 C\n']","['WPC\n19950\n', 'C\nC\n22 C\n']",modelv1.0__2026-05-18 08:48:43
D:/moth_photos/database\batch_20\img_moth_00038146.jpg,"[4000, 6000]",55.641025641025635,"['WPC\n19971\n', 'DBVOoMINICK\nharlesREdwards\nAcClellanvilley\nSouthCarolina\n\n3 Real IV7z\n\nPassspesing\nFAS\n', '2BDominick\nharlesREdward\nAcClellanvilley\nSouthCarolina\n']","['C\n19971\n', 'DCR\nR\nC\nC\n\n3 R 17\n\nD\n', '2RD\nR\nC\nC\n']","['WPC\n19971\n', 'C\nC\nC\n\n3 17\n\nP\n', '2\nC\nC\n']",modelv1.0__2026-05-18 08:48:43
D:/moth_photos/database\batch_20\img_moth_00038147.jpg,"[4000, 6000]",55.46153846153847,"['2BDominick\nAcClellanville\nSouthCarolina\n', 'WPC\n20020\n', 'Tallulaatrifascialis\nHulst\n\nDetBGStholtens\n\nDec2024\n\n']","['2D\nC\nC\n', 'C\n20020\n', 'D\nD2024\n\n']","['2\nC\nC\n', 'WPC\n20020\n', 'P2024\n\n']",modelv1.0__2026-05-18 08:48:43
D:/moth_photos/database\batch_20\img_moth_00038148.jpg,"[4000, 6000]",55.225,['WPC\n19972\n'],['C\n19972\n'],['WPC\n19972\n'],modelv1.0__2026-05-18 08:48:43
D:/moth_photos/database\batch_20\img_moth_00038149.jpg,"[4000, 6000]",55.17948717948718,"['Tallulaatrifascialis\nHulst\n\nDetBGSCholtens\n\nDec2024\n\n', 'RBDominick\nMcClellanville\nSouth Garolina\n\nYS ne 1973\n', 'WPC\n20021\n']","['DRC\nD2024\n\n', 'RD\nC\nC\n\n1973\n', 'C\n20021\n']","['C\n2024\n\n', 'C\nC\n\n1973\n', 'WPC\n20021\n']",modelv1.0__2026-05-18 08:48:43
D:/moth_photos/database\batch_20\img_moth_00038150.jpg,"[4000, 6000]",56.10256410256411,"['WPC\n19973\n', '2BDominic\nMcClellanville\nSouthCarolin\n\n6Hipr192s\nAe\n']","['RC\n19973\n', '2RD\nC\nC\n\n61926\n']","['WPC\n19973\n', '2\nC\nC\n\n61926\nPP\n']",modelv1.0__2026-05-18 08:48:43
D:/moth_photos/database\batch_20\img_moth_00038151.jpg,"[4000, 6000]",55.631578947368425,"['Tallulaatrifascialis\nHulst\n\nDet BGScholtens\n\nDec2024\n\n', 'WPC\n20022\n', 'RB Dominick\nCharlesREdwards\nMcCleljlanville\n']","['D C\nD2024\n\n', 'RC\n20022\n', 'R D\nCR\nC\n']","['P C\n2024\n\n', 'WPC\n20022\n', 'C\nC\n']",modelv1.0__2026-05-18 08:48:43
D:/moth_photos/database\batch_20\img_moth_00038152.jpg,"[4000, 6000]",55.0,"['WPC\n19974\n', 'RBDominick\nCharlesREdwards\nMcClellanville\nitApa Carolina e\n\n9797Z\ncs os\n']","['C\n19974\n', 'RRD\nCR\nC\n1 C\n\n97972\nC3\n']","['WPC\n19974\n', 'C\nC\n1 C\n\n97972\nC3\n']",modelv1.0__2026-05-18 08:48:43
D:/moth_photos/database\batch_20\img_moth_00038153.jpg,"[4000, 6000]",55.102564102564095,"['WPC\n20023\n', 'Tallulaatrifascialis\nHulst\n\nDetBGScholtens\n\nDec2024\n\n', 'm6BVominick\nCharlesREdward\nMcClellanville\nSouth Carolina\n\n5Ochk19\nLighk7\n']","['RC\n20023\n', 'DR\nD2024\n\n', '6\nCR\nC\nC\n\n5019\n7\n']","['WPC\n20023\n', '2024\n\n', '6\nC\nC\nC\n\n5019\n7\n']",modelv1.0__2026-05-18 08:48:43
D:/moth_photos/database\batch_20\img_moth_00038154.jpg,"[4000, 6000]",56.02564102564102,"['WPC\n19975\n', 'RBDominick\nharlesREdwards\nMcClellanville\nSouthCarolinae\n\n1992\none 2\n']","['C\n19975\n', 'RRD\nR\nC\nC\n\n1992\n2\n']","['WPC\n19975\n', 'C\nC\n\n1992\n2\n']",modelv1.0__2026-05-18 08:48:43
D:/moth_photos/database\batch_20\img_moth_00038155.jpg,"[4000, 6000]",56.05263157894737,"['WPC\n20024\n', 'Tallulaatrifascialis\nHulst\n\nDetBGScholtens\n\nDec2024\n\n', 'RBDominick\nCharlesREdwards\nMcClellanville\nSouthCarolina\n\n13Stgrl971\nLishe\n']","['C\n20024\n', 'DR\nD2024\n\n', 'RRD\nCR\nC\nC\n\n13971\n']","['WPC\n20024\n', '2024\n\n', 'C\nC\nC\n\n13971\n']",modelv1.0__2026-05-18 08:48:43
D:/moth_photos/database\batch_20\img_moth_00038156.jpg,"[4000, 6000]",55.275,"['WPC\n19976\n\n', 'ee\nRBDominick\nCharlesREdwards\nMcCleljanville\nSouthCarolina\n\n6May1992\nLighter\n']","['C\n19976\n\n', 'RD\nCR\nC\nC\n\n61992\n']","['WPC\n19976\n\n', 'C\nC\nC\n\n61992\n']",modelv1.0__2026-05-18 08:48:43
D:/moth_photos/database\batch_20\img_moth_00038157.jpg,"[4000, 6000]",55.921052631578945,"['WPC\n20025\n', 'Tallulaatrifascialis\nHulst\n\nDetBGScholtens\n\nDec2024\n\n', 'RBDominick\nMeClellanville e\nSouthCarolina\n4Septff7\nLishte\n']","['C\n20025\n', 'DR\nD2024\n\n', 'RRD\n\nC\n\nC\n487\n']","['WPC\n20025\n', '2024\n\n', '2\n\nC\n\nC\n487\n']",modelv1.0__2026-05-18 08:48:43
D:/moth_photos/database\batch_20\img_moth_00038158.jpg,"[4000, 6000]",55.324999999999996,"['WPC\n19977\n', 'RBDominick\nCharlesREdwards\nicClellagville\na Ca\n\nFly rigt\nhiahtY\n']","['RC\n19977\n', 'RRD\n\nCR\n\nC\nC\n\n14 9\n']","['WPC\n19977\n', 'C\nC\nC\n\n14 9\n']",modelv1.0__2026-05-18 08:48:43
D:/moth_photos/database\batch_20\img_moth_00038159.jpg,"[4000, 6000]",55.769230769230774,"['WPC\n20026\n', 'Tallulaatrifascialis\nHulst\nDetBGScholtens\n\n', 'BDominick\nSharlesREdwards\nMcCleljanville\nSouth Carolina\n\ntran\n']","['C\n20026\n', 'D\n\n', 'RD\nCR\nC\n0 C\n']","['WPC\n20026\n', '', 'P\nC\nC\n0 C\n']",modelv1.0__2026-05-18 08:48:43
D:/moth_photos/database\batch_20\img_moth_00038160.jpg,"[4000, 6000]",55.734693877551024,['WPC\n19978\n'],['C\n19978\n'],['WPC\n19978\n'],modelv1.0__2026-05-18 08:48:43
D:/moth_photos/database\batch_20\img_moth_00038161.jpg,"[4000, 6000]",56.39473684210527,"['WPC\n20027\n', 'allulaatrifascialis\nHulst\n\nDetBGScholtens\n\nDec2024\n\nT\n\n', 'RB Dominick\nCharles REdwards\nMcClellanville\nSouthCarolina\nftueg97\nbeisher\n']","['C\n20027\n', 'D\nD2024\n\n7\n\n', 'R8 D\nC R\nC\nC\n97\n']","['WPC\n20027\n', '2024\n\n7\n\n', '8 P\nC\nC\nC\n97\n']",modelv1.0__2026-05-18 08:48:43
D:/moth_photos/database\batch_20\img_moth_00038162.jpg,"[4000, 6000]",55.55,"['WPC\n19979\n', 'NicClellanville\nSouthCarolina\nR B Dominick\n\n12AhorIGK\nLacy ya\n']","['C\n19979\n', 'C\nC\nR D\n\n12C\n']","['WPC\n19979\n', 'C\nC\n\n12C\n']",modelv1.0__2026-05-18 08:48:43
D:/moth_photos/database\batch_20\img_moth_00038163.jpg,"[4000, 6000]",55.743589743589745,"['WPC\n20028\n', 'Tallula atrifascialis\nHulst\n\nDetBGScholtens\n\nDec2024\n\n', 'RBDominick\nCharlesREdwards\nMcClellanville\nSouthCarolina2945\n16 Tune 19 7\n\nfeseakht\n']","['C\n20028\n', 'C\nD\nD2024\n\n', 'RRD\nCR\nC\nC2945\n16 19 7\n']","['WPC\n20028\n', 'C\n2024\n\n', 'C\n\nC\n\nC2945\n16 19 7\n']",modelv1.0__2026-05-18 08:48:43
D:/moth_photos/database\batch_20\img_moth_00038164.jpg,"[4000, 6000]",55.24999999999999,['WPC\n19980\n'],['C\n19980\n'],['WPC\n19980\n'],modelv1.0__2026-05-18 08:48:43
D:/moth_photos/database\batch_20\img_moth_00038165.jpg,"[4000, 6000]",55.631578947368425,"['wec\n20029\n', 'Tallulaatrifascialis\nHulst\n\nDetBGScholtens\nDec2024\n\n', 'RBDominick\nCharlesREdwardis\nMcClellanville\nSouthCarolina29458\n25dls 1976\nUichtFPYt\n\nBaa\n\n']","['20029\n', 'DC\nD2024\n\n', 'RD\nCR\nC\nC29458\n25 1976\n\n']","['W\n20029\n', 'PC\n2024\n\n', 'C\nC\nC29458\n25 1976\nP\n\n']",modelv1.0__2026-05-18 08:48:43
D:/moth_photos/database\batch_20\img_moth_00038166.jpg,"[4000, 6000]",55.195121951219505,"['wec\n19981\n', 'RBDominick\nCharlesREdwanis\nMcClellanville ro\nSoythCarolina29458\n\n2OMay1GCP\nCrcHe\n']","['19981\n', 'RRD\nCR\nC\nC29458\n\n2015C\nC\n']","['19981\n', 'C\nC P\nC29458\n\n2015CP\nC\n']",modelv1.0__2026-05-18 08:48:43
D:/moth_photos/database\batch_20\img_moth_00038167.jpg,"[4000, 6000]",56.28947368421053,"['WPC\n20030\n', 'Tallulaatrifascialis\nHulst\n\nDetBGScholtens\n\nDec2024\n\n', 'WedgePlantation\ne7 miNE pniineeat\n\nS37 on Co\nJAey B 16\n\niw i CV BDominick s\n']","['C\n20030\n', 'D\nD2024\n\n', '7\n\n37 C\n3 R 16\n\nC D\n']","['WPC\n20030\n', '2024\n\n', 'WP\n7\n\n37 C\n3 16\n\nC P\n']",modelv1.0__2026-05-18 08:48:43
D:/moth_photos/database\batch_20\img_moth_00038168.jpg,"[4000, 6000]",55.8974358974359,"['WPC\n19982\n', 'RBDominick\nCharlesREdwards\nMcClellanville\nSouthCarolina\n\nZDptITXO\nhighpoy\n']","['RC\n19982\n', 'RRD\nCR\nC\nC\n\n2DC\n']","['WPC\n19982\n', 'C\nC\nC\n\n2C\n']",modelv1.0__2026-05-18 08:48:43
D:/moth_photos/database\batch_20\img_moth_00038169.jpg,"[4000, 6000]",56.39473684210527,"['Tallulaatrifascialis\nHulst\n\nDetBGScholtens\n\nDec2024\n\n', 'WPC\n20031\n', 'WedgePlantation\n7miNEMcClellanville a\nCharlestonCoSCAR\n1uOrf196 ww\nlegRichardBDominick\n']","['DR\nD2024\n\n', 'RC\n20031\n', '7C\n\nCCCR\n1196\n\nRD\n']","['2024\n\n', 'WPC\n20031\n', 'WP\n7C\nCCC\n1196\nP\n']",modelv1.0__2026-05-18 08:48:43
D:/moth_photos/database\batch_20\img_moth_00038170.jpg,"[4000, 6000]",56.12820512820513,"['WPC\n19983\n', 'RBDominick\nCharlesREdwards\nMcClellanville\nSouthGarolina29458\n\n6Yune1967F\nLigjyt\n\n']","['C\n19983\n', 'RRD\nCR\nC\nC29458\n\n61967\n\n']","['WPC\n19983\n', 'C\nC\nC29458\n\n61967\n\n']",modelv1.0__2026-05-18 08:48:43
D:/moth_photos/database\batch_20\img_moth_00038171.jpg,"[4000, 6000]",55.56410256410257,"['WPC\nANEY\n', 'Tallulaatrifascialis\nHulst\n\nDetBGScholtens\n\nDec2024\n\n', 'Wedge racationhtohf\n7miNE eeeveaR\n\nlestonGoS\n4 cf B 17P\n']","['RC\n', 'D\nD2024\n\n', '7 R\n\n0\n4 17\n']","['WPC\n', '2024\n\n', 'W\n7\n\n0\n4 17P\n']",modelv1.0__2026-05-18 08:48:43
D:/moth_photos/database\batch_20\img_moth_00038172.jpg,"[4000, 6000]",55.69230769230769,['WPC\n19984\n'],['RC\n19984\n'],['WPC\n19984\n'],modelv1.0__2026-05-18 08:48:43
D:/moth_photos/database\batch_20\img_moth_00038173.jpg,"[4000, 6000]",55.743589743589745,"['WPC\n20033\n', 'Tallulaatrifascialis\nHulst\n\nDetBGScholtens\n\nDec2024\n\n', 'McClellanville\nSouthCarolina2945\n\n46JustrelKGF\nPialy\n\nIESSSSYSSSSe\nRBDominick\nChariesR nn\n']","['C\n20033\n', 'DC\nD2024\n\n', 'C\nC2945\n\n46R\n\nRD\nCR\n']","['WPC\n20033\n', 'C\n2024\n\n', 'C\nC2945\n\n46\nP\n\nC\n']",modelv1.0__2026-05-18 08:48:43
D:/moth_photos/database\batch_20\img_moth_00038174.jpg,"[4000, 6000]",56.0,"['WPC\n19985\n', 'RBDominick\nMcClellanville\nSouthCarolina29458\n\n27\n\n']","['RC\n19985\n', 'RRD\nC\nC29458\n\n27\n\n']","['WPC\n19985\n', 'C\nC29458\n\n27\n\n']",modelv1.0__2026-05-18 08:48:43
D:/moth_photos/database\batch_20\img_moth_00038175.jpg,"[4000, 6000]",56.10526315789474,"['WPC\n20034\n', 'Tallulaatrifascialis\nHulst\n\nDetBGScholtens\n\nDec2024\n\n', 'Wedge meneelelan AF\nZ me NEMcClellanvilie\n\nCha yaa 5 a\n\nleg nee B 307\n']","['C\n20034\n', 'DC\nD2024\n\n', 'CC\n\nC 5\n\n307\n']","['WPC\n20034\n', 'C\n2024\n\n', 'W\nCC\n\nC 5\n\n307\n']",modelv1.0__2026-05-18 08:48:43
D:/moth_photos/database\batch_20\img_moth_00038176.jpg,"[4000, 6000]",55.0,"['WPC\n19986\n', 'RBDominick\nCharlesREdwards\nMcClellanville\nSouthCarolina29458\n\n23MAa44972\n']","['C\n19986\n', 'RRD\nCR\nC\nC29458\n\n2344972\n']","['WPC\n19986\n', 'C\nC\nC29458\n\n2344972\n']",modelv1.0__2026-05-18 08:48:43
D:/moth_photos/database\batch_20\img_moth_00038177.jpg,"[4000, 6000]",56.42105263157895,"['SOUTHCAROLINA\nWedgePlantation\nMcClellahville\nAugust 1968\nDCFerguson\n', 'Tallulaatrifascialis\nHulst\nDet 8GScholtens\n\nDec2024\n\n', 'WPC\n20035\n']","['CR\nC\n1968\nDC\n', 'D 8CC\n\nD2024\n\n', 'C\n20035\n']","['C\nWP\nC\n1968\nCP\n', '8CC\n\n2024\n\n', 'WPC\n20035\n']",modelv1.0__2026-05-18 08:48:43
D:/moth_photos/database\batch_20\img_moth_00038178.jpg,"[4000, 6000]",56.073170731707314,"['jeagePlantation\nSouthSanteeRiver\nCharlestdnCoSC\nguly2 1967\n\nf\nleaJamesWPorter\n', 'wec\n19987\n']","['R\nCCC\n2 1967\n', '19987\n']","['P\nCCC\n2 1967\n\nWP\n', '19987\n']",modelv1.0__2026-05-18 08:48:43
D:/moth_photos/database\batch_20\img_moth_00038179.jpg,"[4000, 6000]",56.28947368421053,"['SOUTHCAROLINA\nWedgePlantation\nMcClellanville\n\n10Vill1969\n\nDCFerguson\n', 'WPC\n20036\n', 'Tallulaatrifascialis\nHulst\n\nDetBGScholtens\n\nDec2024\n\n']","['CR\nC1\n\n101969\n\nDC\n', 'RC\n20036\n', 'DRC\nD2024\n\n']","['C\nWP\nC1\n\n10W1969\n\nC\n', 'WPC\n20036\n', 'C\n2024\n\n']",modelv1.0__2026-05-18 08:48:43
D:/moth_photos/database\batch_20\img_moth_00038180.jpg,"[4000, 6000]",55.102564102564095,['WPC\n19988\n'],['C\n19988\n'],['WPC\n19988\n'],modelv1.0__2026-05-18 08:48:43
D:/moth_photos/database\batch_20\img_moth_00038181.jpg,"[4000, 6000]",56.1578947368421,"['SOUTHCAROLINA\nWedgePlantation\n\nMc lellanville\nGVRP\n\nFerguson\n', 'WPC\n20037\n', 'Tallulaatrifascialis\nHulst\n\nDetBGScholtens\n\nDec2024\n\n']","['CR\n\n6R\n', 'C\n20037\n', 'DR\nD2024\n\n']","['C\nWP\n\nP6P\n', 'WPC\n20037\n', '2024\n\n']",modelv1.0__2026-05-18 08:48:43
D:/moth_photos/database\batch_20\img_moth_00038182.jpg,"[4000, 6000]",55.84615384615385,"['WPC\n19989\n', 'RBDominick\nCharlesREdwards\nMcClellanville\nSouthCapgolina\n', 'BXNe029MOTMMIILICK\nCharlesREdwards\nMcClellanville\nSouthCagolina\n\nSH We\n']","['C\n19989\n', 'RRD\nCR\nC\nC\n', '029C\nCR\nC\nC\n\n4\n']","['WPC\n19989\n', 'C\nC\nC\n', '029C\nC\nC\nC\n\n4 W\n']",modelv1.0__2026-05-18 08:48:43
D:/moth_photos/database\batch_20\img_moth_00038183.jpg,"[4000, 6000]",55.631578947368425,"['Tallulaatrifascialis\nHulst\n\nDetBGScholtens\n\nDec2024\n\n', 'WPC\n20038\n']","['D\nD2024\n\n', 'C\n20038\n']","['2024\n\n', 'WPC\n20038\n']",modelv1.0__2026-05-18 08:48:43
D:/moth_photos/database\batch_20\img_moth_00038184.jpg,"[4000, 6000]",55.3,"['WPC\n19990\n', 'RBDominick\nCharlesREdwards\nMcClellanville\nre Caroling2955\nMme 7\nti ne g\n']","['C\n19990\n', 'RD\n\nCR\n\nC\n\nC2955\n7\n']","['WPC\n19990\n', 'C\n\nC\n\nC2955\n7\n']",modelv1.0__2026-05-18 08:48:43
D:/moth_photos/database\batch_20\img_moth_00038185.jpg,"[4000, 6000]",55.56410256410257,"['rreePae\nTallula atrifascialis\nHulst\nDetBGScholtens\n\nDec2024\n', 'wecI\n20039\n']","['C\nD\n\nD2024\n', '20039\n']","['P\nC\n\n2024\n', '20039\n']",modelv1.0__2026-05-18 08:48:43
D:/moth_photos/database\batch_20\img_moth_00038186.jpg,"[4000, 6000]",55.92307692307693,"['wec\n19991\n', 'RBDominick\nCharlesREdwards\nMcClellanville\nSouthCarolitia29458\n1LApga1976\nLingt2g\n']","['19991\n', 'RRD\nCR\nC\nC29458\n11976\n2\n']","['WP\n19991\n', 'C\nC\nC29458\n11976\n2\n']",modelv1.0__2026-05-18 08:48:43
D:/moth_photos/database\batch_20\img_moth_00038187.jpg,"[4000, 6000]",56.23684210526316,"['allulaatrifascialis\nHulst\n\nDetBGScholtens\n\nDec2024\n\nr\n\n', 'WPC\n20040\n', 'RBDominick\nCharlesREdwards\nMcClellanville\nSouthCarolina 2945\n\nsim IFO\nlish\n']","['DR\nD2024\n\n', 'RC\n20040\n', 'RRD\nCR\nC\nC 2945\n\n3 197\nC\n']","['2024\n\n', 'WPC\n20040\n', 'C\nC\nC 2945\n\n3 197\nC\n']",modelv1.0__2026-05-18 08:48:43
D:/moth_photos/database\batch_20\img_moth_00038188.jpg,"[4000, 6000]",55.37500000000001,"['wPc\n19992\n', 'RBDominick\nCharlesREdwards\nMcClellanville\nSouthCarolina29458\nAIAprh1F7O\n\nOsSnt or\n']","['C\n19992\n', 'RD\nCR\nC\nC29458\nRR1970\n']","['WPC\n19992\n', 'C\nC\nC29458\nP1970\n']",modelv1.0__2026-05-18 08:48:43
D:/moth_photos/database\batch_20\img_moth_00038189.jpg,"[4000, 6000]",56.39473684210527,"['WPC\n20041\n', 'Tallulaatrifascialis\nHulst\n\nDetBGScholtens\n\nDec2024\n\n', 'RB pack\nMcClellanville\nSouthCarolina 294\n\nAlev907\nLignt\n']","['C\n20041\n', 'DRC\nD2024\n\n', 'R\nC\nC 294\n\n907\n']","['WPC\n20041\n', 'C\n2024\n\n', 'C\nC 294\n\n907\n']",modelv1.0__2026-05-18 08:48:43
D:/moth_photos/database\batch_20\img_moth_00038190.jpg,"[4000, 6000]",55.717948717948715,"['Ell\nSOUTH CAROLINA\nWedge Plantation\nMcClellanville\nAugust 12 1968\npCFerguson\n\n', 'WPC\n19993\n']","['CRC\nC\n12 1968\nDC\n\n', 'C\n19993\n']","['CC\nW P\nC\n12 1968\nC\n\n', 'WPC\n19993\n']",modelv1.0__2026-05-18 08:48:43
D:/moth_photos/database\batch_20\img_moth_00038191.jpg,"[4000, 6000]",55.51282051282052,"['Tallulaatrifascialis\nHulst\n\nDetBGScholtens\n\nDec2024\n\n', 'WPC\n20042\n', 'RBDominick\nChariesREdwards\nMcClellanville\nSouthCarolina29458\n\n3171441970\nLeth\n']","['DC\nD2024\n\n', 'C\n20042\n', 'RRD\nCR\nC\nC29458\n\n3171441970\n']","['C\n2024\n\n', 'WPC\n20042\n', 'C\nC\nC29458\n\n3171441970\n']",modelv1.0__2026-05-18 08:48:43
D:/moth_photos/database\batch_20\img_moth_00038192.jpg,"[4000, 6000]",55.97435897435897,"['WPC\n19994\n', 'RBDominick\nCharlesREdwards\nMcClellanville\nSouthCarolina29458\n27ARA1V70\nLight\n']","['C\n19994\n', 'RRD\nCR\nC\nC29458\n27R1770\n']","['WPC\n19994\n', 'C\nC\nC29458\n271770\n']",modelv1.0__2026-05-18 08:48:43
D:/moth_photos/database\batch_20\img_moth_00038193.jpg,"[4000, 6000]",56.0,"['WPC\n20043\n', 'Tallulaatrifascialis\nHulst\n\nDetBGScholtens\n\nDec2024\n\n', 'RBDominick\nCharlesREdwards\nMcClellanville\nSouthCarolina2945\n3 mon 970\nLi5s4ee\n']","['C\n20043\n', 'D\nD2024\n\n', 'RRD\nCR\nC\nC2945\n3 970\n154\n']","['WPC\n20043\n', '2024\n\n', 'C\nC\nC2945\n3 970\n154\n']",modelv1.0__2026-05-18 08:48:43
D:/moth_photos/database\batch_20\img_moth_00038194.jpg,"[4000, 6000]",55.717948717948715,"['WPC\n19995\n', 'll\nRB Dominick\nCharlesR Edwards\nMcClelianvilles\nSouthCarolina 2945\n2bAytx1978\n\nLight\n']","['C\n19995\n', 'R D\nCR\nC\nC 2945\n261978\n\n4\n']","['WPC\n19995\n', 'P\nC\nC\nC 2945\n261978\n\n4\n']",modelv1.0__2026-05-18 08:48:43
D:/moth_photos/database\batch_20\img_moth_00038195.jpg,"[4000, 6000]",55.24999999999999,"['WPC\n20044\n', 'Tallulaatrifascialis\nHulst\n\nDetBGScholtens\nDec2024\n\n', 'WedgePlantation\n7miNEMcClellanville\n\nas CoSOAR\nSY Gt179\n\nles MoV BDominick\n']","['C\n20044\n', 'DC\nD2024\n\n', '7C\n\nCCR\n179\n\nRD\n']","['WPC\n20044\n', 'C\n2024\n\n', 'WP\n7C\n\nCC\n179\n\nW\n']",modelv1.0__2026-05-18 08:48:43
D:/moth_photos/database\batch_20\img_moth_00038196.jpg,"[4000, 6000]",55.525000000000006,"['WPC\n\n19996\n', 'RBDominick\nCharlesREdwards\nMcClellanyille\n\nISJalyH0\nLitpPOP\n']","['RC\n\n19996\n', 'RRD\nCR\nC\n\n0\n']","['WPC\n\n19996\n', 'C\nC\n\n0\nPP\n']",modelv1.0__2026-05-18 08:48:43
D:/moth_photos/database\batch_20\img_moth_00038197.jpg,"[4000, 6000]",55.794871794871796,"['WPC\n20045\n', 'Tallulaatrifascialis\nHulst\n\nDetBGScholtens\n\nDec2024\n\n', 'RBDominick\nCharlesREdwards\nMcClellanvilley\nSouthCarolina29458\n2Dunes37b\n\ntshtgpp\n']","['C\n20045\n', 'D8\nD2024\n\n', 'RD\nCR\nC\nC29458\n2D376\n']","['WPC\n20045\n', '8\n2024\n\n', 'C\nC\nC29458\n2376\n']",modelv1.0__2026-05-18 08:48:43
D:/moth_photos/database\batch_20\img_moth_00038198.jpg,"[4000, 6000]",55.5,"['WPC\n19997\n', 'RBDominick\nCharlesREdwards\nMcClellanville\nsouthC arolina\n']","['C\n19997\n', 'RD\nCR\nC\n0C\n']","['WPC\n19997\n', 'C\nC\n0C\n']",modelv1.0__2026-05-18 08:48:43
D:/moth_photos/database\batch_20\img_moth_00038199.jpg,"[4000, 6000]",55.4,"['Tallula atrifascialis\nHulst\n\nDet BGScholtens\n\nDec 2024\n\n', 'WPC\n20046\n']","['D 8\nD 2024\n\n', 'C\n20046\n']","['8\n2024\n\n', 'WPC\n20046\n']",modelv1.0__2026-05-18 08:48:43
D:/moth_photos/database\batch_20\img_moth_00038200.jpg,"[4000, 6000]",55.84210526315789,"['WPC\n20047\n', 'Tallulaatrifascialis\nHulst\n\nDetBGScholtens\n\nDec2024\n\n']","['C\n20047\n', 'D\nD2024\n\n']","['WPC\n20047\n', '2024\n\n']",modelv1.0__2026-05-18 08:48:43
D:/moth_photos/database\batch_20\img_moth_00038201.jpg,"[4000, 6000]",55.5,"['WPC\n19998\n', 'Macalla\nZelleriGrt\n\nDetBGScholtens\n\nOct2024\n\n']","['C\n19998\n', 'D\n02024\n\n']","['WPC\n19998\n', '02024\n\n']",modelv1.0__2026-05-18 08:48:43
D:/moth_photos/database\batch_20\img_moth_00038202.jpg,"[4000, 6000]",55.195121951219505,"['WPC\n20048\n', 'ere\nTallulaatrifascialis\nHulst\nDet BGScholtens\n\nDec2024\n']","['C\n20048\n', 'D 8\n\nD2024\n']","['WPC\n20048\n', 'P 8\n\n2024\n']",modelv1.0__2026-05-18 08:48:43
D:/moth_photos/database\batch_20\img_moth_00038203.jpg,"[4000, 6000]",55.675000000000004,"['Tallulaatrifascialis\nHulst\n\nDetBGScholtens\n\nDec2024\n\n', 'WPC\n20049\n', 'RBDominick\nCharlesREdwards\nMcClellanville e\nSouthCarolina29458\n2June 1970\nLisnnir2\n']","['D8\nD2024\n\n', 'C\n20049\n', 'RRD\nCR\nC\nC29458\n2 1970\n2\n']","['8\n2024\n\n', 'WPC\n20049\n', 'C\nC\nC29458\n2 1970\n2\n']",modelv1.0__2026-05-18 08:48:43
D:/moth_photos/database\batch_20\img_moth_00038204.jpg,"[4000, 6000]",56.275,"['Tallulaatrifascialis\nHulst\n\nDetBGScholtens\n\nDec2024\n\n', 'WPC\n20050\n', 'McClellanville\nSouth Carolina\nxs fh Dom ick\n\nfig\n']","['DRC\nD2024\n\n', 'C\n20050\n', 'C\nC\nD\n\n3\n']","['C\n2024\n\n', 'WPC\n20050\n', 'C\nC\n\n3\n']",modelv1.0__2026-05-18 08:48:43
D:/moth_photos/database\batch_20\img_moth_00038205.jpg,"[4000, 6000]",55.24390243902439,"['WPC\n20051\n', 'Tallulaatrifascialis\nHulst\n\nDetBGScholtens\n\nDec2024\n\n', 'RBDominick\nCharlesREdwards\nMcClellanville\nSouthCarolina\n']","['C\n20051\n', 'DR\nD2024\n\n', 'RRD\nCR\nC\nC\n']","['WPC\n20051\n', '2024\n\n', 'C\nC\nC\n']",modelv1.0__2026-05-18 08:48:43
D:/moth_photos/database\batch_20\img_moth_00038206.jpg,"[4000, 6000]",56.125,"['Tallulaatrifascialis\nHulst\n\nDetBGScholtens\n\nDec2024\n\n', 'WPC\n20052\n', 'RBDominick\nChariesREdwards\nMcClellanville\nSotithCarolina2945\n\nJune1970\nUgnr\n']","['DR\nD2024\n\n', 'C\n20052\n', 'RD\nCR\nC\nC2945\n\n1970\n']","['2024\n\n', 'WPC\n20052\n', 'C\nC\nC2945\n\n1970\n']",modelv1.0__2026-05-18 08:48:43
D:/moth_photos/database\batch_20\img_moth_00038207.jpg,"[4000, 6000]",56.36842105263158,"['WPC\n20053\n', 'Tallulaatrifascialis\nHulst\n\nDetBGScholtens\n\nDec2024\n\n', 'RXeDeMOMINICK\nACharlesREdward\nMcClellanville\n\nSouth Carolina 2945\n\nJ Ott S949\nktshs\n']","['C\n20053\n', 'DRC5\nD2024\n\n', 'RDC\nCR\nC\n\nC 2945\n\n949\n']","['WPC\n20053\n', 'C5\n2024\n\n', 'C\nC\nC\n\nC 2945\n\n949\n']",modelv1.0__2026-05-18 08:48:43
D:/moth_photos/database\batch_20\img_moth_00038208.jpg,"[4000, 6000]",56.150000000000006,"['WPC\n20054\n', 'allulaatrifascialis\nHulst\n\nDet BGScholtens\n\nDec2024\n\nT\n\n']","['RC\n20054\n', 'D C\nD2024\n\n']","['WPC\n20054\n', 'C\n2024\n\n']",modelv1.0__2026-05-18 08:48:43
D:/moth_photos/database\batch_20\img_moth_00038209.jpg,"[4000, 6000]",55.324999999999996,"['WPC\n20055\n', 'Tallulaatrifascialis\nHulst\n\nDetBGScholtens\n\nDec2024\n', 'RBDominick\nCharlesREdwards\nMcClellanville\nSouth Carolina 2945\n\ns a oomnwe\n']","['C\n20055\n', 'DR\nD2024\n', 'RRD\nCR\nC\nC 2945\n']","['WPC\n20055\n', '2024\n', 'C\nC\nC 2945\n']",modelv1.0__2026-05-18 08:48:43
D:/moth_photos/database\batch_20\img_moth_00038210.jpg,"[4000, 6000]",55.536585365853654,"['Tallulaatrifascialis\nHulst\n\nDetBGScholtens\n\nDec2024\n\n', 'WPC\n20056\n']","['D\nD2024\n\n', 'C\n20056\n']","['2024\n\n', 'WPC\n20056\n']",modelv1.0__2026-05-18 08:48:43
D:/moth_photos/database\batch_20\img_moth_00038211.jpg,"[4000, 6000]",55.37500000000001,"['Tallulaatrifascialis\nHulst\n\nDetBGScholtens\n\nDec2024\n\n', 'WPC\n20057\n']","['DRC\nD2024\n\n', 'C\n20057\n']","['C\n2024\n\n', 'WPC\n20057\n']",modelv1.0__2026-05-18 08:48:43
D:/moth_photos/database\batch_20\img_moth_00038212.jpg,"[4000, 6000]",55.195121951219505,"['Tallulaatrifascialis\nHulst\n\nDetBGScholtens\n\n', 'WPC\n20058\n']","['D\n\n', 'C\n20058\n']","['', 'WPC\n20058\n']",modelv1.0__2026-05-18 08:48:43
D:/moth_photos/database\batch_20\img_moth_00038213.jpg,"[4000, 6000]",56.07692307692308,"['Ones\nTallulaatrifascialis\n\nHulst\nDetBGScholtens\nDec2024\n', 'WPCC\n20059\n', 'RBDominick\nCharlesREdwards\nMcClellanville\nsouthCarolina29458\n\n29SeatIG5LF4\nLigt1\n']","['DC\nD2024\n', 'C\n20059\n', 'RRD\nCR\nC\n0C29458\n\n2919544\n1\n']","['C\n2024\n', 'WPCC\n20059\n', 'C\nC\n0C29458\n\n2919544\n1\n']",modelv1.0__2026-05-18 08:48:43
D:/moth_photos/database\batch_20\img_moth_00038214.jpg,"[4000, 6000]",55.85365853658537,"['Pococera\nrobustellaZell\n\nDetBGScholtens\n\nOct2024\n', 'RBDominick\nSeeeanville\nSouthCarolinsa\nif Septlt7s\n\nLJahferm\n', 'WPC\n20060\n']","['2\nDRC8\n2024\n', 'RRD\nC\n75\n', 'C\n20060\n']","['P\n2\n\nC8\n\n2024\n', 'C\n75\n', 'WPC\n20060\n']",modelv1.0__2026-05-18 08:48:43
D:/moth_photos/database\batch_20\img_moth_00038215.jpg,"[4000, 6000]",55.15789473684211,"['2BDominick\nKcClellanville\nSouthGarolina\n\n23May4\n', 'Pococera\n\nrobustella Zell\nDetBGScholtens\nOct2024\n', 'WPC\n20061\n']","['2RD\nC\nC\n\n234\n', '2\nDR\n2024\n', 'C\n20061\n']","['2\nC\nC\n\n234\n', 'P\n2\n2024\n', 'WPC\n20061\n']",modelv1.0__2026-05-18 08:48:43
D:/moth_photos/database\batch_20\img_moth_00038216.jpg,"[4000, 6000]",55.72972972972973,"['Pococera\nrobustellaZell\n\nDetBGScholtens\n\nOct2024s\n', 'WPC\n20062\n', 'RBDominick\nMicCiellanville\n']","['2\nDR\n2024\n', 'C\n20062\n', 'RRD\nC\n']","['P\n2\n2024\n', 'WPC\n20062\n', 'C\n']",modelv1.0__2026-05-18 08:48:43
D:/moth_photos/database\batch_20\img_moth_00038217.jpg,"[4000, 6000]",56.21621621621622,"['WPC\n20063\n', 'Pococera\n\nrobustellaZell\nDetBGScholtens\nOct2024\n', 'RBDominicl\nMcClellanville\n\nSR hear\nato o e\n']","['C\n20063\n', '2\nD\n2024\n', 'RD\nC\n\nR R\n']","['WPC\n20063\n', 'P\n2\n2024\n', 'C\n']",modelv1.0__2026-05-18 08:48:43
D:/moth_photos/database\batch_20\img_moth_00038218.jpg,"[4000, 6000]",55.921052631578945,"['Pococera\nrobustellaZell\n\nDetBGScholtens\n\nOct2024\n', 'WPC\n20064\n', 'RBDominich\nMcClellanville\nSouthCarolin\n\ntSept177\nier\n']","['2\nD\n02024\n', 'C\n20064\n', 'RD\nC\n0C\n\n177\n']","['P\n2\n02024\n', 'WPC\n20064\n', '2\nC\n0C\n\n177\n']",modelv1.0__2026-05-18 08:48:43
D:/moth_photos/database\batch_20\img_moth_00038219.jpg,"[4000, 6000]",55.256410256410255,"['Pococera\n\nrobustellaZell\nDetBGScholtens\nDec2024\n', '2BDominicl\nAcClellanville\n\nSouthCarolin\nLoahtSe\n', 'WPC\n20066\n']","['2\nDR\nD2024\n', '2RD\nC\n\nC\n', 'RC\n20066\n']","['P\n2\n2024\n', '2\nC\n\nC\n', 'WPC\n20066\n']",modelv1.0__2026-05-18 08:48:43
D:/moth_photos/database\batch_20\img_moth_00038220.jpg,"[4000, 6000]",55.0,"['Pococera\nrobustellaZell\n\nDetBGScholtens\n\nDec2024\n\n', 'WPC\n20067\n', 'RBDominick\nMcClellanville\n\njBegt more\n']","['2\nDRC\nD2024\n\n', 'C\n20067\n', 'RD\nC\n\nR\n']","['P\n2\n\nC\n\n2024\n\n', 'WPC\n20067\n', 'C\n']",modelv1.0__2026-05-18 08:48:43
D:/moth_photos/database\batch_20\img_moth_00038221.jpg,"[4000, 6000]",55.595238095238095,"['Pococera\n\nrobustellaZell\nDetBGScholtens\nDec2024\n', 'WPC\n20065\n', 'RBDominich\nMcClellanville\nSouth Carolinz\n\nqflar1976\nfae\n']","['2\nD\nD2024\n', 'C\n20065\n', 'RD\nC\nC\n\n41976\n76\n']","['P\n\n2\n2024\n', 'WPC\n20065\n', 'C\nC\n\n41976\n76\n']",modelv1.0__2026-05-18 08:48:43
D:/moth_photos/database\batch_20\img_moth_00038222.jpg,"[4000, 6000]",55.48717948717949,"['WPC\n20068\n', 'Pococera\nrobustellaZell\n\nDetBGScholtens\nDec2024\n\n', 'RKBDominick\nCharlesREdward\nMcClellanville\nSouthCarolina\n\n9ure1L9A\n']","['C\n20068\n', '2\n\nD\nD2024\n\n', 'RD\nCR\nC\nC\n\n9119R\n']","['WPC\n20068\n', 'P\n2\n\n2024\n\n', 'C\nC\nC\n\n9119\n']",modelv1.0__2026-05-18 08:48:43
D:/moth_photos/database\batch_20\img_moth_00038223.jpg,"[4000, 6000]",55.139534883720934,"['WPC\n20069\n', 'Pococera\nrobustellaZell\nDetBGSCholtens\n\nDec2024\n', 'RB RBDominick\nMcClellanwil ile\nry Carolina\n\naig\n']","['C\n20069\n', '2\nDRC\n\nD2024\n', 'R RD\nC\nC\n\n0\n']","['WPC\n20069\n', 'P\n2\nC\n\n2024\n', 'P\nC\nC\n\n0\n']",modelv1.0__2026-05-18 08:48:43
D:/moth_photos/database\batch_20\img_moth_00038224.jpg,"[4000, 6000]",55.73684210526315,"['WPC\n20070\n', 'Pococera\nrobustellaZell\n\nDetBGScholtens\n\nDec2024\n', 'RBDominick\n\nMcClellanville\n\nSouthCarolinz\nl Yura 9\n\nft h Mo\n']","['RC\n20070\n', '2\nDRC\nD2024\n', 'RD\n\nC\n\nC\nD 9\n']","['WPC\n20070\n', 'P\n2\n\nC\n\n2024\n', 'C\nC\n9\n']",modelv1.0__2026-05-18 08:48:43
D:/moth_photos/database\batch_20\img_moth_00038225.jpg,"[4000, 6000]",55.631578947368425,"['WPC\n20071\n', 'Pococera\nrobustellaZell\n\nDetBGScholtens\n\nDec2024\n', 'RBDominick\nMcClellanville\nSouthCarolina\n\n2Gfg1t93\nLigh\n']","['RC\n20071\n', '2\nD\nD2024\n', 'RD\nC\nC\n\n241093\n']","['WPC\n20071\n', 'P\n2\n2024\n', 'C\nC\n\n241093\n']",modelv1.0__2026-05-18 08:48:43
D:/moth_photos/database\batch_20\img_moth_00038226.jpg,"[4000, 6000]",56.28205128205128,"['WPC\n20072\n', 'Pococera\nrobustellaZell\n\nDetBGScholtens\nDec2024\n\n', 'RBDominick\nMcClellanville\nSouthCarolina\n\nGMay\nLightB2\n']","['C\n20072\n', '2\n\nD\nD2024\n\n', 'RD\nC\nC\n\n2\n']","['WPC\n20072\n', 'P\n2\n\n2024\n\n', 'C\nC\n\n2\n']",modelv1.0__2026-05-18 08:48:43
D:/moth_photos/database\batch_20\img_moth_00038227.jpg,"[4000, 6000]",56.0,"['WPC\n20073\n', 'Pococera\nrobustellaZell\n\nDetBGScholtens\n\nDec2024\n', 'RBDominicxk\nMcCleilanville\nSouthCarolina\n\nLSapt1473\nSept\n']","['C\n20073\n', '2\nDR\nD2024\n', 'RD\nC\nC\n\n1473\n']","['WPC\n20073\n', 'P\n2\n2024\n', 'C\nC\n\n1473\n']",modelv1.0__2026-05-18 08:48:43
D:/moth_photos/database\batch_20\img_moth_00038228.jpg,"[4000, 6000]",56.351351351351354,"['WPC\n20074\n', 'Pococera\n\nrobustellaZell\nDetBGScholtens\nDec2024\n']","['RC\n20074\n', '2\nDR\nD2024\n']","['WPC\n20074\n', 'P\n2\n2024\n']",modelv1.0__2026-05-18 08:48:43
D:/moth_photos/database\batch_20\img_moth_00038229.jpg,"[4000, 6000]",56.15384615384615,"['WPC\n20075\n', 'Pococera\nrobustellaZell\n\nDetBGStcholtens\n\nDec2024\n\n', 'eee\n2BDominick\nSharlesREdward\nAicClellanville\nsouthCarolina\n\n259une147\nLight2\n']","['C\n20075\n', '2\nD\nD2024\n\n', '2D\nR\nC\nC\n\n259147\n12\n']","['WPC\n20075\n', 'P\n2\n2024\n\n', '2\nC\nC\n\n259147\n12\n']",modelv1.0__2026-05-18 08:48:43
D:/moth_photos/database\batch_20\img_moth_00038230.jpg,"[4000, 6000]",55.37500000000001,"['WPC\n20076\n', 'SOUTHCAROLINA\nWedgePlantation\nMcClellanville\n\n1DVills1969\n\nDCFerguson\n', 'Pococera\nrobustellaZell\n\nDetBGScholtens\n\nDec2024\n']","['C\n20076\n', 'CR\nC\n\n1D1969\n\nDC\n', '2\nDC\nD2024\n']","['WPC\n20076\n', 'C\nWP\nC\n\n11969\n\nC\n', 'P\n2\n\nC\n\n2024\n']",modelv1.0__2026-05-18 08:48:43
D:/moth_photos/database\batch_20\img_moth_00038231.jpg,"[4000, 6000]",55.769230769230774,"['Pococera\nrobustellaZell\n\nDetBGScholtens\n\nDec2024\n\n', 'WPC\n\n20077\n']","['2\nD\nD2024\n\n', 'C\n\n20077\n']","['P\n2\n2024\n\n', 'WPC\n\n20077\n']",modelv1.0__2026-05-18 08:48:43
D:/moth_photos/database\batch_20\img_moth_00038232.jpg,"[4000, 6000]",55.24999999999999,"['WPC\n20078\n', 'Pococera\nrobustellaZell\n\nDetBGScholtens\n\nDec2024\n']","['C\n20078\n', '2\nDR\nD2024\n']","['WPC\n20078\n', 'P\n2\n2024\n']",modelv1.0__2026-05-18 08:48:43
D:/moth_photos/database\batch_20\img_moth_00038233.jpg,"[4000, 6000]",56.324999999999996,"['WPC\n20079\n', 'Pococera\nrobustellaZell\nDetBGScholtens\nDec2024\n', 'RBDominick\nChariesR Edwards\nMcClellanville\nSouthCarolina 29458\n\nISSenf\nLighhl108\n']","['C\n20079\n', '2\nD\nD2024\n', 'RRD\nCR\nC\nC 29458\n\n108\n']","['WPC\n20079\n', 'P\n2\nP2024\n', 'C\nC\nC 29458\n\n108\n']",modelv1.0__2026-05-18 08:48:43
D:/moth_photos/database\batch_20\img_moth_00038234.jpg,"[4000, 6000]",55.5,"['WPC\n20080\n', 'Pococera\nrobustella Zell\n\nDetBGScholtens\n\nDec2024\n\n', 'RBDominick\nSharlesR EdwardsSp\nMcClellanville\nSouthCarblina29458\n\nAMu41968\n']","['RC\n20080\n', '2\nDC\nD2024\n\n', 'RRD\nCR 9\nC\nC29458\n\n441968\n']","['WPC\n20080\n', 'P\n2\n\nC\n\n2024\n\n', '2\nC 9\nC\nC29458\n\n441968\n']",modelv1.0__2026-05-18 08:48:43
D:/moth_photos/database\batch_20\img_moth_00038235.jpg,"[4000, 6000]",55.09756097560975,"['WPC\n20081\n', 'Pococera\nrobustellaZell\n\nDetBGScholtens\n\nDec2024\n', 'RBDominick\nCharlesREdwards\nMcClellanville\nSouthCarolina2945\n12NerG7\nLith\n']","['C\n20081\n', '2\nD\nD2024\n', 'RRD\nCR\nC\nC2945\n1297\n']","['WPC\n20081\n', 'P\n2\n2024\n', 'C\nC\nC2945\n1297\n']",modelv1.0__2026-05-18 08:48:43
D:/moth_photos/database\batch_20\img_moth_00038236.jpg,"[4000, 6000]",56.35,"['WPC\n20082\n', 'Pococera\nrobustellaZell\nDetBGScholtens\n\nDec2024\n\n']","['RC\n20082\n', '2\nD\n\nD2024\n\n']","['WPC\n20082\n', 'P\n2\n\nP2024\n\n']",modelv1.0__2026-05-18 08:48:43
D:/moth_photos/database\batch_20\img_moth_00038237.jpg,"[4000, 6000]",56.10526315789474,"['WPC\n20083\n', 'Pococera\nrobustejlaZell\n\nDetBGScholtens\n\nDec2024\n']","['C\n20083\n', '2\nDR\nD2024\n']","['WPC\n20083\n', 'P\n2\n2024\n']",modelv1.0__2026-05-18 08:48:43
D:/moth_photos/database\batch_20\img_moth_00038238.jpg,"[4000, 6000]",55.1219512195122,"['WPC\n20084\n', 'Pococera\nrobustellaZell\nDetBGScholtens\n\nDec2024\n']","['C\n20084\n', '2\nDR\n\nD2024\n']","['WPC\n20084\n', 'P\n2\n\n2024\n']",modelv1.0__2026-05-18 08:48:43
D:/moth_photos/database\batch_20\img_moth_00038239.jpg,"[4000, 6000]",56.175000000000004,"['WPC\n20085\n', 'Pococera\nrobustellaZell\n\nDetBGScholtens\n\nDec2024\n\n', 'McClellanville\nSouthCarolina 6\nharlesREdwards\n']","['C\n20085\n', '2\nD\nD2024\n\n', 'C\nC 6\nR\n']","['WPC\n20085\n', 'P\n2\n2024\n\n', 'C\nC 6\n']",modelv1.0__2026-05-18 08:48:43
D:/moth_photos/database\batch_20\img_moth_00038240.jpg,"[4000, 6000]",55.82926829268293,"['WPC\n20086\n', 'Pococera\nrobustellaZell\n\nDetBGScholtens\nDec2024\n', '2BDominick\nSharlesREdwards\nMicClellanville 3\napt Carolina29458\n\nSTAuNJ9CF\na Mg\n']","['C\n20086\n', '2\n\nD\nD2024\n', '2RD\nR\nC 3\nC29458\n\n19C\n']","['WPC\n20086\n', 'P\n2\n\nP\n2024\n', '2\nC 3\nC29458\n\n19C\n']",modelv1.0__2026-05-18 08:48:43
D:/moth_photos/database\batch_20\img_moth_00038241.jpg,"[4000, 6000]",55.024390243902445,"['Pococera\nrobustellaZell\n\nDetBGScholtens\n\nOct2024\n', 'WPC\n20087\n']","['2\nD\n2024\n', 'C\n20087\n']","['P\n2\n2024\n', 'WPC\n20087\n']",modelv1.0__2026-05-18 08:48:43
D:/moth_photos/database\batch_20\img_moth_00038242.jpg,"[4000, 6000]",55.3,"['Pococera\nrobustellaZell\nDetBGScholtens\n\n', 'WPC\n20088\n']","['2\nDC\n\n', 'C\n20088\n']","['P\n2\nPC\n\n', 'WPC\n20088\n']",modelv1.0__2026-05-18 08:48:43
D:/moth_photos/database\batch_20\img_moth_00038243.jpg,"[4000, 6000]",56.175000000000004,"['RBDominick\nCharlesREdwards\nMcClellanville\nSouttfCarolina\n\n10Way1972\nushelF\n\n', 'Pococera\nscorteglisLed\n\nDetBGScholtens\n\nOct2024\n', 'WPC\n20089\n']","['RD\nCR\nC\nC\n\n101972\n\n', 'DR\n2024\n', 'C\n20089\n']","['C\nC\nC\n\n10W1972\n\n', 'P\n2024\n', 'WPC\n20089\n']",modelv1.0__2026-05-18 08:48:43
D:/moth_photos/database\batch_20\img_moth_00038244.jpg,"[4000, 6000]",55.92682926829268,"['Pococera\n\nscortealisLed\nDetBGScholtens\nOct2024\n', 'RBDominick\nMcClellanville\ney Carolin\n\npSApeIN76\n', 'WPC\n20090\n']","['D\n02024\n', 'RD\nC\nC\n\n876\n', 'C\n20090\n']","['P\n02024\n', 'C\nC\n\n876\n', 'WPC\n20090\n']",modelv1.0__2026-05-18 08:48:43
D:/moth_photos/database\batch_20\img_moth_00038245.jpg,"[4000, 6000]",55.047619047619044,"['Pococera\nscortealisLed\nDetBGScholtens\n\nOct2024\n', 'WPC\n20091\n', 'RBDominicl\nMcClellanville\nSouthCarolin\n\nRdApr76\nehk\n']","['D\n2024\n', 'C\n20091\n', 'RD\nC\nC\n\nR76\n']","['P\n2024\n', 'WPC\n20091\n', 'C\nC\n\n76\n']",modelv1.0__2026-05-18 08:48:43
D:/moth_photos/database\batch_20\img_moth_00038246.jpg,"[4000, 6000]",55.34146341463414,"['2BDominick\nAcClellanville\n\nHI M1416\n', 'Pococera\n\nscortealisLed\nDetBGScholtens\nOct2024\n', 'WPC\n20092\n']","['2RD\nC\n\n4 1416\n', 'DC8\n02024\n', 'C\n20092\n']","['2\nC\n\n4 1416\n', 'P\nC8\n02024\n', 'WPC\n20092\n']",modelv1.0__2026-05-18 08:48:43
D:/moth_photos/database\batch_20\img_moth_00038247.jpg,"[4000, 6000]",55.21951219512195,"['RBDominick\nMcClennanvill\nsouthCarolinz\n\nOfialy197\nCHAS\n', 'WPC\n20093\n', 'Pococera\nscortealisLed\nDetBGScholtens\nOct2024\n']","['RD\nC\nC\n\n0197\nC\n', 'C\n20093\n', 'D\n02024\n']","['C\nC\n\n0197\nCW\n', 'WPC\n20093\n', 'P\n02024\n']",modelv1.0__2026-05-18 08:48:43
D:/moth_photos/database\batch_20\img_moth_00038248.jpg,"[4000, 6000]",55.41463414634146,"['WPC\n20094\n', 'Pococera\nscortealisLed\nDetBGScholtens\nOct2024\n', 'RBDominic\nMcClellanville\nys yaa\n\naT S\n']","['C\n20094\n', 'DR\n02024\n', 'RD\nC\n']","['WPC\n20094\n', 'P\n02024\n', 'C\n']",modelv1.0__2026-05-18 08:48:43
D:/moth_photos/database\batch_20\img_moth_00038249.jpg,"[4000, 6000]",56.375,"['WPC\n20095\n', 'Pococera\n\nmelanogrammosZell\nDetBGSchaltens\nDec2024\n', 'RBDominic\nvoathCa\nsouthCarolinz\nRmsHor97\nLight\n']","['C\n20095\n', '2\nDR\nD2024\n', 'RD\nC\nC\nR97\n']","['WPC\n20095\n', 'P\n2\n2024\n', 'C\nC\n97\n']",modelv1.0__2026-05-18 08:48:43
D:/moth_photos/database\batch_20\img_moth_00038250.jpg,"[4000, 6000]",55.51219512195122,"['WPCC\n20096\n', 'Pococera\nmelanogrammosZell\n\nDetBGScholtens\n\nDec2024\n', 'Saofftltt\nRB Dominick\nCharlesREdw ards\nMcClellanville\nSouthCarolina 29458\niwS5hy\n']","['C\n20096\n', '2\n\nDR\n\nD2024\n', 'R D\nCR\nC\nC 29458\n54\n']","['WPCC\n20096\n', 'P\n2\n\n2024\n', 'C\nC\nC 29458\nW54\n']",modelv1.0__2026-05-18 08:48:43
D:/moth_photos/database\batch_20\img_moth_00038251.jpg,"[4000, 6000]",55.604166666666664,"['WPC\n20097\n', 'Pococera\n\nmelanogrammosZell\nDetBGSchbditens\nDec2024\n']","['C\n20097\n', '2\nD\nD2024\n']","['WPC\n20097\n', 'P\n2\n2024\n']",modelv1.0__2026-05-18 08:48:43
D:/moth_photos/database\batch_20\img_moth_00038252.jpg,"[4000, 6000]",56.025000000000006,"['SOUTHCAROLINA\nWedge Plantation\nMcClellanville\nAugust 6 1968\nDCFerduson\n', 'WPC\n20098\n', 'Pococera\nmelanogrammos Zell\nDetBGScholtens\n\nDec2024\n']","['CRC\nC\n6 1968\nDC\n', 'C\n20098\n', '2\nDC\n\nD2024\n']","['CC\nW P\nC\n6 1968\nCP\n', 'WPC\n20098\n', 'P\n2\nC\n\n2024\n']",modelv1.0__2026-05-18 08:48:43
D:/moth_photos/database\batch_20\img_moth_00038253.jpg,"[4000, 6000]",55.487804878048784,"['WwPC\n20099\n', 'Pococera\nmelanogrammos Zell\n\nDet BGSchHoltens\nDec2024\n', 'RBDominick\nCharlesREdwards\nMcClellanville\nSouthCarolina294586\n\nmavy96F7\nLisp\n']","['C\n20099\n', '2\n\nD RC\nD2024\n', 'RRD\nCR\nC\nC294586\n\n967\n']","['WPC\n20099\n', 'P\n2\n\nC\nP2024\n', 'P\nC\nC\nC294586\n\n967\n']",modelv1.0__2026-05-18 08:48:43
D:/moth_photos/database\batch_20\img_moth_00038254.jpg,"[4000, 6000]",56.05,"['Pococera\nmelanogrammosZell\n\nDetBGScholtens\n\nDec2024\n\n', 'WwPC\n20100\n']","['2\nDR\nD2024\n\n', 'C\n20100\n']","['P\n2\n2024\n\n', 'WPC\n20100\n']",modelv1.0__2026-05-18 08:48:43
D:/moth_photos/database\batch_20\img_moth_00038255.jpg,"[4000, 6000]",56.150000000000006,"['RBDominick\nMcClellanville\nSouthCarolina\n\nFSeot4\n', 'WPC\n20101\n', 'Pococera\nmelanogrammos Zell\n\nDet BGScholtens\n\nDec2024\n']","['RRD\nC\nC\n\n4\n', 'C\n20101\n', '2\n\nD R\n\nD2024\n']","['C\nC\n\n4\n', 'WPC\n20101\n', 'P\n2\n\nP\n\n2024\n']",modelv1.0__2026-05-18 08:48:43
D:/moth_photos/database\batch_20\img_moth_00038256.jpg,"[4000, 6000]",55.925,"['WPC\n20102\n', 'i\n2BDominick\n\nMcClellanv ille\n\nSoutlyCarolina\n\nashe 4\n', 'Pococera\nmelanogrammos Zell\n\nDetBGScholtens\n\nDec2024\n']","['C\n20102\n', '2RD\nC\nC\n\n3 4\n', '2\nDR\nD2024\n']","['WPC\n20102\n', '2\nC\nC\n\n3 4\n', 'P\n2\n2024\n']",modelv1.0__2026-05-18 08:48:43
D:/moth_photos/database\batch_20\img_moth_00038257.jpg,"[4000, 6000]",56.074999999999996,"['WPC\n20103\n', 'Pococera\nmelanogrammosZell\n\nDetBGSchdltens\n\nDec2024\n', 'RBDominick\nCharlesREdward\nMcClellanville\nSouthGarolinae\n\n26 97\nbho\n']","['C\n20103\n', '2\nDC\nD2024\n', 'RD\nCR\nC\nC\n\n26 97\n']","['WPC\n20103\n', 'P\n2\n\nC\n\n2024\n', 'C\nC\nC\n\n26 97\nP\n']",modelv1.0__2026-05-18 08:48:43
D:/moth_photos/database\batch_20\img_moth_00038258.jpg,"[4000, 6000]",55.93750000000001,"['RBDominick\nCharlesREdwards\nMcClellanville\nSouthCarolina\n\nIiMag ve\n', 'Pococera\n\nmelanogrammosZell\nDetBGSchaltens\nDec2024\n', 'WPC\n20104\n']","['RRD\nCR\nC\nC\n', '2\nDR\nD2024\n', 'C\n20104\n']","['C\nC\nC\n', 'P\n2\n2024\n', 'WPC\n20104\n']",modelv1.0__2026-05-18 08:48:43
D:/moth_photos/database\batch_20\img_moth_00038259.jpg,"[4000, 6000]",56.10416666666667,"['WPC\n20105\n', 'Pococera\n\nmelanogrammosZell\nDetBGScholtens\nDec2024\n', 'R BDominick\nCharlesREdwards\nMcClellanville\nSouthCarolina\n\nly197\neee\n']","['C\n20105\n', '2\nDC\nD2024\n', 'R D\nCR\nC\n5C\n\n197\n']","['WPC\n20105\n', 'P\n\n2\nC\n2024\n', 'C\nC\n5C\n\n197\n']",modelv1.0__2026-05-18 08:48:43
D:/moth_photos/database\batch_20\img_moth_00038260.jpg,"[4000, 6000]",55.39024390243902,"['WPC\n20106\n', 'Pococera\nmelanogrammos Zell\nDet BGScholtens\n\nDec2024\n', 'sttle\nRBDominick\nCharlesR Edwards\nMcCleljanville\n29 Gahvet\n\naaa\n']","['C\n20106\n', '2\nD 8C\n\nD2024\n', 'RRD\nCR\nC\n29\n']","['WPC\n20106\n', 'P\n2\nP 8C\n\n2024\n', 'C\nC\n29\n']",modelv1.0__2026-05-18 08:48:43
D:/moth_photos/database\batch_20\img_moth_00038261.jpg,"[4000, 6000]",55.75,"['WPC\n20107\n', 'Pococera\n\nmelanogrammosZell\nDetBGScaoltens\nDec2024\n', 'RBDominick\nCharlesREdward\nMcClellanvidie\nSouthCdtolina\n\niheyF\nPpghfan\n']","['RC\n20107\n', '2\nD\nD2024\n', 'RRD\nCR\nC\nC\n\n5\n']","['WPC\n20107\n', 'P\n2\n2024\n', 'C\nC\nC\n\n5\nP\n']",modelv1.0__2026-05-18 08:48:43
D:/moth_photos/database\batch_20\img_moth_00038262.jpg,"[4000, 6000]",56.150000000000006,"['WPC\n20108\n', 'Pococera\nmelanogrammosZell\n\nDetBGScholtens\nDec2024\n\n']","['C\n20108\n', '2\n\nD\nD2024\n\n']","['WPC\n20108\n', 'P\n2\n\n2024\n\n']",modelv1.0__2026-05-18 08:48:43
D:/moth_photos/database\batch_20\img_moth_00038263.jpg,"[4000, 6000]",55.56249999999999,"['SOUTHCAROLINA\nWedgePlantation\nMcClellanville\nAugust fl 1968\nDCFerguson\n', 'Wize\n20109\n', 'Pococera\n\nmelanogrammosZell\nDetBGScholtens\nDec2024\n', 'Te lralopha\n\nDetDCFerguson\n']","['CR\nC\n1968\nDC\n', '20109\n', '2\nD\nD2024\n', '7\n\nDDC\n']","['C\nWP\nC\n1968\nC\n', 'W\n20109\n', 'P\n2\n2024\n', '7\n\nCP\n']",modelv1.0__2026-05-18 08:48:43
D:/moth_photos/database\batch_20\img_moth_00038264.jpg,"[4000, 6000]",56.324999999999996,"['WPC\n20110\n', 'Pococera\n\nmelanogrammosZell\nDetBGSchkoltens\nDec2024\n', 'RBDominick\nCharlesREdwardis\nMcClellanville 3\nSouthCarolina 29458\n\n4FMaulG6P\n70K ov\n']","['C\n20110\n', '2\nD\nD2024\n', 'RD\nCR\nC 3\nC 29458\n\n46\n709 6\n']","['WPC\n20110\n', 'P\n2\n2024\n', 'C\nC 3\nC 29458\n\n4P6P\n709 6\n']",modelv1.0__2026-05-18 08:48:43
D:/moth_photos/database\batch_20\img_moth_00038265.jpg,"[4000, 6000]",56.324999999999996,"['WwPC\n20111\n', 'Pococera\nmelanogrammos Zell\n\nDet BGScholtens\n\nDec2024\n', '2BDominick\nharlesREdwards\nicClellanville\nouthCarolina29458\n\n4\n']","['C\n20111\n', '2\n\nD RC\n\nD2024\n', '2D\nR\nC\nC29458\n\n4\n']","['WPC\n20111\n', 'P\n2\n\nC\n\n2024\n', '2\nC\nC29458\n\n4\n']",modelv1.0__2026-05-18 08:48:43
D:/moth_photos/database\batch_20\img_moth_00038266.jpg,"[4000, 6000]",56.0,"['WPC\n20112\n', 'Pococera\n\nmelanogrammosZell\nDetBGScHoltens\nDec2024\n', 'RBDominick\nCharlesREdwards\nMcClellanville\nSouthCarolina29458\n\nZA8mi 1970\ntipheel\n']","['C\n20112\n', '2\nDRC\nD2024\n', 'RRD\nCR\nC\nC29458\n\n28 1970\n']","['WPC\n20112\n', 'P\n\n2\nC\n2024\n', 'C\nC\nC29458\n\n28 1970\n']",modelv1.0__2026-05-18 08:48:43
D:/moth_photos/database\batch_20\img_moth_00038267.jpg,"[4000, 6000]",55.17073170731708,"['WPC\n20113\n', 'Pococera\n\nmelanogrammosZell\nDetBGScholtens\nDec2024\n', 'XBDominick\nCharlesREdwards\nMcClellanville\nsouthGarolinae\n\nSypr770\n']","['RC\n20113\n', '2\nDR\nD2024\n', 'RD\nCR\nC\n0\n\n770\n']","['WPC\n20113\n', 'P\n2\n2024\n', 'C\nC\n0\n\n770\n']",modelv1.0__2026-05-18 08:48:43
D:/moth_photos/database\batch_20\img_moth_00038268.jpg,"[4000, 6000]",56.375,"['NedgePlantation\nSouthSanteeRiver\nCharlestohCoSC\nJuly2S1967\nlegqwJamesWPorter\n', 'WPC\n20114\n\n', 'Pococera\n\nmelanogrammosZell\nDetBGScholtens\nDec2024\n', 'Telralophiaz\nSPECS\n\nDetDCFerguson\n\n']","['R\nCCC\n251967\n', 'C\n20114\n\n', '2\nD\nD2024\n', 'C\n\nDDC0\n\n']","['P\nCCC\n251967\nWP\n', 'WPC\n20114\n\n', 'P\n2\n2024\n', 'PC\n\nC0\n\n']",modelv1.0__2026-05-18 08:48:43
D:/moth_photos/database\batch_20\img_moth_00038269.jpg,"[4000, 6000]",56.375,"['WPC\n20115\n', 'RBDominick\nMcClellanville\nYe Carolina\n\n5p 1976\nmE\n', 'Pococera\n\nmelanogrammos Zell\nDetBGSchoitens\nOct2024\n']","['C\n20115\n', 'RD\nC\nC\n\n5 1976\n', '2\nD\n2024\n']","['WPC\n20115\n', 'C\nC\n\n5 1976\n', 'P\n2\n2024\n']",modelv1.0__2026-05-18 08:48:43
D:/moth_photos/database\batch_20\img_moth_00038270.jpg,"[4000, 6000]",55.37500000000001,"['RBDominick\nMcClellanville\nSouthCarolinz\n\nSIRS\n', 'WPC\n20116\n', 'Pococera\nmelanogrammos Zell\n\nDetBGScholtens\nOct2024\n']","['RRD\nC\nC\n\nDR5\n', 'RC\n20116\n', '2\n\nDR\n2024\n']","['C\nC\n\n5\n', 'WPC\n20116\n', 'P\n2\n\n2024\n']",modelv1.0__2026-05-18 08:48:43
D:/moth_photos/database\batch_20\img_moth_00038271.jpg,"[4000, 6000]",55.45,"['WPC\n20117\n', 'Pococera\nmelanogrammosZell\n\nDetBGScholtens\nOct2024\n', 'RB Dominick\nCharles REdwards\nMcClellanville\nvi Carolina\n\n317a4I972\nLisheg\n']","['RC\n20117\n', '2\nDR\n02024\n', 'RR D\nC R\nC\nC\n\n31704972\n']","['WPC\n20117\n', 'P\n2\n02024\n', 'P\nC\nC\nC\n\n31704972\n']",modelv1.0__2026-05-18 08:48:43
D:/moth_photos/database\batch_20\img_moth_00038272.jpg,"[4000, 6000]",55.75,"['wPecI\n20118\n', 'Pococefa\nmelanogrammos Zell\n\nDet BGScholtens\n\nOct2024\n']","['C\n20118\n', '2\n\nD R\n\nC2024\n']","['WPC\n20118\n', 'P\n2\n\nC2024\n']",modelv1.0__2026-05-18 08:48:43
D:/moth_photos/database\batch_20\img_moth_00038273.jpg,"[4000, 6000]",56.150000000000006,"['RBDominicl\nMcClellanville\nSouthCarolin\n', 'WPC\n20119\n', 'Oa\nPococera\n\nmelanogrammosZell\nDetBGScholtens\nOct2024\n']","['RD\nC\nC\n', 'RC\n20119\n', 'CD\n\n2\nDR\n2024\n']","['C\nC\n', 'WPC\n20119\n', 'P\n\n2\n2024\n']",modelv1.0__2026-05-18 08:48:43
D:/moth_photos/database\batch_20\img_moth_00038274.jpg,"[4000, 6000]",55.175,"['RBDominick\nMcClellanville\nSouth Carolina\n\nEMauyc 76\nragk\n', 'WPC\n20120\n', 'Pococera\n\nmelanogrammosZell\nDetBGScholtens\nOct2024\n']","['RD\nC\nC\n\n76\n', 'C\n20120\n', '2\nDC\n2024\n']","['C\nC\n\n76\n', 'WPC\n20120\n', 'P\n\n2\nC\n2024\n']",modelv1.0__2026-05-18 08:48:43
D:/moth_photos/database\batch_20\img_moth_00038275.jpg,"[4000, 6000]",55.520833333333336,"['WPC\n20121\n', 'Pococera\n\nmelanogrammosZell\nDetBGScholtens\nOct2024\n', 'RB Dominick\nCharlesREdwards\nMcCle llanville\nSouth Carolina\n\n2VNau1972\nighthO7\n']","['RC\n20121\n', '2\nD\n02024\n', 'RR D\nCR\nC\nC\n\n21972\n7\n']","['WPC\n20121\n', 'P\n2\n02024\n', 'C\nC\nC\n\n21972\n7\n']",modelv1.0__2026-05-18 08:48:43
D:/moth_photos/database\batch_20\img_moth_00038276.jpg,"[4000, 6000]",56.20512820512821,"['WPC\n20122\n', 'KDVominick\nMcClellanville\nsouthCarolina\n\nAlMay47\n', 'Pococera\n\nmelanogrammosZell\nDetBGScholtens\nOct2024\n']","['C\n20122\n', 'RD\nC\nC\n\n47\n', '2\nD\n2024\n']","['WPC\n20122\n', 'C\nC\n\nP47\n', 'P\n2\n2024\n']",modelv1.0__2026-05-18 08:48:43
D:/moth_photos/database\batch_20\img_moth_00038277.jpg,"[4000, 6000]",55.64583333333332,"['RBDominici\nMcClennanvill\nat\n\n34Iune 74\nlrahtoF\n', 'WPC\n20123\n', 'Pococera\n\nmelanogrammosZell\nDetBGScholtens\nOct2024\n']","['RRD1\nC\n\n34 74\n', 'C\n20123\n', '2\nDR\n2024\n']","['1\nC\n\n34 74\n', 'WPC\n20123\n', 'P\n2\n2024\n']",modelv1.0__2026-05-18 08:48:43
D:/moth_photos/database\batch_20\img_moth_00038278.jpg,"[4000, 6000]",56.324999999999996,"['WPC\n20124\n', 'Pococera\nmelanogrammosZell\n\nDetBGSchditens\n\nOct2024\n\n', '2BDominic\nAcClellanville\n\nSouthGarolin\nMaus 17\n\n22\nLiaktoF\n']","['C\n20124\n', '2\nDR\n2024\n\n', '2RD\nC\n\n17\n\n22\n']","['WPC\n20124\n', 'P\n2\n2024\n\n', '2\nC\n\n17\n\n22\n']",modelv1.0__2026-05-18 08:48:43
D:/moth_photos/database\batch_20\img_moth_00038279.jpg,"[4000, 6000]",55.75,"['WPC\n20125\n', 'RBDominicl\nMcClellanville\nSouthCarolin\n\nie 1973\n', 'Pococera\nsubcanalisWik\n\nDetBGScholtens\n\nDec2024\n\n']","['C\n20125\n', 'RRD\nC\nC\n\n1973\n', 'DR\nD2024\n\n']","['WPC\n20125\n', 'C\nC\n\n1973\n', 'P\nW\n2024\n\n']",modelv1.0__2026-05-18 08:48:43
D:/moth_photos/database\batch_20\img_moth_00038280.jpg,"[4000, 6000]",55.825,"['RBDominick\nMcClellanville\nDA Carolina\n\n197\nrast Zz 3\n', 'WPC\n20126\n', 'Pococera\nsubcanalisWIk\n\nDetBGScholtens\nDec2024\n\n']","['RD\nC\nD C\n\n197\n3\n', 'RC\n20126\n', 'DRC\nD2024\n\n']","['C\nC\n\n197\n3\n', 'WPC\n20126\n', 'P\nW\n\nC\n2024\n\n']",modelv1.0__2026-05-18 08:48:43
D:/moth_photos/database\batch_20\img_moth_00038281.jpg,"[4000, 6000]",55.62499999999999,"['WPC\n20128\n', 'Pococera\nsubcanalisWik\n\nDetBGScholtens\nDec2024\n\n', 'BDominic\nAcClellanville\n1Sop ae\n\nbavi\n']","['RC\n20128\n', 'D\nD2024\n\n', 'RD\nC\n1\n']","['WPC\n20128\n', 'P\nW\n\n2024\n\n', 'C\n1\n']",modelv1.0__2026-05-18 08:48:43
D:/moth_photos/database\batch_20\img_moth_00038282.jpg,"[4000, 6000]",55.66666666666666,"['WPC\n20127\n', 'RBDominick\nMcClellanville\npSest LiGme\nSept475\nhights\n', 'Pococera\nsubcanalisWIk\n\nDetBGScholtens\n\nDec2024\n']","['C\n20127\n', 'RD\nC\n475\n', 'DC\nD2024\n']","['WPC\n20127\n', 'C\nP\n475\n', 'P\nW\n\nC\n\n2024\n']",modelv1.0__2026-05-18 08:48:43
D:/moth_photos/database\batch_20\img_moth_00038283.jpg,"[4000, 6000]",55.18750000000001,"['WPC\n20129\n', 'Pococera\nsubcanalisWIk\n\nDetBGSCholtens\n\nOct2024\n\n', '2BDominick\nharlesREdwards\nAcClellanville\nSouthCarolina e\n\n1472\nONgsyJ472\n']","['C\n20129\n', 'DRCC\n02024\n\n', '2RD\nR\nC\nC\n\n1472\n472\n']","['WPC\n20129\n', 'P\nW\n\nCC\n\n02024\n\n', '2\nC\nC\n\n1472\n472\n']",modelv1.0__2026-05-18 08:48:43
D:/moth_photos/database\batch_20\img_moth_00038284.jpg,"[4000, 6000]",56.2,"['Pococera\nsubcanalisWIk\n\nDetBGStholtens\n\nOct2024\n\n', 'WPC\n20130\n', '2BDominict\nMicClellanville\nEy cage\n\nshea\nLie\n']","['D\n2024\n\n', 'C\n20130\n', '2RD\nC\nC\n']","['P\nW\n2024\n\n', 'WPC\n20130\n', '2\nC\nC\n']",modelv1.0__2026-05-18 08:48:43
D:/moth_photos/database\batch_20\img_moth_00038285.jpg,"[4000, 6000]",55.775,"['WPC\n20131\n', 'Pococera\n\nsubcanalisWIk\nDetBGScholtens\nOct2024\n', 'ChariesREdwards\nMcClellanville\nSouthCarolina29458\n\nISMeG S963\nLISAf\n\nRBDominick e\n\n']","['RC\n20131\n', 'D\n02024\n', 'CR\nC\nC29458\n\n963\n\nRRD\n\n']","['WPC\n20131\n', 'P\nW\n02024\n', 'C\nC\nC29458\n\nPW 963\n\n']",modelv1.0__2026-05-18 08:48:43
D:/moth_photos/database\batch_20\img_moth_00038286.jpg,"[4000, 6000]",55.825,"['WPC\n20132\n', 'Pococera\n\nsubcanalisWIk\nDetBGScholtens\nOct2024\n', 'v7iCUlelianvillie\nsouthCarolina\nRBDominick\n\n3Mayb\nTAG\n']","['C\n20132\n', 'D\n2024\n', '7C\n0C\nRRD\n\n36\n4\n']","['WPC\n20132\n', 'P\nW\n2024\n', '7C\n0C\n\n36\n4\n']",modelv1.0__2026-05-18 08:48:43
D:/moth_photos/database\batch_20\img_moth_00038287.jpg,"[4000, 6000]",55.479166666666664,"['WPC\n20133\n', 'Pococera\n\nsubcanalisWIk\nDetBGScholtens\nOct2024\n', 'RB Dominick\nMcClellanville\nguthCaroline\nSeptF75\nnd t\niahe\n']","['C\n20133\n', 'DR\n2024\n', 'R D\nC\nC\n75\n']","['WPC\n20133\n', 'P\nW\n2024\n', 'C\nC\n75\n']",modelv1.0__2026-05-18 08:48:43
D:/moth_photos/database\batch_20\img_moth_00038288.jpg,"[4000, 6000]",55.275,"['WPC\n20134\n', 'Pococera\n\nsubcanalisWIk\nDetBGStholtens\nOct2024\n', 'RBDominic\nMcClellanville\nySepeain\n\n1Septi9y\naghk6\n']","['RC\n20134\n', 'D\n02024\n', 'RD\nC\n\n19\n6\n']","['WPC\n20134\n', 'P\nW\n02024\n', 'C\n\n19\n6\n']",modelv1.0__2026-05-18 08:48:43
D:/moth_photos/database\batch_20\img_moth_00038289.jpg,"[4000, 6000]",56.05128205128205,"['WPCC\n20135\n', 'Pococera\nsubcanalisWik\n\nDetBGScholtens\nOct2024\n\n', '2BDominick\nMcClellanville\nSouthCarolinz\n\night\n']","['RC\n20135\n', 'DRC\n02024\n\n', '28D\nC\nC\n']","['WPCC\n20135\n', 'P\nW\n\nC\n02024\n\n', '28\nC\nC\n']",modelv1.0__2026-05-18 08:48:43
D:/moth_photos/database\batch_20\img_moth_00038290.jpg,"[4000, 6000]",55.975,"['WPC\n20136\n', 'RBDominick\nMcClellanville\nSouth Carolina\n', 'Pococera\n\nsubcanalisWIk\nDetBGSholtens\nOct2024\n']","['C\n20136\n', 'RRD\nC\n5 C\n', 'DR\n02024\n']","['WPC\n20136\n', 'C\n5 C\n', 'P\nW\n02024\n']",modelv1.0__2026-05-18 08:48:43
D:/moth_photos/database\batch_20\img_moth_00038291.jpg,"[4000, 6000]",55.074999999999996,"['tBDominicl\n\nAcClellanville\n\nouthCarolin\nSept IF7e\nwnrF\n', 'WPC\n20137\n', 'Pococera\nsubcanalisWIk\n\nDetBGScholtens\n\nOct2024\n']","['D\nC\nC\n\n7\n', 'C\n20137\n', 'DR\n02024\n']","['C\nC\n7\n', 'WPC\n20137\n', 'P\nW\n02024\n']",modelv1.0__2026-05-18 08:48:43
D:/moth_photos/database\batch_20\img_moth_00038292.jpg,"[4000, 6000]",55.416666666666664,"['BDominick\nAcClellanville\nSep yao\n\na Sal\n', 'WPC\n20138\n', 'Pococera\nsubcanalisWIk\n\nDetBGSCholtens\n\nOct2024\n']","['RD\nC\n\n7\n', 'C\n20138\n', 'DRC\n02024\n']","['C\n\n7\n', 'WPC\n20138\n', 'P\nW\n\nC\n\n02024\n']",modelv1.0__2026-05-18 08:48:43
D:/moth_photos/database\batch_20\img_moth_00038293.jpg,"[4000, 6000]",55.45,"['WPC\n20139\n', 'BDominicl\nAcClellanville\nouthCarolin\n\nhe of\n', 'Pococera\nsubcanalisWIk\n\nDetBGSCholtens\n\nOct2024\n\n']","['C\n20139\n', 'RD\n4C\nC\n', 'DCC\n2024\n\n']","['WPC\n20139\n', '4C\nC\n', 'P\nW\n\nPCC\n\n2024\n\n']",modelv1.0__2026-05-18 08:48:43
D:/moth_photos/database\batch_20\img_moth_00038294.jpg,"[4000, 6000]",55.85,"['WPC\n20140\n', 'Pococera\n\nsubcanalisWIk\nDetBGScholtens\nOct2024\n', 'RBDominick\nMcClellanville\n\nMap peel\n']","['C\n20140\n', 'D\n02024\n', 'RRD\nC\n\n7\n']","['WPC\n20140\n', 'P\nW\n02024\n', 'C\n\n7\n']",modelv1.0__2026-05-18 08:48:43
D:/moth_photos/database\batch_20\img_moth_00038295.jpg,"[4000, 6000]",55.5609756097561,"['WPC\n20141\n', 'Pococera\nsubcanalisWIk\n\nDetBGScholtens\nOct2024\n', 'RBDominick\nMcClellanville\nSoutheCarolina\n\n1B\n\nArd t 0\n']","['C\n20141\n', 'D\n02024\n', 'RRD\nC\nC\n\n1R075\n\n0\n']","['WPC\n20141\n', 'P\nW\n02024\n', 'C\nC\n\n1075\n\n0\n']",modelv1.0__2026-05-18 08:48:43
D:/moth_photos/database\batch_20\img_moth_00038296.jpg,"[4000, 6000]",55.62499999999999,"['WPC\n20142\n', 'RBDominick\nMcClellanville\nsouth Carolinz\n\nVapel42s\nJAKtP\n', 'Pococera\n\nsubcanalisWIk\nDetBGScholtens\nOct2024\n\n']","['C\n20142\n', 'RD\nC\nC\n\n42\n', 'DR\n02024\n\n']","['WPC\n20142\n', 'C\nC\n\n42\nP\n', 'P\nW\n02024\n\n']",modelv1.0__2026-05-18 08:48:43
D:/moth_photos/database\batch_20\img_moth_00038297.jpg,"[4000, 6000]",56.175000000000004,"['WPC\n20143\n', 'Pococera\nsubcanalisWIk\n\nDetBGScholtens\nOct2024\n\n', 'RBDominich\nMcClellanville\nSouth Carolin\n\nAre\n']","['C\n20143\n', 'D\n2024\n\n', 'RD\nC\nC\n\n1R\n']","['WPC\n20143\n', 'P\nW\n\n2024\n\n', 'C\nC\n\n1\n']",modelv1.0__2026-05-18 08:48:43
D:/moth_photos/database\batch_20\img_moth_00038298.jpg,"[4000, 6000]",55.048780487804876,"['2BDominic\nAicClellanville\nsouthCarolin\n', 'WPC\n20144\n', 'Pococera\nsubcanalisWik\n\nDetBGScholtens\n\nDec2024\n']","['2RD\nC\n0C\n', 'RC\n20144\n', 'DC\nD2024\n']","['2\nC\n0C\n', 'WPC\n20144\n', 'P\nW\n\nC\n\n2024\n']",modelv1.0__2026-05-18 08:48:43
D:/moth_photos/database\batch_20\img_moth_00038299.jpg,"[4000, 6000]",55.8780487804878,"['RBDominick\nMcClellanville\nSouthCarolina\n\nSSept778\n', 'WPC\n20145\n', 'Pococera\nsubcanalisWIk\n\nDetBGScholtens\n\nDec2024\n\n']","['RRD\nC\nC\n\n778\n', 'C\n20145\n', 'D\nD2024\n\n']","['C\nC\n\n778\n', 'WPC\n20145\n', 'P\nW\n2024\n\n']",modelv1.0__2026-05-18 08:48:43
D:/moth_photos/database\batch_20\img_moth_00038300.jpg,"[4000, 6000]",55.70731707317073,"['WPC\n20146\n', 'BDominicl\nAcClellanville\nouth Carolin\n', 'Pococera\nsubcanalisWIk\n\nDetBGScholtens\nDec2024\n\n']","['C\n20146\n', 'RD\nC\nC\n', 'D\nD2024\n\n']","['WPC\n20146\n', 'C\nC\n', 'P\nW\n\n2024\n\n']",modelv1.0__2026-05-18 08:48:43
D:/moth_photos/database\batch_20\img_moth_00038301.jpg,"[4000, 6000]",56.29268292682927,"['WPC\n20147\n', 'Pococera\nSubcanalisWik\n\nDetBGScholtens\n\nDec2024\n', 'RBDominick\nCharlesREdwards\nMcClellanville\nSouthCarolina29458\nGSune197\nLignr\n']","['C\n20147\n', 'D\nD2024\n', 'RRD\nCR\nC\nC29458\nC197\n']","['WPC\n20147\n', 'P\nW\n2024\n', 'C\n\nC\n\nC29458\nC197\n']",modelv1.0__2026-05-18 08:48:43
D:/moth_photos/database\batch_20\img_moth_00038302.jpg,"[4000, 6000]",56.150000000000006,"['WPCC\n20148\n', 'Pococera\nsubcanalisWIk\n\nDetBGScholtens\nDec2024\n\n', 'RBDominick\nCharlesREdwards\nMcClellanville\nSouthCarolina\n\n25fune 147\nhLightar\n\n']","['RC\n20148\n', 'DR\nD2024\n\n', 'RRD\nCR\nC\nC\n\n25 147\n\n']","['WPCC\n20148\n', 'P\nW\n\n2024\n\n', 'C\nC\nC\n\n25 147\n\n']",modelv1.0__2026-05-18 08:48:43
D:/moth_photos/database\batch_20\img_moth_00038303.jpg,"[4000, 6000]",56.324999999999996,"['WPC\n20149\n', 'Pococera\nsubcanalisWIk\n\nDet BGScholtens\n\nDec2024\n', 'RBDominick\nCharlesREdwards\nMcClellanville\ney ratine\n\n11272\nfi ear\n']","['C\n20149\n', 'D R\nD2024\n', 'RRD\nCR\nC\n\n11272\n2\n']","['WPC\n20149\n', 'P\nW\n2024\n', 'C\nC\n\n11272\n2\n']",modelv1.0__2026-05-18 08:48:43
D:/moth_photos/database\batch_20\img_moth_00038304.jpg,"[4000, 6000]",55.047619047619044,"['WPC\n20150\n', 'Pococera\nsubcanalisWIk\n\nDetBGScholtens\n\nDec2024\n', 'RBDominick\nCharlesREdwards\nMcClellanville\n\n47May1972\nLich 5\n']","['C\n20150\n', 'DC\nD2024\n', 'RRD\nCR\nC\n\n4741972\n5\n']","['WPC\n20150\n', 'P\nW\n\nPC\n\n2024\n', 'C\nC\n\n4741972\n5\n']",modelv1.0__2026-05-18 08:48:43
D:/moth_photos/database\batch_20\img_moth_00038305.jpg,"[4000, 6000]",55.58536585365853,"['WPC\n20151\n', 'RBDominick\nMcClellanville\nSouthCaroling\n\n9Sephl975\n', 'Pococera\nsubcanglis Wik\n\nDetBGScholtens\n\nDec2024\n']","['C\n20151\n', 'RRD\nC\nC\n\n9975\n', 'D\nD2024\n']","['WPC\n20151\n', 'C\nC\n\n9975\n', 'P\nW\n2024\n']",modelv1.0__2026-05-18 08:48:43
D:/moth_photos/database\batch_20\img_moth_00038306.jpg,"[4000, 6000]",55.90243902439025,"['Wise\n20152\n', 'RBDominick\nMcClellanville\nCet 1976\n\norf\n', 'Pococera\nsubcanalisWIk\n\nDetBGScholtens\n\nDec2024\n']","['20152\n', 'RD\nC\nC 1976\n', 'DRCC\nD2024\n']","['W\n20152\n', 'C\nC 1976\n', 'P\nW\n\nCC\n\n2024\n']",modelv1.0__2026-05-18 08:48:43
D:/moth_photos/database\batch_20\img_moth_00038307.jpg,"[4000, 6000]",55.36585365853658,"['WPC\n20153\n', 'xox0o506Vii\n\nRBDominick\nCharlesREdwards\nMeClellanville\nSouthCarolina\nZYyFune197\narsht a\n', 'Pococera\nsubcanalisWIk\n\nDetBGScholtens\n\nDec2024\n']","['C\n20153\n', '0506\n\nRRD\nCR\nC\nC\n2197\n3\n', 'DC8\nD2024\n']","['WPC\n20153\n', '0506\n\nC\nC\nC\n2197\n3\n', 'P\nW\n\nC8\n\n2024\n']",modelv1.0__2026-05-18 08:48:43
D:/moth_photos/database\batch_20\img_moth_00038308.jpg,"[4000, 6000]",56.35,"['WPC\n\n20154\n', 'Pococera\nsubcanalisWIk\n\nDetBGScholtens\n\nDec2024\n']","['RC\n\n20154\n', 'D\nD2024\n']","['WPC\n\n20154\n', 'P\nW\n2024\n']",modelv1.0__2026-05-18 08:48:43
D:/moth_photos/database\batch_20\img_moth_00038309.jpg,"[4000, 6000]",55.31707317073171,"['WPC\n20155\n', 'Pococera\nsubcanalisWIk\n\nDetBGScholtens\n\nDec2024\n']","['C\n20155\n', 'DR\nD2024\n']","['WPC\n20155\n', 'P\nW\n2024\n']",modelv1.0__2026-05-18 08:48:43
D:/moth_photos/database\batch_20\img_moth_00038310.jpg,"[4000, 6000]",56.073170731707314,"['WPC\n20156\n', 'Pococera\nsubcanalisWIk\nDetBGScholtens\nDec2024\n', 'RBDominick\nCharlesR Edwards\nMcClellanville\nSouthCarolina29458\n\n2 27a 1GZ2\n\neEtt\n']","['C\n20156\n', 'D\nD2024\n', 'RD\nCR 7\nC\nC29458\n\n2 27 12\n']","['WPC\n20156\n', 'P\nW\nP2024\n', 'C 7\nC\nC29458\n\n2 27 12\n']",modelv1.0__2026-05-18 08:48:43
D:/moth_photos/database\batch_20\img_moth_00038311.jpg,"[4000, 6000]",55.24999999999999,"['WPC\n20157\n', 'Pococera\nsubcanalisWIk\nDetBGScholtens\n\nDec2024\n\n']","['C\n20157\n', 'DR\n\nD2024\n\n']","['WPC\n20157\n', 'P\nW\n\n2024\n\n']",modelv1.0__2026-05-18 08:48:43
D:/moth_photos/database\batch_20\img_moth_00038312.jpg,"[4000, 6000]",55.5609756097561,"['WPC\n20158\n', 'Pococera\nsubcanalis Wik\n\nDetBGScholtens\n\nDec2024\n\n', 'RBDominick\nCharlesREdwards\nMicClellanville\nsouthCarolina29458\n\nGMae1969\nLiahL\n']","['C\n20158\n', 'D\nD2024\n\n', 'RRD\nCR\nC\n0C29458\n\n1969\n']","['WPC\n20158\n', 'P\nW\n2024\n\n', 'C\nC\n0C29458\n\n1969\n']",modelv1.0__2026-05-18 08:48:43
D:/moth_photos/database\batch_20\img_moth_00038313.jpg,"[4000, 6000]",55.37500000000001,"['WPC\n20159\n', 'RBDominick\nCharlesREdwards\nMcClellanville\nSouthCarolinae\n\nSMay 72\nLtahkov\n', 'Pococera\nexpandensWIk\nDetBGScholtens\n\nOct2024\n\n']","['C\n20159\n', 'RD\nCR\nC\nC\n\n5 72\n', 'D\nC2024\n\n']","['WPC\n20159\n', 'C\nC\nC\n\n5 72\n', 'P\nW\nC2024\n\n']",modelv1.0__2026-05-18 08:48:43
D:/moth_photos/database\batch_20\img_moth_00038314.jpg,"[4000, 6000]",56.05128205128205,"['WPC\n20160\n', 'RBDominick\nMcClellanville\nSouthCarolinz\n\nFFipr1976\nnigh tKe\n', 'Pococera\nexpandensWIk\n\nDetBGScholtens\n\nOct2024\n']","['C\n20160\n', 'RD\nC\nC2\n\n71976\n', 'DRC\n2024\n']","['WPC\n20160\n', 'C\nC2\n\n71976\n', 'P\nW\n\nC\n\n2024\n']",modelv1.0__2026-05-18 08:48:43
D:/moth_photos/database\batch_20\img_moth_00038315.jpg,"[4000, 6000]",56.0,"['WPC\n20161\n', 'aoESliititi\nRBDominick\nMcClellanville R\n', 'Pococera\n\nexpandensWIk\nDetBGScholtens\nOct2024\n']","['C\n20161\n', 'RRD\nC R\n', 'DR\nC2024\n']","['WPC\n20161\n', 'C\n', 'P\nW\nC2024\n']",modelv1.0__2026-05-18 08:48:43
D:/moth_photos/database\batch_20\img_moth_00038316.jpg,"[4000, 6000]",56.20512820512821,"['WPCC\n20162\n', 'Pococera\nhumerellaRag\n\nDetBGScholtens\n\nDec2024\n', 'RBDominick\nMcClellanville\nSouthCarolina\n\naie via\n\n']","['RC\n20162\n', 'R\nD\nD2024\n', 'RRD\nC\nC\n\n2\n\n']","['WPCC\n20162\n', 'P\n2024\n', 'C\nC\n\n2\n\n']",modelv1.0__2026-05-18 08:48:43
D:/moth_photos/database\batch_20\img_moth_00038317.jpg,"[4000, 6000]",55.145833333333336,"['WPC\n20163\n', 'Pococera\nhumerellaRag\n\nDet BGScholtens\n\nOct2024\n\n', 'RBDominick\nCharlesREdwards\nMcs Clellanville\nSouth Carolina\n\n30Aas 19d\nLichsZ\n']","['RC\n20163\n', 'R\nD 8\n2024\n\n', 'RD\nCR\nC\nC\n\n30 19\n']","['WPC\n20163\n', 'P\n8\n2024\n\n', 'C\nC\nC\n\n30 19P\n']",modelv1.0__2026-05-18 08:48:43
D:/moth_photos/database\batch_20\img_moth_00038318.jpg,"[4000, 6000]",55.10000000000001,"['WPC\n20164\n', 'Pococera\nbaptisiellaFern\nDetBGScholtens\n\nOct2024\n']","['C\n20164\n', 'D\n\n02024\n']","['WPC\n20164\n', 'P\n\n02024\n']",modelv1.0__2026-05-18 08:48:43
D:/moth_photos/database\batch_20\img_moth_00038319.jpg,"[4000, 6000]",55.34146341463414,"['RBDominicl\nMcClellanville\nSouthCarolinz\n\na\n', 'Pococera\n\nSp\nDetBGScholtens\nDec2024\n', 'WPC\n20165\n']","['RD\nC\nC\n', 'D\nD2024\n', 'C\n20165\n']","['C\nC\n', 'P\n\nP\n2024\n', 'WPC\n20165\n']",modelv1.0__2026-05-18 08:48:43
D:/moth_photos/database\batch_20\img_moth_00038320.jpg,"[4000, 6000]",56.23076923076923,"['WPC\n20166\n', 'Pococera\n\nsp\nDetBGScholtens\nDec2024\n\n', 'BDominick\nAcClellanville\nsouthCarolina\n\n1SApr46\nLithtor\n']","['C\n20166\n', 'DR\nD2024\n\n', 'RD\nC\nC\n\n146\n']","['WPC\n20166\n', 'P\n\nP\n2024\n\n', 'C\nC\n\n146\n']",modelv1.0__2026-05-18 08:48:43
D:/moth_photos/database\batch_20\img_moth_00038321.jpg,"[4000, 6000]",55.145833333333336,"['WPC\n20167\n', 'Pococera\n\nSp\nDetBGScholtens\nDec2024\n', '2BDominick\nAcClellanville\nsouthCarolin\n22Rew\n\nlightor\n\n']","['C\n20167\n', 'D\nDR\nD2024\n', '2RD\nC\n0C\n22R\n\n']","['WPC\n20167\n', 'P\n\n2024\n', '2\nC\n0C\n22\n\n']",modelv1.0__2026-05-18 08:48:43
D:/moth_photos/database\batch_20\img_moth_00038322.jpg,"[4000, 6000]",55.24999999999999,"['WPC\n20168\n', 'B Dominick\nAcClellanville\nsouthCarolina\n\nRAor176\na Mor\n', 'Pococera\nsp\nDetBGScholtens\n']","['C\n20168\n', 'D\nC\n0C\n\nR176\n', 'DRC\n']","['WPC\n20168\n', 'C\n0C\n\n176\nW\n', 'P\nC\n']",modelv1.0__2026-05-18 08:48:43
D:/moth_photos/database\batch_20\img_moth_00038323.jpg,"[4000, 6000]",55.36585365853658,"['RBDominick\nMcClellanville\nSouthCarolina\n\n8AeF197\nbeahtov\n', 'WPC\n20169\n', 'Pococera\n\nSp\nDetBGScholtens\nDec2024\n']","['RRD\nC\nC\n\n8R197\n', 'C\n20169\n', 'D\nD\nD2024\n']","['2\nC\nC\n\n8197\n', 'WPC\n20169\n', 'P\n\n2024\n']",modelv1.0__2026-05-18 08:48:43
D:/moth_photos/database\batch_20\img_moth_00038324.jpg,"[4000, 6000]",55.55,"['RBDominick\nMcClellanville\nSouthGarolina\n\n5Hev197\nper\n', 'WPC\n20170\n']","['RRD\nC\nC\n\n5197\n', 'C\n20170\n']","['C\nC\n\n5197\n', 'WPC\n20170\n']",modelv1.0__2026-05-18 08:48:43
D:/moth_photos/database\batch_20\img_moth_00038325.jpg,"[4000, 6000]",55.575,"['WPC\n20171\n', 'RB Dominick\nMcClellanville\n\nGuy olin\n\nSens\n']","['C\n20171\n', 'R D\nC\n\nC\n']","['WPC\n20171\n', 'C\n\nC\n']",modelv1.0__2026-05-18 08:48:43
D:/moth_photos/database\batch_20\img_moth_00038326.jpg,"[4000, 6000]",56.300000000000004,"['WPC\n20172\n', 'RBDominick\nMcClellanville\njogtnGarolin\n\nSepl975\nrOeI78\n']","['C\n20172\n', 'RD\nC\nC\n\n975\n778\n']","['WPC\n20172\n', 'C\nC\n\n975\n778\n']",modelv1.0__2026-05-18 08:48:43
D:/moth_photos/database\batch_20\img_moth_00038327.jpg,"[4000, 6000]",55.39583333333333,"['WPCC\n20173\n', 'RBDominick\nCharlesREdward\nMcCleljlanville\nSouthCarolinae\n\nbMevy 1922\nLight\n']","['C\n20173\n', 'RD\nCR\nC\nC\n\n1922\n']","['WPCC\n20173\n', 'C\nC\nC\n\n1922\n']",modelv1.0__2026-05-18 08:48:43
D:/moth_photos/database\batch_20\img_moth_00038328.jpg,"[4000, 6000]",55.675000000000004,"['WPC\n20174\n', 'RBDominick\nMcClellanville\nSouth Carolina\n\nJMaiy1476\n']","['C\n20174\n', 'RRD\nC\nC\n\n1476\n']","['WPC\n20174\n', 'C\nC\n\n1476\n']",modelv1.0__2026-05-18 08:48:43
D:/moth_photos/database\batch_20\img_moth_00038329.jpg,"[4000, 6000]",55.525000000000006,"['WPC\n20175\n', 'RBDominick\nMcClellanville\nSouthCarolina\n\nvf\n']","['C\n20175\n', 'RD\nC\nC\n']","['WPC\n20175\n', 'C\nC\n']",modelv1.0__2026-05-18 08:48:43
D:/moth_photos/database\batch_20\img_moth_00038330.jpg,"[4000, 6000]",56.11111111111111,"['WPC\n20176\n', 'RBDominick\nCharlesREdwards\nMcClellanville\nSouthCarelina\n\n4YNan1F77\nLitheOR\n']","['RC\n20176\n', 'RRD\nCR\nC\nC\n\n44177\nR\n']","['WPC\n20176\n', 'C\nC\nC\n\n44177\n']",modelv1.0__2026-05-18 08:48:43
D:/moth_photos/database\batch_20\img_moth_00038331.jpg,"[4000, 6000]",56.35,"['WPC\n20177\n', 'RBDominick\nMcClellanville\nSouthCarolina\n\nHfealy1975\nLhbor e\n']","['RC\n20177\n', 'RD\nC\nC\n\n1975\n']","['WPC\n20177\n', 'C\nC\n\nWP1975\n']",modelv1.0__2026-05-18 08:48:43
D:/moth_photos/database\batch_20\img_moth_00038332.jpg,"[4000, 6000]",55.5,"['WPC\n20178\n', 'RBDominick\nMcClellanville\nSouthf Carolina\n\n9Apy1974\nee\n', 'Pococera\nasperatellaClem\n\nDetBGScholtens\nOct2024\n\n']","['C\n20178\n', 'RRD\nC\nC\n\n91974\n', 'C\n\nDR\n2024\n\n']","['WPC\n20178\n', 'C\nC\n\n91974\n', 'P\nC\n\n2024\n\n']",modelv1.0__2026-05-18 08:48:43
D:/moth_photos/database\batch_20\img_moth_00038333.jpg,"[4000, 6000]",55.775,"['RBDominick\nMcClellanville\nSouth Carolina\n\nISRPTII7\nLegktoF\n', 'WPC\n20179\n', 'Pococera\nasperatellaClem\n\nDetBGScholtens\n\nOct2024\n\n']","['RRD\nC\nC\n\n15R7\n', 'C\n20179\n', 'C\nDC\n02024\n\n']","['C\nC\n\n15P7\n', 'WPC\n20179\n', 'P\nC\n\nC\n\n02024\n\n']",modelv1.0__2026-05-18 08:48:43
D:/moth_photos/database\batch_20\img_moth_00038334.jpg,"[4000, 6000]",56.35,"['WPC\n20180\n', 'RBDominicl\nMcClellanville\nSouthGarolin\n\n1SAr4\nakon\n', 'Pococera\nasperatellaClem\nDetBGScholtens\n\n']","['C\n20180\n', 'RD\nC\n\n154\n', 'C\nD\n\n']","['WPC\n20180\n', 'C\n\n154\n', 'P\nC\n\n']",modelv1.0__2026-05-18 08:48:43
D:/moth_photos/database\batch_20\img_moth_00038335.jpg,"[4000, 6000]",55.641025641025635,"['oo\nWPC\n20181\n', 'RBDominick\nCharlesREdwand\nMcClellanville\nSouthCdrolina\nISSepti870\nKfehh\n']","['C\n20181\n', 'RD\nCR\nC\nC\n31870\n']","['WPC\n20181\n', 'C\nC\nC\n31870\n']",modelv1.0__2026-05-18 08:48:43
D:/moth_photos/database\batch_20\img_moth_00038336.jpg,"[4000, 6000]",56.2,['WPC\n20182\n'],['C\n20182\n'],['WPC\n20182\n'],modelv1.0__2026-05-18 08:48:43
D:/moth_photos/database\batch_20\img_moth_00038337.jpg,"[4000, 6000]",56.22500000000001,"['WPC\n20183\n', 'RBDominick\nCharlesREdwards\nMcClellanville\n3outhCarolina 29458\nw PPIAL 19LF\nC1shZe\n']","['C\n20183\n', 'RRD\nCR\nC\n30C 29458\n194\nC1\n']","['WPC\n20183\n', 'C\nC\n30C 29458\nPPP 194\nC1\n']",modelv1.0__2026-05-18 08:48:43
D:/moth_photos/database\batch_20\img_moth_00038338.jpg,"[4000, 6000]",55.62499999999999,"['WPC\n20184\n', 'RBDominicl\nMcClellanville\nSouthCarolinz\n\ntH28\nhalter\n']","['C\n20184\n', 'RD\nC\nC\n\n28\n']","['WPC\n20184\n', 'C\nC\n\n28\n']",modelv1.0__2026-05-18 08:48:43
D:/moth_photos/database\batch_20\img_moth_00038339.jpg,"[4000, 6000]",55.34146341463414,"['WPC\n20185\n', 'RBDominick\nMcClellanville\nSouth Carolina\nnae\nJ ore\n']","['C\n20185\n', 'RD\nC\nC\n\n6\n']","['WPC\n20185\n', 'C\nC\n6\n']",modelv1.0__2026-05-18 08:48:43
D:/moth_photos/database\batch_20\img_moth_00038340.jpg,"[4000, 6000]",55.90243902439025,"['WPC\n20186\n', 'RBDominick\nMcClellanville\nsouthCarolina\n3Septi49s\nyo6 or e\nwaht\n']","['C\n20186\n', 'RD\nC\nC\n3498\n6\n']","['WPC\n20186\n', 'C\nC\n3498\n6\n']",modelv1.0__2026-05-18 08:48:43
D:/moth_photos/database\batch_20\img_moth_00038341.jpg,"[4000, 6000]",55.756097560975604,"['WPC\n20187\n', 'RBDominick\nMcClellanville\nac Piao\n\nhho\n']","['C\n20187\n', 'RD\nC\n']","['WPC\n20187\n', 'C\nP\n']",modelv1.0__2026-05-18 08:48:43
D:/moth_photos/database\batch_20\img_moth_00038342.jpg,"[4000, 6000]",56.25,"['WPC\n20188\n', 'nRBVoOominick\nCharlesREdwards\nMcClellanville\n355 hogy a\n\nye\n']","['RC\n20188\n', 'RDD\nCR\nC\n355\n']","['WPC\n20188\n', 'C\nC\n355\n']",modelv1.0__2026-05-18 08:48:43
D:/moth_photos/database\batch_20\img_moth_00038343.jpg,"[4000, 6000]",55.425000000000004,"['WPC\n20189\n', 'RBDominick\nMcClellanville\nSouthCarglina\n\nLightoF\n']","['C\n20189\n', 'RRD\nC\nC\n']","['WPC\n20189\n', 'C\nC\n']",modelv1.0__2026-05-18 08:48:43
D:/moth_photos/database\batch_20\img_moth_00038344.jpg,"[4000, 6000]",55.95744680851064,"['WPC\n20190\n', 'OoOoOoOoSSSiC3Rh\nRBDominick\nMcClellanville\nSouthCarolina\n\nk Sept VWs\n\nhtovs\n']","['RC\n20190\n', 'C3RR\nRRD\nC\nC\n\n7\n']","['WPC\n20190\n', 'C3\nC\nC\n\nW7\n']",modelv1.0__2026-05-18 08:48:43
D:/moth_photos/database\batch_20\img_moth_00038345.jpg,"[4000, 6000]",55.31707317073171,"['WPC\n20191\n', 'StS\n\nRBDominick\nMcClellanv ille\nSouth ce ror\n\nSept\nLignt7F on\n']","['C\n20191\n', 'RRD\nC\nC\n\n7\n']","['WPC\n20191\n', 'C\nC\n\nP\n7\n']",modelv1.0__2026-05-18 08:48:43
D:/moth_photos/database\batch_20\img_moth_00038346.jpg,"[4000, 6000]",55.3125,"['WPC\n20192\n', '2BDominick\nMcClellanville\n\neet\nPopbto\n\n']","['C\n20192\n', '2RD\nC\n\n']","['WPC\n20192\n', '2\nC\n\nP\n\n']",modelv1.0__2026-05-18 08:48:43
D:/moth_photos/database\batch_20\img_moth_00038347.jpg,"[4000, 6000]",56.150000000000006,"['WPC\n20193\n', 'RBDominick\nMcClellanville\nSouth Na75\n\nSe\nSop\n']","['C\n20193\n', 'RD\nC\n75\n']","['WPC\n20193\n', 'C\n75\n']",modelv1.0__2026-05-18 08:48:43
D:/moth_photos/database\batch_20\img_moth_00038348.jpg,"[4000, 6000]",55.36585365853658,"['RBDominick\nMcClellanville\nBeept14 1976\n\nree oe\n', 'WPC\n20194\n']","['RD\nC\n14 1976\n', 'RC\n20194\n']","['C\n14 1976\n\nP\n', 'WPC\n20194\n']",modelv1.0__2026-05-18 08:48:43
D:/moth_photos/database\batch_20\img_moth_00038349.jpg,"[4000, 6000]",55.244897959183675,"['WPC\n20195\n', '2BDominick\nAcClellanville\n2c Asti\n\nM4 NS\n']","['C\n20195\n', '2D\nC\n2C\n\n4\n']","['WPC\n20195\n', '2\nC\n2C\n\n4\n']",modelv1.0__2026-05-18 08:48:43
D:/moth_photos/database\batch_20\img_moth_00038350.jpg,"[4000, 6000]",55.916666666666664,"['WPC\n20196\n', 'RBDominick\nMcClellanville\nouthEarolina\n']","['RC\n20196\n', 'RRD\nC\n']","['WPC\n20196\n', 'C\n']",modelv1.0__2026-05-18 08:48:43
D:/moth_photos/database\batch_20\img_moth_00038351.jpg,"[4000, 6000]",55.976190476190474,"['WPC\n20197\n', 'RBDominick\nAcClellanville\nsouthCarolina\n\nFiug 475\nlaktP0\n\nrd\n']","['RC\n20197\n', 'RD\nC\n0C\n\n475\n0\n']","['WPC\n20197\n', '2\nC\n0C\n\n475\nP0\n']",modelv1.0__2026-05-18 08:48:43
D:/moth_photos/database\batch_20\img_moth_00038352.jpg,"[4000, 6000]",56.12820512820513,"['WPC\n20198\n', 'RBDominich\nMcClellanville\nSouthCarolinz\n\nc\n\nLight\n']","['C\n20198\n', 'RD\nC\nC\n']","['WPC\n20198\n', 'C\nC\n']",modelv1.0__2026-05-18 08:48:43
D:/moth_photos/database\batch_20\img_moth_00038353.jpg,"[4000, 6000]",55.142857142857146,"['WPC\n20199\n', 'RB Dominick\n\nCharlesREdward\nMcClellanville\nSouthCarolina\n\n16ipril147f\n']","['C\n20199\n', 'R D\n\nCR\nC\nC\n\n16147\n']","['WPC\n20199\n', 'C\nC\nC\n\n16147\n']",modelv1.0__2026-05-18 08:48:43
D:/moth_photos/database\batch_20\img_moth_00038354.jpg,"[4000, 6000]",55.3125,"['WPC\n20200\n', 'RBDominick\nCharlesREdwards\nMcClellanville\nSouthCarolina\n\nthyJuly1990\nJuly\n']","['C\n20200\n', 'RRD\nCR\nC\nC\n\n1990\n82\n']","['WPC\n20200\n', 'C\nC\nC\n\n1990\n82\n']",modelv1.0__2026-05-18 08:48:43
D:/moth_photos/database\batch_20\img_moth_00038355.jpg,"[4000, 6000]",55.714285714285715,['WPC\n20201\n'],['C\n20201\n'],['WPC\n20201\n'],modelv1.0__2026-05-18 08:48:43
D:/moth_photos/database\batch_20\img_moth_00038356.jpg,"[4000, 6000]",55.047619047619044,"['WPC\n20202\n', 'RBDominick\nCharlesREdwards\nMcClellanville\nSouthCarolina\n10Segt1971\ncigasg\n']","['C\n20202\n', 'RD\nCR\nC\nC\n101971\n']","['WPC\n20202\n', 'C\n\nC\n\nC\n101971\n']",modelv1.0__2026-05-18 08:48:43
D:/moth_photos/database\batch_20\img_moth_00038357.jpg,"[4000, 6000]",56.384615384615394,"['Laetilia\n\nmyersellaDyar\nDetBGScholtens\nDec2024\n', 'WPC\n20203\n', 'RBDominic\nMcClellanville\nthCarolin\n\n7 1975\nLight\n']","['D\nDR\nD2024\n', 'C\n20203\n', 'RD\nC\nC\n\n7 1975\n']","['2024\n', 'WPC\n20203\n', 'C\nC\n\n7 1975\n']",modelv1.0__2026-05-18 08:48:43
D:/moth_photos/database\batch_20\img_moth_00038358.jpg,"[4000, 6000]",56.1578947368421,"['2BDominic\nMcCleflanville\nsouthCarolin\n\n19Oe\nLiaghhko\n', 'Laetilia\nmyersellaDyar\n\nDetBGScholtens\n\nDec2024\n\n', 'WPC\n20204\n']","['28RD\nC\n0C\n\n19\n', 'D\nDC\nD2024\n\n', 'C\n20204\n']","['28\nC\n0C\n\n19\n', 'C\n2024\n\n', 'WPC\n20204\n']",modelv1.0__2026-05-18 08:48:43
D:/moth_photos/database\batch_20\img_moth_00038359.jpg,"[4000, 6000]",56.07894736842105,"['Laetilia\nmyersellaDyat\n\nDet BGScholtens\nDec 2024\n', 'RBDominicl\nMcClellanville\nSouthCarolin\n\n13Nov1974\n', 'WPC\n20205\n']","['D\n\nD R\nD 2024\n', 'RD\nC\nC\n\n131974\n', 'C\n20205\n']","['2024\n', 'C\nC\n\n131974\n', 'WPC\n20205\n']",modelv1.0__2026-05-18 08:48:43
D:/moth_photos/database\batch_20\img_moth_00038360.jpg,"[4000, 6000]",55.35,"['Laetilia\nmyersellaDyar\n\nDetBGScholtens\n\nDec2024\n', 'RBDominicl\nMcClejJanville\n\nbie Carolin\nLi bpes123\n', 'WPC\n20206\n']","['D\nD\nD2024\n', 'RD\nC\n\nC\n123\n', 'C\n20206\n']","['2024\n', 'C\n\nC\n123\n', 'WPC\n20206\n']",modelv1.0__2026-05-18 08:48:43
D:/moth_photos/database\batch_20\img_moth_00038361.jpg,"[4000, 6000]",55.425000000000004,"['aetilia\nmyersellabyat\nDetBGScholtens\n\nDec2024\n', 'RBDominick\nMcClellanville\n\novi174\nLighfS\n', 'WPC\n20207\n']","['D\nDC\n\nD2024\n', 'RRD\nC\n174\n', 'C\n20207\n']","['C\n\n2024\n', 'C\n174\n', 'WPC\n20207\n']",modelv1.0__2026-05-18 08:48:43
D:/moth_photos/database\batch_20\img_moth_00038362.jpg,"[4000, 6000]",55.42105263157894,"['Laetitia\nmyersellaDyar\n\nDetBGScholtens\nDec2024\n', 'WPC\n20208\n']","['D\n\nD\nD2024\n', 'C\n20208\n']","['P2024\n', 'WPC\n20208\n']",modelv1.0__2026-05-18 08:48:43
D:/moth_photos/database\batch_20\img_moth_00038363.jpg,"[4000, 6000]",56.256410256410255,"['Laetilia\n\nmyersellaDyar\n\nDetBGScholtens\nDec2024\n\n', 'ee\nRBDominick\nMcClejlanville\nSouthCarolina\n\n1ZNov1995\nbsgh f Q\n\n', 'WPC\n20209\n']","['D\nD\nD2024\n\n', 'RD\nC\nC\n\n121995\n2\n\n', 'C\n20209\n']","['2024\n\n', 'C\nC\n\n121995\n2\n\n', 'WPC\n20209\n']",modelv1.0__2026-05-18 08:48:43
D:/moth_photos/database\batch_20\img_moth_00038364.jpg,"[4000, 6000]",55.35,"['WPC\n20210\n', 'RB Dominick\nCharlesREdwards\nMcClellanville\n304 C4rolina\ni\ne a\n']","['RC\n20210\n', 'R D\nCR\nC\n304 C4\n']","['WPC\n20210\n', 'P\nC\nC\n304 C4\n']",modelv1.0__2026-05-18 08:48:43
D:/moth_photos/database\batch_20\img_moth_00038365.jpg,"[4000, 6000]",55.52631578947368,"['WPC\n20211\n', 'RBDominick\n\nCharlesREdwards\n\nMcCJellanville e\n\nSouthCdfolina\n22Jume1971\nList\n']","['RC\n20211\n', 'RD\nCR\nC\nC\n221971\n4\n']","['WPC\n20211\n', 'C\nC\nC\n221971\n4\n']",modelv1.0__2026-05-18 08:48:43
D:/moth_photos/database\batch_20\img_moth_00038366.jpg,"[4000, 6000]",55.42105263157894,"['Jedge Plantation\nsouthSantee River\nwharlestonCoSC\n\nAugust 7 1967\nleaJamesW Porter\n', 'WPC\n20212\n']","['1\nR\nC5C\n\n7 1967\n1\n', 'C\n20212\n']","['P1\nC5C\n\n7 1967\n1W P\n', 'WPC\n20212\n']",modelv1.0__2026-05-18 08:48:43
D:/moth_photos/database\batch_20\img_moth_00038367.jpg,"[4000, 6000]",55.794871794871796,"['WPC\n20213\n', 'RBDominicl\nMcClellanville\nSouthCarolin\n\nner619\nLigGht\n', 'Atheloca\nsubrufellaHulst\n\nDetBGStholtens\nDec2024\n\n']","['C\n20213\n', 'RRD\nC\nC\n\n619\n', 'D\nD2024\n\n']","['WPC\n20213\n', 'C\nC\n\n619\n', '2024\n\n']",modelv1.0__2026-05-18 08:48:43
D:/moth_photos/database\batch_20\img_moth_00038368.jpg,"[4000, 6000]",54.973684210526315,"['WPC\n20214\n', 'Anadelosemia\ntexanellaHulst\n\nDetBGScholtens\n\nOct2024\n\n', 'RBDominick\nSharlesREdward\nAcClellanville\nSouthCarolinae\n\n2 W1972\npp ao\n']","['C\n20214\n', 'D\n02024\n\n', 'RRD\nCR\nC\nC\n\n2 1972\n']","['WPC\n20214\n', '02024\n\n', 'C\nC\nC\n\n2 W1972\nPP\n']",modelv1.0__2026-05-18 08:48:43
D:/moth_photos/database\batch_20\img_moth_00038369.jpg,"[4000, 6000]",55.76315789473684,"['WPC\n20215\n', 'Anadelosemia\n\ntexanellaHulst\nDetBGScholtens\nDec2024\n\n', 'BDominic\nAcClellanville\nouth Carolin\n\n177\n\nLehtkPe\n']","['C\n20215\n', 'DR\nD2024\n\n', 'D\nC\nC\n\n177\n']","['WPC\n20215\n', 'P2024\n\n', 'C\nC\n\n177\n\nP\n']",modelv1.0__2026-05-18 08:48:43
D:/moth_photos/database\batch_20\img_moth_00038370.jpg,"[4000, 6000]",55.44736842105263,"['WPC\n20216\n', 'Anadelosemia\n\ntexanellaHulst\nDetBGScholtens\nDec2024\n\n', '2BDominick\nMcClellanville\nSouthCarolin\n\nLahtror\n']","['C\n20216\n', 'D\nD2024\n\n', '28D\nC\nC\n']","['WPC\n20216\n', '2024\n\n', '28\nC\nC\n']",modelv1.0__2026-05-18 08:48:43
D:/moth_photos/database\batch_20\img_moth_00038371.jpg,"[4000, 6000]",56.041666666666664,"['RBDominick\nMcClellanville\nSouthCarolinz\n\nBOetiG78\nLight\n', 'Anadelosemia\ntexanellaHulst\n\nDetBGScholtens\n\nDec2024\n\n', 'WPC\n20217\n']","['RD\nC\nC\n\n5178\n', 'D\nD2024\n\n', 'C\n20217\n']","['C\nC\n\n5178\n', '2024\n\n', 'WPC\n20217\n']",modelv1.0__2026-05-18 08:48:43
D:/moth_photos/database\batch_20\img_moth_00038372.jpg,"[4000, 6000]",55.825,"['Anadelosemia\ntexanellaHulst\n\nDetBGScholtens\n\nDec2024\n\n', 'RBDominic\nMcClellanville\n\nWpoeel7 itis\n\nsah e\n', 'WPC\n20218\n']","['D\nD2024\n\n', 'RD\nC\n\n7 75\n', 'C\n20218\n']","['2024\n\n', 'C\n\nW7 75\n', 'WPC\n20218\n']",modelv1.0__2026-05-18 08:48:43
D:/moth_photos/database\batch_20\img_moth_00038373.jpg,"[4000, 6000]",56.07894736842105,"['WPC\n20219\n', 'RBDominick\nMcClellanville\nSouthCarolina\n\n26Sept1472\nLont 7\n', 'Macrorrhinia\n\nendonepheleHamp\nDetBGSchoitens\nDec2024\n']","['C\n20219\n', 'RD\nC\nC\n\n261472\n7\n', 'DR\nD2024\n']","['WPC\n20219\n', 'C\nC\n\n261472\n7\n', '2024\n']",modelv1.0__2026-05-18 08:48:43
D:/moth_photos/database\batch_20\img_moth_00038374.jpg,"[4000, 6000]",55.183673469387756,"['RBDominick\nMcClellanville\nSouth Carolina\n\nPSSeph 973\nhightO\n', 'WPC\n20220\n', 'Macrorrhinia\n\nendonepheleHamp\nDetBGScholtens\nDec2024\n\nRET\n']","['RD\nC\nC\n\n973\n0\n', 'C\n20220\n', 'D\nD2024\n\nRR\n']","['C\nC\n\nP 973\n0\n', 'WPC\n20220\n', 'P\n2024\n\nP\n']",modelv1.0__2026-05-18 08:48:43
D:/moth_photos/database\batch_20\img_moth_00038375.jpg,"[4000, 6000]",56.175000000000004,"['RBDominick\nMcClellanville\nSouth Carolina\n\n25Sept1973\nCSS\n', 'WPC\n20221\n', 'Macrorrhinia\n\nendonepheleHamp\nDetBGScholtens\nDec2024\n']","['RD\nC\nC\n\n251973\nC\n', 'C\n20221\n', 'D\nD2024\n']","['C\nC\n\n251973\nC\n', 'WPC\n20221\n', '2024\n']",modelv1.0__2026-05-18 08:48:43
D:/moth_photos/database\batch_20\img_moth_00038376.jpg,"[4000, 6000]",55.26315789473684,"['WwPC\n20222\n', 'Macrorrhinia\nendonephele Hamp\nDetBGScholtens\n\n', 'RBDominick\nMcClellanville\nSouth Carolina\n\n25Septi497\neae\n']","['C\n20222\n', 'DC\n\n', 'RD\nCC\nC\n\n25497\n']","['WPC\n20222\n', 'W\nC\n\n', 'CC\nC\n\n25497\n']",modelv1.0__2026-05-18 08:48:43
D:/moth_photos/database\batch_20\img_moth_00038377.jpg,"[4000, 6000]",55.07692307692308,"['RBDominick\nMcClellanville\nSouthCarolina\n25Seph1973\n\nLight\n', 'Macrorrhinia\n\nendonepheleHamp\nDetBGScholtens\nDec2024\n', 'WPC\n20223\n']","['RD\nC\nC\n251973\n', 'D\nD2024\n', 'C\n20223\n']","['C\nC\n251973\n', '2024\n', 'WPC\n20223\n']",modelv1.0__2026-05-18 08:48:43
D:/moth_photos/database\batch_20\img_moth_00038378.jpg,"[4000, 6000]",56.375,"['Macrorrhinia\nendonepheleHamp\n\nDetBGScholtens\n\nDec2024\n\n', 'WPC\n20224\n']","['DRC\nD2024\n\n', 'C\n20224\n']","['C\n2024\n\n', 'WPC\n20224\n']",modelv1.0__2026-05-18 08:48:43
D:/moth_photos/database\batch_20\img_moth_00038379.jpg,"[4000, 6000]",56.15384615384615,"['WPC\n20225\n', 'Macrorrhinia\n\nendonepheleHamp\nDetBGScholtens\nDec2024\n\n', 'RBDominick\nMcClellanville\nSoutkCarolina\n\nA5Sepk93\nLightP\n']","['RC\n20225\n', 'D\nD2024\n\n', 'RD\nC\nC\n\n593\n']","['WPC\n20225\n', '2024\n\n', 'C\nC\n\n593\nP\n']",modelv1.0__2026-05-18 08:48:43
D:/moth_photos/database\batch_20\img_moth_00038380.jpg,"[4000, 6000]",55.17948717948718,"['WPC\n20226\n', 'Macrorrhinia\n\nendonepheleHamp\nDetBGScholtens\nDec2024\n', 'RBDomunick\nMcClellanville\nSouthCarolin\n\n5Sept1973\nLightB\n']","['C\n20226\n', 'DC\nD2024\n', 'RRD\nC\nC\n\n51973\n']","['WPC\n20226\n', 'C\n2024\n', 'C\nC\n\n51973\n']",modelv1.0__2026-05-18 08:48:43
D:/moth_photos/database\batch_20\img_moth_00038381.jpg,"[4000, 6000]",55.717948717948715,"['WPC\n20227\n', 'RBDominick\nMcClellanville\nSouthCarolins\n\nCBSec IFS\nront\n', 'Macrorrhinia\n\nendonepheleHamp\nDetBGScholtens\nDec2024\n']","['C\n20227\n', 'RD\nC\nC\n\nC\n', 'DC\nD2024\n']","['WPC\n20227\n', 'C\nC\n\nC P\nP\n', 'PC\n2024\n']",modelv1.0__2026-05-18 08:48:43
D:/moth_photos/database\batch_20\img_moth_00038382.jpg,"[4000, 6000]",55.97916666666666,"['WPC\n20228\n', 'Macrorrhinia\nendonephele Hamp\nDetBGScholtens\n\nDec2024 ae\n', 'RBDominick\nMcClellanville\nSquthCarolini\n2B\n\ntahtote\n']","['RC\n20228\n', 'DR\n\nD2024\n', 'RRD\nC\nC\n28\n']","['WPC\n20228\n', '2024\n', 'C\nC\n28\n']",modelv1.0__2026-05-18 08:48:43
D:/moth_photos/database\batch_20\img_moth_00038383.jpg,"[4000, 6000]",55.38775510204081,"['Macrorrhinia\n\nendonepheleHamp\nDetBGScholtens\nDec2024\n', 'RBDominick\n\nMcClellanville\n\nSouthC apolina\npoy\n\nwig\n', 'WPC\n20229\n']","['DC\nD2024\n', 'RD\nC\nC 2\n', 'C\n20229\n']","['C\n2024\n', 'C\nC 2\n', 'WPC\n20229\n']",modelv1.0__2026-05-18 08:48:43
D:/moth_photos/database\batch_20\img_moth_00038384.jpg,"[4000, 6000]",56.23076923076923,"['WPC\n20230\n', 'RBDominick\nMcClennanville\na4s carat\n\n1922\nhin\n\n', 'Macrerrhinia\n\nendonepheleHamp\nDetBGScholtens\nDec2024\n']","['C\n20230\n', 'RD\nC\n4\n\n1922\n\n', 'DC\nD2024\n']","['WPC\n20230\n', 'C\n4\n\n1922\n\n', 'C\n2024\n']",modelv1.0__2026-05-18 08:48:43
D:/moth_photos/database\batch_20\img_moth_00038385.jpg,"[4000, 6000]",55.92307692307693,"['RBDominick\nMcClellanville\n', 'WPC\n20231\n', 'Macrorrhinia\n\nendonepheleHamp\nDetBGScholtens\nDec2024\n']","['RD\nC\n', 'C\n20231\n', 'DR\nD2024\n']","['C\n', 'WPC\n20231\n', '2024\n']",modelv1.0__2026-05-18 08:48:43
D:/moth_photos/database\batch_20\img_moth_00038386.jpg,"[4000, 6000]",56.1219512195122,"['RBDominick\nMcCleilanville\nSouthCarolina\n\n26Seph193\nhiehlo7\n', 'WPC\n20232\n', 'Macrorrhinia\n\nendonepheleHamp\nDetBGScholtens\nDec2024\n\n']","['RRD\nC\nC\n\n26193\n7\n', 'C\n20232\n', 'D\nD2024\n\n']","['C\nC\n\n26193\n7\n', 'WPC\n20232\n', '2024\n\n']",modelv1.0__2026-05-18 08:48:43
D:/moth_photos/database\batch_20\img_moth_00038387.jpg,"[4000, 6000]",55.12244897959183,"['RBDominick\nMcClellanville\nSouthCarolina\n\nAGSept 47\nLishtoF\n', 'Macrorrhinia\n\nendonepheleHamp\nDetBGScholtens\nDec2024\n', 'WPC\n20233\n']","['RD\nC\nC\n\nR 47\n', 'D\nD2024\n', 'C\n20233\n']","['C\nC\n\n47\nP\n', '2024\n', 'WPC\n20233\n']",modelv1.0__2026-05-18 08:48:43
D:/moth_photos/database\batch_20\img_moth_00038388.jpg,"[4000, 6000]",55.90909090909091,"['WPC\n20234\n', 'RBDominick\nMcClellanville\ny45 Corohins\n\nay eset 1473\n', 'Macrorrhinia\n\nendonepheleHamp\nDetBGScholtens\nDec2024\n']","['C\n20234\n', 'RD\nC\n45 C\n\n1473\n', 'DC\nD2024\n']","['WPC\n20234\n', 'C\n45 C\n\n1473\n', 'C\n2024\n']",modelv1.0__2026-05-18 08:48:43
D:/moth_photos/database\batch_20\img_moth_00038389.jpg,"[4000, 6000]",56.33333333333333,"['WPC\n20235\n', 'RBDominick\nMcClellanville\nSouthCarolina\n\n19973\n', 'Macrorrhinia\nendonepheleHamp\n\nDetBGScholtens\n\nDec2024\n']","['C\n20235\n', 'RD\nC\nC\n\n19973\n', 'DR\nD2024\n']","['WPC\n20235\n', 'C\nC\n\n19973\n', '2024\n']",modelv1.0__2026-05-18 08:48:43
D:/moth_photos/database\batch_20\img_moth_00038390.jpg,"[4000, 6000]",55.48979591836734,"['Macrorrhinia\n\nendonepheleHamp\nDetBGScholtens\nDac2024\n', 'RBDominick\nMcClellanville\nSouthCarolina\n\nbSDet1973\nLwhpk2s\n', 'WPC\n20236\n']","['D\nD2024\n', 'RD\nC\nC\n\n5D1973\n2\n', 'C\n20236\n']","['2024\n', 'C\nC\n\n51973\n2\n', 'WPC\n20236\n']",modelv1.0__2026-05-18 08:48:43
D:/moth_photos/database\batch_20\img_moth_00038391.jpg,"[4000, 6000]",55.48979591836734,"['WPC\n20237\n', 'Macrorrhinia\nendonepheleHamp\n\nDet BGScholtens\nDec2024\n', 'RBDominick\nMcClennanville\n\nSouthCarolina\n23 sat 2\n\nLightoF\n']","['C\n20237\n', 'D\nD2024\n', 'RRD\nC\n\nC\n23 2\n']","['WPC\n20237\n', '2024\n', 'C\n\nC\n23 2\n']",modelv1.0__2026-05-18 08:48:43
D:/moth_photos/database\batch_20\img_moth_00038392.jpg,"[4000, 6000]",55.26530612244897,"['RBDominick\nMcClellanville\nSouthCarolina\n\nf197\npeeghiy 23\n', 'Macrorrhinia\n\nendonepheleHamp\nDetBGScholtens\nDec2024\n', 'WPC\n20238\n']","['RD\nC\nC\n\n197\n23\n', 'DRC\nD2024\n', 'C\n20238\n']","['C\nC\n\n197\n23\n', 'C\n2024\n', 'WPC\n20238\n']",modelv1.0__2026-05-18 08:48:43
D:/moth_photos/database\batch_20\img_moth_00038393.jpg,"[4000, 6000]",55.0,"['WPC\n20239\n', 'RBDominick\nMcClellanville\nSee Carolina\n\n26Sept197\nWehk ote\n', 'Macrorrhinia\nendonephele Hamp\n\nDet BGScholtens\nDec2024\n']","['C\n20239\n', 'RD\nC\nC\n\n26197\n', 'D\nD2024\n']","['WPC\n20239\n', 'C\nC\n\n26197\nW\n', 'P\n\nP2024\n']",modelv1.0__2026-05-18 08:48:43
D:/moth_photos/database\batch_20\img_moth_00038394.jpg,"[4000, 6000]",55.404761904761905,"['WPC\n20240\n', 'Macrorrhinia\n\nendonepheleHamp\nDetBGScholtens\nDec2024\n', 'et\nRBDominick\nMcClellanville\nSouthCarolina\n\nLOet1995\n']","['C\n20240\n', 'DR\nD2024\n', 'RD\nC\nC\n\nD1995\n']","['WPC\n20240\n', '2024\n', 'C\nC\n\n1995\n']",modelv1.0__2026-05-18 08:48:43
D:/moth_photos/database\batch_20\img_moth_00038395.jpg,"[4000, 6000]",56.1875,"['WPC\n20241\n', 'RBDominick\nMcClellanville\nSouth Carolina\n\nhott 1973\n', 'Macrorrhinia\n\nendonepheleHamp\nDetBGScholtens\nDec2024\n']","['C\n20241\n', 'RD\nC\nC\n\n14 1973\n', 'DC\nD2024\n']","['WPC\n20241\n', 'C\nC\n\n14 1973\n', 'C\n2024\n']",modelv1.0__2026-05-18 08:48:43
D:/moth_photos/database\batch_20\img_moth_00038396.jpg,"[4000, 6000]",55.050000000000004,"['Macrorrhinia\n\nendonenpheleHamp\nDetBGScholtens\nDec2024\n', 'WPC\n20242\n', 'RBDominick\nMcClellanville\nSouth Carolina\n\n40413 192\n\n']","['DR\nD2024\n', 'C\n20242\n', 'RRD\nC\nC\n\n40413 192\n\n']","['2024\n', 'WPC\n20242\n', 'C\nC\n\n40413 192\n\n']",modelv1.0__2026-05-18 08:48:43
D:/moth_photos/database\batch_20\img_moth_00038397.jpg,"[4000, 6000]",56.166666666666664,"['RBDominick\nMcClellanville\nSouth Carolina\n\n4Oct1473\nLighho\n', 'WPC\n20243\n', 'Macrorrhinia\nendonepheleHamp\nDetBGScholtens\n\nDec2024\n']","['RD\nC\nC\n\n41473\n', 'C\n20243\n', 'D\n\nD2024\n']","['C\nC\n\n41473\n', 'WPC\n20243\n', '2024\n']",modelv1.0__2026-05-18 08:48:43
D:/moth_photos/database\batch_20\img_moth_00038398.jpg,"[4000, 6000]",56.0,"['WPC\n20244\n', 'Macrorrhinia\n\nendonepheleHamp\nDetBGScholtens\nDec2024\n', 'RBDominick\nMcClellanville\nSouthCarolina\n\n14Oc199\nlrakote\n']","['RC\n20244\n', 'DRC\nD2024\n', 'RD\nC\nC\n\n140199\n4\n']","['WPC\n20244\n', 'C\n2024\n', 'C\nC\n\n140199\n4\n']",modelv1.0__2026-05-18 08:48:43
D:/moth_photos/database\batch_20\img_moth_00038399.jpg,"[4000, 6000]",55.57142857142858,"['WPC\n20245\n', 'Macrorrhinia\nendonepheleHamp\n\nDetBGScnoltens\nDec2024\n', 'RBDominick\nMcClellanville\nSouth Carolina\n\npact 1475\nCahbQ3\n']","['C\n20245\n', 'D\nD2024\n', 'RD\nC\nC\n\n1475\nC23\n']","['WPC\n20245\n', '2024\n', 'C\nC\n\n1475\nC23\n']",modelv1.0__2026-05-18 08:48:43
D:/moth_photos/database\batch_20\img_moth_00038400.jpg,"[4000, 6000]",55.40816326530612,"['WPC\n20246\n', 'RBDominick\nMcClellanville\nSouthCarolina\n\n13Oct1997\nLyht2\n', 'Macrorrhinia\n\nendonepheleHamp\nDetBGScholtens\nDec2024\n']","['C\n20246\n', 'RD\nC\nC\n\n131997\n2\n', 'D\nD2024\n']","['WPC\n20246\n', 'C\nC\n\n131997\n2\n', '2024\n']",modelv1.0__2026-05-18 08:48:43
D:/moth_photos/database\batch_20\img_moth_00038401.jpg,"[4000, 6000]",55.6530612244898,"['Macrorrhinia\nendonepheleHamp\n\nDetBGScholtens\n\nDec2024\n\n', 'WPC\n20247\n', 'RBDominick\nMcClellanville\n\n13Ok Carolina\nOck1473\nbeoktc hfo\n']","['D\nD2024\n\n', 'C\n20247\n', 'RD\nC\n\n13C C\n1473\n']","['2024\n\n', 'WPC\n20247\n', 'C\n\n13C C\n1473\n']",modelv1.0__2026-05-18 08:48:43
D:/moth_photos/database\batch_20\img_moth_00038402.jpg,"[4000, 6000]",55.183673469387756,"['RBDominick\nMcClellanville\nSouthCarolina\n\nJ6Octrs423\n', 'WPC\n20248\n', 'Macrorrhinia\n\nendonepheleHamp\nDetBGScholtens\nDec2024\n']","['RD\nC\nC\n\n601423\n', 'C\n20248\n', 'D\nD2024\n']","['C\nC\n\n601423\n', 'WPC\n20248\n', '2024\n']",modelv1.0__2026-05-18 08:48:43
D:/moth_photos/database\batch_20\img_moth_00038403.jpg,"[4000, 6000]",55.693877551020414,"['WPC\n20249\n', 'RBDominick\nMcClellanville\nSouth Carolina\n\n30Iuly1493\nrage id\n', 'Macrorrhinia\n\nendonepheleHamp\nDetBGScholtens\nDec2024s\n']","['C\n20249\n', 'RD\nC\nC\n\n301493\n', 'D\nD2024\n']","['WPC\n20249\n', 'C\nC\n\n301493\n', '2024\n']",modelv1.0__2026-05-18 08:48:43
D:/moth_photos/database\batch_20\img_moth_00038404.jpg,"[4000, 6000]",56.35,"['RBDominicl\nMcClellanville\nSoutkCarolin\n\nNovt493\nLiahtx7\n', 'WPC\n20250\n\n', 'Macrorrhinia\n\nendonepheleHamp\nDetBGScholtens\nDec2024\n']","['RD\nC\nC\n\n493\n7\n', 'C\n20250\n\n', 'D\nD2024\n']","['C\nC\n\n493\n7\n', 'WPC\n20250\n\n', '2024\n']",modelv1.0__2026-05-18 08:48:43
D:/moth_photos/database\batch_20\img_moth_00038405.jpg,"[4000, 6000]",55.57142857142858,"['RBDominic\nMcClellanville\nSouth Carolin\n\nfNov1973\nLighto\n', 'WPC\n20251\n', 'Macrorrhinia\n\nendonepheleHamp\nDetBGScholtens\nDec2024\n']","['RD\nCC\nC\n\n1973\n', 'C\n20251\n', 'DRC\nD2024\n']","['CC\nC\n\n1973\n', 'WPC\n20251\n', 'C\n2024\n']",modelv1.0__2026-05-18 08:48:43
D:/moth_photos/database\batch_20\img_moth_00038406.jpg,"[4000, 6000]",55.163265306122454,"['RBDominick\nMcClellanville\nDeOgplina\n', 'Macrorrhinia\nendonepheleHamp\nDetBGScholtens\n\nDec2024\n', 'WPC\n20252\n']","['RD\nC\nD\n', 'DR\n\nD2024\n', 'C\n20252\n']","['C\nP\n', '2024\n', 'WPC\n20252\n']",modelv1.0__2026-05-18 08:48:43
D:/moth_photos/database\batch_20\img_moth_00038407.jpg,"[4000, 6000]",55.46938775510204,"['RBDominick\nMcClellanville\nSoutheCarolina\n25Oct1973\nLiahtea\n', 'WPC\n20253\n', 'Macrorrhinia\nendonepheleHamp\n\nDetBGScholtens\nDec2024\n']","['RD\nC\nC\n2501973\n', 'C\n20253\n', 'DRC\nD2024\n']","['C\nC\n2501973\n', 'WPC\n20253\n', 'WP\n\nC\nP2024\n']",modelv1.0__2026-05-18 08:48:43
D:/moth_photos/database\batch_20\img_moth_00038408.jpg,"[4000, 6000]",56.22500000000001,"['WPC\n20254\n', 'RBDominick\nMcClellanville\nSouthCarolina\n16Oct973\nLigGHTo7\n', 'Macrorrhinia\nendonepheleHamp\n\nDetBGScholtens\n\npec2024\n']","['C\n20254\n', 'RRD\nC\nC\n160973\n7\n', 'DC\n\nD2024\n']","['WPC\n20254\n', 'C\nC\n160973\n7\n', 'W\n\nC\n\n2024\n']",modelv1.0__2026-05-18 08:48:43
D:/moth_photos/database\batch_20\img_moth_00038409.jpg,"[4000, 6000]",55.825,"['WPC\n20255\n', 'RBDominick\nMcClellanville\nSouthCarolin\na Aer1473\n\nghton\n', 'Macrorrhinia\n\nendonepheleHamp\nDetBGScholtens\nDec2924\n']","['C\n20255\n', 'RRD\nC\nC\n1473\n', 'DR\nD2924\n']","['WPC\n20255\n', 'C\nC\n1473\n', '2924\n']",modelv1.0__2026-05-18 08:48:43
D:/moth_photos/database\batch_20\img_moth_00038410.jpg,"[4000, 6000]",55.591836734693885,"['Macrorrhinia\n\nendonepheleHamp\nDetBGScholtens\nDec2024\n', 'WPC\n20256\n', 'RBDominick\nMcClellanville\nSouth Carolin\n\n30eig1477\nLishtD\n']","['D\nD2024\n', 'C\n20256\n', 'RRD\nC\nC\n\n301477\nD\n']","['2024\n', 'WPC\n20256\n', 'C\nC\n\n301477\n']",modelv1.0__2026-05-18 08:48:43
D:/moth_photos/database\batch_20\img_moth_00038411.jpg,"[4000, 6000]",55.729166666666664,"['WPC\n20257\n', 'RBDominick\nMcClellanville\nSouthCarolina\n\n197\neae\n', 'Macrorrhinia\n\nendonepheleHamp\nDetBGScholtens\nDec2024\n']","['C\n20257\n', 'RD\nC\nC\n\n197\n', 'DR\nD2024\n']","['WPC\n20257\n', 'C\nC\n\n197\n', '2024\n']",modelv1.0__2026-05-18 08:48:43
D:/moth_photos/database\batch_20\img_moth_00038412.jpg,"[4000, 6000]",55.46938775510204,"['WPC\n20258\n', 'Macrorrhinia\nendonephele Hamp\nDetBGScholtens\n\nDec2024\n']","['C\n20258\n', 'DR\n\nD2024\n']","['WPC\n20258\n', 'W\n\nP2024\n']",modelv1.0__2026-05-18 08:48:43
D:/moth_photos/database\batch_20\img_moth_00038413.jpg,"[4000, 6000]",56.208333333333336,"['WPC\n20259\n', 'RBDominick\nMcClellanville\nSouth Carolina\n\n22 197\n', 'Macrorrhinia\nendonepheleHamp\n\nDetBGScholtens\n\nDec2024\n']","['C\n20259\n', 'RD\nC\nC\n\n22 197\n', 'D\nD2024\n']","['WPC\n20259\n', 'C\nC\n\n22 197\n', 'P\n2024\n']",modelv1.0__2026-05-18 08:48:43
D:/moth_photos/database\batch_20\img_moth_00038414.jpg,"[4000, 6000]",55.97916666666666,"['RBDominick\nMcClellanville\nSouth Carolina\n\na7 fure4\nLighft9\n', 'WPC\n20261\n', 'Macrorrhinia\n\nendonepheleHamp\nDetBGScholtens\nDec2024\n']","['RD\nC\nC\n\n7 4\n9\n', 'C\n20261\n', 'DRC\nD2024\n']","['C\nC\n\n7 4\n9\n', 'WPC\n20261\n', 'C\n2024\n']",modelv1.0__2026-05-18 08:48:43
D:/moth_photos/database\batch_20\img_moth_00038415.jpg,"[4000, 6000]",55.21428571428571,"['RBDominick\nMcClellanville\nSouth Carolina\n16Nov973\nLiehto\n', 'WPC\n20260\n', 'Macrorrhinia\nendonephele Hamp\nDetBGSchoitens\nDec2024\n']","['RD\nC\nC\n16973\n', 'C\n20260\n', 'D\nD2024\n']","['C\nC\n16973\n', 'WPC\n20260\n', 'W\n2024\n']",modelv1.0__2026-05-18 08:48:43
D:/moth_photos/database\batch_20\img_moth_00038416.jpg,"[4000, 6000]",55.34693877551021,"['RBDominick\nMcClellanville\nSouthCarolinz\n\nMay197\nLope Ve\n', 'WPC\n20262\n', 'Macrorrhinia\n\nendonepheleHamp\nDetBGScholtens\nDec2024\n']","['RD\nC\nC2\n\n197\n', 'C\n20262\n', 'D\nD2024\n']","['C\nC2\n\n197\n', 'WPC\n20262\n', 'P\nP2024\n']",modelv1.0__2026-05-18 08:48:43
D:/moth_photos/database\batch_20\img_moth_00038417.jpg,"[4000, 6000]",56.30952380952382,"['BDominick\nAcClellanville\nouthCarolina\n\nofMay147\night\n', 'WPC\n20263\n', 'Macrorrhinia\n\nendonepheleHamp\nDetBGScholtens\nDec2024\n']","['RD\nCC\nC\n\n147\n', 'C\n20263\n', 'D\nD2024\n']","['CC\nC\n\n147\n', 'WPC\n20263\n', 'W\n2024\n']",modelv1.0__2026-05-18 08:48:43
D:/moth_photos/database\batch_20\img_moth_00038418.jpg,"[4000, 6000]",56.166666666666664,"['RBDominick\nMcClellanville\ni6Nos Carolina\nNov147 3\nLicht3\n', 'WPC\n20264\n', 'Macrorrhinia\nendonepheleHamp\n\nDetBGScholtens\n\nDec2024\n']","['RD\nC\n6 C\n147 3\n3\n', 'C\n20264\n', 'D\nD2024\n']","['C\n6 C\n147 3\n3\n', 'WPC\n20264\n', '2024\n']",modelv1.0__2026-05-18 08:48:43
D:/moth_photos/database\batch_20\img_moth_00038419.jpg,"[4000, 6000]",55.24390243902439,"['WPC\n20265\n', 'Macrorrhinia\n\nendonepheleHamp\nDetBGScholtens\nDec2024\n', 'BDominick\nAcClellanville\n\nbhai\nLiaht\n']","['C\n20265\n', 'D\nD2024\n', 'RD\nC\n\nD4\n']","['WPC\n20265\n', '2024\n', 'C\n\n4\n']",modelv1.0__2026-05-18 08:48:43
D:/moth_photos/database\batch_20\img_moth_00038420.jpg,"[4000, 6000]",55.26530612244897,"['RBDominick\nMcClellanville\nSouth Carolina\n\nAtobjlt24\nLig nA g\n', 'WwPC\n20266\n', 'Macrorrhinia\nendonephele Hamp\nDetBGScholtens\n\nDec2024\n']","['RD\nC\nC2\n\n24\n', 'RC\n20266\n', 'DR\n\nD2024\n']","['P\nC\nC2\n\n24\n', 'WPC\n20266\n', '2024\n']",modelv1.0__2026-05-18 08:48:43
D:/moth_photos/database\batch_20\img_moth_00038421.jpg,"[4000, 6000]",56.0,"['WPC\n20267\n', 'Macrorrhinia\n\nendonepheleHamp\nDetBGSeholtens\nDec2024\n']","['C\n20267\n', 'DR\nD2024\n']","['WPC\n20267\n', 'P\n2024\n']",modelv1.0__2026-05-18 08:48:43
D:/moth_photos/database\batch_20\img_moth_00038422.jpg,"[4000, 6000]",56.0625,"['WPC\n20268\n', 'Macrorrhinia\n\nendonepheleHamp\nDetBGScholtens\nDec2024\n', 'RBDominick\nMcClellanville\ntAy Carolin\n\n4\nhak\n']","['C\n20268\n', 'C\nDR\nD2024\n', 'RRD\nC\n2 C\n\n4\n']","['WPC\n20268\n', 'C\nP\n2024\n', 'C\n2 C\n\n4\n']",modelv1.0__2026-05-18 08:48:43
D:/moth_photos/database\batch_20\img_moth_00038423.jpg,"[4000, 6000]",55.244897959183675,"['Macrorrhinia\nendonepheleHamp\n\nDetBGScholtens\n\nDec2024\n', 'WPC\n20269\n']","['DR\nD2024\n', 'C\n20269\n']","['W\n2024\n', 'WPC\n20269\n']",modelv1.0__2026-05-18 08:48:43
D:/moth_photos/database\batch_20\img_moth_00038424.jpg,"[4000, 6000]",55.44897959183674,"['WPC\n20270\n', 'RBDominick\nMcClellanville\nSouthCarolina\n\npum4\n', 'Macrorrhinia\n\nendonepheleHamp\nDetBGScholtens\nDec2024\n']","['RC\n20270\n', 'RD\nC\nC\n\nD4\n', 'D\nD2024\n']","['WPC\n20270\n', 'C\nC\n\n4\n', 'W\n2024\n']",modelv1.0__2026-05-18 08:48:43
D:/moth_photos/database\batch_20\img_moth_00038425.jpg,"[4000, 6000]",56.229166666666664,"['WPC\n20271\n', 'RBDominick\nMcClellanville\nSouthCarolinz\n\n23July 472\nght2\n', 'Macrorrhinia\nendonepheleHamp\nDetBGScholtens\nDec2024\n']","['C\n20271\n', 'RD\nC\nC\n\n23 472\n2\n', 'D\nD2024\n']","['WPC\n20271\n', 'C\nC\n\n23 472\n2\n', 'P2024\n']",modelv1.0__2026-05-18 08:48:43
D:/moth_photos/database\batch_20\img_moth_00038426.jpg,"[4000, 6000]",56.11904761904762,"['WPC\n20272\n', 'BDominich\nAcClellanville\nsoutheCarolinz\n\nv0g476\n', 'Macrorrhinia\n\nendonepheleHamp\nDetBGScholtens\nDec2024\n']","['C\n20272\n', 'RD\nC\nC\n\n00476\n', 'DR\nD2024\n']","['WPC\n20272\n', 'C\nC\n\n00476\n', '2024\n']",modelv1.0__2026-05-18 08:48:43
D:/moth_photos/database\batch_20\img_moth_00038427.jpg,"[4000, 6000]",55.595238095238095,"['BDominicl\nAcClellanville\nDs arolinz\n4 2\n', 'WPC\n20273\n', 'Macrorrhinia\n\nendonepheleHamp\nDetBGScholtens\nDec2024\n']","['RD\nC\nD\n4 2\n', 'C\n20273\n', 'DR\nD2024\n']","['C\n4 2\n', 'WPC\n20273\n', 'P\n2024\n']",modelv1.0__2026-05-18 08:48:43
D:/moth_photos/database\batch_20\img_moth_00038428.jpg,"[4000, 6000]",55.56818181818181,"['KRDVOMINICK\nMcClennanville\nSouthCarolina\n\n23 duly Lh\nhho\n', 'Macrorrhinia\n\nendonephele Hamp\nDetBGScholtens\nDec2024\n', 'WPC\n20274\n']","['RDC\nC\nC\n\n23\n', 'DR\nD2024\n', 'C\n20274\n']","['C\nC\nC\n\n23\n', 'P\n2024\n', 'WPC\n20274\n']",modelv1.0__2026-05-18 08:48:43
D:/moth_photos/database\batch_20\img_moth_00038429.jpg,"[4000, 6000]",56.125,"['RBDominicl\nMcClellanville\nSouthCarolin\n\n0fily1476\niahtQe\n', 'WPC\n20275\n', 'Oe\n\nMacrorrhinia\n\nendonepheleHamp\nDetBGScholtens\nDec2024\n']","['RD\nC\nC\n\n01476\n', 'C\n20275\n', 'D\nD2024\n']","['C\nC\n\n01476\n', 'WPC\n20275\n', '2024\n']",modelv1.0__2026-05-18 08:48:43
D:/moth_photos/database\batch_20\img_moth_00038430.jpg,"[4000, 6000]",55.090909090909086,"['RBDominick\nMcClellanville\nSouthCarolina\n\n30Fune9795\n', 'WPC\n20276\n', 'Macrorrhinia\n\nendonepheleHamp\nDetBGScholtens\nDec2024\n']","['RD1\nC\nC\n\n309795\n', 'C\n20276\n', 'D8\nD2024\n']","['1\nC\nC\n\n309795\n', 'WPC\n20276\n', '8\n2024\n']",modelv1.0__2026-05-18 08:48:43
D:/moth_photos/database\batch_20\img_moth_00038431.jpg,"[4000, 6000]",55.93750000000001,"['WPC\n20277\n', 'Macrorrhinia\nendonepheleHamp\n\nDetBGScholtens\nDec2024\n', 'RBDominick\nMcClellanville\nSouth Carolina\n\n30fune47\nLishta pre\n']","['C\n20277\n', 'D\nD2024\n', 'RRD\nC\nC\n\n3047\n']","['WPC\n20277\n', 'P2024\n', 'C\nC\n\n3047\n']",modelv1.0__2026-05-18 08:48:43
D:/moth_photos/database\batch_20\img_moth_00038432.jpg,"[4000, 6000]",55.142857142857146,"['RBDominick\nMcClelianville\nSoya\n\naly1994\nLiaht\n', 'WPC\n20278\n', 'Macrorrhinia\n\nendonephele Hamp\nDetBGScholtens\nDec2024\n']","['RD\nC\n51495\n\n1994\nD\n', 'C\n20278\n', 'D\nD2024\n']","['C\n51495\n1994\n', 'WPC\n20278\n', '2024\n']",modelv1.0__2026-05-18 08:48:43
D:/moth_photos/database\batch_20\img_moth_00038433.jpg,"[4000, 6000]",55.916666666666664,"['RBDominick\nMcClellanville\nSouthCarolina\n\n8JulyV28\nLishtof\n', 'WPC\n20279\n', 'Macrorrhinia\n\nendonenheleHamp\nDetBGSchoitens\nDec2024\n']","['RRD\nC\nC\n\n8428\n', 'C\n20279\n', 'D\nD2024\n']","['C\nC\n\n8428\n', 'WPC\n20279\n', '2024\n']",modelv1.0__2026-05-18 08:48:43
D:/moth_photos/database\batch_20\img_moth_00038434.jpg,"[4000, 6000]",56.30952380952382,"['WPC\n20280\n', 'Macrorrhinia\nendonepheleHamp\nDetBGScholtens\n\nDec2024\n', '2BDominicl\nAcClellanville\n\nuthCarolin\nBhig1475\n\nLiantZe\n']","['C\n20280\n', 'DR\n\nD2024\n', '2RD\nC\n\nC\n51475\n']","['WPC\n20280\n', '2024\n', '2\nC\n\nC\n51475\n']",modelv1.0__2026-05-18 08:48:43
D:/moth_photos/database\batch_20\img_moth_00038435.jpg,"[4000, 6000]",56.041666666666664,"['RBDominick\nMcClellanville\nSout Carolin\n\n30 h IS\nLishtor\n', 'WPC\n20281\n', 'Macrorrhinia\n\nendonephele Hamp\nDetBGScholtens\nDec2024\n']","['RD\nC\nC\n\n30 5\n', 'C\n20281\n', 'DR\nD2024\n']","['C\nC\n\n30 5\n', 'WPC\n20281\n', '2024\n']",modelv1.0__2026-05-18 08:48:43
D:/moth_photos/database\batch_20\img_moth_00038436.jpg,"[4000, 6000]",56.025000000000006,"['WPC\n20282\n', 'Macrorrhinia\n\nendonepheleHamp\nDetBGScholtens\nDec2024\n\n', 'RBDominic\nMcClellanville\nSout 1476\n\n476\nLr Love\n']","['C\n20282\n', 'D\nD2024\n\n', 'RD\nC\n1476\n\n476\n']","['WPC\n20282\n', '2024\n\n', 'C\n1476\n\n476\n']",modelv1.0__2026-05-18 08:48:43
D:/moth_photos/database\batch_20\img_moth_00038437.jpg,"[4000, 6000]",55.418604651162795,"['RBDominick\nMcClellanville\nSoutheCarolinz\n\n4Nov1975\nLiahto\n', 'Macrorrhinia\n\nendonepheleHamp\nDetBGScholtens\nDec2024\n\nET\n', 'WPC\n20283\n']","['RD\nC\nC\n\n41975\n', 'DR\nD2024\n\nRC\n', 'C\n20283\n']","['C\nC\n\n41975\n', '2024\n\nCC\n', 'WPC\n20283\n']",modelv1.0__2026-05-18 08:48:43
D:/moth_photos/database\batch_20\img_moth_00038438.jpg,"[4000, 6000]",55.76744186046512,"['WPC\n20284\n', 'Baphalapallida\n\nJHComstock\nDetBGScholtens\nDec2024\n\n', 'RBDominick\nMcClellanville\nSoutHCarolina\n\n3Mar1472\nlabor\n']","['C\n20284\n', 'C\nDR\nD2024\n\n', 'RD\nC\nC\n\n31472\n']","['WPC\n20284\n', 'C\n2024\n\n', 'C\nC\n\n31472\n']",modelv1.0__2026-05-18 08:48:43
D:/moth_photos/database\batch_20\img_moth_00038439.jpg,"[4000, 6000]",55.42857142857143,"['KBDominick\nMcClellanville\nSouthCarolina\n', 'WPC\n20285\n', 'Baphalapallida\nJHComstock\n\nDetBGScholtens\n\nDec2024\n']","['RD\nC\nC\n', 'C\n20285\n', 'C\nD\nD2024\n']","['C\nC\n', 'WPC\n20285\n', 'C\n2024\n']",modelv1.0__2026-05-18 08:48:43
D:/moth_photos/database\batch_20\img_moth_00038440.jpg,"[4000, 6000]",55.204081632653065,"['WPC\n20287\n', 'RBDominick\nCharlesREdwards\nMcClellanville\nSouthCarolina\n\n12Sep197\nLiahL\n']","['RC\n20287\n', 'RRD\nCR\nC\n0C\n\n12197\n']","['WPC\n20287\n', 'C\nC\n0C\n\n12197\n']",modelv1.0__2026-05-18 08:48:43
D:/moth_photos/database\batch_20\img_moth_00038441.jpg,"[4000, 6000]",56.26829268292683,"['wPeC\n20286\n', 'RBDominicl\nMcClellanville\nSouthCarolin\n\nHApr197\nbrn\n', 'Baphalapallida\n\nJHComstocky\nDetBGScholtens\nDec2024\n']","['C\n20286\n', 'RRD\nC\nC\n\n197\n84\n', 'C\nDR\nD2024\n']","['PC\n20286\n', 'C\nC\n\n197\n84\n', 'C\n2024\n']",modelv1.0__2026-05-18 08:48:43
D:/moth_photos/database\batch_20\img_moth_00038442.jpg,"[4000, 6000]",55.6904761904762,"['WPC\n20288\n', 'RBDominick\nCharlesREdwanis\nMcClellanville\nSouth Carplina\nryrFe\n']","['C\n20288\n', 'RD\nCR\nC\nC\n']","['WPC\n20288\n', 'C\nC\nC\n']",modelv1.0__2026-05-18 08:48:43
D:/moth_photos/database\batch_20\img_moth_00038443.jpg,"[4000, 6000]",55.074999999999996,"['WPC\n20289\n', 'RBDominick\nCharlesREdwards\nMcClellanville\n2DuUACII7IO\nCishgtG\n']","['C\n20289\n', 'RRD\nCR\nC\n2DC7\nC\n']","['WPC\n20289\n', 'C\n\nC\n\n2C7\nC\n']",modelv1.0__2026-05-18 08:48:43
D:/moth_photos/database\batch_20\img_moth_00038444.jpg,"[4000, 6000]",56.146341463414636,"['WPC\n20290\n', 'CharlesREdwards\nMcClellanville\nSoufhCarolina29458\n\n23Wan1929\n238A\n\nR B Dominick f\n']","['C\n20290\n', 'CR\nC\nC29458\n\n231929\n237\n\nR D\n']","['WPC\n20290\n', 'C\nC\nC29458\n\n23W1929\n237\n\nP\n']",modelv1.0__2026-05-18 08:48:43
D:/moth_photos/database\batch_20\img_moth_00038445.jpg,"[4000, 6000]",56.256410256410255,"['WPC\n20291\n', 'RBDominick\nCharlesREdwards\nMcClellanville oO\nSouthCarolina\n\nTSLOEAITeD Fo\n']","['C\n20291\n', 'RRD\nCR\nC\nC\n\nD 19\n']","['WPC\n20291\n', 'C\nC\nC\n\n19\n']",modelv1.0__2026-05-18 08:48:43
D:/moth_photos/database\batch_20\img_moth_00038446.jpg,"[4000, 6000]",56.1219512195122,['WPC\n20292\n'],['C\n20292\n'],['WPC\n20292\n'],modelv1.0__2026-05-18 08:48:43
D:/moth_photos/database\batch_20\img_moth_00038447.jpg,"[4000, 6000]",56.16279069767442,"['WPC\n20293\n', 'RRDominick\nCharlesR EdwandsGP\nMcCltlilanville\n\nSouthCarolina29458\n\n235Na\n16h 41764\n']","['RC\n20293\n', 'RRD\nCR\nC\n\nC29458\n\n235\n2164 41764\n']","['WPC\n20293\n', 'C P\nC\nC29458\n\n235\n2164 41764\n']",modelv1.0__2026-05-18 08:48:43
D:/moth_photos/database\batch_20\img_moth_00038448.jpg,"[4000, 6000]",55.61904761904762,['WPC\n20294\n'],['C\n20294\n'],['WPC\n20294\n'],modelv1.0__2026-05-18 08:48:43
D:/moth_photos/database\batch_20\img_moth_00038449.jpg,"[4000, 6000]",56.384615384615394,"['WPC\n20295\n', 'RBDominick\nCharlesREdwards\nMcClellanville\nSouthsCarolina29458\nJunes97e\n2rthtF\n']","['C\n20295\n', 'RD\nCR\nC\nC29458\n97\n2\n']","['WPC\n20295\n', 'C\n\nC\n\nC29458\n97\n2\n']",modelv1.0__2026-05-18 08:48:43
D:/moth_photos/database\batch_20\img_moth_00038450.jpg,"[4000, 6000]",56.10416666666667,"['WPC\n20296\n', 'McClellanville\nSouthCarolina\nRBDominick\n\nphaeIWE\nMahoF\n']","['C\n20296\n', 'C\nC\nRRD\n\n1\n']","['WPC\n20296\n', 'C\nC\n\n1W\nP\n']",modelv1.0__2026-05-18 08:48:43
D:/moth_photos/database\batch_20\img_moth_00038451.jpg,"[4000, 6000]",56.14583333333333,"['WPC\n20297\n', 'RBDominick\nCharlesREdwards\nMcClellanville s\nSouthCarolina29458\n\nalF7\nLishp7 I9SS\n']","['C\n20297\n', 'RRD\nCR\nC\nC29458\n\n47\n7 199\n']","['WPC\n20297\n', 'C\nC\nC29458\n\n47\n7 199\n']",modelv1.0__2026-05-18 08:48:43
D:/moth_photos/database\batch_20\img_moth_00038452.jpg,"[4000, 6000]",55.83333333333334,"['WPC\n20298\n', 'RRDominick\nChariesREdward\nMcClellanville\n3 Carolina29458\n\nL68\nre\n']","['C\n20298\n', 'RRD\nCR\nC\n3 C29458\n\n68\n']","['WPC\n20298\n', 'C\nC\n3 C29458\n\n68\n']",modelv1.0__2026-05-18 08:48:43
D:/moth_photos/database\batch_20\img_moth_00038453.jpg,"[4000, 6000]",56.073170731707314,"['WPC\n20299\n', 'RBDominick\nCharlesREdwards\nMcClellanville a\nSouthCarolina29458\n48 mas FES\nLigh\n']","['C\n20299\n', 'RRD\nCR\nC\nC29458\n48\n']","['WPC\n20299\n', 'C\nC\nC29458\n48\n']",modelv1.0__2026-05-18 08:48:43
D:/moth_photos/database\batch_20\img_moth_00038454.jpg,"[4000, 6000]",55.163265306122454,"['WPC\n20300\n', 'RBDominick\nCharlesREdwards\nMcClellanville\nSoutheCarolina29458\n\n2YMag 1928\n\nVSaie\n']","['C\n20300\n', 'RRD\nCR\nC\nC29458\n\n24 1928\n']","['WPC\n20300\n', 'C\nC\nC29458\n\n24 1928\n']",modelv1.0__2026-05-18 08:48:43
D:/moth_photos/database\batch_20\img_moth_00038455.jpg,"[4000, 6000]",55.595238095238095,"['WPC\n20301\n', 'RBDominick\nCharlesREdwards\nMcClellanville\nSouth Carolina29458\n\n17 Mow GLF\nLichdl\n']","['C\n20301\n', 'RRD\nCR\nC\nC29458\n\n17\n']","['WPC\n20301\n', 'C\nC\nC29458\n\n17\n']",modelv1.0__2026-05-18 08:48:43
D:/moth_photos/database\batch_20\img_moth_00038456.jpg,"[4000, 6000]",55.785714285714285,"['WPC\n20302\n', 'RBDominick\nCharlesREdwards\nMcClellanville\nSouthCafolinae\n\nf2Sephi497\nkiqghtoF\n']","['RC\n20302\n', 'RRD\nCR\nC\nC\n\n2497\n7\n']","['WPC\n20302\n', 'C\nC\nC\n\n2P497\n7\n']",modelv1.0__2026-05-18 08:48:43
D:/moth_photos/database\batch_20\img_moth_00038457.jpg,"[4000, 6000]",55.28571428571429,['WPC\n20303\n'],['C\n20303\n'],['WPC\n20303\n'],modelv1.0__2026-05-18 08:48:43
D:/moth_photos/database\batch_20\img_moth_00038458.jpg,"[4000, 6000]",56.19047619047619,"['WPC\n20304\n', 'GharlesREdwards\nMcClellanville\n\n4June\nLisht 769\n']","['C\n20304\n', 'R\nC\n\n4\nC 769\n']","['WPC\n20304\n', 'C\n\n4\nC 769\n']",modelv1.0__2026-05-18 08:48:43
D:/moth_photos/database\batch_20\img_moth_00038459.jpg,"[4000, 6000]",55.142857142857146,"['WPC\n20305\n', 'RBDominick\nCharlesR EdwanisQ\n\nMcClellanville\nSoutheCarolina29458\n\nZYMIAY19E3\n']","['C\n20305\n', 'RD\nCR\n\nC\nC29458\n\n2R193\n']","['WPC\n20305\n', 'C\n\nC\nC29458\n\n2W193\n']",modelv1.0__2026-05-18 08:48:43
D:/moth_photos/database\batch_20\img_moth_00038460.jpg,"[4000, 6000]",56.166666666666664,"['WPC\n20306\n', 'BDominick\nharlesREdwards\nicGlellanville\nouthCarolina29458\n\n4 StorfHE\nLVFAL\n']","['C\n20306\n', 'D\nR\nC\nC29458\n\n4 5C\nC\n']","['WPC\n20306\n', 'C\nC29458\n\n4 5C\nC\n']",modelv1.0__2026-05-18 08:48:43
D:/moth_photos/database\batch_20\img_moth_00038461.jpg,"[4000, 6000]",56.25,"['WPC\n20307\n', 'ef\n\nMcClellanville\nSouthCarolina\nDominick\n']","['C\n20307\n', 'C\nC\nD\n']","['WPC\n20307\n', 'C\nC\n']",modelv1.0__2026-05-18 08:48:43
D:/moth_photos/database\batch_20\img_moth_00038462.jpg,"[4000, 6000]",55.547619047619044,"['WPC\n20308\n', '2BDominick\nharlesR Edwanis\nicCtellanville\nSouthCarolina29458\n\nI8Segt1F69\nLI6p4\n']","['RC\n20308\n', '2RD\nR\nC\nC29458\n\n18169\nC64\n']","['WPC\n20308\n', '2\nC\nC29458\n\n18169\nC64\n']",modelv1.0__2026-05-18 08:48:43
D:/moth_photos/database\batch_20\img_moth_00038463.jpg,"[4000, 6000]",55.674418604651166,"['Laetilia\nmyersellaDyar\n\nDetBGScholtens\n\nDec2024\n', 'tBDominic\nAcClelianville\nouthCarolin\n\nWet1495\napffoPP\n', 'WPC\n20309\n']","['D\nDC\nD2024\n', 'D\nC\nC\n\n1495\n', 'C\n20309\n']","['C\n2024\n', 'C\nC\n\nW1495\nPP\n', 'WPC\n20309\n']",modelv1.0__2026-05-18 08:48:43
D:/moth_photos/database\batch_20\img_moth_00038464.jpg,"[4000, 6000]",55.72093023255814,"['Laetilia\nmyersellaDyar\n\nDetBGScholtens\nDec2024\n\n', 'WPC\n20310\n']","['D\n\nD8C\nD2024\n\n', 'C\n20310\n']","['8C\n2024\n\n', 'WPC\n20310\n']",modelv1.0__2026-05-18 08:48:43
D:/moth_photos/database\batch_20\img_moth_00038465.jpg,"[4000, 6000]",55.95348837209303,"['WPC\n20311\n', 'RBDominick\nMcClellanville\n\nouthCarolina\nLightor\n']","['RC\n20311\n', 'RRD\nC\nC\n']","['WPC\n20311\n', 'C\nC\n']",modelv1.0__2026-05-18 08:48:43
D:/moth_photos/database\batch_20\img_moth_00038466.jpg,"[4000, 6000]",55.575,"['WPC\n20312\n', 'RBDominick\nMcClellanville\nSouth hFarolins\n\n234eene ue\nLutes\n\n']","['C\n20312\n', 'RRD\nC\n\n234\n\n']","['WPC\n20312\n', 'C\n\n234\n\n']",modelv1.0__2026-05-18 08:48:43
D:/moth_photos/database\batch_20\img_moth_00038467.jpg,"[4000, 6000]",55.15555555555556,"['WPC\n20313\n', 'RBDominick\nCharlesREdwards\nMcClellanville\nSouth Carolina\n']","['C\n20313\n', 'RRD\nCR\nC\n50 C\n']","['WPC\n20313\n', 'C\nC\n50 C\n']",modelv1.0__2026-05-18 08:48:43
D:/moth_photos/database\batch_20\img_moth_00038468.jpg,"[4000, 6000]",55.8125,"['WPC\n20314\n', 'Ssiashl\nRBDominick\nCharlesREdwards\nMcClellanville\nSouthCarolina 29458\nGFune197\nLight\n\n']","['C\n20314\n', 'RRD\nCR\nC\nC 29458\n\n197\n\n']","['WPC\n20314\n', 'C\n\nC\nC 29458\n197\n\n']",modelv1.0__2026-05-18 08:48:43
D:/moth_photos/database\batch_20\img_moth_00038469.jpg,"[4000, 6000]",56.0625,"['RBDominick\nMcClellanville\nSouthCarolina\n\n20Mey199\nree\n', 'WPC\n20315\n']","['RRD\nC\nC\n\n20199\n', 'C\n20315\n']","['C\nC\n\n20199\n', 'WPC\n20315\n']",modelv1.0__2026-05-18 08:48:43
D:/moth_photos/database\batch_20\img_moth_00038470.jpg,"[4000, 6000]",56.037037037037045,"['SOUTHCAROLINA\nWedge Plantation\nMcClellanville\nMarch FZ 19\nDCFerguson\n', 'WPC\n20316\n']","['CRC\nC\n7 19\nDC\n', 'C\n20316\n']","['CC\nW P\nC\n7 19\nC\n', 'WPC\n20316\n']",modelv1.0__2026-05-18 08:48:43
D:/moth_photos/database\batch_20\img_moth_00038471.jpg,"[4000, 6000]",55.97916666666666,"['a\nSOUTH CAROLINA\nwedge Plantation\nMcClellanville\nAucust 1968\nDC Ferguson\nM\n', 'WPC\n20317\n']","['CRC\nC1\n1968\nDC\n', 'C\n20317\n']","['CC\nW P\nC1\n1968\nC\n', 'WPC\n20317\n']",modelv1.0__2026-05-18 08:48:43
D:/moth_photos/database\batch_20\img_moth_00038472.jpg,"[4000, 6000]",56.10416666666667,"['el\n\nSOUTHCAROLINA\nwedge Plantation\nMcClellanville\n\n1SVE368\n\nFerguson\n\n', 'WPC\n20318\n']","['CR\nC\n\n15368\n\n', 'RC\n20318\n']","['C\nW P\nC\n\n15W368\n\n', 'WPC\n20318\n']",modelv1.0__2026-05-18 08:48:43
D:/moth_photos/database\batch_20\img_moth_00038473.jpg,"[4000, 6000]",56.1875,"['WPC\n20319\n', 'RBDominick\nCharlesREdwards\nMcClellanville\nSouthCarolina29458\n\n27FulyF70\nCiohp\n']","['C\n20319\n', 'RRD\nCR\nC\nC29458\n\n27970\nC\n']","['WPC\n20319\n', 'C\nC\nC29458\n\n27970\nC\n']",modelv1.0__2026-05-18 08:48:43
D:/moth_photos/database\batch_20\img_moth_00038474.jpg,"[4000, 6000]",56.208333333333336,"['SOUTHCAROLINA\nWedge Plantation\nMcClellanville\nAugust i 1968\nDCFerguson\n', 'WPC\n20320\n']","['CR\nC\n1968\nDC\n', 'C\n20320\n']","['C\nW P\nC\n1968\nCP\n', 'WPC\n20320\n']",modelv1.0__2026-05-18 08:48:43
D:/moth_photos/database\batch_20\img_moth_00038475.jpg,"[4000, 6000]",55.81481481481481,['WPC\n20321\n'],['C\n20321\n'],['WPC\n20321\n'],modelv1.0__2026-05-18 08:48:43
D:/moth_photos/database\batch_20\img_moth_00038476.jpg,"[4000, 6000]",56.041666666666664,"['WPC\n20322\n', 'tiiCSCS\n\nRB Dominick\nChariesR Edwards\nMcClellanville\nSoutkCarolina 29455\n\nZzDeone1970\nCishte2\n']","['C\n20322\n', 'CC\n\nR D\nCR\nC\nC 29455\n\n2D1970\nC2\n']","['WPC\n20322\n', 'CC\n\nC\nC\nC 29455\n\n21970\nC2\n']",modelv1.0__2026-05-18 08:48:43
D:/moth_photos/database\batch_20\img_moth_00038477.jpg,"[4000, 6000]",55.97916666666666,"['WPC\n20323\n', 'RBDominick\nCharlesREdwards\nMcClellanville\nSouthCarolina\n2O4une147\n\nhiahtF\n', '']","['C\n20323\n', 'RRD\nCR\nC\nC\n204147\n', '']","['WPC\n20323\n', 'C\nC\nC\n204147\n', '']",modelv1.0__2026-05-18 08:48:43
D:/moth_photos/database\batch_20\img_moth_00038478.jpg,"[4000, 6000]",56.27083333333333,"['SOUTHCAROLINA\nWedge Plantation\nMcClellanville\nAugust 3 1968\nDCFerguson\n\n', 'WPC\n20324\n']","['CR\nC\n3 1968\nDC\n\n', 'C\n20324\n']","['C\nW P\nC\n3 1968\nC\n\n', 'WPC\n20324\n']",modelv1.0__2026-05-18 08:48:43
D:/moth_photos/database\batch_20\img_moth_00038479.jpg,"[4000, 6000]",55.85454545454546,"['RBDominick\nMcClellanville\nLm carolina\n\npt AT3\n', 'WPC\n20325\n']","['RD\nC\n2\n\n3\n', 'C\n20325\n']","['C\n2\n\nP 3\n', 'WPC\n20325\n']",modelv1.0__2026-05-18 08:48:43
D:/moth_photos/database\batch_20\img_moth_00038480.jpg,"[4000, 6000]",55.36734693877551,"['SOUTHCAROLINA\nWedge Plantation\nMcClellanville\nAugust IG 1968\nD C Ferguson\n', 'WPC\n20326\n']","['CR\nC\n1C 1968\nD C\n', 'C\n20326\n']","['C\nW P\nC\n1C 1968\nC P\n', 'WPC\n20326\n']",modelv1.0__2026-05-18 08:48:43
D:/moth_photos/database\batch_20\img_moth_00038481.jpg,"[4000, 6000]",55.093023255813954,"['WPC\n20327\n', 'RBDominick\nCharlesREdward\nMcClellanville\nSouthCfrolina\n\n54vpe199\npte oo\n']","['C\n20327\n', 'RRD\nCR\nC\nC\n\n54199\n']","['WPC\n20327\n', 'C\nC\nC\n\n54199\nP\n']",modelv1.0__2026-05-18 08:48:43
D:/moth_photos/database\batch_20\img_moth_00038482.jpg,"[4000, 6000]",55.183673469387756,"['WPC\n20328\n', '2BDominick\nhariesREdwards\nAcClellanville\nsouth Carolina\n\nLS54une 147\nkiaght2\n']","['C\n20328\n', '2RD\nR\nC\nC\n\n54 147\n2\n']","['WPC\n20328\n', '2\nC\nC\n\n54 147\n2\n']",modelv1.0__2026-05-18 08:48:43
D:/moth_photos/database\batch_20\img_moth_00038483.jpg,"[4000, 6000]",55.3061224489796,"['WPC\n20329\n', 'R B Dominick\nCharlesREdwards\nMcClellanville\nSouthCarolina\n30MB71972\nLischyrX\n']","['C\n20329\n', 'R D\nCR\nC\nC\n3071972\n']","['WPC\n20329\n', 'P\nC\nC\nC\n3071972\n']",modelv1.0__2026-05-18 08:48:43
D:/moth_photos/database\batch_20\img_moth_00038484.jpg,"[4000, 6000]",55.945454545454545,"['SOUTHCAROLINA\nNedge Plantation\nMcClellafiville\nAugustUf1968\nMCFerquson\n', 'WPC\n20330\n']","['0CR\nC\n1968\nC\n', 'C\n20330\n']","['0C\nP\nWC\n1968\nCP\n', 'WPC\n20330\n']",modelv1.0__2026-05-18 08:48:43
D:/moth_photos/database\batch_20\img_moth_00038485.jpg,"[4000, 6000]",55.12244897959183,"['WPC\n20331\n', 'RBDominick\nChariesREdwards\nMcClellanville\nSe Catolina\n\nWe Lel 1972\n']","['C\n20331\n', 'RRD\nCR\nC\n3 C\n\n1972\n']","['WPC\n20331\n', 'C\nC\n3 C\n\nW 1972\n']",modelv1.0__2026-05-18 08:48:43
D:/moth_photos/database\batch_20\img_moth_00038486.jpg,"[4000, 6000]",55.97916666666666,"['WPC\n20332\n', 'RBDominick\nSharlesREdwards\nicClejlanville\nsouthCarolina\n\noun FQ2\n']","['RC\n20332\n', 'RRD\nCR\nC\nC\n\n3D D2\n']","['WPC\n20332\n', 'C\nC\nC\n\n3P 2\n']",modelv1.0__2026-05-18 08:48:43
D:/moth_photos/database\batch_20\img_moth_00038487.jpg,"[4000, 6000]",56.208333333333336,['WPC\n20333\n'],['C\n20333\n'],['WPC\n20333\n'],modelv1.0__2026-05-18 08:48:43
D:/moth_photos/database\batch_20\img_moth_00038488.jpg,"[4000, 6000]",55.204081632653065,"['WPC\n20334\n', 'RB Dominick\nCharlesREdwards\nMcClellanville\nSouthCarolina\n\n3Masy1972\nLishy2\n']","['RC\n20334\n', 'R D\nCR\nC\nC\n\n31972\n2\n']","['WPC\n20334\n', 'C\nC\nC\n\n31972\n2\n']",modelv1.0__2026-05-18 08:48:43
D:/moth_photos/database\batch_20\img_moth_00038489.jpg,"[4000, 6000]",55.71739130434783,"['WPC\n20335\n', 'RBDominick\nCharlesREdward\nMcClellanville\nSouthCarolinae\n', 'HtomeeLsoma\nsfyptieelhum\nL37detOcF\n']","['RC\n20335\n', 'RD\nCR\nC\nC\n', '437C\n']","['WPC\n20335\n', 'C\nC\nC\n', '437C\n']",modelv1.0__2026-05-18 08:48:43
D:/moth_photos/database\batch_20\img_moth_00038490.jpg,"[4000, 6000]",37.62745098039216,"['2025DCR\n04108\n', 'SanteeCoastalReserve\nSC\n\nCharlestonCo\nEFLtoPresti\n45October2025\n\nSe\n\na Trap\n']","['2025DCR\n04108\n', 'CR\nC\n\nCC\n452025\n']","['2025C\n04108\n', 'C\nC\n\nCC\nP\n452025\n']",modelv1.0__2026-05-18 08:48:43
D:/moth_photos/database\batch_20\img_moth_00038491.jpg,"[4000, 6000]",37.92156862745098,"['2025DCR\n04112\n', 'noearmites\nELoPresti2025\n', 'SanteeCoastalReserv\nCharlestonCoSC\n2 EFttoPresti\n15October 2025\nmw QieueTrao\n\naz\n\n']","['2025DCR\n04112\n', '2025\n', 'CR\nCCC\n2 0\n150 2025\n20\n\n']","['2025C\n04112\n', 'P2025\n', 'C\nCCC\n2 0P\n150 2025\nW 20\n\n']",modelv1.0__2026-05-18 08:48:43
D:/moth_photos/database\batch_20\img_moth_00038492.jpg,"[4000, 6000]",37.64705882352941,"['2025DCR\n\n04115\n', 'SanteeCoastalReserve\nCharlestonCoSC\nEFLoPresti\n15October2025\nMazvckTrap\n']","['2025DCR\n\n04115\n', 'CR\nCCC\n1502025\n']","['2025C\n\n04115\n', 'C\nCCC\nP\n1502025\n']",modelv1.0__2026-05-18 08:48:43
D:/moth_photos/database\batch_20\img_moth_00038493.jpg,"[4000, 6000]",37.74509803921569,"['2025DCR\n04122\n', 'noear mites\nELoPresti2025\n', 'SanteeCoastalReserve\nCharlestonCoSC\nEFLoPresti\n22October2025\nGatorRoadTrap\n']","['2025DCR\n04122\n', 'C2025\n', 'CR\nCCC\n\n2202025\n\nR\n']","['2025C\n04122\n', 'CP2025\n', 'C\nCCC\nP\n2202025\n']",modelv1.0__2026-05-18 08:48:43
D:/moth_photos/database\batch_20\img_moth_00038494.jpg,"[4000, 6000]",37.42307692307692,"['2025DCR\n04174\n', 'noearmites\nELoPresti2025\n', 'SanteeCoastalReserve\nCharlestonCoSC\nEFLoPresti\n21Asril2025\nMarshTrapBRIDGET\n']","['2025DCR\n04174\n', '2025\n', 'CR\nCC0C\n212025\nRD\n']","['2025PC\n04174\n', 'P2025\n', 'C\nCC0C\nP\n212025\n']",modelv1.0__2026-05-18 08:48:43
D:/moth_photos/database\batch_20\img_moth_00038495.jpg,"[4000, 6000]",37.36538461538461,"['2025DCR\n04178\n', 'SanteeCoastalReserve\nCharlestonCoSC\nEFLoPresti\n22November2025\nFOHTrap\n']","['2025DCR\n04178\n', 'CR\nCCC\n222025\n']","['2025C\n04178\n', 'CP\nCCC\nP\n222025\n']",modelv1.0__2026-05-18 08:48:43
D:/moth_photos/database\batch_20\img_moth_00038496.jpg,"[4000, 6000]",37.607843137254896,"['2025DCR\n04179\n', 'SanteeCoastalReserve\nCharlestonCoSC\nEFLoPresti\n22November2025\nFOHTrap\n']","['2025DCR\n04179\n', 'CR\nCCC\n222025\n']","['2025C\n04179\n', 'C\nCCC\nP\n222025\n']",modelv1.0__2026-05-18 08:48:43
D:/moth_photos/database\batch_20\img_moth_00038497.jpg,"[4000, 6000]",37.52941176470588,"['2025DCR\n04202\n', 'SanteeCoastalReserve\n\nCharlestonCoSC\nEFLoPresti\n15October2025\nScrubOakTrapo\n']","['2025DCR\n04202\n', 'CR\n\nCCC\n152025\n']","['2025C\n04202\n', 'C\n\nCCC\nP\n152025\n']",modelv1.0__2026-05-18 08:48:43
D:/moth_photos/database\batch_20\img_moth_00038498.jpg,"[4000, 6000]",37.92156862745098,"['2025DCR\n04109\n', 'noearmites\nELoPresti2025\n', 'SanteeCoastal Reserve\nCharlestonCoSC\nFFLoPresti\n\no\nA 45October2025\n\nTrap\n']","['2025DCR\n04109\n', 'R2025\n', 'C R\nCC0C\n\n452025\n']","['2025C\n04109\n', 'P2025\n', 'C\nCC0C\nP\n\n452025\n']",modelv1.0__2026-05-18 08:48:43
D:/moth_photos/database\batch_20\img_moth_00038499.jpg,"[4000, 6000]",37.64705882352941,"['2025DCR\n04111\n', 'aw iNTwawewerlCereTCEOEeOhS\n\nnoearmites\nELoPresti2025\n', 'SanteeCoastalReserve\nCharlestonCoSC\nEF LoPresti\n2B15Odtober2025\nPy Trao\n']","['2025DCR\n04111\n', 'CC\n\n2025\n', 'CR\nCCC\n215C2025\n']","['2025C\n04111\n', 'WCC\n\nP2025\n', 'C\nCCC\nP\n215C2025\n']",modelv1.0__2026-05-18 08:48:43
D:/moth_photos/database\batch_20\img_moth_00038500.jpg,"[4000, 6000]",37.62745098039216,"['2025DCR\n04114\n', 'SanteeCoastalReserve\nCharlestonCoSC\nEFLoPresti\n15October2025\nMazvckTrap\n']","['2025DCR\n04114\n', 'CR\nCCC\n1502025\n']","['2025C\n04114\n', 'C\nCCC\nP\n1502025\n']",modelv1.0__2026-05-18 08:48:43
D:/moth_photos/database\batch_20\img_moth_00038501.jpg,"[4000, 6000]",37.70588235294117,"['2025DCR\n04117\n', 'noearmjtes\nELoPresti2025\n', 'SanteeCoastalReserve\nJ CharlestonCoSC\nEfLoPresti\nye 22October2025\n4MeedewTrap\n']","['2025DCR\n04117\n', 'C2025\n', 'CR\nCC0C\n22C2025\n\n4\n']","['2025C\n04117\n', 'CP2025\n', 'C\nCC0C\nP\n22C2025\n\n4\n']",modelv1.0__2026-05-18 08:48:43
D:/moth_photos/database\batch_20\img_moth_00038502.jpg,"[4000, 6000]",37.76470588235294,"['2025DCR\n04123\n', 'SanteeCoastalReserve\nCharlestonCoSC\nEFLoPresti\n15Octpber2025\nGCapeTrap\n\n']","['2025DCR\n04123\n', 'CR\nCCC\n152025\nC\n\n']","['2025C\n04123\n', 'CP\nCCC\nP\n152025\nC\n\n']",modelv1.0__2026-05-18 08:48:43
D:/moth_photos/database\batch_20\img_moth_00038503.jpg,"[4000, 6000]",37.70588235294117,"['2025DCR\n04180\n', 'noearmites\nFLoPresti7075\n', 'SanteeCoastalReserve\nAN CharlestonCoSC\nEFLoPresti\nz 22November2025\nsSuuweniperkTran\n']","['2025DCR\n04180\n', '7075\n', 'CR\nCC0C\n222025\n1\n']","['2025C\n04180\n', 'P7075\n', 'C\nCC0C\nP\n222025\nP1\n']",modelv1.0__2026-05-18 08:48:43
D:/moth_photos/database\batch_20\img_moth_00038504.jpg,"[4000, 6000]",37.52941176470588,"['2025DCR\n04201\n', 'SanteeCoastalReserve\nCharlestonCoSC\nEFLoPresti\n15October2025\nScrubOakTrap\n']","['2025DCR\n04201\n', 'CR\nCCC\n152025\n']","['2025C\n04201\n', 'C\nCCC\nP\n152025\n']",modelv1.0__2026-05-18 08:48:43
D:/moth_photos/database\batch_20\img_moth_00038505.jpg,"[4000, 6000]",37.70588235294117,"['2025DCR\n04110\n', 'noearmites\nELoPresti2025\n', 'SanteeCoastalReserve\nCharlestenCoSC\nEFLoPresti\n\n45October2025\n2a GemseTrap\n']","['2025DCR\n04110\n', '2025\n', 'CR\nCCC\n\n452025\n2\n']","['2025C\n04110\n', 'P2025\n', 'C\nCCC\nP\n\n452025\n2\n']",modelv1.0__2026-05-18 08:48:43
D:/moth_photos/database\batch_20\img_moth_00038506.jpg,"[4000, 6000]",37.607843137254896,"['leftearmites\nEFL 2024\n', '2025DCR\n04113\n', 'SanteeCoastalReserve\nCharlestqnCoSC\nEFLoPresti\n15October2025\nMazvckTrap\n']","['2024\n', '2025DCR\n04113\n', 'CR\nCCC\n152025\n']","['2024\n', '2025C\n04113\n', 'C\nCCC\nP\n152025\n']",modelv1.0__2026-05-18 08:48:43
D:/moth_photos/database\batch_20\img_moth_00038507.jpg,"[4000, 6000]",37.72549019607843,"['2025DCR\n04116\n', 'SanteeCoastalReserve\nCharlestonCoSC\nEFLoPresti\n22October2025\nGatorRoadTrap\n']","['2025DCR\n04116\n', 'CR\nCCC\n222025\nR\n']","['2025PC\n04116\n', 'CP\nCCC\nP\n222025\n']",modelv1.0__2026-05-18 08:48:43
D:/moth_photos/database\batch_20\img_moth_00038508.jpg,"[4000, 6000]",37.76470588235294,"['2025DCR\n04124\n', 'SanteeCoastalReserve\nCharlestonCoSC\nEFLoPresti\n15October2025\nfgrCapeTrap\n']","['2025DCR\n04124\n', 'CR\nCCC\n152025\nC\n']","['2025C\n04124\n', 'C\nCCC\nP\n152025\nC\n']",modelv1.0__2026-05-18 08:48:43
D:/moth_photos/database\batch_20\img_moth_00038509.jpg,"[4000, 6000]",37.7843137254902,"['2025DCR\n04175\n', 'aTo earmites\nELoPresti2025\n', 'SanteeCoastalReserve\nCharlestonCoSC\nEFLoPresti\nS22November2025\n\niL eitTrap\n']","['2025DCR\n04175\n', '2025\n', 'CR\nCCC\n222025\n']","['2025C\n04175\n', 'P2025\n', 'C\nCCC\nP\n\n222025\n']",modelv1.0__2026-05-18 08:48:43
D:/moth_photos/database\batch_20\img_moth_00038510.jpg,"[4000, 6000]",37.84313725490196,"['2025DCR\n04181\n', 'SanteeCoastalReserve\nCharlestonCoSC\nEFloPresti\n22November2025\nFOHTrao\n']","['2025DCR\n04181\n', 'CR\nCCC\n222025\n']","['2025C\n04181\n', 'C\nCCC\nP\n222025\n']",modelv1.0__2026-05-18 08:48:43
D:/moth_photos/database\batch_20\img_moth_00038511.jpg,"[4000, 6000]",37.84313725490196,"['2025DCR\n04203\n', 'SanteeCoastalReserve\nCharlestonCoSC\nEFLoPresti\n15October2025\nScrubOakTrap\n']","['2025DCR\n04203\n', 'CR\nCCC\n1502025\n']","['2025C\n04203\n', 'CP\nCCC\nP\n1502025\n']",modelv1.0__2026-05-18 08:48:43
D:/moth_photos/database\batch_20\img_moth_00038512.jpg,"[4000, 6000]",37.490196078431374,"['2025DCR\n04120\n', 'noearmites\nELoPresti2025\n', 'SanteeCoastalReserve\nCharlestonCoSC\nEFLoPresti\n22October2025\nGatorRoadTrap\n']","['2025DCR\n04120\n', '2025\n', 'CR\nCCC\n222025\nR\n']","['2025C\n04120\n', 'P2025\n', 'C\nCCC\nP\n222025\n']",modelv1.0__2026-05-18 08:48:43
D:/moth_photos/database\batch_20\img_moth_00038513.jpg,"[4000, 6000]",37.84313725490196,"['2025DCR\n04125\n', 'SanteeCoastalReserve\nCharlestonCoSC\nEFLoPresti\n15October2025\ngmxCapeTrap\n']","['2025DCR\n04125\n', 'CR\nCCC\n152025\nC\n']","['2025C\n04125\n', 'C\nCCC\nP\n152025\nC\n']",modelv1.0__2026-05-18 08:48:43
D:/moth_photos/database\batch_20\img_moth_00038514.jpg,"[4000, 6000]",37.442307692307686,"['2025DCR\n04176\n', 'Ee\nSanteeCoastal Reserve\nCharlestonCoSC\nEFLoPresti\nSY 22November2025\nvis WMRTrap\n']","['2025DCR\n04176\n', 'CR\nC R\nCC0C\n222025\nR\n']","['2025C\n04176\n', 'C\nCC0C\nP\n222025\nW\n']",modelv1.0__2026-05-18 08:48:43
D:/moth_photos/database\batch_20\img_moth_00038515.jpg,"[4000, 6000]",37.76470588235294,"['2025DCR\n04182\n', 'SanteeCoastalReserve\nCharlestonCoSC\nEFLoPresti\nP 22November2025\ntTrao\n']","['2025DCR\n04182\n', 'CR\nCCC\n\nC\n\n222025\n']","['2025C\n04182\n', 'C\nCCC\n\nCP\n\nP 222025\n']",modelv1.0__2026-05-18 08:48:43
D:/moth_photos/database\batch_20\img_moth_00038516.jpg,"[4000, 6000]",37.58823529411765,"['2025DCR\n04204\n', 'noear mites\nELoPresti2025\n', 'SanteeCoastalReserve\nCharlestonCoSC\nEFLoPresti\n45October2025\nScrubOakTrap\n']","['2025DCR\n04204\n', '2025\n', 'CR\nCCC\n452025\n']","['2025C\n04204\n', 'P2025\n', 'C\nCCC\nP\n452025\n']",modelv1.0__2026-05-18 08:48:43
D:/moth_photos/database\batch_20\img_moth_00038517.jpg,"[4000, 6000]",37.94117647058824,"['2025DCR\n04121\n', 'leftear jnites\nEFL2024\n', 'SanteeCoastalReserve\nCharlestonCoSC\nEFLoPresti\n22October2025\nGatorRoadTrap\n']","['2025DCR\n04121\n', '2024\n', 'CR\nCCC\n222025\nR\n']","['2025C\n04121\n', '2024\n', 'C\nCCC\nP\n222025\n']",modelv1.0__2026-05-18 08:48:43
D:/moth_photos/database\batch_20\img_moth_00038518.jpg,"[4000, 6000]",37.607843137254896,"['2025DCR\n04126\n', 'SanteeCoastalReserve\nCharlestonCoSC\nEFLoPresti\n15October2025\nSerCapeTrap\n']","['2025DCR\n04126\n', 'CR\nCCC\n152025\nC\n']","['2025C\n04126\n', 'C\nCCC\nP\n152025\nC\n']",modelv1.0__2026-05-18 08:48:43
D:/moth_photos/database\batch_20\img_moth_00038519.jpg,"[4000, 6000]",37.96078431372548,"['2025DCR\n04177\n', 'noearmites\n1aqPrecti2025\n', 'SanteeCoastalReserve\nCharlestonCoSC\nEFLoPresti\n22November2025\nFOHTrao\n']","['2025DCR\n04177\n', '12025\n', 'CR\nCC0C\n222025\n']","['2025C\n04177\n', '1P2025\n', 'C\nCC0C\nP\n222025\n']",modelv1.0__2026-05-18 08:48:43
D:/moth_photos/database\batch_20\img_moth_00038520.jpg,"[4000, 6000]",37.431372549019606,"['2025DCR\n\n04183\n', 'e GVSheeH\nnoearmites\n', 'SanteeCoastalReserve\ntT ChanestonCoSC\nEFLoPresti\nP22 November2025\nBestTrap\n']","['2025DCR\n\n04183\n', '', 'CR\nCCC\n22 2025\n\nR\n']","['2025C\n\n04183\n', '', 'C\nCCC\nP\nP22 2025\n']",modelv1.0__2026-05-18 08:48:43
D:/moth_photos/database\batch_20\img_moth_00038521.jpg,"[4000, 6000]",37.96078431372548,"['2025DCR\n04205\n', 'noearmites\nELoPresti2025\n', 'SanteeCoastalReserve\nCharlestonCoSC\nEFLoPresti\n15October2025\nScrubOakTrap\n']","['2025DCR\n04205\n', '2025\n', 'CR\nCCC\n152025\n']","['2025C\n04205\n', 'P2025\n', 'C\nCCC\nP\n152025\n']",modelv1.0__2026-05-18 08:48:43
D:/moth_photos/database\batch_20\img_moth_00038522.jpg,"[4000, 6000]",37.568627450980394,"['2025DCR\n04127\n', 'SanteeCoastalReserve\nCharlestonCoSC\nErLoPresti\n15October2025\ndusCapeTrap\n']","['2025DCR\n04127\n', 'CR\nCCC\n152025\nC\n']","['2025C\n04127\n', 'C\nCCC\nP\n152025\nC\n']",modelv1.0__2026-05-18 08:48:43
D:/moth_photos/database\batch_20\img_moth_00038523.jpg,"[4000, 6000]",38.0,"['2025DCR\n04184\n', 'SanteeCoastalReserve\nCharlestonCoSC\nEFLoPresti\n22November2025\nFOHTrap\n']","['2025DCR\n04184\n', 'CR\nCCC\n222025\n']","['2025C\n04184\n', 'C\nCCC\nP\n222025\n']",modelv1.0__2026-05-18 08:48:43
D:/moth_photos/database\batch_20\img_moth_00038524.jpg,"[4000, 6000]",37.607843137254896,"['2025DCR\n04128\n', 'SanteeCoastalReserve\nCharlestonCoSC\nEFleoPresti\n15October2025\n\nCapeTrap\n']","['2025DCR\n04128\n', 'CR\nCCC\n152025\n\nC\n']","['2025C\n04128\n', 'C\nCCC\nP\n152025\n\nC\n']",modelv1.0__2026-05-18 08:48:43
D:/moth_photos/database\batch_20\img_moth_00038525.jpg,"[4000, 6000]",38.03921568627451,"['2025DCR\n04185\n', 'SanteeCoastaliReserve\nCharlestonCoSC\nEFLoPresti\n22November2025\nFOHTrap\n']","['2025DCR\n04185\n', 'CR\nCC0C\n222025\n']","['2025C\n04185\n', 'C\nCC0C\nP\n222025\n']",modelv1.0__2026-05-18 08:48:43
D:/moth_photos/database\batch_20\img_moth_00038526.jpg,"[4000, 6000]",37.64705882352941,"['2025DCR\n04129\n', 'SanteeCoastalReserve\nCharlestonCoSC\nEFLoPresti\n15October2025\ngerCapeTrap\n']","['2025DCR\n04129\n', 'CR\nCCC\n152025\nC\n']","['2025C\n04129\n', 'C\nCCC\nP\n152025\nC\n']",modelv1.0__2026-05-18 08:48:43
D:/moth_photos/database\batch_20\img_moth_00038527.jpg,"[4000, 6000]",37.607843137254896,"['2025DCR\n04186\n', 'noearmites\nELoPresti2025\n', 'SanteeCoastalReserve\nCharlestonCoSC\neiFLoPresti\ny 22November2025\n\netTrao\n']","['2025DCR\n04186\n', '2025\n', 'CR\nCCC\n222025\n']","['2025PC\n04186\n', 'P2025\n', 'C\nCCC\nP\n222025\n']",modelv1.0__2026-05-18 08:48:43
D:/moth_photos/database\batch_20\img_moth_00038528.jpg,"[4000, 6000]",37.58823529411765,"['2025DCR\n04187\n', 'SanteeCoastalReserve\nCharlestonCoSC\nEFLoPresti\n22November2025\nFOHTrap\n']","['2025DCR\n04187\n', 'CR\nCC0C\n222025\n']","['2025C\n04187\n', 'C\nCC0C\nP\n222025\n']",modelv1.0__2026-05-18 08:48:43
D:/moth_photos/database\batch_20\img_moth_00038529.jpg,"[4000, 6000]",37.88235294117647,"['2025DCR\n04130\n', 'noearmites\nELoPresti2025\n', 'SanteeCoastalReserve\nCharlestonCoSC\nEFLoPresti\na 23October2025\nllTrap\n']","['2025DCR\n04130\n', 'C2025\n', 'CR\nCCC\n232025\n']","['2025C\n04130\n', 'CP2025\n', 'C\nCCC\nP\n232025\n']",modelv1.0__2026-05-18 08:48:43
D:/moth_photos/database\batch_20\img_moth_00038530.jpg,"[4000, 6000]",37.64705882352941,"['2025DCR\n04188\n', 'noearmites\n\nELoPresti2025\n', 'SanteeCoastalReserve\nCharlestonCoSC\nEFLoPresti\n22November2025\nFOHTrap\n']","['2025DCR\n04188\n', '2025\n', 'CR\nCCC\n222025\n\nR\n']","['2025C\n04188\n', 'P2025\n', 'C\nCCC\nP\n222025\n']",modelv1.0__2026-05-18 08:48:43
D:/moth_photos/database\batch_20\img_moth_00038531.jpg,"[4000, 6000]",37.74509803921569,"['2025DCR\n04131\n', 'anteeCoastalReserve\nCharlestonCoSC\n3 EFLoPresti\n23October2025\nWs GemenshdsdallTrap\n']","['2025DCR\n04131\n', 'CR\nCCC\n3\n\n2302025\n']","['2025C\n04131\n', 'C\nCCC\n3 P\n\n2302025\nW\n']",modelv1.0__2026-05-18 08:48:43
D:/moth_photos/database\batch_20\img_moth_00038532.jpg,"[4000, 6000]",38.03921568627451,"['2025DCR\n04189\n', 'SanteeCoastalReserve\nCharlestonCoSC\nEFLoPresti\n14October2025\nLiveOakTrap\n', 'ale ear mites\nELoPresti2025\n']","['2025DCR\n04189\n', 'CR\nCCC\n142025\n', '2025\n']","['2025C\n04189\n', 'C\nCCC\nP\n142025\n', 'P2025\n']",modelv1.0__2026-05-18 08:48:43
D:/moth_photos/database\batch_20\img_moth_00038533.jpg,"[4000, 6000]",37.70588235294117,"['2025DCR\n04132\n', 'SanteeCoastalReserve\nCharlestonCoSC\nEFLoPresti\n3 23October2025\na QunensddallTrap\n']","['2025DCR\n04132\n', 'CR\n\nCCC\nC\n\n3 232025\n']","['2025C\n04132\n', 'C\n\nCCC\nCP\n\n3 232025\n']",modelv1.0__2026-05-18 08:48:43
D:/moth_photos/database\batch_20\img_moth_00038534.jpg,"[4000, 6000]",37.74509803921569,"['2025DCR\n04190\n', 'noearmites\nELoPresti2025\n', 'SanteeCoastalReserve\nCharlestonCoSC\nEFLoPresti\n14October2025\nLiveOakTrap\n']","['2025DCR\n04190\n', '2025\n', 'CR\nCCC\n142025\nC\n']","['2025C\n04190\n', 'P2025\n', 'C\nCCC\nP\n142025\nC\n']",modelv1.0__2026-05-18 08:48:43
D:/moth_photos/database\batch_20\img_moth_00038535.jpg,"[4000, 6000]",37.431372549019606,"['2025DCR\n04119\n', 'noearmites\nELoPresti2025\n', 'SanteeCoastalReserve\nedChariestonCoSC\non EFLoPresti\n\n22October2025\nS MeedewTrap\n']","['2025DCR\n04119\n', '2025\n', 'CR\nCCC\n222025\n']","['2025C\n04119\n', 'P2025\n', 'C\n\nCCC\n\nP\n222025\n']",modelv1.0__2026-05-18 08:48:43
D:/moth_photos/database\batch_20\img_moth_00038536.jpg,"[4000, 6000]",37.58823529411765,"['2025DCR\n04133\n', 'SanteeCoastalReserve\nwJCharlestonCoSC\nEFLoPresti\n23October2025\nCrmendalTrap\n\nFicnsy\n']","['2025DCR\n04133\n', 'CR\nCC0C\n232025\nC\n']","['2025C\n04133\n', 'C\nCC0C\nP\n232025\nC\n\nP\n']",modelv1.0__2026-05-18 08:48:43
D:/moth_photos/database\batch_20\img_moth_00038537.jpg,"[4000, 6000]",37.431372549019606,"['2025DCR\n04191\n', 'no ear mites\nELoPresti2025\n', 'SanteeCoastalReserve\nCharlestonCoSC\nEFLoPresti\n14Octeber2025\nLiveOakTrap\n']","['2025DCR\n04191\n', '2025\n', 'CR\nCCC\n142025\nC\n']","['2025C\n04191\n', 'P2025\n', 'C\nCCC\nP\n142025\nC\n']",modelv1.0__2026-05-18 08:48:43
D:/moth_photos/database\batch_20\img_moth_00038538.jpg,"[4000, 6000]",37.3921568627451,"['2025DCR\n04118\n', 'noear mites\nFoPresti2025\n', 'SanteeCoastalReserve\nefCharliestonCoSC\nSEFLoPresti\n\nye 22October2025\n\nRes VeerwmbevwyTrap\n']","['2025DCR\n04118\n', '2025\n', 'CR\nCCC\n222025\nR\n']","['2025C\n04118\n', 'P2025\n', 'C\n\nCCC\nP\n222025\n']",modelv1.0__2026-05-18 08:48:43
D:/moth_photos/database\batch_20\img_moth_00038539.jpg,"[4000, 6000]",37.607843137254896,"['2025DCR\n04134\n', 'SanteeCoastal Reserv\nCharlestonCoSC\nEFLoPresti\nw23October2025\n\nQQamendlallTrap\n']","['2025DCR\n04134\n', 'C R\nCCC\n232025\n']","['2025C\n04134\n', 'C\nCCC\nP\n232025\n']",modelv1.0__2026-05-18 08:48:43
D:/moth_photos/database\batch_20\img_moth_00038540.jpg,"[4000, 6000]",37.607843137254896,"['2025DCR\n04192\n', 'BetBSewwtFwawStOS\n\nnoearmites\nECLaADracti7NI2S\n\n', 'SanteeCoastalReserve\nCharlestonCoSC\nEFLoPresti\n14October2025\nLiveOakTrao\n']","['2025DCR\n04192\n', 'C\n\nCD7025\n\n', 'CR\nCCC\n142025\nC\n']","['2025C\n04192\n', 'CW\n\nCP7025\n\n', 'C\nCCC\nP\n142025\nC\n']",modelv1.0__2026-05-18 08:48:43
D:/moth_photos/database\batch_20\img_moth_00038541.jpg,"[4000, 6000]",38.01960784313725,"['2025DCR\n04135\n', 'santeeCoastalReserv\nCharlestonCoSC\nEFLoPresti\n15October2025\nGetemReadTran\n\nCACAO\n']","['2025DCR\n04135\n', 'CR\nCCC\n152025\nCR1\n\nCCRC\n']","['2025C\n04135\n', 'C\nCCC\nP\n152025\nCP1\n\nCCC\n']",modelv1.0__2026-05-18 08:48:43
D:/moth_photos/database\batch_20\img_moth_00038542.jpg,"[4000, 6000]",37.90196078431373,"['2025DCR\n04193\n', 'noearmites\nELoPresti2025\n', 'SanteeCoastalReserve\nCharlestonCoSC\nEFLoPresti\n14October2025\nLiveOakTrao\n']","['2025DCR\n04193\n', 'C2025\n', 'CR\nCCC\n142025\n']","['2025C\n04193\n', 'CP2025\n', 'C\nCCC\nP\n142025\n']",modelv1.0__2026-05-18 08:48:43
D:/moth_photos/database\batch_20\img_moth_00038543.jpg,"[4000, 6000]",37.607843137254896,"['2025DCR\n04136\n', 'SanteeCoastalReserve\nCharlestonCoSC\nEFLoPresti\n15October2025\nTrap\n\nCTRAIL\n']","['2025DCR\n04136\n', 'CR\nCCC\n1502025\n\nCR\n']","['2025C\n04136\n', 'C\nCCC\nP\n1502025\n\nC\n']",modelv1.0__2026-05-18 08:48:43
D:/moth_photos/database\batch_20\img_moth_00038544.jpg,"[4000, 6000]",37.84313725490196,"['2025DCR\n04194\n', 'noearmites\nFIlaDractiJNIC\n', 'SanteeCoastalReserve\nCharlestonCoSC\nEFL6Presti\n14October2025\nLiveOakTrap\n']","['2025DCR\n04194\n', 'DC\n', 'CR\nCCC\n6\n1402025\nC\n']","['2025C\n04194\n', 'C\n', 'C\nCCC\n6P\n1402025\nC\n']",modelv1.0__2026-05-18 08:48:43
D:/moth_photos/database\batch_20\img_moth_00038545.jpg,"[4000, 6000]",37.431372549019606,"['2025DCR\n04137\n', 'SanteeCoastalReserve\nCharlestonCoSC\nEFLoPresti\n45October2025\nGeterterdTrap\n\nCTRAVL\n']","['2025DCR\n04137\n', 'CR\nCCC\nR\n452025\nC2\n\nCR\n']","['2025C\n04137\n', 'C\nCCC\nP\n452025\nC2\n\nC\n']",modelv1.0__2026-05-18 08:48:43
D:/moth_photos/database\batch_20\img_moth_00038546.jpg,"[4000, 6000]",37.72549019607843,"['2025DCR\n04195\n', 'SanteeCoastalReserve\nCharlestonCoSC\nEFLoPresti\n14October2025\nLiveOakTrap\n']","['2025DCR\n04195\n', 'CR\nCCC\n1402025\n']","['2025C\n04195\n', 'C\nCCC\nP\n1402025\n']",modelv1.0__2026-05-18 08:48:43
D:/moth_photos/database\batch_20\img_moth_00038547.jpg,"[4000, 6000]",37.70588235294117,"['2025DCR\n04138\n', 'SanteeCoastalReserv\nCharlestonCoSC\nEFLoPresti\n\n15October2025\nutortresd Trap\nCTRAIL\n']","['2025DCR\n04138\n', 'CR\nCCC\n\n152025\nCR\n']","['2025C\n04138\n', 'C\nCCC\nP\n\n152025\nC\n']",modelv1.0__2026-05-18 08:48:43
D:/moth_photos/database\batch_20\img_moth_00038548.jpg,"[4000, 6000]",37.666666666666664,"['2025DCR\n04196\n', 'SanteeCoastalReserve\nCharlestqnCoSC\nEFLoPresti\n14October2025\nLiveOakTrap\n']","['2025DCR\n04196\n', 'CR\nCC0C\n142025\nC\n']","['2025C\n04196\n', 'C\nCC0C\nP\n142025\nC\n']",modelv1.0__2026-05-18 08:48:43
D:/moth_photos/database\batch_20\img_moth_00038549.jpg,"[4000, 6000]",37.666666666666664,"['2025DCR\n04139\n', 'SanteeCoastalReserve\nCharlestonCoSC\nEFLoPresti\n15October2025\nGatorReeeTrao\n\nCTR\n']","['2025DCR\n04139\n', 'CR\nCCC\n152025\nR\n\nCR\n']","['2025C\n04139\n', 'C\nCCC\nP\n152025\n\nC\n']",modelv1.0__2026-05-18 08:48:43
D:/moth_photos/database\batch_20\img_moth_00038550.jpg,"[4000, 6000]",37.70588235294117,"['2025DCR\n04197\n', 'SanteeCoastalReserve\nCharlestonCoSC\nyEFLoPresti\n14October2025\nSemebOakTrap\n']","['2025DCR\n04197\n', 'CR\nCCC\n14C2025\nC\n']","['2025C\n04197\n', 'C\nCCC\nP\n14C2025\nC\n']",modelv1.0__2026-05-18 08:48:43
D:/moth_photos/database\batch_20\img_moth_00038551.jpg,"[4000, 6000]",37.70588235294117,"['bothearmites\nEFL2024\n', '2025DCR\n04140\n', 'SanteeCoastalReserve\nCharlestonCoSC\nEFLoPresti\n11Aorit2025\nOrmondHallTrao\n']","['2024\n', '2025DCR\n04140\n', 'CR\nCCC\n112025\n']","['2024\n', '2025C\n04140\n', 'C\nCCC\nP\n112025\n']",modelv1.0__2026-05-18 08:48:43
D:/moth_photos/database\batch_20\img_moth_00038552.jpg,"[4000, 6000]",38.01960784313725,"['2025DCR\n04198\n', 'SanteeCoastalReserve\nCharlestonCoSC\nSEFLoPresti\nS14October2025\nJQevemOakTrap\n\n']","['2025DCR\n04198\n', 'CR\nCCC\n0\n14C2025\nC\n\n']","['2025C\n04198\n', 'C\nCCC\n0P\n14C2025\nC\n\n']",modelv1.0__2026-05-18 08:48:43
D:/moth_photos/database\batch_20\img_moth_00038553.jpg,"[4000, 6000]",37.62745098039216,"['2025DCR\n04141\n', 'SanteeCoastalReserve\nCharlestonCoSC\nEFLoPresti\n11April2025\nOrmondHallTrap\n']","['2025DCR\n04141\n', 'CR\nCCC\n112025\n']","['2025C\n04141\n', 'C\nCCC\nP\n112025\n']",modelv1.0__2026-05-18 08:48:43
D:/moth_photos/database\batch_20\img_moth_00038554.jpg,"[4000, 6000]",37.80392156862745,"['2025DCR\n04199\n', 'SanteeCoastalReserve\nCharlestonCoSC\nEFLoPresti\n14October2025\nliveOakTran\n']","['2025DCR\n04199\n', 'CR\nCCC\n1402025\n']","['2025C\n04199\n', 'C\nCCC\nP\n1402025\n']",modelv1.0__2026-05-18 08:48:43
D:/moth_photos/database\batch_20\img_moth_00038555.jpg,"[4000, 6000]",37.509803921568626,"['2025DCR\n04142\n', 'SanteeCoastalReserve\nCharlestonCoSC\nEFLoPresti\n41April2025\n\nOrmondHallTrap\n']","['2025DCR\n04142\n', 'CR\nCCC\n412025\n']","['2025C\n04142\n', 'C\nCCC\nP\n412025\n']",modelv1.0__2026-05-18 08:48:43
D:/moth_photos/database\batch_20\img_moth_00038556.jpg,"[4000, 6000]",37.42307692307692,"['2025DCR\n04200\n', 'SanteeCoastalReserve\nCharlestonCoSC\nEFLoPresti\n14October2025\nLiveOakTrap\n']","['2025DCR\n04200\n', 'CR\nCCC\nC\n142025\n']","['2025C\n04200\n', 'C\nCCC\nCP\n142025\n']",modelv1.0__2026-05-18 08:48:43
D:/moth_photos/database\batch_20\img_moth_00038557.jpg,"[4000, 6000]",37.52941176470588,"['2025DCR\n04143\n', 'anteeCoastalReserve\nCharlestonCoSC\nEFLoPresti\n4Mav2025\nOH2Trap\n']","['2025DCR\n04143\n', 'CR\nCCC\n42025\n2\n']","['2025C\n04143\n', 'C\nCCC\nP\n42025\n2\n']",modelv1.0__2026-05-18 08:48:43
D:/moth_photos/database\batch_20\img_moth_00038558.jpg,"[4000, 6000]",37.64705882352941,"['2025DCR\n04144\n', 'SanteeCoastalReserve\nCharlestonCoSC\nEFsLoPresti\n19Mav2025\nCTrail2Trap\n']","['2025DCR\n04144\n', 'CR\nCCC\n192025\nC2\n']","['2025C\n04144\n', 'C\nCCC\nP\n192025\nC2\n']",modelv1.0__2026-05-18 08:48:43
D:/moth_photos/database\batch_20\img_moth_00038559.jpg,"[4000, 6000]",37.84313725490196,"['2025DCR\n04145\n', 'SanteeCoastalReserve\nCharlestonCoSC\nEFLoPresti\n19Mav2025\nCTrail2Trap\n']","['2025DCR\n04145\n', 'CR\nCCC\n192025\nC2\n']","['2025C\n04145\n', 'C\nCCC\nP\n192025\nC2\n']",modelv1.0__2026-05-18 08:48:43
D:/moth_photos/database\batch_20\img_moth_00038560.jpg,"[4000, 6000]",37.90196078431373,"['2025DCR\n04146\n', 'SanteeCoastalReserve\nCharlestonCo SC\nEFLoPresti\n49Mav2025\nCTrail2Trao\n']","['2025DCR\n04146\n', 'CR\nCC C\n492025\nC2\n']","['2025C\n04146\n', 'CP\nCC C\nP\n492025\nC2\n']",modelv1.0__2026-05-18 08:48:43
D:/moth_photos/database\batch_20\img_moth_00038561.jpg,"[4000, 6000]",37.62745098039216,"['2025DCR\n04147\n', 'SanteeCoastalReserve\nCharlestonCoSC\nEFLoPresti\n19Mav2025\n\nCTrail2Trap\n']","['2025DCR\n04147\n', 'CR\nCCC\n192025\n\nC2\n']","['2025C\n04147\n', 'C\nCCC\nP\n192025\n\nC2\n']",modelv1.0__2026-05-18 08:48:43
D:/moth_photos/database\batch_20\img_moth_00038562.jpg,"[4000, 6000]",37.35294117647059,"['2025DCR\n04148\n', 'SanteeCoastalReserve\nCharlestonCoSC\nEFLoPresti\n1Mav2025\nOH2Trap\n']","['2025DCR\n04148\n', 'CR\nCCC\n12025\n2\n']","['2025C\n04148\n', 'C\nCCC\nP\n12025\n2\n']",modelv1.0__2026-05-18 08:48:43
D:/moth_photos/database\batch_20\img_moth_00038563.jpg,"[4000, 6000]",37.64705882352941,"['2025DCR\n04149\n', 'beCOUPTOMPTevey\n\nnoearmites\nCInDractiJNIDS\n', 'SanteeCoastal Reserve\nCharlestonCoSC\nEFLoPresti\n\n21November2025\nCAVEwmtTrap\n']","['2025DCR\n04149\n', 'CCR\n\nCDD\n', 'C R\nCCC\n\n212025\nC\n']","['2025C\n04149\n', 'CPCP\n\nC\n', 'C\nCCC\nP\n\n212025\nC\n']",modelv1.0__2026-05-18 08:48:43
D:/moth_photos/database\batch_20\img_moth_00038564.jpg,"[4000, 6000]",37.52941176470588,"['2025DCR\n04150\n', 'SanteeCoastal Reserve\nCharlestonCo SC\nEFLoPresti\n21November 2025\nBaitTrap\n', 'noearmites\nELoPresti2025\n']","['2025DCR\n04150\n', 'DC R\nCC C\n21 2025\n', 'C2025\n']","['2025C\n04150\n', 'C\nCC C\nP\n21 2025\n', 'CP2025\n']",modelv1.0__2026-05-18 08:48:43
D:/moth_photos/database\batch_20\img_moth_00038565.jpg,"[4000, 6000]",37.3921568627451,"['2025DCR\n04151\n', 'noearmites\nELoPresti2025\n', 'vanteeCoastalReserve\nCharlestonCoSC\nEFLoPresti\n21Nov6mber2025\nClufsayBeTrap\n']","['2025DCR\n04151\n', '2025\n', 'CR\nCCC\n2162025\n\nC\n']","['2025C\n04151\n', 'P2025\n', 'C\nCCC\nP\n2162025\n\nC\n']",modelv1.0__2026-05-18 08:48:43
D:/moth_photos/database\batch_20\img_moth_00038566.jpg,"[4000, 6000]",37.52941176470588,"['2025DCR\n04152\n', 'noearmites\nlaPracti2N275\n', 'Santee CoastalResery\nCharlestonCo SC\nFLoPresti\n21November 2025\nLiveOak Trap\n']","['2025DCR\n04152\n', 'R20275\n', 'CR\nCC0 C\nC\n21 2025\nC\n']","['2025C\n04152\n', 'P20275\n', 'C\nCC0 C\nCP\n21 2025\nC\n']",modelv1.0__2026-05-18 08:48:43
D:/moth_photos/database\batch_20\img_moth_00038567.jpg,"[4000, 6000]",37.666666666666664,"['2025DCR\n04153\n', 'noearmites\nELoPresti2025\n', 'SanteeCoastalReserve\nCharlestonCoSC\nEFLoPresti\n21November2025\nLiveOakTrap\n']","['2025DCR\n04153\n', '2025\n', 'CR\nCCC\n212025\n\nC\n']","['2025C\n04153\n', 'P2025\n', 'C\nCCC\nP\n212025\nC\n']",modelv1.0__2026-05-18 08:48:43
D:/moth_photos/database\batch_20\img_moth_00038568.jpg,"[4000, 6000]",37.90196078431373,"['2025DCR\n04154\n', 'noearmites\nELoPresti2025\n', 'SanteeCoastalReserve\nCharlestonCoSC\nEFLoPresti\n21November2025\nLiveOakTrap\n']","['2025DCR\n04154\n', '2025\n', 'CR\nCCC\n212025\n\n0\n']","['2025C\n04154\n', 'P2025\n', 'C\nCCC\nP\n212025\n0\n']",modelv1.0__2026-05-18 08:48:43
D:/moth_photos/database\batch_20\img_moth_00038569.jpg,"[4000, 6000]",37.490196078431374,"['2025DCR\n04155\n', 'noearmites\nELoPresti2025\n', 'SanteeCoastalReserve\nCharlestonCoSC\nEFLoPresti\n21November2025\nLiveOakTrao\n']","['2025DCR\n04155\n', '2025\n', 'CR\nCCC\n212025\n']","['2025C\n04155\n', 'P2025\n', 'C\nCCC\nP\n212025\n']",modelv1.0__2026-05-18 08:48:43
D:/moth_photos/database\batch_20\img_moth_00038570.jpg,"[4000, 6000]",37.607843137254896,"['2025DCR\n04156\n', 'noear mites\nELoPresti2025\n', 'SanteeCoastalReserve\nCharlestonCoSC\nEFLoPresti\na November 2025\neemTrao\n']","['2025DCR\n04156\n', '2025\n', 'CR\nCCC\nR\n2025\n']","['2025C\n04156\n', 'P2025\n', 'C\nCCC\nP\n2025\n']",modelv1.0__2026-05-18 08:48:43
D:/moth_photos/database\batch_20\img_moth_00038571.jpg,"[4000, 6000]",37.62745098039216,"['2025DCR\n04157\n', 'noearmites\nELoPresti2025\n', 'SanteeCoastalReserve\nCharlestonCoSC\nEFLoPresti\n21November2025\nLiveOakTrap\n']","['2025DCR\n04157\n', '2025\n', 'CR\nCCC\n212025\n\nC\n']","['2025C\n04157\n', 'P2025\n', 'CP\nCCC\nP\n212025\nC\n']",modelv1.0__2026-05-18 08:48:43
D:/moth_photos/database\batch_20\img_moth_00038572.jpg,"[4000, 6000]",37.666666666666664,"['2025DCR\n\n04158\n', 'noear mites\nELoPresti2025\n', 'SanteeCoastalReserve\nCharlestonCoSC\nEFLoPresti\n21November2025\nLiveOakTrap\n']","['2025DCR\n\n04158\n', '2025\n', 'CR\nCC0C\n212025\n']","['2025C\n\n04158\n', 'P2025\n', 'CP\nCC0C\nP\n212025\n']",modelv1.0__2026-05-18 08:48:43
D:/moth_photos/database\batch_20\img_moth_00038573.jpg,"[4000, 6000]",37.42307692307692,"['2025DCR\n04159\n', 'CLOFresti2Z025\nnoearmites\nELoPresti20956\n', 'SanteeCoastalReserve\nCharlestonCoSC\nEFLoPresti\n21November2025\nLiveOakTrap\n']","['2025DCR\n04159\n', 'CC2025\n20956\n', 'CR\nCCC\n212025\n']","['2025C\n04159\n', 'CC2025\nP20956\n', 'C\nCCC\nP\n212025\n']",modelv1.0__2026-05-18 08:48:43
D:/moth_photos/database\batch_20\img_moth_00038574.jpg,"[4000, 6000]",37.55769230769231,"['2025DCR\n04160\n', 'fanteeCoastalReserve\n\nCharlestonCoSC\nEFLoPresti\n\n21November2025\n\n4 Trap\n']","['2025DCR\n04160\n', 'CR\nCCC\nCR\n212025\n\n4\n']","['2025C\n04160\n', 'C\nCCC\nCP\n212025\n\n4\n']",modelv1.0__2026-05-18 08:48:43
D:/moth_photos/database\batch_20\img_moth_00038575.jpg,"[4000, 6000]",37.86274509803922,"['2025DCR\n04161\n', 'noearmites\n\nfmitMeendbsWAKRAF\n', 'SanteeCoastalReserve\nCharlestonCoSC\nEFLOPresti\n22November2025\nScrubOakTrap\n']","['2025DCR\n04161\n', 'RR\n', 'CR\nCCC\n222025\n']","['2025C\n04161\n', 'WW\n', 'C\nCCC\n\nP\n222025\n']",modelv1.0__2026-05-18 08:48:43
D:/moth_photos/database\batch_20\img_moth_00038576.jpg,"[4000, 6000]",37.607843137254896,"['2025DCR\n04162\n', 'LCVTTeou2VuveaT7\n\nnoearmites\nFloPrestiJ0275\n', 'SanteeCoastalReserve\nCharlestonCoSC\nEFLeoPresti\n22November2025\nScrubOakTrap\n']","['2025DCR\n04162\n', 'C27\n\n70275\n', 'CR\nCCC\n222025\n']","['2025PC\n04162\n', 'CP27\n\nP70275\n', 'C\nCCC\nP\n222025\n']",modelv1.0__2026-05-18 08:48:43
D:/moth_photos/database\batch_20\img_moth_00038577.jpg,"[4000, 6000]",37.86274509803922,"['2025DCR\n04163\n', 'SanteeCoastalReserve\nCharlestonCoSC\nEFLoPresti\n22November2025\nScrubOakTrap\n']","['2025DCR\n04163\n', 'CR\nCCC\n222025\n']","['2025C\n04163\n', 'CP\nCCC\nP\n222025\n']",modelv1.0__2026-05-18 08:48:43
D:/moth_photos/database\batch_20\img_moth_00038578.jpg,"[4000, 6000]",37.64705882352941,"['2025DCR\n04164\n', 'SanteeCoastalReserve\nCharlestonCoSC\nEFLoPresti\n22November2025\nScrubOakTrap\n']","['2025DCR\n04164\n', 'CR\nCCC\n222025\n\n0\n']","['2025C\n04164\n', 'C\nCCC\nP\n222025\n0\n']",modelv1.0__2026-05-18 08:48:43
D:/moth_photos/database\batch_20\img_moth_00038579.jpg,"[4000, 6000]",37.74509803921569,"['2025DCR\n04165\n', 'SanteeCoastalReserve\nCharlestonCoSC\nEFLoPresti\n22November2025\nScrubOakTrap\n']","['2025DCR\n04165\n', 'CR\nCCC\n222025\n']","['2025C\n04165\n', 'C\nCCC\nP\n222025\n']",modelv1.0__2026-05-18 08:48:43
D:/moth_photos/database\batch_20\img_moth_00038580.jpg,"[4000, 6000]",38.05882352941176,"['2025DCR\n04166\n', 'SanteeCoastalReserve\n\nCharlestonCoSC\nEFLoPresti\n22November2025\nScrubOakTrap\n']","['2025DCR\n04166\n', 'CR\n\nCCC\n222025\n']","['2025PC\n04166\n', 'C\n\nCCC\nP\n222025\n']",modelv1.0__2026-05-18 08:48:43
D:/moth_photos/database\batch_20\img_moth_00038581.jpg,"[4000, 6000]",37.36538461538461,"['2025DCR\n04167\n', 'noearmites\nELoPresti2025\n', 'SanteeCoastalReserve\nCharlestonCoSC\nEFLoPresti\n22Novemher2025\nScrubOakTrap\n']","['2025DCR\n04167\n', '2025\n', 'CR\nCCC\n222025\n']","['2025C\n04167\n', 'P2025\n', 'CP\nCCC\nP\n222025\n']",modelv1.0__2026-05-18 08:48:43
D:/moth_photos/database\batch_20\img_moth_00038582.jpg,"[4000, 6000]",37.38461538461538,"['2025DCR\n04168\n', 'noear mites\nELoPresti2025\n', 'SanteeCoastalReserve\nCharlestonCoSC\nEFLoPresti\n22November2025\nScrubOakTrap\n']","['2025DCR\n04168\n', 'C2025\n', 'CR\nCCC\n222025\n']","['2025C\n04168\n', 'CP2025\n', 'C\nCCC\nP\n222025\n']",modelv1.0__2026-05-18 08:48:43
D:/moth_photos/database\batch_20\img_moth_00038583.jpg,"[4000, 6000]",37.38461538461538,"['2025DCR\n04169\n', 'noear mites\nELoPresti2025\n', 'SanteeCoastalReserve\nCharlestonCoSC\nEFkoPresti\n22November2025\nScrubOakTrap\n']","['2025DCR\n04169\n', '2025\n', 'CR\nCCC\n222025\n']","['2025PC\n04169\n', 'P2025\n', 'C\nCCC\nP\n222025\n']",modelv1.0__2026-05-18 08:48:43
D:/moth_photos/database\batch_20\img_moth_00038584.jpg,"[4000, 6000]",37.98039215686274,"['2025DCR\n04170\n', 'noearmites\nELoPresti2025\n', 'SanteeCoastalReserve\nCharlestonCoSC\nEFLoPresti\n22November2025\nScrubOakTrap\n']","['2025DCR\n04170\n', '2025\n', 'CR\nCCC\nC\n222025\n']","['2025C\n04170\n', 'P2025\n', 'C\nCCC\nCP\n222025\n']",modelv1.0__2026-05-18 08:48:43
D:/moth_photos/database\batch_20\img_moth_00038585.jpg,"[4000, 6000]",37.46153846153846,"['2025DCR\n04171\n', 'SanteeCoastalReserve\nCharlestonCoSC\nEFLoPresti\n22November2025\nScrubOakTrap\n']","['2025DCR\n04171\n', 'CR\nCCC\n222025\n']","['2025C\n04171\n', 'C\nCCC\nP\n222025\n']",modelv1.0__2026-05-18 08:48:43
D:/moth_photos/database\batch_20\img_moth_00038586.jpg,"[4000, 6000]",37.98039215686274,"['2025DCR\n04172\n', 'oanteeCoastalReserve\nCharlestonCoSC\nEFLoPresti\n22November2025\nScrubOakTrap\n']","['2025DCR\n04172\n', 'CR\nCCC\n222025\n']","['2025C\n04172\n', 'C\nCCC\nP\n222025\n']",modelv1.0__2026-05-18 08:48:43
D:/moth_photos/database\batch_20\img_moth_00038587.jpg,"[4000, 6000]",37.96078431372548,"['2025DCR\n04173\n', 'SanteeCoastalReserve\nCharlestonCoSC\nEFLoPresti\n22November2025\nScrubOakTrap\n']","['2025DCR\n04173\n', 'CR\nCCC\nC\n222025\n']","['2025C\n04173\n', 'C\nCCC\nCP\n222025\n']",modelv1.0__2026-05-18 08:48:43
D:/moth_photos/database\batch_20\img_moth_00038588.jpg,"[4000, 6000]",37.568627450980394,"['2025DCR\n04206\n', 'noearmites\nELoPresti2025\n', 'SanteeCoastalReserve\nCharlestonCoSC\nEFLoPresti\n15October2025\nScrubOakTrap\n']","['2025DCR\n04206\n', '2025\n', 'CR\nCC0C\n152025\n']","['2025C\n04206\n', 'P2025\n', 'CP\nCC0C\nP\n152025\n']",modelv1.0__2026-05-18 08:48:43
D:/moth_photos/database\batch_20\img_moth_00038589.jpg,"[4000, 6000]",37.549019607843135,"['2025DCR\n04217\n', 'SanteeCoastalReserve\nCharlestonCoSC\nEFLoPresti\n14October2025\nBaitTrap\n']","['2025DCR\n04217\n', 'CR\nCCC\n1402025\nR\n']","['2025C\n04217\n', 'C\nCCC\nP\n1402025\n']",modelv1.0__2026-05-18 08:48:43
D:/moth_photos/database\batch_20\img_moth_00038590.jpg,"[4000, 6000]",37.72549019607843,"['2025DCR\n04238\n', 'noearmites\n\nELoPresti2025\n', 'SanteeCoastalReserve\nCharlestonCoSC\nEFLoPresti\n23October2025\nGatorRoadTrap\n']","['2025DCR\n04238\n', 'C2025\n', 'CR\nCCC\n0\n232025\nR\n']","['2025C\n04238\n', 'CP2025\n', 'C\nCCC\n0P\n232025\n']",modelv1.0__2026-05-18 08:48:43
D:/moth_photos/database\batch_20\img_moth_00038591.jpg,"[4000, 6000]",37.72549019607843,"['2025DCR\n04239\n', 'SanteeCoastalReserve\nCharlestonCoSC\nEFLoPresti\n24Auaust2025\nOrmondHallTrap\n']","['2025DCR\n04239\n', 'CR\nCCC\n242025\n']","['2025C\n04239\n', 'C\nCCC\nP\n242025\n']",modelv1.0__2026-05-18 08:48:43
D:/moth_photos/database\batch_20\img_moth_00038592.jpg,"[4000, 6000]",38.04,"['2025DCR\n04242\n', 'SanteeCoastalReserve\nCharlestonCoSC\nEFLoPresti\n24August2025\nOrmondHallTrao\n']","['2025DCR\n04242\n', 'CR\nCCC\n242025\n']","['2025C\n04242\n', 'C\nCCC\nP\n242025\n']",modelv1.0__2026-05-18 08:48:43
D:/moth_photos/database\batch_20\img_moth_00038593.jpg,"[4000, 6000]",37.568627450980394,"['2025DCR\n04256\n', 'noearmites\nELoPresti2025\n', 'SanteeCoastalReserve\nCharlestonCoSC\nEFLoPresti\n22October2025\nJamesCanebrake Trao\n']","['2025DCR\n04256\n', '2025\n', 'CR\nCC0C\n222025\nC 4\n']","['2025C\n04256\n', 'P2025\n', 'C\nCC0C\nP\n222025\nC 4\n']",modelv1.0__2026-05-18 08:48:43
D:/moth_photos/database\batch_20\img_moth_00038594.jpg,"[4000, 6000]",37.40384615384616,"['2025DCR\n04280\n', 'SanteeCoastalReserve\nChariestonCoSC\nEFLoPresti\n24Auaqust2025\n\nJamesCanebrakeTrap\n']","['2025DCR\n04280\n', 'CR\nCCC\n242025\n\nC\n']","['2025C\n04280\n', 'C\nCCC\nP\n242025\n\nC\n']",modelv1.0__2026-05-18 08:48:43
D:/moth_photos/database\batch_20\img_moth_00038595.jpg,"[4000, 6000]",37.76470588235294,"['2025DCR\n04207\n', 'noearmites\nELoPresti2025\n', 'SanteeCoastalReserve\nCharlestonCoSC\nEFLoPresti\n15October2025\nScrubOakTrap\n']","['2025DCR\n04207\n', 'C2025\n', 'CR\nCCC\n152025\n']","['2025C\n04207\n', 'CP2025\n', 'C\nCCC\nP\n152025\n']",modelv1.0__2026-05-18 08:48:43
D:/moth_photos/database\batch_20\img_moth_00038596.jpg,"[4000, 6000]",37.74509803921569,"['2025DCR\n04218\n', 'SanteeCoastalReserve\nCharlestenCoSC\nEFLoPresti\n14October2025\nBaitTrap\n']","['2025DCR\n04218\n', 'CR\nCCC\n1402025\n']","['2025C\n04218\n', 'C\nCCC\nP\n1402025\n']",modelv1.0__2026-05-18 08:48:43
D:/moth_photos/database\batch_20\img_moth_00038597.jpg,"[4000, 6000]",37.84313725490196,"['2025DCR\n04240\n', 'SanteeCoastalReserve\nCharlestonCoSC\nEFLoPresti\n24Auaust2025\nOrmondHallTrao\n', 'NOearmites\nELoPresti2025\n']","['2025DCR\n04240\n', 'CR\nCCC\n242025\n', '2025\n']","['2025C\n04240\n', 'C\nCCC\nP\n242025\n', 'P2025\n']",modelv1.0__2026-05-18 08:48:43
D:/moth_photos/database\batch_20\img_moth_00038598.jpg,"[4000, 6000]",37.98039215686274,"['2025DCR\n04241\n', 'SanteeCoastalReserve\nCharestonCoSC\nEFLoPresti\n24Auaust2025\nOrmondHallTrap\n']","['2025DCR\n04241\n', 'CR\nCCC\n242025\n']","['2025C\n04241\n', 'C\nCCC\nP\n242025\n']",modelv1.0__2026-05-18 08:48:43
D:/moth_photos/database\batch_20\img_moth_00038599.jpg,"[4000, 6000]",37.96078431372548,"['2025DCR\n04257\n', 'noearmites\nELoPresti2025\n', 'SanteeCoastalReserve\nCharlestonCoSC\nEFLoPrestj\n22October2025\nJamesCanebrakeTrap\n']","['2025DCR\n04257\n', '2025\n', 'CR\nCCC\n222025\nC\n']","['2025C\n04257\n', 'P2025\n', 'C\nCCC\nP\n222025\nC\n']",modelv1.0__2026-05-18 08:48:43
D:/moth_photos/database\batch_20\img_moth_00038600.jpg,"[4000, 6000]",37.76470588235294,"['2025DCR\n04281\n', 'SanteeCoastalReserve\nChariestonCoSC\nEFLoPresti\n24Auaust2025\nJamesCanebrakeTrap\n']","['2025DCR\n04281\n', 'CR\nCCC\n242025\nC\n']","['2025C\n04281\n', 'C\nCCC\nP\n242025\nC\n']",modelv1.0__2026-05-18 08:48:43
D:/moth_photos/database\batch_20\img_moth_00038601.jpg,"[4000, 6000]",37.5,"['2025DCR\n04300\n', 'SanteeCoastalReserve\nCharlestonCoSC\nEFtoPresti\n21November2025\nScrubOakTrap\n']","['2025DCR\n04300\n', 'CR\nCCC\n212025\n\nC\n']","['2025C\n04300\n', 'C\nCCC\nP\n212025\nC\n']",modelv1.0__2026-05-18 08:48:43
D:/moth_photos/database\batch_20\img_moth_00038602.jpg,"[4000, 6000]",37.96078431372548,"['2025DCR\n04208\n', 'NOearmites\nELoPresti2025\n', 'SanteeCoastalReserve\nCharlestonCoSC\nEFLoPresti\n15October2025\nScrubOakTrap\n']","['2025DCR\n04208\n', '2025\n', 'CR\nCCC\n152025\n']","['2025C\n04208\n', 'P2025\n', 'C\nCCC\nP\n152025\n']",modelv1.0__2026-05-18 08:48:43
D:/moth_photos/database\batch_20\img_moth_00038603.jpg,"[4000, 6000]",37.68627450980392,"['2025DCR\n04243\n', 'Santee CoastalReserve\nCharlestonCo SC\nEFLoPresti\n24Auaust 2025\nOrmondHallTrao\n']","['2025DCR\n04243\n', 'CR\nCC C\n24 2025\n']","['2025C\n04243\n', 'C\nCC C\nP\n24 2025\n']",modelv1.0__2026-05-18 08:48:43
D:/moth_photos/database\batch_20\img_moth_00038604.jpg,"[4000, 6000]",38.03921568627451,"['2025DCR\n04258\n', 'SanteeCoastalReserve\nCharestonCoSC\nEFLoPresti\n15October2025\nCvpressTrap\n']","['2025DCR\n04258\n', 'CR\nCCC\n152025\nC\n']","['2025C\n04258\n', 'C\nCCC\nP\n152025\nC\n']",modelv1.0__2026-05-18 08:48:43
D:/moth_photos/database\batch_20\img_moth_00038605.jpg,"[4000, 6000]",37.72549019607843,"['2025DCR\n04282\n', 'SanteeCoastalReserve\nCharlestonCoSC\nEFLoPresti\n24Auqust2025\nJamesCanebrakeTrap\n']","['2025DCR\n04282\n', 'CR\nCCC\n242025\nC\n']","['2025C\n04282\n', 'C\nCCC\nP\n242025\nC\n']",modelv1.0__2026-05-18 08:48:43
D:/moth_photos/database\batch_20\img_moth_00038606.jpg,"[4000, 6000]",37.90196078431373,"['2025DCR\n04301\n', 'SanteeCoastalReserve\nCharlestonCoSC\nEFLoPresti\n21November2025\nScrubOakTrap\n']","['2025DCR\n04301\n', 'CR\nCCC\n212025\n']","['2025C\n04301\n', 'C\nCCC\nP\n212025\n']",modelv1.0__2026-05-18 08:48:43
D:/moth_photos/database\batch_20\img_moth_00038607.jpg,"[4000, 6000]",37.74509803921569,"['2025DCR\n04209\n', 'noearmites\nELoPresti2025\n', 'SanteeCoastal Reserve\nCharlestonCoSC\nFFLoPresti\n45October2025\nScrubOakTrap\n']","['2025DCR\n04209\n', '2025\n', 'C R\nCCC\n452025\n']","['2025C\n04209\n', 'P2025\n', 'C\nCCC\nP\n452025\n']",modelv1.0__2026-05-18 08:48:43
D:/moth_photos/database\batch_20\img_moth_00038608.jpg,"[4000, 6000]",37.94117647058824,"['2025DCR\n04219\n', 'SanteeCoastalReserve\nCharlestonCoSC\nEFLoPresti\n14October2025\nBaitTrap\n']","['2025DCR\n04219\n', 'CR\nCCC\n1402025\nR\n']","['2025PC\n04219\n', 'C\nCCC\nP\n1402025\n']",modelv1.0__2026-05-18 08:48:43
D:/moth_photos/database\batch_20\img_moth_00038609.jpg,"[4000, 6000]",37.86274509803922,"['2025DCR\n04244\n', 'SanteeCoastalReserve\nCharlestonCoSC\nEFLoPresti\n24Auaust2025\nOrmondHallTrao\n', 'NOearmites\nELoPresti2025\n']","['2025DCR\n04244\n', 'CR\nCCC\n242025\n', '2025\n']","['2025C\n04244\n', 'C\nCCC\nP\n242025\n', 'P2025\n']",modelv1.0__2026-05-18 08:48:43
D:/moth_photos/database\batch_20\img_moth_00038610.jpg,"[4000, 6000]",37.68627450980392,"['2025DCR\n04259\n\n', 'noearmites\nELoPresti2025\n', 'SanteeCoastal Reserve\nCharlestonCoSC\nEFLoPresti\n15October2025\nCvpressTrap\n']","['2025DCR\n04259\n\n', '2025\n', 'C R\nCC0C\n152025\nC\n']","['2025C\n04259\n\n', 'P2025\n', 'C\nCC0C\nP\n152025\nC\n']",modelv1.0__2026-05-18 08:48:43
D:/moth_photos/database\batch_20\img_moth_00038611.jpg,"[4000, 6000]",37.90196078431373,"['2025DCR\n04283\n', 'SanteeCoastalReserve\nCharlestonCoSC\nEFLOoPresti\n24Auaust2025\nJamesCanebrakeTrap\n']","['2025DCR\n04283\n', 'CR\nCCC\n242025\nC\n']","['2025C\n04283\n', 'C\nCCC\nP\n242025\nC\n']",modelv1.0__2026-05-18 08:48:43
D:/moth_photos/database\batch_20\img_moth_00038612.jpg,"[4000, 6000]",37.82352941176471,"['2025DCR\n04302\n', 'SanteeCoastalReserve\nCharlestonCoSC\nEFLoPresti\n21November2025\nScrubOakTran\n']","['2025DCR\n04302\n', 'CR\nCCC\n212025\n']","['2025C\n04302\n', 'C\nCCC\nP\n212025\n']",modelv1.0__2026-05-18 08:48:43
D:/moth_photos/database\batch_20\img_moth_00038613.jpg,"[4000, 6000]",37.549019607843135,"['2025DCR\n04210\n', 'noearmites\nELoPresti2025\n', 'SanteeCoastalReserve\nCharlestonCoSC\nEFLoPresti\n15October2025\nScrubOakTrap\n']","['2025DCR\n04210\n', '2025\n', 'CR\nCCC\n152025\n']","['2025C\n04210\n', 'P2025\n', 'C\nCCC\nP\n152025\n']",modelv1.0__2026-05-18 08:48:43
D:/moth_photos/database\batch_20\img_moth_00038614.jpg,"[4000, 6000]",37.52941176470588,"['2025DCR\n04220\n', 'SanteeCoastalReserve\nChariestonCoSC\nEFLoPresti\n14October2025\nBaitTrap\n']","['2025DCR\n04220\n', 'CR\nCCC\n1402025\nR\n']","['2025C\n04220\n', 'C\nCCC\nP\n1402025\n']",modelv1.0__2026-05-18 08:48:43
D:/moth_photos/database\batch_20\img_moth_00038615.jpg,"[4000, 6000]",37.92156862745098,"['2025DCR\n04245\n', 'noearmites\nELoPresti2025\n', 'SanteeCoastalReserve\nCharlestonCoSC\nEFLoPresti\n24Auaust2025\nOrmondHallTrap\n']","['2025DCR\n04245\n', '2025\n', 'CR\nCCC\n242025\n']","['2025C\n04245\n', 'P2025\n', 'C\nCCC\nP\n242025\n']",modelv1.0__2026-05-18 08:48:43
D:/moth_photos/database\batch_20\img_moth_00038616.jpg,"[4000, 6000]",37.82352941176471,"['2025DCR\n04260\n', 'SEOosrtiiSSCOCOS\n\nSanteeCoastalReserve\nCharlestonCoSC\nEFLoPresti\n45Octeber2025\nCvpressTrap\n']","['2025DCR\n04260\n', 'CC\n\nCR\nCCC\n4502025\nC\n']","['2025C\n04260\n', 'CC\n\nC\nCCC\nP\n4502025\nC\n']",modelv1.0__2026-05-18 08:48:43
D:/moth_photos/database\batch_20\img_moth_00038617.jpg,"[4000, 6000]",37.74509803921569,"['2025DCR\n04284\n', 'noearmites\nE LoPresti 2025\n', 'SanteeCoastalReserve\nCharlestonCoSC\nEFLoPresti\n24Auaust2025\nJamesCanebrakeTrap\n']","['2025DCR\n04284\n', '2025\n', 'CR\nCCC\n242025\nC\n']","['2025C\n04284\n', 'P 2025\n', 'C\nCCC\nP\n242025\nC\n']",modelv1.0__2026-05-18 08:48:43
D:/moth_photos/database\batch_20\img_moth_00038618.jpg,"[4000, 6000]",37.74509803921569,"['2025DCR\n04303\n', 'SanteeCoastal Reserve\nCharlestonCo SC\nEFLoPresti\n21November 2025\nScrubOakTrap\n']","['2025DCR\n04303\n', 'C R\nCC C\n21 2025\n\n0\n']","['2025C\n04303\n', 'C\nCC C\nP\n21 2025\n0P\n']",modelv1.0__2026-05-18 08:48:43
D:/moth_photos/database\batch_20\img_moth_00038619.jpg,"[4000, 6000]",37.68627450980392,"['2025DCR\n04211\n', 'noearmites\nFLoPresti2075\n', 'SanteeCoastalReserve\nCharlestonCoSC\nEFLoPresti\n15October2025\nGatorRoadTrap\n']","['2025DCR\n04211\n', '2075\n', 'CR\nCCC\n152025\n\nR\n']","['2025C\n04211\n', 'P2075\n', 'C\nCCC\nP\n152025\n']",modelv1.0__2026-05-18 08:48:43
D:/moth_photos/database\batch_20\img_moth_00038620.jpg,"[4000, 6000]",38.03921568627451,"['2025DCR\n04221\n', 'SanteeCoastalReserve\nChariestonCoSC\nEFLoPresti\n14October2025\nBaitTrao\n']","['2025DCR\n04221\n', 'CR\nCCC\n1402025\n']","['2025C\n04221\n', 'C\nCCC\nP\n1402025\n']",modelv1.0__2026-05-18 08:48:43
D:/moth_photos/database\batch_20\img_moth_00038621.jpg,"[4000, 6000]",37.92156862745098,"['2025DCR\n04246\n', 'SanteeCoastalReserve\nCharlestonCoSC\nEFLoPresti\n24Auaust2025\nOrmondHallTrao\n']","['2025DCR\n04246\n', 'CR\nCCC\n242025\n']","['2025C\n04246\n', 'C\nCCC\nP\n242025\n']",modelv1.0__2026-05-18 08:48:43
D:/moth_photos/database\batch_20\img_moth_00038622.jpg,"[4000, 6000]",37.90196078431373,"['2025DCR\n04261\n', 'noearmites\nELoPresti2025\n', 'SanteeCoastalReserve\nCharlestonCoSC\nEFLoPresti\n22October2025\nLiveOakTrap\n']","['2025DCR\n04261\n', '2025\n', 'CR\nCCC\n222025\n']","['2025C\n04261\n', 'P2025\n', 'C\nCCC\nP\n222025\n']",modelv1.0__2026-05-18 08:48:43
D:/moth_photos/database\batch_20\img_moth_00038623.jpg,"[4000, 6000]",37.82352941176471,"['2025DCR\n04285\n', 'SanteeCoastalReserve\nCharestonCoSC\nEFLoPresti\n24Auaust2025\nJamesCanebrakeTrap\n']","['2025DCR\n04285\n', 'CR\nCCC\n242025\nC\n']","['2025C\n04285\n', 'C\nCCC\nP\n242025\nC\n']",modelv1.0__2026-05-18 08:48:43
D:/moth_photos/database\batch_20\img_moth_00038624.jpg,"[4000, 6000]",37.568627450980394,"['2025DCR\n04304\n', 'noearmites\nELoPresti70\n', 'SanteeCoastalReserve\nCharnestonCoSC\nEFLoPresti\n21November2025\nScrubOakTrap\n']","['2025DCR\n04304\n', 'C70\n', 'CR\nCCC\n212025\n']","['2025C\n04304\n', 'CP70\n', 'C\nCCC\nP\n212025\n']",modelv1.0__2026-05-18 08:48:43
D:/moth_photos/database\batch_20\img_moth_00038625.jpg,"[4000, 6000]",37.68627450980392,"['2025DCR\n04212\n', 'SanteeCoastalReserve\nCharlestonCoSC\nEFLoPresti\n15October2025\nGatorRoadTrap\n']","['2025DCR\n04212\n', 'CR\n\nCCC\n152025\nR\n']","['2025PC\n04212\n', 'C\nCCC\nP\n152025\n']",modelv1.0__2026-05-18 08:48:43
D:/moth_photos/database\batch_20\img_moth_00038626.jpg,"[4000, 6000]",37.509803921568626,"['2025DCR\n04222\n', 'SanteeCoastalReserve\nCharlestonCoSC\nEFLoPresti\n44Octobef2025\nBaitTraod\n']","['2025DCR\n04222\n', 'CR\nCC0C\n4402025\nR\n']","['2025C\n04222\n', 'C\nCC0C\nP\n4402025\n']",modelv1.0__2026-05-18 08:48:43
D:/moth_photos/database\batch_20\img_moth_00038627.jpg,"[4000, 6000]",37.90196078431373,"['2025DCR\n04247\n', 'SanteeCoastalReserve\nCharlestonCoSC\nEFLoPresti\n24Auaust2025\nOrmondHallTrap\n']","['2025DCR\n04247\n', 'CR\nCCC\nR\n242025\n']","['2025C\n04247\n', 'CP\nCCC\nP\n242025\n']",modelv1.0__2026-05-18 08:48:43
D:/moth_photos/database\batch_20\img_moth_00038628.jpg,"[4000, 6000]",37.88235294117647,"['2025DCR\n04262\n', 'noearmites\nELoPresti2025\n', 'SanteeCoastalReserve\nCharlestonCoSC\nEFLoPresti\n22Octobr2025\nLiveOakTrap\n']","['2025DCR\n04262\n', '2025\n', 'CR\nCCC\n22C2025\n']","['2025C\n04262\n', 'P2025\n', 'C\nCCC\nP\n22C2025\n']",modelv1.0__2026-05-18 08:48:43
D:/moth_photos/database\batch_20\img_moth_00038629.jpg,"[4000, 6000]",37.80392156862745,"['2025DCR\n04286\n', 'SanteeCoastalReserve\nCharlestonCoSC\nEFLoPresti\n24Auqust2025\nJamesCanebrakeTrap\n']","['2025DCR\n04286\n', 'CR\nCCC\n242025\nC\n']","['2025C\n04286\n', 'C\nCCC\nP\n242025\nC\n']",modelv1.0__2026-05-18 08:48:43
D:/moth_photos/database\batch_20\img_moth_00038630.jpg,"[4000, 6000]",37.68627450980392,"['2025DCR\n04305\n', 'noearmites\nELoPresti2025\n', 'SanteeCoastal Reserve\nCharlestonCoSC\nEFLoPresti\n21November2025\nScrubOakTrap\n\n']","['2025DCR\n04305\n', '2025\n', 'C R\nCC0C\n212025\n\n']","['2025C\n04305\n', 'P2025\n', 'C\nCC0C\nPP\n212025\n\n']",modelv1.0__2026-05-18 08:48:43
D:/moth_photos/database\batch_20\img_moth_00038631.jpg,"[4000, 6000]",37.80392156862745,"['2025DCR\n04223\n', 'SanteeCoastalReserve\nCharlestonCoSC\nEFLoPresti\n14October2025\nBaitTrap\n']","['2025DCR\n04223\n', 'CR\nCCC\n142025\n']","['2025C\n04223\n', 'C\nCCC\nP\n142025\n']",modelv1.0__2026-05-18 08:48:43
D:/moth_photos/database\batch_20\img_moth_00038632.jpg,"[4000, 6000]",37.84313725490196,"['2025DCR\n04248\n', 'SanteeCoastalReserve\nCharlestonCoSC\nEFLoPresti\n24Auaust2025\nOrmondHallTrap\n']","['2025DCR\n04248\n', 'CR\nCCC\n242025\n']","['2025C\n04248\n', 'C\nCCC\nP\n242025\n']",modelv1.0__2026-05-18 08:48:43
D:/moth_photos/database\batch_20\img_moth_00038633.jpg,"[4000, 6000]",38.03921568627451,"['Et\n\n2025DCR\n04263\n', 'VFTOsStiZUZO\nnoearmites\n\nfxmef\n\n', 'SanteeCoastalReserve\nCharlestonCoSC\nEFLoPresti\n22October2025\nLiveOakTrap\n']","['2025DCR\n04263\n', 'C2\n\n', 'CR\nCCC\nR\n222025\nC\n']","['2025C\n04263\n', 'C2\n\n', 'C\nCCC\nP\n222025\nC\n']",modelv1.0__2026-05-18 08:48:43
D:/moth_photos/database\batch_20\img_moth_00038634.jpg,"[4000, 6000]",37.70588235294117,"['2025DCR\n04287\n', 'SanteeCoastalReserve\nCharlestonCoSC\nEFLoPresti\n24Auaust2025\nJamesCanebrakeTrap\n']","['2025DCR\n04287\n', 'CR\nCCC\nR\n242025\nC\n']","['2025C\n04287\n', 'C\nCCC\nP\n242025\nC\n']",modelv1.0__2026-05-18 08:48:43
D:/moth_photos/database\batch_20\img_moth_00038635.jpg,"[4000, 6000]",37.68627450980392,"['2025DCR\n04306\n', 'noearmites\nELoPrestj2025\n', 'SanteeCoastalReserve\nCharlestonCoSC\nEFLoPresti\n21November2025\nScrubOakTrap\n']","['2025DCR\n04306\n', 'C2025\n', 'CR\nCCC\n212025\n']","['2025C\n04306\n', 'CP2025\n', 'C\nCCC\nP\n212025\n']",modelv1.0__2026-05-18 08:48:43
D:/moth_photos/database\batch_20\img_moth_00038636.jpg,"[4000, 6000]",37.52941176470588,"['2025DCR\n04224\n', 'SanteeCoastalReserve\nCharliestonCoSC\nEFLoPresti\n14October2025\nBaitTrap\n']","['2025DCR\n04224\n', 'CR\nCCC\n142025\n']","['2025C\n04224\n', 'C\nCCC\nP\n142025\n']",modelv1.0__2026-05-18 08:48:43
D:/moth_photos/database\batch_20\img_moth_00038637.jpg,"[4000, 6000]",37.82352941176471,"['2025DCR\n04249\n', 'SanteeCoastalReserve\nCharlestonCoSC\nEFLoPresti\n24Auaust2025\nJamesCanebrakeTrap\n']","['2025DCR\n04249\n', 'CR\nCCC\n242025\nC\n']","['2025C\n04249\n', 'C\nCCC\nP\n242025\nC\n']",modelv1.0__2026-05-18 08:48:43
D:/moth_photos/database\batch_20\img_moth_00038638.jpg,"[4000, 6000]",37.80392156862745,"['2025DCR\n04264\n', 'noearmites\nELoPresti2025\n', 'SanteeCoastalReserve\nCharlestonCoSC\nEFLoPresti\n22October2025\nLiveOakTrapo\n']","['2025DCR\n04264\n', '2025\n', 'CR\nCCC\n22C2025\n']","['2025PC\n04264\n', 'P2025\n', 'C\nCCC\nP\n22C2025\n']",modelv1.0__2026-05-18 08:48:43
D:/moth_photos/database\batch_20\img_moth_00038639.jpg,"[4000, 6000]",37.68627450980392,"['2025DCR\n04288\n', 'noearcmites\nELoPresti2N75\n', 'SanteeCoastalReserve\nCharlestonCoSC\nEFLoPresti\n21November2025\nMarshTrap\n']","['2025DCR\n04288\n', '2075\n', 'CR\nCCC\n212025\n']","['2025C\n04288\n', 'P2075\n', 'C\nCCC\nP\n212025\n']",modelv1.0__2026-05-18 08:48:43
D:/moth_photos/database\batch_20\img_moth_00038640.jpg,"[4000, 6000]",37.607843137254896,"['2025DCR\n04307\n', 'SanteeCoastalReserve\nCharlestonCoSC\nEFLoPresti\n21November2025\nScrubOakTrao\n', 'el2ee9peeee\n\nnoearmites\n']","['2025DCR\n04307\n', 'CR\nCCC\n212025\n', '29\n']","['2025C\n04307\n', 'C\nCCC\nP\n212025\n', '29\n']",modelv1.0__2026-05-18 08:48:43
D:/moth_photos/database\batch_20\img_moth_00038641.jpg,"[4000, 6000]",37.7843137254902,"['2025DCR\n04215\n', 'SanteeCoastalReserve\nCharlestonCoSC\nEFkoPresti\n15October2025\nGatorRoadTrap\n']","['2025DCR\n04215\n', 'CR\nCCC\n0\n152025\nR\n']","['2025C\n04215\n', 'C\nCCC\n0P\n152025\n']",modelv1.0__2026-05-18 08:48:43
D:/moth_photos/database\batch_20\img_moth_00038642.jpg,"[4000, 6000]",37.59615384615385,"['2025DCR\n04225\n', 'SanteeCoastalReserve\nCharlestonCoSC\nEFLoPresti\n14October2025\nBaitTrap\n']","['2025DCR\n04225\n', 'CR\nCCC\n1402025\nR\n']","['2025C\n04225\n', 'C\nCCC\nP\n1402025\n']",modelv1.0__2026-05-18 08:48:43
D:/moth_photos/database\batch_20\img_moth_00038643.jpg,"[4000, 6000]",37.84313725490196,"['oOo\n\n2025DCR\n04250\n', 'SanteeCoastalReserve\nCharlestonCoSC\nEFLoPresti\n24Auaust2025\nJamesCanebrakeTrap\n']","['2025DCR\n04250\n', 'CR\nCCC\n242025\nC\n']","['2025C\n04250\n', 'C\nCCC\nP\n242025\nC\n']",modelv1.0__2026-05-18 08:48:43
D:/moth_photos/database\batch_20\img_moth_00038644.jpg,"[4000, 6000]",37.90196078431373,"['2025DCR\n04265\n', 'noearmites\nELoPresti2025\n', 'SanteeCoastalReserve\nCharlestonCoSC\nEFLoPresti\n22October2025\nLiveOakTrap\n']","['2025DCR\n04265\n', '2025\n', 'CR\nCCC\n222025\n']","['2025C\n04265\n', 'P2025\n', 'C\nCCC\nP\n222025\n']",modelv1.0__2026-05-18 08:48:43
D:/moth_photos/database\batch_20\img_moth_00038645.jpg,"[4000, 6000]",37.68627450980392,"['2025DCR\n04289\n', 'earmites\nELoPresti2025\n\ne\nmmeewewsaenidtoe\n', 'SanteeCoastalReserve\nCharlestonCoSC\nEFLoPresti\n21November2025\nMarshTrap\n']","['2025DCR\n04289\n', '2025\n', 'CR\nCCC\n212025\n']","['2025C\n04289\n', 'P2025\n', 'C\nCCC\nP\n212025\n']",modelv1.0__2026-05-18 08:48:43
D:/moth_photos/database\batch_20\img_moth_00038646.jpg,"[4000, 6000]",37.76470588235294,"['2025DCR\n04308\n', 'noearmites\nELoPresti2025\n', 'SanteeCoastalReserve\nCharlestonCoSC\nEFLoPresti\n21November2025\nScrubOakTrap\n']","['2025DCR\n04308\n', 'C2025\n', 'CR\nCCC\n212025\n']","['2025C\n04308\n', 'CP2025\n', 'C\nCCC\nP\n212025\n']",modelv1.0__2026-05-18 08:48:43
D:/moth_photos/database\batch_20\img_moth_00038647.jpg,"[4000, 6000]",37.549019607843135,"['2025DCR\n04214\n', 'SanteeCoastalReserve\nCharlestonCoSC\nEFLoPresti\n15October2025\nGatorRoadTrap\n']","['2025DCR\n04214\n', 'CR\nCCC\n152025\nR\n']","['2025C\n04214\n', 'C\nCCC\nP\n152025\n']",modelv1.0__2026-05-18 08:48:43
D:/moth_photos/database\batch_20\img_moth_00038648.jpg,"[4000, 6000]",37.92156862745098,"['2025DCR\n\n04226\n', 'oOO\n\nSanteeCoastalReserve\nCharlestoniCoSC\nEFLoPresti\n14October2025\nBaitTrap\n']","['2025DCR\n\n04226\n', 'CR\nCC0C\n1402025\nR\n']","['2025C\n\n04226\n', 'C\nCC0C\nP\n1402025\n']",modelv1.0__2026-05-18 08:48:43
D:/moth_photos/database\batch_20\img_moth_00038649.jpg,"[4000, 6000]",37.84313725490196,"['oo\n\n2025DCR\n04251\n', 'SanteeCoastalReserve\nCharlestonCoSC\nEFLoPresti\n22October2025\nJamesCanebrakeTrap\n']","['2025DCR\n04251\n', 'CR\nCCC\n222025\nC\n']","['2025C\n04251\n', 'C\nCCC\nP\n222025\nC\n']",modelv1.0__2026-05-18 08:48:43
D:/moth_photos/database\batch_20\img_moth_00038650.jpg,"[4000, 6000]",37.82352941176471,"['2025DCR\n04266\n', 'noearmites\nELoPresti2025\n', 'SanteeCoastalReserve\nCharlestonCoSC\nEFLoPresti\n22October2025\nLiveOakTrap\n']","['2025DCR\n04266\n', '2025\n', 'CR\nCC0C\n2202025\nC\n']","['2025PC\n04266\n', 'P2025\n', 'C\nCC0C\nP\n2202025\nC\n']",modelv1.0__2026-05-18 08:48:43
D:/moth_photos/database\batch_20\img_moth_00038651.jpg,"[4000, 6000]",37.80392156862745,"['2025DCR\n04290\n', 'SanteeCoastalReserve\nCharlestonCoSC\nEFLePresti\n21November2025\nJamesCanebrakeTrap\n']","['2025DCR\n04290\n', 'CR\nCCC\n212025\n\nC\n']","['2025C\n04290\n', 'C\nCCC\nP\n212025\nC\n']",modelv1.0__2026-05-18 08:48:43
D:/moth_photos/database\batch_20\img_moth_00038652.jpg,"[4000, 6000]",37.7843137254902,"['2025DCR\n04309\n', 'SanteeCoastalReserve\nCharlestonCoSC\nEFLoPresti\n21November2025\nScrubOakTrap\n', 'iSeESeSs SSE\n\nnoearrhites\n\nCtnDractiJNIC\n']","['2025DCR\n04309\n', 'CR\nCCC\n212025\n', 'CDC\n']","['2025C\n04309\n', 'C\nCCC\nP\n212025\n', 'CC\n']",modelv1.0__2026-05-18 08:48:43
D:/moth_photos/database\batch_20\img_moth_00038653.jpg,"[4000, 6000]",37.88235294117647,"['2025DCR\n04213\n', 'SanteeCoastalReserve\nCharlestonCoSC\nEFLoPresti\n15October2025\nGatorRoadTrap\n']","['2025DCR\n04213\n', 'CR\nCCC\n152025\nR\n']","['2025C\n04213\n', 'C\nCCC\nP\n152025\n']",modelv1.0__2026-05-18 08:48:43
D:/moth_photos/database\batch_20\img_moth_00038654.jpg,"[4000, 6000]",37.76470588235294,"['2025DCR\n04227\n', 'SanteeCoastalReserve\nCharlestonCoSC\nEFLoPresti\n14 October 2025\nBaitTrap\n']","['2025DCR\n04227\n', 'CR\nCCC\n0\n14 2025\nR\n']","['2025C\n04227\n', 'C\nCCC\n0P\n14 2025\n']",modelv1.0__2026-05-18 08:48:43
D:/moth_photos/database\batch_20\img_moth_00038655.jpg,"[4000, 6000]",37.80392156862745,"['2025DCR\n04252\n', 'noearmites\nELoPresti2025\n', 'SanteeCoastalReserve\nCharlestonCoSC\nEFLoPresti\n22October2025\nJamesCanebrakeTrap\n']","['2025DCR\n04252\n', 'C2025\n', 'CR\nCCC\n222025\nC\n']","['2025C\n04252\n', 'CP2025\n', 'C\nCCC\nP\n222025\nC\n']",modelv1.0__2026-05-18 08:48:43
D:/moth_photos/database\batch_20\img_moth_00038656.jpg,"[4000, 6000]",37.7843137254902,"['2025DCR\n04267\n', 'SanteeCoastalReserve\nCharlestonCoSC\nEFLoPresti\n22October2025\nliveOakTran\n']","['2025DCR\n04267\n', 'CR\nCCC\n222025\n']","['2025C\n04267\n', 'C\nCCC\nP\n222025\n']",modelv1.0__2026-05-18 08:48:43
D:/moth_photos/database\batch_20\img_moth_00038657.jpg,"[4000, 6000]",38.0,"['2025DCR\n04291\n', 'SanteeCoastalReserve\nCharlestonCoSC\nEFtoPresti\n21November2025\nMeadowTrap\n']","['2025DCR\n04291\n', 'CR\nCCC\n0\n212025\n']","['2025C\n04291\n', 'C\nCCC\n0P\n212025\n']",modelv1.0__2026-05-18 08:48:43
D:/moth_photos/database\batch_20\img_moth_00038658.jpg,"[4000, 6000]",37.64705882352941,"['2025DCR\n04310\n', 'SanteeCoastalReserve\nCharlestonCoSC\nEFLoPresti\n21November2025\nScrubOakTrap\n', 'CCOPTESU2ZUZ5\nnoearmites\nELoPresti2025\n']","['2025DCR\n04310\n', 'CR\nCCC\n212025\n', 'CC205\n2025\n']","['2025C\n04310\n', 'CP\nCCC\nP\n212025\n', 'CCP205\nP2025\n']",modelv1.0__2026-05-18 08:48:43
D:/moth_photos/database\batch_20\img_moth_00038659.jpg,"[4000, 6000]",37.80392156862745,"['2025DCR\n04216\n', 'SanteeCoastalReserve\nCharlestonCoSC\nEFLoPresti\n15October2025\nGatorRoadTrap\n']","['2025DCR\n04216\n', 'CR\nCCC\nR\n152025\nR\n']","['2025C\n04216\n', 'C\nCCC\nP\n152025\n']",modelv1.0__2026-05-18 08:48:43
D:/moth_photos/database\batch_20\img_moth_00038660.jpg,"[4000, 6000]",37.72549019607843,"['2025DCR\n04228\n', 'SanteeCoastalReserve\nChariestonCoSC\nEFLoPresti\n14October2025\nBaitTrap\n']","['2025DCR\n04228\n', 'CR\nCCC\n142025\nR\n']","['2025C\n04228\n', 'C\nCCC\nP\n142025\n']",modelv1.0__2026-05-18 08:48:43
D:/moth_photos/database\batch_20\img_moth_00038661.jpg,"[4000, 6000]",37.90196078431373,"['2025DCR\n04253\n', 'noearmites\nELoPresti2025\n', 'SanteeCoastalReserve\nCharlestonCoSC\nEFLoPresti\n22October2025\nJamesCanebrakeTrao\n']","['2025DCR\n04253\n', 'C2025\n', 'CR\nCCC\n222025\nC\n']","['2025PC\n04253\n', 'CP2025\n', 'CP\nCCC\nP\n222025\nC\n']",modelv1.0__2026-05-18 08:48:43
D:/moth_photos/database\batch_20\img_moth_00038662.jpg,"[4000, 6000]",38.01960784313725,"['2025DCR\n04268\n', 'SanteeCoastalReserve\nCharlestonCoSC\nEFLoPresti\n15October2025\nSandPitTrap\n']","['2025DCR\n04268\n', 'CR\nCCC\nR\n1502025\n']","['2025C\n04268\n', 'C\nCCC\nP\n1502025\nP\n']",modelv1.0__2026-05-18 08:48:43
D:/moth_photos/database\batch_20\img_moth_00038663.jpg,"[4000, 6000]",37.96078431372548,"['2025DCR\n04292\n', 'SanteeCoastalReserve\nCharlestonCoSC\nEFoPresti\n21November2025\nMeadowTrap\n']","['2025DCR\n04292\n', 'CR\nCC0C\nR\n212025\n']","['2025C\n04292\n', 'C\nCC0C\nP\n212025\n']",modelv1.0__2026-05-18 08:48:43
D:/moth_photos/database\batch_20\img_moth_00038664.jpg,"[4000, 6000]",37.549019607843135,"['bothearmites\n\nEFL2024\n', '2025DCR\n04311\n', 'SanteeCoastalReserve\nCharlestonCoSC\nEFLoPresti\n22November2025\nOrmondHallTrap\n']","['2024\n', '2025DCR\n04311\n', 'CR\nCCC\n222025\n']","['2024\n', '2025C\n04311\n', 'C\nCCC\nP\n222025\n']",modelv1.0__2026-05-18 08:48:43
D:/moth_photos/database\batch_20\img_moth_00038665.jpg,"[4000, 6000]",38.0,"['2025DCR\n04229\n', 'SanteeCoastalReserve\nCharlestonCoSC\nEFLoPresti\n14October2025\nBaitTrap\n']","['2025DCR\n04229\n', 'CR\nCCC\n142025\n']","['2025C\n04229\n', 'C\nCCC\nP\n142025\n']",modelv1.0__2026-05-18 08:48:43
D:/moth_photos/database\batch_20\img_moth_00038666.jpg,"[4000, 6000]",37.74509803921569,"['2025DCR\n04254\n', 'noearmites\nELoPresti2025\n', 'SanteeCoastalReserve\nCharlestonCoSC\nEFLoPresti\n22October2025\nJamesCanebrakeTrap\n']","['2025DCR\n04254\n', '2025\n', 'CR\nCCC\n22C2025\nC\n']","['2025C\n04254\n', 'P2025\n', 'C\nCCC\nP\n22C2025\nC\n']",modelv1.0__2026-05-18 08:48:43
D:/moth_photos/database\batch_20\img_moth_00038667.jpg,"[4000, 6000]",37.64705882352941,"['2025DCR\n04269\n', 'SanteeCoastalReserve\nCharlestonCoSC\nEFoPresti\n15October2025\nSandPitTrao\n']","['2025DCR\n04269\n', 'CR\nCCC\n152025\n']","['2025C\n04269\n', 'C\nCCC\nP\n152025\nP\n']",modelv1.0__2026-05-18 08:48:43
D:/moth_photos/database\batch_20\img_moth_00038668.jpg,"[4000, 6000]",37.411764705882355,"['2025DCR\n04293\n', 'noearmites\nELoPresti2025\n\n', 'SanteeCoastalReserve\nCharlestonCoSC\nEFkoPresti\n21November2025\nMeadowTrap\n']","['2025DCR\n04293\n', '2025\n\n', 'CR\nCCC\n212025\n']","['2025C\n04293\n', 'P2025\n\n', 'C\nCCC\nP\n212025\n']",modelv1.0__2026-05-18 08:48:43
D:/moth_photos/database\batch_20\img_moth_00038669.jpg,"[4000, 6000]",37.72549019607843,"['2025DCR\n04312\n', 'noearmites\nELoPrestj2025\n', 'SanteeCoastalReserve\nCharlestonCoSC\nEFLoPresti\n22November2025\nOrmondHallTrap\n']","['2025DCR\n04312\n', '2025\n', 'CR\nCCC\n222025\n']","['2025PC\n04312\n', 'P2025\n', 'C\nCCC\nP\n222025\n']",modelv1.0__2026-05-18 08:48:43
D:/moth_photos/database\batch_20\img_moth_00038670.jpg,"[4000, 6000]",37.509803921568626,"['2025DCR\n04230\n', 'SanteeCoastalReserve\nCharlestonCoSC\nEFLoPresti\n14October2025\nBaitTrap\n']","['2025DCR\n04230\n', 'CR\nCCC\n142025\nR\n']","['2025C\n04230\n', 'C\nCCC\nP\n142025\n']",modelv1.0__2026-05-18 08:48:43
D:/moth_photos/database\batch_20\img_moth_00038671.jpg,"[4000, 6000]",37.92156862745098,"['2025DCR\n04255\n', 'noearmites\nElLoPresti2025\n', 'SanteeCoastalReserve\nCharlestonCoSC\nEFLoPresti\n22October2025\n\nJamesCanebrakeTrap\n']","['2025DCR\n04255\n', '2025\n', 'CR\nCCC\n2202025\n\nC\n']","['2025C\n04255\n', 'P2025\n', 'CP\nCCC\nP\n2202025\n\nC\n']",modelv1.0__2026-05-18 08:48:43
D:/moth_photos/database\batch_20\img_moth_00038672.jpg,"[4000, 6000]",37.7843137254902,"['2025DCR\n04270\n', 'noearmites\nELoPresti2025\n', 'SanteeCoastalReserve\nCharlestonCoSC\nSeudEFLoPresti\np 115October2025\nOG6ETrap\n']","['2025DCR\n04270\n', '2025\n', 'CR\nCCC\n115C2025\n6\n']","['2025C\n04270\n', 'P2025\n', 'C\nCCC\nP\nP 115C2025\n6\n']",modelv1.0__2026-05-18 08:48:43
D:/moth_photos/database\batch_20\img_moth_00038673.jpg,"[4000, 6000]",37.372549019607845,"['2025DCR\n04294\n', 'noearmites\nELoPresti2025\n', 'SanteeCoastalReserve\nCharlestonCoSC\nEFLoPresti\n22November2025\nJamesCanebrakeTrap\n']","['2025DCR\n04294\n', '2025\n', 'CR\nCCC\n222025\n\nC\n']","['2025C\n04294\n', 'P2025\n', 'C\nCCC\nP\n222025\nC\n']",modelv1.0__2026-05-18 08:48:43
D:/moth_photos/database\batch_20\img_moth_00038674.jpg,"[4000, 6000]",37.62745098039216,"['2025DCR\n04313\n', 'noearmites\nELoPresti2025\n', 'SanteeCoastalReserve\nChariestonCoSC\nEFLoPresti\n22November2025\nOrmondHallTrap\n']","['2025DCR\n04313\n', '2025\n', 'CR\nCCC\n222025\n']","['2025C\n04313\n', 'P2025\n', 'C\nCCC\nP\n222025\n']",modelv1.0__2026-05-18 08:48:43
D:/moth_photos/database\batch_20\img_moth_00038675.jpg,"[4000, 6000]",38.01960784313725,"['2025DCR\n04231\n', 'Santee Coastal Reserve\nCharlestonCoSC\nEFLoPresti\n14October2025\nBaitTrap\n']","['2025DCR\n04231\n', 'C R\nCCC\n1402025\nR\n']","['2025C\n04231\n', 'C\nCCC\nP\n1402025\n']",modelv1.0__2026-05-18 08:48:43
D:/moth_photos/database\batch_20\img_moth_00038676.jpg,"[4000, 6000]",37.549019607843135,"['2025DCR\n04271\n', 'ate earmites\nELoPresti2025\n', 'SanteeCoastalReserve\npareston CoSC\nEFLoPresti\nSBITSOcto October2025\n\nGOFTrap\n']","['2025DCR\n04271\n', '2025\n', 'CR\nCC\nC\n\nC 2025\n']","['2025C\n04271\n', 'P2025\n', 'CP\nCC\nCP\n\nPPC 2025\n']",modelv1.0__2026-05-18 08:48:43
D:/moth_photos/database\batch_20\img_moth_00038677.jpg,"[4000, 6000]",37.470588235294116,"['2025DCR\n04295\n', 'noearmites\nELoPresti2025\n', 'SanteeCoastalReserve\nCharlestanCoSC\nEFLoPresti\n22November2025\nJamesCanebrakeTrap\n']","['2025DCR\n04295\n', '2025\n', 'CR\nCCC\n222025\n\nC\n']","['2025C\n04295\n', 'P2025\n', 'C\nCCC\nP\n222025\nC\n']",modelv1.0__2026-05-18 08:48:43
D:/moth_photos/database\batch_20\img_moth_00038678.jpg,"[4000, 6000]",37.666666666666664,"['2025DCR\n04314\n', 'noearmites\nELoPresti2025\n', 'SanteeCoastalReserve\nCharlestonCoSC\nEFLoPresti\n22November2025\nOrmondHallTrap\n']","['2025DCR\n04314\n', '2025\n', 'CR\nCCC\n222025\n']","['2025C\n04314\n', 'P2025\n', 'C\nCCC\nP\n222025\n']",modelv1.0__2026-05-18 08:48:43
D:/moth_photos/database\batch_20\img_moth_00038679.jpg,"[4000, 6000]",37.568627450980394,"['2025DCR\n04232\n', 'SanteeCoastalReserve\nCharlestonCoSC\nEFLoPresti\n14October2025\nBaitTrap\n']","['2025DCR\n04232\n', 'CR\nCCC\n6\n142025\nR\n']","['2025C\n04232\n', 'C\nCCC\n6P\n142025\n']",modelv1.0__2026-05-18 08:48:43
D:/moth_photos/database\batch_20\img_moth_00038680.jpg,"[4000, 6000]",37.98039215686274,"['2025DCR\n04272\n', 'no earmites\nELoPresti2025\n', 'SanteeCoastalReserve\nCharlestonCoSC\nEFLoPresti\n15October2025\nSandPitTrap\n']","['2025DCR\n04272\n', 'C2025\n', 'CR\nCCC\n1502025\n']","['2025C\n04272\n', 'CP2025\n', 'C\nCCC\nP\n1502025\nP\n']",modelv1.0__2026-05-18 08:48:43
D:/moth_photos/database\batch_20\img_moth_00038681.jpg,"[4000, 6000]",37.82352941176471,"['2025DCR\n04296\n', 'noearmites\nELoPresti2025\n', 'SanteeCoastalReserve\nCharlestonCoSC\nEFLoPresti\n22November2025\nJamesCanebrakeTrap\n']","['2025DCR\n04296\n', 'C2025\n', 'CR\nCCC\n222025\n\nC\n']","['2025C\n04296\n', 'CP2025\n', 'C\nCCC\nP\n222025\nC\n']",modelv1.0__2026-05-18 08:48:43
D:/moth_photos/database\batch_20\img_moth_00038682.jpg,"[4000, 6000]",37.80392156862745,"['rightearmites\nEFL2024\n', '2025DCR\n04315\n', 'SanteeCoastalReserve\nCharlestonCoSC\nEFLoPresti\n22November2025\nOrmondHallTrap\n']","['2024\n', '2025DCR\n04315\n', 'CR\nCCC\n222025\n']","['2024\n', '2025C\n04315\n', 'C\nCCC\nP\n222025\n']",modelv1.0__2026-05-18 08:48:43
D:/moth_photos/database\batch_20\img_moth_00038683.jpg,"[4000, 6000]",37.549019607843135,"['2025DCR\n04233\n', 'SanteeCoastalReserve\nChariestonCoSC\nEFLoPresti\n44October2025\nBaitTrap\n']","['2025DCR\n04233\n', 'CR\nCC0C\n442025\nR\n']","['2025C\n04233\n', 'C\nCC0C\nP\n442025\n']",modelv1.0__2026-05-18 08:48:43
D:/moth_photos/database\batch_20\img_moth_00038684.jpg,"[4000, 6000]",37.88235294117647,"['2025DCR\n04273\n', 'noearmites\nELoPresti2025\n', 'SanteeCoastalReserve\nChanestonCoSC\nEFLoPresti\n15October2025\nSandPitTrap\n']","['2025DCR\n04273\n', '2025\n', 'CR\nCCC\n152025\n']","['2025C\n04273\n', 'P2025\n', 'C\nCCC\nP\n152025\nP\n']",modelv1.0__2026-05-18 08:48:43
D:/moth_photos/database\batch_20\img_moth_00038685.jpg,"[4000, 6000]",37.94117647058824,"['2025DCR\n04297\n', 'noearmites\nELoPresti2025\n', 'SanteeCoastalReserve\nCharlestonCoSC\nEFLoPresti\n22November2025\nJamesCanebrakeTrap\n']","['2025DCR\n04297\n', '2025\n', 'CR\nCCC\n222025\n\nC\n']","['2025C\n04297\n', 'P2025\n', 'C\nCCC\nP\n222025\nC\n']",modelv1.0__2026-05-18 08:48:43
D:/moth_photos/database\batch_20\img_moth_00038686.jpg,"[4000, 6000]",37.72549019607843,"['2025DCR\n04316\n', 'SanteeCoastalReserve\nCharlestonCoSC\nEFLOPresti\n22November2025\nOrmondHallTrap\n']","['2025DCR\n04316\n', 'CR\nCCC\n6\n222025\n']","['2025C\n04316\n', 'C\nCCC\n6P\n222025\n']",modelv1.0__2026-05-18 08:48:43
D:/moth_photos/database\batch_20\img_moth_00038687.jpg,"[4000, 6000]",37.372549019607845,"['2025DCR\n04234\n', 'SanteeCoastalReserve\nCharlestonCoSC\nEFLoPresti\n14October2025\nBaitTrap\n']","['2025DCR\n04234\n', 'CR\nCCC\n142025\n']","['2025C\n04234\n', 'CP\nCCC\nP\n142025\n']",modelv1.0__2026-05-18 08:48:43
D:/moth_photos/database\batch_20\img_moth_00038688.jpg,"[4000, 6000]",37.86274509803922,"['2025DCR\n04274\n', 'noearniites\nELoPresti2025\n', 'SanteeCoastalReserve\nCharlestonCoSC\nEFLoPresti\n15October2025\nSandPitTrap\n']","['2025DCR\n04274\n', '2025\n', 'CR\nCC0C\n152025\n']","['2025C\n04274\n', 'P2025\n', 'CP\nCC0C\nP\n152025\nP\n']",modelv1.0__2026-05-18 08:48:43
D:/moth_photos/database\batch_20\img_moth_00038689.jpg,"[4000, 6000]",37.57692307692307,"['2025DCR\n04298\n', 'noearmites\nELoPresti2025\n', 'SanteeCoastalReserve\nCharlestonCoSC\nEFLoPresti\n22November2025\nJamesCanebrakeTrap\n']","['2025DCR\n04298\n', '2025\n', 'CR\nCCC\nC\n222025\nC\n']","['2025C\n04298\n', 'P2025\n', 'C\nCCC\nCP\n222025\nC\n']",modelv1.0__2026-05-18 08:48:43
D:/moth_photos/database\batch_20\img_moth_00038690.jpg,"[4000, 6000]",37.68627450980392,"['2025DCR\n04317\n', 'SanteeCoastalReserve\nCharlestonCoSC\nEFLoPresti\n22November2025\nOrmondHallTrap\n']","['2025DCR\n04317\n', 'CR\nCCC\n222025\n']","['2025C\n04317\n', 'C\nCCC\nP\n222025\n']",modelv1.0__2026-05-18 08:48:43
D:/moth_photos/database\batch_20\img_moth_00038691.jpg,"[4000, 6000]",37.58823529411765,"['2025DCR\n04235\n', 'SanteeCoastalReserve\nCharlestonCoSC\nEFLoPresti\n414October2025\nBaitTrap\n']","['2025DCR\n04235\n', 'CR\nCCC\n4142025\nR\n']","['2025C\n04235\n', 'C\nCCC\nP\n4142025\n']",modelv1.0__2026-05-18 08:48:43
D:/moth_photos/database\batch_20\img_moth_00038692.jpg,"[4000, 6000]",37.88235294117647,"['2025DCR\n04275\n', 'BeVETCOUZUZD\n\nnoearmites\nfFfwre8stAnaAae\n', 'SanteeCoastalReserve\nCharlestonCoSC\nEFLoPresti\n15October2025\nSandPitTrap\n']","['2025DCR\n04275\n', 'C2D\n\n28RR\n', 'CR\nCCC\n152025\n']","['2025C\n04275\n', 'C2\n\n28\n', 'C\nCCC\nP\n152025\nP\n']",modelv1.0__2026-05-18 08:48:43
D:/moth_photos/database\batch_20\img_moth_00038693.jpg,"[4000, 6000]",37.84615384615385,"['2025DCR\n04299\n', 'noearmites\nELoPresti2025\n', 'SanteeCoastalReserve\nCharlestonCoSC\nEFLoPresti\n22November2025\nJamesCanebrakeTrap\n']","['2025DCR\n04299\n', 'C2025\n', 'CR\nCCC\n222025\n\nC\n']","['2025C\n04299\n', 'CP2025\n', 'C\nCCC\nP\n222025\nC\n']",modelv1.0__2026-05-18 08:48:43
D:/moth_photos/database\batch_20\img_moth_00038694.jpg,"[4000, 6000]",37.509803921568626,"['2025DCR\n04318\n', 's\nnoearmites\n\nELoPrestj207c\n', 'SanteeCoastalReserve\nCharlestonCoSC\nEFLoPresti\n21November2025\n\nHTrap\n']","['2025DCR\n04318\n', '207\n', 'CR\nCCC\n212025\n']","['2025C\n04318\n', 'P207\n', 'C\nCCC\nP\n212025\n']",modelv1.0__2026-05-18 08:48:43
D:/moth_photos/database\batch_20\img_moth_00038695.jpg,"[4000, 6000]",37.76470588235294,"['2025DCR\n04236\n', 'SanteeCoastalReserve\nCharlestenCoSC\nEFLoPresti\n14October2025\nBaitTrap\n']","['2025DCR\n04236\n', 'CR\nCCC\n1402025\n']","['2025C\n04236\n', 'C\nCCC\nP\n1402025\n']",modelv1.0__2026-05-18 08:48:43
D:/moth_photos/database\batch_20\img_moth_00038696.jpg,"[4000, 6000]",37.98039215686274,"['2025DCR\n04276\n', 'noearmites\nELoPresti2025\n', 'SanteeCoastalReserve\nCharlestonCoSC\nEFLOPresti\n15October2025\nSandPitTrap\n']","['2025DCR\n04276\n', '2025\n', 'CR\nCCC\n152025\n']","['2025C\n04276\n', 'P2025\n', 'C\nCCC\nP\n152025\nP\n']",modelv1.0__2026-05-18 08:48:43
D:/moth_photos/database\batch_20\img_moth_00038697.jpg,"[4000, 6000]",37.74509803921569,"['2025DCR\n04319\n', 'noearmites\nELoPresti2025\n', 'SanteeCoastalReserve\nCharlestonCoSC\nEFkoPresti\n21November2025\nFOHTrapo\n']","['2025DCR\n04319\n', 'C2025\n', 'CR\nCCC\n212025\n']","['2025C\n04319\n', 'CP2025\n', 'C\nCCC\nP\n212025\n']",modelv1.0__2026-05-18 08:48:43
D:/moth_photos/database\batch_20\img_moth_00038698.jpg,"[4000, 6000]",37.470588235294116,"['2025DCR\n04237\n', 'aEEStt\n\nSantee CoastalReserve\nCharleston Co\nEF oPresti\n44Octdber 2025\nBaitTrad\n']","['2025DCR\n04237\n', 'CR\nC C\n4406 2025\nR\n']","['2025C\n04237\n', 'CP\nC C\nP\n4406 2025\n']",modelv1.0__2026-05-18 08:48:43
D:/moth_photos/database\batch_20\img_moth_00038699.jpg,"[4000, 6000]",37.7843137254902,"['2025DCR\n04277\n', 'noear mites\nELoPresti2025\n', 'SanteeCoastalReserve\nCharlestonCoSC\nEFLoPresti\n15October2025\nSandPitTrap\n']","['2025DCR\n04277\n', '2025\n', 'CR\nCCC\n1502025\n']","['2025C\n04277\n', 'P2025\n', 'C\nCCC\nP\n1502025\nP\n']",modelv1.0__2026-05-18 08:48:43
D:/moth_photos/database\batch_20\img_moth_00038700.jpg,"[4000, 6000]",37.58823529411765,"['2025DCR\n04320\n', 'no earmites\nELoPresti2025\n', 'SanteeCoastalReserve\nCharlestonCoSC\nEFLoPresti\n21November2025\nFOHTrap\n']","['2025DCR\n04320\n', 'C2025\n', 'CR\nCC0C\n212025\n']","['2025PC\n04320\n', 'CP2025\n', 'C\nCC0C\nP\n212025\n']",modelv1.0__2026-05-18 08:48:43
D:/moth_photos/database\batch_20\img_moth_00038701.jpg,"[4000, 6000]",37.86274509803922,"['2025DCR\n04278\n', 'noearmites\n\nELoPresti2025\n', 'SanteeCoastalReserve\nCharlestonCoSC\nEFLoPresti\n15October2025\nCandPitTran\n']","['2025DCR\n04278\n', '2025\n', 'CR\nCCC\n15C2025\nC\n']","['2025C\n04278\n', 'P2025\n', 'C\nCCC\nP\n15C2025\nCP\n']",modelv1.0__2026-05-18 08:48:43
D:/moth_photos/database\batch_20\img_moth_00038702.jpg,"[4000, 6000]",37.76470588235294,"['2025DCR\n04321\n', 'noear mites\nELoPresti2025\n', 'SanteeCoastalReserve\nCharlestonCoSC\nEFLoPresti\n21November2025\nFOHTrap\n']","['2025DCR\n04321\n', 'C2025\n', 'CR\nCCC\n212025\n\nR\n']","['2025C\n04321\n', 'CP2025\n', 'C\nCCC\nP\n212025\n']",modelv1.0__2026-05-18 08:48:43
D:/moth_photos/database\batch_20\img_moth_00038703.jpg,"[4000, 6000]",37.88235294117647,"['2025DCR\n04279\n', 'noearmites\nELoPresti2025\n', 'SanteeCoastalReserve\nCharleston CoSC\nEFLoPresti\n45October2025\nSandPitTrap\n']","['2025DCR\n04279\n', '2025\n', 'CR\nC CC\n452025\n']","['2025C\n04279\n', 'P2025\n', 'C\nC CC\nP\n452025\nP\n']",modelv1.0__2026-05-18 08:48:43
D:/moth_photos/database\batch_20\img_moth_00038704.jpg,"[4000, 6000]",37.431372549019606,"['2025DCR\n04322\n', 'SanteeCoastalReserve\nCharlestonCoSC\nEFLoPresti\n21November2025\nFOHTrap\n']","['2025DCR\n04322\n', 'CR\nCCC\n212025\n']","['2025C\n04322\n', 'C\nCCC\nP\n212025\n']",modelv1.0__2026-05-18 08:48:43
D:/moth_photos/database\batch_20\img_moth_00038705.jpg,"[4000, 6000]",37.549019607843135,"['2025DCR\n04323\n', 'noearmites\nELoPresti2025\n', 'SanteeCoastalReserve\nCharlestonCoSC\nEFLoPresti\n21November2025\nFOHTrap\n']","['2025DCR\n04323\n', '2025\n', 'CR\nCCC\n212025\n']","['2025C\n04323\n', 'P2025\n', 'C\nCCC\nP\n212025\n']",modelv1.0__2026-05-18 08:48:43
D:/moth_photos/database\batch_20\img_moth_00038706.jpg,"[4000, 6000]",37.470588235294116,"['2025DCR\n04324\n', 'SanteeCoastalReserve\nCharlestonCoSC\nEFtoPresti\n21November2025\nFOHTrap\n']","['2025DCR\n04324\n', 'CR\nCC0C\nR\n212025\n']","['2025C\n04324\n', 'C\nCC0C\nP\n212025\n']",modelv1.0__2026-05-18 08:48:43
D:/moth_photos/database\batch_20\img_moth_00038707.jpg,"[4000, 6000]",37.411764705882355,"['2025DCR\n04325\n', 'SanteeCoastalReserve\nCharlestonCoSC\nEFLoPresti\n22November2025\nMazvckTrap\n']","['2025DCR\n04325\n', 'CR\nCCC\n222025\n']","['2025C\n04325\n', 'C\nCCC\nP\n222025\n']",modelv1.0__2026-05-18 08:48:43
D:/moth_photos/database\batch_20\img_moth_00038708.jpg,"[4000, 6000]",37.549019607843135,"['2025DCR\n04326\n', 'SanteeCoastalReserve\nCharlestonCoSC\nEFLoPresti\n22November2025\nMazvckTrap\n']","['2025DCR\n04326\n', 'CR\nCC0C\n222025\n']","['2025C\n04326\n', 'C\nCC0C\nP\n222025\n']",modelv1.0__2026-05-18 08:48:43
D:/moth_photos/database\batch_20\img_moth_00038709.jpg,"[4000, 6000]",37.509803921568626,"['2025DCR\n04327\n', 'SanteeCoastalReserve\nCharlestonCoSC\nEFLoPresti\n22Novmber2025\nMazvckTrap\n']","['2025DCR\n04327\n', 'CR\nCCC\n222025\n']","['2025C\n04327\n', 'CP\nCCC\nP\n222025\n']",modelv1.0__2026-05-18 08:48:43
D:/moth_photos/database\batch_20\img_moth_00038710.jpg,"[4000, 6000]",37.70588235294117,"['2025DCR\n04328\n', 'SanteeCoastalReserve\nCharlestonCoSC\nEFLoPresti\n22November2025\nMazvckTrap\n']","['2025DCR\n04328\n', 'CR\nCCC\n222025\n']","['2025C\n04328\n', 'C\nCCC\nP\n222025\n']",modelv1.0__2026-05-18 08:48:43
D:/moth_photos/database\batch_20\img_moth_00038711.jpg,"[4000, 6000]",37.607843137254896,"['2025DCR\n04329\n', 'noearmites\nELoPresti2025\n', 'SanteeCoastalReserve\nCharlestonCoSC\nEFLoPresti\n21November2025\nSandPitTrap\n']","['2025DCR\n04329\n', '2025\n', 'CR\nCCC\n212025\n']","['2025C\n04329\n', 'P2025\n', 'C\nCCC\nP\n212025\nP\n']",modelv1.0__2026-05-18 08:48:43
D:/moth_photos/database\batch_20\img_moth_00038712.jpg,"[4000, 6000]",37.450980392156865,"['bothearmites\n\nEFL2024\n', '2025DCR\n04330\n', 'SanteeCoastalReserve\nCharlestonCoSC\nEFLoPresti\n21November2025\nSandPitTrap\n']","['C2024\n', '2025DCR\n04330\n', 'CR\nCCC\n212025\n']","['C2024\n', '2025C\n04330\n', 'C\nCCC\nP\n212025\nP\n']",modelv1.0__2026-05-18 08:48:43
D:/moth_photos/database\batch_20\img_moth_00038713.jpg,"[4000, 6000]",37.52941176470588,"['2025DCR\n04331\n', 'noearmites\nELoPresti2025\n', 'SanteeCoastalReserve\nCharlestonCoSC\nEFLoPresti\n21November2025\nSandPitTrap\n']","['2025DCR\n04331\n', '2025\n', 'CR\nCCC\n212025\n']","['2025C\n04331\n', 'P2025\n', 'C\nCCC\nP\n212025\nP\n']",modelv1.0__2026-05-18 08:48:43
D:/moth_photos/database\batch_20\img_moth_00038714.jpg,"[4000, 6000]",37.470588235294116,"['2025DCR\n04332\n', 'SanteeCoastalReserve\nCharlestonCoSC\nEFLoPresti\n21November2025\nSandPitTrap\n']","['2025DCR\n04332\n', 'CR\nCCC\n212025\n']","['2025C\n04332\n', 'C\nCCC\nP\n212025\nP\n']",modelv1.0__2026-05-18 08:48:43
D:/moth_photos/database\batch_20\img_moth_00038715.jpg,"[4000, 6000]",37.490196078431374,"['2025DCR\nWEEE\n', 'SanteeCoastalReserve\nCharlestonCoSC\nEFLoPresti\n21November2025\nSandPitTrao\n']","['2025DCR\nR\n', 'CR\nCCC\n212025\n']","['2025C\nW\n', 'C\nCCC\nP\n212025\nP\n']",modelv1.0__2026-05-18 08:48:43
D:/moth_photos/database\batch_20\img_moth_00038716.jpg,"[4000, 6000]",37.58823529411765,"['2025DCR\n04334\n', 'SanteeCoastalReserve\nCharlestonCoSC\nEFLoPresti\n21November2025\nOrmondHailTrap\n']","['2025DCR\n04334\n', 'CR\nCCC\n212025\n']","['2025C\n04334\n', 'C\nCCC\nP\n212025\n']",modelv1.0__2026-05-18 08:48:43
D:/moth_photos/database\batch_20\img_moth_00038717.jpg,"[4000, 6000]",37.470588235294116,"['2025DCR\n04335\n', 'SanteeCoastalReserve\nCharlestonCoSC\nEFLoPresti\n21November2025\nOrmondHallTrap\n']","['2025DCR\n04335\n', 'CR\nCCC\n212025\n']","['2025C\n04335\n', 'C\nCCC\nP\n212025\n']",modelv1.0__2026-05-18 08:48:43
D:/moth_photos/database\batch_20\img_moth_00038718.jpg,"[4000, 6000]",37.549019607843135,"['2025DCR\n04336\n', 'SanteeCoastalReserve\nCharnestonCoSC\nEFLoPresti\n21November2025\nOrmondHallTrap\n']","['2025DCR\n04336\n', 'CR\nCCC\n212025\n']","['2025C\n04336\n', 'CP\nCCC\nP\n212025\n']",modelv1.0__2026-05-18 08:48:43
D:/moth_photos/database\batch_20\img_moth_00038719.jpg,"[4000, 6000]",37.68627450980392,"['2025DCR\n04337\n', 'SanteeCoastalReserve\nCharlestonCoSC\nEFLoPresti\n21November2025\nOrmondHallTrap\n']","['2025DCR\n04337\n', 'CR\nCCC\n212025\n']","['2025C\n04337\n', 'CP\nCCC\nP\n212025\n']",modelv1.0__2026-05-18 08:48:43
D:/moth_photos/database\batch_20\img_moth_00038720.jpg,"[4000, 6000]",37.62745098039216,"['2025DCR\n04338\n', 'noearmites\nELoPresti2025\n', 'SanteeCoastalReserve\nChariestonCoSC\nEFLoPresti\n21November2025\nOrmondHallTrao\n']","['2025DCR\n04338\n', '2025\n', 'CR\nCCC\n212025\n']","['2025C\n04338\n', 'P2025\n', 'C\nCCC\nP\n212025\n']",modelv1.0__2026-05-18 08:48:43
D:/moth_photos/database\batch_20\img_moth_00038721.jpg,"[4000, 6000]",37.52941176470588,"['9025DCR\n04339\n', 'noearmites\nELoPresti2025\n', 'SanteeCoastalReserve\nCharlestonCoSC\nEFLoPresti\n21November2025\nOrmondHallTrap\n']","['9025DCR\n04339\n', '2025\n', 'CR\nCCC\n212025\n']","['9025C\n04339\n', 'P2025\n', 'C\nCCC\nP\n212025\n']",modelv1.0__2026-05-18 08:48:43
D:/moth_photos/database\batch_20\img_moth_00038722.jpg,"[4000, 6000]",37.450980392156865,"['2025DCR\n04340\n', 'noearmites\nELoPresti2025\n', 'SanteeCoastalReserve\nCharlestonCoSC\nEFLoPresti\n21November2025\nOrmondHallTrap\n']","['2025DCR\n04340\n', 'R2025\n', 'CR\nCCC\n212025\n']","['2025C\n04340\n', 'P2025\n', 'C\nCCC\nP\n212025\n']",modelv1.0__2026-05-18 08:48:43
D:/moth_photos/database\batch_20\img_moth_00038723.jpg,"[4000, 6000]",37.94117647058824,"['2025DCR\n04341\n', 'SanteeCoastal Reserve\nCharlestonCoSC\nEFLoPresti\n21November2025\nCollinsCreekTrap\n']","['2025DCR\n04341\n', 'C R\nCCC\n212025\nCC\n']","['2025C\n04341\n', 'C\nCCC\nP\n212025\nCC\n']",modelv1.0__2026-05-18 08:48:43
D:/moth_photos/database\batch_20\img_moth_00038724.jpg,"[4000, 6000]",37.7843137254902,"['2025DCR\n\n04342\n', 'SanteeCoastalReserve\nCharlestqnCoSC\nEFLoPresti\n21November2025\nCollinsCreekTrap\n']","['2025DCR\n\n04342\n', 'CR\nCCC\n212025\nCC\n']","['2025C\n\n04342\n', 'C\nCCC\nP\n212025\nCC\n']",modelv1.0__2026-05-18 08:48:43
D:/moth_photos/database\batch_20\img_moth_00038725.jpg,"[4000, 6000]",37.88235294117647,"['2025DCR\n04343\n', 'SanteeCoastal Reserve\nCharlestonCo SC\nEFLoPresti\n21November 2025\nCollinsCreekTrap\n']","['2025DCR\n04343\n', 'C R\nCC C\n21 2025\nCC\n']","['2025C\n04343\n', 'C\nCC C\nP\n21 2025\nCC\n']",modelv1.0__2026-05-18 08:48:43
D:/moth_photos/database\batch_20\img_moth_00038726.jpg,"[4000, 6000]",37.490196078431374,"['2025DCR\n04344\n', 'SanteeCoastalReserve\nCharlestenCoSC\nEFLoPresti\n21November2025\nCollinsCreekTrap\n']","['2025DCR\n04344\n', 'CR\nCCC\n212025\nCC\n']","['2025C\n04344\n', 'CP\nCCC\nP\n212025\nCC\n']",modelv1.0__2026-05-18 08:48:43
D:/moth_photos/database\batch_20\img_moth_00038727.jpg,"[4000, 6000]",37.62745098039216,"['2025DCR\n04345\n', 'SanteeCoastalReserve\nCharlestonCoSC\nEFLoPresti\n21November2025\nCollinsCreekTrap\n']","['2025DCR\n04345\n', 'CR\nCCC\n212025\nCC\n']","['2025C\n04345\n', 'C\nCCC\nP\n212025\nCC\n']",modelv1.0__2026-05-18 08:48:43
D:/moth_photos/database\batch_20\img_moth_00038728.jpg,"[4000, 6000]",37.568627450980394,"['2025DCR\n04346\n', 'SanteeCoastalReserve\nCharlestonCoSC\nEFLoPresti\n21November2025\nBaitTrap\n']","['2025DCR\n04346\n', 'CR\nCCC\n212025\n\nR\n']","['2025C\n04346\n', 'C\nCCC\nP\n212025\n']",modelv1.0__2026-05-18 08:48:43
D:/moth_photos/database\batch_20\img_moth_00038729.jpg,"[4000, 6000]",37.490196078431374,"['2025DCR\n04347\n', 'SanteeCoastalReserve\nChariestonCoSC\nEFLoPfesti\n21November2025\nBaitTrap\n']","['2025DCR\n04347\n', 'CR\nCCC\n212025\n']","['2025C\n04347\n', 'C\nCCC\n\nP\n212025\n']",modelv1.0__2026-05-18 08:48:43
D:/moth_photos/database\batch_20\img_moth_00038730.jpg,"[4000, 6000]",37.490196078431374,"['2025DCR\n04348\n', 'CLOPTeSsti2ZUZ5\n\nnoearmites\nJlaDraecteBNAGAr\n', 'SanteeCoastalReserve\n\nCharlestonCoSC\nEFLoPresti\n214November2025\nBaitTrap\n']","['2025DCR\n04348\n', 'CC2025\n\nD\n', 'CR\n\nCCC\n2142025\nR\n']","['2025C\n04348\n', 'CCP2025\n', 'C\n\nCCC\nP\n2142025\n']",modelv1.0__2026-05-18 08:48:43
D:/moth_photos/database\batch_20\img_moth_00038731.jpg,"[4000, 6000]",37.3921568627451,"['2025DCR\n04349\n', 'noearmites\nELoPresti2025\n', 'SanteeCoastalReserve\nCharlestonCoSC\nEFLoPresti\n21November2025\nBaitTrap\n']","['2025DCR\n04349\n', 'C2025\n', 'CR\nCCC\n212025\n']","['2025C\n04349\n', 'CP2025\n', 'C\nCCC\nP\n212025\n']",modelv1.0__2026-05-18 08:48:43
D:/moth_photos/database\batch_20\img_moth_00038732.jpg,"[4000, 6000]",37.411764705882355,"['2025DCR\n04350\n', 'noearmites\nEUoPresti2025\n', 'SanteeCoastalReserve\nCharlestonCoSC\nEFLoPresti\n21Nodvember2025\nBaitTrap\n']","['2025DCR\n04350\n', '2025\n', 'CR\nCCC\n212025\n\nR\n']","['2025C\n04350\n', 'P2025\n', 'C\nCCC\nP\n212025\n']",modelv1.0__2026-05-18 08:48:43
D:/moth_photos/database\batch_20\img_moth_00038733.jpg,"[4000, 6000]",37.92,"['2025DCR\n04351\n', 'noearmites\nFLoPrectiINIc\n', 'SanteeCoastalReserve\nCharliestonCoSC\nEFLoRresti\n21November2025\nBaitTrap\n']","['2025DCR\n04351\n', '70C\n', 'CR\nCCC\nR\n212025\n']","['2025C\n04351\n', 'P70C\n', 'CP\nCCC\nP\n212025\n']",modelv1.0__2026-05-18 08:48:43
D:/moth_photos/database\batch_20\img_moth_00038734.jpg,"[4000, 6000]",37.35294117647059,"['2025DCR\n04352\n', 'noear mites\nELoPresti2025\n', 'SanteeCoastalReserve\nCharlestonCoSC\nEFLoPresti\n21November2025\nBaitTrap\n']","['2025DCR\n04352\n', '2025\n', 'CR\nCCC\n212025\n']","['2025PC\n04352\n', 'P2025\n', 'C\nCCC\nP\n212025\n']",modelv1.0__2026-05-18 08:48:43
D:/moth_photos/database\batch_20\img_moth_00038735.jpg,"[4000, 6000]",37.431372549019606,"['2025DCR\n04353\n', 'SanteeCoastalReserve\n\nCharlestonCoSC\n\nEFloPresti\n\n21November2025\nBaitTrap\n']","['2025DCR\n04353\n', 'CR\n\nCCC\n\nR\n\n212025\nR\n']","['2025C\n04353\n', 'C\n\nCCC\nP\n212025\n']",modelv1.0__2026-05-18 08:48:43
D:/moth_photos/database\batch_20\img_moth_00038736.jpg,"[4000, 6000]",37.35294117647059,"['2025DCR\n04354\n', 'noearmitesS\nELoPresti2025\n', 'SanteeCoastalReserve\nCharlestonCoSC\nEFLoPresti\n21November2025\nBaitTrap\n']","['2025DCR\n04354\n', '2025\n', 'CR\nCCC\n212025\n']","['2025C\n04354\n', 'P2025\n', 'C\nCCC\nP\n212025\n']",modelv1.0__2026-05-18 08:48:43
D:/moth_photos/database\batch_20\img_moth_00038737.jpg,"[4000, 6000]",37.3921568627451,"['2025DCR\n04355\n', 'SanteeCoastalReserve\nCharlestonCoSC\nEFLoPresti\n22October2025\nOrmondHallTrao\n']","['2025DCR\n04355\n', 'CR\nCCC\n222025\n']","['2025C\n04355\n', 'C\nCCC\nPP\n222025\n']",modelv1.0__2026-05-18 08:48:43
D:/moth_photos/database\batch_20\img_moth_00038738.jpg,"[4000, 6000]",37.900000000000006,"['2025DCR\n04356\n', 'SanteeCoastalReserve\nCharlestonCoSC\nEFLoPresti\n22October2025\n\nNMazvckTran\n']","['2025DCR\n04356\n', 'CR\nCCC\n22C2025\n']","['2025C\n04356\n', 'C\nCCC\nP\n22C2025\n']",modelv1.0__2026-05-18 08:48:43
D:/moth_photos/database\batch_20\img_moth_00038739.jpg,"[4000, 6000]",38.04,"['2025DCR\n04357\n', 'SanteeCoastalReserve\nCharlestonCoSC\nEFLoPresti\n22October2025\nMazvckTrap\n']","['2025DCR\n04357\n', 'CR\nCCC\n222025\n']","['2025C\n04357\n', 'C\nCCC\nP\n222025\n']",modelv1.0__2026-05-18 08:48:43
D:/moth_photos/database\batch_20\img_moth_00038740.jpg,"[4000, 6000]",37.35294117647059,"['2025DCR\n04358\n', 'SanteeCoastalReserve\nCharlestonCoSC\nEFLoPresti\n22October2025\nMazvckTrap\n']","['2025DCR\n04358\n', 'CR\nCCC\n222025\n']","['2025C\n04358\n', 'C\nCCC\nP\n222025\n']",modelv1.0__2026-05-18 08:48:43
D:/moth_photos/database\batch_20\img_moth_00038741.jpg,"[4000, 6000]",38.06,"['2025DCR\n04359\n', 'SanteeCoastalReserve\nCharlestonCoSC\nEFLoPresti\n22October2025\nNMazvckTran\n']","['2025DCR\n04359\n', 'CR\nCCC\n222025\n']","['2025C\n04359\n', 'C\nCCC\nP\n222025\n']",modelv1.0__2026-05-18 08:48:43
D:/moth_photos/database\batch_20\img_moth_00038742.jpg,"[4000, 6000]",37.70588235294117,"['2025DCR\n04360\n', 'noearmites\nELoPresti2025\n', 'SanteeGeersteResefve\nCharlestonCoSC\nEFLoPresti\n23October2025\nCollinsCreekTrap\n']","['2025DCR\n04360\n', '2025\n', 'R\nCCC\nC\n23C2025\nCC\n']","['2025C\n04360\n', 'P2025\n', 'CCC\nCP\n23C2025\nCC\n']",modelv1.0__2026-05-18 08:48:43
D:/moth_photos/database\batch_20\img_moth_00038743.jpg,"[4000, 6000]",37.35294117647059,"['2025DCR\n04361\n', 'noearmites\nELoPresti2025\n', '2SanteeCoastalReserve\nCharlestonCoSC\nEFLoPresti\n23October2025\nGetrrseeeekTrap\n']","['2025DCR\n04361\n', '2025\n', '2CR\nCCC\nC\n232025\nC\n']","['2025C\n04361\n', 'P2025\n', '2C\nCCC\nCP\n232025\nC\n']",modelv1.0__2026-05-18 08:48:43
D:/moth_photos/database\batch_20\img_moth_00038744.jpg,"[4000, 6000]",37.372549019607845,"['2025DCR\n04362\n', '10earmites\noQPractiINIC\n', 'anteeGeastateserve\nCharlestonCoSC\n\ni EFLoPresti\n23October2025\nrr CotrrsGreekTrap\n']","['2025DCR\n04362\n', '10\n7C\n', 'CCC\n\n2302025\nC\n']","['2025C\n04362\n', '10\nP7C\n', 'CCC\n\nP\n2302025\nC\n']",modelv1.0__2026-05-18 08:48:43
D:/moth_photos/database\batch_20\img_moth_00038745.jpg,"[4000, 6000]",38.04,"['2025DCR\n04363\n', 'noear mites\nELoPresti2025\n', '2Santee\nRE CharlestonCoSC\n\nEFLoPresti\n23October2025\nColkneGreekTrap\n']","['2025DCR\n04363\n', 'C2025\n', '2\nR CCC\n\n2302025\nC\n']","['2025C\n04363\n', 'CP2025\n', '2\nCCC\n\nP\n2302025\nC\n']",modelv1.0__2026-05-18 08:48:43
D:/moth_photos/database\batch_20\img_moth_00038746.jpg,"[4000, 6000]",37.58823529411765,"['2025DCR\n04364\n', 'noear mites\nFLoPresti2025\n', 'GeasteRevempc\nCharlestonCoSC\nEFLoPresti\n23October2025\nkTrap\n']","['2025DCR\n04364\n', 'C2025\n', 'CR\nCCC\n232025\n']","['2025C\n04364\n', 'CP2025\n', 'CP\nCCC\nP\n232025\n']",modelv1.0__2026-05-18 08:48:43
D:/moth_photos/database\batch_20\img_moth_00038747.jpg,"[4000, 6000]",37.431372549019606,"['2025DCR\n04365\n', 'S\nELoPresti2025\n', 'soantee\nCharlestonCoSC\nEFttoPresti\n23October2025\nkTrap\n\n']","['2025DCR\n04365\n', '2025\n', 'CCC\n0\n232025\n\n']","['2025C\n04365\n', 'P2025\n', 'CCC\n0P\n232025\n\n']",modelv1.0__2026-05-18 08:48:43
D:/moth_photos/database\batch_20\img_moth_00038748.jpg,"[4000, 6000]",37.411764705882355,"['2025DCR\n04366\n', 'noearmites\nFIlonPracti2NI05\n', 'Santee Constatmeserre\nCharlestonCoSC\nEFLoPresti\n23October2025\nCalineeree2kTrap\n']","['2025DCR\n04366\n', '2075\n', 'C\nCCC\n\n23C2025\n\nC2\n']","['2025C\n04366\n', 'P2075\n', 'C\nCCC\nP\n23C2025\nC2\n']",modelv1.0__2026-05-18 08:48:43
D:/moth_photos/database\batch_20\img_moth_00038749.jpg,"[4000, 6000]",37.666666666666664,"['2025DCR\n04367\n', 'noearmites\nELoPresti2025\n', 'Santee\n2 CharlestonCoSC\n\nEFltoPresti\n23October2025\nGelineGreekTrap\n']","['2025DCR\n04367\n', '2025\n', '2 CCC\n\n0\n23C2025\nC\n']","['2025C\n04367\n', 'P2025\n', '2 CCC\n\n0P\n23C2025\nC\n']",modelv1.0__2026-05-18 08:48:43
D:/moth_photos/database\batch_20\img_moth_00038750.jpg,"[4000, 6000]",37.568627450980394,"['2025DCR\n04368\n', 'SanteeCoastalReserve\nCharlestonCoSC\nEFLoPresti\nSNovember2025\nHamptonFieldTrap\n']","['2025DCR\n04368\n', 'CR\nCCC\n52025\n']","['2025C\n04368\n', 'C\nCCC\nP\n52025\n']",modelv1.0__2026-05-18 08:48:43
D:/moth_photos/database\batch_20\img_moth_00038751.jpg,"[4000, 6000]",37.76470588235294,"['2025DCR\n04369\n', 'SanteeCoastalReserve\nCharlestonCoSC\nEFUoPresti\n5November2025\nHamotonFieldTrap\n']","['2025DCR\n04369\n', 'CR\nCCC\nC\n52025\n']","['2025C\n04369\n', 'C\nCCC\nCP\n52025\n']",modelv1.0__2026-05-18 08:48:43
D:/moth_photos/database\batch_20\img_moth_00038752.jpg,"[4000, 6000]",37.509803921568626,"['2025DCR\n04370\n', 'noearmites\nELoPresti2025\n', 'SanteeCoastalReserve\nCharlestonCoSC\nEFLoPresti\n5November2025\nHamptonFieldTrap\n']","['2025DCR\n04370\n', '2025\n', 'CR\nCCC\n52025\n']","['2025C\n04370\n', 'P2025\n', 'C\nCCC\nP\n52025\n']",modelv1.0__2026-05-18 08:48:43
D:/moth_photos/database\batch_20\img_moth_00038753.jpg,"[4000, 6000]",37.62745098039216,"['2025DCR\n04371\n', 'noearmites\nELoPresti2025\n', 'SanteeCoastalReserve\nCharlestonCoSC\nEFLoPresti\n5November2025\nHamptonFieldTrap\n']","['2025DCR\n04371\n', '2025\n', 'CR\nCCC\nR\n52025\n']","['2025C\n04371\n', 'P2025\n', 'C\nCCC\nP\n52025\n']",modelv1.0__2026-05-18 08:48:43
D:/moth_photos/database\batch_20\img_moth_00038754.jpg,"[4000, 6000]",37.411764705882355,"['2025DCR\n04372\n', 'noearmites\nELoPresti2025\n', 'SanteeCoastalReserve\nCharlestonCoSC\nEFLoPresti\n22October2025\nCollinsCreekTrap\n']","['2025DCR\n04372\n', '2025\n', 'CR\nCCC\n22C2025\nCC\n']","['2025C\n04372\n', 'P2025\n', 'C\nCCC\nP\n22C2025\nCC\n']",modelv1.0__2026-05-18 08:48:43
D:/moth_photos/database\batch_20\img_moth_00038755.jpg,"[4000, 6000]",37.58823529411765,"['2025DCR\n04373\n', 'SanteeCoastalReserve\nCharlestonCoSC\nEFLoPresti\n22October2025\nCvoressTrap\n']","['2025DCR\n04373\n', 'CR\nCCC\n222025\nC\n']","['2025C\n04373\n', 'C\nCCC\nP\n222025\nC\n']",modelv1.0__2026-05-18 08:48:43
D:/moth_photos/database\batch_20\img_moth_00038756.jpg,"[4000, 6000]",37.490196078431374,"['2025DCR\n04374\n', 'SanteeCoastalReserve\nCharlestonCoSC\nEFLoPresti\n22October2025\nCvpressTrap\n']","['2025DCR\n04374\n', 'CR\nCCC\n222025\nC\n']","['2025C\n04374\n', 'C\nCCC\nPP\n222025\nC\n']",modelv1.0__2026-05-18 08:48:43
D:/moth_photos/database\batch_20\img_moth_00038757.jpg,"[4000, 6000]",37.35294117647059,"['2025DCR\n04375\n', 'SanteeCoastalReserve\nCharlestonCoSC\nEFLoPresti\n22October2025\nCvoressTrap\n']","['2025DCR\n04375\n', 'CR\nCCC\n222025\nC\n']","['2025C\n04375\n', 'CP\nCCC\nP\n222025\nC\n']",modelv1.0__2026-05-18 08:48:43
D:/moth_photos/database\batch_20\img_moth_00038758.jpg,"[4000, 6000]",37.76470588235294,"['2025DCR\n04376\n', 'SanteeCoastalReserve\nCharlestonCoSC\nEFsLoPresti\n22October2025\n\nTrap\nCY\n']","['2025DCR\n04376\n', 'CR\nCCC\n222025\n\nC\n']","['2025C\n04376\n', 'C\nCCC\nP\n222025\n\nC\n']",modelv1.0__2026-05-18 08:48:43
D:/moth_photos/database\batch_20\img_moth_00038759.jpg,"[4000, 6000]",37.35294117647059,"['2025DCR\n04377\n', 'SanteeCoastalReserve\nCharlest6nCoSC\nEFLoPresti\n22October2025\nCvpressTrap\n']","['2025DCR\n04377\n', 'CR\nC6CC\n222025\nC\n']","['2025C\n04377\n', 'C\nC6CC\nP\n222025\nC\n']",modelv1.0__2026-05-18 08:48:43
D:/moth_photos/database\batch_20\img_moth_00038760.jpg,"[4000, 6000]",37.58823529411765,"['2025DCR\n04378\n', 'SanteeCoastalReserve\nCharlestonCoSC\nEFLoPresti\n22October2025\nCvoressTrap\n']","['2025DCR\n04378\n', 'CR\nCCC\n222025\nC\n']","['2025C\n04378\n', 'C\nCCC\nP\n222025\nC\n']",modelv1.0__2026-05-18 08:48:43
D:/moth_photos/database\batch_20\img_moth_00038761.jpg,"[4000, 6000]",37.470588235294116,"['2025DCR\n04379\n', 'SanteeCoastalReserve\nCharlestonCoSC\nEFLoPresti\n22Ottober2025\nCvpressTrap\n']","['2025DCR\n04379\n', 'CR\nCCC\n222025\nC\n']","['2025PC\n04379\n', 'C\nCCC\nP\n222025\nC\n']",modelv1.0__2026-05-18 08:48:43
D:/moth_photos/database\batch_20\img_moth_00038762.jpg,"[4000, 6000]",37.70588235294117,"['2025DCR\n04380\n', 'SanteeCoastalReserve\nCharlestonCoSC\nEFLoPresti\n22October2025\nCvnoressTrap\n']","['2025DCR\n04380\n', 'CR\nCCC\n22C2025\nC\n']","['2025C\n04380\n', 'C\nCCC\nP\n22C2025\nC\n']",modelv1.0__2026-05-18 08:48:43
D:/moth_photos/database\batch_20\img_moth_00038763.jpg,"[4000, 6000]",37.35294117647059,"['2025DCR\n04381\n', 'SanteeCoastalReserve\nCharlestonCoSC\nEFLoPresti\n22 October 2025\n\nTrap\nfwAarnrtss\n']","['2025DCR\n04381\n', 'CR\nCCC\n22 2025\n\nC\n']","['2025C\n04381\n', 'C\nCCC\nP\n22 2025\n\nCW\n']",modelv1.0__2026-05-18 08:48:43
D:/moth_photos/database\batch_20\img_moth_00038764.jpg,"[4000, 6000]",37.450980392156865,"['9025DCR\n04382\n', 'noearmites\nELoPresti2025\n', 'SanteeCoastalReserve\nCharlestonCoSC\nEFLoPresti\n22 October 2025\n']","['9025DCR\n04382\n', 'C2025\n', 'CR\nCCC\n22 2025\n']","['9025C\n04382\n', 'CP2025\n', 'C\nCCC\nP\n22 2025\n']",modelv1.0__2026-05-18 08:48:43
D:/moth_photos/database\batch_20\img_moth_00038765.jpg,"[4000, 6000]",37.568627450980394,"['2025DCR\n04383\n', 'noearmites\nELoPresti2025\n', 'SanteeCoastalReserve\nCharlestonCoSC\nEFLoPresti\n22October2025\n\nTrap\nPwellEt\n']","['2025DCR\n04383\n', '2025\n', 'CR\nCCC\n222025\n']","['2025C\n04383\n', 'P2025\n', 'CP\nCCC\nP\n222025\n\nP\n']",modelv1.0__2026-05-18 08:48:43
D:/moth_photos/database\batch_20\img_moth_00038766.jpg,"[4000, 6000]",37.431372549019606,"['2025DCR\n04384\n', 'SanteeCoastalReserve\nCharlestonCoSC\nEFkoPresti\n28March2025\nAcrossfromJCTrap\n']","['2025DCR\n04384\n', 'CR\nCCC\n282025\nC\n']","['2025C\n04384\n', 'C\nCCC\nP\n282025\nC\n']",modelv1.0__2026-05-18 08:48:43
D:/moth_photos/database\batch_20\img_moth_00038767.jpg,"[4000, 6000]",37.35294117647059,"['2025DCR\n04385\n', 'SanteeCoastalReserve\nCharlestonCoSC\nEFLoPresti\n28March2025\nAcrossfromJCTrap\n']","['2025DCR\n04385\n', 'CR\nCCC\n282025\nC\n']","['2025C\n04385\n', 'C\nCCC\nP\n282025\nC\n']",modelv1.0__2026-05-18 08:48:43
D:/moth_photos/database\batch_20\img_moth_00038768.jpg,"[4000, 6000]",38.0,"['2025DCR\n04386\n', 'SanteeCoastalReserve\nCharlestonCoSC\nEFLoPresti\n28March2025\nAcrossfromJCTrap\n']","['2025DCR\n04386\n', 'CR\nCCC\n282025\nC\n']","['2025C\n04386\n', 'CP\nCCC\nP\n282025\nC\n']",modelv1.0__2026-05-18 08:48:43
D:/moth_photos/database\batch_20\img_moth_00038769.jpg,"[4000, 6000]",38.06,"['2025DCR\n04387\n', 'SanteeCoastalReserve\nCharlestonCoSC\nEFLoPresti\n28March2025\nAcrossfromJCTrap\n']","['2025DCR\n04387\n', 'CR\nCCC\nC\n282025\nC\n']","['2025C\n04387\n', 'C\nCCC\nCP\n282025\nC\n']",modelv1.0__2026-05-18 08:48:43
D:/moth_photos/database\batch_20\img_moth_00038770.jpg,"[4000, 6000]",37.372549019607845,"['2025DCR\n04388\n', 'SanteeCoastalReserve\nCharlestonCoSC\nEFLoPresti\n28March2025\nAcrossfromJCTrap\n']","['2025DCR\n04388\n', 'CR\nCCC\n282025\nC\n']","['2025C\n04388\n', 'C\nCCC\nP\n282025\nC\n']",modelv1.0__2026-05-18 08:48:43
D:/moth_photos/database\batch_20\img_moth_00038771.jpg,"[4000, 6000]",37.82352941176471,"['2025DCR\n04389\n', 'SanteeCoastalReserve\nCharlestonCoSC\nEFLoPresti\n28March2025\nAcrossfromJCTrap\n']","['2025DCR\n04389\n', 'CR\nCCC\n282025\nC\n']","['2025C\n04389\n', 'C\nCCC\nP\n282025\nC\n']",modelv1.0__2026-05-18 08:48:43
D:/moth_photos/database\batch_20\img_moth_00038772.jpg,"[4000, 6000]",37.509803921568626,"['2025DCR\n04390\n', 'SanteeCoastalReserve\nCharlestonCoSC\nEFLOPresti\n28March2025\n\nAcrossfromJCTrapo\n']","['2025DCR\n04390\n', 'CR\nCCC\n282025\n\nC\n']","['2025C\n04390\n', 'C\nCCC\nP\n282025\n\nC\n']",modelv1.0__2026-05-18 08:48:43
D:/moth_photos/database\batch_20\img_moth_00038773.jpg,"[4000, 6000]",37.470588235294116,"['be\n2025DCR\n04391\n', 'SanteeCoastalReserve\nCharlestonCoSC\nEFLoPresti\n28March2025\nAcrossfromJCTrap\n']","['2025DCR\n04391\n', 'CR\nCCC\n282025\nC\n']","['2025C\n04391\n', 'C\nCCC\nP\n282025\nC\n']",modelv1.0__2026-05-18 08:48:43
D:/moth_photos/database\batch_20\img_moth_00038774.jpg,"[4000, 6000]",37.62745098039216,"['2025DCR\n04392\n', 'SanteeCoastalReserve\nCharlesitonCoSC\nEFLoPresti\n28March2025\nAcrossfromJCTrap\n']","['2025DCR\n04392\n', 'CR\nCCC\n282025\nC\n']","['2025C\n04392\n', 'C\nCCC\nP\n282025\nC\n']",modelv1.0__2026-05-18 08:48:43
D:/moth_photos/database\batch_20\img_moth_00038775.jpg,"[4000, 6000]",37.411764705882355,"['2025DCR\n04393\n', 'SanteeCoastalReserve\nCharlestonCoSC\nEFLoPresti\n28March2025\nAcrossfromJCTrap\n']","['2025DCR\n04393\n', 'CR\nCCC\n282025\nC\n']","['2025C\n04393\n', 'CP\nCCC\nP\n28W2025\nC\n']",modelv1.0__2026-05-18 08:48:43
D:/moth_photos/database\batch_20\img_moth_00038776.jpg,"[4000, 6000]",37.470588235294116,"['2025DCR\n04394\n', 'SanteeCoastalReserve\nCharlestonCoSC\nEFLoPresti\n28March2025\nAcrossfromJCTrap\n']","['2025DCR\n04394\n', 'CR\nCCC\n282025\nC\n']","['2025C\n04394\n', 'C\nCCC\nP\n282025\nC\n']",modelv1.0__2026-05-18 08:48:43
D:/moth_photos/database\batch_20\img_moth_00038777.jpg,"[4000, 6000]",37.35294117647059,"['2025DCR\n04395\n', 'SanteeCoastalReserve\nCharlestonCoSC\nEFlkoPresti\n28March2025\nAcrossfromJCTrap\n']","['2025DCR\n04395\n', 'CR\nCCC\nR\n282025\nC\n']","['2025C\n04395\n', 'C\nCCC\nP\n282025\nC\n']",modelv1.0__2026-05-18 08:48:43
D:/moth_photos/database\batch_20\img_moth_00038778.jpg,"[4000, 6000]",37.411764705882355,"['2025DCR\n04396\n', 'SanteeCoastalReserve\nCharlestonCoSC\nEFLoPresti\n28March2025\nAcrossfromJCTrap\n']","['2025DCR\n04396\n', 'CR\nCCC\n282025\nC\n']","['2025PC\n04396\n', 'C\nCCC\nP\n282025\nC\n']",modelv1.0__2026-05-18 08:48:43
D:/moth_photos/database\batch_20\img_moth_00038779.jpg,"[4000, 6000]",37.3921568627451,"['2025DCR\n04397\n', 'SanteeCoastalReserve\nCharlestonCoSC\nEFLoPresti\n28March2025\nAcrossfromJCTrap\n']","['2025DCR\n04397\n', 'CR\nCCC\n282025\nC\n']","['2025C\n04397\n', 'C\nCCC\nP\n282025\nC\n']",modelv1.0__2026-05-18 08:48:43
D:/moth_photos/database\batch_20\img_moth_00038780.jpg,"[4000, 6000]",37.96,"['2025DCR\n04398\n', 'vanteeCoastalReserve\nCharlestonCoSC\nEFLoPresti\n28March2025\nAcrossfromJCTrap\n']","['2025DCR\n04398\n', 'CR\nCCC\n282025\nC\n']","['2025C\n04398\n', 'CP\nCCC\nP\n282025\nC\n']",modelv1.0__2026-05-18 08:48:43
D:/moth_photos/database\batch_20\img_moth_00038781.jpg,"[4000, 6000]",37.35294117647059,"['2025DCR\n04399\n', 'SanteeCoastalReserve\nCharlestonCoSC\nEFLoPresti\n28March2025\nAcrossfromJCTrap\n']","['2025DCR\n04399\n', 'CR\nCCC\n282025\nC\n']","['2025C\n04399\n', 'C\nCCC\nP\n282025\nC\n']",modelv1.0__2026-05-18 08:48:43
D:/moth_photos/database\batch_20\img_moth_00038782.jpg,"[4000, 6000]",37.980000000000004,"['2025DCR\n04400\n', 'SanteeCoastalReserve\nCharlestonCoSC\nEFLtoPresti\n28March2025\nAcrossfromJCTrap\n']","['2025DCR\n04400\n', 'CR\nCCC\n282025\nC\n']","['2025C\n04400\n', 'C\nCCC\nPP\n282025\nC\n']",modelv1.0__2026-05-18 08:48:43
D:/moth_photos/database\batch_20\img_moth_00038783.jpg,"[4000, 6000]",37.3921568627451,"['2025DCR\n04401\n', 'SanteeCoastalReserve\nCharlestonCoSC\nEFLoPresti\n28March2025\nAcrossfromJCTrap\n']","['2025DCR\n04401\n', 'CR\nCCC\n282025\nC\n']","['2025C\n04401\n', 'C\nCCC\nP\n282025\nC\n']",modelv1.0__2026-05-18 08:48:43
D:/moth_photos/database\batch_20\img_moth_00038784.jpg,"[4000, 6000]",37.900000000000006,"['2025DCR\n04402\n', 'SanteeCoastalReserve\nCharlestonCoSC\nEFLoPresti\n28March2025\nAcrossfromJCTrao\n']","['2025DCR\n04402\n', 'CR\nCCC\n282025\nC\n']","['2025C\n04402\n', 'C\nCCC\nP\n282025\nC\n']",modelv1.0__2026-05-18 08:48:43
D:/moth_photos/database\batch_20\img_moth_00038785.jpg,"[4000, 6000]",37.96,"['bothearmites\n\nEFL2024\n', '2025DCR\n04403\n', '23Octdber2025\n\nanteeCoastalReserve\nCharlestonCoSC\nEFLoPresti\nPJ GGieTrap\n']","['2024\n', '2025DCR\n04403\n', '232025\n\nCR\nCCC\n66\n']","['2024\n', '2025C\n04403\n', '232025\n\nC\nCCC\nP\nP 66\n']",modelv1.0__2026-05-18 08:48:43
D:/moth_photos/database\batch_20\img_moth_00038786.jpg,"[4000, 6000]",37.58823529411765,"['2025DCR\n04404\n', 'SanteeCoastalReserve\nCharlestonCoSC\nEFLoPresti\n5November2025\nTripsacumSites182Trap\n\n']","['2025DCR\n04404\n', 'CR\nCCC\n52025\n\n182\n\n']","['2025C\n04404\n', 'C\nCCC\nP\n52025\n182\n\n']",modelv1.0__2026-05-18 08:48:43
D:/moth_photos/database\batch_20\img_moth_00038787.jpg,"[4000, 6000]",38.06,"['2025DCR\n04405\n', 'SanteeCoastalReserve\nCharlestonCoSC\nEFLoPresti\n5November2025\nTripsacumSites182Trap\n']","['2025DCR\n04405\n', 'CR\nCCC\n52025\n\n182\n']","['2025C\n04405\n', 'C\nCCC\nP\n52025\n182\n']",modelv1.0__2026-05-18 08:48:43
D:/moth_photos/database\batch_20\img_moth_00038788.jpg,"[4000, 6000]",37.35294117647059,"['2025DCR\n04406\n', 'SanteeCoastalReserve\nCharlestomCoSC\nEFLoPresti\n5November2025\nTriosacumSites182Trap\n\n']","['2025DCR\n04406\n', 'CR\nCCC\n52025\n\n182\n\n']","['2025C\n04406\n', 'C\nCCC\nP\n52025\n182\n\n']",modelv1.0__2026-05-18 08:48:43
D:/moth_photos/database\batch_20\img_moth_00038789.jpg,"[4000, 6000]",38.08,"['2025DCR\n04407\n', 'SanteeCoastalReserve\nCharlestonCoSC\nEFLoPresti\n5November2025\nTriosacumSites182Trap\n']","['2025DCR\n04407\n', 'CR\nCCC\n52025\n\n182\n']","['2025C\n04407\n', 'C\nCCC\nP\n52025\n182\n']",modelv1.0__2026-05-18 08:48:43
D:/moth_photos/database\batch_20\img_moth_00038790.jpg,"[4000, 6000]",37.980000000000004,"['2025DCR\n04408\n', 'YSanteeCoastalReserve\nCharlestonCoSC\no EFlkoPresti\n14October2025\nWw MeedewTrap\n']","['2025DCR\n04408\n', 'CR\nCCC\n1402025\n']","['2025C\n04408\n', 'C\nCCC\nP\n1402025\nWW\n']",modelv1.0__2026-05-18 08:48:43
D:/moth_photos/database\batch_20\img_moth_00038791.jpg,"[4000, 6000]",37.490196078431374,"['2025DCR\n04409\n', 'noearmites\nELoPresti2025\n', 'SanteeCoastalReserve\nSg CharlestonCoSC\nFLoPresti\nrd he 14October2025\nMeeedorTrap\n']","['2025DCR\n04409\n', 'C2025\n', 'CR\nCCC\n4 142025\n1\n']","['2025C\n04409\n', 'CP2025\n', 'C\nCCC\nP\n4 142025\nW1\n']",modelv1.0__2026-05-18 08:48:43
D:/moth_photos/database\batch_20\img_moth_00038792.jpg,"[4000, 6000]",38.0,"['2025DCR\n04410\n', 'santeeCoastal Reserv\nA Sere CoSC\nEFLoPresti\n14October2025\nv MeedowTrap\n']","['2025DCR\n04410\n', 'C R\nCC\n142025\n']","['2025C\n04410\n', 'C\n\nCC\n\nP\n142025\n']",modelv1.0__2026-05-18 08:48:43
D:/moth_photos/database\batch_20\img_moth_00038793.jpg,"[4000, 6000]",38.0,"['2025DCR\n04411\n', 'SanteeCoastalReserv\nCharlestonCoSC\nELoPresti\nWv 14October2025\nnt qMeerowTrap\n']","['2025DCR\n04411\n', 'CR\nCCC\n142025\n']","['2025C\n04411\n', 'C\nCCC\nP\nW 142025\n']",modelv1.0__2026-05-18 08:48:43
D:/moth_photos/database\batch_20\img_moth_00038794.jpg,"[4000, 6000]",38.04,"['2025DCR\n04412\n', 'Grensst\n\nSanteeCoastalReserv\nCharlestonCoSC\nEFLoPresti\nW14October2025\nMeedewTrap\n']","['2025DCR\n04412\n', 'C\n\nCR\nCCC\n14D2025\n']","['2025C\n04412\n', 'C\n\nCP\nCCC\n\nP\n\nW142025\n']",modelv1.0__2026-05-18 08:48:43
D:/moth_photos/database\batch_20\img_moth_00038795.jpg,"[4000, 6000]",37.70588235294117,"['2025DCR\n04413\n', 'SanteeCoastalReserve\nCharlestonCoSC\nEFLoPresti\n22October2025\nfaCapeTrap\n']","['2025DCR\n04413\n', 'CR\nCCC\n222025\nC\n']","['2025C\n04413\n', 'C\nCCC\nP\n222025\nC\n']",modelv1.0__2026-05-18 08:48:43
D:/moth_photos/database\batch_20\img_moth_00038796.jpg,"[4000, 6000]",37.666666666666664,"['2025DCR\n04414\n', 'SanteeCoastalReserve\nCharlestonCoSC\nEFLoPresti\n22October2025\neCapeTrap\n']","['2025DCR\n04414\n', 'CR\nCCC\n222025\nC\n']","['2025C\n04414\n', 'C\nCCC\nP\n222025\nC\n']",modelv1.0__2026-05-18 08:48:43
D:/moth_photos/database\batch_20\img_moth_00038797.jpg,"[4000, 6000]",37.35294117647059,"['2025DCR\n04415\n', 'SanteeCoastalReserve\nCharlestonCoSC\nEFLdPresti\n22October2025\nWCapeTrap\n']","['2025DCR\n04415\n', 'CR\nCCC\n222025\nC\n']","['2025C\n04415\n', 'C\nCCC\nP\n222025\nWC\n']",modelv1.0__2026-05-18 08:48:43
D:/moth_photos/database\batch_20\img_moth_00038798.jpg,"[4000, 6000]",37.372549019607845,"['2025DCR\n04416\n', 'SanteeCoastalReserve\nCharlestonCoSC\nEFLoPresti\n22October2025\narCapeTrao\n']","['2025DCR\n04416\n', 'CR\nCCC\n22C2025\nC\n']","['2025PC\n04416\n', 'C\nCCC\nP\n22C2025\nC\n']",modelv1.0__2026-05-18 08:48:43
D:/moth_photos/database\batch_20\img_moth_00038799.jpg,"[4000, 6000]",37.3921568627451,"['2025DCR\n04417\n', 'SanteeCoastalReserve\nCharlestonCoSC\nEFLoPresti\n23October2025\nFarCapeTrao\n']","['2025DCR\n04417\n', 'CR\nCCC\n23C2025\nC\n']","['2025C\n04417\n', 'C\nCCC\nP\n23C2025\nC\n']",modelv1.0__2026-05-18 08:48:43
D:/moth_photos/database\batch_20\img_moth_00038800.jpg,"[4000, 6000]",37.96,"['2025DCR\n04418\n', 'SanteeCoastalReserve\nCharlestonCoSC\nEFLoPresti\n23October2025\nFarCapeTrap\n']","['2025DCR\n04418\n', 'CR\nCC0C\n232025\nC\n']","['2025C\n04418\n', 'C\nCC0C\nP\n232025\nC\n']",modelv1.0__2026-05-18 08:48:43
D:/moth_photos/database\batch_20\img_moth_00038801.jpg,"[4000, 6000]",37.58823529411765,"['2025DCR\n04419\n', 'SanteeCoastalReserve\nCharlestonCoSC\nEFLoPresti\n23October2025\nFarCapeTrap\n']","['2025DCR\n04419\n', 'CR\nCCC\n232025\nC\n']","['2025C\n04419\n', 'C\nCCC\nP\n232025\nC\n']",modelv1.0__2026-05-18 08:48:43
D:/moth_photos/database\batch_20\img_moth_00038802.jpg,"[4000, 6000]",37.35294117647059,"['7025DCR\n04420\n', 'SanteeCoastalReserve\nCharlestonCoSC\nEFLoPresti\n23October2025\nFarCapeTrap\n']","['7025DCR\n04420\n', 'CR\nCCC\n232025\nC\n']","['7025C\n04420\n', 'CP\nCCC\nP\n232025\nC\n']",modelv1.0__2026-05-18 08:48:43
D:/moth_photos/database\batch_20\img_moth_00038803.jpg,"[4000, 6000]",37.470588235294116,"['2025DCR\n04421\n', 'SanteeCoastalReserve\nCharlestonCoSC\nEFLoPresti\n23October2025\nFarCapeTrap\n']","['2025DCR\n04421\n', 'CR\nCCC\n23C2025\nC\n']","['2025C\n04421\n', 'C\nCCC\nP\n23C2025\nC\n']",modelv1.0__2026-05-18 08:48:43
D:/moth_photos/database\batch_20\img_moth_00038804.jpg,"[4000, 6000]",37.94,"['2025DCR\n04422\n', 'wSanteeCoastalResen\nCharlestonCoSC\n4 EFLoPresti\n15October2025\nqJamesCanebrakeTra\n']","['2025DCR\n04422\n', 'CR\nCC0C\n4\n\n152025\nC\n']","['2025C\n04422\n', 'CP\nCC0C\n4 PP\n\n152025\nC\n']",modelv1.0__2026-05-18 08:48:43
D:/moth_photos/database\batch_20\img_moth_00038805.jpg,"[4000, 6000]",37.490196078431374,"['2025DCR\n04423\n', 'noear mites\nELoPresti2025\n', 'SanteeCoastalReserve\na 3 CharlestonCoSC\n3 EFLoPresti\nJt15October2025\nKJamesCanebrakeTrap\n']","['2025DCR\n04423\n', '2025\n', 'CR\n3 CCC\n3\n3C15C2025\nC\n']","['2025C\n04423\n', 'P2025\n', 'C\n3 CCC\n3 P\n3C15C2025\nC\n']",modelv1.0__2026-05-18 08:48:43
D:/moth_photos/database\batch_20\img_moth_00038806.jpg,"[4000, 6000]",37.431372549019606,"['2025DCR\n04424\n', 'SanteeCoastalReserve\nCharlestonCoSC\nEFLoPresti\n15October2025\nJamesCanebrakeTrap\n']","['2025DCR\n04424\n', 'CR\nCCC\n152025\nC\n']","['2025C\n04424\n', 'C\nCCC\nP\n152025\nC\n']",modelv1.0__2026-05-18 08:48:43
D:/moth_photos/database\batch_20\img_moth_00038807.jpg,"[4000, 6000]",37.470588235294116,"['bothearmites\n\nEFL2024\n', '2025DCR\n04425\n', 'SanteeCoastalReserve\nCharlestonCoSC\nEFLoPresti\n22Novempber2025\nGatorRoadTrap\n']","['2024\n', '2025DCR\n04425\n', 'CR\nCCC\n222025\n\nR\n']","['P2024\n', '2025C\n04425\n', 'CP\nCCC\nP\n222025\n']",modelv1.0__2026-05-18 08:48:43
D:/moth_photos/database\batch_20\img_moth_00038808.jpg,"[4000, 6000]",38.02,"['2025DCR\n04426\n', 'noearmites\nEs6LoPresti2075\n', 'SanteeCoastalReserve\nCharlestonCoSC\nEFLoPresti\n22November2025\nGatorRoadTrap\n']","['2025DCR\n04426\n', '6R2075\n', 'CR\nCC0C\n222025\n\nR\n']","['2025C\n04426\n', '6P2075\n', 'C\nCC0C\nP\n222025\n']",modelv1.0__2026-05-18 08:48:43
D:/moth_photos/database\batch_20\img_moth_00038809.jpg,"[4000, 6000]",37.3921568627451,"['2025DCR\n04427\n', 'left ear mites\nEFL2024\n', 'SanteeCoastalReserve\nCharlestonCoSC\nEFLoPresti\n22November2025\nGatorRoadTrap\n']","['2025DCR\n04427\n', '2024\n', 'CR\nCCC\n222025\n\nR\n']","['2025C\n04427\n', '2024\n', 'C\nCCC\nP\n222025\n']",modelv1.0__2026-05-18 08:48:43
D:/moth_photos/database\batch_20\img_moth_00038810.jpg,"[4000, 6000]",37.3921568627451,"['2025DCR\n04428\n', 'noearmites\nELoPresti2025\n', 'SanteeCoastalReserve\nCharlestonCoSC\nEFLoPresti\n22Novefnber2025\nGatorRoadTrap\n']","['2025DCR\n04428\n', '2025\n', 'CR\nCCC\n222025\n\nR\n']","['2025C\n04428\n', 'P2025\n', 'C\nCCC\nP\n222025\n']",modelv1.0__2026-05-18 08:48:43
D:/moth_photos/database\batch_20\img_moth_00038811.jpg,"[4000, 6000]",37.450980392156865,"['2025DCR\n04429\n', 'SanteeCoastalReserve\nCharlestonCoSC\nEFLoPresti\n22November2025\nGatorRoadTrap\n']","['2025DCR\n04429\n', 'CR\nCCC\n222025\n\nR\n']","['2025C\n04429\n', 'C\nCCC\nP\n222025\n']",modelv1.0__2026-05-18 08:48:43
D:/moth_photos/database\batch_20\img_moth_00038812.jpg,"[4000, 6000]",37.88,"['bothearmites\n\nEFL2024\n', '2025DCR\n04430\n', 'SanteeCoastalReserve\nChariestonCoSC\nEFLoPresti\n22Noveniber2025\nTripsacumTrap\n']","['C2024\n', '2025DCR\n04430\n', 'CR\nCCC\n222025\n']","['C2024\n', '2025C\n04430\n', 'C\nCCC\nP\n222025\n']",modelv1.0__2026-05-18 08:48:43
D:/moth_photos/database\batch_20\img_moth_00038813.jpg,"[4000, 6000]",37.431372549019606,"['2025DCR\n04431\n', 'noearmites\nELoPresti2025\n', 'SanteeCoastalReserve\nCharlestonCoSC\nEFLtoPresti\n22November2025\nTriosacumTrap\n']","['2025DCR\n04431\n', 'C2025\n', 'CR\nCCC\n222025\n']","['2025C\n04431\n', 'CP2025\n', 'C\nCCC\nP\n222025\n']",modelv1.0__2026-05-18 08:48:43
D:/moth_photos/database\batch_20\img_moth_00038814.jpg,"[4000, 6000]",37.431372549019606,"['2025DCR\n04432\n', 'SanteeCoastalReserve\nCharlestonCoSC\nEFLoPresti\n22November2025\nTripsacumTrap\n']","['2025DCR\n04432\n', 'CR\nCCC\n222025\n']","['2025C\n04432\n', 'C\nCCC\nP\n222025\n']",modelv1.0__2026-05-18 08:48:43
D:/moth_photos/database\batch_20\img_moth_00038815.jpg,"[4000, 6000]",37.490196078431374,"['2025DCR\n04433\n', 'leftearmites\ne\n\nEFL2024\n', 'SanteeCoastalReserve\nCharlestonCoSC\nEFLoPresti\n22November2025\nTriosacumTrap\n']","['2025DCR\n04433\n', '2024\n', 'CR\nCCC\n222025\n']","['2025C\n04433\n', '2024\n', 'CP\nCCC\nP\n222025\n']",modelv1.0__2026-05-18 08:48:43
D:/moth_photos/database\batch_20\img_moth_00038816.jpg,"[4000, 6000]",37.92,"['2025DCR\n04434\n', 'SanteeCoastalReserve\nCharlestonCoSC\nEFLoPresti\n22November2025\nTripsacumTrap\n']","['2025DCR\n04434\n', 'CR\nCCC\n222025\n']","['2025C\n04434\n', 'C\nCCC\nP\n222025\n']",modelv1.0__2026-05-18 08:48:43
D:/moth_photos/database\batch_20\img_moth_00038817.jpg,"[4000, 6000]",37.64705882352941,"['2025DCR\n04435\n', 'SanteeCoastalReserve\nCharlestonCoSC\nEFLoPresti\n22November2025\nTriosacumTrap\n']","['2025DCR\n04435\n', 'CR\nCCC\n222025\n']","['2025C\n04435\n', 'C\nCCC\nPP\n222025\n']",modelv1.0__2026-05-18 08:48:43
D:/moth_photos/database\batch_20\img_moth_00038818.jpg,"[4000, 6000]",37.431372549019606,"['2025DCR\n04436\n', 'SanteeCoastalReserve\nCharlestonCoSC\nEFLoPresti\n22November2025\nTriosacumTrap\n']","['2025DCR\n04436\n', 'CR\nCCC\n222025\n']","['2025C\n04436\n', 'C\nCCC\nP\n222025\n']",modelv1.0__2026-05-18 08:48:43
D:/moth_photos/database\batch_20\img_moth_00038819.jpg,"[4000, 6000]",37.96,"['2025DCR\n04437\n', 'SanteeCoastalReserve\nCharlestonCoSC\nEFLoPresti\n22November2025\nTriosacumTrap\n']","['2025DCR\n04437\n', 'CR\nCCC\n222025\n']","['2025C\n04437\n', 'C\nCCC\nP\n222025\n']",modelv1.0__2026-05-18 08:48:43
D:/moth_photos/database\batch_20\img_moth_00038820.jpg,"[4000, 6000]",37.490196078431374,"['2025DCR\n04438\n', 'SanteeCoastalReserve\nCharlestonCoSC\nEFLoPresti\n21November2025\nTripsacumTrap\n']","['2025DCR\n04438\n', 'CR\nCC0C\n212025\n']","['2025C\n04438\n', 'C\nCC0C\nP\n212025\n']",modelv1.0__2026-05-18 08:48:43
D:/moth_photos/database\batch_20\img_moth_00038821.jpg,"[4000, 6000]",37.980000000000004,"['2025DCR\n04439\n', 'SanteeCoastalReserve\nCharlestonCoSC\nEFLoPresti\n21November2025\nTriosacumTrap\n']","['2025DCR\n04439\n', 'CR\nCCC\n212025\n']","['2025C\n04439\n', 'C\nCCC\nP\n212025\n']",modelv1.0__2026-05-18 08:48:43
D:/moth_photos/database\batch_20\img_moth_00038822.jpg,"[4000, 6000]",37.509803921568626,"['2025DCR\n04440\n', 'SanteeCoastalReserve\nCharlestonCoSC\nEFLoPresti\n21Noveniber2025\nTripsacumTrap\n\n']","['2025DCR\n04440\n', 'CR\nCCC\n212025\n\n']","['2025PC\n04440\n', 'C\nCCC\nP\n212025\n\n']",modelv1.0__2026-05-18 08:48:43
D:/moth_photos/database\batch_20\img_moth_00038823.jpg,"[4000, 6000]",37.900000000000006,"['2025DCR\n04441\n', 'SanteeCoastalReserve\nCharlestonmCoSC\nEFLoPresti\n21November2025\nTriosacumTrap\n', 'noearmites\nELoPresti2025\n']","['2025DCR\n04441\n', 'CR\nCCC\n212025\n', '2025\n']","['2025C\n04441\n', 'C\nCCC\nP\n212025\n', 'P2025\n']",modelv1.0__2026-05-18 08:48:43
D:/moth_photos/database\batch_20\img_moth_00038824.jpg,"[4000, 6000]",38.02,"['2025DCR\n04442\n', 'SanteeCoastalReserve\nCharlestonCoSC\nEFLoPresti\n21November2025\nTripsacumTrapo\n', 'no ear mites\nELoPresti2025\n']","['2025DCR\n04442\n', 'CR\nCCC\n212025\n', '2025\n']","['2025C\n04442\n', 'C\nCCC\nP\n212025\n', 'P2025\n']",modelv1.0__2026-05-18 08:48:43
D:/moth_photos/database\batch_20\img_moth_00038825.jpg,"[4000, 6000]",37.980000000000004,"['2025DCR\n04443\n', 'noearmites\nF1QPrecti9NIG\n', 'SanteeCoastalReserve\nCharlestonCoSC\nEFLoPresti\n21November2025\nTriosacumTrap\n']","['2025DCR\n04443\n', '1R90\n', 'CR\nCCC\n212025\n']","['2025C\n04443\n', '1P90\n', 'C\nCCC\nP\n212025\n']",modelv1.0__2026-05-18 08:48:43
D:/moth_photos/database\batch_20\img_moth_00038826.jpg,"[4000, 6000]",37.411764705882355,"['2025DCR\n04444\n', 'SanteeCoastalReserve\nCharlestonCoSC\nEFLoPresti\n21November2025\nTripsacumTrap\n']","['2025DCR\n04444\n', 'CR\nCCC\n212025\n']","['2025C\n04444\n', 'C\nCCC\nP\n212025\n']",modelv1.0__2026-05-18 08:48:43
D:/moth_photos/database\batch_20\img_moth_00038827.jpg,"[4000, 6000]",38.04,"['2025DCR\n04445\n', 'SanteeCoastalReserve\nCharlestonCoSC\nEFtoPresti\n21November2025\nTripsacumTrap\n']","['2025DCR\n04445\n', 'CR\nCCC\n212025\n']","['2025C\n04445\n', 'C\nCCC\nP\n212025\n']",modelv1.0__2026-05-18 08:48:43
D:/moth_photos/database\batch_20\img_moth_00038828.jpg,"[4000, 6000]",37.94,"['2025DCR\n04446\n', 'SanteeCoastalReserve\nCharlestonCoSC\nEFLoPresti\n21November2025\nTriosacumTrap\n']","['2025DCR\n04446\n', 'CR\nCCC\n212025\n']","['2025PC\n04446\n', 'C\nCCC\n\nP\n212025\n']",modelv1.0__2026-05-18 08:48:43
D:/moth_photos/database\batch_20\img_moth_00038829.jpg,"[4000, 6000]",37.666666666666664,"['2025DCR\n04447\n', 'SanteeCoastalReserve\nCharlestonCoSC\nEFLoPresti\n21November2025\nTripsacumTrap\n']","['2025DCR\n04447\n', 'CR\nCCC\n212025\n']","['2025C\n04447\n', 'C\nCCC\nP\n212025\n']",modelv1.0__2026-05-18 08:48:43
D:/moth_photos/database\batch_20\img_moth_00038830.jpg,"[4000, 6000]",37.64705882352941,"['2025DCR\n04448\n', 'noearmites\nELoPresti2025\n', 'SanteeCoastalReserve\nCharlestonCoSC\nEFLoPresti\n21November2025\nTripsacumTrap\n']","['2025DCR\n04448\n', '2025\n', 'CR\nCCC\n212025\n']","['2025C\n04448\n', 'P2025\n', 'C\nCCC\nP\n212025\n']",modelv1.0__2026-05-18 08:48:43
D:/moth_photos/database\batch_20\img_moth_00038831.jpg,"[4000, 6000]",37.94,"['2025DCR\n04449\n', 'SanteeCoastalReserve\nCharlestonCoSC\nEFLoPresti\n22November2025\nHamptonPlantation Trap\n\n']","['2025DCR\n04449\n', 'CR\nCC0C\n222025\n\n']","['2025C\n04449\n', 'C\nCC0C\nP\n222025\nP\n\n']",modelv1.0__2026-05-18 08:48:43
D:/moth_photos/database\batch_20\img_moth_00038832.jpg,"[4000, 6000]",37.86,"['2025DCR\n04450\n', 'noearmites\nELoPresti2025\n', 'SanteeCoastalReserve\nCharlestonCoSC\n\nEFLoPresti\n22November2025 Haeetor\n\nBeeTranPtAhe\n']","['2025DCR\n04450\n', '2025\n', 'CR\nCCC\n\n222025\n\nR\n']","['2025PC\n04450\n', 'P2025\n', 'C\nCCC\n\nP\n222025\n\nP\n']",modelv1.0__2026-05-18 08:48:43
D:/moth_photos/database\batch_20\img_moth_00038833.jpg,"[4000, 6000]",37.94,"['2025DCR\n04451\n', 'noearmites\nELoPresti2025\n', 'SanteeCoastalReserve\nCharlestonCoSC\nEPLoPresti\n22November2025\nHamoptonPlantationTrap\n']","['2025DCR\n04451\n', '2025\n', 'CR\nCCC\n222025\n']","['2025C\n04451\n', 'P2025\n', 'C\nCCC\nPP\n222025\nP\n']",modelv1.0__2026-05-18 08:48:43
D:/moth_photos/database\batch_20\img_moth_00038834.jpg,"[4000, 6000]",37.96,"['2025DCR\n04452\n', 'SanteeCoastalReserve\nCharlestonCoSC\nEFLoPresti\n\n22November2025\nHamotonPlantationTrao\n']","['2025DCR\n04452\n', 'CR\nCCC\n6\n\n222025\n']","['2025C\n04452\n', 'CP\nCCC\n6P\n\n222025\nP\n']",modelv1.0__2026-05-18 08:48:43
D:/moth_photos/database\batch_20\img_moth_00038835.jpg,"[4000, 6000]",37.431372549019606,"['2025DCR\n04453\n', 'SanteeCoastalReserve\nCharlestonCoSC\nEFLoPresti\n22Novemaber2025\nHamptonPlantationTrao\n']","['2025DCR\n04453\n', 'CR\nCCC\n222025\n']","['2025C\n04453\n', 'C\nCCC\nP\n222025\nP\n']",modelv1.0__2026-05-18 08:48:43
D:/moth_photos/database\batch_20\img_moth_00038836.jpg,"[4000, 6000]",37.900000000000006,"['2025DCR\n04454\n', 'SanteeCoastalReserve\nCharlestonCoSC\nEFLoPresti\n22Novernber 2025\n\nHampton PlantationTrao\n']","['2025DCR\n04454\n', 'CR\nCC0C\n22 2025\n']","['2025C\n04454\n', 'C\nCC0C\nP\n22 2025\n\nP\n']",modelv1.0__2026-05-18 08:48:43
D:/moth_photos/database\batch_20\img_moth_00038837.jpg,"[4000, 6000]",37.94,"['2025DCR\n04455\n', 'SanteeCoastalReserve\nCharlestonCoSC\nEFLoPresti\n22November2025\nHamotonPlantationTrao\n']","['2025DCR\n04455\n', 'CR\nCCC\n222025\n']","['2025C\n04455\n', 'C\nCCC\nP\n222025\nP\n']",modelv1.0__2026-05-18 08:48:43
D:/moth_photos/database\batch_20\img_moth_00038838.jpg,"[4000, 6000]",37.980000000000004,"['2025DCR\n04456\n', 'Santee CoastalReserve\nCharlestonCo S\nEFLoPresti\n22November 2025\nHampton PlantationTrap\n\n']","['2025DCR\n04456\n', 'CR\nCC\n22 2025\n\n']","['2025PC\n04456\n', 'C\nCC\nP\n22 2025\nP\n\n']",modelv1.0__2026-05-18 08:48:43
D:/moth_photos/database\batch_20\img_moth_00038839.jpg,"[4000, 6000]",37.74,"['2025DCR\n04458\n', 'SanteeCoastailReserve\nCharlestonCoSC\nEFLoPresti\n22Novemiber2025\nHamotonPlantationTrao\n']","['2025DCR\n04458\n', 'CR\nCCC\n222025\n']","['2025C\n04458\n', 'C\nCCC\nP\n222025\nP\n']",modelv1.0__2026-05-18 08:48:43
D:/moth_photos/database\batch_20\img_moth_00038840.jpg,"[4000, 6000]",37.980000000000004,"['2025DCR\n04457\n', 'SanteeCoastalReserve\nCharlestonCoSC\nEFLoPresti\n22November2025\nHamotonPlantationTrap\n']","['2025DCR\n04457\n', 'CR\nCCC\n222025\n']","['2025PC\n04457\n', 'C\nCCC\nP\n222025\nP\n']",modelv1.0__2026-05-18 08:48:43
D:/moth_photos/database\batch_20\img_moth_00038841.jpg,"[4000, 6000]",37.88,"['2025DCR\n04459\n', 'SanteeCoastalReserve\nCharlestonCoSC\nEFLoPresti\n22November2025\nHamptonPlantationTrap\n']","['2025DCR\n04459\n', 'CR\nCCC\n222025\n']","['2025C\n04459\n', 'C\nCCC\nP\n222025\nP\n']",modelv1.0__2026-05-18 08:48:43
D:/moth_photos/database\batch_20\img_moth_00038842.jpg,"[4000, 6000]",37.980000000000004,"['2025DCR\n04460\n', 'SanteeCoastalReserve\nCharlestonCoSC\nEFLoPresti\n22Noventber2025\nHamoptonPlantationTrao\n']","['2025DCR\n04460\n', 'CR\nCCC\n222025\n']","['2025C\n04460\n', 'C\nCCC\nP\n222025\nP\n']",modelv1.0__2026-05-18 08:48:43
D:/moth_photos/database\batch_20\img_moth_00038843.jpg,"[4000, 6000]",37.92,"['2025DCR\n04461\n', 'SanteeCoastalReserve\nCharlestonCoSC\nEFLoPresti\n22November2025\nHamotonPlantationTrao\n']","['2025DCR\n04461\n', 'CR\nCCC\n222025\n']","['2025C\n04461\n', 'CP\nCCC\nP\n222025\nP\n']",modelv1.0__2026-05-18 08:48:43
D:/moth_photos/database\batch_20\img_moth_00038844.jpg,"[4000, 6000]",38.0,"['2025DCR\n04462\n', 'SanteeCoastalReserve\nCharlestonCoSC\nEFLsoPresti\n22November2025\nHamotonPlantationTrao\n']","['2025DCR\n04462\n', 'CR\nCCC\nR\n222025\n']","['2025C\n04462\n', 'C\nCCC\nP\n222025\nP\n']",modelv1.0__2026-05-18 08:48:43
D:/moth_photos/database\batch_20\img_moth_00038845.jpg,"[4000, 6000]",37.470588235294116,"['2025DCR\n04463\n', 'SanteeCoastalReserve\nCharlestonCoSC\nEFLoPresti\n22November2025\nHamptonPlantationTrap\n']","['2025DCR\n04463\n', 'CR\nCCC\n222025\n']","['2025C\n04463\n', 'CP\nCCC\nP\n222025\nP\n']",modelv1.0__2026-05-18 08:48:43
D:/moth_photos/database\batch_20\img_moth_00038846.jpg,"[4000, 6000]",37.980000000000004,"['2025DCR\n04464\n', 'SanteeCoastalReserve\nCharlestonCoSC\nEFLoPresti\n22November2025\nHamotonPlantationTrap\n']","['2025DCR\n04464\n', 'CR\nCCC\n222025\n']","['2025C\n04464\n', 'C\nCCC\nP\n222025\nP\n']",modelv1.0__2026-05-18 08:48:43
D:/moth_photos/database\batch_20\img_moth_00038847.jpg,"[4000, 6000]",37.88,"['2025DCR\n04465\n', 'SanteeCoastalReserve\nCharlestonCoSC\nEFLoPresti\n22November2025\nCollinsCreekTrap\n']","['2025DCR\n04465\n', 'CR\nCCC\n222025\nCC\n']","['2025C\n04465\n', 'C\nCCC\nP\n222025\nCC\n']",modelv1.0__2026-05-18 08:48:43
D:/moth_photos/database\batch_20\img_moth_00038848.jpg,"[4000, 6000]",38.04,"['2025DCR\n04466\n', 'SanteeCoastalReserve\nCharlestonCoSC\nEFLoPresti\n22November2025\n\nCollinsCreekTrap\n', 'noearmites\n\nELoPresti2025\n']","['2025DCR\n04466\n', 'CR\nCCC\n222025\n\nCC\n', 'C2025\n']","['2025C\n04466\n', 'C\nCCC\nP\n222025\n\nCC\n', 'CP2025\n']",modelv1.0__2026-05-18 08:48:43
D:/moth_photos/database\batch_20\img_moth_00038849.jpg,"[4000, 6000]",37.411764705882355,"['2025DCR\n04467\n', 'SanteeCoastalReserve\nChariestonCoSC\nEFLoPtesti\n22November2025\nCollinsCreekTrap\n']","['2025DCR\n04467\n', 'CR\nCCC\n222025\nCC\n']","['2025C\n04467\n', 'C\nCCC\nP\n222025\nCC\n']",modelv1.0__2026-05-18 08:48:43
D:/moth_photos/database\batch_20\img_moth_00038850.jpg,"[4000, 6000]",37.411764705882355,"['2025DCR\n04468\n', 'noearmites\nELoPresti2025\n', 'SanteeCoastalReserve\nCharlestonCoSC\nEFLoPresti\n22November2025\n\nCollinsCreekTrap\n']","['2025DCR\n04468\n', '2025\n', 'CR\nCCC\n222025\nCC\n']","['2025C\n04468\n', 'P2025\n', 'C\nCCC\nP\n222025\n\nCC\n']",modelv1.0__2026-05-18 08:48:43
D:/moth_photos/database\batch_20\img_moth_00038851.jpg,"[4000, 6000]",37.333333333333336,"['2025DCR\n04469\n', 'noearmites\nELoPresti2025\n', 'SanteeCoastalReserve\nCharilestonCoSC\nEFLoPresti\n22November2025\nCollinsCreekTrap\n']","['2025DCR\n04469\n', '2025\n', 'CR\nCCC\n222025\nCC\n']","['2025C\n04469\n', 'P2025\n', 'C\nCCC\nP\n222025\nCC\n']",modelv1.0__2026-05-18 08:48:43
D:/moth_photos/database\batch_20\img_moth_00038852.jpg,"[4000, 6000]",37.509803921568626,"['2025DCR\n04470\n', 'nNoearmites\nELoPresti2025\n', 'SanteeCoastalReserve\nCharlestonCoSC\nEFLoPresti\n22November2025\nCollinsCreekTrap\n']","['2025DCR\n04470\n', '2025\n', 'CR\nCCC\n222025\nCC\n']","['2025C\n04470\n', 'P2025\n', 'C\nCCC\nP\n222025\nCC\n']",modelv1.0__2026-05-18 08:48:43
D:/moth_photos/database\batch_20\img_moth_00038853.jpg,"[4000, 6000]",37.450980392156865,"['2025DCR\n04471\n', 'SanteeCoastalReserve\nCharlestonCoSC\nEFLoPresti\n22November2025\nCollinsCreekTrap\n', 'NOCATIMNNES\nELoPresti2025\n']","['2025DCR\n04471\n', 'CR\nCCC\n222025\nCC\n', 'C\n2025\n']","['2025C\n04471\n', 'C\nCCC\nP\n222025\nCC\n', 'CP\nP2025\n']",modelv1.0__2026-05-18 08:48:43
D:/moth_photos/database\batch_20\img_moth_00038854.jpg,"[4000, 6000]",37.35294117647059,"['2025DCR\n04472\n', 'noearmites\nELoPresti2025\n', 'SanteeCoastalReserve\nCharlestonCoSC\nEFkoPresti\n22November2025\nMarshTrap\n']","['2025DCR\n04472\n', 'C2025\n', 'CR\nCCC\n222025\n']","['2025PC\n04472\n', 'CP2025\n', 'C\nCCC\nP\n222025\n']",modelv1.0__2026-05-18 08:48:43
D:/moth_photos/database\batch_20\img_moth_00038855.jpg,"[4000, 6000]",37.94,"['2025DCR\n04473\n', 'noearmites\nELoPresti2025\n', 'SanteeCoastalReserve\nCharlestonCoSC\nEFLoPresti\n22Novemiber2025\nMarshTrap\n']","['2025DCR\n04473\n', 'C2025\n', 'CR\nCCC\n222025\n']","['2025C\n04473\n', 'CP2025\n', 'C\nCCC\nP\n222025\n']",modelv1.0__2026-05-18 08:48:43
D:/moth_photos/database\batch_20\img_moth_00038856.jpg,"[4000, 6000]",37.80392156862745,"['2025DCR\n04474\n', 'SanteeCoastalReserve\nCharlestonCoSC\nEFLoPresti\n22November2025\nLiveOakTrap\n']","['2025DCR\n04474\n', 'CR\nCCC\nR\n222025\n']","['2025C\n04474\n', 'C\nCCC\nP\n222025\n']",modelv1.0__2026-05-18 08:48:43
D:/moth_photos/database\batch_20\img_moth_00038857.jpg,"[4000, 6000]",37.450980392156865,"['2025DCR\n04475\n', 'SanteeCoastalReserve\nCharlestonCoSC\nEFLoPresti\n22November2025\nLiveOakTrao\n']","['2025DCR\n04475\n', 'CR\nCCC\n222025\n\nC\n']","['2025C\n04475\n', 'C\nCCC\nP\n222025\nC\n']",modelv1.0__2026-05-18 08:48:43
D:/moth_photos/database\batch_20\img_moth_00038858.jpg,"[4000, 6000]",38.06,"['2025DCR\n04476\n', 'SanteeCoastalReserve\nCharlestonCoSC\nEFLoPresti\n2November2025\nLIYEsemieOakTrap\n']","['2025DCR\n04476\n', 'CR\nCCC\n22025\n0\n']","['2025C\n04476\n', 'C\nCCC\nP\n22025\n0\n']",modelv1.0__2026-05-18 08:48:43
D:/moth_photos/database\batch_20\img_moth_00038859.jpg,"[4000, 6000]",38.0,"['2025DCR\n04477\n', 'SanteeCoastalReserve\nCharlestonCoSC\nEFLoPresti\n22November2025\nLiveOakTrap\n']","['2025DCR\n04477\n', 'CR\nCCC\n222025\n']","['2025C\n04477\n', 'C\nCCC\nP\n222025\n']",modelv1.0__2026-05-18 08:48:43
D:/moth_photos/database\batch_20\img_moth_00038860.jpg,"[4000, 6000]",37.35294117647059,"['2025DCR\n\n04478\n', 'NOearmites\nELoPresti2025\n', 'SanteeCoastalReserve\nCharlestonCoSC\nEFLoPresti\n22November2025\nLiveOakTrap\n']","['2025DCR\n\n04478\n', '0\n2025\n', 'CR\nCCC\n222025\n']","['2025C\n\n04478\n', '0\nP2025\n', 'C\nCCC\nP\n222025\n']",modelv1.0__2026-05-18 08:48:43
D:/moth_photos/database\batch_20\img_moth_00038861.jpg,"[4000, 6000]",37.52941176470588,"['2025DCR\n04479\n', 'SanteeCoastalReserve\nCharlestonCoSC\nEFLoPresti\n22November2025\nLiveOakTrap\n']","['2025DCR\n04479\n', 'CR\nCCC\n222025\n']","['2025C\n04479\n', 'C\nCCC\nP\n222025\n']",modelv1.0__2026-05-18 08:48:43
D:/moth_photos/database\batch_20\img_moth_00038862.jpg,"[4000, 6000]",37.470588235294116,"['2025DCR\n04480\n', 'noearmites\nELoPresti2025\n', 'SanteeCoastalReserve\nCharlestonCoSC\nEFLoPresti\n22November2025\n1iveOakTraod\n']","['2025DCR\n04480\n', '2025\n', 'CR\nCC0C\n222025\n\n1\n']","['2025C\n04480\n', 'P2025\n', 'C\nCC0C\nP\n222025\n1\n']",modelv1.0__2026-05-18 08:48:43
D:/moth_photos/database\batch_20\img_moth_00038863.jpg,"[4000, 6000]",38.02,"['2025DCR\n044381\n', 'noear mites\nELoPresti2025\n', 'SanteeCoastalReserve\nCharlestonCoSC\nEFLoPresti\n22November2025\nLiveOakTrap\n']","['2025DCR\n044381\n', '2025\n', 'CR\nCCC\n222025\n']","['2025C\n044381\n', 'P2025\n', 'C\nCCC\nP\n222025\n']",modelv1.0__2026-05-18 08:48:43
D:/moth_photos/database\batch_20\img_moth_00038864.jpg,"[4000, 6000]",37.88,"['2025DCR\n04482\n', 'noear mites\nELoPresti2025\n', 'SanteeCoastalReserve\nCharlestonCoSC\nEF LoPresti\n22November2025\nLiveOakTrap\n']","['2025DCR\n04482\n', '2025\n', 'CR\nCCC\n222025\n']","['2025C\n04482\n', 'P2025\n', 'C\nCCC\nP\n222025\n']",modelv1.0__2026-05-18 08:48:43
D:/moth_photos/database\batch_20\img_moth_00038865.jpg,"[4000, 6000]",37.372549019607845,"['2025DCR\n04483\n', 'noearmites\nFtoPresti7075\n', 'SanteeCoastal Reserve\nCharlestonCoSC\n\nEFLoPresti\n22November2025\nTrap\n\n']","['2025DCR\n04483\n', '7075\n', 'C R\nCCC\n\nR\n222025\n\n']","['2025C\n04483\n', 'P7075\n', 'C\nCCC\n\nP\n222025\n\n']",modelv1.0__2026-05-18 08:48:43
D:/moth_photos/database\batch_20\img_moth_00038866.jpg,"[4000, 6000]",37.372549019607845,"['2025DCR\n04484\n', 'noearmites\nELoPresti2025\n', 'SanteeCoastalReserve\nCharlestonCoSC\nUy EFeLoPresti\nS22November2025\n\nt QummifisTrap\n']","['2025DCR\n04484\n', '2025\n', 'CR\nCCC\n222025\n']","['2025C\n04484\n', 'P2025\n', 'C\nCCC\nP\n222025\n']",modelv1.0__2026-05-18 08:48:43
D:/moth_photos/database\batch_20\img_moth_00038867.jpg,"[4000, 6000]",37.568627450980394,"['2025DCR\n04485\n', 'NOearmites\nELoPresti2025\n', 'SanteeCoastalReserve\nCharlestonCoSC\nWEFLoPresti\n22November2025\nGuenageTrap\n']","['2025DCR\n04485\n', 'C2025\n', 'CR\nCCC\n222025\n']","['2025C\n04485\n', 'CP2025\n', 'C\nCCC\nWP\n222025\n']",modelv1.0__2026-05-18 08:48:43
D:/moth_photos/database\batch_20\img_moth_00038868.jpg,"[4000, 6000]",38.06,"['2025DCR\n04486\n', 'noearmites\nELoPresti2025\n', 'SanteeCoastalReserve\nCharlestonCoSC\nEFLoPresti\n4 22November2025\n\nTrap\n']","['2025DCR\n04486\n', '2025\n', 'CR\nCCC\n4 222025\n']","['2025C\n04486\n', 'P2025\n', 'C\nCCC\nP\n\n4 222025\n']",modelv1.0__2026-05-18 08:48:43
D:/moth_photos/database\batch_20\img_moth_00038869.jpg,"[4000, 6000]",38.0,"['2025DCR\n04487\n', 'no ear mites\nELoPresti2025\n', 'SanteeCoastalReserve\nCharlestonCoSC\nwy EFLoPresti\n\nQ22November2025\nCuemmpeTrao\n\nXs\n\n']","['2025DCR\n04487\n', 'C2025\n', 'CR\nCCC\n\n222025\nC2\n\n']","['2025C\n04487\n', 'CP2025\n', 'C\nCCC\nP\n\n222025\nC2\n\n']",modelv1.0__2026-05-18 08:48:43
D:/moth_photos/database\batch_20\img_moth_00038870.jpg,"[4000, 6000]",37.333333333333336,"['2025DCR\n04488\n', 'SanteeCoastalReserve\nCharlestonCoSC\nby EFLoPresti\nQ22November2025\neaggmmsra\n\n']","['2025DCR\n04488\n', 'CR\nCCC\n222025\n\n']","['2025C\n04488\n', 'C\nCCC\nPP\n222025\n\n']",modelv1.0__2026-05-18 08:48:43
D:/moth_photos/database\batch_20\img_moth_00038871.jpg,"[4000, 6000]",38.04,"['2025DCR\n04489\n', 'SanteeCoastalReserve\nCharlestonCoSC\nwv EFLoPresti\n22November2025\nc CGaesTrav\n']","['2025DCR\n04489\n', 'CR\nCC0C\n222025\n\nC\n']","['2025C\n04489\n', 'C\nCC0C\nP\n222025\nC\n']",modelv1.0__2026-05-18 08:48:43
D:/moth_photos/database\batch_20\img_moth_00038872.jpg,"[4000, 6000]",37.72549019607843,"['2025DCR\n04490\n', 'noearmites\nELoPresti2025\n', 'SanteeCoastalReserve\nCharlestqnCoSC\nEFLoPresti\n22November2025\nMeadowTrap\n']","['2025DCR\n04490\n', '2025\n', 'CR\nCCC\n222025\n']","['2025C\n04490\n', 'P2025\n', 'C\nCCC\nP\n222025\n']",modelv1.0__2026-05-18 08:48:43
D:/moth_photos/database\batch_20\img_moth_00038873.jpg,"[4000, 6000]",37.411764705882355,"['2025DCR\n04491\n', 'noearmites\nELoPresti2025\n', 'SanteeCoastalReserve\nCharlestonCoSC\nEFLoPresti\n22November2025\nMeadowTrap\n']","['2025DCR\n04491\n', '2025\n', 'CR\nCCC\n222025\n']","['2025PC\n04491\n', 'P2025\n', 'C\nCCC\nP\n222025\n']",modelv1.0__2026-05-18 08:48:43
D:/moth_photos/database\batch_20\img_moth_00038874.jpg,"[4000, 6000]",37.607843137254896,"['2025DCR\n04492\n', 'SanteeCoastalReserve\nCharlestonCoSC\nEFLoPresti\n22November2025\nCvpressTrap\n']","['2025DCR\n04492\n', 'CR\nCCC\n222025\n\nC\n']","['2025C\n04492\n', 'C\nCCC\nP\n222025\nC\n']",modelv1.0__2026-05-18 08:48:43
D:/moth_photos/database\batch_20\img_moth_00038875.jpg,"[4000, 6000]",37.333333333333336,"['2025DCR\n04493\n', 'SanteeCoastalReserve\nCharlestonCoSC\nEFLoPresti\n22November2025\nCvpressTrap\n']","['2025DCR\n04493\n', 'CR\nCCC\n222025\n\nC\n']","['2025C\n04493\n', 'C\nCCC\nP\n222025\nC\n']",modelv1.0__2026-05-18 08:48:43
D:/moth_photos/database\batch_20\img_moth_00038876.jpg,"[4000, 6000]",37.411764705882355,"['2025DCR\n04494\n', 'SanteeCoastalReserve\nCharlestonCoSC\nEFLoPresti\n22November2025\nCvpressTrap\n']","['2025DCR\n04494\n', 'CR\nCCC\n222025\nC\n']","['2025PC\n04494\n', 'C\nCCC\nP\n222025\nC\n']",modelv1.0__2026-05-18 08:48:43
D:/moth_photos/database\batch_20\img_moth_00038877.jpg,"[4000, 6000]",37.333333333333336,"['2025DCR\n\n04495\n', 'SanteeCoastalReserve\nCharlestonCoSC\nEFeLoPresti\n22November2025\nCvoressTrao\n']","['2025DCR\n\n04495\n', 'CR\nCCC\n222025\n\nC\n']","['2025C\n\n04495\n', 'C\nCCC\nP\n222025\nC\n']",modelv1.0__2026-05-18 08:48:43
D:/moth_photos/database\batch_20\img_moth_00038878.jpg,"[4000, 6000]",37.411764705882355,"['2025DCR\n04496\n', 'SanteeCoastalReserve\nCharlestonCoSC\nEFLoPresti\n22November2025\nCvoressTrap\n']","['2025DCR\n04496\n', 'CR\nCCC\n222025\n\nC\n']","['2025C\n04496\n', 'C\nCCC\nP\n222025\nC\n']",modelv1.0__2026-05-18 08:48:43
D:/moth_photos/database\batch_20\img_moth_00038879.jpg,"[4000, 6000]",37.333333333333336,"['2025DCR\n04497\n', 'SanteeCoastalReserve\nCharlestonCoSC\nEFLdPresti\n22November2025\nCvoressTrap\n']","['2025DCR\n04497\n', 'CR\nCCC\n222025\n\nC\n']","['2025C\n04497\n', 'C\nCCC\nP\n222025\nC\n']",modelv1.0__2026-05-18 08:48:43
D:/moth_photos/database\batch_20\img_moth_00038880.jpg,"[4000, 6000]",37.470588235294116,"['2025DCR\n04498\n', 'noearmites\nELoPresti2025\n', 'SanteeCoastalReserve\nCharlestonCoSC\nEFLoPresti\n22November2025\nCvporessTrap\n']","['2025DCR\n04498\n', 'C2025\n', 'CR\nCC0C\n222025\n\nC\n']","['2025C\n04498\n', 'CP2025\n', 'C\nCC0C\nP\n222025\nC\n']",modelv1.0__2026-05-18 08:48:43
D:/moth_photos/database\batch_20\img_moth_00038881.jpg,"[4000, 6000]",38.06,"['2025DCR\n04499\n', 'SanteeCoastalReserve\nCharlestonCoSC\nEFLoPresti\n22November2025\nCvoressTrap\n', 'noear mites\nELoPresti2025\n']","['2025DCR\n04499\n', 'CR\nCCC\n222025\n\nC\n', '2025\n']","['2025C\n04499\n', 'C\nCCC\nP\n222025\nC\n', 'P2025\n']",modelv1.0__2026-05-18 08:48:43
D:/moth_photos/database\batch_20\img_moth_00038882.jpg,"[4000, 6000]",37.980000000000004,"['2025DCR\n04500\n', 'noearmites\nELoPresti2025\n', 'SanteeCoastalReserve\nCharlestonCoSC\nEFLoPresti\n22November2025\nCvoressTrapo\n']","['2025DCR\n04500\n', 'C2025\n', 'CR\nCCC\n222025\n\nC\n']","['2025C\n04500\n', 'CP2025\n', 'C\nCCC\nP\n222025\nC\n']",modelv1.0__2026-05-18 08:48:43
D:/moth_photos/database\batch_20\img_moth_00038883.jpg,"[4000, 6000]",37.450980392156865,"['2025DCR\n04501\n', 'nNoearmites\nLoPresti2025\n', 'SanteeCoastalReserve\nCharlestenCoSC\nEFLoPresti\n22November2025\nCvpressTrap\n']","['2025DCR\n04501\n', '2025\n', 'CR\nCCC\n222025\n\nC\n']","['2025C\n04501\n', 'P2025\n', 'C\nCCC\nP\n222025\nC\n']",modelv1.0__2026-05-18 08:48:43
D:/moth_photos/database\batch_20\img_moth_00038884.jpg,"[4000, 6000]",38.0,"['2025DCR\n04502\n', 'no earmites\nELoPresti2025\n', 'SanteeCoastalReserve\nCharlestonCoSC\nEFLoPresti\n22November2025\nCvoressTrap\n']","['2025DCR\n04502\n', '2025\n', 'CR\nCCC\n222025\n\nC\n']","['2025C\n04502\n', 'P2025\n', 'C\nCCC\nP\n222025\nC\n']",modelv1.0__2026-05-18 08:48:43
D:/moth_photos/database\batch_20\img_moth_00038885.jpg,"[4000, 6000]",37.3921568627451,"['2025DCR\n04503\n', 'noear mites\nELoPresti2025\n', 'SanteeCoastalReserve\nCharlestonCoSC\nEFLoPresti\n22Noveraber2025\nCvoressTrap\n']","['2025DCR\n04503\n', '2025\n', 'CR\nCCC\n222025\n\nC\n']","['2025C\n04503\n', 'P2025\n', 'C\nCCC\nP\n222025\nC\n']",modelv1.0__2026-05-18 08:48:43
D:/moth_photos/database\batch_20\img_moth_00038886.jpg,"[4000, 6000]",38.02,"['2025DCR\n04504\n', 'SanteeCoastal Reserve\nCharlestonCo SC\nEFLoPresti\n22November 2025\nSandPitTrap\n']","['2025DCR\n04504\n', 'C R\nCC C\n22 2025\n']","['2025C\n04504\n', 'C\nCC C\nP\n22 2025\nP\n']",modelv1.0__2026-05-18 08:48:43
D:/moth_photos/database\batch_20\img_moth_00038887.jpg,"[4000, 6000]",38.04,"['2025DCR\n04505\n', 'SanteeCoastalReserve\nCharlestonCoSC\nEFLoPresti\n22November2025\nSandPitTrao\n', 'n\nELoPrasti2025\n']","['2025DCR\n04505\n', 'CR\nCCC\n222025\n', 'C2025\n']","['2025PC\n04505\n', 'C\nCCC\nP\n222025\nP\n', 'CP2025\n']",modelv1.0__2026-05-18 08:48:43
D:/moth_photos/database\batch_20\img_moth_00038888.jpg,"[4000, 6000]",38.04,"['2025DCR\n04506\n', 'noear mites\nELoPresti2025\n', 'SanteeCoastalReserve\nCharlestonCoSC\nEFLoPresti\n22November2025\nSandPitTrao\n']","['2025DCR\n04506\n', '2025\n', 'CR\nCCC\n222025\n']","['2025C\n04506\n', 'P2025\n', 'CP\nCCC\nP\n222025\nP\n']",modelv1.0__2026-05-18 08:48:43
D:/moth_photos/database\batch_20\img_moth_00038889.jpg,"[4000, 6000]",37.35294117647059,"['2025DCR\n04507\n', 'noearmites\nELoPresti2025\n', 'SanteeCoastalReserve\n\nwCharlestonCoSC\n\nWw EFLoPresti\n\nnA 22November2025\nNeedlenose\n']","['2025DCR\n04507\n', 'C2025\n', 'CR\nCCC\n222025\n']","['2025C\n04507\n', 'CP2025\n', 'CP\nWCCC\nW P\n222025\n']",modelv1.0__2026-05-18 08:48:43
D:/moth_photos/database\batch_20\img_moth_00038890.jpg,"[4000, 6000]",38.08,"['noearmites\nELoPresti2025\n', '2025DCR\n04508\n', 'SanteeCoastal Reserve\nCharlestonCoSC\nEFLoPresti\n22November2025\nMdleadauwtlia\n']","['2025\n', '2025DCR\n04508\n', 'C R\nCCC\n222025\n']","['P2025\n', '2025C\n04508\n', 'C\nCCC\nP\n222025\nW\n']",modelv1.0__2026-05-18 08:48:43
D:/moth_photos/database\batch_20\img_moth_00038891.jpg,"[4000, 6000]",38.06,"['2025DCR\n04509\n', 'SanteeCoastalReserve\nCharlestonCoSC\nEFLoPresti\nSe22November2025\neeciaikelia\n']","['2025DCR\n04509\n', 'CR\nCC0C\n222025\n']","['2025C\n04509\n', 'C\nCC0C\nP\n222025\n']",modelv1.0__2026-05-18 08:48:43
D:/moth_photos/database\batch_20\img_moth_00038892.jpg,"[4000, 6000]",37.470588235294116,"['2025DCR\n04510\n', 'SanteeCoastalReserve\nCharlestoriCoSC\nEFLoPresti\n22November2025\nBaitTrap\n']","['2025DCR\n04510\n', 'CR\nCCC\n222025\n\nR\n']","['2025C\n04510\n', 'C\nCCC\nP\n222025\n']",modelv1.0__2026-05-18 08:48:43
D:/moth_photos/database\batch_20\img_moth_00038893.jpg,"[4000, 6000]",38.06,"['2025DCR\n04511\n', 'SanteeCoastalReserve\nCharlestonCoSC\nEFLoPresti\n22November2025\nBaitTrap\n']","['2025DCR\n04511\n', 'CR\nCCC\n222025\n\nR\n']","['2025C\n04511\n', 'CP\nCCC\nP\n222025\n']",modelv1.0__2026-05-18 08:48:43
D:/moth_photos/database\batch_20\img_moth_00038894.jpg,"[4000, 6000]",37.607843137254896,"['2025DCR\n04512\n', 'noearmites\nFloPresti2075\n', 'SanteeCoastalReserve\nCharlestonCoSC\nEFLoPresti\n22November2025\nBaitTrap\n']","['2025DCR\n04512\n', '2075\n', 'CR\nCCC\n222025\n']","['2025C\n04512\n', 'P2075\n', 'C\nCCC\nP\n222025\n']",modelv1.0__2026-05-18 08:48:43
D:/moth_photos/database\batch_20\img_moth_00038895.jpg,"[4000, 6000]",37.35294117647059,"['2025DCR\n04513\n', 'noearmites\nELoPresti2025\n', 'SanteeCoastalReserve\nCharlestonCoSC\nEFLoPresti\n22November2025\nBaitTrap\n']","['2025DCR\n04513\n', '2025\n', 'CR\nCCC\n222025\n\nR\n']","['2025C\n04513\n', 'P2025\n', 'C\nCCC\nP\n222025\n']",modelv1.0__2026-05-18 08:48:43
D:/moth_photos/database\batch_20\img_moth_00038896.jpg,"[4000, 6000]",37.450980392156865,"['2025DCR\n\n04514\n', 'noearmites\nFLoPracti2075\n', 'SanteeCoastalReserve\nCharlestonCoSC\nEFLoPresti\n22November2025\nBaitTrap\n']","['2025DCR\n\n04514\n', '2075\n', 'CR\nCCC\n222025\n\nR\n']","['2025C\n\n04514\n', 'P2075\n', 'C\nCCC\nP\n222025\n']",modelv1.0__2026-05-18 08:48:43
D:/moth_photos/database\batch_20\img_moth_00038897.jpg,"[4000, 6000]",37.52941176470588,"['2025DCR\n04515\n', 'noearmites\nELoPresti2025\n', 'SanteeCoastalReserve\nCharlestonCoSC\nEFLoPresti\n22November2025\nBaitTrap\n']","['2025DCR\n04515\n', '2025\n', 'CR\nCCC\nCR\n222025\n']","['2025PC\n04515\n', 'P2025\n', 'C\nCCC\nCP\n222025\n']",modelv1.0__2026-05-18 08:48:43
D:/moth_photos/database\batch_20\img_moth_00038898.jpg,"[4000, 6000]",37.980000000000004,"['NOearmites\nFSLoPresti2095\n', '2025DCR\n04516\n', 'Santee Coastal Reserve\nCharleston CoSC\nEFLoPresti\n22November 2025\nBaitTrap\n']","['C2095\n', '2025DCR\n04516\n', 'C R\nC CC\n22 2025\nR\n']","['CP2095\n', '2025C\n04516\n', 'C\nC CC\nP\n22 2025\n']",modelv1.0__2026-05-18 08:48:43
D:/moth_photos/database\batch_20\img_moth_00038899.jpg,"[4000, 6000]",37.333333333333336,"['2025DCR\n04517\n', 'bothearmites\n\nEFL2024\n', 'SanteeCoastalReserve\nCharlestonCoSC\nEFtoPresti\n22November2025\nBaitTrap\n']","['2025DCR\n04517\n', '2024\n', 'CR\nCCC\n222025\n']","['2025PC\n04517\n', '2024\n', 'C\nCCC\nP\n222025\n']",modelv1.0__2026-05-18 08:48:43
D:/moth_photos/database\batch_20\img_moth_00038900.jpg,"[4000, 6000]",38.0,"['rightearmites\n\nEFL2024\n', '2025DCR\n04518\n', 'SanteeCoastalReserve\nCharlestonCoSC\nEFLoPresti\n22November2025\nBaitTrap\n']","['2024\n', '2025DCR\n04518\n', 'CR\nCCC\n222025\n']","['P2024\n', '2025C\n04518\n', 'C\nCCC\nP\n222025\n']",modelv1.0__2026-05-18 08:48:43
D:/moth_photos/database\batch_20\img_moth_00038901.jpg,"[4000, 6000]",38.04,"['2025DCR\n04519\n', 'noear mites\nELoPresti2025\n', 'SanteeCoastalReserve\nCharleston CoSC\nEFLoPresti\n21November2025\nHamoptonPlantationTran\n']","['2025DCR\n04519\n', '2025\n', 'CR\nC CC\n212025\n']","['2025C\n04519\n', 'P2025\n', 'C\nC CC\nPP\n212025\nP\n']",modelv1.0__2026-05-18 08:48:43
D:/moth_photos/database\batch_20\img_moth_00038902.jpg,"[4000, 6000]",37.333333333333336,"['2025DCR\n04520\n', 'noearmites\nELoPresti2025\n', 'SanteeCoastalReserve\nCharlestonCoSC\nEFtoPresti\n21November2025\nHamoptonPlantationTrao\n']","['2025DCR\n04520\n', '2025\n', 'CR\nCCC\n212025\n']","['2025C\n04520\n', 'P2025\n', 'C\nCCC\nP\n212025\nP\n']",modelv1.0__2026-05-18 08:48:43
D:/moth_photos/database\batch_20\img_moth_00038903.jpg,"[4000, 6000]",37.36538461538461,"['2025DCR\n04521\n', 'noearmites\nELoPresti2025\n', 'SanteeCoastalReserve\nCharlestonCoSC\nEFLoPresti\n21November2025\nHamptonPlantationTrap\n']","['2025DCR\n04521\n', '2025\n', 'CR\nCCC\n212025\n']","['2025C\n04521\n', 'P2025\n', 'C\nCCC\nP\n212025\nP\n']",modelv1.0__2026-05-18 08:48:43
D:/moth_photos/database\batch_20\img_moth_00038904.jpg,"[4000, 6000]",37.40384615384616,"['2025DCR\n04522\n', 'SanteeCoastalReserve\nCharlestonCoSC\nEFLoPresti\n21Noveniber2025\nHamoptonPlantationTrap\n']","['2025DCR\n04522\n', 'CR\nCCC\n212025\n']","['2025C\n04522\n', 'C\nCCC\nP\n212025\nP\n']",modelv1.0__2026-05-18 08:48:43
D:/moth_photos/database\batch_20\img_moth_00038905.jpg,"[4000, 6000]",37.40384615384616,"['2025DCR\n04523\n', 'SanteeCoastalReserve\nCharlestonCoSC\nEFkoPresti\n21November2025\nHamptonPlantationTrap\n']","['2025DCR\n04523\n', 'CR\nCCC\n212025\n']","['2025C\n04523\n', 'CP\nCCC\nP\n212025\nP\n']",modelv1.0__2026-05-18 08:48:43
D:/moth_photos/database\batch_20\img_moth_00038906.jpg,"[4000, 6000]",37.42307692307692,"['2025DCR\n04524\n', 'SanteeCoastalReserve\nCharlestonCoSC\nEFLoPresti\n21November2025\nHamotonPlantationTrap\n']","['2025DCR\n04524\n', 'CR\nCCC\n212025\n']","['2025C\n04524\n', 'C\nCCC\nP\n212025\nP\n']",modelv1.0__2026-05-18 08:48:43
D:/moth_photos/database\batch_20\img_moth_00038907.jpg,"[4000, 6000]",37.42307692307692,"['2025DCR\n04525\n', 'SanteeCoastalReserve\nCharlestonCoSC\nEFLoPresti\n21November2025\nHamotonPlantationTrao\n']","['2025DCR\n04525\n', 'CR\nCCC\n212025\n']","['2025C\n04525\n', 'C\nCCC\nP\n212025\nP\n']",modelv1.0__2026-05-18 08:48:43
D:/moth_photos/database\batch_20\img_moth_00038908.jpg,"[4000, 6000]",37.96078431372548,"['2025DCR\n04526\n', 'SanteeCoastalReserve\nCharlestonCoSC\nEFLoPresti\n21November2025\nHamptonPlantationTrao\n']","['2025DCR\n04526\n', 'CR\nCCC\n212025\n']","['2025C\n04526\n', 'C\nCCC\nP\n212025\nP\n']",modelv1.0__2026-05-18 08:48:43
D:/moth_photos/database\batch_20\img_moth_00038909.jpg,"[4000, 6000]",37.46153846153846,"['2025DCR\n04527\n', 'SanteeCoastalReserve\nCharlestonCoSC\nEFLoPresti\n21November2025\nHamptonPlantationTrao\n']","['2025DCR\n04527\n', 'CR\nCCC\nC\n212025\n']","['2025C\n04527\n', 'C\nCCC\nCP\n212025\nP\n']",modelv1.0__2026-05-18 08:48:43
D:/moth_photos/database\batch_20\img_moth_00038910.jpg,"[4000, 6000]",37.88235294117647,"['2025DCR\n04528\n', 'SanteeCoastalReserve\nCharlestonCoSC\nEFLoPresti\n21November2025\nHamoptonPlantationTrao\n']","['2025DCR\n04528\n', 'CR\nCCC\n212025\n']","['2025C\n04528\n', 'C\nCCC\nP\n212025\nP\n']",modelv1.0__2026-05-18 08:48:43
D:/moth_photos/database\batch_20\img_moth_00038911.jpg,"[4000, 6000]",37.86274509803922,"['2025DCR\n04529\n', 'SanteeCoastalReserve\nCharlestonCoSC\nEFleoPresti\n21November2025\nHamptonPlantationTrap\n']","['2025DCR\n04529\n', 'CR\nCCC\n212025\n']","['2025C\n04529\n', 'C\nCCC\nP\n212025\nP\n']",modelv1.0__2026-05-18 08:48:43
D:/moth_photos/database\batch_20\img_moth_00038912.jpg,"[4000, 6000]",37.86274509803922,"['2025DCR\n\n04530\n', 'SanteeCoastalReserve\nCharlestonCoSC\nEFLoPresti\n21November2025\n\nHamptonPlantationTrao\n']","['2025DCR\n\n04530\n', 'CR\nCCC\n212025\n']","['2025C\n\n04530\n', 'C\nCCC\nP\n212025\n\nP\n']",modelv1.0__2026-05-18 08:48:43
D:/moth_photos/database\batch_20\img_moth_00038913.jpg,"[4000, 6000]",37.70588235294117,"['2025DCR\n04531\n', 'SESS\nSanteeCoastalReserve\nCharlestonCoSC\nEFLoPresti\n22October2025\nJamesCanebrakeTrap\n']","['2025DCR\n04531\n', 'CR\nCCC\n222025\nC\n']","['2025C\n04531\n', 'C\nCCC\nP\n222025\nC\n']",modelv1.0__2026-05-18 08:48:43
D:/moth_photos/database\batch_20\img_moth_00038914.jpg,"[4000, 6000]",38.03921568627451,"['2025DCR\n04532\n', 'SanteeCoastalReserve\nCharlestonCoSC\nEFtoPresti\n1Julv2025\n\nLa ee Trap\n']","['2025DCR\n04532\n', 'CR\nCCC\n12025\n\nC\n']","['2025C\n04532\n', 'CP\nCCC\nP\n12025\n\nC\n']",modelv1.0__2026-05-18 08:48:43
D:/moth_photos/database\batch_20\img_moth_00038915.jpg,"[4000, 6000]",37.88235294117647,"['2025DCR\n04533\n', 'SanteeCoastalReserve\nCharlestonCoSC\nEFLoPresti\n4Julv2025\n\nCARP E Trap\n']","['2025DCR\n04533\n', 'CR\nCCC\n42025\n\nCR\n']","['2025C\n04533\n', 'CP\nCCC\nP\n42025\n\nCP\n']",modelv1.0__2026-05-18 08:48:43
D:/moth_photos/database\batch_20\img_moth_00038916.jpg,"[4000, 6000]",37.96078431372548,"['2025DCR\n04534\n', 'SanteeCoastalReserve\nChartestonCoSC\nEFLoPresti\n1Julv2025\n\nCAafEiTrao\n']","['2025DCR\n04534\n', 'CR\nCCC\n12025\n\nC\n']","['2025C\n04534\n', 'C\nCCC\nP\n12025\n\nC\n']",modelv1.0__2026-05-18 08:48:43
D:/moth_photos/database\batch_20\img_moth_00038917.jpg,"[4000, 6000]",37.80392156862745,"['2025DCR\n04535\n', 'CSCSC\nSanteeCoastal Reserve\nCharlestonCo SC\nEFLoPresti\n4Julv2025\n\nC a Trap\n']","['2025DCR\n04535\n', 'CCC\nC R\nCC C\n42025\n\nC 1\n']","['2025C\n04535\n', 'CCC\nC\nCC C\nP\n42025\n\nC 1\n']",modelv1.0__2026-05-18 08:48:43
D:/moth_photos/database\batch_20\img_moth_00038918.jpg,"[4000, 6000]",37.94117647058824,"['2025 DCR\n04536\n', 'SanteeCoastalReselve\nCharlestonCo C\nEFLoPresti\n4Julv2025\n\nCA PG Trap\n']","['2025 DCR\n04536\n', 'CR\nCC C\n0\n42025\n\nC\n']","['2025 C\n04536\n', 'C\nCC C\n0P\n42025\n\nC P\n']",modelv1.0__2026-05-18 08:48:43
D:/moth_photos/database\batch_20\img_moth_00038919.jpg,"[4000, 6000]",37.76470588235294,"['2025DCR\n04537\n', 'SanteeCoastalReserve\nCharlestonCoSC\nEFLtoPresti\n4Julv2025\n\nC AVE Trap\n\n']","['2025DCR\n04537\n', 'CR\nCCC\n0\n42025\n\nC\n\n']","['2025C\n04537\n', 'C\nCCC\n0P\n42025\n\nC P\n\n']",modelv1.0__2026-05-18 08:48:43
D:/moth_photos/database\batch_20\img_moth_00038920.jpg,"[4000, 6000]",37.82352941176471,"['2025DCR\n04538\n', 'SanteeCoastalReserve\nCharlestonCoSC\nEFLoPresti\n1Julv2025\n\nLAVA Trap\n']","['2025DCR\n04538\n', 'CR\nCCC\n12025\n\nC\n']","['2025C\n04538\n', 'C\nCCC\nP\n12025\n\nC\n']",modelv1.0__2026-05-18 08:48:43
D:/moth_photos/database\batch_20\img_moth_00038921.jpg,"[4000, 6000]",37.84313725490196,"['9025DCR\n04539\n', 'santeeCoastalReserve\nCharlestonCoSC\nEFLoRresti\n41Julv2025\n\nCAP eTrap\n']","['9025DCR\n04539\n', 'CR\nCCC\nR\n412025\n\nC\n']","['9025C\n04539\n', 'C\nCCC\nP\n412025\n\nCP\n']",modelv1.0__2026-05-18 08:48:43
D:/moth_photos/database\batch_20\img_moth_00038922.jpg,"[4000, 6000]",37.74509803921569,"['2025DCR\n04540\n', 'SanteeCoastalReserve\nCharlestonCoSC\nEFLoPresti\n4Julv2025\n\nCAPE Trap\n']","['2025DCR\n04540\n', 'CR\nCCC\n42025\n\nCC\n']","['2025PC\n04540\n', 'C\nCCC\nP\n42025\n\nCPC\n']",modelv1.0__2026-05-18 08:48:43
D:/moth_photos/database\batch_20\img_moth_00038923.jpg,"[4000, 6000]",37.98039215686274,"['2025DCR\n04541\n', 'Santee CoastalReserve\n\nCharleston Co\nEFLopresti\n4Julv 2025\n\nCA Trap\n']","['2025DCR\n04541\n', 'CR\n\nC C\n4 2025\n\nC\n']","['2025C\n04541\n', 'C\n\nC C\nP\n4 2025\n\nC\n']",modelv1.0__2026-05-18 08:48:43
D:/moth_photos/database\batch_20\img_moth_00038924.jpg,"[4000, 6000]",37.94117647058824,"['2025DCR\n04542\n', 'SanteeCoastalReserve\nCharlestonCoSC\nEFLoPresti\n\n4July2025\nCAIG Trap\n']","['2025DCR\n04542\n', 'CR\nCCC\n\n42025\nCC\n']","['2025C\n04542\n', 'C\nCCC\nP\n\n42025\nCC\n']",modelv1.0__2026-05-18 08:48:43
D:/moth_photos/database\batch_20\img_moth_00038925.jpg,"[4000, 6000]",55.34782608695652,"['Phycitodes\nmucidedlaRag\n\nDetBGScholtens\n\nDec2024\n', 'RBDominichk\nMcClellanville\nSouthCarolinz\n\n1Mouy1972\nLiahtZ\n', 'Wize\n20336\n']","['R4\nD\nD2024\n', 'RD\nC\nC\n\n11972\n2\n', '20336\n']","['P\n4\n2024\n', 'C\nC\n\n11972\n2\n', 'W\n20336\n']",modelv1.0__2026-05-18 08:48:43
D:/moth_photos/database\batch_20\img_moth_00038926.jpg,"[4000, 6000]",56.14545454545454,"['WPC\n20337\n', 'RB Dominick\nCharlesR Edwards\nMcClellanviile\nSouthCarolina\n\nwer\n']","['C\n20337\n', 'R D\nCR\nC\nC\n']","['WPC\n20337\n', 'C\nC\nC\n']",modelv1.0__2026-05-18 08:48:43
D:/moth_photos/database\batch_20\img_moth_00038927.jpg,"[4000, 6000]",55.96363636363637,['WPC\n20338\n'],['C\n20338\n'],['WPC\n20338\n'],modelv1.0__2026-05-18 08:48:43
D:/moth_photos/database\batch_20\img_moth_00038928.jpg,"[4000, 6000]",56.23636363636363,"['WPC\n\n20339\n', '6ee\n\n2Be Dominick\nCharlesR Edwards\nMcClellanville\nSouthCarolinee\n\nl few1Fe\n']","['C\n\n20339\n', '6\n\n2R D\nCR\nC\nC\n\n1C\n']","['WPC\n\n20339\n', '6\n\n2 P\nC\nC\nC\n\n1C\n']",modelv1.0__2026-05-18 08:48:43
D:/moth_photos/database\batch_20\img_moth_00038929.jpg,"[4000, 6000]",56.18181818181818,"['WPC\n\n20340\n', 'i\nRBDominick\nCharles REdwards\nMcClellanville\nSouth Carolina e\n\nL0Abi4 fe\nirabhe\n']","['RC\n\n20340\n', 'RRD\nC R\nC\nC\n\n04\n']","['WPC\n\n20340\n', 'C\nC\nC\n\n04\n']",modelv1.0__2026-05-18 08:48:43
D:/moth_photos/database\batch_20\img_moth_00038930.jpg,"[4000, 6000]",56.05128205128205,"['WPC\n20341\n', 'RBDominick\nMcClellanville\nSouthCarolina\n\n13Oct272\n']","['RC\n20341\n', 'RRD\nC\nC\n\n13272\n']","['WPC\n20341\n', 'C\nC\n\n13272\n']",modelv1.0__2026-05-18 08:48:43
D:/moth_photos/database\batch_20\img_moth_00038931.jpg,"[4000, 6000]",55.307692307692314,"['WPC\n20342\n', 'RBDominick\nMcClellanville\nSouthCarolin\n\nSPAT\n']","['C\n20342\n', 'RD\nC\nC\n\n5C\n']","['WPC\n20342\n', '2\nC\nC\n\nCP\n']",modelv1.0__2026-05-18 08:48:43
D:/moth_photos/database\batch_20\img_moth_00038932.jpg,"[4000, 6000]",55.82051282051282,"['WPC\n20343\n', 'RBDominick\nMcClellanville\nSouthCarolina\n\nloMarl974\nLinhtZ\n', 'EEX\na\ndel\naC\nwag\n19 oe\n\n7m7\n7\nr\nro\nSargZ\ngt\n3c\noF4\nL\n\n']","['RC\n20343\n', 'RD\nC\nC\n\n1974\n', 'C\n19\n\n77\n7\n3\n4\n\n']","['WPC\n20343\n', 'C\nC\n\n1974\n', 'C\n19\n\n77\n7\n3\n4\n\n']",modelv1.0__2026-05-18 08:48:43
D:/moth_photos/database\batch_20\img_moth_00038933.jpg,"[4000, 6000]",55.425000000000004,"['WPC\n20344\n', 'RBDominick\nChariesREdwards\nMcClellanville\nSouthCarolina\n\n287c6471\nbraht\n']","['C\n20344\n', 'RRD\nCR\nC\n5C\n\n2876471\n']","['WPC\n20344\n', 'C\nC\n5C\n\n2876471\n']",modelv1.0__2026-05-18 08:48:43
D:/moth_photos/database\batch_20\img_moth_00038934.jpg,"[4000, 6000]",55.38461538461538,"['WPC\n20345\n', 'RBDominick\nMcClellanville\nSouthCarolini\n\nhFerg1477\nrie Ne\n']","['C\n20345\n', 'RRD\nC\nC\n\n71477\n']","['WPC\n20345\n', 'C\nC\n\n71477\n']",modelv1.0__2026-05-18 08:48:43
D:/moth_photos/database\batch_20\img_moth_00038935.jpg,"[4000, 6000]",56.10526315789474,"['WPC\n20346\n', 'RBDominick\nCharlesREdwardis\nMcClellanville\nSouth Carolinas\n\nawsGe\n']","['C\n20346\n', 'RD\nCR\nC\nC\n']","['WPC\n20346\n', 'C\nC\nC\n']",modelv1.0__2026-05-18 08:48:43
D:/moth_photos/database\batch_20\img_moth_00038936.jpg,"[4000, 6000]",55.92307692307693,"['EUxllsi\n\nwec\n20347\n', 'Ssaemdmmtle\n2BDominick\nhariesREdwards\nAcClellanville\nsouthCarolina\n\nzast\n']","['C\n20347\n', '2RD\nR\nC\nC\n']","['WC\n20347\n', '2\nC\nC\n']",modelv1.0__2026-05-18 08:48:43
D:/moth_photos/database\batch_20\img_moth_00038937.jpg,"[4000, 6000]",55.35897435897436,"['WPC\n20348\n', 'RBDominick\nCharlesREdwards\nMcClellanville\nSouth Carolina e\n']","['C\n20348\n', 'R8D\nCR\nC\nC\n']","['WPC\n20348\n', '8\nC\nC\nC\n']",modelv1.0__2026-05-18 08:48:43
D:/moth_photos/database\batch_20\img_moth_00038938.jpg,"[4000, 6000]",56.35,"['WPC\n20349\n', 'RBDominick\nCharlesREdwards\nMcClellanville\nSouthCarolina\n\nicf Sas\n']","['C\n20349\n', 'RRD\nCR\nC\n5C\n']","['WPC\n20349\n', 'C\nC\n5C\n']",modelv1.0__2026-05-18 08:48:43
D:/moth_photos/database\batch_20\img_moth_00038939.jpg,"[4000, 6000]",55.61538461538462,['WPC\n20350\n'],['C\n20350\n'],['WPC\n20350\n'],modelv1.0__2026-05-18 08:48:43
D:/moth_photos/database\batch_20\img_moth_00038940.jpg,"[4000, 6000]",55.256410256410255,"['WPC\n20351\n', 'XBDominick\nAcClellanville\nouthCarolina\n\nt4Nov1925\nwise\n']","['C\n20351\n', 'RD\nC\n0C\n\n441925\n']","['WPC\n20351\n', 'C\n0C\n\n441925\nW\n']",modelv1.0__2026-05-18 08:48:43
D:/moth_photos/database\batch_20\img_moth_00038941.jpg,"[4000, 6000]",56.55263157894737,"['WPC\n20352\n', 'RBDominick\nMcClellanville\nSouth Carolin\n\nJ do 1973\n', '4\n\nHomeoswg\nMewsSiadUSN02\n']","['C\n20352\n', 'RD\nC\nC\n\n1973\n', '4\n\n02\n']","['WPC\n20352\n', 'C\nC\n\n1973\n', '4\n\n02\n']",modelv1.0__2026-05-18 08:48:43
D:/moth_photos/database\batch_20\img_moth_00038942.jpg,"[4000, 6000]",55.717948717948715,"['wec\n20353\n', 'RBDominick\nMcClellanville\nSoutleCarolina\n\nBIuly1973\n']","['20353\n', 'RD\nC\nC\n\n41973\n']","['W\n20353\n', 'C\nC\n\n41973\n']",modelv1.0__2026-05-18 08:48:43
D:/moth_photos/database\batch_20\img_moth_00038943.jpg,"[4000, 6000]",55.75,"['Wize\n20354\n', 'RBDominick\nMcClellanville\nSouth Carolina\n\nloMar 74\nLightY\n']","['20354\n', 'RD\nC\nC\n\n74\n']","['W\n20354\n', 'C\nC\n\n74\n']",modelv1.0__2026-05-18 08:48:43
D:/moth_photos/database\batch_20\img_moth_00038944.jpg,"[4000, 6000]",56.44736842105264,"['WPC\n20355\n', 'RBDominick\nMcClellanville\nSouthCarolina\n\nZ3Het1976\nLaintEo\n']","['C\n20355\n', 'RD\nC\nC\n\n31976\n']","['WPC\n20355\n', 'C\nC\n\n31976\n']",modelv1.0__2026-05-18 08:48:43
D:/moth_photos/database\batch_20\img_moth_00038945.jpg,"[4000, 6000]",55.230769230769226,"['WPC\n20356\n', 'RBDominick\nCharlesREdwards\nMcClellanville\nSouthCarolindg\n\nOAie1972\nrete Or\n']","['C\n20356\n', 'RRD\nCR\nC\n0C\n\n1972\n']","['WPC\n20356\n', 'C\nC\n0C\n\n1972\n']",modelv1.0__2026-05-18 08:48:43
D:/moth_photos/database\batch_20\img_moth_00038946.jpg,"[4000, 6000]",55.48717948717949,"['WPC\n20357\n', 'CharlesREdwards\nMcClellanville\nSouthCarolina\n\n29Dec997\nLicht\n']","['C\n20357\n', 'CR\nC1\nC2\n\n29D997\n']","['WPC\n20357\n', 'C\nC1\nC2\n\n29997\n']",modelv1.0__2026-05-18 08:48:43
D:/moth_photos/database\batch_20\img_moth_00038947.jpg,"[4000, 6000]",56.020833333333336,"['WwPC\n20358\n', 'RB Dominick\nMcClellanville\nSouth Carolina\n\n14dcff47\nLege rae\n']","['C\n20358\n', 'R D\nC\nC\n\n14047\n']","['WPC\n20358\n', 'C\nC\n\n14047\n']",modelv1.0__2026-05-18 08:48:43
D:/moth_photos/database\batch_20\img_moth_00038948.jpg,"[4000, 6000]",55.333333333333336,"['WPC\n20359\n', 'RBDominick\nCharlesREdwards\nMcClellanville\nSouthCarolina\n\n18fYev1977\nLigqhtor\n']","['C\n20359\n', 'RD\nCR\nC\nC\n\n181977\n']","['WPC\n20359\n', 'C\nC\nC\n\n181977\n']",modelv1.0__2026-05-18 08:48:43
D:/moth_photos/database\batch_20\img_moth_00038949.jpg,"[4000, 6000]",56.35,"['WPC\n20360\n', 'RBDominick\nCharlesREdwards\nMcClellanville\nSouthC4rolina\n\nLROJune97f\nhia\n']","['C\n20360\n', 'RRD\nCR\nC\nC4\n\nR97\nR\n']","['WPC\n20360\n', 'C\nC\nC4\n\n97\n']",modelv1.0__2026-05-18 08:48:43
D:/moth_photos/database\batch_20\img_moth_00038950.jpg,"[4000, 6000]",55.84615384615385,"['WPC\n20361\n', 'lShhht\nRBDominick\nCharlesREdwards\nMcClellanville\nSouthCarolina\n\n10Junc Qy1\n']","['C\n20361\n', 'RRD\nCR\nC\nC\n\n10 1\n']","['WPC\n20361\n', 'C\nC\nC\n\n10 1\n']",modelv1.0__2026-05-18 08:48:43
D:/moth_photos/database\batch_20\img_moth_00038951.jpg,"[4000, 6000]",55.87179487179487,"['wec\n20362\n', 'RBDominick\nCharlesREdwards\nMcClellanville\nSouthCarolina\n\n23Aprily49\nDeed\n']","['20362\n', 'RRD\nCR\nC\nC\n\n2349\nDR\n']","['W\n20362\n', 'C\nC\nC\n\n2349\n']",modelv1.0__2026-05-18 08:48:43
D:/moth_photos/database\batch_20\img_moth_00038952.jpg,"[4000, 6000]",55.58974358974359,"['WPC\n20363\n', 'RBDominick\nCharlesREdwards\nMcClellanville\nSouthCarolina\n1ENeov147\nLight\n']","['C\n20363\n', 'RRD\nCR\nC\nC\n1147\n']","['WPC\n20363\n', 'C\n\nC\n\nC\n1147\n']",modelv1.0__2026-05-18 08:48:43
D:/moth_photos/database\batch_20\img_moth_00038953.jpg,"[4000, 6000]",55.230769230769226,"['WPC\n20364\n', 'NmDVOTLILCAN\nCharlesREdwards\nMcClellanville\nSoufh Carolinae\n\n10Dec1971\nbight2\n', 'RBDominick\nMcClellanville\nSouthCarolina\n']","['C\n20364\n', 'DC\nCR\nC\nC\n\n10D1971\n2\n', 'RRD\nC\nC\n']","['WPC\n20364\n', 'C\nC\nC\nC\n\n101971\n2\n', 'C\nC\n']",modelv1.0__2026-05-18 08:48:43
D:/moth_photos/database\batch_20\img_moth_00038954.jpg,"[4000, 6000]",56.275,"['WPC\n20365\n', 'RBDominick\nChariesREdwardis\nMcGlellanville\nSouthCarolina29458\nZ26Mav1976\nList4ae ae\n']","['C\n20365\n', 'RD\nCR\nC\nC29458\n261976\n4\n']","['WPC\n20365\n', 'C\nC\nC29458\n261976\n4\n']",modelv1.0__2026-05-18 08:48:43
D:/moth_photos/database\batch_20\img_moth_00038955.jpg,"[4000, 6000]",56.384615384615394,"['SOUTHCAROLINA\nWedgePlantation\nMcClellanville\n\nAugust 7 1968\nDCFerguson\n', 'WPC\n20366\n']","['CR\nC\n\n7 1968\nDC\n', 'C\n20366\n']","['C\nWP\nC\n\n7 1968\nC\n', 'WPC\n20366\n']",modelv1.0__2026-05-18 08:48:43
D:/moth_photos/database\batch_20\img_moth_00038956.jpg,"[4000, 6000]",55.52631578947368,"['WPC\n20367\n', 'RBDominick\nMcClellanville\nSouth Carolina\n\n3Ma 199\nLighboh\n']","['RC\n20367\n', 'RD\nC\nC\n\n3 199\n']","['WPC\n20367\n', 'C\nC\n\n3 199\n']",modelv1.0__2026-05-18 08:48:43
D:/moth_photos/database\batch_20\img_moth_00038957.jpg,"[4000, 6000]",56.39473684210527,"['WPeC\n20368\n', 'RBDominick\nMcClellanville\nSouthCarolina\n\n12Rypr199\nbight i\n']","['C\n20368\n', 'RD\nC\nC\n\n12R199\n']","['WPC\n20368\n', 'C\nC\n\n12199\n']",modelv1.0__2026-05-18 08:48:43
D:/moth_photos/database\batch_20\img_moth_00038958.jpg,"[4000, 6000]",55.65,"['WPC\n20369\n', 'RBDominick\nMcCleilanville\nSouthCarolina\n\n1Apr1472\nLaneG\n']","['C\n20369\n', 'RRD\nC\nC\n\n11472\n']","['WPC\n20369\n', 'C\nC\n\n11472\n']",modelv1.0__2026-05-18 08:48:43
D:/moth_photos/database\batch_20\img_moth_00038959.jpg,"[4000, 6000]",55.743589743589745,"['ive\n20370\n', 'RBDominick\nCharlesREdwards\nMcClellanville\nSouthCarolinae\n\n1Mag1422\nsalto\n']","['20370\n', 'RRD\nCR\nC\nC\n\n11422\n']","['W\n20370\n', 'C\nC\nC\n\n1W1422\n']",modelv1.0__2026-05-18 08:48:43
D:/moth_photos/database\batch_20\img_moth_00038960.jpg,"[4000, 6000]",55.46153846153847,"['WPC\n20371\n', 'RBDominick\nCharlesREdwards\nMcClellanville\nSouth Carolina\n\n972\n']","['C\n20371\n', 'RRD\nCR\nC\nC\n\n972\n']","['WPC\n20371\n', 'C\nC\nC\n\n972\n']",modelv1.0__2026-05-18 08:48:43
D:/moth_photos/database\batch_20\img_moth_00038961.jpg,"[4000, 6000]",55.94736842105263,"['WPC\n20372\n', 'RBDominick\nCharlesREdwards\nMcCle llanville\nSouthCarolinae\nSOctl472\nLiahh\n']","['RC\n20372\n', 'RRD\nCR\nC\nC\n01472\n']","['WPC\n20372\n', 'C\nC\nC\n01472\n']",modelv1.0__2026-05-18 08:48:43
D:/moth_photos/database\batch_20\img_moth_00038962.jpg,"[4000, 6000]",55.184210526315795,['WPC\n20373\n'],['C\n20373\n'],['WPC\n20373\n'],modelv1.0__2026-05-18 08:48:43
D:/moth_photos/database\batch_20\img_moth_00038963.jpg,"[4000, 6000]",55.44736842105263,"['SOUTHCAROLINA\nWedge Plantation\nMcClellanville\nAugust 5 1968\nDCFerguson\n', 'WPC\n20374\n']","['CR\nC\n5 1968\nDC\n', 'C\n20374\n']","['C\nW P\nC\n5 1968\nC\n', 'WPC\n20374\n']",modelv1.0__2026-05-18 08:48:43
D:/moth_photos/database\batch_20\img_moth_00038964.jpg,"[4000, 6000]",56.17948717948718,"['SOUTHCAROLINA\nWedgePlantation\nMcClellanville\nAugust31968\nDCFerguson\n', 'WPC\n20375\n']","['CRC\nC\n31968\nDC\n', 'C\n20375\n']","['WCC\nWP\nC\n31968\nC\n', 'WPC\n20375\n']",modelv1.0__2026-05-18 08:48:43
D:/moth_photos/database\batch_20\img_moth_00038965.jpg,"[4000, 6000]",55.35897435897436,"['SOUTHCAROLINA\nWedgePlantation\nMcClellafiville\nAugust 3 1968\nDCFerguson\n', 'Wie\n20376\n']","['CR\nC\n3 1968\nDC\n', '20376\n']","['C\nWP\nC\n3 1968\nC\n', 'W\n20376\n']",modelv1.0__2026-05-18 08:48:43
D:/moth_photos/database\batch_20\img_moth_00038966.jpg,"[4000, 6000]",55.83673469387755,"['SOUTHCAROLINA\nWedge Plantation\nMcClellanville\nAugust Y 1968\nDCFerguson\n', 'WPC\n20377\n']","['CR\nC\n1968\nDC\n', 'C\n20377\n']","['C\nW P\nC\n1968\nC\n', 'WPC\n20377\n']",modelv1.0__2026-05-18 08:48:43
D:/moth_photos/database\batch_20\img_moth_00038967.jpg,"[4000, 6000]",56.150000000000006,"['SOUTHCAROLINA\nWedge Plantation\nMcClellanville\n\nAugust 4 1968\nDCFerauson\n', 'WPC\n20378\n']","['CR\nC\n\n4 1968\nDC\n', 'C\n20378\n']","['C\nW P\nC\n\n4 1968\nCP\n', 'WPC\n20378\n']",modelv1.0__2026-05-18 08:48:43
D:/moth_photos/database\batch_20\img_moth_00038968.jpg,"[4000, 6000]",55.8974358974359,"['WPC\n70379\n', 'RB Dominick\nMcClellanville\nSouth Carolina\n']","['C\n70379\n', 'R D\nC\nC\n']","['WPC\n70379\n', 'C\nC\n']",modelv1.0__2026-05-18 08:48:43
D:/moth_photos/database\batch_20\img_moth_00038969.jpg,"[4000, 6000]",56.35,"['WPC\n20380\n', 'RBDominick\nMcClellanville\nSmela\n\nmine 1994\n\nLight2\n']","['C\n20380\n', 'RD\nC\n1994\n\n2\n']","['WPC\n20380\n', 'C\n1994\n\n2\n']",modelv1.0__2026-05-18 08:48:43
D:/moth_photos/database\batch_20\img_moth_00038970.jpg,"[4000, 6000]",56.473684210526315,"['WPC\n20381\n', 'BDominick\nharlesREdwards\n\nMcClelljanville\nSouthCarolina\n\ntaht Zo\n']","['RC\n20381\n', 'DC\nR\n\nC\n3C\n']","['WPC\n20381\n', 'C\n\nC\n3C\n']",modelv1.0__2026-05-18 08:48:43
D:/moth_photos/database\batch_20\img_moth_00038971.jpg,"[4000, 6000]",56.42105263157895,"['SOUTHCAROLINA\nWedgePlantation\nMcClellahville\nAugust 1968\nDCFerguson\n', 'wPC\n20382\n']","['CR\nC\n1968\nDC\n', 'C\n20382\n']","['C\nWP\nC\n1968\nCP\n', 'WPC\n20382\n']",modelv1.0__2026-05-18 08:48:43
D:/moth_photos/database\batch_20\img_moth_00038972.jpg,"[4000, 6000]",55.56410256410257,"['EU\n\nSOUTH CAROLINA\nwedge Plantation\nmeClellanville\nAugustBa21968\npC perguson\n', 'WPC\n20383\n']","['CRC\nC\nR21968\nDC\n', 'C\n20383\n']","['CC\nW P\nC\n21968\nC\n', 'WPC\n20383\n']",modelv1.0__2026-05-18 08:48:43
D:/moth_photos/database\batch_20\img_moth_00038973.jpg,"[4000, 6000]",56.0,"['WPC\n20384\n', 'SSiCO\nRBDominick\nCharilesR Edwards\nMcCle lianville\nSoutfCarolina29458\n\n29mar975\n\nLesght\n']","['C\n20384\n', 'C\nRD\nCR\nC\nC29458\n\n29975\n']","['WPC\n20384\n', 'C\nC\nC\nC29458\n\n29975\n']",modelv1.0__2026-05-18 08:48:43
D:/moth_photos/database\batch_20\img_moth_00038974.jpg,"[4000, 6000]",56.142857142857146,"['WPC\n20385\n', '2BDominick\nCharlesREdwards\nMcClellartville\nSouthCarolina\n']","['C\n20385\n', '2RD\nCR\nC\nC\n']","['WPC\n20385\n', '2\nC\nC\nC\n']",modelv1.0__2026-05-18 08:48:43
D:/moth_photos/database\batch_20\img_moth_00038975.jpg,"[4000, 6000]",56.025000000000006,"['WPC\n20386\n', '2BDominick\nMcClellanville\nSep ary\n\nes Se\n']","['C\n20386\n', '2RD\nC\n']","['WPC\n20386\n', '2\nC\n']",modelv1.0__2026-05-18 08:48:43
D:/moth_photos/database\batch_20\img_moth_00038976.jpg,"[4000, 6000]",56.22500000000001,"['WPC\n20387\n', 'RBDominick\nCharlesREdwards\nMcClellanville\nSouthCarolina\n\n5Apwil197\nLiab\n']","['C\n20387\n', 'RRD\nCR\nC\nC\n\n5197\n']","['WPC\n20387\n', 'C\nC\nC\n\n5197\n']",modelv1.0__2026-05-18 08:48:43
D:/moth_photos/database\batch_20\img_moth_00038977.jpg,"[4000, 6000]",55.23684210526316,"['WPC\n20388\n', 'SeCUMmMiNnick\nRBDominic\n\nCharlesREdward\nMcClellanville\nSouthCarolinas\n\nMunefV7\nLithbkOC\n']","['C\n20388\n', 'CCC\nRD\n\nCR\nC\nC\n\n7\nC\n']","['WPC\n20388\n', 'CCC\nP\n\nC\nC\nC\n\n7\nC\n']",modelv1.0__2026-05-18 08:48:43
D:/moth_photos/database\batch_20\img_moth_00038978.jpg,"[4000, 6000]",56.0,"['WPC\n20389\n', 'RBDominick\nCharlesREdwards\nMcClellanville\nSouthCarolina29458\n9TFunel9T7\nLight\n']","['RC\n20389\n', 'RD\nCR\nC\nC29458\n997\n']","['WPC\n20389\n', 'C\n\nC\n\nC29458\n997\n']",modelv1.0__2026-05-18 08:48:43
D:/moth_photos/database\batch_20\img_moth_00038979.jpg,"[4000, 6000]",55.333333333333336,"['RBDominicl\nMcC lellanville\nSoutharolin\n\n4 i pian\n9o\n\nPoy\ntalh\n', 'WPC\n20390\n']","['RD\nC\n\n4\n92\n\n4\n', 'C\n20390\n']","['C\n\n4\n92\n\nP4\n', 'WPC\n20390\n']",modelv1.0__2026-05-18 08:48:43
D:/moth_photos/database\batch_20\img_moth_00038980.jpg,"[4000, 6000]",55.86842105263157,"['WPC\n20391\n', 'Cabnia\nmyronellaDyar\nDet BGScholtens\n\nDec2024\n', '2BDominicl\nAcClellanville\nSouthCardlin\n\nDMay1P\nlator\n']","['C\n20391\n', 'C\nD\nD RC\n\nD2024\n', '2RD\nC\nC\n\nD1\n7\n']","['WPC\n20391\n', 'C\nP C\n\n2024\n', '2\nC\nC\n\n1P\n7\n']",modelv1.0__2026-05-18 08:48:43
D:/moth_photos/database\batch_20\img_moth_00038981.jpg,"[4000, 6000]",55.425000000000004,"['Cabnia\nmyronellaQyar\n\nDetBGScholtens\n\nDec2024\n', 'WwPC\n20392\n\n', 'XOVominick\n\nCharlesREdwards\n\nMeCelanvillg\nCarolina\n\no LAEiNAZ ADR\n\n']","['C\nD\nD2024\n', 'C\n20392\n\n', 'CR\nC\nC\n\nD 42R\n\n']","['C\n2024\n', 'WPC\n20392\n\n', 'C\nC\nC\n\nP 42\n\n']",modelv1.0__2026-05-18 08:48:43
D:/moth_photos/database\batch_20\img_moth_00038982.jpg,"[4000, 6000]",55.34,"['RBDominick\nMcClellanville\nSouthCarolinz\n\nSi SivepN 1966\nLight\n', 'Atascosa\nglareosellaZell\n\nDet BGScholtens\nDec2024\n\n', 'WPC\n20393\n']","['RRD\nC\nC\n\n1966\n', '2\n\nD\nD2024\n\n', 'C\n20393\n']","['C\nC\n\n1966\n', '2\n\n2024\n\n', 'WPC\n20393\n']",modelv1.0__2026-05-18 08:48:43
D:/moth_photos/database\batch_20\img_moth_00038983.jpg,"[4000, 6000]",55.925,"['RBDominic\nMcClellanville\nSouthCarolin\nSRar149\npoe he\n\noY\n', 'Atascosa\nglareosellaZell\n\nDetBGScholtens\n\nDec2024\n', 'WPC\n20394\n']","['RD\nC\n0C\nR149\n', '2\nD\nD2024\n', 'RC\n20394\n']","['C\n0C\n149\nP\n', '2\nP2024\n', 'WPC\n20394\n']",modelv1.0__2026-05-18 08:48:43
D:/moth_photos/database\batch_20\img_moth_00038984.jpg,"[4000, 6000]",56.210526315789465,"['Peoriabipartitella\nRag\n\nDetBGScholtens\n\nDec2024\n\n', 'RBDominick\nMcClellanville\nSouthCarolina\n\n2YSent1422\nicah hd\n', 'WPC\n20395\n']","['R\nDR\nD2024\n\n', 'RD\nC\nC\n\n241422\n4\n', 'C\n20395\n']","['P\n2024\n\n', 'C\nC\n\n241422\n4\n', 'WPC\n20395\n']",modelv1.0__2026-05-18 08:48:43
D:/moth_photos/database\batch_20\img_moth_00038985.jpg,"[4000, 6000]",55.379999999999995,"['Peoriabipartitella\nRag\n\nDetBGScholtens\n\nDec2024\n\n', 'RBDominick\nMcClennanville\n24S st1993\n\n192\niat\n', 'WPC\n20396\n']","['R\nD\nD2024\n\n', 'RD\nC\n24 1993\n\n192\n', 'C\n20396\n']","['P\nP\n2024\n\n', 'C\n24 1993\n\n192\n', 'WPC\n20396\n']",modelv1.0__2026-05-18 08:48:43
D:/moth_photos/database\batch_20\img_moth_00038986.jpg,"[4000, 6000]",55.5,"['SOUTHCAROLINA\nWedgePiantation\nMcClellanville\nAugust 1g 1968\nDCFerguson\n', 'Peoriabipartitelia\nRag\n\nDetBGScholtens\n\nDec2024\n\n', 'a\nWPC\n20397\n']","['CR\nC\n1 1968\nDC\n', 'R\nDC8\nD2024\n\n', 'C\n20397\n']","['C\nWP\nC\n1 1968\nC\n', 'P\nC8\n2024\n\n', 'WPC\n20397\n']",modelv1.0__2026-05-18 08:48:43
D:/moth_photos/database\batch_20\img_moth_00038987.jpg,"[4000, 6000]",56.22448979591837,"['SOUTHCAROLINA\nWedgePlantation\nMcClellanyille\n\n10Vill1969\n\nDCFerguson\n', 'Peoriabipartitella\nRag\n\nDetBGScholtens\n\nDec2024\n', 'WPC\n20398\n']","['5CR\nC1\n\n101969\n\nDC\n', 'R\nD\nD2024\n', 'C\n20398\n']","['5C\nWP\nC1\n\n101969\n\nCP\n', 'P\n2024\n', 'WPC\n20398\n']",modelv1.0__2026-05-18 08:48:43
D:/moth_photos/database\batch_20\img_moth_00038988.jpg,"[4000, 6000]",55.57894736842105,"['SOUTHCAROLINA\nWedgePlantation\nMcClellanyille\n\n1OVilj1968\n\nDCFerguson\n', 'Peoriabipartitella\nRag\n\nDetBGScholtens\n\nDec2024\n\n', 'WPC\n20399\n']","['CR\nC\n\n101968\n\nDC\n', 'R\nD\nD2024\n\n', 'C\n20399\n']","['C\nWP\nC\n\n10W1968\n\nC\n', 'P\nP\n2024\n\n', 'WPC\n20399\n']",modelv1.0__2026-05-18 08:48:43
D:/moth_photos/database\batch_20\img_moth_00038989.jpg,"[4000, 6000]",56.05,"['SOUTHCAROLINA\nWedgePlantation\nMcClePlanville\n\n10VIIN196\n\nDCFerguson\n', 'Peoriabipartitella\nRag\n\nDetBGScholtens\n\nDec2024\n\n', 'WPC\n20400\n']","['CR\nCR\n\n10196\n\nDC\n', 'R\nDRC\nD2024\n\n', 'C\n20400\n']","['C\nWP\nCP\n\n10WP196\n\nPC\n', 'P\nC\n2024\n\n', 'WPC\n20400\n']",modelv1.0__2026-05-18 08:48:43
D:/moth_photos/database\batch_20\img_moth_00038990.jpg,"[4000, 6000]",55.81578947368421,"['RBDominick\nMcClellanville\nSouthsCarolina\n\nbly1998\nLiahtc\n', 'WPC\n20401\n', 'Peoria\nbipartitellaRag\n\nDetBGScholtens\n\nDec2024\n']","['RD\nC\nC\n\n1998\n', 'C\n20401\n', 'R\nD\nD2024\n']","['C\nC\n\n1998\n', 'WPC\n20401\n', 'P\nP\n2024\n']",modelv1.0__2026-05-18 08:48:43
D:/moth_photos/database\batch_20\img_moth_00038991.jpg,"[4000, 6000]",55.89473684210527,"['WPC\n20402\n', 'RBDominick\nMcClellanville\n\nSouthCarolina\nLod475\nprahtG\n', 'Peoria\nbipartitellaRag\n\nDetBGScholtens\n\nDec2024\n']","['C\n20402\n', 'RD\nC\n\nC\nC475\n', 'R\nD\nD2024\n']","['WPC\n20402\n', 'C\n\nC\nC475\n', 'P\nP\n2024\n']",modelv1.0__2026-05-18 08:48:43
D:/moth_photos/database\batch_20\img_moth_00038992.jpg,"[4000, 6000]",56.05263157894737,"['Tampa\nAi mdiatelle z\nAdidDee\n', 'Peoria\n\nbipartitellaRag\nDetBGScholtens\n\nDec2024\n', 'WPC\n20403\n', 'RBDominick\nMcClellanville\nSouth Carolina\n\nwT\n\npride\n']","['2\nD\n', 'R\nD\n\nD2024\n', 'C\n20403\n', 'RD\nC\nC\n']","['2\n', 'P\n\n2024\n', 'WPC\n20403\n', 'C\nC\n']",modelv1.0__2026-05-18 08:48:43
D:/moth_photos/database\batch_20\img_moth_00038993.jpg,"[4000, 6000]",56.204081632653065,"['RBDominick\nMcClellanville\nSouthCarolina\n\noMeay1974\nkey\n', 'Peoriaroseotinctella\nRag\n\nDetBGScholtens\n\nDec2024\n\n', 'WPC\n20404\n']","['RD\nC\nC\n\nR1974\n', 'R\nD\nD2024\n\n', 'C\n20404\n']","['C\nC\n\n1974\n', 'P\n2024\n\n', 'WPC\n20404\n']",modelv1.0__2026-05-18 08:48:43
D:/moth_photos/database\batch_20\img_moth_00038994.jpg,"[4000, 6000]",56.300000000000004,"['WPC\n20405\n', 'RBDominick\nMcClellanville\nSouthCarolina\n225u ye 197\nLighto\n', 'Peoriaroseotinctella\n\nRag\nDetBGScholtens\nDec 2024\n']","['C\n20405\n', 'RD\nC\nC\n225 R 197\n', 'R\nDR\nD 2024\n']","['WPC\n20405\n', 'C\nC\n225 197\n', 'P\nP 2024\n']",modelv1.0__2026-05-18 08:48:43
D:/moth_photos/database\batch_20\img_moth_00038995.jpg,"[4000, 6000]",55.24000000000001,"['WPC\n20406\n', 'RBDominick\nMcClellanville\n\nSouth Carolina\nLiahtPPr\n', 'Peoriaroseotinctella\nRag\n\nDetBGSecholtens\n\nDec2024\n\n']","['C\n20406\n', 'RD\nC\nC\n', 'R\nDR\nD2024\n\n']","['WPC\n20406\n', 'C\nC\nPP\n', 'P\n2024\n\n']",modelv1.0__2026-05-18 08:48:43
D:/moth_photos/database\batch_20\img_moth_00038996.jpg,"[4000, 6000]",55.125,"['WPC\n20407\n', 'Peoriaroseotinctella\nRag\n\nDetBGScholtens\n\nDec2024\n\n', 'LBDominick\nAcClellanville\nout Carolina\n\n1974\nlahtor\n']","['C\n20407\n', 'R9\nDR\nD2024\n\n', 'RDC\nC\nC\n\n1974\n']","['WPC\n20407\n', 'P\n9\n2024\n\n', 'C\nC\nC\n\n1974\n']",modelv1.0__2026-05-18 08:48:43
D:/moth_photos/database\batch_20\img_moth_00038997.jpg,"[4000, 6000]",56.0,"['Peoriaroseotinctella\nRag\n\nDetBGScholtens\n\nDec2024\n\n', 'RBDominick\nMcClellanville\nSouthCarolina\n\n3Aug1968\nbight\n', 'WPC\n20408\n']","['R\nD\nD2024\n\n', 'RD\nC\nC\n\n31968\n', 'C\n20408\n']","['P\n2024\n\n', 'C\nC\n\n31968\n', 'WPC\n20408\n']",modelv1.0__2026-05-18 08:48:43
D:/moth_photos/database\batch_20\img_moth_00038998.jpg,"[4000, 6000]",55.44736842105263,"['Peoriainsularis\nShaffer\n\nDetBGScholtens\n\nDec2024\n', 'RBDominicl\nMcClellanville\nSouthCarolin\n\nFhug147\n', 'WPC\n20409\n']","['DR\nD2024\n', 'RRD\nC\nC\n\n147\n', 'C\n20409\n']","['P\n2024\n', 'C\nC\n\nP147\n', 'WPC\n20409\n']",modelv1.0__2026-05-18 08:48:43
D:/moth_photos/database\batch_20\img_moth_00038999.jpg,"[4000, 6000]",55.37500000000001,"['WPCC\n20410\n', 'Peoriainsularis\nShaffer\nDetBGScholtens\nDec2024\n\n', 'RBDominic\nMcClellanville\nSoutkhCarolin\n\n3Hug197\nJ abl oy\n']","['RC\n20410\n', 'DR\nD2024\n\n', 'RD\nC\nC\n\n3197\n']","['WPCC\n20410\n', 'P\n2024\n\n', 'C\nC\n\n3197\n']",modelv1.0__2026-05-18 08:48:43
D:/moth_photos/database\batch_20\img_moth_00039000.jpg,"[4000, 6000]",55.195121951219505,"['Peoriainsularis\nShafter\n\nDetBGScholtens\n\nDec2024\n\n', 'WPC\n20411\n', 'RBDominick\nMcClellanville\nSouth agli\n\ndug\n\ney\n', '']","['DRC\nD2024\n\n', 'RC\n20411\n', 'RD\nC\n\n14\n', '']","['P\nC\n2024\n\n', 'WPC\n20411\n', 'C\n\n14\n', '']",modelv1.0__2026-05-18 08:48:43
D:/moth_photos/database\batch_20\img_moth_00039001.jpg,"[4000, 6000]",55.5609756097561,"['RBDominic\nMcClellanville\nSouthCarolin\n\nAlfuly491\nLight 2\n', 'Peoriainsularis\nShaffer\n\nDetBGScholtens\n\nDec2024\n\n', '', 'WPC\n20412\n']","['RD\nC\nC\n\n491\n2\n', 'DC\nD2024\n\n', '', 'C\n20412\n']","['C\nC\n\n491\n2\n', 'P\nC\n2024\n\n', '', 'WPC\n20412\n']",modelv1.0__2026-05-18 08:48:43
D:/moth_photos/database\batch_20\img_moth_00039002.jpg,"[4000, 6000]",55.55,"['WPC\n20413\n', 'SOUTHCAROLINA\nWedge Plantation\nMcClellanville\nAugust221968\nDCFerguson\n', 'Homosassa\nellaHulst\n\nDetBGScholtens\n\nDec2024\n']","['C\n20413\n', 'CR\nC\n221968\nDC\n', 'DR\nD2024\n']","['WPC\n20413\n', 'C\nW P\nC\n221968\nC\n', '2024\n']",modelv1.0__2026-05-18 08:48:43
D:/moth_photos/database\batch_20\img_moth_00039003.jpg,"[4000, 6000]",55.3,"['RBDominick\nMcClellanville\nyes Caroling\n\nq75\n\nq\n\nahF\n', 'WPC\n20414\n', 'Homosassa\nellaHulst\n\nDetBGScholtens\nDec2024\n\n']","['RD\nC\n1 C\n\n475\n', 'C\n20414\n', 'D\nD2024\n\n']","['2\nC\n1 C\n\n475\n', 'WPC\n20414\n', '2024\n\n']",modelv1.0__2026-05-18 08:48:43
D:/moth_photos/database\batch_20\img_moth_00039004.jpg,"[4000, 6000]",55.609756097560975,"['WPC\n20415\n', 'Homosassa\nellaHulst\n\nDetBGScholtens\nDec2024\n\n', 'RB Dominick\nMcClellanville\nSouth Carolina\n\nae\nto\n']","['C\n20415\n', 'DR\nD2024\n\n', 'R D\nC\nC\n']","['WPC\n20415\n', '2024\n\n', 'C\nC\n']",modelv1.0__2026-05-18 08:48:43
D:/moth_photos/database\batch_20\img_moth_00039005.jpg,"[4000, 6000]",55.125,"['n6Dominicl\nMcClellanville\nsouth Carolin\n\nS9ume97I\nWaht\n', 'Homosassa\nellaHulst\n\nDetBGScholtens\n\nDec2024\n', 'WPC\n20416\n']","['R6D\nC\nC\n\n59971\n', 'DR\nD2024\n', 'C\n20416\n']","['6\nC\nC\n\n59971\nW\n', 'P\n2024\n', 'WPC\n20416\n']",modelv1.0__2026-05-18 08:48:43
D:/moth_photos/database\batch_20\img_moth_00039006.jpg,"[4000, 6000]",55.97435897435897,"['SOUTHCAROLINA\nWedgePlantaticn\nMcClellartville\nAugust71968\nDCFerguson\n', 'Homosassa\nellaHulst\n\nDetBGScholtens\n\nDec2024\n', 'WPC\n20417\n']","['CRC\nC\n71968\nDC\n', 'DR\nD2024\n', 'RC\n20417\n']","['CC\nWP\nC\n71968\nCP\n', '2024\n', 'WPC\n20417\n']",modelv1.0__2026-05-18 08:48:43
D:/moth_photos/database\batch_20\img_moth_00039007.jpg,"[4000, 6000]",56.05128205128205,"['SOUTHCAROLINA\nWedgePlantation\nMcClellanville\n\nAugust 20 1968\nDCFerauson\n', 'Homosassa\nellaHulst\n\nDetBGStholtens\n\nDec2024\n\n', 'WPC\n20418\n']","['CR\nC\n\n20 1968\nDC\n', 'DR\nD2024\n\n', 'C\n20418\n']","['C\nWP\nC\n\n20 1968\nC\n', '2024\n\n', 'WPC\n20418\n']",modelv1.0__2026-05-18 08:48:43
D:/moth_photos/database\batch_20\img_moth_00039008.jpg,"[4000, 6000]",55.28,"['SOUTHCAROLINA\nWedgePlantation\nMcClellanville\nAugust Ly 1968\nDCFergquson\n', 'WPC\n20419\n', 'Homosassa\nellaHulsty\n\nDetBGScholtens\n\nDec2024\n']","['CR\nC1\n1968\nDC\n', 'C\n20419\n', 'D\nD2024\n']","['C\nWP\nC1\n1968\nC\n', 'WPC\n20419\n', '2024\n']",modelv1.0__2026-05-18 08:48:43
D:/moth_photos/database\batch_20\img_moth_00039009.jpg,"[4000, 6000]",55.379999999999995,"['RB Dominick\nMcClellanville\nSouth Carolina\n\n1SAprit973\nlaghPs\n', 'Sciota\nceltidella Hulst\n\nDet BGScholtens\nDec2024\n\n', 'WPC\n20420\n']","['R D\nC\nC\n\n18973\n', 'C\n\nD\nD2024\n\n', 'C\n20420\n']","['C\nC\n\n18973\nP\n', 'C\n\n2024\n\n', 'WPC\n20420\n']",modelv1.0__2026-05-18 08:48:43
D:/moth_photos/database\batch_20\img_moth_00039010.jpg,"[4000, 6000]",56.435897435897445,"['Wwec\n20421\n', 'Sciota\n\nceltidellaHuist\nDetBGScholtens\nDec2024\n', '2BDominick\nharlesREdwards\nAcClellanville\nsouthCarolina\n\n8fi ril 1W2Q\nLhd g\n']","['20421\n', 'C\nD\nD2024\n', '2RD\nR\nC\n0C\n\n8 12\n1\n']","['W\n20421\n', 'C\n2024\n', '2\nC\n0C\n\n8 1W2\n1\n']",modelv1.0__2026-05-18 08:48:43
D:/moth_photos/database\batch_20\img_moth_00039011.jpg,"[4000, 6000]",55.92307692307693,"['WPC\n20422\n', 'RBDominick\nMcClellanville\nSouthCarolina\n\n7Mar1974\nLighten\n', 'Sciota\nceltidellaHulst\n\nDetBGScholtens\n\nDec2024\n']","['C\n20422\n', 'RD\nC\nC\n\n71974\n', 'D\nD2024\n']","['WPC\n20422\n', 'C\nC\n\n71974\n', '2024\n']",modelv1.0__2026-05-18 08:48:43
D:/moth_photos/database\batch_20\img_moth_00039012.jpg,"[4000, 6000]",55.6,"['WPC\n20423\n', 'Sciota\n\nceltidellaHulst\nDetBGScholtens\nDec2024\n\nell\n\n']","['C\n20423\n', 'DR8C\nD2024\n\n']","['WPC\n20423\n', '8C\n2024\n\n']",modelv1.0__2026-05-18 08:48:43
D:/moth_photos/database\batch_20\img_moth_00039013.jpg,"[4000, 6000]",56.435897435897445,"['WPC\n20424\n', 'Sciota\n\nceltidetlaHulst\nDetBGScholtens\nDec2024\n', 'RBDominick\nCharlesREdwards\nMcClellanville\nSouthCarolina\n\n29AvriVATZ\ntape\n']","['C\n20424\n', 'C\nDRC\nD2024\n', 'RRD\nCR\nC\nC\n\n297\n']","['WPC\n20424\n', 'C\nC\n2024\n', 'C\nC\nC\n\n297\nP\n']",modelv1.0__2026-05-18 08:48:43
D:/moth_photos/database\batch_20\img_moth_00039014.jpg,"[4000, 6000]",55.256410256410255,"['WPC\n20425\n', 'Sciota\n\nceltidellaHulst\nDetBGScholtens\n\nDec2024\n', 'RBDominick\nChariesREdwards\nMcClellanville\nSouthCarolina\n2Apr7972\ntignt\n']","['C\n20425\n', 'C\nD\n\nD2024\n', 'RRD\nCR\nC\nC\n27972\n']","['WPC\n20425\n', 'C\n\n2024\n', 'C\n\nC\n\nC\n27972\n']",modelv1.0__2026-05-18 08:48:43
D:/moth_photos/database\batch_20\img_moth_00039015.jpg,"[4000, 6000]",55.475,"['WPC\n20426\n', 'Sciota\nceltidellaHulst\nDetBGScholtens\n\nDec2024\n', 'RBDominick\nCharlesREdward\nMcClellanville\nSouthCarolina\n\n2S5Apes192\nLoh\n']","['C\n20426\n', 'C\nDR\n\nD2024\n', 'RRD\nCR\nC\nC\n\n25192\nC\n']","['WPC\n20426\n', 'C\n\nP2024\n', 'C\nC\nC\n\n25192\nC\n']",modelv1.0__2026-05-18 08:48:43
D:/moth_photos/database\batch_20\img_moth_00039016.jpg,"[4000, 6000]",56.24489795918367,"['WPC\n20427\n', 'Det BGScholtens\nDec 2024\n\nSciota\nseltidellaHulst\n', '2BDominick\nharlesREdwar\nAcCleljanville\nsouthCarolinae\n\nVApril1V7Z\nhiahtD\n']","['RC\n20427\n', 'D\nD 2024\n', '2RD\nR\nC\nC\n\n172\nD\n']","['WPC\n20427\n', '2024\n', '2\nC\nC\n\n1W72\n']",modelv1.0__2026-05-18 08:48:43
D:/moth_photos/database\batch_20\img_moth_00039017.jpg,"[4000, 6000]",55.275,"['WPC\n20428\n', 'Sciota\nceltidellaHulst\nDet BGScholtens\n']","['C\n20428\n', 'C\nD R\n']","['WPC\n20428\n', 'C\nP\n']",modelv1.0__2026-05-18 08:48:43
D:/moth_photos/database\batch_20\img_moth_00039018.jpg,"[4000, 6000]",55.184210526315795,"['WPCC\n20429\n', 'Sciota\nceltidellaHulst\nDetBGScholtens\n\nDec2024\n\n', 'RBDominick\nCharlesREdward\nMcClefjlanville\nSouthCarolinae\n\nJBAug1477\nLighto\n']","['RC\n20429\n', 'C\nDRC\nD2024\n\n', 'RRD\nCR\nC\n5C\n\n81477\n']","['WPCC\n20429\n', 'C\nPC\n2024\n\n', 'C\nC\n5C\n\n81477\n']",modelv1.0__2026-05-18 08:48:43
D:/moth_photos/database\batch_20\img_moth_00039019.jpg,"[4000, 6000]",56.125,"['WPC\n20430\n', 'Sciota\n\nceltidella Hulst\nDetBGScholtens\nDec2024\n', 'RBDominick\nCharlesREdwanis\nMcClellanville\nSouthCarolina\n\niZApr 197\nLightor\n']","['C\n20430\n', 'DR\nD2024\n', 'RRD\nCR\nC\n5C\n\n2 197\n']","['WPC\n20430\n', '2024\n', 'C\nC\n5C\n\n2P 197\n']",modelv1.0__2026-05-18 08:48:43
D:/moth_photos/database\batch_20\img_moth_00039020.jpg,"[4000, 6000]",55.425000000000004,"['WPC\n20431\n', 'Sciota\n\nceltidellaHulst\nDetBGScholtens\nDec2024\n', 'RBDominick\nCharlesR Edwans\nMcClellanville\nSouthCarolinae\n\nISMaret G9\n\nghkhko\n']","['C\n20431\n', 'C\nDR\nD2024\n', 'RRD\nCR\nC\nC\n\n49\n']","['WPC\n20431\n', 'C\n2024\n', 'C\nC\nC\n\n49\n']",modelv1.0__2026-05-18 08:48:43
D:/moth_photos/database\batch_20\img_moth_00039021.jpg,"[4000, 6000]",55.46938775510204,"['WPC\n20432\n', 'Sciota\nceltidellaHuist\n\nDetBGScholtens\n\nDec2024\n', 'Nephopheryx yk\n61604\n', 'RBDominick\nCharlesREdwar\nMcClellanville\nSouthCarolina\n\nfpeAIC\nie\n']","['C\n20432\n', 'DR\nD2024\n', '61604\n', 'RRD\nCR\nC\nC\n\nRC\n']","['WPC\n20432\n', '2024\n', '61604\n', 'C\nC\nC\n\nC\n']",modelv1.0__2026-05-18 08:48:43
D:/moth_photos/database\batch_20\img_moth_00039022.jpg,"[4000, 6000]",55.66,"['wPc\n20433\n', 'Sciota\n\nsubfusceliaRag\nDetBGScholtens\n\nDec2024\n', 'RBDominic\nCharlesREdwards\nMcClellanvilles\n\n']","['C\n20433\n', 'R\nD\nD2024\n', 'RRD\nCR\nC\n\n']","['WPC\n20433\n', 'P\n2024\n', 'C\nC\n\n']",modelv1.0__2026-05-18 08:48:43
D:/moth_photos/database\batch_20\img_moth_00039023.jpg,"[4000, 6000]",55.717948717948715,"['Wie\n20434\n', 'Sciota\n\nsubfusoellaRag\nDetBGScholtens\nDec2024\n', 'RB Dominick\nCharlesR Edwards\nMcClellanville te\nSoufhCarolina\n\nhight ot\n\n']","['8\n20434\n', 'R\nD\nD2024\n', 'R D\nCR\nC\nC\n\n']","['WW\n20434\n', 'P\n2024\n', 'P\nC\nC\nC\n\n']",modelv1.0__2026-05-18 08:48:43
D:/moth_photos/database\batch_20\img_moth_00039024.jpg,"[4000, 6000]",55.734693877551024,"['WPC\n20435\n', 'Sciota\nsubfuscellaRag\n\nDetBGScholtens\n\nDec2024\n', 'RBDominick\nCharlesREdwards\nMcCleflanville\nSouthCarolina29458\nGTunme197\n\nCIGHaKGt\n']","['C\n20435\n', 'R\nD\nD2024\n', 'RD\nCR\nC\nC29458\n197\n\nC1\n']","['WPC\n20435\n', '2024\n', 'C\n\nC\n\nC29458\n197\n\nC1\n']",modelv1.0__2026-05-18 08:48:43
D:/moth_photos/database\batch_20\img_moth_00039025.jpg,"[4000, 6000]",56.28205128205128,"['WPC\n20436\n', 'Sciota\nsubfuscella Rag\nDet RBaeScholtens\n\nDec2024\n', 'RBDominick\nCharlesREdwards\nMcClellanville\nSouthCarolina\n25Diel97\n\nCishs\n']","['RC\n20436\n', 'R\nD R\n\nD2024\n', 'RRD\nCR\nC\nC\n25D97\n\nC\n']","['WPC\n20436\n', 'P\n\n2024\n', 'C\nC\nC\n2597\n\nC\n']",modelv1.0__2026-05-18 08:48:43
D:/moth_photos/database\batch_20\img_moth_00039026.jpg,"[4000, 6000]",55.734693877551024,"['WPC\n20437\n', 'Sciotauvinella\nRag\n\nDetBGScholtens\n\nOct2024\n', '2BDominick\nMcClellanville\nsouth Carolins\n\nYRpr197\nlobe\n']","['C\n20437\n', 'R\nDR\n2024\n', '2D\nC\n0 C\n\nR197\n']","['WPC\n20437\n', '2024\n', '2\nC\n0 C\n\n197\n']",modelv1.0__2026-05-18 08:48:43
D:/moth_photos/database\batch_20\img_moth_00039027.jpg,"[4000, 6000]",55.72093023255814,"['WPC\n20438\n', 'RBDominick\n\nMcClellanville\n\npoe\nJsaht\n']","['C\n20438\n', 'RD\nCC\n']","['WPC\n20438\n', 'CC\n']",modelv1.0__2026-05-18 08:48:43
D:/moth_photos/database\batch_20\img_moth_00039028.jpg,"[4000, 6000]",56.035714285714285,"['WPC\n20439\n', 'RBDominick\nMcClellanville\nSouthCarolina\n\nfFFulyt995\ndrahforr\n']","['C\n20439\n', 'RD\nC\nC\n\n9995\n']","['WPC\n20439\n', 'C\nC\n\n9995\n']",modelv1.0__2026-05-18 08:48:43
D:/moth_photos/database\batch_20\img_moth_00039029.jpg,"[4000, 6000]",55.46153846153847,"['WPC\n20440\n', 'RBDominick\nMcClellanville\nFe WG\n\n3a\n']","['C\n20440\n', 'RRD\nC\n7 98\n\n38\n']","['WPC\n20440\n', 'C\n7 W998\n\n3P8\n']",modelv1.0__2026-05-18 08:48:43
D:/moth_photos/database\batch_20\img_moth_00039030.jpg,"[4000, 6000]",56.324999999999996,"['WPC\n20441\n', 'RBDominick\nMcClellanville\noP\n']","['RC\n20441\n', 'RRD\nC\n']","['WPC\n20441\n', 'C\nP\n']",modelv1.0__2026-05-18 08:48:43
D:/moth_photos/database\batch_20\img_moth_00039031.jpg,"[4000, 6000]",55.102564102564095,"['WPC\n20442\n', 'RB RBDominick\nve Clellanville\nRite Carolina\n\nna\naghpier\n\n']","['RC\n20442\n', 'R RD\n7 C\nR C\n\n']","['WPC\n20442\n', '7 C\nC\n\n']",modelv1.0__2026-05-18 08:48:43
D:/moth_photos/database\batch_20\img_moth_00039032.jpg,"[4000, 6000]",56.1578947368421,"['RBDominick\nMcClellanville\nSouthCarolin\nAfuly 2\nLiahtot\n', 'WPC\n20443\n']","['RD\nC\nC\n\n2\n', 'C\n20443\n']","['C\nC\n2\n', 'WPC\n20443\n']",modelv1.0__2026-05-18 08:48:43
D:/moth_photos/database\batch_20\img_moth_00039033.jpg,"[4000, 6000]",56.3421052631579,"['wec\n20444\n', 'RBDominich\nMcClellanville\nSouthCarolins\n\n9SulyiAits\nLishffor\n']","['20444\n', 'RD\nC\nC\n\n9\n']","['20444\n', 'C\nC\n\n9\n']",modelv1.0__2026-05-18 08:48:43
D:/moth_photos/database\batch_20\img_moth_00039034.jpg,"[4000, 6000]",55.634146341463406,"['WPC\n20445\n', 'RB Dominick\nMcClellanville\n\nPrag\n\nanton\n']","['C\n20445\n', 'R D\nC\n']","['WPC\n20445\n', 'C\n\nP\n']",modelv1.0__2026-05-18 08:48:43
D:/moth_photos/database\batch_20\img_moth_00039035.jpg,"[4000, 6000]",55.976190476190474,"['RBDominick\nMcClellanville\nPaid VIS\n', 'WPC\n20446\n']","['RD\nC\n189\n', 'C\n20446\n']","['C\nP 189\n', 'WPC\n20446\n']",modelv1.0__2026-05-18 08:48:43
D:/moth_photos/database\batch_20\img_moth_00039036.jpg,"[4000, 6000]",55.84615384615385,"['WPC\n20447\n', 'RBDominick\nMcClellanville\na SLT\n\nfly 1995\nTae\n']","['C\n20447\n', 'RD\nC\n\n1995\n']","['WPC\n20447\n', 'C\n\n1995\n']",modelv1.0__2026-05-18 08:48:43
D:/moth_photos/database\batch_20\img_moth_00039037.jpg,"[4000, 6000]",56.02564102564102,"['WPC\n20448\n', '2BDominick\nMcClellanville\nSouthEarolina\n\nBFuly99s\nLiaht\n']","['C\n20448\n', '2RD\nC\n\nR995\n']","['WPC\n20448\n', '2\nC\n\n995\n']",modelv1.0__2026-05-18 08:48:43
D:/moth_photos/database\batch_20\img_moth_00039038.jpg,"[4000, 6000]",55.92857142857143,"['WPC\n20449\n', 'RBDominick\nMcClellanville\n\nSouthCarolina\nSfuly149\neee\n']","['C\n20449\n', 'RD\nC\n\nC\nD149\n']","['WPC\n20449\n', 'C\n\nC\n149\n']",modelv1.0__2026-05-18 08:48:43
D:/moth_photos/database\batch_20\img_moth_00039039.jpg,"[4000, 6000]",55.45,"['Tlascala\n\nreductellaWIK\nDetBGScholtens\nDec 2024\n\n', 'RBDominick\nMcClellanville\nSouthGarolina\n\n19Apr1976\nLiahtO bd\n', 'WPC\n20450\n']","['DR\nD 2024\n\n', 'RD\nC\n\n191976\n', 'C\n20450\n']","['W\n2024\n\n', 'C\n\n191976\n', 'WPC\n20450\n']",modelv1.0__2026-05-18 08:48:43
D:/moth_photos/database\batch_20\img_moth_00039040.jpg,"[4000, 6000]",55.84615384615385,"['WPC\n20451\n', 'RBDominick\nMcClellanville\nSept Beta2\n\naeApr v1972\n\n', 'Tlascala\nreductellaWIk\n\nDetBGScholtens\n\nDec2024\n']","['C\n20451\n', 'RD\nC\nR2\n\n1972\n\n', 'DR\nD2024\n']","['WPC\n20451\n', 'C\n2\n\n1972\n\n', 'W\nP\n2024\n']",modelv1.0__2026-05-18 08:48:43
D:/moth_photos/database\batch_20\img_moth_00039041.jpg,"[4000, 6000]",56.073170731707314,"['RBDominick\nMcClellanville\nMay Carolina\n\nyI374\n', 'WPC\n20452\n', 'Tlascala\n\nreductellaWIk\nDetBGScholtens\nDec2024\n\n']","['RD\nC\nC\n\n374\n', 'C\n20452\n', 'D\nD2024\n\n']","['C\nC\n\n374\n', 'WPC\n20452\n', 'W\n2024\n\n']",modelv1.0__2026-05-18 08:48:43
D:/moth_photos/database\batch_20\img_moth_00039042.jpg,"[4000, 6000]",55.52380952380953,"['WPC\n\n20453\n', 'Tlascala\nreductellaWik\n\nDetBGScholtens\nOct2024\n\n', 'reDeVOMINICH\nharlesREdwards\nfcClellanville\nouth Carolina\n\nrMa AVP\nbighkor\n']","['C\n\n20453\n', 'DR\nC2024\n\n', 'DCR\nR\nC\nC\n']","['WPC\n\n20453\n', 'W\n\nC2024\n\n', 'WC\nC\nC\n\nP\n']",modelv1.0__2026-05-18 08:48:43
D:/moth_photos/database\batch_20\img_moth_00039043.jpg,"[4000, 6000]",56.02380952380952,"['Wize\n20454\n', 'Tlascala\nreductellaWIk\n\nDetBGScholtens\nOct2024\n\n', '2B 2BDominick\nMcClellanville\nSouth aaM\n\n12H\n\nabto7e\n']","['20454\n', 'DR8\n02024\n\n', '2 2RD\nC\n\n12\n\n7\n']","['W\n20454\n', 'W\n\n8\n02024\n\n', '2 2P\nC\n\n12\n\n7\n']",modelv1.0__2026-05-18 08:48:43
D:/moth_photos/database\batch_20\img_moth_00039044.jpg,"[4000, 6000]",56.243902439024396,"['RBDominick\nMcClellanville\nsome Carolina\n\nats\n', 'WPC\n20455\n', 'Tlascala\nreductellaWik\n\nDetBGScholtens\nOct2024\n\n']","['RD\nC\nC\n', 'C\n20455\n', 'D8\n2024\n\n']","['C\nC\n', 'WPC\n20455\n', 'W\n\n8\n2024\n\n']",modelv1.0__2026-05-18 08:48:43
D:/moth_photos/database\batch_20\img_moth_00039045.jpg,"[4000, 6000]",55.24390243902439,"['RBDominick\nMcClellanville\n\nSouthCarolinz\nhas 147\nhho\n', 'WPC\n20456\n', 'ria des oho llaWik\n\nnarDPerausen19 74\n']","['RRD\nC\n\nC\n2 147\n', 'C\n20456\n', 'DR19 74\n']","['C\n\nC\n2 147\n', 'WPC\n20456\n', 'W\n\nP19 74\n']",modelv1.0__2026-05-18 08:48:43
D:/moth_photos/database\batch_20\img_moth_00039046.jpg,"[4000, 6000]",56.074999999999996,"['WPC\n20457\n', 'Tlascala\nreductellaWIk\n\nDetBGScholtens\n\nOct2024\n\n', 'RBDominick\nCharlesREdward\nMcClellanville\nSouthCarolina\n\n10May14 2\n']","['RC\n20457\n', 'D\n2024\n\n', 'RRD\nCR\nC\nC\n\n1014 2\n']","['WPC\n20457\n', 'W\n2024\n\n', 'C\nC\nC\n\n1014 2\n']",modelv1.0__2026-05-18 08:48:43
D:/moth_photos/database\batch_20\img_moth_00039047.jpg,"[4000, 6000]",56.15384615384615,"['Tlascala\nreductellaWIk\n\nDetBGScholtens\nOct2024\n\n', 'WPC\n20458\n', 'RBDominick\nMcClellanville\nSouthCarolina\n\nZ j\nbight2e\n']","['DR\n02024\n\n', 'C\n20458\n', 'RD\nC\nC2\n\n2\n']","['W\n\n02024\n\n', 'WPC\n20458\n', 'C\nC2\n\n2\n']",modelv1.0__2026-05-18 08:48:43
D:/moth_photos/database\batch_20\img_moth_00039048.jpg,"[4000, 6000]",56.1551724137931,"['WPC\n20459\n', 'RBDominick\nMcClellanville\nSouthGarolina\n\n26Aor42\nPar\n', 'Tlascala\nreductellaWIk\n\nDetBGScholtens\nOct2024\n\n']","['RC\n20459\n', 'RD\nC\nC\n\n2642\n', 'DRC\n2024\n\n']","['WPC\n20459\n', '2\nC\nC\n\n2642\nP\n', 'W\n\nC\n2024\n\n']",modelv1.0__2026-05-18 08:48:43
D:/moth_photos/database\batch_20\img_moth_00039049.jpg,"[4000, 6000]",55.21428571428571,"['WPC\n20460\n', 'Tlascala\nreductellaWIk\n\nDetBGScholtens\nOct2024\n\n', 'RBDominic\nMcClellanville\nSouthCarolin\nMay PEs\nLaht\n']","['C\n20460\n', 'DRC\n02024\n\n', 'RD\nC\nC\n1\n']","['WPC\n20460\n', 'W\n\nC\n02024\n\n', 'C\nC\n1 P\n']",modelv1.0__2026-05-18 08:48:43
D:/moth_photos/database\batch_20\img_moth_00039050.jpg,"[4000, 6000]",55.65853658536585,"['WPC\n20461\n', 'Tulsa\nfinitellaWik\nDetBGScholtens\n\nDec2024\n', 'SsawP\nRBDomi ick\nMcClellanville\nSout Carolina\n\n6Heh\nee\n']","['C\n20461\n', 'D\n\nD2024\n', 'R\nRRD1\nC\nC\n\n6\n']","['WPC\n20461\n', 'W\n\n2024\n', 'P\nP1\nC\nC\n\n6\n']",modelv1.0__2026-05-18 08:48:43
D:/moth_photos/database\batch_20\img_moth_00039051.jpg,"[4000, 6000]",56.0,"['RBDominick\nMcClellanville\nSouthCarolina\n\n5Mey12\nyanya22\n', 'WPC\n20462\n', 'Tulsa\nfinitellaWIk\nDetBGSCholtens\nDec2024\n\ntell\n\n']","['RD\nC\nC\n\n512\n22\n', 'C\n20462\n', 'DC\nD2024\n\n']","['C\nC\n\n512\n22\n', 'WPC\n20462\n', 'W\nC\n2024\n\nPC\n\n']",modelv1.0__2026-05-18 08:48:43
D:/moth_photos/database\batch_20\img_moth_00039052.jpg,"[4000, 6000]",55.146341463414636,"['RBDominick\nMcCleJlanville\nsouthCaroling\n\nEbner\n', 'WPC\n20463\n', 'Tulsa\nfinitellaWIk\n\nDet BGScholtens\n\nDec2024\n\nNearer\n\n']","['RRD\nC\n0C\n', 'C\n20463\n', 'D R\nD2024\n\nD\n\n']","['2\nC\n0C\n', 'WPC\n20463\n', 'W\n2024\n\n']",modelv1.0__2026-05-18 08:48:43
D:/moth_photos/database\batch_20\img_moth_00039053.jpg,"[4000, 6000]",55.97435897435897,"['RBDominick\nMcClellanville\npoe Carolina\n\ngty472\n', 'Tulsa\nfinitellaWIk\n\nDetBGScholtens\nDec2024\n\n', 'WPC\n20464\n']","['RD\nC\nC\n\n472\n', 'D\nD2024\n\n', 'C\n20464\n']","['C\nC\n\n472\n', 'W\n\n2024\n\n', 'WPC\n20464\n']",modelv1.0__2026-05-18 08:48:43
D:/moth_photos/database\batch_20\img_moth_00039054.jpg,"[4000, 6000]",56.275,"['WPC\n20465\n', 'RBDominick\nMcClellanville\nSm Carolinz\n\nrla7g\nue ge\n', 'Tulsa\nfinitellaWIk\nDetBGScholtens\n']","['C\n20465\n', 'RD\nC\nC\n\n7\n', 'D\n']","['WPC\n20465\n', 'C\nC\n7\n', 'W\n']",modelv1.0__2026-05-18 08:48:43
D:/moth_photos/database\batch_20\img_moth_00039055.jpg,"[4000, 6000]",55.80357142857142,"['RBDominick\nMcClellanville\nSouth Carolina\n\n8Mor197G\nlightor\n', 'Tulsa\nfinitellaWIk\nDetBGScholtens\n\nDec2024\n', 'WPC\n20466\n']","['RRD\nC\nC\n\n8197\n7\n', 'DCC\nD2024\n', 'C\n20466\n']","['C\nC\n\n8197\n7\n', 'W\nCC\n2024\n', 'WPC\n20466\n']",modelv1.0__2026-05-18 08:48:43
D:/moth_photos/database\batch_20\img_moth_00039056.jpg,"[4000, 6000]",55.51219512195122,"['Tulsa\nfinitellaWIk\n\nDetBGScholtens\nDec2024\n\n', 'WPC\n20467\n', 'RBDominick\nMcClelianville\nSouthCarolina\n\n5Funel4\nihe\n']","['D\nD2024\n\n', 'C\n20467\n', 'RRD\nC\nC\n\n54\n']","['W\n\n2024\n\n', 'WPC\n20467\n', 'C\nC\n\n5P4\n']",modelv1.0__2026-05-18 08:48:43
D:/moth_photos/database\batch_20\img_moth_00039057.jpg,"[4000, 6000]",56.02439024390244,"['RBDominick\nMcClellanville\nSouthCarolina\n\npring W792\n', 'Tulsa\nfinitellaWIk\nDetBGScholtens\n\nDec2024\n', 'WPC\n20468\n']","['RD\nC\nC\n\n2 72\n', 'DR\nD2024\n', 'C\n20468\n']","['C\nC\n\n2 W792\n', 'W\n2024\n', 'WPC\n20468\n']",modelv1.0__2026-05-18 08:48:43
D:/moth_photos/database\batch_20\img_moth_00039058.jpg,"[4000, 6000]",55.97560975609757,"['BDominick\nAcClellanville\nsouthkCarolina\n', 'WPC\n20469\n', 'Tulsa\nfinitellaWIk\nDetBGScholtens\nDec2024\n\n']","['RD\nC\nC\n', 'RC\n20469\n', 'D\nD2024\n\n']","['P\nC\nC\n', 'WPC\n20469\n', 'W\n2024\n\n']",modelv1.0__2026-05-18 08:48:43
D:/moth_photos/database\batch_20\img_moth_00039059.jpg,"[4000, 6000]",55.47619047619048,"['Tulsa\nfinitellaWIk\nDetBGScholtens\n\nDec2024\n', 'WPC\n20470\n', '2BDominick\nMcClellanville\n\nFri\nerfP4\nbiah\n']","['DRC\n\nD2024\n', 'C\n20470\n', '2RD\nC\n\n9\n4\n']","['W\nC\n\nP2024\n', 'WPC\n20470\n', '2\nC\n\n9\nP4\n']",modelv1.0__2026-05-18 08:48:43
D:/moth_photos/database\batch_20\img_moth_00039060.jpg,"[4000, 6000]",55.94871794871795,"['RBDominick\nMcClellanville\nSoutkCarolina\n\n10\nie\n', 'Tulsa\nfinitellaWIK\nDet BGScholtens\n\nDec2024\n', 'WPC\n20471\n']","['RRD\nC\nC\n\n10\n', 'D RC\n\nD2024\n', 'C\n20471\n']","['C\nC\n\n10\n', 'W\nP C\n\n2024\n', 'WPC\n20471\n']",modelv1.0__2026-05-18 08:48:43
D:/moth_photos/database\batch_20\img_moth_00039061.jpg,"[4000, 6000]",55.80952380952381,"['BDominick\nAcClellanville\nsy arolina\n\n1920\na4 tf\n', 'Tulsa\nfinitellaWIk\n\nDetBGScholtens\nDec2024\n\n', 'WPC\n20472\n']","['5D\nC\n\n1920\n4\n', 'DC\nD2024\n\n', 'RC\n20472\n']","['5\nC\n\n1920\n4\n', 'W\n\nPC\n2024\n\n', 'WPC\n20472\n']",modelv1.0__2026-05-18 08:48:43
D:/moth_photos/database\batch_20\img_moth_00039062.jpg,"[4000, 6000]",56.36842105263158,"['Tulsa\nfinitellaWIk\nDetBGScholtens\nDec2024\n\n', 'RBDominick\nMcClellanville\nSouth Carolina\n\nYJene 1722\nfrahf9\n', 'WPC\n20473\n']","['DR\nD2024\n\n', 'RD\nC\nC\n\n1722\n9\n', 'C\n20473\n']","['W\n2024\n\n', 'C\nC\n\n1722\n9\n', 'WPC\n20473\n']",modelv1.0__2026-05-18 08:48:43
D:/moth_photos/database\batch_20\img_moth_00039063.jpg,"[4000, 6000]",56.15384615384615,"['Tulsa\nfinitella Wik\nDetBGScholtens\n\nDec2024T\n', 'WPC\n20474\n', 'RBDominich\nMcClellanville\nSouth Carolin\n\nShpes\niahtSo n\n']","['DRC\nD2024\n', 'C\n20474\n', 'RRD\nC\nC\n']","['W\nC\nP2024\n', 'WPC\n20474\n', 'C\nC\n']",modelv1.0__2026-05-18 08:48:43
D:/moth_photos/database\batch_20\img_moth_00039064.jpg,"[4000, 6000]",55.519230769230774,"['WPC\n20475\n', 'Actrix\n\nsp\nDet pGScholtens\nDec 2024\nE\n', 'e B Dominick\n\nharlesR Edwards\nficClellanville\nSouthCarolina\n\nSf V2\n\n']","['RC\n20475\n', 'D C\nD 2024\n', 'D\n\nR\nC\nC\n\n6 12\n\n']","['WPC\n20475\n', 'C\n2024\n', 'P P\n\nC\nC\n\n6 12\n\n']",modelv1.0__2026-05-18 08:48:43
D:/moth_photos/database\batch_20\img_moth_00039065.jpg,"[4000, 6000]",55.48076923076923,"['WPC\n\n20476\n', 'RBDominick\nMcClellanville\nSoyth Carolina\n24hyl95\n\nlakbs\n']","['RC\n\n20476\n', 'RD\nC\nC\n2495\n']","['WPC\n\n20476\n', 'C\nC\n2495\n']",modelv1.0__2026-05-18 08:48:43
D:/moth_photos/database\batch_20\img_moth_00039066.jpg,"[4000, 6000]",55.40384615384615,"['WPC\n20477\n', 'RBDominick\nMcClellanville\nSouthCarolina\n\n304une 1995\npene\n']","['C\n20477\n', 'RD\nC\nC\n\n304 1995\n']","['WPC\n20477\n', 'C\nC\n\n304 1995\n']",modelv1.0__2026-05-18 08:48:43
D:/moth_photos/database\batch_20\img_moth_00039067.jpg,"[4000, 6000]",56.01960784313725,"['WPC\n20478\n', 'RBDominick\nMcClellanville\nSpa Carolina\n\nBO9une7S\nJiahtQ\n']","['C\n20478\n', 'RD\nC\nC\n\nD975\n']","['WPC\n20478\n', 'C\nC\n\n975\n']",modelv1.0__2026-05-18 08:48:43
D:/moth_photos/database\batch_20\img_moth_00039068.jpg,"[4000, 6000]",55.62745098039216,"['WPC\n20479\n', 'RBDominick\nMcClellanville\nbaa AIS\n\nfont\n']","['RC\n20479\n', 'RRD\nC\n']","['WPC\n20479\n', 'C\n']",modelv1.0__2026-05-18 08:48:43
D:/moth_photos/database\batch_20\img_moth_00039069.jpg,"[4000, 6000]",56.256410256410255,"['RB Dominick\nMcClellanville\nSouthCarolina\n\n3ifeerg1975\nLaant\n', 'WPC\n20480\n']","['R D\nC\nC\n\n311975\n', 'C\n20480\n']","['C\nC\n\n311975\n', 'WPC\n20480\n']",modelv1.0__2026-05-18 08:48:43
D:/moth_photos/database\batch_20\img_moth_00039070.jpg,"[4000, 6000]",55.49122807017544,"['WPC\n20481\n', 'l\nRBDominick\nMcClellanville\nia re na\n\noad\n\n']","['RC\n20481\n', 'RRD\nC\n2\n\n']","['WPC\n20481\n', 'C\n2\n\n']",modelv1.0__2026-05-18 08:48:43
D:/moth_photos/database\batch_20\img_moth_00039071.jpg,"[4000, 6000]",55.58974358974359,"['WPC\n20482\n', 'RBDominick\nMcClellanville\nSouthCarolina\n\n13MvMI5\nLight\n']","['RC\n20482\n', 'RRD\nC\nC\n\n1375\n']","['WPC\n20482\n', 'C\nC\n\n1375\n']",modelv1.0__2026-05-18 08:48:43
D:/moth_photos/database\batch_20\img_moth_00039072.jpg,"[4000, 6000]",55.74,"['Wine\n20483\n', 'RBDominick\nMcClellanville\nSouth ey\n\n474\nLiahtBs\n']","['20483\n', 'RD\nC\n\n474\n']","['W\n20483\n', 'C\n\n474\n']",modelv1.0__2026-05-18 08:48:43
D:/moth_photos/database\batch_20\img_moth_00039073.jpg,"[4000, 6000]",55.97435897435897,"['WPC\n20484\n', 'RBDominick\nMcClejlanville\nSouthCarolina\n\nABN0ODIF7S\nLiaht\n']","['RC\n20484\n', 'RRD\nC\nC\n\nRR0D1975\n']","['WPC\n20484\n', 'C\nC\n\n001975\n']",modelv1.0__2026-05-18 08:48:43
D:/moth_photos/database\batch_20\img_moth_00039074.jpg,"[4000, 6000]",56.33333333333333,"['WPCC\n20485\n', 'RBDominick\nMcClellanville\ni outh Gia6\n']","['RC\n20485\n', 'RRD1\nC\nD6\n']","['WPCC\n20485\n', '1\nC\n6\n']",modelv1.0__2026-05-18 08:48:43
D:/moth_photos/database\batch_20\img_moth_00039075.jpg,"[4000, 6000]",55.641025641025635,"['20486\n', 'RBDominick\nMcClellanville\nSouthCarolina\noe 1375\n']","['20486\n', 'RD\nC\nC\n5 1375\n']","['20486\n', 'C\nC\n5 1375\n']",modelv1.0__2026-05-18 08:48:43
D:/moth_photos/database\batch_20\img_moth_00039076.jpg,"[4000, 6000]",55.87179487179487,"['WPC\n20487\n', 'RBDominick\nMcClellanville\n\naSeotNS\n']","['C\n20487\n', 'RD\nC\n\n95\n']","['WPC\n20487\n', 'C\n\n95\n']",modelv1.0__2026-05-18 08:48:43
D:/moth_photos/database\batch_20\img_moth_00039077.jpg,"[4000, 6000]",55.775,"['RBDominick\nMcClellanville\nSouthCarolina\n\nBOck19722\nhight\n', 'WPC\n20489\n']","['RRD\nC\nC\n\n8019722\n', 'C\n20489\n']","['C\nC\n\n8019722\n', 'WPC\n20489\n']",modelv1.0__2026-05-18 08:48:43
D:/moth_photos/database\batch_20\img_moth_00039078.jpg,"[4000, 6000]",55.41379310344828,"['WPC\n20490\n', 'RBDominick\nMcClellanville\nSouthCarolina\n\nbNovitt7Z\nhight\n']","['C\n20490\n', 'RD\nC\nC\n\n472\n']","['WPC\n20490\n', 'C\nC\n\n472\n']",modelv1.0__2026-05-18 08:48:43
D:/moth_photos/database\batch_20\img_moth_00039079.jpg,"[4000, 6000]",56.206896551724135,"['WPC\n20491\n', 'RBDominick\n\nMcClellanville\n\nSoutlt cara\nNov4\n\nLioht2\n']","['C\n20491\n', 'RD\nC\n4\n\n2\n']","['WPC\n20491\n', 'C\n4\n\n2\n']",modelv1.0__2026-05-18 08:48:43
D:/moth_photos/database\batch_20\img_moth_00039080.jpg,"[4000, 6000]",55.282051282051285,"['WPC\n20492\n', 'RBDominick\nCharlesREdwards\nMcClellanville\nSouthCerolina\n\nlbJune1972\nLisht\n']","['C\n20492\n', 'RRD\nCR\nC\nC\n\n1D1972\nC\n']","['WPC\n20492\n', 'C\nC\nC\n\n11972\nC\n']",modelv1.0__2026-05-18 08:48:43
D:/moth_photos/database\batch_20\img_moth_00039081.jpg,"[4000, 6000]",56.28205128205128,"['RBDominick\nChariesREdwards\nMcClellanville\nSouthCarolinas\n\nZL Pune1497\nLaghtot\n', 'WPC\n20493\n']","['RRD\nCR\nC\n0C\n\n2 1497\n', 'C\n20493\n']","['C\nC\n0C\n\n2 P1497\n', 'WPC\n20493\n']",modelv1.0__2026-05-18 08:48:43
D:/moth_photos/database\batch_20\img_moth_00039082.jpg,"[4000, 6000]",56.20512820512821,"['WPC\n20494\n', 'RBDominick\nCharlesREdwards\nMcClellanville\nSoutlCarolina\nLYTune1971\n\nHIithyft\n']","['C\n20494\n', 'RRD\nCR\nC\nC\n1971\n']","['WPC\n20494\n', 'C\nC\nC\n1971\n']",modelv1.0__2026-05-18 08:48:43
D:/moth_photos/database\batch_20\img_moth_00039083.jpg,"[4000, 6000]",55.38461538461538,"['WPC\n20495\n', 'RBDominick\nCharlesREdwards\nMcClellanville\nSouthCarolina\nZ3June1975\nbisgne\n']","['C\n20495\n', 'RRD\nCR\nC\nC\n231975\n']","['WPC\n20495\n', 'C\n\nC\n\nC\n231975\n']",modelv1.0__2026-05-18 08:48:43
D:/moth_photos/database\batch_20\img_moth_00039084.jpg,"[4000, 6000]",55.41025641025641,"['WPC\n20496\n', 'RBDominick\nCharlesREdwars\nMcCfellanville\nSouthCarolina\n17JunelF\n\nae g\n']","['C\n20496\n', 'RRD\nCR\nC\nC\n17\n']","['WPC\n20496\n', 'C\n\nC\n\nC\n17\n']",modelv1.0__2026-05-18 08:48:43
D:/moth_photos/database\batch_20\img_moth_00039085.jpg,"[4000, 6000]",56.18421052631578,"['WPC\n20497\n', 'iOSSt\nRB Dominick\nCharles R Edwards\nMcCle Llanville\nSouth Carolinas\n\nAtGunciFel\n']","['C\n20497\n', 'CC\nR D\nC R\nC\nC\n\nD4\n']","['WPC\n20497\n', 'CC\nP\nC\nC\nC\n\n4\n']",modelv1.0__2026-05-18 08:48:43
D:/moth_photos/database\batch_20\img_moth_00039086.jpg,"[4000, 6000]",55.307692307692314,"['WPC\n20498\n', 'RBDominick\nCharlesREdwards\nMcGlellanville\nSouthCaprolina\nJYSunetG70\n\nLishyB\n']","['C\n20498\n', 'RRD\n\nCR\n\nC\n70\n\nC\n']","['WPC\n20498\n', 'C\nC\n70\n\nC\n']",modelv1.0__2026-05-18 08:48:43
D:/moth_photos/database\batch_20\img_moth_00039087.jpg,"[4000, 6000]",56.15384615384615,"['WPC\n20499\n', 'RBDominick\n\nCharlesR Edwards\nMcClellanville\nSouthCarolina bd\n\nZt Sune 197\n']","['RC\n20499\n', 'RRD\n\nCR\nC\nC\n\n2 197\n']","['WPC\n20499\n', 'P\n\nC\nC\nC\n\n2 197\n']",modelv1.0__2026-05-18 08:48:43
D:/moth_photos/database\batch_20\img_moth_00039088.jpg,"[4000, 6000]",55.96610169491526,"['WPC\n20500\n', 'RB Dominick\nCharlesR Edwards\nMcCle llanville\nSouth tarolina\n17Dunesi9ri\nLisht\n']","['RC\n20500\n', 'R D\nCR\nC\nC\n17D9\n']","['WPC\n20500\n', 'C\nC\n\nC\n179\n']",modelv1.0__2026-05-18 08:48:43
D:/moth_photos/database\batch_20\img_moth_00039089.jpg,"[4000, 6000]",55.45238095238095,"['wedge Plantati0\nRiver\n\nSoutn santee\nCharleston CoSeC\nJuly 1967\n\nyYeaJames wPorter\n', 'WPC\n20501\n']","['0\nR\n\nC CC\n1967\n', 'C\n20501\n']","['W P0\n\nC CC\n1967\n\nWP\n', 'WPC\n20501\n']",modelv1.0__2026-05-18 08:48:43
D:/moth_photos/database\batch_20\img_moth_00039090.jpg,"[4000, 6000]",56.0,"['WPCC\n20502\n', 'S\nBDominick\nAcClellanville\nsouth Carolina\n\nbrabtBo\n']","['RC\n20502\n', 'RD\nC\nC\n\n2\n']","['WPCC\n20502\n', 'C\nC\n\n2\n']",modelv1.0__2026-05-18 08:48:43
D:/moth_photos/database\batch_20\img_moth_00039091.jpg,"[4000, 6000]",56.07692307692308,"['WPC\n20503\n', 'Teninic\nCBDominick\n\nAcCiellanville\nahher Cae\n\nree\n']","['C\n20503\n', 'CRD\n\nC\nR C\n']","['WPC\n20503\n', 'C\n\nC\nC\n']",modelv1.0__2026-05-18 08:48:43
D:/moth_photos/database\batch_20\img_moth_00039092.jpg,"[4000, 6000]",55.61224489795919,"['WPC\n20504\n', 'StPCUC\nBDominick\nMcClellanville\n\naiterlgs aes ina\n']","['C\n20504\n', 'CCC\nRD\nC\n']","['WPC\n20504\n', 'CPCC\nP\nC\n']",modelv1.0__2026-05-18 08:48:43
D:/moth_photos/database\batch_20\img_moth_00039093.jpg,"[4000, 6000]",55.333333333333336,"['WPC\n20505\n', 'RBDominick\nMcClellanville\n\nSouthCarolin\nDSext1875\nfatto\n']","['C\n20505\n', 'RRD\nC\n\nC\nD1875\n']","['WPC\n20505\n', '2\nC\n\nC\n1875\n']",modelv1.0__2026-05-18 08:48:43
D:/moth_photos/database\batch_20\img_moth_00039094.jpg,"[4000, 6000]",56.23076923076923,"['WPC\n\n20506\n', 'RBDominick\nMcCleilanville\nSouthCarolina\n\n3SepPlIe\non i\n']","['RC\n\n20506\n', 'RD\nC\nC\n\n3\n']","['WPC\n\n20506\n', 'C\nC\n\n3P\n']",modelv1.0__2026-05-18 08:48:43
D:/moth_photos/database\batch_20\img_moth_00039095.jpg,"[4000, 6000]",55.125,"['WPC\n20507\n', '']","['C\n20507\n', '']","['WPC\n20507\n', '']",modelv1.0__2026-05-18 08:48:43
D:/moth_photos/database\batch_20\img_moth_00039096.jpg,"[4000, 6000]",55.87179487179487,"['wec\n20508\n', 'RBDominick\nMcClellanville\nSoutheCarolina\n\nBtFfug117\nLighF2\n']","['C\n20508\n', 'RD\nC\nC\n\nD117\n2\n']","['WC\n20508\n', 'C\nC\n\n117\n2\n']",modelv1.0__2026-05-18 08:48:43
D:/moth_photos/database\batch_20\img_moth_00039097.jpg,"[4000, 6000]",56.05263157894737,"['WPC\n20509\n', 'RB Dominick\nMcClellanville\n']","['C\n20509\n', 'R D\nC\n']","['WPC\n20509\n', 'C\n']",modelv1.0__2026-05-18 08:48:43
D:/moth_photos/database\batch_20\img_moth_00039098.jpg,"[4000, 6000]",55.205128205128204,['WwPC\n20510\n'],['C\n20510\n'],['WPC\n20510\n'],modelv1.0__2026-05-18 08:48:43
D:/moth_photos/database\batch_20\img_moth_00039099.jpg,"[4000, 6000]",55.508771929824555,"['WPC\n20511\n', 'RBDominick\nCharlesREdwards\n\nMcClellanville DO\n\n30 Ca\nSeph1V7Z\neure ee\n']","['RC\n20511\n', 'RD\nCR\n\nC D\n\n30 C\n172\n']","['WPC\n20511\n', 'C\n\nC\n\n30 C\n172\n']",modelv1.0__2026-05-18 08:48:43
D:/moth_photos/database\batch_20\img_moth_00039100.jpg,"[4000, 6000]",55.205128205128204,"['WPC\n20512\n', 'RBDominick\nvharlesREdwards\nMcClellanville\noa Waa\n\n1992\nBMlag1978\n']","['C\n20512\n', 'RRD\nR\nC\n19\n\n1992\n1978\n']","['WPC\n20512\n', 'C\nWW\n\n1992\n1978\n']",modelv1.0__2026-05-18 08:48:43
D:/moth_photos/database\batch_20\img_moth_00039101.jpg,"[4000, 6000]",56.28947368421053,"['WPC\n20513\n', 'RBDominick\nCharlesREdward\nMcClellanville\nSouthCarolinas\n\nLl id\nLOct1972\n']","['C\n20513\n', 'RD\nCR\nC\nC\n\nD1972\n']","['WPC\n20513\n', 'C\nC\nC\n\n1972\n']",modelv1.0__2026-05-18 08:48:43
D:/moth_photos/database\batch_20\img_moth_00039102.jpg,"[4000, 6000]",55.743589743589745,['WPC\n20514\n'],['C\n20514\n'],['WPC\n20514\n'],modelv1.0__2026-05-18 08:48:43
D:/moth_photos/database\batch_20\img_moth_00039103.jpg,"[4000, 6000]",56.42105263157895,"['WPC\n20515\n', 'RBDominick\nCharlesREdwards\nMcClellanville\nSouthCarolina2945\n\n14yn\nListing\n']","['C\n20515\n', 'RRD\nCR\nC\nC2945\n\n14\n1\n']","['WPC\n20515\n', 'C\nC\nC2945\n\n14\n1\n']",modelv1.0__2026-05-18 08:48:43
D:/moth_photos/database\batch_20\img_moth_00039104.jpg,"[4000, 6000]",55.07692307692308,"['WwPC\n20516\n', 'll\nRBDominick\nCharlesR Edwards\nMcClellanville\nSouthCarolina\n\n19Ape ftATE\n']","['C\n20516\n', 'RRD\nCR\nC\nC\n\n19 7\n']","['WPC\n20516\n', 'C\nC\nC\n\n19 7\n']",modelv1.0__2026-05-18 08:48:43
D:/moth_photos/database\batch_20\img_moth_00039105.jpg,"[4000, 6000]",56.44736842105264,"['WPC\n20517\n', 'RBDominick\nCharlesREdwanis\nMcClellanville\nSouthCarolina\n\nFt lY7Z\n']","['C\n20517\n', 'RD\nCR\nC\nC\n\n3 72\n']","['WPC\n20517\n', 'C\nC\nC\n\n3 72\n']",modelv1.0__2026-05-18 08:48:43
D:/moth_photos/database\batch_20\img_moth_00039106.jpg,"[4000, 6000]",55.69230769230769,"['WPC\n20518\n', 'iemmUmUmmhlhltC\nRB Dominick\nharlesREdwards\nMcClellanville\nSouthCarolina\n\nLight or\n\n']","['C\n20518\n', 'CC\nRR D\nR\nC\nC\n\n']","['WPC\n20518\n', 'CC\n\nP\nC\nC\n\n']",modelv1.0__2026-05-18 08:48:43
D:/moth_photos/database\batch_20\img_moth_00039107.jpg,"[4000, 6000]",55.70175438596492,"['WPC\n20519\n', 'RB Dominick\nCharlesR Edwards\nMcCleljanville\nSouth Carolina\n\n5may147R\nLishkO2\n\n', 'S125\n']","['C\n20519\n', 'RR D\nCR\nC\nC\n\n5147R\n2\n\n', '1D5\n']","['WPC\n20519\n', 'P\nC\nC\nC\n\n5147\n2\n\n', '125\n']",modelv1.0__2026-05-18 08:48:43
D:/moth_photos/database\batch_20\img_moth_00039108.jpg,"[4000, 6000]",56.220338983050844,['WPC\n20520\n'],['C\n20520\n'],['WPC\n20520\n'],modelv1.0__2026-05-18 08:48:43
D:/moth_photos/database\batch_20\img_moth_00039109.jpg,"[4000, 6000]",55.225,"['WPC\n\n', 'RBDominick\nCharlesREdwards\nMcClellanville\nSouth Carolina\n\n3st IV72\nf tah\n']","['RC\n\n', 'RRD\nCR\nC\nC\n\n3D 72\n1\n']","['WPC\n\n', 'C\nC\nC\n\n3P 72\n1\n']",modelv1.0__2026-05-18 08:48:43
D:/moth_photos/database\batch_20\img_moth_00039110.jpg,"[4000, 6000]",55.733333333333334,['WPC\n20522\n'],['C\n20522\n'],['WPC\n20522\n'],modelv1.0__2026-05-18 08:48:43
D:/moth_photos/database\batch_20\img_moth_00039111.jpg,"[4000, 6000]",55.583333333333336,"['Wize\n20523\n', 'RBDominick\nharlesREdwards\nAcClellanville\nSouthCarolina6\n']","['20523\n', 'RRD\nR\nC\nC6\n']","['W\n20523\n', '2\nC\nC6\n']",modelv1.0__2026-05-18 08:48:43
D:/moth_photos/database\batch_20\img_moth_00039112.jpg,"[4000, 6000]",55.142857142857146,"['WPC\n20524\n', 'RBDominick\nCharlesREdwards\nMcClellanvilles\nSouthCarolina\n23 July 971\nCrcheZ\n']","['RC\n20524\n', 'RD\nCR\nC\nC\n23 971\nC\n']","['WPC\n20524\n', 'C\nC\nC\n23 971\nC\n']",modelv1.0__2026-05-18 08:48:43
D:/moth_photos/database\batch_20\img_moth_00039113.jpg,"[4000, 6000]",55.735849056603776,"['WPC\n20525\n', 'RBDominick\nChariesREdwards\nMcClellanville\non Carolina\n\npet 765\nLrohitP\n', 'DioryTic\nlari 2rd he\nglarieral\n']","['C\n20525\n', 'RD\nCR\nC\nC\n\n765\n', 'D\n2\n']","['WPC\n20525\n', 'C\nC\nC\n\nP 765\nP\n', '2\n']",modelv1.0__2026-05-18 08:48:43
D:/moth_photos/database\batch_20\img_moth_00039114.jpg,"[4000, 6000]",55.45238095238095,"['We\n20526\n', 'Se\nRBDominick\nMcClellanville\nSouthCarolina\n\nNoy1995\nLiahhf\n']","['20526\n', 'RD\nC\nC\n\n1995\n']","['W\n20526\n', 'C\nC\n\n1995\nP\n']",modelv1.0__2026-05-18 08:48:43
D:/moth_photos/database\batch_20\img_moth_00039115.jpg,"[4000, 6000]",55.61538461538462,"['WPC\n20527\n', 'Dioryctriataedivorella\nNeunzigLeidy\n\nDetBGScholtens\n\nDec2024\n\n']","['C\n20527\n', 'D\nC\n\nDC\n\nD2024\n\n']","['WPC\n20527\n', 'C\nC\n2024\n\n']",modelv1.0__2026-05-18 08:48:43
D:/moth_photos/database\batch_20\img_moth_00039116.jpg,"[4000, 6000]",55.82051282051282,"['WPC\n20528\n', 'Dioryctriataedivorella\n\nNeunzigLeidy\nDetBGScholtens\nDec2024\n\n', 'RBDominic\nMcClellanville\n\nSouthC rolin\n2Soptt97s\nOTOY e\n']","['C\n20528\n', 'D\nD\nD2024\n\n', 'RD\nC\n\nC\n2975\n']","['WPC\n20528\n', '2024\n\n', 'C\n\nC\n2975\n']",modelv1.0__2026-05-18 08:48:43
D:/moth_photos/database\batch_20\img_moth_00039117.jpg,"[4000, 6000]",55.282051282051285,"['2BDominick\nAcClellanville\nSouthCarolina\n\nSOcfsIV72\n', 'Dioryctriataedivorella\nNeunzigLeidy\nDetBGScholtens\n\n', 'WPCC\n20529\n']","['2RD\nC\nC\n\n172\n', 'D\nD\n\n', 'RC\n20529\n']","['2\nC\nC\n\n172\n', '', 'WPCC\n20529\n']",modelv1.0__2026-05-18 08:48:43
D:/moth_photos/database\batch_20\img_moth_00039118.jpg,"[4000, 6000]",55.898305084745765,"['RBDominick\nMcClellanville\nNOs Carolina\n\nOSee4 nb\n4 1ah\n', 'WPC\n20530\n', 'Dioryctriataedivorella\nNeunzigLeidy\n\nDetBGScholtens\n\nDec2024\n\n']","['RRD\nC\nC\n\n4\n4 1\n', 'C\n20530\n', 'D\nDRC\nD2024\n\n']","['C\nC\n\n4\n4 1\n', 'WPC\n20530\n', 'C\n2024\n\n']",modelv1.0__2026-05-18 08:48:43
D:/moth_photos/database\batch_20\img_moth_00039119.jpg,"[4000, 6000]",55.88679245283018,"['RBDominick\nMcClellanville\nSouthCarolina\n\n5Nov1992\nLightaF\n', 'Dioryctriataedivorella\nNeunzig Leidy\n\nDetBGScholtens\n\nDec2024\n\n', 'WPC\n20531\n']","['RD\nC\nC\n\n51992\n', 'D\nD\nD2024\n\n', 'RC\n20531\n']","['C\nC\n\n51992\n', '2024\n\n', 'WPC\n20531\n']",modelv1.0__2026-05-18 08:48:43
D:/moth_photos/database\batch_20\img_moth_00039120.jpg,"[4000, 6000]",55.52380952380953,"['RBDominick\nMcClellanville\nSoutkCarolina\n\niSOel1972\nLighfat\n', 'WPC\n20532\n', 'Dioryctriataedivorella\n\nNeunzigLeidy\nDetBGScholtens\nDec2024\n\n']","['RRD\nC\nC\n\n1972\n', 'RC\n20532\n', 'D\nDR\nD2024\n\n']","['C\nC\n\n1972\n', 'WPC\n20532\n', '2024\n\n']",modelv1.0__2026-05-18 08:48:43
D:/moth_photos/database\batch_20\img_moth_00039121.jpg,"[4000, 6000]",56.17073170731707,"['WPC\n20533\n', 'RBDominick\nMcClellanville\nSouthCarolina\n\nOcfIV72\npong\n', 'Dioryctriataedivorella\nNeunzigLeidy\nDetBGScholtens\nDec2024\n\n']","['RC\n20533\n', 'RD\nC\nC\n\n72\n', 'D\nD\nD2024\n\n']","['WPC\n20533\n', 'C\nC\n\n72\n', 'P\n2024\n\n']",modelv1.0__2026-05-18 08:48:43
D:/moth_photos/database\batch_20\img_moth_00039122.jpg,"[4000, 6000]",55.42622950819673,"['WPC\n20534\n', 'RB Dominick\nMcClellanville\nge Carolina\n\n1972\n\nLight\n', 'Dioryctriataedivorella\nNeunzigLeidy\n\nDetBGScholtens\n\nDec2024\n\n']","['RC\n20534\n', 'R D\nC\nC\n\n1972\n', 'D\nD\nD2024\n\n']","['WPC\n20534\n', 'C\nC\n1972\n', '2024\n\n']",modelv1.0__2026-05-18 08:48:43
D:/moth_photos/database\batch_20\img_moth_00039123.jpg,"[4000, 6000]",56.11904761904762,"['RBDominick\nMcClellanville\nSouthTarolinz\n', 'WPC\n20535\n', 'Dioryctriataedivorella\nNeunzig Leidy\n\nDetBGScholtens\n\nDec2024\n\n']","['RD\nC\nC\n', 'RC\n20535\n', 'D\n29\n\nDR\n\nD2024\n\n']","['C\nC\n', 'WPC\n20535\n', '29\n2024\n\n']",modelv1.0__2026-05-18 08:48:43
D:/moth_photos/database\batch_20\img_moth_00039124.jpg,"[4000, 6000]",55.904761904761905,"['RBDominick\nMcClellanville\nSouth Carolina\n\n1972\nLighka\n', 'Dioryctriataedivorella\nNeunzigLeidy\n\nDetBGScholtens\n\nDec2024\n\n', 'WPC\n20536\n']","['RD\nC\nC\n\n1972\n', 'D\nDR\nD2024\n\n', 'C\n20536\n']","['C\nC\n\n1972\n', '2024\n\n', 'WPC\n20536\n']",modelv1.0__2026-05-18 08:48:43
D:/moth_photos/database\batch_20\img_moth_00039125.jpg,"[4000, 6000]",56.15384615384615,"['RBDominick\nMcClellanville\nSouthCarolina\n\nBOch1992\nLighter\n', 'WPC\n20537\n', 'Dioryctriataedivorella\nNeunzigLeidy\n\nDetBGScholtens\n\nDec2024\n\n']","['RRD\nC\nC\n\nR1992\n', 'C\n20537\n', 'D\nDR\nD2024\n\n']","['C\nC\n\n1992\n', 'WPC\n20537\n', '2024\n\n']",modelv1.0__2026-05-18 08:48:43
D:/moth_photos/database\batch_20\img_moth_00039126.jpg,"[4000, 6000]",55.80487804878049,"['WPC\n20538\n', 'RBDominick\nMcClellanville\nWe Carolina\n\nfof\n', 'Dioryctriataedivorella\n\nNeunzig Leidy\nDetBGScholtens\nDec2024\n']","['C\n20538\n', 'RD\nC\nC\n', 'D\nDC\nD2024\n']","['WPC\n20538\n', 'C\nC\n', 'C\n2024\n']",modelv1.0__2026-05-18 08:48:43
D:/moth_photos/database\batch_20\img_moth_00039127.jpg,"[4000, 6000]",55.849999999999994,"['RBDominick\nMcClennanville\nSoutHCarolina\n\n17Ock1924\nLight2\n', 'Dioryctriataedivorella\nNeunzigLeidy\n\nDetBGStholtens\nDec2024\n\n', 'WPC\n20539\n']","['RD\nC\nC\n\n171924\n2\n', 'D\nD\nD2024\n\n', 'C\n20539\n']","['C\nC\n\n171924\n2\n', '2024\n\n', 'WPC\n20539\n']",modelv1.0__2026-05-18 08:48:43
D:/moth_photos/database\batch_20\img_moth_00039128.jpg,"[4000, 6000]",56.23076923076923,"['RBDominick\nMcClellanville\nSouthCarolinz\n\nyO1F\nofan\n', 'WPC\n20540\n', 'Dioryctriataedivorella\n\nNeunzigLeidy\nDetBGScholtens\nDec2024\n\n']","['RD\nC\nC\n\n17\n', 'C\n20540\n', 'D\nDR\nD2024\n\n']","['C\nC\n\n17\n', 'WPC\n20540\n', '2024\n\n']",modelv1.0__2026-05-18 08:48:43
D:/moth_photos/database\batch_20\img_moth_00039129.jpg,"[4000, 6000]",56.02439024390244,"['BDominick\nAcClelanville\nsouthCarolina\n\n2BSept197\n', 'Dioryctriataedivorella\nNeunzigLeidy\n\nDetBGScholtens\n\nDec2024\n\n', 'WPC\n20541\n']","['RD\nC\nC\n\n28197\n', 'D\nDR\nD2024\n\n', 'RC\n20541\n']","['C\nC\n\n28197\n', '2024\n\n', 'WPC\n20541\n']",modelv1.0__2026-05-18 08:48:43
D:/moth_photos/database\batch_20\img_moth_00039130.jpg,"[4000, 6000]",55.80952380952381,"['RBDominick\nMcClellanville\nya Carolinz\n\n045 197\nrtSegts\n', 'Dioryctriataedivorella\nNeunzigLeidy\n\nCetBGSholtens\n\nDec2024\n\n', 'WPC\n20542\n']","['RD\nC\nC\n\n045 197\n', 'D\nCRC\nD2024\n\n', 'C\n20542\n']","['C\nC\n\n045 197\n', 'CC\n2024\n\n', 'WPC\n20542\n']",modelv1.0__2026-05-18 08:48:43
D:/moth_photos/database\batch_20\img_moth_00039131.jpg,"[4000, 6000]",55.58974358974359,"['Dioryctriataedivorella\nNeunzigLeidy\n\nDetBGSchaltens\n\nDec2024\n\n', 'WPC\n20543\n', 'BDominick\nAcClellanville\nsoutheCarolin\n\nTock1422\nLight2\n']","['D\nDR\nD2024\n\n', 'C\n20543\n', 'RD\nC\nC\n\n1422\n2\n']","['2024\n\n', 'WPC\n20543\n', 'C\nC\n\n1422\n2\n']",modelv1.0__2026-05-18 08:48:43
D:/moth_photos/database\batch_20\img_moth_00039132.jpg,"[4000, 6000]",56.17948717948718,"['RBDominick\nMcClellanville\nSoutlCarolina\n\nROP97\ngb\n', 'Dioryctriataedivorella\n\nNeunzigLeidy\nDetBGStholtens\nDec2024\n\n', 'WPC\n20544\n']","['RD\nC\nC\n\nRD97\n', 'D\nD\nD2024\n\n', 'C\n20544\n']","['C\nC\n\nP97\n', '2024\n\n', 'WPC\n20544\n']",modelv1.0__2026-05-18 08:48:43
D:/moth_photos/database\batch_20\img_moth_00039133.jpg,"[4000, 6000]",56.275,"['WPC\n20545\n', 'Dioryctriataedivorella\n\nNeunzigLeidy\nDetBGScholtens\nDec2024\n', 'RB Dominick\nMcClellanville\nSouthCarolina\n\n12Ock1992\ndightor\n']","['C\n20545\n', 'D\n\nC\nD\nD2024\n', 'R D\nC\nC\n\n1201992\n']","['WPC\n20545\n', 'C\n2024\n', 'C\nC\n\n1201992\n']",modelv1.0__2026-05-18 08:48:43
D:/moth_photos/database\batch_20\img_moth_00039134.jpg,"[4000, 6000]",55.6,"['RBDominick\nMcClellanville\nSouthCarolinz\n\nBoh y7\n', 'WPC\n20546\n', 'Dioryctriataedivorella\n\nNeunzigLeidy\nDetBGScholtens\nDec2024\n\n']","['RD\nC\nC\n\n5 7\n', 'C\n20546\n', 'D\n\n2\nDC\nD2024\n\n']","['2\nC\nC\n\n5 7\n', 'WPC\n20546\n', '2\nC\n2024\n\n']",modelv1.0__2026-05-18 08:48:43
D:/moth_photos/database\batch_20\img_moth_00039135.jpg,"[4000, 6000]",55.87179487179487,"['RBDominick\nMcClellanville\nSouthCarolina\n\nL0cf1978\nLight or\n', 'WPC\n20547\n', 'Dioryctriataedivorella\n\nNeunzig Leidy\nDetBGScholtens\nDec2024\n']","['RD\nC\nC\n\n01978\n', 'C\n20547\n', 'D\n\nDR\nD2024\n']","['C\nC\n\n01978\n', 'WPC\n20547\n', '2024\n']",modelv1.0__2026-05-18 08:48:43
D:/moth_photos/database\batch_20\img_moth_00039136.jpg,"[4000, 6000]",55.69230769230769,"['WPC\n20548\n', 'RBDominick\nMcClellanville\nSouthCarolina\n\nCOd97\nLightoF 4\n', 'Dioryctria taedivorella\nNeunzigLeidy\nDetBGScholtens\n\nDec2024\n\n']","['C\n20548\n', 'RD\nC\nC\n\nC097\n4\n', 'D\nD\n\nD2024\n\n']","['WPC\n20548\n', 'C\nC\n\nC097\n4\n', '2024\n\n']",modelv1.0__2026-05-18 08:48:43
D:/moth_photos/database\batch_20\img_moth_00039137.jpg,"[4000, 6000]",55.61538461538462,"['WPC\n20549\n', 'Dioryctriataedivorella\nNeunzigLeidy\n\nDetBGScholtens\n\nDec2024\n\n', 'RBDominick\nMcClellanville\nsouthCarolinz\n\nLaghbo\n']","['C\n20549\n', 'D\nDC\nD2024\n\n', 'RRD\nC\n0C\n']","['WPC\n20549\n', 'PC\n2024\n\n', '2\nC\n0C\n']",modelv1.0__2026-05-18 08:48:43
D:/moth_photos/database\batch_20\img_moth_00039138.jpg,"[4000, 6000]",55.261904761904766,"['2BDominick\nAcClellanville\nsouthCarolina\n', 'WPC\n20550\n', 'Dioryctria taedivorella\nNeunzig Leidy\nDetBGScholtens\n\nDec2024\n']","['2RD\nC\nC\n', 'C\n20550\n', 'D\nD\n\nD2024\n']","['2\nC\nC\n', 'WPC\n20550\n', '2024\n']",modelv1.0__2026-05-18 08:48:43
D:/moth_photos/database\batch_20\img_moth_00039139.jpg,"[4000, 6000]",55.547619047619044,"['RBDominick\nMcClellanville\nSouth Carolin\nTa 1992\n', 'WPC\n20551\n', 'oryctriataedivorella\nNeunzig Leidy\nDetBGScholtens\nDec2024\n\nDi\n\n']","['RD\nC\nC\n1992\n', 'C\n20551\n', 'DR\nD2024\n\nD\n\n']","['C\nC\n1992\n', 'WPC\n20551\n', '2024\n\n']",modelv1.0__2026-05-18 08:48:43
D:/moth_photos/database\batch_20\img_moth_00039140.jpg,"[4000, 6000]",55.85714285714286,"['WPC\n20552\n', 'Dioryctriataedivorella\nNeunzigLeidy\n\nDetBGScholtens\n\nDec2024\n\n', '']","['RC\n20552\n', 'D\n9\n\nDC\n\nD2024\n\n', '']","['WPC\n20552\n', '9\nC\n2024\n\n', '']",modelv1.0__2026-05-18 08:48:43
D:/moth_photos/database\batch_20\img_moth_00039141.jpg,"[4000, 6000]",56.12820512820513,"['2BDominick\nMcClefhanville\nSoutharolina\n\n92\nLightov\n', 'WPC\n20553\n', 'Dioryctriataedivorella\n\nNeunzigLeidy\nDetBGScholtens\nDec2024\n\n']","['2RD\nC\n\n92\n', 'RC\n20553\n', 'D\nDC\nD2024\n\n']","['2\nC\n\n92\n', 'WPC\n20553\n', 'C\n2024\n\n']",modelv1.0__2026-05-18 08:48:43
D:/moth_photos/database\batch_20\img_moth_00039142.jpg,"[4000, 6000]",56.210526315789465,"['XBDominick\n\nMcClellanville\nsouthCarolina\ntlt7i\n', 'ee\nDioryctriataedivorella\nNeunzig8 Leidy\n\nDetBGScholtens\n\nDec2024\n', 'WPC\n20554\n']","['5D\n\nC\n0C\nC7\n', 'CC\nD\n28\nD\nD2024\n', 'C\n20554\n']","['5\n\nC\n0C\nC7\n', 'CC\n28\n2024\n', 'WPC\n20554\n']",modelv1.0__2026-05-18 08:48:43
D:/moth_photos/database\batch_20\img_moth_00039143.jpg,"[4000, 6000]",55.717948717948715,"['WPC\n20555\n', 'Dioryctriataedivorella\nNeunzigLeidy\n\nDetBGScholtens\n\nDec2024\n\n', 'RBDominick\nMcClellanville\nSouthCarolina\n\nhestieA\n']","['C\n20555\n', 'D\nDR\nD2024\n\n', 'RD\nC\nC\n']","['WPC\n20555\n', '2024\n\n', '2\nC\nC\n']",modelv1.0__2026-05-18 08:48:43
D:/moth_photos/database\batch_20\img_moth_00039144.jpg,"[4000, 6000]",55.42857142857143,"['BDominick\nMcClellanville\n\n0S F192 rolina\n\n70Sanh172\n', 'Dioryctriataedivorella\nNeunzigLeidy\nDetBGScholtens\n\nDec2024\n', 'WPC\n20556\n']","['5D\nC\n\n0 1922\n\n70172\n', 'D\n9\nDR\n\nD2024\n', 'C\n20556\n']","['5P\nC\n\n0 1922\n\n70172\n', '9\n\n2024\n', 'WPC\n20556\n']",modelv1.0__2026-05-18 08:48:43
D:/moth_photos/database\batch_20\img_moth_00039145.jpg,"[4000, 6000]",55.58974358974359,"['WPC\n20557\n', 'sSs\nBDominick\nAcCiellanville\nSouth Carolina\n\n24Sepy147\n2\n\nja\n', 'eas\nDioryctriataedivorella\nNeunzigLeidy\n\nDetBGStholtens\n\nDec2024\n']","['C\n20557\n', 'D\nCC\nC\n\n24147\n2\n', 'D\n\nC\nDR\nD2024\n']","['WPC\n20557\n', 'P\nCC\nC\n\n24147\n2\n', 'C\n2024\n']",modelv1.0__2026-05-18 08:48:43
D:/moth_photos/database\batch_20\img_moth_00039146.jpg,"[4000, 6000]",55.45,"['WPC\n20558\n', 'RBDominick\nMcClellanville\nSouthCarolina\n\nf0Nov1975\n']","['RC\n20558\n', 'RRD\nC\nC\n\n01975\n']","['WPC\n20558\n', 'C\nC\n\n01975\n']",modelv1.0__2026-05-18 08:48:43
D:/moth_photos/database\batch_20\img_moth_00039147.jpg,"[4000, 6000]",56.243902439024396,"['Wire\n20559\n', 'RB Dominick\n\nMcCleBeanville\nSouth Carolina\n\n3 gef1V7S\nLiabhF g\n']","['20559\n', 'R D\n\nC\nC\n\n3 175\n']","['W\n20559\n', 'C\nC\n\n3 175\n']",modelv1.0__2026-05-18 08:48:43
D:/moth_photos/database\batch_20\img_moth_00039148.jpg,"[4000, 6000]",56.449999999999996,"['RBDominick\nMcClellanville\nSouthCarolina\n\nBLef1475\n', 'WPC\n20560\n']","['RD\nC\nC\n\n51475\n', 'C\n20560\n']","['C\nC\n\n51475\n', 'WPC\n20560\n']",modelv1.0__2026-05-18 08:48:43
D:/moth_photos/database\batch_20\img_moth_00039149.jpg,"[4000, 6000]",56.28947368421053,"['RBDominick\nMcClellanville\nSouthCarolina\n\nSepP1795\nSigdhtae\n', 'WPC\n20561\n']","['RD\nC\nC\n\n1795\n', 'RC\n20561\n']","['C\nC\n\nP1795\n', 'WPC\n20561\n']",modelv1.0__2026-05-18 08:48:43
D:/moth_photos/database\batch_20\img_moth_00039150.jpg,"[4000, 6000]",55.87179487179487,"['WPC\n20562\n', 'RBDominicl\nMcCle anvill\n']","['RC\n20562\n', 'RD\nC\n']","['WPC\n20562\n', 'C\n']",modelv1.0__2026-05-18 08:48:43
D:/moth_photos/database\batch_20\img_moth_00039151.jpg,"[4000, 6000]",56.19512195121951,"['WPC\n20563\n', 'RBDominick\nMcClellanville\nBan ere\n\nLee on\n']","['C\n20563\n', 'RD\nC\nR\n']","['WPC\n20563\n', 'C\n']",modelv1.0__2026-05-18 08:48:43
D:/moth_photos/database\batch_20\img_moth_00039152.jpg,"[4000, 6000]",55.4390243902439,"['WPC\n20564\n', 'RBDominick\nMcClellanville\nFi Carolina\n\n1973\n\nLighfF\n']","['C\n20564\n', 'RRD\nC\n0 C\n\n1973\n']","['WPC\n20564\n', 'C\n0 C\n1973\n']",modelv1.0__2026-05-18 08:48:43
D:/moth_photos/database\batch_20\img_moth_00039153.jpg,"[4000, 6000]",55.41025641025641,"['WPC\n20565\n', 'RBDominick\nMcClellanville\niw Carolina\n\nea\n']","['C\n20565\n', 'RRD\nC\nC\n']","['WPC\n20565\n', 'C\nC\n']",modelv1.0__2026-05-18 08:48:43
D:/moth_photos/database\batch_20\img_moth_00039154.jpg,"[4000, 6000]",55.51282051282052,"['ize\n20566\n', 'RB Dominick\nMcClellanville\n']","['6\n20566\n', 'R D\nC\n']","['6\n20566\n', 'C\n']",modelv1.0__2026-05-18 08:48:43
D:/moth_photos/database\batch_20\img_moth_00039155.jpg,"[4000, 6000]",55.10000000000001,"['WPCC\n20567\n', 'RBDominick\nMcClellanville\nSouthCarolina\n\n3081993\nLight\n']","['C\n20567\n', 'RD\nC\nC\n\n3081993\n']","['WPCC\n20567\n', 'C\nC\n\n3081993\n']",modelv1.0__2026-05-18 08:48:43
D:/moth_photos/database\batch_20\img_moth_00039156.jpg,"[4000, 6000]",56.33333333333333,"['wPec\n20568\n', 'RBDominick\nMcClellanville\nSouthCarolina\n\njBOch1V92\nLighta\n']","['C\n20568\n', 'RD\nC\nC\n\nR0192\n']","['WPC\n20568\n', 'C\nC\n\n0192\n']",modelv1.0__2026-05-18 08:48:43
D:/moth_photos/database\batch_20\img_moth_00039157.jpg,"[4000, 6000]",55.921052631578945,"['RBDominick\nMcClellanville\nSoutharolina\n\nB0Ocka72\nhightk\n', 'WPC\n20569\n']","['RD\nC\n\n300472\n', 'C\n20569\n']","['C\n\n300472\n', 'WPC\n20569\n']",modelv1.0__2026-05-18 08:48:43
D:/moth_photos/database\batch_20\img_moth_00039158.jpg,"[4000, 6000]",55.372549019607845,"['WPC\n20570\n', 'RBDominick\nMcClellanville\nSouthCarolinz\n\n2hApr114\nahh mn\n']","['C\n20570\n', 'RD\nC\nC\n\n2114\n']","['WPC\n20570\n', '2\nC\nC\n\n2114\n']",modelv1.0__2026-05-18 08:48:43
D:/moth_photos/database\batch_20\img_moth_00039159.jpg,"[4000, 6000]",56.05,"['WPCC\n20571\n', 'RBDominick\nMcClellanville\nSouthCarolina\n\n23Rer197\nCaPtor\n']","['RC\n20571\n', 'RD\nC\nC\n\n23R197\nC\n']","['WPCC\n20571\n', 'C\nC\n\n23197\nCP\n']",modelv1.0__2026-05-18 08:48:43
D:/moth_photos/database\batch_20\img_moth_00039160.jpg,"[4000, 6000]",55.125,"['WPC\n20572\n', 'RBDominick\nMcClellanville\nDOCEIATZ\nMehlAFA\nLightot\n']","['RC\n20572\n', 'RD\nC\nDCRR\n\n47R\n']","['WPC\n20572\n', 'C\nC\n47\n']",modelv1.0__2026-05-18 08:48:43
D:/moth_photos/database\batch_20\img_moth_00039161.jpg,"[4000, 6000]",55.24390243902439,"['RBDominick\nMcClellanville\nSouthCarolina\n\nbNov1972\nLight2\n', 'WPC\n20573\n']","['RD\nC\nC\n\n1972\n2\n', 'RC\n20573\n']","['C\nC\n\n1972\n2\n', 'WPC\n20573\n']",modelv1.0__2026-05-18 08:48:43
D:/moth_photos/database\batch_20\img_moth_00039162.jpg,"[4000, 6000]",55.199999999999996,"['WPC\n20574\n', 'RBDominic\nMcClellanville\nSouthGarolin\n\nPs\n\nhraht A\n']","['C\n20574\n', 'RRD\nC\n4\n']","['WPC\n20574\n', 'C\nP4\n']",modelv1.0__2026-05-18 08:48:43
D:/moth_photos/database\batch_20\img_moth_00039163.jpg,"[4000, 6000]",56.46153846153847,"['WPC\n20575\n', '2BDominick\nShariesR Edwards\nficCleLlanvillep\nsouthCarolina\n1GOokNFI2\nLrthk\n\n']","['RC\n20575\n', '2RD\nCR\nC\nC\n1C2\n\n']","['WPC\n20575\n', '2\nC\nCP\nC\n1CP2\n\n']",modelv1.0__2026-05-18 08:48:43
D:/moth_photos/database\batch_20\img_moth_00039164.jpg,"[4000, 6000]",55.62499999999999,"['WPC\n20576\n', 'eeshMNaminick\n2BDominic\nharlesREdwards\nMcClellanvilles\n\nouthCarolina\nah 972\n\n']","['RC\n20576\n', 'D\n2D\nR\nC\n\nC\n972\n\n']","['WPC\n20576\n', '2\nC\n\nC\n972\n\n']",modelv1.0__2026-05-18 08:48:43
D:/moth_photos/database\batch_20\img_moth_00039165.jpg,"[4000, 6000]",55.282051282051285,"['Ll\nWPC\n20577\n', 'RBDominick\nCharlesREdwards\nNairramivanenrDe\nSouthCarolina\n\n3OctF72\nbaht\n']","['RC\n20577\n', 'RD\nCR\nD\nC\n\n30472\n']","['WPC\n20577\n', 'C\nC\n\n30472\n']",modelv1.0__2026-05-18 08:48:43
D:/moth_photos/database\batch_20\img_moth_00039166.jpg,"[4000, 6000]",56.150000000000006,"['WPC\n20578\n', '2BDominick\nChariesREdward\nMcClellanville\n\nSouthCarolinae g\n\nIDOch474\nLiahh\n']","['RC\n20578\n', '2RD\nCR\nC\n\n5C\n\n1D474\n']","['WPC\n20578\n', '2\nC\nC\n\n5C\n\n1474\n']",modelv1.0__2026-05-18 08:48:43
D:/moth_photos/database\batch_20\img_moth_00039167.jpg,"[4000, 6000]",56.375,"['WPC\n20579\n', 'R ominic\nCharles R Edwards\nMcClellanville\nSouth Carolina\n\n3 Oct 1972\nLrahf\n']","['C\n20579\n', 'R\nC R\nC\nC\n\n3 04 1972\n']","['WPC\n20579\n', 'C\nC\nC\n\n3 04 1972\n']",modelv1.0__2026-05-18 08:48:43
D:/moth_photos/database\batch_20\img_moth_00039168.jpg,"[4000, 6000]",55.81578947368421,"['Wize\n20580\n', 'SteehFhr\nlesREdwards\n\nMcClellanvilles\n\nSouthCarolinae\n']","['20580\n', 'R\nC\nC\n']","['W\n20580\n', 'C\nC\n']",modelv1.0__2026-05-18 08:48:43
D:/moth_photos/database\batch_20\img_moth_00039169.jpg,"[4000, 6000]",55.56410256410257,['WwPC\n20581\n'],['C\n20581\n'],['WPC\n20581\n'],modelv1.0__2026-05-18 08:48:43
D:/moth_photos/database\batch_20\img_moth_00039170.jpg,"[4000, 6000]",55.53846153846155,['WPC\n20582\n'],['C\n20582\n'],['WPC\n20582\n'],modelv1.0__2026-05-18 08:48:43
D:/moth_photos/database\batch_20\img_moth_00039171.jpg,"[4000, 6000]",55.87179487179487,['WPC\n20583\n'],['C\n20583\n'],['WPC\n20583\n'],modelv1.0__2026-05-18 08:48:43
D:/moth_photos/database\batch_20\img_moth_00039172.jpg,"[4000, 6000]",55.69230769230769,"['WPC\n20584\n', 'RB Dominick\nCharlesR Edwards\n\nMcClellanville\nSouth Carolina a\n\nL8SSet 1926\n']","['C\n20584\n', 'R D\nCR\n\nC\nC\n\n18 1926\n']","['WPC\n20584\n', 'P\nC\n\nC\nC\n\n18 1926\n']",modelv1.0__2026-05-18 08:48:43
D:/moth_photos/database\batch_20\img_moth_00039173.jpg,"[4000, 6000]",56.26829268292683,"['WPCC\n20585\n', 'RBDominick\nCharlesREdwardis\nMcClellanville 1\nSouthCarblinagJ\n\n2ESeof1972\nLipht\n\n']","['C\n20585\n', 'RRD\nCR\nC 1\nC\n\n21972\n\n']","['WPCC\n20585\n', 'C\nC 1\nC\n\n21972\n\n']",modelv1.0__2026-05-18 08:48:43
D:/moth_photos/database\batch_20\img_moth_00039174.jpg,"[4000, 6000]",56.074999999999996,"['WPC\n20586\n', 'RBDominick\nCharlesREdwards\nMcClellanville\nSouthCarolina\n\n19Sept471\nlisht\n']","['RC\n20586\n', 'RD\nCR\nC\nC\n\n19471\n']","['WPC\n20586\n', 'C\nC\nC\n\n19471\n']",modelv1.0__2026-05-18 08:48:43
D:/moth_photos/database\batch_20\img_moth_00039175.jpg,"[4000, 6000]",56.05,"['WPC\n20587\n', 'RBDominick\nCharlesR Edwards\nMcCle lianville\nSouthCarolina\n']","['C\n20587\n', 'RRD\nCR\nC\nC\n']","['WPC\n20587\n', 'C\nC\nC\n']",modelv1.0__2026-05-18 08:48:43
D:/moth_photos/database\batch_20\img_moth_00039176.jpg,"[4000, 6000]",55.61538461538462,"['WPC\n20588\n', 'XBDominick\nSharlesREdwards\nAcClellanville\nouthCarolina\n\n23Fepf197\nahtor\n']","['RC\n20588\n', 'RD\nR\nC\nC\n\n23197\n']","['WPC\n20588\n', 'C\nC\n\n23197\n']",modelv1.0__2026-05-18 08:48:43
D:/moth_photos/database\batch_20\img_moth_00039177.jpg,"[4000, 6000]",55.34146341463414,"['WPCC\n20589\n', 'RBDominick\nCharlesREdwards\nMcCle llanville\nSouth Caroline\n']","['RC\n20589\n', 'RRD\nCR\nC\nC\n']","['WPCC\n20589\n', 'C\nC\nC\n']",modelv1.0__2026-05-18 08:48:43
D:/moth_photos/database\batch_20\img_moth_00039178.jpg,"[4000, 6000]",55.29268292682927,"['WPC\n20590\n', 'ee\nRBDominick\nCharlesREdward\nMcClellanville4\nSouthCarvolina29458\nAGSuly949\n\naai\n']","['C\n20590\n', 'RRD\nCR\nC4\nC29458\n949\n']","['WPC\n20590\n', 'C\nC4\nC29458\n949\n']",modelv1.0__2026-05-18 08:48:43
D:/moth_photos/database\batch_20\img_moth_00039179.jpg,"[4000, 6000]",55.205128205128204,"['WPC\n20591\n', 'RBDominick\nCharles REdwards\nMcClellanville\nSouthCarolina\n\nS9Seat1991\nLisizt2\n\n']","['C\n20591\n', 'RRD\nC R\nC\nC\n\n91991\n472\n\n']","['WPC\n20591\n', 'C\nC\nC\n\n91991\n472\n\n']",modelv1.0__2026-05-18 08:48:43
D:/moth_photos/database\batch_20\img_moth_00039180.jpg,"[4000, 6000]",55.714285714285715,"['WPC\n20592\n', 'RBlanville\nPayl43\n\n193\nLege\n']","['C\n20592\n', 'RD\n43\n\n193\nR\n']","['WPC\n20592\n', 'P43\n\n193\nP\n']",modelv1.0__2026-05-18 08:48:43
D:/moth_photos/database\batch_20\img_moth_00039181.jpg,"[4000, 6000]",56.150000000000006,"['Wize\n20593\n', 'RBDominick\nMcClellanville\nSouthCarolina\n\nhSepts1473\nLight a\n']","['6\n20593\n', 'RRD\nC\nC\n\n1473\nC\n']","['WW6\n20593\n', 'C\nC\n\n1473\nC\n']",modelv1.0__2026-05-18 08:48:43
D:/moth_photos/database\batch_20\img_moth_00039182.jpg,"[4000, 6000]",55.17948717948718,"['wPC\n20594\n', 'RB Dominick\nMcClellanville\nSouth Carolina\n\njeept873\n']","['C\n20594\n', 'R D\nC\nC\n\n873\n']","['WPC\n20594\n', 'C\nC\n\n873\n']",modelv1.0__2026-05-18 08:48:43
D:/moth_photos/database\batch_20\img_moth_00039183.jpg,"[4000, 6000]",56.36842105263158,"['WPC\n20488\n', 'RBDominick\nMcClellanville\nSouth Carolina\n\n3Sept197\nLeahP\n']","['C\n20488\n', 'RD\nC\nC\n\n35197\n']","['WPC\n20488\n', 'C\nC\n\n35197\nP\n']",modelv1.0__2026-05-18 08:48:43
D:/moth_photos/database\batch_20\img_moth_00039184.jpg,"[4000, 6000]",56.09756097560976,"['WPC\n20595\n', 'RB Dominick\nMcClellanville\n\nouthCarglina\nHfleey178\n\nZranri\n']","['RC\n20595\n', 'R D\nC\n\nC\n178\n']","['WPC\n20595\n', 'P\nC\n\nC\n178\n']",modelv1.0__2026-05-18 08:48:43
D:/moth_photos/database\batch_20\img_moth_00039185.jpg,"[4000, 6000]",55.35897435897436,"['WPC\n20596\n', '2BDominick\nAcClellanville\nanCLe\n\nely\n']","['C\n20596\n', '2RD\nC\nRCC\n']","['WPC\n20596\n', '2\nC\nCC\n']",modelv1.0__2026-05-18 08:48:43
D:/moth_photos/database\batch_20\img_moth_00039186.jpg,"[4000, 6000]",55.15,"['WPCC\n20597\n', 'RB Dominick\nMcClellanville\n714 a\n\nay\nby eee\n']","['RC\n20597\n', 'R D\nC\n714\n\n4\n']","['WPCC\n20597\n', 'C\n714\n\n4\n']",modelv1.0__2026-05-18 08:48:43
D:/moth_photos/database\batch_20\img_moth_00039187.jpg,"[4000, 6000]",56.36842105263158,"['WPCC\n20598\n', 'RBDominick\nMcClellanville\n\nouthCarolina\nbSendy7478\n']","['RC\n20598\n', 'RRD\nC\n\nC\n7478\n']","['WPCC\n20598\n', 'C\n\nC\n7478\n']",modelv1.0__2026-05-18 08:48:43
D:/moth_photos/database\batch_20\img_moth_00039188.jpg,"[4000, 6000]",55.61538461538462,"['WPC\n20599\n', 'RBDomini\nMi Clellanville\ni a ling\n\nZBBPieky\n']","['C\n20599\n', 'RD\nC\nCR\n\nD\n']","['WPC\n20599\n', '2\nC\n\nP\n']",modelv1.0__2026-05-18 08:48:43
D:/moth_photos/database\batch_20\img_moth_00039189.jpg,"[4000, 6000]",56.06122448979592,"['WPC\n20600\n', 'RBDominick\nMcClellanville\nYY Carolina\n\nliahkPe\n']","['C\n20600\n', 'RRD\nC\n1 C\n']","['WPC\n20600\n', 'C\n1 C\n\nP\n']",modelv1.0__2026-05-18 08:48:43
D:/moth_photos/database\batch_20\img_moth_00039190.jpg,"[4000, 6000]",55.75,"['WPC\n20601\n', 'R B Dominick\n1\n\nMcClennanville\n5 uth Carolina\n\nPi\n']","['C\n20601\n', 'R R D\n1\n\nC\n5 C\n']","['WPC\n20601\n', '1\n\nC\n5 C\n\nP\n']",modelv1.0__2026-05-18 08:48:43
D:/moth_photos/database\batch_20\img_moth_00039191.jpg,"[4000, 6000]",55.65,"['WPC\n20602\n', 'RBDominick\nMcClellanville\noutheCaroling\n\nSeet1975\nLiahore\n']","['C\n20602\n', 'RRD\nC\nC\n\n1975\n']","['WPC\n20602\n', 'C\nC\n\n1975\n']",modelv1.0__2026-05-18 08:48:43
D:/moth_photos/database\batch_20\img_moth_00039192.jpg,"[4000, 6000]",56.073170731707314,"['WPC\n20603\n', 'RBDominick\nMcClellanville\nouthCarolina\nBOuiyl47s\n\ndiqghtZ\n']","['C\n20603\n', 'RRD\nC\nC\n475\n']","['WPC\n20603\n', 'C\nC\n475\n']",modelv1.0__2026-05-18 08:48:43
D:/moth_photos/database\batch_20\img_moth_00039193.jpg,"[4000, 6000]",56.05,"['WPC\n20604\n', 'RBDominick\nCharlesREdwards\nMcClellanville\nSouthCarolina e\n\nBug971\n\nLishsY3\n']","['C\n20604\n', 'RRD\nCR\nC\nC\n\n8971\n\n3\n']","['WPC\n20604\n', 'C\nC\nC\n\n8971\n\n3\n']",modelv1.0__2026-05-18 08:48:43
D:/moth_photos/database\batch_20\img_moth_00039194.jpg,"[4000, 6000]",55.86666666666667,"['WPC\n20605\n', 'RBDominick\nMcClejlanville\nSouthCarolina\n\n5fua175\nhia iH Lge\n']","['C\n20605\n', 'RRD\nC\nC\n\n5175\n']","['WPC\n20605\n', 'C\nC\n\n5175\n']",modelv1.0__2026-05-18 08:48:43
D:/moth_photos/database\batch_20\img_moth_00039195.jpg,"[4000, 6000]",55.8448275862069,"['WPC\n20606\n', 'SS\nRB Dominick\nMcClellanville\nSouthCarolin\n\nf2 178\n']","['C\n20606\n', 'R D\nC\nC\n\n2 178\n']","['WPC\n20606\n', 'C\nC\n\n2 178\n']",modelv1.0__2026-05-18 08:48:43
D:/moth_photos/database\batch_20\img_moth_00039196.jpg,"[4000, 6000]",55.56896551724138,"['WPC\n20607\n', 'RBDominick\nMicClellanville\nSouthCarolina\n\ni3 re\n\nJiant\n']","['C\n20607\n', 'RD\nC\nC\n\n3\n']","['WPC\n20607\n', '2\nC\nC\n\n3\n']",modelv1.0__2026-05-18 08:48:43
D:/moth_photos/database\batch_20\img_moth_00039197.jpg,"[4000, 6000]",55.33898305084746,"['WPC\n20608\n', '2BDaminick\nMcCleffanville\niheDOAELD\n\nquate\nhiakkG\n']","['C\n20608\n', '2RD\nC\nDRD\n\n47\n']","['WPC\n20608\n', '2\nC\nP\n\n47\n']",modelv1.0__2026-05-18 08:48:43
D:/moth_photos/database\batch_20\img_moth_00039198.jpg,"[4000, 6000]",55.5,"['SOUTHCAROLINA\nWedge Plantation\nMcClellanville\nAugust 3 1968\nDCFerguson\n', 'WPC\n20609\n']","['CR\nC\n3 1968\nDC\n', 'C\n20609\n']","['C\nW P\nC\n3 1968\nCP\n', 'WPC\n20609\n']",modelv1.0__2026-05-18 08:48:43
D:/moth_photos/database\batch_20\img_moth_00039199.jpg,"[4000, 6000]",56.199999999999996,"['BVDominick\nharlesREdwarnd\nMicClellanville\niouthCarolinae\n\n17Maxy1972\nLiaht\n', 'WPC\n20610\n']","['DD\nR\nC\nC\n\n171972\n', 'C\n20610\n']","['C\nC\n\n171972\n', 'WPC\n20610\n']",modelv1.0__2026-05-18 08:48:43
D:/moth_photos/database\batch_20\img_moth_00039200.jpg,"[4000, 6000]",56.016666666666666,"['WPC\n20611\n', 'Ie\nRBDominick\nCharlesR Edwards\nMcCleljanville\nSouth Carolina\n\ny qJune 1471\nLight qe\n']","['C\n20611\n', 'RRD\nCR\nC\nC\n\n1471\n']","['WPC\n20611\n', 'C\nC\nC\n\n1471\n']",modelv1.0__2026-05-18 08:48:43
D:/moth_photos/database\batch_20\img_moth_00039201.jpg,"[4000, 6000]",55.32786885245902,"['WPC\n20612\n', 'RBDominick\nCharlesREdwards\nMc Clellanville\nSouthCarolina e\n\nLYMay172\nTt\n']","['C\n20612\n', 'RRD\nCR\nC\nC\n\n172\n']","['WPC\n20612\n', 'C\nC\nC\n\nW172\n']",modelv1.0__2026-05-18 08:48:43
D:/moth_photos/database\batch_20\img_moth_00039202.jpg,"[4000, 6000]",55.94915254237288,"['RBDominick\nMcClellanville\nSouth Carolina\n\nKars\n', 'WPC\n20613\n']","['RD\nC\nC\n', 'C\n20613\n']","['C\nC\n', 'WPC\n20613\n']",modelv1.0__2026-05-18 08:48:43
D:/moth_photos/database\batch_20\img_moth_00039203.jpg,"[4000, 6000]",55.73770491803279,"['WPC\n20614\n', 'SCOCS\nRBDominick\nCharlesR Edwards\nMcClellanville\nSouthCarolina\n\n3 Alug he\n\n']","['C\n20614\n', 'C\nRRD\nCR\nC\nC\n\n3\n\n']","['WPC\n20614\n', 'C\n\nC\nC\nC\n\n3 P\n\n']",modelv1.0__2026-05-18 08:48:43
D:/moth_photos/database\batch_20\img_moth_00039204.jpg,"[4000, 6000]",55.96666666666666,"['WPC\n20615\n', 'RBDominick\nCharlesREdwards\nMcClelianville\nSouthCarolina e\n\n14Sentt4ry\nhiahb Ur\n']","['C\n20615\n', 'RD\nCR\nC\nC\n\n1447\n']","['WPC\n20615\n', 'C\nC\nC\n\n1447\n']",modelv1.0__2026-05-18 08:48:43
D:/moth_photos/database\batch_20\img_moth_00039205.jpg,"[4000, 6000]",56.083333333333336,"['WPC\n20616\n', 'RBDominick\nChariesREdwards\nMeereeiaiehanna\nSouthCaolina\n\n27 peMaqs19 3\n']","['RC\n20616\n', 'RRD\nCR\nC\n\n27 19 3\n']","['WPC\n20616\n', 'C\nC\n\n27 19 3\n']",modelv1.0__2026-05-18 08:48:43
D:/moth_photos/database\batch_20\img_moth_00039206.jpg,"[4000, 6000]",55.733333333333334,"['WPC\n20617\n', 'woNnminicke\nRBDominick\n\nCharlesREdwards\nMcClelilanville\nSouthCarolinas\n\nLignk\n']","['C\n20617\n', 'D\nRRD\n\nCR\nC\nC\n']","['WPC\n20617\n', 'C\nC\nC\n']",modelv1.0__2026-05-18 08:48:43
D:/moth_photos/database\batch_20\img_moth_00039207.jpg,"[4000, 6000]",56.099999999999994,"['RBDominick\nMcClellanville\nSouth Carolina\n\n1473\nLightP\n', 'WPC\n20618\n']","['RD\nC\nC\n\n1473\n2\n', 'RC\n20618\n']","['C\nC\n\n1473\nP\n', 'WPC\n20618\n']",modelv1.0__2026-05-18 08:48:43
D:/moth_photos/database\batch_20\img_moth_00039208.jpg,"[4000, 6000]",55.99999999999999,"['WPC\n20619\n', 'RBDominick\nMcClellanville\nSouthCarolina\n\nfug1723\nreais\n']","['C\n20619\n', 'RRD\nC\nC\n\nR1723\n']","['WPC\n20619\n', 'C\nC\n\n1723\n']",modelv1.0__2026-05-18 08:48:43
D:/moth_photos/database\batch_20\img_moth_00039209.jpg,"[4000, 6000]",55.19047619047619,"['RBDominick\nMcClellanville\nSouthCarolina\n\n24frug1973\ntIoFs\n', 'WPC\n20620\n']","['RD\nC\nC\n\n241973\n', 'C\n20620\n']","['C\nC\n\n241973\nP\n', 'WPC\n20620\n']",modelv1.0__2026-05-18 08:48:43
D:/moth_photos/database\batch_20\img_moth_00039210.jpg,"[4000, 6000]",55.32786885245902,"['RBDominick\nMcClennanville\nSouthCarolina\n\nSee 1974\n', 'WPC\n20621\n']","['RRD\nC\nC\n\n1974\n', 'C\n20621\n']","['C\nC\n\n1974\n', 'WPC\n20621\n']",modelv1.0__2026-05-18 08:48:43
D:/moth_photos/database\batch_20\img_moth_00039211.jpg,"[4000, 6000]",56.19512195121951,"['WPC\n20622\n', 'RBDominick\nMcClellanville\nSouthCarolina\n\nLbhuly4\nrey 2\n']","['C\n20622\n', 'RD\nC\nC\n\n64\n2\n']","['WPC\n20622\n', 'C\nC\n\n64\n2\n']",modelv1.0__2026-05-18 08:48:43
D:/moth_photos/database\batch_20\img_moth_00039212.jpg,"[4000, 6000]",55.409836065573764,"['Wec\n20623\n', 'RBDominick\nCharlesREdwarnis\nMcClellanville\nSouthC4rolina\n\nqFuneF3\nLighRg\n']","['C\n20623\n', 'RD\nCR\nC\nC4\n\n43\nR\n']","['WPC\n20623\n', 'C\nC\nC4\n\n43\n']",modelv1.0__2026-05-18 08:48:43
D:/moth_photos/database\batch_20\img_moth_00039213.jpg,"[4000, 6000]",56.016666666666666,"['a\nWPC\n20624\n', 'x3i\nRBDominick\nharlesR Edwaris\nMicCleljanville\nsouth Carolina\n\njune7\n']","['C\n20624\n', '3\nRRD\nR\nC\n5 C\n\n7\n']","['WPC\n20624\n', '3\nC\n5 C\n\n7\n']",modelv1.0__2026-05-18 08:48:43
D:/moth_photos/database\batch_20\img_moth_00039214.jpg,"[4000, 6000]",55.51219512195122,"['WPC\n20625\n', 'O\n\nRB Dominick\nCharles REdwarnis\nMcClellanville\n8h e\n\n26fulyI4il\nA6JNg\n\n']","['RC\n20625\n', 'R D\nC R\nC\n8\n\n264\n6\n\n']","['WPC\n20625\n', 'P\nC\nC\n8\n\n264\n6\n\n']",modelv1.0__2026-05-18 08:48:43
D:/moth_photos/database\batch_20\img_moth_00039215.jpg,"[4000, 6000]",55.61666666666666,"['2BDominick\nharlesREdwards\nicClellanville\nom Carolina e\n\nUne 14172\ntei a\n', 'WwPC\n20626\n']","['2RD\nR\nC\nC\n\n14172\n1\n', 'C\n20626\n']","['2\nC\nC\n\n14172\n1\n', 'WPC\n20626\n']",modelv1.0__2026-05-18 08:48:43
D:/moth_photos/database\batch_20\img_moth_00039216.jpg,"[4000, 6000]",55.733333333333334,"['RBDominich\nMcClellanville\nry Carolin\n\nthe\n', 'WPC\n20627\n']","['RD\nC\nC\n', 'C\n20627\n']","['C\nC\n', 'WPC\n20627\n']",modelv1.0__2026-05-18 08:48:43
D:/moth_photos/database\batch_20\img_moth_00039217.jpg,"[4000, 6000]",55.6,"['l7C\nRBDominick\nMcClellanville\n\nSoughCarolina\nib bus 1492\nDaht\n', 'wPec\n20628\n']","['7C\nRRD\nC\n\nC\n6 1492\nD\n', 'C\n20628\n']","['7C\n2\nC\n\nC\n6 1492\nP\n', 'WPC\n20628\n']",modelv1.0__2026-05-18 08:48:43
D:/moth_photos/database\batch_20\img_moth_00039218.jpg,"[4000, 6000]",56.099999999999994,"['WPC\n20629\n', 'RBDominick\nMcClellanville\naii Catalina\n\noily\n']","['C\n20629\n', 'RD\nC\n0 C\n\n9\n']","['WPC\n20629\n', 'C\n0 C\n\n9\n']",modelv1.0__2026-05-18 08:48:43
D:/moth_photos/database\batch_20\img_moth_00039219.jpg,"[4000, 6000]",55.53333333333334,"['Wie\n20630\n', 'RBDominick\nMcClellanville\nSouthCarolina\n\n97 fuly 1975\n']","['20630\n', 'RRD\nC\nC\n\n97 1975\n']","['W\n20630\n', 'C\nC\n\n97 1975\n']",modelv1.0__2026-05-18 08:48:43
D:/moth_photos/database\batch_20\img_moth_00039220.jpg,"[4000, 6000]",55.849999999999994,"['WPC\n20631\n', 'RBDominicl\nMcClellanville\nsouthCarolin\n']","['C\n20631\n', 'RRD\nC\nC\n']","['WPC\n20631\n', '8\nC\nC\n']",modelv1.0__2026-05-18 08:48:43
D:/moth_photos/database\batch_20\img_moth_00039221.jpg,"[4000, 6000]",55.26829268292683,"['WPC\n20632\n', 'RBDominick\nMcClellanville\nSouthJ 4993\n\nHfiug1323\n']","['C\n20632\n', 'RD\nC\n4993\n\n1323\n']","['WPC\n20632\n', 'C\n4993\n\nW1323\n']",modelv1.0__2026-05-18 08:48:43
D:/moth_photos/database\batch_20\img_moth_00039222.jpg,"[4000, 6000]",55.65,"['WPC\n20633\n', 'Srl\n\nRB Dominick\nMcClellanville\nSouth Carolina\n\n30fixg973\nLight\n']","['C\n20633\n', 'R D\nC\nC\n\n30973\n']","['WPC\n20633\n', 'C\nC\n\n30973\n']",modelv1.0__2026-05-18 08:48:43
D:/moth_photos/database\batch_20\img_moth_00039223.jpg,"[4000, 6000]",55.73770491803279,"['WPC\n20634\n', 'RBDominick\nChariesREdwards\nMcClellanvilke\nSouth Carolina\n\nCPusg1978\nListhkb\n', 'RBDominick\nChariesREdwards\nMcClellanvilke\n\nCt altima\n']","['C\n20634\n', 'RD\nCR\nC\nC\n\nC1978\n', 'RD\nCR\nC\n\nC4\n']","['WPC\n20634\n', 'C\nC\nC\n\nCP1978\n', 'C\nC\n\nC4\n']",modelv1.0__2026-05-18 08:48:43
D:/moth_photos/database\batch_20\img_moth_00039224.jpg,"[4000, 6000]",56.25,"['WPC\n20635\n', 'RBDominick\nCharlesREdwards\nMcClellanville\nLy hawt\n\nare\nie\n']","['C\n20635\n', 'RRD\nCR\nC\n']","['WPC\n20635\n', 'C\nC\nW\n']",modelv1.0__2026-05-18 08:48:43
D:/moth_photos/database\batch_20\img_moth_00039225.jpg,"[4000, 6000]",55.699999999999996,"['WPC\n20636\n', 'RBDominick\nCharlesREdwards\nMcClellanville\nSouthCarolina\n\n1APE1972\na Str S\n']","['RC\n20636\n', 'RRD\nCR\nC\nC\n\n1R1972\n']","['WPC\n20636\n', 'C\nC\nC\n\n1P1972\nP\n']",modelv1.0__2026-05-18 08:48:43
D:/moth_photos/database\batch_20\img_moth_00039226.jpg,"[4000, 6000]",55.82608695652174,"['WPC\n20637\n', 'SsiBwt\nRB Dominick\nCharlesR Edwards\nMcClellanville\nSouth Carolna\ns7fel 197U\npyeeetZ\n']","['C\n20637\n', 'R D\nCR\nC\nC\n7 197\n']","['WPC\n20637\n', 'P\nC\nC\nC\n7 197\nP\n']",modelv1.0__2026-05-18 08:48:43
D:/moth_photos/database\batch_20\img_moth_00039227.jpg,"[4000, 6000]",56.01923076923077,"['wec\n20638\n', 'R B Dominsan\nCharie Edwards\nCratanyill\nSouthCaroln\n\n15fprilt 197\n\nLiaht\n\n']","['20638\n', 'R D\nC\nC\nC\n\n15 197\n\n']","['20638\n', 'C\nC\nC\n\n15 197\n\n']",modelv1.0__2026-05-18 08:48:43
D:/moth_photos/database\batch_20\img_moth_00039228.jpg,"[4000, 6000]",55.93333333333333,"['WPC\n20639\n', 'RBDominick\nChariesREdwards\nMcClellanville\nSouth apa\nbia htoF\n']","['RC\n20639\n', 'RRD\nCR\nC\n0\n']","['WPC\n20639\n', 'C\nC\n0\n']",modelv1.0__2026-05-18 08:48:43
D:/moth_photos/database\batch_20\img_moth_00039229.jpg,"[4000, 6000]",56.06666666666667,"['WPC\n20640\n', 'Siiawnaies\nRBDominick\nCharlesREdwards\nMcClellanville\nSouthCarqlina\n\nleAprl 199\nLrght\n']","['RC\n20640\n', 'RRD\nCR\nC\nC\n\n199\n']","['WPC\n20640\n', 'C\nC\nC\n\n199\n']",modelv1.0__2026-05-18 08:48:43
D:/moth_photos/database\batch_20\img_moth_00039230.jpg,"[4000, 6000]",56.016666666666666,['WPC\n20641\n'],['C\n20641\n'],['WPC\n20641\n'],modelv1.0__2026-05-18 08:48:43
D:/moth_photos/database\batch_20\img_moth_00039231.jpg,"[4000, 6000]",55.766666666666666,"['WPC\n20642\n', 'RBDominick\nCharlesREdwards\nMcClellanville\nSouthCarolina\n\n5Apri IG\nhigbas i\n']","['C\n20642\n', 'RRD\nCR\nC\nC\n\n5 194\n']","['WPC\n20642\n', 'C\nC\nC\n\n5 194\n']",modelv1.0__2026-05-18 08:48:43
D:/moth_photos/database\batch_20\img_moth_00039232.jpg,"[4000, 6000]",55.93333333333333,"['WPC\n20643\n', 'RBDominick\nCharlesREdwards\nMcCle llanville\nSouthCarolina\n\n1fApril1ay\nhrahkt\n']","['RC\n20643\n', 'RRD\nCR\nC\nC\n\n171\n']","['WPC\n20643\n', 'C\nC\nC\n\n171\n']",modelv1.0__2026-05-18 08:48:43
D:/moth_photos/database\batch_20\img_moth_00039233.jpg,"[4000, 6000]",55.31666666666667,['WPC\n20644\n'],['C\n20644\n'],['WPC\n20644\n'],modelv1.0__2026-05-18 08:48:43
D:/moth_photos/database\batch_20\img_moth_00039234.jpg,"[4000, 6000]",55.52380952380953,['WPC\n20645\n'],['C\n20645\n'],['WPC\n20645\n'],modelv1.0__2026-05-18 08:48:43
D:/moth_photos/database\batch_20\img_moth_00039235.jpg,"[4000, 6000]",56.29545454545455,"['PC\nvee\n', 'ic Clellanville\n\nouth Carolina\nB Dominick\n', 'MicClellanville\n\n50 uth Carolina\nMar166\n\nmY MoteB6\n']","['RC\n', 'C C1\n\nC\nD\n', 'C\n\n50 C\n166\n\n7 86\n']","['PC\n', 'C C1\n\nC\nP\n', 'C\n\n50 C\nW166\n\n7 W86\n']",modelv1.0__2026-05-18 08:48:43
D:/moth_photos/database\batch_20\img_moth_00039236.jpg,"[4000, 6000]",56.08474576271186,"['RBDominick\nMcClellanville\nSouthCarolina\n\nqfipr1974\nLightor\n', '20647\n']","['RD\nC\nC\n\n1974\n', '20647\n']","['2\nC\nC\n\n1974\n', '20647\n']",modelv1.0__2026-05-18 08:48:43
D:/moth_photos/database\batch_20\img_moth_00039237.jpg,"[4000, 6000]",55.733333333333334,['WPC\n20648\n'],['RC\n20648\n'],['WPC\n20648\n'],modelv1.0__2026-05-18 08:48:43
D:/moth_photos/database\batch_20\img_moth_00039238.jpg,"[4000, 6000]",55.6271186440678,"['WPC\n20649\n', '2BDominick\nharlesREdward\nAcClellanville\nouthCfrolinae\naefht14\n']","['RC\n20649\n', '2RD\nR\nC\nC\n14\n']","['WPC\n20649\n', '2\nC\nC\n14\n']",modelv1.0__2026-05-18 08:48:43
D:/moth_photos/database\batch_20\img_moth_00039239.jpg,"[4000, 6000]",55.366666666666674,"['WPC\nl 20650\n', 'RBDominick\nCharlesREdwards\nMcClellanville\nSouthCarolina\n\nC\n8gof\n']","['C\n20650\n', 'RRD\nCR\nC\nC\n\nC\n8\n']","['WPC\n20650\n', 'C\nC\nC\n\nC\n8\n']",modelv1.0__2026-05-18 08:48:43
D:/moth_photos/database\batch_20\img_moth_00039240.jpg,"[4000, 6000]",55.68333333333333,"['WPC\n20651\n', 'CharlesREdward\nMcClellanville\nSouthCarolina\n\n7ApE I97\nL ahto7\n']","['C\n20651\n', 'CR\nC\nC\n\n7 197\n7\n']","['WPC\n20651\n', 'C\nC\nC\n\n7 197\n7\n']",modelv1.0__2026-05-18 08:48:43
D:/moth_photos/database\batch_20\img_moth_00039241.jpg,"[4000, 6000]",55.96666666666666,['WPC\n20652\n'],['C\n20652\n'],['WPC\n20652\n'],modelv1.0__2026-05-18 08:48:43
D:/moth_photos/database\batch_20\img_moth_00039242.jpg,"[4000, 6000]",56.118644067796616,"['SssFSsFsFst\n\nSOUTHCAROLINA\nWedgePlantation\nMcClellanville\n\n10 Vis1968\n\nCFerguson\n', 'WPC\n20653\n']","['CR\nC\n\n10 1968\n\nC\n', 'RC\n20653\n']","['C\nWP\nC\n\n10 W1968\n\nCP\n', 'WPC\n20653\n']",modelv1.0__2026-05-18 08:48:43
D:/moth_photos/database\batch_20\img_moth_00039243.jpg,"[4000, 6000]",55.51666666666666,"['WPC\n20654\n', 'RBDominick\nCharlesREdwards y\nMcClellanville\nSouthCarolina29458\n']","['RC\n20654\n', 'RRD\nCR\nC\nC29458\n']","['WPC\n20654\n', 'C P\nC\nC29458\n']",modelv1.0__2026-05-18 08:48:43
D:/moth_photos/database\batch_20\img_moth_00039244.jpg,"[4000, 6000]",55.75,['WPC\n20655\n'],['C\n20655\n'],['WPC\n20655\n'],modelv1.0__2026-05-18 08:48:43
D:/moth_photos/database\batch_20\img_moth_00039245.jpg,"[4000, 6000]",55.46666666666666,['PC\n20656\n'],['RC\n20656\n'],['PC\n20656\n'],modelv1.0__2026-05-18 08:48:43
D:/moth_photos/database\batch_20\img_moth_00039246.jpg,"[4000, 6000]",56.06666666666667,"['WPC\n20657\n', 'RBDominick\nCharlesREdwards\nMcClellanville\nSouthCarolina2945\nZ2aMeov 1910\nLusghed\n']","['C\n20657\n', 'RRD\nCR\nC\nC2945\n2 1910\n4\n']","['WPC\n20657\n', 'C\nC\nC2945\n2 1910\n4\n']",modelv1.0__2026-05-18 08:48:43
D:/moth_photos/database\batch_20\img_moth_00039247.jpg,"[4000, 6000]",55.98305084745763,"['WPC\n20658\n', 'RBDominick\nCharlesREdwards\nMcCleillanville\nSoutCarolina29458\n\na 7O\ntiahhO 119\n']","['C\n20658\n', 'RD\nCR\nC\nC29458\n\n70\n119\n']","['WPC\n20658\n', 'C\nC\nC29458\n\n70\n119\n']",modelv1.0__2026-05-18 08:48:43
D:/moth_photos/database\batch_20\img_moth_00039248.jpg,"[4000, 6000]",56.01923076923077,['WPC\n20659\n'],['RC\n20659\n'],['WPC\n20659\n'],modelv1.0__2026-05-18 08:48:43
D:/moth_photos/database\batch_20\img_moth_00039249.jpg,"[4000, 6000]",55.53846153846153,['WPC\n20660\n'],['C\n20660\n'],['WPC\n20660\n'],modelv1.0__2026-05-18 08:48:43
D:/moth_photos/database\batch_20\img_moth_00039250.jpg,"[4000, 6000]",55.5,"['WPC\n20661\n', 'McClellanville\nSouth f arolina\n\nzi Pior 1969\nt9\n']","['C\n20661\n', 'C\n\n1969\n9\n']","['WPC\n20661\n', 'C\n\nP 1969\n9\n']",modelv1.0__2026-05-18 08:48:43
D:/moth_photos/database\batch_20\img_moth_00039251.jpg,"[4000, 6000]",55.65,"['RBDominick\nMcClellanville\nSouth Carolina\nApr1196\nj sj ao\n', 'WPC\n20662\n']","['RRD\nC\nC\n1196\n6\n', 'C\n20662\n']","['C\n\nC\n1196\n\n6\n', 'WPC\n20662\n']",modelv1.0__2026-05-18 08:48:43
D:/moth_photos/database\batch_20\img_moth_00039252.jpg,"[4000, 6000]",55.583333333333336,"['RBDominick\nMcClellanville\nSouthCarolina\n\nIMa142\nheghfF\n', 'WPCC\n20663\n', 'Adiepnit\npetre Ila Zell\n\nHetD0Perguson 19VO\n']","['RRD\nC\nC\n\n1142\n', 'RC\n20663\n', 'C\n\nDD0 197\n']","['C\nC\n\n1142\n', 'WPCC\n20663\n', 'C\n\n00P 197\n']",modelv1.0__2026-05-18 08:48:43
D:/moth_photos/database\batch_20\img_moth_00039253.jpg,"[4000, 6000]",55.916666666666664,"['WPC\n20664\n', 'i\nRBDominick\nMcClellanville\nSouthCarolina\nlOfu\nLiahtete\n']","['C\n20664\n', 'RD\nC\nC\n109\n']","['WPC\n20664\n', 'C\nC\n109\n']",modelv1.0__2026-05-18 08:48:43
D:/moth_photos/database\batch_20\img_moth_00039254.jpg,"[4000, 6000]",55.606557377049185,"['RBDominick\nMcClellanville\nde Carolina\n\nTRelyA2F\nLight9\n', 'WPC\n20665\n']","['RD\nC\nC\n\nR425\n9\n', 'C\n20665\n']","['C\nC\n\n425\n9\n', 'WPC\n20665\n']",modelv1.0__2026-05-18 08:48:43
D:/moth_photos/database\batch_20\img_moth_00039255.jpg,"[4000, 6000]",56.203389830508485,"['WPC\n20666\n', 'RB Dominick\nMcClellanville\nSouth Garolina\n\n2July 1974\nLighho7\n']","['RC\n20666\n', 'R D\nC\n\n2 1974\n7\n']","['WPC\n20666\n', 'C\n\n2 1974\n7\n']",modelv1.0__2026-05-18 08:48:43
D:/moth_photos/database\batch_20\img_moth_00039256.jpg,"[4000, 6000]",56.243902439024396,"['RBDominick\nMcCle llanville\nSouthCarolina\n12Apr197\n', 'WPC\n20667\n']","['RRD\nC\nC\n12197\n', 'C\n20667\n']","['2\nC\nC\n12197\n', 'WPC\n20667\n']",modelv1.0__2026-05-18 08:48:43
D:/moth_photos/database\batch_20\img_moth_00039257.jpg,"[4000, 6000]",56.12068965517242,"['SOUTHCAROLINA\nWedgePlantation\nMcClellanville\nAugust 1968\nDCFerglison\n', 'WPC\n20668\n']","['CR\nC\n1968\nDC\n', 'RC\n20668\n']","['C\nWP\nC\n1968\nCP\n', 'WPC\n20668\n']",modelv1.0__2026-05-18 08:48:43
D:/moth_photos/database\batch_20\img_moth_00039258.jpg,"[4000, 6000]",55.45,"['LlLlt\nSOUTH CAROLINA\nwedge Plantation\nMcClellanyil le\nAugust Re 1968\nDpC Ferguson\n', 'WPCC\n20669\n']","['5 CR\nC1\nR 1968\nDC\n', 'RC\n20669\n']","['5 C\nW P\nC1\n1968\nC\n', 'WPCC\n20669\n']",modelv1.0__2026-05-18 08:48:43
D:/moth_photos/database\batch_20\img_moth_00039259.jpg,"[4000, 6000]",55.33333333333333,"['t\nSOUTH CAROLINA\nwedge Plantation\nMeclellanville\nAugust 1968\npcFerguson\n', 'WPC\n20670\n']","['CRC1\nC\n1968\nDC\n', 'C\n20670\n']","['CC1\nW P\nC\n1968\nCP\n', 'WPC\n20670\n']",modelv1.0__2026-05-18 08:48:43
D:/moth_photos/database\batch_20\img_moth_00039260.jpg,"[4000, 6000]",55.81666666666666,"['WPC\n20671\n', '8\n\n2B Dominick\n\nCharlesREdwards\n\nMcClejlanville\n\noNay4\nay1472Z\n\nLighto\n']","['C\n20671\n', '8\n\n2 DC\n\nCR\n\nC\n\n4\n1472\n\nR\n']","['WPC\n20671\n', '8\n\n2 PC\n\nC\n\nC\n\n4\n1472\n']",modelv1.0__2026-05-18 08:48:43
D:/moth_photos/database\batch_20\img_moth_00039261.jpg,"[4000, 6000]",55.75,"['SOUTHCAROLINA\nWedgePlantation\nMcClellanvilile\n\n10Vur1968\n\nDCFerguson\n', 'WPC\n20672\n']","['CR\nC\n\n101968\n\nDC\n', 'RC\n20672\n']","['C\nWP\nC\n\n10W1968\n\nCP\n', 'WPC\n20672\n']",modelv1.0__2026-05-18 08:48:43
D:/moth_photos/database\batch_20\img_moth_00039262.jpg,"[4000, 6000]",55.98305084745763,"['WPC\n20673\n', 'RBDominick\nCharlesREdwards\nMcClelignville\nSouthCarolina\n\nZO han 2\n']","['C\n20673\n', 'RRD\nCR\nC\nC\n\n0 2\n']","['WPC\n20673\n', 'C\nC\nC\n\n0 2\n']",modelv1.0__2026-05-18 08:48:43
D:/moth_photos/database\batch_20\img_moth_00039263.jpg,"[4000, 6000]",55.983333333333334,"['sasss\n\nSOUTHCAROLINA\nWedgePlantation\nMcClellanville\n9Vile1968\nDCFerguson\n', 'WPC\n20674\n']","['CRC\nC\n91968\nDC\n', 'RC\n20674\n']","['CC\nWP\nC\n9W1968\nC\n', 'WPC\n20674\n']",modelv1.0__2026-05-18 08:48:43
D:/moth_photos/database\batch_20\img_moth_00039264.jpg,"[4000, 6000]",56.118644067796616,"['WPC\n20675\n', '']","['RC\n20675\n', '']","['WPC\n20675\n', '']",modelv1.0__2026-05-18 08:48:43
D:/moth_photos/database\batch_20\img_moth_00039265.jpg,"[4000, 6000]",56.048780487804876,"['WPC\n20676\n', 'RBDominick\nCharlesREdwards\nMcClellanville\nSouthCarolina29458\na Dee1970\n\nLisgsse\n']","['C\n20676\n', 'RD\nCR\nC\nC29458\nD1970\n']","['WPC\n20676\n', 'C\n\nC\n\nC29458\n1970\n']",modelv1.0__2026-05-18 08:48:43
D:/moth_photos/database\batch_20\img_moth_00039266.jpg,"[4000, 6000]",56.10169491525424,"['WPC\n20677\n', 'RBDominick\nCharlesREdwards\nMcClellanville\nSouthCarolina\n\nZjulyF1\nLight 7\n']","['C\n20677\n', 'RRD\nCR\nC\nC\n\n81\n7\n']","['WPC\n20677\n', 'C\nC\nC\n\n81\n7\n']",modelv1.0__2026-05-18 08:48:43
D:/moth_photos/database\batch_20\img_moth_00039267.jpg,"[4000, 6000]",55.91525423728814,['WPC\n20678\n'],['C\n20678\n'],['WPC\n20678\n'],modelv1.0__2026-05-18 08:48:43
D:/moth_photos/database\batch_20\img_moth_00039268.jpg,"[4000, 6000]",55.5,['WPC\n20679\n'],['RC\n20679\n'],['WPC\n20679\n'],modelv1.0__2026-05-18 08:48:43
D:/moth_photos/database\batch_20\img_moth_00039269.jpg,"[4000, 6000]",56.150000000000006,"['WPC\n20680\n', 'SssCt\nRBDominick\nCharles R Edwards\nMcC lewianville\nSouth Carolima\n\nIgRug140\nsghfZ\n']","['RC\n20680\n', 'C\nRRD\nC R\nC\nC\n\n15R140\n']","['WPC\n20680\n', 'C\nC\nC\nC\n\n15140\n']",modelv1.0__2026-05-18 08:48:43
D:/moth_photos/database\batch_20\img_moth_00039270.jpg,"[4000, 6000]",55.07317073170732,"['2BDominick\nAcClellanville\ni Say\n\ne7\nhie\n', 'WPC\n20681\n']","['2RD\nC\n\n67\n', 'C\n20681\n']","['2\nC\n\n67\n', 'WPC\n20681\n']",modelv1.0__2026-05-18 08:48:43
D:/moth_photos/database\batch_20\img_moth_00039271.jpg,"[4000, 6000]",56.275,"['WPC\n20682\n', 'RB Dominick\nMcClellanville\nELT\n\n117\nLhe\n']","['C\n20682\n', 'R D\nC\n\n117\n']","['WPC\n20682\n', 'C\nPW\n\n117\n']",modelv1.0__2026-05-18 08:48:43
D:/moth_photos/database\batch_20\img_moth_00039272.jpg,"[4000, 6000]",56.08474576271186,"['wPC\n20683\n', 'RBDominick\nCharlesREdward\nMcClellanville\n\nSouthCgapolina\n12 July 90\n']","['C\n20683\n', 'RRD\nCR\nC\n\nC\n12 90\n']","['WPC\n20683\n', 'C\nC\n\nC\n12 90\n']",modelv1.0__2026-05-18 08:48:43
D:/moth_photos/database\batch_20\img_moth_00039273.jpg,"[4000, 6000]",56.118644067796616,"['SOUTHCAROLINA\nWedgePlantation\nMcClellanyille\n1OsJiile19OP\nDCFerguson\n', 'WPC\n20684\n']","['CR\nC\n101967\nDC\n', 'C\n20684\n']","['C\nWP\nC\n10W196P\nC\n', 'WPC\n20684\n']",modelv1.0__2026-05-18 08:48:43
D:/moth_photos/database\batch_20\img_moth_00039274.jpg,"[4000, 6000]",55.6,"['WPC\n20685\n', 'RBDominick\nCharlesREdwards\nMcClellanville\nSouth Carolina\n\noeFsratem\n']","['C\n20685\n', 'RRD\nCR\nC\nC\n']","['WPC\n20685\n', 'C\nC\nC\n']",modelv1.0__2026-05-18 08:48:43
D:/moth_photos/database\batch_20\img_moth_00039275.jpg,"[4000, 6000]",56.375,"['SQOUTHCAROLINA\nWedge Plantation\nMcClellanville\naugust 1968\npcFerguson\n', '20686\n']","['CRC\nC\n\n1968\nDC0\n', '20686\n']","['CC\nW P\nC\n1968\nC0\n', '20686\n']",modelv1.0__2026-05-18 08:48:43
D:/moth_photos/database\batch_20\img_moth_00039276.jpg,"[4000, 6000]",55.61904761904762,"['EE\nSOUTH CAROLINA\nwedge plantation\nMcClellamville\nAugust 1968\n\nDC Ferguson\noL\n', 'WPCC\n20687\n']","['CRC\nC\n1968\n\nDC\n', 'C\n20687\n']","['CC\nW P\nC\n1968\n\nC\n', 'WPCC\n20687\n']",modelv1.0__2026-05-18 08:48:43
D:/moth_photos/database\batch_20\img_moth_00039277.jpg,"[4000, 6000]",55.79661016949153,"['WPC\n20688\n', 'j\nRBDominick\nMcClellanville\nSouth Carolina\n\n12 frug 1973\n']","['RC\n20688\n', 'RD\nC\nC\n\n12 R 1973\n']","['WPC\n20688\n', 'C\nC\n\n12 1973\n']",modelv1.0__2026-05-18 08:48:43
D:/moth_photos/database\batch_20\img_moth_00039278.jpg,"[4000, 6000]",55.800000000000004,"['WPC\n20689\n', 'errnereenrmmmmmaaea\nRBDominick\nCharlesREdwards\nMcClellanville\nSouth Carolinas\n\n28 Hug 972\nhight\n\n']","['C\n20689\n', 'RD\nCR\nC\nC\n\n28 972\n\n']","['WPC\n20689\n', 'C\nC\nC\n\n28 972\n\n']",modelv1.0__2026-05-18 08:48:43
D:/moth_photos/database\batch_20\img_moth_00039279.jpg,"[4000, 6000]",55.56666666666667,"['WPC\n20690\n', 'RBDominick\nChariesREdwards\nMcClellanville\nSouthCarolina29458\nFDJunes971I\nLteghy\n']","['C\n20690\n', 'RRD\nCR\nC\nC29458\n7D971\n4\n']","['WPC\n20690\n', 'C\nC\nC29458\n7971\n4\n']",modelv1.0__2026-05-18 08:48:43
D:/moth_photos/database\batch_20\img_moth_00039280.jpg,"[4000, 6000]",56.13559322033898,"['RBDominick\nCharlesREdwards\nMcClellanville\nSouthCarolina\n2b6Stthe1971\n\nLrighe\n', 'WPC\n20691\n']","['RRD\nCR\nC\nC\n261971\n', 'RC\n20691\n']","['C\n\nC\n\nC\n261971\n', 'WPC\n20691\n']",modelv1.0__2026-05-18 08:48:43
D:/moth_photos/database\batch_20\img_moth_00039281.jpg,"[4000, 6000]",55.78333333333334,"['WPC\n20692\n', 'RBDominick\n\nharlesREdwards\n\nMcClellanville\n\nSouthCarolina e\n\n22 June 9 71\nUurht\n']","['C\n20692\n', 'RRD\nR\nC\n0C\n22 9 71\n']","['WPC\n20692\n', 'C\n0C\n22 9 71\n']",modelv1.0__2026-05-18 08:48:43
D:/moth_photos/database\batch_20\img_moth_00039282.jpg,"[4000, 6000]",55.96666666666666,"['WPC\n20693\n', 'RBDominick\nhariesREdwards\n\nMicClellanville\n44cMaentina790455\n']","['C\n20693\n', 'RRD\nR\n\nC\n44790455\n']","['WPC\n20693\n', 'C\n44P790455\n']",modelv1.0__2026-05-18 08:48:43
D:/moth_photos/database\batch_20\img_moth_00039283.jpg,"[4000, 6000]",get_ruler_failed,"['WPC\n20694\n', 'RBDominick\nChariesREdwards\nMcClellanville\nSouthtrolina29458\nLitaete\n']","['C\n20694\n', 'R6D\nCR\nC\n29458\n']","['WPC\n20694\n', '6\nC\nCW\n29458\n']",modelv1.0__2026-05-18 08:48:43
D:/moth_photos/database\batch_20\img_moth_00039284.jpg,"[4000, 6000]",36.8235294117647,"['WPC\n20713\n', 'CDVOTMAN\nharlesREdwards\nMcClellanville\n\nSouth Carolina o\n\nleMarch 197\nwild\nAD dplnsen\n']","['C\n20713\n', 'CD\nR\nC\n\n0 C\n\n1 197\nD\n']","['WPC\n20713\n', 'C\nC\n0 C\n\n1 197\nW\nP P\n']",modelv1.0__2026-05-18 08:48:43
D:/moth_photos/database\batch_20\img_moth_00039285.jpg,"[4000, 6000]",get_ruler_failed,"['RBDominick\nCharlesREdwards\nMcClellanville oO\nSouthCarolina29458\n\n17Bus1TlP\nLe a4\n', 'WPC\n20695\n']","['RRD\nCR\nC\nC29458\n\n171\n4\n', 'C\n20695\n']","['C\nC\nC29458\n\n171P\n4\n', 'WPC\n20695\n']",modelv1.0__2026-05-18 08:48:43
D:/moth_photos/database\batch_20\img_moth_00039286.jpg,"[4000, 6000]",37.0,"['WPC\n20714\n', 'icClellanvilie\nouth Carolina\nries\n\npate\n']","['C\n20714\n', 'C\nC\n6\n']","['WPC\n20714\n', 'C\nC\n6\n\nP\n']",modelv1.0__2026-05-18 08:48:43
D:/moth_photos/database\batch_20\img_moth_00039287.jpg,"[4000, 6000]",get_ruler_failed,"['BDominic\nAcClellanvilig\noy hCarotins\nOHuqusf 97\nah hor\n', 'WPC\n20696\n']","['5D\nC\nC\n\n0 97\n', 'C\n20696\n']","['5\nC\nC\n\n0 97\n', 'WPC\n20696\n']",modelv1.0__2026-05-18 08:48:43
D:/moth_photos/database\batch_20\img_moth_00039288.jpg,"[4000, 6000]",37.24,"['WPC\n20715\n', '2BDominick\nMcClellanville\nou h syt73\n\nal idSow\n']","['C\n20715\n', '2RD\nC\n73\n']","['WPC\n20715\n', '2\nC\n73\n']",modelv1.0__2026-05-18 08:48:43
D:/moth_photos/database\batch_20\img_moth_00039289.jpg,"[4000, 6000]",get_ruler_failed,"['WPC\n20697\n', '']","['C\n20697\n', '']","['WPC\n20697\n', '']",modelv1.0__2026-05-18 08:48:43
D:/moth_photos/database\batch_20\img_moth_00039290.jpg,"[4000, 6000]",36.666666666666664,['WPC\n20716\n'],['C\n20716\n'],['WPC\n20716\n'],modelv1.0__2026-05-18 08:48:43
D:/moth_photos/database\batch_20\img_moth_00039291.jpg,"[4000, 6000]",get_ruler_failed,"['McCle llanvillie\nSouthCarolina\n\n6d\n', 'WPC\n20698\n']","['C\nC\n\n6\n', 'C\n20698\n']","['C\nC\n\n6\n', 'WPC\n20698\n']",modelv1.0__2026-05-18 08:48:43
D:/moth_photos/database\batch_20\img_moth_00039292.jpg,"[4000, 6000]",37.059999999999995,"['WPC\n20717\n', 'LEPLYOPTERA\n', 'collt KDWolfe\n\nGoctL4G9f\nTheWedge\nchaclesten5C\n\n']","['C\n20717\n', 'RCRR\n', 'C D\n\n49\n5C\n\n']","['WPC\n20717\n', 'PCP\n', 'C W\n\n49\nW\n5C\n\n']",modelv1.0__2026-05-18 08:48:43
D:/moth_photos/database\batch_20\img_moth_00039293.jpg,"[4000, 6000]",get_ruler_failed,"['WPC\n20699\n', '']","['C\n20699\n', '']","['WPC\n20699\n', '']",modelv1.0__2026-05-18 08:48:43
D:/moth_photos/database\batch_20\img_moth_00039294.jpg,"[4000, 6000]",36.8235294117647,"['WPC\n20718\n', 'RBDominick\nMcClella nville\n\nthCar\niyt75\nib mre an\n']","['C\n20718\n', 'RRD\nC\n\nC\n75\n']","['WPC\n20718\n', 'C\n\nC\n75\n']",modelv1.0__2026-05-18 08:48:43
D:/moth_photos/database\batch_20\img_moth_00039295.jpg,"[4000, 6000]",get_ruler_failed,"['WPC\n20700\n', 'herles Rz Edwards\nicClellanville\nouthCarolina\n\n55 erilLI\n\ndoelear\n\n']","['C\n20700\n', 'R\nC\nC\n\n55\n\n']","['WPC\n20700\n', 'C\nC\n\n55\n\n']",modelv1.0__2026-05-18 08:48:43
D:/moth_photos/database\batch_20\img_moth_00039296.jpg,"[4000, 6000]",37.34,"['WPC\n20719\n', 'RBDominick\nChadesR Edwards\nMcClellanville\nSouthCarolina29458\n\nJ3Mor1F70\nLisheoF\n']","['C\n20719\n', 'RD\nCR\nC\nC29458\n\n31470\n']","['WPC\n20719\n', 'C\nC\nC29458\n\n31470\n']",modelv1.0__2026-05-18 08:48:43
D:/moth_photos/database\batch_20\img_moth_00039297.jpg,"[4000, 6000]",get_ruler_failed,['WPC\n20701\n'],['C\n20701\n'],['WPC\n20701\n'],modelv1.0__2026-05-18 08:48:43
D:/moth_photos/database\batch_20\img_moth_00039298.jpg,"[4000, 6000]",get_ruler_failed,"['ficClellanviit\nSouth Carolina\nRBDominick\n\n200elenot\n', 'WPC\n20702\n']","['C\nC\nRRD\n\n200\n', 'C\n20702\n']","['C\nC\n2\n\n200\n', 'WPC\n20702\n']",modelv1.0__2026-05-18 08:48:43
D:/moth_photos/database\batch_20\img_moth_00039299.jpg,"[4000, 6000]",get_ruler_failed,"['McClellanville\nSouthCarolina\nRBDominick\n\n2GOc4IF6D\nFlowers\n', 'WPC\n20703\n']","['C\nC\nRD\n\n240416D\n', 'C\n20703\n']","['C\nC\n\n240416\n', 'WPC\n20703\n']",modelv1.0__2026-05-18 08:48:43
D:/moth_photos/database\batch_20\img_moth_00039300.jpg,"[4000, 6000]",get_ruler_failed,"['MC1OLaNVALe\nSouthCarolina F\n\nCharlesREdwards\n72 JLVSephs7L7\nL13hf\n', 'WPC\n20704\n']","['C1C1\nC\n\nCR\n72 21747\n413\n', 'C\n20704\n']","['C1C1\nC\n\nC\n72 21747\n413\n', 'WPC\n20704\n']",modelv1.0__2026-05-18 08:48:43
D:/moth_photos/database\batch_20\img_moth_00039301.jpg,"[4000, 6000]",get_ruler_failed,"['McUlelsGhivissod\nSouthCarolina t\nDominick\n\nVF6G\nHEEL\n', 'WwPC\n20705\n']","['C\nD\n\n46\nD\n', 'C\n20705\n']","['C\n\nW46\nP\n', 'WPC\n20705\n']",modelv1.0__2026-05-18 08:48:43
D:/moth_photos/database\batch_20\img_moth_00039302.jpg,"[4000, 6000]",get_ruler_failed,"['RBDominick\nCharlesREdwaris\nMcClellanville\nSoutharolina29458\n\n2Sgt1970\nlysht2\n', 'WPC\n20706\n']","['RD\nCR\nC\n29458\n\n241970\n2\n', 'C\n20706\n']","['C\nC\n29458\n\n241970\n2\n', 'WPC\n20706\n']",modelv1.0__2026-05-18 08:48:43
D:/moth_photos/database\batch_20\img_moth_00039303.jpg,"[4000, 6000]",get_ruler_failed,"['vii3F\npledee6\n', 'WPC\n20707\n']","['3\n6\n', 'C\n20707\n']","['3\n6\n', 'WPC\n20707\n']",modelv1.0__2026-05-18 08:48:43
D:/moth_photos/database\batch_20\img_moth_00039304.jpg,"[4000, 6000]",get_ruler_failed,"['WPC\n20708\n', 'SeFieMOMINICK\n\nCharlesR Edwards\nMcClellanville\nSecuthCarolina29458\n\nAzJun elves\n']","['C\n20708\n', 'C\n\nCR C\nC\nC29458\n\n1\n']","['WPC\n20708\n', 'PC\n\nC C\nC\nC29458\n\nP 1\n']",modelv1.0__2026-05-18 08:48:43
D:/moth_photos/database\batch_20\img_moth_00039305.jpg,"[4000, 6000]",get_ruler_failed,"['eeeSOSrWSSSESESYS\n\nChariesREdwards\nMcClellanville\nSouthCarolina29458\n\narm\noe ants 1968\n', 'WPC\n20709\n']","['CR\nC\nC29458\n\n1968\n', 'C\n20709\n']","['W\n\nC\nC\nC29458\n\n1968\n', 'WPC\n20709\n']",modelv1.0__2026-05-18 08:48:43
D:/moth_photos/database\batch_20\img_moth_00039306.jpg,"[4000, 6000]",get_ruler_failed,"['ome\nharlesR Edwards\nicClellanville\n\nouth Carglina\n\n3 MMas 1972\nore\n', 'WPC\n20710\n']","['R\nC\nC\n\n3 1972\n', 'C\n20710\n']","['C\nC\n\n3 W 1972\n', 'WPC\n20710\n']",modelv1.0__2026-05-18 08:48:43
D:/moth_photos/database\batch_20\img_moth_00039307.jpg,"[4000, 6000]",get_ruler_failed,"['aged3 Pany 1972\nuyafound uridesgrorg\nRBDominick\nCharlesREdwards Z\n\nMcClellanville\nSCawthCamtina\n', 'WPC\n20711\n']","['3 D 1972\nRD\nCR\n\nC\nCC\n', 'C\n20711\n']","['3 P 1972\nC\n\nC\nCC\n', 'WPC\n20711\n']",modelv1.0__2026-05-18 08:48:43
D:/moth_photos/database\batch_20\img_moth_00039308.jpg,"[4000, 6000]",get_ruler_failed,"['8BteBAVIIEILCK\nharlesR Edward\nouthCengue\n\nhee\n', 'WPC\n20712\n']","['8RC\nR\nC\n', 'C\n20712\n']","['8PC\nC\n', 'WPC\n20712\n']",modelv1.0__2026-05-18 08:48:43
D:/moth_photos/database\batch_20\img_moth_00039309.jpg,"[4000, 6000]",36.88235294117647,"['2025DCR\n04543\n', 'SanteeCoastalReserve\nCharlestonCoSC\nEFLoPresti\n13December2025\nSandPitTrap\n', '']","['2025DCR\n04543\n', 'CR\nCCC\n13D2025\n', '']","['2025C\n04543\n', 'C\nCCC\nP\n132025\nP\n', '']",modelv1.0__2026-05-18 08:48:43
D:/moth_photos/database\batch_20\img_moth_00039310.jpg,"[4000, 6000]",36.666666666666664,"['2025DCR\n04544\n', 'Santee Coastal Reserve\n\nCharleston Co\nEF LoPresti\n\n43 December 2\nSandPit Trap\n\n', '']","['2025DCR\n04544\n', 'C R\n\nC C\n\n43 D 2\n\n', '']","['2025C\n04544\n', 'C\n\nC C\nP\n\n43 2\nP\n\n', '']",modelv1.0__2026-05-18 08:48:43
D:/moth_photos/database\batch_20\img_moth_00039311.jpg,"[4000, 6000]",37.15686274509804,"['2025DCR\n04545\n', 'SanteeCoastalReserve\nCharlestonCoSC\nEFLoPresti\n13December2025\nSandPitTrap\n']","['2025DCR\n04545\n', 'CR\nCCC\n13D2025\n']","['2025C\n04545\n', 'C\nCCC\nP\n132025\nP\n']",modelv1.0__2026-05-18 08:48:43
D:/moth_photos/database\batch_20\img_moth_00039312.jpg,"[4000, 6000]",37.235294117647065,"['2025DCR\n04546\n', 'SanteeCoastalReserve\nCharlestonCoSC\nEFLoPresti\n13December2025\nSandPitTrap\n', '', 'ue\ncalibrite\n']","['2025DCR\n04546\n', 'CR\nCCC\n13D2025\n', '', 'C\n']","['2025C\n04546\n', 'C\nCCC\nP\n132025\nP\n', '', 'C\n']",modelv1.0__2026-05-18 08:48:43
D:/moth_photos/database\batch_20\img_moth_00039313.jpg,"[4000, 6000]",37.35294117647059,"['gA547\n', 'Santee Coastal Reserv\n\nCharleston O\nEF Lopresti\n\n43 December 2025\n\n', '', 'oe\ncalibrite\n']","['547\n', 'C R\n\nC\n\n43 D 2025\n\n', '', '7\nC\n']","['547\n', 'C\n\nC\nP\n\n43 2025\n\n', '', '7\nC\n']",modelv1.0__2026-05-18 08:48:43
D:/moth_photos/database\batch_20\img_moth_00039314.jpg,"[4000, 6000]",37.19607843137255,"['2025 DCR\n04548\n', 'SanteeCoastalReserve\nCharlestonCoSC\nEFLoPresti\n13December2025\nMarshTrap\n', '']","['2025 DCR\n04548\n', 'CR\nCCC\n13D2025\n', '']","['2025 C\n04548\n', 'C\nCCC\nP\n132025\n', '']",modelv1.0__2026-05-18 08:48:43
D:/moth_photos/database\batch_20\img_moth_00039315.jpg,"[4000, 6000]",37.333333333333336,"['', 'SanteeCoastalReserve\nCharlestonCoSC\nEFLOPresti\n13December2025\nMarshTrap\n', '']","['', 'CR\nCCC\n13D2025\n', '']","['', 'C\nCCC\nP\n132025\n', '']",modelv1.0__2026-05-18 08:48:43
D:/moth_photos/database\batch_20\img_moth_00039316.jpg,"[4000, 6000]",37.254901960784316,"['2025DCR\n04550\n', 'SanteeCoastalReserve\nCharlestonCoSC\nEFLoPresti\n13December2025\nMarshTrap\n', '']","['2025DCR\n04550\n', 'CR\nCCC\n13D2025\n', '']","['2025C\n04550\n', 'C\nCCC\nP\n132025\n', '']",modelv1.0__2026-05-18 08:48:43
D:/moth_photos/database\batch_20\img_moth_00039317.jpg,"[4000, 6000]",37.235294117647065,"['noearmites\n\nEFL2026\n', '2025 DCR\n04551\n', 'SSsSCSCsCFj\nSantee CoastalReserve\n\nCharleston Co\nEF Lopresti\n43 December 2025\n\nMarshTrap\n']","['2026\n', '2025 DCR\n04551\n', 'CC\nCR\n\nC C\n43 D 2025\n']","['2026\n', '2025 C\n04551\n', 'CC\nC\n\nC C\nP\n43 2025\n']",modelv1.0__2026-05-18 08:48:43
D:/moth_photos/database\batch_20\img_moth_00039318.jpg,"[4000, 6000]",37.27450980392157,"['2025 DCR\n94552\n', 'NOarmites\n\nEFL2026\n\n', 'Santee Coastal Reserve\n\nCharlestonCoSC\nEFLoPresti\n13December2025\nMarshTrap\n\n', '']","['2025 DCR\n94552\n', '2026\n\n', 'C R\n\nCCC\n13D2025\n\n', '']","['2025 C\n94552\n', 'P2026\n\n', 'C\n\nCCC\nP\n132025\n\n', '']",modelv1.0__2026-05-18 08:48:43
D:/moth_photos/database\batch_20\img_moth_00039319.jpg,"[4000, 6000]",37.07843137254902,"['2025DCR\n04553\n', 'Santee Coastal Reserve\nCharleston O\nEF LoPresti\n13 December 202\nMazvckTrap\n', '', 'md\ncalibrite\n']","['2025DCR\n04553\n', 'C R\nC\n13 D 202\n2\n', '', '']","['2025C\n04553\n', 'C\nC\nP\n13 202\n2P\n', '', 'P\n']",modelv1.0__2026-05-18 08:48:43
D:/moth_photos/database\batch_20\img_moth_00039320.jpg,"[4000, 6000]",37.07843137254902,"['2025DCR\n04554\n', 'SanteeCoastalReserve\nCharlestonCoSC\nEFLoPresti\n13December2025\nMazvckTrap\n', 'mL\ncalibrite\n']","['2025DCR\n04554\n', 'CR\nCCC\n13D2025\n', '']","['2025C\n04554\n', 'C\nCCC\nP\n132025\n', 'P\n']",modelv1.0__2026-05-18 08:48:43
D:/moth_photos/database\batch_20\img_moth_00039321.jpg,"[4000, 6000]",37.235294117647065,"['ELL\nnoear mites\n\nEFL2026\n\n6SFs\n', '04555\n\n2025DCR\n', 'E\n\nSanteeCoastalReserve\nCharlestonCo\nEFLoPresti\n43December2025\nl MazvckTrap\n', '']","['2026\n\n6\n', '04555\n\n2025DCR\n', 'CR\nCC\nR\n43D2025\n', '']","['2026\n\n6\n', '04555\n\n2025C\n', 'C\nCC\nP\n432025\n', '']",modelv1.0__2026-05-18 08:48:43
D:/moth_photos/database\batch_20\img_moth_00039322.jpg,"[4000, 6000]",37.07843137254902,"['202s DCR\n04556\n', 'bn\nSanteeCoastalReserve\nCharlestonCoSC\nEFLoPresti\n13December2025\nMazvckTrap\n', '', '']","['2025 DCR\n04556\n', 'CR\nCCC\n13D2025\n', '', '']","['2025 C\n04556\n', 'C\nCCC\nP\n132025\n', '', '']",modelv1.0__2026-05-18 08:48:43
D:/moth_photos/database\batch_20\img_moth_00039323.jpg,"[4000, 6000]",36.90196078431373,"['bothearmites\n\nEFl2024\n', '', '', 'ntee Coastay Reserve\n\nCharleston\nEFLO oPr esti\n\n43De ecemper 2025\n\nMazvck Trad\n']","['2024\n', '', '', 'C R\nC\n43D 2025\n']","['P2024\n', '', '', 'C\nC\n\nP\n43 2025\n']",modelv1.0__2026-05-18 08:48:43
D:/moth_photos/database\batch_20\img_moth_00039324.jpg,"[4000, 6000]",36.8235294117647,"['2025DCR\n04558\n', '', 'ip\n', 'ue\ncalibrite\n']","['2025DCR\n04558\n', '', '', '']","['2025C\n04558\n', '', 'P\n', '']",modelv1.0__2026-05-18 08:48:43
D:/moth_photos/database\batch_20\img_moth_00039325.jpg,"[4000, 6000]",36.72549019607843,"['2025DCR\n\n04559\n\n', 'SanteeCoastalReserve\nCharlestonCoSC\nEFLoPresti\n13December2025\nCapeTrap\n', '', 'oe\ncalibrite\n']","['2025DCR\n\n04559\n\n', 'CR\nCCC\n13D2025\n\nC\n', '', 'C\n']","['2025C\n\n04559\n\n', 'C\nCCC\nP\n132025\nC\n', '', 'C\n']",modelv1.0__2026-05-18 08:48:43
D:/moth_photos/database\batch_20\img_moth_00039326.jpg,"[4000, 6000]",37.03921568627451,"['2025DCR\n04560\n', 'SanteeCoastalReserve\nCharlestonCoSC\nEFLoPresti\n13December2025\nCapeTrap\n', 'ip\n', 'ue\ncalibrite\n']","['2025DCR\n04560\n', 'CR\nCCC\n13D2025\n\nC\n', 'D\n', 'C\n']","['2025C\n04560\n', 'C\nCCC\nP\n132025\nC\n', '', 'C\n']",modelv1.0__2026-05-18 08:48:43
D:/moth_photos/database\batch_20\img_moth_00039327.jpg,"[4000, 6000]",37.13725490196079,"['2025DCR\n04561\n', 'Santee Coastal Reserve\n\nCharlestonU9\nEF LoPresti\n43 December 202\n\nCapeTrad\n', '', 'm7\ncalibrite\n']","['2025DCR\n04561\n', 'C R\n\nCC9\n43 D 202\n\nC\n', '', '7\nC\n']","['2025C\n04561\n', 'C\n\nCC9\nP\n43 202\n\nC\n', '', '7\nC\n']",modelv1.0__2026-05-18 08:48:43
D:/moth_photos/database\batch_20\img_moth_00039328.jpg,"[4000, 6000]",36.7843137254902,"['noearmites\n\nEFL2026\n', '2025DCR\n04562\n', 'SanteeCoastalReserve\nCharlestonCoSC\nEFLoPresti\n13December2025\nCapeTrap\n', '']","['2026\n', '2025DCR\n04562\n', 'CR\nCCC\nCR\n13D2025\nC\n', '']","['2026\n', '2025C\n04562\n', 'C\nCCC\nCP\n132025\nC\n', '']",modelv1.0__2026-05-18 08:48:43
D:/moth_photos/database\batch_20\img_moth_00039329.jpg,"[4000, 6000]",37.19607843137255,"['noearmites\n\nEFL2026\n', '2025DCR\n04563\n\nee\n', 'SanteeCoastalReserve\nCharlestonCoSC\nEFLoPresti\n13December2025\nCapeTrap\n', 'ip\n']","['2026\n', '2025DCR\n04563\n', 'CR\nCCC\n13D2025\n\nC\n', 'D\n']","['2026\n', '2025C\n04563\n', 'C\nCCC\nP\n132025\nC\n', '']",modelv1.0__2026-05-18 08:48:43
D:/moth_photos/database\batch_20\img_moth_00039330.jpg,"[4000, 6000]",36.82692307692308,"['noearmites\n\nEFL2026\n', '2025DCR\n\n04564\n', 'Santee Coastal Reserve\nCharleston O\nLorre esti\n\nEF\n43 December 2025\n\nCapeTrap\n', '']","['2026\n', '2025DCR\n\n04564\n', 'C R\nC 0\n\n43 D 2025\n\nC\n', '']","['2026\n', '2025C\n\n04564\n', 'C\nC 0\nP\n\n43 2025\n\nC\n', '']",modelv1.0__2026-05-18 08:48:43
D:/moth_photos/database\batch_20\img_moth_00039331.jpg,"[4000, 6000]",37.235294117647065,"['noearmites\n\nEFL2026\n', '2025DCR\n04565\n', 'SanteeCoastalReserve\nCharlestonCoSC\nEFLoPresti\n13December2025\nCapeTrap\n', '']","['2026\n', '2025DCR\n04565\n', 'CR\nCCC\n13D2025\n\nC\n', '']","['2026\n', '2025PC\n04565\n', 'C\nCCC\nP\n132025\nC\n', '']",modelv1.0__2026-05-18 08:48:43
D:/moth_photos/database\batch_20\img_moth_00039332.jpg,"[4000, 6000]",37.15686274509804,"['2025DCR\n04566\n', '']","['2025DCR\n04566\n', '']","['2025C\n04566\n', '']",modelv1.0__2026-05-18 08:48:43
D:/moth_photos/database\batch_20\img_moth_00039333.jpg,"[4000, 6000]",37.1764705882353,"['2025DCR\n04567\n', 'SanteeCoastalReserve\nCharlestonCoSC\nEFLoPresti\n13December2025\nScrubOakTrap\n', '']","['2025DCR\n04567\n', 'CR\nCCC\n13D2025\n', '']","['2025C\n04567\n', 'C\nCCC\nP\n132025\n', '']",modelv1.0__2026-05-18 08:48:43
D:/moth_photos/database\batch_20\img_moth_00039334.jpg,"[4000, 6000]",37.235294117647065,"['2025DCR\n04568\n', 'SanteeCoastalReserve\nCharlestenCoSC\nEFLoPresti\n13December2025\nScrubOakTrap\n']","['2025DCR\n04568\n', 'CR\nCCC\n13D2025\n']","['2025C\n04568\n', 'C\nCCC\nP\n132025\n']",modelv1.0__2026-05-18 08:48:43
D:/moth_photos/database\batch_20\img_moth_00039335.jpg,"[4000, 6000]",36.67307692307692,"['9025DCR\n04569\n', 'EFL2026\n', 'SanteeCoastalReserve\nCharlestonCoSC\nEFLoPresti\n13December2025\nScrubOakTrap\n\n', '']","['9025DCR\n04569\n', '2026\n', 'CR\nCCC\n13D2025\n\n', '']","['9025C\n04569\n', '2026\n', 'C\nCCC\nP\n132025\n\n', '']",modelv1.0__2026-05-18 08:48:43
D:/moth_photos/database\batch_20\img_moth_00039336.jpg,"[4000, 6000]",37.05882352941176,"['2025DCR\n04570\n', 'ee\nnoearmites\n\nEFL2026\n', 'SanteeCoastalReserve\nCharlestonCoSC\nEFLoPresti\n13December2025\nScrubOakTrap\n', '']","['2025DCR\n04570\n', 'C2026\n', 'CR\nCCC\n13D2025\n', '']","['2025C\n04570\n', 'C2026\n', 'C\nCCC\nP\n132025\n', '']",modelv1.0__2026-05-18 08:48:43
D:/moth_photos/database\batch_20\img_moth_00039337.jpg,"[4000, 6000]",37.31372549019608,"['noearmites\n\nEFL2026\n', '2025 DCR\n04571\n', 'SanteeCoastalReserve\nCharlestonCoSC\nEFLoPresti\n13December2025\nScrubOakTrap\n']","['2026\n', '2025 DCR\n04571\n', 'CR\nCCC\nC\n13D2025\n']","['P2026\n', '2025 PC\n04571\n', 'C\nCCC\nCP\n132025\n']",modelv1.0__2026-05-18 08:48:43
D:/moth_photos/database\batch_20\img_moth_00039338.jpg,"[4000, 6000]",37.13725490196079,"['noearmites\n\nEFL2026\n\nOOCTM\n', '2025DCR\n04572\n', 'SanteeCoastalReserve\n\nCharlestonCoSC\nEFLoPresti\n13December2025\nScrubOakTrap\n']","['2026\n\nC\n', '2025DCR\n04572\n', 'CR\n\nCC0C\n13D2025\n0\n']","['2026\n\nC\n', '2025C\n04572\n', 'C\n\nCC0C\nP\n132025\n0\n']",modelv1.0__2026-05-18 08:48:43
D:/moth_photos/database\batch_20\img_moth_00039339.jpg,"[4000, 6000]",37.1764705882353,"['noearmites\n\nEFL2026\n', '2025DCR\n04573\n\n', 'SanteeCoastalReserve\nCharlestonCoSC\nEFLoPresti\n13December2025\n\nScrubOakTrap\n\n', '']","['2026\n', '2025DCR\n04573\n\n', 'CR\nCCC\n13D2025\n\n0\n\n', '']","['2026\n', '2025C\n04573\n\n', 'C\nCCC\nP\n132025\n\n0\n\n', '']",modelv1.0__2026-05-18 08:48:43
D:/moth_photos/database\batch_20\img_moth_00039340.jpg,"[4000, 6000]",37.15686274509804,"['nNoOearmites\n\nEFL2026\n', '2025DCR\n\n04574\n', 'SanteeCoastalReserve\nCharlestonCoSC\nEFLoPresti\n13December2025\nScrubOakTrap\n', '']","['2026\n', '2025DCR\n\n04574\n', 'CR\nCCC\n13D2025\n', '']","['2026\n', '2025C\n\n04574\n', 'C\nCCC\nP\n132025\n', '']",modelv1.0__2026-05-18 08:48:43
D:/moth_photos/database\batch_20\img_moth_00039341.jpg,"[4000, 6000]",37.27450980392157,"['2025DCR\n04575\n', 'noearmites\n\nEFL2026\n', 'SanteeCoastalReserve\nCharlestonCoSC\nEFLoPresti\n13December2025\nScrubOakTrap\n']","['2025DCR\n04575\n', '2026\n', 'CR\nCCC\n13D2025\n']","['2025C\n04575\n', '2026\n', 'C\nCCC\nP\n132025\n']",modelv1.0__2026-05-18 08:48:43
D:/moth_photos/database\batch_20\img_moth_00039342.jpg,"[4000, 6000]",37.254901960784316,"['noearmites\n\nEFL2026\n', '7025DCR\n04576\n', 'SanteeCoastalReserve\nCharlestonCoSC\nEFLoPresti\n13December2025\nScrubOakTrao\n', '']","['2026\n', '7025DCR\n04576\n', 'CR\nCCC\nC\n13D2025\n', '']","['2026\n', '7025C\n04576\n', 'C\nCCC\nCP\n132025\n', '']",modelv1.0__2026-05-18 08:48:43
D:/moth_photos/database\batch_20\img_moth_00039343.jpg,"[4000, 6000]",37.36,"['2025DCR\n04577\n', 'aa\n\nEFL2026\n', 'SanteeCoastalReserve\nCharlestonCoSC\nEFLoPresti\n13December2025\nMeadowTrap\n', '']","['2025DCR\n04577\n', '2026\n', 'CR\nCCC\n13D2025\n', '']","['2025C\n04577\n', '2026\n', 'C\nCCC\nP\n132025\n', '']",modelv1.0__2026-05-18 08:48:43
D:/moth_photos/database\batch_20\img_moth_00039344.jpg,"[4000, 6000]",36.705882352941174,"['2025DCR\n04596\n', 'noearmites\n\nEFL2026\n', 'SanteeCoastalReserve\nCharlestonCoSC\nEFLoPresti\n12December2025\nBaitTrap\n']","['2025DCR\n04596\n', '2026\n', 'CR\nCCC\n12D2025\n\nR\n']","['2025C\n04596\n', '2026\n', 'C\nCCC\nP\n122025\n']",modelv1.0__2026-05-18 08:48:43
D:/moth_photos/database\batch_20\img_moth_00039345.jpg,"[4000, 6000]",36.98039215686274,"['2025DCR\n04597\n', 'EPLZUZ0\nnoearmites\n\nEFL2026\n', 'SanteeCoastalReserve\nCharlestonCoSC\nEFLoPresti\n12December2025\nBaitTrap\n', '']","['2025DCR\n04597\n', 'C220\n\n2026\n', 'CR\nCCC\n12D2025\n\nR\n', '']","['2025C\n04597\n', 'CP220\n\nP2026\n', 'C\nCCC\nP\n122025\n', '']",modelv1.0__2026-05-18 08:48:43
D:/moth_photos/database\batch_20\img_moth_00039346.jpg,"[4000, 6000]",37.34,"['2025DCR\n04578\n', 'SanteeCoastal Reserve\nCharlestonCo\nEFLoPresti\n43December 2025\nCC2Trap\n']","['2025DCR\n04578\n', 'C R\nCC\n43D 2025\n\nCC2\n']","['2025PC\n04578\n', 'C\nCC\nP\n43 2025\nCC2\n']",modelv1.0__2026-05-18 08:48:43
D:/moth_photos/database\batch_20\img_moth_00039347.jpg,"[4000, 6000]",37.01960784313725,"['EFL2026\n\ntL\nnoearmites\n', '2025DCR\n04598\n', 'SanteeCoastalReserve\nCharlestonCoSC\nEFLoPresti\n12December2025\n\nBAT Trap\n']","['2026\n', '2025DCR\n04598\n', 'CR\nCCC\n12D2025\n']","['2026\n', '2025C\n04598\n', 'C\nCCC\nP\n122025\n']",modelv1.0__2026-05-18 08:48:43
D:/moth_photos/database\batch_20\img_moth_00039348.jpg,"[4000, 6000]",37.28,"['2025DCR\n04579\n', 'noearmites\n\nEFL2026\n', 'Santee CoastalReserve\nCharlestonCoSC\nEFLoPresti\n13December2025\nCC2Trap\n\n']","['2025DCR\n04579\n', 'C2026\n', 'CR\nCCC\n13D2025\n\nCC2\n\n']","['2025C\n04579\n', 'C2026\n', 'C\nCCC\nP\n132025\nCC2\n\n']",modelv1.0__2026-05-18 08:48:43
D:/moth_photos/database\batch_20\img_moth_00039349.jpg,"[4000, 6000]",37.18000000000001,"['2025DCR\n04580\n', 'EFL2026\n\nnoearmites\n\niE\n', 'SanteeCoastalReserve\n\nCharlestonCoSC\nEFLoPresti\n43December2025\nCC2Trao\n\n']","['2025DCR\n04580\n', '2026\n', 'CR\n\nCCC\n43D2025\nCC2\n\n']","['2025C\n04580\n', '2026\n', 'C\n\nCCC\nP\n432025\nCC2\n\n']",modelv1.0__2026-05-18 08:48:43
D:/moth_photos/database\batch_20\img_moth_00039350.jpg,"[4000, 6000]",36.90196078431373,"['2025DCR\n04581\n', '', 'SanteeCoastalReserve\nCharlestonCoSC\nEFLoPresti\n13December2025\nCC2Trap\n']","['2025DCR\n04581\n', '', 'CR\nCCC\n13D2025\n\nCC2\n']","['2025C\n04581\n', '', 'C\nCCC\nP\n132025\nCC2\n']",modelv1.0__2026-05-18 08:48:43
D:/moth_photos/database\batch_20\img_moth_00039351.jpg,"[4000, 6000]",36.72549019607843,"['noearmites\n\nEFL2026\n', '2025DCR\n04599\n', 'SanteeCoastalReserve\nCharlestonCoSC\nEFLoPresti\n12December2025\n\nS011Trap\n\n', '']","['2026\n', '2025DCR\n04599\n', 'CR\nCCC\nC\n12D2025\n\n011\n\n', '']","['2026\n', '2025C\n04599\n', 'C\nCCC\nCP\n122025\n\n011\n\n', '']",modelv1.0__2026-05-18 08:48:43
D:/moth_photos/database\batch_20\img_moth_00039352.jpg,"[4000, 6000]",37.32,"['noearmites\nEFL 2026\n', '2025DCR\n04582\n', 'SanteeCoastalReserve\nCharlestonCoSC\nEFLoPresti\n13December2025\nCC2Trao\n']","['2026\n', '2025DCR\n04582\n', 'CR\nCCC\nC\n13D2025\nCC2\n']","['P 2026\n', '2025C\n04582\n', 'C\nCCC\nCP\n132025\nCC2\n']",modelv1.0__2026-05-18 08:48:43
D:/moth_photos/database\batch_20\img_moth_00039353.jpg,"[4000, 6000]",36.7843137254902,"['noearmites\n\nEFL2026\n', '2025DCR\n04600\n', 'SanteeCoastalReserve\nCharlestonCoSC\nEFLoPresti\n12December2025\nBaitTrap\n']","['2026\n', '2025DCR\n04600\n', 'CR\nCCC\n12D2025\n']","['2026\n', '2025C\n04600\n', 'C\nCCC\nP\n122025\n']",modelv1.0__2026-05-18 08:48:43
D:/moth_photos/database\batch_20\img_moth_00039354.jpg,"[4000, 6000]",36.72549019607843,"['leftearmites\n\nEFL2024\n', '2025DCR\n04583\n', 'SanteeCoastalReserve\nChariestonCoSC\nEFLoPresti\n13December2025\nCC2Trao\n']","['2024\n', '2025DCR\n04583\n', 'CR\nCCC\n13D2025\n\nCC2\n']","['2024\n', '2025C\n04583\n', 'C\nCCC\nP\n132025\nCC2\n']",modelv1.0__2026-05-18 08:48:43
D:/moth_photos/database\batch_20\img_moth_00039355.jpg,"[4000, 6000]",36.64705882352941,"['EFL2026\n\nnoearmites\n', '2025DCR\n04601\n', 'SanteeCoastalReserve\nCharlestonCoSC\nEFsLoPresti\n12December2025\nBaitTrap\n', '']","['2026\n\n0\n', '2025DCR\n04601\n', 'CR\nCCC\n12D2025\n\nR\n', '']","['2026\n\n0\n', '2025C\n04601\n', 'C\nCCC\nP\n122025\n', '']",modelv1.0__2026-05-18 08:48:43
D:/moth_photos/database\batch_20\img_moth_00039356.jpg,"[4000, 6000]",37.36,"['CdtTTTES\n\nEFL2026\n', '2025DCR\n04584\n', 'SanteeCoastal Reserve\nCharlestonCoSC\nEFLOPresti\n13December2025\nEF12Trap\n']","['C\n\n2026\n', '2025DCR\n04584\n', 'C R\nCC0C\n6\n13D2025\n12\n']","['C\n\n2026\n', '2025PC\n04584\n', 'C\nCC0C\n6P\n132025\n12\n']",modelv1.0__2026-05-18 08:48:43
D:/moth_photos/database\batch_20\img_moth_00039357.jpg,"[4000, 6000]",36.92156862745098,"['noearmites\n\nEFL2026\n', '2025DCR\n04595\n', 'SanteeCoastalReserve\nCharlestonCoSC\nEFLoPresti\n12December2025\nBaitTrap\n']","['2026\n', '2025DCR\n04595\n', 'CR\nCCC\n12D2025\n']","['2026\n', '2025C\n04595\n', 'CP\nCCC\nP\n122025\n']",modelv1.0__2026-05-18 08:48:43
D:/moth_photos/database\batch_20\img_moth_00039358.jpg,"[4000, 6000]",37.01960784313725,"['noearmites\n\nEFL2026\n', '2025DCR\n04585\n\nos\n', 'SanteeCoastalReserve\nCharlestonCoSC\nEFLtoPresti\n43December2025\nEF12Trap\n']","['2026\n', '2025DCR\n04585\n', 'CR\nCCC\n43D2025\n\n12\n']","['2026\n', '2025C\n04585\n', 'C\nCCC\nP\n432025\n12\n']",modelv1.0__2026-05-18 08:48:43
D:/moth_photos/database\batch_20\img_moth_00039359.jpg,"[4000, 6000]",36.94117647058823,"['noearmites\n\nEFL2026\n', '2025DCR\n04586\n', 'SanteeCoastalReserve\nCharlestonCoSC\nEFLoPresti\n13December2025\nEF12Trap\n']","['2026\n', '2025DCR\n04586\n', 'CR\nCCC\n6\n13D2025\n12\n']","['2026\n', '2025C\n04586\n', 'C\nCCC\n6P\n132025\n12\n']",modelv1.0__2026-05-18 08:48:43
D:/moth_photos/database\batch_20\img_moth_00039360.jpg,"[4000, 6000]",36.9607843137255,"['9025DCR\n04587\n', 'noearmites\n\nFFL2076\n', 'SanteeCoastalReserve\nCharlestonCoSC\nEFLoPresti\n13December2025\nEF12Trap\n']","['9025DCR\n04587\n', '2076\n', 'CR\nCCC\n13D2025\n\n12\n']","['9025PC\n04587\n', '2076\n', 'C\nCCC\nP\n132025\n12\n']",modelv1.0__2026-05-18 08:48:43
D:/moth_photos/database\batch_20\img_moth_00039361.jpg,"[4000, 6000]",37.28,"['noearmites\n\nEFL2026\n', '7025 pcr\n94588\n', 'SanteeCoastalReserve\nCharlestonCoSC\nEFLoPresti\n43December2025\nEF12Trap\n\n', '']","['2026\n', '7025 DCR\n94588\n', 'CR\nCCC\n43D2025\n\n12\n\n', '']","['2026\n', '7025 C\n94588\n', 'C\nCCC\nP\n432025\n12\n\n', '']",modelv1.0__2026-05-18 08:48:43
D:/moth_photos/database\batch_20\img_moth_00039362.jpg,"[4000, 6000]",37.18000000000001,"['noearmites\n\nEFL2026\n', '2025DCR\n04589\n', 'SanteeCoastalReserve\nCharlestonCoSC\nEFLoPresti\n13Detember2025\nEF12Trap\n', '']","['2026\n', '2025DCR\n04589\n', 'CR\nCCC\n13D2025\n\n12\n', '']","['2026\n', '2025C\n04589\n', 'C\nCCC\nP\n132025\n12\n', '']",modelv1.0__2026-05-18 08:48:43
D:/moth_photos/database\batch_20\img_moth_00039363.jpg,"[4000, 6000]",37.36,"['noearmites\n\nEFL2026\n', '2025DCR\n04590\n', 'SanteeCoastalReserve\nCharlestonCoSC\nELoPresti\n13December2025\n\nCuraVvCTravo\n']","['2026\n', '2025DCR\n04590\n', 'CR\nCCC\n13D2025\n\nCRC\n']","['2026\n', '2025C\n04590\n', 'C\nCCC\nP\n132025\n\nCC\n']",modelv1.0__2026-05-18 08:48:43
D:/moth_photos/database\batch_20\img_moth_00039364.jpg,"[4000, 6000]",37.36,"['2025DCR\n04591\n', 'll\nnoearmites\n\nEFL2026\n', 'SanteeCoastalReserve\nCharlestonCoSC\nEFLoPresti\n12December2025\n\nParTfrap\n']","['2025DCR\n04591\n', '0\n\n2026\n', 'CR\nCCC\n12D2025\n']","['2025C\n04591\n', '0\n\n2026\n', 'C\nCCC\nP\n122025\n\nP\n']",modelv1.0__2026-05-18 08:48:43
D:/moth_photos/database\batch_20\img_moth_00039365.jpg,"[4000, 6000]",36.8235294117647,"['noearmites\n\nEFL2026\n', '2025DCR\n04592\n', 'SanteeCoastalReserve\nCharlestonCoSC\nEFLoPresti\n12December2025\nBaitTrap\n\n']","['C2026\n', '2025DCR\n04592\n', 'CR\nCC0C\nC\n12D2025\n\n']","['C2026\n', '2025C\n04592\n', 'C\nCC0C\nCP\n122025\n\n']",modelv1.0__2026-05-18 08:48:43
D:/moth_photos/database\batch_20\img_moth_00039366.jpg,"[4000, 6000]",36.92156862745098,"['2025DCR\n04593\n\nee\n', 'noearmites\n\nEFL2026\n', 'SanteeCoastalReserve\nCharlestonCoSC\nEFLoPresti\n12December2025\n\nBAI Trap\n']","['2025DCR\n04593\n', '2026\n', 'CR\nCCC\n12D2025\n']","['2025PC\n04593\n', '2026\n', 'C\nCCC\nP\n122025\n']",modelv1.0__2026-05-18 08:48:43
D:/moth_photos/database\batch_20\img_moth_00039367.jpg,"[4000, 6000]",36.92156862745098,"['2025DCR\n04594\n', 'ear mitee\n\n', 'SanteeCoastalReserve\nCharlestonCoSC\nEFLoPresti\n12December2025\n\nBAIT Trap\n']","['2025DCR\n04594\n', '', 'CR\nCCC\n12D2025\n\nR\n']","['2025C\n04594\n', '', 'C\nCCC\nP\n122025\n']",modelv1.0__2026-05-18 08:48:43
D:/moth_photos/database\batch_20\img_moth_00039368.jpg,"[4000, 6000]",36.88235294117647,"['2025 DCR\n04662\n', '', 'SanteeCoastalReserve\nCharlestonCoSC\nEFLoPresti\n12December2025\nOH23Trap\n', '']","['2025 DCR\n04662\n', '', 'CR\nCCC\nC\n12D2025\n023\n', '']","['2025 C\n04662\n', '', 'C\nCCC\nCP\n122025\n023\n', '']",modelv1.0__2026-05-18 08:48:43
D:/moth_photos/database\batch_20\img_moth_00039369.jpg,"[4000, 6000]",36.88235294117647,"['2025DCR\n04663\n', 'noedrmites\n', 'SanteeCoastalReserve\nChariestonCoSC\nEFLoPresti\n12December2025\nOH23Trao\n', '']","['2025DCR\n04663\n', '', 'CR\nCCC\n12D2025\n\n023\n', '']","['2025C\n04663\n', '', 'C\nCCC\nP\n122025\n023\n', '']",modelv1.0__2026-05-18 08:48:43
D:/moth_photos/database\batch_20\img_moth_00039370.jpg,"[4000, 6000]",36.9607843137255,"['2025DCR\n04664\n', 'noearmites\nFLoPresti2025\n', 'Santee Coastal Reserve\nCharleston\nELF Lopresti\n42 December 2025\nOH23 Trap\n\n']","['2025DCR\n04664\n', '2025\n', 'C R\n\nC\n\n42 D 2025\n023\n\n']","['2025C\n04664\n', 'P2025\n', 'C\n\nC\n\n42 2025\n023\n\n']",modelv1.0__2026-05-18 08:48:43
D:/moth_photos/database\batch_20\img_moth_00039371.jpg,"[4000, 6000]",36.98039215686274,"['2025DCR\n04665\n', 'noearmites\nELoPresti2025\n', 'SanteeCoastalReserve\nCharlestonCoSC\nEFLoPresti\n42December2025\n\nOH23Trap\n']","['2025DCR\n04665\n', '2025\n', 'CR\nCCC\n42D2025\n\n23\n']","['2025C\n04665\n', 'P2025\n', 'C\nCCC\nP\n422025\n\n23\n']",modelv1.0__2026-05-18 08:48:43
D:/moth_photos/database\batch_20\img_moth_00039372.jpg,"[4000, 6000]",36.90196078431373,"['2025DCR\n04660\n', 'SanteeCoastalReserve\nCharlestonCoSC\nEFLoPresti\n13December2025\n\nWSanctTrap\n']","['2025DCR\n04660\n', 'CR\nCCC\n13D2025\n']","['2025PC\n04660\n', 'C\nCCC\nP\n132025\n\nW\n']",modelv1.0__2026-05-18 08:48:43
D:/moth_photos/database\batch_20\img_moth_00039373.jpg,"[4000, 6000]",36.88235294117647,"['2025DCR\n04655\n', 'SanteeCoastalReserve\nCharlestonCoSC\nEFLoPresti\n22Avril2025\nCTrailTrap\n']","['2025DCR\n04655\n', 'CR\nCCC\n222025\nC\n']","['2025C\n04655\n', 'C\nCCC\nP\n222025\nC\n']",modelv1.0__2026-05-18 08:48:43
D:/moth_photos/database\batch_20\img_moth_00039374.jpg,"[4000, 6000]",36.9607843137255,"['noearmites\n\nEFL2026\n', '2025DCR\n04653\n', 'SanteeCoastalReserve\nCharlestonCoSC\nEFLePresti\n14Julv2025\nMazvckTrap\n']","['2026\n', '2025DCR\n04653\n', 'CR\nCCC\n142025\n']","['2026\n', '2025C\n04653\n', 'C\nCCC\nP\n142025\n']",modelv1.0__2026-05-18 08:48:43
D:/moth_photos/database\batch_20\img_moth_00039375.jpg,"[4000, 6000]",36.8235294117647,"['2025DCR\n04652\n', 'SanteeCoastalReserve\nCharlestonCoSC\nEFLoPresti\n14Julv2025\nMazvckTrao\n']","['2025DCR\n04652\n', 'CR\nCCC\n142025\n']","['2025C\n04652\n', 'C\nCCC\nP\n142025\n']",modelv1.0__2026-05-18 08:48:43
D:/moth_photos/database\batch_20\img_moth_00039376.jpg,"[4000, 6000]",36.9607843137255,"['2025DCR\n04661\n', 'SanteeCoastalReserve\nCharlestonCoSC\nEFLoPresti\n13December2025\nWSanctTrap\n']","['2025DCR\n04661\n', 'CR\nCCC\n13D2025\n']","['2025C\n04661\n', 'C\nCCC\nP\n132025\nW\n']",modelv1.0__2026-05-18 08:48:43
D:/moth_photos/database\batch_20\img_moth_00039377.jpg,"[4000, 6000]",36.94117647058823,"['2025DCR\n04659\n', 'SanteeCoastalReserve\nCharlestonCoSC\nEFLoPresti\n13December2025\nWSanctTrap\n']","['2025DCR\n04659\n', 'CR\nCCC\n13D2025\n']","['2025C\n04659\n', 'C\nCCC\nP\n132025\nW\n']",modelv1.0__2026-05-18 08:48:43
D:/moth_photos/database\batch_20\img_moth_00039378.jpg,"[4000, 6000]",36.90196078431373,"['EFL2026\n\nnoearmites\n', '2025DCR\n04658\n', 'SanteeCoastalReserve\nCharlestonCoSC\nEFLoPresti\n13December2025\nWSanctTrap\n']","['2026\n', '2025DCR\n04658\n', 'CR\nCC0C\n13D2025\n']","['2026\n', '2025C\n04658\n', 'C\nCC0C\nP\n132025\nW\n']",modelv1.0__2026-05-18 08:48:43
D:/moth_photos/database\batch_20\img_moth_00039379.jpg,"[4000, 6000]",37.160000000000004,"['2025DCR\n04657\n', 'noearmites\n\nEFL2026\n', 'SanteeCoastalReserve\nCharlestonCoSC\nEFLoPresti\n13Dcember2025\nWSanctTrap\n']","['2025DCR\n04657\n', '2026\n', 'CR\nCCC\n13D2025\n']","['2025PC\n04657\n', '2026\n', 'C\nCCC\nP\n132025\nW\n']",modelv1.0__2026-05-18 08:48:43
D:/moth_photos/database\batch_20\img_moth_00039380.jpg,"[4000, 6000]",37.36,"['oO\n\n2025DCR\n04656\n', 'noearmites\n\nEFL2026\n\neee\n', 'SanteeCoastalReserve\nCharlestonCoSC\nEFLoPresti\n13December2025\n']","['C\n\n2025DCR\n04656\n', 'C2026\n', 'CR\nCCC\n13D2025\n']","['C\n\n2025C\n04656\n', 'C2026\n', 'C\nCCC\nP\n132025\n']",modelv1.0__2026-05-18 08:48:43
D:/moth_photos/database\batch_20\img_moth_00039381.jpg,"[4000, 6000]",37.14,"['2025DCR\n04676\n', 'Lik4vVv2vu\n\nnoearmites\n\ncrt Ara\n', 'SanteeCoastalReserve\nCharlestonCoSC\nEFLoPresti\n13December2025\n\nTriosacumTrap\n']","['2025DCR\n04676\n', '42\n\nR\n', 'CR\nCCC\n13D2025\n']","['2025C\n04676\n', '42\n', 'C\nCCC\nP\n132025\n']",modelv1.0__2026-05-18 08:48:43
D:/moth_photos/database\batch_20\img_moth_00039382.jpg,"[4000, 6000]",37.34,"['noearmites\n', '2025 DCR\n04675\n', 'SanteeCoastalReserve\nCharlestonCoSC\nEFLoPresti\n13December2025\n\nTeeshcyeTrap\n']","['', '2025 DCR\n04675\n', 'CR\nCCC\n13D2025\n']","['', '2025 C\n04675\n', 'C\nCCC\nP\n132025\n\nP\n']",modelv1.0__2026-05-18 08:48:43
D:/moth_photos/database\batch_20\img_moth_00039383.jpg,"[4000, 6000]",37.36,"['2025DCR\n04674\n', 'sCi\n\nnoearmites\n\nEFL2026\n', 'SanteeCoastalReserve\nCharlestonCoSC\nEFLoPresti\n13December2025\nTriosacumTrap\n']","['2025DCR\n04674\n', 'C\n\n2026\n', 'CR\nCCC\n13D2025\n']","['2025C\n04674\n', 'C\n\n2026\n', 'C\nCCC\nP\n132025\n']",modelv1.0__2026-05-18 08:48:43
D:/moth_photos/database\batch_20\img_moth_00039384.jpg,"[4000, 6000]",37.32,"['noearmijtes\n\nrriiannTtir\n', '2025DCR\n04673\n', 'SanteeCoastalReserve\nCharlestonCoSC\nEFCoPresti\n13December2025\n\nTRIPSACYTrap\n']","['', '2025DCR\n04673\n', 'CR\nCCC\nC\n13D2025\n\nRC\n']","['P\n', '2025C\n04673\n', 'C\nCCC\nCP\n132025\n\nPC\n']",modelv1.0__2026-05-18 08:48:43
D:/moth_photos/database\batch_20\img_moth_00039385.jpg,"[4000, 6000]",36.98,"['2025DCR\n04672\n', 'noearmites\n\nEFL2026\n', 'SanteeCoastalReserve\nCharlestonCoSC\nEFLoPresti\n13December2025\nTripsacumTrap\n']","['2025DCR\n04672\n', '2026\n', 'CR\nCCC\n13D2025\n']","['2025C\n04672\n', '2026\n', 'C\nCCC\nP\n132025\n']",modelv1.0__2026-05-18 08:48:43
D:/moth_photos/database\batch_20\img_moth_00039386.jpg,"[4000, 6000]",37.080000000000005,"['eer\n\nbothearmites\n\nEFL2024\n\n1 tiF\n', '2025DCI\n04668\n', 'SanteeCoastalReserve\nCharlestonCoSC\nEFLoRresti\n12December2025\nOH23Trap\n', 'ram\nWSL\n']","['2024\n\n1\n', '2025DC\n04668\n', 'CR\nCCC\nR\n12D2025\n23\n', '1\n']","['2024\n\n1\n', '2025C\n04668\n', 'C\nCCC\nP\n122025\n23\n', 'W1\n']",modelv1.0__2026-05-18 08:48:43
D:/moth_photos/database\batch_20\img_moth_00039387.jpg,"[4000, 6000]",37.3,"['2025DCR\n04666\n', 'noearmites\n1EtaPDroctiINVIE\n', 'SanteeCoastalReserve\nCharlestonCoSC\nEFLoPresti\n12December2025\nOH23Trap\n']","['2025DCR\n04666\n', '1DD\n', 'CR\nCCC\n12D2025\n\n23\n']","['2025C\n04666\n', '1P\n', 'CP\nCCC\nP\n122025\n23\n']",modelv1.0__2026-05-18 08:48:43
D:/moth_photos/database\batch_20\img_moth_00039388.jpg,"[4000, 6000]",36.739999999999995,"['noearmites\n\nEFL2026\n', '2025DCR\n64688\n', 'SanteeCoastalReserve\nCharlestonCoSC\nEFLoPresti\n13December2025\nSsrSvoressTrap\n']","['2026\n', '2025DCR\n64688\n', 'CR\nCCC\n13D2025\n\n6C\n']","['2026\n', '2025C\n64688\n', 'C\nCCC\nP\n132025\n6C\n']",modelv1.0__2026-05-18 08:48:43
D:/moth_photos/database\batch_20\img_moth_00039389.jpg,"[4000, 6000]",37.04,"['2025DCR\n04681\n', 'SanteeCoastalReserve\n\nCharlestonCoSC\nEFLoPresti\n13December2025\n\nTRPSACYTrap\n']","['2025DCR\n04681\n', 'CR\n\nCCC\n13D2025\n\nRC\n']","['2025C\n04681\n', 'C\n\nCCC\nP\n132025\n\nPC\n']",modelv1.0__2026-05-18 08:48:43
D:/moth_photos/database\batch_20\img_moth_00039390.jpg,"[4000, 6000]",37.1,"['2025DCR\n04680\n', 'Santee CoastalReserve\nCharlestonCoSC\nEFLoPresti\n13December2025\nTripsacumTrap\n']","['2025DCR\n04680\n', 'CR\nCCC\n13D2025\n']","['2025C\n04680\n', 'CP\nCCC\nP\n132025\n']",modelv1.0__2026-05-18 08:48:43
D:/moth_photos/database\batch_20\img_moth_00039391.jpg,"[4000, 6000]",37.2,"['2025DCR\n04679\n\n', 'SanteeCoastalReserve\nCharlestonCoSC\nEFLoPresti\n13December2025\nTriosacumTrap\n']","['2025DCR\n04679\n\n', 'CR\nCCC\n13D2025\n']","['2025PC\n04679\n\n', 'C\nCCC\nP\n132025\n']",modelv1.0__2026-05-18 08:48:43
D:/moth_photos/database\batch_20\img_moth_00039392.jpg,"[4000, 6000]",36.86,"['2025DCR\n04654\n', 'rightearmite\nEFL2024\n', 'SanteeCoastalReserve\nCharlestonCoSC\nELF LoPresti\n12December2025\nJeffsSpotTrap\n']","['2025DCR\n04654\n', '2024\n', 'CR\nCCC\n12D2025\n']","['2025C\n04654\n', '2024\n', 'C\nCCC\nP\n122025\n']",modelv1.0__2026-05-18 08:48:43
D:/moth_photos/database\batch_20\img_moth_00039393.jpg,"[4000, 6000]",37.080000000000005,"['noearmites\n\nEFL2026\n', '2025DCR\n04690\n', 'Santee CoastalReserve\nCharleston CoSC\nEFLoPrestj\n13 December 2025\nvbressTrap\n']","['C2026\n', '2025DCR\n04690\n', 'CR\nC CC\nC\n13 D 2025\n']","['C2026\n', '2025C\n04690\n', 'C\nC CC\nCPP\n13 2025\n']",modelv1.0__2026-05-18 08:48:43
D:/moth_photos/database\batch_20\img_moth_00039394.jpg,"[4000, 6000]",36.98,"['2025DCR\n04678\n', 'SanteeCoastalReserve\nCharlestonCoSC\nEFLoPresti\n13December2025\nTriosacumTrap\n']","['2025DCR\n04678\n', 'CR\nCCC\n13D2025\n']","['2025C\n04678\n', 'C\n\nCCC\nP\n\n132025\n']",modelv1.0__2026-05-18 08:48:43
D:/moth_photos/database\batch_20\img_moth_00039395.jpg,"[4000, 6000]",36.88,"['2025DCR\n04677\n', 'EFL2026\n\nnoearmites\n', 'SanteeCoastalReserve\nCharlestonCoSC\nEFLoPresti\n13December2025\n']","['2025DCR\n04677\n', '2026\n', 'CR\nCCC\n13D2025\n']","['2025C\n04677\n', '2026\n', 'C\nCCC\nP\n132025\n']",modelv1.0__2026-05-18 08:48:43
D:/moth_photos/database\batch_20\img_moth_00039396.jpg,"[4000, 6000]",36.78,"['4025DCR\n04695\n', 'anteeCoastalF Resa\nCharlesipr\n\nCv yoress Trap\n']","['4025DCR\n04695\n', 'C R\nC\n\nC 0\n']","['4025PC\n04695\n', 'C\nCP\n\nC 0\n']",modelv1.0__2026-05-18 08:48:43
D:/moth_photos/database\batch_20\img_moth_00039397.jpg,"[4000, 6000]",37.0,"['2025DCR\n04697\n', 'SanteeCoastalReserve\nCharlestonCoSC\nEFLaPresti\n13December2025\nCvpressTrap\n\n']","['2025DCR\n04697\n', 'CR\nCCC\nC\n13D2025\nC\n\n']","['2025C\n04697\n', 'C\nCCC\nCP\n132025\nC\n\n']",modelv1.0__2026-05-18 08:48:43
D:/moth_photos/database\batch_20\img_moth_00039398.jpg,"[4000, 6000]",37.080000000000005,"['2025DCR\n04682\n', 'a\nSanteeCoastalReserve\nCharlestonCoSC\nEFLoPresti\n13December2025\nTriosacumTrap\n']","['2025DCR\n04682\n', 'CR\nCCC\n13D2025\n']","['2025C\n04682\n', 'C\nCCC\nP\n132025\n']",modelv1.0__2026-05-18 08:48:43
D:/moth_photos/database\batch_20\img_moth_00039399.jpg,"[4000, 6000]",36.98,"['2025DCR\n04699\n', 'SanteeCoastalReserve\nCharlestonCoSC\nEFLoPresti\n13December2025\nCvoressTrao\n']","['2025DCR\n04699\n', 'CR\nCCC\n13D2025\n\nC\n']","['2025C\n04699\n', 'C\nCCC\nP\n132025\nC\n']",modelv1.0__2026-05-18 08:48:43
D:/moth_photos/database\batch_20\img_moth_00039400.jpg,"[4000, 6000]",36.98,"['2025DCR\n04693\n', 'noearmites\n\nEFL2026\n', 'SanteeCoastalReserve\nCharlestonCoSC\nEFLoPresti\n13December2025\nCvoressTrap\n']","['2025DCR\n04693\n', '2026\n', 'CR\nCC0C\n13D2025\n\nC\n']","['2025C\n04693\n', '2026\n', 'C\nCC0C\nP\n132025\nC\n']",modelv1.0__2026-05-18 08:48:43
D:/moth_photos/database\batch_20\img_moth_00039401.jpg,"[4000, 6000]",36.76,"['2025DCR\n04698\n', 'SanteeCoastalReserve\nCharlestonCoSC\n\nEFLoPresti\n13December2025\n\nCvoressTrap\n']","['2025DCR\n04698\n', 'CR\nCCC\n13D2025\n\nC\n']","['2025C\n04698\n', 'C\nCCC\n\nP\n132025\n\nC\n']",modelv1.0__2026-05-18 08:48:43
D:/moth_photos/database\batch_20\img_moth_00039402.jpg,"[4000, 6000]",36.9,"['noearmites\n\nEFL2026\n', '2025DCR\n04667\n', 'SanteeCoastalReserve\nCharlestonCoSC\nEFLoPresti\n42December2025\nOH23Trap\n']","['2026\n', '2025DCR\n04667\n', 'CR\nCCC\n42D2025\n\n023\n']","['2026\n', '2025C\n04667\n', 'C\nCCC\nP\n422025\n023\n']",modelv1.0__2026-05-18 08:48:43
D:/moth_photos/database\batch_20\img_moth_00039403.jpg,"[4000, 6000]",36.98,"['noearmites\n\nEFL2026\n\n', '2025DCR\n04685\n\n', 'be\nSanteeCoastalReserve\nCharlestorCoSC\nEFLoPresti\n13December2025\nCvoressTrap\n']","['2026\n\n', '2025DCR\n04685\n\n', 'CR\nCCC\n13D2025\n\nC\n']","['2026\n\n', '2025C\n04685\n\n', 'C\nCCC\nP\n132025\nC\n']",modelv1.0__2026-05-18 08:48:43
D:/moth_photos/database\batch_20\img_moth_00039404.jpg,"[4000, 6000]",36.86,"['2025DCR\n04694\n', 'SanteeCoastalReserve\nCharlestonCoSC\nEFLoPresti\n13December2025\n\nCy RESS Trap\n']","['2025DCR\n04694\n', 'CR\nCCC\n13D2025\n\nC R\n']","['2025C\n04694\n', 'C\nCCC\nP\n132025\n\nC\n']",modelv1.0__2026-05-18 08:48:43
D:/moth_photos/database\batch_20\img_moth_00039405.jpg,"[4000, 6000]",36.98,"['noearmites\n\nEFL2026\n', '2025DCR\n04684\n', 'SanteeCoastalReserve\nCharlestonCoSC\nEFLoPresti\n']","['2026\n', '2025DCR\n04684\n', 'CR\nCCC\n']","['P2026\n', '2025C\n04684\n', 'C\nCCC\nP\n']",modelv1.0__2026-05-18 08:48:43
D:/moth_photos/database\batch_20\img_moth_00039406.jpg,"[4000, 6000]",36.96,"['2025DCR\n04696\n', 'SanteeCoastalReserve\nCharlestonCoSC\nEFLoPresti\n13December2025\n\na CvoressTrap\n']","['2025DCR\n04696\n', 'CR\nCCC\n13D2025\n\nC\n']","['2025PC\n04696\n', 'C\nCCC\nP\n132025\n\nC\n']",modelv1.0__2026-05-18 08:48:43
D:/moth_photos/database\batch_20\img_moth_00039407.jpg,"[4000, 6000]",37.14,"['2025DCR\n04691\n', 'noearmites\n\nEFL2026\n', 'SanteeCoastalReserve\nCharlestonCoSC\nEFLoPresti\n13December2025\nCvpressTrap\n']","['2025DCR\n04691\n', '2026\n', 'CR\nCCC\n13D2025\n\nC\n']","['2025C\n04691\n', '2026\n', 'C\nCCC\nP\n132025\nC\n']",modelv1.0__2026-05-18 08:48:43
D:/moth_photos/database\batch_20\img_moth_00039408.jpg,"[4000, 6000]",36.94,"['EU\n\nEFL2026\n', '2025DCR\n04692\n', 'SanteeCoastalReserve\nCharlestonCoSC\nEFLoPresti\n13December2025\nCvoressTrgo\n']","['2026\n', '2025DCR\n04692\n', 'CR\nCC0C\nR\n13D2025\nC\n']","['2026\n', '2025C\n04692\n', 'C\nCC0C\nP\n132025\nC\n']",modelv1.0__2026-05-18 08:48:43
D:/moth_photos/database\batch_20\img_moth_00039409.jpg,"[4000, 6000]",36.78,"['noearmites\n\nEFL2026\n', '2025DCR\n04686\n', 'SanteeCoastalReserve\nCharlestonCoSC\nEFLoPresti\n13December2025\nCvopressTrap\n']","['2026\n', '2025DCR\n04686\n', 'CR\nCCC\n13D2025\n\nC\n']","['2026\n', '2025PC\n04686\n', 'C\nCCC\nP\n132025\nC\n']",modelv1.0__2026-05-18 08:48:43
D:/moth_photos/database\batch_20\img_moth_00039410.jpg,"[4000, 6000]",37.059999999999995,"['2025PCR\n04671\n', 'SanteeCoastalReserve\nCharlestonCoSC\n\nEFLoPresti\n42December2025\n\nOH23Trap\n']","['2025DCR\n04671\n', 'CR\nCCC\n42D2025\n\n23\n']","['2025PC\n04671\n', 'C\nCCC\n\nP\n422025\n\n23\n']",modelv1.0__2026-05-18 08:48:43
D:/moth_photos/database\batch_20\img_moth_00039411.jpg,"[4000, 6000]",36.739999999999995,"['9025DCR\n04670\n', 'SanteeCoastaglReserve\nCharlestonCoSC\nEFLoPresti\n12December2025\nOH23Trap\n']","['9025DCR\n04670\n', 'CR\nCCC\n12D2025\n\n23\n']","['9025PC\n04670\n', 'CP\nCCC\nP\n122025\n23\n']",modelv1.0__2026-05-18 08:48:43
D:/moth_photos/database\batch_20\img_moth_00039412.jpg,"[4000, 6000]",36.739999999999995,"['2025DCR\n04683\n', 'Santee CoastalReserve\n\nCharleston Co\nEFLoPresti\n43December 2025\n\ncadcH1T\n']","['2025DCR\n04683\n', 'CR\n\nC C\nC\n43D 2025\n\n41\n']","['2025C\n04683\n', 'CP\n\nC C\nCP\n43 2025\n\n41\n']",modelv1.0__2026-05-18 08:48:43
D:/moth_photos/database\batch_20\img_moth_00039413.jpg,"[4000, 6000]",36.78,"['2025DCR\n04687\n', 'noearmites\n\nEFL2026\n', 'SanteeCoastalReserve\nCharlestonCoSC\nEFLoPresti\n13December2025\nCvpressTrap\n']","['2025DCR\n04687\n', '2026\n', 'CR\nCCC\n13D2025\n\nC\n']","['2025C\n04687\n', '2026\n', 'C\nCCC\nP\n132025\nC\n']",modelv1.0__2026-05-18 08:48:43
D:/moth_photos/database\batch_20\img_moth_00039414.jpg,"[4000, 6000]",37.04,"['noearmites\n\nEFL2026\n', '2025DCR\n04689\n', 'SanteeCoastalReserve\nCharlestonCoSC\nEFLoPresti\n13Decmber2025\nCvpressTrap\n']","['2026\n', '2025DCR\n04689\n', 'CR\nCCC\n13D2025\n\nC\n']","['2026\n', '2025C\n04689\n', 'C\nCCC\nP\n132025\nC\n']",modelv1.0__2026-05-18 08:48:43
D:/moth_photos/database\batch_20\img_moth_00039415.jpg,"[4000, 6000]",36.76,"['2025DCR\n04669\n', 'SanteeCoastalReserve\nCharlestonCoSC\nEFLoPresti\n12December2025\nOH23Trap\n']","['2025DCR\n04669\n', 'CR\nCCC\n12D2025\n\n23\n']","['2025PC\n04669\n', 'C\nCCC\nP\n122025\n23\n']",modelv1.0__2026-05-18 08:48:43
D:/moth_photos/database\batch_20\img_moth_00039416.jpg,"[4000, 6000]",37.0,"['EFL2026\n\nnoearmites\n', '2025DCR\n04651\n', 'SanteeCoastalReserve\nCharlestonCoSC\nEFLoPresti\n14Julv2025\nMazvckTrao\n\n']","['2026\n', '2025DCR\n04651\n', 'CR\nCCC\n142025\n\n']","['P2026\n', '2025PC\n04651\n', 'C\nCCC\nP\n142025\n\n']",modelv1.0__2026-05-18 08:48:43
