file_name,image_size,inference_info
D:\moth_photos\database\batch_09\img_moth_00016001.jpg,"[4000, 6000]",modelv1.0__2026-05-16 20:32:04
D:\moth_photos\database\batch_09\img_moth_00016002.jpg,"[4000, 6000]",modelv1.0__2026-05-16 20:32:04
D:\moth_photos\database\batch_09\img_moth_00016003.jpg,"[4000, 6000]",modelv1.0__2026-05-16 20:32:04
D:\moth_photos\database\batch_09\img_moth_00016004.jpg,"[4000, 6000]",modelv1.0__2026-05-16 20:32:04
D:\moth_photos\database\batch_09\img_moth_00016005.jpg,"[4000, 6000]",modelv1.0__2026-05-16 20:32:04
D:\moth_photos\database\batch_09\img_moth_00016006.jpg,"[4000, 6000]",modelv1.0__2026-05-16 20:32:04
D:\moth_photos\database\batch_09\img_moth_00016007.jpg,"[4000, 6000]",modelv1.0__2026-05-16 20:32:04
D:\moth_photos\database\batch_09\img_moth_00016008.jpg,"[4000, 6000]",modelv1.0__2026-05-16 20:32:04
D:\moth_photos\database\batch_09\img_moth_00016009.jpg,"[4000, 6000]",modelv1.0__2026-05-16 20:32:04
D:\moth_photos\database\batch_09\img_moth_00016010.jpg,"[4000, 6000]",modelv1.0__2026-05-16 20:32:04
D:\moth_photos\database\batch_09\img_moth_00016011.jpg,"[4000, 6000]",modelv1.0__2026-05-16 20:32:04
D:\moth_photos\database\batch_09\img_moth_00016012.jpg,"[4000, 6000]",modelv1.0__2026-05-16 20:32:04
D:\moth_photos\database\batch_09\img_moth_00016013.jpg,"[4000, 6000]",modelv1.0__2026-05-16 20:32:04
D:\moth_photos\database\batch_09\img_moth_00016014.jpg,"[4000, 6000]",modelv1.0__2026-05-16 20:32:04
D:\moth_photos\database\batch_09\img_moth_00016015.jpg,"[4000, 6000]",modelv1.0__2026-05-16 20:32:04
D:\moth_photos\database\batch_09\img_moth_00016016.jpg,"[4000, 6000]",modelv1.0__2026-05-16 20:32:04
D:\moth_photos\database\batch_09\img_moth_00016017.jpg,"[4000, 6000]",modelv1.0__2026-05-16 20:32:04
D:\moth_photos\database\batch_09\img_moth_00016018.jpg,"[4000, 6000]",modelv1.0__2026-05-16 20:32:04
D:\moth_photos\database\batch_09\img_moth_00016019.jpg,"[4000, 6000]",modelv1.0__2026-05-16 20:32:04
D:\moth_photos\database\batch_09\img_moth_00016020.jpg,"[4000, 6000]",modelv1.0__2026-05-16 20:32:04
D:\moth_photos\database\batch_09\img_moth_00016021.jpg,"[4000, 6000]",modelv1.0__2026-05-16 20:32:04
D:\moth_photos\database\batch_09\img_moth_00016022.jpg,"[4000, 6000]",modelv1.0__2026-05-16 20:32:04
D:\moth_photos\database\batch_09\img_moth_00016023.jpg,"[4000, 6000]",modelv1.0__2026-05-16 20:32:04
D:\moth_photos\database\batch_09\img_moth_00016024.jpg,"[4000, 6000]",modelv1.0__2026-05-16 20:32:04
D:\moth_photos\database\batch_09\img_moth_00016025.jpg,"[4000, 6000]",modelv1.0__2026-05-16 20:32:04
D:\moth_photos\database\batch_09\img_moth_00016026.jpg,"[4000, 6000]",modelv1.0__2026-05-16 20:32:04
D:\moth_photos\database\batch_09\img_moth_00016027.jpg,"[4000, 6000]",modelv1.0__2026-05-16 20:32:04
D:\moth_photos\database\batch_09\img_moth_00016028.jpg,"[4000, 6000]",modelv1.0__2026-05-16 20:32:04
D:\moth_photos\database\batch_09\img_moth_00016029.jpg,"[4000, 6000]",modelv1.0__2026-05-16 20:32:04
D:\moth_photos\database\batch_09\img_moth_00016030.jpg,"[4000, 6000]",modelv1.0__2026-05-16 20:32:04
D:\moth_photos\database\batch_09\img_moth_00016031.jpg,"[4000, 6000]",modelv1.0__2026-05-16 20:32:04
D:\moth_photos\database\batch_09\img_moth_00016032.jpg,"[4000, 6000]",modelv1.0__2026-05-16 20:32:04
D:\moth_photos\database\batch_09\img_moth_00016033.jpg,"[4000, 6000]",modelv1.0__2026-05-16 20:32:04
D:\moth_photos\database\batch_09\img_moth_00016034.jpg,"[4000, 6000]",modelv1.0__2026-05-16 20:32:04
D:\moth_photos\database\batch_09\img_moth_00016035.jpg,"[4000, 6000]",modelv1.0__2026-05-16 20:32:04
D:\moth_photos\database\batch_09\img_moth_00016036.jpg,"[4000, 6000]",modelv1.0__2026-05-16 20:32:04
D:\moth_photos\database\batch_09\img_moth_00016037.jpg,"[4000, 6000]",modelv1.0__2026-05-16 20:32:04
D:\moth_photos\database\batch_09\img_moth_00016038.jpg,"[4000, 6000]",modelv1.0__2026-05-16 20:32:04
D:\moth_photos\database\batch_09\img_moth_00016039.jpg,"[4000, 6000]",modelv1.0__2026-05-16 20:32:04
D:\moth_photos\database\batch_09\img_moth_00016040.jpg,"[4000, 6000]",modelv1.0__2026-05-16 20:32:04
D:\moth_photos\database\batch_09\img_moth_00016041.jpg,"[4000, 6000]",modelv1.0__2026-05-16 20:32:04
D:\moth_photos\database\batch_09\img_moth_00016042.jpg,"[4000, 6000]",modelv1.0__2026-05-16 20:32:04
D:\moth_photos\database\batch_09\img_moth_00016043.jpg,"[4000, 6000]",modelv1.0__2026-05-16 20:32:04
D:\moth_photos\database\batch_09\img_moth_00016044.jpg,"[4000, 6000]",modelv1.0__2026-05-16 20:32:04
D:\moth_photos\database\batch_09\img_moth_00016045.jpg,"[4000, 6000]",modelv1.0__2026-05-16 20:32:04
D:\moth_photos\database\batch_09\img_moth_00016046.jpg,"[4000, 6000]",modelv1.0__2026-05-16 20:32:04
D:\moth_photos\database\batch_09\img_moth_00016047.jpg,"[4000, 6000]",modelv1.0__2026-05-16 20:32:04
D:\moth_photos\database\batch_09\img_moth_00016048.jpg,"[4000, 6000]",modelv1.0__2026-05-16 20:32:04
D:\moth_photos\database\batch_09\img_moth_00016049.jpg,"[4000, 6000]",modelv1.0__2026-05-16 20:32:04
D:\moth_photos\database\batch_09\img_moth_00016050.jpg,"[4000, 6000]",modelv1.0__2026-05-16 20:32:04
D:\moth_photos\database\batch_09\img_moth_00016051.jpg,"[4000, 6000]",modelv1.0__2026-05-16 20:32:04
D:\moth_photos\database\batch_09\img_moth_00016052.jpg,"[4000, 6000]",modelv1.0__2026-05-16 20:32:04
D:\moth_photos\database\batch_09\img_moth_00016053.jpg,"[4000, 6000]",modelv1.0__2026-05-16 20:32:04
D:\moth_photos\database\batch_09\img_moth_00016054.jpg,"[4000, 6000]",modelv1.0__2026-05-16 20:32:04
D:\moth_photos\database\batch_09\img_moth_00016055.jpg,"[4000, 6000]",modelv1.0__2026-05-16 20:32:04
D:\moth_photos\database\batch_09\img_moth_00016056.jpg,"[4000, 6000]",modelv1.0__2026-05-16 20:32:04
D:\moth_photos\database\batch_09\img_moth_00016057.jpg,"[4000, 6000]",modelv1.0__2026-05-16 20:32:04
D:\moth_photos\database\batch_09\img_moth_00016058.jpg,"[4000, 6000]",modelv1.0__2026-05-16 20:32:04
D:\moth_photos\database\batch_09\img_moth_00016059.jpg,"[4000, 6000]",modelv1.0__2026-05-16 20:32:04
D:\moth_photos\database\batch_09\img_moth_00016060.jpg,"[4000, 6000]",modelv1.0__2026-05-16 20:32:04
D:\moth_photos\database\batch_09\img_moth_00016061.jpg,"[4000, 6000]",modelv1.0__2026-05-16 20:32:04
D:\moth_photos\database\batch_09\img_moth_00016062.jpg,"[4000, 6000]",modelv1.0__2026-05-16 20:32:04
D:\moth_photos\database\batch_09\img_moth_00016063.jpg,"[4000, 6000]",modelv1.0__2026-05-16 20:32:04
D:\moth_photos\database\batch_09\img_moth_00016064.jpg,"[4000, 6000]",modelv1.0__2026-05-16 20:32:04
D:\moth_photos\database\batch_09\img_moth_00016065.jpg,"[4000, 6000]",modelv1.0__2026-05-16 20:32:04
D:\moth_photos\database\batch_09\img_moth_00016066.jpg,"[4000, 6000]",modelv1.0__2026-05-16 20:32:04
D:\moth_photos\database\batch_09\img_moth_00016067.jpg,"[4000, 6000]",modelv1.0__2026-05-16 20:32:04
D:\moth_photos\database\batch_09\img_moth_00016068.jpg,"[4000, 6000]",modelv1.0__2026-05-16 20:32:04
D:\moth_photos\database\batch_09\img_moth_00016069.jpg,"[4000, 6000]",modelv1.0__2026-05-16 20:32:04
D:\moth_photos\database\batch_09\img_moth_00016070.jpg,"[4000, 6000]",modelv1.0__2026-05-16 20:32:04
D:\moth_photos\database\batch_09\img_moth_00016071.jpg,"[4000, 6000]",modelv1.0__2026-05-16 20:32:04
D:\moth_photos\database\batch_09\img_moth_00016072.jpg,"[4000, 6000]",modelv1.0__2026-05-16 20:32:04
D:\moth_photos\database\batch_09\img_moth_00016073.jpg,"[4000, 6000]",modelv1.0__2026-05-16 20:32:04
D:\moth_photos\database\batch_09\img_moth_00016074.jpg,"[4000, 6000]",modelv1.0__2026-05-16 20:32:04
D:\moth_photos\database\batch_09\img_moth_00016075.jpg,"[4000, 6000]",modelv1.0__2026-05-16 20:32:04
D:\moth_photos\database\batch_09\img_moth_00016076.jpg,"[4000, 6000]",modelv1.0__2026-05-16 20:32:04
D:\moth_photos\database\batch_09\img_moth_00016077.jpg,"[4000, 6000]",modelv1.0__2026-05-16 20:32:04
D:\moth_photos\database\batch_09\img_moth_00016078.jpg,"[4000, 6000]",modelv1.0__2026-05-16 20:32:04
D:\moth_photos\database\batch_09\img_moth_00016079.jpg,"[4000, 6000]",modelv1.0__2026-05-16 20:32:04
D:\moth_photos\database\batch_09\img_moth_00016080.jpg,"[4000, 6000]",modelv1.0__2026-05-16 20:32:04
D:\moth_photos\database\batch_09\img_moth_00016081.jpg,"[4000, 6000]",modelv1.0__2026-05-16 20:32:04
D:\moth_photos\database\batch_09\img_moth_00016082.jpg,"[4000, 6000]",modelv1.0__2026-05-16 20:32:04
D:\moth_photos\database\batch_09\img_moth_00016083.jpg,"[4000, 6000]",modelv1.0__2026-05-16 20:32:04
D:\moth_photos\database\batch_09\img_moth_00016084.jpg,"[4000, 6000]",modelv1.0__2026-05-16 20:32:04
D:\moth_photos\database\batch_09\img_moth_00016085.jpg,"[4000, 6000]",modelv1.0__2026-05-16 20:32:04
D:\moth_photos\database\batch_09\img_moth_00016086.jpg,"[4000, 6000]",modelv1.0__2026-05-16 20:32:04
D:\moth_photos\database\batch_09\img_moth_00016087.jpg,"[4000, 6000]",modelv1.0__2026-05-16 20:32:04
D:\moth_photos\database\batch_09\img_moth_00016088.jpg,"[4000, 6000]",modelv1.0__2026-05-16 20:32:04
D:\moth_photos\database\batch_09\img_moth_00016089.jpg,"[4000, 6000]",modelv1.0__2026-05-16 20:32:04
D:\moth_photos\database\batch_09\img_moth_00016090.jpg,"[4000, 6000]",modelv1.0__2026-05-16 20:32:04
D:\moth_photos\database\batch_09\img_moth_00016091.jpg,"[4000, 6000]",modelv1.0__2026-05-16 20:32:04
D:\moth_photos\database\batch_09\img_moth_00016092.jpg,"[4000, 6000]",modelv1.0__2026-05-16 20:32:04
D:\moth_photos\database\batch_09\img_moth_00016093.jpg,"[4000, 6000]",modelv1.0__2026-05-16 20:32:04
D:\moth_photos\database\batch_09\img_moth_00016094.jpg,"[4000, 6000]",modelv1.0__2026-05-16 20:32:04
D:\moth_photos\database\batch_09\img_moth_00016095.jpg,"[4000, 6000]",modelv1.0__2026-05-16 20:32:04
D:\moth_photos\database\batch_09\img_moth_00016096.jpg,"[4000, 6000]",modelv1.0__2026-05-16 20:32:04
D:\moth_photos\database\batch_09\img_moth_00016097.jpg,"[4000, 6000]",modelv1.0__2026-05-16 20:32:04
D:\moth_photos\database\batch_09\img_moth_00016098.jpg,"[4000, 6000]",modelv1.0__2026-05-16 20:32:04
D:\moth_photos\database\batch_09\img_moth_00016099.jpg,"[4000, 6000]",modelv1.0__2026-05-16 20:32:04
D:\moth_photos\database\batch_09\img_moth_00016100.jpg,"[4000, 6000]",modelv1.0__2026-05-16 20:32:04
D:\moth_photos\database\batch_09\img_moth_00016101.jpg,"[4000, 6000]",modelv1.0__2026-05-16 20:32:04
D:\moth_photos\database\batch_09\img_moth_00016102.jpg,"[4000, 6000]",modelv1.0__2026-05-16 20:32:04
D:\moth_photos\database\batch_09\img_moth_00016103.jpg,"[4000, 6000]",modelv1.0__2026-05-16 20:32:04
D:\moth_photos\database\batch_09\img_moth_00016104.jpg,"[4000, 6000]",modelv1.0__2026-05-16 20:32:04
D:\moth_photos\database\batch_09\img_moth_00016105.jpg,"[4000, 6000]",modelv1.0__2026-05-16 20:32:04
D:\moth_photos\database\batch_09\img_moth_00016106.jpg,"[4000, 6000]",modelv1.0__2026-05-16 20:32:04
D:\moth_photos\database\batch_09\img_moth_00016107.jpg,"[4000, 6000]",modelv1.0__2026-05-16 20:32:04
D:\moth_photos\database\batch_09\img_moth_00016108.jpg,"[4000, 6000]",modelv1.0__2026-05-16 20:32:04
D:\moth_photos\database\batch_09\img_moth_00016109.jpg,"[4000, 6000]",modelv1.0__2026-05-16 20:32:04
D:\moth_photos\database\batch_09\img_moth_00016110.jpg,"[4000, 6000]",modelv1.0__2026-05-16 20:32:04
D:\moth_photos\database\batch_09\img_moth_00016111.jpg,"[4000, 6000]",modelv1.0__2026-05-16 20:32:04
D:\moth_photos\database\batch_09\img_moth_00016112.jpg,"[4000, 6000]",modelv1.0__2026-05-16 20:32:04
D:\moth_photos\database\batch_09\img_moth_00016113.jpg,"[4000, 6000]",modelv1.0__2026-05-16 20:32:04
D:\moth_photos\database\batch_09\img_moth_00016114.jpg,"[4000, 6000]",modelv1.0__2026-05-16 20:32:04
D:\moth_photos\database\batch_09\img_moth_00016115.jpg,"[4000, 6000]",modelv1.0__2026-05-16 20:32:04
D:\moth_photos\database\batch_09\img_moth_00016116.jpg,"[4000, 6000]",modelv1.0__2026-05-16 20:32:04
D:\moth_photos\database\batch_09\img_moth_00016117.jpg,"[4000, 6000]",modelv1.0__2026-05-16 20:32:04
D:\moth_photos\database\batch_09\img_moth_00016118.jpg,"[4000, 6000]",modelv1.0__2026-05-16 20:32:04
D:\moth_photos\database\batch_09\img_moth_00016119.jpg,"[4000, 6000]",modelv1.0__2026-05-16 20:32:04
D:\moth_photos\database\batch_09\img_moth_00016120.jpg,"[4000, 6000]",modelv1.0__2026-05-16 20:32:04
D:\moth_photos\database\batch_09\img_moth_00016121.jpg,"[4000, 6000]",modelv1.0__2026-05-16 20:32:04
D:\moth_photos\database\batch_09\img_moth_00016122.jpg,"[4000, 6000]",modelv1.0__2026-05-16 20:32:04
D:\moth_photos\database\batch_09\img_moth_00016123.jpg,"[4000, 6000]",modelv1.0__2026-05-16 20:32:04
D:\moth_photos\database\batch_09\img_moth_00016124.jpg,"[4000, 6000]",modelv1.0__2026-05-16 20:32:04
D:\moth_photos\database\batch_09\img_moth_00016125.jpg,"[4000, 6000]",modelv1.0__2026-05-16 20:32:04
D:\moth_photos\database\batch_09\img_moth_00016126.jpg,"[4000, 6000]",modelv1.0__2026-05-16 20:32:04
D:\moth_photos\database\batch_09\img_moth_00016127.jpg,"[4000, 6000]",modelv1.0__2026-05-16 20:32:04
D:\moth_photos\database\batch_09\img_moth_00016128.jpg,"[4000, 6000]",modelv1.0__2026-05-16 20:32:04
D:\moth_photos\database\batch_09\img_moth_00016129.jpg,"[4000, 6000]",modelv1.0__2026-05-16 20:32:04
D:\moth_photos\database\batch_09\img_moth_00016130.jpg,"[4000, 6000]",modelv1.0__2026-05-16 20:32:04
D:\moth_photos\database\batch_09\img_moth_00016131.jpg,"[4000, 6000]",modelv1.0__2026-05-16 20:32:04
D:\moth_photos\database\batch_09\img_moth_00016132.jpg,"[4000, 6000]",modelv1.0__2026-05-16 20:32:04
D:\moth_photos\database\batch_09\img_moth_00016133.jpg,"[4000, 6000]",modelv1.0__2026-05-16 20:32:04
D:\moth_photos\database\batch_09\img_moth_00016134.jpg,"[4000, 6000]",modelv1.0__2026-05-16 20:32:04
D:\moth_photos\database\batch_09\img_moth_00016135.jpg,"[4000, 6000]",modelv1.0__2026-05-16 20:32:04
D:\moth_photos\database\batch_09\img_moth_00016136.jpg,"[4000, 6000]",modelv1.0__2026-05-16 20:32:04
D:\moth_photos\database\batch_09\img_moth_00016137.jpg,"[4000, 6000]",modelv1.0__2026-05-16 20:32:04
D:\moth_photos\database\batch_09\img_moth_00016138.jpg,"[4000, 6000]",modelv1.0__2026-05-16 20:32:04
D:\moth_photos\database\batch_09\img_moth_00016139.jpg,"[4000, 6000]",modelv1.0__2026-05-16 20:32:04
D:\moth_photos\database\batch_09\img_moth_00016140.jpg,"[4000, 6000]",modelv1.0__2026-05-16 20:32:04
D:\moth_photos\database\batch_09\img_moth_00016141.jpg,"[4000, 6000]",modelv1.0__2026-05-16 20:32:04
D:\moth_photos\database\batch_09\img_moth_00016142.jpg,"[4000, 6000]",modelv1.0__2026-05-16 20:32:04
D:\moth_photos\database\batch_09\img_moth_00016143.jpg,"[4000, 6000]",modelv1.0__2026-05-16 20:32:04
D:\moth_photos\database\batch_09\img_moth_00016144.jpg,"[4000, 6000]",modelv1.0__2026-05-16 20:32:04
D:\moth_photos\database\batch_09\img_moth_00016145.jpg,"[4000, 6000]",modelv1.0__2026-05-16 20:32:04
D:\moth_photos\database\batch_09\img_moth_00016146.jpg,"[4000, 6000]",modelv1.0__2026-05-16 20:32:04
D:\moth_photos\database\batch_09\img_moth_00016147.jpg,"[4000, 6000]",modelv1.0__2026-05-16 20:32:04
D:\moth_photos\database\batch_09\img_moth_00016148.jpg,"[4000, 6000]",modelv1.0__2026-05-16 20:32:04
D:\moth_photos\database\batch_09\img_moth_00016149.jpg,"[4000, 6000]",modelv1.0__2026-05-16 20:32:04
D:\moth_photos\database\batch_09\img_moth_00016150.jpg,"[4000, 6000]",modelv1.0__2026-05-16 20:32:04
D:\moth_photos\database\batch_09\img_moth_00016151.jpg,"[4000, 6000]",modelv1.0__2026-05-16 20:32:04
D:\moth_photos\database\batch_09\img_moth_00016152.jpg,"[4000, 6000]",modelv1.0__2026-05-16 20:32:04
D:\moth_photos\database\batch_09\img_moth_00016153.jpg,"[4000, 6000]",modelv1.0__2026-05-16 20:32:04
D:\moth_photos\database\batch_09\img_moth_00016154.jpg,"[4000, 6000]",modelv1.0__2026-05-16 20:32:04
D:\moth_photos\database\batch_09\img_moth_00016155.jpg,"[4000, 6000]",modelv1.0__2026-05-16 20:32:04
D:\moth_photos\database\batch_09\img_moth_00016156.jpg,"[4000, 6000]",modelv1.0__2026-05-16 20:32:04
D:\moth_photos\database\batch_09\img_moth_00016157.jpg,"[4000, 6000]",modelv1.0__2026-05-16 20:32:04
D:\moth_photos\database\batch_09\img_moth_00016158.jpg,"[4000, 6000]",modelv1.0__2026-05-16 20:32:04
D:\moth_photos\database\batch_09\img_moth_00016159.jpg,"[4000, 6000]",modelv1.0__2026-05-16 20:32:04
D:\moth_photos\database\batch_09\img_moth_00016160.jpg,"[4000, 6000]",modelv1.0__2026-05-16 20:32:04
D:\moth_photos\database\batch_09\img_moth_00016161.jpg,"[4000, 6000]",modelv1.0__2026-05-16 20:32:04
D:\moth_photos\database\batch_09\img_moth_00016162.jpg,"[4000, 6000]",modelv1.0__2026-05-16 20:32:04
D:\moth_photos\database\batch_09\img_moth_00016163.jpg,"[4000, 6000]",modelv1.0__2026-05-16 20:32:04
D:\moth_photos\database\batch_09\img_moth_00016164.jpg,"[4000, 6000]",modelv1.0__2026-05-16 20:32:04
D:\moth_photos\database\batch_09\img_moth_00016165.jpg,"[4000, 6000]",modelv1.0__2026-05-16 20:32:04
D:\moth_photos\database\batch_09\img_moth_00016166.jpg,"[4000, 6000]",modelv1.0__2026-05-16 20:32:04
D:\moth_photos\database\batch_09\img_moth_00016167.jpg,"[4000, 6000]",modelv1.0__2026-05-16 20:32:04
D:\moth_photos\database\batch_09\img_moth_00016168.jpg,"[4000, 6000]",modelv1.0__2026-05-16 20:32:04
D:\moth_photos\database\batch_09\img_moth_00016169.jpg,"[4000, 6000]",modelv1.0__2026-05-16 20:32:04
D:\moth_photos\database\batch_09\img_moth_00016170.jpg,"[4000, 6000]",modelv1.0__2026-05-16 20:32:04
D:\moth_photos\database\batch_09\img_moth_00016171.jpg,"[4000, 6000]",modelv1.0__2026-05-16 20:32:04
D:\moth_photos\database\batch_09\img_moth_00016172.jpg,"[4000, 6000]",modelv1.0__2026-05-16 20:32:04
D:\moth_photos\database\batch_09\img_moth_00016173.jpg,"[4000, 6000]",modelv1.0__2026-05-16 20:32:04
D:\moth_photos\database\batch_09\img_moth_00016174.jpg,"[4000, 6000]",modelv1.0__2026-05-16 20:32:04
D:\moth_photos\database\batch_09\img_moth_00016175.jpg,"[4000, 6000]",modelv1.0__2026-05-16 20:32:04
D:\moth_photos\database\batch_09\img_moth_00016176.jpg,"[4000, 6000]",modelv1.0__2026-05-16 20:32:04
D:\moth_photos\database\batch_09\img_moth_00016177.jpg,"[4000, 6000]",modelv1.0__2026-05-16 20:32:04
D:\moth_photos\database\batch_09\img_moth_00016178.jpg,"[4000, 6000]",modelv1.0__2026-05-16 20:32:04
D:\moth_photos\database\batch_09\img_moth_00016179.jpg,"[4000, 6000]",modelv1.0__2026-05-16 20:32:04
D:\moth_photos\database\batch_09\img_moth_00016180.jpg,"[4000, 6000]",modelv1.0__2026-05-16 20:32:04
D:\moth_photos\database\batch_09\img_moth_00016181.jpg,"[4000, 6000]",modelv1.0__2026-05-16 20:32:04
D:\moth_photos\database\batch_09\img_moth_00016182.jpg,"[4000, 6000]",modelv1.0__2026-05-16 20:32:04
D:\moth_photos\database\batch_09\img_moth_00016183.jpg,"[4000, 6000]",modelv1.0__2026-05-16 20:32:04
D:\moth_photos\database\batch_09\img_moth_00016184.jpg,"[4000, 6000]",modelv1.0__2026-05-16 20:32:04
D:\moth_photos\database\batch_09\img_moth_00016185.jpg,"[4000, 6000]",modelv1.0__2026-05-16 20:32:04
D:\moth_photos\database\batch_09\img_moth_00016186.jpg,"[4000, 6000]",modelv1.0__2026-05-16 20:32:04
D:\moth_photos\database\batch_09\img_moth_00016187.jpg,"[4000, 6000]",modelv1.0__2026-05-16 20:32:04
D:\moth_photos\database\batch_09\img_moth_00016188.jpg,"[4000, 6000]",modelv1.0__2026-05-16 20:32:04
D:\moth_photos\database\batch_09\img_moth_00016189.jpg,"[4000, 6000]",modelv1.0__2026-05-16 20:32:04
D:\moth_photos\database\batch_09\img_moth_00016190.jpg,"[4000, 6000]",modelv1.0__2026-05-16 20:32:04
D:\moth_photos\database\batch_09\img_moth_00016191.jpg,"[4000, 6000]",modelv1.0__2026-05-16 20:32:04
D:\moth_photos\database\batch_09\img_moth_00016192.jpg,"[4000, 6000]",modelv1.0__2026-05-16 20:32:04
D:\moth_photos\database\batch_09\img_moth_00016193.jpg,"[4000, 6000]",modelv1.0__2026-05-16 20:32:04
D:\moth_photos\database\batch_09\img_moth_00016194.jpg,"[4000, 6000]",modelv1.0__2026-05-16 20:32:04
D:\moth_photos\database\batch_09\img_moth_00016195.jpg,"[4000, 6000]",modelv1.0__2026-05-16 20:32:04
D:\moth_photos\database\batch_09\img_moth_00016196.jpg,"[4000, 6000]",modelv1.0__2026-05-16 20:32:04
D:\moth_photos\database\batch_09\img_moth_00016197.jpg,"[4000, 6000]",modelv1.0__2026-05-16 20:32:04
D:\moth_photos\database\batch_09\img_moth_00016198.jpg,"[4000, 6000]",modelv1.0__2026-05-16 20:32:04
D:\moth_photos\database\batch_09\img_moth_00016199.jpg,"[4000, 6000]",modelv1.0__2026-05-16 20:32:04
D:\moth_photos\database\batch_09\img_moth_00016200.jpg,"[4000, 6000]",modelv1.0__2026-05-16 20:32:04
D:\moth_photos\database\batch_09\img_moth_00016201.jpg,"[4000, 6000]",modelv1.0__2026-05-16 20:32:04
D:\moth_photos\database\batch_09\img_moth_00016202.jpg,"[4000, 6000]",modelv1.0__2026-05-16 20:32:04
D:\moth_photos\database\batch_09\img_moth_00016203.jpg,"[4000, 6000]",modelv1.0__2026-05-16 20:32:04
D:\moth_photos\database\batch_09\img_moth_00016204.jpg,"[4000, 6000]",modelv1.0__2026-05-16 20:32:04
D:\moth_photos\database\batch_09\img_moth_00016205.jpg,"[4000, 6000]",modelv1.0__2026-05-16 20:32:04
D:\moth_photos\database\batch_09\img_moth_00016206.jpg,"[4000, 6000]",modelv1.0__2026-05-16 20:32:04
D:\moth_photos\database\batch_09\img_moth_00016207.jpg,"[4000, 6000]",modelv1.0__2026-05-16 20:32:04
D:\moth_photos\database\batch_09\img_moth_00016208.jpg,"[4000, 6000]",modelv1.0__2026-05-16 20:32:04
D:\moth_photos\database\batch_09\img_moth_00016209.jpg,"[4000, 6000]",modelv1.0__2026-05-16 20:32:04
D:\moth_photos\database\batch_09\img_moth_00016210.jpg,"[4000, 6000]",modelv1.0__2026-05-16 20:32:04
D:\moth_photos\database\batch_09\img_moth_00016211.jpg,"[4000, 6000]",modelv1.0__2026-05-16 20:32:04
D:\moth_photos\database\batch_09\img_moth_00016212.jpg,"[4000, 6000]",modelv1.0__2026-05-16 20:32:04
D:\moth_photos\database\batch_09\img_moth_00016213.jpg,"[4000, 6000]",modelv1.0__2026-05-16 20:32:04
D:\moth_photos\database\batch_09\img_moth_00016214.jpg,"[4000, 6000]",modelv1.0__2026-05-16 20:32:04
D:\moth_photos\database\batch_09\img_moth_00016215.jpg,"[4000, 6000]",modelv1.0__2026-05-16 20:32:04
D:\moth_photos\database\batch_09\img_moth_00016216.jpg,"[4000, 6000]",modelv1.0__2026-05-16 20:32:04
D:\moth_photos\database\batch_09\img_moth_00016217.jpg,"[4000, 6000]",modelv1.0__2026-05-16 20:32:04
D:\moth_photos\database\batch_09\img_moth_00016218.jpg,"[4000, 6000]",modelv1.0__2026-05-16 20:32:04
D:\moth_photos\database\batch_09\img_moth_00016219.jpg,"[4000, 6000]",modelv1.0__2026-05-16 20:32:04
D:\moth_photos\database\batch_09\img_moth_00016220.jpg,"[4000, 6000]",modelv1.0__2026-05-16 20:32:04
D:\moth_photos\database\batch_09\img_moth_00016221.jpg,"[4000, 6000]",modelv1.0__2026-05-16 20:32:04
D:\moth_photos\database\batch_09\img_moth_00016222.jpg,"[4000, 6000]",modelv1.0__2026-05-16 20:32:04
D:\moth_photos\database\batch_09\img_moth_00016223.jpg,"[4000, 6000]",modelv1.0__2026-05-16 20:32:04
D:\moth_photos\database\batch_09\img_moth_00016224.jpg,"[4000, 6000]",modelv1.0__2026-05-16 20:32:04
D:\moth_photos\database\batch_09\img_moth_00016225.jpg,"[4000, 6000]",modelv1.0__2026-05-16 20:32:04
D:\moth_photos\database\batch_09\img_moth_00016226.jpg,"[4000, 6000]",modelv1.0__2026-05-16 20:32:04
D:\moth_photos\database\batch_09\img_moth_00016227.jpg,"[4000, 6000]",modelv1.0__2026-05-16 20:32:04
D:\moth_photos\database\batch_09\img_moth_00016228.jpg,"[4000, 6000]",modelv1.0__2026-05-16 20:32:04
D:\moth_photos\database\batch_09\img_moth_00016229.jpg,"[4000, 6000]",modelv1.0__2026-05-16 20:32:04
D:\moth_photos\database\batch_09\img_moth_00016230.jpg,"[4000, 6000]",modelv1.0__2026-05-16 20:32:04
D:\moth_photos\database\batch_09\img_moth_00016231.jpg,"[4000, 6000]",modelv1.0__2026-05-16 20:32:04
D:\moth_photos\database\batch_09\img_moth_00016232.jpg,"[4000, 6000]",modelv1.0__2026-05-16 20:32:04
D:\moth_photos\database\batch_09\img_moth_00016233.jpg,"[4000, 6000]",modelv1.0__2026-05-16 20:32:04
D:\moth_photos\database\batch_09\img_moth_00016234.jpg,"[4000, 6000]",modelv1.0__2026-05-16 20:32:04
D:\moth_photos\database\batch_09\img_moth_00016235.jpg,"[4000, 6000]",modelv1.0__2026-05-16 20:32:04
D:\moth_photos\database\batch_09\img_moth_00016236.jpg,"[4000, 6000]",modelv1.0__2026-05-16 20:32:04
D:\moth_photos\database\batch_09\img_moth_00016237.jpg,"[4000, 6000]",modelv1.0__2026-05-16 20:32:04
D:\moth_photos\database\batch_09\img_moth_00016238.jpg,"[4000, 6000]",modelv1.0__2026-05-16 20:32:04
D:\moth_photos\database\batch_09\img_moth_00016239.jpg,"[4000, 6000]",modelv1.0__2026-05-16 20:32:04
D:\moth_photos\database\batch_09\img_moth_00016240.jpg,"[4000, 6000]",modelv1.0__2026-05-16 20:32:04
D:\moth_photos\database\batch_09\img_moth_00016241.jpg,"[4000, 6000]",modelv1.0__2026-05-16 20:32:04
D:\moth_photos\database\batch_09\img_moth_00016242.jpg,"[4000, 6000]",modelv1.0__2026-05-16 20:32:04
D:\moth_photos\database\batch_09\img_moth_00016243.jpg,"[4000, 6000]",modelv1.0__2026-05-16 20:32:04
D:\moth_photos\database\batch_09\img_moth_00016244.jpg,"[4000, 6000]",modelv1.0__2026-05-16 20:32:04
D:\moth_photos\database\batch_09\img_moth_00016245.jpg,"[4000, 6000]",modelv1.0__2026-05-16 20:32:04
D:\moth_photos\database\batch_09\img_moth_00016246.jpg,"[4000, 6000]",modelv1.0__2026-05-16 20:32:04
D:\moth_photos\database\batch_09\img_moth_00016247.jpg,"[4000, 6000]",modelv1.0__2026-05-16 20:32:04
D:\moth_photos\database\batch_09\img_moth_00016248.jpg,"[4000, 6000]",modelv1.0__2026-05-16 20:32:04
D:\moth_photos\database\batch_09\img_moth_00016249.jpg,"[4000, 6000]",modelv1.0__2026-05-16 20:32:04
D:\moth_photos\database\batch_09\img_moth_00016250.jpg,"[4000, 6000]",modelv1.0__2026-05-16 20:32:04
D:\moth_photos\database\batch_09\img_moth_00016251.jpg,"[4000, 6000]",modelv1.0__2026-05-16 20:32:04
D:\moth_photos\database\batch_09\img_moth_00016252.jpg,"[4000, 6000]",modelv1.0__2026-05-16 20:32:04
D:\moth_photos\database\batch_09\img_moth_00016253.jpg,"[4000, 6000]",modelv1.0__2026-05-16 20:32:04
D:\moth_photos\database\batch_09\img_moth_00016254.jpg,"[4000, 6000]",modelv1.0__2026-05-16 20:32:04
D:\moth_photos\database\batch_09\img_moth_00016255.jpg,"[4000, 6000]",modelv1.0__2026-05-16 20:32:04
D:\moth_photos\database\batch_09\img_moth_00016256.jpg,"[4000, 6000]",modelv1.0__2026-05-16 20:32:04
D:\moth_photos\database\batch_09\img_moth_00016257.jpg,"[4000, 6000]",modelv1.0__2026-05-16 20:32:04
D:\moth_photos\database\batch_09\img_moth_00016258.jpg,"[4000, 6000]",modelv1.0__2026-05-16 20:32:04
D:\moth_photos\database\batch_09\img_moth_00016259.jpg,"[4000, 6000]",modelv1.0__2026-05-16 20:32:04
D:\moth_photos\database\batch_09\img_moth_00016260.jpg,"[4000, 6000]",modelv1.0__2026-05-16 20:32:04
D:\moth_photos\database\batch_09\img_moth_00016261.jpg,"[4000, 6000]",modelv1.0__2026-05-16 20:32:04
D:\moth_photos\database\batch_09\img_moth_00016262.jpg,"[4000, 6000]",modelv1.0__2026-05-16 20:32:04
D:\moth_photos\database\batch_09\img_moth_00016263.jpg,"[4000, 6000]",modelv1.0__2026-05-16 20:32:04
D:\moth_photos\database\batch_09\img_moth_00016264.jpg,"[4000, 6000]",modelv1.0__2026-05-16 20:32:04
D:\moth_photos\database\batch_09\img_moth_00016265.jpg,"[4000, 6000]",modelv1.0__2026-05-16 20:32:04
D:\moth_photos\database\batch_09\img_moth_00016266.jpg,"[4000, 6000]",modelv1.0__2026-05-16 20:32:04
D:\moth_photos\database\batch_09\img_moth_00016267.jpg,"[4000, 6000]",modelv1.0__2026-05-16 20:32:04
D:\moth_photos\database\batch_09\img_moth_00016268.jpg,"[4000, 6000]",modelv1.0__2026-05-16 20:32:04
D:\moth_photos\database\batch_09\img_moth_00016269.jpg,"[4000, 6000]",modelv1.0__2026-05-16 20:32:04
D:\moth_photos\database\batch_09\img_moth_00016270.jpg,"[4000, 6000]",modelv1.0__2026-05-16 20:32:04
D:\moth_photos\database\batch_09\img_moth_00016271.jpg,"[4000, 6000]",modelv1.0__2026-05-16 20:32:04
D:\moth_photos\database\batch_09\img_moth_00016272.jpg,"[4000, 6000]",modelv1.0__2026-05-16 20:32:04
D:\moth_photos\database\batch_09\img_moth_00016273.jpg,"[4000, 6000]",modelv1.0__2026-05-16 20:32:04
D:\moth_photos\database\batch_09\img_moth_00016274.jpg,"[4000, 6000]",modelv1.0__2026-05-16 20:32:04
D:\moth_photos\database\batch_09\img_moth_00016275.jpg,"[4000, 6000]",modelv1.0__2026-05-16 20:32:04
D:\moth_photos\database\batch_09\img_moth_00016276.jpg,"[4000, 6000]",modelv1.0__2026-05-16 20:32:04
D:\moth_photos\database\batch_09\img_moth_00016277.jpg,"[4000, 6000]",modelv1.0__2026-05-16 20:32:04
D:\moth_photos\database\batch_09\img_moth_00016278.jpg,"[4000, 6000]",modelv1.0__2026-05-16 20:32:04
D:\moth_photos\database\batch_09\img_moth_00016279.jpg,"[4000, 6000]",modelv1.0__2026-05-16 20:32:04
D:\moth_photos\database\batch_09\img_moth_00016280.jpg,"[4000, 6000]",modelv1.0__2026-05-16 20:32:04
D:\moth_photos\database\batch_09\img_moth_00016281.jpg,"[4000, 6000]",modelv1.0__2026-05-16 20:32:04
D:\moth_photos\database\batch_09\img_moth_00016282.jpg,"[4000, 6000]",modelv1.0__2026-05-16 20:32:04
D:\moth_photos\database\batch_09\img_moth_00016283.jpg,"[4000, 6000]",modelv1.0__2026-05-16 20:32:04
D:\moth_photos\database\batch_09\img_moth_00016284.jpg,"[4000, 6000]",modelv1.0__2026-05-16 20:32:04
D:\moth_photos\database\batch_09\img_moth_00016285.jpg,"[4000, 6000]",modelv1.0__2026-05-16 20:32:04
D:\moth_photos\database\batch_09\img_moth_00016286.jpg,"[4000, 6000]",modelv1.0__2026-05-16 20:32:04
D:\moth_photos\database\batch_09\img_moth_00016287.jpg,"[4000, 6000]",modelv1.0__2026-05-16 20:32:04
D:\moth_photos\database\batch_09\img_moth_00016288.jpg,"[4000, 6000]",modelv1.0__2026-05-16 20:32:04
D:\moth_photos\database\batch_09\img_moth_00016289.jpg,"[4000, 6000]",modelv1.0__2026-05-16 20:32:04
D:\moth_photos\database\batch_09\img_moth_00016290.jpg,"[4000, 6000]",modelv1.0__2026-05-16 20:32:04
D:\moth_photos\database\batch_09\img_moth_00016291.jpg,"[4000, 6000]",modelv1.0__2026-05-16 20:32:04
D:\moth_photos\database\batch_09\img_moth_00016292.jpg,"[4000, 6000]",modelv1.0__2026-05-16 20:32:04
D:\moth_photos\database\batch_09\img_moth_00016293.jpg,"[4000, 6000]",modelv1.0__2026-05-16 20:32:04
D:\moth_photos\database\batch_09\img_moth_00016294.jpg,"[4000, 6000]",modelv1.0__2026-05-16 20:32:04
D:\moth_photos\database\batch_09\img_moth_00016295.jpg,"[4000, 6000]",modelv1.0__2026-05-16 20:32:04
D:\moth_photos\database\batch_09\img_moth_00016296.jpg,"[4000, 6000]",modelv1.0__2026-05-16 20:32:04
D:\moth_photos\database\batch_09\img_moth_00016297.jpg,"[4000, 6000]",modelv1.0__2026-05-16 20:32:04
D:\moth_photos\database\batch_09\img_moth_00016298.jpg,"[4000, 6000]",modelv1.0__2026-05-16 20:32:04
D:\moth_photos\database\batch_09\img_moth_00016299.jpg,"[4000, 6000]",modelv1.0__2026-05-16 20:32:04
D:\moth_photos\database\batch_09\img_moth_00016300.jpg,"[4000, 6000]",modelv1.0__2026-05-16 20:32:04
D:\moth_photos\database\batch_09\img_moth_00016301.jpg,"[4000, 6000]",modelv1.0__2026-05-16 20:32:04
D:\moth_photos\database\batch_09\img_moth_00016302.jpg,"[4000, 6000]",modelv1.0__2026-05-16 20:32:04
D:\moth_photos\database\batch_09\img_moth_00016303.jpg,"[4000, 6000]",modelv1.0__2026-05-16 20:32:04
D:\moth_photos\database\batch_09\img_moth_00016304.jpg,"[4000, 6000]",modelv1.0__2026-05-16 20:32:04
D:\moth_photos\database\batch_09\img_moth_00016305.jpg,"[4000, 6000]",modelv1.0__2026-05-16 20:32:04
D:\moth_photos\database\batch_09\img_moth_00016306.jpg,"[4000, 6000]",modelv1.0__2026-05-16 20:32:04
D:\moth_photos\database\batch_09\img_moth_00016307.jpg,"[4000, 6000]",modelv1.0__2026-05-16 20:32:04
D:\moth_photos\database\batch_09\img_moth_00016308.jpg,"[4000, 6000]",modelv1.0__2026-05-16 20:32:04
D:\moth_photos\database\batch_09\img_moth_00016309.jpg,"[4000, 6000]",modelv1.0__2026-05-16 20:32:04
D:\moth_photos\database\batch_09\img_moth_00016310.jpg,"[4000, 6000]",modelv1.0__2026-05-16 20:32:04
D:\moth_photos\database\batch_09\img_moth_00016311.jpg,"[4000, 6000]",modelv1.0__2026-05-16 20:32:04
D:\moth_photos\database\batch_09\img_moth_00016312.jpg,"[4000, 6000]",modelv1.0__2026-05-16 20:32:04
D:\moth_photos\database\batch_09\img_moth_00016313.jpg,"[4000, 6000]",modelv1.0__2026-05-16 20:32:04
D:\moth_photos\database\batch_09\img_moth_00016314.jpg,"[4000, 6000]",modelv1.0__2026-05-16 20:32:04
D:\moth_photos\database\batch_09\img_moth_00016315.jpg,"[4000, 6000]",modelv1.0__2026-05-16 20:32:04
D:\moth_photos\database\batch_09\img_moth_00016316.jpg,"[4000, 6000]",modelv1.0__2026-05-16 20:32:04
D:\moth_photos\database\batch_09\img_moth_00016317.jpg,"[4000, 6000]",modelv1.0__2026-05-16 20:32:04
D:\moth_photos\database\batch_09\img_moth_00016318.jpg,"[4000, 6000]",modelv1.0__2026-05-16 20:32:04
D:\moth_photos\database\batch_09\img_moth_00016319.jpg,"[4000, 6000]",modelv1.0__2026-05-16 20:32:04
D:\moth_photos\database\batch_09\img_moth_00016320.jpg,"[4000, 6000]",modelv1.0__2026-05-16 20:32:04
D:\moth_photos\database\batch_09\img_moth_00016321.jpg,"[4000, 6000]",modelv1.0__2026-05-16 20:32:04
D:\moth_photos\database\batch_09\img_moth_00016322.jpg,"[4000, 6000]",modelv1.0__2026-05-16 20:32:04
D:\moth_photos\database\batch_09\img_moth_00016323.jpg,"[4000, 6000]",modelv1.0__2026-05-16 20:32:04
D:\moth_photos\database\batch_09\img_moth_00016324.jpg,"[4000, 6000]",modelv1.0__2026-05-16 20:32:04
D:\moth_photos\database\batch_09\img_moth_00016325.jpg,"[4000, 6000]",modelv1.0__2026-05-16 20:32:04
D:\moth_photos\database\batch_09\img_moth_00016326.jpg,"[4000, 6000]",modelv1.0__2026-05-16 20:32:04
D:\moth_photos\database\batch_09\img_moth_00016327.jpg,"[4000, 6000]",modelv1.0__2026-05-16 20:32:04
D:\moth_photos\database\batch_09\img_moth_00016328.jpg,"[4000, 6000]",modelv1.0__2026-05-16 20:32:04
D:\moth_photos\database\batch_09\img_moth_00016329.jpg,"[4000, 6000]",modelv1.0__2026-05-16 20:32:04
D:\moth_photos\database\batch_09\img_moth_00016330.jpg,"[4000, 6000]",modelv1.0__2026-05-16 20:32:04
D:\moth_photos\database\batch_09\img_moth_00016331.jpg,"[4000, 6000]",modelv1.0__2026-05-16 20:32:04
D:\moth_photos\database\batch_09\img_moth_00016332.jpg,"[4000, 6000]",modelv1.0__2026-05-16 20:32:04
D:\moth_photos\database\batch_09\img_moth_00016333.jpg,"[4000, 6000]",modelv1.0__2026-05-16 20:32:04
D:\moth_photos\database\batch_09\img_moth_00016334.jpg,"[4000, 6000]",modelv1.0__2026-05-16 20:32:04
D:\moth_photos\database\batch_09\img_moth_00016335.jpg,"[4000, 6000]",modelv1.0__2026-05-16 20:32:04
D:\moth_photos\database\batch_09\img_moth_00016336.jpg,"[4000, 6000]",modelv1.0__2026-05-16 20:32:04
D:\moth_photos\database\batch_09\img_moth_00016337.jpg,"[4000, 6000]",modelv1.0__2026-05-16 20:32:04
D:\moth_photos\database\batch_09\img_moth_00016338.jpg,"[4000, 6000]",modelv1.0__2026-05-16 20:32:04
D:\moth_photos\database\batch_09\img_moth_00016339.jpg,"[4000, 6000]",modelv1.0__2026-05-16 20:32:04
D:\moth_photos\database\batch_09\img_moth_00016340.jpg,"[4000, 6000]",modelv1.0__2026-05-16 20:32:04
D:\moth_photos\database\batch_09\img_moth_00016341.jpg,"[4000, 6000]",modelv1.0__2026-05-16 20:32:04
D:\moth_photos\database\batch_09\img_moth_00016342.jpg,"[4000, 6000]",modelv1.0__2026-05-16 20:32:04
D:\moth_photos\database\batch_09\img_moth_00016343.jpg,"[4000, 6000]",modelv1.0__2026-05-16 20:32:04
D:\moth_photos\database\batch_09\img_moth_00016344.jpg,"[4000, 6000]",modelv1.0__2026-05-16 20:32:04
D:\moth_photos\database\batch_09\img_moth_00016345.jpg,"[4000, 6000]",modelv1.0__2026-05-16 20:32:04
D:\moth_photos\database\batch_09\img_moth_00016346.jpg,"[4000, 6000]",modelv1.0__2026-05-16 20:32:04
D:\moth_photos\database\batch_09\img_moth_00016347.jpg,"[4000, 6000]",modelv1.0__2026-05-16 20:32:04
D:\moth_photos\database\batch_09\img_moth_00016348.jpg,"[4000, 6000]",modelv1.0__2026-05-16 20:32:04
D:\moth_photos\database\batch_09\img_moth_00016349.jpg,"[4000, 6000]",modelv1.0__2026-05-16 20:32:04
D:\moth_photos\database\batch_09\img_moth_00016350.jpg,"[4000, 6000]",modelv1.0__2026-05-16 20:32:04
D:\moth_photos\database\batch_09\img_moth_00016351.jpg,"[4000, 6000]",modelv1.0__2026-05-16 20:32:04
D:\moth_photos\database\batch_09\img_moth_00016352.jpg,"[4000, 6000]",modelv1.0__2026-05-16 20:32:04
D:\moth_photos\database\batch_09\img_moth_00016353.jpg,"[4000, 6000]",modelv1.0__2026-05-16 20:32:04
D:\moth_photos\database\batch_09\img_moth_00016354.jpg,"[4000, 6000]",modelv1.0__2026-05-16 20:32:04
D:\moth_photos\database\batch_09\img_moth_00016355.jpg,"[4000, 6000]",modelv1.0__2026-05-16 20:32:04
D:\moth_photos\database\batch_09\img_moth_00016356.jpg,"[4000, 6000]",modelv1.0__2026-05-16 20:32:04
D:\moth_photos\database\batch_09\img_moth_00016357.jpg,"[4000, 6000]",modelv1.0__2026-05-16 20:32:04
D:\moth_photos\database\batch_09\img_moth_00016358.jpg,"[4000, 6000]",modelv1.0__2026-05-16 20:32:04
D:\moth_photos\database\batch_09\img_moth_00016359.jpg,"[4000, 6000]",modelv1.0__2026-05-16 20:32:04
D:\moth_photos\database\batch_09\img_moth_00016360.jpg,"[4000, 6000]",modelv1.0__2026-05-16 20:32:04
D:\moth_photos\database\batch_09\img_moth_00016361.jpg,"[4000, 6000]",modelv1.0__2026-05-16 20:32:04
D:\moth_photos\database\batch_09\img_moth_00016362.jpg,"[4000, 6000]",modelv1.0__2026-05-16 20:32:04
D:\moth_photos\database\batch_09\img_moth_00016363.jpg,"[4000, 6000]",modelv1.0__2026-05-16 20:32:04
D:\moth_photos\database\batch_09\img_moth_00016364.jpg,"[4000, 6000]",modelv1.0__2026-05-16 20:32:04
D:\moth_photos\database\batch_09\img_moth_00016365.jpg,"[4000, 6000]",modelv1.0__2026-05-16 20:32:04
D:\moth_photos\database\batch_09\img_moth_00016366.jpg,"[4000, 6000]",modelv1.0__2026-05-16 20:32:04
D:\moth_photos\database\batch_09\img_moth_00016367.jpg,"[4000, 6000]",modelv1.0__2026-05-16 20:32:04
D:\moth_photos\database\batch_09\img_moth_00016368.jpg,"[4000, 6000]",modelv1.0__2026-05-16 20:32:04
D:\moth_photos\database\batch_09\img_moth_00016369.jpg,"[4000, 6000]",modelv1.0__2026-05-16 20:32:04
D:\moth_photos\database\batch_09\img_moth_00016370.jpg,"[4000, 6000]",modelv1.0__2026-05-16 20:32:04
D:\moth_photos\database\batch_09\img_moth_00016371.jpg,"[4000, 6000]",modelv1.0__2026-05-16 20:32:04
D:\moth_photos\database\batch_09\img_moth_00016372.jpg,"[4000, 6000]",modelv1.0__2026-05-16 20:32:04
D:\moth_photos\database\batch_09\img_moth_00016373.jpg,"[4000, 6000]",modelv1.0__2026-05-16 20:32:04
D:\moth_photos\database\batch_09\img_moth_00016374.jpg,"[4000, 6000]",modelv1.0__2026-05-16 20:32:04
D:\moth_photos\database\batch_09\img_moth_00016375.jpg,"[4000, 6000]",modelv1.0__2026-05-16 20:32:04
D:\moth_photos\database\batch_09\img_moth_00016376.jpg,"[4000, 6000]",modelv1.0__2026-05-16 20:32:04
D:\moth_photos\database\batch_09\img_moth_00016377.jpg,"[4000, 6000]",modelv1.0__2026-05-16 20:32:04
D:\moth_photos\database\batch_09\img_moth_00016378.jpg,"[4000, 6000]",modelv1.0__2026-05-16 20:32:04
D:\moth_photos\database\batch_09\img_moth_00016379.jpg,"[4000, 6000]",modelv1.0__2026-05-16 20:32:04
D:\moth_photos\database\batch_09\img_moth_00016380.jpg,"[4000, 6000]",modelv1.0__2026-05-16 20:32:04
D:\moth_photos\database\batch_09\img_moth_00016381.jpg,"[4000, 6000]",modelv1.0__2026-05-16 20:32:04
D:\moth_photos\database\batch_09\img_moth_00016382.jpg,"[4000, 6000]",modelv1.0__2026-05-16 20:32:04
D:\moth_photos\database\batch_09\img_moth_00016383.jpg,"[4000, 6000]",modelv1.0__2026-05-16 20:32:04
D:\moth_photos\database\batch_09\img_moth_00016384.jpg,"[4000, 6000]",modelv1.0__2026-05-16 20:32:04
D:\moth_photos\database\batch_09\img_moth_00016385.jpg,"[4000, 6000]",modelv1.0__2026-05-16 20:32:04
D:\moth_photos\database\batch_09\img_moth_00016386.jpg,"[4000, 6000]",modelv1.0__2026-05-16 20:32:04
D:\moth_photos\database\batch_09\img_moth_00016387.jpg,"[4000, 6000]",modelv1.0__2026-05-16 20:32:04
D:\moth_photos\database\batch_09\img_moth_00016388.jpg,"[4000, 6000]",modelv1.0__2026-05-16 20:32:04
D:\moth_photos\database\batch_09\img_moth_00016389.jpg,"[4000, 6000]",modelv1.0__2026-05-16 20:32:04
D:\moth_photos\database\batch_09\img_moth_00016390.jpg,"[4000, 6000]",modelv1.0__2026-05-16 20:32:04
D:\moth_photos\database\batch_09\img_moth_00016391.jpg,"[4000, 6000]",modelv1.0__2026-05-16 20:32:04
D:\moth_photos\database\batch_09\img_moth_00016392.jpg,"[4000, 6000]",modelv1.0__2026-05-16 20:32:04
D:\moth_photos\database\batch_09\img_moth_00016393.jpg,"[4000, 6000]",modelv1.0__2026-05-16 20:32:04
D:\moth_photos\database\batch_09\img_moth_00016394.jpg,"[4000, 6000]",modelv1.0__2026-05-16 20:32:04
D:\moth_photos\database\batch_09\img_moth_00016395.jpg,"[4000, 6000]",modelv1.0__2026-05-16 20:32:04
D:\moth_photos\database\batch_09\img_moth_00016396.jpg,"[4000, 6000]",modelv1.0__2026-05-16 20:32:04
D:\moth_photos\database\batch_09\img_moth_00016397.jpg,"[4000, 6000]",modelv1.0__2026-05-16 20:32:04
D:\moth_photos\database\batch_09\img_moth_00016398.jpg,"[4000, 6000]",modelv1.0__2026-05-16 20:32:04
D:\moth_photos\database\batch_09\img_moth_00016399.jpg,"[4000, 6000]",modelv1.0__2026-05-16 20:32:04
D:\moth_photos\database\batch_09\img_moth_00016400.jpg,"[4000, 6000]",modelv1.0__2026-05-16 20:32:04
D:\moth_photos\database\batch_09\img_moth_00016401.jpg,"[4000, 6000]",modelv1.0__2026-05-16 20:32:04
D:\moth_photos\database\batch_09\img_moth_00016402.jpg,"[4000, 6000]",modelv1.0__2026-05-16 20:32:04
D:\moth_photos\database\batch_09\img_moth_00016403.jpg,"[4000, 6000]",modelv1.0__2026-05-16 20:32:04
D:\moth_photos\database\batch_09\img_moth_00016404.jpg,"[4000, 6000]",modelv1.0__2026-05-16 20:32:04
D:\moth_photos\database\batch_09\img_moth_00016405.jpg,"[4000, 6000]",modelv1.0__2026-05-16 20:32:04
D:\moth_photos\database\batch_09\img_moth_00016406.jpg,"[4000, 6000]",modelv1.0__2026-05-16 20:32:04
D:\moth_photos\database\batch_09\img_moth_00016407.jpg,"[4000, 6000]",modelv1.0__2026-05-16 20:32:04
D:\moth_photos\database\batch_09\img_moth_00016408.jpg,"[4000, 6000]",modelv1.0__2026-05-16 20:32:04
D:\moth_photos\database\batch_09\img_moth_00016409.jpg,"[4000, 6000]",modelv1.0__2026-05-16 20:32:04
D:\moth_photos\database\batch_09\img_moth_00016410.jpg,"[4000, 6000]",modelv1.0__2026-05-16 20:32:04
D:\moth_photos\database\batch_09\img_moth_00016411.jpg,"[4000, 6000]",modelv1.0__2026-05-16 20:32:04
D:\moth_photos\database\batch_09\img_moth_00016412.jpg,"[4000, 6000]",modelv1.0__2026-05-16 20:32:04
D:\moth_photos\database\batch_09\img_moth_00016413.jpg,"[4000, 6000]",modelv1.0__2026-05-16 20:32:04
D:\moth_photos\database\batch_09\img_moth_00016414.jpg,"[4000, 6000]",modelv1.0__2026-05-16 20:32:04
D:\moth_photos\database\batch_09\img_moth_00016415.jpg,"[4000, 6000]",modelv1.0__2026-05-16 20:32:04
D:\moth_photos\database\batch_09\img_moth_00016416.jpg,"[4000, 6000]",modelv1.0__2026-05-16 20:32:04
D:\moth_photos\database\batch_09\img_moth_00016417.jpg,"[4000, 6000]",modelv1.0__2026-05-16 20:32:04
D:\moth_photos\database\batch_09\img_moth_00016418.jpg,"[4000, 6000]",modelv1.0__2026-05-16 20:32:04
D:\moth_photos\database\batch_09\img_moth_00016419.jpg,"[4000, 6000]",modelv1.0__2026-05-16 20:32:04
D:\moth_photos\database\batch_09\img_moth_00016420.jpg,"[4000, 6000]",modelv1.0__2026-05-16 20:32:04
D:\moth_photos\database\batch_09\img_moth_00016421.jpg,"[4000, 6000]",modelv1.0__2026-05-16 20:32:04
D:\moth_photos\database\batch_09\img_moth_00016422.jpg,"[4000, 6000]",modelv1.0__2026-05-16 20:32:04
D:\moth_photos\database\batch_09\img_moth_00016423.jpg,"[4000, 6000]",modelv1.0__2026-05-16 20:32:04
D:\moth_photos\database\batch_09\img_moth_00016424.jpg,"[4000, 6000]",modelv1.0__2026-05-16 20:32:04
D:\moth_photos\database\batch_09\img_moth_00016425.jpg,"[4000, 6000]",modelv1.0__2026-05-16 20:32:04
D:\moth_photos\database\batch_09\img_moth_00016426.jpg,"[4000, 6000]",modelv1.0__2026-05-16 20:32:04
D:\moth_photos\database\batch_09\img_moth_00016427.jpg,"[4000, 6000]",modelv1.0__2026-05-16 20:32:04
D:\moth_photos\database\batch_09\img_moth_00016428.jpg,"[4000, 6000]",modelv1.0__2026-05-16 20:32:04
D:\moth_photos\database\batch_09\img_moth_00016429.jpg,"[4000, 6000]",modelv1.0__2026-05-16 20:32:04
D:\moth_photos\database\batch_09\img_moth_00016430.jpg,"[4000, 6000]",modelv1.0__2026-05-16 20:32:04
D:\moth_photos\database\batch_09\img_moth_00016431.jpg,"[4000, 6000]",modelv1.0__2026-05-16 20:32:04
D:\moth_photos\database\batch_09\img_moth_00016432.jpg,"[4000, 6000]",modelv1.0__2026-05-16 20:32:04
D:\moth_photos\database\batch_09\img_moth_00016433.jpg,"[4000, 6000]",modelv1.0__2026-05-16 20:32:04
D:\moth_photos\database\batch_09\img_moth_00016434.jpg,"[4000, 6000]",modelv1.0__2026-05-16 20:32:04
D:\moth_photos\database\batch_09\img_moth_00016435.jpg,"[4000, 6000]",modelv1.0__2026-05-16 20:32:04
D:\moth_photos\database\batch_09\img_moth_00016436.jpg,"[4000, 6000]",modelv1.0__2026-05-16 20:32:04
D:\moth_photos\database\batch_09\img_moth_00016437.jpg,"[4000, 6000]",modelv1.0__2026-05-16 20:32:04
D:\moth_photos\database\batch_09\img_moth_00016438.jpg,"[4000, 6000]",modelv1.0__2026-05-16 20:32:04
D:\moth_photos\database\batch_09\img_moth_00016439.jpg,"[4000, 6000]",modelv1.0__2026-05-16 20:32:04
D:\moth_photos\database\batch_09\img_moth_00016440.jpg,"[4000, 6000]",modelv1.0__2026-05-16 20:32:04
D:\moth_photos\database\batch_09\img_moth_00016441.jpg,"[4000, 6000]",modelv1.0__2026-05-16 20:32:04
D:\moth_photos\database\batch_09\img_moth_00016442.jpg,"[4000, 6000]",modelv1.0__2026-05-16 20:32:04
D:\moth_photos\database\batch_09\img_moth_00016443.jpg,"[4000, 6000]",modelv1.0__2026-05-16 20:32:04
D:\moth_photos\database\batch_09\img_moth_00016444.jpg,"[4000, 6000]",modelv1.0__2026-05-16 20:32:04
D:\moth_photos\database\batch_09\img_moth_00016445.jpg,"[4000, 6000]",modelv1.0__2026-05-16 20:32:04
D:\moth_photos\database\batch_09\img_moth_00016446.jpg,"[4000, 6000]",modelv1.0__2026-05-16 20:32:04
D:\moth_photos\database\batch_09\img_moth_00016447.jpg,"[4000, 6000]",modelv1.0__2026-05-16 20:32:04
D:\moth_photos\database\batch_09\img_moth_00016448.jpg,"[4000, 6000]",modelv1.0__2026-05-16 20:32:04
D:\moth_photos\database\batch_09\img_moth_00016449.jpg,"[4000, 6000]",modelv1.0__2026-05-16 20:32:04
D:\moth_photos\database\batch_09\img_moth_00016450.jpg,"[4000, 6000]",modelv1.0__2026-05-16 20:32:04
D:\moth_photos\database\batch_09\img_moth_00016451.jpg,"[4000, 6000]",modelv1.0__2026-05-16 20:32:04
D:\moth_photos\database\batch_09\img_moth_00016452.jpg,"[4000, 6000]",modelv1.0__2026-05-16 20:32:04
D:\moth_photos\database\batch_09\img_moth_00016453.jpg,"[4000, 6000]",modelv1.0__2026-05-16 20:32:04
D:\moth_photos\database\batch_09\img_moth_00016454.jpg,"[4000, 6000]",modelv1.0__2026-05-16 20:32:04
D:\moth_photos\database\batch_09\img_moth_00016455.jpg,"[4000, 6000]",modelv1.0__2026-05-16 20:32:04
D:\moth_photos\database\batch_09\img_moth_00016456.jpg,"[4000, 6000]",modelv1.0__2026-05-16 20:32:04
D:\moth_photos\database\batch_09\img_moth_00016457.jpg,"[4000, 6000]",modelv1.0__2026-05-16 20:32:04
D:\moth_photos\database\batch_09\img_moth_00016458.jpg,"[4000, 6000]",modelv1.0__2026-05-16 20:32:04
D:\moth_photos\database\batch_09\img_moth_00016459.jpg,"[4000, 6000]",modelv1.0__2026-05-16 20:32:04
D:\moth_photos\database\batch_09\img_moth_00016460.jpg,"[4000, 6000]",modelv1.0__2026-05-16 20:32:04
D:\moth_photos\database\batch_09\img_moth_00016461.jpg,"[4000, 6000]",modelv1.0__2026-05-16 20:32:04
D:\moth_photos\database\batch_09\img_moth_00016462.jpg,"[4000, 6000]",modelv1.0__2026-05-16 20:32:04
D:\moth_photos\database\batch_09\img_moth_00016463.jpg,"[4000, 6000]",modelv1.0__2026-05-16 20:32:04
D:\moth_photos\database\batch_09\img_moth_00016464.jpg,"[4000, 6000]",modelv1.0__2026-05-16 20:32:04
D:\moth_photos\database\batch_09\img_moth_00016465.jpg,"[4000, 6000]",modelv1.0__2026-05-16 20:32:04
D:\moth_photos\database\batch_09\img_moth_00016466.jpg,"[4000, 6000]",modelv1.0__2026-05-16 20:32:04
D:\moth_photos\database\batch_09\img_moth_00016467.jpg,"[4000, 6000]",modelv1.0__2026-05-16 20:32:04
D:\moth_photos\database\batch_09\img_moth_00016468.jpg,"[4000, 6000]",modelv1.0__2026-05-16 20:32:04
D:\moth_photos\database\batch_09\img_moth_00016469.jpg,"[4000, 6000]",modelv1.0__2026-05-16 20:32:04
D:\moth_photos\database\batch_09\img_moth_00016470.jpg,"[4000, 6000]",modelv1.0__2026-05-16 20:32:04
D:\moth_photos\database\batch_09\img_moth_00016471.jpg,"[4000, 6000]",modelv1.0__2026-05-16 20:32:04
D:\moth_photos\database\batch_09\img_moth_00016472.jpg,"[4000, 6000]",modelv1.0__2026-05-16 20:32:04
D:\moth_photos\database\batch_09\img_moth_00016473.jpg,"[4000, 6000]",modelv1.0__2026-05-16 20:32:04
D:\moth_photos\database\batch_09\img_moth_00016474.jpg,"[4000, 6000]",modelv1.0__2026-05-16 20:32:04
D:\moth_photos\database\batch_09\img_moth_00016475.jpg,"[4000, 6000]",modelv1.0__2026-05-16 20:32:04
D:\moth_photos\database\batch_09\img_moth_00016476.jpg,"[4000, 6000]",modelv1.0__2026-05-16 20:32:04
D:\moth_photos\database\batch_09\img_moth_00016477.jpg,"[4000, 6000]",modelv1.0__2026-05-16 20:32:04
D:\moth_photos\database\batch_09\img_moth_00016478.jpg,"[4000, 6000]",modelv1.0__2026-05-16 20:32:04
D:\moth_photos\database\batch_09\img_moth_00016479.jpg,"[4000, 6000]",modelv1.0__2026-05-16 20:32:04
D:\moth_photos\database\batch_09\img_moth_00016480.jpg,"[4000, 6000]",modelv1.0__2026-05-16 20:32:04
D:\moth_photos\database\batch_09\img_moth_00016481.jpg,"[4000, 6000]",modelv1.0__2026-05-16 20:32:04
D:\moth_photos\database\batch_09\img_moth_00016482.jpg,"[4000, 6000]",modelv1.0__2026-05-16 20:32:04
D:\moth_photos\database\batch_09\img_moth_00016483.jpg,"[4000, 6000]",modelv1.0__2026-05-16 20:32:04
D:\moth_photos\database\batch_09\img_moth_00016484.jpg,"[4000, 6000]",modelv1.0__2026-05-16 20:32:04
D:\moth_photos\database\batch_09\img_moth_00016485.jpg,"[4000, 6000]",modelv1.0__2026-05-16 20:32:04
D:\moth_photos\database\batch_09\img_moth_00016486.jpg,"[4000, 6000]",modelv1.0__2026-05-16 20:32:04
D:\moth_photos\database\batch_09\img_moth_00016487.jpg,"[4000, 6000]",modelv1.0__2026-05-16 20:32:04
D:\moth_photos\database\batch_09\img_moth_00016488.jpg,"[4000, 6000]",modelv1.0__2026-05-16 20:32:04
D:\moth_photos\database\batch_09\img_moth_00016489.jpg,"[4000, 6000]",modelv1.0__2026-05-16 20:32:04
D:\moth_photos\database\batch_09\img_moth_00016490.jpg,"[4000, 6000]",modelv1.0__2026-05-16 20:32:04
D:\moth_photos\database\batch_09\img_moth_00016491.jpg,"[4000, 6000]",modelv1.0__2026-05-16 20:32:04
D:\moth_photos\database\batch_09\img_moth_00016492.jpg,"[4000, 6000]",modelv1.0__2026-05-16 20:32:04
D:\moth_photos\database\batch_09\img_moth_00016493.jpg,"[4000, 6000]",modelv1.0__2026-05-16 20:32:04
D:\moth_photos\database\batch_09\img_moth_00016494.jpg,"[4000, 6000]",modelv1.0__2026-05-16 20:32:04
D:\moth_photos\database\batch_09\img_moth_00016495.jpg,"[4000, 6000]",modelv1.0__2026-05-16 20:32:04
D:\moth_photos\database\batch_09\img_moth_00016496.jpg,"[4000, 6000]",modelv1.0__2026-05-16 20:32:04
D:\moth_photos\database\batch_09\img_moth_00016497.jpg,"[4000, 6000]",modelv1.0__2026-05-16 20:32:04
D:\moth_photos\database\batch_09\img_moth_00016498.jpg,"[4000, 6000]",modelv1.0__2026-05-16 20:32:04
D:\moth_photos\database\batch_09\img_moth_00016499.jpg,"[4000, 6000]",modelv1.0__2026-05-16 20:32:04
D:\moth_photos\database\batch_09\img_moth_00016500.jpg,"[4000, 6000]",modelv1.0__2026-05-16 20:32:04
D:\moth_photos\database\batch_09\img_moth_00016501.jpg,"[4000, 6000]",modelv1.0__2026-05-16 20:32:04
D:\moth_photos\database\batch_09\img_moth_00016502.jpg,"[4000, 6000]",modelv1.0__2026-05-16 20:32:04
D:\moth_photos\database\batch_09\img_moth_00016503.jpg,"[4000, 6000]",modelv1.0__2026-05-16 20:32:04
D:\moth_photos\database\batch_09\img_moth_00016504.jpg,"[4000, 6000]",modelv1.0__2026-05-16 20:32:04
D:\moth_photos\database\batch_09\img_moth_00016505.jpg,"[4000, 6000]",modelv1.0__2026-05-16 20:32:04
D:\moth_photos\database\batch_09\img_moth_00016506.jpg,"[4000, 6000]",modelv1.0__2026-05-16 20:32:04
D:\moth_photos\database\batch_09\img_moth_00016507.jpg,"[4000, 6000]",modelv1.0__2026-05-16 20:32:04
D:\moth_photos\database\batch_09\img_moth_00016508.jpg,"[4000, 6000]",modelv1.0__2026-05-16 20:32:04
D:\moth_photos\database\batch_09\img_moth_00016509.jpg,"[4000, 6000]",modelv1.0__2026-05-16 20:32:04
D:\moth_photos\database\batch_09\img_moth_00016510.jpg,"[4000, 6000]",modelv1.0__2026-05-16 20:32:04
D:\moth_photos\database\batch_09\img_moth_00016511.jpg,"[4000, 6000]",modelv1.0__2026-05-16 20:32:04
D:\moth_photos\database\batch_09\img_moth_00016512.jpg,"[4000, 6000]",modelv1.0__2026-05-16 20:32:04
D:\moth_photos\database\batch_09\img_moth_00016513.jpg,"[4000, 6000]",modelv1.0__2026-05-16 20:32:04
D:\moth_photos\database\batch_09\img_moth_00016514.jpg,"[4000, 6000]",modelv1.0__2026-05-16 20:32:04
D:\moth_photos\database\batch_09\img_moth_00016515.jpg,"[4000, 6000]",modelv1.0__2026-05-16 20:32:04
D:\moth_photos\database\batch_09\img_moth_00016516.jpg,"[4000, 6000]",modelv1.0__2026-05-16 20:32:04
D:\moth_photos\database\batch_09\img_moth_00016517.jpg,"[4000, 6000]",modelv1.0__2026-05-16 20:32:04
D:\moth_photos\database\batch_09\img_moth_00016518.jpg,"[4000, 6000]",modelv1.0__2026-05-16 20:32:04
D:\moth_photos\database\batch_09\img_moth_00016519.jpg,"[4000, 6000]",modelv1.0__2026-05-16 20:32:04
D:\moth_photos\database\batch_09\img_moth_00016520.jpg,"[4000, 6000]",modelv1.0__2026-05-16 20:32:04
D:\moth_photos\database\batch_09\img_moth_00016521.jpg,"[4000, 6000]",modelv1.0__2026-05-16 20:32:04
D:\moth_photos\database\batch_09\img_moth_00016522.jpg,"[4000, 6000]",modelv1.0__2026-05-16 20:32:04
D:\moth_photos\database\batch_09\img_moth_00016523.jpg,"[4000, 6000]",modelv1.0__2026-05-16 20:32:04
D:\moth_photos\database\batch_09\img_moth_00016524.jpg,"[4000, 6000]",modelv1.0__2026-05-16 20:32:04
D:\moth_photos\database\batch_09\img_moth_00016525.jpg,"[4000, 6000]",modelv1.0__2026-05-16 20:32:04
D:\moth_photos\database\batch_09\img_moth_00016526.jpg,"[4000, 6000]",modelv1.0__2026-05-16 20:32:04
D:\moth_photos\database\batch_09\img_moth_00016527.jpg,"[4000, 6000]",modelv1.0__2026-05-16 20:32:04
D:\moth_photos\database\batch_09\img_moth_00016528.jpg,"[4000, 6000]",modelv1.0__2026-05-16 20:32:04
D:\moth_photos\database\batch_09\img_moth_00016529.jpg,"[4000, 6000]",modelv1.0__2026-05-16 20:32:04
D:\moth_photos\database\batch_09\img_moth_00016530.jpg,"[4000, 6000]",modelv1.0__2026-05-16 20:32:04
D:\moth_photos\database\batch_09\img_moth_00016531.jpg,"[4000, 6000]",modelv1.0__2026-05-16 20:32:04
D:\moth_photos\database\batch_09\img_moth_00016532.jpg,"[4000, 6000]",modelv1.0__2026-05-16 20:32:04
D:\moth_photos\database\batch_09\img_moth_00016533.jpg,"[4000, 6000]",modelv1.0__2026-05-16 20:32:04
D:\moth_photos\database\batch_09\img_moth_00016534.jpg,"[4000, 6000]",modelv1.0__2026-05-16 20:32:04
D:\moth_photos\database\batch_09\img_moth_00016535.jpg,"[4000, 6000]",modelv1.0__2026-05-16 20:32:04
D:\moth_photos\database\batch_09\img_moth_00016536.jpg,"[4000, 6000]",modelv1.0__2026-05-16 20:32:04
D:\moth_photos\database\batch_09\img_moth_00016537.jpg,"[4000, 6000]",modelv1.0__2026-05-16 20:32:04
D:\moth_photos\database\batch_09\img_moth_00016538.jpg,"[4000, 6000]",modelv1.0__2026-05-16 20:32:04
D:\moth_photos\database\batch_09\img_moth_00016539.jpg,"[4000, 6000]",modelv1.0__2026-05-16 20:32:04
D:\moth_photos\database\batch_09\img_moth_00016540.jpg,"[4000, 6000]",modelv1.0__2026-05-16 20:32:04
D:\moth_photos\database\batch_09\img_moth_00016541.jpg,"[4000, 6000]",modelv1.0__2026-05-16 20:32:04
D:\moth_photos\database\batch_09\img_moth_00016542.jpg,"[4000, 6000]",modelv1.0__2026-05-16 20:32:04
D:\moth_photos\database\batch_09\img_moth_00016543.jpg,"[4000, 6000]",modelv1.0__2026-05-16 20:32:04
D:\moth_photos\database\batch_09\img_moth_00016544.jpg,"[4000, 6000]",modelv1.0__2026-05-16 20:32:04
D:\moth_photos\database\batch_09\img_moth_00016545.jpg,"[4000, 6000]",modelv1.0__2026-05-16 20:32:04
D:\moth_photos\database\batch_09\img_moth_00016546.jpg,"[4000, 6000]",modelv1.0__2026-05-16 20:32:04
D:\moth_photos\database\batch_09\img_moth_00016547.jpg,"[4000, 6000]",modelv1.0__2026-05-16 20:32:04
D:\moth_photos\database\batch_09\img_moth_00016548.jpg,"[4000, 6000]",modelv1.0__2026-05-16 20:32:04
D:\moth_photos\database\batch_09\img_moth_00016549.jpg,"[4000, 6000]",modelv1.0__2026-05-16 20:32:04
D:\moth_photos\database\batch_09\img_moth_00016550.jpg,"[4000, 6000]",modelv1.0__2026-05-16 20:32:04
D:\moth_photos\database\batch_09\img_moth_00016551.jpg,"[4000, 6000]",modelv1.0__2026-05-16 20:32:04
D:\moth_photos\database\batch_09\img_moth_00016552.jpg,"[4000, 6000]",modelv1.0__2026-05-16 20:32:04
D:\moth_photos\database\batch_09\img_moth_00016553.jpg,"[4000, 6000]",modelv1.0__2026-05-16 20:32:04
D:\moth_photos\database\batch_09\img_moth_00016554.jpg,"[4000, 6000]",modelv1.0__2026-05-16 20:32:04
D:\moth_photos\database\batch_09\img_moth_00016555.jpg,"[4000, 6000]",modelv1.0__2026-05-16 20:32:04
D:\moth_photos\database\batch_09\img_moth_00016556.jpg,"[4000, 6000]",modelv1.0__2026-05-16 20:32:04
D:\moth_photos\database\batch_09\img_moth_00016557.jpg,"[4000, 6000]",modelv1.0__2026-05-16 20:32:04
D:\moth_photos\database\batch_09\img_moth_00016558.jpg,"[4000, 6000]",modelv1.0__2026-05-16 20:32:04
D:\moth_photos\database\batch_09\img_moth_00016559.jpg,"[4000, 6000]",modelv1.0__2026-05-16 20:32:04
D:\moth_photos\database\batch_09\img_moth_00016560.jpg,"[4000, 6000]",modelv1.0__2026-05-16 20:32:04
D:\moth_photos\database\batch_09\img_moth_00016561.jpg,"[4000, 6000]",modelv1.0__2026-05-16 20:32:04
D:\moth_photos\database\batch_09\img_moth_00016562.jpg,"[4000, 6000]",modelv1.0__2026-05-16 20:32:04
D:\moth_photos\database\batch_09\img_moth_00016563.jpg,"[4000, 6000]",modelv1.0__2026-05-16 20:32:04
D:\moth_photos\database\batch_09\img_moth_00016564.jpg,"[4000, 6000]",modelv1.0__2026-05-16 20:32:04
D:\moth_photos\database\batch_09\img_moth_00016565.jpg,"[4000, 6000]",modelv1.0__2026-05-16 20:32:04
D:\moth_photos\database\batch_09\img_moth_00016566.jpg,"[4000, 6000]",modelv1.0__2026-05-16 20:32:04
D:\moth_photos\database\batch_09\img_moth_00016567.jpg,"[4000, 6000]",modelv1.0__2026-05-16 20:32:04
D:\moth_photos\database\batch_09\img_moth_00016568.jpg,"[4000, 6000]",modelv1.0__2026-05-16 20:32:04
D:\moth_photos\database\batch_09\img_moth_00016569.jpg,"[4000, 6000]",modelv1.0__2026-05-16 20:32:04
D:\moth_photos\database\batch_09\img_moth_00016570.jpg,"[4000, 6000]",modelv1.0__2026-05-16 20:32:04
D:\moth_photos\database\batch_09\img_moth_00016571.jpg,"[4000, 6000]",modelv1.0__2026-05-16 20:32:04
D:\moth_photos\database\batch_09\img_moth_00016572.jpg,"[4000, 6000]",modelv1.0__2026-05-16 20:32:04
D:\moth_photos\database\batch_09\img_moth_00016573.jpg,"[4000, 6000]",modelv1.0__2026-05-16 20:32:04
D:\moth_photos\database\batch_09\img_moth_00016574.jpg,"[4000, 6000]",modelv1.0__2026-05-16 20:32:04
D:\moth_photos\database\batch_09\img_moth_00016575.jpg,"[4000, 6000]",modelv1.0__2026-05-16 20:32:04
D:\moth_photos\database\batch_09\img_moth_00016576.jpg,"[4000, 6000]",modelv1.0__2026-05-16 20:32:04
D:\moth_photos\database\batch_09\img_moth_00016577.jpg,"[4000, 6000]",modelv1.0__2026-05-16 20:32:04
D:\moth_photos\database\batch_09\img_moth_00016578.jpg,"[4000, 6000]",modelv1.0__2026-05-16 20:32:04
D:\moth_photos\database\batch_09\img_moth_00016579.jpg,"[4000, 6000]",modelv1.0__2026-05-16 20:32:04
D:\moth_photos\database\batch_09\img_moth_00016580.jpg,"[4000, 6000]",modelv1.0__2026-05-16 20:32:04
D:\moth_photos\database\batch_09\img_moth_00016581.jpg,"[4000, 6000]",modelv1.0__2026-05-16 20:32:04
D:\moth_photos\database\batch_09\img_moth_00016582.jpg,"[4000, 6000]",modelv1.0__2026-05-16 20:32:04
D:\moth_photos\database\batch_09\img_moth_00016583.jpg,"[4000, 6000]",modelv1.0__2026-05-16 20:32:04
D:\moth_photos\database\batch_09\img_moth_00016584.jpg,"[4000, 6000]",modelv1.0__2026-05-16 20:32:04
D:\moth_photos\database\batch_09\img_moth_00016585.jpg,"[4000, 6000]",modelv1.0__2026-05-16 20:32:04
D:\moth_photos\database\batch_09\img_moth_00016586.jpg,"[4000, 6000]",modelv1.0__2026-05-16 20:32:04
D:\moth_photos\database\batch_09\img_moth_00016587.jpg,"[4000, 6000]",modelv1.0__2026-05-16 20:32:04
D:\moth_photos\database\batch_09\img_moth_00016588.jpg,"[4000, 6000]",modelv1.0__2026-05-16 20:32:04
D:\moth_photos\database\batch_09\img_moth_00016589.jpg,"[4000, 6000]",modelv1.0__2026-05-16 20:32:04
D:\moth_photos\database\batch_09\img_moth_00016590.jpg,"[4000, 6000]",modelv1.0__2026-05-16 20:32:04
D:\moth_photos\database\batch_09\img_moth_00016591.jpg,"[4000, 6000]",modelv1.0__2026-05-16 20:32:04
D:\moth_photos\database\batch_09\img_moth_00016592.jpg,"[4000, 6000]",modelv1.0__2026-05-16 20:32:04
D:\moth_photos\database\batch_09\img_moth_00016593.jpg,"[4000, 6000]",modelv1.0__2026-05-16 20:32:04
D:\moth_photos\database\batch_09\img_moth_00016594.jpg,"[4000, 6000]",modelv1.0__2026-05-16 20:32:04
D:\moth_photos\database\batch_09\img_moth_00016595.jpg,"[4000, 6000]",modelv1.0__2026-05-16 20:32:04
D:\moth_photos\database\batch_09\img_moth_00016596.jpg,"[4000, 6000]",modelv1.0__2026-05-16 20:32:04
D:\moth_photos\database\batch_09\img_moth_00016597.jpg,"[4000, 6000]",modelv1.0__2026-05-16 20:32:04
D:\moth_photos\database\batch_09\img_moth_00016598.jpg,"[4000, 6000]",modelv1.0__2026-05-16 20:32:04
D:\moth_photos\database\batch_09\img_moth_00016599.jpg,"[4000, 6000]",modelv1.0__2026-05-16 20:32:04
D:\moth_photos\database\batch_09\img_moth_00016600.jpg,"[4000, 6000]",modelv1.0__2026-05-16 20:32:04
D:\moth_photos\database\batch_09\img_moth_00016601.jpg,"[4000, 6000]",modelv1.0__2026-05-16 20:32:04
D:\moth_photos\database\batch_09\img_moth_00016602.jpg,"[4000, 6000]",modelv1.0__2026-05-16 20:32:04
D:\moth_photos\database\batch_09\img_moth_00016603.jpg,"[4000, 6000]",modelv1.0__2026-05-16 20:32:04
D:\moth_photos\database\batch_09\img_moth_00016604.jpg,"[4000, 6000]",modelv1.0__2026-05-16 20:32:04
D:\moth_photos\database\batch_09\img_moth_00016605.jpg,"[4000, 6000]",modelv1.0__2026-05-16 20:32:04
D:\moth_photos\database\batch_09\img_moth_00016606.jpg,"[4000, 6000]",modelv1.0__2026-05-16 20:32:04
D:\moth_photos\database\batch_09\img_moth_00016607.jpg,"[4000, 6000]",modelv1.0__2026-05-16 20:32:04
D:\moth_photos\database\batch_09\img_moth_00016608.jpg,"[4000, 6000]",modelv1.0__2026-05-16 20:32:04
D:\moth_photos\database\batch_09\img_moth_00016609.jpg,"[4000, 6000]",modelv1.0__2026-05-16 20:32:04
D:\moth_photos\database\batch_09\img_moth_00016610.jpg,"[4000, 6000]",modelv1.0__2026-05-16 20:32:04
D:\moth_photos\database\batch_09\img_moth_00016611.jpg,"[4000, 6000]",modelv1.0__2026-05-16 20:32:04
D:\moth_photos\database\batch_09\img_moth_00016612.jpg,"[4000, 6000]",modelv1.0__2026-05-16 20:32:04
D:\moth_photos\database\batch_09\img_moth_00016613.jpg,"[4000, 6000]",modelv1.0__2026-05-16 20:32:04
D:\moth_photos\database\batch_09\img_moth_00016614.jpg,"[4000, 6000]",modelv1.0__2026-05-16 20:32:04
D:\moth_photos\database\batch_09\img_moth_00016615.jpg,"[4000, 6000]",modelv1.0__2026-05-16 20:32:04
D:\moth_photos\database\batch_09\img_moth_00016616.jpg,"[4000, 6000]",modelv1.0__2026-05-16 20:32:04
D:\moth_photos\database\batch_09\img_moth_00016617.jpg,"[4000, 6000]",modelv1.0__2026-05-16 20:32:04
D:\moth_photos\database\batch_09\img_moth_00016618.jpg,"[4000, 6000]",modelv1.0__2026-05-16 20:32:04
D:\moth_photos\database\batch_09\img_moth_00016619.jpg,"[4000, 6000]",modelv1.0__2026-05-16 20:32:04
D:\moth_photos\database\batch_09\img_moth_00016620.jpg,"[4000, 6000]",modelv1.0__2026-05-16 20:32:04
D:\moth_photos\database\batch_09\img_moth_00016621.jpg,"[4000, 6000]",modelv1.0__2026-05-16 20:32:04
D:\moth_photos\database\batch_09\img_moth_00016622.jpg,"[4000, 6000]",modelv1.0__2026-05-16 20:32:04
D:\moth_photos\database\batch_09\img_moth_00016623.jpg,"[4000, 6000]",modelv1.0__2026-05-16 20:32:04
D:\moth_photos\database\batch_09\img_moth_00016624.jpg,"[4000, 6000]",modelv1.0__2026-05-16 20:32:04
D:\moth_photos\database\batch_09\img_moth_00016625.jpg,"[4000, 6000]",modelv1.0__2026-05-16 20:32:04
D:\moth_photos\database\batch_09\img_moth_00016626.jpg,"[4000, 6000]",modelv1.0__2026-05-16 20:32:04
D:\moth_photos\database\batch_09\img_moth_00016627.jpg,"[4000, 6000]",modelv1.0__2026-05-16 20:32:04
D:\moth_photos\database\batch_09\img_moth_00016628.jpg,"[4000, 6000]",modelv1.0__2026-05-16 20:32:04
D:\moth_photos\database\batch_09\img_moth_00016629.jpg,"[4000, 6000]",modelv1.0__2026-05-16 20:32:04
D:\moth_photos\database\batch_09\img_moth_00016630.jpg,"[4000, 6000]",modelv1.0__2026-05-16 20:32:04
D:\moth_photos\database\batch_09\img_moth_00016631.jpg,"[4000, 6000]",modelv1.0__2026-05-16 20:32:04
D:\moth_photos\database\batch_09\img_moth_00016632.jpg,"[4000, 6000]",modelv1.0__2026-05-16 20:32:04
D:\moth_photos\database\batch_09\img_moth_00016633.jpg,"[4000, 6000]",modelv1.0__2026-05-16 20:32:04
D:\moth_photos\database\batch_09\img_moth_00016634.jpg,"[4000, 6000]",modelv1.0__2026-05-16 20:32:04
D:\moth_photos\database\batch_09\img_moth_00016635.jpg,"[4000, 6000]",modelv1.0__2026-05-16 20:32:04
D:\moth_photos\database\batch_09\img_moth_00016636.jpg,"[4000, 6000]",modelv1.0__2026-05-16 20:32:04
D:\moth_photos\database\batch_09\img_moth_00016637.jpg,"[4000, 6000]",modelv1.0__2026-05-16 20:32:04
D:\moth_photos\database\batch_09\img_moth_00016638.jpg,"[4000, 6000]",modelv1.0__2026-05-16 20:32:04
D:\moth_photos\database\batch_09\img_moth_00016639.jpg,"[4000, 6000]",modelv1.0__2026-05-16 20:32:04
D:\moth_photos\database\batch_09\img_moth_00016640.jpg,"[4000, 6000]",modelv1.0__2026-05-16 20:32:04
D:\moth_photos\database\batch_09\img_moth_00016641.jpg,"[4000, 6000]",modelv1.0__2026-05-16 20:32:04
D:\moth_photos\database\batch_09\img_moth_00016642.jpg,"[4000, 6000]",modelv1.0__2026-05-16 20:32:04
D:\moth_photos\database\batch_09\img_moth_00016643.jpg,"[4000, 6000]",modelv1.0__2026-05-16 20:32:04
D:\moth_photos\database\batch_09\img_moth_00016644.jpg,"[4000, 6000]",modelv1.0__2026-05-16 20:32:04
D:\moth_photos\database\batch_09\img_moth_00016645.jpg,"[4000, 6000]",modelv1.0__2026-05-16 20:32:04
D:\moth_photos\database\batch_09\img_moth_00016646.jpg,"[4000, 6000]",modelv1.0__2026-05-16 20:32:04
D:\moth_photos\database\batch_09\img_moth_00016647.jpg,"[4000, 6000]",modelv1.0__2026-05-16 20:32:04
D:\moth_photos\database\batch_09\img_moth_00016648.jpg,"[4000, 6000]",modelv1.0__2026-05-16 20:32:04
D:\moth_photos\database\batch_09\img_moth_00016649.jpg,"[4000, 6000]",modelv1.0__2026-05-16 20:32:04
D:\moth_photos\database\batch_09\img_moth_00016650.jpg,"[4000, 6000]",modelv1.0__2026-05-16 20:32:04
D:\moth_photos\database\batch_09\img_moth_00016651.jpg,"[4000, 6000]",modelv1.0__2026-05-16 20:32:04
D:\moth_photos\database\batch_09\img_moth_00016652.jpg,"[4000, 6000]",modelv1.0__2026-05-16 20:32:04
D:\moth_photos\database\batch_09\img_moth_00016653.jpg,"[4000, 6000]",modelv1.0__2026-05-16 20:32:04
D:\moth_photos\database\batch_09\img_moth_00016654.jpg,"[4000, 6000]",modelv1.0__2026-05-16 20:32:04
D:\moth_photos\database\batch_09\img_moth_00016655.jpg,"[4000, 6000]",modelv1.0__2026-05-16 20:32:04
D:\moth_photos\database\batch_09\img_moth_00016656.jpg,"[4000, 6000]",modelv1.0__2026-05-16 20:32:04
D:\moth_photos\database\batch_09\img_moth_00016657.jpg,"[4000, 6000]",modelv1.0__2026-05-16 20:32:04
D:\moth_photos\database\batch_09\img_moth_00016658.jpg,"[4000, 6000]",modelv1.0__2026-05-16 20:32:04
D:\moth_photos\database\batch_09\img_moth_00016659.jpg,"[4000, 6000]",modelv1.0__2026-05-16 20:32:04
D:\moth_photos\database\batch_09\img_moth_00016660.jpg,"[4000, 6000]",modelv1.0__2026-05-16 20:32:04
D:\moth_photos\database\batch_09\img_moth_00016661.jpg,"[4000, 6000]",modelv1.0__2026-05-16 20:32:04
D:\moth_photos\database\batch_09\img_moth_00016662.jpg,"[4000, 6000]",modelv1.0__2026-05-16 20:32:04
D:\moth_photos\database\batch_09\img_moth_00016663.jpg,"[4000, 6000]",modelv1.0__2026-05-16 20:32:04
D:\moth_photos\database\batch_09\img_moth_00016664.jpg,"[4000, 6000]",modelv1.0__2026-05-16 20:32:04
D:\moth_photos\database\batch_09\img_moth_00016665.jpg,"[4000, 6000]",modelv1.0__2026-05-16 20:32:04
D:\moth_photos\database\batch_09\img_moth_00016666.jpg,"[4000, 6000]",modelv1.0__2026-05-16 20:32:04
D:\moth_photos\database\batch_09\img_moth_00016667.jpg,"[4000, 6000]",modelv1.0__2026-05-16 20:32:04
D:\moth_photos\database\batch_09\img_moth_00016668.jpg,"[4000, 6000]",modelv1.0__2026-05-16 20:32:04
D:\moth_photos\database\batch_09\img_moth_00016669.jpg,"[4000, 6000]",modelv1.0__2026-05-16 20:32:04
D:\moth_photos\database\batch_09\img_moth_00016670.jpg,"[4000, 6000]",modelv1.0__2026-05-16 20:32:04
D:\moth_photos\database\batch_09\img_moth_00016671.jpg,"[4000, 6000]",modelv1.0__2026-05-16 20:32:04
D:\moth_photos\database\batch_09\img_moth_00016672.jpg,"[4000, 6000]",modelv1.0__2026-05-16 20:32:04
D:\moth_photos\database\batch_09\img_moth_00016673.jpg,"[4000, 6000]",modelv1.0__2026-05-16 20:32:04
D:\moth_photos\database\batch_09\img_moth_00016674.jpg,"[4000, 6000]",modelv1.0__2026-05-16 20:32:04
D:\moth_photos\database\batch_09\img_moth_00016675.jpg,"[4000, 6000]",modelv1.0__2026-05-16 20:32:04
D:\moth_photos\database\batch_09\img_moth_00016676.jpg,"[4000, 6000]",modelv1.0__2026-05-16 20:32:04
D:\moth_photos\database\batch_09\img_moth_00016677.jpg,"[4000, 6000]",modelv1.0__2026-05-16 20:32:04
D:\moth_photos\database\batch_09\img_moth_00016678.jpg,"[4000, 6000]",modelv1.0__2026-05-16 20:32:04
D:\moth_photos\database\batch_09\img_moth_00016679.jpg,"[4000, 6000]",modelv1.0__2026-05-16 20:32:04
D:\moth_photos\database\batch_09\img_moth_00016680.jpg,"[4000, 6000]",modelv1.0__2026-05-16 20:32:04
D:\moth_photos\database\batch_09\img_moth_00016681.jpg,"[4000, 6000]",modelv1.0__2026-05-16 20:32:04
D:\moth_photos\database\batch_09\img_moth_00016682.jpg,"[4000, 6000]",modelv1.0__2026-05-16 20:32:04
D:\moth_photos\database\batch_09\img_moth_00016683.jpg,"[4000, 6000]",modelv1.0__2026-05-16 20:32:04
D:\moth_photos\database\batch_09\img_moth_00016684.jpg,"[4000, 6000]",modelv1.0__2026-05-16 20:32:04
D:\moth_photos\database\batch_09\img_moth_00016685.jpg,"[4000, 6000]",modelv1.0__2026-05-16 20:32:04
D:\moth_photos\database\batch_09\img_moth_00016686.jpg,"[4000, 6000]",modelv1.0__2026-05-16 20:32:04
D:\moth_photos\database\batch_09\img_moth_00016687.jpg,"[4000, 6000]",modelv1.0__2026-05-16 20:32:04
D:\moth_photos\database\batch_09\img_moth_00016688.jpg,"[4000, 6000]",modelv1.0__2026-05-16 20:32:04
D:\moth_photos\database\batch_09\img_moth_00016689.jpg,"[4000, 6000]",modelv1.0__2026-05-16 20:32:04
D:\moth_photos\database\batch_09\img_moth_00016690.jpg,"[4000, 6000]",modelv1.0__2026-05-16 20:32:04
D:\moth_photos\database\batch_09\img_moth_00016691.jpg,"[4000, 6000]",modelv1.0__2026-05-16 20:32:04
D:\moth_photos\database\batch_09\img_moth_00016692.jpg,"[4000, 6000]",modelv1.0__2026-05-16 20:32:04
D:\moth_photos\database\batch_09\img_moth_00016693.jpg,"[4000, 6000]",modelv1.0__2026-05-16 20:32:04
D:\moth_photos\database\batch_09\img_moth_00016694.jpg,"[4000, 6000]",modelv1.0__2026-05-16 20:32:04
D:\moth_photos\database\batch_09\img_moth_00016695.jpg,"[4000, 6000]",modelv1.0__2026-05-16 20:32:04
D:\moth_photos\database\batch_09\img_moth_00016696.jpg,"[4000, 6000]",modelv1.0__2026-05-16 20:32:04
D:\moth_photos\database\batch_09\img_moth_00016697.jpg,"[4000, 6000]",modelv1.0__2026-05-16 20:32:04
D:\moth_photos\database\batch_09\img_moth_00016698.jpg,"[4000, 6000]",modelv1.0__2026-05-16 20:32:04
D:\moth_photos\database\batch_09\img_moth_00016699.jpg,"[4000, 6000]",modelv1.0__2026-05-16 20:32:04
D:\moth_photos\database\batch_09\img_moth_00016700.jpg,"[4000, 6000]",modelv1.0__2026-05-16 20:32:04
D:\moth_photos\database\batch_09\img_moth_00016701.jpg,"[4000, 6000]",modelv1.0__2026-05-16 20:32:04
D:\moth_photos\database\batch_09\img_moth_00016702.jpg,"[4000, 6000]",modelv1.0__2026-05-16 20:32:04
D:\moth_photos\database\batch_09\img_moth_00016703.jpg,"[4000, 6000]",modelv1.0__2026-05-16 20:32:04
D:\moth_photos\database\batch_09\img_moth_00016704.jpg,"[4000, 6000]",modelv1.0__2026-05-16 20:32:04
D:\moth_photos\database\batch_09\img_moth_00016705.jpg,"[4000, 6000]",modelv1.0__2026-05-16 20:32:04
D:\moth_photos\database\batch_09\img_moth_00016706.jpg,"[4000, 6000]",modelv1.0__2026-05-16 20:32:04
D:\moth_photos\database\batch_09\img_moth_00016707.jpg,"[4000, 6000]",modelv1.0__2026-05-16 20:32:04
D:\moth_photos\database\batch_09\img_moth_00016708.jpg,"[4000, 6000]",modelv1.0__2026-05-16 20:32:04
D:\moth_photos\database\batch_09\img_moth_00016709.jpg,"[4000, 6000]",modelv1.0__2026-05-16 20:32:04
D:\moth_photos\database\batch_09\img_moth_00016710.jpg,"[4000, 6000]",modelv1.0__2026-05-16 20:32:04
D:\moth_photos\database\batch_09\img_moth_00016711.jpg,"[4000, 6000]",modelv1.0__2026-05-16 20:32:04
D:\moth_photos\database\batch_09\img_moth_00016712.jpg,"[4000, 6000]",modelv1.0__2026-05-16 20:32:04
D:\moth_photos\database\batch_09\img_moth_00016713.jpg,"[4000, 6000]",modelv1.0__2026-05-16 20:32:04
D:\moth_photos\database\batch_09\img_moth_00016714.jpg,"[4000, 6000]",modelv1.0__2026-05-16 20:32:04
D:\moth_photos\database\batch_09\img_moth_00016715.jpg,"[4000, 6000]",modelv1.0__2026-05-16 20:32:04
D:\moth_photos\database\batch_09\img_moth_00016716.jpg,"[4000, 6000]",modelv1.0__2026-05-16 20:32:04
D:\moth_photos\database\batch_09\img_moth_00016717.jpg,"[4000, 6000]",modelv1.0__2026-05-16 20:32:04
D:\moth_photos\database\batch_09\img_moth_00016718.jpg,"[4000, 6000]",modelv1.0__2026-05-16 20:32:04
D:\moth_photos\database\batch_09\img_moth_00016719.jpg,"[4000, 6000]",modelv1.0__2026-05-16 20:32:04
D:\moth_photos\database\batch_09\img_moth_00016720.jpg,"[4000, 6000]",modelv1.0__2026-05-16 20:32:04
D:\moth_photos\database\batch_09\img_moth_00016721.jpg,"[4000, 6000]",modelv1.0__2026-05-16 20:32:04
D:\moth_photos\database\batch_09\img_moth_00016722.jpg,"[4000, 6000]",modelv1.0__2026-05-16 20:32:04
D:\moth_photos\database\batch_09\img_moth_00016723.jpg,"[4000, 6000]",modelv1.0__2026-05-16 20:32:04
D:\moth_photos\database\batch_09\img_moth_00016724.jpg,"[4000, 6000]",modelv1.0__2026-05-16 20:32:04
D:\moth_photos\database\batch_09\img_moth_00016725.jpg,"[4000, 6000]",modelv1.0__2026-05-16 20:32:04
D:\moth_photos\database\batch_09\img_moth_00016726.jpg,"[4000, 6000]",modelv1.0__2026-05-16 20:32:04
D:\moth_photos\database\batch_09\img_moth_00016727.jpg,"[4000, 6000]",modelv1.0__2026-05-16 20:32:04
D:\moth_photos\database\batch_09\img_moth_00016728.jpg,"[4000, 6000]",modelv1.0__2026-05-16 20:32:04
D:\moth_photos\database\batch_09\img_moth_00016729.jpg,"[4000, 6000]",modelv1.0__2026-05-16 20:32:04
D:\moth_photos\database\batch_09\img_moth_00016730.jpg,"[4000, 6000]",modelv1.0__2026-05-16 20:32:04
D:\moth_photos\database\batch_09\img_moth_00016731.jpg,"[4000, 6000]",modelv1.0__2026-05-16 20:32:04
D:\moth_photos\database\batch_09\img_moth_00016732.jpg,"[4000, 6000]",modelv1.0__2026-05-16 20:32:04
D:\moth_photos\database\batch_09\img_moth_00016733.jpg,"[4000, 6000]",modelv1.0__2026-05-16 20:32:04
D:\moth_photos\database\batch_09\img_moth_00016734.jpg,"[4000, 6000]",modelv1.0__2026-05-16 20:32:04
D:\moth_photos\database\batch_09\img_moth_00016735.jpg,"[4000, 6000]",modelv1.0__2026-05-16 20:32:04
D:\moth_photos\database\batch_09\img_moth_00016736.jpg,"[4000, 6000]",modelv1.0__2026-05-16 20:32:04
D:\moth_photos\database\batch_09\img_moth_00016737.jpg,"[4000, 6000]",modelv1.0__2026-05-16 20:32:04
D:\moth_photos\database\batch_09\img_moth_00016738.jpg,"[4000, 6000]",modelv1.0__2026-05-16 20:32:04
D:\moth_photos\database\batch_09\img_moth_00016739.jpg,"[4000, 6000]",modelv1.0__2026-05-16 20:32:04
D:\moth_photos\database\batch_09\img_moth_00016740.jpg,"[4000, 6000]",modelv1.0__2026-05-16 20:32:04
D:\moth_photos\database\batch_09\img_moth_00016741.jpg,"[4000, 6000]",modelv1.0__2026-05-16 20:32:04
D:\moth_photos\database\batch_09\img_moth_00016742.jpg,"[4000, 6000]",modelv1.0__2026-05-16 20:32:04
D:\moth_photos\database\batch_09\img_moth_00016743.jpg,"[4000, 6000]",modelv1.0__2026-05-16 20:32:04
D:\moth_photos\database\batch_09\img_moth_00016744.jpg,"[4000, 6000]",modelv1.0__2026-05-16 20:32:04
D:\moth_photos\database\batch_09\img_moth_00016745.jpg,"[4000, 6000]",modelv1.0__2026-05-16 20:32:04
D:\moth_photos\database\batch_09\img_moth_00016746.jpg,"[4000, 6000]",modelv1.0__2026-05-16 20:32:04
D:\moth_photos\database\batch_09\img_moth_00016747.jpg,"[4000, 6000]",modelv1.0__2026-05-16 20:32:04
D:\moth_photos\database\batch_09\img_moth_00016748.jpg,"[4000, 6000]",modelv1.0__2026-05-16 20:32:04
D:\moth_photos\database\batch_09\img_moth_00016749.jpg,"[4000, 6000]",modelv1.0__2026-05-16 20:32:04
D:\moth_photos\database\batch_09\img_moth_00016750.jpg,"[4000, 6000]",modelv1.0__2026-05-16 20:32:04
D:\moth_photos\database\batch_09\img_moth_00016751.jpg,"[4000, 6000]",modelv1.0__2026-05-16 20:32:04
D:\moth_photos\database\batch_09\img_moth_00016752.jpg,"[4000, 6000]",modelv1.0__2026-05-16 20:32:04
D:\moth_photos\database\batch_09\img_moth_00016753.jpg,"[4000, 6000]",modelv1.0__2026-05-16 20:32:04
D:\moth_photos\database\batch_09\img_moth_00016754.jpg,"[4000, 6000]",modelv1.0__2026-05-16 20:32:04
D:\moth_photos\database\batch_09\img_moth_00016755.jpg,"[4000, 6000]",modelv1.0__2026-05-16 20:32:04
D:\moth_photos\database\batch_09\img_moth_00016756.jpg,"[4000, 6000]",modelv1.0__2026-05-16 20:32:04
D:\moth_photos\database\batch_09\img_moth_00016757.jpg,"[4000, 6000]",modelv1.0__2026-05-16 20:32:04
D:\moth_photos\database\batch_09\img_moth_00016758.jpg,"[4000, 6000]",modelv1.0__2026-05-16 20:32:04
D:\moth_photos\database\batch_09\img_moth_00016759.jpg,"[4000, 6000]",modelv1.0__2026-05-16 20:32:04
D:\moth_photos\database\batch_09\img_moth_00016760.jpg,"[4000, 6000]",modelv1.0__2026-05-16 20:32:04
D:\moth_photos\database\batch_09\img_moth_00016761.jpg,"[4000, 6000]",modelv1.0__2026-05-16 20:32:04
D:\moth_photos\database\batch_09\img_moth_00016762.jpg,"[4000, 6000]",modelv1.0__2026-05-16 20:32:04
D:\moth_photos\database\batch_09\img_moth_00016763.jpg,"[4000, 6000]",modelv1.0__2026-05-16 20:32:04
D:\moth_photos\database\batch_09\img_moth_00016764.jpg,"[4000, 6000]",modelv1.0__2026-05-16 20:32:04
D:\moth_photos\database\batch_09\img_moth_00016765.jpg,"[4000, 6000]",modelv1.0__2026-05-16 20:32:04
D:\moth_photos\database\batch_09\img_moth_00016766.jpg,"[4000, 6000]",modelv1.0__2026-05-16 20:32:04
D:\moth_photos\database\batch_09\img_moth_00016767.jpg,"[4000, 6000]",modelv1.0__2026-05-16 20:32:04
D:\moth_photos\database\batch_09\img_moth_00016768.jpg,"[4000, 6000]",modelv1.0__2026-05-16 20:32:04
D:\moth_photos\database\batch_09\img_moth_00016769.jpg,"[4000, 6000]",modelv1.0__2026-05-16 20:32:04
D:\moth_photos\database\batch_09\img_moth_00016770.jpg,"[4000, 6000]",modelv1.0__2026-05-16 20:32:04
D:\moth_photos\database\batch_09\img_moth_00016771.jpg,"[4000, 6000]",modelv1.0__2026-05-16 20:32:04
D:\moth_photos\database\batch_09\img_moth_00016772.jpg,"[4000, 6000]",modelv1.0__2026-05-16 20:32:04
D:\moth_photos\database\batch_09\img_moth_00016773.jpg,"[4000, 6000]",modelv1.0__2026-05-16 20:32:04
D:\moth_photos\database\batch_09\img_moth_00016774.jpg,"[4000, 6000]",modelv1.0__2026-05-16 20:32:04
D:\moth_photos\database\batch_09\img_moth_00016775.jpg,"[4000, 6000]",modelv1.0__2026-05-16 20:32:04
D:\moth_photos\database\batch_09\img_moth_00016776.jpg,"[4000, 6000]",modelv1.0__2026-05-16 20:32:04
D:\moth_photos\database\batch_09\img_moth_00016777.jpg,"[4000, 6000]",modelv1.0__2026-05-16 20:32:04
D:\moth_photos\database\batch_09\img_moth_00016778.jpg,"[4000, 6000]",modelv1.0__2026-05-16 20:32:04
D:\moth_photos\database\batch_09\img_moth_00016779.jpg,"[4000, 6000]",modelv1.0__2026-05-16 20:32:04
D:\moth_photos\database\batch_09\img_moth_00016780.jpg,"[4000, 6000]",modelv1.0__2026-05-16 20:32:04
D:\moth_photos\database\batch_09\img_moth_00016781.jpg,"[4000, 6000]",modelv1.0__2026-05-16 20:32:04
D:\moth_photos\database\batch_09\img_moth_00016782.jpg,"[4000, 6000]",modelv1.0__2026-05-16 20:32:04
D:\moth_photos\database\batch_09\img_moth_00016783.jpg,"[4000, 6000]",modelv1.0__2026-05-16 20:32:04
D:\moth_photos\database\batch_09\img_moth_00016784.jpg,"[4000, 6000]",modelv1.0__2026-05-16 20:32:04
D:\moth_photos\database\batch_09\img_moth_00016785.jpg,"[4000, 6000]",modelv1.0__2026-05-16 20:32:04
D:\moth_photos\database\batch_09\img_moth_00016786.jpg,"[4000, 6000]",modelv1.0__2026-05-16 20:32:04
D:\moth_photos\database\batch_09\img_moth_00016787.jpg,"[4000, 6000]",modelv1.0__2026-05-16 20:32:04
D:\moth_photos\database\batch_09\img_moth_00016788.jpg,"[4000, 6000]",modelv1.0__2026-05-16 20:32:04
D:\moth_photos\database\batch_09\img_moth_00016789.jpg,"[4000, 6000]",modelv1.0__2026-05-16 20:32:04
D:\moth_photos\database\batch_09\img_moth_00016790.jpg,"[4000, 6000]",modelv1.0__2026-05-16 20:32:04
D:\moth_photos\database\batch_09\img_moth_00016791.jpg,"[4000, 6000]",modelv1.0__2026-05-16 20:32:04
D:\moth_photos\database\batch_09\img_moth_00016792.jpg,"[4000, 6000]",modelv1.0__2026-05-16 20:32:04
D:\moth_photos\database\batch_09\img_moth_00016793.jpg,"[4000, 6000]",modelv1.0__2026-05-16 20:32:04
D:\moth_photos\database\batch_09\img_moth_00016794.jpg,"[4000, 6000]",modelv1.0__2026-05-16 20:32:04
D:\moth_photos\database\batch_09\img_moth_00016795.jpg,"[4000, 6000]",modelv1.0__2026-05-16 20:32:04
D:\moth_photos\database\batch_09\img_moth_00016796.jpg,"[4000, 6000]",modelv1.0__2026-05-16 20:32:04
D:\moth_photos\database\batch_09\img_moth_00016797.jpg,"[4000, 6000]",modelv1.0__2026-05-16 20:32:04
D:\moth_photos\database\batch_09\img_moth_00016798.jpg,"[4000, 6000]",modelv1.0__2026-05-16 20:32:04
D:\moth_photos\database\batch_09\img_moth_00016799.jpg,"[4000, 6000]",modelv1.0__2026-05-16 20:32:04
D:\moth_photos\database\batch_09\img_moth_00016800.jpg,"[4000, 6000]",modelv1.0__2026-05-16 20:32:04
D:\moth_photos\database\batch_09\img_moth_00016801.jpg,"[4000, 6000]",modelv1.0__2026-05-16 20:32:04
D:\moth_photos\database\batch_09\img_moth_00016802.jpg,"[4000, 6000]",modelv1.0__2026-05-16 20:32:04
D:\moth_photos\database\batch_09\img_moth_00016803.jpg,"[4000, 6000]",modelv1.0__2026-05-16 20:32:04
D:\moth_photos\database\batch_09\img_moth_00016804.jpg,"[4000, 6000]",modelv1.0__2026-05-16 20:32:04
D:\moth_photos\database\batch_09\img_moth_00016805.jpg,"[4000, 6000]",modelv1.0__2026-05-16 20:32:04
D:\moth_photos\database\batch_09\img_moth_00016806.jpg,"[4000, 6000]",modelv1.0__2026-05-16 20:32:04
D:\moth_photos\database\batch_09\img_moth_00016807.jpg,"[4000, 6000]",modelv1.0__2026-05-16 20:32:04
D:\moth_photos\database\batch_09\img_moth_00016808.jpg,"[4000, 6000]",modelv1.0__2026-05-16 20:32:04
D:\moth_photos\database\batch_09\img_moth_00016809.jpg,"[4000, 6000]",modelv1.0__2026-05-16 20:32:04
D:\moth_photos\database\batch_09\img_moth_00016810.jpg,"[4000, 6000]",modelv1.0__2026-05-16 20:32:04
D:\moth_photos\database\batch_09\img_moth_00016811.jpg,"[4000, 6000]",modelv1.0__2026-05-16 20:32:04
D:\moth_photos\database\batch_09\img_moth_00016812.jpg,"[4000, 6000]",modelv1.0__2026-05-16 20:32:04
D:\moth_photos\database\batch_09\img_moth_00016813.jpg,"[4000, 6000]",modelv1.0__2026-05-16 20:32:04
D:\moth_photos\database\batch_09\img_moth_00016814.jpg,"[4000, 6000]",modelv1.0__2026-05-16 20:32:04
D:\moth_photos\database\batch_09\img_moth_00016815.jpg,"[4000, 6000]",modelv1.0__2026-05-16 20:32:04
D:\moth_photos\database\batch_09\img_moth_00016816.jpg,"[4000, 6000]",modelv1.0__2026-05-16 20:32:04
D:\moth_photos\database\batch_09\img_moth_00016817.jpg,"[4000, 6000]",modelv1.0__2026-05-16 20:32:04
D:\moth_photos\database\batch_09\img_moth_00016818.jpg,"[4000, 6000]",modelv1.0__2026-05-16 20:32:04
D:\moth_photos\database\batch_09\img_moth_00016819.jpg,"[4000, 6000]",modelv1.0__2026-05-16 20:32:04
D:\moth_photos\database\batch_09\img_moth_00016820.jpg,"[4000, 6000]",modelv1.0__2026-05-16 20:32:04
D:\moth_photos\database\batch_09\img_moth_00016821.jpg,"[4000, 6000]",modelv1.0__2026-05-16 20:32:04
D:\moth_photos\database\batch_09\img_moth_00016822.jpg,"[4000, 6000]",modelv1.0__2026-05-16 20:32:04
D:\moth_photos\database\batch_09\img_moth_00016823.jpg,"[4000, 6000]",modelv1.0__2026-05-16 20:32:04
D:\moth_photos\database\batch_09\img_moth_00016824.jpg,"[4000, 6000]",modelv1.0__2026-05-16 20:32:04
D:\moth_photos\database\batch_09\img_moth_00016825.jpg,"[4000, 6000]",modelv1.0__2026-05-16 20:32:04
D:\moth_photos\database\batch_09\img_moth_00016826.jpg,"[4000, 6000]",modelv1.0__2026-05-16 20:32:04
D:\moth_photos\database\batch_09\img_moth_00016827.jpg,"[4000, 6000]",modelv1.0__2026-05-16 20:32:04
D:\moth_photos\database\batch_09\img_moth_00016828.jpg,"[4000, 6000]",modelv1.0__2026-05-16 20:32:04
D:\moth_photos\database\batch_09\img_moth_00016829.jpg,"[4000, 6000]",modelv1.0__2026-05-16 20:32:04
D:\moth_photos\database\batch_09\img_moth_00016830.jpg,"[4000, 6000]",modelv1.0__2026-05-16 20:32:04
D:\moth_photos\database\batch_09\img_moth_00016831.jpg,"[4000, 6000]",modelv1.0__2026-05-16 20:32:04
D:\moth_photos\database\batch_09\img_moth_00016832.jpg,"[4000, 6000]",modelv1.0__2026-05-16 20:32:04
D:\moth_photos\database\batch_09\img_moth_00016833.jpg,"[4000, 6000]",modelv1.0__2026-05-16 20:32:04
D:\moth_photos\database\batch_09\img_moth_00016834.jpg,"[4000, 6000]",modelv1.0__2026-05-16 20:32:04
D:\moth_photos\database\batch_09\img_moth_00016835.jpg,"[4000, 6000]",modelv1.0__2026-05-16 20:32:04
D:\moth_photos\database\batch_09\img_moth_00016836.jpg,"[4000, 6000]",modelv1.0__2026-05-16 20:32:04
D:\moth_photos\database\batch_09\img_moth_00016837.jpg,"[4000, 6000]",modelv1.0__2026-05-16 20:32:04
D:\moth_photos\database\batch_09\img_moth_00016838.jpg,"[4000, 6000]",modelv1.0__2026-05-16 20:32:04
D:\moth_photos\database\batch_09\img_moth_00016839.jpg,"[4000, 6000]",modelv1.0__2026-05-16 20:32:04
D:\moth_photos\database\batch_09\img_moth_00016840.jpg,"[4000, 6000]",modelv1.0__2026-05-16 20:32:04
D:\moth_photos\database\batch_09\img_moth_00016841.jpg,"[4000, 6000]",modelv1.0__2026-05-16 20:32:04
D:\moth_photos\database\batch_09\img_moth_00016842.jpg,"[4000, 6000]",modelv1.0__2026-05-16 20:32:04
D:\moth_photos\database\batch_09\img_moth_00016843.jpg,"[4000, 6000]",modelv1.0__2026-05-16 20:32:04
D:\moth_photos\database\batch_09\img_moth_00016844.jpg,"[4000, 6000]",modelv1.0__2026-05-16 20:32:04
D:\moth_photos\database\batch_09\img_moth_00016845.jpg,"[4000, 6000]",modelv1.0__2026-05-16 20:32:04
D:\moth_photos\database\batch_09\img_moth_00016846.jpg,"[4000, 6000]",modelv1.0__2026-05-16 20:32:04
D:\moth_photos\database\batch_09\img_moth_00016847.jpg,"[4000, 6000]",modelv1.0__2026-05-16 20:32:04
D:\moth_photos\database\batch_09\img_moth_00016848.jpg,"[4000, 6000]",modelv1.0__2026-05-16 20:32:04
D:\moth_photos\database\batch_09\img_moth_00016849.jpg,"[4000, 6000]",modelv1.0__2026-05-16 20:32:04
D:\moth_photos\database\batch_09\img_moth_00016850.jpg,"[4000, 6000]",modelv1.0__2026-05-16 20:32:04
D:\moth_photos\database\batch_09\img_moth_00016851.jpg,"[4000, 6000]",modelv1.0__2026-05-16 20:32:04
D:\moth_photos\database\batch_09\img_moth_00016852.jpg,"[4000, 6000]",modelv1.0__2026-05-16 20:32:04
D:\moth_photos\database\batch_09\img_moth_00016853.jpg,"[4000, 6000]",modelv1.0__2026-05-16 20:32:04
D:\moth_photos\database\batch_09\img_moth_00016854.jpg,"[4000, 6000]",modelv1.0__2026-05-16 20:32:04
D:\moth_photos\database\batch_09\img_moth_00016855.jpg,"[4000, 6000]",modelv1.0__2026-05-16 20:32:04
D:\moth_photos\database\batch_09\img_moth_00016856.jpg,"[4000, 6000]",modelv1.0__2026-05-16 20:32:04
D:\moth_photos\database\batch_09\img_moth_00016857.jpg,"[4000, 6000]",modelv1.0__2026-05-16 20:32:04
D:\moth_photos\database\batch_09\img_moth_00016858.jpg,"[4000, 6000]",modelv1.0__2026-05-16 20:32:04
D:\moth_photos\database\batch_09\img_moth_00016859.jpg,"[4000, 6000]",modelv1.0__2026-05-16 20:32:04
D:\moth_photos\database\batch_09\img_moth_00016860.jpg,"[4000, 6000]",modelv1.0__2026-05-16 20:32:04
D:\moth_photos\database\batch_09\img_moth_00016861.jpg,"[4000, 6000]",modelv1.0__2026-05-16 20:32:04
D:\moth_photos\database\batch_09\img_moth_00016862.jpg,"[4000, 6000]",modelv1.0__2026-05-16 20:32:04
D:\moth_photos\database\batch_09\img_moth_00016863.jpg,"[4000, 6000]",modelv1.0__2026-05-16 20:32:04
D:\moth_photos\database\batch_09\img_moth_00016864.jpg,"[4000, 6000]",modelv1.0__2026-05-16 20:32:04
D:\moth_photos\database\batch_09\img_moth_00016865.jpg,"[4000, 6000]",modelv1.0__2026-05-16 20:32:04
D:\moth_photos\database\batch_09\img_moth_00016866.jpg,"[4000, 6000]",modelv1.0__2026-05-16 20:32:04
D:\moth_photos\database\batch_09\img_moth_00016867.jpg,"[4000, 6000]",modelv1.0__2026-05-16 20:32:04
D:\moth_photos\database\batch_09\img_moth_00016868.jpg,"[4000, 6000]",modelv1.0__2026-05-16 20:32:04
D:\moth_photos\database\batch_09\img_moth_00016869.jpg,"[4000, 6000]",modelv1.0__2026-05-16 20:32:04
D:\moth_photos\database\batch_09\img_moth_00016870.jpg,"[4000, 6000]",modelv1.0__2026-05-16 20:32:04
D:\moth_photos\database\batch_09\img_moth_00016871.jpg,"[4000, 6000]",modelv1.0__2026-05-16 20:32:04
D:\moth_photos\database\batch_09\img_moth_00016872.jpg,"[4000, 6000]",modelv1.0__2026-05-16 20:32:04
D:\moth_photos\database\batch_09\img_moth_00016873.jpg,"[4000, 6000]",modelv1.0__2026-05-16 20:32:04
D:\moth_photos\database\batch_09\img_moth_00016874.jpg,"[4000, 6000]",modelv1.0__2026-05-16 20:32:04
D:\moth_photos\database\batch_09\img_moth_00016875.jpg,"[4000, 6000]",modelv1.0__2026-05-16 20:32:04
D:\moth_photos\database\batch_09\img_moth_00016876.jpg,"[4000, 6000]",modelv1.0__2026-05-16 20:32:04
D:\moth_photos\database\batch_09\img_moth_00016877.jpg,"[4000, 6000]",modelv1.0__2026-05-16 20:32:04
D:\moth_photos\database\batch_09\img_moth_00016878.jpg,"[4000, 6000]",modelv1.0__2026-05-16 20:32:04
D:\moth_photos\database\batch_09\img_moth_00016879.jpg,"[4000, 6000]",modelv1.0__2026-05-16 20:32:04
D:\moth_photos\database\batch_09\img_moth_00016880.jpg,"[4000, 6000]",modelv1.0__2026-05-16 20:32:04
D:\moth_photos\database\batch_09\img_moth_00016881.jpg,"[4000, 6000]",modelv1.0__2026-05-16 20:32:04
D:\moth_photos\database\batch_09\img_moth_00016882.jpg,"[4000, 6000]",modelv1.0__2026-05-16 20:32:04
D:\moth_photos\database\batch_09\img_moth_00016883.jpg,"[4000, 6000]",modelv1.0__2026-05-16 20:32:04
D:\moth_photos\database\batch_09\img_moth_00016884.jpg,"[4000, 6000]",modelv1.0__2026-05-16 20:32:04
D:\moth_photos\database\batch_09\img_moth_00016885.jpg,"[4000, 6000]",modelv1.0__2026-05-16 20:32:04
D:\moth_photos\database\batch_09\img_moth_00016886.jpg,"[4000, 6000]",modelv1.0__2026-05-16 20:32:04
D:\moth_photos\database\batch_09\img_moth_00016887.jpg,"[4000, 6000]",modelv1.0__2026-05-16 20:32:04
D:\moth_photos\database\batch_09\img_moth_00016888.jpg,"[4000, 6000]",modelv1.0__2026-05-16 20:32:04
D:\moth_photos\database\batch_09\img_moth_00016889.jpg,"[4000, 6000]",modelv1.0__2026-05-16 20:32:04
D:\moth_photos\database\batch_09\img_moth_00016890.jpg,"[4000, 6000]",modelv1.0__2026-05-16 20:32:04
D:\moth_photos\database\batch_09\img_moth_00016891.jpg,"[4000, 6000]",modelv1.0__2026-05-16 20:32:04
D:\moth_photos\database\batch_09\img_moth_00016892.jpg,"[4000, 6000]",modelv1.0__2026-05-16 20:32:04
D:\moth_photos\database\batch_09\img_moth_00016893.jpg,"[4000, 6000]",modelv1.0__2026-05-16 20:32:04
D:\moth_photos\database\batch_09\img_moth_00016894.jpg,"[4000, 6000]",modelv1.0__2026-05-16 20:32:04
D:\moth_photos\database\batch_09\img_moth_00016895.jpg,"[4000, 6000]",modelv1.0__2026-05-16 20:32:04
D:\moth_photos\database\batch_09\img_moth_00016896.jpg,"[4000, 6000]",modelv1.0__2026-05-16 20:32:04
D:\moth_photos\database\batch_09\img_moth_00016897.jpg,"[4000, 6000]",modelv1.0__2026-05-16 20:32:04
D:\moth_photos\database\batch_09\img_moth_00016898.jpg,"[4000, 6000]",modelv1.0__2026-05-16 20:32:04
D:\moth_photos\database\batch_09\img_moth_00016899.jpg,"[4000, 6000]",modelv1.0__2026-05-16 20:32:04
D:\moth_photos\database\batch_09\img_moth_00016900.jpg,"[4000, 6000]",modelv1.0__2026-05-16 20:32:04
D:\moth_photos\database\batch_09\img_moth_00016901.jpg,"[4000, 6000]",modelv1.0__2026-05-16 20:32:04
D:\moth_photos\database\batch_09\img_moth_00016902.jpg,"[4000, 6000]",modelv1.0__2026-05-16 20:32:04
D:\moth_photos\database\batch_09\img_moth_00016903.jpg,"[4000, 6000]",modelv1.0__2026-05-16 20:32:04
D:\moth_photos\database\batch_09\img_moth_00016904.jpg,"[4000, 6000]",modelv1.0__2026-05-16 20:32:04
D:\moth_photos\database\batch_09\img_moth_00016905.jpg,"[4000, 6000]",modelv1.0__2026-05-16 20:32:04
D:\moth_photos\database\batch_09\img_moth_00016906.jpg,"[4000, 6000]",modelv1.0__2026-05-16 20:32:04
D:\moth_photos\database\batch_09\img_moth_00016907.jpg,"[4000, 6000]",modelv1.0__2026-05-16 20:32:04
D:\moth_photos\database\batch_09\img_moth_00016908.jpg,"[4000, 6000]",modelv1.0__2026-05-16 20:32:04
D:\moth_photos\database\batch_09\img_moth_00016909.jpg,"[4000, 6000]",modelv1.0__2026-05-16 20:32:04
D:\moth_photos\database\batch_09\img_moth_00016910.jpg,"[4000, 6000]",modelv1.0__2026-05-16 20:32:04
D:\moth_photos\database\batch_09\img_moth_00016911.jpg,"[4000, 6000]",modelv1.0__2026-05-16 20:32:04
D:\moth_photos\database\batch_09\img_moth_00016912.jpg,"[4000, 6000]",modelv1.0__2026-05-16 20:32:04
D:\moth_photos\database\batch_09\img_moth_00016913.jpg,"[4000, 6000]",modelv1.0__2026-05-16 20:32:04
D:\moth_photos\database\batch_09\img_moth_00016914.jpg,"[4000, 6000]",modelv1.0__2026-05-16 20:32:04
D:\moth_photos\database\batch_09\img_moth_00016915.jpg,"[4000, 6000]",modelv1.0__2026-05-16 20:32:04
D:\moth_photos\database\batch_09\img_moth_00016916.jpg,"[4000, 6000]",modelv1.0__2026-05-16 20:32:04
D:\moth_photos\database\batch_09\img_moth_00016917.jpg,"[4000, 6000]",modelv1.0__2026-05-16 20:32:04
D:\moth_photos\database\batch_09\img_moth_00016918.jpg,"[4000, 6000]",modelv1.0__2026-05-16 20:32:04
D:\moth_photos\database\batch_09\img_moth_00016919.jpg,"[4000, 6000]",modelv1.0__2026-05-16 20:32:04
D:\moth_photos\database\batch_09\img_moth_00016920.jpg,"[4000, 6000]",modelv1.0__2026-05-16 20:32:04
D:\moth_photos\database\batch_09\img_moth_00016921.jpg,"[4000, 6000]",modelv1.0__2026-05-16 20:32:04
D:\moth_photos\database\batch_09\img_moth_00016922.jpg,"[4000, 6000]",modelv1.0__2026-05-16 20:32:04
D:\moth_photos\database\batch_09\img_moth_00016923.jpg,"[4000, 6000]",modelv1.0__2026-05-16 20:32:04
D:\moth_photos\database\batch_09\img_moth_00016924.jpg,"[4000, 6000]",modelv1.0__2026-05-16 20:32:04
D:\moth_photos\database\batch_09\img_moth_00016925.jpg,"[4000, 6000]",modelv1.0__2026-05-16 20:32:04
D:\moth_photos\database\batch_09\img_moth_00016926.jpg,"[4000, 6000]",modelv1.0__2026-05-16 20:32:04
D:\moth_photos\database\batch_09\img_moth_00016927.jpg,"[4000, 6000]",modelv1.0__2026-05-16 20:32:04
D:\moth_photos\database\batch_09\img_moth_00016928.jpg,"[4000, 6000]",modelv1.0__2026-05-16 20:32:04
D:\moth_photos\database\batch_09\img_moth_00016929.jpg,"[4000, 6000]",modelv1.0__2026-05-16 20:32:04
D:\moth_photos\database\batch_09\img_moth_00016930.jpg,"[4000, 6000]",modelv1.0__2026-05-16 20:32:04
D:\moth_photos\database\batch_09\img_moth_00016931.jpg,"[4000, 6000]",modelv1.0__2026-05-16 20:32:04
D:\moth_photos\database\batch_09\img_moth_00016932.jpg,"[4000, 6000]",modelv1.0__2026-05-16 20:32:04
D:\moth_photos\database\batch_09\img_moth_00016933.jpg,"[4000, 6000]",modelv1.0__2026-05-16 20:32:04
D:\moth_photos\database\batch_09\img_moth_00016934.jpg,"[4000, 6000]",modelv1.0__2026-05-16 20:32:04
D:\moth_photos\database\batch_09\img_moth_00016935.jpg,"[4000, 6000]",modelv1.0__2026-05-16 20:32:04
D:\moth_photos\database\batch_09\img_moth_00016936.jpg,"[4000, 6000]",modelv1.0__2026-05-16 20:32:04
D:\moth_photos\database\batch_09\img_moth_00016937.jpg,"[4000, 6000]",modelv1.0__2026-05-16 20:32:04
D:\moth_photos\database\batch_09\img_moth_00016938.jpg,"[4000, 6000]",modelv1.0__2026-05-16 20:32:04
D:\moth_photos\database\batch_09\img_moth_00016939.jpg,"[4000, 6000]",modelv1.0__2026-05-16 20:32:04
D:\moth_photos\database\batch_09\img_moth_00016940.jpg,"[4000, 6000]",modelv1.0__2026-05-16 20:32:04
D:\moth_photos\database\batch_09\img_moth_00016941.jpg,"[4000, 6000]",modelv1.0__2026-05-16 20:32:04
D:\moth_photos\database\batch_09\img_moth_00016942.jpg,"[4000, 6000]",modelv1.0__2026-05-16 20:32:04
D:\moth_photos\database\batch_09\img_moth_00016943.jpg,"[4000, 6000]",modelv1.0__2026-05-16 20:32:04
D:\moth_photos\database\batch_09\img_moth_00016944.jpg,"[4000, 6000]",modelv1.0__2026-05-16 20:32:04
D:\moth_photos\database\batch_09\img_moth_00016945.jpg,"[4000, 6000]",modelv1.0__2026-05-16 20:32:04
D:\moth_photos\database\batch_09\img_moth_00016946.jpg,"[4000, 6000]",modelv1.0__2026-05-16 20:32:04
D:\moth_photos\database\batch_09\img_moth_00016947.jpg,"[4000, 6000]",modelv1.0__2026-05-16 20:32:04
D:\moth_photos\database\batch_09\img_moth_00016948.jpg,"[4000, 6000]",modelv1.0__2026-05-16 20:32:04
D:\moth_photos\database\batch_09\img_moth_00016949.jpg,"[4000, 6000]",modelv1.0__2026-05-16 20:32:04
D:\moth_photos\database\batch_09\img_moth_00016950.jpg,"[4000, 6000]",modelv1.0__2026-05-16 20:32:04
D:\moth_photos\database\batch_09\img_moth_00016951.jpg,"[4000, 6000]",modelv1.0__2026-05-16 20:32:04
D:\moth_photos\database\batch_09\img_moth_00016952.jpg,"[4000, 6000]",modelv1.0__2026-05-16 20:32:04
D:\moth_photos\database\batch_09\img_moth_00016953.jpg,"[4000, 6000]",modelv1.0__2026-05-16 20:32:04
D:\moth_photos\database\batch_09\img_moth_00016954.jpg,"[4000, 6000]",modelv1.0__2026-05-16 20:32:04
D:\moth_photos\database\batch_09\img_moth_00016955.jpg,"[4000, 6000]",modelv1.0__2026-05-16 20:32:04
D:\moth_photos\database\batch_09\img_moth_00016956.jpg,"[4000, 6000]",modelv1.0__2026-05-16 20:32:04
D:\moth_photos\database\batch_09\img_moth_00016957.jpg,"[4000, 6000]",modelv1.0__2026-05-16 20:32:04
D:\moth_photos\database\batch_09\img_moth_00016958.jpg,"[4000, 6000]",modelv1.0__2026-05-16 20:32:04
D:\moth_photos\database\batch_09\img_moth_00016959.jpg,"[4000, 6000]",modelv1.0__2026-05-16 20:32:04
D:\moth_photos\database\batch_09\img_moth_00016960.jpg,"[4000, 6000]",modelv1.0__2026-05-16 20:32:04
D:\moth_photos\database\batch_09\img_moth_00016961.jpg,"[4000, 6000]",modelv1.0__2026-05-16 20:32:04
D:\moth_photos\database\batch_09\img_moth_00016962.jpg,"[4000, 6000]",modelv1.0__2026-05-16 20:32:04
D:\moth_photos\database\batch_09\img_moth_00016963.jpg,"[4000, 6000]",modelv1.0__2026-05-16 20:32:04
D:\moth_photos\database\batch_09\img_moth_00016964.jpg,"[4000, 6000]",modelv1.0__2026-05-16 20:32:04
D:\moth_photos\database\batch_09\img_moth_00016965.jpg,"[4000, 6000]",modelv1.0__2026-05-16 20:32:04
D:\moth_photos\database\batch_09\img_moth_00016966.jpg,"[4000, 6000]",modelv1.0__2026-05-16 20:32:04
D:\moth_photos\database\batch_09\img_moth_00016967.jpg,"[4000, 6000]",modelv1.0__2026-05-16 20:32:04
D:\moth_photos\database\batch_09\img_moth_00016968.jpg,"[4000, 6000]",modelv1.0__2026-05-16 20:32:04
D:\moth_photos\database\batch_09\img_moth_00016969.jpg,"[4000, 6000]",modelv1.0__2026-05-16 20:32:04
D:\moth_photos\database\batch_09\img_moth_00016970.jpg,"[4000, 6000]",modelv1.0__2026-05-16 20:32:04
D:\moth_photos\database\batch_09\img_moth_00016971.jpg,"[4000, 6000]",modelv1.0__2026-05-16 20:32:04
D:\moth_photos\database\batch_09\img_moth_00016972.jpg,"[4000, 6000]",modelv1.0__2026-05-16 20:32:04
D:\moth_photos\database\batch_09\img_moth_00016973.jpg,"[4000, 6000]",modelv1.0__2026-05-16 20:32:04
D:\moth_photos\database\batch_09\img_moth_00016974.jpg,"[4000, 6000]",modelv1.0__2026-05-16 20:32:04
D:\moth_photos\database\batch_09\img_moth_00016975.jpg,"[4000, 6000]",modelv1.0__2026-05-16 20:32:04
D:\moth_photos\database\batch_09\img_moth_00016976.jpg,"[4000, 6000]",modelv1.0__2026-05-16 20:32:04
D:\moth_photos\database\batch_09\img_moth_00016977.jpg,"[4000, 6000]",modelv1.0__2026-05-16 20:32:04
D:\moth_photos\database\batch_09\img_moth_00016978.jpg,"[4000, 6000]",modelv1.0__2026-05-16 20:32:04
D:\moth_photos\database\batch_09\img_moth_00016979.jpg,"[4000, 6000]",modelv1.0__2026-05-16 20:32:04
D:\moth_photos\database\batch_09\img_moth_00016980.jpg,"[4000, 6000]",modelv1.0__2026-05-16 20:32:04
D:\moth_photos\database\batch_09\img_moth_00016981.jpg,"[4000, 6000]",modelv1.0__2026-05-16 20:32:04
D:\moth_photos\database\batch_09\img_moth_00016982.jpg,"[4000, 6000]",modelv1.0__2026-05-16 20:32:04
D:\moth_photos\database\batch_09\img_moth_00016983.jpg,"[4000, 6000]",modelv1.0__2026-05-16 20:32:04
D:\moth_photos\database\batch_09\img_moth_00016984.jpg,"[4000, 6000]",modelv1.0__2026-05-16 20:32:04
D:\moth_photos\database\batch_09\img_moth_00016985.jpg,"[4000, 6000]",modelv1.0__2026-05-16 20:32:04
D:\moth_photos\database\batch_09\img_moth_00016986.jpg,"[4000, 6000]",modelv1.0__2026-05-16 20:32:04
D:\moth_photos\database\batch_09\img_moth_00016987.jpg,"[4000, 6000]",modelv1.0__2026-05-16 20:32:04
D:\moth_photos\database\batch_09\img_moth_00016988.jpg,"[4000, 6000]",modelv1.0__2026-05-16 20:32:04
D:\moth_photos\database\batch_09\img_moth_00016989.jpg,"[4000, 6000]",modelv1.0__2026-05-16 20:32:04
D:\moth_photos\database\batch_09\img_moth_00016990.jpg,"[4000, 6000]",modelv1.0__2026-05-16 20:32:04
D:\moth_photos\database\batch_09\img_moth_00016991.jpg,"[4000, 6000]",modelv1.0__2026-05-16 20:32:04
D:\moth_photos\database\batch_09\img_moth_00016992.jpg,"[4000, 6000]",modelv1.0__2026-05-16 20:32:04
D:\moth_photos\database\batch_09\img_moth_00016993.jpg,"[4000, 6000]",modelv1.0__2026-05-16 20:32:04
D:\moth_photos\database\batch_09\img_moth_00016994.jpg,"[4000, 6000]",modelv1.0__2026-05-16 20:32:04
D:\moth_photos\database\batch_09\img_moth_00016995.jpg,"[4000, 6000]",modelv1.0__2026-05-16 20:32:04
D:\moth_photos\database\batch_09\img_moth_00016996.jpg,"[4000, 6000]",modelv1.0__2026-05-16 20:32:04
D:\moth_photos\database\batch_09\img_moth_00016997.jpg,"[4000, 6000]",modelv1.0__2026-05-16 20:32:04
D:\moth_photos\database\batch_09\img_moth_00016998.jpg,"[4000, 6000]",modelv1.0__2026-05-16 20:32:04
D:\moth_photos\database\batch_09\img_moth_00016999.jpg,"[4000, 6000]",modelv1.0__2026-05-16 20:32:04
D:\moth_photos\database\batch_09\img_moth_00017000.jpg,"[4000, 6000]",modelv1.0__2026-05-16 20:32:04
D:\moth_photos\database\batch_09\img_moth_00017001.jpg,"[4000, 6000]",modelv1.0__2026-05-16 20:32:04
D:\moth_photos\database\batch_09\img_moth_00017002.jpg,"[4000, 6000]",modelv1.0__2026-05-16 20:32:04
D:\moth_photos\database\batch_09\img_moth_00017003.jpg,"[4000, 6000]",modelv1.0__2026-05-16 20:32:04
D:\moth_photos\database\batch_09\img_moth_00017004.jpg,"[4000, 6000]",modelv1.0__2026-05-16 20:32:04
D:\moth_photos\database\batch_09\img_moth_00017005.jpg,"[4000, 6000]",modelv1.0__2026-05-16 20:32:04
D:\moth_photos\database\batch_09\img_moth_00017006.jpg,"[4000, 6000]",modelv1.0__2026-05-16 20:32:04
D:\moth_photos\database\batch_09\img_moth_00017007.jpg,"[4000, 6000]",modelv1.0__2026-05-16 20:32:04
D:\moth_photos\database\batch_09\img_moth_00017008.jpg,"[4000, 6000]",modelv1.0__2026-05-16 20:32:04
D:\moth_photos\database\batch_09\img_moth_00017009.jpg,"[4000, 6000]",modelv1.0__2026-05-16 20:32:04
D:\moth_photos\database\batch_09\img_moth_00017010.jpg,"[4000, 6000]",modelv1.0__2026-05-16 20:32:04
D:\moth_photos\database\batch_09\img_moth_00017011.jpg,"[4000, 6000]",modelv1.0__2026-05-16 20:32:04
D:\moth_photos\database\batch_09\img_moth_00017012.jpg,"[4000, 6000]",modelv1.0__2026-05-16 20:32:04
D:\moth_photos\database\batch_09\img_moth_00017013.jpg,"[4000, 6000]",modelv1.0__2026-05-16 20:32:04
D:\moth_photos\database\batch_09\img_moth_00017014.jpg,"[4000, 6000]",modelv1.0__2026-05-16 20:32:04
D:\moth_photos\database\batch_09\img_moth_00017015.jpg,"[4000, 6000]",modelv1.0__2026-05-16 20:32:04
D:\moth_photos\database\batch_09\img_moth_00017016.jpg,"[4000, 6000]",modelv1.0__2026-05-16 20:32:04
D:\moth_photos\database\batch_09\img_moth_00017017.jpg,"[4000, 6000]",modelv1.0__2026-05-16 20:32:04
D:\moth_photos\database\batch_09\img_moth_00017018.jpg,"[4000, 6000]",modelv1.0__2026-05-16 20:32:04
D:\moth_photos\database\batch_09\img_moth_00017019.jpg,"[4000, 6000]",modelv1.0__2026-05-16 20:32:04
D:\moth_photos\database\batch_09\img_moth_00017020.jpg,"[4000, 6000]",modelv1.0__2026-05-16 20:32:04
D:\moth_photos\database\batch_09\img_moth_00017021.jpg,"[4000, 6000]",modelv1.0__2026-05-16 20:32:04
D:\moth_photos\database\batch_09\img_moth_00017022.jpg,"[4000, 6000]",modelv1.0__2026-05-16 20:32:04
D:\moth_photos\database\batch_09\img_moth_00017023.jpg,"[4000, 6000]",modelv1.0__2026-05-16 20:32:04
D:\moth_photos\database\batch_09\img_moth_00017024.jpg,"[4000, 6000]",modelv1.0__2026-05-16 20:32:04
D:\moth_photos\database\batch_09\img_moth_00017025.jpg,"[4000, 6000]",modelv1.0__2026-05-16 20:32:04
D:\moth_photos\database\batch_09\img_moth_00017026.jpg,"[4000, 6000]",modelv1.0__2026-05-16 20:32:04
D:\moth_photos\database\batch_09\img_moth_00017027.jpg,"[4000, 6000]",modelv1.0__2026-05-16 20:32:04
D:\moth_photos\database\batch_09\img_moth_00017028.jpg,"[4000, 6000]",modelv1.0__2026-05-16 20:32:04
D:\moth_photos\database\batch_09\img_moth_00017029.jpg,"[4000, 6000]",modelv1.0__2026-05-16 20:32:04
D:\moth_photos\database\batch_09\img_moth_00017030.jpg,"[4000, 6000]",modelv1.0__2026-05-16 20:32:04
D:\moth_photos\database\batch_09\img_moth_00017031.jpg,"[4000, 6000]",modelv1.0__2026-05-16 20:32:04
D:\moth_photos\database\batch_09\img_moth_00017032.jpg,"[4000, 6000]",modelv1.0__2026-05-16 20:32:04
D:\moth_photos\database\batch_09\img_moth_00017033.jpg,"[4000, 6000]",modelv1.0__2026-05-16 20:32:04
D:\moth_photos\database\batch_09\img_moth_00017034.jpg,"[4000, 6000]",modelv1.0__2026-05-16 20:32:04
D:\moth_photos\database\batch_09\img_moth_00017035.jpg,"[4000, 6000]",modelv1.0__2026-05-16 20:32:04
D:\moth_photos\database\batch_09\img_moth_00017036.jpg,"[4000, 6000]",modelv1.0__2026-05-16 20:32:04
D:\moth_photos\database\batch_09\img_moth_00017037.jpg,"[4000, 6000]",modelv1.0__2026-05-16 20:32:04
D:\moth_photos\database\batch_09\img_moth_00017038.jpg,"[4000, 6000]",modelv1.0__2026-05-16 20:32:04
D:\moth_photos\database\batch_09\img_moth_00017039.jpg,"[4000, 6000]",modelv1.0__2026-05-16 20:32:04
D:\moth_photos\database\batch_09\img_moth_00017040.jpg,"[4000, 6000]",modelv1.0__2026-05-16 20:32:04
D:\moth_photos\database\batch_09\img_moth_00017041.jpg,"[4000, 6000]",modelv1.0__2026-05-16 20:32:04
D:\moth_photos\database\batch_09\img_moth_00017042.jpg,"[4000, 6000]",modelv1.0__2026-05-16 20:32:04
D:\moth_photos\database\batch_09\img_moth_00017043.jpg,"[4000, 6000]",modelv1.0__2026-05-16 20:32:04
D:\moth_photos\database\batch_09\img_moth_00017044.jpg,"[4000, 6000]",modelv1.0__2026-05-16 20:32:04
D:\moth_photos\database\batch_09\img_moth_00017045.jpg,"[4000, 6000]",modelv1.0__2026-05-16 20:32:04
D:\moth_photos\database\batch_09\img_moth_00017046.jpg,"[4000, 6000]",modelv1.0__2026-05-16 20:32:04
D:\moth_photos\database\batch_09\img_moth_00017047.jpg,"[4000, 6000]",modelv1.0__2026-05-16 20:32:04
D:\moth_photos\database\batch_09\img_moth_00017048.jpg,"[4000, 6000]",modelv1.0__2026-05-16 20:32:04
D:\moth_photos\database\batch_09\img_moth_00017049.jpg,"[4000, 6000]",modelv1.0__2026-05-16 20:32:04
D:\moth_photos\database\batch_09\img_moth_00017050.jpg,"[4000, 6000]",modelv1.0__2026-05-16 20:32:04
D:\moth_photos\database\batch_09\img_moth_00017051.jpg,"[4000, 6000]",modelv1.0__2026-05-16 20:32:04
D:\moth_photos\database\batch_09\img_moth_00017052.jpg,"[4000, 6000]",modelv1.0__2026-05-16 20:32:04
D:\moth_photos\database\batch_09\img_moth_00017053.jpg,"[4000, 6000]",modelv1.0__2026-05-16 20:32:04
D:\moth_photos\database\batch_09\img_moth_00017054.jpg,"[4000, 6000]",modelv1.0__2026-05-16 20:32:04
D:\moth_photos\database\batch_09\img_moth_00017055.jpg,"[4000, 6000]",modelv1.0__2026-05-16 20:32:04
D:\moth_photos\database\batch_09\img_moth_00017056.jpg,"[4000, 6000]",modelv1.0__2026-05-16 20:32:04
D:\moth_photos\database\batch_09\img_moth_00017057.jpg,"[4000, 6000]",modelv1.0__2026-05-16 20:32:04
D:\moth_photos\database\batch_09\img_moth_00017058.jpg,"[4000, 6000]",modelv1.0__2026-05-16 20:32:04
D:\moth_photos\database\batch_09\img_moth_00017059.jpg,"[4000, 6000]",modelv1.0__2026-05-16 20:32:04
D:\moth_photos\database\batch_09\img_moth_00017060.jpg,"[4000, 6000]",modelv1.0__2026-05-16 20:32:04
D:\moth_photos\database\batch_09\img_moth_00017061.jpg,"[4000, 6000]",modelv1.0__2026-05-16 20:32:04
D:\moth_photos\database\batch_09\img_moth_00017062.jpg,"[4000, 6000]",modelv1.0__2026-05-16 20:32:04
D:\moth_photos\database\batch_09\img_moth_00017063.jpg,"[4000, 6000]",modelv1.0__2026-05-16 20:32:04
D:\moth_photos\database\batch_09\img_moth_00017064.jpg,"[4000, 6000]",modelv1.0__2026-05-16 20:32:04
D:\moth_photos\database\batch_09\img_moth_00017065.jpg,"[4000, 6000]",modelv1.0__2026-05-16 20:32:04
D:\moth_photos\database\batch_09\img_moth_00017066.jpg,"[4000, 6000]",modelv1.0__2026-05-16 20:32:04
D:\moth_photos\database\batch_09\img_moth_00017067.jpg,"[4000, 6000]",modelv1.0__2026-05-16 20:32:04
D:\moth_photos\database\batch_09\img_moth_00017068.jpg,"[4000, 6000]",modelv1.0__2026-05-16 20:32:04
D:\moth_photos\database\batch_09\img_moth_00017069.jpg,"[4000, 6000]",modelv1.0__2026-05-16 20:32:04
D:\moth_photos\database\batch_09\img_moth_00017070.jpg,"[4000, 6000]",modelv1.0__2026-05-16 20:32:04
D:\moth_photos\database\batch_09\img_moth_00017071.jpg,"[4000, 6000]",modelv1.0__2026-05-16 20:32:04
D:\moth_photos\database\batch_09\img_moth_00017072.jpg,"[4000, 6000]",modelv1.0__2026-05-16 20:32:04
D:\moth_photos\database\batch_09\img_moth_00017073.jpg,"[4000, 6000]",modelv1.0__2026-05-16 20:32:04
D:\moth_photos\database\batch_09\img_moth_00017074.jpg,"[4000, 6000]",modelv1.0__2026-05-16 20:32:04
D:\moth_photos\database\batch_09\img_moth_00017075.jpg,"[4000, 6000]",modelv1.0__2026-05-16 20:32:04
D:\moth_photos\database\batch_09\img_moth_00017076.jpg,"[4000, 6000]",modelv1.0__2026-05-16 20:32:04
D:\moth_photos\database\batch_09\img_moth_00017077.jpg,"[4000, 6000]",modelv1.0__2026-05-16 20:32:04
D:\moth_photos\database\batch_09\img_moth_00017078.jpg,"[4000, 6000]",modelv1.0__2026-05-16 20:32:04
D:\moth_photos\database\batch_09\img_moth_00017079.jpg,"[4000, 6000]",modelv1.0__2026-05-16 20:32:04
D:\moth_photos\database\batch_09\img_moth_00017080.jpg,"[4000, 6000]",modelv1.0__2026-05-16 20:32:04
D:\moth_photos\database\batch_09\img_moth_00017081.jpg,"[4000, 6000]",modelv1.0__2026-05-16 20:32:04
D:\moth_photos\database\batch_09\img_moth_00017082.jpg,"[4000, 6000]",modelv1.0__2026-05-16 20:32:04
D:\moth_photos\database\batch_09\img_moth_00017083.jpg,"[4000, 6000]",modelv1.0__2026-05-16 20:32:04
D:\moth_photos\database\batch_09\img_moth_00017084.jpg,"[4000, 6000]",modelv1.0__2026-05-16 20:32:04
D:\moth_photos\database\batch_09\img_moth_00017085.jpg,"[4000, 6000]",modelv1.0__2026-05-16 20:32:04
D:\moth_photos\database\batch_09\img_moth_00017086.jpg,"[4000, 6000]",modelv1.0__2026-05-16 20:32:04
D:\moth_photos\database\batch_09\img_moth_00017087.jpg,"[4000, 6000]",modelv1.0__2026-05-16 20:32:04
D:\moth_photos\database\batch_09\img_moth_00017088.jpg,"[4000, 6000]",modelv1.0__2026-05-16 20:32:04
D:\moth_photos\database\batch_09\img_moth_00017089.jpg,"[4000, 6000]",modelv1.0__2026-05-16 20:32:04
D:\moth_photos\database\batch_09\img_moth_00017090.jpg,"[4000, 6000]",modelv1.0__2026-05-16 20:32:04
D:\moth_photos\database\batch_09\img_moth_00017091.jpg,"[4000, 6000]",modelv1.0__2026-05-16 20:32:04
D:\moth_photos\database\batch_09\img_moth_00017092.jpg,"[4000, 6000]",modelv1.0__2026-05-16 20:32:04
D:\moth_photos\database\batch_09\img_moth_00017093.jpg,"[4000, 6000]",modelv1.0__2026-05-16 20:32:04
D:\moth_photos\database\batch_09\img_moth_00017094.jpg,"[4000, 6000]",modelv1.0__2026-05-16 20:32:04
D:\moth_photos\database\batch_09\img_moth_00017095.jpg,"[4000, 6000]",modelv1.0__2026-05-16 20:32:04
D:\moth_photos\database\batch_09\img_moth_00017096.jpg,"[4000, 6000]",modelv1.0__2026-05-16 20:32:04
D:\moth_photos\database\batch_09\img_moth_00017097.jpg,"[4000, 6000]",modelv1.0__2026-05-16 20:32:04
D:\moth_photos\database\batch_09\img_moth_00017098.jpg,"[4000, 6000]",modelv1.0__2026-05-16 20:32:04
D:\moth_photos\database\batch_09\img_moth_00017099.jpg,"[4000, 6000]",modelv1.0__2026-05-16 20:32:04
D:\moth_photos\database\batch_09\img_moth_00017100.jpg,"[4000, 6000]",modelv1.0__2026-05-16 20:32:04
D:\moth_photos\database\batch_09\img_moth_00017101.jpg,"[4000, 6000]",modelv1.0__2026-05-16 20:32:04
D:\moth_photos\database\batch_09\img_moth_00017102.jpg,"[4000, 6000]",modelv1.0__2026-05-16 20:32:04
D:\moth_photos\database\batch_09\img_moth_00017103.jpg,"[4000, 6000]",modelv1.0__2026-05-16 20:32:04
D:\moth_photos\database\batch_09\img_moth_00017104.jpg,"[4000, 6000]",modelv1.0__2026-05-16 20:32:04
D:\moth_photos\database\batch_09\img_moth_00017105.jpg,"[4000, 6000]",modelv1.0__2026-05-16 20:32:04
D:\moth_photos\database\batch_09\img_moth_00017106.jpg,"[4000, 6000]",modelv1.0__2026-05-16 20:32:04
D:\moth_photos\database\batch_09\img_moth_00017107.jpg,"[4000, 6000]",modelv1.0__2026-05-16 20:32:04
D:\moth_photos\database\batch_09\img_moth_00017108.jpg,"[4000, 6000]",modelv1.0__2026-05-16 20:32:04
D:\moth_photos\database\batch_09\img_moth_00017109.jpg,"[4000, 6000]",modelv1.0__2026-05-16 20:32:04
D:\moth_photos\database\batch_09\img_moth_00017110.jpg,"[4000, 6000]",modelv1.0__2026-05-16 20:32:04
D:\moth_photos\database\batch_09\img_moth_00017111.jpg,"[4000, 6000]",modelv1.0__2026-05-16 20:32:04
D:\moth_photos\database\batch_09\img_moth_00017112.jpg,"[4000, 6000]",modelv1.0__2026-05-16 20:32:04
D:\moth_photos\database\batch_09\img_moth_00017113.jpg,"[4000, 6000]",modelv1.0__2026-05-16 20:32:04
D:\moth_photos\database\batch_09\img_moth_00017114.jpg,"[4000, 6000]",modelv1.0__2026-05-16 20:32:04
D:\moth_photos\database\batch_09\img_moth_00017115.jpg,"[4000, 6000]",modelv1.0__2026-05-16 20:32:04
D:\moth_photos\database\batch_09\img_moth_00017116.jpg,"[4000, 6000]",modelv1.0__2026-05-16 20:32:04
D:\moth_photos\database\batch_09\img_moth_00017117.jpg,"[4000, 6000]",modelv1.0__2026-05-16 20:32:04
D:\moth_photos\database\batch_09\img_moth_00017118.jpg,"[4000, 6000]",modelv1.0__2026-05-16 20:32:04
D:\moth_photos\database\batch_09\img_moth_00017119.jpg,"[4000, 6000]",modelv1.0__2026-05-16 20:32:04
D:\moth_photos\database\batch_09\img_moth_00017120.jpg,"[4000, 6000]",modelv1.0__2026-05-16 20:32:04
D:\moth_photos\database\batch_09\img_moth_00017121.jpg,"[4000, 6000]",modelv1.0__2026-05-16 20:32:04
D:\moth_photos\database\batch_09\img_moth_00017122.jpg,"[4000, 6000]",modelv1.0__2026-05-16 20:32:04
D:\moth_photos\database\batch_09\img_moth_00017123.jpg,"[4000, 6000]",modelv1.0__2026-05-16 20:32:04
D:\moth_photos\database\batch_09\img_moth_00017124.jpg,"[4000, 6000]",modelv1.0__2026-05-16 20:32:04
D:\moth_photos\database\batch_09\img_moth_00017125.jpg,"[4000, 6000]",modelv1.0__2026-05-16 20:32:04
D:\moth_photos\database\batch_09\img_moth_00017126.jpg,"[4000, 6000]",modelv1.0__2026-05-16 20:32:04
D:\moth_photos\database\batch_09\img_moth_00017127.jpg,"[4000, 6000]",modelv1.0__2026-05-16 20:32:04
D:\moth_photos\database\batch_09\img_moth_00017128.jpg,"[4000, 6000]",modelv1.0__2026-05-16 20:32:04
D:\moth_photos\database\batch_09\img_moth_00017129.jpg,"[4000, 6000]",modelv1.0__2026-05-16 20:32:04
D:\moth_photos\database\batch_09\img_moth_00017130.jpg,"[4000, 6000]",modelv1.0__2026-05-16 20:32:04
D:\moth_photos\database\batch_09\img_moth_00017131.jpg,"[4000, 6000]",modelv1.0__2026-05-16 20:32:04
D:\moth_photos\database\batch_09\img_moth_00017132.jpg,"[4000, 6000]",modelv1.0__2026-05-16 20:32:04
D:\moth_photos\database\batch_09\img_moth_00017133.jpg,"[4000, 6000]",modelv1.0__2026-05-16 20:32:04
D:\moth_photos\database\batch_09\img_moth_00017134.jpg,"[4000, 6000]",modelv1.0__2026-05-16 20:32:04
D:\moth_photos\database\batch_09\img_moth_00017135.jpg,"[4000, 6000]",modelv1.0__2026-05-16 20:32:04
D:\moth_photos\database\batch_09\img_moth_00017136.jpg,"[4000, 6000]",modelv1.0__2026-05-16 20:32:04
D:\moth_photos\database\batch_09\img_moth_00017137.jpg,"[4000, 6000]",modelv1.0__2026-05-16 20:32:04
D:\moth_photos\database\batch_09\img_moth_00017138.jpg,"[4000, 6000]",modelv1.0__2026-05-16 20:32:04
D:\moth_photos\database\batch_09\img_moth_00017139.jpg,"[4000, 6000]",modelv1.0__2026-05-16 20:32:04
D:\moth_photos\database\batch_09\img_moth_00017140.jpg,"[4000, 6000]",modelv1.0__2026-05-16 20:32:04
D:\moth_photos\database\batch_09\img_moth_00017141.jpg,"[4000, 6000]",modelv1.0__2026-05-16 20:32:04
D:\moth_photos\database\batch_09\img_moth_00017142.jpg,"[4000, 6000]",modelv1.0__2026-05-16 20:32:04
D:\moth_photos\database\batch_09\img_moth_00017143.jpg,"[4000, 6000]",modelv1.0__2026-05-16 20:32:04
D:\moth_photos\database\batch_09\img_moth_00017144.jpg,"[4000, 6000]",modelv1.0__2026-05-16 20:32:04
D:\moth_photos\database\batch_09\img_moth_00017145.jpg,"[4000, 6000]",modelv1.0__2026-05-16 20:32:04
D:\moth_photos\database\batch_09\img_moth_00017146.jpg,"[4000, 6000]",modelv1.0__2026-05-16 20:32:04
D:\moth_photos\database\batch_09\img_moth_00017147.jpg,"[4000, 6000]",modelv1.0__2026-05-16 20:32:04
D:\moth_photos\database\batch_09\img_moth_00017148.jpg,"[4000, 6000]",modelv1.0__2026-05-16 20:32:04
D:\moth_photos\database\batch_09\img_moth_00017149.jpg,"[4000, 6000]",modelv1.0__2026-05-16 20:32:04
D:\moth_photos\database\batch_09\img_moth_00017150.jpg,"[4000, 6000]",modelv1.0__2026-05-16 20:32:04
D:\moth_photos\database\batch_09\img_moth_00017151.jpg,"[4000, 6000]",modelv1.0__2026-05-16 20:32:04
D:\moth_photos\database\batch_09\img_moth_00017152.jpg,"[4000, 6000]",modelv1.0__2026-05-16 20:32:04
D:\moth_photos\database\batch_09\img_moth_00017153.jpg,"[4000, 6000]",modelv1.0__2026-05-16 20:32:04
D:\moth_photos\database\batch_09\img_moth_00017154.jpg,"[4000, 6000]",modelv1.0__2026-05-16 20:32:04
D:\moth_photos\database\batch_09\img_moth_00017155.jpg,"[4000, 6000]",modelv1.0__2026-05-16 20:32:04
D:\moth_photos\database\batch_09\img_moth_00017156.jpg,"[4000, 6000]",modelv1.0__2026-05-16 20:32:04
D:\moth_photos\database\batch_09\img_moth_00017157.jpg,"[4000, 6000]",modelv1.0__2026-05-16 20:32:04
D:\moth_photos\database\batch_09\img_moth_00017158.jpg,"[4000, 6000]",modelv1.0__2026-05-16 20:32:04
D:\moth_photos\database\batch_09\img_moth_00017159.jpg,"[4000, 6000]",modelv1.0__2026-05-16 20:32:04
D:\moth_photos\database\batch_09\img_moth_00017160.jpg,"[4000, 6000]",modelv1.0__2026-05-16 20:32:04
D:\moth_photos\database\batch_09\img_moth_00017161.jpg,"[4000, 6000]",modelv1.0__2026-05-16 20:32:04
D:\moth_photos\database\batch_09\img_moth_00017162.jpg,"[4000, 6000]",modelv1.0__2026-05-16 20:32:04
D:\moth_photos\database\batch_09\img_moth_00017163.jpg,"[4000, 6000]",modelv1.0__2026-05-16 20:32:04
D:\moth_photos\database\batch_09\img_moth_00017164.jpg,"[4000, 6000]",modelv1.0__2026-05-16 20:32:04
D:\moth_photos\database\batch_09\img_moth_00017165.jpg,"[4000, 6000]",modelv1.0__2026-05-16 20:32:04
D:\moth_photos\database\batch_09\img_moth_00017166.jpg,"[4000, 6000]",modelv1.0__2026-05-16 20:32:04
D:\moth_photos\database\batch_09\img_moth_00017167.jpg,"[4000, 6000]",modelv1.0__2026-05-16 20:32:04
D:\moth_photos\database\batch_09\img_moth_00017168.jpg,"[4000, 6000]",modelv1.0__2026-05-16 20:32:04
D:\moth_photos\database\batch_09\img_moth_00017169.jpg,"[4000, 6000]",modelv1.0__2026-05-16 20:32:04
D:\moth_photos\database\batch_09\img_moth_00017170.jpg,"[4000, 6000]",modelv1.0__2026-05-16 20:32:04
D:\moth_photos\database\batch_09\img_moth_00017171.jpg,"[4000, 6000]",modelv1.0__2026-05-16 20:32:04
D:\moth_photos\database\batch_09\img_moth_00017172.jpg,"[4000, 6000]",modelv1.0__2026-05-16 20:32:04
D:\moth_photos\database\batch_09\img_moth_00017173.jpg,"[4000, 6000]",modelv1.0__2026-05-16 20:32:04
D:\moth_photos\database\batch_09\img_moth_00017174.jpg,"[4000, 6000]",modelv1.0__2026-05-16 20:32:04
D:\moth_photos\database\batch_09\img_moth_00017175.jpg,"[4000, 6000]",modelv1.0__2026-05-16 20:32:04
D:\moth_photos\database\batch_09\img_moth_00017176.jpg,"[4000, 6000]",modelv1.0__2026-05-16 20:32:04
D:\moth_photos\database\batch_09\img_moth_00017177.jpg,"[4000, 6000]",modelv1.0__2026-05-16 20:32:04
D:\moth_photos\database\batch_09\img_moth_00017178.jpg,"[4000, 6000]",modelv1.0__2026-05-16 20:32:04
D:\moth_photos\database\batch_09\img_moth_00017179.jpg,"[4000, 6000]",modelv1.0__2026-05-16 20:32:04
D:\moth_photos\database\batch_09\img_moth_00017180.jpg,"[4000, 6000]",modelv1.0__2026-05-16 20:32:04
D:\moth_photos\database\batch_09\img_moth_00017181.jpg,"[4000, 6000]",modelv1.0__2026-05-16 20:32:04
D:\moth_photos\database\batch_09\img_moth_00017182.jpg,"[4000, 6000]",modelv1.0__2026-05-16 20:32:04
D:\moth_photos\database\batch_09\img_moth_00017183.jpg,"[4000, 6000]",modelv1.0__2026-05-16 20:32:04
D:\moth_photos\database\batch_09\img_moth_00017184.jpg,"[4000, 6000]",modelv1.0__2026-05-16 20:32:04
D:\moth_photos\database\batch_09\img_moth_00017185.jpg,"[4000, 6000]",modelv1.0__2026-05-16 20:32:04
D:\moth_photos\database\batch_09\img_moth_00017186.jpg,"[4000, 6000]",modelv1.0__2026-05-16 20:32:04
D:\moth_photos\database\batch_09\img_moth_00017187.jpg,"[4000, 6000]",modelv1.0__2026-05-16 20:32:04
D:\moth_photos\database\batch_09\img_moth_00017188.jpg,"[4000, 6000]",modelv1.0__2026-05-16 20:32:04
D:\moth_photos\database\batch_09\img_moth_00017189.jpg,"[4000, 6000]",modelv1.0__2026-05-16 20:32:04
D:\moth_photos\database\batch_09\img_moth_00017190.jpg,"[4000, 6000]",modelv1.0__2026-05-16 20:32:04
D:\moth_photos\database\batch_09\img_moth_00017191.jpg,"[4000, 6000]",modelv1.0__2026-05-16 20:32:04
D:\moth_photos\database\batch_09\img_moth_00017192.jpg,"[4000, 6000]",modelv1.0__2026-05-16 20:32:04
D:\moth_photos\database\batch_09\img_moth_00017193.jpg,"[4000, 6000]",modelv1.0__2026-05-16 20:32:04
D:\moth_photos\database\batch_09\img_moth_00017194.jpg,"[4000, 6000]",modelv1.0__2026-05-16 20:32:04
D:\moth_photos\database\batch_09\img_moth_00017195.jpg,"[4000, 6000]",modelv1.0__2026-05-16 20:32:04
D:\moth_photos\database\batch_09\img_moth_00017196.jpg,"[4000, 6000]",modelv1.0__2026-05-16 20:32:04
D:\moth_photos\database\batch_09\img_moth_00017197.jpg,"[4000, 6000]",modelv1.0__2026-05-16 20:32:04
D:\moth_photos\database\batch_09\img_moth_00017198.jpg,"[4000, 6000]",modelv1.0__2026-05-16 20:32:04
D:\moth_photos\database\batch_09\img_moth_00017199.jpg,"[4000, 6000]",modelv1.0__2026-05-16 20:32:04
D:\moth_photos\database\batch_09\img_moth_00017200.jpg,"[4000, 6000]",modelv1.0__2026-05-16 20:32:04
D:\moth_photos\database\batch_09\img_moth_00017201.jpg,"[4000, 6000]",modelv1.0__2026-05-16 20:32:04
D:\moth_photos\database\batch_09\img_moth_00017202.jpg,"[4000, 6000]",modelv1.0__2026-05-16 20:32:04
D:\moth_photos\database\batch_09\img_moth_00017203.jpg,"[4000, 6000]",modelv1.0__2026-05-16 20:32:04
D:\moth_photos\database\batch_09\img_moth_00017204.jpg,"[4000, 6000]",modelv1.0__2026-05-16 20:32:04
D:\moth_photos\database\batch_09\img_moth_00017205.jpg,"[4000, 6000]",modelv1.0__2026-05-16 20:32:04
D:\moth_photos\database\batch_09\img_moth_00017206.jpg,"[4000, 6000]",modelv1.0__2026-05-16 20:32:04
D:\moth_photos\database\batch_09\img_moth_00017207.jpg,"[4000, 6000]",modelv1.0__2026-05-16 20:32:04
D:\moth_photos\database\batch_09\img_moth_00017208.jpg,"[4000, 6000]",modelv1.0__2026-05-16 20:32:04
D:\moth_photos\database\batch_09\img_moth_00017209.jpg,"[4000, 6000]",modelv1.0__2026-05-16 20:32:04
D:\moth_photos\database\batch_09\img_moth_00017210.jpg,"[4000, 6000]",modelv1.0__2026-05-16 20:32:04
D:\moth_photos\database\batch_09\img_moth_00017211.jpg,"[4000, 6000]",modelv1.0__2026-05-16 20:32:04
D:\moth_photos\database\batch_09\img_moth_00017212.jpg,"[4000, 6000]",modelv1.0__2026-05-16 20:32:04
D:\moth_photos\database\batch_09\img_moth_00017213.jpg,"[4000, 6000]",modelv1.0__2026-05-16 20:32:04
D:\moth_photos\database\batch_09\img_moth_00017214.jpg,"[4000, 6000]",modelv1.0__2026-05-16 20:32:04
D:\moth_photos\database\batch_09\img_moth_00017215.jpg,"[4000, 6000]",modelv1.0__2026-05-16 20:32:04
D:\moth_photos\database\batch_09\img_moth_00017216.jpg,"[4000, 6000]",modelv1.0__2026-05-16 20:32:04
D:\moth_photos\database\batch_09\img_moth_00017217.jpg,"[4000, 6000]",modelv1.0__2026-05-16 20:32:04
D:\moth_photos\database\batch_09\img_moth_00017218.jpg,"[4000, 6000]",modelv1.0__2026-05-16 20:32:04
D:\moth_photos\database\batch_09\img_moth_00017219.jpg,"[4000, 6000]",modelv1.0__2026-05-16 20:32:04
D:\moth_photos\database\batch_09\img_moth_00017220.jpg,"[4000, 6000]",modelv1.0__2026-05-16 20:32:04
D:\moth_photos\database\batch_09\img_moth_00017221.jpg,"[4000, 6000]",modelv1.0__2026-05-16 20:32:04
D:\moth_photos\database\batch_09\img_moth_00017222.jpg,"[4000, 6000]",modelv1.0__2026-05-16 20:32:04
D:\moth_photos\database\batch_09\img_moth_00017223.jpg,"[4000, 6000]",modelv1.0__2026-05-16 20:32:04
D:\moth_photos\database\batch_09\img_moth_00017224.jpg,"[4000, 6000]",modelv1.0__2026-05-16 20:32:04
D:\moth_photos\database\batch_09\img_moth_00017225.jpg,"[4000, 6000]",modelv1.0__2026-05-16 20:32:04
D:\moth_photos\database\batch_09\img_moth_00017226.jpg,"[4000, 6000]",modelv1.0__2026-05-16 20:32:04
D:\moth_photos\database\batch_09\img_moth_00017227.jpg,"[4000, 6000]",modelv1.0__2026-05-16 20:32:04
D:\moth_photos\database\batch_09\img_moth_00017228.jpg,"[4000, 6000]",modelv1.0__2026-05-16 20:32:04
D:\moth_photos\database\batch_09\img_moth_00017229.jpg,"[4000, 6000]",modelv1.0__2026-05-16 20:32:04
D:\moth_photos\database\batch_09\img_moth_00017230.jpg,"[4000, 6000]",modelv1.0__2026-05-16 20:32:04
D:\moth_photos\database\batch_09\img_moth_00017231.jpg,"[4000, 6000]",modelv1.0__2026-05-16 20:32:04
D:\moth_photos\database\batch_09\img_moth_00017232.jpg,"[4000, 6000]",modelv1.0__2026-05-16 20:32:04
D:\moth_photos\database\batch_09\img_moth_00017233.jpg,"[4000, 6000]",modelv1.0__2026-05-16 20:32:04
D:\moth_photos\database\batch_09\img_moth_00017234.jpg,"[4000, 6000]",modelv1.0__2026-05-16 20:32:04
D:\moth_photos\database\batch_09\img_moth_00017235.jpg,"[4000, 6000]",modelv1.0__2026-05-16 20:32:04
D:\moth_photos\database\batch_09\img_moth_00017236.jpg,"[4000, 6000]",modelv1.0__2026-05-16 20:32:04
D:\moth_photos\database\batch_09\img_moth_00017237.jpg,"[4000, 6000]",modelv1.0__2026-05-16 20:32:04
D:\moth_photos\database\batch_09\img_moth_00017238.jpg,"[4000, 6000]",modelv1.0__2026-05-16 20:32:04
D:\moth_photos\database\batch_09\img_moth_00017239.jpg,"[4000, 6000]",modelv1.0__2026-05-16 20:32:04
D:\moth_photos\database\batch_09\img_moth_00017240.jpg,"[4000, 6000]",modelv1.0__2026-05-16 20:32:04
D:\moth_photos\database\batch_09\img_moth_00017241.jpg,"[4000, 6000]",modelv1.0__2026-05-16 20:32:04
D:\moth_photos\database\batch_09\img_moth_00017242.jpg,"[4000, 6000]",modelv1.0__2026-05-16 20:32:04
D:\moth_photos\database\batch_09\img_moth_00017243.jpg,"[4000, 6000]",modelv1.0__2026-05-16 20:32:04
D:\moth_photos\database\batch_09\img_moth_00017244.jpg,"[4000, 6000]",modelv1.0__2026-05-16 20:32:04
D:\moth_photos\database\batch_09\img_moth_00017245.jpg,"[4000, 6000]",modelv1.0__2026-05-16 20:32:04
D:\moth_photos\database\batch_09\img_moth_00017246.jpg,"[4000, 6000]",modelv1.0__2026-05-16 20:32:04
D:\moth_photos\database\batch_09\img_moth_00017247.jpg,"[4000, 6000]",modelv1.0__2026-05-16 20:32:04
D:\moth_photos\database\batch_09\img_moth_00017248.jpg,"[4000, 6000]",modelv1.0__2026-05-16 20:32:04
D:\moth_photos\database\batch_09\img_moth_00017249.jpg,"[4000, 6000]",modelv1.0__2026-05-16 20:32:04
D:\moth_photos\database\batch_09\img_moth_00017250.jpg,"[4000, 6000]",modelv1.0__2026-05-16 20:32:04
D:\moth_photos\database\batch_09\img_moth_00017251.jpg,"[4000, 6000]",modelv1.0__2026-05-16 20:32:04
D:\moth_photos\database\batch_09\img_moth_00017252.jpg,"[4000, 6000]",modelv1.0__2026-05-16 20:32:04
D:\moth_photos\database\batch_09\img_moth_00017253.jpg,"[4000, 6000]",modelv1.0__2026-05-16 20:32:04
D:\moth_photos\database\batch_09\img_moth_00017254.jpg,"[4000, 6000]",modelv1.0__2026-05-16 20:32:04
D:\moth_photos\database\batch_09\img_moth_00017255.jpg,"[4000, 6000]",modelv1.0__2026-05-16 20:32:04
D:\moth_photos\database\batch_09\img_moth_00017256.jpg,"[4000, 6000]",modelv1.0__2026-05-16 20:32:04
D:\moth_photos\database\batch_09\img_moth_00017257.jpg,"[4000, 6000]",modelv1.0__2026-05-16 20:32:04
D:\moth_photos\database\batch_09\img_moth_00017258.jpg,"[4000, 6000]",modelv1.0__2026-05-16 20:32:04
D:\moth_photos\database\batch_09\img_moth_00017259.jpg,"[4000, 6000]",modelv1.0__2026-05-16 20:32:04
D:\moth_photos\database\batch_09\img_moth_00017260.jpg,"[4000, 6000]",modelv1.0__2026-05-16 20:32:04
D:\moth_photos\database\batch_09\img_moth_00017261.jpg,"[4000, 6000]",modelv1.0__2026-05-16 20:32:04
D:\moth_photos\database\batch_09\img_moth_00017262.jpg,"[4000, 6000]",modelv1.0__2026-05-16 20:32:04
D:\moth_photos\database\batch_09\img_moth_00017263.jpg,"[4000, 6000]",modelv1.0__2026-05-16 20:32:04
D:\moth_photos\database\batch_09\img_moth_00017264.jpg,"[4000, 6000]",modelv1.0__2026-05-16 20:32:04
D:\moth_photos\database\batch_09\img_moth_00017265.jpg,"[4000, 6000]",modelv1.0__2026-05-16 20:32:04
D:\moth_photos\database\batch_09\img_moth_00017266.jpg,"[4000, 6000]",modelv1.0__2026-05-16 20:32:04
D:\moth_photos\database\batch_09\img_moth_00017267.jpg,"[4000, 6000]",modelv1.0__2026-05-16 20:32:04
D:\moth_photos\database\batch_09\img_moth_00017268.jpg,"[4000, 6000]",modelv1.0__2026-05-16 20:32:04
D:\moth_photos\database\batch_09\img_moth_00017269.jpg,"[4000, 6000]",modelv1.0__2026-05-16 20:32:04
D:\moth_photos\database\batch_09\img_moth_00017270.jpg,"[4000, 6000]",modelv1.0__2026-05-16 20:32:04
D:\moth_photos\database\batch_09\img_moth_00017271.jpg,"[4000, 6000]",modelv1.0__2026-05-16 20:32:04
D:\moth_photos\database\batch_09\img_moth_00017272.jpg,"[4000, 6000]",modelv1.0__2026-05-16 20:32:04
D:\moth_photos\database\batch_09\img_moth_00017273.jpg,"[4000, 6000]",modelv1.0__2026-05-16 20:32:04
D:\moth_photos\database\batch_09\img_moth_00017274.jpg,"[4000, 6000]",modelv1.0__2026-05-16 20:32:04
D:\moth_photos\database\batch_09\img_moth_00017275.jpg,"[4000, 6000]",modelv1.0__2026-05-16 20:32:04
D:\moth_photos\database\batch_09\img_moth_00017276.jpg,"[4000, 6000]",modelv1.0__2026-05-16 20:32:04
D:\moth_photos\database\batch_09\img_moth_00017277.jpg,"[4000, 6000]",modelv1.0__2026-05-16 20:32:04
D:\moth_photos\database\batch_09\img_moth_00017278.jpg,"[4000, 6000]",modelv1.0__2026-05-16 20:32:04
D:\moth_photos\database\batch_09\img_moth_00017279.jpg,"[4000, 6000]",modelv1.0__2026-05-16 20:32:04
D:\moth_photos\database\batch_09\img_moth_00017280.jpg,"[4000, 6000]",modelv1.0__2026-05-16 20:32:04
D:\moth_photos\database\batch_09\img_moth_00017281.jpg,"[4000, 6000]",modelv1.0__2026-05-16 20:32:04
D:\moth_photos\database\batch_09\img_moth_00017282.jpg,"[4000, 6000]",modelv1.0__2026-05-16 20:32:04
D:\moth_photos\database\batch_09\img_moth_00017283.jpg,"[4000, 6000]",modelv1.0__2026-05-16 20:32:04
D:\moth_photos\database\batch_09\img_moth_00017284.jpg,"[4000, 6000]",modelv1.0__2026-05-16 20:32:04
D:\moth_photos\database\batch_09\img_moth_00017285.jpg,"[4000, 6000]",modelv1.0__2026-05-16 20:32:04
D:\moth_photos\database\batch_09\img_moth_00017286.jpg,"[4000, 6000]",modelv1.0__2026-05-16 20:32:04
D:\moth_photos\database\batch_09\img_moth_00017287.jpg,"[4000, 6000]",modelv1.0__2026-05-16 20:32:04
D:\moth_photos\database\batch_09\img_moth_00017288.jpg,"[4000, 6000]",modelv1.0__2026-05-16 20:32:04
D:\moth_photos\database\batch_09\img_moth_00017289.jpg,"[4000, 6000]",modelv1.0__2026-05-16 20:32:04
D:\moth_photos\database\batch_09\img_moth_00017290.jpg,"[4000, 6000]",modelv1.0__2026-05-16 20:32:04
D:\moth_photos\database\batch_09\img_moth_00017291.jpg,"[4000, 6000]",modelv1.0__2026-05-16 20:32:04
D:\moth_photos\database\batch_09\img_moth_00017292.jpg,"[4000, 6000]",modelv1.0__2026-05-16 20:32:04
D:\moth_photos\database\batch_09\img_moth_00017293.jpg,"[4000, 6000]",modelv1.0__2026-05-16 20:32:04
D:\moth_photos\database\batch_09\img_moth_00017294.jpg,"[4000, 6000]",modelv1.0__2026-05-16 20:32:04
D:\moth_photos\database\batch_09\img_moth_00017295.jpg,"[4000, 6000]",modelv1.0__2026-05-16 20:32:04
D:\moth_photos\database\batch_09\img_moth_00017296.jpg,"[4000, 6000]",modelv1.0__2026-05-16 20:32:04
D:\moth_photos\database\batch_09\img_moth_00017297.jpg,"[4000, 6000]",modelv1.0__2026-05-16 20:32:04
D:\moth_photos\database\batch_09\img_moth_00017298.jpg,"[4000, 6000]",modelv1.0__2026-05-16 20:32:04
D:\moth_photos\database\batch_09\img_moth_00017299.jpg,"[4000, 6000]",modelv1.0__2026-05-16 20:32:04
D:\moth_photos\database\batch_09\img_moth_00017300.jpg,"[4000, 6000]",modelv1.0__2026-05-16 20:32:04
D:\moth_photos\database\batch_09\img_moth_00017301.jpg,"[4000, 6000]",modelv1.0__2026-05-16 20:32:04
D:\moth_photos\database\batch_09\img_moth_00017302.jpg,"[4000, 6000]",modelv1.0__2026-05-16 20:32:04
D:\moth_photos\database\batch_09\img_moth_00017303.jpg,"[4000, 6000]",modelv1.0__2026-05-16 20:32:04
D:\moth_photos\database\batch_09\img_moth_00017304.jpg,"[4000, 6000]",modelv1.0__2026-05-16 20:32:04
D:\moth_photos\database\batch_09\img_moth_00017305.jpg,"[4000, 6000]",modelv1.0__2026-05-16 20:32:04
D:\moth_photos\database\batch_09\img_moth_00017306.jpg,"[4000, 6000]",modelv1.0__2026-05-16 20:32:04
D:\moth_photos\database\batch_09\img_moth_00017307.jpg,"[4000, 6000]",modelv1.0__2026-05-16 20:32:04
D:\moth_photos\database\batch_09\img_moth_00017308.jpg,"[4000, 6000]",modelv1.0__2026-05-16 20:32:04
D:\moth_photos\database\batch_09\img_moth_00017309.jpg,"[4000, 6000]",modelv1.0__2026-05-16 20:32:04
D:\moth_photos\database\batch_09\img_moth_00017310.jpg,"[4000, 6000]",modelv1.0__2026-05-16 20:32:04
D:\moth_photos\database\batch_09\img_moth_00017311.jpg,"[4000, 6000]",modelv1.0__2026-05-16 20:32:04
D:\moth_photos\database\batch_09\img_moth_00017312.jpg,"[4000, 6000]",modelv1.0__2026-05-16 20:32:04
D:\moth_photos\database\batch_09\img_moth_00017313.jpg,"[4000, 6000]",modelv1.0__2026-05-16 20:32:04
D:\moth_photos\database\batch_09\img_moth_00017314.jpg,"[4000, 6000]",modelv1.0__2026-05-16 20:32:04
D:\moth_photos\database\batch_09\img_moth_00017315.jpg,"[4000, 6000]",modelv1.0__2026-05-16 20:32:04
D:\moth_photos\database\batch_09\img_moth_00017316.jpg,"[4000, 6000]",modelv1.0__2026-05-16 20:32:04
D:\moth_photos\database\batch_09\img_moth_00017317.jpg,"[4000, 6000]",modelv1.0__2026-05-16 20:32:04
D:\moth_photos\database\batch_09\img_moth_00017318.jpg,"[4000, 6000]",modelv1.0__2026-05-16 20:32:04
D:\moth_photos\database\batch_09\img_moth_00017319.jpg,"[4000, 6000]",modelv1.0__2026-05-16 20:32:04
D:\moth_photos\database\batch_09\img_moth_00017320.jpg,"[4000, 6000]",modelv1.0__2026-05-16 20:32:04
D:\moth_photos\database\batch_09\img_moth_00017321.jpg,"[4000, 6000]",modelv1.0__2026-05-16 20:32:04
D:\moth_photos\database\batch_09\img_moth_00017322.jpg,"[4000, 6000]",modelv1.0__2026-05-16 20:32:04
D:\moth_photos\database\batch_09\img_moth_00017323.jpg,"[4000, 6000]",modelv1.0__2026-05-16 20:32:04
D:\moth_photos\database\batch_09\img_moth_00017324.jpg,"[4000, 6000]",modelv1.0__2026-05-16 20:32:04
D:\moth_photos\database\batch_09\img_moth_00017325.jpg,"[4000, 6000]",modelv1.0__2026-05-16 20:32:04
D:\moth_photos\database\batch_09\img_moth_00017326.jpg,"[4000, 6000]",modelv1.0__2026-05-16 20:32:04
D:\moth_photos\database\batch_09\img_moth_00017327.jpg,"[4000, 6000]",modelv1.0__2026-05-16 20:32:04
D:\moth_photos\database\batch_09\img_moth_00017328.jpg,"[4000, 6000]",modelv1.0__2026-05-16 20:32:04
D:\moth_photos\database\batch_09\img_moth_00017329.jpg,"[4000, 6000]",modelv1.0__2026-05-16 20:32:04
D:\moth_photos\database\batch_09\img_moth_00017330.jpg,"[4000, 6000]",modelv1.0__2026-05-16 20:32:04
D:\moth_photos\database\batch_09\img_moth_00017331.jpg,"[4000, 6000]",modelv1.0__2026-05-16 20:32:04
D:\moth_photos\database\batch_09\img_moth_00017332.jpg,"[4000, 6000]",modelv1.0__2026-05-16 20:32:04
D:\moth_photos\database\batch_09\img_moth_00017333.jpg,"[4000, 6000]",modelv1.0__2026-05-16 20:32:04
D:\moth_photos\database\batch_09\img_moth_00017334.jpg,"[4000, 6000]",modelv1.0__2026-05-16 20:32:04
D:\moth_photos\database\batch_09\img_moth_00017335.jpg,"[4000, 6000]",modelv1.0__2026-05-16 20:32:04
D:\moth_photos\database\batch_09\img_moth_00017336.jpg,"[4000, 6000]",modelv1.0__2026-05-16 20:32:04
D:\moth_photos\database\batch_09\img_moth_00017337.jpg,"[4000, 6000]",modelv1.0__2026-05-16 20:32:04
D:\moth_photos\database\batch_09\img_moth_00017338.jpg,"[4000, 6000]",modelv1.0__2026-05-16 20:32:04
D:\moth_photos\database\batch_09\img_moth_00017339.jpg,"[4000, 6000]",modelv1.0__2026-05-16 20:32:04
D:\moth_photos\database\batch_09\img_moth_00017340.jpg,"[4000, 6000]",modelv1.0__2026-05-16 20:32:04
D:\moth_photos\database\batch_09\img_moth_00017341.jpg,"[4000, 6000]",modelv1.0__2026-05-16 20:32:04
D:\moth_photos\database\batch_09\img_moth_00017342.jpg,"[4000, 6000]",modelv1.0__2026-05-16 20:32:04
D:\moth_photos\database\batch_09\img_moth_00017343.jpg,"[4000, 6000]",modelv1.0__2026-05-16 20:32:04
D:\moth_photos\database\batch_09\img_moth_00017344.jpg,"[4000, 6000]",modelv1.0__2026-05-16 20:32:04
D:\moth_photos\database\batch_09\img_moth_00017345.jpg,"[4000, 6000]",modelv1.0__2026-05-16 20:32:04
D:\moth_photos\database\batch_09\img_moth_00017346.jpg,"[4000, 6000]",modelv1.0__2026-05-16 20:32:04
D:\moth_photos\database\batch_09\img_moth_00017347.jpg,"[4000, 6000]",modelv1.0__2026-05-16 20:32:04
D:\moth_photos\database\batch_09\img_moth_00017348.jpg,"[4000, 6000]",modelv1.0__2026-05-16 20:32:04
D:\moth_photos\database\batch_09\img_moth_00017349.jpg,"[4000, 6000]",modelv1.0__2026-05-16 20:32:04
D:\moth_photos\database\batch_09\img_moth_00017350.jpg,"[4000, 6000]",modelv1.0__2026-05-16 20:32:04
D:\moth_photos\database\batch_09\img_moth_00017351.jpg,"[4000, 6000]",modelv1.0__2026-05-16 20:32:04
D:\moth_photos\database\batch_09\img_moth_00017352.jpg,"[4000, 6000]",modelv1.0__2026-05-16 20:32:04
D:\moth_photos\database\batch_09\img_moth_00017353.jpg,"[4000, 6000]",modelv1.0__2026-05-16 20:32:04
D:\moth_photos\database\batch_09\img_moth_00017354.jpg,"[4000, 6000]",modelv1.0__2026-05-16 20:32:04
D:\moth_photos\database\batch_09\img_moth_00017355.jpg,"[4000, 6000]",modelv1.0__2026-05-16 20:32:04
D:\moth_photos\database\batch_09\img_moth_00017356.jpg,"[4000, 6000]",modelv1.0__2026-05-16 20:32:04
D:\moth_photos\database\batch_09\img_moth_00017357.jpg,"[4000, 6000]",modelv1.0__2026-05-16 20:32:04
D:\moth_photos\database\batch_09\img_moth_00017358.jpg,"[4000, 6000]",modelv1.0__2026-05-16 20:32:04
D:\moth_photos\database\batch_09\img_moth_00017359.jpg,"[4000, 6000]",modelv1.0__2026-05-16 20:32:04
D:\moth_photos\database\batch_09\img_moth_00017360.jpg,"[4000, 6000]",modelv1.0__2026-05-16 20:32:04
D:\moth_photos\database\batch_09\img_moth_00017361.jpg,"[4000, 6000]",modelv1.0__2026-05-16 20:32:04
D:\moth_photos\database\batch_09\img_moth_00017362.jpg,"[4000, 6000]",modelv1.0__2026-05-16 20:32:04
D:\moth_photos\database\batch_09\img_moth_00017363.jpg,"[4000, 6000]",modelv1.0__2026-05-16 20:32:04
D:\moth_photos\database\batch_09\img_moth_00017364.jpg,"[4000, 6000]",modelv1.0__2026-05-16 20:32:04
D:\moth_photos\database\batch_09\img_moth_00017365.jpg,"[4000, 6000]",modelv1.0__2026-05-16 20:32:04
D:\moth_photos\database\batch_09\img_moth_00017366.jpg,"[4000, 6000]",modelv1.0__2026-05-16 20:32:04
D:\moth_photos\database\batch_09\img_moth_00017367.jpg,"[4000, 6000]",modelv1.0__2026-05-16 20:32:04
D:\moth_photos\database\batch_09\img_moth_00017368.jpg,"[4000, 6000]",modelv1.0__2026-05-16 20:32:04
D:\moth_photos\database\batch_09\img_moth_00017369.jpg,"[4000, 6000]",modelv1.0__2026-05-16 20:32:04
D:\moth_photos\database\batch_09\img_moth_00017370.jpg,"[4000, 6000]",modelv1.0__2026-05-16 20:32:04
D:\moth_photos\database\batch_09\img_moth_00017371.jpg,"[4000, 6000]",modelv1.0__2026-05-16 20:32:04
D:\moth_photos\database\batch_09\img_moth_00017372.jpg,"[4000, 6000]",modelv1.0__2026-05-16 20:32:04
D:\moth_photos\database\batch_09\img_moth_00017373.jpg,"[4000, 6000]",modelv1.0__2026-05-16 20:32:04
D:\moth_photos\database\batch_09\img_moth_00017374.jpg,"[4000, 6000]",modelv1.0__2026-05-16 20:32:04
D:\moth_photos\database\batch_09\img_moth_00017375.jpg,"[4000, 6000]",modelv1.0__2026-05-16 20:32:04
D:\moth_photos\database\batch_09\img_moth_00017376.jpg,"[4000, 6000]",modelv1.0__2026-05-16 20:32:04
D:\moth_photos\database\batch_09\img_moth_00017377.jpg,"[4000, 6000]",modelv1.0__2026-05-16 20:32:04
D:\moth_photos\database\batch_09\img_moth_00017378.jpg,"[4000, 6000]",modelv1.0__2026-05-16 20:32:04
D:\moth_photos\database\batch_09\img_moth_00017379.jpg,"[4000, 6000]",modelv1.0__2026-05-16 20:32:04
D:\moth_photos\database\batch_09\img_moth_00017380.jpg,"[4000, 6000]",modelv1.0__2026-05-16 20:32:04
D:\moth_photos\database\batch_09\img_moth_00017381.jpg,"[4000, 6000]",modelv1.0__2026-05-16 20:32:04
D:\moth_photos\database\batch_09\img_moth_00017382.jpg,"[4000, 6000]",modelv1.0__2026-05-16 20:32:04
D:\moth_photos\database\batch_09\img_moth_00017383.jpg,"[4000, 6000]",modelv1.0__2026-05-16 20:32:04
D:\moth_photos\database\batch_09\img_moth_00017384.jpg,"[4000, 6000]",modelv1.0__2026-05-16 20:32:04
D:\moth_photos\database\batch_09\img_moth_00017385.jpg,"[4000, 6000]",modelv1.0__2026-05-16 20:32:04
D:\moth_photos\database\batch_09\img_moth_00017386.jpg,"[4000, 6000]",modelv1.0__2026-05-16 20:32:04
D:\moth_photos\database\batch_09\img_moth_00017387.jpg,"[4000, 6000]",modelv1.0__2026-05-16 20:32:04
D:\moth_photos\database\batch_09\img_moth_00017388.jpg,"[4000, 6000]",modelv1.0__2026-05-16 20:32:04
D:\moth_photos\database\batch_09\img_moth_00017389.jpg,"[4000, 6000]",modelv1.0__2026-05-16 20:32:04
D:\moth_photos\database\batch_09\img_moth_00017390.jpg,"[4000, 6000]",modelv1.0__2026-05-16 20:32:04
D:\moth_photos\database\batch_09\img_moth_00017391.jpg,"[4000, 6000]",modelv1.0__2026-05-16 20:32:04
D:\moth_photos\database\batch_09\img_moth_00017392.jpg,"[4000, 6000]",modelv1.0__2026-05-16 20:32:04
D:\moth_photos\database\batch_09\img_moth_00017393.jpg,"[4000, 6000]",modelv1.0__2026-05-16 20:32:04
D:\moth_photos\database\batch_09\img_moth_00017394.jpg,"[4000, 6000]",modelv1.0__2026-05-16 20:32:04
D:\moth_photos\database\batch_09\img_moth_00017395.jpg,"[4000, 6000]",modelv1.0__2026-05-16 20:32:04
D:\moth_photos\database\batch_09\img_moth_00017396.jpg,"[4000, 6000]",modelv1.0__2026-05-16 20:32:04
D:\moth_photos\database\batch_09\img_moth_00017397.jpg,"[4000, 6000]",modelv1.0__2026-05-16 20:32:04
D:\moth_photos\database\batch_09\img_moth_00017398.jpg,"[4000, 6000]",modelv1.0__2026-05-16 20:32:04
D:\moth_photos\database\batch_09\img_moth_00017399.jpg,"[4000, 6000]",modelv1.0__2026-05-16 20:32:04
D:\moth_photos\database\batch_09\img_moth_00017400.jpg,"[4000, 6000]",modelv1.0__2026-05-16 20:32:04
D:\moth_photos\database\batch_09\img_moth_00017401.jpg,"[4000, 6000]",modelv1.0__2026-05-16 20:32:04
D:\moth_photos\database\batch_09\img_moth_00017402.jpg,"[4000, 6000]",modelv1.0__2026-05-16 20:32:04
D:\moth_photos\database\batch_09\img_moth_00017403.jpg,"[4000, 6000]",modelv1.0__2026-05-16 20:32:04
D:\moth_photos\database\batch_09\img_moth_00017404.jpg,"[4000, 6000]",modelv1.0__2026-05-16 20:32:04
D:\moth_photos\database\batch_09\img_moth_00017405.jpg,"[4000, 6000]",modelv1.0__2026-05-16 20:32:04
D:\moth_photos\database\batch_09\img_moth_00017406.jpg,"[4000, 6000]",modelv1.0__2026-05-16 20:32:04
D:\moth_photos\database\batch_09\img_moth_00017407.jpg,"[4000, 6000]",modelv1.0__2026-05-16 20:32:04
D:\moth_photos\database\batch_09\img_moth_00017408.jpg,"[4000, 6000]",modelv1.0__2026-05-16 20:32:04
D:\moth_photos\database\batch_09\img_moth_00017409.jpg,"[4000, 6000]",modelv1.0__2026-05-16 20:32:04
D:\moth_photos\database\batch_09\img_moth_00017410.jpg,"[4000, 6000]",modelv1.0__2026-05-16 20:32:04
D:\moth_photos\database\batch_09\img_moth_00017411.jpg,"[4000, 6000]",modelv1.0__2026-05-16 20:32:04
D:\moth_photos\database\batch_09\img_moth_00017412.jpg,"[4000, 6000]",modelv1.0__2026-05-16 20:32:04
D:\moth_photos\database\batch_09\img_moth_00017413.jpg,"[4000, 6000]",modelv1.0__2026-05-16 20:32:04
D:\moth_photos\database\batch_09\img_moth_00017414.jpg,"[4000, 6000]",modelv1.0__2026-05-16 20:32:04
D:\moth_photos\database\batch_09\img_moth_00017415.jpg,"[4000, 6000]",modelv1.0__2026-05-16 20:32:04
D:\moth_photos\database\batch_09\img_moth_00017416.jpg,"[4000, 6000]",modelv1.0__2026-05-16 20:32:04
D:\moth_photos\database\batch_09\img_moth_00017417.jpg,"[4000, 6000]",modelv1.0__2026-05-16 20:32:04
D:\moth_photos\database\batch_09\img_moth_00017418.jpg,"[4000, 6000]",modelv1.0__2026-05-16 20:32:04
D:\moth_photos\database\batch_09\img_moth_00017419.jpg,"[4000, 6000]",modelv1.0__2026-05-16 20:32:04
D:\moth_photos\database\batch_09\img_moth_00017420.jpg,"[4000, 6000]",modelv1.0__2026-05-16 20:32:04
D:\moth_photos\database\batch_09\img_moth_00017421.jpg,"[4000, 6000]",modelv1.0__2026-05-16 20:32:04
D:\moth_photos\database\batch_09\img_moth_00017422.jpg,"[4000, 6000]",modelv1.0__2026-05-16 20:32:04
D:\moth_photos\database\batch_09\img_moth_00017423.jpg,"[4000, 6000]",modelv1.0__2026-05-16 20:32:04
D:\moth_photos\database\batch_09\img_moth_00017424.jpg,"[4000, 6000]",modelv1.0__2026-05-16 20:32:04
D:\moth_photos\database\batch_09\img_moth_00017425.jpg,"[4000, 6000]",modelv1.0__2026-05-16 20:32:04
D:\moth_photos\database\batch_09\img_moth_00017426.jpg,"[4000, 6000]",modelv1.0__2026-05-16 20:32:04
D:\moth_photos\database\batch_09\img_moth_00017427.jpg,"[4000, 6000]",modelv1.0__2026-05-16 20:32:04
D:\moth_photos\database\batch_09\img_moth_00017428.jpg,"[4000, 6000]",modelv1.0__2026-05-16 20:32:04
D:\moth_photos\database\batch_09\img_moth_00017429.jpg,"[4000, 6000]",modelv1.0__2026-05-16 20:32:04
D:\moth_photos\database\batch_09\img_moth_00017430.jpg,"[4000, 6000]",modelv1.0__2026-05-16 20:32:04
D:\moth_photos\database\batch_09\img_moth_00017431.jpg,"[4000, 6000]",modelv1.0__2026-05-16 20:32:04
D:\moth_photos\database\batch_09\img_moth_00017432.jpg,"[4000, 6000]",modelv1.0__2026-05-16 20:32:04
D:\moth_photos\database\batch_09\img_moth_00017433.jpg,"[4000, 6000]",modelv1.0__2026-05-16 20:32:04
D:\moth_photos\database\batch_09\img_moth_00017434.jpg,"[4000, 6000]",modelv1.0__2026-05-16 20:32:04
D:\moth_photos\database\batch_09\img_moth_00017435.jpg,"[4000, 6000]",modelv1.0__2026-05-16 20:32:04
D:\moth_photos\database\batch_09\img_moth_00017436.jpg,"[4000, 6000]",modelv1.0__2026-05-16 20:32:04
D:\moth_photos\database\batch_09\img_moth_00017437.jpg,"[4000, 6000]",modelv1.0__2026-05-16 20:32:04
D:\moth_photos\database\batch_09\img_moth_00017438.jpg,"[4000, 6000]",modelv1.0__2026-05-16 20:32:04
D:\moth_photos\database\batch_09\img_moth_00017439.jpg,"[4000, 6000]",modelv1.0__2026-05-16 20:32:04
D:\moth_photos\database\batch_09\img_moth_00017440.jpg,"[4000, 6000]",modelv1.0__2026-05-16 20:32:04
D:\moth_photos\database\batch_09\img_moth_00017441.jpg,"[4000, 6000]",modelv1.0__2026-05-16 20:32:04
D:\moth_photos\database\batch_09\img_moth_00017442.jpg,"[4000, 6000]",modelv1.0__2026-05-16 20:32:04
D:\moth_photos\database\batch_09\img_moth_00017443.jpg,"[4000, 6000]",modelv1.0__2026-05-16 20:32:04
D:\moth_photos\database\batch_09\img_moth_00017444.jpg,"[4000, 6000]",modelv1.0__2026-05-16 20:32:04
D:\moth_photos\database\batch_09\img_moth_00017445.jpg,"[4000, 6000]",modelv1.0__2026-05-16 20:32:04
D:\moth_photos\database\batch_09\img_moth_00017446.jpg,"[4000, 6000]",modelv1.0__2026-05-16 20:32:04
D:\moth_photos\database\batch_09\img_moth_00017447.jpg,"[4000, 6000]",modelv1.0__2026-05-16 20:32:04
D:\moth_photos\database\batch_09\img_moth_00017448.jpg,"[4000, 6000]",modelv1.0__2026-05-16 20:32:04
D:\moth_photos\database\batch_09\img_moth_00017449.jpg,"[4000, 6000]",modelv1.0__2026-05-16 20:32:04
D:\moth_photos\database\batch_09\img_moth_00017450.jpg,"[4000, 6000]",modelv1.0__2026-05-16 20:32:04
D:\moth_photos\database\batch_09\img_moth_00017451.jpg,"[4000, 6000]",modelv1.0__2026-05-16 20:32:04
D:\moth_photos\database\batch_09\img_moth_00017452.jpg,"[4000, 6000]",modelv1.0__2026-05-16 20:32:04
D:\moth_photos\database\batch_09\img_moth_00017453.jpg,"[4000, 6000]",modelv1.0__2026-05-16 20:32:04
D:\moth_photos\database\batch_09\img_moth_00017454.jpg,"[4000, 6000]",modelv1.0__2026-05-16 20:32:04
D:\moth_photos\database\batch_09\img_moth_00017455.jpg,"[4000, 6000]",modelv1.0__2026-05-16 20:32:04
D:\moth_photos\database\batch_09\img_moth_00017456.jpg,"[4000, 6000]",modelv1.0__2026-05-16 20:32:04
D:\moth_photos\database\batch_09\img_moth_00017457.jpg,"[4000, 6000]",modelv1.0__2026-05-16 20:32:04
D:\moth_photos\database\batch_09\img_moth_00017458.jpg,"[4000, 6000]",modelv1.0__2026-05-16 20:32:04
D:\moth_photos\database\batch_09\img_moth_00017459.jpg,"[4000, 6000]",modelv1.0__2026-05-16 20:32:04
D:\moth_photos\database\batch_09\img_moth_00017460.jpg,"[4000, 6000]",modelv1.0__2026-05-16 20:32:04
D:\moth_photos\database\batch_09\img_moth_00017461.jpg,"[4000, 6000]",modelv1.0__2026-05-16 20:32:04
D:\moth_photos\database\batch_09\img_moth_00017462.jpg,"[4000, 6000]",modelv1.0__2026-05-16 20:32:04
D:\moth_photos\database\batch_09\img_moth_00017463.jpg,"[4000, 6000]",modelv1.0__2026-05-16 20:32:04
D:\moth_photos\database\batch_09\img_moth_00017464.jpg,"[4000, 6000]",modelv1.0__2026-05-16 20:32:04
D:\moth_photos\database\batch_09\img_moth_00017465.jpg,"[4000, 6000]",modelv1.0__2026-05-16 20:32:04
D:\moth_photos\database\batch_09\img_moth_00017466.jpg,"[4000, 6000]",modelv1.0__2026-05-16 20:32:04
D:\moth_photos\database\batch_09\img_moth_00017467.jpg,"[4000, 6000]",modelv1.0__2026-05-16 20:32:04
D:\moth_photos\database\batch_09\img_moth_00017468.jpg,"[4000, 6000]",modelv1.0__2026-05-16 20:32:04
D:\moth_photos\database\batch_09\img_moth_00017469.jpg,"[4000, 6000]",modelv1.0__2026-05-16 20:32:04
D:\moth_photos\database\batch_09\img_moth_00017470.jpg,"[4000, 6000]",modelv1.0__2026-05-16 20:32:04
D:\moth_photos\database\batch_09\img_moth_00017471.jpg,"[4000, 6000]",modelv1.0__2026-05-16 20:32:04
D:\moth_photos\database\batch_09\img_moth_00017472.jpg,"[4000, 6000]",modelv1.0__2026-05-16 20:32:04
D:\moth_photos\database\batch_09\img_moth_00017473.jpg,"[4000, 6000]",modelv1.0__2026-05-16 20:32:04
D:\moth_photos\database\batch_09\img_moth_00017474.jpg,"[4000, 6000]",modelv1.0__2026-05-16 20:32:04
D:\moth_photos\database\batch_09\img_moth_00017475.jpg,"[4000, 6000]",modelv1.0__2026-05-16 20:32:04
D:\moth_photos\database\batch_09\img_moth_00017476.jpg,"[4000, 6000]",modelv1.0__2026-05-16 20:32:04
D:\moth_photos\database\batch_09\img_moth_00017477.jpg,"[4000, 6000]",modelv1.0__2026-05-16 20:32:04
D:\moth_photos\database\batch_09\img_moth_00017478.jpg,"[4000, 6000]",modelv1.0__2026-05-16 20:32:04
D:\moth_photos\database\batch_09\img_moth_00017479.jpg,"[4000, 6000]",modelv1.0__2026-05-16 20:32:04
D:\moth_photos\database\batch_09\img_moth_00017480.jpg,"[4000, 6000]",modelv1.0__2026-05-16 20:32:04
D:\moth_photos\database\batch_09\img_moth_00017481.jpg,"[4000, 6000]",modelv1.0__2026-05-16 20:32:04
D:\moth_photos\database\batch_09\img_moth_00017482.jpg,"[4000, 6000]",modelv1.0__2026-05-16 20:32:04
D:\moth_photos\database\batch_09\img_moth_00017483.jpg,"[4000, 6000]",modelv1.0__2026-05-16 20:32:04
D:\moth_photos\database\batch_09\img_moth_00017484.jpg,"[4000, 6000]",modelv1.0__2026-05-16 20:32:04
D:\moth_photos\database\batch_09\img_moth_00017485.jpg,"[4000, 6000]",modelv1.0__2026-05-16 20:32:04
D:\moth_photos\database\batch_09\img_moth_00017486.jpg,"[4000, 6000]",modelv1.0__2026-05-16 20:32:04
D:\moth_photos\database\batch_09\img_moth_00017487.jpg,"[4000, 6000]",modelv1.0__2026-05-16 20:32:04
D:\moth_photos\database\batch_09\img_moth_00017488.jpg,"[4000, 6000]",modelv1.0__2026-05-16 20:32:04
D:\moth_photos\database\batch_09\img_moth_00017489.jpg,"[4000, 6000]",modelv1.0__2026-05-16 20:32:04
D:\moth_photos\database\batch_09\img_moth_00017490.jpg,"[4000, 6000]",modelv1.0__2026-05-16 20:32:04
D:\moth_photos\database\batch_09\img_moth_00017491.jpg,"[4000, 6000]",modelv1.0__2026-05-16 20:32:04
D:\moth_photos\database\batch_09\img_moth_00017492.jpg,"[4000, 6000]",modelv1.0__2026-05-16 20:32:04
D:\moth_photos\database\batch_09\img_moth_00017493.jpg,"[4000, 6000]",modelv1.0__2026-05-16 20:32:04
D:\moth_photos\database\batch_09\img_moth_00017494.jpg,"[4000, 6000]",modelv1.0__2026-05-16 20:32:04
D:\moth_photos\database\batch_09\img_moth_00017495.jpg,"[4000, 6000]",modelv1.0__2026-05-16 20:32:04
D:\moth_photos\database\batch_09\img_moth_00017496.jpg,"[4000, 6000]",modelv1.0__2026-05-16 20:32:04
D:\moth_photos\database\batch_09\img_moth_00017497.jpg,"[4000, 6000]",modelv1.0__2026-05-16 20:32:04
D:\moth_photos\database\batch_09\img_moth_00017498.jpg,"[4000, 6000]",modelv1.0__2026-05-16 20:32:04
D:\moth_photos\database\batch_09\img_moth_00017499.jpg,"[4000, 6000]",modelv1.0__2026-05-16 20:32:04
D:\moth_photos\database\batch_09\img_moth_00017500.jpg,"[4000, 6000]",modelv1.0__2026-05-16 20:32:04
D:\moth_photos\database\batch_09\img_moth_00017501.jpg,"[4000, 6000]",modelv1.0__2026-05-16 20:32:04
D:\moth_photos\database\batch_09\img_moth_00017502.jpg,"[4000, 6000]",modelv1.0__2026-05-16 20:32:04
D:\moth_photos\database\batch_09\img_moth_00017503.jpg,"[4000, 6000]",modelv1.0__2026-05-16 20:32:04
D:\moth_photos\database\batch_09\img_moth_00017504.jpg,"[4000, 6000]",modelv1.0__2026-05-16 20:32:04
D:\moth_photos\database\batch_09\img_moth_00017505.jpg,"[4000, 6000]",modelv1.0__2026-05-16 20:32:04
D:\moth_photos\database\batch_09\img_moth_00017506.jpg,"[4000, 6000]",modelv1.0__2026-05-16 20:32:04
D:\moth_photos\database\batch_09\img_moth_00017507.jpg,"[4000, 6000]",modelv1.0__2026-05-16 20:32:04
D:\moth_photos\database\batch_09\img_moth_00017508.jpg,"[4000, 6000]",modelv1.0__2026-05-16 20:32:04
D:\moth_photos\database\batch_09\img_moth_00017509.jpg,"[4000, 6000]",modelv1.0__2026-05-16 20:32:04
D:\moth_photos\database\batch_09\img_moth_00017510.jpg,"[4000, 6000]",modelv1.0__2026-05-16 20:32:04
D:\moth_photos\database\batch_09\img_moth_00017511.jpg,"[4000, 6000]",modelv1.0__2026-05-16 20:32:04
D:\moth_photos\database\batch_09\img_moth_00017512.jpg,"[4000, 6000]",modelv1.0__2026-05-16 20:32:04
D:\moth_photos\database\batch_09\img_moth_00017513.jpg,"[4000, 6000]",modelv1.0__2026-05-16 20:32:04
D:\moth_photos\database\batch_09\img_moth_00017514.jpg,"[4000, 6000]",modelv1.0__2026-05-16 20:32:04
D:\moth_photos\database\batch_09\img_moth_00017515.jpg,"[4000, 6000]",modelv1.0__2026-05-16 20:32:04
D:\moth_photos\database\batch_09\img_moth_00017516.jpg,"[4000, 6000]",modelv1.0__2026-05-16 20:32:04
D:\moth_photos\database\batch_09\img_moth_00017517.jpg,"[4000, 6000]",modelv1.0__2026-05-16 20:32:04
D:\moth_photos\database\batch_09\img_moth_00017518.jpg,"[4000, 6000]",modelv1.0__2026-05-16 20:32:04
D:\moth_photos\database\batch_09\img_moth_00017519.jpg,"[4000, 6000]",modelv1.0__2026-05-16 20:32:04
D:\moth_photos\database\batch_09\img_moth_00017520.jpg,"[4000, 6000]",modelv1.0__2026-05-16 20:32:04
D:\moth_photos\database\batch_09\img_moth_00017521.jpg,"[4000, 6000]",modelv1.0__2026-05-16 20:32:04
D:\moth_photos\database\batch_09\img_moth_00017522.jpg,"[4000, 6000]",modelv1.0__2026-05-16 20:32:04
D:\moth_photos\database\batch_09\img_moth_00017523.jpg,"[4000, 6000]",modelv1.0__2026-05-16 20:32:04
D:\moth_photos\database\batch_09\img_moth_00017524.jpg,"[4000, 6000]",modelv1.0__2026-05-16 20:32:04
D:\moth_photos\database\batch_09\img_moth_00017525.jpg,"[4000, 6000]",modelv1.0__2026-05-16 20:32:04
D:\moth_photos\database\batch_09\img_moth_00017526.jpg,"[4000, 6000]",modelv1.0__2026-05-16 20:32:04
D:\moth_photos\database\batch_09\img_moth_00017527.jpg,"[4000, 6000]",modelv1.0__2026-05-16 20:32:04
D:\moth_photos\database\batch_09\img_moth_00017528.jpg,"[4000, 6000]",modelv1.0__2026-05-16 20:32:04
D:\moth_photos\database\batch_09\img_moth_00017529.jpg,"[4000, 6000]",modelv1.0__2026-05-16 20:32:04
D:\moth_photos\database\batch_09\img_moth_00017530.jpg,"[4000, 6000]",modelv1.0__2026-05-16 20:32:04
D:\moth_photos\database\batch_09\img_moth_00017531.jpg,"[4000, 6000]",modelv1.0__2026-05-16 20:32:04
D:\moth_photos\database\batch_09\img_moth_00017532.jpg,"[4000, 6000]",modelv1.0__2026-05-16 20:32:04
D:\moth_photos\database\batch_09\img_moth_00017533.jpg,"[4000, 6000]",modelv1.0__2026-05-16 20:32:04
D:\moth_photos\database\batch_09\img_moth_00017534.jpg,"[4000, 6000]",modelv1.0__2026-05-16 20:32:04
D:\moth_photos\database\batch_09\img_moth_00017535.jpg,"[4000, 6000]",modelv1.0__2026-05-16 20:32:04
D:\moth_photos\database\batch_09\img_moth_00017536.jpg,"[4000, 6000]",modelv1.0__2026-05-16 20:32:04
D:\moth_photos\database\batch_09\img_moth_00017537.jpg,"[4000, 6000]",modelv1.0__2026-05-16 20:32:04
D:\moth_photos\database\batch_09\img_moth_00017538.jpg,"[4000, 6000]",modelv1.0__2026-05-16 20:32:04
D:\moth_photos\database\batch_09\img_moth_00017539.jpg,"[4000, 6000]",modelv1.0__2026-05-16 20:32:04
D:\moth_photos\database\batch_09\img_moth_00017540.jpg,"[4000, 6000]",modelv1.0__2026-05-16 20:32:04
D:\moth_photos\database\batch_09\img_moth_00017541.jpg,"[4000, 6000]",modelv1.0__2026-05-16 20:32:04
D:\moth_photos\database\batch_09\img_moth_00017542.jpg,"[4000, 6000]",modelv1.0__2026-05-16 20:32:04
D:\moth_photos\database\batch_09\img_moth_00017543.jpg,"[4000, 6000]",modelv1.0__2026-05-16 20:32:04
D:\moth_photos\database\batch_09\img_moth_00017544.jpg,"[4000, 6000]",modelv1.0__2026-05-16 20:32:04
D:\moth_photos\database\batch_09\img_moth_00017545.jpg,"[4000, 6000]",modelv1.0__2026-05-16 20:32:04
D:\moth_photos\database\batch_09\img_moth_00017546.jpg,"[4000, 6000]",modelv1.0__2026-05-16 20:32:04
D:\moth_photos\database\batch_09\img_moth_00017547.jpg,"[4000, 6000]",modelv1.0__2026-05-16 20:32:04
D:\moth_photos\database\batch_09\img_moth_00017548.jpg,"[4000, 6000]",modelv1.0__2026-05-16 20:32:04
D:\moth_photos\database\batch_09\img_moth_00017549.jpg,"[4000, 6000]",modelv1.0__2026-05-16 20:32:04
D:\moth_photos\database\batch_09\img_moth_00017550.jpg,"[4000, 6000]",modelv1.0__2026-05-16 20:32:04
D:\moth_photos\database\batch_09\img_moth_00017551.jpg,"[4000, 6000]",modelv1.0__2026-05-16 20:32:04
D:\moth_photos\database\batch_09\img_moth_00017552.jpg,"[4000, 6000]",modelv1.0__2026-05-16 20:32:04
D:\moth_photos\database\batch_09\img_moth_00017553.jpg,"[4000, 6000]",modelv1.0__2026-05-16 20:32:04
D:\moth_photos\database\batch_09\img_moth_00017554.jpg,"[4000, 6000]",modelv1.0__2026-05-16 20:32:04
D:\moth_photos\database\batch_09\img_moth_00017555.jpg,"[4000, 6000]",modelv1.0__2026-05-16 20:32:04
D:\moth_photos\database\batch_09\img_moth_00017556.jpg,"[4000, 6000]",modelv1.0__2026-05-16 20:32:04
D:\moth_photos\database\batch_09\img_moth_00017557.jpg,"[4000, 6000]",modelv1.0__2026-05-16 20:32:04
D:\moth_photos\database\batch_09\img_moth_00017558.jpg,"[4000, 6000]",modelv1.0__2026-05-16 20:32:04
D:\moth_photos\database\batch_09\img_moth_00017559.jpg,"[4000, 6000]",modelv1.0__2026-05-16 20:32:04
D:\moth_photos\database\batch_09\img_moth_00017560.jpg,"[4000, 6000]",modelv1.0__2026-05-16 20:32:04
D:\moth_photos\database\batch_09\img_moth_00017561.jpg,"[4000, 6000]",modelv1.0__2026-05-16 20:32:04
D:\moth_photos\database\batch_09\img_moth_00017562.jpg,"[4000, 6000]",modelv1.0__2026-05-16 20:32:04
D:\moth_photos\database\batch_09\img_moth_00017563.jpg,"[4000, 6000]",modelv1.0__2026-05-16 20:32:04
D:\moth_photos\database\batch_09\img_moth_00017564.jpg,"[4000, 6000]",modelv1.0__2026-05-16 20:32:04
D:\moth_photos\database\batch_09\img_moth_00017565.jpg,"[4000, 6000]",modelv1.0__2026-05-16 20:32:04
D:\moth_photos\database\batch_09\img_moth_00017566.jpg,"[4000, 6000]",modelv1.0__2026-05-16 20:32:04
D:\moth_photos\database\batch_09\img_moth_00017567.jpg,"[4000, 6000]",modelv1.0__2026-05-16 20:32:04
D:\moth_photos\database\batch_09\img_moth_00017568.jpg,"[4000, 6000]",modelv1.0__2026-05-16 20:32:04
D:\moth_photos\database\batch_09\img_moth_00017569.jpg,"[4000, 6000]",modelv1.0__2026-05-16 20:32:04
D:\moth_photos\database\batch_09\img_moth_00017570.jpg,"[4000, 6000]",modelv1.0__2026-05-16 20:32:04
D:\moth_photos\database\batch_09\img_moth_00017571.jpg,"[4000, 6000]",modelv1.0__2026-05-16 20:32:04
D:\moth_photos\database\batch_09\img_moth_00017572.jpg,"[4000, 6000]",modelv1.0__2026-05-16 20:32:04
D:\moth_photos\database\batch_09\img_moth_00017573.jpg,"[4000, 6000]",modelv1.0__2026-05-16 20:32:04
D:\moth_photos\database\batch_09\img_moth_00017574.jpg,"[4000, 6000]",modelv1.0__2026-05-16 20:32:04
D:\moth_photos\database\batch_09\img_moth_00017575.jpg,"[4000, 6000]",modelv1.0__2026-05-16 20:32:04
D:\moth_photos\database\batch_09\img_moth_00017576.jpg,"[4000, 6000]",modelv1.0__2026-05-16 20:32:04
D:\moth_photos\database\batch_09\img_moth_00017577.jpg,"[4000, 6000]",modelv1.0__2026-05-16 20:32:04
D:\moth_photos\database\batch_09\img_moth_00017578.jpg,"[4000, 6000]",modelv1.0__2026-05-16 20:32:04
D:\moth_photos\database\batch_09\img_moth_00017579.jpg,"[4000, 6000]",modelv1.0__2026-05-16 20:32:04
D:\moth_photos\database\batch_09\img_moth_00017580.jpg,"[4000, 6000]",modelv1.0__2026-05-16 20:32:04
D:\moth_photos\database\batch_09\img_moth_00017581.jpg,"[4000, 6000]",modelv1.0__2026-05-16 20:32:04
D:\moth_photos\database\batch_09\img_moth_00017582.jpg,"[4000, 6000]",modelv1.0__2026-05-16 20:32:04
D:\moth_photos\database\batch_09\img_moth_00017583.jpg,"[4000, 6000]",modelv1.0__2026-05-16 20:32:04
D:\moth_photos\database\batch_09\img_moth_00017584.jpg,"[4000, 6000]",modelv1.0__2026-05-16 20:32:04
D:\moth_photos\database\batch_09\img_moth_00017585.jpg,"[4000, 6000]",modelv1.0__2026-05-16 20:32:04
D:\moth_photos\database\batch_09\img_moth_00017586.jpg,"[4000, 6000]",modelv1.0__2026-05-16 20:32:04
D:\moth_photos\database\batch_09\img_moth_00017587.jpg,"[4000, 6000]",modelv1.0__2026-05-16 20:32:04
D:\moth_photos\database\batch_09\img_moth_00017588.jpg,"[4000, 6000]",modelv1.0__2026-05-16 20:32:04
D:\moth_photos\database\batch_09\img_moth_00017589.jpg,"[4000, 6000]",modelv1.0__2026-05-16 20:32:04
D:\moth_photos\database\batch_09\img_moth_00017590.jpg,"[4000, 6000]",modelv1.0__2026-05-16 20:32:04
D:\moth_photos\database\batch_09\img_moth_00017591.jpg,"[4000, 6000]",modelv1.0__2026-05-16 20:32:04
D:\moth_photos\database\batch_09\img_moth_00017592.jpg,"[4000, 6000]",modelv1.0__2026-05-16 20:32:04
D:\moth_photos\database\batch_09\img_moth_00017593.jpg,"[4000, 6000]",modelv1.0__2026-05-16 20:32:04
D:\moth_photos\database\batch_09\img_moth_00017594.jpg,"[4000, 6000]",modelv1.0__2026-05-16 20:32:04
D:\moth_photos\database\batch_09\img_moth_00017595.jpg,"[4000, 6000]",modelv1.0__2026-05-16 20:32:04
D:\moth_photos\database\batch_09\img_moth_00017596.jpg,"[4000, 6000]",modelv1.0__2026-05-16 20:32:04
D:\moth_photos\database\batch_09\img_moth_00017597.jpg,"[4000, 6000]",modelv1.0__2026-05-16 20:32:04
D:\moth_photos\database\batch_09\img_moth_00017598.jpg,"[4000, 6000]",modelv1.0__2026-05-16 20:32:04
D:\moth_photos\database\batch_09\img_moth_00017599.jpg,"[4000, 6000]",modelv1.0__2026-05-16 20:32:04
D:\moth_photos\database\batch_09\img_moth_00017600.jpg,"[4000, 6000]",modelv1.0__2026-05-16 20:32:04
D:\moth_photos\database\batch_09\img_moth_00017601.jpg,"[4000, 6000]",modelv1.0__2026-05-16 20:32:04
D:\moth_photos\database\batch_09\img_moth_00017602.jpg,"[4000, 6000]",modelv1.0__2026-05-16 20:32:04
D:\moth_photos\database\batch_09\img_moth_00017603.jpg,"[4000, 6000]",modelv1.0__2026-05-16 20:32:04
D:\moth_photos\database\batch_09\img_moth_00017604.jpg,"[4000, 6000]",modelv1.0__2026-05-16 20:32:04
D:\moth_photos\database\batch_09\img_moth_00017605.jpg,"[4000, 6000]",modelv1.0__2026-05-16 20:32:04
D:\moth_photos\database\batch_09\img_moth_00017606.jpg,"[4000, 6000]",modelv1.0__2026-05-16 20:32:04
D:\moth_photos\database\batch_09\img_moth_00017607.jpg,"[4000, 6000]",modelv1.0__2026-05-16 20:32:04
D:\moth_photos\database\batch_09\img_moth_00017608.jpg,"[4000, 6000]",modelv1.0__2026-05-16 20:32:04
D:\moth_photos\database\batch_09\img_moth_00017609.jpg,"[4000, 6000]",modelv1.0__2026-05-16 20:32:04
D:\moth_photos\database\batch_09\img_moth_00017610.jpg,"[4000, 6000]",modelv1.0__2026-05-16 20:32:04
D:\moth_photos\database\batch_09\img_moth_00017611.jpg,"[4000, 6000]",modelv1.0__2026-05-16 20:32:04
D:\moth_photos\database\batch_09\img_moth_00017612.jpg,"[4000, 6000]",modelv1.0__2026-05-16 20:32:04
D:\moth_photos\database\batch_09\img_moth_00017613.jpg,"[4000, 6000]",modelv1.0__2026-05-16 20:32:04
D:\moth_photos\database\batch_09\img_moth_00017614.jpg,"[4000, 6000]",modelv1.0__2026-05-16 20:32:04
D:\moth_photos\database\batch_09\img_moth_00017615.jpg,"[4000, 6000]",modelv1.0__2026-05-16 20:32:04
D:\moth_photos\database\batch_09\img_moth_00017616.jpg,"[4000, 6000]",modelv1.0__2026-05-16 20:32:04
D:\moth_photos\database\batch_09\img_moth_00017617.jpg,"[4000, 6000]",modelv1.0__2026-05-16 20:32:04
D:\moth_photos\database\batch_09\img_moth_00017618.jpg,"[4000, 6000]",modelv1.0__2026-05-16 20:32:04
D:\moth_photos\database\batch_09\img_moth_00017619.jpg,"[4000, 6000]",modelv1.0__2026-05-16 20:32:04
D:\moth_photos\database\batch_09\img_moth_00017620.jpg,"[4000, 6000]",modelv1.0__2026-05-16 20:32:04
D:\moth_photos\database\batch_09\img_moth_00017621.jpg,"[4000, 6000]",modelv1.0__2026-05-16 20:32:04
D:\moth_photos\database\batch_09\img_moth_00017622.jpg,"[4000, 6000]",modelv1.0__2026-05-16 20:32:04
D:\moth_photos\database\batch_09\img_moth_00017623.jpg,"[4000, 6000]",modelv1.0__2026-05-16 20:32:04
D:\moth_photos\database\batch_09\img_moth_00017624.jpg,"[4000, 6000]",modelv1.0__2026-05-16 20:32:04
D:\moth_photos\database\batch_09\img_moth_00017625.jpg,"[4000, 6000]",modelv1.0__2026-05-16 20:32:04
D:\moth_photos\database\batch_09\img_moth_00017626.jpg,"[4000, 6000]",modelv1.0__2026-05-16 20:32:04
D:\moth_photos\database\batch_09\img_moth_00017627.jpg,"[4000, 6000]",modelv1.0__2026-05-16 20:32:04
D:\moth_photos\database\batch_09\img_moth_00017628.jpg,"[4000, 6000]",modelv1.0__2026-05-16 20:32:04
D:\moth_photos\database\batch_09\img_moth_00017629.jpg,"[4000, 6000]",modelv1.0__2026-05-16 20:32:04
D:\moth_photos\database\batch_09\img_moth_00017630.jpg,"[4000, 6000]",modelv1.0__2026-05-16 20:32:04
D:\moth_photos\database\batch_09\img_moth_00017631.jpg,"[4000, 6000]",modelv1.0__2026-05-16 20:32:04
D:\moth_photos\database\batch_09\img_moth_00017632.jpg,"[4000, 6000]",modelv1.0__2026-05-16 20:32:04
D:\moth_photos\database\batch_09\img_moth_00017633.jpg,"[4000, 6000]",modelv1.0__2026-05-16 20:32:04
D:\moth_photos\database\batch_09\img_moth_00017634.jpg,"[4000, 6000]",modelv1.0__2026-05-16 20:32:04
D:\moth_photos\database\batch_09\img_moth_00017635.jpg,"[4000, 6000]",modelv1.0__2026-05-16 20:32:04
D:\moth_photos\database\batch_09\img_moth_00017636.jpg,"[4000, 6000]",modelv1.0__2026-05-16 20:32:04
D:\moth_photos\database\batch_09\img_moth_00017637.jpg,"[4000, 6000]",modelv1.0__2026-05-16 20:32:04
D:\moth_photos\database\batch_09\img_moth_00017638.jpg,"[4000, 6000]",modelv1.0__2026-05-16 20:32:04
D:\moth_photos\database\batch_09\img_moth_00017639.jpg,"[4000, 6000]",modelv1.0__2026-05-16 20:32:04
D:\moth_photos\database\batch_09\img_moth_00017640.jpg,"[4000, 6000]",modelv1.0__2026-05-16 20:32:04
D:\moth_photos\database\batch_09\img_moth_00017641.jpg,"[4000, 6000]",modelv1.0__2026-05-16 20:32:04
D:\moth_photos\database\batch_09\img_moth_00017642.jpg,"[4000, 6000]",modelv1.0__2026-05-16 20:32:04
D:\moth_photos\database\batch_09\img_moth_00017643.jpg,"[4000, 6000]",modelv1.0__2026-05-16 20:32:04
D:\moth_photos\database\batch_09\img_moth_00017644.jpg,"[4000, 6000]",modelv1.0__2026-05-16 20:32:04
D:\moth_photos\database\batch_09\img_moth_00017645.jpg,"[4000, 6000]",modelv1.0__2026-05-16 20:32:04
D:\moth_photos\database\batch_09\img_moth_00017646.jpg,"[4000, 6000]",modelv1.0__2026-05-16 20:32:04
D:\moth_photos\database\batch_09\img_moth_00017647.jpg,"[4000, 6000]",modelv1.0__2026-05-16 20:32:04
D:\moth_photos\database\batch_09\img_moth_00017648.jpg,"[4000, 6000]",modelv1.0__2026-05-16 20:32:04
D:\moth_photos\database\batch_09\img_moth_00017649.jpg,"[4000, 6000]",modelv1.0__2026-05-16 20:32:04
D:\moth_photos\database\batch_09\img_moth_00017650.jpg,"[4000, 6000]",modelv1.0__2026-05-16 20:32:04
D:\moth_photos\database\batch_09\img_moth_00017651.jpg,"[4000, 6000]",modelv1.0__2026-05-16 20:32:04
D:\moth_photos\database\batch_09\img_moth_00017652.jpg,"[4000, 6000]",modelv1.0__2026-05-16 20:32:04
D:\moth_photos\database\batch_09\img_moth_00017653.jpg,"[4000, 6000]",modelv1.0__2026-05-16 20:32:04
D:\moth_photos\database\batch_09\img_moth_00017654.jpg,"[4000, 6000]",modelv1.0__2026-05-16 20:32:04
D:\moth_photos\database\batch_09\img_moth_00017655.jpg,"[4000, 6000]",modelv1.0__2026-05-16 20:32:04
D:\moth_photos\database\batch_09\img_moth_00017656.jpg,"[4000, 6000]",modelv1.0__2026-05-16 20:32:04
D:\moth_photos\database\batch_09\img_moth_00017657.jpg,"[4000, 6000]",modelv1.0__2026-05-16 20:32:04
D:\moth_photos\database\batch_09\img_moth_00017658.jpg,"[4000, 6000]",modelv1.0__2026-05-16 20:32:04
D:\moth_photos\database\batch_09\img_moth_00017659.jpg,"[4000, 6000]",modelv1.0__2026-05-16 20:32:04
D:\moth_photos\database\batch_09\img_moth_00017660.jpg,"[4000, 6000]",modelv1.0__2026-05-16 20:32:04
D:\moth_photos\database\batch_09\img_moth_00017661.jpg,"[4000, 6000]",modelv1.0__2026-05-16 20:32:04
D:\moth_photos\database\batch_09\img_moth_00017662.jpg,"[4000, 6000]",modelv1.0__2026-05-16 20:32:04
D:\moth_photos\database\batch_09\img_moth_00017663.jpg,"[4000, 6000]",modelv1.0__2026-05-16 20:32:04
D:\moth_photos\database\batch_09\img_moth_00017664.jpg,"[4000, 6000]",modelv1.0__2026-05-16 20:32:04
D:\moth_photos\database\batch_09\img_moth_00017665.jpg,"[4000, 6000]",modelv1.0__2026-05-16 20:32:04
D:\moth_photos\database\batch_09\img_moth_00017666.jpg,"[4000, 6000]",modelv1.0__2026-05-16 20:32:04
D:\moth_photos\database\batch_09\img_moth_00017667.jpg,"[4000, 6000]",modelv1.0__2026-05-16 20:32:04
D:\moth_photos\database\batch_09\img_moth_00017668.jpg,"[4000, 6000]",modelv1.0__2026-05-16 20:32:04
D:\moth_photos\database\batch_09\img_moth_00017669.jpg,"[4000, 6000]",modelv1.0__2026-05-16 20:32:04
D:\moth_photos\database\batch_09\img_moth_00017670.jpg,"[4000, 6000]",modelv1.0__2026-05-16 20:32:04
D:\moth_photos\database\batch_09\img_moth_00017671.jpg,"[4000, 6000]",modelv1.0__2026-05-16 20:32:04
D:\moth_photos\database\batch_09\img_moth_00017672.jpg,"[4000, 6000]",modelv1.0__2026-05-16 20:32:04
D:\moth_photos\database\batch_09\img_moth_00017673.jpg,"[4000, 6000]",modelv1.0__2026-05-16 20:32:04
D:\moth_photos\database\batch_09\img_moth_00017674.jpg,"[4000, 6000]",modelv1.0__2026-05-16 20:32:04
D:\moth_photos\database\batch_09\img_moth_00017675.jpg,"[4000, 6000]",modelv1.0__2026-05-16 20:32:04
D:\moth_photos\database\batch_09\img_moth_00017676.jpg,"[4000, 6000]",modelv1.0__2026-05-16 20:32:04
D:\moth_photos\database\batch_09\img_moth_00017677.jpg,"[4000, 6000]",modelv1.0__2026-05-16 20:32:04
D:\moth_photos\database\batch_09\img_moth_00017678.jpg,"[4000, 6000]",modelv1.0__2026-05-16 20:32:04
D:\moth_photos\database\batch_09\img_moth_00017679.jpg,"[4000, 6000]",modelv1.0__2026-05-16 20:32:04
D:\moth_photos\database\batch_09\img_moth_00017680.jpg,"[4000, 6000]",modelv1.0__2026-05-16 20:32:04
D:\moth_photos\database\batch_09\img_moth_00017681.jpg,"[4000, 6000]",modelv1.0__2026-05-16 20:32:04
D:\moth_photos\database\batch_09\img_moth_00017682.jpg,"[4000, 6000]",modelv1.0__2026-05-16 20:32:04
D:\moth_photos\database\batch_09\img_moth_00017683.jpg,"[4000, 6000]",modelv1.0__2026-05-16 20:32:04
D:\moth_photos\database\batch_09\img_moth_00017684.jpg,"[4000, 6000]",modelv1.0__2026-05-16 20:32:04
D:\moth_photos\database\batch_09\img_moth_00017685.jpg,"[4000, 6000]",modelv1.0__2026-05-16 20:32:04
D:\moth_photos\database\batch_09\img_moth_00017686.jpg,"[4000, 6000]",modelv1.0__2026-05-16 20:32:04
D:\moth_photos\database\batch_09\img_moth_00017687.jpg,"[4000, 6000]",modelv1.0__2026-05-16 20:32:04
D:\moth_photos\database\batch_09\img_moth_00017688.jpg,"[4000, 6000]",modelv1.0__2026-05-16 20:32:04
D:\moth_photos\database\batch_09\img_moth_00017689.jpg,"[4000, 6000]",modelv1.0__2026-05-16 20:32:04
D:\moth_photos\database\batch_09\img_moth_00017690.jpg,"[4000, 6000]",modelv1.0__2026-05-16 20:32:04
D:\moth_photos\database\batch_09\img_moth_00017691.jpg,"[4000, 6000]",modelv1.0__2026-05-16 20:32:04
D:\moth_photos\database\batch_09\img_moth_00017692.jpg,"[4000, 6000]",modelv1.0__2026-05-16 20:32:04
D:\moth_photos\database\batch_09\img_moth_00017693.jpg,"[4000, 6000]",modelv1.0__2026-05-16 20:32:04
D:\moth_photos\database\batch_09\img_moth_00017694.jpg,"[4000, 6000]",modelv1.0__2026-05-16 20:32:04
D:\moth_photos\database\batch_09\img_moth_00017695.jpg,"[4000, 6000]",modelv1.0__2026-05-16 20:32:04
D:\moth_photos\database\batch_09\img_moth_00017696.jpg,"[4000, 6000]",modelv1.0__2026-05-16 20:32:04
D:\moth_photos\database\batch_09\img_moth_00017697.jpg,"[4000, 6000]",modelv1.0__2026-05-16 20:32:04
D:\moth_photos\database\batch_09\img_moth_00017698.jpg,"[4000, 6000]",modelv1.0__2026-05-16 20:32:04
D:\moth_photos\database\batch_09\img_moth_00017699.jpg,"[4000, 6000]",modelv1.0__2026-05-16 20:32:04
D:\moth_photos\database\batch_09\img_moth_00017700.jpg,"[4000, 6000]",modelv1.0__2026-05-16 20:32:04
D:\moth_photos\database\batch_09\img_moth_00017701.jpg,"[4000, 6000]",modelv1.0__2026-05-16 20:32:04
D:\moth_photos\database\batch_09\img_moth_00017702.jpg,"[4000, 6000]",modelv1.0__2026-05-16 20:32:04
D:\moth_photos\database\batch_09\img_moth_00017703.jpg,"[4000, 6000]",modelv1.0__2026-05-16 20:32:04
D:\moth_photos\database\batch_09\img_moth_00017704.jpg,"[4000, 6000]",modelv1.0__2026-05-16 20:32:04
D:\moth_photos\database\batch_09\img_moth_00017705.jpg,"[4000, 6000]",modelv1.0__2026-05-16 20:32:04
D:\moth_photos\database\batch_09\img_moth_00017706.jpg,"[4000, 6000]",modelv1.0__2026-05-16 20:32:04
D:\moth_photos\database\batch_09\img_moth_00017707.jpg,"[4000, 6000]",modelv1.0__2026-05-16 20:32:04
D:\moth_photos\database\batch_09\img_moth_00017708.jpg,"[4000, 6000]",modelv1.0__2026-05-16 20:32:04
D:\moth_photos\database\batch_09\img_moth_00017709.jpg,"[4000, 6000]",modelv1.0__2026-05-16 20:32:04
D:\moth_photos\database\batch_09\img_moth_00017710.jpg,"[4000, 6000]",modelv1.0__2026-05-16 20:32:04
D:\moth_photos\database\batch_09\img_moth_00017711.jpg,"[4000, 6000]",modelv1.0__2026-05-16 20:32:04
D:\moth_photos\database\batch_09\img_moth_00017712.jpg,"[4000, 6000]",modelv1.0__2026-05-16 20:32:04
D:\moth_photos\database\batch_09\img_moth_00017713.jpg,"[4000, 6000]",modelv1.0__2026-05-16 20:32:04
D:\moth_photos\database\batch_09\img_moth_00017714.jpg,"[4000, 6000]",modelv1.0__2026-05-16 20:32:04
D:\moth_photos\database\batch_09\img_moth_00017715.jpg,"[4000, 6000]",modelv1.0__2026-05-16 20:32:04
D:\moth_photos\database\batch_09\img_moth_00017716.jpg,"[4000, 6000]",modelv1.0__2026-05-16 20:32:04
D:\moth_photos\database\batch_09\img_moth_00017717.jpg,"[4000, 6000]",modelv1.0__2026-05-16 20:32:04
D:\moth_photos\database\batch_09\img_moth_00017718.jpg,"[4000, 6000]",modelv1.0__2026-05-16 20:32:04
D:\moth_photos\database\batch_09\img_moth_00017719.jpg,"[4000, 6000]",modelv1.0__2026-05-16 20:32:04
D:\moth_photos\database\batch_09\img_moth_00017720.jpg,"[4000, 6000]",modelv1.0__2026-05-16 20:32:04
D:\moth_photos\database\batch_09\img_moth_00017721.jpg,"[4000, 6000]",modelv1.0__2026-05-16 20:32:04
D:\moth_photos\database\batch_09\img_moth_00017722.jpg,"[4000, 6000]",modelv1.0__2026-05-16 20:32:04
D:\moth_photos\database\batch_09\img_moth_00017723.jpg,"[4000, 6000]",modelv1.0__2026-05-16 20:32:04
D:\moth_photos\database\batch_09\img_moth_00017724.jpg,"[4000, 6000]",modelv1.0__2026-05-16 20:32:04
D:\moth_photos\database\batch_09\img_moth_00017725.jpg,"[4000, 6000]",modelv1.0__2026-05-16 20:32:04
D:\moth_photos\database\batch_09\img_moth_00017726.jpg,"[4000, 6000]",modelv1.0__2026-05-16 20:32:04
D:\moth_photos\database\batch_09\img_moth_00017727.jpg,"[4000, 6000]",modelv1.0__2026-05-16 20:32:04
D:\moth_photos\database\batch_09\img_moth_00017728.jpg,"[4000, 6000]",modelv1.0__2026-05-16 20:32:04
D:\moth_photos\database\batch_09\img_moth_00017729.jpg,"[4000, 6000]",modelv1.0__2026-05-16 20:32:04
D:\moth_photos\database\batch_09\img_moth_00017730.jpg,"[4000, 6000]",modelv1.0__2026-05-16 20:32:04
D:\moth_photos\database\batch_09\img_moth_00017731.jpg,"[4000, 6000]",modelv1.0__2026-05-16 20:32:04
D:\moth_photos\database\batch_09\img_moth_00017732.jpg,"[4000, 6000]",modelv1.0__2026-05-16 20:32:04
D:\moth_photos\database\batch_09\img_moth_00017733.jpg,"[4000, 6000]",modelv1.0__2026-05-16 20:32:04
D:\moth_photos\database\batch_09\img_moth_00017734.jpg,"[4000, 6000]",modelv1.0__2026-05-16 20:32:04
D:\moth_photos\database\batch_09\img_moth_00017735.jpg,"[4000, 6000]",modelv1.0__2026-05-16 20:32:04
D:\moth_photos\database\batch_09\img_moth_00017736.jpg,"[4000, 6000]",modelv1.0__2026-05-16 20:32:04
D:\moth_photos\database\batch_09\img_moth_00017737.jpg,"[4000, 6000]",modelv1.0__2026-05-16 20:32:04
D:\moth_photos\database\batch_09\img_moth_00017738.jpg,"[4000, 6000]",modelv1.0__2026-05-16 20:32:04
D:\moth_photos\database\batch_09\img_moth_00017739.jpg,"[4000, 6000]",modelv1.0__2026-05-16 20:32:04
D:\moth_photos\database\batch_09\img_moth_00017740.jpg,"[4000, 6000]",modelv1.0__2026-05-16 20:32:04
D:\moth_photos\database\batch_09\img_moth_00017741.jpg,"[4000, 6000]",modelv1.0__2026-05-16 20:32:04
D:\moth_photos\database\batch_09\img_moth_00017742.jpg,"[4000, 6000]",modelv1.0__2026-05-16 20:32:04
D:\moth_photos\database\batch_09\img_moth_00017743.jpg,"[4000, 6000]",modelv1.0__2026-05-16 20:32:04
D:\moth_photos\database\batch_09\img_moth_00017744.jpg,"[4000, 6000]",modelv1.0__2026-05-16 20:32:04
D:\moth_photos\database\batch_09\img_moth_00017745.jpg,"[4000, 6000]",modelv1.0__2026-05-16 20:32:04
D:\moth_photos\database\batch_09\img_moth_00017746.jpg,"[4000, 6000]",modelv1.0__2026-05-16 20:32:04
D:\moth_photos\database\batch_09\img_moth_00017747.jpg,"[4000, 6000]",modelv1.0__2026-05-16 20:32:04
D:\moth_photos\database\batch_09\img_moth_00017748.jpg,"[4000, 6000]",modelv1.0__2026-05-16 20:32:04
D:\moth_photos\database\batch_09\img_moth_00017749.jpg,"[4000, 6000]",modelv1.0__2026-05-16 20:32:04
D:\moth_photos\database\batch_09\img_moth_00017750.jpg,"[4000, 6000]",modelv1.0__2026-05-16 20:32:04
D:\moth_photos\database\batch_09\img_moth_00017751.jpg,"[4000, 6000]",modelv1.0__2026-05-16 20:32:04
D:\moth_photos\database\batch_09\img_moth_00017752.jpg,"[4000, 6000]",modelv1.0__2026-05-16 20:32:04
D:\moth_photos\database\batch_09\img_moth_00017753.jpg,"[4000, 6000]",modelv1.0__2026-05-16 20:32:04
D:\moth_photos\database\batch_09\img_moth_00017754.jpg,"[4000, 6000]",modelv1.0__2026-05-16 20:32:04
D:\moth_photos\database\batch_09\img_moth_00017755.jpg,"[4000, 6000]",modelv1.0__2026-05-16 20:32:04
D:\moth_photos\database\batch_09\img_moth_00017756.jpg,"[4000, 6000]",modelv1.0__2026-05-16 20:32:04
D:\moth_photos\database\batch_09\img_moth_00017757.jpg,"[4000, 6000]",modelv1.0__2026-05-16 20:32:04
D:\moth_photos\database\batch_09\img_moth_00017758.jpg,"[4000, 6000]",modelv1.0__2026-05-16 20:32:04
D:\moth_photos\database\batch_09\img_moth_00017759.jpg,"[4000, 6000]",modelv1.0__2026-05-16 20:32:04
D:\moth_photos\database\batch_09\img_moth_00017760.jpg,"[4000, 6000]",modelv1.0__2026-05-16 20:32:04
D:\moth_photos\database\batch_09\img_moth_00017761.jpg,"[4000, 6000]",modelv1.0__2026-05-16 20:32:04
D:\moth_photos\database\batch_09\img_moth_00017762.jpg,"[4000, 6000]",modelv1.0__2026-05-16 20:32:04
D:\moth_photos\database\batch_09\img_moth_00017763.jpg,"[4000, 6000]",modelv1.0__2026-05-16 20:32:04
D:\moth_photos\database\batch_09\img_moth_00017764.jpg,"[4000, 6000]",modelv1.0__2026-05-16 20:32:04
D:\moth_photos\database\batch_09\img_moth_00017765.jpg,"[4000, 6000]",modelv1.0__2026-05-16 20:32:04
D:\moth_photos\database\batch_09\img_moth_00017766.jpg,"[4000, 6000]",modelv1.0__2026-05-16 20:32:04
D:\moth_photos\database\batch_09\img_moth_00017767.jpg,"[4000, 6000]",modelv1.0__2026-05-16 20:32:04
D:\moth_photos\database\batch_09\img_moth_00017768.jpg,"[4000, 6000]",modelv1.0__2026-05-16 20:32:04
D:\moth_photos\database\batch_09\img_moth_00017769.jpg,"[4000, 6000]",modelv1.0__2026-05-16 20:32:04
D:\moth_photos\database\batch_09\img_moth_00017770.jpg,"[4000, 6000]",modelv1.0__2026-05-16 20:32:04
D:\moth_photos\database\batch_09\img_moth_00017771.jpg,"[4000, 6000]",modelv1.0__2026-05-16 20:32:04
D:\moth_photos\database\batch_09\img_moth_00017772.jpg,"[4000, 6000]",modelv1.0__2026-05-16 20:32:04
D:\moth_photos\database\batch_09\img_moth_00017773.jpg,"[4000, 6000]",modelv1.0__2026-05-16 20:32:04
D:\moth_photos\database\batch_09\img_moth_00017774.jpg,"[4000, 6000]",modelv1.0__2026-05-16 20:32:04
D:\moth_photos\database\batch_09\img_moth_00017775.jpg,"[4000, 6000]",modelv1.0__2026-05-16 20:32:04
D:\moth_photos\database\batch_09\img_moth_00017776.jpg,"[4000, 6000]",modelv1.0__2026-05-16 20:32:04
D:\moth_photos\database\batch_09\img_moth_00017777.jpg,"[4000, 6000]",modelv1.0__2026-05-16 20:32:04
D:\moth_photos\database\batch_09\img_moth_00017778.jpg,"[4000, 6000]",modelv1.0__2026-05-16 20:32:04
D:\moth_photos\database\batch_09\img_moth_00017779.jpg,"[4000, 6000]",modelv1.0__2026-05-16 20:32:04
D:\moth_photos\database\batch_09\img_moth_00017780.jpg,"[4000, 6000]",modelv1.0__2026-05-16 20:32:04
D:\moth_photos\database\batch_09\img_moth_00017781.jpg,"[4000, 6000]",modelv1.0__2026-05-16 20:32:04
D:\moth_photos\database\batch_09\img_moth_00017782.jpg,"[4000, 6000]",modelv1.0__2026-05-16 20:32:04
D:\moth_photos\database\batch_09\img_moth_00017783.jpg,"[4000, 6000]",modelv1.0__2026-05-16 20:32:04
D:\moth_photos\database\batch_09\img_moth_00017784.jpg,"[4000, 6000]",modelv1.0__2026-05-16 20:32:04
D:\moth_photos\database\batch_09\img_moth_00017785.jpg,"[4000, 6000]",modelv1.0__2026-05-16 20:32:04
D:\moth_photos\database\batch_09\img_moth_00017786.jpg,"[4000, 6000]",modelv1.0__2026-05-16 20:32:04
D:\moth_photos\database\batch_09\img_moth_00017787.jpg,"[4000, 6000]",modelv1.0__2026-05-16 20:32:04
D:\moth_photos\database\batch_09\img_moth_00017788.jpg,"[4000, 6000]",modelv1.0__2026-05-16 20:32:04
D:\moth_photos\database\batch_09\img_moth_00017789.jpg,"[4000, 6000]",modelv1.0__2026-05-16 20:32:04
D:\moth_photos\database\batch_09\img_moth_00017790.jpg,"[4000, 6000]",modelv1.0__2026-05-16 20:32:04
D:\moth_photos\database\batch_09\img_moth_00017791.jpg,"[4000, 6000]",modelv1.0__2026-05-16 20:32:04
D:\moth_photos\database\batch_09\img_moth_00017792.jpg,"[4000, 6000]",modelv1.0__2026-05-16 20:32:04
D:\moth_photos\database\batch_09\img_moth_00017793.jpg,"[4000, 6000]",modelv1.0__2026-05-16 20:32:04
D:\moth_photos\database\batch_09\img_moth_00017794.jpg,"[4000, 6000]",modelv1.0__2026-05-16 20:32:04
D:\moth_photos\database\batch_09\img_moth_00017795.jpg,"[4000, 6000]",modelv1.0__2026-05-16 20:32:04
D:\moth_photos\database\batch_09\img_moth_00017796.jpg,"[4000, 6000]",modelv1.0__2026-05-16 20:32:04
D:\moth_photos\database\batch_09\img_moth_00017797.jpg,"[4000, 6000]",modelv1.0__2026-05-16 20:32:04
D:\moth_photos\database\batch_09\img_moth_00017798.jpg,"[4000, 6000]",modelv1.0__2026-05-16 20:32:04
D:\moth_photos\database\batch_09\img_moth_00017799.jpg,"[4000, 6000]",modelv1.0__2026-05-16 20:32:04
D:\moth_photos\database\batch_09\img_moth_00017800.jpg,"[4000, 6000]",modelv1.0__2026-05-16 20:32:04
D:\moth_photos\database\batch_09\img_moth_00017801.jpg,"[4000, 6000]",modelv1.0__2026-05-16 20:32:04
D:\moth_photos\database\batch_09\img_moth_00017802.jpg,"[4000, 6000]",modelv1.0__2026-05-16 20:32:04
D:\moth_photos\database\batch_09\img_moth_00017803.jpg,"[4000, 6000]",modelv1.0__2026-05-16 20:32:04
D:\moth_photos\database\batch_09\img_moth_00017804.jpg,"[4000, 6000]",modelv1.0__2026-05-16 20:32:04
D:\moth_photos\database\batch_09\img_moth_00017805.jpg,"[4000, 6000]",modelv1.0__2026-05-16 20:32:04
D:\moth_photos\database\batch_09\img_moth_00017806.jpg,"[4000, 6000]",modelv1.0__2026-05-16 20:32:04
D:\moth_photos\database\batch_09\img_moth_00017807.jpg,"[4000, 6000]",modelv1.0__2026-05-16 20:32:04
D:\moth_photos\database\batch_09\img_moth_00017808.jpg,"[4000, 6000]",modelv1.0__2026-05-16 20:32:04
D:\moth_photos\database\batch_09\img_moth_00017809.jpg,"[4000, 6000]",modelv1.0__2026-05-16 20:32:04
D:\moth_photos\database\batch_09\img_moth_00017810.jpg,"[4000, 6000]",modelv1.0__2026-05-16 20:32:04
D:\moth_photos\database\batch_09\img_moth_00017811.jpg,"[4000, 6000]",modelv1.0__2026-05-16 20:32:04
D:\moth_photos\database\batch_09\img_moth_00017812.jpg,"[4000, 6000]",modelv1.0__2026-05-16 20:32:04
D:\moth_photos\database\batch_09\img_moth_00017813.jpg,"[4000, 6000]",modelv1.0__2026-05-16 20:32:04
D:\moth_photos\database\batch_09\img_moth_00017814.jpg,"[4000, 6000]",modelv1.0__2026-05-16 20:32:04
D:\moth_photos\database\batch_09\img_moth_00017815.jpg,"[4000, 6000]",modelv1.0__2026-05-16 20:32:04
D:\moth_photos\database\batch_09\img_moth_00017816.jpg,"[4000, 6000]",modelv1.0__2026-05-16 20:32:04
D:\moth_photos\database\batch_09\img_moth_00017817.jpg,"[4000, 6000]",modelv1.0__2026-05-16 20:32:04
D:\moth_photos\database\batch_09\img_moth_00017818.jpg,"[4000, 6000]",modelv1.0__2026-05-16 20:32:04
D:\moth_photos\database\batch_09\img_moth_00017819.jpg,"[4000, 6000]",modelv1.0__2026-05-16 20:32:04
D:\moth_photos\database\batch_09\img_moth_00017820.jpg,"[4000, 6000]",modelv1.0__2026-05-16 20:32:04
D:\moth_photos\database\batch_09\img_moth_00017821.jpg,"[4000, 6000]",modelv1.0__2026-05-16 20:32:04
D:\moth_photos\database\batch_09\img_moth_00017822.jpg,"[4000, 6000]",modelv1.0__2026-05-16 20:32:04
D:\moth_photos\database\batch_09\img_moth_00017823.jpg,"[4000, 6000]",modelv1.0__2026-05-16 20:32:04
D:\moth_photos\database\batch_09\img_moth_00017824.jpg,"[4000, 6000]",modelv1.0__2026-05-16 20:32:04
D:\moth_photos\database\batch_09\img_moth_00017825.jpg,"[4000, 6000]",modelv1.0__2026-05-16 20:32:04
D:\moth_photos\database\batch_09\img_moth_00017826.jpg,"[4000, 6000]",modelv1.0__2026-05-16 20:32:04
D:\moth_photos\database\batch_09\img_moth_00017827.jpg,"[4000, 6000]",modelv1.0__2026-05-16 20:32:04
D:\moth_photos\database\batch_09\img_moth_00017828.jpg,"[4000, 6000]",modelv1.0__2026-05-16 20:32:04
D:\moth_photos\database\batch_09\img_moth_00017829.jpg,"[4000, 6000]",modelv1.0__2026-05-16 20:32:04
D:\moth_photos\database\batch_09\img_moth_00017830.jpg,"[4000, 6000]",modelv1.0__2026-05-16 20:32:04
D:\moth_photos\database\batch_09\img_moth_00017831.jpg,"[4000, 6000]",modelv1.0__2026-05-16 20:32:04
D:\moth_photos\database\batch_09\img_moth_00017832.jpg,"[4000, 6000]",modelv1.0__2026-05-16 20:32:04
D:\moth_photos\database\batch_09\img_moth_00017833.jpg,"[4000, 6000]",modelv1.0__2026-05-16 20:32:04
D:\moth_photos\database\batch_09\img_moth_00017834.jpg,"[4000, 6000]",modelv1.0__2026-05-16 20:32:04
D:\moth_photos\database\batch_09\img_moth_00017835.jpg,"[4000, 6000]",modelv1.0__2026-05-16 20:32:04
D:\moth_photos\database\batch_09\img_moth_00017836.jpg,"[4000, 6000]",modelv1.0__2026-05-16 20:32:04
D:\moth_photos\database\batch_09\img_moth_00017837.jpg,"[4000, 6000]",modelv1.0__2026-05-16 20:32:04
D:\moth_photos\database\batch_09\img_moth_00017838.jpg,"[4000, 6000]",modelv1.0__2026-05-16 20:32:04
D:\moth_photos\database\batch_09\img_moth_00017839.jpg,"[4000, 6000]",modelv1.0__2026-05-16 20:32:04
D:\moth_photos\database\batch_09\img_moth_00017840.jpg,"[4000, 6000]",modelv1.0__2026-05-16 20:32:04
D:\moth_photos\database\batch_09\img_moth_00017841.jpg,"[4000, 6000]",modelv1.0__2026-05-16 20:32:04
D:\moth_photos\database\batch_09\img_moth_00017842.jpg,"[4000, 6000]",modelv1.0__2026-05-16 20:32:04
D:\moth_photos\database\batch_09\img_moth_00017843.jpg,"[4000, 6000]",modelv1.0__2026-05-16 20:32:04
D:\moth_photos\database\batch_09\img_moth_00017844.jpg,"[4000, 6000]",modelv1.0__2026-05-16 20:32:04
D:\moth_photos\database\batch_09\img_moth_00017845.jpg,"[4000, 6000]",modelv1.0__2026-05-16 20:32:04
D:\moth_photos\database\batch_09\img_moth_00017846.jpg,"[4000, 6000]",modelv1.0__2026-05-16 20:32:04
D:\moth_photos\database\batch_09\img_moth_00017847.jpg,"[4000, 6000]",modelv1.0__2026-05-16 20:32:04
D:\moth_photos\database\batch_09\img_moth_00017848.jpg,"[4000, 6000]",modelv1.0__2026-05-16 20:32:04
D:\moth_photos\database\batch_09\img_moth_00017849.jpg,"[4000, 6000]",modelv1.0__2026-05-16 20:32:04
D:\moth_photos\database\batch_09\img_moth_00017850.jpg,"[4000, 6000]",modelv1.0__2026-05-16 20:32:04
D:\moth_photos\database\batch_09\img_moth_00017851.jpg,"[4000, 6000]",modelv1.0__2026-05-16 20:32:04
D:\moth_photos\database\batch_09\img_moth_00017852.jpg,"[4000, 6000]",modelv1.0__2026-05-16 20:32:04
D:\moth_photos\database\batch_09\img_moth_00017853.jpg,"[4000, 6000]",modelv1.0__2026-05-16 20:32:04
D:\moth_photos\database\batch_09\img_moth_00017854.jpg,"[4000, 6000]",modelv1.0__2026-05-16 20:32:04
D:\moth_photos\database\batch_09\img_moth_00017855.jpg,"[4000, 6000]",modelv1.0__2026-05-16 20:32:04
D:\moth_photos\database\batch_09\img_moth_00017856.jpg,"[4000, 6000]",modelv1.0__2026-05-16 20:32:04
D:\moth_photos\database\batch_09\img_moth_00017857.jpg,"[4000, 6000]",modelv1.0__2026-05-16 20:32:04
D:\moth_photos\database\batch_09\img_moth_00017858.jpg,"[4000, 6000]",modelv1.0__2026-05-16 20:32:04
D:\moth_photos\database\batch_09\img_moth_00017859.jpg,"[4000, 6000]",modelv1.0__2026-05-16 20:32:04
D:\moth_photos\database\batch_09\img_moth_00017860.jpg,"[4000, 6000]",modelv1.0__2026-05-16 20:32:04
D:\moth_photos\database\batch_09\img_moth_00017861.jpg,"[4000, 6000]",modelv1.0__2026-05-16 20:32:04
D:\moth_photos\database\batch_09\img_moth_00017862.jpg,"[4000, 6000]",modelv1.0__2026-05-16 20:32:04
D:\moth_photos\database\batch_09\img_moth_00017863.jpg,"[4000, 6000]",modelv1.0__2026-05-16 20:32:04
D:\moth_photos\database\batch_09\img_moth_00017864.jpg,"[4000, 6000]",modelv1.0__2026-05-16 20:32:04
D:\moth_photos\database\batch_09\img_moth_00017865.jpg,"[4000, 6000]",modelv1.0__2026-05-16 20:32:04
D:\moth_photos\database\batch_09\img_moth_00017866.jpg,"[4000, 6000]",modelv1.0__2026-05-16 20:32:04
D:\moth_photos\database\batch_09\img_moth_00017867.jpg,"[4000, 6000]",modelv1.0__2026-05-16 20:32:04
D:\moth_photos\database\batch_09\img_moth_00017868.jpg,"[4000, 6000]",modelv1.0__2026-05-16 20:32:04
D:\moth_photos\database\batch_09\img_moth_00017869.jpg,"[4000, 6000]",modelv1.0__2026-05-16 20:32:04
D:\moth_photos\database\batch_09\img_moth_00017870.jpg,"[4000, 6000]",modelv1.0__2026-05-16 20:32:04
D:\moth_photos\database\batch_09\img_moth_00017871.jpg,"[4000, 6000]",modelv1.0__2026-05-16 20:32:04
D:\moth_photos\database\batch_09\img_moth_00017872.jpg,"[4000, 6000]",modelv1.0__2026-05-16 20:32:04
D:\moth_photos\database\batch_09\img_moth_00017873.jpg,"[4000, 6000]",modelv1.0__2026-05-16 20:32:04
D:\moth_photos\database\batch_09\img_moth_00017874.jpg,"[4000, 6000]",modelv1.0__2026-05-16 20:32:04
D:\moth_photos\database\batch_09\img_moth_00017875.jpg,"[4000, 6000]",modelv1.0__2026-05-16 20:32:04
D:\moth_photos\database\batch_09\img_moth_00017876.jpg,"[4000, 6000]",modelv1.0__2026-05-16 20:32:04
D:\moth_photos\database\batch_09\img_moth_00017877.jpg,"[4000, 6000]",modelv1.0__2026-05-16 20:32:04
D:\moth_photos\database\batch_09\img_moth_00017878.jpg,"[4000, 6000]",modelv1.0__2026-05-16 20:32:04
D:\moth_photos\database\batch_09\img_moth_00017879.jpg,"[4000, 6000]",modelv1.0__2026-05-16 20:32:04
D:\moth_photos\database\batch_09\img_moth_00017880.jpg,"[4000, 6000]",modelv1.0__2026-05-16 20:32:04
D:\moth_photos\database\batch_09\img_moth_00017881.jpg,"[4000, 6000]",modelv1.0__2026-05-16 20:32:04
D:\moth_photos\database\batch_09\img_moth_00017882.jpg,"[4000, 6000]",modelv1.0__2026-05-16 20:32:04
D:\moth_photos\database\batch_09\img_moth_00017883.jpg,"[4000, 6000]",modelv1.0__2026-05-16 20:32:04
D:\moth_photos\database\batch_09\img_moth_00017884.jpg,"[4000, 6000]",modelv1.0__2026-05-16 20:32:04
D:\moth_photos\database\batch_09\img_moth_00017885.jpg,"[4000, 6000]",modelv1.0__2026-05-16 20:32:04
D:\moth_photos\database\batch_09\img_moth_00017886.jpg,"[4000, 6000]",modelv1.0__2026-05-16 20:32:04
D:\moth_photos\database\batch_09\img_moth_00017887.jpg,"[4000, 6000]",modelv1.0__2026-05-16 20:32:04
D:\moth_photos\database\batch_09\img_moth_00017888.jpg,"[4000, 6000]",modelv1.0__2026-05-16 20:32:04
D:\moth_photos\database\batch_09\img_moth_00017889.jpg,"[4000, 6000]",modelv1.0__2026-05-16 20:32:04
D:\moth_photos\database\batch_09\img_moth_00017890.jpg,"[4000, 6000]",modelv1.0__2026-05-16 20:32:04
D:\moth_photos\database\batch_09\img_moth_00017891.jpg,"[4000, 6000]",modelv1.0__2026-05-16 20:32:04
D:\moth_photos\database\batch_09\img_moth_00017892.jpg,"[4000, 6000]",modelv1.0__2026-05-16 20:32:04
D:\moth_photos\database\batch_09\img_moth_00017893.jpg,"[4000, 6000]",modelv1.0__2026-05-16 20:32:04
D:\moth_photos\database\batch_09\img_moth_00017894.jpg,"[4000, 6000]",modelv1.0__2026-05-16 20:32:04
D:\moth_photos\database\batch_09\img_moth_00017895.jpg,"[4000, 6000]",modelv1.0__2026-05-16 20:32:04
D:\moth_photos\database\batch_09\img_moth_00017896.jpg,"[4000, 6000]",modelv1.0__2026-05-16 20:32:04
D:\moth_photos\database\batch_09\img_moth_00017897.jpg,"[4000, 6000]",modelv1.0__2026-05-16 20:32:04
D:\moth_photos\database\batch_09\img_moth_00017898.jpg,"[4000, 6000]",modelv1.0__2026-05-16 20:32:04
D:\moth_photos\database\batch_09\img_moth_00017899.jpg,"[4000, 6000]",modelv1.0__2026-05-16 20:32:04
D:\moth_photos\database\batch_09\img_moth_00017900.jpg,"[4000, 6000]",modelv1.0__2026-05-16 20:32:04
D:\moth_photos\database\batch_09\img_moth_00017901.jpg,"[4000, 6000]",modelv1.0__2026-05-16 20:32:04
D:\moth_photos\database\batch_09\img_moth_00017902.jpg,"[4000, 6000]",modelv1.0__2026-05-16 20:32:04
D:\moth_photos\database\batch_09\img_moth_00017903.jpg,"[4000, 6000]",modelv1.0__2026-05-16 20:32:04
D:\moth_photos\database\batch_09\img_moth_00017904.jpg,"[4000, 6000]",modelv1.0__2026-05-16 20:32:04
D:\moth_photos\database\batch_09\img_moth_00017905.jpg,"[4000, 6000]",modelv1.0__2026-05-16 20:32:04
D:\moth_photos\database\batch_09\img_moth_00017906.jpg,"[4000, 6000]",modelv1.0__2026-05-16 20:32:04
D:\moth_photos\database\batch_09\img_moth_00017907.jpg,"[4000, 6000]",modelv1.0__2026-05-16 20:32:04
D:\moth_photos\database\batch_09\img_moth_00017908.jpg,"[4000, 6000]",modelv1.0__2026-05-16 20:32:04
D:\moth_photos\database\batch_09\img_moth_00017909.jpg,"[4000, 6000]",modelv1.0__2026-05-16 20:32:04
D:\moth_photos\database\batch_09\img_moth_00017910.jpg,"[4000, 6000]",modelv1.0__2026-05-16 20:32:04
D:\moth_photos\database\batch_09\img_moth_00017911.jpg,"[4000, 6000]",modelv1.0__2026-05-16 20:32:04
D:\moth_photos\database\batch_09\img_moth_00017912.jpg,"[4000, 6000]",modelv1.0__2026-05-16 20:32:04
D:\moth_photos\database\batch_09\img_moth_00017913.jpg,"[4000, 6000]",modelv1.0__2026-05-16 20:32:04
D:\moth_photos\database\batch_09\img_moth_00017914.jpg,"[4000, 6000]",modelv1.0__2026-05-16 20:32:04
D:\moth_photos\database\batch_09\img_moth_00017915.jpg,"[4000, 6000]",modelv1.0__2026-05-16 20:32:04
D:\moth_photos\database\batch_09\img_moth_00017916.jpg,"[4000, 6000]",modelv1.0__2026-05-16 20:32:04
D:\moth_photos\database\batch_09\img_moth_00017917.jpg,"[4000, 6000]",modelv1.0__2026-05-16 20:32:04
D:\moth_photos\database\batch_09\img_moth_00017918.jpg,"[4000, 6000]",modelv1.0__2026-05-16 20:32:04
D:\moth_photos\database\batch_09\img_moth_00017919.jpg,"[4000, 6000]",modelv1.0__2026-05-16 20:32:04
D:\moth_photos\database\batch_09\img_moth_00017920.jpg,"[4000, 6000]",modelv1.0__2026-05-16 20:32:04
D:\moth_photos\database\batch_09\img_moth_00017921.jpg,"[4000, 6000]",modelv1.0__2026-05-16 20:32:04
D:\moth_photos\database\batch_09\img_moth_00017922.jpg,"[4000, 6000]",modelv1.0__2026-05-16 20:32:04
D:\moth_photos\database\batch_09\img_moth_00017923.jpg,"[4000, 6000]",modelv1.0__2026-05-16 20:32:04
D:\moth_photos\database\batch_09\img_moth_00017924.jpg,"[4000, 6000]",modelv1.0__2026-05-16 20:32:04
D:\moth_photos\database\batch_09\img_moth_00017925.jpg,"[4000, 6000]",modelv1.0__2026-05-16 20:32:04
D:\moth_photos\database\batch_09\img_moth_00017926.jpg,"[4000, 6000]",modelv1.0__2026-05-16 20:32:04
D:\moth_photos\database\batch_09\img_moth_00017927.jpg,"[4000, 6000]",modelv1.0__2026-05-16 20:32:04
D:\moth_photos\database\batch_09\img_moth_00017928.jpg,"[4000, 6000]",modelv1.0__2026-05-16 20:32:04
D:\moth_photos\database\batch_09\img_moth_00017929.jpg,"[4000, 6000]",modelv1.0__2026-05-16 20:32:04
D:\moth_photos\database\batch_09\img_moth_00017930.jpg,"[4000, 6000]",modelv1.0__2026-05-16 20:32:04
D:\moth_photos\database\batch_09\img_moth_00017931.jpg,"[4000, 6000]",modelv1.0__2026-05-16 20:32:04
D:\moth_photos\database\batch_09\img_moth_00017932.jpg,"[4000, 6000]",modelv1.0__2026-05-16 20:32:04
D:\moth_photos\database\batch_09\img_moth_00017933.jpg,"[4000, 6000]",modelv1.0__2026-05-16 20:32:04
D:\moth_photos\database\batch_09\img_moth_00017934.jpg,"[4000, 6000]",modelv1.0__2026-05-16 20:32:04
D:\moth_photos\database\batch_09\img_moth_00017935.jpg,"[4000, 6000]",modelv1.0__2026-05-16 20:32:04
D:\moth_photos\database\batch_09\img_moth_00017936.jpg,"[4000, 6000]",modelv1.0__2026-05-16 20:32:04
D:\moth_photos\database\batch_09\img_moth_00017937.jpg,"[4000, 6000]",modelv1.0__2026-05-16 20:32:04
D:\moth_photos\database\batch_09\img_moth_00017938.jpg,"[4000, 6000]",modelv1.0__2026-05-16 20:32:04
D:\moth_photos\database\batch_09\img_moth_00017939.jpg,"[4000, 6000]",modelv1.0__2026-05-16 20:32:04
D:\moth_photos\database\batch_09\img_moth_00017940.jpg,"[4000, 6000]",modelv1.0__2026-05-16 20:32:04
D:\moth_photos\database\batch_09\img_moth_00017941.jpg,"[4000, 6000]",modelv1.0__2026-05-16 20:32:04
D:\moth_photos\database\batch_09\img_moth_00017942.jpg,"[4000, 6000]",modelv1.0__2026-05-16 20:32:04
D:\moth_photos\database\batch_09\img_moth_00017943.jpg,"[4000, 6000]",modelv1.0__2026-05-16 20:32:04
D:\moth_photos\database\batch_09\img_moth_00017944.jpg,"[4000, 6000]",modelv1.0__2026-05-16 20:32:04
D:\moth_photos\database\batch_09\img_moth_00017945.jpg,"[4000, 6000]",modelv1.0__2026-05-16 20:32:04
D:\moth_photos\database\batch_09\img_moth_00017946.jpg,"[4000, 6000]",modelv1.0__2026-05-16 20:32:04
D:\moth_photos\database\batch_09\img_moth_00017947.jpg,"[4000, 6000]",modelv1.0__2026-05-16 20:32:04
D:\moth_photos\database\batch_09\img_moth_00017948.jpg,"[4000, 6000]",modelv1.0__2026-05-16 20:32:04
D:\moth_photos\database\batch_09\img_moth_00017949.jpg,"[4000, 6000]",modelv1.0__2026-05-16 20:32:04
D:\moth_photos\database\batch_09\img_moth_00017950.jpg,"[4000, 6000]",modelv1.0__2026-05-16 20:32:04
D:\moth_photos\database\batch_09\img_moth_00017951.jpg,"[4000, 6000]",modelv1.0__2026-05-16 20:32:04
D:\moth_photos\database\batch_09\img_moth_00017952.jpg,"[4000, 6000]",modelv1.0__2026-05-16 20:32:04
D:\moth_photos\database\batch_09\img_moth_00017953.jpg,"[4000, 6000]",modelv1.0__2026-05-16 20:32:04
D:\moth_photos\database\batch_09\img_moth_00017954.jpg,"[4000, 6000]",modelv1.0__2026-05-16 20:32:04
D:\moth_photos\database\batch_09\img_moth_00017955.jpg,"[4000, 6000]",modelv1.0__2026-05-16 20:32:04
D:\moth_photos\database\batch_09\img_moth_00017956.jpg,"[4000, 6000]",modelv1.0__2026-05-16 20:32:04
D:\moth_photos\database\batch_09\img_moth_00017957.jpg,"[4000, 6000]",modelv1.0__2026-05-16 20:32:04
D:\moth_photos\database\batch_09\img_moth_00017958.jpg,"[4000, 6000]",modelv1.0__2026-05-16 20:32:04
D:\moth_photos\database\batch_09\img_moth_00017959.jpg,"[4000, 6000]",modelv1.0__2026-05-16 20:32:04
D:\moth_photos\database\batch_09\img_moth_00017960.jpg,"[4000, 6000]",modelv1.0__2026-05-16 20:32:04
D:\moth_photos\database\batch_09\img_moth_00017961.jpg,"[4000, 6000]",modelv1.0__2026-05-16 20:32:04
D:\moth_photos\database\batch_09\img_moth_00017962.jpg,"[4000, 6000]",modelv1.0__2026-05-16 20:32:04
D:\moth_photos\database\batch_09\img_moth_00017963.jpg,"[4000, 6000]",modelv1.0__2026-05-16 20:32:04
D:\moth_photos\database\batch_09\img_moth_00017964.jpg,"[4000, 6000]",modelv1.0__2026-05-16 20:32:04
D:\moth_photos\database\batch_09\img_moth_00017965.jpg,"[4000, 6000]",modelv1.0__2026-05-16 20:32:04
D:\moth_photos\database\batch_09\img_moth_00017966.jpg,"[4000, 6000]",modelv1.0__2026-05-16 20:32:04
D:\moth_photos\database\batch_09\img_moth_00017967.jpg,"[4000, 6000]",modelv1.0__2026-05-16 20:32:04
D:\moth_photos\database\batch_09\img_moth_00017968.jpg,"[4000, 6000]",modelv1.0__2026-05-16 20:32:04
D:\moth_photos\database\batch_09\img_moth_00017969.jpg,"[4000, 6000]",modelv1.0__2026-05-16 20:32:04
D:\moth_photos\database\batch_09\img_moth_00017970.jpg,"[4000, 6000]",modelv1.0__2026-05-16 20:32:04
D:\moth_photos\database\batch_09\img_moth_00017971.jpg,"[4000, 6000]",modelv1.0__2026-05-16 20:32:04
D:\moth_photos\database\batch_09\img_moth_00017972.jpg,"[4000, 6000]",modelv1.0__2026-05-16 20:32:04
D:\moth_photos\database\batch_09\img_moth_00017973.jpg,"[4000, 6000]",modelv1.0__2026-05-16 20:32:04
D:\moth_photos\database\batch_09\img_moth_00017974.jpg,"[4000, 6000]",modelv1.0__2026-05-16 20:32:04
D:\moth_photos\database\batch_09\img_moth_00017975.jpg,"[4000, 6000]",modelv1.0__2026-05-16 20:32:04
D:\moth_photos\database\batch_09\img_moth_00017976.jpg,"[4000, 6000]",modelv1.0__2026-05-16 20:32:04
D:\moth_photos\database\batch_09\img_moth_00017977.jpg,"[4000, 6000]",modelv1.0__2026-05-16 20:32:04
D:\moth_photos\database\batch_09\img_moth_00017978.jpg,"[4000, 6000]",modelv1.0__2026-05-16 20:32:04
D:\moth_photos\database\batch_09\img_moth_00017979.jpg,"[4000, 6000]",modelv1.0__2026-05-16 20:32:04
D:\moth_photos\database\batch_09\img_moth_00017980.jpg,"[4000, 6000]",modelv1.0__2026-05-16 20:32:04
D:\moth_photos\database\batch_09\img_moth_00017981.jpg,"[4000, 6000]",modelv1.0__2026-05-16 20:32:04
D:\moth_photos\database\batch_09\img_moth_00017982.jpg,"[4000, 6000]",modelv1.0__2026-05-16 20:32:04
D:\moth_photos\database\batch_09\img_moth_00017983.jpg,"[4000, 6000]",modelv1.0__2026-05-16 20:32:04
D:\moth_photos\database\batch_09\img_moth_00017984.jpg,"[4000, 6000]",modelv1.0__2026-05-16 20:32:04
D:\moth_photos\database\batch_09\img_moth_00017985.jpg,"[4000, 6000]",modelv1.0__2026-05-16 20:32:04
D:\moth_photos\database\batch_09\img_moth_00017986.jpg,"[4000, 6000]",modelv1.0__2026-05-16 20:32:04
D:\moth_photos\database\batch_09\img_moth_00017987.jpg,"[4000, 6000]",modelv1.0__2026-05-16 20:32:04
D:\moth_photos\database\batch_09\img_moth_00017988.jpg,"[4000, 6000]",modelv1.0__2026-05-16 20:32:04
D:\moth_photos\database\batch_09\img_moth_00017989.jpg,"[4000, 6000]",modelv1.0__2026-05-16 20:32:04
D:\moth_photos\database\batch_09\img_moth_00017990.jpg,"[4000, 6000]",modelv1.0__2026-05-16 20:32:04
D:\moth_photos\database\batch_09\img_moth_00017991.jpg,"[4000, 6000]",modelv1.0__2026-05-16 20:32:04
D:\moth_photos\database\batch_09\img_moth_00017992.jpg,"[4000, 6000]",modelv1.0__2026-05-16 20:32:04
D:\moth_photos\database\batch_09\img_moth_00017993.jpg,"[4000, 6000]",modelv1.0__2026-05-16 20:32:04
D:\moth_photos\database\batch_09\img_moth_00017994.jpg,"[4000, 6000]",modelv1.0__2026-05-16 20:32:04
D:\moth_photos\database\batch_09\img_moth_00017995.jpg,"[4000, 6000]",modelv1.0__2026-05-16 20:32:04
D:\moth_photos\database\batch_09\img_moth_00017996.jpg,"[4000, 6000]",modelv1.0__2026-05-16 20:32:04
D:\moth_photos\database\batch_09\img_moth_00017997.jpg,"[4000, 6000]",modelv1.0__2026-05-16 20:32:04
D:\moth_photos\database\batch_09\img_moth_00017998.jpg,"[4000, 6000]",modelv1.0__2026-05-16 20:32:04
D:\moth_photos\database\batch_09\img_moth_00017999.jpg,"[4000, 6000]",modelv1.0__2026-05-16 20:32:04
D:\moth_photos\database\batch_09\img_moth_00018000.jpg,"[4000, 6000]",modelv1.0__2026-05-16 20:32:04
