file_name,image_size,tick_size,tag_text,tag_id_guess_m,tag_id_guess_h,inference_info
D:/moth_photos/database\batch_13\img_moth_00024001.jpg,"[4000, 6000]",36.7843137254902,"['WPC\n7722\n', 'k BDominic\nCharlesREdwards\nMcClellanville\nSouthCarolina\n\n24May\n24May1474\n', '']","['C\n7722\n', 'R D\nCR\nC\n0C\n\n24\n241474\n', '']","['WPC\n7722\n', 'C\nC\n0C\n\n24\n241474\n', '']",modelv1.0__2026-05-17 21:21:18
D:/moth_photos/database\batch_13\img_moth_00024002.jpg,"[4000, 6000]",37.2,"['WPC\n7723\n', 'RBDominick\n\nShariesREdwards\n\nMoCfeCanvilles\nSouthCarolina\n\nE1972\n', '']","['C\n7723\n', 'RRD\n\nR\n\nCC\nC\n\n11972\n', '']","['WPC\n7723\n', 'CC\nC\n\n11972\n', '']",modelv1.0__2026-05-17 21:21:18
D:/moth_photos/database\batch_13\img_moth_00024003.jpg,"[4000, 6000]",36.705882352941174,"['RBDominick\nCharlesREdwards\nMcClellanville\nayn Carolina\na\n44\n', 'WPC\n7724\n', '']","['RD\n\nCR\n\nC\n\n35 C\n44\n', 'C\n7724\n', '']","['C\n\nC\n\n35 C\n44\n', 'WPC\n7724\n', '']",modelv1.0__2026-05-17 21:21:18
D:/moth_photos/database\batch_13\img_moth_00024004.jpg,"[4000, 6000]",36.8235294117647,"['RBDominick\nCharlesREdwards\nMcClellanville\nSouth Carolina e\n\n30Nax1972\nL194 4\n', 'WPC\n7725\n', '']","['RD\nCR\nC\nC\n\n301972\n2194 4\n', 'C\n7725\n', '']","['C\nC\nC\n\n301972\n2194 4\n', 'WPC\n7725\n', '']",modelv1.0__2026-05-17 21:21:18
D:/moth_photos/database\batch_13\img_moth_00024005.jpg,"[4000, 6000]",36.56862745098039,"['WPC\n7726\n', 'RBDominick\nCharlesREdwards\nMcClellanville\nSouthCarolina\n\n3Mac1972\ntngZ\n', '']","['C\n7726\n', 'RRD\nCR\nC\nC\n\n31972\nC\n', '']","['WPC\n7726\n', 'C\nC\nC\n\n31972\nC\n', '']",modelv1.0__2026-05-17 21:21:18
D:/moth_photos/database\batch_13\img_moth_00024006.jpg,"[4000, 6000]",36.8235294117647,"['WPC\n7727\n', '2BDominick\nharlesREdward\nAcClellanville\nouthCfarolina\n\nYSep 4197\nLita Ape or\n', '']","['C\n7727\n', '2D\nR\nC\nC\n\n15 4197\n', '']","['WPC\n7727\n', '2\nC\nC\n\n15 4197\nP\n', '']",modelv1.0__2026-05-17 21:21:18
D:/moth_photos/database\batch_13\img_moth_00024007.jpg,"[4000, 6000]",36.68627450980392,"['WPC\n7728\n', '6DVOMINICH\nShariesREdward\nicCleljanville\nsouthCarolina\n', '']","['C\n7728\n', '6DC\nR\nC\nC\n', '']","['WPC\n7728\n', '6C\nC\nC\n', '']",modelv1.0__2026-05-17 21:21:18
D:/moth_photos/database\batch_13\img_moth_00024008.jpg,"[4000, 6000]",37.22,"['RBDominick\nCharlesREdwards\nMcClellanville\nSouthCarolina29458\n44Slhbe197\nLithstGBP\n', 'WPC\n7729\n', '']","['RD\nCR\nC\nC29458\n44197\n', 'C\n7729\n', '']","['C\nC\nC29458\n44197\nP\n', 'WPC\n7729\n', '']",modelv1.0__2026-05-17 21:21:18
D:/moth_photos/database\batch_13\img_moth_00024009.jpg,"[4000, 6000]",36.92156862745098,"['WPC\n7730\n', 'RBDominick\nCharlesREdwards\nMcClelLlanville\nSouthCarolina\n\n3fune147\nor\n\nMight\n', '']","['C\n7730\n', 'RD\nCR\nC\nC\n\n3147\n', '']","['WPC\n7730\n', 'C\nC\nC\n\n3147\n', '']",modelv1.0__2026-05-17 21:21:18
D:/moth_photos/database\batch_13\img_moth_00024010.jpg,"[4000, 6000]",36.90196078431373,"['WPC\n7731\n', 'KBDominick\nCharlesREdwaris\nMcClellanville\nSouffiCarolina 29458\n\neine 97\n', '']","['C\n7731\n', '6D\nCR\nC\nC 29458\n\n97\n', '']","['WPC\n7731\n', '6\nC\nC\nC 29458\n\n97\n', '']",modelv1.0__2026-05-17 21:21:18
D:/moth_photos/database\batch_13\img_moth_00024011.jpg,"[4000, 6000]",36.86274509803921,"['WPC\n7732\n', 'RBDominick\n\nCharlesREdwards\n\nMcClellanville\n\nSouthCarolina29458\nLight\n', '']","['C\n7732\n', 'RD\n\nCR\nC\nC29458\n', '']","['WPC\n7732\n', 'C\nC\nC29458\n', '']",modelv1.0__2026-05-17 21:21:18
D:/moth_photos/database\batch_13\img_moth_00024012.jpg,"[4000, 6000]",36.64705882352941,"['WPC\n7733\n', 'SOUTHCAROLINA\nNedgePlantation\nMcClellafville\nAugust 1968\nCFPeravson\n', '']","['C\n7733\n', '5CR\nC\n1968\nC\n', '']","['WPC\n7733\n', '5C\nP\nC\n1968\nCP\n', '']",modelv1.0__2026-05-17 21:21:18
D:/moth_photos/database\batch_13\img_moth_00024013.jpg,"[4000, 6000]",36.68627450980392,"['WPC\n7734\n', 'RBDominick\nCharlesREdwaris\nMcClellanville\nSouthCarolina29458\nAJuwes97\n\nLishteB\n', '']","['C\n7734\n', 'RRD\nCR\nC\nC29458\n97\n', '']","['WPC\n7734\n', 'C\nC\nC29458\n97\n', '']",modelv1.0__2026-05-17 21:21:18
D:/moth_photos/database\batch_13\img_moth_00024014.jpg,"[4000, 6000]",36.80392156862745,"['WPC\n7735\n', 'yveaqageFriahnlariusss\nsouthSanteeRiver\nharlestohCoSC\nAugust L 1967\n', '']","['C\n7735\n', '0R\nC0C\n4 1967\n', '']","['WPC\n7735\n', '0\nC0C\n4 1967\n', '']",modelv1.0__2026-05-17 21:21:18
D:/moth_photos/database\batch_13\img_moth_00024015.jpg,"[4000, 6000]",36.745098039215684,"['WPC\n7736\n', 'SOUTHCAROLINA\nWedgePlantation\nMcClellanville\nAugust 26 1968\nCFerguson\n', '']","['C\n7736\n', 'CR\nC\nR 26 1968\nC\n', '']","['WPC\n7736\n', 'C\nWP\nC\n26 1968\nC\n', '']",modelv1.0__2026-05-17 21:21:18
D:/moth_photos/database\batch_13\img_moth_00024016.jpg,"[4000, 6000]",36.88235294117647,"['SOUTHCAROLINA\nWedge Plantation\nMcClellarville\n\n22 Vili1969\n\nFerguson\n', 'WPC\n7737\n', '']","['CR\nC\n\n22 1969\n', 'C\n7737\n', '']","['C\nW P\nC\n\n22 W1969\n\nP\n', 'WPC\n7737\n', '']",modelv1.0__2026-05-17 21:21:18
D:/moth_photos/database\batch_13\img_moth_00024017.jpg,"[4000, 6000]",36.72549019607843,"['WPC\n7738\n', 'Wedge Plantation Leaht\n7miNE occtettanvi\n\nCharjest SsCAR\n2OSept\n\n1967\n\nleg Richava BDominick\n', '', '']","['C\n7738\n', 'C\n7 C\n\nC CR\n20\n\n1967\n\nR RD\n', '', '']","['WPC\n7738\n', 'W P C\n7 C\n\nC C\n20\n\n1967\n', '', '']",modelv1.0__2026-05-17 21:21:18
D:/moth_photos/database\batch_13\img_moth_00024018.jpg,"[4000, 6000]",36.588235294117645,"['WPC\n7739\n', 'weAFeAZVUIMIIIILCK\nSharlesREdwards\nAcClelJanvill8\nouthCarolina\n\n22SeotITPz\nPGh74\n\nDPAMENNOU\n', '']","['C\n7739\n', '2244C\nR\nC18\nC\n\n2222\n74\n\nDRD\n', '']","['WPC\n7739\n', '2244C\nC18\nC\n\n22P2\nP74\n\nPPW\n', '']",modelv1.0__2026-05-17 21:21:18
D:/moth_photos/database\batch_13\img_moth_00024019.jpg,"[4000, 6000]",36.68627450980392,"['WPC\n7740\n', '2BDominick\nCharlesREdwards\nicClellanville\nsouthCarolina\n2YAPr1972\nLithsn\n', '']","['C\n7740\n', '2RD\nCR\nC\n0C\n21972\n', '']","['WPC\n7740\n', '2\nC\nC\n0C\n2P1972\n', '']",modelv1.0__2026-05-17 21:21:18
D:/moth_photos/database\batch_13\img_moth_00024020.jpg,"[4000, 6000]",36.666666666666664,"['WPC\n7741\n', 'BDominick\nharlesREdwards\nAcCleltanville\n20 Way e\n\n20May\n', '']","['C\n7741\n', 'D\nR\nC\n20\n\n20\n', '']","['WPC\n7741\n', 'C\n20 W\n\n20\n', '']",modelv1.0__2026-05-17 21:21:18
D:/moth_photos/database\batch_13\img_moth_00024021.jpg,"[4000, 6000]",36.80392156862745,"['WPC\n7742\n', 'Vominick\nshariesREdwards\nMcCleljanville\njouthCarolina\n\nSept 197F\nlebta\n', '', 'e4OMIiInick\n\nries REdwards\nlelJanville WPC\nhCarolina e\n\neptT71 7742\n']","['C\n7742\n', 'R\nC\nC\n\n197\n', '', '40C\n\nR\nC\nC\n\n71 7742\n']","['WPC\n7742\n', 'C\nC\n\n197\n', '', '40C\n\nWPC\nC\n\n71 7742\n']",modelv1.0__2026-05-17 21:21:18
D:/moth_photos/database\batch_13\img_moth_00024022.jpg,"[4000, 6000]",36.627450980392155,"['WPC\n7743\n', 'RBDominick\nChariesREdwards\nMcClellanville\nSouthCarolina\n\n43Hugs97\nbisge oe\n', '']","['C\n7743\n', 'RD\nCR\nC\n5C\n\n4397\n', '']","['WPC\n7743\n', 'C\nC\n5C\n\n4397\n', '']",modelv1.0__2026-05-17 21:21:18
D:/moth_photos/database\batch_13\img_moth_00024023.jpg,"[4000, 6000]",37.09803921568628,"['WPC\n7744\n', '2BDominick\nSharlesREdward\nMcClellanville\nsouthCarolina\n\n43 Aug 1971\nLithd2\n', '']","['C\n7744\n', '2RD\nR\nC\n0C\n\n43 9 1971\n2\n', '']","['WPC\n7744\n', '2\nC\n0C\n\n43 9 1971\n2\n', '']",modelv1.0__2026-05-17 21:21:18
D:/moth_photos/database\batch_13\img_moth_00024024.jpg,"[4000, 6000]",36.84313725490196,"['WPC\n7745\n', 'DVMOMMAAYD\nhariesREdwards\nficClelanville\nsouthCarolina\n\nO8ack147\ncE\n', '']","['C\n7745\n', 'DD\nR\nC\nC\n\n38147\n6\n', '']","['WPC\n7745\n', 'C\nC\n\n38147\n6\n', '']",modelv1.0__2026-05-17 21:21:18
D:/moth_photos/database\batch_13\img_moth_00024025.jpg,"[4000, 6000]",36.94117647058823,"['WPC\n7746\n', 'BVominick\ntharlesREdwandis\nfcClellanville\n\nouthCarolina\nay uly197J\ntFalyI\n\nSe\n', '']","['C\n7746\n', 'DD\nCR\nC\n\nC\n197\n', '']","['WPC\n7746\n', 'C\nC\n\nC\n197\n', '']",modelv1.0__2026-05-17 21:21:18
D:/moth_photos/database\batch_13\img_moth_00024026.jpg,"[4000, 6000]",36.90196078431373,"['WPC\n7747\n', 'XBVomInNIcK\nharlesREdward\nicClellanville\nsouth Crolina\n\n2 Maey16 147\n\nSALLE\n', '']","['C\n7747\n', 'DC\nR\nC\n0 C\n\n2 16 147\n', '']","['WPC\n7747\n', 'C\nC\n0 C\n\n2 W16 147\n', '']",modelv1.0__2026-05-17 21:21:18
D:/moth_photos/database\batch_13\img_moth_00024027.jpg,"[4000, 6000]",36.705882352941174,"['WPC\n7748\n', 'BDominick\nSharlesREdwards\nicClellanville\noutfCarolina29458\n12June 1971\nLithHAtwawA\n', '']","['C\n7748\n', 'D\nR\nC\nC29458\n12 1971\n', '']","['WPC\n7748\n', 'C\nC29458\n12 1971\n', '']",modelv1.0__2026-05-17 21:21:18
D:/moth_photos/database\batch_13\img_moth_00024028.jpg,"[4000, 6000]",36.90196078431373,"['RBDominick\nCharlesREdwards\nMcClellanvillee\nSouthCarolina29458\n\n15June197\nlichLe\n', 'WPC\n7749\n', '']","['RRD\nCR\nC\nC29458\n\n15197\n', 'C\n7749\n', '']","['C\nC\nC29458\n\n15197\n', 'WPC\n7749\n', '']",modelv1.0__2026-05-17 21:21:18
D:/moth_photos/database\batch_13\img_moth_00024029.jpg,"[4000, 6000]",36.9607843137255,"['WPC\n7750\n', 'RBDominick\n\nCharlesREdwards\n\nMcClellanville\n\nSouthCarolina29458\n2m 47\nLith hioe\n', '']","['C\n7750\n', 'RD\n\nCR\n\nC\n\nC29458\n2 47\nC\n', '']","['WPC\n7750\n', 'C\n\nC\n\nC29458\n2 47\nC\n', '']",modelv1.0__2026-05-17 21:21:18
D:/moth_photos/database\batch_13\img_moth_00024030.jpg,"[4000, 6000]",36.86274509803921,"['WPC\n7751\n', 'RBDominick\nCharlesREdwards\nMcCdellanville\noF Carolina 29458\n\nAYMer197\n\nLeghet\n', '']","['C\n7751\n', 'RD\nCR\nC\nC 29458\n\n197\n\nC\n', '']","['WPC\n7751\n', 'C\nC\nP C 29458\n\n197\n\nC\n', '']",modelv1.0__2026-05-17 21:21:18
D:/moth_photos/database\batch_13\img_moth_00024031.jpg,"[4000, 6000]",36.588235294117645,"['WPC\n7752\n', 'RBDominick\nCharlesREdwards\nMcClellanville\nSoutHCarolina29458\n17Her197\nLecgche4M7\n', '']","['C\n7752\n', 'RRD\nCR\nC\nC29458\n17197\n47\n', '']","['WPC\n7752\n', 'C\n\nC\n\nC29458\n17197\n47\n', '']",modelv1.0__2026-05-17 21:21:18
D:/moth_photos/database\batch_13\img_moth_00024032.jpg,"[4000, 6000]",36.705882352941174,"['WPC\n7753\n', 'RBDominick\n\nCharlesREdwards\n\nMcClellanville\n\nSouthCarolina2945\n1eymary 1978\nlizarhj\n', '']","['C\n7753\n', 'RRD\nCR\nC\nC2945\n14 1978\n', '']","['WPC\n7753\n', 'C\nC\nC2945\n14 1978\n', '']",modelv1.0__2026-05-17 21:21:18
D:/moth_photos/database\batch_13\img_moth_00024033.jpg,"[4000, 6000]",36.84313725490196,"['WPC\n7754\n', 'nBVominick\nCharlesREdwards\nMcClellanville\nSouthC4rolinae\n\n15figy179O\n25FipyH49\n', '']","['C\n7754\n', 'D\nCR\nC\nC4\n\n151790\n25149\n', '']","['WPC\n7754\n', 'C\nC\nC4\n\n151790\n25149\n', '']",modelv1.0__2026-05-17 21:21:18
D:/moth_photos/database\batch_13\img_moth_00024034.jpg,"[4000, 6000]",36.68627450980392,"['WPC\n7755\n', 'RBDominick\nCharlesREdwards\nMcClellanville\nSouthCarolina29458\nA hay ISGLe\n\nLAsine\n', '']","['C\n7755\n', 'RRD\nCR\nC\nC29458\n4\n', '']","['WPC\n7755\n', 'C\n\nC\n\nC29458\n4\n', '']",modelv1.0__2026-05-17 21:21:18
D:/moth_photos/database\batch_13\img_moth_00024035.jpg,"[4000, 6000]",36.90196078431373,"['WPC\n7756\n', 'ficClellanville\njou Carolina\niM nayReE\n\n2Pag\n', '']","['C\n7756\n', 'C\nC\nR\n\n2\n', '']","['WPC\n7756\n', 'C\nC\n\n2P\n', '']",modelv1.0__2026-05-17 21:21:18
D:/moth_photos/database\batch_13\img_moth_00024036.jpg,"[4000, 6000]",36.76470588235294,"['WPC\n7757\n', 'Wedge Plantation\n7miNE Meclellayf72\nCharlestonCoSgCAR\n\n1F2Ocf19737\n\nlegRichardBDominick\n', '', '']","['C\n7757\n', '7 C1172\nCCCR\n\n132019737\n\nRD\n', '', '']","['WPC\n7757\n', 'W P\n7 C1172\nCCC\n\n132019737\n', '', '']",modelv1.0__2026-05-17 21:21:18
D:/moth_photos/database\batch_13\img_moth_00024037.jpg,"[4000, 6000]",36.72549019607843,"['WPC\n7758\n', 'RBDominick\nCharlesREdwards\nMcClellanville\nSouthCarolina29458\n\n2I70u19LF\nLs shy\n', '', 'JEEP\nAeerigh s bot Ma\n\nAOCLO3BLE Pe\nWoJGPranlf1H\n']","['C\n7758\n', 'RD\nCR\nC\nC29458\n\n270196\n', '', '67R\n\n0C3\n61\n']","['WPC\n7758\n', 'C\nC\nC29458\n\n270196P\n', '', '67P\n\n0C3 P\nW6P1\n']",modelv1.0__2026-05-17 21:21:18
D:/moth_photos/database\batch_13\img_moth_00024038.jpg,"[4000, 6000]",36.80392156862745,"['WPC\n7759\n', 'RBDominick\nCharlesREdwards\nMcClellanville\nSouthCarolina29458\n\n29fipr1965\nLith\n', 'Domelazta\n\nman Ing\n\n3627\n\n', '']","['C\n7759\n', 'RD\nCR\nC\nC29458\n\n291965\n', 'D\n\n3627\n\n', '']","['WPC\n7759\n', 'C\nC\nC29458\n\n29P1965\n', '3627\n\n', '']",modelv1.0__2026-05-17 21:21:18
D:/moth_photos/database\batch_13\img_moth_00024039.jpg,"[4000, 6000]",36.666666666666664,"['WPC\n7760\n', 'RBDominick\n\nCharlesREdwards 9\nMcClellanville\nSouth Carolina 29458\n\nSAus969\n', 'Bomeeena\nfal\npeel Dae s9ff\n', '']","['RC\n7760\n', 'R8D\n\nCR 9\nC\nC 29458\n\n969\n', 'D\n1D 9\n', '']","['WPC\n7760\n', '8\n\nC 9\nC\nC 29458\n\n969\n', '1 9\n', '']",modelv1.0__2026-05-17 21:21:18
D:/moth_photos/database\batch_13\img_moth_00024040.jpg,"[4000, 6000]",36.588235294117645,"['WPC\n7761\n', '', 'RBDominicl\nMcClellanville\nSouthCarolin\n\n9hpt1976\nabt f\n']","['C\n7761\n', '', 'RRD\nC\nC\n\n91976\n']","['WPC\n7761\n', '', 'C\nC\n\n91976\n']",modelv1.0__2026-05-17 21:21:18
D:/moth_photos/database\batch_13\img_moth_00024041.jpg,"[4000, 6000]",37.18000000000001,"['WPC\n7762\n', 'AB Dom inick\nMcClellanville\nouthCarolina\n', '']","['C\n7762\n', '5 D\nC\nC\n', '']","['WPC\n7762\n', '5\nC\nC\n', '']",modelv1.0__2026-05-17 21:21:18
D:/moth_photos/database\batch_13\img_moth_00024042.jpg,"[4000, 6000]",36.705882352941174,"['WPC\n7763\n', 'KBDominick\nMcClellanville\nSouthCarolina\n\n0Mar14\nmary\n', '']","['C\n7763\n', 'RD\nC\nC\n\n014\n8\n', '']","['WPC\n7763\n', 'C\nC\n\n0W14\n8\n', '']",modelv1.0__2026-05-17 21:21:18
D:/moth_photos/database\batch_13\img_moth_00024043.jpg,"[4000, 6000]",36.705882352941174,"['WPC\n7764\n', 'RBDominick\nMcClellanville\nSouth Carolina\n\nYRerg1973\nLight22\n', '']","['C\n7764\n', 'RD\nC\nC\n\n9R1973\n22\n', '']","['WPC\n7764\n', 'C\nC\n\n91973\n22\n', '']",modelv1.0__2026-05-17 21:21:18
D:/moth_photos/database\batch_13\img_moth_00024044.jpg,"[4000, 6000]",36.745098039215684,"['WPC\n7765\n', 'RBbominick\nMcClennanville\nSouthsCarolina\n\n21Apr427\nLighowe\n', '']","['C\n7765\n', 'RD\nC\nC\n\n21427\n', '']","['WPC\n7765\n', 'C\nC\n\n21427\n', '']",modelv1.0__2026-05-17 21:21:18
D:/moth_photos/database\batch_13\img_moth_00024045.jpg,"[4000, 6000]",36.68627450980392,"['WPC\n7766\n', 'XBDominick\nSharlesREdwards\nAicClellanville\njouthCdroling\n\n1Maxy 5\n\nahh oS\n', '']","['C\n7766\n', 'DD\nR\nC\nC\n\n1 5\n', '']","['WPC\n7766\n', 'C\nC\n\n1P 5\n', '']",modelv1.0__2026-05-17 21:21:18
D:/moth_photos/database\batch_13\img_moth_00024046.jpg,"[4000, 6000]",36.76470588235294,"['WPC\n7767\n', 'RBDominick\nCharlesREdwards\nMcGlellanville\nSouthCarolina29458\n\n23 PHOy197F1\nbiewnst\n', '']","['C\n7767\n', 'RRD\nCR\nC\nC29458\n\n23 1971\n', '']","['WPC\n7767\n', 'C\nC\nC29458\n\n23 P1971\n', '']",modelv1.0__2026-05-17 21:21:18
D:/moth_photos/database\batch_13\img_moth_00024047.jpg,"[4000, 6000]",36.8235294117647,"['WPC\n7768\n', 'kBDominick\nChariesREdwards\nMcClellanville\nSouthCarolina29458\n\n27V\nht 1197\n', '']","['C\n7768\n', 'RRD\nCR\nC\nC29458\n\n27\n1197\n', '']","['WPC\n7768\n', 'C\nC\nC29458\n\n27\n1197\n', '']",modelv1.0__2026-05-17 21:21:18
D:/moth_photos/database\batch_13\img_moth_00024048.jpg,"[4000, 6000]",36.84313725490196,"['WPC\n7769\n', 'KBVominick\nCharlesREdwards\nMcClellanville\nSouthGarolinae\n\n2Piu No\nta 2\n', '']","['C\n7769\n', 'D\nCR\nC\n50\n\n2\n2\n', '']","['WPC\n7769\n', 'C\nC\n50\n\n2P\n2\n', '']",modelv1.0__2026-05-17 21:21:18
D:/moth_photos/database\batch_13\img_moth_00024049.jpg,"[4000, 6000]",36.76470588235294,"['WPC\n7770\n', 'RBDominick\nCharlesREdwards\nMcClellanville\nSouthCarolina29458\n\n2Seghs970\nLisgpy\n', '']","['C\n7770\n', 'RD\nCR\nC\nC29458\n\n2970\nC\n', '']","['WPC\n7770\n', 'C\nC\nC29458\n\n2970\nC\n', '']",modelv1.0__2026-05-17 21:21:18
D:/moth_photos/database\batch_13\img_moth_00024050.jpg,"[4000, 6000]",36.68627450980392,"['SOUTHCAROLINA\nWedgePlantation\nMcClellanville\n\n13Viil3968\n\nCFerguson\n', 'WPC\n7771\n', '', 'g\n']","['CR\nC\n\n133968\n\nC\n', 'C\n7771\n', '', '']","['C\nWP\nC\n\n133968\n\nCP\n', 'WPC\n7771\n', '', '']",modelv1.0__2026-05-17 21:21:18
D:/moth_photos/database\batch_13\img_moth_00024051.jpg,"[4000, 6000]",36.84313725490196,"['WPC\n7772\n', 'RBDominick\nCharlesREdwards\nseieene28\nhy15 294658\ny1970\nse fi AY\n', '']","['C\n7772\n', 'RRD\nCR\n28\n15 294658\n1970\n', '']","['WPC\n7772\n', 'C\n28\n15 294658\n1970\n', '']",modelv1.0__2026-05-17 21:21:18
D:/moth_photos/database\batch_13\img_moth_00024052.jpg,"[4000, 6000]",36.84313725490196,"['WPC\n7773\n', 'RBDominick\nCharlesREdwards\nMcClellanville\nSouthCarolina29458\nTFure1970\nlisnt9\n', '']","['C\n7773\n', 'RD\nCR\nC\nC29458\n1970\n9\n', '']","['WPC\n7773\n', 'C\nC\nC29458\n1970\n9\n', '']",modelv1.0__2026-05-17 21:21:18
D:/moth_photos/database\batch_13\img_moth_00024053.jpg,"[4000, 6000]",36.666666666666664,"['WPC\n7774\n', 'nBVomInNiIcK\nCharlesREdwards\nMcClellanville\nSouthCarolina29458\n\n23O77297b\nShwe\n', '']","['C\n7774\n', 'DC\nCR\nC\nC29458\n\n23772970\nC\n', '']","['WPC\n7774\n', 'C\nC\nC\nC29458\n\n23772970\nC\n', '']",modelv1.0__2026-05-17 21:21:18
D:/moth_photos/database\batch_13\img_moth_00024054.jpg,"[4000, 6000]",36.8235294117647,"['WPC\n7775\n', 'RBDominick\nCharlesREdwards\nMcClellanville\nSouthCarolina29458\n\nL9Ape1970\nLigntee\n', '']","['C\n7775\n', 'RRD\nCR\nC\nC29458\n\n29D1970\n', '']","['WPC\n7775\n', 'C\nC\nC29458\n\n291970\n', '']",modelv1.0__2026-05-17 21:21:18
D:/moth_photos/database\batch_13\img_moth_00024055.jpg,"[4000, 6000]",36.705882352941174,"['WPC\n7776\n', 'xBDominick\nCharlesREdwards\nMcClellanville\nSouth Carolina e\n\n16 1970\nee\n\nta\n', '']","['C\n7776\n', 'RD\nCR\nC\n0 C\n\n16 1970\n', '']","['WPC\n7776\n', 'C\nC\n0 C\n\n16 1970\n', '']",modelv1.0__2026-05-17 21:21:18
D:/moth_photos/database\batch_13\img_moth_00024056.jpg,"[4000, 6000]",36.529411764705884,"['WPC\n7777\n', 'RBDominick\nCharlesREdwards\nMc Clellanville\nSofithCarolina29453\n\nyOUF19b7\npaghl\n', '']","['C\n7777\n', 'RRD\nCR\nC\nC29453\n\n1967\n', '']","['WPC\n7777\n', 'C\nC\nC29453\n\n1967\n', '']",modelv1.0__2026-05-17 21:21:18
D:/moth_photos/database\batch_13\img_moth_00024057.jpg,"[4000, 6000]",37.09803921568628,"['WPC\n7778\n', 'R6Dominick\nCharlesREdwards\nMcClellanvidle\nS0uthGarolina\n\ni ffugi9e\nua\n', '']","['C\n7778\n', 'R6D\nCR\nC\n0\n\n192\n', '']","['WPC\n7778\n', '6\nC\nC\n0\n\n192\n', '']",modelv1.0__2026-05-17 21:21:18
D:/moth_photos/database\batch_13\img_moth_00024058.jpg,"[4000, 6000]",36.92156862745098,"['WPC\n7779\n', 'RBDominick\n\nCharlesREdwandis\n\nMcClellanville\n\nSoutlaCarolina29458\nJ5s La 1970\nlish\n', '']","['C\n7779\n', 'RD\nCR\nC\nC29458\n5 1970\n', '']","['WPC\n7779\n', 'C\nC\n\nC29458\n5 1970\n', '']",modelv1.0__2026-05-17 21:21:18
D:/moth_photos/database\batch_13\img_moth_00024059.jpg,"[4000, 6000]",36.666666666666664,"['WPC\n7780\n', 'RBDominick\nCharlesR Edwards\nMcClellanville\nSouthCarolina29458\n23sept1967\nLIGA\n', '']","['C\n7780\n', 'RRD\nCR\nC\nC29458\n2351967\n', '']","['WPC\n7780\n', 'C\n\nC\n\nC29458\n2351967\n', '']",modelv1.0__2026-05-17 21:21:18
D:/moth_photos/database\batch_13\img_moth_00024060.jpg,"[4000, 6000]",37.03921568627451,"['WPC\n7781\n', 'McClellanville\n', '3687\n', '']","['C\n7781\n', 'C\n', '3687\n', '']","['WPC\n7781\n', 'C\n', '3687\n', '']",modelv1.0__2026-05-17 21:21:18
D:/moth_photos/database\batch_13\img_moth_00024061.jpg,"[4000, 6000]",36.745098039215684,"['WPC\n7782\n', 'mOVOmMiInick\nCharlesREdwards\nMcClellanville\nSouthCarolina29458\n23APR1970\nUchseP\n', '']","['RC\n7782\n', 'DC\nCR\nC\nC29458\n23R1970\n', '']","['WPC\n7782\n', 'C\nC\nC\nC29458\n23P1970\nP\n', '']",modelv1.0__2026-05-17 21:21:18
D:/moth_photos/database\batch_13\img_moth_00024062.jpg,"[4000, 6000]",36.6078431372549,"['WPC\n7783\n', 'RBDominick\nCharlesREdwards\nMcClellanvilla\nSouthCarolina29458\n23APR1970\nLigshtF\n', '']","['C\n7783\n', 'RD\nCR\nC\nC29458\n23R1970\n', '']","['WPC\n7783\n', 'C\nC\nC29458\n23P1970\n', '']",modelv1.0__2026-05-17 21:21:18
D:/moth_photos/database\batch_13\img_moth_00024063.jpg,"[4000, 6000]",36.666666666666664,"['WPC\n7784\n', 'kBDominick\nCharlesREdwards\nMcClellanville\nSouthCarolina\n\nIt\nOne\n', '']","['RC\n7784\n', 'RD\nCR\nC\nC\n\n1\n', '']","['WPC\n7784\n', 'C\nC\nC\n\n1\n', '']",modelv1.0__2026-05-17 21:21:18
D:/moth_photos/database\batch_13\img_moth_00024064.jpg,"[4000, 6000]",36.588235294117645,"['WPC\n7785\n', 'RBDominick\nChariesREdwards cb\nMcClellanville\nSouthCarolina29458\n\nDMO\nLySLink J 1909\n', '']","['C\n7785\n', 'RD\nCR\nC\nC29458\n\nD1\n6 1909\n', '']","['WPC\n7785\n', 'C\nC\nC29458\n\n1\n6 1909\n', '']",modelv1.0__2026-05-17 21:21:18
D:/moth_photos/database\batch_13\img_moth_00024065.jpg,"[4000, 6000]",36.84313725490196,"['WPC\n7786\n', 'RBDominick\nCharlesREdwards\nMcClellanville\nAA Carolina 29458\n\ntm Co 190F\n', 'aoe\n\nSeombtotdec\n\npith\n', '']","['RC\n7786\n', 'RD\nCR\nC\nC 29458\n\n4 C 190\n', '', '']","['WPC\n7786\n', 'C\nC\nC 29458\n\n4 C 190\n', '', '']",modelv1.0__2026-05-17 21:21:18
D:/moth_photos/database\batch_13\img_moth_00024066.jpg,"[4000, 6000]",36.92156862745098,"['WPC\n7787\n', 'RBDominick\nCharlesR Edwards\nMcClelianville\nSouthCarolina2945\n1dmMay1970\n\nLisht\n', '', '']","['C\n7787\n', 'RD\nCR\nC\nC2945\n11970\n', '', '']","['WPC\n7787\n', 'C\nC\nC2945\n11970\n', '', '']",modelv1.0__2026-05-17 21:21:18
D:/moth_photos/database\batch_13\img_moth_00024067.jpg,"[4000, 6000]",36.509803921568626,"['WPC\n7788\n', 'RbBDominick\n\nCharlesREdwards\nMcClellanville Ra\nSouthCarolina29458\n\nYAPR96E\nL15hy\n', 'Bomelocha4\nba Iti moralrs\n\nDetD0 Ferguson 1967\nPesbodyMuseumYaleUniv\n\n', '']","['C\n7788\n', 'RD\n\nCR\nC 4\nC29458\n\n4R966\n157\n', 'R4\n\nDD0 1967\n\n', '']","['WPC\n7788\n', 'C\nC 4\nC29458\n\n4P966\n157\n', '4\n\n0 P 1967\nP\n\n', '']",modelv1.0__2026-05-17 21:21:18
D:/moth_photos/database\batch_13\img_moth_00024068.jpg,"[4000, 6000]",36.666666666666664,"['WPC\n7789\n', 'vVeQageFialilatllivoll\nsouthSanteeRiver\nTharlestorCoSC\nfarch21967\n\nYouglasCFerguson\n', '', 'DMBC00086\nRICHARDBDOMINICK\nMOTH8BUTTERFLYCOLLECTION\n\nUNIVERSITYOFSOUTHCAROLINA\n']","['C\n7789\n', '0R\nC5C\n21967\n\nC\n', '', 'DC00086\nRCRDDC\n8RCC\n\nRCR\n']","['WPC\n7789\n', '0\nC5C\n21967\n\nCP\n', '', 'PC00086\nCWC\n8CC\n\nC\n']",modelv1.0__2026-05-17 21:21:18
D:/moth_photos/database\batch_13\img_moth_00024069.jpg,"[4000, 6000]",36.705882352941174,"['WPC\n7790\n', 'KBDominick\nMcClellanville\na eatola\n\nnite a\n', '']","['C\n7790\n', 'RD\nC\nC\n', '']","['WPC\n7790\n', 'C\nC\n', '']",modelv1.0__2026-05-17 21:21:18
D:/moth_photos/database\batch_13\img_moth_00024070.jpg,"[4000, 6000]",36.627450980392155,"['WPC\n7791\n', 'RB Dominick\nMcClellanville\nTTS\n1975\nLiabFS\n', '', '8\nSs\n']","['C\n7791\n', 'R D\nC\n1975\n', '', '8\n']","['WPC\n7791\n', 'C\n1975\n', '', '8\n']",modelv1.0__2026-05-17 21:21:18
D:/moth_photos/database\batch_13\img_moth_00024071.jpg,"[4000, 6000]",36.80392156862745,"['WPC\n7792\n', 'KBDominick\nMcClellanville\nSouthCarolina\nJ3 fa 14s\nLighf\n', '', 'JDSminick\nClellanville\nuthCarolina\n\ntFiug1175\naof\n\n7792\n']","['C\n7792\n', 'RD\nC\nC\n13 14\n', '', 'D\nC\nC\n\n1175\n\n7792\n']","['WPC\n7792\n', 'C\nC\n13 14\n', '', 'C\nC\n\nP1175\n\n7792\n']",modelv1.0__2026-05-17 21:21:18
D:/moth_photos/database\batch_13\img_moth_00024072.jpg,"[4000, 6000]",36.72549019607843,"['WPC\n7793\n', 'RBDominick\n\nMcClellanville\nSouthCarolina\n\n21Aug1973\nlisehkGe\n', '']","['C\n7793\n', 'RD\n\nC\nC\n\n211973\n', '']","['WPC\n7793\n', 'C\nC\n\n211973\n', '']",modelv1.0__2026-05-17 21:21:18
D:/moth_photos/database\batch_13\img_moth_00024073.jpg,"[4000, 6000]",37.160000000000004,"['WPC\n7794\n', 'RBDominick\nMcClellanville\nSouthFarolina\nLight9\n', '']","['C\n7794\n', 'RRD\nC\n9\n', '']","['WPC\n7794\n', 'C\n9\n', '']",modelv1.0__2026-05-17 21:21:18
D:/moth_photos/database\batch_13\img_moth_00024074.jpg,"[4000, 6000]",36.745098039215684,"['WPC\n7795\n', '2BDominick\nYharlesREdward\nAcClellanville\nsouthCarbdlina\n\nLDApriVe\n\nmiethko\n', '']","['C\n7795\n', '2RD\nR\nC\nC\n\nCD\n', '']","['WPC\n7795\n', '2\nC\nC\n\nCP\n', '']",modelv1.0__2026-05-17 21:21:18
D:/moth_photos/database\batch_13\img_moth_00024075.jpg,"[4000, 6000]",36.84313725490196,"['WPC\n7796\n', '', 'AcClellanville\nsouthCarolina\nBDominick\n\nyn 18G\nhar\n']","['C\n7796\n', '', 'C\nC\nD\n\n18\n']","['WPC\n7796\n', '', 'C\nC\n\n18\n']",modelv1.0__2026-05-17 21:21:18
D:/moth_photos/database\batch_13\img_moth_00024076.jpg,"[4000, 6000]",37.059999999999995,"['WPC\n7797\n', 'x6BDominick\nCharlesREdwards\nMcClellanville\nSouthCarolinae\n\nZRoril1922\na fh os 1ex\n', '']","['C\n7797\n', '6D\nCR\nC\nC\n\n2R1922\n1\n', '']","['WPC\n7797\n', '6\nC\nC\nC\n\n21922\n1\n', '']",modelv1.0__2026-05-17 21:21:18
D:/moth_photos/database\batch_13\img_moth_00024077.jpg,"[4000, 6000]",37.2,"['WPC\n7798\n', 'KBDominick\nCharlesREdwards\nMcClellanville\nsouthCarolina\n\nIfBlarch1972\nLight\n', '']","['C\n7798\n', 'D\nCR\nC\n0C\n\n1972\nC\n', '']","['WPC\n7798\n', 'C\nC\n0C\n\n1972\nC\n', '']",modelv1.0__2026-05-17 21:21:18
D:/moth_photos/database\batch_13\img_moth_00024078.jpg,"[4000, 6000]",37.080000000000005,"['WPC\n7799\n', 'K6BVominick\nCharlesREdwards\nicClellanville\nsopthCarplina\n6Sepr1471\n\nLightoF\n', '']","['RC\n7799\n', '6D\nCR\nC\n0C\n61471\n', '']","['WPC\n7799\n', '6\nC\nC\n0C\n61471\n', '']",modelv1.0__2026-05-17 21:21:18
D:/moth_photos/database\batch_13\img_moth_00024079.jpg,"[4000, 6000]",36.509803921568626,"['WPC\n7800\n', 'R B Dominick\nCharlesREdwards\nMcClellanville\n\nSAPR97\nLithtft\n', '']","['C\n7800\n', 'R D\nCR\nC\n\nR97\n', '']","['WPC\n7800\n', 'C\nC\n\nP97\n', '']",modelv1.0__2026-05-17 21:21:18
D:/moth_photos/database\batch_13\img_moth_00024080.jpg,"[4000, 6000]",36.68627450980392,"['WPC\n7801\n', 'KBDominick\nCharlesREdwards\nicClellanville\nsouthCarolina\n\n30March197\nLightP\n', '']","['C\n7801\n', 'RD\nCR\nC\nC\n\n30197\n', '']","['WPC\n7801\n', 'C\nC\nC\n\n30197\nP\n', '']",modelv1.0__2026-05-17 21:21:18
D:/moth_photos/database\batch_13\img_moth_00024081.jpg,"[4000, 6000]",37.080000000000005,"['WPC\n7802\n', 'RBDominick\nCherlesREdwards ba\nMcClellanville\nSoutheCarolina29458\n\n1O APR S967\nLI1Sh\n', '']","['RC\n7802\n', 'RD\nCR\nC\nC29458\n\n10 R 967\n15\n', '']","['WPC\n7802\n', 'C P\nC\nC29458\n\n10 P 967\n15\n', '']",modelv1.0__2026-05-17 21:21:18
D:/moth_photos/database\batch_13\img_moth_00024082.jpg,"[4000, 6000]",36.80392156862745,"['WPC\n7803\n', 'NeagePlantation\nsouth Santee River\nSharlestonCoSC\n\nMarch 27 1967\n\nJamesWPorter\n', '']","['RC\n7803\n', '50 R\nCC\n\n27 1967\n', '']","['WPC\n7803\n', 'P\n50\nCC\n\n27 1967\n\nWP\n', '']",modelv1.0__2026-05-17 21:21:18
D:/moth_photos/database\batch_13\img_moth_00024083.jpg,"[4000, 6000]",36.68627450980392,"['WPC\n7804\n', 'RBDominick\nCharlesREdwardis\nMcClellanville\nSouthCarolina 29458\n\ntAP4 y\nLigipoy\n', '', '3S\n']","['C\n7804\n', 'RD\nCR\nC\nC 29458\n\n44\n', '', '33\n']","['WPC\n7804\n', 'C\nC\nC 29458\n\n4P4\n', '', '33\n']",modelv1.0__2026-05-17 21:21:18
D:/moth_photos/database\batch_13\img_moth_00024084.jpg,"[4000, 6000]",36.509803921568626,"['WPC\n7805\n', 'a\nMcClellanville\nSouthCarolina29458\n\n22FUArA2l19IO\nhtont\n', '']","['C\n7805\n', 'C\nC29458\n22219\n', '']","['WPC\n7805\n', 'C\nC29458\n22219\n', '']",modelv1.0__2026-05-17 21:21:18
D:/moth_photos/database\batch_13\img_moth_00024085.jpg,"[4000, 6000]",37.22,"['WPC\n7806\n', 'RBDominick\nCharlesREdwards\nMcflellanville\nSouthCarolina29458\n24Marn1970\n\nLt4tirek\n', '']","['C\n7806\n', 'RRD\n\nCR\n\nC29458\n241970\n\n24\n', '']","['WPC\n7806\n', 'C\nC29458\n241970\n\n24\n', '']",modelv1.0__2026-05-17 21:21:18
D:/moth_photos/database\batch_13\img_moth_00024086.jpg,"[4000, 6000]",37.18000000000001,"['WPC\n7807\n', 'SUUTHCAROLINA\nWedge Plantation\nMcClellanville\nMarch 19\nDCFergquson\n', '']","['C\n7807\n', 'CRC\nC\n19\nDC\n', '']","['WPC\n7807\n', 'CC\nW P\nC\n19\nCP\n', '']",modelv1.0__2026-05-17 21:21:18
D:/moth_photos/database\batch_13\img_moth_00024087.jpg,"[4000, 6000]",36.80392156862745,"['WPCC\n7808\n', 'RBDominick\nCharlesREdwards\nMcClellanville\nSouthCarolina29488\n20June1970\n\nLijsarS\n', '']","['RC\n7808\n', 'RRD\nCR\nC\nC29488\n201970\n', '']","['WPCC\n7808\n', 'C\n\nC\nC29488\n201970\n', '']",modelv1.0__2026-05-17 21:21:18
D:/moth_photos/database\batch_13\img_moth_00024088.jpg,"[4000, 6000]",36.76470588235294,"['WPCC\n7809\n', 'RBDominick\nCharlesREdwards\nMcClellanville\nSouthGarolina29458\n\nfyarFLF\nb1GH4\n', '']","['C\n7809\n', 'RD\nCR\nC\nC29458\n\n414\n', '']","['WPCC\n7809\n', 'C\nC\nC29458\n\nP\n414\n', '']",modelv1.0__2026-05-17 21:21:18
D:/moth_photos/database\batch_13\img_moth_00024089.jpg,"[4000, 6000]",37.04,"['WPC\n7810\n', 'RBDominick\nMcClellanville\nMenace\n\njiey 368\n', '', 'Bomofocka\nCaysfact v\n\nAAVCFeagt\n']","['C\n7810\n', 'RD\nC\n\n368\n', '', 'C5\n\nDC6\n']","['WPC\n7810\n', 'C\n\n368\n', '', 'C5\n\nC6\n']",modelv1.0__2026-05-17 21:21:18
D:/moth_photos/database\batch_13\img_moth_00024090.jpg,"[4000, 6000]",37.22,"['WPC\n7811\n', 'RB Dominick\nMcClellanville\nSouthCarolina\n\n2Ret968\nLiahtoF\n', '', 'DMBC00096\nRICHARDBDOMINICK\nMOTH8BUTTERFLYCOLLECTION\n\nUNIVERSITYOFSOUTHCAROLINA\n']","['C\n7811\n', 'R D\nC\nC\n\n2R968\n7\n', '', 'DC00096\nRCRD8DC\n8RCC\n\nRCR\n']","['WPC\n7811\n', 'C\nC\n\n2968\n7\n', '', 'PC00096\nC8C\n8CC\n\nC\n']",modelv1.0__2026-05-17 21:21:18
D:/moth_photos/database\batch_13\img_moth_00024091.jpg,"[4000, 6000]",37.04,"['WPC\n7812\n', 'XBDominic\nAcClejlanville\nouthCarolin\n', '']","['C\n7812\n', 'D\nC\nC\n', '']","['WPC\n7812\n', 'C\nC\n', '']",modelv1.0__2026-05-17 21:21:18
D:/moth_photos/database\batch_13\img_moth_00024092.jpg,"[4000, 6000]",37.059999999999995,"['WPC\n7813\n', '', 'RBDominick\nMcClellanville\nSouthCarolinz\n\nApe1976\nae\n']","['C\n7813\n', '', 'RDC\nC\nC\n\n1976\n']","['WPC\n7813\n', '', 'C\nC\nC\n\n1976\n']",modelv1.0__2026-05-17 21:21:18
D:/moth_photos/database\batch_13\img_moth_00024093.jpg,"[4000, 6000]",37.1,"['WPC\n7814\n', 'BDominick\nAcClellanville\nouthCarolina\n\n2 1975\nzy Ze\n', '']","['C\n7814\n', 'D\nC\nC\n\n2 1975\n', '']","['WPC\n7814\n', 'C\nC\n\n2 1975\n', '']",modelv1.0__2026-05-17 21:21:18
D:/moth_photos/database\batch_13\img_moth_00024094.jpg,"[4000, 6000]",37.160000000000004,"['WPC\n7815\n', 'RBDominick\nMcClellanville\nSouthCarolina\n', '']","['C\n7815\n', 'RD\nC\nC\n', '']","['WPC\n7815\n', 'C\nC\n', '']",modelv1.0__2026-05-17 21:21:18
D:/moth_photos/database\batch_13\img_moth_00024095.jpg,"[4000, 6000]",36.588235294117645,"['WPC\n7816\n', 'RBDominick\nCharlesREdwards\nMcClellanville\nSouthCarolina\n44fSune1972\n\nL1547 4\n', '']","['C\n7816\n', 'RRD\nCR\nC\nC\n4441972\n\n1547 4\n', '']","['WPC\n7816\n', 'C\n\nC\n\nC\n4441972\n\n1547 4\n', '']",modelv1.0__2026-05-17 21:21:18
D:/moth_photos/database\batch_13\img_moth_00024096.jpg,"[4000, 6000]",37.14,"['WPC\n7817\n', 'RBDominick\nChariesREdwards\nMcCJellanville\nSouthCarolina\n24Suncs97s\nLictheF\n', '']","['C\n7817\n', 'RRD\nCR\nC\n0C\n2497\n', '']","['WPC\n7817\n', 'C\n\nC\n\n0C\n2497\n', '']",modelv1.0__2026-05-17 21:21:18
D:/moth_photos/database\batch_13\img_moth_00024097.jpg,"[4000, 6000]",37.22,"['WPC\n7818\n', 'RBDominick\nCharlesREdwards\nMcClellanville\nSoutkCarolina29458\nJY wna 497\nlysythtGP\n', '']","['C\n7818\n', 'RD\nCR\nC\nC29458\n497\nC\n', '']","['WPC\n7818\n', 'C\nC\nC29458\n497\nCP\n', '']",modelv1.0__2026-05-17 21:21:18
D:/moth_photos/database\batch_13\img_moth_00024098.jpg,"[4000, 6000]",37.18000000000001,"['WPC\n7819\n', 'RBDominick\nCharlesREdwards\nMcClellanville\nSouthCarolina\n\n30Aprii 197\nLight\n', '']","['C\n7819\n', 'RD\nCR\nC\nC\n\n30 197\n', '']","['WPC\n7819\n', 'C\nC\nC\n\n30 197\n', '']",modelv1.0__2026-05-17 21:21:18
D:/moth_photos/database\batch_13\img_moth_00024099.jpg,"[4000, 6000]",36.529411764705884,"['WPC\n7820\n', 'RBDominick\nChariesREdwards 4\nMcClellanville\nSouthCarolina29458\n\n4May1969\nLsGk\n', '']","['RC\n7820\n', 'RRD\nCR 4\nC\nC29458\n\n41969\nC\n', '']","['WPC\n7820\n', 'C 4\nC\nC29458\n\n41969\nC\n', '']",modelv1.0__2026-05-17 21:21:18
D:/moth_photos/database\batch_13\img_moth_00024100.jpg,"[4000, 6000]",37.1,"['WPC\n7821\n', 'KBVominick\nCharlesREdwards\nMcClellanville\nISTutwe970\nlisntD\n', '', 'SOP\n']","['C\n7821\n', '5D\nCR\nC\n970\nD\n', '', '']","['WPC\n7821\n', '5\nC\nC\n970\n', '', 'P\n']",modelv1.0__2026-05-17 21:21:18
D:/moth_photos/database\batch_13\img_moth_00024101.jpg,"[4000, 6000]",37.160000000000004,"['WPC\n7822\n', 'xeDVOMinick\nSharlesREdwards\nficClellanville\nSouthCarolina\n\n2Apr1920\n', '']","['C\n7822\n', 'D\nR\nC\n0C\n\n21920\n', '']","['WPC\n7822\n', 'C\n0C\n\n21920\n', '']",modelv1.0__2026-05-17 21:21:18
D:/moth_photos/database\batch_13\img_moth_00024102.jpg,"[4000, 6000]",37.22,"['WPC\n7823\n', 'RBDominick\nCharlesREdwards\nMcCJellanville\nSouthCarolina29458\n\n29AlA1970\nLZietLie\n', '']","['C\n7823\n', 'RRD\nCR\nC\nC29458\n\n291970\n', '']","['WPC\n7823\n', 'C\nC\nC29458\n\n291970\n', '']",modelv1.0__2026-05-17 21:21:18
D:/moth_photos/database\batch_13\img_moth_00024103.jpg,"[4000, 6000]",37.24,"['WPC\n7824\n', '40auyWsSCLiaIVIIe\nSouth Carolina\nR yp Dominick\n\n687\n', 'S694\n', '']","['C\n7824\n', '402C1\nC\nR D\n\n687\n', '694\n', '']","['WPC\n7824\n', '402WC1\nC\nP\n\n687\n', '694\n', '']",modelv1.0__2026-05-17 21:21:18
D:/moth_photos/database\batch_13\img_moth_00024104.jpg,"[4000, 6000]",36.86274509803921,"['WPC\n7825\n', 'RBDominick\nCharlesREdwards\nMcClellanville\nSoutgCarolina29458\n\nLZYA14797\nUsare\n', '']","['C\n7825\n', 'RRD\nCR\nC\nC29458\n\n14797\n', '']","['WPC\n7825\n', 'C\nC\nC29458\n\n14797\n', '']",modelv1.0__2026-05-17 21:21:18
D:/moth_photos/database\batch_13\img_moth_00024105.jpg,"[4000, 6000]",36.509803921568626,"['WPC\n7826\n', 'BDominick\nSharlesREdwards\nMeellanvilla\nsouthCaro\n\nLA nL 1991\ncFep mDs\n', '']","['C\n7826\n', 'D\nCR\n0C\n\n4 1991\nD\n', '']","['WPC\n7826\n', 'C\n0C\n\n4 1991\n', '']",modelv1.0__2026-05-17 21:21:18
D:/moth_photos/database\batch_13\img_moth_00024106.jpg,"[4000, 6000]",37.14,"['WPC\n7827\n', 'RBDominick\n\nCharlesREdwards\nMcClellanville\n\nSoutHCarolina29498\n\n7M 1927\n7\n', '']","['C\n7827\n', 'RD\n\nCR\nC\n\nC29498\n\n7 1927\n7\n', '']","['WPC\n7827\n', 'C\nC\n\nC29498\n\n7 1927\n7\n', '']",modelv1.0__2026-05-17 21:21:18
D:/moth_photos/database\batch_13\img_moth_00024107.jpg,"[4000, 6000]",36.88235294117647,"['WPC\n7828\n', 'RBDominick\nCharlesREdwards\nMcClellanville\nSouthCarolina29458\n\noe IMC71F69\n\n14Lh\n', '']","['C\n7828\n', 'RRD\nCR\nC\nC29458\n\nC71969\n\n14\n', '']","['WPC\n7828\n', 'C\nC\nC29458\n\nC71969\n\n14\n', '']",modelv1.0__2026-05-17 21:21:18
D:/moth_photos/database\batch_13\img_moth_00024108.jpg,"[4000, 6000]",37.18000000000001,"['RBDominick\nCharlesREdwards\nMcClellanville\nSoutHCarolina29458\n\n2DAM1969\nLrshhk\n', 'WPC\n7829\n', '']","['RD\nCR\nC\nC29458\n\n2D1969\n', 'C\n7829\n', '']","['C\nC\nC29458\n\n21969\n', 'WPC\n7829\n', '']",modelv1.0__2026-05-17 21:21:18
D:/moth_photos/database\batch_13\img_moth_00024109.jpg,"[4000, 6000]",37.1,"['WPC\n7830\n', 'MeUlellanville\nSouthCarolina\n23 BDominick\n\neo etl i166\n', '']","['C\n7830\n', 'C\nC\n23 D\n\n166\n', '']","['WPC\n7830\n', 'C\nC\n23\n\n166\n', '']",modelv1.0__2026-05-17 21:21:18
D:/moth_photos/database\batch_13\img_moth_00024110.jpg,"[4000, 6000]",37.04,"['WPC\n7831\n', 'RBDominick\nCharlesREdwards\nMcGleliaeville\nSouthCarolinae29458\n\n2lAPR1963\nLian\n', 'Bomotcene\nLicusalis\n49\n', '']","['C\n7831\n', 'RRD\nCR\nC29458\n\n2R1963\n', 'R\n49\n', '']","['WPC\n7831\n', 'C\nC29458\n\n2P1963\n', '49\n', '']",modelv1.0__2026-05-17 21:21:18
D:/moth_photos/database\batch_13\img_moth_00024111.jpg,"[4000, 6000]",37.02,"['WPC\n7832\n', '6907\n', 'RBDominick\nMcClellanville\nChk Carolina\n\nGfaly 1993\nLea Lt Sm\n', '']","['C\n7832\n', '6907\n', 'RD\nC\nC C\n\n1993\n', '']","['WPC\n7832\n', '6907\n', 'C\nC C\n\n1993\n', '']",modelv1.0__2026-05-17 21:21:18
D:/moth_photos/database\batch_13\img_moth_00024112.jpg,"[4000, 6000]",37.02,"['WPC\n7833\n', 'RBDominick\nCharlesREdwards\nMcClellanville\nSouthCarolina2945\n\n14 Ape 1978\nLight\n', '', 'DMBC00089\nRICHARDBDOMINICK\nMOTHBUTTERFLYCOLLECTION\n\nUNIVERSITYOFSOUTHCAROLINA\n']","['RC\n7833\n', 'RD\nCR\nC\nC2945\n\n14 1978\n', '', 'DC00089\nRCRDDC\nRRCC\n\nRCR\n']","['WPC\n7833\n', 'C\nC\nC2945\n\n14 1978\n', '', 'PC00089\nCC\nCC\n\nC\n']",modelv1.0__2026-05-17 21:21:18
D:/moth_photos/database\batch_13\img_moth_00024113.jpg,"[4000, 6000]",37.059999999999995,"['WPC\n7834\n', 'RBDominick\nMcClellanville\nSouth Carolina\n', '', 'KB Dominick\nMcClellanville\nSouthCarolina\n9fug1473\n\nLr tor\n\nWPC\n7834\n\n']","['RC\n7834\n', 'RD\nC\nC\n', '', 'D\nC\nC\n91473\n\nC\n7834\n\n']","['WPC\n7834\n', 'C\nC\n', '', 'C\nC\n91473\n\nWPC\n7834\n\n']",modelv1.0__2026-05-17 21:21:18
D:/moth_photos/database\batch_13\img_moth_00024114.jpg,"[4000, 6000]",37.0,"['WPC\n7835\n', 'NeBeVQomMmINIcK\n\nCharlesREdwards\nMcClellanville\nSouthCarolina29458\n\n1Ds197\nCghy\n', 'SeIWERA\nPIPLMLELIT7Od\nOFBEVO\n\naetELTodd\n', 'DMBC00093\nRICHARDBDOMINICK\n\nMOTH8BUTTERFLYCOLLECTION\nUNIVERSITYOFSOUTHCAROLINA\n']","['RC\n7835\n', 'C\n\nCR\nC\nC29458\n\n1D197\nC\n', 'R\n770\n26\n', 'DC00093\nRCRDDC\n\n8CRCC\nRCR\n']","['WPC\n7835\n', 'C\n\nC\nC\nC29458\n\n1197\nC\n', 'W\nPPP770\n26\n', 'PC00093\nCWC\n\n8CCC\nC\n']",modelv1.0__2026-05-17 21:21:18
D:/moth_photos/database\batch_13\img_moth_00024115.jpg,"[4000, 6000]",37.160000000000004,"['WPC\n7836\n', 'Bomolocha\npalpariaWlk2\n\nDetD0Ferguson19 72\nPesbodyMuseumYaleUniv\n', 'RBDominick\nCharlesR Edwants\nMcClellanville\nSouthCarolina29458\n\nBBis 4968\nListy\n', '']","['C\n7836\n', '2\n\nDD019 72\nR\n', 'RRD\nCR\nC\nC29458\n\n8 4968\n', '']","['WPC\n7836\n', 'PW2\n\n0P19 72\nP\n', 'C\nC\nC29458\n\n8 4968\n', '']",modelv1.0__2026-05-17 21:21:18
D:/moth_photos/database\batch_13\img_moth_00024116.jpg,"[4000, 6000]",37.120000000000005,"['WPC\nERY\n', '', 'e 44itRe\nCharles R Edwards\nMcCleljanville\n37 Carolina\n\nApi196\naleee9\n', '']","['RC\nR\n', '', '44R\nC R\nC\n37 C\n\n196\n9\n', '']","['WPC\n', '', '44\nC\nC\n37 C\n\n196\n9\n', '']",modelv1.0__2026-05-17 21:21:18
D:/moth_photos/database\batch_13\img_moth_00024117.jpg,"[4000, 6000]",36.509803921568626,"['WPC\n7838\n', 'XBDominick\n\nCharlesREdwards a\nMcClellanvilleT\nSouthCarolina29458\n\nA1ay L9GF\nAsi1tink\n', '', '']","['C\n7838\n', '6D\n\nCR\nC7\nC29458\n\n1 196\n1C\n', '', '']","['WPC\n7838\n', '6\n\nC\nC7\nC29458\n\n1 196\n1C\n', '', '']",modelv1.0__2026-05-17 21:21:18
D:/moth_photos/database\batch_13\img_moth_00024118.jpg,"[4000, 6000]",36.9,"['WPC\n7839\n', 'KRBVOminick\nCharlesREdwards\nMcClellanville\nSouthCzrolina\n\nAZ Mareh1472\n', '']","['C\n7839\n', 'R\nCR\nC\nC\n\n2 1472\n', '']","['WPC\n7839\n', 'C\nC\nC\n\n2 1472\n', '']",modelv1.0__2026-05-17 21:21:18
D:/moth_photos/database\batch_13\img_moth_00024119.jpg,"[4000, 6000]",37.02,"['WPC\n7840\n', 'xDVOMINICHR\nChariesREdwards\n\nMcClellanville\n\nSouth Carolina\n\n26 Masch1472\n', '']","['C\n7840\n', 'DCR\nCR\n\nC\n\nC\n\n26 1472\n', '']","['WPC\n7840\n', 'WC\nC\n\nC\n\nC\n\n26 1472\n', '']",modelv1.0__2026-05-17 21:21:18
D:/moth_photos/database\batch_13\img_moth_00024120.jpg,"[4000, 6000]",36.549019607843135,"['WPC\n7841\n', 'DVOMINICH\nSharlesREdwards\nMcCleljanville\nApr Carolinae\n\n1992\nane\n', '']","['RC\n7841\n', 'DDC\nR\nC\nC\n\n1992\n', '']","['WPC\n7841\n', 'C\nC\nC\n\n1992\n', '']",modelv1.0__2026-05-17 21:21:18
D:/moth_photos/database\batch_13\img_moth_00024121.jpg,"[4000, 6000]",37.2,"['WPC\n7842\n', 'RBDominick\nCharlesR Edwanis\nMcClellanville\nSouthCarolina29458\n\n22ne1767\nei 6\n', '']","['C\n7842\n', 'RRD\nCR\nC\nC29458\n\n22R1767\n6\n', '']","['WPC\n7842\n', 'C\nC\nC29458\n\n221767\n6\n', '']",modelv1.0__2026-05-17 21:21:18
D:/moth_photos/database\batch_13\img_moth_00024122.jpg,"[4000, 6000]",37.059999999999995,"['WPCC\n7843\n', 'WedgePlantation\nSouthSanteeRiver\nCharlestohCoSC\nMarch2J1967\nDouglasCFerguson\n', '']","['RC\n7843\n', 'R\nCCC\n21967\nDC\n', '']","['WPCC\n7843\n', 'WP\nCCC\n21967\nC\n', '']",modelv1.0__2026-05-17 21:21:18
D:/moth_photos/database\batch_13\img_moth_00024123.jpg,"[4000, 6000]",36.745098039215684,"['WPC\n7844\n', 'KBDominick\nCharlesREdwards\nMcClebldnvidle\nsouthCarolina\n\nZZ fens 14\nSGhtD\n', '']","['RC\n7844\n', 'RD\nCR\nC4\n0C\n\n2R 14\nD\n', '']","['WPC\n7844\n', 'C\nC4\n0C\n\n2 14\nP\n', '']",modelv1.0__2026-05-17 21:21:18
D:/moth_photos/database\batch_13\img_moth_00024124.jpg,"[4000, 6000]",37.04,"['WPC\n7845\n', 'RBDominick\nCharles REdwanisP\n\nMcClellanville\nSouthCarolina29458\n\nSfphIV68\noe I\n', '', '3610\n']","['C\n7845\n', 'RRD\nC RD\n\nC\nC029458\n\n68\n', '', '3610\n']","['WPC\n7845\n', 'C WP\n\nC\nC029458\n\nW68\n', '', '3610\n']",modelv1.0__2026-05-17 21:21:18
D:/moth_photos/database\batch_13\img_moth_00024125.jpg,"[4000, 6000]",37.04,"['WPC\n7846\n', 'KBDominick\nCharlesREdwards\nMcClellanville 2\n527 Cafolina\n\nniy 19 l\nZahn\nJ7zelee qlossom\n', '']","['C\n7846\n', 'D\nCR\nC 2\n527 C\n\n19\n2\n7\n', '']","['WPC\n7846\n', 'C\nC 2\n527 C\n\n19\n2\n7\n', '']",modelv1.0__2026-05-17 21:21:18
D:/moth_photos/database\batch_13\img_moth_00024126.jpg,"[4000, 6000]",37.07843137254902,"['WPC\n7847\n', 'RBDominick\nCharlesREdwards\nMcClellanville\nSouthCarolina29458\n494ga197\nLreehF\n', '']","['RC\n7847\n', 'RRD\nCR\nC\nC29458\n494197\n', '']","['WPC\n7847\n', 'C\nC\nC29458\n494197\n', '']",modelv1.0__2026-05-17 21:21:18
D:/moth_photos/database\batch_13\img_moth_00024127.jpg,"[4000, 6000]",37.120000000000005,"['WPC\n7848\n', 'RBDominick\nCharlesREdwards\nMcClellanville oO\nSotthCarolina29458\n\n4FARe d\nfate 119t9\n', '']","['C\n7848\n', 'RRD\nCR\nC\nC29458\n\n4R\n1199\n', '']","['WPC\n7848\n', 'C\nC\nC29458\n\n4\n1199\n', '']",modelv1.0__2026-05-17 21:21:18
D:/moth_photos/database\batch_13\img_moth_00024128.jpg,"[4000, 6000]",36.6078431372549,"['WPC\n7849\n', 'kBDominick\nCharlesREdwards\nMcClellanville\nSouthCagolina\n\n1SMearA9e\nrchtoT\n', '']","['C\n7849\n', 'D\nCR\nC\nC\n\n190\n', '']","['WPC\n7849\n', 'C\nC\nC\n\n190\n', '']",modelv1.0__2026-05-17 21:21:18
D:/moth_photos/database\batch_13\img_moth_00024129.jpg,"[4000, 6000]",37.18000000000001,"['WPC\n7850\n', 'RBDominick\nCharlesREdwards\nMcClellanville\nSouthCarolina29458\n\nv4 HPA T19G7\n\nart\n', '']","['C\n7850\n', 'RRD\nCR\nC\nC29458\n\n4 R 1967\n', '']","['WPC\n7850\n', 'C\nC\nC29458\n\n4 P 1967\n', '']",modelv1.0__2026-05-17 21:21:18
D:/moth_photos/database\batch_13\img_moth_00024130.jpg,"[4000, 6000]",37.14,"['WPC\n7851\n', 'RBDominick\nCharlesREdwards\nMcGlellanville oO\n17NAee19b64\n\nlish\n', '']","['C\n7851\n', 'RD\n\nCR\n\nC\n171964\n', '']","['WPC\n7851\n', 'C\nC\n171964\n', '']",modelv1.0__2026-05-17 21:21:18
D:/moth_photos/database\batch_13\img_moth_00024131.jpg,"[4000, 6000]",36.549019607843135,"['WPC\n7852\n', 'RBDominick\nCharlesREdwards\nMcClellanville\nSauthCarolina29458\n\n44FP7969\n1164h\n', '']","['C\n7852\n', 'RD\nCR\nC\nC29458\n\n447969\n11645\n', '']","['WPC\n7852\n', 'C\nC\nC29458\n\n44P7969\n11645\n', '']",modelv1.0__2026-05-17 21:21:18
D:/moth_photos/database\batch_13\img_moth_00024132.jpg,"[4000, 6000]",36.72549019607843,"['WPC\n7853\n', 'RBDominick\nCharlesREdwards\nMcClellanville So\nSouthCarolina29458\n\nA8may19767\n\nJ1Cht\n', '']","['C\n7853\n', 'RRD\nCR\nC\nC29458\n\nD819767\n\n1C\n', '']","['WPC\n7853\n', 'C\nC\nC29458\n\n819767\n\n1C\n', '']",modelv1.0__2026-05-17 21:21:18
D:/moth_photos/database\batch_13\img_moth_00024133.jpg,"[4000, 6000]",37.059999999999995,"['WPC\n7854\n', 'KBDominick\nCharlesREdwards\nMcClellanville\nSouffiiCarolina29458\n17Age1971\n\nLighr\n', '', 'SEP\n\nYtonfs\n']","['C\n7854\n', 'R6D\nCR\nC\nC29458\n1741971\n', '', '']","['WPC\n7854\n', '6\nC\nC\nC29458\n1741971\n', '', 'P\n']",modelv1.0__2026-05-17 21:21:18
D:/moth_photos/database\batch_13\img_moth_00024134.jpg,"[4000, 6000]",37.1,"['WPC\n7855\n', 'KbDominick\nCharlesREdwards\nMcClellanville\nSouthCarolina\n\nBApHNA 14974\n\nLia\n', '']","['C\n7855\n', '6D\nCR\nC\n5C\n\nRC 14974\n', '']","['WPC\n7855\n', '6\nC\nC\n5C\n\nC 14974\n', '']",modelv1.0__2026-05-17 21:21:18
D:/moth_photos/database\batch_13\img_moth_00024135.jpg,"[4000, 6000]",37.24,"['WPC\n7856\n', 'mDOVYominicK\nCharlesREdwards\nMcClellanville\nsouthCaroliga29458\n\n5ApRr Y\nOP J 17\n', '', '']","['RC\n7856\n', 'DC\nCR\nC\n0C29458\n\n5R\n17\n', '', '']","['WPC\n7856\n', 'C\nC\nC\n0C29458\n\n5\nP 17\n', '', '']",modelv1.0__2026-05-17 21:21:18
D:/moth_photos/database\batch_13\img_moth_00024136.jpg,"[4000, 6000]",36.92,"['RBDominick\nCharlesREdwards LP\nMcClellanville\nSoutgCarolina29458\n\nZJune9L8\nYatht\n', 'WPC\n7857\n', '']","['RRD\nCR\nC\nC29458\n\n298\n', 'C\n7857\n', '']","['C P\nC\nC29458\n\n298\n', 'WPC\n7857\n', '']",modelv1.0__2026-05-17 21:21:18
D:/moth_photos/database\batch_13\img_moth_00024137.jpg,"[4000, 6000]",36.55769230769231,"['WPC\n7858\n', 'RBDominick\nCharlesREdwards\nMcClellanville\nSouthGarolina29458\n\nG9Maty1GoF\nLiGhy\n']","['C\n7858\n', 'RD\nCR\nC\nC29458\n\n91\nC1\n']","['WPC\n7858\n', 'C\nC\nC29458\n\n91\nC1W\n']",modelv1.0__2026-05-17 21:21:18
D:/moth_photos/database\batch_13\img_moth_00024138.jpg,"[4000, 6000]",36.6078431372549,"['WPC\n7859\n', 'Se\nRBDominick\n\nCharlesREdwards\nMcClellanville\nSouthCarolina 29458\n\ns StgtJGE7\nAssht\n', '']","['C\n7859\n', 'RRD\n\nCR\nC\nC 29458\n\n97\n', '']","['WPC\n7859\n', 'C\nC\nC 29458\n\n97\n', '']",modelv1.0__2026-05-17 21:21:18
D:/moth_photos/database\batch_13\img_moth_00024139.jpg,"[4000, 6000]",36.94117647058823,"['WPC\n7860\n', 'a\n\nMcClellanville\n\nSouthC\nRB\n\narolina or7\n\nOminick\n', '']","['C\n7860\n', 'C\n\nC\nR\n\n7\n', '']","['WPC\n7860\n', 'C\n\nC\n\n7\n', '']",modelv1.0__2026-05-17 21:21:18
D:/moth_photos/database\batch_13\img_moth_00024140.jpg,"[4000, 6000]",37.080000000000005,"['WPC\n7861\n', 'RBDominick\n\nLichk\n\nMcClellanville 5 q\nSouthCarolina\n', '']","['C\n7861\n', 'RRD\n\nC 5\nC\n', '']","['WPC\n7861\n', 'C 5\nC\n', '']",modelv1.0__2026-05-17 21:21:18
D:/moth_photos/database\batch_13\img_moth_00024141.jpg,"[4000, 6000]",36.509803921568626,"['WPC\n7862\n', 'RRDominick\nCharlesREdwards\nMcClellanville\n\nSouthCarolina29458\n\n16QSene19GF\nLIQGhkt\n', '']","['C\n7862\n', 'RRD\nCR\nC\n\nC29458\n\n1619\nC\n', '']","['WPC\n7862\n', 'C\nC\nC29458\n\n1619\nC\n', '']",modelv1.0__2026-05-17 21:21:18
D:/moth_photos/database\batch_13\img_moth_00024142.jpg,"[4000, 6000]",37.22,"['WPC\n7863\n', 'WedgePlantation\n7miNEMClellanville\ncypesesige CoSTAR\n\nf 1969 by\n\nlegRiehardBDominick\n', '']","['C\n7863\n', '7C\nCCR\n\n1969\n\nRD\n', '']","['WPC\n7863\n', 'WP\n7C\nCC\n\n1969\n\nP\n', '']",modelv1.0__2026-05-17 21:21:18
D:/moth_photos/database\batch_13\img_moth_00024143.jpg,"[4000, 6000]",37.160000000000004,"['WPC\n7864\n', 'SOUTHCAROLINA\nWedgePlantation\nMcClellatville\nAugust 10 1968\nDC Fergdson\n', '']","['C\n7864\n', 'CR\nC\n10 1968\nDC\n', '']","['WPC\n7864\n', 'C\nWP\nC\n10 1968\nC P\n', '']",modelv1.0__2026-05-17 21:21:18
D:/moth_photos/database\batch_13\img_moth_00024144.jpg,"[4000, 6000]",37.04,"['WPC\n7865\n', 'KRBVominick\n\nCharlesREdwards\nMcClellanville g\n\nSpat Carolina29458\nMary\nLeteus a 59\n', 'Hapsoropha\nHormos\n\nDetDO Ferguson19\nPeabodyMuseumYaleUnive\n\nDB\nin\n', '']","['C\n7865\n', 'R6\n\nCR\nC\n\nC29458\n59\n', 'DD0 19\n\nD\n', '']","['WPC\n7865\n', '6\n\nC\nC\n\nC29458\n59\n', '0 P19\nP\n\n', '']",modelv1.0__2026-05-17 21:21:18
D:/moth_photos/database\batch_13\img_moth_00024145.jpg,"[4000, 6000]",37.080000000000005,"['WPC\n7866\n', 'RBDominick\nCharlesREdwardis\nSouthCarolina29458\n\n15Seph967\nLefhh\n', '']","['C\n7866\n', 'RD\nCR\n0C29458\n\n15C967\n', '']","['WPC\n7866\n', 'C\n0C29458\n\n15C967\n', '']",modelv1.0__2026-05-17 21:21:18
D:/moth_photos/database\batch_13\img_moth_00024146.jpg,"[4000, 6000]",37.2,"['WPC\n7867\n', 'RBDominick\nCharlesREdwards\nMcCJellanville\nSouthCarolina29458\n\n10BaerFFe9\n\nLitha\n', '']","['C\n7867\n', 'RRD\nCR\nC\nC29458\n\n10769\n', '']","['WPC\n7867\n', 'C\nC\nC29458\n\n10769\n', '']",modelv1.0__2026-05-17 21:21:18
D:/moth_photos/database\batch_13\img_moth_00024147.jpg,"[4000, 6000]",37.04,"['WPC\n7868\n', 'KBVominick\n\nCharlesREdwards\n\nMcClellanville 5\n\nSouthCarolina29458\nI7AprFb3\n\nLch\n', '']","['C\n7868\n', 'RD\n\nCR\n\nC 5\n\nC29458\n7563\n\nC\n', '']","['WPC\n7868\n', 'C\n\nC 5\n\nC29458\n7563\n\nC\n', '']",modelv1.0__2026-05-17 21:21:18
D:/moth_photos/database\batch_13\img_moth_00024148.jpg,"[4000, 6000]",36.705882352941174,"['WPC\n7869\n', 'KFDominick\nCharlesREdwards\nMcClellanville\nSouthCarolina29458\n\n17APR196F\nLigne\n', '']","['C\n7869\n', 'RD\nCR\nC\nC29458\n\n17R196\n', '']","['WPC\n7869\n', 'C\nC\nC29458\n\n17P196\n', '']",modelv1.0__2026-05-17 21:21:18
D:/moth_photos/database\batch_13\img_moth_00024149.jpg,"[4000, 6000]",37.160000000000004,"['WPC\n7870\n', 'KBDominick\n\nCharlesR Edwards\nMcClellanville\n\nSoufhCarolina294586\nFOA7AX968\nLvebei\n', '']","['C\n7870\n', 'R5D\n\nCR\nC\n\nC294586\n077R968\n', '']","['WPC\n7870\n', '5\n\nC P\nC\n\nC294586\n077968\n', '']",modelv1.0__2026-05-17 21:21:18
D:/moth_photos/database\batch_13\img_moth_00024150.jpg,"[4000, 6000]",37.19607843137255,"['WPC\n7871\n', 'RBDominick\nChariesREdwards\nMcClellanville\nSouthCarolind29458 e\n\nVLKHS\n', '']","['C\n7871\n', 'RD\nCR\nC\nC29458\n\n8\n', '']","['WPC\n7871\n', 'C\nC\nC29458\n\n8\n', '']",modelv1.0__2026-05-17 21:21:18
D:/moth_photos/database\batch_13\img_moth_00024151.jpg,"[4000, 6000]",37.080000000000005,"['WPC\n7872\n', 'RBDominick\nCharlesR EdwartsQ\nMcClellanville\nSouthCaroliha29458\n\n14Ayr196F\n7 7TRayp\n', '']","['C\n7872\n', 'RD\nCR 2\nC\nC29458\n\n14R1963\n7 7R\n', '']","['WPC\n7872\n', 'C 2\nC\nC29458\n\n141963\n7 7\n', '']",modelv1.0__2026-05-17 21:21:18
D:/moth_photos/database\batch_13\img_moth_00024152.jpg,"[4000, 6000]",36.76470588235294,"['WPC\n7873\n', 'RBDominick\nCharlesREdwards\nMcGlellanville\nSouthCarolina29458\n\nasApe1709\n\nJpl3Bra\n', '']","['C\n7873\n', 'RD\nCR\nC29458\n\n281709\n\n3\n', '']","['WPC\n7873\n', 'C\nC29458\n\n281709\n\n3\n', '']",modelv1.0__2026-05-17 21:21:18
D:/moth_photos/database\batch_13\img_moth_00024153.jpg,"[4000, 6000]",36.509803921568626,"['WPC\n7874\n', 'RBDominick\n\nCharlesR EdwarisG\nMcClellanville\n\nSoutheCarolina29458\n\nDYUMary1943\naiucpeg\n', '']","['C\n7874\n', 'RD\n\nCR\nC\n\nC29458\n\nD1943\n', '']","['WPC\n7874\n', 'C\nC\n\nC29458\n\n1943\n', '']",modelv1.0__2026-05-17 21:21:18
D:/moth_photos/database\batch_13\img_moth_00024154.jpg,"[4000, 6000]",37.13725490196079,"['WPC\n7875\n', 'MeClellanville\nSouthCarolina\nRBDominick\n\nAprItee\nAres\n', '']","['C\n7875\n', 'C\nC\nRD\n', '']","['WPC\n7875\n', 'C\nC\n\nW\n', '']",modelv1.0__2026-05-17 21:21:18
D:/moth_photos/database\batch_13\img_moth_00024155.jpg,"[4000, 6000]",36.86274509803921,"['WPC\n7876\n', 'RBDominick\n\nCharlesREdwards\nMcC4ellanville 3\nSouthCarolina29458\n\nSGSIYIR19LG\n\nLieu\n', '']","['C\n7876\n', 'RRD\n\nCR\nC4 3\nC29458\n\nR19\n', '']","['WPC\n7876\n', 'C\nC4 3\nC29458\n\nP19\n', '']",modelv1.0__2026-05-17 21:21:18
D:/moth_photos/database\batch_13\img_moth_00024156.jpg,"[4000, 6000]",36.98,"['WPC\n7877\n', 'RBDominick\nCharlesREdwaris\nMcClelljanville\nSouthCarolina29458\nAOAPH196F\nLgHnhy\n', '']","['C\n7877\n', 'RRD\nCR\nC\nC29458\nC196\n', '']","['WPC\n7877\n', 'C\nC\nC29458\nCP196\n', '']",modelv1.0__2026-05-17 21:21:18
D:/moth_photos/database\batch_13\img_moth_00024157.jpg,"[4000, 6000]",37.2,"['RBDominick\nChariesREdwards\nMcClellanville\nSouth Cfarolina29458\n\n1GAge9bh\nL1Ght\n', 'WPC\n7878\n', '']","['RRD\nCR\nC\nC29458\n\n196\n16\n', 'C\n7878\n', '']","['C\nC\nC29458\n\n196\n16\n', 'WPC\n7878\n', '']",modelv1.0__2026-05-17 21:21:18
D:/moth_photos/database\batch_13\img_moth_00024158.jpg,"[4000, 6000]",36.68627450980392,"['WPC\n7879\n', 'RBDominick\nCharlesREdwards\nMcClellanville\nSouthCarolina29458\n\nS17a4196F\nLshy\n', '']","['RC\n7879\n', 'RD\nCR\nC\nC29458\n\n174196\n', '']","['WPC\n7879\n', 'C\nC\nC29458\n\n174196\n', '']",modelv1.0__2026-05-17 21:21:18
D:/moth_photos/database\batch_13\img_moth_00024159.jpg,"[4000, 6000]",36.98039215686274,"['WPC\n7880\n', 'RRDominick\nCharlesREdwards 2\nMcClellanville\nSoutlsCarolina29458\n\nTATAXYD 196\n\nAOn0\n', '']","['C\n7880\n', 'RRD\nCR 2\nC\nC29458\n\nD 196\n\n0\n', '']","['WPC\n7880\n', 'C 2\nC\nC29458\n\nPP 196\n\n0\n', '']",modelv1.0__2026-05-17 21:21:18
D:/moth_photos/database\batch_13\img_moth_00024160.jpg,"[4000, 6000]",37.04,"['WPC\n7881\n', 'KRBDominick\nSharlesREdwards\nMcClellanville\nir Carolina29458\n\nte NA41968\n\nLrsnd\n', '']","['C\n7881\n', 'RD\nCR\nC\nC29458\n\n41968\n', '']","['WPC\n7881\n', 'C\nC\nC29458\n\n41968\n', '']",modelv1.0__2026-05-17 21:21:18
D:/moth_photos/database\batch_13\img_moth_00024161.jpg,"[4000, 6000]",37.1,"['WPC\n7882\n', 'RBDominick\nCharlesREdwards\nMcClellanville J\nSouthCarolina29458\n\n3knGy1TtF\nLSh f\n', '']","['C\n7882\n', 'RRD\nCR\nC\nC29458\n\n3R17\nC\n', '']","['WPC\n7882\n', 'C\nC\nC29458\n\n317\nC\n', '']",modelv1.0__2026-05-17 21:21:18
D:/moth_photos/database\batch_13\img_moth_00024162.jpg,"[4000, 6000]",37.080000000000005,"['WPC\n7883\n\n', 'NedgePlantation\nSouthSanteeRiver\nCharlestofiCoSC\nmarchZf1967\nYouglasCFerguson\n', '']","['C\n7883\n\n', '50R\nCCC\n1967\n\nC\n', '']","['WPC\n7883\n\n', 'P\n50\nCCC\n1967\nC\n', '']",modelv1.0__2026-05-17 21:21:18
D:/moth_photos/database\batch_13\img_moth_00024163.jpg,"[4000, 6000]",36.705882352941174,"['WPC\n7884\n', 'RBDominick\n\nCharlesREdwards\nMcClellanville\n\nSoyithCarolina29458\n\nTemas F68\n', '']","['RC\n7884\n', 'RD\n\nCR\nC\n\nC29458\n\n968\n', '']","['WPC\n7884\n', 'C\nC\n\nC29458\n\n968\n', '']",modelv1.0__2026-05-17 21:21:18
D:/moth_photos/database\batch_13\img_moth_00024164.jpg,"[4000, 6000]",36.745098039215684,"['WPC\n7885\n', 'RBDominick\nCharlesREdwards\nMcClellanville\nSouthCarolina 29458\n\nA3Maty Wg\n\ngre3\n', '']","['C\n7885\n', 'RRD\nCR\nC\nC 29458\n\n3\n\n3\n', '']","['WPC\n7885\n', 'C\nC\nC 29458\n\n3 W\n\n3\n', '']",modelv1.0__2026-05-17 21:21:18
D:/moth_photos/database\batch_13\img_moth_00024165.jpg,"[4000, 6000]",37.18000000000001,"['WPC\n7886\n', 'RBDominick\nCharlesREdwards\nMcClellanville a\nSouthCarolina29458\n\nFAG LIL\n', '']","['C\n7886\n', 'RD\nCR\nC\nC29458\n\n17 9\n', '']","['WPC\n7886\n', 'C\nC\nC29458\n\n17 9\n', '']",modelv1.0__2026-05-17 21:21:18
D:/moth_photos/database\batch_13\img_moth_00024166.jpg,"[4000, 6000]",37.080000000000005,"['WPC\n7887\n', 'SOUTHCAROLINA\nWedgePlantation\nMcClellafville\nAugust J4 1968\n\nYCfRPoerannenn\n', '']","['C\n7887\n', 'CR\nC\n4 1968\n\nDCR\n', '']","['WPC\n7887\n', 'C\nWP\nC\n4 1968\n\nCP\n', '']",modelv1.0__2026-05-17 21:21:18
D:/moth_photos/database\batch_13\img_moth_00024167.jpg,"[4000, 6000]",36.98,"['WPC\n7888\n', 'he\n', 'RRDominick\n\nCharlesREdwards\nMcClellanville\nSouthdrolina29455\n\n307 723\nLisghtG\n\n', '']","['RC\n7888\n', '', 'RRD\n\nCR\nC\n29455\n\n307 723\nC\n\n', '']","['WPC\n7888\n', '', 'C\nC\n29455\n\n307 723\nC\n\n', '']",modelv1.0__2026-05-17 21:21:18
D:/moth_photos/database\batch_13\img_moth_00024168.jpg,"[4000, 6000]",36.98,"['WPC\n7889\n', 'RBDominick\nCharlesREdwaris\nMcClellanville\nsouthCarolina29458\n\nBJuncFt\nAZicbad\n', '']","['C\n7889\n', 'RD\nCR\nC\nC29458\n\n37\n3\n', '']","['WPC\n7889\n', 'C\nC\nC29458\n\n37\n3\n', '']",modelv1.0__2026-05-17 21:21:18
D:/moth_photos/database\batch_13\img_moth_00024169.jpg,"[4000, 6000]",36.88,"['WPC\n7890\n', 'sRBDominick\nChariesREdwards\nMcClellanville ce\nSoutfCarolina29458\n\nM4PR1965\n', '']","['RC\n7890\n', 'RD\nCR\nC\nC29458\n\n4R1965\n', '']","['WPC\n7890\n', 'C\nC\nC29458\n\n4PP1965\n', '']",modelv1.0__2026-05-17 21:21:18
D:/moth_photos/database\batch_13\img_moth_00024170.jpg,"[4000, 6000]",37.2,"['WPC\n7891\n', 'McClellanville\nSouthCarolina\nCharlesREdwards\n\nAlTuly1962\nLiGht\n\n', '']","['C\n7891\n', 'C\nC\nCR\n\n1962\n\n', '']","['WPC\n7891\n', 'C\nC\nC\n\n1962\n\n', '']",modelv1.0__2026-05-17 21:21:18
D:/moth_photos/database\batch_13\img_moth_00024171.jpg,"[4000, 6000]",37.120000000000005,"['WPC\n7892\n', 'xBDominick\nChariesREdwards\nMcCleljanville\nSouthCarolinae\n\n2July1T7\nL667\n', '']","['C\n7892\n', 'D\nCR\nC\n0C\n\n2197\n6672\n', '']","['WPC\n7892\n', 'C\nC\n0C\n\n2197\n6672\n', '']",modelv1.0__2026-05-17 21:21:18
D:/moth_photos/database\batch_13\img_moth_00024172.jpg,"[4000, 6000]",37.04,"['RBDominick\nCharlesREdwards\nMcClellagville a\nSouthCarolina29458\n\nvi Mars 962\n1sSh\n', 'WPC\n7893\n', 'h\nMees\n', '1tesgtte 1SSGct1SttSSStttt Nor SeltlSSISUSIESilltegl\n\nRICHARDBDOMINICK\nMOTHBUTTERFLYCOLLECTION\nUNIVERSITYOFSOUTHCAROLINA\n']","['RD\nCR\nC\nC29458\n\n14 962\n18\n', 'C\n7893\n', '', '1 11 C\n\nRCRD8DC\nRCC\nRCR\n']","['C\nC\nC29458\n\n14 962\n18\n', 'WPC\n7893\n', 'W\n', '1 11 C\n\nC8C\nCC\nC\n']",modelv1.0__2026-05-17 21:21:18
D:/moth_photos/database\batch_13\img_moth_00024173.jpg,"[4000, 6000]",37.14,"['WPC\n7894\n', 'SOUTHCAROLINA\nWedge Plantation\nMcClellanville\nAugustJO1968\nDCFerguson\n', 'Lepapresipa\n\nrssspol\n', 'VISSUISISSSttSlISeSt Pay SetltSSUSSllIESee\n\nRICHARDBDOMINICK\nMOTHBUTTERFLYCOLLECTION\nUNIVERSITYOFSOUTHCAROLINA\n']","['C\n7894\n', 'CRC\nC\n1968\nDC\n', '', 'RCRDDC\nRCC\nRCR\n']","['WPC\n7894\n', 'CC\nW P\nC\n1968\nC\n', '', 'P\n\nCC\nCC\nC\n']",modelv1.0__2026-05-17 21:21:18
D:/moth_photos/database\batch_13\img_moth_00024174.jpg,"[4000, 6000]",37.18000000000001,"['WPC\n7895\n', 'RBDominick\nCharlesREdwards\nMcClehblanville\nge Carolina29458\n\nEMT\n\n', 'Plusicdords\n\nrae\n', 'o27447WYNIVVGeV\n\nRICHARDB DOMINICK\nMOTHBUTTERFLYCOLLECTION\nUNIVERSITYOFSOUTHCAROLINA\n']","['RC\n7895\n', 'RRD\nCR\nC\nC29458\n\nCC\n\n', '', '27447\n\nRCRD8 DC\nRCC\nR0CR\n']","['WPC\n7895\n', 'C\nC\nC29458\n\nCC\n\n', 'P\n', '27447W\n\nC8 PC\nCC\n0C\n']",modelv1.0__2026-05-17 21:21:18
D:/moth_photos/database\batch_13\img_moth_00024175.jpg,"[4000, 6000]",36.88235294117647,"['WPC\n7896\n', 'RBDominick\n\nCharlesREdwards\nMcClellanville fs\nSoutheCarolina29458\n\n3VUhoJKEG\nCishh\n', 'Plasiodenta\nvi mpienpalp\n', '']","['C\n7896\n', 'RRD\n\nCR\nC\nC29458\n\n3R\nC\n', '', '']","['WPC\n7896\n', 'C\nC\nC29458\n\n3\nC\n', 'P\n', '']",modelv1.0__2026-05-17 21:21:18
D:/moth_photos/database\batch_13\img_moth_00024176.jpg,"[4000, 6000]",36.745098039215684,"['WPC\n7897\n', 'RBDominick\nMcClellanville\nSouthCarolina\n', '']","['C\n7897\n', 'RRD\nC\nC\n', '']","['WPC\n7897\n', 'C\nC\n', '']",modelv1.0__2026-05-17 21:21:18
D:/moth_photos/database\batch_13\img_moth_00024177.jpg,"[4000, 6000]",36.8235294117647,"['WPC\n7898\n', 'KRDVOMINIcK\nMcClelianville\nSouthfarolina\n\n23Apr97\nreer\n', '']","['C\n7898\n', 'RDC\nC\n\n2397\n', '']","['WPC\n7898\n', 'C\nC\n\n2397\nPP\n', '']",modelv1.0__2026-05-17 21:21:18
D:/moth_photos/database\batch_13\img_moth_00024178.jpg,"[4000, 6000]",37.14,"['WPC\n7899\n', 'RBDominick\nMcCle lignville\nSouthCarolina\n\n5MayIVOA\n', '', '']","['C\n7899\n', 'RRD\nC\nC\n\n5\n', '', '']","['WPC\n7899\n', 'C\nC\n\n5\n', '', '']",modelv1.0__2026-05-17 21:21:18
D:/moth_photos/database\batch_13\img_moth_00024179.jpg,"[4000, 6000]",37.120000000000005,"['WPC\n7900\n', 'kKBDominick\nChariesREdwards\nMcCleljanville\nSouthCarolina\n\nPipe 422\n', '']","['C\n7900\n', 'RD\nCR\nC\n0C\n\nC 422\n', '']","['WPC\n7900\n', 'C\nC\n0C\n\nP 422\n', '']",modelv1.0__2026-05-17 21:21:18
D:/moth_photos/database\batch_13\img_moth_00024180.jpg,"[4000, 6000]",37.22,"['WPC\n7901\n', 'KbDominick\nChariesREdwards\nMcClejanville\nSouthCarolina\n\n2 4u 7197\nmiahkg\n', '']","['RC\n7901\n', 'RD\nCR\nC\nC\n\n2 4 7197\n', '']","['WPC\n7901\n', 'C\nC\nC\n\n2 4 7197\n', '']",modelv1.0__2026-05-17 21:21:18
D:/moth_photos/database\batch_13\img_moth_00024181.jpg,"[4000, 6000]",36.529411764705884,"['WPC\n7902\n', 'RBDominick\nCharlesREdward\nMcClellanville\nSouthCarolinae\n\nTApe 1494\nfahbky\n', '']","['C\n7902\n', 'RD\nCR\nC\n50C\n\n1494\n', '']","['WPC\n7902\n', 'C\nC\n50C\n\n1494\n', '']",modelv1.0__2026-05-17 21:21:18
D:/moth_photos/database\batch_13\img_moth_00024182.jpg,"[4000, 6000]",36.529411764705884,"['WPC\n7903\n', 'be\nRBDominick\nCharlesR EdwandsJ\nMcClellanville\nSouthCarolina29458\n22 Kings9CP\nbistH\n', '']","['C\n7903\n', 'RRD\nCR 2\nC\nC29458\n22 9C\nC\n', '']","['WPC\n7903\n', 'C W2\nC\nC29458\n22 9CP\nC\n', '']",modelv1.0__2026-05-17 21:21:18
D:/moth_photos/database\batch_13\img_moth_00024183.jpg,"[4000, 6000]",37.18000000000001,"['WPC\n7904\n', 'RBDominick\nChariesREdwards\nMcGlellanville 3\nSouthCarolina29458\n\n7 jig S929\n', '']","['C\n7904\n', 'RD\nCR\nC 3\nC29458\n\n7 929\n', '']","['WPC\n7904\n', 'C\nC 3\nC29458\n\n7 929\n', '']",modelv1.0__2026-05-17 21:21:18
D:/moth_photos/database\batch_13\img_moth_00024184.jpg,"[4000, 6000]",36.88,"['WPC\n7905\n', 'SOUTHCAROLINA\nWedgePlgntation\nMcClellanville\nAugust 18 1968\n\nDCPeraquaenn\n', '']","['C\n7905\n', 'CR\nC\n18 1968\n\nDCR\n', '']","['WPC\n7905\n', 'C\nWP\nC\n18 1968\n\nCP\n', '']",modelv1.0__2026-05-17 21:21:18
D:/moth_photos/database\batch_13\img_moth_00024185.jpg,"[4000, 6000]",37.080000000000005,"['WPC\n7906\n', 'RBDominick\n\nCharlesREdwards\n\nMcClellanville\n\nSowthCarolina29458\n4Sept1G6Y\niya\n', '']","['C\n7906\n', 'RRD\nCR\nC\nC29458\n4166\n', '']","['WPC\n7906\n', 'C\n\nC\n\nC29458\n4166\n', '']",modelv1.0__2026-05-17 21:21:18
D:/moth_photos/database\batch_13\img_moth_00024186.jpg,"[4000, 6000]",37.120000000000005,"['WPC\n7907\n', 'VedgePlantation\nsouthSanteeRiver\ntharlestonCoSC\nalyRfy1967\n\narTemaactDawWwhkou\n', '']","['C\n7907\n', 'R\nC5C\nR1967\n\nD\n', '']","['WPC\n7907\n', 'P\nC5C\n1967\n\nPW\n', '']",modelv1.0__2026-05-17 21:21:18
D:/moth_photos/database\batch_13\img_moth_00024187.jpg,"[4000, 6000]",37.120000000000005,"['WPC\n7908\n', 'RBDominick\n\nCharlesR EdwarisSP\n\nMcClellanville e\n1triug1968\nLich\n', '']","['C\n7908\n', 'RRD\n\nCR\n\nC\n11968\n', '']","['WPC\n7908\n', 'C P\nC\n11968\n', '']",modelv1.0__2026-05-17 21:21:18
D:/moth_photos/database\batch_13\img_moth_00024188.jpg,"[4000, 6000]",36.88,"['WPC\n7909\n', 'RDMONIMICH\nCharlesREdwards\nMcClellanville\nSouth Srrne 2945\nHusJ9LY\n\nZe che\n', '']","['C\n7909\n', 'RDC\nCR\nC\n2945\n59\n', '']","['WPC\n7909\n', 'C\nC\nC\n2945\n59\n', '']",modelv1.0__2026-05-17 21:21:18
D:/moth_photos/database\batch_13\img_moth_00024189.jpg,"[4000, 6000]",37.059999999999995,"['WPC\n7910\n', 'NeagePlantation\nsouthSanteeRiver\nTharlestohCoSc\nJuly2 ty 1967\n\nlegJTamecWDPavrteacc\n']","['C\n7910\n', 'R\nC\n2 1967\n\nD\n']","['WPC\n7910\n', 'WP\nC\n2 1967\n\nWP\n']",modelv1.0__2026-05-17 21:21:18
D:/moth_photos/database\batch_13\img_moth_00024190.jpg,"[4000, 6000]",36.9607843137255,"['WPC\n7911\n', 'RBDominick\nSharlesREdwards\nicClellanville\nsouthCarolina29458\n\n2MPRIGES\nACh\n']","['C\n7911\n', 'RRD\nR\nC\n0C29458\n\n2R\nRC\n']","['WPC\n7911\n', 'C\n0C29458\n\n2P\nCC\n']",modelv1.0__2026-05-17 21:21:18
D:/moth_photos/database\batch_13\img_moth_00024191.jpg,"[4000, 6000]",36.745098039215684,"['WPC\n7912\n', 'RBDominick\n\nCharlesREdwards4\nMcClellanville Fas\nSouthCarolina29458\n\nZYSe7hJTLG\nLASGAF\n', 'Apemis flare\n7m ori D\n']","['C\n7912\n', 'RRD\nCR4\nC\nC29458\n\n27\n', '7 D\n']","['WPC\n7912\n', 'C4\nC\nC29458\n\n27\n', '7\n']",modelv1.0__2026-05-17 21:21:18
D:/moth_photos/database\batch_13\img_moth_00024192.jpg,"[4000, 6000]",37.01960784313725,"['WPC\n7913\n', 'RBDominick\nCharlesREdwards\nMcCleJlanville fof\nSouthCarolina 2945\n\nISSeppiJ9LF\nLIitwAt\n', 'no mus Jervx\non vo\nFimeriag\n', 'MOTH8BUTTERFLYCOLLECTION\nUNIVERSITYOFSOUTHCAROLINA\n']","['RC\n7913\n', 'RRD\nCR\nC\nC 2945\n\n4965\nC\n', '', '8RCC\nRCR\n']","['WPC\n7913\n', 'C\nC\nC 2945\n\n4965\nC\n', '', '8CC\nC\n']",modelv1.0__2026-05-17 21:21:18
D:/moth_photos/database\batch_13\img_moth_00024193.jpg,"[4000, 6000]",37.01960784313725,"['WPC\n7914\n', 'KBDominick\nCharlesREdwards\nMcClellanville e\nSouthCarolina\n\nBZPALv771\nLiths\n']","['C\n7914\n', '6D\nCR\nC\nC\n\n2771\nC\n']","['WPC\n7914\n', '6\nC\nC\nC\n\n2P771\nC\n']",modelv1.0__2026-05-17 21:21:18
D:/moth_photos/database\batch_13\img_moth_00024194.jpg,"[4000, 6000]",36.72549019607843,"['WPC\n7915\n', 'RBDominick\nCharlesREdwards\nMcCjJellanvillee\nSouthCarolina\n20Nov197\n\nLeshy\n']","['C\n7915\n', 'RD\nCR\nC\nC\n20197\n']","['WPC\n7915\n', 'C\n\nC\n\nC\n20197\n']",modelv1.0__2026-05-17 21:21:18
D:/moth_photos/database\batch_13\img_moth_00024195.jpg,"[4000, 6000]",36.98039215686274,"['WPC\n7916\n', 'RBDominick\nMcClellanville\nSout Garolina\n\nOcl1995\n']","['C\n7916\n', 'RRD\nC\nC\n\nC1995\n']","['WPC\n7916\n', 'C\nC\n\nC1995\n']",modelv1.0__2026-05-17 21:21:18
D:/moth_photos/database\batch_13\img_moth_00024196.jpg,"[4000, 6000]",36.84313725490196,"['WPC\n7917\n', '', 'RBDominick\nMcClellanville\nSouthCarolina\nloDec1975\nLrahtao\n']","['C\n7917\n', '', 'RD\nC\nC\nD01975\n']","['WPC\n7917\n', '', 'C\nC\n01975\n']",modelv1.0__2026-05-17 21:21:18
D:/moth_photos/database\batch_13\img_moth_00024197.jpg,"[4000, 6000]",37.07843137254902,"['WPC\n7918\n', 'NBDominick\n\nharlesREdwards\n\nficClellanville\nthCarolina\n\nge Oct147Z\nLraht\n']","['C\n7918\n', '6D\nR\nC\nC\nC1472\n']","['WPC\n7918\n', '6\n\nC\nC\n\nC1472\n']",modelv1.0__2026-05-17 21:21:18
D:/moth_photos/database\batch_13\img_moth_00024198.jpg,"[4000, 6000]",36.68627450980392,"['WPC\n7920\n', 'RBDominick\nSharlesREdwards\nficCigllanville\njouthCarolina29458\nRSSemI68\nL9A\n', '']","['C\n7920\n', 'RRD\nCR\nC\nC29458\nR68\n29\n', '']","['WPC\n7920\n', 'C\nC\nC29458\n68\n29\n', '']",modelv1.0__2026-05-17 21:21:18
D:/moth_photos/database\batch_13\img_moth_00024199.jpg,"[4000, 6000]",36.84313725490196,"['WPC\n7921\n', 'RBDominick\nCharlesR rate\nMcClellanville\nSoyth Carolina29458\n\nIFStpkILF\nL45rd\n']","['C\n7921\n', 'RRD\nCR\nC\nC29458\n\n45\n']","['WPC\n7921\n', 'C\nC\nC29458\n\nP\n45\n']",modelv1.0__2026-05-17 21:21:18
D:/moth_photos/database\batch_13\img_moth_00024200.jpg,"[4000, 6000]",37.07843137254902,"['WPC\n7922\n', 'RBDominick\nCharlesREdwardis\nMcClellanville\nSouthCarolina29458\n\n43Jeg\nLisa teJ949\n', '']","['C\n7922\n', 'RD\nCR\nC\nC29458\n\n433\n949\n', '']","['WPC\n7922\n', 'C\nC\nC29458\n\n433\n949\n', '']",modelv1.0__2026-05-17 21:21:18
D:/moth_photos/database\batch_13\img_moth_00024201.jpg,"[4000, 6000]",36.92156862745098,"['WPC\n7923\n', 'RBDominick\nCharlesREdwards\nMcClellanville\nSouthCarolina29458\nASSeywt19eF\nLytae\n']","['C\n7923\n', 'RRD\nCR\nC\nC29458\n219\n']","['WPC\n7923\n', 'C\n\nC\n\nC29458\n219\n']",modelv1.0__2026-05-17 21:21:18
D:/moth_photos/database\batch_13\img_moth_00024202.jpg,"[4000, 6000]",36.76470588235294,"['WPC\n7924\n', 'RRDominick\n\nChariesREdwards\n\nMcClellanville\nZSFeet9VCP\n\nLigh\n']","['C\n7924\n', 'RRD\n\nCR\n\nC\n29C7\n\nC\n']","['WPC\n7924\n', 'C\nC\n2P9CP\n\nC\n']",modelv1.0__2026-05-17 21:21:18
D:/moth_photos/database\batch_13\img_moth_00024203.jpg,"[4000, 6000]",37.01960784313725,"['WPC\n7925\n', 'CharlesR Edward\nMcClellanville\nSouth GFarolina 29458\n\n25se071HS\nL15AFt\n\nSlets\nRBDominick S\ns\n']","['C\n7925\n', 'CR\nC\n29458\n\n2550715\n154\n\nRRD\n']","['WPC\n7925\n', 'C\nC\n29458\n\n255071W5\n154\n']",modelv1.0__2026-05-17 21:21:18
D:/moth_photos/database\batch_13\img_moth_00024204.jpg,"[4000, 6000]",36.72549019607843,"['WPC\n7926\n', 'Charles REdwards\nMcClellanville o\nSouthCarolina2945\n\nZs Senr19L9\n\npr2k\n']","['C\n7926\n', 'C R\nC\nC2945\n\n2 199\n\n2\n']","['WPC\n7926\n', 'C\nC\nC2945\n\n2 199\n\n2\n']",modelv1.0__2026-05-17 21:21:18
D:/moth_photos/database\batch_13\img_moth_00024205.jpg,"[4000, 6000]",36.9607843137255,"['WPC\n7927\n', 'CharlesREdward\n\nMcClellanville\n\nSouthCarolina29458\n2iscPs19LY\n\nfsrehh\n\nRBDominick 2\ns\n']","['C\n7927\n', 'CR\n\nC\n\nC29458\n2319C9\n\nRRD 2\n']","['WPC\n7927\n', 'C\n\nC\n\nC29458\n2P319C9\n\n2\n']",modelv1.0__2026-05-17 21:21:18
D:/moth_photos/database\batch_13\img_moth_00024206.jpg,"[4000, 6000]",36.86274509803921,"['WPC\n7928\n', 'McClellanville\nSouthCarolina\nRBDominick\n\nSo0fJ1G\neee\n\n']","['C\n7928\n', 'C\nC\nRD\n\n01\n\n']","['WPC\n7928\n', 'C\nC\n\n01\n\n']",modelv1.0__2026-05-17 21:21:18
D:/moth_photos/database\batch_13\img_moth_00024207.jpg,"[4000, 6000]",37.11764705882353,"['WPC\n7929\n', 'McClellanville\nSouthCarolina\nRBDominick\n']","['C\n7929\n', 'C\nC\nRD\n']","['WPC\n7929\n', 'WC\nC\n']",modelv1.0__2026-05-17 21:21:18
D:/moth_photos/database\batch_13\img_moth_00024208.jpg,"[4000, 6000]",37.1764705882353,"['WPC\n7930\n', 'RBDominick\nCharlesREdwards\n6 McClellanville\nSouthCarolina29468\n\noSDct1947\n415ht\n']","['C\n7930\n', 'RRD\nCR\n6 C\nC29468\n\n5D1947\n415\n']","['WPC\n7930\n', 'C\n6 C\nC29468\n\n51947\n415\n']",modelv1.0__2026-05-17 21:21:18
D:/moth_photos/database\batch_13\img_moth_00024209.jpg,"[4000, 6000]",36.9607843137255,"['WPC\n7931\n', 'SouthCarolina\nRBDominick\n\n27 Sept 1967\nLught\n\nMcClellanville P\n', '']","['C\n7931\n', 'C\nRD\n\n27 1967\n\nC\n', '']","['WPC\n7931\n', 'C\n\n27 1967\n\nC P\n', '']",modelv1.0__2026-05-17 21:21:18
D:/moth_photos/database\batch_13\img_moth_00024210.jpg,"[4000, 6000]",36.94117647058823,"['WPC\n7932\n', 'RBDominick\n\nCharlesREdwards\nMcClellanville\nSouthCarolina29458\n\n13Oct1967\nLishk\n', '']","['C\n7932\n', 'RRD\n\nCR\nC\nC29458\n\n131967\n', '']","['WPC\n7932\n', 'C\nC\nC29458\n\n131967\n', '']",modelv1.0__2026-05-17 21:21:18
D:/moth_photos/database\batch_13\img_moth_00024211.jpg,"[4000, 6000]",36.76470588235294,"['WPC\n7933\n', 'SouthCarolina\nR Dominick\n\n2Nov 196\nLighf\n\nMc Clellanville f\n', '']","['C\n7933\n', 'C\nR D\n\n2 196\n\nC\n', '']","['WPC\n7933\n', 'C\n\n2 196\n\nC\n', '']",modelv1.0__2026-05-17 21:21:18
D:/moth_photos/database\batch_13\img_moth_00024212.jpg,"[4000, 6000]",37.0,"['WPC\n7934\n', 'RBDominick\nL CharlesREdwardse\n\nMcClellanville\n\nSouthCarolina29458\n\nC MoyIPt7\nhishy\n']","['C\n7934\n', 'RRD\nCR\n\nC\n\nC29458\n\nC 67\n']","['WPC\n7934\n', 'C\nC\nC29458\n\nC P67\n']",modelv1.0__2026-05-17 21:21:18
D:/moth_photos/database\batch_13\img_moth_00024213.jpg,"[4000, 6000]",36.8235294117647,"['WPC\n7935\n', 'RBDominick\nCharlesREdwards\nMcClellanville\nSouthCarolina 29458\n\nNov9ICT\nLetfiyh\n', '']","['C\n7935\n', 'RRD\nCR\nC\nC 29458\n\n9C7\n', '']","['WPC\n7935\n', 'C\nC\nC 29458\n\n9C7\n', '']",modelv1.0__2026-05-17 21:21:18
D:/moth_photos/database\batch_13\img_moth_00024214.jpg,"[4000, 6000]",36.72549019607843,"['WPC\n7919\n', 'NDVominick\nCharlesREdwards\nMcClellanville\nSouthCaroling\n\n2 Se ATI2\njeghFoop\n']","['C\n7919\n', 'D\nCR\nC\nC\n\n2 2\n']","['WPC\n7919\n', 'C\nC\nC\n\n2 2\n']",modelv1.0__2026-05-17 21:21:18
D:/moth_photos/database\batch_13\img_moth_00024215.jpg,"[4000, 6000]",37.0,"['RBDominick\nCharlesR EdwardsJ\n\nMcClellanville\n\nSoutharplina 29458\n\n20041968\nJjstiot\n', 'WPC\n7936\n', '']","['RRD\nCR\n\nC\n29458\n20041968\n\nC\n', 'C\n7936\n', '']","['C\n\nC\n29458\n20041968\n\nC\n', 'WPC\n7936\n', '']",modelv1.0__2026-05-17 21:21:18
D:/moth_photos/database\batch_13\img_moth_00024216.jpg,"[4000, 6000]",36.72549019607843,"['WPC\n8085\n', 'XDVOMIMCK\nChariesREdwards\nMcClellanville a\nSouthCaralina29458\n\n23AlL196T\n\nlion\n', 'Pdecoralis\n3650\n', 'DMBC00057\nRICHARDBDOMINICK\n\nMOTH8BUTTERFLYCOLLECTION\n\nUNIVERSITYOFSOUTHCAROLINA\n']","['C\n8085\n', 'DC\nCR\nC\nC29458\n\n231967\n', 'D\n3650\n', 'DC00057\nRCRD8DC\n\n8RCC\n\nRCR\n']","['WPC\n8085\n', 'WC\nC\nC\nC29458\n\n231967\n', 'P\n3650\n', 'PC00057\nC8WC\n\n8PCC\n\nC\n']",modelv1.0__2026-05-17 21:21:18
D:/moth_photos/database\batch_13\img_moth_00024217.jpg,"[4000, 6000]",36.90196078431373,"['WPC\n7937\n', 'RBDominick\nCharlesREdwards\nMcClellanville\nSoutleCarolina29458\n\nASOct118\nL1i774\n', '', '']","['C\n7937\n', 'RD\nCR\nC\nC29458\n\n118\n213774\n', '', '']","['WPC\n7937\n', 'C\nC\nC29458\n\n118\n213774\n', '', '']",modelv1.0__2026-05-17 21:21:18
D:/moth_photos/database\batch_13\img_moth_00024218.jpg,"[4000, 6000]",36.519230769230774,"['WPC\n8086\n', 'RBDominick\n\nSharlesREdwanis\nAcClellanville OO\nSoutHCarolina29458\n\nYPYRI669\nS40\n', 'hecopalis\n', '']","['C\n8086\n', 'RRD\n\nCR\nC\nC29458\n\n4R669\n40\n', '', '']","['WPC\n8086\n', 'C\nC\nC29458\n\n4P669\nP40\n', '', '']",modelv1.0__2026-05-17 21:21:18
D:/moth_photos/database\batch_13\img_moth_00024219.jpg,"[4000, 6000]",37.01960784313725,"['WPC\n7938\n', 'RBDominick\nCharlesREdwards\nMcClellanville\nSouthCarolina29458\n\n1EOct1963\n\nfJfjCLinbt\n', 'filavama\n19Ueeg\n']","['C\n7938\n', 'RD\nCR\nC\nC29458\n\n11963\n\nC\n', '19\n']","['WPC\n7938\n', 'C\nC\nC29458\n\n11963\n\nC\n', '19\n']",modelv1.0__2026-05-17 21:21:18
D:/moth_photos/database\batch_13\img_moth_00024220.jpg,"[4000, 6000]",37.19607843137255,"['WPC\n8087\n', 'SOUTHCAROLINA\nWedge Plantat ion\nMcClellanville\n\nMarch 27 1967\n\neA am\n', 'HLecorely\n3650\n', 'DMBC00054\nRICHARDBDOMINICK\nMOTH8BUTTERFLYCOLLECTION\n\nUNIVERSITYOFSOUTHCAROLINA\n']","['C\n8087\n', 'CR\nC\n\nC 27 1967\n\n2\n', '3650\n', 'DC00054\nRCRD8DC\n8RCC\n\nRCR\n']","['WPC\n8087\n', 'C\nW P\nC\n\nC 27 1967\n\n2\n', '3650\n', 'PC00054\nC8WC\n8CC\n\nC\n']",modelv1.0__2026-05-17 21:21:18
D:/moth_photos/database\batch_13\img_moth_00024221.jpg,"[4000, 6000]",37.05882352941176,"['WPC\n7939\n', 'RBDominick\nCharlesREdward\nMcClellanville\nSoutleCarolina29458\n\n16 SealHSF\nLigHy\n', '', 'SGLE\n']","['C\n7939\n', 'RRD\nCR\nC\nC29458\n\n16\n', '', '3\n']","['WPC\n7939\n', 'C\nC\nC29458\n\n16\n', '', '3\n']",modelv1.0__2026-05-17 21:21:18
D:/moth_photos/database\batch_13\img_moth_00024222.jpg,"[4000, 6000]",37.11764705882353,"['WPC\n8088\n', 'WedgePlantation\nSouthSanteeRiver\nCharlestonCoSC\nMarch221967\nDouglasCFerguson\n', 'Secorahs\n\n3650\n', 'DMBC00056\nRICHARDBDOMINICK\n\nMOTH8BUTTERFLY COLLECTION\nUNIVERSITYOFSOUTH CAROLINA\n\n']","['RC\n8088\n', 'R\nCC0C\n221967\nDC\n', '3650\n', 'DC00056\nRCRDDC\n\n8R CC\nR CR\n\n']","['WPC\n8088\n', 'WP\nCC0C\n221967\nC\n', '3650\n', 'C00056\nCPC\n\n8 CC\nC\n\n']",modelv1.0__2026-05-17 21:21:18
D:/moth_photos/database\batch_13\img_moth_00024223.jpg,"[4000, 6000]",37.15686274509804,"['WPC\n7940\n', 'RRDominick\nCharlesR Edwards\nMcClellanville\nSoutheCarolina29458\n\n19SeparKRP\nL1G44\n', '']","['RC\n7940\n', 'RRD\nCR\nC\nC29458\n\n19R\n2144\n', '']","['WPC\n7940\n', 'C WP\nC\nC29458\n\n19P\n2144\n', '']",modelv1.0__2026-05-17 21:21:18
D:/moth_photos/database\batch_13\img_moth_00024224.jpg,"[4000, 6000]",37.01960784313725,"['WPC\n8089\n', 'RBDominick\nMcClellanville\nChe Carolina\n\ninte hav\nindeyHe\n\nfowe\n', '', '']","['C\n8089\n', 'R6D\nC\nC C\n', '', '']","['WPC\n8089\n', '6\nC\nC C\n', '', '']",modelv1.0__2026-05-17 21:21:18
D:/moth_photos/database\batch_13\img_moth_00024225.jpg,"[4000, 6000]",37.01960784313725,"['WPC\n7941\n', 'NWICULOLiafnvillie\nSouthCarolina\nRBDominick\n\n7Ced1169\nPelOF Py\n', '', '']","['C\n7941\n', 'C\nC\nRRD\n\n7C1169\nC R\n', '', '']","['WPC\n7941\n', 'WCW\nC\n\n7C1169\nPC PP\n', '', '']",modelv1.0__2026-05-17 21:21:18
D:/moth_photos/database\batch_13\img_moth_00024226.jpg,"[4000, 6000]",36.84615384615385,"['WPC\n8090\n', 'KBDominick\nCharlesREdwards\nMcClellanvilje\nSouthCarolina\n\n26Jug1902\nBae\n', '', '']","['RC\n8090\n', 'R6D\nCR\nC\nC\n\n261902\nR\n', '', '']","['WPC\n8090\n', '6P\nC\nC\nC\n\n261902\n', '', '']",modelv1.0__2026-05-17 21:21:18
D:/moth_photos/database\batch_13\img_moth_00024227.jpg,"[4000, 6000]",37.1764705882353,"['WPC\n7942\n', 'RBDominick\n\nChariesREdwardsA\nMcClellanville o\n\nSouthCarolina29458\n\nAlLOcfJIEF\nAichl\n', '', '']","['C\n7942\n', 'RRD\n\nCR\nC\n\nC29458\n\n047\n', '', '']","['WPC\n7942\n', 'C\nC\n\nC29458\n\n047\n', '', '']",modelv1.0__2026-05-17 21:21:18
D:/moth_photos/database\batch_13\img_moth_00024228.jpg,"[4000, 6000]",37.21568627450981,"['WPC\n8091\n', 'RBDominick\nSharlesREdwards\nicGlellanville\nouthCarolina e\n22Ave1912\nLishtGF\n', '']","['C\n8091\n', 'RRD\nCR\n0C\n221912\n', '']","['WPC\n8091\n', 'C\n0C\n221912\n', '']",modelv1.0__2026-05-17 21:21:18
D:/moth_photos/database\batch_13\img_moth_00024229.jpg,"[4000, 6000]",37.0,"['WPC\n7943\n', 'RBDominick\nCharlesREdwards\nMcflellanville a\nSouth Caroyina 29458\n\n4 Oct\n', '', 'oe\n']","['C\n7943\n', 'RD\nCR\nC 29458\n\n4\n', '', '']","['WPC\n7943\n', 'C\nC 29458\n\n4\n', '', '']",modelv1.0__2026-05-17 21:21:18
D:/moth_photos/database\batch_13\img_moth_00024230.jpg,"[4000, 6000]",37.059999999999995,"['', 'SOUTHCAROLINA\nWedgePlantation\nMcClellanville\n\nO Vilss1967\n\nCsFerguson\n', '']","['', 'CR\nC\n\n1967\n\nC\n', '']","['', 'C\nWP\nC\n\nW1967\n\nCP\n', '']",modelv1.0__2026-05-17 21:21:18
D:/moth_photos/database\batch_13\img_moth_00024231.jpg,"[4000, 6000]",37.13725490196079,"['WPC\n7944\n', 'RBDominick\n\nCharlesREdwards\nMcClellanville\nSowthCarolina29458\n\n28Och1969\nLZitht\n', '']","['RC\n7944\n', 'RD\n\nCR\nC\nC29458\n\n2801969\nC\n', '']","['WPC\n7944\n', 'C\nC\nC29458\n\n2801969\nC\n', '']",modelv1.0__2026-05-17 21:21:18
D:/moth_photos/database\batch_13\img_moth_00024232.jpg,"[4000, 6000]",37.15686274509804,"['WPC\n8093\n', 'nBVominick\nCharlesREdwards\nMcClellanville\nSouthCarolina 29458\nZ3Meh1970\n\nsees\n', '']","['RC\n8093\n', 'CR\nC\nC 29458\n231970\n', '']","['WPC\n8093\n', 'C\nC\nC 29458\n231970\n', '']",modelv1.0__2026-05-17 21:21:18
D:/moth_photos/database\batch_13\img_moth_00024233.jpg,"[4000, 6000]",36.63461538461539,"['WPC\n7945\n', 'KRBDominick\nCharlesREdwards\nMcClellanville\nsouth Carolina\n\nbAerl1971\ntaht\n', '2cOljogstery\n\n3615\n', '']","['C\n7945\n', 'RRD\nCR\nC\nC\n\n1971\n', '2C\n\n3615\n', '']","['WPC\n7945\n', 'C\nC\nC\n\n1971\n', '2C\n\n3615\n', '']",modelv1.0__2026-05-17 21:21:18
D:/moth_photos/database\batch_13\img_moth_00024234.jpg,"[4000, 6000]",37.05882352941176,"['WPC\n8094\n', 'KBDominick\nSharlesREdwands\nfcClellanville\nsouthCarolinae\n\nSFicl1990\n', '']","['C\n8094\n', 'RD\nR\nC\n0C\n\n51990\n', '']","['WPC\n8094\n', 'C\n0C\n\n51990\n', '']",modelv1.0__2026-05-17 21:21:18
D:/moth_photos/database\batch_13\img_moth_00024235.jpg,"[4000, 6000]",36.76470588235294,"['WPC\n7946\n', 'NDUOminick\nMcClellanville\nSouthCarolina\n\n19Flug199\nLiahtore\n', '', '65\n']","['C\n7946\n', 'D\nC\nC\n\n19199\n', '', '65\n']","['WPC\n7946\n', 'C\nC\n\n19199\n', '', '65\n']",modelv1.0__2026-05-17 21:21:18
D:/moth_photos/database\batch_13\img_moth_00024236.jpg,"[4000, 6000]",36.92156862745098,"['WPC\n8095\n', 'RBDominick\nCharlesREdwards\nMcClellanville\nSouthCarolinae\n\n16Jre790\nAtker\n', '']","['C\n8095\n', 'RRD\nCR\nC\nC\n\n16790\n', '']","['WPC\n8095\n', 'C\nC\nC\n\n16790\n', '']",modelv1.0__2026-05-17 21:21:18
D:/moth_photos/database\batch_13\img_moth_00024237.jpg,"[4000, 6000]",36.72549019607843,"['WPC\n7947\n', 'RRDominick\nCharles Reso\nMcCdellanville\nSouthCarolima29458\n\n1YApe1968\n\nJjetd\n', '', '']","['C\n7947\n', 'RRD\nC R\nC\nC29458\n\n11968\n', '', '']","['WPC\n7947\n', 'C\nC\nC29458\n\n1P1968\n', '', '']",modelv1.0__2026-05-17 21:21:18
D:/moth_photos/database\batch_13\img_moth_00024238.jpg,"[4000, 6000]",36.98039215686274,"['WPC\n80906\n', 'mBVOominick\nSharlesREdwarns\nMcClellanville\nSouthCarolinae\n\nJed 120\n', '']","['C\n80906\n', 'D\nR\nC\n0C\n\n120\n', '']","['WPC\n80906\n', 'C\n0C\n\n120\n', '']",modelv1.0__2026-05-17 21:21:18
D:/moth_photos/database\batch_13\img_moth_00024239.jpg,"[4000, 6000]",36.549019607843135,"['WPC\n7948\n', 'KBDominick\nChariesREdwards\nMcClellanville ref\nSouthCfrolina29458\n\nSHYPR194F\nLitht\n', '', '']","['C\n7948\n', 'D\nCR\nC\n0C29458\n\nR1947\n', '', '']","['WPC\n7948\n', 'C\nC\n0C29458\n\nP1947\n', '', '']",modelv1.0__2026-05-17 21:21:18
D:/moth_photos/database\batch_13\img_moth_00024240.jpg,"[4000, 6000]",37.0,"['WPC\n8097\n', 'RBDominick\nCharlesREdwards\nMcClellanville\nSouthCarolina 29458\n\n16AOR1G68\nAight\n', '']","['C\n8097\n', 'RRD\nCR\nC\nC 29458\n\n16R1968\n4\n', '']","['WPC\n8097\n', 'C\nC\nC 29458\n\n161968\n4\n', '']",modelv1.0__2026-05-17 21:21:18
D:/moth_photos/database\batch_13\img_moth_00024241.jpg,"[4000, 6000]",36.98039215686274,"['WPC\n7949\n', 'mBDominick\nCharlesREdwards\nicClellanville\nSouth Carplina\n\nTMarVy\nhpabfkeorr\n', '']","['C\n7949\n', 'DD\nCR\nC\n0 C\n', '']","['WPC\n7949\n', 'C\nC\n0 C\n', '']",modelv1.0__2026-05-17 21:21:18
D:/moth_photos/database\batch_13\img_moth_00024242.jpg,"[4000, 6000]",37.09803921568628,"['WPC\n3098\n', 'RBDominick\nCharlesREdwards\nMcClellanville o\nSouthCarolina2945\n\n42JuuesHeZ\nLsthb\n', '']","['RC\n3098\n', 'RD\nCR\nC\nC2945\n\n42R\n4\n', '']","['WPC\n3098\n', 'C\nC\nC2945\n\n42\n4\n', '']",modelv1.0__2026-05-17 21:21:18
D:/moth_photos/database\batch_13\img_moth_00024243.jpg,"[4000, 6000]",36.666666666666664,"['WPC\n7950\n', 'RBDominick\nChariesREdwards\n\nMcClellanville A\nSoutharolina29458\n\nJ4AyA1F68\nLiebe\n', '']","['C\n7950\n', 'RD\nCR\n\nC\n29458\n\n4R168\n', '']","['WPC\n7950\n', 'C\n\nC\n29458\n\n4168\n', '']",modelv1.0__2026-05-17 21:21:18
D:/moth_photos/database\batch_13\img_moth_00024244.jpg,"[4000, 6000]",37.01960784313725,"['WPC\n8099\n', 'SOUTHCAROLINA\nWedge Plantation\nMcClellanville\nAugust y 1968\nDCFerguson\n', '']","['RC\n8099\n', 'CR\nC\n1968\nDC\n', '']","['WPC\n8099\n', 'C\nW P\nC\n1968\nC\n', '']",modelv1.0__2026-05-17 21:21:18
D:/moth_photos/database\batch_13\img_moth_00024245.jpg,"[4000, 6000]",36.588235294117645,"['WPC\n7951\n', 'RBDominick\nCharlesREdwards\nMcClellanville\nSouthCarolina29458\n\nA3Sune9b8\nLieghde\n', '']","['C\n7951\n', 'RRD\nCR\nC\n5C29458\n\n73598\n11\n', '']","['WPC\n7951\n', 'C\nC\n5C29458\n\n73598\n11\n', '']",modelv1.0__2026-05-17 21:21:18
D:/moth_photos/database\batch_13\img_moth_00024246.jpg,"[4000, 6000]",36.98039215686274,"['RBDominick\nCharles REdwardsSP\nMcClellanville\nSoutharolina29458\n\n2lJuneGLP\nL1Ssf3\n', 'WPC\n8100\n']","['RRD\nC R\nC\n29458\n\n26\n413\n', 'C\n8100\n']","['C P\nC\n29458\n\n26P\n413\n', 'WPC\n8100\n']",modelv1.0__2026-05-17 21:21:18
D:/moth_photos/database\batch_13\img_moth_00024247.jpg,"[4000, 6000]",36.84313725490196,"['WPC\n7952\n', 'RBDominick\nChariesREdwards\nMcClellanville\nSouthCarolina294587\n\n1Aipe1909\n', '']","['C\n7952\n', 'RRD\nCR\nC\nC294587\n\n11909\n', '']","['WPC\n7952\n', 'C\nC\nC294587\n\n11909\n', '']",modelv1.0__2026-05-17 21:21:18
D:/moth_photos/database\batch_13\img_moth_00024248.jpg,"[4000, 6000]",37.11764705882353,"['WPC\n8101\n', 'SOUTHCAROLINA\nWedge Plantation\nMcClellanville\nAugust d 1968\nDCPerguson\n', '']","['C\n8101\n', 'CRC\nC\n1968\nDC\n', '']","['WPC\n8101\n', 'CC\nW P\nC\n1968\nCP\n', '']",modelv1.0__2026-05-17 21:21:18
D:/moth_photos/database\batch_13\img_moth_00024249.jpg,"[4000, 6000]",36.64705882352941,"['WPC\n7953\n', 'RBDominick\n\nCharlesREdwards\nMcGlellanville cS\nSouth Carolina 29458\n\nI4ApRIGLE\n\nbsecurt\n', '']","['RC\n7953\n', 'RD\n\nCR\nC 29458\n\n4R\n\nD\n', '']","['WPC\n7953\n', 'C\nC 29458\n\n4\n', '']",modelv1.0__2026-05-17 21:21:18
D:/moth_photos/database\batch_13\img_moth_00024250.jpg,"[4000, 6000]",37.07843137254902,"['WPC\n8102\n', 'RBDominick\n\nChariesREdwards\nMcClellanville 3\nSough Carolina29458\n\nJefMas I9t9\n', 'JS09grye\n']","['C\n8102\n', 'RRD\n\nCR\nC 3\nC29458\n\n99\n', '09\n']","['WPC\n8102\n', 'C\nC 3\nC29458\n\nP 99\n', '09\n']",modelv1.0__2026-05-17 21:21:18
D:/moth_photos/database\batch_13\img_moth_00024251.jpg,"[4000, 6000]",37.01960784313725,"['WPC\n7954\n', 'RBDominick\n\n4 CharlesREdwards\nMcClellanville\nSouthCarolina29458\n\nQ7Sept19e7\nlosthre\n', '', '']","['C\n7954\n', 'RD\n\n4 CR\nC\nC29458\n\n27197\n', '', '']","['WPC\n7954\n', '4 C\nC\nC29458\n\n27197\n', '', '']",modelv1.0__2026-05-17 21:21:18
D:/moth_photos/database\batch_13\img_moth_00024252.jpg,"[4000, 6000]",36.94117647058823,"['WPC\n8103\n', 'McClellanville\nSouthCarolina\nRBDominick\n\n2OSepf1967\n72tef\n', 'atv i\n\nSi\n\nof\nKs\n', '']","['RC\n8103\n', 'C\nC\nRRD\n\n201967\n72\n', 'C\n', '']","['WPC\n8103\n', 'WC\nC\n\n201967\n72\n', 'C\n', '']",modelv1.0__2026-05-17 21:21:18
D:/moth_photos/database\batch_13\img_moth_00024253.jpg,"[4000, 6000]",36.72549019607843,"['WPC\n7955\n', '', 'NAreredqdyphic\nMCIUPHiea\n', 'ric W\n\niiSepr Aig\n\nMartins iy\n\nieClellanviile 4\nyouthCarolina\n\nw\nS4IFlaee\n']","['C\n7955\n', '', 'C\n', 'C 4\nC\n\n41\n']","['WPC\n7955\n', '', 'CP\n', 'P W\n\nC 4\nC\n\n41\n']",modelv1.0__2026-05-17 21:21:18
D:/moth_photos/database\batch_13\img_moth_00024254.jpg,"[4000, 6000]",37.0,"['WPC\n8104\n', 'RBDominick\nCharlesREdwards\nMcClellagville\nSouthsCarolina29458\n\n1NO4y196G\nIShi\n', 'LS ov\ntents\nhoes\n', 'DMBCOUOSI\nRICHARDBDOMINICK\nMOTHBUTTERFLYCOLLECTION\n\nUNIVERSITYOFSOUTHCAROLINA\n']","['C\n8104\n', 'RD\nCR\nC\nC29458\n\n1044196\n', '90\n', 'DC05\nRCRD8DC\nRCC\n\nR0CR\n']","['WPC\n8104\n', 'C\nC\nC29458\n\n1044196\n', '90\n', 'PC05\nC8WC\nPCC\n\n0C\n']",modelv1.0__2026-05-17 21:21:18
D:/moth_photos/database\batch_13\img_moth_00024255.jpg,"[4000, 6000]",36.745098039215684,"['WPC\n7956\n', 'NhisresbphicsP\npupafi Pipes\n\nP x\nCi1e79 S577 S\n', '']","['RC\n7956\n', '2\nC1679 577\n', '']","['WPC\n7956\n', 'P\nPP\n\nP\nC1679 577\n', '']",modelv1.0__2026-05-17 21:21:18
D:/moth_photos/database\batch_13\img_moth_00024256.jpg,"[4000, 6000]",37.01960784313725,"['WPC\n8105\n', 'RBDominick\nCharlesREdwards\nMcClellanville\nSouthCarolina29458\n16AAPR19C69\nLitplt\n', 'rete\nZEUR\n', '']","['C\n8105\n', 'RRD\nCR\nC\nC29458\n16R19C69\n', 'R\n', '']","['WPC\n8105\n', 'C\nC\nC29458\n16P19C69\nP\n', '3\n', '']",modelv1.0__2026-05-17 21:21:18
D:/moth_photos/database\batch_13\img_moth_00024257.jpg,"[4000, 6000]",36.68627450980392,"['WPC\n8106\n', 'RBDominick\nCharlesREdwanist\nMcClellanville\nSoutharolina294586\n\n26SAalG65\nLigne\n', '', 'DMBC00060\nRICHARDBDOMINICK\n\nMOTH8BUTTERFLYCOLLECTION\n\nUNIVERSITYOFSOUTHCAROLINA\nne\n']","['C\n8106\n', 'RRD\nCR\nC\n294586\n\n265965\nC6\n', '', 'DC00060\nRCRD8DC\n\n8RCC\n\nR0CR\n']","['WPC\n8106\n', 'C\nC\n294586\n\n265965\nC6\n', '', 'PC00060\nC8C\n\n8CC\n\n0C\n']",modelv1.0__2026-05-17 21:21:18
D:/moth_photos/database\batch_13\img_moth_00024258.jpg,"[4000, 6000]",36.6078431372549,"['WPC\n7958\n', 'Mc Clellanville\nSouthCarolina\nR Dominick\n', '']","['C\n7958\n', 'C\nC\nR D\n', '']","['WPC\n7958\n', 'C\nC\n', '']",modelv1.0__2026-05-17 21:21:18
D:/moth_photos/database\batch_13\img_moth_00024259.jpg,"[4000, 6000]",37.11764705882353,"['WPC\n8107\n', 'RBDominick\nCharlesREdwards4\nMcGlellanville\nSouthCarolina29458\n\n26SevtJIHGS\n\nPJEAL\n', 'Mere leefre\nisealis\nSELO\n', 'DMBC00059\n\nRICHARDBDOMINICK\n\nMOTH8BUTTERFLYCOLLECTION\n\nUNIVERSITYOFSOUTH CAROLINA\n']","['C\n8107\n', 'RD\nCR4\nC29458\n\n264C\n', '', 'DC00059\n\nRCRD8DC\n\n8RCC\n\nR CR\n']","['WPC\n8107\n', 'C4\nC29458\n\n264CP\n\nP\n', '', 'C00059\n\nC8C\n\n8CC\n\nC\n']",modelv1.0__2026-05-17 21:21:18
D:/moth_photos/database\batch_13\img_moth_00024260.jpg,"[4000, 6000]",37.03921568627451,"['WPC\n7957\n', 'XBVominick\nCharlesREdwards\nMcClellanville\nSouthCarolina\n\nCfuly 197\nsald Ye\n', '']","['C\n7957\n', '6DD\nCR\nC\nC\n\nC 197\n', '']","['WPC\n7957\n', '6\nC\nC\nC\n\nC 197\n', '']",modelv1.0__2026-05-17 21:21:18
D:/moth_photos/database\batch_13\img_moth_00024261.jpg,"[4000, 6000]",37.05882352941176,"['WPC\n8108\n', 'NDDominick\nMcClellanville\nSouth Carolina\n\nPPOIRDG\n', '']","['C\n8108\n', 'DD\nC\nC\n\nRCRD\n', '']","['WPC\n8108\n', 'C\nC\nPPC\n', '']",modelv1.0__2026-05-17 21:21:18
D:/moth_photos/database\batch_13\img_moth_00024262.jpg,"[4000, 6000]",36.68627450980392,"['WPC\n7959\n', '', 'RBDominick\nMcClellanville\nsent\n']","['C\n7959\n', '', 'RD\nC\n7\n']","['WPC\n7959\n', '', 'C\n7\n']",modelv1.0__2026-05-17 21:21:18
D:/moth_photos/database\batch_13\img_moth_00024263.jpg,"[4000, 6000]",36.98039215686274,"['WPC\n8109\n', 'KbDominick\nCharlesREdwards\nMcClellgnville\nSouthCarolina\n\n13\nvMag147\n']","['C\n8109\n', '6D\nCR\nC\n5C\n\n13\n147\n']","['WPC\n8109\n', '6\nC\nC\n5C\n\n13\n147\n']",modelv1.0__2026-05-17 21:21:18
D:/moth_photos/database\batch_13\img_moth_00024264.jpg,"[4000, 6000]",36.90196078431373,"['WPC\n7960\n', 'KBDominick\n\nCharlesREdwards\n6 McClellnviile\n\nSouthCarolina29458\n\n27Seys7 POT\n\nL4LnF\n', '']","['C\n7960\n', 'RD\n\nCR\n6 C1\n\nC29458\n\n277 967\n\n4\n', '']","['WPC\n7960\n', 'C\n6 C1\nC29458\n\n277 967\n\n4\n', '']",modelv1.0__2026-05-17 21:21:18
D:/moth_photos/database\batch_13\img_moth_00024265.jpg,"[4000, 6000]",36.98039215686274,"['WPC\n8110\n', 'kKBDominick\nCharlesREdwards\nMcClellanville\nSotthCarolina\n22Aga19 72\nCrohye\n', 'P6S5\n']","['C\n8110\n', 'D\nCR\nC\nC\n2219 72\nC\n', '265\n']","['WPC\n8110\n', 'C\nC\nC\n2219 72\nC\n', 'P65\n']",modelv1.0__2026-05-17 21:21:18
D:/moth_photos/database\batch_13\img_moth_00024266.jpg,"[4000, 6000]",37.18000000000001,"['WPC\n7961\n', '', 'McClellanville\nSouthCarolina\nCharlesR Edwards e\n\n16Jal 4y1967\n\nLSah\n']","['C\n7961\n', '', 'C\nC\nCR\n\n16D 41967\n']","['WPC\n7961\n', '', 'C\nC\nC\n\n16 41967\n']",modelv1.0__2026-05-17 21:21:18
D:/moth_photos/database\batch_13\img_moth_00024267.jpg,"[4000, 6000]",36.80392156862745,"['WPC\n8111\n', 'RBDominick\nCharlesREdwards\nMcClellanville\nSouthCarolina29458\nGSune1976\naisghtFY\n']","['C\n8111\n', 'RRD\nCR\nC\nC29458\n1976\n']","['WPC\n8111\n', 'C\n\nC\n\nC29458\n1976\n']",modelv1.0__2026-05-17 21:21:18
D:/moth_photos/database\batch_13\img_moth_00024268.jpg,"[4000, 6000]",37.01960784313725,"['WPC\n8112\n', 'nBVominick\nCharlesREdwards\nMcClellanville\nSouthCarolina29458\n']","['C\n8112\n', 'RD\nCR\nC\nC29458\n']","['WPC\n8112\n', 'C\nC\nC29458\n']",modelv1.0__2026-05-17 21:21:18
D:/moth_photos/database\batch_13\img_moth_00024269.jpg,"[4000, 6000]",36.56862745098039,"['WPC\n7963\n', '', 'McCle llanville\nSouthCarolina\n\nRBDominick\nJtTu fy 19t\n']","['C\n7963\n', '', 'C\nC\n\nRRD\n19\n']","['WPC\n7963\n', '', 'C\nC\n19\n']",modelv1.0__2026-05-17 21:21:18
D:/moth_photos/database\batch_13\img_moth_00024270.jpg,"[4000, 6000]",36.88235294117647,"['WPC\n8113\n', 'BDominick\nShariesREdwards\nAcClellanville\nouthCarolinae\n', '']","['C\n8113\n', '6D\nR\nC\nC\n', '']","['WPC\n8113\n', '6\nC\nC\n', '']",modelv1.0__2026-05-17 21:21:18
D:/moth_photos/database\batch_13\img_moth_00024271.jpg,"[4000, 6000]",36.8235294117647,"['WPC\n7962\n', 'McClellanville\nSouthCarolina\nCharlesREdwards\n\nre Tetby S967\nAs1F4t\n', '']","['C\n7962\n', 'C\nC\nCR\n\n967\n14\n', '']","['WPC\n7962\n', 'C\nC\nC\n\n967\n14\n', '']",modelv1.0__2026-05-17 21:21:18
D:/moth_photos/database\batch_13\img_moth_00024272.jpg,"[4000, 6000]",36.84313725490196,"['RBDominick\nCharlesREdwards\nMcClellanville\nSouthCarolina\n\n90Ticly97\nLIithsewAN\n', 'WPC\n8114\n']","['RD\nCR\nC\nC\n\n9097\nC\n', 'C\n8114\n']","['C\nC\nC\n\n9097\nCW\n', 'WPC\n8114\n']",modelv1.0__2026-05-17 21:21:18
D:/moth_photos/database\batch_13\img_moth_00024273.jpg,"[4000, 6000]",37.11764705882353,"['WPC\n7964\n', 'McClellanville\nSouthCarolina\nCharlesR Edwards\n\n72Tuly lh\nhsgh\n', '']","['C\n7964\n', 'C\nC\nCR\n\n72\n', '']","['WPC\n7964\n', 'C\nC\nC\n\n72\n', '']",modelv1.0__2026-05-17 21:21:18
D:/moth_photos/database\batch_13\img_moth_00024274.jpg,"[4000, 6000]",37.07843137254902,"['WPC\n8115\n', 'KBDominick\nCharlesREdwards\nMcClellanville\nSouthCarolina\n\n7Judy90\nLady\n']","['C\n8115\n', 'D\nCR\nC\nC\n\n790\n']","['WPC\n8115\n', 'C\nC\nC\n\n790\n']",modelv1.0__2026-05-17 21:21:18
D:/moth_photos/database\batch_13\img_moth_00024275.jpg,"[4000, 6000]",37.24,"['WPC\n7965\n', 'McClellanville\nSouthCaerolina\nRBDominick\n\nUSephI966\npee\n', 'WVOropss\nhjero 29ypDIC hic an\n\nDetDOFerguson 1967\nPeabodyMuseumYaleUniv\n', '']","['C\n7965\n', 'C\nC\nRRD\n\n1966\n', '05\n29DC\n\nDD0 1967\n', '']","['WPC\n7965\n', 'C\nC\n\nW1966\n', 'WP0P5\n29C\n\n0P 1967\nP\n', '']",modelv1.0__2026-05-17 21:21:18
D:/moth_photos/database\batch_13\img_moth_00024276.jpg,"[4000, 6000]",37.09803921568628,"['WPC\n8116\n', 'IReBeeAUMIAILNH\n\nCharlesREdwards\n\nMeee\nMeryAX\n\nAffncyMD\n', '']","['C\n8116\n', 'DRD\nCR\nR\n\nD\n', '']","['WPC\n8116\n', 'C\nW\n\nP\n', '']",modelv1.0__2026-05-17 21:21:18
D:/moth_photos/database\batch_13\img_moth_00024277.jpg,"[4000, 6000]",37.22,"['WPC\n7966\n', '', 'McClellanville\nSouthCarolina\nRBDominick\n\nAMOesgt7\nAipht\n']","['C\n7966\n', '', 'C\nC\nRRD\n\n47\n']","['WPC\n7966\n', '', 'C\nC\n\n47\n']",modelv1.0__2026-05-17 21:21:18
D:/moth_photos/database\batch_13\img_moth_00024278.jpg,"[4000, 6000]",36.88235294117647,"['WPC\n8117\n', 'a\nR BDominick\nCharlesREdwards\nMcClellanville\nRSs\n\nIGA\neae oP\n']","['C\n8117\n', 'R D\nCR\nC\nR8\n\nD\n']","['WPC\n8117\n', 'C\nC\n8\n\nP\n']",modelv1.0__2026-05-17 21:21:18
D:/moth_photos/database\batch_13\img_moth_00024279.jpg,"[4000, 6000]",36.705882352941174,"['WPC\n7967\n', 'SOUTH CAROLINA\nWedge Plantation\nMcClellanville\nAugust1Q1968\nDC Ferguson\n', '']","['C\n7967\n', 'CR\nC\n11968\nDC\n', '']","['WPC\n7967\n', 'C\nW P\nC\n11968\nC P\n', '']",modelv1.0__2026-05-17 21:21:18
D:/moth_photos/database\batch_13\img_moth_00024280.jpg,"[4000, 6000]",36.98039215686274,"['WPC\n8118\n', 'RBDominick\nCharlesREdwards\nMcClellanvillee\n\n23May1F7Il\n23a 5e4\n']","['C\n8118\n', 'RRD\nCR\nC\n\n2317\n23 54\n']","['WPC\n8118\n', 'C\nC\n\n2317\n23 54\n']",modelv1.0__2026-05-17 21:21:18
D:/moth_photos/database\batch_13\img_moth_00024281.jpg,"[4000, 6000]",37.160000000000004,"['WPC\n7968\n', '', 'TOetyIN7\nLig bafe\n\nMcClellanville\nSouth Carolina gl\nRBDom\n']","['C\n7968\n', '', '17\n9\n\nC\nC\nRRD\n']","['WPC\n7968\n', '', '17\n9\n\nC\nC\n']",modelv1.0__2026-05-17 21:21:18
D:/moth_photos/database\batch_13\img_moth_00024282.jpg,"[4000, 6000]",37.19607843137255,"['WPC\n8119\n', 'RBDominick\nCharlesREdwards\nMcClellanville S\nSouthCarolina29458\n\nTJuneWS\n16hf\n', '']","['RC\n8119\n', 'RD\nCR\nC 5\nC29458\n\n5\n16\n', '']","['WPC\n8119\n', 'C\nC 5\nC29458\n\nW5\n16\n', '']",modelv1.0__2026-05-17 21:21:18
D:/moth_photos/database\batch_13\img_moth_00024283.jpg,"[4000, 6000]",36.98,"['WPC\n7969\n', '', '73HOBdt\n\nterod Lake\n\nprep 14Seip\nMgClellanville\n\nSouthCarolina\nRB pominet\n\nEniunses\n3sxoct96\n']","['C\n7969\n', '', '730R\n14\nC\n\nC\nR\n\n3096\n']","['WPC\n7969\n', '', '730\nP 14\nC\n\nC\nP\n\n3096\n']",modelv1.0__2026-05-17 21:21:18
D:/moth_photos/database\batch_13\img_moth_00024284.jpg,"[4000, 6000]",36.92156862745098,"['WPC\n8120\n', 'KBDominick\n\nCharlesREdwards\nMclellanville Ss\n\nSouthCarolina29458\nAZTune1M3\nLigh\n', '']","['C\n8120\n', 'D\n\nCR\n\nC29458\n13\n', '']","['WPC\n8120\n', 'C\n\nC29458\n13\n', '']",modelv1.0__2026-05-17 21:21:18
D:/moth_photos/database\batch_13\img_moth_00024285.jpg,"[4000, 6000]",36.80392156862745,"['WPC\n7970\n', '', 'McClellanville\nSouthCarolina\nRBDominick\n\n16 Tule V9L7\nbishtBF\n']","['C\n7970\n', '', 'C\nC\nRD\n\n16 1947\nR\n']","['WPC\n7970\n', '', 'C\nC\n\n16 1947\n']",modelv1.0__2026-05-17 21:21:18
D:/moth_photos/database\batch_13\img_moth_00024286.jpg,"[4000, 6000]",36.90196078431373,"['WPC\n8121\n', 'McClellanville\nSouthCarolina\nBDominick\n\nAL G66\nAA a\n', 'SE\n\nya\n\n2\n']","['C\n8121\n', 'C\nC\n8D\n\n966\n4\n', '2\n']","['WPC\n8121\n', 'C\nC\n8\n\n966\n4\n', '2\n']",modelv1.0__2026-05-17 21:21:18
D:/moth_photos/database\batch_13\img_moth_00024287.jpg,"[4000, 6000]",37.120000000000005,"['WPC\n7971\n', '', 'McClellanville\nSouthCarolina\nCharlesREdwards\n\n29Salys7S7\n44Ght\n']","['C\n7971\n', '', 'C\nC\nCR\n\n29737\n44\n']","['WPC\n7971\n', '', 'C\nC\nC\n\n29737\n44\n']",modelv1.0__2026-05-17 21:21:18
D:/moth_photos/database\batch_13\img_moth_00024288.jpg,"[4000, 6000]",36.90196078431373,"['WPC\n8122\n', 'RBDominick\nChariesREdwards\nMcClellanville Ss\nSouthCarolina29458\na Mey 1727\n\nLiat\n', '']","['C\n8122\n', 'RRD\nCR\nC\nC29458\n1727\n\nC\n', '']","['WPC\n8122\n', 'C\n\nC\n\nC29458\n1727\n\nC\n', '']",modelv1.0__2026-05-17 21:21:18
D:/moth_photos/database\batch_13\img_moth_00024289.jpg,"[4000, 6000]",37.13725490196079,"['WPC\n7972\n', 'Mc Clellanville\nSouth Carolin 6\n\nDominic\n3 Fula ek\nhMightCHE\n', '']","['RC\n7972\n', 'C\nC 6\n\nD\n3\nC2\n', '']","['WPC\n7972\n', 'C\nC 6\n\n3\nC2\n', '']",modelv1.0__2026-05-17 21:21:18
D:/moth_photos/database\batch_13\img_moth_00024290.jpg,"[4000, 6000]",36.84313725490196,"['', 'R BDominick\nCharlesREdwards\nMcClellanville\nSouthCarolina29458\n\n49AYA1I9L9\nja 6\n', '56s\n']","['', 'R D\nCR\nC\nC29458\n\n49199\n6\n', '56\n']","['', 'C\nC\nC29458\n\n49199\n6\n', '56\n']",modelv1.0__2026-05-17 21:21:18
D:/moth_photos/database\batch_13\img_moth_00024291.jpg,"[4000, 6000]",36.588235294117645,"['WPC\nEVE\n', 'SOUTHCAROLINA\nWedgePlantation\nMcClellafiville\nAugustJ1968\nDCFerguson\n', '']","['RC\n', 'CRC\nC\n1968\nDC\n', '']","['WPC\n', 'CC\nWP\nC\n1968\nCP\n', '']",modelv1.0__2026-05-17 21:21:18
D:/moth_photos/database\batch_13\img_moth_00024292.jpg,"[4000, 6000]",37.11764705882353,"['WPC\n8124\n', 'RRDominick\nCharlesREdwards\nMcClellanville Rs\nSouthCarolina29458\n\n26MG41769\nLehe\n', '']","['C\n8124\n', 'RRD\nCR\nC R\nC29458\n\n2641769\nC6\n', '']","['WPC\n8124\n', 'C\nC\nC29458\n\n26W41769\nC6\n', '']",modelv1.0__2026-05-17 21:21:18
D:/moth_photos/database\batch_13\img_moth_00024293.jpg,"[4000, 6000]",36.588235294117645,"['WPC\n7974\n', '', 'McClellanville\nSouthCarolina\nRBDominick\n\nJ6 Jane A67\n', 'McClellanville\n\nSouthCarolina\nRBDominick\n']","['C\n7974\n', '', 'C\nC\nRD\n\n6 467\n', 'C\n\nC\nRRD\n']","['WPC\n7974\n', '', 'C\nC\n\n6 467\n', 'C\n\nC\n']",modelv1.0__2026-05-17 21:21:18
D:/moth_photos/database\batch_13\img_moth_00024294.jpg,"[4000, 6000]",37.04,"['WPC\n8125\n', 'CharlesREdwards\nMcClellanville\nSquthCarolina29458\n\n191a499\nLegare\n', 'Ses7\n', '']","['C\n8125\n', 'CR\nC\nC29458\n\n191499\n', '57\n', '']","['WPC\n8125\n', 'C\nC\nC29458\n\n191499\n', '57\n', '']",modelv1.0__2026-05-17 21:21:18
D:/moth_photos/database\batch_13\img_moth_00024295.jpg,"[4000, 6000]",36.98,"['SOUTHCAROLINA\nWedgePlantation\nMcClellaffville\nAugustG1968\nDCFerguson\n', 'WPC\n7975\n', '']","['CR\nC1\n1968\nDC\n', 'C\n7975\n', '']","['C\nWP\nC1\n1968\nC\n', 'WPC\n7975\n', '']",modelv1.0__2026-05-17 21:21:18
D:/moth_photos/database\batch_13\img_moth_00024296.jpg,"[4000, 6000]",37.0,"['WPC\n8126\n', 'RBDominick\nCharlesREdwards\nMcQlellanville F\nSouthCarolina29458\n\nalMey1968\n\nJehal\n', '', '3637\n']","['C\n8126\n', 'RRD\nCR\nC29458\n\n1968\n', '', '3637\n']","['WPC\n8126\n', 'C\nC29458\n\n1968\n', '', '3637\n']",modelv1.0__2026-05-17 21:21:18
D:/moth_photos/database\batch_13\img_moth_00024297.jpg,"[4000, 6000]",36.56862745098039,"['WPC\n7976\n', 'SouthCarolina\nRBDominick\n\n19Fepf196\n84h\n\nMcClellanville 9\n', '']","['RC\n7976\n', 'C\nRD\n\n19196\n84\n\nC 9\n', '']","['WPC\n7976\n', 'C\n\n19196\n84P\n\nC 9\n', '']",modelv1.0__2026-05-17 21:21:18
D:/moth_photos/database\batch_13\img_moth_00024298.jpg,"[4000, 6000]",36.53846153846154,"['WPC\n\n8127\n', 'RBDominick\nCharlesREdwardis\nMcClellanville\nst Carolina29458\n\nane 1QL9\n', '', '']","['C\n\n8127\n', 'RD\nCR\nC\nC29458\n\n19\n', '', '']","['WPC\n\n8127\n', 'C\nC\nC29458\n\n19\n', '', '']",modelv1.0__2026-05-17 21:21:18
D:/moth_photos/database\batch_13\img_moth_00024299.jpg,"[4000, 6000]",37.0,"['WPC\n7977\n', 'Noropsrs\nhierd gl lyp yca\n\nDetD0Ferguson19 G7\nPeabody MuseumYaloeUfiv\n', '', 'RBDominick\nt CharlesREdwards\nMcClellanville\neSouthCarolina29458\n\nFOckhiJILT\nJot5let\n']","['C\n7977\n', '09\n\nDD019 67\n', '', 'RRD\nCR\nC\nC29458\n\n967\n5\n']","['WPC\n7977\n', '09\n\n0P19 67\nP\n', '', 'C\nC\nC29458\n\n967\n5\n']",modelv1.0__2026-05-17 21:21:18
D:/moth_photos/database\batch_13\img_moth_00024300.jpg,"[4000, 6000]",36.98039215686274,"['WPC\n8128\n', 'SE52\n\ndetEL Todd\n', 'RBDominick\nMcClellanville\nyy Carolina\n\n3dfug973\nLigh OTe\n']","['C\n8128\n', '5C52\n', 'R56D\nC\nC\n\n30973\n']","['WPC\n8128\n', '5C52\n', '56\nC\nP C\n\n30973\n']",modelv1.0__2026-05-17 21:21:18
D:/moth_photos/database\batch_13\img_moth_00024301.jpg,"[4000, 6000]",36.549019607843135,"['WPC\n7978\n', '', 'McClellanville\nSouthCarolina\nRBDominick\n\n4AMOt1G42\nAiGghe\n']","['C\n7978\n', '', 'C\nC\nRRD\n\n401442\n']","['WPC\n7978\n', '', 'C\nC\n\n4P01442\n']",modelv1.0__2026-05-17 21:21:18
D:/moth_photos/database\batch_13\img_moth_00024302.jpg,"[4000, 6000]",37.13725490196079,"['WPC\n8129\n', 'RBDominick\ncClellanville\n\nSouthCarolina\n26Ma\n\nLethe\n', '36522iT\n', '']","['C\n8129\n', 'RD\nC\n\nC\n26\n', '365227\n', '']","['WPC\n8129\n', 'C\n\nC\n26W\n', '365227\n', '']",modelv1.0__2026-05-17 21:21:18
D:/moth_photos/database\batch_13\img_moth_00024303.jpg,"[4000, 6000]",36.588235294117645,"['WPC\n7979\n', 'RBDominick\nCharles R Edwards\nMc Ctellanville\nSouthCarolina29458\n\n24um\ntisintp7\n', '']","['C\n7979\n', 'RD\nC R\nC\nC29458\n\n24\n7\n', '']","['WPC\n7979\n', 'C\nC\nC29458\n\n24\n7\n', '']",modelv1.0__2026-05-17 21:21:18
D:/moth_photos/database\batch_13\img_moth_00024304.jpg,"[4000, 6000]",36.98039215686274,"['WPC\n8130\n', 'ns\n\ndetELTodd\n', 'NDVominick\nMcClellanville\nSouth Carolina\nSfune fry\nSNaht aye\n', '']","['C\n8130\n', '', 'D\nC\n\nC\n7\n', '']","['WPC\n8130\n', '', 'C\nC\n7\n', '']",modelv1.0__2026-05-17 21:21:18
D:/moth_photos/database\batch_13\img_moth_00024305.jpg,"[4000, 6000]",37.1,"['WPC\n7980\n', 'SOUTHCAROLINA\nWedge Plantation\nMcClellanville\n\nAugust221968\nDCPeran4an\n', '']","['C\n7980\n', 'CRC\nC\n\n221968\nDC4\n', '']","['WPC\n7980\n', 'CC\nW P\nC\n\n221968\nCP4\n', '']",modelv1.0__2026-05-17 21:21:18
D:/moth_photos/database\batch_13\img_moth_00024306.jpg,"[4000, 6000]",37.09803921568628,"['WPC\n8131\n', 'QBVotihss\nharlesREdwards\nfcClellanville\n\nSouthCapolina g\n\nMawy1972\n', '']","['C\n8131\n', '2D\nR\nC\n\nC\n\n1972\n', '']","['WPC\n8131\n', '2\nC\nC\n\n1972\n', '']",modelv1.0__2026-05-17 21:21:18
D:/moth_photos/database\batch_13\img_moth_00024307.jpg,"[4000, 6000]",37.14,"['WPC\n7981\n', '', 'McClellanville\nSouth Carolina\nRBDominick\n\nADet1967\nLiand\n']","['RC\n7981\n', '', 'C\nC\nRRD\n\nD1967\n']","['WPC\n7981\n', '', 'C\nC\n\n1967\n']",modelv1.0__2026-05-17 21:21:18
D:/moth_photos/database\batch_13\img_moth_00024308.jpg,"[4000, 6000]",36.84313725490196,"['WPC\n8132\n', 'RBDominick\nCharlesREdward\nMcClellanville\nSouthCarolina294\n\nLGHgs1G7\nLils4 1A\n']","['C\n8132\n', 'RRD\nCR\nC\nC294\n\n197\n34 1\n']","['WPC\n8132\n', 'C\nC\nC294\n\n197\n34 1\n']",modelv1.0__2026-05-17 21:21:18
D:/moth_photos/database\batch_13\img_moth_00024309.jpg,"[4000, 6000]",36.56862745098039,"['WPC\n7982\n', 'RBDominick\nCharlesREdwards\nMcClellanville\nSouthCarolina29458\n\nmg\nSOUE67\n', '']","['C\n7982\n', 'RD\nCR\nC\nC29458\n\nC67\n', '']","['WPC\n7982\n', 'C\nC\nC29458\n\nC67\n', '']",modelv1.0__2026-05-17 21:21:18
D:/moth_photos/database\batch_13\img_moth_00024310.jpg,"[4000, 6000]",37.07843137254902,"['WPC\n8133\n', 'rB Dominick\nSharlesREdward\nficClellanville\nouthCarolina e\n13 Aus 197\n\nfbundin cene\n', '']","['C\n8133\n', 'D\nR\nC\nC\n13 197\n\n1 C\n', '']","['WPC\n8133\n', 'C\nC\n13 197\n\n1 C\n', '']",modelv1.0__2026-05-17 21:21:18
D:/moth_photos/database\batch_13\img_moth_00024311.jpg,"[4000, 6000]",37.080000000000005,"['WPC\n7983\n', '', 'McClellanville 7\nSouthCarolina\n\nRBDominick\n']","['C\n7983\n', '', 'C 7\nC\n\nRRD\n']","['WPC\n7983\n', '', 'C 7\nC\n']",modelv1.0__2026-05-17 21:21:18
D:/moth_photos/database\batch_13\img_moth_00024312.jpg,"[4000, 6000]",36.88235294117647,"['WPC\n8134\n', 'KBDominick\nCharlesREdwards\nMcCiellanville\nSouthCarolina29458\n23Mar1970\nLeche7\n']","['C\n8134\n', 'RD\nCR\nC\n0C29458\n231970\n7\n']","['WPC\n8134\n', 'C\nC\n0C29458\n231970\n7\n']",modelv1.0__2026-05-17 21:21:18
D:/moth_photos/database\batch_13\img_moth_00024313.jpg,"[4000, 6000]",37.14,"['WPC\n7984\n', '', 'RBDominick\nig ChariesREdwards\nMcClellanville\neSouthCarolina 29458\n\n27Sephs9et7\nAoisn4\n']","['C\n7984\n', '', 'RRD\nCR\nC\nC 29458\n\n27C97\n4\n']","['WPC\n7984\n', '', 'C\nC\nC 29458\n\n27C97\n4\n']",modelv1.0__2026-05-17 21:21:18
D:/moth_photos/database\batch_13\img_moth_00024314.jpg,"[4000, 6000]",36.92156862745098,"['WPC\n8135\n', 'kBDominick\nsharlesREdwards\nAcCleljanville\nouthCarolina\n\nffuly1U7f\n19bf\n']","['C\n8135\n', 'RD\nR\nC\nC\n\n17\n19\n']","['WPC\n8135\n', 'C\nC\n\n17\n19\n']",modelv1.0__2026-05-17 21:21:18
D:/moth_photos/database\batch_13\img_moth_00024315.jpg,"[4000, 6000]",37.080000000000005,"['WPC\n7985\n', 'RBDominick\n\nCharlesREdwards\n\nMcClellanville\nSouthCafolina29458\n\nHROLE197\nNight\n', '']","['C\n7985\n', 'RRD\n\nCR\n\nC\nC29458\n\nR0197\n', '']","['WPC\n7985\n', 'C\nC\nC29458\n\n0197\n', '']",modelv1.0__2026-05-17 21:21:18
D:/moth_photos/database\batch_13\img_moth_00024316.jpg,"[4000, 6000]",37.05882352941176,"['WPC\n8136\n', 'Neteectrer\nbentifues\nBEY\n', 'SOUTHCAROLINA\nWedgePlantation\nMcClellafiville\nAugust 3 1968\nDCFerguson\n', 'RICHARDB DOMINICK\n\nMOTH8 BUTTERFLY COLLECTION\nUNIVERSITYOF SOUTHCAROLINA\n\n']","['C\n8136\n', '', 'CR\nC1\n3 1968\nDC\n', 'RCRD8 DC\n\n8 R CC\nR CR\n\n']","['WPC\n8136\n', '', 'C\nWP\nC1\n3 1968\nCP\n', 'C8 C\n\n8 CC\nC\n\n']",modelv1.0__2026-05-17 21:21:18
D:/moth_photos/database\batch_13\img_moth_00024317.jpg,"[4000, 6000]",37.22,"['WPC\n7986\n', 'McClellanville\nSouthCarolina\nCharlesR Edwards\n\n19Auz197B7\nLrGb f\n', '']","['C\n7986\n', 'C\nC\nCR\n\n19419767\n', '']","['WPC\n7986\n', 'C\nC\nC\n\n19419767\n', '']",modelv1.0__2026-05-17 21:21:18
D:/moth_photos/database\batch_13\img_moth_00024318.jpg,"[4000, 6000]",37.07843137254902,"['WPC\n8137\n', 'KRBVOMINICK\nxicClellanville\n\n54 Bly\nSeelya7S\nat Q\n']","['C\n8137\n', 'RDC\nC\n\n54\n75\n']","['WPC\n8137\n', 'C\nC\n\n54\n75\n']",modelv1.0__2026-05-17 21:21:18
D:/moth_photos/database\batch_13\img_moth_00024319.jpg,"[4000, 6000]",37.26,"['WwPC\n7987\n', 'SOUTHCAROLINA\nWedgePlantation\nMcClellahville\nAugust221968\nDeC Ferguson\n', '']","['C\n7987\n', 'CR\nC\n221968\nDC\n', '']","['WPC\n7987\n', 'C\nWP\nC\n221968\nC P\n', '']",modelv1.0__2026-05-17 21:21:18
D:/moth_photos/database\batch_13\img_moth_00024320.jpg,"[4000, 6000]",37.05882352941176,"['WPC\n8138\n', 'BDominick\n\nAcClellanville\nouth C aiTys\n\nis Aye\n']","['C\n8138\n', 'RDC\nC\nC\n']","['WPC\n8138\n', 'C\nC\nC\n']",modelv1.0__2026-05-17 21:21:18
D:/moth_photos/database\batch_13\img_moth_00024321.jpg,"[4000, 6000]",36.666666666666664,"['WPC\n7988\n', '', 'McClellanville\n\nSouthCarolina\n\nRBDominick\ne\n\nAeoct1967\n\nAight\n']","['C\n7988\n', '', 'C\nC\nRRD\n\n41967\n']","['WPC\n7988\n', '', 'C\nC\n\n41967\n']",modelv1.0__2026-05-17 21:21:18
D:/moth_photos/database\batch_13\img_moth_00024322.jpg,"[4000, 6000]",37.1764705882353,"['WPC\n8139\n', 'RBDominick\nCharlesREdwards\niicClellanville\nSouthCarolina\n23Aer79972\ndishe\n', '']","['C\n8139\n', 'RRD\nCR\nC\nC\n23R79972\n', '']","['WPC\n8139\n', 'C\nC\nC\n2379972\n', '']",modelv1.0__2026-05-17 21:21:18
D:/moth_photos/database\batch_13\img_moth_00024323.jpg,"[4000, 6000]",37.24,"['WPC\n7989\n', 'RBVominicer\nCharlesR Edwards\nMcClellanville\nSouthCarolina 29458\n\nchow146J\n5 pagut\n', '']","['C\n7989\n', 'RR\nCR\nC\nC 29458\n\n146\n5\n', '']","['WPC\n7989\n', 'C\nC\nC 29458\n\n146\n5\n', '']",modelv1.0__2026-05-17 21:21:18
D:/moth_photos/database\batch_13\img_moth_00024324.jpg,"[4000, 6000]",37.07843137254902,"['WPC\n8140\n', 'eAteOFwreeeeeeemem\n\nharles REdwards\nicClellanville\noutheCarolina2945\n', '']","['C\n8140\n', 'R\nC\nC2945\n', '']","['WPC\n8140\n', 'C\nC2945\n', '']",modelv1.0__2026-05-17 21:21:18
D:/moth_photos/database\batch_13\img_moth_00024325.jpg,"[4000, 6000]",37.2,"['WPC\n7990\n', 'McClellanville\n\nSouthCarolina\n1Sepgr19t7\nACHP\n', '']","['C\n7990\n', 'C\n\nC\n17197\n1\n', '']","['WPC\n7990\n', 'C\n\nC\n17197\nCP\n', '']",modelv1.0__2026-05-17 21:21:18
D:/moth_photos/database\batch_13\img_moth_00024326.jpg,"[4000, 6000]",37.1764705882353,"['WPC\n8141\n', 'mDVOominick\nMcClellanville\n\nSouth Carolina\n21Apr1976\natkoye\n']","['C\n8141\n', 'D\n\nC\n\nC\n211976\n']","['WPC\n8141\n', 'C\nC\n211976\n']",modelv1.0__2026-05-17 21:21:18
D:/moth_photos/database\batch_13\img_moth_00024327.jpg,"[4000, 6000]",37.120000000000005,"['WPC\n7991\n', 'McClellanville\nSouthCarolina P\nCharlesREdwards\ny Sept 17L7\nLishh\n', '']","['C\n7991\n', 'C\nC\nCR\n1747\n', '']","['WPC\n7991\n', 'C\n\nC P\nC\n1747\n', '']",modelv1.0__2026-05-17 21:21:18
D:/moth_photos/database\batch_13\img_moth_00024328.jpg,"[4000, 6000]",36.9607843137255,"['SOUTHCARUOLINA\nWedgePlantation\nMcClellgnville\nAugust31968\nDCe Ferguson\n', 'WPC\n8142\n', '']","['CR\nC\n31968\nDC\n', 'C\n8142\n', '']","['C\nWP\nC\n31968\nC\n', 'WPC\n8142\n', '']",modelv1.0__2026-05-17 21:21:18
D:/moth_photos/database\batch_13\img_moth_00024329.jpg,"[4000, 6000]",37.24,"['WPC\n7992\n', '']","['C\n7992\n', '']","['WPC\n7992\n', '']",modelv1.0__2026-05-17 21:21:18
D:/moth_photos/database\batch_13\img_moth_00024330.jpg,"[4000, 6000]",37.080000000000005,"['WPC\n7993\n', 'McClellanville\nSouthCarolina SS\nCharlesREdwards e\n\nSSept9L7\nLich\n']","['C\n7993\n', 'C\nC\nCR\n\nC97\nD\n']","['WPC\n7993\n', 'C\nC\nC\n\nC97\n']",modelv1.0__2026-05-17 21:21:18
D:/moth_photos/database\batch_13\img_moth_00024331.jpg,"[4000, 6000]",36.529411764705884,"['WPC\n7994\n', 'RDVOtsians\nhariesREdwaris\nAcClellanville\nsouth Carplina e\n\nOSeat197\neSoft14\n\n14fAT\n', '']","['C\n7994\n', 'RD\nR\nC\nC\n\n197\nC514\n\n147\n', '']","['WPC\n7994\n', 'W\nC\nC\n\n197\nC514\n\n147\n', '']",modelv1.0__2026-05-17 21:21:18
D:/moth_photos/database\batch_13\img_moth_00024332.jpg,"[4000, 6000]",37.24,"['WPC\n7995\n', 'N5Vominick\nMcCle llanville\n\nuth Carolina\n7 1495\nator\n', '']","['C\n7995\n', '5\nC\n\nC\n7 1495\n', '']","['WPC\n7995\n', '5\nC\n\nC\n7 1495\n', '']",modelv1.0__2026-05-17 21:21:18
D:/moth_photos/database\batch_13\img_moth_00024333.jpg,"[4000, 6000]",37.080000000000005,"['WPC\n7996\n', 'RBVominick\nMcClellanville\nSouthCarolina\n\nSept173\nmy Qe\n', '2BDominick rs\nAcClellanville WPC\n\nSouthCarolina\n\nsE7996\n\n']","['RC\n7996\n', 'RD\nC\nC\n\n173\n', '2RD\nC C\n\nC\n\n7996\n\n']","['WPC\n7996\n', 'C\nC\n\n173\n', '2\nC WPC\n\nC\n\n7996\n\n']",modelv1.0__2026-05-17 21:21:18
D:/moth_photos/database\batch_13\img_moth_00024334.jpg,"[4000, 6000]",36.529411764705884,"['WPC\n7997\n', 'RBDominick\n\nMcClellanville\n\nDon arolina\n1923\n\na 2\n', '']","['C\n7997\n', 'RD\n\nC\n\nD\n1923\n\n2\n', '']","['WPC\n7997\n', 'C\n1923\n\n2\n', '']",modelv1.0__2026-05-17 21:21:18
D:/moth_photos/database\batch_13\img_moth_00024335.jpg,"[4000, 6000]",37.18000000000001,"['WPC\n7998\n', 'KBVominick\nMcClellanville\nSouthCarolina\n']","['C\n7998\n', 'RDD\nC\nC\n']","['WPC\n7998\n', 'C\nC\n']",modelv1.0__2026-05-17 21:21:18
D:/moth_photos/database\batch_13\img_moth_00024336.jpg,"[4000, 6000]",37.18000000000001,"['WPC\n7999\n', 'RBDominick\nCharlesREdwards\nMcClellanville\nSouthCarolina\n\n2bAns1972\nlisht\n', '']","['C\n7999\n', 'RD\nCR\nC\nC\n\n21972\n', '']","['WPC\n7999\n', 'C\nC\nC\n\n21972\n', '']",modelv1.0__2026-05-17 21:21:18
D:/moth_photos/database\batch_13\img_moth_00024337.jpg,"[4000, 6000]",37.1,"['WPC\n8000\n', 'XDVOominick\nShariesREdwards\nAcClellanville\nouthCafolina ot\n\n1Ock14\nLake 7A\n']","['C\n8000\n', 'D\nR\n\nC\n\nC\n\n1014\n7\n']","['WPC\n8000\n', 'C\nC\n\n1014\n7\n']",modelv1.0__2026-05-17 21:21:18
D:/moth_photos/database\batch_13\img_moth_00024338.jpg,"[4000, 6000]",36.549019607843135,"['WPC\n8001\n', 'RBDominick\nMcClellanville\nSouthCarolina\n\n31 14973\nIpoh ore\n', '']","['C\n8001\n', 'RD\nC\nC\n\n31 14973\n1\n', '']","['WPC\n8001\n', 'C\nC\n\n31 14973\n1\n', '']",modelv1.0__2026-05-17 21:21:18
D:/moth_photos/database\batch_13\img_moth_00024339.jpg,"[4000, 6000]",37.120000000000005,"['WPC\n8002\n', 'RBDominick\nCharlesREdwards\nMcClellanville\nSouth Carolina\n\n43Segri1991\nLrebu\n', '']","['C\n8002\n', 'RRD\nCR\nC\nC\n\n431991\n', '']","['WPC\n8002\n', 'C\nC\nC\n\n431991\n', '']",modelv1.0__2026-05-17 21:21:18
D:/moth_photos/database\batch_13\img_moth_00024340.jpg,"[4000, 6000]",37.120000000000005,"['WPC\n8003\n', 'RBDominick\nCharlesREdwards\nMcCl sllanville\nSouthCarolina\n\n43Sevt197\nCisnyZ\n', '']","['C\n8003\n', 'RD\nCR\nC\nC\n\n435197\nC2\n', '']","['WPC\n8003\n', 'C\nC\nC\n\n435197\nC2\n', '']",modelv1.0__2026-05-17 21:21:18
D:/moth_photos/database\batch_13\img_moth_00024341.jpg,"[4000, 6000]",36.509803921568626,"['WPC\n8004\n', 'RBDominick\nMcClellanville\n', '']","['C\n8004\n', 'RD\nC\n', '']","['WPC\n8004\n', 'C\n', '']",modelv1.0__2026-05-17 21:21:18
D:/moth_photos/database\batch_13\img_moth_00024342.jpg,"[4000, 6000]",37.18000000000001,"['WPC\n8005\n', 'KRLBVomIinick\nMcClellanville\nSouthCarolina\n']","['C\n8005\n', 'RD\nC\nC\n']","['WPC\n8005\n', 'C\nC\n']",modelv1.0__2026-05-17 21:21:18
D:/moth_photos/database\batch_13\img_moth_00024343.jpg,"[4000, 6000]",37.059999999999995,"['WPC\n8006\n', 'mOVominick\nCharlesREdwards\nAcClellanville\nouthCarolina\n\nLADDITDO\npeehdkpPr\n', '']","['C\n8006\n', 'R\nCR\nC\nC\n\nDD1DD\n', '']","['WPC\n8006\n', 'C\nC\nC\n\n1\nPPP\n', '']",modelv1.0__2026-05-17 21:21:18
D:/moth_photos/database\batch_13\img_moth_00024344.jpg,"[4000, 6000]",36.9607843137255,"['WPC\n8007\n', 'RBDominick\nCharlesREdwards\nMcClellanville\nSouthCarolina\n\n1SMar 147\nLyalhrkrra7\n', '']","['C\n8007\n', 'RRD\nCR\nC\nC\n\n15 147\n7\n', '']","['WPC\n8007\n', 'C\nC\nC\n\n15 147\n7\n', '']",modelv1.0__2026-05-17 21:21:18
D:/moth_photos/database\batch_13\img_moth_00024345.jpg,"[4000, 6000]",36.86274509803921,"['WPC\n8008\n', 'KBDominick\nCharlesREdwards\nMcCilellanville\nSouthCarolinae\n\n23hew4Ze\n', '']","['C\n8008\n', 'RRD\nCR\nC\nC\n\n2342\n', '']","['WPC\n8008\n', 'C\nC\nC\n\n2342\n', '']",modelv1.0__2026-05-17 21:21:18
D:/moth_photos/database\batch_13\img_moth_00024346.jpg,"[4000, 6000]",36.98039215686274,"['WPC\n8009\n', 'kKBDominick\nCharlesREdwards\nMcClellanvillee\nSouthCarolina29458\nZLKLF97O\nLthe\n', '']","['C\n8009\n', 'D\nCR\nC\nC29458\n22970\n', '']","['WPC\n8009\n', 'C\n\nC\n\nC29458\n22970\n', '']",modelv1.0__2026-05-17 21:21:18
D:/moth_photos/database\batch_13\img_moth_00024347.jpg,"[4000, 6000]",36.86274509803921,"['WPC\n8010\n', 'RBDominick\nCharlesREdwards\nMcCleljanville\nSouthCarolina29458\n22Kev197O\ncry\n', '']","['C\n8010\n', 'RD\nCR\nC\nC29458\n221970\n', '']","['WPC\n8010\n', 'C\nC\n\nC29458\n221970\n', '']",modelv1.0__2026-05-17 21:21:18
D:/moth_photos/database\batch_13\img_moth_00024348.jpg,"[4000, 6000]",37.03921568627451,"['WPC\n8011\n', 'KBDominick\nCharlesREdwards\nMcClellanville\nSouthCdrolina\n\nwiediefP\n', '']","['C\n8011\n', 'RRD\nCR\nC\nC\n', '']","['WPC\n8011\n', 'C\nC\nC\n\nP\n', '']",modelv1.0__2026-05-17 21:21:18
D:/moth_photos/database\batch_13\img_moth_00024349.jpg,"[4000, 6000]",37.15686274509804,"['WPC\n8012\n', 'RDVOMINICK\nCharlesREdwarns\nMcClellanville\nSouthCtrolina\n\n24Aeu1970\nLaser pf 4\n', '']","['C\n8012\n', 'RDC\nCR\nC\nC\n\n241970\n4\n', '']","['WPC\n8012\n', 'C\nC\nC\nC\n\n241970\n4\n', '']",modelv1.0__2026-05-17 21:21:18
D:/moth_photos/database\batch_13\img_moth_00024350.jpg,"[4000, 6000]",36.53846153846154,"['WPC\n8013\n', 'SOVominick\nSharlesREdwards\nfcClellanville\nouthCarolina\n\n21hew 1990\njeahk\n', '']","['C\n8013\n', 'R\nC\nC\n\n21 1990\n', '']","['WPC\n8013\n', 'C\nC\n\n21W 1990\n', '']",modelv1.0__2026-05-17 21:21:18
D:/moth_photos/database\batch_13\img_moth_00024351.jpg,"[4000, 6000]",36.80392156862745,"['WPC\n8014\n', 'NmOVOmInNICK\nCharlesREdwards\nMcClellanville\n\n2 Leu Ve\n\nph\n']","['C\n8014\n', '6C\nCR\nC\n\n2 0\n']","['WPC\n8014\n', '6C\nC\nC\n\n2 0\n']",modelv1.0__2026-05-17 21:21:18
D:/moth_photos/database\batch_13\img_moth_00024352.jpg,"[4000, 6000]",36.76470588235294,"['WPC\n8015\n', 'NMmOMOMITICK\nCharlesREdwards\nMcClellanville\nSouthCarolina bd\n\nAevIVE\n207 hr\n']","['C\n8015\n', 'DC\nCR\nC\nC\n\nC\n207 R\n']","['WPC\n8015\n', 'PC\nC\nC\nC\n\nC\n207\n']",modelv1.0__2026-05-17 21:21:18
D:/moth_photos/database\batch_13\img_moth_00024353.jpg,"[4000, 6000]",36.549019607843135,"['WPC\n8016\n', 'x5Vominick\nCharlesREdwards\nMcClellanville\nSouth th\n\n1G Le Ve\nj terhed\n']","['C\n8016\n', '5D\nCR\nC\n\n1 10\n']","['WPC\n8016\n', '5\nC\nC\n\n1 10\n']",modelv1.0__2026-05-17 21:21:18
D:/moth_photos/database\batch_13\img_moth_00024354.jpg,"[4000, 6000]",36.90196078431373,"['WPC\n8017\n', 'kBDominick\nCharlesREdwards\nMcClellanville\nSouth Gerolina bd\n\nLigh S\n']","['C\n8017\n', 'RD\nCR\nC\nC\n']","['WPC\n8017\n', 'C\nC\nC\n']",modelv1.0__2026-05-17 21:21:18
D:/moth_photos/database\batch_13\img_moth_00024355.jpg,"[4000, 6000]",36.90196078431373,"['WPC\n8018\n', 'KBDominick\nCharlesREdwars\nMcCleblanville\nSouth Caroling\n\n2hAjev14\nLissihf\n']","['C\n8018\n', 'D\nCR\nC\nC\n\n214\nR\n']","['WPC\n8018\n', 'C\nC\nC\n\n214\n']",modelv1.0__2026-05-17 21:21:18
D:/moth_photos/database\batch_13\img_moth_00024356.jpg,"[4000, 6000]",36.8235294117647,"['WPC\n8019\n', '3666ELT\n', 'KBDominick\nMcClellanville\nSouth Carolina\n\n', '']","['C\n8019\n', '3666\n', 'RD\nCC\nC\n\n', '']","['WPC\n8019\n', '3666\n', 'CC\nC\n\n', '']",modelv1.0__2026-05-17 21:21:18
D:/moth_photos/database\batch_13\img_moth_00024357.jpg,"[4000, 6000]",36.94117647058823,"['WPC\n8020\n', 'RB inick\nMcClebhanvill\nSouthCsrolina\n13Sept1975\nLiahtcre\n']","['C\n8020\n', 'R\nC\nC\n131975\n']","['WPC\n8020\n', 'C\nC\n131975\n']",modelv1.0__2026-05-17 21:21:18
D:/moth_photos/database\batch_13\img_moth_00024358.jpg,"[4000, 6000]",37.01960784313725,"['WPC\n8021\n', 'RBDominick\nCharlesREdwards\nMcCilellanville\nSouth Carolina29458\n\nLigneo\n', '']","['RC\n8021\n', 'RRD\nCR\nC\nC29458\n', '']","['WPC\n8021\n', 'C\nC\nC29458\n', '']",modelv1.0__2026-05-17 21:21:18
D:/moth_photos/database\batch_13\img_moth_00024359.jpg,"[4000, 6000]",37.0,"['WPC\n8022\n', 'CharlesREdwards\nMcClellanville\n\n27SeptJKB\nC1oinF\n\nRBDominick Ms\n', '']","['C\n8022\n', 'CR\nC\n\n27\nC1\n\nRD\n', '']","['WPC\n8022\n', 'C\nC\n\n27\nC1\n', '']",modelv1.0__2026-05-17 21:21:18
D:/moth_photos/database\batch_13\img_moth_00024360.jpg,"[4000, 6000]",37.18000000000001,"['SOUTHCAROLINA\nWedgePlantation\nMcClellanville\n\n15Vilf196P\n\nDCFerguson\n', 'WPC\n8023\n']","['CRC\nC\n\n15196\n\nDC\n', 'C\n8023\n']","['CC\nWP\nC\n\n15W196P\n\nCP\n', 'WPC\n8023\n']",modelv1.0__2026-05-17 21:21:18
D:/moth_photos/database\batch_13\img_moth_00024361.jpg,"[4000, 6000]",37.11764705882353,"['WPC\n8024\n', 'SOUTHCAROLINA\nWedyePlantation\n\nMcCle 111962\niS Vie 1967\n\nFerguson\n', '']","['C\n8024\n', 'CRC\n\nC 111962\n1967\n', '']","['WPC\n8024\n', 'CC\nWP\n\nC 111962\n1967\n', '']",modelv1.0__2026-05-17 21:21:18
D:/moth_photos/database\batch_13\img_moth_00024362.jpg,"[4000, 6000]",36.92156862745098,"['WPC\n8025\n', 'KBDominick\nCharlesREdwards\nMcClellanville\nSouthCarolina\n\n3Nov1967\nLiatit\n']","['C\n8025\n', 'R5D\nCR\nC\nC\n\n31967\n']","['WPC\n8025\n', '5\nC\nC\nC\n\n31967\n']",modelv1.0__2026-05-17 21:21:18
D:/moth_photos/database\batch_13\img_moth_00024363.jpg,"[4000, 6000]",36.9607843137255,"['WPCC\n8026\n', 'hMheOVOMINICK\nCharlesREdwards\nMicClellanville\nSouthCarolina e\n\n5S2pf99\nGFT\n', 'e8eUES\n\narlesR Edwards\nSef of i\nhha 8026\n\n']","['C\n8026\n', 'DC\nCR\nC\n0C\n\n5299\n7\n', '85\n\nR\n8026\n\n']","['WPCC\n8026\n', 'C\nC\nC\n0C\n\n5299\n7\n', '85\n\nW\n8026\n\n']",modelv1.0__2026-05-17 21:21:18
D:/moth_photos/database\batch_13\img_moth_00024364.jpg,"[4000, 6000]",37.03921568627451,"['WPC\n8027\n', 'RBDominick\nCharlesREdwards\nMcGlellanville\nSouthCarolinae\n\n23SaptiiDe\nnar\n', '']","['C\n8027\n', 'RRD\nCR\nC\n\n23D\n', '']","['WPC\n8027\n', 'C\nC\n\n23P\n', '']",modelv1.0__2026-05-17 21:21:18
D:/moth_photos/database\batch_13\img_moth_00024365.jpg,"[4000, 6000]",36.76470588235294,"['WPC\n8078\n', 'RBDominick\n\nCharlesREdwards\n\nMcClellanville\n\nSouth Bae 29458\nFiuGJ390\nCight\n', '']","['C\n8078\n', 'RRD\nCR\nC\n29458\n390\nC\n', '']","['WPC\n8078\n', 'C\nC\n29458\n390\nC\n', '']",modelv1.0__2026-05-17 21:21:18
D:/moth_photos/database\batch_13\img_moth_00024366.jpg,"[4000, 6000]",36.80392156862745,"['WPC\n8029\n', 'RBDominick\nChariesREdwards\nMcClellanville\nSouthCarolina29458\n\n2SSeghs970\nLeSgokS\n', '']","['RC\n8029\n', 'RRD\nCR\nC\nC29458\n\n2970\n', '']","['WPC\n8029\n', 'C\nC\nC29458\n\n2970\n', '']",modelv1.0__2026-05-17 21:21:18
D:/moth_photos/database\batch_13\img_moth_00024367.jpg,"[4000, 6000]",37.01960784313725,"['WPC\n8030\n', 'RBVominick\nCharlesREdwards\nMcClellanville\n\n27 AGT\nreas\n', '']","['C\n8030\n', 'RD\nCR\nC\n\n27 7\n', '']","['WPC\n8030\n', 'C\nC\n\n27 7\n', '']",modelv1.0__2026-05-17 21:21:18
D:/moth_photos/database\batch_13\img_moth_00024368.jpg,"[4000, 6000]",37.0,"['WPC\n8031\n', 'NOVOmInNIcCK\nCharlesREdwards\nMicClellanville\nSouthCarolina\n\n2gSept147e\n\na a\na\n']","['C\n8031\n', 'DC\nCR\nC\n0C\n\n2147C\n\n2\n']","['WPC\n8031\n', 'C\nC\nC\n0C\n\n2147C\n\n2\n']",modelv1.0__2026-05-17 21:21:18
D:/moth_photos/database\batch_13\img_moth_00024369.jpg,"[4000, 6000]",37.01960784313725,"['WPC\n8032\n', 'xn6BDominick\nSharlesREdwards\nicCiellanville\nsouthCarolina29458\nF7OAug1970\nshe bl\n', '']","['C\n8032\n', '6D\nCR\nC\nC29458\n701970\n', '']","['WPC\n8032\n', '6\nC\nC\nC29458\n701970\nW\n', '']",modelv1.0__2026-05-17 21:21:18
D:/moth_photos/database\batch_13\img_moth_00024370.jpg,"[4000, 6000]",37.21568627450981,"['WPC\n8033\n', 'RBDominick\nCharlesREdwards\nMcClellanville\nSouthCarolina29458\n3Auo970\nLigthtYo\n', '']","['C\n8033\n', 'RRD\nCR\nC\nC29458\n3R970\n', '']","['WPC\n8033\n', 'C\n\nC\n\nC29458\n3970\n', '']",modelv1.0__2026-05-17 21:21:18
D:/moth_photos/database\batch_13\img_moth_00024371.jpg,"[4000, 6000]",36.9607843137255,"['WPC\n8034\n', 'MCUiellanville\nSouthCarolina\nBDominick\n']","['C\n8034\n', 'CC\nC\nRD\n']","['WPC\n8034\n', 'CC\nC\n']",modelv1.0__2026-05-17 21:21:18
D:/moth_photos/database\batch_13\img_moth_00024372.jpg,"[4000, 6000]",36.92156862745098,"['WPC\n8035\n', 'SOUTHCAROLINA\nWedgePlantation\nMcClellafville\nAugust 221968\n\nTD BParniaenn\n', '']","['C\n8035\n', 'CR\nC\n221968\n\nD R\n', '']","['WPC\n8035\n', 'C\nWP\nC\n221968\n\nP\n', '']",modelv1.0__2026-05-17 21:21:18
D:/moth_photos/database\batch_13\img_moth_00024373.jpg,"[4000, 6000]",36.666666666666664,"['WPC\n8036\n', 'SOUTHCAROLINA\nWedgePlantation\nMcClellafiville\nAugust 22 1968\nDC Ferguson\n', '']","['C\n8036\n', 'CRC\nC\n22 1968\nDC\n', '']","['WPC\n8036\n', 'CC\nWP\nC\n22 1968\nC P\n', '']",modelv1.0__2026-05-17 21:21:18
D:/moth_photos/database\batch_13\img_moth_00024374.jpg,"[4000, 6000]",37.160000000000004,"['WPC\n8037\n', 'ChariesR Edwanis\nMcClellanville\nPop Carolina29458\n\nFSegt 1768\nCrisp\n', '']","['RC\n8037\n', 'CR\nC1\nC29458\n\n1768\nC\n', '']","['WPC\n8037\n', 'C\nC1\nP C29458\n\n1768\nC\n', '']",modelv1.0__2026-05-17 21:21:18
D:/moth_photos/database\batch_13\img_moth_00024375.jpg,"[4000, 6000]",37.05882352941176,"['WPC\n8038\n', 'SOUTHCAROLINA\nWedge Plantation\nMcClellanville\nAugust 22 1968\n9CFeragugon\n', '']","['C\n8038\n', 'CR\nC\n22 1968\n9C\n', '']","['WPC\n8038\n', 'C\nW P\nC\n22 1968\n9CP\n', '']",modelv1.0__2026-05-17 21:21:18
D:/moth_photos/database\batch_13\img_moth_00024376.jpg,"[4000, 6000]",36.7843137254902,"['WPC\n8039\n', 'SOUTHCAROLINA\nWedge Plantation\nMcClellanville\nAugust 19 1968\nDCFerguson\n']","['C\n8039\n', 'CR\nC\n19 1968\nDC\n']","['WPC\n8039\n', 'C\nW P\nC\n19 1968\nCP\n']",modelv1.0__2026-05-17 21:21:18
D:/moth_photos/database\batch_13\img_moth_00024377.jpg,"[4000, 6000]",36.705882352941174,"['WPC\n8040\n', 'SOUTHCAROLINA\nWedge Plantation\nMcClellanville\nAugust 26 1968\nDCFeraquson\n']","['C\n8040\n', 'CR\nC\n26 1968\nDC\n']","['WPC\n8040\n', 'C\nW P\nC\n26 1968\nC\n']",modelv1.0__2026-05-17 21:21:18
D:/moth_photos/database\batch_13\img_moth_00024378.jpg,"[4000, 6000]",37.0,"['WPC\n8041\n', 'RBDominick\nCharlesR EdwarssP\nMcClellanville\nSoutheCarolina29458\nSepts968\n\nLoft\n']","['RC\n8041\n', 'RD\nCR\nC\nC29458\n968\n\n4\n']","['WPC\n8041\n', 'C P\n\nC\n\nC29458\n968\n\n4\n']",modelv1.0__2026-05-17 21:21:18
D:/moth_photos/database\batch_13\img_moth_00024379.jpg,"[4000, 6000]",37.07843137254902,"['WPC\n8042\n', 'RBDominick\nCharlesR EdwardsS\nMcClellanville\nSouthEarolina29458\n\nSent\nLsAg 769\n']","['C\n8042\n', 'RD\nCR\nC\n29458\n\n769\n']","['WPC\n8042\n', 'C\nC\n29458\n\n769\n']",modelv1.0__2026-05-17 21:21:18
D:/moth_photos/database\batch_13\img_moth_00024380.jpg,"[4000, 6000]",36.80392156862745,"['WPC\n8043\n', 'mCcCULCLianvillie\nSouth Carolina\n8Dominick\n\n4Sol166\nja Gg\n']","['C\n8043\n', 'CC1\nC\n8D\n\n4166\n1\n']","['WPC\n8043\n', 'CC1\nC\n8\n\n4166\n1\n']",modelv1.0__2026-05-17 21:21:18
D:/moth_photos/database\batch_13\img_moth_00024381.jpg,"[4000, 6000]",37.15686274509804,"['WPC\n8044\n', 'RBDominick\nCharlesREdwards\nMcClellanville\nSouthCarolina29458\n\n27 ScitGCEE\nLitnk\n']","['RC\n8044\n', 'RRD\nCR\nC\nC29458\n\n27 9C\nC\n']","['WPC\n8044\n', 'C\nC\nC29458\n\n27 9C\nC\n']",modelv1.0__2026-05-17 21:21:18
D:/moth_photos/database\batch_13\img_moth_00024382.jpg,"[4000, 6000]",37.05882352941176,"['WPC\n8045\n', 'McClellanville\nSouthCarolina\nRBDominick\n\nfoAog\n', 'Hormoschis Ta\nJalipelpis oe\n\nDetDCFerguson19 6 a\nPeabodyMuseumYaleUnivf\n\n', '']","['C\n8045\n', 'C\nC\nRD\n\nR\n', 'C\n\nDDC19 6 4\n\n', '']","['WPC\n8045\n', 'C\nC\n', 'C\n\nPCP19 6 4\nP\n\n', '']",modelv1.0__2026-05-17 21:21:18
D:/moth_photos/database\batch_13\img_moth_00024383.jpg,"[4000, 6000]",36.7843137254902,"['WPC\n8046\n', 'KBDominick\nMcClellanville\ney Carolina\n\ncfI972\n', 'detELTodd\n', 'DMBC00082\nRICHARDBDOMINICK\nMOTH8BUTTERFLYCOLLECTION\n\nUNIVERSITYOFSOUTHCAROLINA\n']","['C\n8046\n', 'RD\nC\nC\n\n1972\n', '', 'DC00082\nRCRD8DC\n8RCC\n\nRCR\n']","['WPC\n8046\n', 'C\nC\n\n1972\n', '', 'PC00082\nC8C\n8PCC\n\nC\n']",modelv1.0__2026-05-17 21:21:18
D:/moth_photos/database\batch_13\img_moth_00024384.jpg,"[4000, 6000]",37.01960784313725,"['WPC\n8047\n', 'SOUTHCAROLINA\nWedgePlantation\nMcClellahville\nAugustG1968\nDCFerguson\n', 'Htlahpals\n', '']","['C\n8047\n', 'CRC\nC\n1968\nDC\n', '', '']","['WPC\n8047\n', 'CC\nWP\nC\n1968\nC\n', '', '']",modelv1.0__2026-05-17 21:21:18
D:/moth_photos/database\batch_13\img_moth_00024385.jpg,"[4000, 6000]",36.90196078431373,"['WPC\n8048\n', 'KBDominick\nMcClellanville\nSouth Carolina\n16Ocrt473\nhisuro7F\n', 'es\n\n2b Bo\n\nidetELTodd\n', '46Dominick\nMcClellanville\nsouthCarolina\n\nZOcr14973\nteuro7\n\nWPC\n8048\n']","['RC\n8048\n', 'RD\nC\nC\n16071473\n07\n', '32\n', '46D\nC\n0C\n\n0714973\n7\n\nC\n8048\n']","['WPC\n8048\n', 'C\nC\n16071473\n07\n', '32\n', '46\nC\n0C\n\n0714973\n7\n\nWPC\n8048\n']",modelv1.0__2026-05-17 21:21:18
D:/moth_photos/database\batch_13\img_moth_00024386.jpg,"[4000, 6000]",37.1764705882353,"['', 'RBDominick\nChariesREdwards\nMcClellanville\nSouthCarolina29458\n\n4NOVsGCEF\nfsSSAL\n', '', 'DMBC00079\n\nRICHARDBDOMINICK\nMOTHBUTTERFLYCOLLECTION\n\nUNIVERSITYOFSOUTHCAROLINA\n']","['', 'RD\nCR\nC1\nC29458\n\n4C\n2\n', '', 'DC00079\n\nRCRD8DC\nRCC\n\nRCR\n']","['', 'C\nC1\nC29458\n\n4WC\n2\n', '', 'PC00079\n\nC8C\nPCC\n\nC\n']",modelv1.0__2026-05-17 21:21:18
D:/moth_photos/database\batch_13\img_moth_00024387.jpg,"[4000, 6000]",36.84313725490196,"['WPC\n8050\n', 'NDVOMINICK\nMcClellanville\naa Carolina\n\n3Apr1976\nake\n', '', 'BDominick\nAcClellanville\nouth Carolina WPC\n\nsAerS75M3050\n\n']","['C\n8050\n', 'DC\nC\nC\n\n31976\n', '', '5D\nCC\nC C\n\n753050\n\n']","['WPC\n8050\n', 'C\nC\nC\n\n3P1976\n', '', '5\nCC\nC WPC\n\n753050\n\n']",modelv1.0__2026-05-17 21:21:18
D:/moth_photos/database\batch_13\img_moth_00024388.jpg,"[4000, 6000]",37.15686274509804,"['WPC\n8051\n', 'L5Dominick\nAcClellanville\nry Carolin\n\nduty122 1996\n\ndul\n', '']","['C\n8051\n', '5D\nC\nC2\n\nD122 1996\n\n9\n', '']","['WPC\n8051\n', '5\nC\nC2\n\n122 1996\n\n9\n', '']",modelv1.0__2026-05-17 21:21:18
D:/moth_photos/database\batch_13\img_moth_00024389.jpg,"[4000, 6000]",36.627450980392155,"['WPC\n8052\n', 'RBDominic\nMcClellanville\nsouthCarolin\n', '']","['C\n8052\n', 'RD\nC\n0C\n', '']","['WPC\n8052\n', '2\nC\n0C\n', '']",modelv1.0__2026-05-17 21:21:18
D:/moth_photos/database\batch_13\img_moth_00024390.jpg,"[4000, 6000]",37.0,"['WPC\n8053\n', 'RBDominick\nMcClellanville\nSouth Carolina\n\nItfua1973\nliakkeO\n', '', 'RBDominick\nMcClellanville\nSouth Caeclina\n\nIthug\nhia\n\nWPC\n8053\n']","['C\n8053\n', 'RD\nC\nC\n\n1973\n', '', 'RD\nC\nC\n\nR\n\nC\n8053\n']","['WPC\n8053\n', 'C\nC\n\n1973\n', '', 'C\nC\n\nWPC\n8053\n']",modelv1.0__2026-05-17 21:21:18
D:/moth_photos/database\batch_13\img_moth_00024391.jpg,"[4000, 6000]",36.98039215686274,"['WPC\n8054\n', 'BVOMINICK\nharlesREdwards\n\nfcCleanvinles\nouthCarofin\n\n25July te\nahd\n', '']","['C\n8054\n', 'DC\nR\n\nC\nC\n\n25\n', '']","['WPC\n8054\n', 'C\nC\nC\n\n25\n', '']",modelv1.0__2026-05-17 21:21:18
D:/moth_photos/database\batch_13\img_moth_00024392.jpg,"[4000, 6000]",36.94117647058823,"['WPC\n8055\n', 'RBDominick\nCharliesREdwards\nMcClellanville\nSouthCapolinae\n\naI Yune9\nmae A\n', '']","['C\n8055\n', 'RD\nCR\nC\nC\n\n9\n', '']","['WPC\n8055\n', 'C\nC\nC\n\n9\n', '']",modelv1.0__2026-05-17 21:21:18
D:/moth_photos/database\batch_13\img_moth_00024393.jpg,"[4000, 6000]",37.1764705882353,"['WPC\n8056\n', 'he2eMOMINICK\nCharlesREdwards\nMc Clellanville\nSouthCarolina\n\nfulyBP\nfuiy5\n', '']","['C\n8056\n', '2C\nCR\nC\n0C\n\n5\n', '']","['WPC\n8056\n', '2C\nC\nC\n0C\n\nP\n5\n', '']",modelv1.0__2026-05-17 21:21:18
D:/moth_photos/database\batch_13\img_moth_00024394.jpg,"[4000, 6000]",36.94117647058823,"['WPC\n8057\n', 'RBDominick\nCharlesREdwards\nMcClellanville\nSouthCarolina29458\n42Sunes97\n\nCifhtgF\n']","['C\n8057\n', 'RD\nCR\nC\nC29458\n4297\n\nC\n']","['WPC\n8057\n', 'C\n\nC\n\nC29458\n4297\n\nC\n']",modelv1.0__2026-05-17 21:21:18
D:/moth_photos/database\batch_13\img_moth_00024395.jpg,"[4000, 6000]",37.15686274509804,"['', 'RBDominick\nCharlesREdwards\nMcClellanville\neS Carolina29458\n\nLicnettt7\n']","['', 'RRD\nCR\nC\n5 C29458\n\n7\n']","['', 'C\nC\n5 C29458\n\n7\n']",modelv1.0__2026-05-17 21:21:18
D:/moth_photos/database\batch_13\img_moth_00024396.jpg,"[4000, 6000]",37.13725490196079,"['WPC\n8059\n', 'seOVMOMinick\nharlesREdwards\nAc Clellanville\nouthCgrolind\n\n24Iuse1996\ngrJae146\n', '']","['RC\n8059\n', 'D\nR\nC\n0C\n\n241996\n146\n', '']","['WPC\n8059\n', 'C\n0C\n\n241996\n146\n', '']",modelv1.0__2026-05-17 21:21:18
D:/moth_photos/database\batch_13\img_moth_00024397.jpg,"[4000, 6000]",36.705882352941174,"['WPC\n8060\n', 'BVDomInNIcK\ntharlesREdward\nicClellanville\nouthCatolina\n\nAyord197Z\nahkrewvwy\n']","['C\n8060\n', 'DDC\nR\nC\nC\n\n1972\n']","['WPC\n8060\n', 'C\nC\nC\n\n1972\n']",modelv1.0__2026-05-17 21:21:18
D:/moth_photos/database\batch_13\img_moth_00024398.jpg,"[4000, 6000]",37.07843137254902,"['WPC\n8061\n', 'RBDominick\nCharlesREdwards\nMcClellanville\nSouthCarolina29458\n1Thag197\n\nsar\n']","['RC\n8061\n', 'RD\nCR\nC\nC29458\n1197\n']","['WPC\n8061\n', 'C\nC\nC29458\n1197\n']",modelv1.0__2026-05-17 21:21:18
D:/moth_photos/database\batch_13\img_moth_00024399.jpg,"[4000, 6000]",36.9607843137255,"['WPC\n8062\n', 'RBDominick\nCharlesREdwards\nMcClellanville\nSouthCarolina 29458\n\nLijnt\n']","['C\n8062\n', 'RD\nCR\nC\nC 29458\n']","['WPC\n8062\n', 'C\nC\nC 29458\n']",modelv1.0__2026-05-17 21:21:18
D:/moth_photos/database\batch_13\img_moth_00024400.jpg,"[4000, 6000]",37.07843137254902,"['WPC\n8063\n', 'RBDominick\nCharlesREdwards\nMcflellanville\nSouthCarolinae\n\nZYFuye1971\n\nLiritCht\n', '']","['RC\n8063\n', 'RRD\nCR\nC\n\n21971\n\nC\n', '']","['WPC\n8063\n', 'C\nC\n\n21971\n\nC\n', '']",modelv1.0__2026-05-17 21:21:18
D:/moth_photos/database\batch_13\img_moth_00024401.jpg,"[4000, 6000]",37.15686274509804,"['WPC\n8064\n', 'XBVominick\nTharlesREdwards\nAcClellanville\nouthCarolinae\n\nzJuly1371\n']","['C\n8064\n', '5DD\nR\nC\nC\n\n1371\n']","['WPC\n8064\n', '5\nC\nC\n\n1371\n']",modelv1.0__2026-05-17 21:21:18
D:/moth_photos/database\batch_13\img_moth_00024402.jpg,"[4000, 6000]",36.94117647058823,"['WPC\n8065\n', 'KBDominick\nCharlesREdwards\nMcClellanville\nSouthCarolina\n\nliahtO\n', 'BDominick\narlesREdwards\n\nClellanville WPC\n\nithCarolina\n\nwly1421B8065\n\n']","['C\n8065\n', 'RRD\nCR\nC\nC\n', 'D\nR\n\nC C\n\nC\n\n14218065\n\n']","['WPC\n8065\n', 'C\nC\nC\n', 'C WPC\n\nC\n\n14218065\n\n']",modelv1.0__2026-05-17 21:21:18
D:/moth_photos/database\batch_13\img_moth_00024403.jpg,"[4000, 6000]",37.05882352941176,"['WPC\n8066\n', 'RBDominick\nCharlesREdwards\nMcClellanville e\nSouthCarolina29458\nS7Apaes147\n\niiths2\n', '']","['C\n8066\n', 'RRD\nCR\nC\nC29458\n47147\n\n2\n', '']","['WPC\n8066\n', 'C\nC\nC29458\n47P147\n\n2\n', '']",modelv1.0__2026-05-17 21:21:18
D:/moth_photos/database\batch_13\img_moth_00024404.jpg,"[4000, 6000]",36.98039215686274,"['WPC\n8067\n', 'KbBVominicK\nCharlesREdwards\nMcClellanville\n\nafuly420\n']","['C\n8067\n', 'C\nCR\nC\n\n2420\n']","['WPC\n8067\n', 'C\nC\nC\n\n2420\n']",modelv1.0__2026-05-17 21:21:18
D:/moth_photos/database\batch_13\img_moth_00024405.jpg,"[4000, 6000]",36.98039215686274,"['WPC\n8068\n', 'BDominick\nSharlesREdwards\nicClellanville\n\nJuly1920\nQSab2\n', '']","['C\n8068\n', 'D\nR\nC\n\n1920\n2\n', '']","['WPC\n8068\n', 'C\n\n1920\n2\n', '']",modelv1.0__2026-05-17 21:21:18
D:/moth_photos/database\batch_13\img_moth_00024406.jpg,"[4000, 6000]",37.15686274509804,"['WPC\n8069\n', 'RBDominick\nCharlesREdward\nMcClellanville\nSouttCarolina29458\n\n2lMays96s9\nLith\n', '']","['RC\n8069\n', 'RRD\nCR\nC\nC29458\n\n2969\n', '']","['WPC\n8069\n', 'C\nC\nC29458\n\n2969\n', '']",modelv1.0__2026-05-17 21:21:18
D:/moth_photos/database\batch_13\img_moth_00024407.jpg,"[4000, 6000]",36.9607843137255,"['RKBDominick\n\nCherlesREdwards\nMcClellanville\nSouthCafolina 29458\n\nFMASs569\nLig\n', 'WPC\n8070\n', '']","['RRD\n\nCR\nC\nC 29458\n\n5569\n', 'RC\n8070\n', '']","['C\nC\nC 29458\n\nP5569\n', 'WPC\n8070\n', '']",modelv1.0__2026-05-17 21:21:18
D:/moth_photos/database\batch_13\img_moth_00024408.jpg,"[4000, 6000]",37.05882352941176,"['WPC\n8071\n', 'RBDominick\n\nCharlesREdwardis\nMcClellanville S\nSouth Ae 29458\n\nLignt\n', '']","['C\n8071\n', 'RRD\n\nCR\nC\n29458\n', '']","['WPC\n8071\n', 'C\nC\n29458\n', '']",modelv1.0__2026-05-17 21:21:18
D:/moth_photos/database\batch_13\img_moth_00024409.jpg,"[4000, 6000]",37.11764705882353,"['WPCC\n8072\n', 'RB Dominick\nChariesREdwards S\nMcClellanville\nSouthCarolina29458\n\n39Ave1929\nLietpd\n', '']","['RC\n8072\n', 'R D\nCR\nC\nC29458\n\n391929\n', '']","['WPCC\n8072\n', 'C\nC\nC29458\n\n391929\n', '']",modelv1.0__2026-05-17 21:21:18
D:/moth_photos/database\batch_13\img_moth_00024410.jpg,"[4000, 6000]",36.88235294117647,"['WPC\n8073\n', 'RBDominick\nCharlesREdwards\nMcClellanville\nSoutCarolina29458\n24Fune1570\n']","['C\n8073\n', 'RD\nCR\nC\nC29458\n2441570\n']","['WPC\n8073\n', 'C\nC\nC29458\n2441570\n']",modelv1.0__2026-05-17 21:21:18
D:/moth_photos/database\batch_13\img_moth_00024411.jpg,"[4000, 6000]",36.94117647058823,"['WPC\n8074\n', 'RBDominick\nChariesR Edwards\nMcClellanyille\nSouthCarolina29458\n\nAFAM1969\n', '']","['C\n8074\n', 'RRD\nCR\nC\nC29458\n\n1969\n', '']","['WPC\n8074\n', 'C WP\nC\nC29458\n\nP1969\n', '']",modelv1.0__2026-05-17 21:21:18
D:/moth_photos/database\batch_13\img_moth_00024412.jpg,"[4000, 6000]",36.94117647058823,"['RRDominick\n\nCharlesREdwards\n\nMcClellanville\n\nSouthCardlina29458\nRYEAPRITES\nLsanr\n', 'WPC\n8075\n']","['RRD\n\nCR\n\nC\n\nC29458\nRR1\n4\n', 'C\n8075\n']","['C\n\nC\n\nC29458\nP1\n4\n', 'WPC\n8075\n']",modelv1.0__2026-05-17 21:21:18
D:/moth_photos/database\batch_13\img_moth_00024413.jpg,"[4000, 6000]",36.90196078431373,"['WPC\n8076\n', 'McClellanville\nSouthCarolina\nReBDominicl\n\n2M 1966\n']","['C\n8076\n', 'C\nC\nRRD\n\n2 1966\n']","['WPC\n8076\n', 'C\nC\n\n2 1966\n']",modelv1.0__2026-05-17 21:21:18
D:/moth_photos/database\batch_13\img_moth_00024414.jpg,"[4000, 6000]",36.6078431372549,"['WPC\n8077\n', 'BDominick\nSharlesREdwards\nAcCledlanville bs\njouthCarolina29458 bd\n\n2AfleJFGLE\nLithd\n', '']","['C\n8077\n', 'D\nR\nC\nC29458\n\n24\n', '']","['WPC\n8077\n', 'C\nC29458\n\n24\n', '']",modelv1.0__2026-05-17 21:21:18
D:/moth_photos/database\batch_13\img_moth_00024415.jpg,"[4000, 6000]",36.86274509803921,"['RBDominick\nCharlesREdwards\nMcClellanville lot\nSouthCarolina29458\n\nSMan1963\nCight\n', 'WPC\n8078\n']","['RD\nCR\nC\nC29458\n\n31963\nC\n', 'C\n8078\n']","['C\nC\nC29458\n\n31963\nC\n', 'WPC\n8078\n']",modelv1.0__2026-05-17 21:21:18
D:/moth_photos/database\batch_13\img_moth_00024416.jpg,"[4000, 6000]",37.07843137254902,"['WPC\n8079\n', 'McClellanville\nsour Carolina\nZ1466\n\n5fulyI6\n']","['C\n8079\n', 'C\n0 C\n1466\n\n56\n']","['WPC\n8079\n', 'C\n0 C\n1466\n\n56\n']",modelv1.0__2026-05-17 21:21:18
D:/moth_photos/database\batch_13\img_moth_00024417.jpg,"[4000, 6000]",37.0,"['WPC\n3080\n', 'McClellanville\nouthCarolina\nBDominick\n\n9g 1F6E\n']","['RC\n3080\n', 'C\nC\nD\n\n9 196\n']","['WPC\n3080\n', 'C\nC\n\n9 196\n']",modelv1.0__2026-05-17 21:21:18
D:/moth_photos/database\batch_13\img_moth_00024418.jpg,"[4000, 6000]",37.07843137254902,"['RBDominick\nMcClellanville\nSouthCaprolina29458\n\nATAfR1969\n\nfJsGLkL\n', 'WPC\n8081\n']","['RRD\nC\nC29458\n\n7R1969\n', 'C\n8081\n']","['C\nC29458\n\n7PP1969\n\nP\n', 'WPC\n8081\n']",modelv1.0__2026-05-17 21:21:18
D:/moth_photos/database\batch_13\img_moth_00024419.jpg,"[4000, 6000]",37.07843137254902,"['WPC\n8082\n', 'McClellanville\nSouthCarolina\nominick\n\nSpriasyIV6E\n4 g\n', '']","['C\n8082\n', 'C\nC\n\n6\n4\n', '']","['WPC\n8082\n', 'C\nC\n\n6\n4\n', '']",modelv1.0__2026-05-17 21:21:18
D:/moth_photos/database\batch_13\img_moth_00024420.jpg,"[4000, 6000]",36.98039215686274,"['WPCC\n8083\n', 'RBDominick\nCharlesREdwards\n\nMcCle1l ille\nSouthCarolina at\n25fnay969\nausht\n']","['RC\n8083\n', 'RRD\nCR\n\nC1\nC\n25969\n']","['WPCC\n8083\n', 'C\n\nC1\nC\n25969\n']",modelv1.0__2026-05-17 21:21:18
D:/moth_photos/database\batch_13\img_moth_00024421.jpg,"[4000, 6000]",36.705882352941174,"['WPC\n8084\n', 'McClellanville\n\nSouthCarolina\nCharlesREdwards\nlSepts967\nAsst\n']","['C\n8084\n', 'C\n\nC\nCR\n967\n']","['WPC\n8084\n', 'C\n\nC\nC\n967\n']",modelv1.0__2026-05-17 21:21:18
D:/moth_photos/database\batch_13\img_moth_00024422.jpg,"[4000, 6000]",36.9607843137255,"['WPC\n8143\n', 'KBDominicB\nMcClellanville\nSouthCarolinz\n\n20 Agri97\nbiakbo\n', 'abe nea ive\n', 'DMBC00058\nRICHARDBDOMINICK\nMOTH8BUTTERFLYCOLLECTION\n\nUNIVERSITYOFSOUTHCAROLINA\n']","['C\n8143\n', '5D\nC\nC\n\n20 97\n', '8\n', 'DC00058\nRCRD8DC\n8RRCC\n\nRCR\n']","['WPC\n8143\n', '5\nC\nC\n\n20 97\n', '8\n', 'PC00058\nC8C\n8CC\n\nC\n']",modelv1.0__2026-05-17 21:21:18
D:/moth_photos/database\batch_13\img_moth_00024423.jpg,"[4000, 6000]",36.59615384615385,"['WPC\n8144\n', 'SOUTHCAROLINA\nWedgePlantation\nMcClellahville\nAugustf1968\nDCFerguson\n', '']","['C\n8144\n', 'CR\nC\n1968\nDC\n', '']","['WPC\n8144\n', 'C\nWP\nC\n1968\nCP\n', '']",modelv1.0__2026-05-17 21:21:18
D:/moth_photos/database\batch_13\img_moth_00024424.jpg,"[4000, 6000]",37.19607843137255,"['WPC\n8145\n', 'CharlesR Edwards\nMcCle lienville\nSouthCarolina\n\nfg\n', '', 'RICHARDBDOMINICK\n\nMOTHBUTTERFLYCOLLECTION\nUNIVERSITYOFSOUTHCARQIINQ\n']","['C\n8145\n', 'CR\nC\nC\n', '', 'RCRDDC\n\nRCC\nRCR\n']","['WPC\n8145\n', 'C\nC\nC\n', '', 'CC\n\nCC\nC\n']",modelv1.0__2026-05-17 21:21:18
D:/moth_photos/database\batch_13\img_moth_00024425.jpg,"[4000, 6000]",37.120000000000005,"['WPC\n8146\n', 'nOVominick\nCharlesREdwards\nMicClellanville\nsouthCarolinae\n\n26Stpf992\ntckehcOF\n', '']","['C\n8146\n', 'D\nCR\nC\n0C\n\n26992\n4C\n', '']","['WPC\n8146\n', 'C\nC\n0C\n\n26P992\n4CP\n', '']",modelv1.0__2026-05-17 21:21:18
D:/moth_photos/database\batch_13\img_moth_00024426.jpg,"[4000, 6000]",36.59615384615385,"['WPC\n8147\n', 'KBDominick\nChariesR Edwards\nMcClellanville\n\nSoutl Carolina29458\n\n77Mman1969\nay\n', 'DMBC00038\nRICHARDBDOMINICK\n\nMOTH8BUTTERFIYCOLLECTION\nUNIVERSITYOFSOUTHCAROLINA\n', 'leSea3T\n']","['C\n8147\n', 'RD\nCR\nC\n\nC29458\n\n7741969\n', 'DC00038\nRCRDDC\n\n8R1CC\nRCCRC\n', '3\n']","['WPC\n8147\n', 'C P\nC\nC29458\n\n7741969\n', 'C00038\nCWC\n\n81CC\nCCC\n', '3\n']",modelv1.0__2026-05-17 21:21:18
D:/moth_photos/database\batch_13\img_moth_00024427.jpg,"[4000, 6000]",36.745098039215684,"['WPC\n8148\n', 'RbDominick\nCharlesREdwards\nMc Clellanville\nSouthCagelina\n\nSfully1190\n', '']","['C\n8148\n', 'R6D\nCR\nC\nC\n\n1190\n', '']","['WPC\n8148\n', '6\nC\nC\nC\n\n1190\n', '']",modelv1.0__2026-05-17 21:21:18
D:/moth_photos/database\batch_13\img_moth_00024428.jpg,"[4000, 6000]",36.692307692307686,"['WPC\n8149\n', 'nBVominick\nSharlesREdward\nAcClellanville\n\nIudy9C\n\nye\n\n', '']","['C\n8149\n', 'DD\nR\nC\n\n9C\n\n4\n\n', '']","['WPC\n8149\n', 'C\n\nP9C\n\n4\n\n', '']",modelv1.0__2026-05-17 21:21:18
D:/moth_photos/database\batch_13\img_moth_00024429.jpg,"[4000, 6000]",36.692307692307686,"['WPC\n8150\n', 'KBDominick\nhariesREdwards\nicClellanville\nje Caplina\n\nofa 1990\n', '']","['C\n8150\n', '6D\nR\nC\nC\n\n1990\n', '']","['WPC\n8150\n', '6\nC\nC\n\n1990\n', '']",modelv1.0__2026-05-17 21:21:18
D:/moth_photos/database\batch_13\img_moth_00024430.jpg,"[4000, 6000]",36.65384615384615,"['WPC\n8151\n', 'KbBDominick\n\nCharlesR Edwarisx\nMcClellanville\nSoufhCarolina29458\n\nhay968\n', '']","['C\n8151\n', 'D\n\nCR\nC\nC29458\n\n968\n', '']","['WPC\n8151\n', 'C\nC\nC29458\n\n968\n', '']",modelv1.0__2026-05-17 21:21:18
D:/moth_photos/database\batch_13\img_moth_00024431.jpg,"[4000, 6000]",36.65384615384615,"['WPC\n8152\n', 'RBDominick\nCharlesREdwards\nMcClellanville\nSouthCarolina29458\n2June1963\nZech\n', '']","['C\n8152\n', 'RD\nCR\nC\nC29458\n21963\n2\n', '']","['WPC\n8152\n', 'C\nC\nC29458\n21963\n2\n', '']",modelv1.0__2026-05-17 21:21:18
D:/moth_photos/database\batch_13\img_moth_00024432.jpg,"[4000, 6000]",36.94117647058823,"['WPC\n8153\n', 'RBDominick\n\nCharlesREdwards\nMcClellanville ss\nSoutharolina29458\n\n92Seat19b\nLigh\n', '']","['C\n8153\n', 'RD\n\nCR\nC\n29458\n\n9219\nC\n', '']","['WPC\n8153\n', 'C\nC\n29458\n\n9219\nC\n', '']",modelv1.0__2026-05-17 21:21:18
D:/moth_photos/database\batch_13\img_moth_00024433.jpg,"[4000, 6000]",36.55769230769231,"['WPC\n8154\n', 'RBDominick\n\nChariesREdwards7\n\nMcClellanville cs\n\nSouthCarolina29458\nZeSeahJILF\nLAgAt\n', '']","['C\n8154\n', 'RRD\n\nCR7\n\nC\n\nC29458\nD\nC\n', '']","['WPC\n8154\n', 'C7\n\nC\n\nC29458\nC\n', '']",modelv1.0__2026-05-17 21:21:18
D:/moth_photos/database\batch_13\img_moth_00024434.jpg,"[4000, 6000]",36.692307692307686,"['WPC\n8155\n', 'RRDominick\nCharlesREdwards\nMcClellanville\nSouthCarolina29458\n\n22iatF\nwera 7\n', '']","['C\n8155\n', 'RRD\nCR\nC\nC29458\n\n229\n7\n', '']","['WPC\n8155\n', 'C\nC\nC29458\n\n229\n7\n', '']",modelv1.0__2026-05-17 21:21:18
D:/moth_photos/database\batch_13\img_moth_00024435.jpg,"[4000, 6000]",37.15686274509804,"['WPC\n8156\n', 'RBDominick\nCharlesREdwards\nMEClellanville\nSouthCarolina29458\n\nYJune176R\nfttChid\n', '']","['C\n8156\n', 'RRD\nCR\nC\nC29458\n\n176R\nC\n', '']","['WPC\n8156\n', 'C\nC\nC29458\n\n176\nC\n', '']",modelv1.0__2026-05-17 21:21:18
D:/moth_photos/database\batch_13\img_moth_00024436.jpg,"[4000, 6000]",36.86274509803921,"['WPC\n8157\n', 'RBDominick\nCharlesREdwards\nMcClellanville\nSouthCarolina29458C\n\nFO07axI9C9\nCrShy\n', '']","['C\n8157\n', 'RRD\nCR\nC\nC29458C\n\n90749C9\nC\n', '']","['WPC\n8157\n', 'C\nC\nC29458C\n\n90749C9\nC\n', '']",modelv1.0__2026-05-17 21:21:18
D:/moth_photos/database\batch_13\img_moth_00024437.jpg,"[4000, 6000]",36.6078431372549,"['WPC\n8158\n', 'RBDominick\nCharlesREdwards\nMcClellanville\nSouthCarolina2945\n\nena 1G Lg\n', '']","['C\n8158\n', 'RD\nCR\nC\nC2945\n\n19 9\n', '']","['WPC\n8158\n', 'C\nC\nC2945\n\n19 9\n', '']",modelv1.0__2026-05-17 21:21:18
D:/moth_photos/database\batch_13\img_moth_00024438.jpg,"[4000, 6000]",36.78846153846154,"['WPC\n8159\n', 'RBDominick\n\nChariesREdwards\nMcClellanville\nSowthCarolina294\n\nI5July\nlu PL WF\n', '']","['C\n8159\n', 'RRD\n\nCR\nC\nC294\n\n15\n47\n', '']","['WPC\n8159\n', 'C\nC\nC294\n\n15\nP W447\n', '']",modelv1.0__2026-05-17 21:21:18
D:/moth_photos/database\batch_13\img_moth_00024439.jpg,"[4000, 6000]",36.88461538461538,"['WPC\n8160\n', 'McClellanville\nSouthCarolina\nRB Dominick\n', '']","['C\n8160\n', 'C\nC\nR D\n', '']","['WPC\n8160\n', 'C\nC\n', '']",modelv1.0__2026-05-17 21:21:18
D:/moth_photos/database\batch_13\img_moth_00024440.jpg,"[4000, 6000]",37.19607843137255,"['WPC\n8161\n', 'RBDominick\nCharlesREdwards\nMc Clellanville\nSouthCarolina29458\n\nLOA4919F\n', '']","['C\n8161\n', 'RD\nCR\nC\nC29458\n\n049197\n', '']","['WPC\n8161\n', 'C\nC\nC29458\n\n049197\n', '']",modelv1.0__2026-05-17 21:21:18
D:/moth_photos/database\batch_13\img_moth_00024441.jpg,"[4000, 6000]",37.13725490196079,"['WPC\n8162\n', 'nBoVOminick\nCharlesR vitien\nMcClellanville\nSouthCarolina29458e\n\n2m\n', '']","['C\n8162\n', 'D\nCR\nC\nC29458\n\n2\n', '']","['WPC\n8162\n', 'C\nC\nC29458\n\n2\n', '']",modelv1.0__2026-05-17 21:21:18
D:/moth_photos/database\batch_13\img_moth_00024442.jpg,"[4000, 6000]",37.15686274509804,"['WPC\n8163\n', 'BDominick\nSharlesREdwards\nMcClellanville\nSouthCarolina29458\n\nPFmMauF96\ny7eay76\n', '']","['C\n8163\n', 'RD\nR\nC\n0C29458\n\n96\n7476\n', '']","['WPC\n8163\n', 'C\n0C29458\n\nPP96\n7476\n', '']",modelv1.0__2026-05-17 21:21:18
D:/moth_photos/database\batch_13\img_moth_00024443.jpg,"[4000, 6000]",37.05882352941176,"['WPC\n8164\n', 'McClellanville\nSouthCarolina\nCharlesREdwards\n\nSSuly SF67\nArghy\n\n', '']","['C\n8164\n', 'C\nC\nCR\n\n767\n\n', '']","['WPC\n8164\n', 'C\nC\nC\n\n767\n\n', '']",modelv1.0__2026-05-17 21:21:18
D:/moth_photos/database\batch_13\img_moth_00024444.jpg,"[4000, 6000]",37.19607843137255,"['WPC\n8165\n', 'McClellanville a\nSouthCarolina\nBDominick\n\nLWag\nLs ppl ATCRE\n', '']","['C\n8165\n', 'C\nC\nRD\n\nCCR\n', '']","['WPC\n8165\n', 'C\nC\n\nW\nCC\n', '']",modelv1.0__2026-05-17 21:21:18
D:/moth_photos/database\batch_13\img_moth_00024445.jpg,"[4000, 6000]",36.53846153846154,"['WPC\n8166\n', 'RBDominick\n\nCharlesREdwanis\nMcClellanville\nSouth Capolina 29458\n\n2 Cct297\n41Gb\n']","['C\n8166\n', 'RD\n\nCR\nC\nC 29458\n\n2 C297\n41\n']","['WPC\n8166\n', 'C\nC\nC 29458\n\n2 C297\n41\n']",modelv1.0__2026-05-17 21:21:18
D:/moth_photos/database\batch_13\img_moth_00024446.jpg,"[4000, 6000]",37.235294117647065,"['WPC\n8167\n', 'McClellanville\nSouthCarolina\nCharlesREdwards\n\nA451927\nhgh\n', '', 'Jeoleeoeampa\nAitburmg\n2623 Cryery\n']","['C\n8167\n', 'C\nC\nCR\n\n451927\n', '', '2623 C\n']","['WPC\n8167\n', 'C\nC\nC\n\n451927\n', '', '2623 C\n']",modelv1.0__2026-05-17 21:21:18
D:/moth_photos/database\batch_13\img_moth_00024447.jpg,"[4000, 6000]",37.21568627450981,"['WPC\n8168\n', 'aseSe AAUNGAERAOCR\n\nCharlesREdwards\nMc Clellanville\nSouth Carolina 29458\n\nsAues S968\n', 'DMBC00077\nRICIHARDBDOMINICK\nMOTH8BUTTERFLYCOLLECTION\n\nUNIVERSITYOFSOUTHCAROLINA\n']","['C\n8168\n', 'DRCR\n\nCR\nC\nC 29458\n\n6 968\n', 'DC00077\nRCRD8DC\n8RCC\n\nRCR\n']","['WPC\n8168\n', 'PC\n\nC\nC\nC 29458\n\n6 968\n', 'PC00077\nC8C\n8PCC\n\nC\n']",modelv1.0__2026-05-17 21:21:18
D:/moth_photos/database\batch_13\img_moth_00024448.jpg,"[4000, 6000]",37.1764705882353,"['WPC\n8169\n', 'Ne29eLOMMINICK\nSharlesREdwards\niicClellanville\nouthCarolinae\n\n2Ly April1422\n\n4\n\nfal\n', 'Ape 2\n', 'DMBC00078\nRICHARDBDOMINICK\n\nMOTH8BUTTERFLYCOLLECTION\nUNIVERSITYOFSOUTHCAROLINA\n']","['C\n8169\n', '29CC\nCR\nC\nC\n\n2 1422\n\n4\n', '2\n', 'DC00078\nRCRD8D0C\n\n8RCC\nRCR\n']","['WPC\n8169\n', '29CC\nC\nC\nC\n\n2 P1422\n\n4\n', 'P 2\n', 'PC00078\nC8P0C\n\n8CC\nC\n']",modelv1.0__2026-05-17 21:21:18
D:/moth_photos/database\batch_13\img_moth_00024449.jpg,"[4000, 6000]",36.98039215686274,"['WPC\n8170\n', 'RBDominick\nMcClennanville\n\niah\n']","['C\n8170\n', 'RD\nC\n\n1\n']","['WPC\n8170\n', 'C\n\n1\n']",modelv1.0__2026-05-17 21:21:18
D:/moth_photos/database\batch_13\img_moth_00024450.jpg,"[4000, 6000]",36.63461538461539,"['WPC\n8171\n', 'RBDominick\nMcClellanville\nSouth Carolina\n\nJoAus ied\nLigh\n']","['C\n8171\n', 'RD\nC\nC\n']","['WPC\n8171\n', 'C\nC\n']",modelv1.0__2026-05-17 21:21:18
D:/moth_photos/database\batch_13\img_moth_00024451.jpg,"[4000, 6000]",36.86274509803921,"['WPC\n8172\n', 'KRBDominick\nMcClellanville\nSouthCarolina\nIZ 0 1923\nla fs\n']","['C\n8172\n', 'RD\nC\nC\n2 0 1923\n']","['WPC\n8172\n', 'C\nC\n2 0 1923\n']",modelv1.0__2026-05-17 21:21:18
D:/moth_photos/database\batch_13\img_moth_00024452.jpg,"[4000, 6000]",36.98039215686274,"['WPC\n8173\n', 'RBDominick\nCharlesREdwards\nMicClellapville\nSouthLarolina\nLZayIFbI\n\nfrrk\n']","['C\n8173\n', 'RRD\nCR\nC\n50\n14\n']","['WPC\n8173\n', 'C\nC\n50\n14\n']",modelv1.0__2026-05-17 21:21:18
D:/moth_photos/database\batch_13\img_moth_00024453.jpg,"[4000, 6000]",36.53846153846154,"['WwPC\n8174\n', 'XBVominick\nSharlesREdwards\nMcClellanville\nSouthCarolina e\n\n20Aipe1 1972\nleak\n']","['C\n8174\n', 'D\nR\nC\n0C\n\n201 1972\n']","['WPC\n8174\n', 'C\n0C\n\n201 1972\n']",modelv1.0__2026-05-17 21:21:18
D:/moth_photos/database\batch_13\img_moth_00024454.jpg,"[4000, 6000]",36.92156862745098,"['WPC\n8175\n', 'BVominicK\ntharlesREdwards\nicClellanville\nouthCarolina\n\nTne\n']","['RC\n8175\n', 'D\nR\nC\n0C\n']","['WPC\n8175\n', 'C\n0C\n']",modelv1.0__2026-05-17 21:21:18
D:/moth_photos/database\batch_13\img_moth_00024455.jpg,"[4000, 6000]",37.21568627450981,"['RBDominick\nCharlesREdwards\nMcCilellanville\nSouthCarolina29458\nSOFiufPe1991\nLtfhf o\n', 'WPC\n8176\n']","['RRD\nCR\nC\nC29458\nR1991\n', 'C\n8176\n']","['C\nC\nC29458\nPP1991\n', 'WPC\n8176\n']",modelv1.0__2026-05-17 21:21:18
D:/moth_photos/database\batch_13\img_moth_00024456.jpg,"[4000, 6000]",37.11538461538462,"['WPC\n8177\n', 'MDeAUILIIALNH\nharlesREdwards\nVicClellanville\n50uth Carolina\n']","['RC\n8177\n', 'RD\nR\nC\n50 C\n']","['WPC\n8177\n', 'C\n50 C\n']",modelv1.0__2026-05-17 21:21:18
D:/moth_photos/database\batch_13\img_moth_00024457.jpg,"[4000, 6000]",37.09803921568628,"['SOUTHCAROLINA\nWedgePlantation\nMcClellanyille\n\n17Vite19P\n\nDCFerguson\n', 'WPC\n8178\n']","['CR\nC\n\n1719\n\nDC\n', 'C\n8178\n']","['C\nWP\nC\n\n1719P\n\nC\n', 'WPC\n8178\n']",modelv1.0__2026-05-17 21:21:18
D:/moth_photos/database\batch_13\img_moth_00024458.jpg,"[4000, 6000]",36.92156862745098,"['WPC\n8179\n', 'BVominick\nharlesREdward\nairagswarhiom\nion\n\nvie\n']","['C\n8179\n', 'DD\nR\n']","['WPC\n8179\n', '']",modelv1.0__2026-05-17 21:21:18
D:/moth_photos/database\batch_13\img_moth_00024459.jpg,"[4000, 6000]",36.55769230769231,"['WPC\n8180\n', 'RBDominick\nCharlesREdwards\n\nMc Clellanville c\nSouth Carolina 29458\n\nyr Pe S969\n']","['C\n8180\n', 'RDD\nCR\n\nC\n50 C 29458\n\n0 969\n']","['WPC\n8180\n', 'C\n\nC\n50 C 29458\n\nP 969\n']",modelv1.0__2026-05-17 21:21:18
D:/moth_photos/database\batch_13\img_moth_00024460.jpg,"[4000, 6000]",36.59615384615385,"['WPC\n8181\n', 'RBDominick\nChariesREdwards ZC\nMcClellanville\nSouthCarolina29458\n\nZflase467\nLISA\n']","['C\n8181\n', 'RD\nCR C\nC\nC29458\n\n7467\n4\n']","['WPC\n8181\n', 'C C\nC\nC29458\n\n7P467\n4\n']",modelv1.0__2026-05-17 21:21:18
D:/moth_photos/database\batch_13\img_moth_00024461.jpg,"[4000, 6000]",36.92156862745098,"['KOVominick\nCharlesREdwards\nMcClellanville\nSouthCarolina29458\nVb hen156F\nCigad\n', 'WPC\n8182\n']","['R\nCR\nC\nC29458\n156\nC\n', 'C\n8182\n']","['C\nC\nC29458\n156\nC\n', 'WPC\n8182\n']",modelv1.0__2026-05-17 21:21:18
D:/moth_photos/database\batch_13\img_moth_00024462.jpg,"[4000, 6000]",36.57692307692308,"['WPC\n8183\n', 'WedgePlantation\nSouthSanteeRiver\nCharlestoneCoSC\nMarch2971967\nDouglas CFergusop\n']","['C\n8183\n', 'R\nCCC\n2971967\n\nD C\n']","['WPC\n8183\n', 'WP\nCCC\n2971967\nCP\n']",modelv1.0__2026-05-17 21:21:18
D:/moth_photos/database\batch_13\img_moth_00024463.jpg,"[4000, 6000]",36.94117647058823,"['WPC\n8184\n', 'RRDominick\n\nCharlesREdwards f\n\nstevie Cy\nry 9\n']","['RC\n8184\n', 'RRD\n\nCR\n\n2 C\n9\n']","['WPC\n8184\n', 'C\n2 C\n9\n']",modelv1.0__2026-05-17 21:21:18
D:/moth_photos/database\batch_13\img_moth_00024464.jpg,"[4000, 6000]",37.01960784313725,"['RBDominick\nCharlesREdwards 2\nMcClelfanville ro\nom VO 29458\n\nMar I729\n\nrather\n', 'WPC\n8185\n\n', 'DMBC00062\nRICHARDBDOMINICK\n\nMOTHBUTTERFLYCOLLECTION\n\nUNIVERSITYOFSOUTHCAROLINA\n', '']","['RRD\nCR 2\nC\n29458\n\n1729\n', 'C\n8185\n\n', 'DC00062\nRCRD8DC\n\nRCC\n\nRCRC\n', '']","['C 2\nC\nWP 29458\n\n1729\n', 'WPC\n8185\n\n', 'PC00062\nC8C\n\nCC\n\nCC\n', '']",modelv1.0__2026-05-17 21:21:18
D:/moth_photos/database\batch_13\img_moth_00024465.jpg,"[4000, 6000]",37.09803921568628,"['WPC\n8186\n', 'SOUTHCAROLINA\nNeadgePlantation\nAcClellanyille\n\n20VuUl1963\n\nDCFerguson\n']","['C\n8186\n', '30CRC\nC\n\n2011963\n\nDC\n']","['WPC\n8186\n', '30CC\nP\nC\n\n20W11963\n\nCP\n']",modelv1.0__2026-05-17 21:21:18
D:/moth_photos/database\batch_13\img_moth_00024466.jpg,"[4000, 6000]",37.19230769230769,"['WedgePlantation\nSouthSanteeRiver\nCharlestohCoSC\nAugust 2O 1967\nlegJamesW Porter\n', 'WPC\n8187\n', 'DMBC00063\nRICHARD8DOMINICK\n\nMOTH8BUTTERFLYCOLLECTION\nUNIVERSITYOFSOUTHCAROLINA\n\n', '']","['R\nCCC\n20 1967\n', 'C\n8187\n', 'DC00063\nRCRD8DC\n\n8RCC\nRCR\n\n', '']","['WP\nCCC\n20 1967\nW P\n', 'WPC\n8187\n', 'PC00063\nC8WC\n\n8CC\nC\n\n', '']",modelv1.0__2026-05-17 21:21:18
D:/moth_photos/database\batch_13\img_moth_00024467.jpg,"[4000, 6000]",37.13725490196079,"['WPC\n8188\n', 'X6bDominick\ncharlesREdwards\nicClellanville\nouthCarolina\n\nEfug1T7\neg g\n', 'SEG\ndetEL Todd\n']","['C\n8188\n', '6D\nCR\nC\nC\n\n177\n', '6\n0\n']","['WPC\n8188\n', '6\nC\nC\nC\n\n177\n', '6\n0\n']",modelv1.0__2026-05-17 21:21:18
D:/moth_photos/database\batch_13\img_moth_00024468.jpg,"[4000, 6000]",36.61538461538461,"['WPC\n8189\n', 'RBDominick\nMcC lellanville\nSoutlYCarolina\n\n16MayR\n', 'LS\nor\nes\n']","['C\n8189\n', 'RD\nC\nC\n\n16R\n', '3\n8\n']","['WPC\n8189\n', 'C\nC\n\n16\n', '3\n8\n']",modelv1.0__2026-05-17 21:21:18
D:/moth_photos/database\batch_13\img_moth_00024469.jpg,"[4000, 6000]",36.53846153846154,"['WRC\n8190\n', 'RBDominick\nMcClellanville\nSouth Carolina\n\n17May 1933\nhigh\n', '']","['RC\n8190\n', 'RRD\nC\nC\n\n17 1933\n', '']","['WPC\n8190\n', 'C\nC\n\n17W 1933\n', '']",modelv1.0__2026-05-17 21:21:18
D:/moth_photos/database\batch_13\img_moth_00024470.jpg,"[4000, 6000]",37.11764705882353,"['WPC\n8191\n', 'jedge Plantation\n\nsouthSantee River\n\nsparlestonCOorSC\n1967\n\nAugust2 23\nleaJames wPorter\n', 'ad\n\num\nS6 35\n', 'DMBC00046\nRICHARDBDOMINICK\n\nMOTHBUTTERFLYCOLLECTION\nUNIVERSITYOFSOUTHCAROLINA\n']","['C\n8191\n', 'R\nCC\n1967\n\nR2 23\n', '6 35\n', 'DC00046\nRCRD8DC\n\nRRCC\nRCR\n']","['WPC\n8191\n', 'P\nCC\n1967\n\n2 23\nWP\n', '6 35\n', 'PC00046\nC8C\n\nCC\nC\n']",modelv1.0__2026-05-17 21:21:18
D:/moth_photos/database\batch_13\img_moth_00024471.jpg,"[4000, 6000]",37.13725490196079,"['WPC\n8192\n', 'mCageFlantation\nSouthSantee River\nCharleston CoSC\n\nAugust2201967\neqJamesWPartene\n', '', 'DMBC00045\nRICHARDBDOMINICK\n\nMOTH8BUTTERFLYCOLLECTION\nUNIVERSITYOFSOUTHCAROLINA\n']","['C\n8192\n', 'C\nR\nC C0C\n\n2201967\n', '', 'DC00045\nRCRDDC\n\n8RCC\nR0CR\n']","['WPC\n8192\n', 'CP\nC C0C\n\n2201967\nWP\n', '', 'PC00045\nCC\n\n8PCC\n0C\n']",modelv1.0__2026-05-17 21:21:18
D:/moth_photos/database\batch_13\img_moth_00024472.jpg,"[4000, 6000]",36.86274509803921,"['WPC\n8193\n', 'SOUTHCAROLINA\nWedgePlantation\nMcClelianville\nAugustJ1968\n\n4\nDCFerauson\n', 'barn\numerabis\n3625\n', 'DMBGC00044\nRICHARDBDOMINICK\nMOTH8BUTTERFLYCOLLECTION\n\nUNIVERSITYOFSOUTHCAROLINA\n']","['C\n8193\n', 'CR\nC\n1968\n\n4\nDC\n', '6\n3625\n', 'DC00044\nRCRDDC\n8RRCC\n\nRCR\n']","['WPC\n8193\n', 'C\nWP\nC\n1968\n\n4\nC\n', '6\n3625\n', 'C00044\nCWC\n8PCC\n\nC\n']",modelv1.0__2026-05-17 21:21:18
D:/moth_photos/database\batch_13\img_moth_00024473.jpg,"[4000, 6000]",36.8235294117647,"['weageFriantation\nSouthSanteeRiver\nCharleston CoSC\nAugust 4 1967\n\nlea ganze WDaveaor\n', 'WPC\n8194\n', '', 'DMBC00043\n\nRICHARDBDOMINICK\nMOTHBUTTERFLYCOLLECTION\nUNIVERSITYOFSOUTHCAROLINA\n']","['R\nC CC\n4 1967\n\nD\n', 'C\n8194\n', '', 'DC00043\n\nRCRD8DC\nRCC\nRCR\n']","['W\nC CC\n4 1967\n\nWP\n', 'WPC\n8194\n', '', 'PC00043\n\nC8WC\nPCC\nC\n']",modelv1.0__2026-05-17 21:21:18
D:/moth_photos/database\batch_13\img_moth_00024474.jpg,"[4000, 6000]",37.01960784313725,"['WPC\n8195\n', 'Wedge Plantation\nSouth SanteeRiver\nCharlegtonCoSC\nAugust oj 1967\nlegJames WePorter\n\n', '', 'DMBC00042\nRICHARDBDOMINICK\n\nMOTH8BUTTERFLYCOLLECTION\nUNIVERSITYOFSOUTHCAROLINA\n']","['C\n8195\n', 'R\nCCC\n1967\n\n', '', 'DC00042\nRCRDD0C\n\n8RCC\nRCR\n']","['WPC\n8195\n', 'W P\nCCC\n1967\nWP\n\n', '', 'PC00042\nCP0C\n\n8CC\nC\n']",modelv1.0__2026-05-17 21:21:18
D:/moth_photos/database\batch_13\img_moth_00024475.jpg,"[4000, 6000]",36.80392156862745,"['SOUTHCAROLINA\nWedgePlantation\nMcClellarville\nAugust 13 1968\nDC Ferauson\n', 'WPC\n8196\n', 'Gabare\n', 'DMBC00041\nRICHARDBDOMINICK\n\nMOTHBUTTERFLYCOLLECTION\nUNIVERSITYOFSOUTHCAROLINA\n']","['CR\nC\n13 1968\nDC\n', 'C\n8196\n', '', 'DC00041\nRCRD8DC\n\nRCC\nRCR\n']","['C\nWP\nCW\n13 1968\nC\n', 'WPC\n8196\n', '', 'PC00041\nC8C\n\nCC\nC\n']",modelv1.0__2026-05-17 21:21:18
D:/moth_photos/database\batch_13\img_moth_00024476.jpg,"[4000, 6000]",36.769230769230774,"['SOUTHCAROLINA\nWedge Plantation\nMcClellanville\nAugust i 1968\nDCz Ferguson\n', 'WPC\n8330\n', 'LOL Gs 3\n4oMee2 i\nCon Fb3s\n\nolel\noe odP6 Fran\noS\n', 'DMBCO00179\nRICHARDBDOMINICK\n\nMOTHBUTTERFLYCOLLECTION\nUNIVERSITYOFSOUTHCAROLINA\n']","['CRC\nC\n1968\nDC\n', 'C\n8330\n', '033 3\n42\nC 35\n\n6\n', 'DC00179\nRCRD8DC\n\nRCC\nRCR\n']","['CC\nW P\nC\n1968\nC P\n', 'WPC\n8330\n', '033 3\n4P2\nC 35\n\nP6 P\n', 'PC00179\nC8C\n\nCC\nC\n']",modelv1.0__2026-05-17 21:21:18
D:/moth_photos/database\batch_13\img_moth_00024477.jpg,"[4000, 6000]",36.71153846153846,"['WPC\n8392\n', 'RBDominick\nMcClellanville\nSouthCarolina\n\nL0cH1972\nShi Pp\n', 'Olepting mg\n\npigtio\n', 'DMBC00204\nRICHARDBDOMINICK\n\nMOTH8BUTTERFLY COLLECTION\nUNIVERSITYOFSOUTHCAROLINA\n\n']","['C\n8392\n', 'RD\nC\nC\n\n01972\n2\n', 'D\n\nR\n', 'DC00204\nRCRD8DC\n\n8R CC\nR0CR\n\n']","['WPC\n8392\n', 'C\nC\n\n01972\n2 P\n', '', 'C00204\nC8C\n\n8 CC\n0C\n\n']",modelv1.0__2026-05-17 21:21:18
D:/moth_photos/database\batch_13\img_moth_00024478.jpg,"[4000, 6000]",36.72549019607843,"['WPC\n8197\n', '', 'RBDominick\nMcClellanville\n\n4 h 71992\ngules\n', 'BC00039\nRICHARDBDOMINICK\n\nMOTHBUTTERFLY COLLECTION\n\nHINIVERSITYOFSQUTH CAROLINA\n']","['C\n8197\n', '', 'RD\nC\n\n4 71992\n', 'RC00039\nRCRDDC\n\nRR CC\n\nRC CR\n']","['WPC\n8197\n', '', 'C\n\n4 71992\n', 'C00039\nCC\n\nP CC\n\nWC C\n']",modelv1.0__2026-05-17 21:21:18
D:/moth_photos/database\batch_13\img_moth_00024479.jpg,"[4000, 6000]",37.01960784313725,"['WPC\n8331\n', 'SUUTHCAROLINA\nWedgePlantation\nMcClellafville\nAugustJ31968\nDC Ferguson\n', '75ers\n3730\n', 'DMBC00180\nRICHARDBDOMINICK\nMOTH8BUTTERFLYCOLLECTION\n\nUNIVERSITYOFSOUTHCAROLINA\n\n']","['C\n8331\n', 'CR\nC\n31968\nDC\n', '75\n3730\n', 'DC00180\nRCRDDC\n8RCC\n\nRCR\n\n']","['WPC\n8331\n', 'C\nWP\nC\n31968\nC\n', '75\n3730\n', 'PC00180\nCC\n8CC\n\nC\n\n']",modelv1.0__2026-05-17 21:21:18
D:/moth_photos/database\batch_13\img_moth_00024480.jpg,"[4000, 6000]",36.63461538461539,"['WPC\n8393\n', '25Vominics\nMcClellanville\nSouthCarolin\n\nIqOct1474\nprgtO\n', 'DMBCO00201\nRICHARDB DOMINICK\n\nMOTH8BUTTERFLYCOLLECTION\nUNIVERSITYOFSOUTHCAROLINA\n\n']","['C\n8393\n', '25\nC\nC\n\n01474\n', 'DC00201\nRCRD8 DC\n\n8RCC\nRCR\n\n']","['WPC\n8393\n', '25\nC\nC\n\n01474\nP\n', 'PC00201\nC8 PC\n\n8PCC\nC\n\n']",modelv1.0__2026-05-17 21:21:18
D:/moth_photos/database\batch_13\img_moth_00024481.jpg,"[4000, 6000]",36.76470588235294,"['WPC\n8198\n', 'RBDominics\nMcClellanville\nSouthdaroline\n\nSoduly14 1473\n', 'heane9P\n\non\ntiagtemag\n\ndehCtLr\n', 'RBDominick\nMcClellanville\nSoutharolina\n\n30 Jul 2\n\nWPC\n8198\n']","['C\n8198\n', 'RD\nC\n\n014 1473\n', '9\n\n4\n\nC\n', 'RRD\nC\n0\n\n30 2\n\nC\n8198\n']","['WPC\n8198\n', 'C\n\n014 1473\n', '9P\n\n4\n\nC\n', 'P\nC\n0\n\n30 2\n\nWPC\n8198\n']",modelv1.0__2026-05-17 21:21:18
D:/moth_photos/database\batch_13\img_moth_00024482.jpg,"[4000, 6000]",36.692307692307686,"['NedgePlantation\nSouthSanteeRiver\nCharlestoyCoSC\nMarchFJ1967\nDouglasCFerguson\n', 'WPC\n8332\n', 'DMBC00182\nRICHARDBDOMINICK\n\nMOTHBUTTERFLYCOLLECTION\nUNIVERSITYOFSOUTHCAROLINA\n']","['5R\nCC0C\n1967\nDC\n', 'RC\n8332\n', 'DC00182\nRCRD8DC\n\nRCC\nRCR\n']","['P\n5\nCC0C\n1967\nC\n', 'WPC\n8332\n', 'PC00182\nC8WC\n\nCC\nC\n']",modelv1.0__2026-05-17 21:21:18
D:/moth_photos/database\batch_13\img_moth_00024483.jpg,"[4000, 6000]",36.61538461538461,"['WPC\n8394\n', 'RBDominick\n\nCharlesR EdwarisSP\nMcClellanville\n\nSouthCafolina29458\n2June17t9\nLight\n', 'Ae JR\ntF\n\nLee Ae 3x2 a Jf\n\nley Line ROE a\n\n', 'DMBC00187\nRICHARDBDOMINICK\n\nMOTHBUTTERFLYCOLLECTION\nUNIVERSITYOFSOUTHCARQLINA\n']","['C\n8394\n', 'RD\n\nCR\nC\n\nC29458\n2179\n', 'R\n\n4 382\n\nR\n\n', 'DC00187\nRCRDDC\n\nRCC\nRCR\n']","['WPC\n8394\n', 'C WP\nC\n\nCP29458\n2179\n', 'P\n\n4P 382\n\nP\n\n', 'PC00187\nCC\n\nCC\nC\n']",modelv1.0__2026-05-17 21:21:18
D:/moth_photos/database\batch_13\img_moth_00024484.jpg,"[4000, 6000]",37.03921568627451,"['WPC\n8199\n', '2BDominicKk\nharlesR Edward\nfcClellanville\nBhg12\nug\n\nTahaodt\n']","['C\n8199\n', '2RD\nR\nC\n12\n']","['WPC\n8199\n', '2\nC\n12\n']",modelv1.0__2026-05-17 21:21:18
D:/moth_photos/database\batch_13\img_moth_00024485.jpg,"[4000, 6000]",36.63461538461539,"['SOUTHCAROLINA\nWedge Plantation\nMcClellanville\n\nMarch 3i 1967\n\nDCFerguson\n', 'WPC\n8333\n', 'DMBCO00I81\nRICHARDBDOMINICK\n\nMOTH8BUTTERFLYCOLLECTION\n\nUNIVERSITYOFSOUTHCAROLINA\n', '7Fleridang\nOt\n']","['CR\nC\n\n3 1967\n\nDC\n', 'C\n8333\n', 'DC00181\nRCRDD0C\n\n8RCC\n\nR0CR\n', '7\n']","['C\nW P\nC\n\n3 1967\n\nC\n', 'WPC\n8333\n', 'PC00181\nCP0C\n\n8CC\n\n0C\n', '7\n']",modelv1.0__2026-05-17 21:21:18
D:/moth_photos/database\batch_13\img_moth_00024486.jpg,"[4000, 6000]",36.57692307692308,"['WPC\n8395\n', 'RBDominick\nCharlesREdwards\nMcClellanVille\nSouthCarolina29458\n\n4 f\n17nay949\n', 'DMBC00184\nRICHARDBDOMINICK\n\nMOTH8BUTTERFLYCOLLECTION\n\nUNIVERSITYOFSOUTHCAROLINA\n\n', '']","['C\n8395\n', 'RRD\nCR\nC\nC29458\n\n4\n17949\n', 'DC00184\nRCRDDC\n\n8RCC\n\nR0CR\n\n', '']","['WPC\n8395\n', 'C\nC\nC29458\n\n4\n17949\n', 'PC00184\nCC\n\n8CC\n\n0C\n\n', '']",modelv1.0__2026-05-17 21:21:18
D:/moth_photos/database\batch_13\img_moth_00024487.jpg,"[4000, 6000]",36.90196078431373,"['WPC\n8200\n', 'BVominick\nAcClellanville\n\nouthCarolin\npigulyi95\n\nhiatewye\n']","['C\n8200\n', 'D\nC\n\nC\n95\n']","['WPC\n8200\n', 'C\n\nC\n95\n']",modelv1.0__2026-05-17 21:21:18
D:/moth_photos/database\batch_13\img_moth_00024488.jpg,"[4000, 6000]",37.0,"['WPC\n8334\n', 'RBDominick\nMcClellanville\nLp Carolina\nher Per142\n']","['C\n8334\n', 'RD\nC\nC\nR 142\n']","['WPC\n8334\n', 'C\nC\nP142\n']",modelv1.0__2026-05-17 21:21:18
D:/moth_photos/database\batch_13\img_moth_00024489.jpg,"[4000, 6000]",37.09803921568628,"['WPC\n8396\n', 'RBDominick\n\nCharlesREdwards g\n\nMcflellanville\nSouthCarolina29458\n\nStu 6\np3egg19\n', 'Kchisecfevals\n397 os\n', 'DMBC00186\nRICHARDBDOMINICK\nMOTHBUTTERFLYCOLLECTION\n\nUNIVERSITYOFSOUTHCAROLINA\n']","['C\n8396\n', 'RD\n\nCR\n\nC29458\n\n1 6\n319\n', 'R\n397 9\n', 'DC00186\nRCRDDC\nRCC\n\nRCR\n']","['WPC\n8396\n', 'C\n\nC29458\n\n1 6\n319\n', '397 9\n', 'C00186\nCWC\nPCC\n\nC\n']",modelv1.0__2026-05-17 21:21:18
D:/moth_photos/database\batch_13\img_moth_00024490.jpg,"[4000, 6000]",36.76470588235294,"['WPC\n8201\n', 'BDominicl\nAcClellanville\n']","['C\n8201\n', 'RD\nC\n']","['WPC\n8201\n', 'C\n']",modelv1.0__2026-05-17 21:21:18
D:/moth_photos/database\batch_13\img_moth_00024491.jpg,"[4000, 6000]",36.86538461538462,"['WPC\n8335\n', 'Ne2964OTNITIICK\nSharlesREdwards\nAcClellanville\nouthCarolina\n\noSSet1972Z\n', '3790\n']","['C\n8335\n', '29640C\nR\nC\nC\n\n51972\n', '3790\n']","['WPC\n8335\n', '29640C\nC\nC\n\n51972\n', '3790\n']",modelv1.0__2026-05-17 21:21:18
D:/moth_photos/database\batch_13\img_moth_00024492.jpg,"[4000, 6000]",36.82692307692308,"['WPC\n8397\n', 'RkBDominick\n\nCharlesREdwards\nMcGlellanville\nSouthCarolina29458\n\ndJune1969\nLight\n', '', 'DMBC00188\nRICHARDBDOMINICK\n\nMOTH8BUTTERFLYCOLLECTION\nUNIVERSITYOFSOUTHCAROLINA\n\n']","['C\n8397\n', 'RRD\n\nCR\nC\nC29458\n\n1969\nC\n', '', 'DC00188\nRCRD8DC\n\n8RCC\nR0CR\n\n']","['WPC\n8397\n', 'C\nC\nC29458\n\n1969\nC\n', '', 'PC00188\nC8C\n\n8CC\n0C\n\n']",modelv1.0__2026-05-17 21:21:18
D:/moth_photos/database\batch_13\img_moth_00024493.jpg,"[4000, 6000]",37.11764705882353,"['WPC\n8202\n', 'RBVominick\nMcClellanville\nSoutharolina\n\n214\npadteY\n']","['RC\n8202\n', 'R\nC\n\n214\n14\n']","['WPC\n8202\n', 'C\n\n214\nP14\n']",modelv1.0__2026-05-17 21:21:18
D:/moth_photos/database\batch_13\img_moth_00024494.jpg,"[4000, 6000]",36.53846153846154,"['WPC\n8398\n', 'RBDominick\n\nCharlesREdwards na\nMcClellanville\n\nSouthCarolina29458\nAZMay19c8\nars\n', 'KR fgcclore lis\n3479e\n', 'DMBC00185\nRICHARDBDOMINICK\nMOTHBUTTERFLYCOLLECTION\n\nUNIVERSITYOFSOUTHCAROLINA\n']","['RC\n8398\n', 'RD\n\nCR\nC\n\nC29458\n3198\n', 'R\n3479\n', 'DC00185\nRCRDDC\nRRCC\n\nR0CR\n']","['WPC\n8398\n', 'C\nC\n\nC29458\n3198\n', '3479\n', 'PC00185\nCWC\nCC\n\n0C\n']",modelv1.0__2026-05-17 21:21:18
D:/moth_photos/database\batch_13\img_moth_00024495.jpg,"[4000, 6000]",36.627450980392155,"['WPC\n8203\n', 'xBDominick\nSharlesREdwards\nAcClellanville\nouthCarolina\n\nSSept197\nyahbadt\n']","['C\n8203\n', 'D\nCR\nC\nC\n\n5197\n']","['WPC\n8203\n', 'C\nC\nC\n\n5197\n']",modelv1.0__2026-05-17 21:21:18
D:/moth_photos/database\batch_13\img_moth_00024496.jpg,"[4000, 6000]",36.57692307692308,"['KBDominick\nCharlesREdwards\nicGlellanville\nsouthCarolina\n2YApr14972\nLighktt\n', 'WPC\n8337\n']","['RD\nCR\n0C\n214972\nC\n', 'RC\n8337\n']","['C\n\n0C\n\n214972\nC\n', 'WPC\n8337\n']",modelv1.0__2026-05-17 21:21:18
D:/moth_photos/database\batch_13\img_moth_00024497.jpg,"[4000, 6000]",37.1764705882353,"['WPC\n8399\n', 'RBDominick\nMcClellanville\nSouthCarolina\nR2SeptV75\not Lowe\n']","['RC\n8399\n', 'RD\nC\nC\nR275\n6\n']","['WPC\n8399\n', 'C\nC\nC275\n6\n']",modelv1.0__2026-05-17 21:21:18
D:/moth_photos/database\batch_13\img_moth_00024498.jpg,"[4000, 6000]",36.76470588235294,"['WPC\n8204\n', 'kBDominick\nChariesREdwards\nMcClellanville\nSouthCarolina\n\n2Sepp117\nghhFF\n']","['C\n8204\n', 'RD\nCR\nC\nC\n\n2117\n9\n']","['WPC\n8204\n', 'C\nC\nC\n\n2117\n9\n']",modelv1.0__2026-05-17 21:21:18
D:/moth_photos/database\batch_13\img_moth_00024499.jpg,"[4000, 6000]",36.730769230769226,"['DeVONIIIICH\n\nharles REdwarn\n\nAcClellanville\nouthCarolina f\n', 'Wie\n8336\n']","['DC\n\nR\n\nC\nC\n', '8336\n']","['WC\n\nC\nC\n', 'W\n8336\n']",modelv1.0__2026-05-17 21:21:18
D:/moth_photos/database\batch_13\img_moth_00024500.jpg,"[4000, 6000]",37.235294117647065,"['WPC\n8400\n', 'KRBDominick\nMcClellanville\nSoutheCarolina\n\n25Mar1974\nahko\n']","['C\n8400\n', 'RD\nC\nC\n\n251974\n']","['WPC\n8400\n', 'C\nC\n\n25W1974\n']",modelv1.0__2026-05-17 21:21:18
D:/moth_photos/database\batch_13\img_moth_00024501.jpg,"[4000, 6000]",36.627450980392155,"['WPC\n8205\n', 'RbDominick\nShariesREdwards\nAicClellanville\nyouthCarolinae\n\n3Sept197\nghtE or\n']","['RC\n8205\n', 'R6D\nR\nC\nC\n\n3197\n7\n']","['WPC\n8205\n', '6\nC\nC\n\n3197\n7\n']",modelv1.0__2026-05-17 21:21:18
D:/moth_photos/database\batch_13\img_moth_00024502.jpg,"[4000, 6000]",36.730769230769226,"['WPC\n8401\n', 'RBDominick\nMcClellanville\nSoutheCarolina\n\nlSabte\n']","['RC\n8401\n', 'RD\nC\nC\n']","['WPC\n8401\n', 'C\nC\n']",modelv1.0__2026-05-17 21:21:18
D:/moth_photos/database\batch_13\img_moth_00024503.jpg,"[4000, 6000]",36.6078431372549,"['WPC\n8206\n', 'RBDominick\nCharlesREdwards\nMcClellanville\nSouthCarolina\nZF5Fune1971\n2sfheaf\n']","['C\n8206\n', 'RRD\nCR\nC\nC\n251971\n2\n']","['WPC\n8206\n', 'C\nC\nC\n251971\n2\n']",modelv1.0__2026-05-17 21:21:18
D:/moth_photos/database\batch_13\img_moth_00024504.jpg,"[4000, 6000]",36.55769230769231,"['WPC\n8339\n', 'Se2e4OMINICK\nharles R Edwards\nMcClellanville\nouthCarolina\n\nMJo n 1222\n']","['RC\n8339\n', '24C\nR\nC\nC\n\n1222\n']","['WPC\n8339\n', '24C\nC\nC\n\n1222\n']",modelv1.0__2026-05-17 21:21:18
D:/moth_photos/database\batch_13\img_moth_00024505.jpg,"[4000, 6000]",36.980769230769226,"['WPC\n8402\n', 'RBDominick\nMcClellanville\nSouthCarolina\n']","['C\n8402\n', 'RD\nC\nC\n']","['WPC\n8402\n', 'C\nC\n']",modelv1.0__2026-05-17 21:21:18
D:/moth_photos/database\batch_13\img_moth_00024506.jpg,"[4000, 6000]",36.627450980392155,"['WPC\n8207\n', 'MeAPenAJZUIIIIICON\nharlesREdwanrd\nicCleljanville\nouthCarolina\n\n3fRug112\nLyhar\n']","['C\n8207\n', '9CRR\nR\nC1\nC\n\n3R112\n']","['WPC\n8207\n', 'PC\nC1\nC\n\n3112\n']",modelv1.0__2026-05-17 21:21:18
D:/moth_photos/database\batch_13\img_moth_00024507.jpg,"[4000, 6000]",36.730769230769226,"['WPC\n8338\n', 'BVominick\nSharlesREdwards\nMic Clellanville\njouthCarolina\n\n29 FoviW2\ntkG\n', 'rlesREdwards\nclellanville\nhCarolina WPC\n\nAprlP2R9338\n\n']","['RC\n8338\n', 'D\nR\nC\nC\n\n29 R2\n', 'R\nC RC\n\n2R9338\n\n']","['WPC\n8338\n', 'C\nC\n\n29 W2\n', 'C WPC\n\nP29338\n\n']",modelv1.0__2026-05-17 21:21:18
D:/moth_photos/database\batch_13\img_moth_00024508.jpg,"[4000, 6000]",36.53846153846154,"['WPC\n8403\n', 'xBDominick\nTharlesREdwards\nAcClellamville\nouthCarolina\n\nuneC79\nBamergra\n']","['RC\n8403\n', '6D\nR\nC\nC\n\nC79\n2R\n']","['WPC\n8403\n', '6\nC\nC\n\nC79\n2\n']",modelv1.0__2026-05-17 21:21:18
D:/moth_photos/database\batch_13\img_moth_00024509.jpg,"[4000, 6000]",37.03921568627451,"['WPC\n8208\n', 'RBDominick\nCharlesREdwards\nMcClellanville\nSouthCarolina\nDAUG1991\nLightF\n']","['C\n8208\n', 'RD\nCR\nC\nC\nD91991\n4\n']","['WPC\n8208\n', 'C\nC\nC\n91991\n4\n']",modelv1.0__2026-05-17 21:21:18
D:/moth_photos/database\batch_13\img_moth_00024510.jpg,"[4000, 6000]",36.75,"['WPC\n8340\n', 'RBDominick\nCharlesREdwards\nMcClellanville\nSouffiCarolina\n\nA Sept S97s\nCigh4tA\n', '']","['C\n8340\n', 'RRD\nCR\nC\n0C\n\n4 97\nC4R\n', '']","['WPC\n8340\n', 'C\nC\n0C\n\n4 97\nC4\n', '']",modelv1.0__2026-05-17 21:21:18
D:/moth_photos/database\batch_13\img_moth_00024511.jpg,"[4000, 6000]",37.13725490196079,"['WPC\n8404\n', 'kBDominick\nCharlesREdwards\nMcClellanville\nSouthC4rolina\n\n7Pay14 1922\nLiaht\n']","['C\n8404\n', 'RD\nCR\nC\n5C4\n\n714 1922\n']","['WPC\n8404\n', 'C\nC\n5C4\n\n7P14 1922\n']",modelv1.0__2026-05-17 21:21:18
D:/moth_photos/database\batch_13\img_moth_00024512.jpg,"[4000, 6000]",36.705882352941174,"['WPC\n8209\n', 'mDVOMINICK\nCharlesREdwards\nMicClellanville\nSouthCarolinae\n\nQI July Q71\nlwLeoF\n']","['C\n8209\n', 'DC\nCR\nC\nC\n\n7 71\n']","['WPC\n8209\n', 'C\nC\nC\nC\n\n7 71\n']",modelv1.0__2026-05-17 21:21:18
D:/moth_photos/database\batch_13\img_moth_00024513.jpg,"[4000, 6000]",37.05882352941176,"['WPC\n8405\n', 'RBVominick\nharlesREdwards\n\nVicClellanville\nSouthCarolinae\n\n0fMaecch 4992\nlah\n']","['C\n8405\n', 'RRDC\nR\n\nC\n0C\n\n0 4992\n']","['WPC\n8405\n', 'C\n\nC\n0C\n\n0 4992\n']",modelv1.0__2026-05-17 21:21:18
D:/moth_photos/database\batch_13\img_moth_00024514.jpg,"[4000, 6000]",36.6078431372549,"['WPC\n8210\n', 'BDominick\nsharlesREdwards\nAcClellanville\nouthCaro\n\n2235ul 197\nTocpgl pf\n']","['C\n8210\n', 'RD\nR\nC\nC0\n\n2235 197\n']","['WPC\n8210\n', 'P\nC\nC0\n\n2235 197\n']",modelv1.0__2026-05-17 21:21:18
D:/moth_photos/database\batch_13\img_moth_00024515.jpg,"[4000, 6000]",37.13461538461539,"['WPC\n8342\n', 'RBDominick\nCharlesREdwards\nMcClellanville\nSouthCarolina\n\nRefFalyTPI\nLishto\n']","['C\n8342\n', 'RRD\nCR\nC\nC\n\nR\nC\n']","['WPC\n8342\n', 'C\nC\nC\n\nPP\nC\n']",modelv1.0__2026-05-17 21:21:18
D:/moth_photos/database\batch_13\img_moth_00024516.jpg,"[4000, 6000]",37.235294117647065,"['WPC\n8406\n', 'kBDominick\nCharlesREdwards\nMcClellanville\n\nou aro\n3 7 quly 197\nLigh\n']","['C\n8406\n', 'RD\nCR\nC\n\n4\n3 7 197\n4\n']","['WPC\n8406\n', 'C\nC\n\n4\n3 7 197\n4\n']",modelv1.0__2026-05-17 21:21:18
D:/moth_photos/database\batch_13\img_moth_00024517.jpg,"[4000, 6000]",36.64705882352941,"['WPC\n8211\n', 'KBDominick\nCharlesREdwands\nMcClellanville\nSoutkCarolina\n25Dulys97\nlyretrF\n']","['C\n8211\n', 'RD\nCR\nC\n30C\n25D97\n']","['WPC\n8211\n', 'C\nC\n30C\n2597\n']",modelv1.0__2026-05-17 21:21:18
D:/moth_photos/database\batch_13\img_moth_00024518.jpg,"[4000, 6000]",36.94230769230769,"['WPC\n8341\n', 'RBDominick\nCharlesREdwards\nMcClellanville\nSouth Carolina\n\n24Tits 971\nListhe\n']","['C\n8341\n', 'RRD\nCR\nC\nC\n\n24 971\n']","['WPC\n8341\n', 'C\nC\nC\n\n24 971\n']",modelv1.0__2026-05-17 21:21:18
D:/moth_photos/database\batch_13\img_moth_00024519.jpg,"[4000, 6000]",36.61538461538461,"['WPC\n8407\n', 'NReOMVOMINICK\nCharlesREdwards\nicClellanville\njouthCarolina\n\nSept N20\n']","['C\n8407\n', 'RC\nCR\nC\nC\n\nD 20\n']","['WPC\n8407\n', 'C\nC\nC\nC\n\n20\n']",modelv1.0__2026-05-17 21:21:18
D:/moth_photos/database\batch_13\img_moth_00024520.jpg,"[4000, 6000]",36.6078431372549,"['WPC\n8212\n', 'RB Dominick\nCharlesR Edwards\nMcElellanville\nSouthCarolina 29458\n\n74Aug197d\nBarxX\n']","['C\n8212\n', 'R8 D\nCR\nC 29458\n\n741978\nR\n']","['WPC\n8212\n', '8\nC\nC 29458\n\n741978\n']",modelv1.0__2026-05-17 21:21:18
D:/moth_photos/database\batch_13\img_moth_00024521.jpg,"[4000, 6000]",36.78846153846154,"['WPC\n8343\n', 'KBDominick\nCharlesREdwards\nMcClellartvilley\nsouthCarolina\n\nl Apel 147\nlvrahk\n']","['C\n8343\n', 'RD\nCR\nC\nC\n\n147\n']","['WPC\n8343\n', 'C\nC\nC\n\n147\n']",modelv1.0__2026-05-17 21:21:18
D:/moth_photos/database\batch_13\img_moth_00024522.jpg,"[4000, 6000]",36.59615384615385,"['WPC\n8408\n', 'kKBDominick\nCharlesREdwards\nMcCleJlanville\nSouthCaroJina\n']","['C\n8408\n', 'RRD\nCR\nC\nC\n']","['WPC\n8408\n', 'C\nC\nC\n']",modelv1.0__2026-05-17 21:21:18
D:/moth_photos/database\batch_13\img_moth_00024523.jpg,"[4000, 6000]",36.76470588235294,"['WPC\n8213\n', 'RBVomINIck\nSharlesREdwards\nAcClellanville\nSouthCarolina\n']","['C\n8213\n', 'RC\nR\nC\nC\n']","['WPC\n8213\n', 'C\nC\nC\n']",modelv1.0__2026-05-17 21:21:18
D:/moth_photos/database\batch_13\img_moth_00024524.jpg,"[4000, 6000]",36.769230769230774,"['', 'RBDominick\nCharlesREdwards\nMcCleYanville\n2D pone\n\nCOM ne\n']","['', 'R6DD\nCR\nC\n2D\n\nC0\n']","['', '6\nC\nCW\n20\n\nC0W\n']",modelv1.0__2026-05-17 21:21:18
D:/moth_photos/database\batch_13\img_moth_00024525.jpg,"[4000, 6000]",37.254901960784316,"['WPC\n8409\n', 'RBDominick\n\nCharlesREdwards\nMcClellanville\n\nSouthCarolina29458\n\nZABMin1909\nae\n', '37e\n']","['C\n8409\n', 'RD\n\nCR\nC\n\nC29458\n\n231909\n', '372\n']","['WPC\n8409\n', 'C\nC\n\nC29458\n\n23W1909\n', '372\n']",modelv1.0__2026-05-17 21:21:18
D:/moth_photos/database\batch_13\img_moth_00024526.jpg,"[4000, 6000]",36.80392156862745,"['WPC\n8214\n', 'RBDominick\nharlesREdwards\nAcClellanville\nsouthCarolina\n\n31 July 147\nlyualhkrrr\n']","['C\n8214\n', 'RRD\nR\nC\nC\n\n31 147\n']","['WPC\n8214\n', 'C\nC\n\n31 147\n']",modelv1.0__2026-05-17 21:21:18
D:/moth_photos/database\batch_13\img_moth_00024527.jpg,"[4000, 6000]",36.61538461538461,"['KBDominick\nCharlesREdwards\nMcClellanville\nSouthCarolina\n23Tume199\n\nLaeZLa\n', 'WPC\n8345\n']","['RD\nCR\nC\nC\n23199\n', 'C\n8345\n']","['C\nC\nC\n23199\n', 'WPC\n8345\n']",modelv1.0__2026-05-17 21:21:18
D:/moth_photos/database\batch_13\img_moth_00024528.jpg,"[4000, 6000]",37.13725490196079,"['WPC\n8410\n', 'XBDominick\nCharlesREdwards\nMcClellanville\nSouthCaylinas\n\n1420\nStir\n']","['C\n8410\n', 'D\nCR\nC\nC\n\n1420\n']","['WPC\n8410\n', 'C\nC\nC\n\n1420\nPP\n']",modelv1.0__2026-05-17 21:21:18
D:/moth_photos/database\batch_13\img_moth_00024529.jpg,"[4000, 6000]",36.509803921568626,"['WPC\n8215\n', 'xBDominick\nSharlesREdward\nfeCheqanville\nsouthCaroling\n\nSeakIA22\nyim\n']","['C\n8215\n', 'RD\nR\nC\nC\n\n422\n']","['WPC\n8215\n', 'C\nC\n\n422\n']",modelv1.0__2026-05-17 21:21:18
D:/moth_photos/database\batch_13\img_moth_00024530.jpg,"[4000, 6000]",36.78846153846154,"['WPC\n8346\n', 'RBDominick\n\nCharlesREdwaris\nMcClellanville\nson qrolina29458\n\nWlar176F\n\nvale\n']","['C\n8346\n', 'RD\n\nCR\nC\n29458\n\n1176\n']","['WPC\n8346\n', 'C\nC\n29458\n\nW1176\n']",modelv1.0__2026-05-17 21:21:18
D:/moth_photos/database\batch_13\img_moth_00024531.jpg,"[4000, 6000]",36.57692307692308,"['WPC\n8411\n', 'NBDominick\nChariesREdwards\nMcCle lanville\n']","['C\n8411\n', 'D\nCR\nC\n']","['WPC\n8411\n', 'C\nC\n']",modelv1.0__2026-05-17 21:21:18
D:/moth_photos/database\batch_13\img_moth_00024532.jpg,"[4000, 6000]",36.90196078431373,"['WPC\n8216\n', 'mOVominick\nCharlesREdwards\nMcClellanville\nSouthCafolind\n6SeptIVIZ\ngAnf\n\ns43\n']","['C\n8216\n', 'CR\nC\nC\n672\n4\n\n43\n']","['WPC\n8216\n', 'C\nC\nC\n672\n4\n\n43\n']",modelv1.0__2026-05-17 21:21:18
D:/moth_photos/database\batch_13\img_moth_00024533.jpg,"[4000, 6000]",36.82692307692308,"['WPC\n8347\n', 'McClellanvilie\nSouthCarolina\nRBDominick\n\n5 Sept196\nJ1rabdte\n']","['C\n8347\n', 'C\nC\nRD\n\n5 196\n1\n']","['WPC\n8347\n', 'C\nC\n\n5 196\n1\n']",modelv1.0__2026-05-17 21:21:18
D:/moth_photos/database\batch_13\img_moth_00024534.jpg,"[4000, 6000]",36.56862745098039,"['WPC\n8412\n', 'KbDominick\nCharlesREdwards\nMcClellanville\nSouthCarolina\n\nbSept1VMo\naukb\n']","['C\n8412\n', 'D\nCR\nC\n5C\n\n10\n']","['WPC\n8412\n', 'C\nC\n5C\n\n10\n']",modelv1.0__2026-05-17 21:21:18
D:/moth_photos/database\batch_13\img_moth_00024535.jpg,"[4000, 6000]",36.68627450980392,"['WPC\n8217\n', 'DMOMars\nSharles R Edwards\nMcClellanville\nSouth hineHI2\n\n04RineF\nne\n']","['C\n8217\n', 'D\nR\nC\n0 2\n\n04R\n']","['WPC\n8217\n', 'C\n0 2\n\n04\n']",modelv1.0__2026-05-17 21:21:18
D:/moth_photos/database\batch_13\img_moth_00024536.jpg,"[4000, 6000]",36.78846153846154,"['WPC\n8348\n', 'SOUTHCAROLINA\nWedce Plantation\nNEV\n\ntf Vidl1969\n\nCFerguson\n']","['RC\n8348\n', 'CRC\n\n1969\n\nC\n']","['WPC\n8348\n', 'CC\nW P\nWW\n\n1969\n\nCP\n']",modelv1.0__2026-05-17 21:21:18
D:/moth_photos/database\batch_13\img_moth_00024537.jpg,"[4000, 6000]",37.2,"['WPC\n8413\n', 'meB2ee4447144445482\nhariesREdwards\nAcClellanville\nouthCarolinae\n\nSoto\n\ne22\n']","['C\n8413\n', '224447144445482\nR\nC\n0C\n\n55D0\n\n22\n']","['WPC\n8413\n', '224447144445482\nC\n0C\n\n5520\n\n22\n']",modelv1.0__2026-05-17 21:21:18
D:/moth_photos/database\batch_13\img_moth_00024538.jpg,"[4000, 6000]",36.84313725490196,"['WPC\n8218\n', 'BVDominick\nharlesREdwards\n\nsSnebbineG\n3SeptIV7Z\npty f\n']","['C\n8218\n', 'D\nR\n\n372\n']","['WPC\n8218\n', '372\nP\n']",modelv1.0__2026-05-17 21:21:18
D:/moth_photos/database\batch_13\img_moth_00024539.jpg,"[4000, 6000]",36.769230769230774,"['WPC\n8349\n', 'KBVominick\nCharlesREdwards\nMcClelfanville\nSouthCarolina\n\n22Leu ITD\neho\n']","['C\n8349\n', 'RD\nCR\nC\nC\n\n22 12\n']","['WPC\n8349\n', 'C\nC\nC\n\n22 12\nPP\n']",modelv1.0__2026-05-17 21:21:18
D:/moth_photos/database\batch_13\img_moth_00024540.jpg,"[4000, 6000]",36.588235294117645,"['WPC\n8414\n', 'RBDominick\nCharlesREdwards\nMcClellanville\nSouthOmrolina29458\n\nATay a\n\nLtGhat\n']","['RC\n8414\n', 'RRD\nCR\nC\nC29458\n\n7\n']","['WPC\n8414\n', 'C\nC\nC29458\n\n7\n']",modelv1.0__2026-05-17 21:21:18
D:/moth_photos/database\batch_13\img_moth_00024541.jpg,"[4000, 6000]",36.7843137254902,"['WPC\n8219\n', 'DVOMIMICN\nharlesREdwards\n\nAcCle llanville\nouthCarolina a\n']","['RC\n8219\n', 'DC\nR\n\nC\nC\n']","['WPC\n8219\n', 'C\n\nC\nC\n']",modelv1.0__2026-05-17 21:21:18
D:/moth_photos/database\batch_13\img_moth_00024542.jpg,"[4000, 6000]",36.82692307692308,"['WPC\n8350\n', 'N6Vominick\nCharlesREdwanis\nMcClellamville\nSouthCarolina\n\nfaly40\n']","['C\n8350\n', 'R6\nCR\nC\n50C\n\n40\n']","['WPC\n8350\n', '6\nC\nC\n50C\n\n40\n']",modelv1.0__2026-05-17 21:21:18
D:/moth_photos/database\batch_13\img_moth_00024543.jpg,"[4000, 6000]",37.1,"['WPC\n8415\n', 'KBDominick\nCharlesREdwards\nMcCledlanville\nSouthCarolina\n\nGSepfsi70\n']","['C\n8415\n', 'D\nCR\nC\nC\n\n70\n']","['WPC\n8415\n', 'C\nC\nC\n\n70\n']",modelv1.0__2026-05-17 21:21:18
D:/moth_photos/database\batch_13\img_moth_00024544.jpg,"[4000, 6000]",37.03921568627451,"['WPC\n8220\n', 'NRDVOmiInIcK\nCharlesREdwards\nMcClellanville\nSouthCarolina\n\n5Sept197\nATA\n']","['C\n8220\n', 'RDC\nCR\nC\n0C\n\n55197\n']","['WPC\n8220\n', 'C\nC\nC\n0C\n\n55197\n']",modelv1.0__2026-05-17 21:21:18
D:/moth_photos/database\batch_13\img_moth_00024545.jpg,"[4000, 6000]",36.730769230769226,"['WPC\n8351\n', 'kKBDominick\nCharlesREdwards\nMcClellanville\nSouthCarolina\n\ntSMav197\nLightG\n', '']","['C\n8351\n', 'RD\nCR\nC\nC\n\n197\n', '']","['WPC\n8351\n', 'C\nC\nC\n\n197\n', '']",modelv1.0__2026-05-17 21:21:18
D:/moth_photos/database\batch_13\img_moth_00024546.jpg,"[4000, 6000]",36.745098039215684,"['WPC\n8416\n', 'LBVominick\nCharlesREdwards\nMcClellanville\nSouthCgrolina\n\nPFJulg1990\nautor\n']","['C\n8416\n', 'D\nCR\nC\nC\n\n1990\nC\n']","['WPC\n8416\n', 'C\nC\nC\n\nPP1990\nC\n']",modelv1.0__2026-05-17 21:21:18
D:/moth_photos/database\batch_13\img_moth_00024547.jpg,"[4000, 6000]",36.68627450980392,"['WPC\n8221\n', 'ANe292MVOTITIICK\nCharlesREdwards\n\nouthCarolinesey\n\nsouthCarolina\n\n5 Sept 172\n\nia\n']","['RC\n8221\n', '292C\nCR\n\nC\n\nC\n\n5 172\n']","['WPC\n8221\n', '292PC\nC\n\nC\n\nC\n\n5 172\n']",modelv1.0__2026-05-17 21:21:18
D:/moth_photos/database\batch_13\img_moth_00024548.jpg,"[4000, 6000]",37.15384615384615,"['KRBVominick\nCharlesREdwards\nMcClellanville\nSouthCeolina\n\n124420\n', 'WPC\n9352\n']","['RDD\nCR\nC\nC\n\n124420\n', 'C\n9352\n']","['C\nC\nC\n\n124420\n', 'WPC\n9352\n']",modelv1.0__2026-05-17 21:21:18
D:/moth_photos/database\batch_13\img_moth_00024549.jpg,"[4000, 6000]",37.22,"['WPC\n8417\n', 'B BDominick\n\nCharlesREdwards\nMcClellanville\n\nSoutharolina 294587\nJ2Ma l9tg\nCroppE\n']","['C\n8417\n', 'R D\n\nCR\nC\n\n294587\n72 9C9\nC\n']","['WPC\n8417\n', 'C\nC\n\n294587\n72 9C9\nC\n']",modelv1.0__2026-05-17 21:21:18
D:/moth_photos/database\batch_13\img_moth_00024550.jpg,"[4000, 6000]",37.24,"['WPC\n8222\n', 'Ne27eAZUTIITIICK\nShariesR Edwards\nicClellanville\n\nouth Cafolinae So\n\n3 Seph G22\n']","['C\n8222\n', '27024C\nR\n\nC\n\nC\n\n3 22\n']","['WPC\n8222\n', '27024C\nC\nC\n\n3 22\n']",modelv1.0__2026-05-17 21:21:18
D:/moth_photos/database\batch_13\img_moth_00024551.jpg,"[4000, 6000]",36.730769230769226,"['WPC\n8353\n', 'RBDominick\nChariesREdwards\nMcClellanville\nSouthCarolina29458\nZ4y1971\nLc4ahnkcrhF\n']","['RC\n8353\n', 'RRD\nCR\nC\n5C29458\nR41971\nC4\n']","['WPC\n8353\n', 'C\nC\n5C29458\n41971\nC4\n']",modelv1.0__2026-05-17 21:21:18
D:/moth_photos/database\batch_13\img_moth_00024552.jpg,"[4000, 6000]",36.588235294117645,"['KBDominick\nCharlesREdwards\nMcClellanville\nSouthCarolina\n\n7Aug1971\ndiay\n', 'WPC\n8223\n']","['RD\nCR\nC\nC\n\n71971\n', 'C\n8223\n']","['C\nC\nC\n\n71971\n', 'WPC\n8223\n']",modelv1.0__2026-05-17 21:21:18
D:/moth_photos/database\batch_13\img_moth_00024553.jpg,"[4000, 6000]",36.692307692307686,"['WPC\n8354\n', 'mDVOMIMNICK\nCharlesREdwards\nMcClellanville\nSouthCafolina\n\nZEGuly1471\nZ6July\n', 'BeAVUIIITIICH\nCharles REdwards\nMcClellanville WPC\nSouth Cafolina e\n\nK6July1471 8354\n\n']","['C\n8354\n', 'DC\nCR\nC\nC\n\n1471\n6\n', 'DC\nC R\nC C\nC\n\n61471 8354\n\n']","['WPC\n8354\n', 'C\nC\nC\nC\n\n1471\n6\n', 'PC\nC\nC WPC\nC\n\n61471 8354\n\n']",modelv1.0__2026-05-17 21:21:18
D:/moth_photos/database\batch_13\img_moth_00024554.jpg,"[4000, 6000]",36.666666666666664,"['WPC\n8419\n', 'm6Vominick\nCharlesREdwards\nMcClelhanville\nSouthCarolina\n\nSfarvl1971\nlsokh4\n']","['C\n8419\n', '6\nCR\nC\nC\n\n1971\n4\n']","['WPC\n8419\n', '6\nC\nC\nC\n\n1971\n4\n']",modelv1.0__2026-05-17 21:21:18
D:/moth_photos/database\batch_13\img_moth_00024555.jpg,"[4000, 6000]",36.53846153846154,"['WPC\n9224\n', 'XBVomiInicK\nSharlesREdwards\nAcClellanville\nouthCafolina\n\n9 fhug1972\n\ni Gh\n']","['C\n9224\n', 'D\nR\nC\nC\n\n9 1972\n\nC\n']","['WPC\n9224\n', 'C\nC\n\n9 1972\n\nC\n']",modelv1.0__2026-05-17 21:21:18
D:/moth_photos/database\batch_13\img_moth_00024556.jpg,"[4000, 6000]",37.07692307692307,"['WPC\n8355\n', 'RBVominick\nCharlesREdwards\nMcClellanville\nSouthCdrolina\n\n22Mey1990\nlialst\n']","['C\n8355\n', 'RDD\nCR\nC\nC4\n\n221990\n']","['WPC\n8355\n', 'C\nC\nC4\n\n221990\n']",modelv1.0__2026-05-17 21:21:18
D:/moth_photos/database\batch_13\img_moth_00024557.jpg,"[4000, 6000]",37.1,"['WPC\n8420\n', 'McClellanville\nSouthCarolina\neo BDominick\n\ni\nle\n']","['C\n8420\n', 'C\nC\n5 RD\n']","['WPC\n8420\n', 'WC\nC\n5\n']",modelv1.0__2026-05-17 21:21:18
D:/moth_photos/database\batch_13\img_moth_00024558.jpg,"[4000, 6000]",36.6078431372549,"['WPC\n8225\n', 'BVominick\nvharlesREdwards\nicClellanville Y\nao ner e\n\nA IF72\n']","['C\n8225\n', 'D\nR\nC\n\n1972\n']","['WPC\n8225\n', 'C\n\n1972\n']",modelv1.0__2026-05-17 21:21:18
D:/moth_photos/database\batch_13\img_moth_00024559.jpg,"[4000, 6000]",36.75,"['SOUTHCAROLINA\nWedgePlantation\nMcClellarWille\nAugust G 1968\nD c Ferguson\n', 'WPC\n8356\n']","['CR\nC\nC 1968\nD C\n', 'C\n8356\n']","['C\nWP\nCW\nC 1968\nC P\n', 'WPC\n8356\n']",modelv1.0__2026-05-17 21:21:18
D:/moth_photos/database\batch_13\img_moth_00024560.jpg,"[4000, 6000]",36.8235294117647,"['', 'RBDominick\nCharlesREdwards\nMcClellanville\nSouthCarolina29458\n19mary1g7\nLI6O4pw\n']","['', 'RD\nCR\nC\nC29458\n19197\n464\n']","['', 'C\n\nC\n\nC29458\n19197\n464\n']",modelv1.0__2026-05-17 21:21:18
D:/moth_photos/database\batch_13\img_moth_00024561.jpg,"[4000, 6000]",36.529411764705884,"['WPC\n8226\n', 'DOVOominick\nsharlesREdwards\nAcClellanville\nouthCarolinae\n\nDFluqIF72\nah\n']","['C\n8226\n', 'D\nR\nC\nC\n\nD172\n']","['WPC\n8226\n', 'C\nC\n\nP172\n']",modelv1.0__2026-05-17 21:21:18
D:/moth_photos/database\batch_13\img_moth_00024562.jpg,"[4000, 6000]",36.84615384615385,"['WPC\n8357\n', 'BVominick\nMcClellanville\nSouthCarolina\naAfuty1376\n', 'DMBC00200\nRICHARDBDOMINICK\n\nMOTH8BUTTERFLYCOLLECTION\nUNIVERSITYOFSOUTHCAROLINA\n']","['C\n8357\n', 'RD\nC\n0C\n1376\n', 'DC00200\nRCRDDC\n\n8RCC\nRCR\n']","['WPC\n8357\n', 'C\n0C\nP1376\n', 'PC00200\nCWC\n\n8CC\nC\n']",modelv1.0__2026-05-17 21:21:18
D:/moth_photos/database\batch_13\img_moth_00024563.jpg,"[4000, 6000]",37.059999999999995,"['WPC\n8421\n', 'ee\nRdiscotorelis\n3785\n', 'RBDominick\nCharlesREdwards\nMcClellanville\nSouthCarolina29458\n\n20k\n']","['RC\n8421\n', 'R\n3785\n', 'RD\nCR\nC\nC29458\n\n20\n']","['WPC\n8421\n', '3785\n', 'C\nC\nC29458\n\n20\n']",modelv1.0__2026-05-17 21:21:18
D:/moth_photos/database\batch_13\img_moth_00024564.jpg,"[4000, 6000]",36.80392156862745,"['8227\n', 'RBDominick\nCharlesREdwards\nMcClellanville\nL2 Carolna\n\nZ fugIa 199\n\niah\n']","['8227\n', 'RD\nCR\nC\n2 C\n\n2 9 199\n']","['8227\n', 'C\nC\n2 C\n\n2 9 199\n']",modelv1.0__2026-05-17 21:21:18
D:/moth_photos/database\batch_13\img_moth_00024565.jpg,"[4000, 6000]",36.90384615384616,"['WPC\n8358\n', 'ple\n\nlll\n', 'McClelianvisic\nSouthCarolina\nRBDominick\n\n15CnagY\n', 'DMBC00199\nRICHARDBDOMINICK\n\nMOTH8BUTTERFLYCOLLECTION\nUNIVERSITYOFSOUTHCAROLINA\n']","['C\n8358\n', 'D\n', 'C\nC\nRD\n\n15C\n', 'DC00199\nRCRD8DC\n\n8RRCC\nRCRC\n']","['WPC\n8358\n', '', 'C\nC\n\n15C\n', 'PC00199\nC8PC\n\n8CC\nCC\n']",modelv1.0__2026-05-17 21:21:18
D:/moth_photos/database\batch_13\img_moth_00024566.jpg,"[4000, 6000]",37.2,"['WPC\n8422\n', 'R BDominick\nCharlesREdwanis\nMc ClelWanville\nSouffiCarolina\nZz2 4er 1972\n\nLighto\n', 'F7F2\ndetELTodd\n', 'DMBC00183\nRICHARD3DOMINICK\n\nMOTH8BUTTERFLYCOLLECTION\nUNIVERSITYOFSOUTHCAROLINA\n']","['C\n8422\n', 'R D\nCR\nC\nC\n2 4R 1972\n9\n', '72\n', 'DC00183\nRCRD3DC\n\n8RCC\nRCR\n']","['WPC\n8422\n', 'C\nCW\n\nC\n\n2 4 1972\n9\n', 'P72\n', 'PC00183\nC3PC\n\n8CC\nC\n']",modelv1.0__2026-05-17 21:21:18
D:/moth_photos/database\batch_13\img_moth_00024567.jpg,"[4000, 6000]",36.705882352941174,"['WPC\n8228\n', 'KRBDominick\nCharlesREdwards\nMcClellanville\nSouthCarolina\n\nOfhagH Ai70\n\nicthf\n']","['C\n8228\n', 'RD\nCR\nC\n0C\n\nDR 70\n']","['WPC\n8228\n', 'C\nC\n0C\n\n70\n']",modelv1.0__2026-05-17 21:21:18
D:/moth_photos/database\batch_13\img_moth_00024568.jpg,"[4000, 6000]",36.692307692307686,"['WPC\n8359\n', 'SOUTHCAROLINA\nWedgePlantation\nMcClellafville\nAugust 20z 1968\nDCFergusgn\n', '10K\nrledineds s\n', 'DMBC00203\nRICHARDBDOMINICK\n\nMOTH8BUTTERFLYCOLLECTION\nUNIVERSITYOFSOUTHCAROLINA\n']","['C\n8359\n', 'CR\nC1\n20 1968\nDC\n', '10\n', 'DC00203\nRCRD8DC\n\n8RRCC\nRCCR\n']","['WPC\n8359\n', 'C\nWP\nC1\n20 1968\nC\n', '10\n', 'PC00203\nC8C\n\n8CC\nCC\n']",modelv1.0__2026-05-17 21:21:18
D:/moth_photos/database\batch_13\img_moth_00024569.jpg,"[4000, 6000]",36.509803921568626,"['WPC\n8423\n', 'RBDominick\nCharlesREdwanis F\nMcClellanyille\n\nJSj73jG6F\niyIF v\n\ne\n', 'DMBC00190\nRICHARDBDOMINICK\n\nMOTHBUTTERFLYCOLLECTION\nUNIVERSITYOFSOUTHCAROLINA\n']","['C\n8423\n', 'RD\nCR\nC\n\n573396\nR\n', 'DC00190\nRCRD8DC\n\nRCC\nRCR\n']","['WPC\n8423\n', 'C\nC\n\n573396\n', 'PC00190\nC8PC\n\nPCC\nC\n']",modelv1.0__2026-05-17 21:21:18
D:/moth_photos/database\batch_13\img_moth_00024570.jpg,"[4000, 6000]",36.68627450980392,"['WPC\n8229\n', 'mDOMOMINICK\nCharlesREdwards\nMicClellanville\nSouthCarolina\n\nPhug1990\nsc\n']","['C\n8229\n', 'DC\nCR\nC\n30C\n\n1990\nC\n']","['WPC\n8229\n', 'C\nC\nC\n30C\n\nP1990\nC\n']",modelv1.0__2026-05-17 21:21:18
D:/moth_photos/database\batch_13\img_moth_00024571.jpg,"[4000, 6000]",36.88461538461538,"['ChariesREdwards\nMcClellahville\nSouthCarolina29458\n\nZfrrety1967\n\nf QoLiwe\n\nRBDominick\n', 'WPC\n8360\n', 'DMBC00198\n\nRICHARDBDOMINICK\nMOTH8BUTTERFLYCOLLECTION\n\nUINIVERSITYOFSOUTHCAROLINA\n', '']","['CR\nC\n0C29458\n\n21967\n\n4\n\nRRD\n', 'C\n8360\n', 'DC00198\n\nRCRD8DC\n8RCC\n\nRCR\n', '']","['C\nC\n0C29458\n\n21967\n\n4\n', 'WPC\n8360\n', 'PC00198\n\nC8C\n8CC\n\nC\n', '']",modelv1.0__2026-05-17 21:21:18
D:/moth_photos/database\batch_13\img_moth_00024572.jpg,"[4000, 6000]",36.64705882352941,"['WPC\n8424\n', 'kBDominick\nCharlesREdwards\nMcClellanville\n\n24 Caro Soh 68\nrage\n', 'RSrakerne s\nB72\n', 'LIVIDCUOTLY\nRICHARDBDOMINICK\n\nMOTH8BUTTERFLY COLLECTION\nUNIVERSITYOFSOUTHCAROLINA\n\n']","['C\n8424\n', 'RD\nCR\nC\n\n24 C 68\n', 'R 5\n372\n', 'DC0\nRCRD8DC\n\n8R CC\nRCR\n\n']","['WPC\n8424\n', 'C\nC\n\n24 C P 68\n', '5\n372\n', 'WC0\nC8C\n\n8 CC\nC\n\n']",modelv1.0__2026-05-17 21:21:18
D:/moth_photos/database\batch_13\img_moth_00024573.jpg,"[4000, 6000]",36.588235294117645,"['WPC\n8230\n', 'kBDominick\nCharlesREdwards\nMcClellanville\nSouthCarolina\n\niSeoh19IOO\nHSptHe\n']","['C\n8230\n', 'RRD\nCR\nC1\nC\n\n519\n52\n']","['WPC\n8230\n', 'C\nC1\nC\n\n5P19\n52\n']",modelv1.0__2026-05-17 21:21:18
D:/moth_photos/database\batch_13\img_moth_00024574.jpg,"[4000, 6000]",37.235294117647065,"['SOUTHCAROLINA\nWedge Plantation\nMcClellanville\nAugust 20 1968\nDCFerguson\n', 'WPC\n8361\n', '', 'DMBC00202\nRICHARDBDOMINICK\n\nMOTHBUTTERFLYCOLLECTION\n\nUNIVERSITYOFSOUTHCAROLINA\n']","['CRC\nC\n20 1968\nDC\n', 'C\n8361\n', '', 'DC00202\nRCRD8DC\n\nRRCC\n\nRCRC\n']","['CC\nW P\nC\n20 1968\nC\n', 'WPC\n8361\n', '', 'PC00202\nC8C\n\nCC\n\nCC\n']",modelv1.0__2026-05-17 21:21:18
D:/moth_photos/database\batch_13\img_moth_00024575.jpg,"[4000, 6000]",36.94117647058823,"['RRDominick\nCharlesREdwards 4\nMcCJellanville\nSouthCarolina29458\n', 'WPC\n8425\n', 'RFraternals\nfgaterneli\n', 'DMBC00192\n\nRICHARDBDOMINICK\nMOTH8BUTTERFLYCOLLECTION\nUNIVERSITYOFSOUTHCAROLINA\n']","['RRD\nCR 4\nC\nC29458\n', 'C\n8425\n', 'R\n', 'DC00192\n\nRCRD8DC\n8RCC\nR0CR\n']","['C 4\nC\nC29458\n', 'WPC\n8425\n', '', 'PC00192\n\nC8C\n8CC\n0C\n']",modelv1.0__2026-05-17 21:21:18
D:/moth_photos/database\batch_13\img_moth_00024576.jpg,"[4000, 6000]",36.627450980392155,"['WPC\n8231\n', 'X5Dominick\nSharlesREdwands\nAcClellanville\njouthCarolina\n']","['C\n8231\n', '5D\nR\nC\nC\n']","['WPC\n8231\n', '5\nC\nC\n']",modelv1.0__2026-05-17 21:21:18
D:/moth_photos/database\batch_13\img_moth_00024577.jpg,"[4000, 6000]",36.55769230769231,"['WPC\n8362\n', 'RKBDominick\nMcClellanville\n\nmike\n\nAP Atos\n']","['RC\n8362\n', 'RD\nC\n']","['WPC\n8362\n', 'C\n\nP\n']",modelv1.0__2026-05-17 21:21:18
D:/moth_photos/database\batch_13\img_moth_00024578.jpg,"[4000, 6000]",36.64705882352941,"['RBDominick\n\nCharlesREdwards\n\nMcClellanville\n\nSouthCarolina 29458\nMa ICE\nZy nah\n', 'WPC\n8426\n', 'DMBC00189\nRICHARDBDOMINICK\n\nMOTH8BUTTERFLYCOLLECTION\nUNIVERSITYOFSOUTHCAROLINA\n\n']","['RRD\nCR\nC\nC 29458\n9C6\n', 'C\n8426\n', 'DC00189\nRCRDDC\n\n8RRCC\nRCR\n\n']","['C\n\nC\n\nC 29458\n9C6\n', 'WPC\n8426\n', 'C00189\nCC\n\n8PCC\nC\n\n']",modelv1.0__2026-05-17 21:21:18
D:/moth_photos/database\batch_13\img_moth_00024579.jpg,"[4000, 6000]",36.57692307692308,"['WPC\n8232\n', 'KBDominick\nCharlesREdwards\nMcClellanville\nSoutHCarolina e\n\nY Sefl J972\nLishe\n']","['C\n8232\n', 'RD\nCR\nC\nC\n\n972\n']","['WPC\n8232\n', 'C\nC\nC\n\n972\n']",modelv1.0__2026-05-17 21:21:18
D:/moth_photos/database\batch_13\img_moth_00024580.jpg,"[4000, 6000]",36.65384615384615,"['WpPC\n3363\n', 'N5BDominic\nMcClellanville\nert Carolin\n\ner SUH\nRY Akove\n']","['C\n3363\n', '5D\nC\nC\n\nR\n']","['WPC\n3363\n', '5\nC\nC\n']",modelv1.0__2026-05-17 21:21:18
D:/moth_photos/database\batch_13\img_moth_00024581.jpg,"[4000, 6000]",36.68627450980392,"['WPC\n8427\n', 'NDVominick\nMcClellanville\nSouth Carolina\n\n22Ror147\nafb oul\n', 'KR at\nen ce Cf\n\na\npedis\nCe\n\ntreat\n']","['C\n8427\n', 'DD\nC\nC\n\n22R147\n', 'C\n\nC\n']","['WPC\n8427\n', 'C\nC\n\n22147\n', 'C\n\nC\n']",modelv1.0__2026-05-17 21:21:18
D:/moth_photos/database\batch_13\img_moth_00024582.jpg,"[4000, 6000]",36.627450980392155,"['WPC\n8233\n', 'RBDominick\nCharlesREdwardis\nMcClellanville\nSouthCarolina\n\nYSent1972\nLishtnr\n']","['C\n8233\n', 'RD\nCR\nC\nC\n\n41972\n']","['WPC\n8233\n', 'C\nC\nC\n\n41972\n']",modelv1.0__2026-05-17 21:21:18
D:/moth_photos/database\batch_13\img_moth_00024583.jpg,"[4000, 6000]",36.75,"['WPC\n8364\n', 'rmi\nRB Dominick\nMcClellanville\nSouthCaro ina\n']","['C\n8364\n', 'R D1C\nC\nC\n']","['WPC\n8364\n', 'P1C\nC\nC\n']",modelv1.0__2026-05-17 21:21:18
D:/moth_photos/database\batch_13\img_moth_00024584.jpg,"[4000, 6000]",36.666666666666664,"['WPC\n8428\n', 'RBDominick\nMcClellanville\nSouth Carolin\n\n4\n\nUnies\n']","['C\n8428\n', 'RD\nC\nC\n\n4\n']","['WPC\n8428\n', 'C\nC\n\n4\n']",modelv1.0__2026-05-17 21:21:18
D:/moth_photos/database\batch_13\img_moth_00024585.jpg,"[4000, 6000]",36.68627450980392,"['WPC\n8234\n', 'RBDominick\nMcClellanville\nSouthCerolina\n\n31Auy1972\nLishy\n']","['C\n8234\n', 'RRD\nC\nC\n\n3141972\n']","['WPC\n8234\n', 'C\nC\n\n3141972\n']",modelv1.0__2026-05-17 21:21:18
D:/moth_photos/database\batch_13\img_moth_00024586.jpg,"[4000, 6000]",36.57692307692308,"['WPC\n8365\n', 'RBDominicl\nMcClellanville\nrah farolin\n\nep\n']","['C\n8365\n', 'RD\nC\n\nR\n']","['WPC\n8365\n', 'C\n\nP\n']",modelv1.0__2026-05-17 21:21:18
D:/moth_photos/database\batch_13\img_moth_00024587.jpg,"[4000, 6000]",36.627450980392155,"['WPC\n8429\n', 'RBDominick\nMcClellanville\nSouthCarolina\n\n2Iurlyl474\nraft\n', 'BVominick\nClellanville\nuth ang WPC\n\nat if m\n8429\n\n']","['C\n8429\n', 'RD\nC\nC\n\n21474\n', '65\nC\nC\n\n8429\n\n']","['WPC\n8429\n', 'C\nC\n\n21474\n', '65\nC\nWPC\n\n8429\n\n']",modelv1.0__2026-05-17 21:21:18
D:/moth_photos/database\batch_13\img_moth_00024588.jpg,"[4000, 6000]",36.666666666666664,"['WPC\n8235\n', '2B Dominick\nshariesREdwards\nicClellanville\nSouthCarolina\n\nLishtP\n']","['C\n8235\n', '2 D\nR\nC\nC\n']","['WPC\n8235\n', '2\nC\nC\n\nP\n']",modelv1.0__2026-05-17 21:21:18
D:/moth_photos/database\batch_13\img_moth_00024589.jpg,"[4000, 6000]",36.60377358490566,"['WPC\n8366\n', 'XOVominick\nhariesREdwards\nMcClellanville\nsouthCeholinae\nOCehIIDA\nbrah\n', '3 799LT\n']","['C\n8366\n', 'R\nC\n0C\n0CDR\n', '3 7997\n']","['WPC\n8366\n', 'C\n0C\n0CP\n', '3 7997\n']",modelv1.0__2026-05-17 21:21:18
D:/moth_photos/database\batch_13\img_moth_00024590.jpg,"[4000, 6000]",37.2,"['WPC\n8430\n', 'KBDominick\nMcClellanville\nSouthCarolina\n\n29Aprian\niGhh2\n']","['C\n8430\n', 'D\nCC\nC\n\n29R\n42\n']","['WPC\n8430\n', 'CC\nC\n\n29\n4P2\n']",modelv1.0__2026-05-17 21:21:18
D:/moth_photos/database\batch_13\img_moth_00024591.jpg,"[4000, 6000]",36.666666666666664,"['WPC\n8236\n', 'INe2oeAVOUTLITIICKN\nSharlesREdwar\nAcCletjanville\nouthCarolina\n\n13 Sept 971\nahhkao\n', '']","['C\n8236\n', '2DCR\nDR\nC\nC\n\n13 971\n', '']","['WPC\n8236\n', '2C\nC\nC\n\n13 971\n', '']",modelv1.0__2026-05-17 21:21:18
D:/moth_photos/database\batch_13\img_moth_00024592.jpg,"[4000, 6000]",37.13725490196079,"['WPC\n8367\n', '2BDominick\nAcClellanville\nsouthCarolina\n\n3AprA\nwryas nt\n']","['C\n8367\n', '2RD\nC\nC\n\n3\n']","['WPC\n8367\n', '2\nC\nC\n\n3\n']",modelv1.0__2026-05-17 21:21:18
D:/moth_photos/database\batch_13\img_moth_00024593.jpg,"[4000, 6000]",36.90196078431373,"['WPC\n8431\n', 'NeDeMOTMINICK\nShariesREdwards\nAeeeuansilte\n\nry Cc 90\nig oy\n']","['C\n8431\n', 'DDC\nR\n\nC 90\n']","['WPC\n8431\n', 'C\n\nC 90\n']",modelv1.0__2026-05-17 21:21:18
D:/moth_photos/database\batch_13\img_moth_00024594.jpg,"[4000, 6000]",36.68627450980392,"['WPC\n8237\n', 'KRBVOMINICK\nMcClellanville\nSouthCarolina\n']","['C\n8237\n', 'RDCR\nC\nC\n']","['WPC\n8237\n', 'C\nC\nC\n']",modelv1.0__2026-05-17 21:21:18
D:/moth_photos/database\batch_13\img_moth_00024595.jpg,"[4000, 6000]",36.65384615384615,"['WPC\n8368\n', 'MDeA7UTAIANH\nCharlesREdwards\n\nMcClellanville PP\nSouthCdroline\n\n3Ock1422\nbaht\n', '3749S\n']","['C\n8368\n', 'D47D\nCR\n\nC\nC\n\n301422\n', '3749901\n']","['WPC\n8368\n', '47\nC\n\nC PP\nC\n\n301422\n', '3749901\n']",modelv1.0__2026-05-17 21:21:18
D:/moth_photos/database\batch_13\img_moth_00024596.jpg,"[4000, 6000]",37.13725490196079,"['WPC\n8432\n', 'MRBeVUNIIANHE\nharlesREdward\nAcCiellanville\njouthGarolina\n\nSofs970\nbee\n', 'Le\n']","['C\n8432\n', 'RD\nR\nC\n\n970\nR\n', '']","['WPC\n8432\n', 'C\n\n970\n', '']",modelv1.0__2026-05-17 21:21:18
D:/moth_photos/database\batch_13\img_moth_00024597.jpg,"[4000, 6000]",36.745098039215684,"['WPC\n8238\n', 'BDominick\nAcClellanville\nouth patrolina\n\nEA 11993\n']","['C\n8238\n', 'D\nC\n\n99 11993\n']","['WPC\n8238\n', 'C\n\n99 11993\n']",modelv1.0__2026-05-17 21:21:18
D:/moth_photos/database\batch_13\img_moth_00024598.jpg,"[4000, 6000]",36.730769230769226,"['WPC\n8369\n', 'NDVoOmIinick\nMcClellanville\nSouth Carolina\n\n52or1974\n']","['RC\n8369\n', 'D\nC\nC\n\n521974\n']","['WPC\n8369\n', 'C\nC\n\n521974\n']",modelv1.0__2026-05-17 21:21:18
D:/moth_photos/database\batch_13\img_moth_00024599.jpg,"[4000, 6000]",36.76470588235294,"['WPC\n8433\n', 'nDVOoMInNIcK\nCharlesREdwarns\nvicClellanville\nSouthCarolina\n\nLLApyINVIR\npee\n']","['C\n8433\n', 'DC\nCR\nC\n0C\n\nCR\n']","['WPC\n8433\n', 'C\nC\nC\n0C\n\nC\nP\n']",modelv1.0__2026-05-17 21:21:18
D:/moth_photos/database\batch_13\img_moth_00024600.jpg,"[4000, 6000]",36.59615384615385,"['WPCC\n8239\n', 'RBDominick\nChariesREdwards\nMcClellanville\nSouthCarolina\n']","['RC\n8239\n', 'RRD\nCR\nC\nC\n']","['WPCC\n8239\n', 'C\nC\nC\n']",modelv1.0__2026-05-17 21:21:18
D:/moth_photos/database\batch_13\img_moth_00024601.jpg,"[4000, 6000]",36.75,"['WPC\n8370\n', 'RBDominick\nMcClellanville\nouthCarolina\n\n3Apr1974\nbightO7\n', '37499EL7\n', 'R K Dominic\n\nMcClellanville\n\nWPC\n8370\n']","['C\n8370\n', 'RD\nC\nC\n\n31974\n7\n', '3749947\n', 'R D\n\nC\n\nRC\n8370\n']","['WPC\n8370\n', 'C\nC\n\n31974\n7\n', '3749947\n', 'C\n\nWPC\n8370\n']",modelv1.0__2026-05-17 21:21:18
D:/moth_photos/database\batch_13\img_moth_00024602.jpg,"[4000, 6000]",37.2,"['WPC\n8434\n', 'XBVominick\nChariesREdwards\nMcClellanville\nSouthCarglina\n\nel 70\n', '']","['C\n8434\n', 'DD\nCR\nC\n50C\n\n70\n', '']","['WPC\n8434\n', 'C\nC\n50C\n\n70\n', '']",modelv1.0__2026-05-17 21:21:18
D:/moth_photos/database\batch_13\img_moth_00024603.jpg,"[4000, 6000]",36.705882352941174,"['WPC\n8240\n', 'RBDominick\nMcClellanville\nSoutbCarolina\n\nLS 3\n']","['C\n8240\n', 'RD\nC\nC\n\n3\n']","['WPC\n8240\n', 'C\nC\n\n3\n']",modelv1.0__2026-05-17 21:21:18
D:/moth_photos/database\batch_13\img_moth_00024604.jpg,"[4000, 6000]",37.15686274509804,"['WPC\n8371\n', 'detE L Todd\n', 'RBDominick\nMcClellanville\nSouthCarolina\n\n29Fug 1973\n']","['RC\n8371\n', '', 'RD\nC\nC\n\n29 1973\n']","['WPC\n8371\n', '', 'C\nC\n\n29 1973\n']",modelv1.0__2026-05-17 21:21:18
D:/moth_photos/database\batch_13\img_moth_00024605.jpg,"[4000, 6000]",37.160000000000004,"['WPC\n8435\n', 'mDBVOMINICK\nCharlesREdward\nMicClellanville\nSouthC4rolinae\n\nWuly luly1490\n']","['C\n8435\n', 'DC\nCR\nC\n0C4\n\n1490\n']","['WPC\n8435\n', 'C\nC\nC\n0C4\n\nW 1490\n']",modelv1.0__2026-05-17 21:21:18
D:/moth_photos/database\batch_13\img_moth_00024606.jpg,"[4000, 6000]",36.666666666666664,"['WPC\n8241\n', 'RBDominick\nMcClellanville\nSouthCarolina\n\nLSeph1973\nLS\n']","['RC\n8241\n', 'RD\nC\nC\n\n1973\n']","['WPC\n8241\n', 'C\nC\n\n1973\n']",modelv1.0__2026-05-17 21:21:18
D:/moth_photos/database\batch_13\img_moth_00024607.jpg,"[4000, 6000]",37.19607843137255,"['WPC\n8372\n', 'BVOMINICK\nAcClellanville\nsouthCarolina\n', 'KbBVominick\nMcClellanville\nSouthCarolina\n\n']","['C\n8372\n', 'DC\nC\nC\n', 'D\nC\nC\n\n']","['WPC\n8372\n', 'C\nC\nC\n', 'C\nC\n\n']",modelv1.0__2026-05-17 21:21:18
D:/moth_photos/database\batch_13\img_moth_00024608.jpg,"[4000, 6000]",36.68627450980392,"['WPC\n8436\n', 'RBDominick\nCharlesREdwands\nMoClellanville\noa Wanna e\nek4\ny 7a\n', 'Ssssst\n\n377\ndetE L Todd\n', '']","['C\n8436\n', 'RD\nCR\nC\n4\n7\n', '377\n', '']","['WPC\n8436\n', 'C\nC\nW\n4\n7\n', '377\n', '']",modelv1.0__2026-05-17 21:21:18
D:/moth_photos/database\batch_13\img_moth_00024609.jpg,"[4000, 6000]",36.549019607843135,"['WPC\n8242\n', 'RBDominick\nCharlesR Edwards\nMcClellanville\nSouthGarolina29458\n25TurnesGES\n\nJehad\n']","['C\n8242\n', 'RRD\nCR 2\nC\n29458\n25\n']","['WPC\n8242\n', 'C 2\nC\n29458\n25\n']",modelv1.0__2026-05-17 21:21:18
D:/moth_photos/database\batch_13\img_moth_00024610.jpg,"[4000, 6000]",36.59615384615385,"['WPC\n8373\n', 'XOVominick\nSharlesREdwards\nMcClellanville\n\n6SephF 20\n\nwabtwy\n']","['RC\n8373\n', '6\nR\nC\n\n65 20\n']","['WPC\n8373\n', '6\nC\n\n65 20\n']",modelv1.0__2026-05-17 21:21:18
D:/moth_photos/database\batch_13\img_moth_00024611.jpg,"[4000, 6000]",36.84313725490196,"['WPC\n8437\n', 'xBDominick\nSharlesREdwards\nsariaapaalNea\nSouthC\n\nSI y142e\n']","['C\n8437\n', 'RD\nR\nC\n\n142\n']","['WPC\n8437\n', 'C\n\n142\n']",modelv1.0__2026-05-17 21:21:18
D:/moth_photos/database\batch_13\img_moth_00024612.jpg,"[4000, 6000]",36.64705882352941,"['WPC\n8243\n', 'KBVOMINICK\nMcClellanville\n\nSouthCarolina\n\nf\nfg\n', 'Clee WPC\nAug197 AT73 8243\n']","['C\n8243\n', 'RDC\nC\n\nC\n\n73\n', 'C C\n197 73 8243\n']","['WPC\n8243\n', 'WC\nC\n\nC\n\nW173\n', 'C WPC\n197 73 8243\n']",modelv1.0__2026-05-17 21:21:18
D:/moth_photos/database\batch_13\img_moth_00024613.jpg,"[4000, 6000]",36.769230769230774,"['WPC\n8374\n', 'Re2FPeAJUIMIITIICN\nharlesREdwards\nicClellanville\nouth Carolina e\n\nOo Max 9s\n']","['C\n8374\n', 'R22CR\nR\n\nC\n\nC\n\n9\n']","['WPC\n8374\n', '2P2C\nC\nC\n\n9\n']",modelv1.0__2026-05-17 21:21:18
D:/moth_photos/database\batch_13\img_moth_00024614.jpg,"[4000, 6000]",36.6078431372549,"['WPC\n8438\n', 'KBDominick\nCharlesREdwards\nMcClellanville\nSouthCgrolina\n\n3July20\n\npag\n']","['C\n8438\n', '6D\nCR\nC\nC\n\n320\n']","['WPC\n8438\n', '6\nC\nC\nC\n\n320\n']",modelv1.0__2026-05-17 21:21:18
D:/moth_photos/database\batch_13\img_moth_00024615.jpg,"[4000, 6000]",36.7843137254902,"['WPC\n8244\n', 'RBDominick\nMcClellanville\n10 Carolina\n\nFety149\n']","['C\n8244\n', 'RRD\nC\n10 C\n\n149\n']","['WPC\n8244\n', 'C\n10 C\n\n149\n']",modelv1.0__2026-05-17 21:21:18
D:/moth_photos/database\batch_13\img_moth_00024616.jpg,"[4000, 6000]",36.88461538461538,"['WPC\n8375\n', 'x6Vominick\nSharlesREdwards\nAcClellanville\n']","['C\n8375\n', '6D\nR\nC\n']","['WPC\n8375\n', '6\nC\n']",modelv1.0__2026-05-17 21:21:18
D:/moth_photos/database\batch_13\img_moth_00024617.jpg,"[4000, 6000]",36.6078431372549,"['WPC\n8439\n', 'Ne29LOMITICK\nSharlesREdward\nAcClellanville\nouthCarolinae\n']","['C\n8439\n', '29C\nR\nC\nC\n']","['WPC\n8439\n', '29C\nC\nC\n']",modelv1.0__2026-05-17 21:21:18
D:/moth_photos/database\batch_13\img_moth_00024618.jpg,"[4000, 6000]",36.72549019607843,"['WPC\n8245\n', 'RB Dominick\nMcClellanville\nTLL\n\n26h\n', '1\nBDominckHVAP\nMcClellanville\n\nSouthCarolina C\n\n26Ag477I8245\n\nliahEove\n\n']","['C\n8245\n', 'R DC\nC\n\n26R\n', '1\n8D\nC\n\nC C\n\n264778245\n\n']","['WPC\n8245\n', 'PC\nC\nPP\n\n26\n', '1\n8P\nC\n\nC C\n\n264778245\n\n']",modelv1.0__2026-05-17 21:21:18
D:/moth_photos/database\batch_13\img_moth_00024619.jpg,"[4000, 6000]",36.59615384615385,"['WPC\n8376\n', 'R BDominick\nCharlesREdwards\nMcClellanville\n3 Carolina\n\nazAen 1992\nLightKX\n']","['C\n8376\n', 'R D\nCR\nC\n3 C\n\n2D 1992\nC\n']","['WPC\n8376\n', 'C\nC\n3 C\n\n2 1992\nC\n']",modelv1.0__2026-05-17 21:21:18
D:/moth_photos/database\batch_13\img_moth_00024620.jpg,"[4000, 6000]",37.18000000000001,"['WPC\n8440\n', 'RBDominick\nCharlesREdwards\nMcClellanville\nSouthCrolina\n\nffialy1970\n']","['C\n8440\n', 'RRD\nCR\nC\nC\n\n1970\n']","['WPC\n8440\n', 'C\nC\nC\n\n1970\n']",modelv1.0__2026-05-17 21:21:18
D:/moth_photos/database\batch_13\img_moth_00024621.jpg,"[4000, 6000]",36.588235294117645,"['WPC\n8246\n', 'Gi Serpe\n', 'xBDominick\nCharlesREdwards\nicClellanville\noT Carolina\n\noH 3Aeg1967\n']","['C\n8246\n', '6\n', '6D\nCR\nC\nC\n\n31967\n']","['WPC\n8246\n', '6\n', '6\nC\nC\nC\n\n31967\n']",modelv1.0__2026-05-17 21:21:18
D:/moth_photos/database\batch_13\img_moth_00024622.jpg,"[4000, 6000]",36.67307692307692,"['WPCC\n83377\n', 'n56Dominick\nSharlesREdwards\nMcClellanville\nSouthCarolina\n\n3OAlpril41\ny va bL Y\n']","['RC\n83377\n', '56D\nR\nC\n50C\n\n3D41\n']","['WPCC\n83377\n', '56\nC\n50C\n\n341\n']",modelv1.0__2026-05-17 21:21:18
D:/moth_photos/database\batch_13\img_moth_00024623.jpg,"[4000, 6000]",36.86274509803921,"['WPC\n8441\n', 'x6BDominick\nharlesREdwaris\nAcClellanhville\nsouthCarolina\n\n30 fvs114 7\nLialhk\n']","['C\n8441\n', '65D\nR\nC\nC\n\n30 5114 7\n']","['WPC\n8441\n', '65\nC\nC\n\n30 5114 7\n']",modelv1.0__2026-05-17 21:21:18
D:/moth_photos/database\batch_13\img_moth_00024624.jpg,"[4000, 6000]",36.666666666666664,"['SOUTHCAROLINA\nWedgePlantation\nMcClellanville\nAugust 19 1968\nDeC Fergson\n', 'WPC\n8247\n', 'cee Cee DIBE\n01P2 Deo\nos\n\n3\n', 'DMBC00166\nRICHARDBDOMINICK\n\nMOTH8BUTTERFLYCOLLECTION\nUNIVERSITYOFSOUTHCAROLINA\n']","['CR\nC\n19 1968\nDC\n', 'C\n8247\n', 'C RR\n012 DD\nC\n\n3\n', 'DC00166\nRCRD8DC\n\n8RCC\nRCR\n']","['C\nWP\nC\n19 1968\nC\n', 'WPC\n8247\n', 'C\n01P2\nC\n\n3\n', 'PC00166\nC8WC\n\n8CC\nC\n']",modelv1.0__2026-05-17 21:21:18
D:/moth_photos/database\batch_13\img_moth_00024625.jpg,"[4000, 6000]",36.519230769230774,"['WPC\n8378\n', 'KBVomInick\nMcClennanville\nApr 1494\npriany\nahtB\n', 'RBDominick\nMcClennanville\nSouthCarolina\n\n9Apr197\nre\n\nWPC\n8378\n']","['C\n8378\n', 'RD\nC\nD 1494\n\n7\n', 'RRD\nC\nC\n\n9197\n\nRC\n8378\n']","['WPC\n8378\n', 'C\nP 1494\nP7\n', 'C\nC\n\n9197\n\nWPC\n8378\n']",modelv1.0__2026-05-17 21:21:18
D:/moth_photos/database\batch_13\img_moth_00024626.jpg,"[4000, 6000]",37.1,"['WPC\n8442\n', 'R B Domiaick\nCharlesREdwards\nMcClgllanvillee\n23Apry 29458\nR1970\n\nLigue 2\n']","['C\n8442\n', 'R D\nCR\nC\n23 29458\nR1970\n\nC 2\n']","['WPC\n8442\n', 'C\n\nC\n\n23 29458\n1970\n\nC 2\n']",modelv1.0__2026-05-17 21:21:18
D:/moth_photos/database\batch_13\img_moth_00024627.jpg,"[4000, 6000]",36.666666666666664,"['SOUTHCAROLINA\nWedgePlantation\nMcClellanville\nAugustff1968\nDeCc Fergison\n', 'WPC\n8248\n', 'Sarenf fotdes\nBOTS\n', 'DMBC00167\nRICHARDBDOMINICK\n\nMOTH8BUTTERFLYCOLLECTION\nUNIVERSITYOFSOUTHCAROLINA\n']","['CRC\nC\n1968\nDC\n', 'RC\n8248\n', '', 'DC00167\nRCRDDC\n\n8RCC\nRCR\n']","['CC\nWP\nC\n1968\nC\n', 'WPC\n8248\n', '', 'PC00167\nCC\n\n8CC\nC\n']",modelv1.0__2026-05-17 21:21:18
D:/moth_photos/database\batch_13\img_moth_00024628.jpg,"[4000, 6000]",36.692307692307686,"['WPC\n8379\n', 'KDVominick\nChariesREdward\nMcClellanville\nSouthEarolinae\n\n27Juely971\nLIshyor\n']","['C\n8379\n', 'DD\nCR\nC\n\n27971\n']","['WPC\n8379\n', 'C\nC\n\n27971\n']",modelv1.0__2026-05-17 21:21:18
D:/moth_photos/database\batch_13\img_moth_00024629.jpg,"[4000, 6000]",36.745098039215684,"['SOUTHCAROLINA\nWedgePlantation\nMcClellanville\n\n10Viil1969\n\nDCFerguson\n', 'WPC\n8443\n']","['5CRC\nC\n\n101969\n\nDC\n', 'C\n8443\n']","['5CC\nWP\nC\n\n10W1969\n\nCP\n', 'WPC\n8443\n']",modelv1.0__2026-05-17 21:21:18
D:/moth_photos/database\batch_13\img_moth_00024630.jpg,"[4000, 6000]",36.80392156862745,"['WPC\n8249\n', 'KBDominick\nMcClellanville\n27H Carolina\n\nA7Rg B78\n\n', 'RBDominick\n\nMcClellanville WPC\n27h Carolina\n\nS99\ns 7A 2B8249\n\n']","['C\n8249\n', 'RRD\nC\n27 C\n\n7R 78\n\n', 'RD\n\nC RC\n27 C\n\n599\n7 28249\n\n']","['WPC\n8249\n', 'C\n27 C\n\n7 78\n\n', 'C WPC\n27 C\n\n599\n7 28249\n\n']",modelv1.0__2026-05-17 21:21:18
D:/moth_photos/database\batch_13\img_moth_00024631.jpg,"[4000, 6000]",37.01960784313725,"['WPC\n8380\n', 'RRDominick\nCharlesREdwards\n\nMcClellanville\nSouthCarolina25458\n\n23ApA1976\nUishtm\n']","['C\n8380\n', 'RRD\nCR\n\nC\nC25458\n\n23RR1976\n']","['WPC\n8380\n', 'C\n\nC\nC25458\n\n23P1976\n']",modelv1.0__2026-05-17 21:21:18
D:/moth_photos/database\batch_13\img_moth_00024632.jpg,"[4000, 6000]",36.529411764705884,"['8444\n', 'WANYWAUCLLaLlVJiiLc\nSouth Carolina\nDominick\n\n2Fha SF\nLig a\n']","['8444\n', '2C\nC\nD\n\n2\n']","['8444\n', 'W2WC\nC\n\n2P\n']",modelv1.0__2026-05-17 21:21:18
D:/moth_photos/database\batch_13\img_moth_00024633.jpg,"[4000, 6000]",36.549019607843135,"['WPC\n8250\n', '2BDominick\nAcClellanville\nsouth Carolin\n\nAAerh74\n']","['C\n8250\n', '2D\nC\n0 C\n\n274\n']","['WPC\n8250\n', '2\nC\n0 C\n\n274\n']",modelv1.0__2026-05-17 21:21:18
D:/moth_photos/database\batch_13\img_moth_00024634.jpg,"[4000, 6000]",36.692307692307686,"['WPC\n8381\n', 'kKBDominick\nCharlesREdwards\nMcClellanville\nSouthCarolina29458\n\n43Agrii970\nLigsaftA\n']","['C\n8381\n', 'RD\nCR\nC\nC29458\n\n4341970\n']","['WPC\n8381\n', 'C\nC\nC29458\n\n4341970\n']",modelv1.0__2026-05-17 21:21:18
D:/moth_photos/database\batch_13\img_moth_00024635.jpg,"[4000, 6000]",36.72549019607843,"['WPC\n8445\n', 'BNe029AOTIITIICN\nCharlesREdwards\nMcClellanville\nSouthCdrolina\n\n23SeppltIe\n23Septt\n']","['C\n8445\n', '029CDCR\nCR\nC\nC\n\n237\n23\n']","['WPC\n8445\n', '029CC\nC\nC\nC\n\n237\n23\n']",modelv1.0__2026-05-17 21:21:18
D:/moth_photos/database\batch_13\img_moth_00024636.jpg,"[4000, 6000]",37.2,"['KRLBVommick\nMcClellanville\n\nhai\nbiaiKhay\n', 'WPC\n8251\n']","['RD\nC\n\n3\nR\n', 'C\n8251\n']","['C\n\n3\n', 'WPC\n8251\n']",modelv1.0__2026-05-17 21:21:18
D:/moth_photos/database\batch_13\img_moth_00024637.jpg,"[4000, 6000]",36.71153846153846,"['WPC\n8382\n', 'RBDominick\nCharlesREdwards\nMcClellanville\nSouthCarolina\n\nibe\n']","['C\n8382\n', 'RD\nCR\nC\nC\n']","['WPC\n8382\n', 'C\nC\nC\n']",modelv1.0__2026-05-17 21:21:18
D:/moth_photos/database\batch_13\img_moth_00024638.jpg,"[4000, 6000]",36.76470588235294,"['WPC\n8446\n', 'KBVomiInNicK\nCharlesREdwards\nMcClellanville\nSouthCarolina\n\n15ug1970\nighti2\n']","['C\n8446\n', 'RDC\nCR\nC\n5C\n\n151970\n2\n']","['WPC\n8446\n', 'C\nC\nC\n5C\n\n151970\n2\n']",modelv1.0__2026-05-17 21:21:18
D:/moth_photos/database\batch_13\img_moth_00024639.jpg,"[4000, 6000]",36.529411764705884,"['WPC\n8252\n', '2BDominick\nYharlesREdwards\nAcClellanville\n']","['RC\n8252\n', '2RD\nR\nC\n']","['WPC\n8252\n', '2\nC\n']",modelv1.0__2026-05-17 21:21:18
D:/moth_photos/database\batch_13\img_moth_00024640.jpg,"[4000, 6000]",37.19607843137255,"['WPC\n8383\n', 'RBVominick\nCharlesREdwards\nMcClellanville\n4 ly490\n\n3JulyA\n\ntvahtf\n']","['C\n8383\n', 'R\nCR\nC\n4 490\n\n3\n']","['WPC\n8383\n', 'C\nC\n4 490\n\n3\n']",modelv1.0__2026-05-17 21:21:18
D:/moth_photos/database\batch_13\img_moth_00024641.jpg,"[4000, 6000]",37.22,"['WPC\n8447\n', 'McClellanville\nSouth Carolina\nRBDominick\n\nf IHieyI62\n', 'Puy\n7\n']","['C\n8447\n', 'C\nC\nRRD\n\n762\n', '7\n']","['WPC\n8447\n', 'C\nC\n\n762\n', 'P\n7\n']",modelv1.0__2026-05-17 21:21:18
D:/moth_photos/database\batch_13\img_moth_00024642.jpg,"[4000, 6000]",36.57692307692308,"['WPC\n8253\n', 'RBDominick\nMcClellanvite\n\nithe\n\nLiah\n\n']","['C\n8253\n', 'RRD\nC\n\n']","['WPC\n8253\n', 'C\n\nP\n\n']",modelv1.0__2026-05-17 21:21:18
D:/moth_photos/database\batch_13\img_moth_00024643.jpg,"[4000, 6000]",36.71153846153846,"['WPC\n8384\n', 'R BDominick\nChariesREdwards\nMcClellanville\nSouthCerolina\n\neye Ne\n']","['C\n8384\n', 'R D\nCR\nC\nC\n\n6\n']","['WPC\n8384\n', 'C\nC\nC\n\n6\n']",modelv1.0__2026-05-17 21:21:18
D:/moth_photos/database\batch_13\img_moth_00024644.jpg,"[4000, 6000]",36.529411764705884,"['WPC\n8448\n', 'RBDominick\nChariesREdwards\nMcClefPlanville ao\nSouthCardlina29458\n']","['C\n8448\n', 'RD\nCR\nC\nC29458\n']","['WPC\n8448\n', 'C\nCP\nC29458\n']",modelv1.0__2026-05-17 21:21:18
D:/moth_photos/database\batch_13\img_moth_00024645.jpg,"[4000, 6000]",36.6078431372549,"['WPC\n8254\n', 'CharlesREdwards\nMcClellanville\nSoyan79\n1972\nre\n']","['C\n8254\n', 'CR\n\nC\n\n79\n1972\n']","['WPC\n8254\n', 'C\n\nC\n\n79\n1972\n']",modelv1.0__2026-05-17 21:21:18
D:/moth_photos/database\batch_13\img_moth_00024646.jpg,"[4000, 6000]",36.61538461538461,"['WPC\n8385\n', 'RBDominick\n\nCharlesREdwanisY\nMcClellanville CO\nSouthTarolina294587\n\nTMag1969\nLisgL7\n', 'CLM\n2797\n']","['C\n8385\n', 'RD\n\nCR\nC CC\nC294587\n\n71969\n47\n', 'C\n2797\n']","['WPC\n8385\n', 'C\nC CC\nC294587\n\n71969\n47\n', 'C\n2797\n']",modelv1.0__2026-05-17 21:21:18
D:/moth_photos/database\batch_13\img_moth_00024647.jpg,"[4000, 6000]",36.88235294117647,"['WPC\n8449\n', 'INOVOMINICK\nSharlesREdwards\nicClellanwille\nsouthCaroljna\n\nSfrly149C\nLiacAfO\n']","['RC\n8449\n', 'RDC\nCR\nC\n0C\n\n149C\nC\n']","['WPC\n8449\n', 'WC\nC\nC\n0C\n\n149C\nC\n']",modelv1.0__2026-05-17 21:21:18
D:/moth_photos/database\batch_13\img_moth_00024648.jpg,"[4000, 6000]",36.72549019607843,"['WPC\n8255\n', 'RBDominick\nCharlesREdwards\nMcClellanville\ngut Carolma\n\n4972\ntsnet\n']","['RC\n8255\n', 'RD\nCR\nC\nC\n\n4972\n']","['WPC\n8255\n', 'C\nC\nC\n\n4972\n']",modelv1.0__2026-05-17 21:21:18
D:/moth_photos/database\batch_13\img_moth_00024649.jpg,"[4000, 6000]",36.65384615384615,"['WPC\n8386\n', 'RBDominicl\nMcClennanvill\nSouth eCarolin\n\nA 197\nLight\n']","['C\n8386\n', 'R5D\nC\nC\n\nR 197\n']","['WPC\n8386\n', '5\nC\nC\n\n197\n']",modelv1.0__2026-05-17 21:21:18
D:/moth_photos/database\batch_13\img_moth_00024650.jpg,"[4000, 6000]",36.72549019607843,"['WPC\n8450\n', 'mRBVominick\nCharlesREdwandis\nMcClellanville\n7 Carolina\n\n14 a\n\nr\n']","['C\n8450\n', 'RD\nCR\nC\n7 C\n\n14\n\n1\n']","['WPC\n8450\n', 'C\nC\n7 C\n\n14\n\n1\n']",modelv1.0__2026-05-17 21:21:18
D:/moth_photos/database\batch_13\img_moth_00024651.jpg,"[4000, 6000]",36.72549019607843,"['WPC\n8256\n', 'bBVomiInick\nhariesREdwards\nMcCleljanville\nSouthCarolina\n\nbMauy1972\n']","['C\n8256\n', 'R\nC\nC\n\n41972\n']","['WPC\n8256\n', 'C\nC\n\n41972\n']",modelv1.0__2026-05-17 21:21:18
D:/moth_photos/database\batch_13\img_moth_00024652.jpg,"[4000, 6000]",37.15686274509804,"['WPC\n8387\n', 'NeOVMOominick\nSharlesREdward\nMcClellanville\nSouthCaroline\n\nit fig 470\n']","['C\n8387\n', 'D\nR\nC\nC\n\n1 470\n']","['WPC\n8387\n', 'C\nC\n\n1 470\n']",modelv1.0__2026-05-17 21:21:18
D:/moth_photos/database\batch_13\img_moth_00024653.jpg,"[4000, 6000]",36.509803921568626,"['WPC\n8451\n', 'RECnNIA\nlarvalisGal\n\nDetD0 Porgusco i97S\nPoebodyhrseuraFsleCrivs\n\n', 'RBDominick\nMcClellanville\nSouthCarolinz\n\n7Aprl4 x\nabt\n']","['RC\n8451\n', 'RC\n\nDD0 975\nR6C\n\n', 'RD\nC\nC\n\n7R4\n']","['WPC\n8451\n', 'C\n\n0 P 975\nP6C\n\n', 'C\nC\n\n74\nP\n']",modelv1.0__2026-05-17 21:21:18
D:/moth_photos/database\batch_13\img_moth_00024654.jpg,"[4000, 6000]",36.705882352941174,"['WPC\n8257\n', 'BDominick\nsharlesREdwards\nAcCleljanville\nouthCarolina\n']","['C\n8257\n', 'D\nR\nC\nC\n']","['WPC\n8257\n', 'C\nC\n']",modelv1.0__2026-05-17 21:21:18
D:/moth_photos/database\batch_13\img_moth_00024655.jpg,"[4000, 6000]",36.63461538461539,"['WPC\n8388\n', 'iMcClellanville\nRouth Carolina\nEy Ne1967\n\n3Meyit6f\n']","['C\n8388\n', 'C\nR C\n1967\n\n346\n']","['WPC\n8388\n', 'C\nC\n1967\n\n3W46\n']",modelv1.0__2026-05-17 21:21:18
D:/moth_photos/database\batch_13\img_moth_00024656.jpg,"[4000, 6000]",37.03921568627451,"['WPC\n8452\n', 'KBDominick\nCharlesREdwards\nMcClellanville\nSouth Carolina\n\n5S T1970\noils\n']","['C\n8452\n', 'D\nCR\nC\nC\n\n5 1970\n']","['WPC\n8452\n', 'C\nC\nC\n\n5 P1970\nP\n']",modelv1.0__2026-05-17 21:21:18
D:/moth_photos/database\batch_13\img_moth_00024657.jpg,"[4000, 6000]",36.519230769230774,"['WPC\n8258\n', 'RDAZUALLH\nharlesREdwards\nicClellanville\nth Mow e\n\n1473\niz 4Meylo\n']","['C\n8258\n', 'RD\nR\nC\n\n1473\n4\n']","['WPC\n8258\n', 'C\n\n1473\n4\n']",modelv1.0__2026-05-17 21:21:18
D:/moth_photos/database\batch_13\img_moth_00024658.jpg,"[4000, 6000]",36.769230769230774,"['WPC\n8389\n', 'RBDominick\nCharlesR Edwanis\nMcClellanville\nSouthC4rolina29458\n\nfNay9b6Ss\n7fa419\n']","['C\n8389\n', 'RD\nCR\nC\nC429458\n\n96\n7419\n']","['WPC\n8389\n', 'C\nC\nC429458\n\nP96\n7419\n']",modelv1.0__2026-05-17 21:21:18
D:/moth_photos/database\batch_13\img_moth_00024659.jpg,"[4000, 6000]",36.745098039215684,"['WPC\n8453\n', 'A\nSOUTHCAROLINA\nWedge Plantation\nNowe\nNov2219 o7\n\nDCFerguson\nOO\n']","['C\n8453\n', 'D\nCCR\nC\n2219 7\n\nDC\n']","['WPC\n8453\n', 'CC\nW P\nC\n2219 7\n\nCP\n']",modelv1.0__2026-05-17 21:21:18
D:/moth_photos/database\batch_13\img_moth_00024660.jpg,"[4000, 6000]",36.666666666666664,"['WPC\n8259\n', 'rBDominick\nSharlesREdwards\nMcClellanville\nsouthCarolina\n\n24May147\nahhk\n']","['C\n8259\n', 'D\nCR\nC\n0C\n\n24147\n']","['WPC\n8259\n', 'C\nC\n0C\n\n24147\n']",modelv1.0__2026-05-17 21:21:18
D:/moth_photos/database\batch_13\img_moth_00024661.jpg,"[4000, 6000]",36.75,"['WPC\n8390\n', 'RBDominick\nCharlesREdward\nMcClellanville\nSouthCarolina29458\n\nFmarGL9\n', '']","['C\n8390\n', 'RRD\nCR\nC\nC29458\n\n929\n', '']","['WPC\n8390\n', 'C\nC\nC29458\n\n929\n', '']",modelv1.0__2026-05-17 21:21:18
D:/moth_photos/database\batch_13\img_moth_00024662.jpg,"[4000, 6000]",36.666666666666664,"['BVomiInicK\nSharlesREdwards\nMcClellanville\nSouth Carolina\n\n1bfulys970\nf ply\n\noht\n', '2IG4\n\ndetELTodd\n', 'WPC\n8454\n']","['C\nR\nC\nC\n\n16970\n', '294\n\n', 'RC\n8454\n']","['C\nC\nC\n\n16970\n', '294\n\n', 'WPC\n8454\n']",modelv1.0__2026-05-17 21:21:18
D:/moth_photos/database\batch_13\img_moth_00024663.jpg,"[4000, 6000]",36.588235294117645,"['WPC\n8260\n', 'RBDominick\nSharlesREdwards\nAcCleljanville\njouthCarolinae\n\nRfaulyAUi\nhightot\n']","['C\n8260\n', 'RRD\nR\nC\n0C\n\nR\n']","['WPC\n8260\n', 'C\n0C\n']",modelv1.0__2026-05-17 21:21:18
D:/moth_photos/database\batch_13\img_moth_00024664.jpg,"[4000, 6000]",36.61538461538461,"['WPC\n8391\n', 'KBDominick\n\nCharlesREdwards\n\nMcClellanville\n\nSouthCafolina29458\n\nZAIApan95078\nLignv\n', '']","['C\n8391\n', 'RRD\nCR\nC\nC29458\n95078\n', '']","['WPC\n8391\n', 'C\nC\nC29458\n95078\n', '']",modelv1.0__2026-05-17 21:21:18
D:/moth_photos/database\batch_13\img_moth_00024665.jpg,"[4000, 6000]",36.64705882352941,"['WPC\n8455\n', 'kBDominick\nCharlesREdwards\n\nMcClellanville\nSouthCgrolina\n\nAMayH68\nhiahye\n', 'DMBC00197\nRICHARDBDOMINICK\n\nMOTH8BUTTERFLYCOLLECTION\nUNIVERSITYOFSOUTHCAROLINA\n', '']","['C\n8455\n', 'RD\nCR\n\nC\nC\n\n68\n', 'DC00197\nRCRD8DC\n\n8RCC\nRCR\n', '']","['WPC\n8455\n', 'C\n\nC\nC\n\n68\n', 'PC00197\nC8C\n\n8CC\nC\n', '']",modelv1.0__2026-05-17 21:21:18
D:/moth_photos/database\batch_13\img_moth_00024666.jpg,"[4000, 6000]",36.588235294117645,"['WPC\n8261\n', 'ar\nRBDominick\nCharlesREdwards\nMcClellanville\nSouthCarolina\n\nTilyF1\n455 7 14\n']","['C\n8261\n', 'RD\nCR\nC\nC\n\n1\n455 7 14\n']","['WPC\n8261\n', 'C\nC\nC\n\n1\n455 7 14\n']",modelv1.0__2026-05-17 21:21:18
D:/moth_photos/database\batch_13\img_moth_00024667.jpg,"[4000, 6000]",37.22,"['WPC\n8456\n', 'RBDominick\nChariesREdwards\nMcClellanville\nSouthCarolina\n\n12Ocf 1467\nLidcht\n', 'DMBC00196\nRICHARDBDOMINICK\n\nMOTHBUTTERFLYCOLLECTION\nUNIVERSITYOFSOUTHCAROLINA\n', '32986 arr\n\nC0220 ge\n\n6x7\n']","['C\n8456\n', 'RD\nCR\nC\nC\n\n12D 1467\n', 'DC00196\nRCRDDC\n\nRCC\nRCR\n', '32986\n\nC0220 2\n\n67\n']","['WPC\n8456\n', 'C\nC\nC\n\n12 1467\n', 'PC00196\nCC\n\nPCC\nC\n', '32986\n\nC0220 2\n\n67\n']",modelv1.0__2026-05-17 21:21:18
D:/moth_photos/database\batch_13\img_moth_00024668.jpg,"[4000, 6000]",36.588235294117645,"['WPC\n8262\n', 'kKBDominick\nCharlesREdwards\nMcClellanville\nSouthCarolina\n']","['C\n8262\n', 'RD\nCR\nC\nC\n']","['WPC\n8262\n', 'C\nC\nC\n']",modelv1.0__2026-05-17 21:21:18
D:/moth_photos/database\batch_13\img_moth_00024669.jpg,"[4000, 6000]",37.2,"['WedgePlantation\nSouthSantee River\nCharleston CoSC\nMarchQZ1967\n\nDouglas CFerguson\n', 'Lascorra3 Ses\nambcgsalis\n\nDetDCFerguson 197\nPeabodyMuseumYaleUniv\nee\n', 'WPC\n8457\n', 'DMBC00209\n\nRICHARDBDOMINICK\n\nMOTH8BUTTERFLYCOLLECTION\nUNIVERSITYOFSOUTHCAROLINA\n']","['R\nC CC\n271967\n\nD C\n', '3\n\nDDC 197\n', 'RC\n8457\n', 'DRC00209\n\nRCRD8DC\n\n8RCC\nRCR\n']","['WP\nC CC\n271967\n\nP C\n', '3\n\nCP 197\nP\n', 'WPC\n8457\n', 'C00209\n\nC8WC\n\n8CC\nC\n']",modelv1.0__2026-05-17 21:21:18
D:/moth_photos/database\batch_13\img_moth_00024670.jpg,"[4000, 6000]",36.705882352941174,"['RBDominick\nCharlesREdwards\nMcClellanville\nSouthCarolina\n\n2hg97\n', 'WPC\n8263\n']","['RRD\nCR\nC\nC\n\n2997\n', 'C\n8263\n']","['C\nC\nC\n\n2997\n', 'WPC\n8263\n']",modelv1.0__2026-05-17 21:21:18
D:/moth_photos/database\batch_13\img_moth_00024671.jpg,"[4000, 6000]",36.745098039215684,"['WPC\n8264\n', 'xBVominickK\nharlesREdwards\nMcClellanville\nSouthCrolina\n\nfoly190\n\njeter\n']","['C\n8264\n', 'DDC\nR\nC\n0C\n\n190\n']","['WPC\n8264\n', 'C\nC\n0C\n\n190\n']",modelv1.0__2026-05-17 21:21:18
D:/moth_photos/database\batch_13\img_moth_00024672.jpg,"[4000, 6000]",37.07843137254902,"['WPC\n8459\n', 'SOUTH CAROLINAY\nWedgePlentation\nMcClellafiville\nAugust G 1968\nNnHCFeraquson\n', 'Lasecoria\nam6iguefis\n\n3805\n', 'UMDBCOU21I\nRICHARDBDOMINICK\nMOTH8BUTTERFLYCOLLECTION\n\nUNIVERSITYOFSOUTHCAROLINA\n']","['C\n8459\n', 'CRC\nC\nC 1968\nC\n', '612\n\n3805\n', 'DC21\nRCRD8DC\n8RCC\n\nRCR\n']","['WPC\n8459\n', 'CPC\nWP\nC\nC 1968\nCP\n', '612\n\n3805\n', 'C21\nC8C\n8CC\n\nC\n']",modelv1.0__2026-05-17 21:21:18
D:/moth_photos/database\batch_13\img_moth_00024673.jpg,"[4000, 6000]",36.705882352941174,"['WPC\n8265\n', 'NOHVYominick\nCharlesREdwards\nMcClellanville\nSouth Carolina\n\nduty190\n']","['C\n8265\n', 'CR\nC\nC\n\n190\n']","['WPC\n8265\n', 'C\nC\nC\n\n190\n']",modelv1.0__2026-05-17 21:21:18
D:/moth_photos/database\batch_13\img_moth_00024674.jpg,"[4000, 6000]",36.529411764705884,"['RBDominick\nCharlesREdwards\nMcClellanville\nSouthCarolina\n\nLN\ni Fm\n', 'WPC\n8458\n', 'DMBC0Q0210\n\nRICHARDBDOMINICK\n\nMOTHBUTTERFLYCOLLECTION\nUNIVERSITYOFSOUTHCAROLINA\n']","['RRD\nCR\nC\nC4\n\n4\n', 'C\n8458\n', 'DC00210\n\nRCRDDC\n\nRCC\nRCR\n']","['C\nC\nC4\n\n4\n', 'WPC\n8458\n', 'PC00210\n\nCC\n\nCC\nC\n']",modelv1.0__2026-05-17 21:21:18
D:/moth_photos/database\batch_13\img_moth_00024675.jpg,"[4000, 6000]",36.64705882352941,"['WPC\n8266\n', 'RBDominick\nCharlesREdwards\nMcClellanville\nSouthCarolina29458\n\n23M441979\nUyheEyr\n']","['C\n8266\n', 'RD\nCR\nC\nC29458\n\n23441979\n']","['WPC\n8266\n', 'C\nC\nC29458\n\n23441979\n']",modelv1.0__2026-05-17 21:21:18
D:/moth_photos/database\batch_13\img_moth_00024676.jpg,"[4000, 6000]",37.080000000000005,"['WPC\n8460\n', 'SOUTHCAROLINA\nWedge Plantation\nMcClellanville\nMarch Y ig\n\nr Bawnrirtaan\n', 'on\nnga\nashe S\n', 'DMBC00207\n\nRICHARDBDOMINICK\nMOTH8BUTTERFLYCOLLECTION\n\nUNIVERSITYOFSOUTHCAROLINA\n']","['C\n8460\n', 'CR\nC\nC 9 19\n\nR\n', '', 'DC00207\n\nRCRD8DC\n8RRCC\n\nR0CR\n']","['WPC\n8460\n', 'C\nW P\nC\nC 9 19\n', '', 'PC00207\n\nC8C\n8CC\n\n0C\n']",modelv1.0__2026-05-17 21:21:18
D:/moth_photos/database\batch_13\img_moth_00024677.jpg,"[4000, 6000]",36.6078431372549,"['WPC\n8267\n', 'RBDominick\nCharlesR Ewart\nMcClellanville\nSouthCarolina29458\n\n13fMe Mau1963\n', '']","['RC\n8267\n', 'RRD\nCR\nC\nC29458\n\n13 1963\n', '']","['WPC\n8267\n', 'C W\nC\nC29458\n\n13 1963\n', '']",modelv1.0__2026-05-17 21:21:18
D:/moth_photos/database\batch_13\img_moth_00024678.jpg,"[4000, 6000]",36.549019607843135,"['WPC\n8461\n', 'SOUTHCAROLINA\nWedge Plantation\nMcClellanville\nAugust 3 1968\nJCFerguson\n', 'LQASCOrIG38SC5\nGinbsG4 Qi S\nDetDOFerguson i967\nPenbodyMuseumYaleUniv\n\n', 'DMBC00205\nRICHARDBDOMINICK\nMOTHBUTTERFLYCOLLECTION\n\nUNIVERSITYOFSOUTHCAROLINA\n']","['C\n8461\n', 'CR\nC\n3 1968\nC\n', '8C38C5\n144\nDD0 1967\n\n', 'DC00205\nRCRD8DC\nRCC\n\nRCR\n']","['WPC\n8461\n', 'C\nW P\nC\n3 1968\nCP\n', '8C38C5\n144\n0P 1967\nP\n\n', 'PC00205\nC8C\nPCC\n\nC\n']",modelv1.0__2026-05-17 21:21:18
D:/moth_photos/database\batch_13\img_moth_00024679.jpg,"[4000, 6000]",36.68627450980392,"['SOUTHCAROLINA\nWedge Plantation\nMcClellanville\n\n1SsVIIPs1968\n\nDCFerguson\n', 'WPC\n8268\n']","['CR\nC\n\n151968\n\nDC\n', 'C\n8268\n']","['C\nW P\nC\n\n15P1968\n\nC\n', 'WPC\n8268\n']",modelv1.0__2026-05-17 21:21:18
D:/moth_photos/database\batch_13\img_moth_00024680.jpg,"[4000, 6000]",37.01960784313725,"['NeagePlantation\nsouthSantee River\nCharlestonCoSC\n\nMarchPS19677\n\nDouglas CFerguesn\n', 'WPC\n8462\n', 'UMBCQ0206\nRICHARDBDOMINICK\n\nMOTHBUTTERFLYCOLLECTION\n\nUNIVERSITYOFSCUTHCARQIINGQ\n']","['1\nR\nCC0C\n\n419677\n\nD C\n', 'C\n8462\n', 'C00206\nRCRDD0C\n\nRCC\n\nRCCR\n']","['P1\nCC0C\n\nP419677\n\nCP\n', 'WPC\n8462\n', 'C00206\nCP0C\n\nCC\n\nCC\n']",modelv1.0__2026-05-17 21:21:18
D:/moth_photos/database\batch_13\img_moth_00024681.jpg,"[4000, 6000]",36.588235294117645,"['WPC\n8269\n', 'BDominick\nCharlesREdwards\nficClellanville\nSouthCarolinae\n\nCT parcX\n']","['C\n8269\n', 'RD\nCR\nC\n0C\n\nC7\n']","['WPC\n8269\n', 'C\nC\n0C\n\nC7\n']",modelv1.0__2026-05-17 21:21:18
D:/moth_photos/database\batch_13\img_moth_00024682.jpg,"[4000, 6000]",37.22,"['WPC\n8463\n', 'SOUTHCAROLINA\nWedge Plantation\nMcClellanville\nMarch 22 19\nDCFerguson\n', 'oaSCr rh\naAmbsy alis\n\n380s\n', 'DMBC00208\nRICHARDBDOMINICK\nMOTHSBUTTERFLYCOLLECTION\n\nUNIVERSITYOFSOUTHCAROLINA\n']","['C\n8463\n', 'CRC\nC\nC 22 19\nDC\n', 'C\n\n3805\n', 'DC00208\nRCRD8DC\nRRCC\n\nRCR\n']","['WPC\n8463\n', 'CC\nW P\nC\nC 22 19\nCP\n', 'C\n\n3805\n', 'PC00208\nC8WC\nCC\n\nC\n']",modelv1.0__2026-05-17 21:21:18
D:/moth_photos/database\batch_13\img_moth_00024683.jpg,"[4000, 6000]",36.705882352941174,"['WPC\n8270\n', 'KBDominick\nCharlesREdwards\nMcClellanville\nSouth Carolina\n\nalo\n']","['RC\n8270\n', 'R6D\nCR\nC\nC\n\n0\n']","['WPC\n8270\n', '6\nC\nC\nC\n\n0\n']",modelv1.0__2026-05-17 21:21:18
D:/moth_photos/database\batch_13\img_moth_00024684.jpg,"[4000, 6000]",36.92156862745098,"['WPC\n8464\n', 'RBDominicl\nMcClellanville\nSouthGarolin\n']","['RC\n8464\n', 'RD\nC\nC\n']","['WPC\n8464\n', 'C\nC\n']",modelv1.0__2026-05-17 21:21:18
D:/moth_photos/database\batch_13\img_moth_00024685.jpg,"[4000, 6000]",36.745098039215684,"['WPC\n8271\n', 'kBDominick\nCherlesREdwards\nMcClellanville\n\n3p Mas 9L9\nLishF\n']","['C\n8271\n', 'RRD\nCR\nC\n\n3D 929\n']","['WPC\n8271\n', 'C\nC\n\n3 929\n']",modelv1.0__2026-05-17 21:21:18
D:/moth_photos/database\batch_13\img_moth_00024686.jpg,"[4000, 6000]",37.21568627450981,"['WPC\n8465\n', 'RBDominick\nCharlesREdwards\nMcClellanville\nSouthCapgolina\n36 Kod 4972\nLisht\n', 'BIA3FELT\n']","['C\n8465\n', 'RRD\nCR\nC\n0C\n36 4972\n', '363CC\n']","['WPC\n8465\n', 'C\nC\n0C\n36 4972\n', '363CC\n']",modelv1.0__2026-05-17 21:21:18
D:/moth_photos/database\batch_13\img_moth_00024687.jpg,"[4000, 6000]",36.72549019607843,"['WPC\n8272\n', 'McClellanville\nSouthCarolina\nRB Dominick\nI7Tsoly66\nhight\n', 'Phailacnestele\n\nlarentys F es\n']","['RC\n8272\n', 'C\nC\nR8 D\n766\n', '']","['WPC\n8272\n', 'C\nC\n\n8\n766\n', 'P\n\nP\n']",modelv1.0__2026-05-17 21:21:18
D:/moth_photos/database\batch_13\img_moth_00024688.jpg,"[4000, 6000]",36.627450980392155,"['WPC\n8466\n', 'RBDominick\nMcClellanville\nSouthCarolina\n\n20s\nLhhars\n']","['RC\n8466\n', 'RRD\nC\nC\n\n20\n']","['WPC\n8466\n', 'C\nC\n\n20\n']",modelv1.0__2026-05-17 21:21:18
D:/moth_photos/database\batch_13\img_moth_00024689.jpg,"[4000, 6000]",37.09803921568628,"['WPC\n8273\n', 'RBDominick\n\nCharlesREdwards\n\nMcCllellanville\n\noe Carolina29458\nLd\n\nm 4971\nneeF4\n']","['C\n8273\n', 'R8D\nCR\nC\nC29458\n\n4971\n4\n']","['WPC\n8273\n', '8\nC\nC\nC29458\n\n4971\n4\n']",modelv1.0__2026-05-17 21:21:18
D:/moth_photos/database\batch_13\img_moth_00024690.jpg,"[4000, 6000]",36.68627450980392,"['WPC\n8467\n', 'KbDominick\nCharlesREdwards\nMcClellanville\nSouthCarolina e\n\n23Mareh197Z\nmiaht\n']","['C\n8467\n', '6D\nCR\nC\nC\n\n23197\n']","['WPC\n8467\n', '6\nC\nC\nC\n\n23197\n']",modelv1.0__2026-05-17 21:21:18
D:/moth_photos/database\batch_13\img_moth_00024691.jpg,"[4000, 6000]",36.588235294117645,"['WPC\n8274\n', 'kBDominick\nCharlesREdwards\nMcClellanville\nSouthCarolina\n\n11990\nnae\n']","['C\n8274\n', 'RD\nCR\nC\nC\n\n11990\n']","['WPC\n8274\n', 'C\nC\nC\n\n11990\n']",modelv1.0__2026-05-17 21:21:18
D:/moth_photos/database\batch_13\img_moth_00024692.jpg,"[4000, 6000]",37.14,"['WPC\n8468\n', 'RBDominick\nChariesREdwards\nMcClellanville\nSouthCarolina\n\n18Sept1971\nLisHy\n']","['C\n8468\n', 'RD\nCR\nC\nC\n\n181971\n']","['WPC\n8468\n', 'C\nC\nC\n\n181971\n']",modelv1.0__2026-05-17 21:21:18
D:/moth_photos/database\batch_13\img_moth_00024693.jpg,"[4000, 6000]",36.588235294117645,"['WPC\n8275\n', 'RBDominick\nCharlesREdwards\nMcClellanville\nSouthCarolina29458\n\nsm SL\nZab 7\n']","['C\n8275\n', 'RRD\nCR\nC\nC29458\n\n5\n14 7\n']","['WPC\n8275\n', 'C\nC\nC29458\n\n5\n14 7\n']",modelv1.0__2026-05-17 21:21:18
D:/moth_photos/database\batch_13\img_moth_00024694.jpg,"[4000, 6000]",37.18000000000001,"['WPC\n8469\n', 'KRBVomiInickKk\nCharlesREdwards\nMcClellgnville\nSouthCarolina\n20Mareh177\nLrahtar\n']","['C\n8469\n', 'R\nCR\nC\nC\n20177\n']","['WPC\n8469\n', 'C\nC\nC\n20177\n']",modelv1.0__2026-05-17 21:21:18
D:/moth_photos/database\batch_13\img_moth_00024695.jpg,"[4000, 6000]",36.509803921568626,"['kBDominick\nCharlesREdwards\nMcClellanville\nZouthCarolina29458\n\ng MaaylIeF\nLisgnt\n', 'WPC\n8276\n']","['RD\nCR\nC\nC29458\n\n907\n', 'C\n8276\n']","['C\nC\nC29458\n\n907\n', 'WPC\n8276\n']",modelv1.0__2026-05-17 21:21:18
D:/moth_photos/database\batch_13\img_moth_00024696.jpg,"[4000, 6000]",36.76470588235294,"['WPC\n8470\n', 'RBVominick\nCharlesREdwards\nMcClellanville\nSouthCarolina\n\n7Maveh 197\nLiaghtY\n', '3FOrY\n']","['C\n8470\n', 'RDD\nCR\nC\nC\n\n7 197\n', '3\n']","['WPC\n8470\n', 'C\nC\nC\n\n7 197\n', '3\n']",modelv1.0__2026-05-17 21:21:18
D:/moth_photos/database\batch_13\img_moth_00024697.jpg,"[4000, 6000]",36.68627450980392,"['WPC\n8277\n', 'McClellanville\nSouthCarolina\nCharles R Edwards\n']","['C\n8277\n', 'C\nC\nC R\n']","['WPC\n8277\n', 'C\nC\nC\n']",modelv1.0__2026-05-17 21:21:18
D:/moth_photos/database\batch_13\img_moth_00024698.jpg,"[4000, 6000]",36.84313725490196,"['WPC\n8471\n', 'RBDominick\nCharlesREdwanis\nMcClellanville\nSouthC4rolina e\n\n15Maveb 197\nLrahhe\n', '3FPS\n']","['C\n8471\n', 'R6D\nCR\nC\nC4\n\n15 197\n', '3\n']","['WPC\n8471\n', '6\nC\nC\nC4\n\n15 197\n', '3P\n']",modelv1.0__2026-05-17 21:21:18
D:/moth_photos/database\batch_13\img_moth_00024699.jpg,"[4000, 6000]",36.78846153846154,"['WPC\n8278\n', 'xBVominick\nSharlesREdwards\nficClellanville\nsouthCarolina29458\n\nLGFAPA4928\nLIGA\n', 'RICHARDBDOMINICK\nMOTH8BUTTERFLYCOLLECTION\nUNIVERSITYOFSOUTHCAROLINA\n']","['C\n8278\n', '6D\nR\nC\n0C29458\n\n14928\n', 'RCRDRDC\n8RCC\nRCR\n']","['WPC\n8278\n', '6\nC\n0C29458\n\n1P4928\n', 'CWC\n8PCC\nC\n']",modelv1.0__2026-05-17 21:21:18
D:/moth_photos/database\batch_13\img_moth_00024700.jpg,"[4000, 6000]",36.68627450980392,"['ae\nSOUTHCAROLINA\nWedgePlantation\nMcClellanfville\nAugust 1968\nDCFerguson\n\n', 'WPC\n8472\n']","['CRC\nC\n1968\nDC\n\n', 'C\n8472\n']","['CC\nWP\nC\n1968\nCP\n\n', 'WPC\n8472\n']",modelv1.0__2026-05-17 21:21:18
D:/moth_photos/database\batch_13\img_moth_00024701.jpg,"[4000, 6000]",36.86538461538462,"['WPC\n8279\n', 'weageFriantation\nSouthSanteeRiver\nCharlestofiCoSC\nMarch 26 1967\n\nDNoaidgaglincCFerqnecnn\n', 'Roe\n', 'DMBC00177\nRICHARDBDOMINICK\nMOTHBUTTERFLY COLLECTION\n\nUNIVERSITYOFSOUTHCAROLINA\n']","['RC\n8279\n', '1\nR\nCCC\nC 26 1967\n\nDC\n', 'R\n', 'DC00177\nRCRDDC\nRR CC\n\nRCR\n']","['WPC\n8279\n', 'W1\nCCC\nC 26 1967\n\nCP\n', '', 'PC00177\nCC\nCC\n\nC\n']",modelv1.0__2026-05-17 21:21:18
D:/moth_photos/database\batch_13\img_moth_00024702.jpg,"[4000, 6000]",36.72549019607843,"['WPC\n8473\n', 'RBDominick\nCharlesREdwards\nMcClellanville\nSouthCarolina\n']","['C\n8473\n', 'RRD\nCR\nC\nC\n']","['WPC\n8473\n', 'C\nC\nC\n']",modelv1.0__2026-05-17 21:21:18
D:/moth_photos/database\batch_13\img_moth_00024703.jpg,"[4000, 6000]",36.71153846153846,"['WPC\n8280\n', 'SOUTHCAROLINA\nWedgePlantation\nMcClellanville\nAugust 16 1968\n\nHCFPeraienn\n', '7MYNssakis\n47178\n', 'DMBC00178\nRICHARDBDOMINICK\n\nMOTH8BUTTERFLYCOLLECTION\nUNIVERSITYOFSOUTHCAROLINA\n']","['C\n8280\n', 'CR\nC\n16 1968\n\nDCR\n', '7\n47178\n', 'DC00178\nRCRD8DC\n\n8RRCC\nRCR\n']","['WPC\n8280\n', 'C\nWP\nC\n16 1968\n\nCPP\n', '7\n47178\n', 'PC00178\nC8C\n\n8CC\nC\n']",modelv1.0__2026-05-17 21:21:18
D:/moth_photos/database\batch_13\img_moth_00024704.jpg,"[4000, 6000]",36.76470588235294,"['WPC\n8474\n', 'BDominick\nShariesREdwards\nMcCleljanville\nsouthCarolinae\n\n2Apri9Jo\nefipe197\n', 'Lascorig\n']","['C\n8474\n', '6D\nR\nC\n0C\n\n2990\n197\n', '']","['WPC\n8474\n', '6\nC\n0C\n\n2990\n197\n', '']",modelv1.0__2026-05-17 21:21:18
D:/moth_photos/database\batch_13\img_moth_00024705.jpg,"[4000, 6000]",36.745098039215684,"['WPC\n8475\n', 'SOUTHCAROLINA\nWedge Plantation\nMcClellanville\nMarch281967\n\nDCPFeranenn\n']","['C\n8475\n', 'CR\nC\n281967\n\nDC\n']","['WPC\n8475\n', 'C\nW P\nC\n281967\n\nCP\n']",modelv1.0__2026-05-17 21:21:18
D:/moth_photos/database\batch_13\img_moth_00024706.jpg,"[4000, 6000]",36.519230769230774,"['WPC\n8282\n', 'RBDominick\nCharlesREdwards\nMcClellanville\nSouthCarolina 29458\n\n1YAgpRm1977\nLishe2\n', 'BLE\n\nLEl809O85 ee 7m\n\n793 Tare aw\nDAS\n']","['C\n8282\n', 'RD\nCR\nC\nC 29458\n\n1R1977\n2\n', '27\n\nC809085 7\n\n793 7\nD\n']","['WPC\n8282\n', 'C\nC\nC 29458\n\n11977\n2\n', '27\n\nC809085 7\n\n793 7P\n']",modelv1.0__2026-05-17 21:21:18
D:/moth_photos/database\batch_13\img_moth_00024707.jpg,"[4000, 6000]",36.64705882352941,"['WPC\n8476\n', 'NBVominick\nCharlesREdwards\nMcClellanville\nSouthC4rolina\n\nMatt\nwhret\n']","['C\n8476\n', 'D\nCR\nC\nC4\n\n1\n']","['WPC\n8476\n', 'C\nC\nC4\n\n1\n']",modelv1.0__2026-05-17 21:21:18
D:/moth_photos/database\batch_13\img_moth_00024708.jpg,"[4000, 6000]",36.84615384615385,"['WPC\n8283\n', '2BVominickr\nharlesREdwards\nMc Clellanville\nSouthCarolina\n\n29March192\nlpo a\n', '3Dominick\n\ndesREdwardis W\nlellanville\nhCarolina PC\n\nMareh192 8283\n\n']","['C\n8283\n', '2RDC\nR\nC\nC\n\n29192\n0\n', '3D\n\nR\nC C\n\n192 8283\n\n']","['WPC\n8283\n', '2C\nC\nC\n\n29W192\n0\n', '3\n\nW\nC PC\n\n192 8283\n\n']",modelv1.0__2026-05-17 21:21:18
D:/moth_photos/database\batch_13\img_moth_00024709.jpg,"[4000, 6000]",36.529411764705884,"['WPC\n8477\n', 'SOUTHCAROLINA\nWedge Plantation\nMcClellanville\nMarch 719\nDCPeraquson\n', 'SOUTHCAROLINA\nWedge Plantation\nMcClellanville\n\n196\n\nMarch\nDocFerguson\n\n']","['C\n8477\n', 'CR\nC\n719\nDC\n', 'CR\nC\n196\n\nDC\n\n']","['WPC\n8477\n', 'C\nW P\nC\n719\nCP\n', 'C\nW P\nC\n\n196\n\nCP\n\n']",modelv1.0__2026-05-17 21:21:18
D:/moth_photos/database\batch_13\img_moth_00024710.jpg,"[4000, 6000]",36.82692307692308,"['WPC\n8284\n', 'Ne29eAVOULILITIICN\nCharlesREdwards\nMicClellanville\nsouthCarolina\n\nLeMosch1972\nliahtw9S\n']","['C\n8284\n', 'R29DCR\nCR\nC\n0C\n\n1972\n9\n']","['WPC\n8284\n', '29C\nC\nC\n0C\n\n1972\n9\n']",modelv1.0__2026-05-17 21:21:18
D:/moth_photos/database\batch_13\img_moth_00024711.jpg,"[4000, 6000]",37.2,"['WPC\n8478\n', 'SOUTHCAROLINA\nWedge Plantation\nMcClellanville\n\nMarch 19 192\n\nyfaRPearqiann\n']","['C\n8478\n', 'CCR\nC\n\n19 192\n\nCR\n']","['WPC\n8478\n', 'CC\nW P\nC\n\n19 192\n\nCPP\n']",modelv1.0__2026-05-17 21:21:18
D:/moth_photos/database\batch_13\img_moth_00024712.jpg,"[4000, 6000]",36.96153846153846,"['WPC\n8285\n', 'xBVominickK\nSharlesREdwards\nAicClellanville\nSouthCarolina\n\nLEMare 149\nLraht\n']","['RC\n8285\n', 'R\nC\n0C\n\n2 149\n']","['WPC\n8285\n', 'C\n0C\n\n2 149\n']",modelv1.0__2026-05-17 21:21:18
D:/moth_photos/database\batch_13\img_moth_00024713.jpg,"[4000, 6000]",36.92156862745098,"['WPC\n8479\n', 'SOUTHCAROLINA\nWedge Plantation\nNeclelignbille\n\nMarch 1196P\n\nDC 2219\n']","['RC\n8479\n', 'CR\n\n1196\n\nDC 2219\n']","['WPC\n8479\n', 'C\nW P\n\n1196P\n\nC 2219\n']",modelv1.0__2026-05-17 21:21:18
D:/moth_photos/database\batch_13\img_moth_00024714.jpg,"[4000, 6000]",36.980769230769226,"['WPC\n8286\n', 'kBDominick\nCharlesREdwards\nMcClellanville\n\n23March92\nLiahtYF\n']","['C\n8286\n', 'RD\nCR\nC\n\n2392\n']","['WPC\n8286\n', 'C\nC\n\n2392\n']",modelv1.0__2026-05-17 21:21:18
D:/moth_photos/database\batch_13\img_moth_00024715.jpg,"[4000, 6000]",36.705882352941174,"['WPC\n8480\n', 'SOUTHCAROLINA\nWedge Plantation\nMcClellanville\n\nMarch 3 1967\n\nTHfPRPargqican\n']","['C\n8480\n', 'CR\nC\n\n3 1967\n\n0R\n']","['WPC\n8480\n', 'C\nW P\nC\n\n3 1967\n\n0P\n']",modelv1.0__2026-05-17 21:21:18
D:/moth_photos/database\batch_13\img_moth_00024716.jpg,"[4000, 6000]",36.90384615384616,"['WPC\n8287\n', 'BNeBee44VbsssdsAwH\nCharlesREdwards\nMcCleljanville\nSouthCarolina\n\nIlMaych19792\nlfaht\n']","['C\n8287\n', 'R444D\nCR\nC\n5C\n\n1119792\n']","['WPC\n8287\n', 'P444\nC\nC\n5C\n\n1119792\n']",modelv1.0__2026-05-17 21:21:18
D:/moth_photos/database\batch_13\img_moth_00024717.jpg,"[4000, 6000]",37.059999999999995,"['WPC\n8481\n', 'SOULITHCARULSNAs\nWedgePlantation\narte\nMarch281967\nDC 283\n']","['C\n8481\n', 'DCR\n281967\nDC 283\n']","['WPC\n8481\n', 'C\nWP\n281967\nC 283\n']",modelv1.0__2026-05-17 21:21:18
D:/moth_photos/database\batch_13\img_moth_00024718.jpg,"[4000, 6000]",36.769230769230774,"['WPC\n8288\n', 'NnRBVominick\nCharlesREdwards\nMcClellanville\nSouthCfrolina\n\n28March1992\n\npffLse\n']","['C\n8288\n', 'RD\nCR\nC\nC\n\n281992\n']","['WPC\n8288\n', 'C\nC\nC\n\n281992\n']",modelv1.0__2026-05-17 21:21:18
D:/moth_photos/database\batch_13\img_moth_00024719.jpg,"[4000, 6000]",36.588235294117645,"['WPC\n8482\n', 'RBDominick\n\nCharlesREdwards\nMcGlellanville res\n\nSouthCarolina29458\n20 PAF69\n\nLreh\n']","['C\n8482\n', 'RRD\n\nCR\nC\n\nC29458\n20 69\n']","['WPC\n8482\n', 'C\nC\n\nC29458\n20 P69\n']",modelv1.0__2026-05-17 21:21:18
D:/moth_photos/database\batch_13\img_moth_00024720.jpg,"[4000, 6000]",36.78846153846154,"['WPC\n8289\n', 'MeDoe4707211sasAw\nSharlesREdwards\nAcClellanville\nsouthCarolina\n']","['C\n8289\n', 'D47072114\nR\nC\nC\n']","['WPC\n8289\n', '47072114W\nC\nC\n']",modelv1.0__2026-05-17 21:21:18
D:/moth_photos/database\batch_13\img_moth_00024721.jpg,"[4000, 6000]",37.14,"['WPC\n8483\n', 'RBDominick\nCharlesREdwards\nMcClellanville\nSowhCarolina29458\n\nyJuneKS\nLitht\n']","['C\n8483\n', 'RRD\nCR\nC\nC29458\n\n9\n']","['WPC\n8483\n', 'C\nC\nC29458\n\n9\n']",modelv1.0__2026-05-17 21:21:18
D:/moth_photos/database\batch_13\img_moth_00024722.jpg,"[4000, 6000]",36.71153846153846,"['WPC\n8790\n', 'RBDominick\nChariesREdwards\nMcClellanville\nSoufhCarolina\n\n23JalyG7\nLicht\n']","['C\n8790\n', 'RRD\nCR\nC\nC\n\n2397\n']","['WPC\n8790\n', 'C\nC\nC\n\n2397\n']",modelv1.0__2026-05-17 21:21:18
D:/moth_photos/database\batch_13\img_moth_00024723.jpg,"[4000, 6000]",36.84313725490196,"['WPC\n8484\n', 'WedgePlantation\nSouthSanteeRiver\nCharlestonCoSC\nMarch21967\nDouglasCFeraqusoan\n']","['C\n8484\n', 'R\nCCC\n21967\nDC\n']","['WPC\n8484\n', 'WP\nCCC\n21967\nC\n']",modelv1.0__2026-05-17 21:21:18
D:/moth_photos/database\batch_13\img_moth_00024724.jpg,"[4000, 6000]",36.82692307692308,"['SOUTH CAROLINA\nwedge Plantation\nMcClellanville\n\n10Vill1968\n\nDC Ferguson\n', 'WPC\nQ2901\n']","['CR\nC\n\n101968\n\nDC\n', 'C\nR2901\n']","['C\nW P\nC\n\n10W1968\n\nC\n', 'WPC\n2901\n']",modelv1.0__2026-05-17 21:21:18
D:/moth_photos/database\batch_13\img_moth_00024725.jpg,"[4000, 6000]",36.68627450980392,"['WPC\n8485\n', 'NedgePlantation\nSouthSantee River\nCharleston CoSC\n\nMarch3J 1967\nDouglas cFerguson\n']","['C\n8485\n', '0 R\nC CC\n\n3 1967\nD\n']","['WPC\n8485\n', 'P\n0\nC CC\n\n3 1967\n']",modelv1.0__2026-05-17 21:21:18
D:/moth_photos/database\batch_13\img_moth_00024726.jpg,"[4000, 6000]",36.59615384615385,"['WPC\n8281\n', 'RBVominick\nMcCledlanville\n\nMieria75\n\nff ohopee\n']","['C\n8281\n', 'RD\nC\n\n075\n']","['WPC\n8281\n', 'C\n\n075\n\nP\n']",modelv1.0__2026-05-17 21:21:18
D:/moth_photos/database\batch_13\img_moth_00024727.jpg,"[4000, 6000]",36.549019607843135,"['WPC\n8486\n', 'BDominick\nSharlesREdwards lad\nMcClellanville\nsouthCarolina 29458\n\nFtEPR1965\n\nJthed\n']","['C\n8486\n', 'RD\nR\nC\nC 29458\n\n1R1965\n']","['WPC\n8486\n', 'C\nC 29458\n\n1P1965\n']",modelv1.0__2026-05-17 21:21:18
D:/moth_photos/database\batch_13\img_moth_00024728.jpg,"[4000, 6000]",36.86538461538462,"['WPC\n8292\n', 'kKBDominick\nCharlesREdwand\nMcClellanville\nSouth Cafolina\n\nBjaly18 Ne\n']","['C\n8292\n', 'RD\nCR\nC\nC\n\n518 20\n']","['WPC\n8292\n', 'C\nC\nC\n\n518 20\n']",modelv1.0__2026-05-17 21:21:18
D:/moth_photos/database\batch_13\img_moth_00024729.jpg,"[4000, 6000]",36.56862745098039,"['WPC\n8487\n', 'McClellanville\nSouthCarolina\n\neet Dominick\n\nKiopkL\n', '']","['C\n8487\n', 'C\nC\n\nD\n', '']","['WPC\n8487\n', 'C\nC\n', '']",modelv1.0__2026-05-17 21:21:18
D:/moth_photos/database\batch_13\img_moth_00024730.jpg,"[4000, 6000]",36.84615384615385,"['WPC\n8293\n', 'SOUTHCAROLINA\nWedgePlantation\nMcClellanville\n\n10Yii 196\n\nDCFerguson\n']","['C\n8293\n', 'CR\nC\n\n10 196\n\nDC\n']","['WPC\n8293\n', 'C\nWP\nC\n\n10 196\n\nCP\n']",modelv1.0__2026-05-17 21:21:18
D:/moth_photos/database\batch_13\img_moth_00024731.jpg,"[4000, 6000]",36.80392156862745,"['WPC\n8488\n', 'RBDominick\n\nChariesREdwards\nMcCiellanville\n\nz\nSouthCarolirta29458\n\n30MaAr19449\n\npcre\n', '']","['C\n8488\n', 'RD\n\nCR\nC\n\nC29458\n\n3019449\n\nC\n', '']","['WPC\n8488\n', 'C\nC\n\nC29458\n\n3019449\n\nC\n', '']",modelv1.0__2026-05-17 21:21:18
D:/moth_photos/database\batch_13\img_moth_00024732.jpg,"[4000, 6000]",36.84615384615385,"['WPC\n8294\n', 'RBDominick\nChariesREdwards\nMcClellanville\nSouthCarolina29458\n\n4FSuly1370\nLijyr o\n']","['C\n8294\n', 'RD\nCR\nC\nC29458\n\n441370\n']","['WPC\n8294\n', 'C\nC\nC29458\n\n441370\n']",modelv1.0__2026-05-17 21:21:18
D:/moth_photos/database\batch_13\img_moth_00024733.jpg,"[4000, 6000]",37.22,"['WPC\n8489\n', 'weagePlantation\nSouthSanteeRiver\nCharlestonCoSC\nMarch3f1967\n\nNouaglasCPFeraqaiuann\n', '']","['C\n8489\n', 'R\nCCC\n31967\n\nDC1\n', '']","['WPC\n8489\n', 'WP\nCCC\n31967\n\nCP1\n', '']",modelv1.0__2026-05-17 21:21:18
D:/moth_photos/database\batch_13\img_moth_00024734.jpg,"[4000, 6000]",37.19607843137255,"['WPC\n8295\n', 'SOUTHCAROLINA\nWedgePlantation\nMcClellahville\nAugust31968\nDCFergifson\n']","['C\n8295\n', 'CR\nC\n31968\nDC\n']","['WPC\n8295\n', 'C\nWP\nC\n31968\nCP\n']",modelv1.0__2026-05-17 21:21:18
D:/moth_photos/database\batch_13\img_moth_00024735.jpg,"[4000, 6000]",36.86538461538462,"['', 'SOUTHCAROLINA\nWedgePlantation\nMcClellanville\n\nMarchQ2Q 19ZY\n\nDCFerguson\n', 'OUTH CAROLINA\nledge Plantation\ncClellanfville\n\narch 22 19g\n\nCzw rsione\nOe\n\nWPC\n8296\n']","['', 'CR\nC\n\n22 192\n\nDC\n', 'CR\nC\n\n22 19\n\nC\n\nC\n8296\n']","['', 'C\nWP\nC\n\n22 192\n\nCP\n', 'C\nP\nC\n\n22 19\n\nC\n\nWPC\n8296\n']",modelv1.0__2026-05-17 21:21:18
D:/moth_photos/database\batch_13\img_moth_00024736.jpg,"[4000, 6000]",36.80769230769231,"['WPC\n8297\n', 'SOUTHCAROLINA\nNedgePlantation\nAcClellarWille\nAugust 3 1968\n9CFerguson\n', 'JTHCAROLINA\ndgePlantation\nClellamfWille\n\ngust 3 1968\ncFerguson\n\nWPC\n8297\n']","['C\n8297\n', '50CRC\n41C\n3 1968\n9C\n', 'CR\nC\n\n3 1968\nC\n\nC\n8297\n']","['WPC\n8297\n', '50CC\nP\n41CW\n3 1968\n9C\n', 'C\nP\nCW\n\n3 1968\nC\n\nWPC\n8297\n']",modelv1.0__2026-05-17 21:21:18
D:/moth_photos/database\batch_13\img_moth_00024737.jpg,"[4000, 6000]",36.65384615384615,"['SOUTHCAROLINA\nWedge Plantation\nMcClellafiville\nAugust 1968\nDCFeradson\n', 'WPC\n8298\n']","['CR\nC\n1968\nDC\n', 'RC\n8298\n']","['C\nW P\nC\n1968\nCP\n', 'WPC\n8298\n']",modelv1.0__2026-05-17 21:21:18
D:/moth_photos/database\batch_13\img_moth_00024738.jpg,"[4000, 6000]",37.01923076923077,"['WPC\n8299\n', 'RBDominick\nCharlesREdwards\nMcClellanvilleys\nSouthCarolina29458\n26Mars778e\n41is44e4f\n']","['RC\n8299\n', 'RRD\nCR\nC\nC29458\n26778\n41444\n']","['WPC\n8299\n', 'C\nC\nC29458\n26778\n41444\n']",modelv1.0__2026-05-17 21:21:18
D:/moth_photos/database\batch_13\img_moth_00024739.jpg,"[4000, 6000]",36.59615384615385,"['WPC\n8300\n', 'SOUTHCAROLINA\nWedgeFlgntation\nMcClellanville\nAugust 71968\nDCFerguson\n']","['C\n8300\n', 'CR\nC\n71968\nDC\n']","['WPC\n8300\n', 'C\nWP\nC\n71968\nC\n']",modelv1.0__2026-05-17 21:21:18
D:/moth_photos/database\batch_13\img_moth_00024740.jpg,"[4000, 6000]",36.67307692307692,"['WPC\n8301\n', 'wedge Plantation\nSouthSantee River\nCharlestonsCo SC\nMarch291967\nDouaglasCFerguson\n']","['C\n8301\n', 'R\nCC C\n291967\n\nD0C\n']","['WPC\n8301\n', 'W P\nCC C\n291967\n0C\n']",modelv1.0__2026-05-17 21:21:18
D:/moth_photos/database\batch_13\img_moth_00024741.jpg,"[4000, 6000]",36.730769230769226,"['WPC\n8302\n', 'SUUTHCAROLINA\nWedge Plantation\nMcClellfnville\nAugust 3 1968\n4s\nDC Ferguson\n']","['C\n8302\n', 'CRC\nC\n3 1968\nDC\n']","['WPC\n8302\n', 'CC\nW P\nC\n3 1968\nC\n']",modelv1.0__2026-05-17 21:21:18
D:/moth_photos/database\batch_13\img_moth_00024742.jpg,"[4000, 6000]",36.86538461538462,"['WPC\n8303\n', 'SOUTH CAROLINA\nWedge Plantation\nMcClellafville\nAugust 3 1968\nDCFerguson\n']","['RC\n8303\n', 'CR\nC\n3 1968\nDC\n']","['WPC\n8303\n', 'C\nW P\nC\n3 1968\nC\n']",modelv1.0__2026-05-17 21:21:18
D:/moth_photos/database\batch_13\img_moth_00024743.jpg,"[4000, 6000]",36.84615384615385,"['WPC\n8304\n', 'SOUTHCAROLINA\nWedge Plantation\nMcClellafiville\nAugust 3 1968\nDeC Fergison\n']","['RC\n8304\n', 'CR\nC\n3 1968\nDC\n']","['WPC\n8304\n', 'C\nW P\nC\n3 1968\nC\n']",modelv1.0__2026-05-17 21:21:18
D:/moth_photos/database\batch_13\img_moth_00024744.jpg,"[4000, 6000]",36.86538461538462,"['SOUTHCAROLINA\nWedgePlantation\nMcClellafiville\nAugust 2 1968\nDC Fergtson\n', 'WPC\n8305\n']","['CR\nC\n2 1968\nDC\n', 'C\n8305\n']","['C\nWP\nC\n2 1968\nC P\n', 'WPC\n8305\n']",modelv1.0__2026-05-17 21:21:18
D:/moth_photos/database\batch_13\img_moth_00024745.jpg,"[4000, 6000]",36.80769230769231,"['WPC\n8306\n', 'RBDominick\n\nCharles REdwards\nMcClellanville\nSouthCarolina29458\n\nJ2repert1976\night\n']","['C\n8306\n', 'RRD\n\nC R\nC\nC29458\n\n21976\n']","['WPC\n8306\n', 'C\nC\nC29458\n\n21976\n']",modelv1.0__2026-05-17 21:21:18
D:/moth_photos/database\batch_13\img_moth_00024746.jpg,"[4000, 6000]",36.80769230769231,"['WPC\n8307\n', 'SOUTHCAROLINA\nNedge Plantation\nicClellanville\nAugust1968\nDCe Ferduson\n']","['C\n8307\n', '0CR\nC\n1968\nDC\n']","['WPC\n8307\n', '0C\nP\nC\n1968\nC P\n']",modelv1.0__2026-05-17 21:21:18
D:/moth_photos/database\batch_13\img_moth_00024747.jpg,"[4000, 6000]",36.82692307692308,"['WPC\n8308\n', 'SOUTH CAROLINA\nWedge Plantation\nMcClellanville\nAugust 9 1968\nDec Ferghson\n']","['C\n8308\n', 'CRC\nC\n9 1968\nDC\n']","['WPC\n8308\n', 'CC\nW P\nC\n9 1968\nC P\n']",modelv1.0__2026-05-17 21:21:18
D:/moth_photos/database\batch_13\img_moth_00024748.jpg,"[4000, 6000]",36.71153846153846,"['WPC\n8309\n', 'SOUTHCAROLINA\nWedge Plantation\nMcClellanyille\nAugust x 1968\nDc Feratison\n']","['C\n8309\n', 'CR\nC\n1968\nDC\n']","['WPC\n8309\n', 'C\nW P\nC\n1968\nC\n']",modelv1.0__2026-05-17 21:21:18
D:/moth_photos/database\batch_13\img_moth_00024749.jpg,"[4000, 6000]",36.90384615384616,"['RBDominick\nCharlesREdwards\nMcClellanville\nSouthCarolina\n16Alev1971\nLich\n', 'WPC\n8310\n']","['RRDC\nCR\nC\nC\n161971\n', 'C\n8310\n']","['C\nC\nC\nC\n161971\n', 'WPC\n8310\n']",modelv1.0__2026-05-17 21:21:18
D:/moth_photos/database\batch_13\img_moth_00024750.jpg,"[4000, 6000]",37.01923076923077,"['WPC\n8311\n', 'SUUTHCAROLINA\nWedge Plantation\nMcClellanville\n\nMarch 3 1967\n\nDCFerguson\n']","['C\n8311\n', 'DCR\nC\n\n3 1967\n\nDC\n']","['WPC\n8311\n', 'C\nW P\nC\n\n3 1967\n\nCP\n']",modelv1.0__2026-05-17 21:21:18
D:/moth_photos/database\batch_13\img_moth_00024751.jpg,"[4000, 6000]",36.65384615384615,"['WPC\n8312\n', 'RBDominick\nCharlesREdwards\nMcCfellanville\nSouthCarolina29458\n\nMtAQRS969\n\nLsChkf\n']","['C\n8312\n', 'RRD\nCR\nC\nC29458\n\nR969\n\nC\n']","['WPC\n8312\n', 'C\nC\nC29458\n\n969\n\nC\n']",modelv1.0__2026-05-17 21:21:18
D:/moth_photos/database\batch_13\img_moth_00024752.jpg,"[4000, 6000]",36.59615384615385,"['WPC\n8313\n', 'SOUTHCAROLINA\nWedgePl qantation\nMcClellanville\n\nMarch F 1 CFP\n\nDCPerquson\n']","['C\n8313\n', 'CRC\nC\n\n7 1 67\n\nDC\n']","['WPC\n8313\n', 'CC\nWP\nC\n\n7 1 67\n\nCP\n']",modelv1.0__2026-05-17 21:21:18
D:/moth_photos/database\batch_13\img_moth_00024753.jpg,"[4000, 6000]",36.730769230769226,"['WPC\n8314\n', 'PUUIHCAROLINA\nWedge Plantation\nMcClellanville\n\nfarch 3 19 7\n\nPoernncaAan\n', 'OUTHCAROLINA\n\nedgePlantation WPC\ncClellanville\n\narch3197\n\nCFerguson\n\n']","['C\n8314\n', 'CR\nC\n\n3 19 7\n\nR\n', 'DCR\n\nC\nC\n\n3197\n\nC\n\n']","['WPC\n8314\n', 'PC\nW P\nWC\n\n3 19 7\n\nP\n', 'C\n\nP WPC\nC\n\n3197\n\nCP\n\n']",modelv1.0__2026-05-17 21:21:18
D:/moth_photos/database\batch_13\img_moth_00024754.jpg,"[4000, 6000]",36.692307692307686,"['WPC\n8315\n', 'SOUTHCAROLINA\nWedgePlantation\nMcClellanville\nAugust 3 1968\nDCPerguson\n']","['C\n8315\n', 'CRC\nC\n3 1968\nDC\n']","['WPC\n8315\n', 'CC\nWP\nC\n3 1968\nCP\n']",modelv1.0__2026-05-17 21:21:18
D:/moth_photos/database\batch_13\img_moth_00024755.jpg,"[4000, 6000]",37.07692307692307,"['WPC\n8316\n', 'RBDominick\nMcClellanville\nSouthCarolina\n\n23July197\nLicht\n']","['RC\n8316\n', 'RD\nC\nC\n\n23197\nC\n']","['WPC\n8316\n', 'C\nC\n\n23197\nC\n']",modelv1.0__2026-05-17 21:21:18
D:/moth_photos/database\batch_13\img_moth_00024756.jpg,"[4000, 6000]",37.13725490196079,"['WPC\n8317\n', 'RBDominick\nCharlesREdwaris\nMcClellanville\nSouth Carolina 29458\n26FIR1971\nLigsht\n']","['C\n8317\n', 'RD\nCR\nC\nC 29458\n26R1971\n']","['WPC\n8317\n', 'C\nC\nC 29458\n26P1971\n']",modelv1.0__2026-05-17 21:21:18
D:/moth_photos/database\batch_13\img_moth_00024757.jpg,"[4000, 6000]",36.90384615384616,"['WPC\n8318\n', 'McClelianviile\nSouthCarolina\nB Dominick\n\n2Aprl46e\n2p tw\n']","['C\n8318\n', 'C\nC\nD\n\n2469\n2\n']","['WPC\n8318\n', 'C\nC\n\n2469\n2\n']",modelv1.0__2026-05-17 21:21:18
D:/moth_photos/database\batch_13\img_moth_00024758.jpg,"[4000, 6000]",36.75,"['RBDominick\nCharlesREdwards\nMcClellanville\nSouthCarolina29458\nZOAOE1971\n\nLys4AtH\n', 'WPC\n8319\n']","['RRD\nCR\nC\nC29458\n4CR1971\n\n44\n', 'RC\n8319\n']","['C\n\nC\nC29458\n4C1971\n\n44\n', 'WPC\n8319\n']",modelv1.0__2026-05-17 21:21:18
D:/moth_photos/database\batch_13\img_moth_00024759.jpg,"[4000, 6000]",37.15686274509804,"['WPC\n8320\n', 'cBVominick\nCharlesREdwards\nMcCleWlanville\njouthCarolina\n']","['C\n8320\n', 'DD\nCR\nC\n0C\n']","['WPC\n8320\n', 'C\nCW\n0C\n']",modelv1.0__2026-05-17 21:21:18
D:/moth_photos/database\batch_13\img_moth_00024760.jpg,"[4000, 6000]",37.1764705882353,"['WPC\n8321\n', 'BDominick\nSharlesREdwand\nicClellanville\nDh Carolina\n\n2May13 1922\n']","['C\n8321\n', 'DD\nR\nC\n5D C\n\n213 1922\n']","['WPC\n8321\n', 'C\n5 C\n\n213 1922\n']",modelv1.0__2026-05-17 21:21:18
D:/moth_photos/database\batch_13\img_moth_00024761.jpg,"[4000, 6000]",36.55769230769231,"['WPC\n8322\n', 'BVominick\nAcClellanville\nouth Garolina\n\nIApr194\nAa\n']","['C\n8322\n', 'D\nC\n\nR194\n']","['WPC\n8322\n', 'C\n\n194\n']",modelv1.0__2026-05-17 21:21:18
D:/moth_photos/database\batch_13\img_moth_00024762.jpg,"[4000, 6000]",37.07843137254902,"['WPC\n8323\n', 'RBDominick\nMcClellanville\n\nWAipr1493\nps\n']","['C\n8323\n', 'RD\nC\n\n1493\n']","['WPC\n8323\n', 'C\n\nW1493\n']",modelv1.0__2026-05-17 21:21:18
D:/moth_photos/database\batch_13\img_moth_00024763.jpg,"[4000, 6000]",36.90196078431373,"['WPC\n8324\n', 'RBVominick\nMcClellanville\nSouthGarolina\n\nHSeptV2S\nLiahtor\n']","['C\n8324\n', 'RC\nC\n\n23\n']","['WPC\n8324\n', 'C\nC\n\n23\n']",modelv1.0__2026-05-17 21:21:18
D:/moth_photos/database\batch_13\img_moth_00024764.jpg,"[4000, 6000]",36.65384615384615,"['WPC\n8325\n', 'RLBDominick\nMcClellanville\nSouthCarolina\n\n25Nev1173\need\n']","['C\n8325\n', 'RRD\nC\nC\n\n251173\n']","['WPC\n8325\n', 'C\nC\n\n251173\n']",modelv1.0__2026-05-17 21:21:18
D:/moth_photos/database\batch_13\img_moth_00024765.jpg,"[4000, 6000]",37.11764705882353,"['WPC\n8326\n', 'RBDominick\ncclellanvile\ni uth Carolin\n\nMarJ3974\nLieht2\n']","['C\n8326\n', 'RD\nCC\nC\n\n3974\n2\n']","['WPC\n8326\n', 'CC\nC\n\n3974\n2\n']",modelv1.0__2026-05-17 21:21:18
D:/moth_photos/database\batch_13\img_moth_00024766.jpg,"[4000, 6000]",37.1764705882353,"['WPC\n8327\n', '2BDominick\nMicClellanville\nSouth Carolina\n28Mar 1474\nlahtGe\n']","['C\n8327\n', '28D\nC\nC\n28 1474\n']","['WPC\n8327\n', '28\nC\nC\n28 1474\n']",modelv1.0__2026-05-17 21:21:18
D:/moth_photos/database\batch_13\img_moth_00024767.jpg,"[4000, 6000]",37.07843137254902,"['WPC\n8328\n', 'RBDominick\nMcClellanville\nSouthCarolina\n\nHpr1995\nf\n', 'AB Dominick\nsees WPC\n8328\n\n']","['C\n8328\n', 'RD\nC\nC\n\n1995\n', 'D\nC\n8328\n\n']","['WPC\n8328\n', 'C\nC\n\n1995\n', 'WPC\n8328\n\n']",modelv1.0__2026-05-17 21:21:18
D:/moth_photos/database\batch_13\img_moth_00024768.jpg,"[4000, 6000]",37.15686274509804,"['WPC\n8329\n', '2BDominick\nAcClellanville\nSouthC te\n\n24\nnr\n']","['C\n8329\n', '2RD\nC\nC\n\n24\n']","['WPC\n8329\n', '2\nC\nC\n\n24\n']",modelv1.0__2026-05-17 21:21:18
D:/moth_photos/database\batch_13\img_moth_00024769.jpg,"[4000, 6000]",36.94117647058823,"['WPC\n8490\n', 'ChariesREdwards\nMcClellanville\nSour Carolina29458\nAya S968\n\n1A\n\nRBDominick g\n', 'd\nge Vee iS\n3Pa2\n', 'DMBCO0O0I9S5\nRICHARDBDOMINICK\n\nMOTHBUTTERFLYCOLLECTION\nUNIVERSITYOFSOUTHCAROLINA\n']","['C\n8490\n', 'CR\nC\nC29458\n968\n\n1D\n\nRRD\n', '5\n372\n', 'DC00195\nRCRD8DC\n\nRCC\nRCR\n']","['WPC\n8490\n', 'C\nC\nC29458\n968\n\n13\n', '5\n3P2\n', 'C00195\nC8WC\n\nCC\nC\n']",modelv1.0__2026-05-17 21:21:18
D:/moth_photos/database\batch_13\img_moth_00024770.jpg,"[4000, 6000]",36.56862745098039,"['R BDominick\nCharlesREdwards\nMcClellanville\nSoutHCarolina29458\n\n12fyar 74969\nLd crgl\n', 'WPC\n8491\n', 'DMBC00194\nRICHARDBDOMINICK\n\nMOTH8BUTTERFLYCOLLECTION\n\nUNIVERSITYOFSOUTHCAROLINA\n', '']","['R D\nCR\nC\nC29458\n\n12 74969\n', 'C\n8491\n', 'DC00194\nRCRDDC\n\n8RCC\n\nRCR\n', '']","['C\nC\nC29458\n\n12 74969\n', 'WPC\n8491\n', 'PC00194\nCPC\n\n8CC\n\nC\n', '']",modelv1.0__2026-05-17 21:21:18
D:/moth_photos/database\batch_13\img_moth_00024771.jpg,"[4000, 6000]",36.705882352941174,"['WPC\n8492\n', 'SOUTHCAROLINA\nWedgePlantation\nMcClellanille\nAugust So 1968\npC Ferduson\n', 'MESS Leos\n', 'DMBC00193\nRICHARDBDOMINICK\n\nMOTH8BUTTERFLYCOLLECTION\n\nUNIVERSITYOFSOUTHCAROLINA\n']","['C\n8492\n', 'CCR\nC\n1968\nDC\n', '', 'DC00193\nRCRD8DC\n\n8RCC\n\nRCR\n']","['WPC\n8492\n', 'CC\nWP\nC\n1968\nC\n', 'P\n', 'C00193\nC8WC\n\n8CC\n\nC\n']",modelv1.0__2026-05-17 21:21:18
D:/moth_photos/database\batch_13\img_moth_00024772.jpg,"[4000, 6000]",36.666666666666664,"['WPC\n8493\n', 'RBDominick\nMcClellanville\nSouthCarolina\n\n98flor197\nLight ee i\n', 'EZ 4\nBiioSee\n\nSobriadis wis\n']","['C\n8493\n', 'RRD\nC\nC\n\n98197\n', '4\nC\n']","['WPC\n8493\n', 'C\nC\n\n98197\n', '4\nC\n']",modelv1.0__2026-05-17 21:21:18
D:/moth_photos/database\batch_13\img_moth_00024773.jpg,"[4000, 6000]",36.6078431372549,"['WPC\n8494\n', 'XDVOMINICK\nShariesREdward\nMcClellanville\nsouth Carolina\nSulyf70\nqhf2\n', '']","['C\n8494\n', 'DC\nR\nC\n0 C\n70\n42\n', '']","['WPC\n8494\n', 'C\nC\n0 C\n70\n42\n', '']",modelv1.0__2026-05-17 21:21:18
D:/moth_photos/database\batch_13\img_moth_00024774.jpg,"[4000, 6000]",37.03921568627451,"['WPC\n8495\n', 'CharlesREdwards\nMcClellanville\nSoushCarolina29458\n\n13Arts 1976\ncLicnp\n']","['RC\n8495\n', 'CR\nC\nC29458\n\n13 1976\n']","['WPC\n8495\n', 'C\nC\nC29458\n\n13 1976\n']",modelv1.0__2026-05-17 21:21:18
D:/moth_photos/database\batch_13\img_moth_00024775.jpg,"[4000, 6000]",36.68627450980392,"['WPC\n8496\n', 'F7RF\n\ndetELTodd\n', 'ReDoeAZUTIADAALH\nSharlesREdwards\nMicClellanville\njouthCafolina\n\n24April1422\n']","['C\n8496\n', '7R\n', 'RDD\nCR\nC\nC\n\n241422\n']","['WPC\n8496\n', 'P7\n', 'P\nC\nC\nC\n\n241422\n']",modelv1.0__2026-05-17 21:21:18
D:/moth_photos/database\batch_13\img_moth_00024776.jpg,"[4000, 6000]",36.98039215686274,"['WPC\n8497\n', 'nDOVOMINICK\nCharlesREdwards\nMcClellanville\na Carolina\n\ntMag fs\n', 'iciacwiterWPC\nag 4968 8497\n', 'DMBC00218\nRICHARDBDOMINICK\n\nMOTH8BUTTERFLYCOLLECTION\nUNIVERSITYOFSOUTHCAROLINA\n']","['C\n8497\n', 'DCR\nCR\nC\n7 C\n', 'C\n4968 8497\n', 'DC00218\nRCRD8DC\n\n8RCC\nRCR\n']","['WPC\n8497\n', 'WC\nC\nC\n7 C\n\nP\n', 'WPC\n4968 8497\n', 'PC00218\nC8C\n\n8CC\nC\n']",modelv1.0__2026-05-17 21:21:18
D:/moth_photos/database\batch_13\img_moth_00024777.jpg,"[4000, 6000]",36.8235294117647,"['WPC\n8498\n', 'DVOMINICK\nAcClellanville\nouthCarolina\n\n2fuidy197\n']","['C\n8498\n', 'DC\nC\nC\n\n2197\n']","['WPC\n8498\n', 'C\nC\nC\n\n2197\n']",modelv1.0__2026-05-17 21:21:18
D:/moth_photos/database\batch_13\img_moth_00024778.jpg,"[4000, 6000]",36.94117647058823,"['WPC\n8499\n', 'SouthCaroli\n\n1S\nbirahbore\n\n2BDominic\nicClellanville\n', '']","['C\n8499\n', 'C\n\n2RD\nC\n', '']","['WPC\n8499\n', 'C\n\n2\nC\n', '']",modelv1.0__2026-05-17 21:21:18
D:/moth_photos/database\batch_13\img_moth_00024779.jpg,"[4000, 6000]",36.68627450980392,"['WPC\n8500\n', 'RBDominick\nMcClennanville\nSouthCarolina\n\n24May197\nlah 49 3\n', '3HiClt\n']","['C\n8500\n', 'RD\nC\nC\n\n24197\n49 3\n', '31C\n']","['WPC\n8500\n', 'C\nC\n\n24197\n49 3\n', '31C\n']",modelv1.0__2026-05-17 21:21:18
D:/moth_photos/database\batch_13\img_moth_00024780.jpg,"[4000, 6000]",37.2,"['WPC\n8501\n', '33iELT\n', 'R5Dominicl\nMcClellanville\nSouthEarolin\n\n10Aug1929\naP e\n']","['C\n8501\n', '337\n', 'R5D\nC\n\n101929\n']","['WPC\n8501\n', '337\n', '5\nC\n\n101929\nP\n']",modelv1.0__2026-05-17 21:21:18
D:/moth_photos/database\batch_13\img_moth_00024781.jpg,"[4000, 6000]",36.8235294117647,"['WPC\n8502\n', 'NeeAOMINICK\nCharlesREdwards\nMcClellanville\nSouth Carolina\n\na4\nt9May1972\n']","['RC\n8502\n', 'C\nCR\nC\nC\n\n4\n191972\n']","['WPC\n8502\n', 'WC\nC\nC\nC\n\n4\n191972\n']",modelv1.0__2026-05-17 21:21:18
D:/moth_photos/database\batch_13\img_moth_00024782.jpg,"[4000, 6000]",36.588235294117645,"['WPC\n8503\n', 'YBOVominick\nSharlesREdwards\nicClelanville\noo Ruo e\n\n97J\n22fug\n']","['C\n8503\n', 'D\nR\nC\n2 R\n\n97\n22\n']","['WPC\n8503\n', 'C\n2\n\n97\n22\n']",modelv1.0__2026-05-17 21:21:18
D:/moth_photos/database\batch_13\img_moth_00024783.jpg,"[4000, 6000]",37.01960784313725,"['WPC\n8504\n', 'RBDominick\nMcClellanville\n2a Carolina\n\nA AApr13 974\n']","['C\n8504\n', 'RD\nC\n24 C\n\n13 974\n']","['WPC\n8504\n', 'C\n24 C\n\n13 974\n']",modelv1.0__2026-05-17 21:21:18
D:/moth_photos/database\batch_13\img_moth_00024784.jpg,"[4000, 6000]",36.509803921568626,"['WPC\n8505\n', 'KBDominick\nMcClellanville\nSouth Carolina\n\nBApr4 7\nrahtY\n']","['C\n8505\n', 'R5D\nC\nC\n\n4 7\n']","['WPC\n8505\n', '5\nC\nC\n\n4 7\n']",modelv1.0__2026-05-17 21:21:18
D:/moth_photos/database\batch_13\img_moth_00024785.jpg,"[4000, 6000]",36.509803921568626,"['WPC\n8506\n', 'RBDominick\nCharlesREdwards\nAcClellanville\nouthCarolina\n30 G72\nLighft7\n']","['C\n8506\n', 'RD\nCR\nC\nC\n30 972\n7\n']","['WPC\n8506\n', 'C\nC\nC\n30 972\n7\n']",modelv1.0__2026-05-17 21:21:18
D:/moth_photos/database\batch_13\img_moth_00024786.jpg,"[4000, 6000]",37.254901960784316,"['WPC\n8507\n', 'NDDominick\nMcClellanville\nTi Carolina\n\npfu uly igs\n', 'a ol\nLight ny 8507\n']","['C\n8507\n', 'DD\nC\nC\n', '8507\n']","['WPC\n8507\n', 'C\nC\n', '8507\n']",modelv1.0__2026-05-17 21:21:18
D:/moth_photos/database\batch_13\img_moth_00024787.jpg,"[4000, 6000]",37.11764705882353,"['WPC\n8508\n', 'BDominick\nAcClellanville\n\nuthCarolina\n\n']","['RC\n8508\n', 'D\nC\n\nC\n\n']","['WPC\n8508\n', 'C\n\nC\n\n']",modelv1.0__2026-05-17 21:21:18
D:/moth_photos/database\batch_13\img_moth_00024788.jpg,"[4000, 6000]",37.254901960784316,"['WPC\n8509\n', '2BDominics\nMcClellanville\n']","['RC\n8509\n', '2RD\nC\n']","['WPC\n8509\n', '2\nC\n']",modelv1.0__2026-05-17 21:21:18
D:/moth_photos/database\batch_13\img_moth_00024789.jpg,"[4000, 6000]",36.68627450980392,"['WPC\n8510\n', 'KBDominick\nMcClellanville\nScuthCarolina\n\nMay14\nBMay1494\n']","['C\n8510\n', 'RDD\nC\nC\n\n14\n1494\n']","['WPC\n8510\n', 'C\nC\n\n14\n1494\n']",modelv1.0__2026-05-17 21:21:18
D:/moth_photos/database\batch_13\img_moth_00024790.jpg,"[4000, 6000]",36.705882352941174,"['WPC\n8511\n', 'RBVominick\nMcClellanville\nSoutharolina\n\nRSept1475\nLight gg\n']","['C\n8511\n', 'RC\nC\n0\n\nR1475\n']","['WPC\n8511\n', 'C\nC\n0\n\n1475\n']",modelv1.0__2026-05-17 21:21:18
D:/moth_photos/database\batch_13\img_moth_00024791.jpg,"[4000, 6000]",37.21568627450981,"['WPC\n8512\n', 'RB Dominick\nMcClellanville\nSouth Carolina\n\niySeptlt7\napt\n', 'BDominick\nAcClellanville\noun ral\nhishtoe\n\nWPC\n8512\n']","['RC\n8512\n', 'R D\nC\n\n7\n', 'RD\nC\n\nRC\n8512\n']","['WPC\n8512\n', 'P\nC\n\n7\n', 'C\n\nWPC\n8512\n']",modelv1.0__2026-05-17 21:21:18
D:/moth_photos/database\batch_13\img_moth_00024792.jpg,"[4000, 6000]",37.11764705882353,"['WPC\n8513\n', 'KBVominick\nMcClellanville\nSouth of199y\n\nHTSeptt 1123\n']","['C\n8513\n', 'RDD\nC\n199\n\n1 1123\n']","['WPC\n8513\n', 'C\n199\n\n1 1123\n']",modelv1.0__2026-05-17 21:21:18
D:/moth_photos/database\batch_13\img_moth_00024793.jpg,"[4000, 6000]",37.13725490196079,"['WPC\n8514\n', 'KRBDominick\nMcClellanville\n20M wars\noO vf 73\nlLjahtwe\n']","['C\n8514\n', 'RD\nC\n20\n\n73\n']","['WPC\n8514\n', 'C\n20\n73\n']",modelv1.0__2026-05-17 21:21:18
D:/moth_photos/database\batch_13\img_moth_00024794.jpg,"[4000, 6000]",37.09803921568628,"['WPC\n8515\n', 'kBDominick\nCharlesREdwards\nMcCiellanville\nSouthCarolina\nISeghs1971\nlishyr\n']","['C\n8515\n', 'RD\nCR\nC\nC\n1971\n']","['WPC\n8515\n', 'C\n\nC\n\nC\n1971\n']",modelv1.0__2026-05-17 21:21:18
D:/moth_photos/database\batch_13\img_moth_00024795.jpg,"[4000, 6000]",37.11764705882353,"['WPC\n8516\n', '2BDominick\nCharlesREdwards\nMclellanville\nSouthCardlina\n10Sep797\nJzhb or\n']","['C\n8516\n', '2RD\nCR\n1\nC\n10797\n']","['WPC\n8516\n', '2\nC\n1\nC\n10797\n']",modelv1.0__2026-05-17 21:21:18
D:/moth_photos/database\batch_13\img_moth_00024796.jpg,"[4000, 6000]",36.8235294117647,"['WPC\n8517\n', 'm65Dominick\nCharlesREdwards\nMcClellanville\nSouthCarolina\n\n1q uly149\n4 yi\n']","['C\n8517\n', '65D\nCR\nC\nC\n\n1 149\n4\n']","['WPC\n8517\n', '65\nC\nC\nC\n\n1 149\n4\n']",modelv1.0__2026-05-17 21:21:18
D:/moth_photos/database\batch_13\img_moth_00024797.jpg,"[4000, 6000]",37.19607843137255,"['WwPC\n3518\n', '']","['C\n3518\n', '']","['WPC\n3518\n', '']",modelv1.0__2026-05-17 21:21:18
D:/moth_photos/database\batch_13\img_moth_00024798.jpg,"[4000, 6000]",36.72549019607843,"['RBDominick\nCharlesREdwanis\nMcClellanville\n3 Carolina2945\n\nIGP\n3Mas 7\n\nry\n', 'WPC\n8519\n', 'DMBC00212\nRICHARDBDOMINICK\n\nMOTH8BUTTERFLYCOLLECTION\nUNIVERSITYOFSOUTHCAROLINA\n', '']","['RRD\nCR\nC\n3 C2945\n\n16\n3 7\n', 'RC\n8519\n', 'DC00212\nRCRD8DC\n\n8RCC\nRCR\n', '']","['C\nC\n3 C2945\n\n16P\n3P 7\n', 'WPC\n8519\n', 'PC00212\nC8WC\n\n8CC\nC\n', '']",modelv1.0__2026-05-17 21:21:18
D:/moth_photos/database\batch_13\img_moth_00024799.jpg,"[4000, 6000]",36.84313725490196,"['WPC\n8520\n', 'RBVomInick\nMcClellanville\nSouthCarolina\n\nSNoyt473\nftabtZe\n']","['C\n8520\n', 'RDDC\nC\nC\n\n51473\n']","['WPC\n8520\n', 'C\nC\nC\n\n51473\n']",modelv1.0__2026-05-17 21:21:18
D:/moth_photos/database\batch_13\img_moth_00024800.jpg,"[4000, 6000]",37.09803921568628,"['WPC\n8521\n', 'RBDominick\nMcCleilanville\nSouthCarolina\n\nie 197\n']","['C\n8521\n', 'RRD\nC\nC\n\n197\n']","['WPC\n8521\n', 'C\nC\n\n197\n']",modelv1.0__2026-05-17 21:21:18
D:/moth_photos/database\batch_13\img_moth_00024801.jpg,"[4000, 6000]",36.86274509803921,"['WPC\n8522\n', '2BDominick\nAcClellanville\nsouthCarolina\n\nUug1973\nLiabFore\n']","['C\n8522\n', '2RD\nC\nC\n\n1973\n4\n']","['WPC\n8522\n', '2\nC\nC\n\n1973\n4\n']",modelv1.0__2026-05-17 21:21:18
D:/moth_photos/database\batch_13\img_moth_00024802.jpg,"[4000, 6000]",37.07843137254902,"['WPC\n8523\n', 'RBDominick\nMcClellanville\nSouthC arolina\n\n3Rpr\n\nLiaht2e\n']","['C\n8523\n', 'RRD\nC\nC\n\n3R\n\n2\n']","['WPC\n8523\n', 'P\nC\nC\n\n3\n\n2\n']",modelv1.0__2026-05-17 21:21:18
D:/moth_photos/database\batch_13\img_moth_00024803.jpg,"[4000, 6000]",36.76470588235294,"['WPC\n8524\n', 'KBDominick\nMcClellanville\nay Carolina\n\nApri 11973\nten\n']","['C\n8524\n', 'RD\nC\nC\n\n11973\n']","['WPC\n8524\n', 'C\nC\n\n11973\n']",modelv1.0__2026-05-17 21:21:18
D:/moth_photos/database\batch_13\img_moth_00024804.jpg,"[4000, 6000]",36.90196078431373,"['WPC\n8525\n', 'NMDeA7Ussbsbsdeo\nharlesREdwards\nMicCle lianville\nSouthCarolina\n\nltZan1972\nAeA\n']","['C\n8525\n', 'D27\nR\nC\nC\n\n1972\n']","['WPC\n8525\n', '27\nC\nC\n\n1972\n']",modelv1.0__2026-05-17 21:21:18
D:/moth_photos/database\batch_13\img_moth_00024805.jpg,"[4000, 6000]",36.8235294117647,"['WPC\n8526\n', 'IeSeLVOMINICK\nSharlesREdwards\nMcClellanville\nSouthC4rolina\n\n77Dec977\nwit\n']","['C\n8526\n', 'C\nCR\nC\n0C4\n\n77D977\n']","['WPC\n8526\n', 'C\nC\nC\n0C4\n\n77977\n']",modelv1.0__2026-05-17 21:21:18
D:/moth_photos/database\batch_13\img_moth_00024806.jpg,"[4000, 6000]",36.68627450980392,"['WPC\n8527\n', 'XDMONIIICHA\nShariesREdwards\nAcClellanville\njouthCarolina\n\nODec 147\nbreht\n']","['C\n8527\n', 'DC\nR\nC\nC\n\n0D 147\n']","['WPC\n8527\n', 'C\nC\nC\n\n0 147\n']",modelv1.0__2026-05-17 21:21:18
D:/moth_photos/database\batch_13\img_moth_00024807.jpg,"[4000, 6000]",36.84313725490196,"['WPC\n8528\n', 'RBDominick\nCharlesREdwards\nMcClellanville\nSouthCarolinae\n\n30Noyt97\nLiahko\n']","['C\n8528\n', 'RD\nCR\nC\nC\n\n3097\n']","['WPC\n8528\n', 'C\nC\nC\n\n3097\n']",modelv1.0__2026-05-17 21:21:18
D:/moth_photos/database\batch_13\img_moth_00024808.jpg,"[4000, 6000]",37.01960784313725,"['WPC\n8529\n', 'XBDominick\nCharlesREdward\nMcClelanville\nsouth arolina\n\nEh 7\n']","['C\n8529\n', 'DD\nCR\nC\n2\n\n7\n']","['WPC\n8529\n', 'C\nC\n2\n\n7\n']",modelv1.0__2026-05-17 21:21:18
D:/moth_photos/database\batch_13\img_moth_00024809.jpg,"[4000, 6000]",37.03921568627451,"['WPC\n8530\n', 'ave2e4OMInNIck\nCharlesREdwards\nMcClelanville\njouthCarolina\n\nDMevi476\nabfa\n']","['C\n8530\n', '24C\nCR\nC\n0C\n\nD476\n']","['WPC\n8530\n', '24C\nC\nWC\n0C\n\n476\n']",modelv1.0__2026-05-17 21:21:18
D:/moth_photos/database\batch_13\img_moth_00024810.jpg,"[4000, 6000]",37.05882352941176,"['WPC\n8531\n', 'RDVMOMIMUOr\nCharlesREdwards\nMcClellanville\nSouthCarolirra\n\n24 NevF70\n']","['C\n8531\n', 'RD\nCR\nC\nC\n\n24 70\n']","['WPC\n8531\n', 'C\nC\nC\n\n24 70\n']",modelv1.0__2026-05-17 21:21:18
D:/moth_photos/database\batch_13\img_moth_00024811.jpg,"[4000, 6000]",36.8235294117647,"['WPC\n8532\n', 'OVOmiInNniIcK\nYharlesREdward\ntoeaanvities\nah Carolin\n\nAare 1920\n', '3908\n']","['C\n8532\n', 'C\nR\n2 C\n\n1920\n', '3908\n']","['WPC\n8532\n', 'C\n2 C\n\n1920\n', '3908\n']",modelv1.0__2026-05-17 21:21:18
D:/moth_photos/database\batch_13\img_moth_00024812.jpg,"[4000, 6000]",36.90196078431373,"['WPC\n8533\n', 'NedgePlantation\nSouthSanteeRiver\nCharleston CoSC\nMarchJ1967\nDouglas 2Ferguson\n']","['C\n8533\n', 'R\nC CC\n1967\n\nD 2\n']","['WPC\n8533\n', 'P\nC CC\n1967\n2P\n']",modelv1.0__2026-05-17 21:21:18
D:/moth_photos/database\batch_13\img_moth_00024813.jpg,"[4000, 6000]",36.7843137254902,"['WPC\n8534\n', '2BDominick\nharlesREdwards\nicClellanville\nouthCarolina\n\nFSept 172\nYiypht\n']","['C\n8534\n', '2RD\nR\nC\nC\n\n172\n']","['WPC\n8534\n', '2\nC\nC\n\nP 172\n']",modelv1.0__2026-05-17 21:21:18
D:/moth_photos/database\batch_13\img_moth_00024814.jpg,"[4000, 6000]",36.76470588235294,"['WPC\n8535\n', 'RBDominick\nCharlesREdwards\nMcClellanville\nSouthCarolina\n\nBsTulysa7s\nLignrF\n']","['C\n8535\n', 'RRD\nCR\nC\nC\n\n37\n']","['WPC\n8535\n', 'C\nC\nC\n\n37\n']",modelv1.0__2026-05-17 21:21:18
D:/moth_photos/database\batch_13\img_moth_00024815.jpg,"[4000, 6000]",37.03921568627451,"['WPC\n8536\n', 'MDeAUTIAAH\nChariesREdwards\nMcClellanville\nSouthCarolina\n']","['C\n8536\n', 'D\nCR\nC\nC\n']","['WPC\n8536\n', 'P\nC\nC\nC\n']",modelv1.0__2026-05-17 21:21:18
D:/moth_photos/database\batch_13\img_moth_00024816.jpg,"[4000, 6000]",36.86274509803921,"['WPC\n8537\n', 'RBDominick\nCharlesREdwards Y\n\nMcClellanville\nSouthCafolina29458\n\nAIAY196F\nLight\n', 'Rs\n2408\n']","['C\n8537\n', 'RRD\nCR\n\nC\nC29458\n\n1196\nC\n', 'R\n2408\n']","['WPC\n8537\n', 'C\n\nC\nC29458\n\n1196\nC\n', '2408\n']",modelv1.0__2026-05-17 21:21:18
D:/moth_photos/database\batch_13\img_moth_00024817.jpg,"[4000, 6000]",37.03921568627451,"['WPC\n8538\n', 'RBDominick\nCharlesREdwards\nMcClellanville\nSouthCarolina\n2YTune97F\nLitheY\n', 'SOOT\nRel7teeS\nasofptatt an\n']","['C\n8538\n', 'RD\nCR\nC\n5C\n297\n', 'C\nR7\n']","['WPC\n8538\n', 'C\n\nC\n\n5C\n297\n', 'C\n7\n']",modelv1.0__2026-05-17 21:21:18
D:/moth_photos/database\batch_13\img_moth_00024818.jpg,"[4000, 6000]",37.05882352941176,"['WPC\n8539\n', 'RBDominick\nCharlesREdwards\nMcClellanville\nSouthCarolina29458\na7 FeimeJFI0\nC4Sat\n', '']","['C\n8539\n', 'RRD\nCR\nC\nC29458\n47 570\nC4\n', '']","['WPC\n8539\n', 'C\nC\nC29458\n47 570\nC4\n', '']",modelv1.0__2026-05-17 21:21:18
D:/moth_photos/database\batch_13\img_moth_00024819.jpg,"[4000, 6000]",36.627450980392155,"['WPC\n8540\n', 'McClellanville\nSouthCarolina\n\nPiaf\n']","['C\n8540\n', 'C\nC\n']","['WPC\n8540\n', 'C\nC\n\nP\n']",modelv1.0__2026-05-17 21:21:18
D:/moth_photos/database\batch_13\img_moth_00024820.jpg,"[4000, 6000]",36.627450980392155,"['WPC\n8541\n', 'WedgePlantation\n7misNEMcClellanville\nad Charleston CoSCAR\n\nruCct1\nlegRichardBDominick\n']","['C\n8541\n', '7C\n\nC C0CR\nCC1\n\nR8RD\n']","['WPC\n8541\n', 'WP\n7C\nC C0C\n\nCC1\n8\n']",modelv1.0__2026-05-17 21:21:18
D:/moth_photos/database\batch_13\img_moth_00024821.jpg,"[4000, 6000]",36.9607843137255,"['WPC\n8542\n', 'WSiedentine ot\nBDominick\n24 Och1967\n\nLichk\n']","['C\n8542\n', 'RD\n24 1967\n']","['WPC\n8542\n', 'W\n24 1967\n']",modelv1.0__2026-05-17 21:21:18
D:/moth_photos/database\batch_13\img_moth_00024822.jpg,"[4000, 6000]",36.8235294117647,"['WPC\n8543\n', 'RBDominici\nMcClellanville\nSouthCarolin\n\n21181974\n']","['C\n8543\n', 'RRDC\nC\nC\n\n21181974\n']","['WPC\n8543\n', 'C\nC\nC\n\n21181974\n']",modelv1.0__2026-05-17 21:21:18
D:/moth_photos/database\batch_13\img_moth_00024823.jpg,"[4000, 6000]",36.98039215686274,"['WPC\n8544\n', 'SOUTHCAROLINA\nWedgePlantation\nMcClellanville\n\nMarch2R 1967\n\nDCFeraquson\n', 'Laseori\nambigualis\nOS\n']","['RC\n8544\n', 'CRC\nC\n\n2R 1967\n\nDC\n', '']","['WPC\n8544\n', 'CC\nWP\nC\n\n2 1967\n\nCP\n', '']",modelv1.0__2026-05-17 21:21:18
D:/moth_photos/database\batch_13\img_moth_00024824.jpg,"[4000, 6000]",36.666666666666664,"['WPC\n8545\n', 'WedgePlantationAe af\n7miNE Msclellanven\nMo Co\n\n2Nev17Gt\n\nlegRichardB Dominic\n']","['C\n8545\n', '4\n7 C\nC\n\n217\n\nR8 D\n']","['WPC\n8545\n', 'WP4\n7 C\nC\n\n217\n\n8\n']",modelv1.0__2026-05-17 21:21:18
D:/moth_photos/database\batch_13\img_moth_00024825.jpg,"[4000, 6000]",37.1764705882353,"['WPC\n8546\n', 'RBDominick\nCharlesREdwards\nMcClellanville\nSouthCarolina29458\n\nAlApeJFbF\nLhIGAY\n']","['C\n8546\n', 'RRD\nCR\nC\nC29458\n']","['WPC\n8546\n', 'C\nC\nC29458\n\nP\n']",modelv1.0__2026-05-17 21:21:18
D:/moth_photos/database\batch_13\img_moth_00024826.jpg,"[4000, 6000]",36.65384615384615,"['WPC\n8547\n', 'WedgePlantationfs\n7miNEMcClellanville\nCharlestonCoSeCAR\n\nOcf17\n\nlegRichardBDominick\n']","['C\n8547\n', '7C\nCCCR\n\n017\n\nRD\n']","['WPC\n8547\n', 'WP\n7C\nCCC\n\n017\n\nP\n']",modelv1.0__2026-05-17 21:21:18
D:/moth_photos/database\batch_13\img_moth_00024827.jpg,"[4000, 6000]",36.68627450980392,"['WPC\n8548\n', 'Nedge Plantati10Oy\nSouthSantee River\nCharlestoneCOs SC\nMarch291967\nDouglas cFerguson\n', 'DMBC00216\nRICHARDBDOMINICK\n\nMOTH8BUTTERFLYCOLLECTION\nUINIVERSITYOFSOUTHCAROLINA\n\n', '2809\n']","['C\n8548\n', '10\nR\nCC0 C\n291967\nD C\n', 'DC00216\nRCRDDC\n\n8RCC\nRCRC\n\n', '2809\n']","['WPC\n8548\n', 'P10\nCC0 C\n291967\nP C\n', 'PC00216\nCPC\n\n8CC\nWCC\n\n', '2809\n']",modelv1.0__2026-05-17 21:21:18
D:/moth_photos/database\batch_13\img_moth_00024828.jpg,"[4000, 6000]",37.09803921568628,"['WPC\n8549\n', 'SOUTHCAROLINA\nWedge Plantat ion\nMcClellanville\n\nMarch28 1967\n\n5CFerguson\n', 'ssp\n', 'UMBC00215\nRICHARDBDOMINICK\n\nMOTH8BUTTERFLYCOLLECTION\n\nUNIVERSITYOFSOUTHCAROLINA\n']","['RC\n8549\n', 'CRC\nC\n\n28 1967\n\n5C\n', '', 'C00215\nRCRD8DC\n\n8RCC\n\nRCR\n']","['WPC\n8549\n', 'CC\nW P\nC\n\n28 1967\n\n5C\n', '', 'C00215\nC8C\n\n8CC\n\nC\n']",modelv1.0__2026-05-17 21:21:18
D:/moth_photos/database\batch_13\img_moth_00024829.jpg,"[4000, 6000]",36.64705882352941,"['WPC\n8550\n', 'RBDominick\nCharlesREdwards\nMcClellanville\nSouthCarolina2945\n\n1FMeaty Ao\n\nSith\n', 'stnao04Xl\n\nAS opia lis\n\nDetD0Ferguson19G\nPesbodyMuseumYasieUniv\n', 'DMBC00214\nRICHARDBDOMINICK\n\nMOTH8BUTTERFLYCOLLECTION\nUNIVERSITYOFSOUTHCARQIINA\n']","['C\n8550\n', 'RRD\nCR\nC\nC2945\n\n1\n\n4\n', '049\n\nDD019\nR\n', 'DC00214\nRCRDDC\n\n8RCC\nRCR\n']","['WPC\n8550\n', 'C\nC\nC2945\n\n1\n\n4\n', '049\n\n00P19\nP\n', 'PC00214\nCC\n\n8CC\nC\n']",modelv1.0__2026-05-17 21:21:18
D:/moth_photos/database\batch_13\img_moth_00024830.jpg,"[4000, 6000]",36.705882352941174,"['WPC\n8551\n', 'RBDominick\n\nCharlesREdwards\nMcClellanville\nSouthCarolina2945\n\n2 DeeJ9L7\nLsispthet\n', '', 'DMBC00213\nRICHARDBDOMINICK\n\nMOTH8BUTTERFLYCOLLECTION\n\nUNIVERSITYOFSOUTHCAROLINA\n']","['RC\n8551\n', 'RRD\n\nCR\nC\nC2945\n\n2 D947\n', '', 'DC00213\nRCRDDC\n\n8RRCC\n\nRCR\n']","['WPC\n8551\n', 'C\nC\nC2945\n\n2 947\n', '', 'PC00213\nCPC\n\n8PCC\n\nC\n']",modelv1.0__2026-05-17 21:21:18
D:/moth_photos/database\batch_13\img_moth_00024831.jpg,"[4000, 6000]",37.19607843137255,"['WPCC\n8552\n', 'mBVominick\nCharlesREdward\nMcClellanville\nSouthCarolina\n\n28\n']","['RC\n8552\n', 'DD\nCR\nC\n0C\n\n28\n']","['WPCC\n8552\n', 'C\nC\n0C\n\n28\n']",modelv1.0__2026-05-17 21:21:18
D:/moth_photos/database\batch_13\img_moth_00024832.jpg,"[4000, 6000]",36.745098039215684,"['wec\n553\n', '2 2B Dominic\nAcClellanville A\n\nrH SuyiatD\nay ore\n']","['C\n553\n', '2 2R D\nC\n\nD\n7\n']","['WPC\n553\n', '2 2 P\nC\n\n7\n']",modelv1.0__2026-05-17 21:21:18
D:/moth_photos/database\batch_13\img_moth_00024833.jpg,"[4000, 6000]",37.1764705882353,"['WPC\n8554\n', 'Ppuvemuseli\nPIBT6D\n', 'WedgePlantation\nSouthSanteeRiver\nCharlestonCoSC\nMarchFf1967\nDouglasCFerguson\n', 'DMBC00155\nRICHARDBDOMINICK\n\nMOTHBUTTERFLYCOLLECTION\n\nUNIVERSITYOFSOUTHCAROLINA\n']","['RC\n8554\n', '36D\n', 'R\nCCC\n1967\nDC\n', 'DC00155\nRCRDD0C\n\nRCC\n\nRCR\n']","['WPC\n8554\n', 'P\nP360\n', 'WP\nCCC\n1967\nC\n', 'C00155\nC0C\n\nCC\n\nC\n']",modelv1.0__2026-05-17 21:21:18
D:/moth_photos/database\batch_13\img_moth_00024834.jpg,"[4000, 6000]",37.15686274509804,"['WPC\n8555\n', 'oOE\n\ng\nid ag\nPre\n', 'WedgePlantation\nSouthSanteeRiver\nCharlestogCoSC\nMarch3f1967\nDouglasCFerguson\n\n', 'DMBC00153\nRICHARDBDOMINICK\nMOTH8BUTTERFLYCOLLECTION\n\nUNIVERSITYOFSOUTHCAROLINA\n']","['RC\n8555\n', 'C\n', 'R\nCC5C\n31967\nDC\n\n', 'DC00153\nRCRD8DC\n8RRCC\n\nRCR\n']","['WPC\n8555\n', 'C\n\nPP\n', 'WP\nCC5C\n31967\nCP\n\n', 'PC00153\nC8C\n8PCC\n\nC\n']",modelv1.0__2026-05-17 21:21:18
D:/moth_photos/database\batch_13\img_moth_00024835.jpg,"[4000, 6000]",36.90196078431373,"['WPC\n8556\n', '', 'Wedge Plantation\nSouthSanteeRiver\nCharlestopCoSC\nMarch 3f 1967\nDouglasCFerqugqn\n', 'DMBC00152\nRICHARDBDOMINICK\nMOTHBUTTERFLYCOLLECTION\n\nUNIVERSITYOFSOUTHCAROLINA\n']","['C\n8556\n', '', 'R\nCCC\nC 3 1967\n\nDC\n', 'DC00152\nRCRD8DC\nRCC\n\nR0CR\n']","['WPC\n8556\n', '', 'W P\nCCC\nC 3 1967\nPC\n', 'PC00152\nC8WC\nCC\n\n0C\n']",modelv1.0__2026-05-17 21:21:18
D:/moth_photos/database\batch_13\img_moth_00024836.jpg,"[4000, 6000]",36.9607843137255,"['INegDeVMOTMMIIICHK\n\nCharlasREdwards5S\nMcClellanville ra\nSouthCarolina29458\n\nLepeCruad\n', 'WPC\n8557\n', '3 e\ni a S Ey vA\n', 'DMBC00154\nRICHARDBDOMINICK\n\nWMOTH8BUTTERFLYCOLLECTION\nUNIVERSITYOFSOUTHCaARNIING\n']","['DC\n\nCR5\nC\nC29458\n\nC\n', 'C\n8557\n', '3\n', 'DC00154\nRCRD8DC\n\n8RCC\nRCR\n']","['2C\n\nC5\nC\nC29458\n\nC\n', 'WPC\n8557\n', '3\n', 'C00154\nC8PC\n\nW8CC\nC\n']",modelv1.0__2026-05-17 21:21:18
D:/moth_photos/database\batch_13\img_moth_00024837.jpg,"[4000, 6000]",36.80392156862745,"['WPC\n8558\n', 'RBDominick\nCharlesREdwards\nMcClellanvillee\nSouthCarolina\n23Seot971\n\ncihrZ\n']","['C\n8558\n', 'RRD\nCR\nC\nC\n23971\n']","['WPC\n8558\n', 'C\n\nC\n\nC\n23971\n']",modelv1.0__2026-05-17 21:21:18
D:/moth_photos/database\batch_13\img_moth_00024838.jpg,"[4000, 6000]",36.705882352941174,"['WPC\n8559\n', 'KBVominick\nCharlesREdwarns\nMcClellanville\nSouthCarolina\n\nMareh1972\nTahkP\n']","['C\n8559\n', 'RD\nCR\nC\nC\n\n1972\n']","['WPC\n8559\n', 'C\nC\nC\n\n1972\nP\n']",modelv1.0__2026-05-17 21:21:18
D:/moth_photos/database\batch_13\img_moth_00024839.jpg,"[4000, 6000]",36.8235294117647,"['WPC\n8560\n', 'RbDominick\nCharlesREdwards\nMcClellanville\n\n18Syht9 Ie\n', '3756\n']","['C\n8560\n', 'RD\nCR\nC\n\n1819\n', '3756\n']","['WPC\n8560\n', 'C\nC\n\n1819\n', '3756\n']",modelv1.0__2026-05-17 21:21:18
D:/moth_photos/database\batch_13\img_moth_00024840.jpg,"[4000, 6000]",36.730769230769226,"['WPC\n8561\n', 'SOUTHCAROLINA\nWedge Plantat ion\nMcClellanville\n\nMarch 1Y 199\n\nCFPeraquson\n']","['C\n8561\n', 'CR\nC\n\n14 199\n\nC\n']","['WPC\n8561\n', 'C\nW P\nC\n\n14 199\n\nCP\n']",modelv1.0__2026-05-17 21:21:18
D:/moth_photos/database\batch_13\img_moth_00024841.jpg,"[4000, 6000]",36.8235294117647,"['WPC\n8562\n', 'RBDominick\nCharlesREdwards\nMcClellanville\nSouthCarolina29458\nVAL\nLisgttk27\n']","['C\n8562\n', 'RRD\nCR\nC\nC29458\n27\n']","['WPC\n8562\n', 'C\nC\nC29458\nW\n27\n']",modelv1.0__2026-05-17 21:21:18
D:/moth_photos/database\batch_13\img_moth_00024842.jpg,"[4000, 6000]",36.705882352941174,"['KBDominick\nCharlesREdwards\nMcElellanville\nSouthCarolina29458\n\nJJane97oO\nLisusto\n', 'WPC\n8563\n', 'DMBCQ00157\nRICHARDBDOMINICK\nMOTH8BUTTERFLYCOLLECTION\n\nUNIVERSITYOFSOUTHCAROLINA\n', 'eOCf\nenntR AaOFg\n\nFlops\n\nym\n883\n\n']","['D\nCR\nC29458\n\n970\n', 'C\n8563\n', 'DC00157\nRCRD8DC\n8RCC\n\nRCR\n', 'CC\nR 4\n\n883\n\n']","['C\nC29458\n\n970\n', 'WPC\n8563\n', 'PC00157\nC8C\n8PCC\n\nC\n', 'CC\n4\n\n883\n\n']",modelv1.0__2026-05-17 21:21:18
D:/moth_photos/database\batch_13\img_moth_00024843.jpg,"[4000, 6000]",37.254901960784316,"['WPC\n8564\n', 'RBDominick\nCharlesREdwards\nMcClellanville\nSouthCarolina29458\n\n27May1770\nUserk\n', '', 'DMBC00158\nRICHARDBDOMINICK\nMOTH8BUTTERFLYCOLLECTION\n\nUNIVERSITYOFSOUTHCAROLINA\n']","['C\n8564\n', 'RRD\nCR\nC\nC29458\n\n271770\n8\n', '', 'DC00158\nRCRD8DC\n8RRCC\n\nRCR\n']","['WPC\n8564\n', 'C\nC\nC29458\n\n271770\n8\n', '', 'PC00158\nC8C\n8CC\n\nC\n']",modelv1.0__2026-05-17 21:21:18
D:/moth_photos/database\batch_13\img_moth_00024844.jpg,"[4000, 6000]",36.98039215686274,"['WPC\n8565\n', 'KBVominick\nCharlesREdwards\nMcClellanville\n3D Cardlina\n\n30 cL g77e\n', 'Yominick\n\nREdwards WPC\n\nlanville\n\nusa7ef8565\n\n']","['C\n8565\n', 'RDD\nCR\nC\n3D C\n\n30 77\n', 'R RC\n\n78565\n\n']","['WPC\n8565\n', 'C\nC\n3 C\n\n30 77\n', 'WPC\n\n78565\n\n']",modelv1.0__2026-05-17 21:21:18
D:/moth_photos/database\batch_13\img_moth_00024845.jpg,"[4000, 6000]",36.666666666666664,"['WPC\n8566\n', 'KBDominick\nCharlesREdwards\nMcCleljanville\n\n22 Cc dag4 i\naah\n']","['C\n8566\n', 'RD\nCR\nC\n\n22 C 4\n']","['WPC\n8566\n', 'C\nC\n\n22 C 4\n']",modelv1.0__2026-05-17 21:21:18
D:/moth_photos/database\batch_13\img_moth_00024846.jpg,"[4000, 6000]",37.21568627450981,"['WPC\n8567\n', 'RBDVOMIMUCHK\nCharlesREdward\nMcClellanville\nSout gt\n\neeingF7E\n', '3253\n']","['C\n8567\n', 'RDC\nCR\nC\n\n57\n', '3253\n']","['WPC\n8567\n', 'C\nC\nC\n\n57\n', '3253\n']",modelv1.0__2026-05-17 21:21:18
D:/moth_photos/database\batch_13\img_moth_00024847.jpg,"[4000, 6000]",36.65384615384615,"['WPC\n8568\n', 'RBDominick\nCharlesR Edwardsy\nMcClellanville\n\nSouthCarolina29458\n\n2im G9L9\nLGH\n', 'BAs3\n']","['C\n8568\n', 'RRD\nCR\nC\n\nC29458\n\n2 949\n', '323\n']","['WPC\n8568\n', 'C\nC\nC29458\n\n2 949\n', '323\n']",modelv1.0__2026-05-17 21:21:18
D:/moth_photos/database\batch_13\img_moth_00024848.jpg,"[4000, 6000]",36.55769230769231,"['WPC\n8569\n', 'SOUTHCAROLINA\nWedge Plantation\nMcClellanviile\nAugust 2o 1968\nDCFPerauson\n', '352\n', 'SOUTHCAROLINA\nWedgePlantation\nMcClellanviile\n\nAugust 2O0z 1968\nDCFerguson\n\nWPC\n8569\n\n']","['C\n8569\n', 'CRC\nC\n20 1968\nDC\n', '352\n', 'CR\nC\n\n20 1968\nDC\n\nC\n8569\n\n']","['WPC\n8569\n', 'CC\nW P\nC\n20 1968\nCP\n', '352\n', 'C\nWP\nC\n\n20 1968\nCP\n\nWPC\n8569\n\n']",modelv1.0__2026-05-17 21:21:18
D:/moth_photos/database\batch_13\img_moth_00024849.jpg,"[4000, 6000]",36.92156862745098,"['WPC\n8570\n', 'KBDominick\nCharlesREdwards\nMcClellanville\nSouthCarolina\n']","['C\n8570\n', 'RD\nCR\nC\nC\n']","['WPC\n8570\n', 'C\nC\nC\n']",modelv1.0__2026-05-17 21:21:18
D:/moth_photos/database\batch_13\img_moth_00024850.jpg,"[4000, 6000]",37.03921568627451,"['WPC\n8571\n', 'BVominick\nSharlesREdwards\nMcClellanville\nsouth Carelina\nI7TJune1977\nLiehswt\n', '']","['C\n8571\n', '6D\nR\nC\nC\n171977\n', '']","['WPC\n8571\n', '6\nC\nC\n171977\n', '']",modelv1.0__2026-05-17 21:21:18
D:/moth_photos/database\batch_13\img_moth_00024851.jpg,"[4000, 6000]",36.94117647058823,"['WPC\n8572\n', 'RBDominick\nCharlesREdwards\nMcClellanville\nSouthCabolina29458\n29Age1920\nLishte es\n\n', 'ey\n\nnF\n\n4 eH\neraiity\noF 7 y\n\n']","['C\n8572\n', 'RRD\nCR\nC\nC29458\n291920\n1\n\n', '4\n7\n\n']","['WPC\n8572\n', 'C\n\nC\n\nC29458\n291920\n1\n\n', '4\n7\n\n']",modelv1.0__2026-05-17 21:21:18
D:/moth_photos/database\batch_13\img_moth_00024852.jpg,"[4000, 6000]",36.84313725490196,"['WPC\n8573\n', 'RBDominick\nCharlesREdwards7\nMcClellanville et\nSouthCarolina29458\n\n23 Sep71969\n\nLyitcot\n', 'DMBC00161\nRICHARDBDOMINICK\nMOTH8BUTTERFLYCOLLECTION\n\nUNIVERSITYOFSOUTHCAROLINA\n', 'meELGNeh\n\n2AyY\n']","['C\n8573\n', 'RD\nCR7\nC\nC29458\n\n23 571969\n', 'D8C00161\nRCRD8DC\n8CRCC\n\nR0CR\n', '2\n']","['WPC\n8573\n', 'C7\nC\nC29458\n\n23 571969\n', 'P8C00161\nC8C\n8CCC\n\n0C\n', '2\n']",modelv1.0__2026-05-17 21:21:18
D:/moth_photos/database\batch_13\img_moth_00024853.jpg,"[4000, 6000]",36.92156862745098,"['WPC\n8574\n', 'nK6Dominick\nCharlesREdwards\nMcClellanville O\nav Carolina 29458\n\ndoe 1FeF\nry Ohs\n', 'aAtPifineelfa\na 39757\n', 'DMBC00159\nRICHARDBDOMINICK\n\nMOTH8BUTTERFLYCOLLECTION\nUNIVERSITYOFSOUTHCAROLINA\n']","['C\n8574\n', '6D\nCR\nC C\nC 29458\n\n1\n', '39757\n', 'DC00159\nRCRD8DC\n\n8RRCC\nRCR\n']","['WPC\n8574\n', '6\nC\nC C\nC 29458\n\n1\n', 'P\n39757\n', 'PC00159\nC8WC\n\n8CC\nC\n']",modelv1.0__2026-05-17 21:21:18
D:/moth_photos/database\batch_13\img_moth_00024854.jpg,"[4000, 6000]",37.21568627450981,"['WPC\n8575\n', 'RBDominick\n\nCharlesREdwards\nMcClellanville\nSouthCarolina29458\n\n2CHaA49CF\n2cHay\n', '', 'DMBC00160\nRICHARDB DOMINICK\n\nMOTH8BUTTERFLY COLLECTION\nUNIVERSITYOF SOUTHCARNQIINA\n\n']","['C\n8575\n', 'RRD\n\nCR\nC\nC29458\n\n2C49C\n2\n', '', 'DC00160\nRCRD8 DC\n\n8R CC\nR0 CR\n\n']","['WPC\n8575\n', 'C\nC\nC29458\n\n2C49CP\n2P\n', '', 'C00160\nC8 PC\n\n8 CC\n0 C\n\n']",modelv1.0__2026-05-17 21:21:18
D:/moth_photos/database\batch_13\img_moth_00024855.jpg,"[4000, 6000]",36.72549019607843,"['WPC\n8576\n', 'SeDOVOMINICK\nSharlesREdward\nAicCle anvillef\nouthCarolina\n\nabr\n']","['C\n8576\n', 'DC\nR\nC\nC\n']","['WPC\n8576\n', 'C\nC\nC\n']",modelv1.0__2026-05-17 21:21:18
D:/moth_photos/database\batch_13\img_moth_00024856.jpg,"[4000, 6000]",37.01960784313725,"['WPC\n8577\n', 'BVominick\nharlesREdward\nicClellanville\nouth Carolina\n\n601972\nLigh\n']","['C\n8577\n', 'D\nR\nC\nC\n\n601972\n']","['WPC\n8577\n', 'C\nC\n\n601972\n']",modelv1.0__2026-05-17 21:21:18
D:/moth_photos/database\batch_13\img_moth_00024857.jpg,"[4000, 6000]",37.09803921568628,"['WPC\n8578\n', 'RBDominick\nharlesREdwards\nMcClellanville\nSouthCarolina\n\n13Sewd397\n\nlichde\n']","['C\n8578\n', 'RRD\nR\nC\nC\n\n13397\n']","['WPC\n8578\n', 'C\nC\n\n13397\n']",modelv1.0__2026-05-17 21:21:18
D:/moth_photos/database\batch_13\img_moth_00024858.jpg,"[4000, 6000]",36.61538461538461,"['WPC\n8579\n', 'R BDominick\nChariesREdwards\nMcClellanville\nSoutfCarolina\n\nashr\n']","['C\n8579\n', 'R D\nCR\nC\nC\n']","['WPC\n8579\n', 'C\nC\nC\n']",modelv1.0__2026-05-17 21:21:18
D:/moth_photos/database\batch_13\img_moth_00024859.jpg,"[4000, 6000]",37.235294117647065,"['WPC\n8580\n', 'KRDVOMINICK\nMcClellanville\nSouthCarolina\n\nfi Sept197\n1ghteyr\n']","['C\n8580\n', 'RDC\nC\nC\n\n197\n1\n']","['WPC\n8580\n', 'C\nC\nC\n\nP197\n1\n']",modelv1.0__2026-05-17 21:21:18
D:/moth_photos/database\batch_13\img_moth_00024860.jpg,"[4000, 6000]",36.59615384615385,"['WPC\n8581\n', 'KBDominick\nCharlesREdwards\nMcClellanville\nSouthCarolin\n\n27Apt7\nGk A\n']","['C\n8581\n', 'D\nCR\nC\nC\n\n277\n']","['WPC\n8581\n', 'C\nC\nC\n\n277\n']",modelv1.0__2026-05-17 21:21:18
D:/moth_photos/database\batch_13\img_moth_00024861.jpg,"[4000, 6000]",36.57692307692308,"['WPC\n8582\n', 'SOUTHCAROLINA\nWedgePlantation\nMcClellanville\nAugust 25 1968\nYCFergugson\n']","['RC\n8582\n', 'CR\nC\nR 25 1968\n9C\n']","['WPC\n8582\n', 'PC\nWP\nWC\n25 1968\n9CP\n']",modelv1.0__2026-05-17 21:21:18
D:/moth_photos/database\batch_13\img_moth_00024862.jpg,"[4000, 6000]",36.56862745098039,"['WPC\n8583\n', 'RBDominick\nCharlesREdwaris\nMcClellanville ef\nS6uthCarolina29458\n\n43 ScgtFb9\nLith\n']","['C\n8583\n', 'RD\nCR\nC\n6C29458\n\n43 39\n']","['WPC\n8583\n', 'C\nC\n6C29458\n\n43 39\n']",modelv1.0__2026-05-17 21:21:18
D:/moth_photos/database\batch_13\img_moth_00024863.jpg,"[4000, 6000]",37.15686274509804,"['WPC\n8584\n', '2BDominick\n\nCharlesR EdwanisB\nMcClellanville\nSouthCarolina29458\n\nAYStphe4F\n\n1090b\n']","['C\n8584\n', '2RD\n\nCR\nC\nC29458\n\n254\n\n1090\n']","['WPC\n8584\n', '2\n\nC\nC\nC29458\n\n254\n\n1090\n']",modelv1.0__2026-05-17 21:21:18
D:/moth_photos/database\batch_13\img_moth_00024864.jpg,"[4000, 6000]",37.254901960784316,"['WPC\n8585\n', 'RBDominick\n\nChariesREdwards\n\nMcGlellanville Ss\n\nSouthCarolina2945\n\nJG Sept 1907\nLGA\n']","['C\n8585\n', 'RRD\n\nCR\n\nC2945\n\n5 1907\n1\n']","['WPC\n8585\n', 'C\n\nC2945\n\n5 1907\n1\n']",modelv1.0__2026-05-17 21:21:18
D:/moth_photos/database\batch_13\img_moth_00024865.jpg,"[4000, 6000]",37.15686274509804,"['WPC\n8586\n', 'RBDominick\nCharlesREdwards\nMcClellanville\nSoutkCarolina29458\n\n2Scphloey\nLisAdk\n']","['RC\n8586\n', 'RRD\nCR\nC\nC29458\n\n2\n']","['WPC\n8586\n', 'C\nC\nC29458\n\n2\n']",modelv1.0__2026-05-17 21:21:18
D:/moth_photos/database\batch_13\img_moth_00024866.jpg,"[4000, 6000]",36.92156862745098,"['WPC\n8587\n', 'RBDominick\nCharlesR EdwardsS\nMcClellanviille\n\nSouthCarolina29458e\n\n2duene1Tb5\nLtrs\n']","['C\n8587\n', 'RRD\nCR\nC\n\n5C29458\n\n215\n5\n']","['WPC\n8587\n', 'C\nC\n5C29458\n\n215\n5\n']",modelv1.0__2026-05-17 21:21:18
D:/moth_photos/database\batch_13\img_moth_00024867.jpg,"[4000, 6000]",37.11764705882353,"['WPC\n8588\n', 'RBDominick\n\nCharlesREdwards\n\nMcClellanville\n\nSouthCarolina29453\n4Junes9ed\nisgaPr\n']","['C\n8588\n', 'RD\nCR\nC\nC29453\n49\n']","['WPC\n8588\n', 'C\n\nC\n\nC29453\n49\nP\n']",modelv1.0__2026-05-17 21:21:18
D:/moth_photos/database\batch_13\img_moth_00024868.jpg,"[4000, 6000]",36.92156862745098,"['WPC\n8589\n', 'RBDominick\nCharlesR Edwards\nMcClellanville\nSouthCarolina29458\n\nAg NA4196S\ndishd\n']","['C\n8589\n', 'RD\nCR\nC\nC29458\n\n2 4196R\n21\n']","['WPC\n8589\n', 'C\nC\nC29458\n\n2 4196\n21\n']",modelv1.0__2026-05-17 21:21:18
D:/moth_photos/database\batch_13\img_moth_00024869.jpg,"[4000, 6000]",36.76470588235294,"['RBDominick e\n\nCharlesREdwards\nMcClellanville\n\nSouthCarolina29452\n\n26Moay 1968\n\nJ1Chnt\n', 'WPC\n8590\n']","['RRD\n\nCR\nC\n\nC29452\n\n26 1968\n\n1C\n', 'C\n8590\n']","['C\nC\n\nC29452\n\n26 1968\n\n1C\n', 'WPC\n8590\n']",modelv1.0__2026-05-17 21:21:18
D:/moth_photos/database\batch_13\img_moth_00024870.jpg,"[4000, 6000]",37.09803921568628,"['WPC\n8591\n', 'SOUTHCAROLINA\nWedgePlantation\nMcClellafiville\nAugustJ2Q1968\nDCFerguson\n']","['C\n8591\n', 'CR\nC\n21968\nDC\n']","['WPC\n8591\n', 'C\nWP\nC\n21968\nC\n']",modelv1.0__2026-05-17 21:21:18
D:/moth_photos/database\batch_13\img_moth_00024871.jpg,"[4000, 6000]",36.84313725490196,"['WRC\n3592\n', 'RBDominick\nCharlesREdwards\nMcClellanville A\nSoutharolina29458\n\nZ29APR1F63\nLuigqgnft\n']","['RC\n3592\n', 'RD\nCR\nC\n29458\n\n29R1763\n2\n']","['WPC\n3592\n', 'C\nC\n29458\n\n29P1763\n2\n']",modelv1.0__2026-05-17 21:21:18
D:/moth_photos/database\batch_13\img_moth_00024872.jpg,"[4000, 6000]",36.86274509803921,"['WPC\n8593\n', 'RBDominick\nCharlesREdwaris\nMcClellanville\nSouthCarolina29458\n\n3OSegS9247\nLsOL2\n']","['C\n8593\n', 'RRD\nCR\nC\nC29458\n\n309247\n2C2\n']","['WPC\n8593\n', 'C\nC\nC29458\n\n309247\n2C2\n']",modelv1.0__2026-05-17 21:21:18
D:/moth_photos/database\batch_13\img_moth_00024873.jpg,"[4000, 6000]",36.76470588235294,"['WPC\n8594\n', 'McClellanville\nSouthCarolina\nRBDominick\n\n25a 1967\nAr he\n']","['C\n8594\n', 'C\nC\nRRD\n\n25 1967\n']","['WPC\n8594\n', 'WC\nC\n\n25 1967\n']",modelv1.0__2026-05-17 21:21:18
D:/moth_photos/database\batch_13\img_moth_00024874.jpg,"[4000, 6000]",36.8235294117647,"['WPC\n8595\n', 'McClellanville\nSouth Berpinie an\n\n3seph L467\n\nLight\n', '']","['C\n8595\n', 'C\nD\n\n3 467\n', '']","['WPC\n8595\n', 'C\n\n3 467\n', '']",modelv1.0__2026-05-17 21:21:18
D:/moth_photos/database\batch_13\img_moth_00024875.jpg,"[4000, 6000]",36.86274509803921,"['WPC\n8596\n', 'XBVominicK\nCharlesREdwards\nicClellanville\nsouthCarolina\n', 'DMBC00162\nRICHARDBDOMINICK\nMOTHBUTTERFLYCOLLECTION\n\nUNIVERSITYOFSOUTHCAROLINA\n']","['C\n8596\n', 'DD\nCR\nC\nC\n', 'DC00162\nRCRDDC\nRCC\n\nRCR\n']","['WPC\n8596\n', 'C\nC\nC\n', 'PC00162\nCC\nCC\n\nC\n']",modelv1.0__2026-05-17 21:21:18
D:/moth_photos/database\batch_13\img_moth_00024876.jpg,"[4000, 6000]",37.13725490196079,"['WPC\n8597\n', 'KBbDominick\nCharlesREdward\nMcClellanville\nSouthCarolina\n\n344470\n\ncht\n']","['C\n8597\n', 'D\nCR\nC\n0C\n\n344470\n']","['WPC\n8597\n', 'C\nC\n0C\n\n344470\n']",modelv1.0__2026-05-17 21:21:18
D:/moth_photos/database\batch_13\img_moth_00024877.jpg,"[4000, 6000]",37.13725490196079,"['WPC\n8598\n', 'RBDominick\nCharlesREdwandis\nMcClellanville\nSout Siels14\n\n23Mel\nLysA4r 1g\n']","['C\n8598\n', 'RRD\nCR\nC\n14\n\n23\n4 1\n']","['WPC\n8598\n', 'C\nC\n14\n\n23\n4 1\n']",modelv1.0__2026-05-17 21:21:18
D:/moth_photos/database\batch_13\img_moth_00024878.jpg,"[4000, 6000]",36.65384615384615,"['WPC\n8599\n', 'N6Vominick\nCharlesREdwards\nMcClellanville\nSouth Carolina\n']","['C\n8599\n', '6\nCR\nC\nC\n']","['WPC\n8599\n', '6\nC\nC\nC\n']",modelv1.0__2026-05-17 21:21:18
D:/moth_photos/database\batch_13\img_moth_00024879.jpg,"[4000, 6000]",36.86274509803921,"['WPC\n8600\n', 'NeDeMOMIIICHK\nSharlesREdwards\nfcClellanville\nyouthCarolina\n\no Mlaw147 WFQ\n\nrs\n']","['C\n8600\n', 'RDC\nR\nC\nC\n\n147 2\n']","['WPC\n8600\n', 'C\nC\nC\n\n147 WP2\n']",modelv1.0__2026-05-17 21:21:18
D:/moth_photos/database\batch_13\img_moth_00024880.jpg,"[4000, 6000]",36.61538461538461,"['WPC\n8601\n', 'KBDominick\nCharlesREdwards\nMcCle Hanville\nSouthCdrolina\n\n24Maty147\n\nliakhp py\n', '']","['C\n8601\n', 'D\nCR\nC\n0C4\n\n24147\n', '']","['WPC\n8601\n', 'C\nC\n0C4\n\n24P147\n\nP P\n', '']",modelv1.0__2026-05-17 21:21:18
D:/moth_photos/database\batch_13\img_moth_00024881.jpg,"[4000, 6000]",37.0,"['WPC\n8602\n', 'R BDominick\nCharlesREdwards\nMcCleljanville\n\nSouthCa 14\nf3puly\n']","['C\n8602\n', 'R RD\nCR\nC\n\nC 14\n3\n']","['WPC\n8602\n', 'C\nC\n\nC 14\n3\n']",modelv1.0__2026-05-17 21:21:18
D:/moth_photos/database\batch_13\img_moth_00024882.jpg,"[4000, 6000]",36.90196078431373,"['RBDominick\nharlesR vulesG\nMcClellanviile\nSouthCarolina29458\n\nS8 May L96F\n', 'WPC\n8603\n']","['RD\nR\nC\nC29458\n\n8 496\n', 'RC\n8603\n']","['C\nC29458\n\n8 W 496P\n', 'WPC\n8603\n']",modelv1.0__2026-05-17 21:21:18
D:/moth_photos/database\batch_13\img_moth_00024883.jpg,"[4000, 6000]",37.09803921568628,"['WPC\n8604\n', '3\nRB Dominick\nCharles REdwards\n\nMc Gle lian ille\nSouthCarolina 29458\n\nJ22MorI9LF\nfa\n\n']","['C\n8604\n', '3\nR8 D\nC R\n\nC 29458\n\n2299\n\n']","['WPC\n8604\n', '3\n8\nC\n\nC 29458\n\n2299\n\n']",modelv1.0__2026-05-17 21:21:18
D:/moth_photos/database\batch_13\img_moth_00024884.jpg,"[4000, 6000]",36.59615384615385,"['WPC\n8605\n', 'kRBVominick\nCharlesREdwards\nMcClellanville\nSouthCarolina29458\n17 rnay1F 971\n\nfi4f\n']","['C\n8605\n', 'RRD\nCR\nC\nC29458\n17 1 971\n\n4\n']","['WPC\n8605\n', 'C\n\nC\nC29458\n17 1 971\n\n4\n']",modelv1.0__2026-05-17 21:21:18
D:/moth_photos/database\batch_13\img_moth_00024885.jpg,"[4000, 6000]",37.13725490196079,"['WPC\n8606\n', 'kBDominick\nSharlesREdwards\nAcCleVlanville\nouthCarolina2945\nS1105 SFP\n']","['C\n8606\n', 'D\nR\nC\nC2945\n51105 R\n']","['WPC\n8606\n', 'C\nC2945\n51105 P\n']",modelv1.0__2026-05-17 21:21:18
D:/moth_photos/database\batch_13\img_moth_00024886.jpg,"[4000, 6000]",37.0,"['2B Dominick\nharles REdwards\nMcClellanville e\nSouthCarolina\n30 1972\nlel\n', 'WPC\n8607\n']","['2 D\nR\nC\nC\n30 1972\n', 'C\n8607\n']","['2\n\nC\n\nC\n30 1972\n', 'WPC\n8607\n']",modelv1.0__2026-05-17 21:21:18
D:/moth_photos/database\batch_13\img_moth_00024887.jpg,"[4000, 6000]",37.09803921568628,"['WPC\n8608\n', 'RBDominick\nCharlesREdwards\nMcClellanville\nSoutlkCarolina 29458\n\nz3 MG 1976\nLisarD\n']","['C\n8608\n', 'RD\nCR\nC\nC 29458\n\n23 1976\nD\n']","['WPC\n8608\n', 'C\nC\nC 29458\n\n23 1976\n']",modelv1.0__2026-05-17 21:21:18
D:/moth_photos/database\batch_13\img_moth_00024888.jpg,"[4000, 6000]",37.05882352941176,"['WRC\n8609\n', 'KBDominick\nCharlesREdwards\nMcClellanville\nSouthCarolina29458e\n\n7\n2NAGIFB\n']","['RC\n8609\n', 'D\nCR\nC\nC29458\n\n7\n27\n']","['WPC\n8609\n', 'C\nC\nC29458\n\n7\n27\n']",modelv1.0__2026-05-17 21:21:18
D:/moth_photos/database\batch_13\img_moth_00024889.jpg,"[4000, 6000]",36.72549019607843,"['WPC\n8610\n', 'RBDominick\nCharlesREdwards\nMcClellanville\nSoutharolina29458\n47MayP3\nLreny\n']","['C\n8610\n', 'RD\nCR\nC\n29458\n473\n']","['WPC\n8610\n', 'C\n\nC\n\n29458\n47P3\n']",modelv1.0__2026-05-17 21:21:18
D:/moth_photos/database\batch_13\img_moth_00024890.jpg,"[4000, 6000]",36.98039215686274,"['WPC\n8611\n', 'NnSVominick\nCharlesREdwards\nMcClellanville\nSouthCarolina 29458\n\n7a41G949\nCl1So4A\n']","['C\n8611\n', 'CR\nC\nC 29458\n\n741949\nC14\n']","['WPC\n8611\n', 'C\nC\nC 29458\n\n741949\nC14\n']",modelv1.0__2026-05-17 21:21:18
D:/moth_photos/database\batch_13\img_moth_00024891.jpg,"[4000, 6000]",37.03921568627451,"['WPC\n8612\n', 'RBDominick\nChariesREdwards\nMcClellanville\nSoufhCarolfna29458\n\nSGmMaylGes\nL1547\n']","['RC\n8612\n', 'RRD\nCR\nC\nC29458\n\n1547\n']","['WPC\n8612\n', 'C\nC\nC29458\n\n1547\n']",modelv1.0__2026-05-17 21:21:18
D:/moth_photos/database\batch_13\img_moth_00024892.jpg,"[4000, 6000]",36.63461538461539,"['WPC\n8613\n', 'CharlesREdwards\nMcCiglianville\nSouthCarolina29458\n\n1SPrazWS\nLISA\n\nRBVominicr 3\n']","['C\n8613\n', 'CR\nC\nC29458\n\n15\n4\n\nRDC 3\n']","['WPC\n8613\n', 'C\nC\nC29458\n\n15PW\n4\n\nC 3\n']",modelv1.0__2026-05-17 21:21:18
D:/moth_photos/database\batch_13\img_moth_00024893.jpg,"[4000, 6000]",37.21568627450981,"['WPC\n8614\n', 'RBDominick\nCharlesREdwards\nMcClellanville\nSouthCarolina29458\n\n1FfA AG1G69\n']","['C\n8614\n', 'RRD\nCR\nC\nC29458\n\n12 9169\n']","['WPC\n8614\n', 'C\nC\nC29458\n\n12 9169\n']",modelv1.0__2026-05-17 21:21:18
D:/moth_photos/database\batch_13\img_moth_00024894.jpg,"[4000, 6000]",36.53846153846154,"['RBDominick\nCharlesREdwards\nMcClellanville\nSouthCarolina29458\n\n19MazITCF\nPAT\n', 'WPC\n8615\n']","['RRD\nCR\nC\nC29458\n\n19C\n7\n', 'C\n8615\n']","['C\nC\nC29458\n\n19C\nP7\n', 'WPC\n8615\n']",modelv1.0__2026-05-17 21:21:18
D:/moth_photos/database\batch_13\img_moth_00024895.jpg,"[4000, 6000]",36.84313725490196,"['WPCC\n8618\n', 'mRBVominick\nCharlesREdwards\nMcClellapville\nSouthCarolina\n', 'DMBC00156\nRICHARDBDOMINICK\n\nMOTH8BUTTERFLYCOLLECTION\nUNIVERSITYOFSOUTHCAROLINA\n', '']","['RC\n8618\n', 'RD\nCR\nC\nC\n', 'DC00156\nRCRDDC\n\n8RCC\nRCR\n', '']","['WPCC\n8618\n', 'C\nC\nC\n', 'PC00156\nCPC\n\n8PCC\nC\n', '']",modelv1.0__2026-05-17 21:21:18
D:/moth_photos/database\batch_13\img_moth_00024896.jpg,"[4000, 6000]",37.1764705882353,"['WPCC\n8619\n', 'xBDominick\nShariesREdwards\nMcClellanville\nsouthCarolina\n\nUo\n\ntg\n', 'Zanclogn\n\nnte\n\nBti1Ream\n']","['RC\n8619\n', '6RD\nCR\nC\nC\n\n6\n\n1\n', '1R\n']","['WPCC\n8619\n', '6\nC\nC\nC\n\n6\n\n1\n', '1\n']",modelv1.0__2026-05-17 21:21:18
D:/moth_photos/database\batch_13\img_moth_00024897.jpg,"[4000, 6000]",37.03921568627451,"['WPC\n8620\n', 'KBDominick\nCharlesREdwards\nMcClellanville\nSouthCarolina\n\n23Ru ug15 1SI0\n\nowe\n', '']","['C\n8620\n', 'R6D\nCR\nC\nC\n\n23R 15 10\n\n4\n', '']","['WPC\n8620\n', '6\nC\nC\nC\n\n23 15 10\n\n4\n', '']",modelv1.0__2026-05-17 21:21:18
D:/moth_photos/database\batch_13\img_moth_00024898.jpg,"[4000, 6000]",37.21568627450981,"['WPC\n8621\n', 'XbVomiIniIcK\nCharlesREdwards\nMcClellanville\n\nSouthCarolina\n1EMay197\n\nLiggtP\n', '']","['C\n8621\n', 'DC\nCR\nC\n\n0C\n1197\n\n9\n', '']","['WPC\n8621\n', 'C\nC\nC\n\n0C\n1197\n\nP\n', '']",modelv1.0__2026-05-17 21:21:18
D:/moth_photos/database\batch_13\img_moth_00024899.jpg,"[4000, 6000]",36.9607843137255,"['WPC\n8622\n', 'KBDominicl\nMcClellanville\nein srolin\n\nW975\n3 to\n']","['C\n8622\n', 'RRD\nC\n\n75\n3\n']","['WPC\n8622\n', 'C\nW975\n3\n']",modelv1.0__2026-05-17 21:21:18
D:/moth_photos/database\batch_13\img_moth_00024900.jpg,"[4000, 6000]",36.7843137254902,"['WPC\n8623\n', 'RBDominick\nCharlesREdwards\nMcClellanville\nSouthGaplina29458\n', '', 'RICHARDBDOMINICK\n\nMOTHBUTTERFLYCOLLECTION\n\nUNIVERSITYOFSOUTHCAROLINA\n']","['C\n8623\n', 'RD\nCR\nC\n29458\n', '', 'RCRDDC\n\nRCC\n\nRCR\n']","['WPC\n8623\n', 'C\nC\n29458\n', '', 'CWC\n\nCC\n\nC\n']",modelv1.0__2026-05-17 21:21:18
D:/moth_photos/database\batch_13\img_moth_00024901.jpg,"[4000, 6000]",37.07843137254902,"['WPC\n8624\n', 'RBDominick\n\nSharlesREdwards\n\nMcClellanville\n\nSouthCarolina29458\n2may1b8\nLAGhy\n', '3767\n']","['C\n8624\n', 'RRD\nCR\nC\n0C29458\n2168\n', '3767\n']","['WPC\n8624\n', 'C\nC\n0C29458\n2168\n', '3767\n']",modelv1.0__2026-05-17 21:21:18
D:/moth_photos/database\batch_13\img_moth_00024902.jpg,"[4000, 6000]",37.05882352941176,"['WPC\n8625\n', 'KBDominick\nCharlesREdwards\nMcClellanville\nSouth arolina\n', '', 'UMBC00165\nRICHARDBDOMINICK\n\nMOTH8BUTTERFLYCOLLECTION\n\nUNIVERSITYOFSOUTHCARQIING\n']","['C\n8625\n', 'RD\nCR\nC\n', '', 'DC00165\nRCRDDC\n\n8RCC\n\nRCR\n']","['WPC\n8625\n', 'C\nC\n', '', 'C00165\nCC\n\n8CC\n\nC\n']",modelv1.0__2026-05-17 21:21:18
D:/moth_photos/database\batch_13\img_moth_00024903.jpg,"[4000, 6000]",36.76470588235294,"['BDominick\nAcClellanville\n59 Carolina\n\nWyIV2C\nuclyt\n', 'WPC\n8617\n', 'UMBC00168\nRICHARDBDOMINICK\n\nMOTHBUTTERFLY COLLECTION\nUNIVERSITYOFSOUTH CAROLINA\nees\n']","['8D\nC\n59 C\n\n92C\n', 'C\n8617\n', 'DC00168\nRCRDDC\n\nR CC\nR CR\nRD\n']","['8\nC\n59 C\n\nW92C\n', 'WPC\n8617\n', 'C00168\nCC\n\nCC\nC\n']",modelv1.0__2026-05-17 21:21:18
D:/moth_photos/database\batch_13\img_moth_00024904.jpg,"[4000, 6000]",37.03921568627451,"['WPC\n8616\n', 'DVOMINICK\nAcClellanville\nSg Carolina\n\n4faaV7\nC7flag197\n']","['C\n8616\n', 'DCR\nC\n5 C\n\n47\nC7197\n']","['WPC\n8616\n', 'C\nC\n5 C\n\n47\nC7197\n']",modelv1.0__2026-05-17 21:21:18
D:/moth_photos/database\batch_13\img_moth_00024905.jpg,"[4000, 6000]",37.19607843137255,"['WPC\n8626\n', 'B Dominick\nAcClellanville\nsouthCaroli\n']","['C\n8626\n', 'D\nC\nC\n']","['WPC\n8626\n', 'P\nC\nC\n']",modelv1.0__2026-05-17 21:21:18
D:/moth_photos/database\batch_13\img_moth_00024906.jpg,"[4000, 6000]",37.1764705882353,"['WPC\n8627\n', 'RBDominick\nMcClellanville\nSouthCarolina\n\n27Jily1977\nSiC\n']","['C\n8627\n', 'RDD\nC\nC\n\n271977\nDC\n']","['WPC\n8627\n', 'C\nC\n\n271977\nC\n']",modelv1.0__2026-05-17 21:21:18
D:/moth_photos/database\batch_13\img_moth_00024907.jpg,"[4000, 6000]",37.05882352941176,"['WPC\n8628\n', '2BDominick\nMicClellanville\nsouth Carolina\nbJuire1972\nfLi\n\nte\n']","['C\n8628\n', '25D\nC\n0 C\n1972\n']","['WPC\n8628\n', '25\nC\n0 C\n1972\n']",modelv1.0__2026-05-17 21:21:18
D:/moth_photos/database\batch_13\img_moth_00024908.jpg,"[4000, 6000]",37.15686274509804,"['WPC\n8629\n', 'LBVominice\nAcClellanville\nouthCarolina\n\noMey472\n\nTah\n']","['RC\n8629\n', '5D\nC\nC\n\n472\n']","['WPC\n8629\n', '5\nC\nC\n\n472\n']",modelv1.0__2026-05-17 21:21:18
D:/moth_photos/database\batch_13\img_moth_00024909.jpg,"[4000, 6000]",37.03921568627451,"['WPC\n8630\n', 'RB Dominick\nMcClellanville\nsry ay\nLtaheoF\n\n']","['C\n8630\n', 'R D\nC\n3\n\n']","['WPC\n8630\n', 'C\n3\n\n']",modelv1.0__2026-05-17 21:21:18
D:/moth_photos/database\batch_13\img_moth_00024910.jpg,"[4000, 6000]",37.01960784313725,"['WPC\n8631\n', 'RBDominick\nMcClellanville\nSouth CB\n\nBitiay250\n', 'BB Dominick\n\nClellanville\n\nouth Carolina W\n3May460 i\nacor8631\n\n']","['C\n8631\n', 'RRD\nC\n5 8\n\n250\n', 'R D\n\nC\n\nC\n3460\n8631\n\n']","['WPC\n8631\n', '2\nC\n5 8\n\nP250\n', 'P\n\nC\n\nC W\n3460\n8631\n\n']",modelv1.0__2026-05-17 21:21:18
D:/moth_photos/database\batch_13\img_moth_00024911.jpg,"[4000, 6000]",37.09803921568628,"['WPC\n8632\n', 'DVOMINICK\nAcClellanville\nouthCarolina\n']","['RC\n8632\n', 'DC\nC\nC\n']","['WPC\n8632\n', 'C\nC\nC\n']",modelv1.0__2026-05-17 21:21:18
D:/moth_photos/database\batch_13\img_moth_00024912.jpg,"[4000, 6000]",37.07843137254902,"['WPC\n8633\n', 'KBDominick\nMcClellanville\nya Carolina\n\nFuly1971\n']","['C\n8633\n', 'RD\nC\nC\n\n1971\n']","['WPC\n8633\n', 'C\nC\n\nP1971\n']",modelv1.0__2026-05-17 21:21:18
D:/moth_photos/database\batch_13\img_moth_00024913.jpg,"[4000, 6000]",36.61538461538461,"['WPC\n8634\n', 'RBDominick\nMcClellanville\nSouth Carolina\n\nORGB73\n']","['C\n8634\n', 'RD\nC\nC\n\nR73\n']","['WPC\n8634\n', 'C\nC\n\n73\n']",modelv1.0__2026-05-17 21:21:18
D:/moth_photos/database\batch_13\img_moth_00024914.jpg,"[4000, 6000]",37.24,"['WPC\n8635\n', 'RBDominick\nMcClellanville\nfhe E73\n\ngO\n']","['C\n8635\n', 'RRD\nC\n73\n\n1\n']","['WPC\n8635\n', 'C\n73\n\n1\n']",modelv1.0__2026-05-17 21:21:18
D:/moth_photos/database\batch_13\img_moth_00024915.jpg,"[4000, 6000]",37.0,"['WPC\n8636\n', 'mmi\nRBDominie\nRenal\nSouth Carolina\n\n4 Se nit 13\n']","['C\n8636\n', 'RD\nR\nC\n\n4 4 13\n']","['WPC\n8636\n', 'C\n\n4 4 13\n']",modelv1.0__2026-05-17 21:21:18
D:/moth_photos/database\batch_13\img_moth_00024916.jpg,"[4000, 6000]",36.90196078431373,"['WPC\n8637\n', 'BDominick\nicClellanville\nON arolina\n\n10May1f78\n']","['C\n8637\n', '5D\nC\n7\n\n10178\n']","['WPC\n8637\n', '5\nC\n7\n\n10178\n']",modelv1.0__2026-05-17 21:21:18
D:/moth_photos/database\batch_13\img_moth_00024917.jpg,"[4000, 6000]",36.63461538461539,"['WPC\n8638\n', 'RBDominick\nMcClellanville\nsouth Carolina\n\n3Iunelt7\noht2\n']","['C\n8638\n', 'RRD\nC\n0 C\n\n37\n2\n']","['WPC\n8638\n', 'C\n0 C\n\n37\n2\n']",modelv1.0__2026-05-17 21:21:18
D:/moth_photos/database\batch_13\img_moth_00024918.jpg,"[4000, 6000]",37.0,"['WPC\n8639\n', 'KBVomInick\nMcClennanville\n\nSouth 25fily90\n', 'BDominick\n\nahesinefgWPC\n5fuyI78639\n']","['C\n8639\n', 'RD\nC\n\n2590\n', 'RD\n\nRC\n578639\n']","['WPC\n8639\n', 'C\n\n2590\n', 'WPC\n578639\n']",modelv1.0__2026-05-17 21:21:18
D:/moth_photos/database\batch_13\img_moth_00024919.jpg,"[4000, 6000]",36.92156862745098,"['WPC\n8640\n', 'BDomimick\nAcClellanville\nsouthCarolina\n']","['C\n8640\n', 'RD\nCC\nC\n']","['WPC\n8640\n', 'CC\nC\n']",modelv1.0__2026-05-17 21:21:18
D:/moth_photos/database\batch_13\img_moth_00024920.jpg,"[4000, 6000]",36.98039215686274,"['WPC\n8641\n', 'forms lef\nA\nNbophoracde\n', 'RBDominick\nMcClellanville\nSouthCarolina\n\nBSeph1993\nLuhh9\n', 'DMBC00170\nRICHARDBDOMINICK\n\nMOTH8BUTTERFLYCOLLECTION\nUNIVERSITYOFSOUTHCAROLINA\n']","['C\n8641\n', '', 'RD\nC\nC\n\n81993\n9\n', 'DC00170\nRCRDDC\n\n8RRCC\nRCR\n']","['WPC\n8641\n', '', 'C\nC\n\n81993\n9\n', 'PC00170\nCPC\n\n8CC\nC\n']",modelv1.0__2026-05-17 21:21:18
D:/moth_photos/database\batch_13\img_moth_00024921.jpg,"[4000, 6000]",37.1764705882353,"['SOUTHCAROLINA\nWedge Plantation\nMcClellaraville\nAugust 3 1968\nDeCc Ferguson\n', 'WPC\n8642\n', '', 'DMBC00171\nRICHARDBDOMINICK\n\nMOTH8BUTTERFLYCOLLECTION\n\nUNIVERSITYOFSOUTHCAROLINA\n']","['CRC\nC\n3 1968\nDC\n', 'C\n8642\n', '', 'DC00171\nRCRDDC\n\n8RCC\n\nRCR\n']","['CC\nW P\nC\n3 1968\nC P\n', 'WPC\n8642\n', '', 'PC00171\nCPC\n\n8CC\n\nC\n']",modelv1.0__2026-05-17 21:21:18
D:/moth_photos/database\batch_13\img_moth_00024922.jpg,"[4000, 6000]",37.0,"['WPC\n8643\n', '', 'RBDominick\nChariesREdwards\nMcCletlanvilte\n24 thCarolina\n\nofan aA\n', 'DMBC00172\nRICHARDBDOMINICK\nMOTH8BUTTERFLYCOLLECTION\n\nUNIVERSITYOFSOUTHCAROLINA\n']","['C\n8643\n', '', 'RRD\nCR\nC\n24 C\n\n1 2\n', 'DC00172\nRCRD8DC\n8RCC\n\nRCR\n']","['WPC\n8643\n', '', 'C\nC\n24 C\n\n1 2\n', 'C00172\nC8C\n8CC\n\nC\n']",modelv1.0__2026-05-17 21:21:18
D:/moth_photos/database\batch_13\img_moth_00024923.jpg,"[4000, 6000]",37.05882352941176,"['WPC\n8644\n', 'KBVominick\nCharlesREdwards\nCi\nSouthCarolina\n\nlak\n']","['C\n8644\n', 'D\nCR\nC\n50C\n\n1\n']","['WPC\n8644\n', 'C\nC\n50C\n\n1\n']",modelv1.0__2026-05-17 21:21:18
D:/moth_photos/database\batch_13\img_moth_00024924.jpg,"[4000, 6000]",36.94117647058823,"['WPC\n8645\n', 'RB Dominick\nCharlesR Edward\nMcCle llanville\nSouth Garolina e\n\nL8June147\ntothOry\n']","['C\n8645\n', 'R DC\nCR\nC\n\n8147\n']","['WPC\n8645\n', 'C\nC\nC\n\n8147\n']",modelv1.0__2026-05-17 21:21:18
D:/moth_photos/database\batch_13\img_moth_00024925.jpg,"[4000, 6000]",37.01960784313725,"['WPC\n8646\n', 'rBDominick\nSharlesREdwars\nfea\n\n36fudy1491\naD\n\n26d\n']","['C\n8646\n', 'RD\nR\nC\n\n361491\nD\n\n26\n']","['WPC\n8646\n', 'C\n\n361491\n\n26\n']",modelv1.0__2026-05-17 21:21:18
D:/moth_photos/database\batch_13\img_moth_00024926.jpg,"[4000, 6000]",36.59615384615385,"['WPC\n8647\n', 'RBDominick\nCharlesREdwards\nMcClellanville\n\nSalOpe\n']","['C\n8647\n', 'RRD\nCR\nC\n\nR\n']","['WPC\n8647\n', 'C\nC\n']",modelv1.0__2026-05-17 21:21:18
D:/moth_photos/database\batch_13\img_moth_00024927.jpg,"[4000, 6000]",36.90196078431373,"['WPC\n8648\n', 'XBDominicl\nMcClennanvill\n\nsage\n\nahkL\n']","['C\n8648\n', '6D\nC\n\n2\n']","['WPC\n8648\n', '6\nC\n\n2\n']",modelv1.0__2026-05-17 21:21:18
D:/moth_photos/database\batch_13\img_moth_00024928.jpg,"[4000, 6000]",37.13725490196079,"['WPC\n8649\n', 'RBDominick\nMcClellanville\nRSfurs Carolin\n\nJuivi97S\n\nLiahf\n']","['C\n8649\n', 'RD\nC\nR C\n\n97\n']","['WPC\n8649\n', 'C\nP C\n97\n']",modelv1.0__2026-05-17 21:21:18
D:/moth_photos/database\batch_13\img_moth_00024929.jpg,"[4000, 6000]",37.13725490196079,"['WPC\n8650\n', 'RBDominick\nMcClellanville\nSouth Carolina\n9765\nLsahtirrr\n']","['C\n8650\n', 'RD\n\nC\n\nC\n9765\n']","['WPC\n8650\n', 'C\nC\n9765\n']",modelv1.0__2026-05-17 21:21:18
D:/moth_photos/database\batch_13\img_moth_00024930.jpg,"[4000, 6000]",37.07843137254902,"['WPC\n8651\n', 'NRBDVominic\nMcClellanville\nBiju Carolin\n97s\nanny pyp\n']","['C\n8651\n', 'RD\nC\nR C\n\n97\n']","['WPC\n8651\n', 'C\nC\n97\n']",modelv1.0__2026-05-17 21:21:18
D:/moth_photos/database\batch_13\img_moth_00024931.jpg,"[4000, 6000]",36.588235294117645,"['WPC\n\n8652\n', 'KBDominick\nMcClellanville\nSouth aralin\n\nrSSeph1923\n', '1 B Dominick\nMClellanville\nSouth Carolina\n\ns Saft ji\n\nWPC\n8652\n']","['C\n\n8652\n', 'RD\nC\n\n1923\n', '1 5 D\nC\nC\n\nC\n8652\n']","['WPC\n\n8652\n', 'C\n\nP1923\n', '1 5\nC\nC\n\nWPC\n8652\n']",modelv1.0__2026-05-17 21:21:18
D:/moth_photos/database\batch_13\img_moth_00024932.jpg,"[4000, 6000]",36.63461538461539,"['WPC\n8653\n', 'RBDominick\nMcClellanville\n53hyt47\naly 23\nLiett p\n']","['C\n8653\n', 'RRD\n\nC\n\n5347\n23\n']","['WPC\n8653\n', 'C\n5347\n23\n']",modelv1.0__2026-05-17 21:21:18
D:/moth_photos/database\batch_13\img_moth_00024933.jpg,"[4000, 6000]",37.1764705882353,"['WPC\n8654\n', 'RBVominick\nMcClellanville\n\nSouth Carolina\n3ulyb8 NTS\n\nLigh\n']","['C\n8654\n', 'RD\nC\n\nC\n38\n']","['WPC\n8654\n', 'C\nC\n38 W\n']",modelv1.0__2026-05-17 21:21:18
D:/moth_photos/database\batch_13\img_moth_00024934.jpg,"[4000, 6000]",36.80392156862745,"['WPC\n8655\n', 'BNe296AMJUTIITIICK\nCharlesREdwandis\nMcClellanville\nSouthCarolina\n\nCSSeptV7Z\n']","['C\n8655\n', '296DC\nCR\nC\n0C\n\nC72\n']","['WPC\n8655\n', '296C\nC\nC\n0C\n\nC72\n']",modelv1.0__2026-05-17 21:21:18
D:/moth_photos/database\batch_13\img_moth_00024935.jpg,"[4000, 6000]",37.03921568627451,"['WPC\n\n8656\n', 'kBDominick\nChariesREdwards\nMcClellanville\nSouthCarolina\n\n23 July 1971\nfyShytf\n']","['RC\n\n8656\n', 'RD\nCR\nC\nC\n\n23 1971\n']","['WPC\n\n8656\n', 'C\nC\nC\n\n23 1971\n']",modelv1.0__2026-05-17 21:21:18
D:/moth_photos/database\batch_13\img_moth_00024936.jpg,"[4000, 6000]",37.11764705882353,"['WPC\n8657\n', 'RBDominick\nCharlesREdwards\nMcClelganville\nSouthCarolina\n\nZIOHMATZ\nLrahk\n']","['C\n8657\n', 'RD\nCR\nC\nC\n\n2\n']","['WPC\n8657\n', 'C\nC\nC\n\n2\n']",modelv1.0__2026-05-17 21:21:18
D:/moth_photos/database\batch_13\img_moth_00024937.jpg,"[4000, 6000]",37.11764705882353,"['WPC\n8658\n', 'NOVominick\nCharlesREdwards\nAcClellanville\nouth Carolina e\n']","['C\n8658\n', '6\nCR\nC\nC\n']","['WPC\n8658\n', '6\nC\nC\nC\n']",modelv1.0__2026-05-17 21:21:18
D:/moth_photos/database\batch_13\img_moth_00024938.jpg,"[4000, 6000]",37.19607843137255,"['SOUTHCAROLINA\nWedgePlantation\nMcClellanville\nAugust 12 1968\nDCFerguson\n', 'WPC\n8659\n', 'Horns\nerefera t\n']","['5CR\nC\n12 1968\nDC\n', 'C\n8659\n', '']","['5C\nWP\nC\n12 1968\nC\n', 'WPC\n8659\n', '']",modelv1.0__2026-05-17 21:21:18
D:/moth_photos/database\batch_13\img_moth_00024939.jpg,"[4000, 6000]",36.88235294117647,"['SOUTHCAROLINA\nWedgePlantation\nMcClellanyille\n\nUVill1968\n\nDCFerguson\n', 'WPC\n8660\n']","['CRC\nC\n\n41968\n\nDC\n', 'C\n8660\n']","['CC\nWP\nC\n\n41968\n\nCP\n', 'WPC\n8660\n']",modelv1.0__2026-05-17 21:21:18
D:/moth_photos/database\batch_13\img_moth_00024940.jpg,"[4000, 6000]",36.53846153846154,"['WPCC\n8661\n', 'KRBDominick\nCharlesREdwards\nMcClellanville\nSouthCarolina\n\n1 Sept 972\n']","['RC\n8661\n', 'RD\nCR\nC\nC\n\n1 1 972\n']","['WPCC\n8661\n', 'C\nC\nC\n\n1 1 972\n']",modelv1.0__2026-05-17 21:21:18
D:/moth_photos/database\batch_13\img_moth_00024941.jpg,"[4000, 6000]",36.76470588235294,"['WPC\n8662\n', 'RBVominick\nCharlesREdwards\nMcClellanville\n7 Carolinae\n\nBJuly 19 147\n\nLjwlh\n', '']","['C\n8662\n', 'RD\nCR\nC\n7 C\n\n3 19 147\n', '']","['WPC\n8662\n', 'C\nC\n7 C\n\n3 19 147\n', '']",modelv1.0__2026-05-17 21:21:18
D:/moth_photos/database\batch_13\img_moth_00024942.jpg,"[4000, 6000]",36.55769230769231,"['WPC\n8663\n', 'RBDominick\nCharlesREdwardis\nMcClellanville oS\nSouthCarolina29458\nIlfMarJFOP\nJsCh J\n', '']","['C\n8663\n', 'RRD\nCR\nC\nC29458\n9\nC\n', '']","['WPC\n8663\n', 'C\n\nC\n\nC29458\n9P\nC\n', '']",modelv1.0__2026-05-17 21:21:18
D:/moth_photos/database\batch_13\img_moth_00024943.jpg,"[4000, 6000]",37.1764705882353,"['WPC\n8664\n', 'KBDominick\nCharlesREdwards\nMcClellanville\nouthCarolfha\n\n', 'DMBC00173\nRICHARDBDOMINICK\n\nMOTHBUTTERFLYCOLLECTION\nUNIVERSITYOFSOUTHCAROLINA\n\n', 'Xylormse\nL0e\nyiussAn\n']","['C\n8664\n', 'RD\nCR\nC\n0C\n\n', 'DC00173\nRCRD8DC\n\nRCC\nRCR\n\n', '0\n3\n']","['WPC\n8664\n', 'C\nC\n0C\n\n', 'PC00173\nC8WC\n\nCC\nC\n\n', '0\n3\n']",modelv1.0__2026-05-17 21:21:18
D:/moth_photos/database\batch_13\img_moth_00024944.jpg,"[4000, 6000]",37.07843137254902,"['WPC\n8665\n', 'BDominick\nsharlesREdwards\nAcClellanville\nouthCarolina\n', 'Hos Miscg Sif\njOUbSevig\n\ntctCCF\n', 'DMBC00174\nRICHARDBDOMINICK\n\nMOTH8BUTTERFLYCOLLECTION\n\nUNIVERSITYOFSOUTHCAROLINA\n']","['C\n8665\n', 'RD\nR\nC\nC\n', '5\nD\n\nCC\n', 'DC00174\nRCRD8DC\n\n8RCC\n\nRCR\n']","['WPC\n8665\n', 'C\nC\n', '5\n\nCC\n', 'C00174\nC8C\n\n8CC\n\nC\n']",modelv1.0__2026-05-17 21:21:18
D:/moth_photos/database\batch_13\img_moth_00024945.jpg,"[4000, 6000]",36.769230769230774,"['WPC\n8666\n', 'RBDominick\nCharlesREdwards\nMcClellanville\nSouthCarolina\ng Ay 4971\n\ntryh a\n', 'DMBC00175\nRICHARDBDOMINICK\nMOTH8BUTTERFLYCOLLECTION\n\nUNIVERSITYOFSOUTHCAROLINA\n', 'Honda\nfacieshean\n']","['C\n8666\n', 'RD\nCR\nC\nC\n9 4971\n', 'DC00175\nRCRDDC\n8RCC\n\nR0CR\n', '']","['WPC\n8666\n', 'C\nC\nC\n9 4971\n', 'PC00175\nCC\n8CC\n\n0C\n', '']",modelv1.0__2026-05-17 21:21:18
D:/moth_photos/database\batch_13\img_moth_00024946.jpg,"[4000, 6000]",36.6078431372549,"['WPC\n8667\n', 'RBDominick\nMcClellanville\nsouthCarolina\n']","['C\n8667\n', 'RRD\nC\n0C\n']","['WPC\n8667\n', 'C\n0C\n']",modelv1.0__2026-05-17 21:21:18
D:/moth_photos/database\batch_13\img_moth_00024947.jpg,"[4000, 6000]",36.88461538461538,"['WPC\n8668\n', 'RBDominicl\nMcClellanville\nouth arolinz\n\nPND\n']","['C\n8668\n', 'RD\nC\n\nD\n']","['WPC\n8668\n', 'C\n\nP\n']",modelv1.0__2026-05-17 21:21:18
D:/moth_photos/database\batch_13\img_moth_00024948.jpg,"[4000, 6000]",36.92156862745098,"['WPCC\n8669\n', 'NDVMVOMMIIICA\nMcClellanville\nSouthCarolina\n\nSept 1923\nfos\n\nab\n']","['RC\n8669\n', 'DCR\nC\nC\n\n4 1923\n']","['WPCC\n8669\n', 'C\nC\nC\n\n4 1923\n']",modelv1.0__2026-05-17 21:21:18
D:/moth_photos/database\batch_13\img_moth_00024949.jpg,"[4000, 6000]",36.84313725490196,"['WPC\n8670\n', 'RBDominicl\nMcClellanville\nSouth cxatin\n\nthing 4\nLiadt\n']","['C\n8670\n', 'RD\nC\n\n1 4\n']","['WPC\n8670\n', 'C\n\n1 4\n']",modelv1.0__2026-05-17 21:21:18
D:/moth_photos/database\batch_13\img_moth_00024950.jpg,"[4000, 6000]",36.8235294117647,"['WPC\n8671\n', 'RBDominick\nMcClellanville\nSouthCarolina\n\nBEVIS\nBing142\n']","['C\n8671\n', 'RD\nC\nC\n\n42\n142\n']","['WPC\n8671\n', 'C\nC\n\n42\n142\n']",modelv1.0__2026-05-17 21:21:18
D:/moth_photos/database\batch_13\img_moth_00024951.jpg,"[4000, 6000]",36.94117647058823,"['WPC\n8672\n', 'RBDominick\nMcClellanville\nSourhsCarolina\n\nCfua1995\nLighf Ge\n']","['C\n8672\n', 'RD\nC\nC\n\nC1995\n']","['WPC\n8672\n', 'C\nC\n\nC1995\n']",modelv1.0__2026-05-17 21:21:18
D:/moth_photos/database\batch_13\img_moth_00024952.jpg,"[4000, 6000]",36.68627450980392,"['WPC\n8673\n', 'RBDominick\nvicClellanville\nhaeane\n\nug1175\n', 'RBDominic\n\nsepia\n\nWPC\n8673\n']","['C\n8673\n', 'RD\nC\n\n1175\n', 'RD\n\nC\n8673\n']","['WPC\n8673\n', 'C\n\n1175\n', 'WPC\n8673\n']",modelv1.0__2026-05-17 21:21:18
D:/moth_photos/database\batch_13\img_moth_00024953.jpg,"[4000, 6000]",37.11764705882353,"['', 'KBDominick\nMcClellanville\nreuen sora\n\nLichj qe\n']","['', 'RD\nC\n']","['', 'C\n']",modelv1.0__2026-05-17 21:21:18
D:/moth_photos/database\batch_13\img_moth_00024954.jpg,"[4000, 6000]",36.84313725490196,"['WPC\n8675\n', 'DVominick\nMcClellanville\nSouth Carolina\n\nMat1424\n']","['C\n8675\n', 'DD\nC\nC\n\n1424\n']","['WPC\n8675\n', 'C\nC\n\n1424\n']",modelv1.0__2026-05-17 21:21:18
D:/moth_photos/database\batch_13\img_moth_00024955.jpg,"[4000, 6000]",36.80392156862745,"['WPC\n8676\n', 'NDVaOmMImMICcK\nMcClellanville\nSouthCarolina\n', 'DVOMMICKR\nicClellanville\nouthCarolina WPC\n\nMax\nart 8676\n\n']","['C\n8676\n', 'DC\nC\nC\n', 'DCR\nC\nC C\n\n8676\n\n']","['WPC\n8676\n', 'C\nC\nC\n', 'C\nC\nC WPC\n\nP 8676\n\n']",modelv1.0__2026-05-17 21:21:18
D:/moth_photos/database\batch_13\img_moth_00024956.jpg,"[4000, 6000]",37.11764705882353,"['WPC\n8677\n', 'BDVOMINICK\nAcClellanville\nouthCarolina\n']","['C\n8677\n', 'DC\nC\nC\n']","['WPC\n8677\n', 'C\nC\nC\n']",modelv1.0__2026-05-17 21:21:18
D:/moth_photos/database\batch_13\img_moth_00024957.jpg,"[4000, 6000]",36.80392156862745,"['WPC\n8678\n', 'BDominics\nvicClellanvill\nsay\n\nbfQe\n\nIa\n']","['C\n8678\n', 'RD\nC\n2\n']","['WPC\n8678\n', 'C\n2\n']",modelv1.0__2026-05-17 21:21:18
D:/moth_photos/database\batch_13\img_moth_00024958.jpg,"[4000, 6000]",36.68627450980392,"['WPC\n8679\n', 'NDVominick\nMcClellanville\nSouth Carolina\n\n25fuly1973\n\nrey\n']","['C\n8679\n', 'D\nC\nC\n\n251973\n']","['WPC\n8679\n', 'C\nC\n\n251973\n\nP\n']",modelv1.0__2026-05-17 21:21:18
D:/moth_photos/database\batch_13\img_moth_00024959.jpg,"[4000, 6000]",36.84313725490196,"['WPC\n8680\n', 'RBVomink\nMcClennanville\nSouskCarolina\n']","['C\n8680\n', 'RD\nC\nC\n']","['WPC\n8680\n', 'C\nC\n']",modelv1.0__2026-05-17 21:21:18
D:/moth_photos/database\batch_13\img_moth_00024960.jpg,"[4000, 6000]",37.0,"['WPC\n8681\n', 'NeBeAVOMLITIICK\n\nSharlesREdward\n\nAcClellanville\n\nsouthCarolina\n\nC3af147Z\nJizlh\n']","['C\n8681\n', 'CC\n\nR\n\nC\n\nC\n\nC34147R\nD\n']","['WPC\n8681\n', 'CC\nC\nC\nC34147\n']",modelv1.0__2026-05-17 21:21:18
D:/moth_photos/database\batch_13\img_moth_00024961.jpg,"[4000, 6000]",36.90196078431373,"['WPC\n8682\n', 'NeBPeAFZUTIITIIICN\n\nharlesREdwards\n\nicClellanville f\nouthCarolinae\n\n9OckLI7Z\n\nLicehrm\n']","['C\n8682\n', 'RCR\n\nR\n\nC\nC\n\n901972\n']","['WPC\n8682\n', 'PC\n\nC\nC\n\n901972\n']",modelv1.0__2026-05-17 21:21:18
D:/moth_photos/database\batch_13\img_moth_00024962.jpg,"[4000, 6000]",37.01960784313725,"['WPC\n8683\n', 'YDVOmMmInNICcCK\nsharlesREdward\nicClellanville\nouthCarolina\n\n7Maes1A72\nwahe9\n', '']","['C\n8683\n', 'DC\nR\nC\nC\n\n71872\n49\n', '']","['WPC\n8683\n', 'C\nC\nC\n\n71872\n49\n', '']",modelv1.0__2026-05-17 21:21:18
D:/moth_photos/database\batch_13\img_moth_00024963.jpg,"[4000, 6000]",37.1764705882353,"['sGDominick\n\nCharlesR Edwards\nMcCJellanville\nSouthCarolina29458\n\n17Mas197\nCtnab\n', 'WPC\n8684\n', 'Hrormisee\nLettizicua\n\nhehOCF\n']","['D\n\nCR\nC\nC29458\n\n17197\nC\n', 'C\n8684\n', '0C\n']","['C\nC\nC29458\n\n17197\nC\n', 'WPC\n8684\n', '0CP\n']",modelv1.0__2026-05-17 21:21:18
D:/moth_photos/database\batch_13\img_moth_00024964.jpg,"[4000, 6000]",36.90196078431373,"['RBDominick\nMcClellanville\nSouth eg\n\n1970\nlp\n', 'HOrmMisa\nBewespOCF\n', 'WPC\n8685\n', 'MBC00169\n\nRICHARDBDOMINICK\nMOTH BUTTERFLY COLLECTION\n\nUNIVERSITYOFSOUTHCAROLINA\n']","['RD\nC\n\n1970\n', 'R0C\n', 'C\n8685\n', 'C00169\n\nRCRDDC\nRR CC\n\nRCR\n']","['C\n\n1970\n', '0C\n', 'WPC\n8685\n', 'C00169\n\nCPC\nCC\n\nC\n']",modelv1.0__2026-05-17 21:21:18
D:/moth_photos/database\batch_13\img_moth_00024965.jpg,"[4000, 6000]",37.160000000000004,"['WPC\n8686\n', 'NDVOmInick\nSoar\nout rolina\nItApri976\nfLtLgQ\n']","['C\n8686\n', 'D\nC\n4976\n']","['WPC\n8686\n', 'C\n4976\n']",modelv1.0__2026-05-17 21:21:18
D:/moth_photos/database\batch_13\img_moth_00024966.jpg,"[4000, 6000]",36.80392156862745,"['WPC\n8687\n', 'RBVominick\nMcClellanville\nSouthCarolina\n', '']","['C\n8687\n', 'RRD\nC\nC\n', '']","['WPC\n8687\n', 'C\nC\n', '']",modelv1.0__2026-05-17 21:21:18
D:/moth_photos/database\batch_13\img_moth_00024967.jpg,"[4000, 6000]",36.745098039215684,"['WPC\n8688\n', 'RBDominicl\nMcClellanville\n\nDihke\nta4\n', '']","['RC\n8688\n', 'RRD\nC\n\nD\n4\n', '']","['WPC\n8688\n', 'C\n\n4\n', '']",modelv1.0__2026-05-17 21:21:18
D:/moth_photos/database\batch_13\img_moth_00024968.jpg,"[4000, 6000]",37.0,"['WPC\n8689\n', 'McClellanville\n\nSouth Carolin\nfeine92\n\nLightO\n']","['C\n8689\n', 'C\n\nC\n92\n\nR2\n']","['WPC\n8689\n', 'C\n\nC\n92\n\n2\n']",modelv1.0__2026-05-17 21:21:18
D:/moth_photos/database\batch_13\img_moth_00024969.jpg,"[4000, 6000]",36.90196078431373,"['WPC\n8690\n', 'KbDominick\nCharlesREdwards\nMc Clellanville\nSouth Carolina\n\nI SMasy7\n\nK1Ghtsuddeyi\n\nJSYos 7\nVYCOmmyon\n']","['C\n8690\n', 'RD\nCR\nC\nC\n57\n\n1D\n\n7\nC\n']","['WPC\n8690\n', 'C\nC\nC\n5W7\n\n1\n\n7\nC\n']",modelv1.0__2026-05-17 21:21:18
D:/moth_photos/database\batch_13\img_moth_00024970.jpg,"[4000, 6000]",37.11764705882353,"['WPC\n8691\n', 'NBDominick\nMcClellanville\nSouth Carolina\n\nLAxa ItX\n']","['C\n8691\n', '5D\nC\nC\n\nR\n']","['WPC\n8691\n', '5\nC\nC\n']",modelv1.0__2026-05-17 21:21:18
D:/moth_photos/database\batch_13\img_moth_00024971.jpg,"[4000, 6000]",37.19607843137255,"['WPC\n8692\n', 'INDLVAULILIICRH\nMcClellanville\nSouth Carolina\n\nJune 199\nht eo\n']","['C\n8692\n', 'DDCR\nC\nC\n\n199\n']","['WPC\n8692\n', 'C\nC\nC\n\n199\n']",modelv1.0__2026-05-17 21:21:18
D:/moth_photos/database\batch_13\img_moth_00024972.jpg,"[4000, 6000]",37.0,"['WPC\n8693\n', 'RBDominick\nMcClennanville\nSoutharolina\nAbMoy 1974\n4 47O\n\nAn\n', 'RB Dominick an\nsoceiaegWPC\n8693\n\n']","['C\n8693\n', 'RDD\nC\n1974\n4 479\n', 'R D\nC\n8693\n\n']","['WPC\n8693\n', 'C\n1974\n4 479\n', 'WPC\n8693\n\n']",modelv1.0__2026-05-17 21:21:18
D:/moth_photos/database\batch_13\img_moth_00024973.jpg,"[4000, 6000]",36.92156862745098,"['WPC\n8694\n', 'KBDominick\nMcClellanville\n26M May1975\n\nMay19\n', '']","['C\n8694\n', 'RD\nC\n26 1975\n\n19\n', '']","['WPC\n8694\n', 'C\n26 1975\n\n19\n', '']",modelv1.0__2026-05-17 21:21:18
D:/moth_photos/database\batch_13\img_moth_00024974.jpg,"[4000, 6000]",37.09803921568628,"['WPC\n8695\n', 'KBVominick\nMcCleJlanville\nyy Carolins\n']","['C\n8695\n', 'RDD\nC\nC\n']","['WPC\n8695\n', 'C\nC\n']",modelv1.0__2026-05-17 21:21:18
D:/moth_photos/database\batch_13\img_moth_00024975.jpg,"[4000, 6000]",36.98039215686274,"['WPC\n8696\n', 'RBVominickK\nMcClellanville\n22D Carolina\nr 874\nQ\n', 'NCieeeviteMWPC\n\nSouthCarolina\n\n2Ror874B8696\n']","['RC\n8696\n', 'RDC\nC\n22D C\n874\n', 'CRC\n\nC\n\n2R8748696\n']","['WPC\n8696\n', 'C\nC\n22 C\n874\n', 'CWPC\n\nC\n\n28748696\n']",modelv1.0__2026-05-17 21:21:18
D:/moth_photos/database\batch_13\img_moth_00024976.jpg,"[4000, 6000]",37.09803921568628,"['WPC\n8697\n', 'KBDominick\nMcClellanville\nSouth Carolina\n22Fort4 14\nILhOe\n', 'BDominick\n\nWize\n\nicClellanville\nsouthCarolina\nL2Harf424 8697\n\njakbtZ\n']","['C\n8697\n', 'RD\nC\nC\n224 14\n4\n', 'D\n\nC\n0C\n21424 8697\n']","['WPC\n8697\n', 'C\nC\n224 14\n4\n', 'W\n\nC\n0C\n21424 8697\n']",modelv1.0__2026-05-17 21:21:18
D:/moth_photos/database\batch_13\img_moth_00024977.jpg,"[4000, 6000]",36.92307692307692,"['WPC\n8698\n', 'BVomimnick\nMicClellanville\nsouth Carolina\n\nMag 772\n']","['C\n8698\n', 'D\nC\nC\n\n3 772\n']","['WPC\n8698\n', 'C\nC\n\n3 772\n']",modelv1.0__2026-05-17 21:21:18
D:/moth_photos/database\batch_13\img_moth_00024978.jpg,"[4000, 6000]",37.07843137254902,"['WPC\n8699\n', '']","['C\n8699\n', '']","['WPC\n8699\n', '']",modelv1.0__2026-05-17 21:21:18
D:/moth_photos/database\batch_13\img_moth_00024979.jpg,"[4000, 6000]",37.01960784313725,"['WPC\n8700\n', 'VBVOTMUUCA\nAcClellanville\nsouth Carolina\n\nSMety1172\n', 'B Dominick\nicClellanville\nouthCarolina W P C\n\n5MeyI1728700\n']","['C\n8700\n', 'DC\nC\nC\n\n51172\n', 'D\nC\nC C\n\n51728700\n']","['WPC\n8700\n', 'C\nC\nC\n\n51172\n', 'P\nC\nC W P C\n\n5W1728700\n']",modelv1.0__2026-05-17 21:21:18
D:/moth_photos/database\batch_13\img_moth_00024980.jpg,"[4000, 6000]",37.1764705882353,"['WPC\n8701\n', 'KBDominick\nMcClellanville\nSouthCarolina\n\n2Maiy1972\n']","['C\n8701\n', 'R5D\nC\nC\n\n21972\n']","['WPC\n8701\n', '5\nC\nC\n\n21972\n']",modelv1.0__2026-05-17 21:21:18
D:/moth_photos/database\batch_13\img_moth_00024981.jpg,"[4000, 6000]",36.67307692307692,"['WPC\n8702\n', '2BVominics\nAcClellanville\nSouthCarolina\n\n2Maiy1922\nLaht2\n']","['C\n8702\n', '2RD\nC\nC\n\n21922\n2\n']","['WPC\n8702\n', '2\nC\nC\n\n21922\n2\n']",modelv1.0__2026-05-17 21:21:18
D:/moth_photos/database\batch_13\img_moth_00024982.jpg,"[4000, 6000]",37.27450980392157,"['WPC\n8703\n', '2BDominick\nAcClellanville\nWit Carolina\n\n2\nCMatey47\n']","['RC\n8703\n', '2RD\nC\nC\n\n2\nC47\n']","['WPC\n8703\n', '2\nC\nPW C\n\n2\nC47\n']",modelv1.0__2026-05-17 21:21:18
D:/moth_photos/database\batch_13\img_moth_00024983.jpg,"[4000, 6000]",36.94117647058823,"['WPC\n8704\n', 'NBDominick\nMcClellanville\nSouthCarolina\n\n1972\ngMeog9\n', '5Dom min nic\nite 8704\n\n']","['C\n8704\n', 'DD\nC\nC\n\n1972\n9\n', '5D\n8704\n\n']","['WPC\n8704\n', 'C\nC\n\n1972\n9\n', '5\n8704\n\n']",modelv1.0__2026-05-17 21:21:18
D:/moth_photos/database\batch_13\img_moth_00024984.jpg,"[4000, 6000]",37.01960784313725,"['WPC\n8705\n', 'RBDominick\nMcClellanville\n71 srolina\n\nMaw\n']","['C\n8705\n', 'RD\nC\n71\n']","['WPC\n8705\n', 'C\n71\n']",modelv1.0__2026-05-17 21:21:18
D:/moth_photos/database\batch_13\img_moth_00024985.jpg,"[4000, 6000]",36.64705882352941,"['WPC\n8706\n', 'RBDominick\nMcClellanville\nSouthCarolina\n\n1992\nMay\n']","['C\n8706\n', 'RD\nC\nC\n\n1992\n']","['WPC\n8706\n', 'C\nC\n\n1992\n']",modelv1.0__2026-05-17 21:21:18
D:/moth_photos/database\batch_13\img_moth_00024986.jpg,"[4000, 6000]",36.7843137254902,"['WPC\n8707\n', 'RBDominick\nMcClellanville\nihe Carolina\n\nAMagy1722\n']","['C\n8707\n', 'RD\nC\nC\n\n1722\n']","['WPC\n8707\n', 'C\nC\n\n1722\n']",modelv1.0__2026-05-17 21:21:18
D:/moth_photos/database\batch_13\img_moth_00024987.jpg,"[4000, 6000]",37.21568627450981,"['WPC\n8708\n', 'NDMOMINICK\nMcClellanville\nSouthCarolina\n\n7 fv\nLis\n']","['C\n8708\n', 'DC\nC\nC\n\n7 3\n']","['WPC\n8708\n', 'C\nC\nC\n\n7 3\n']",modelv1.0__2026-05-17 21:21:18
D:/moth_photos/database\batch_13\img_moth_00024988.jpg,"[4000, 6000]",36.63461538461539,"['WPC\n8709\n', 'K5Dominick\nMcClellanville\n2M Carolina\n\n2Moy1972\n']","['C\n8709\n', 'R5D\nC\n2 C\n\n21972\n']","['WPC\n8709\n', '5\nC\n2 C\n\n21972\n']",modelv1.0__2026-05-17 21:21:18
D:/moth_photos/database\batch_13\img_moth_00024989.jpg,"[4000, 6000]",36.98039215686274,"['WPC\n8710\n', 'RBVominick\nMcClellanville\na Carolina\n\nMay V0\n']","['C\n8710\n', 'RD\nC\nC\n\n0R\n']","['WPC\n8710\n', 'C\nC\n\nW702\n']",modelv1.0__2026-05-17 21:21:18
D:/moth_photos/database\batch_13\img_moth_00024990.jpg,"[4000, 6000]",36.86274509803921,"['WPC\ni\n', 'CBYominick\nAcClellanville\nsouthCarolina\n\n2 May 1972\n']","['C\n', 'CRC\nC\n0C\n\n2 1972\n']","['WPC\n', 'CC\nC\n0C\n\n2 1972\n']",modelv1.0__2026-05-17 21:21:18
D:/moth_photos/database\batch_13\img_moth_00024991.jpg,"[4000, 6000]",37.235294117647065,"['WPC\n8712\n', 'RBDominick\nMcClellanville\nCn Carolina\n\nmes Ws\n']","['C\n8712\n', 'RD\nC\nC C\n\n7\n']","['WPC\n8712\n', 'C\nC C\n\nW7\n']",modelv1.0__2026-05-17 21:21:18
D:/moth_photos/database\batch_13\img_moth_00024992.jpg,"[4000, 6000]",36.92156862745098,"['WPC\n8713\n', 'BDominick\nieClellanville\na ees\n\n3May147 ad\n']","['C\n8713\n', 'RD\nC\n7\n\n3147\n']","['WPC\n8713\n', 'C\n7\n\n3147\n']",modelv1.0__2026-05-17 21:21:18
D:/moth_photos/database\batch_13\img_moth_00024993.jpg,"[4000, 6000]",37.05882352941176,"['WPC\n8714\n', 'KBDominick\nMcClellanville\nap arolina\n\nMay1192\n']","['C\n8714\n', 'R5D\nC\nD\n\n1192\n']","['WPC\n8714\n', '5\nC\n\n1192\n']",modelv1.0__2026-05-17 21:21:18
D:/moth_photos/database\batch_13\img_moth_00024994.jpg,"[4000, 6000]",36.92156862745098,"['WPC\n8715\n', 'KBVominicl\nMcClellanville\nSoutheCarolinz\n\nFflayA7F\nLhe\n', '']","['C\n8715\n', 'RD\nC\nC\n\n7\n', '']","['WPC\n8715\n', 'C\nC\n\n7\n', '']",modelv1.0__2026-05-17 21:21:18
D:/moth_photos/database\batch_13\img_moth_00024995.jpg,"[4000, 6000]",37.21568627450981,"['WPC\n8716\n', 'X5VOMINICK\nAcClellanville\nSouthCarolina\n\n2MNaiy1192\nleobt\n']","['C\n8716\n', '5CR\nC\n0C\n\n21192\n']","['WPC\n8716\n', '5C\nC\n0C\n\n21192\n']",modelv1.0__2026-05-17 21:21:18
D:/moth_photos/database\batch_13\img_moth_00024996.jpg,"[4000, 6000]",36.90196078431373,"['WPC\n8717\n', 'BVOTMIIk\nAcClellanville\nsouthCarolina\n\neM 142\n', '', 'RBVominick\nicCarobina WPC\n2 Way aw\n\nCbtL 8717\n']","['RC\n8717\n', 'D\nCC\nC\n\n142\n', '', 'RD\nC C\n2\n\nC 8717\n']","['WPC\n8717\n', 'CC\nC\n\nW 142\n', '', 'C WPC\n2 W\nCP 8717\n']",modelv1.0__2026-05-17 21:21:18
D:/moth_photos/database\batch_13\img_moth_00024997.jpg,"[4000, 6000]",37.21568627450981,"['WPC\n8718\n', '']","['C\n8718\n', '']","['WPC\n8718\n', '']",modelv1.0__2026-05-17 21:21:18
D:/moth_photos/database\batch_13\img_moth_00024998.jpg,"[4000, 6000]",37.09803921568628,"['WPC\n8719\n', 'K5LOomIiInIcCK\nAcClennanville\nsouth Carolina\n\nAM 1922\n']","['C\n8719\n', 'R5C\nC\nC\n\n1922\n']","['WPC\n8719\n', '5C\nC\nC\n\n1922\n']",modelv1.0__2026-05-17 21:21:18
D:/moth_photos/database\batch_13\img_moth_00024999.jpg,"[4000, 6000]",36.98039215686274,"['WPC\n8720\n', 'RBDominick\nMcClellanville\nSouthCarolina\n\nRMay1972\nlalkeO\n']","['C\n8720\n', 'RD\nC\nC\n\nR1972\nD\n']","['WPC\n8720\n', 'C\nC\n\n1972\n']",modelv1.0__2026-05-17 21:21:18
D:/moth_photos/database\batch_13\img_moth_00025000.jpg,"[4000, 6000]",37.0,"['WPC\n8721\n', 'BVominick\nAcClellanville\nouthCarolina\n\n23May1970\na glo\n']","['C\n8721\n', 'D\nC\nC\n\n231970\n']","['WPC\n8721\n', 'C\nC\n\n231970\n']",modelv1.0__2026-05-17 21:21:18
D:/moth_photos/database\batch_13\img_moth_00025001.jpg,"[4000, 6000]",36.90196078431373,"['WPC\n8722\n', 'NBDominick\nMcClellanville\nSouthCarolina\n']","['RC\n8722\n', 'DD\nC\nC\n']","['WPC\n8722\n', 'C\nC\n']",modelv1.0__2026-05-17 21:21:18
D:/moth_photos/database\batch_13\img_moth_00025002.jpg,"[4000, 6000]",36.8235294117647,"['WPC\n8723\n', 'RDVomInick\nMcClellanville\nSouth Farolina\n\no7 Puy 4993\nabtOe\n', '']","['C\n8723\n', 'RD\nC\n\n7 7 4993\n', '']","['WPC\n8723\n', 'C\n\n7 7 4993\n', '']",modelv1.0__2026-05-17 21:21:18
D:/moth_photos/database\batch_13\img_moth_00025003.jpg,"[4000, 6000]",37.11764705882353,"['WPC\n8724\n', 'RBDominick\nMcClellanville\nSoutharolina\n\n7Sept14 73\nshh\n']","['C\n8724\n', 'RD\nC\n\n7514 73\n']","['WPC\n8724\n', 'C\n\n7514 73\n']",modelv1.0__2026-05-17 21:21:18
D:/moth_photos/database\batch_13\img_moth_00025004.jpg,"[4000, 6000]",36.86274509803921,"['WPC\n8725\n', 'RBVominick\nMcClellanville\nSouthCarolina\n']","['C\n8725\n', 'RRD\nC\nC\n']","['WPC\n8725\n', 'C\nC\n']",modelv1.0__2026-05-17 21:21:18
D:/moth_photos/database\batch_13\img_moth_00025005.jpg,"[4000, 6000]",36.92156862745098,"['WPC\n8726\n', '5Vominick\nMicClellanville\n\nsouthCarolina\n\ntMay147\n', '', '']","['C\n8726\n', '5\nC\n\n0C\n\n147\n', '', '']","['WPC\n8726\n', '5\nC\n\n0C\n\n147\n', '', '']",modelv1.0__2026-05-17 21:21:18
D:/moth_photos/database\batch_13\img_moth_00025006.jpg,"[4000, 6000]",36.59615384615385,"['WPC\n8727\n', 'RBDominick\nMcClellanville\nSouthCarolina\n\n2Maiy197\n1ghF2\n', '33 Dominick\n\nAcClelianville WPC\n\nouthCarolina\ne\n\n2May197\nthe8727\n\n']","['C\n8727\n', 'RD\nC\nC\n\n2197\n12\n', '33 D\n\nC C\n\nC\n\n2197\n8727\n\n']","['WPC\n8727\n', 'C\nC\n\n2197\n12\n', '33\n\nC WPC\n\nC\n\n2197\n8727\n\n']",modelv1.0__2026-05-17 21:21:18
D:/moth_photos/database\batch_13\img_moth_00025007.jpg,"[4000, 6000]",37.07843137254902,"['WPC\n8728\n', 'DVOTMIICN\nAcClellanville\nse ate\n\n5 ay 2\n']","['C\n8728\n', 'DC\nC\n\n5 72 2\n']","['WPC\n8728\n', 'WC\nC\n\n5 72 2\n']",modelv1.0__2026-05-17 21:21:18
D:/moth_photos/database\batch_13\img_moth_00025008.jpg,"[4000, 6000]",36.76470588235294,"['WPC\n8729\n', '2B Dominick\nAcClellanville\nSouthCarolina\n\nZMory1972\nlah\n']","['RC\n8729\n', '2 D\nC\n0C\n\n1972\n']","['WPC\n8729\n', '2 P\nC\n0C\n\n1972\n']",modelv1.0__2026-05-17 21:21:18
D:/moth_photos/database\batch_13\img_moth_00025009.jpg,"[4000, 6000]",36.98039215686274,"['WPC\n8730\n', 'RB Dominick\nMcClellanville\nSouthfarolina\n']","['RC\n8730\n', 'R D\nC\nC\n']","['WPC\n8730\n', 'C\nC\n']",modelv1.0__2026-05-17 21:21:18
D:/moth_photos/database\batch_13\img_moth_00025010.jpg,"[4000, 6000]",37.05882352941176,"['WPC\n8731\n', 'BDominick\nAcClellanville\nsouthCarolina\n\n01473\nliahktF8\n', 'Clellanville\nceineieWPC\n\ntg 8731\n\n']","['RC\n8731\n', 'RD\nC\nC\n\n01473\n8\n', 'C\nRC\n\n8731\n\n']","['WPC\n8731\n', 'C\nC\n\n01473\n8\n', 'C\nWPC\n\n8731\n\n']",modelv1.0__2026-05-17 21:21:18
D:/moth_photos/database\batch_13\img_moth_00025011.jpg,"[4000, 6000]",37.01960784313725,"['WPC\n8732\n', '']","['C\n8732\n', '']","['WPC\n8732\n', '']",modelv1.0__2026-05-17 21:21:18
D:/moth_photos/database\batch_13\img_moth_00025012.jpg,"[4000, 6000]",36.59615384615385,"['WPC\n8733\n', 'RDWOTTACN\nMcClellanville\nSouthGarolina\n\nMSept147\nnat 4 3\n']","['C\n8733\n', 'RDCR\nC\nC\n\nC147\n4 3\n']","['WPC\n8733\n', 'WC\nC\nC\n\nC147\n4 3\n']",modelv1.0__2026-05-17 21:21:18
D:/moth_photos/database\batch_13\img_moth_00025013.jpg,"[4000, 6000]",36.8235294117647,"['WPC\n8734\n', 'KBDominick\nMcClellanville\nSf rolina\n\nea O95\n']","['C\n8734\n', 'DD\nC\n5\n\n95\n']","['WPC\n8734\n', 'C\n5\n\n95\n']",modelv1.0__2026-05-17 21:21:18
D:/moth_photos/database\batch_13\img_moth_00025014.jpg,"[4000, 6000]",37.01960784313725,"['WPC\n8735\n', 'DVominick\nAcClellanville\nouth Carolina\n\n3 5 1990\n', '']","['C\n8735\n', 'D\nC\nC\n\n3 5 1990\n', '']","['WPC\n8735\n', '0\nC\nC\n\n3 5 1990\n', '']",modelv1.0__2026-05-17 21:21:18
D:/moth_photos/database\batch_13\img_moth_00025015.jpg,"[4000, 6000]",37.21568627450981,"['WPC\n8736\n', 'RBDominick\naclennanville\n\nSiMe arolina\n\nWie\ntMayI\n']","['C\n8736\n', 'RD\nC\n\nD\n']","['WPC\n8736\n', 'C\n\nW\n']",modelv1.0__2026-05-17 21:21:18
D:/moth_photos/database\batch_13\img_moth_00025016.jpg,"[4000, 6000]",37.1764705882353,"['WPC\n8737\n', 'RDVOMITICA\nMcClellanville\nSouth Carolina\n\n']","['RC\n8737\n', 'RDC\nC\nC\n\n']","['WPC\n8737\n', 'C\nC\nC\n\n']",modelv1.0__2026-05-17 21:21:18
D:/moth_photos/database\batch_13\img_moth_00025017.jpg,"[4000, 6000]",36.71153846153846,"['WPC\n8738\n', 'nBVomInick\nMcClellanville\nSouthCarolina\n27 1970\nrahi\n']","['C\n8738\n', 'D\nC\nC\n27 1970\n']","['WPC\n8738\n', 'C\nC\n27 1970\n']",modelv1.0__2026-05-17 21:21:18
D:/moth_photos/database\batch_13\img_moth_00025018.jpg,"[4000, 6000]",37.11764705882353,"['WPC\n8739\n', '2B Dominick\nMcClellanville\nSouthCarolinz\nMay1972\nAAAS\n']","['C\n8739\n', '2 D\nC\nC\n1972\nRR\n']","['WPC\n8739\n', '2\nC\nC\n1972\n']",modelv1.0__2026-05-17 21:21:18
D:/moth_photos/database\batch_13\img_moth_00025019.jpg,"[4000, 6000]",36.92156862745098,"['WPC\n8740\n', 'KBDominick\nMcClennanville\nSouthCarolina\n\nMatyU97Z\n', '']","['C\n8740\n', 'D\nC\nC\n\n972\n', '']","['WPC\n8740\n', 'C\nC\n\n972\n', '']",modelv1.0__2026-05-17 21:21:18
D:/moth_photos/database\batch_13\img_moth_00025020.jpg,"[4000, 6000]",36.63461538461539,"['WPC\n8741\n', 'RBDominick\nMcClellanville\nSouthCarolina\n\nRMay1972\nah or\n']","['C\n8741\n', 'RRD\nC\nC\n\nR1972\n']","['WPC\n8741\n', 'C\nC\n\n1972\n']",modelv1.0__2026-05-17 21:21:18
D:/moth_photos/database\batch_13\img_moth_00025021.jpg,"[4000, 6000]",37.1764705882353,"['WPC\n8742\n', 'K5Dorninick\nMcClellanville\nSouthCarolina\n', 'RB Dorninick\nMcClellanville\nSouthCarolina\n\nWPC\n8742\n']","['C\n8742\n', '5D\nC\nC\n', 'R D\nC\nC\n\nC\n8742\n']","['WPC\n8742\n', '5P\nC\nC\n', 'C\nC\n\nWPC\n8742\n']",modelv1.0__2026-05-17 21:21:18
D:/moth_photos/database\batch_13\img_moth_00025022.jpg,"[4000, 6000]",37.07843137254902,"['WPC\n8743\n', 'BVOMINICK\nAcClellanville\nsouthCarolina\n\n2gfips472\nf taht\n']","['C\n8743\n', 'DCR\nC\nC\n\n24472\n']","['WPC\n8743\n', 'C\nC\nC\n\n24472\nP\n']",modelv1.0__2026-05-17 21:21:18
D:/moth_photos/database\batch_13\img_moth_00025023.jpg,"[4000, 6000]",37.05882352941176,"['BDomunick\nAcClellanville\nsouthCarolina\n\nMash197Z\ntal or\n', 'WPC\n8744\n', '2BDominick\nAcClellanville W PC\nSouthCarolina\n\nMas 972 8744\n\n']","['RD\nCC\nC\n\n1972\n', 'C\n8744\n', '28D\nC C\nC\n\n2 972 8744\n\n']","['CC\nC\n\n1972\n', 'WPC\n8744\n', '28\nC W PC\nC\n\n2 972 8744\n\n']",modelv1.0__2026-05-17 21:21:18
D:/moth_photos/database\batch_13\img_moth_00025024.jpg,"[4000, 6000]",36.588235294117645,"['WPC\n8745\n', 'IDVOMILILICKH\nMcClellanville\nSouthCarolina\n']","['C\n8745\n', 'DC\nC\nC\n']","['WPC\n8745\n', '0WC\nC\nC\n']",modelv1.0__2026-05-17 21:21:18
D:/moth_photos/database\batch_13\img_moth_00025025.jpg,"[4000, 6000]",36.84313725490196,"['WPC\n8746\n', 'RBDominick\nCharlesREdwards\nVicClellaaville\nSouthCarolina\n\nJ 1972\nlishf2\n', '']","['C\n8746\n', 'RRD\nCR\nC\n0C\n\n4 1972\n2\n', '']","['WPC\n8746\n', 'C\nC\n0C\n\n4 1972\n2\n', '']",modelv1.0__2026-05-17 21:21:18
D:/moth_photos/database\batch_13\img_moth_00025026.jpg,"[4000, 6000]",36.90196078431373,"['WPC\n8747\n', 'INo2oeA7ZU1AAALE\nCharlesREdwards\nMcClellanville\nSouthCarolina\n\nefeig170\n']","['C\n8747\n', 'R202741\nCR\nC\nC\n\n170\n']","['WPC\n8747\n', '202741\nC\nC\nC\n\n170\n']",modelv1.0__2026-05-17 21:21:18
D:/moth_photos/database\batch_13\img_moth_00025027.jpg,"[4000, 6000]",36.72549019607843,"['WPC\n8748\n', 'R BDominick\nCharlesREdwards\nMcClellanville\nSouthCarolina\n\n18July90\nBAYS\n']","['C\n8748\n', 'R D\nCR\nC\nC\n\n1890\n']","['WPC\n8748\n', 'C\nC\nC\n\n1890\n']",modelv1.0__2026-05-17 21:21:18
D:/moth_photos/database\batch_13\img_moth_00025028.jpg,"[4000, 6000]",36.7843137254902,"['WPC\n8749\n', 'RBDominick\nChariesREdwards\nMcGlellanvilley\nSouthCarolina29458\n294PA197O\nPs4\n', '']","['C\n8749\n', 'RRD\nCR\nC29458\n2941970\n4\n', '']","['WPC\n8749\n', 'C\nC29458\n294P1970\nP4\n', '']",modelv1.0__2026-05-17 21:21:18
D:/moth_photos/database\batch_13\img_moth_00025029.jpg,"[4000, 6000]",36.76470588235294,"['WPC\n8750\n', 'KBVominick\nMcClellanville\nSouth Carolina\n\nOMnr147\nJiuhhOs 7\n']","['C\n8750\n', 'RDD\nC\nC\n\n147\n7\n']","['WPC\n8750\n', 'C\nC\n\nW147\n7\n']",modelv1.0__2026-05-17 21:21:18
D:/moth_photos/database\batch_13\img_moth_00025030.jpg,"[4000, 6000]",36.88235294117647,"['WPC\n8751\n', 'RBVOMITNICN\nChariesREdwards\nMcClellanville\nSouthCarplina\n2Se420\naia wy\n', '']","['C\n8751\n', 'RDC\nCR\nC\n0C\n25420\n', '']","['WPC\n8751\n', 'C\nC\nC\n0C\n25420\n', '']",modelv1.0__2026-05-17 21:21:18
D:/moth_photos/database\batch_13\img_moth_00025031.jpg,"[4000, 6000]",36.86274509803921,"['WPC\n8752\n', 'RBDominick\nChariesR Edwardsy\nMcOlellanville\nSouthCarolina29458\n\n447\nciapa 4963\n', '']","['C\n8752\n', 'RD\nCR\nC29458\n\n447\n4963\n', '']","['WPC\n8752\n', 'C\nC29458\n\n447\n4963\n', '']",modelv1.0__2026-05-17 21:21:18
D:/moth_photos/database\batch_13\img_moth_00025032.jpg,"[4000, 6000]",36.745098039215684,"['SOUTHCAROLINA\nWedgePlantation\nMcClella yitte\nMarchf 196Y\nDeCz Ferguson\n', 'WPC\n8753\n', '', 'CAROLINA\nPlantation\nllanville\n9 19\nFerguson\n\nWPC\n8753\n']","['CR\nC\n196\nDC\n', 'C\n8753\n', '', 'CR\n9 19\n\nC\n8753\n']","['C\nWP\nC\n196\nC\n', 'WPC\n8753\n', '', 'C\nP\n9 19\n\nP\n\nWPC\n8753\n']",modelv1.0__2026-05-17 21:21:18
D:/moth_photos/database\batch_13\img_moth_00025033.jpg,"[4000, 6000]",37.0,"['WPC\n8754\n', 'McClellanville\nSouthCarolina\nDominick\n', '']","['C\n8754\n', 'C\nC\nD\n', '']","['WPC\n8754\n', 'WC\nC\nP\n', '']",modelv1.0__2026-05-17 21:21:18
D:/moth_photos/database\batch_13\img_moth_00025034.jpg,"[4000, 6000]",37.235294117647065,"['WPC\n8755\n', 'xDVOMiInNicK\nCharlesREdward\nMc Clellanville\nSouthCarolina e\n\n72Sepoht77\nae\n']","['C\n8755\n', 'DC\nCR\nC\nC\n\n7277\n']","['WPC\n8755\n', 'C\nC\nC\nC\n\n7277\n']",modelv1.0__2026-05-17 21:21:18
D:/moth_photos/database\batch_13\img_moth_00025035.jpg,"[4000, 6000]",36.745098039215684,"['WPC\n8756\n', 'BDominick\nCharlesREdwards\nMcClellanville\nSouthCardlina\n\nBay\n']","['C\n8756\n', 'RD\nCR\nC\nC\n\nR\n']","['WPC\n8756\n', 'C\nC\nC\n']",modelv1.0__2026-05-17 21:21:18
D:/moth_photos/database\batch_13\img_moth_00025036.jpg,"[4000, 6000]",37.09803921568628,"['WPC\n8757\n', 'DVomiInNiIcK\nCharlesREdwards\nMcClellanville\nSouthCarolinae\n']","['C\n8757\n', 'DCC\nCR\nC\nC\n']","['WPC\n8757\n', 'CC\nC\nC\nC\n']",modelv1.0__2026-05-17 21:21:18
D:/moth_photos/database\batch_13\img_moth_00025037.jpg,"[4000, 6000]",36.98039215686274,"['WPC\n8758\n', 'kKBDominick\nCharlesREdwards\niicClellanville\nSouth Carolina e\n\n20 guly147\nahto7\n']","['C\n8758\n', 'D\nCR\nC\n50 C\n\n20 147\n7\n']","['WPC\n8758\n', 'C\nC\n50 C\n\n20 147\n7\n']",modelv1.0__2026-05-17 21:21:18
D:/moth_photos/database\batch_13\img_moth_00025038.jpg,"[4000, 6000]",36.72549019607843,"['WPC\n8759\n', 'WedgePlantatior\n7miNEMcClellanville\n\nCharlestonCoSCAR\nOc se g Ly\nleRichfrdBDomirfick\n', 'rar\n\narn 37 J\n']","['C\n8759\n', '7C1\n\nCCCR\n0\n1R8D\n', '37\n']","['WPC\n8759\n', 'WP\n7C1\n\nCCC\n0\n18\n', '37\n']",modelv1.0__2026-05-17 21:21:18
D:/moth_photos/database\batch_13\img_moth_00025039.jpg,"[4000, 6000]",37.1764705882353,"['McClellanville\nSouthCarolina\nCharlesR Edwards\n\nI 7Iuly SIL7\nL1Shf\n', 'WPC\n8760\n']","['C\nC\nCR\n\n2 7 97\n1\n', 'C\n8760\n']","['C\nC\nC\n\n2 7 97\n1\n', 'WPC\n8760\n']",modelv1.0__2026-05-17 21:21:18
D:/moth_photos/database\batch_13\img_moth_00025040.jpg,"[4000, 6000]",36.76470588235294,"['WPC\n8761\n', 'XBVDominick\nSharlesREdwards\nseecianville\nCarolin\n\nS July 1990\n']","['C\n8761\n', 'DD\nR\nC\n\n1990\n']","['WPC\n8761\n', 'C\n\n1990\n']",modelv1.0__2026-05-17 21:21:18
D:/moth_photos/database\batch_13\img_moth_00025041.jpg,"[4000, 6000]",37.01960784313725,"['WPC\n8762\n', 'McClellanville\nSouthCarolina\nCharlesR Edwards\n\ns Vathark SULT\n\nhLrehht\n', 'cansiin\n9 SULT 2762\n']","['C\n8762\n', 'C\nC\nCR\n\n5\n', 'C\n9 9C7 2762\n']","['WPC\n8762\n', 'C\nC\nC\n\n5\n', 'C\n9 9C7 2762\n']",modelv1.0__2026-05-17 21:21:18
D:/moth_photos/database\batch_13\img_moth_00025042.jpg,"[4000, 6000]",37.15686274509804,"['WPC\n8763\n', 'SOUTHCAROLINA\nWedgePlantation\nMcClellanville\n\nMarch 28 1947\n\nnCPeraqanaenn\n']","['C\n8763\n', 'CR\nC\n\n28 1947\n\nCR\n']","['WPC\n8763\n', 'C\nWP\nC\n\n28 1947\n\nCP\n']",modelv1.0__2026-05-17 21:21:18
D:/moth_photos/database\batch_13\img_moth_00025043.jpg,"[4000, 6000]",37.05882352941176,"['WPC\n8764\n', 'CBDominick\nYhariesREdwards\nicClellanville\nguthCarblina 29458\nba L963\nZioh yar\n']","['C\n8764\n', 'CRD\nR\nC\nC 29458\n1963\n1\n']","['WPC\n8764\n', 'C\nC\nC 29458\n1963\n1\n']",modelv1.0__2026-05-17 21:21:18
D:/moth_photos/database\batch_13\img_moth_00025044.jpg,"[4000, 6000]",36.94117647058823,"['WPC\n8765\n', 'RBDominick\nCharlesREdwardis\nMcClellanville\nSouthGarolina29458\n20APR19L9\nLigns\n', '']","['C\n8765\n', 'RRD\nCR\nC\n29458\n20R1949\n', '']","['WPC\n8765\n', 'C\nC\n29458\n20P1949\n', '']",modelv1.0__2026-05-17 21:21:18
D:/moth_photos/database\batch_13\img_moth_00025045.jpg,"[4000, 6000]",36.72549019607843,"['WPC\n8766\n', 'Wedge PlantationL1gjf\nle\n\n7misNEMcClellanvi\nCharlestonCoSCAR\n\nSffov1967\n\nlegRichardBDominick\n\n']","['RC\n8766\n', '1\n\n7C\nCCCR\n\n51967\n\nRD\n\n']","['WPC\n8766\n', 'W P1\n\n7C\nCCC\n\n51967\n\nP\n\n']",modelv1.0__2026-05-17 21:21:18
D:/moth_photos/database\batch_13\img_moth_00025046.jpg,"[4000, 6000]",37.19607843137255,"['WPC\n8767\n', 'RBDominick\nCharlesREdwards\nMcCfellanville\nSouthCarolina2945\n\n23Nov9t7\nDetthsd\n']","['RC\n8767\n', 'RD\nCR\nC\nC2945\n\n2397\nD\n']","['WPC\n8767\n', 'C\nC\nC2945\n\n2397\n']",modelv1.0__2026-05-17 21:21:18
D:/moth_photos/database\batch_13\img_moth_00025047.jpg,"[4000, 6000]",37.05882352941176,"['WPC\n8768\n', 'eo\nRBDominick\nCharlesREdwards\nSouthCarolina 29458\n\n20DeeF57\ntisey\n']","['C\n8768\n', 'RRD\nCR\nC 29458\n\n20D957\n5\n']","['WPC\n8768\n', 'C\nC 29458\n\n20957\n5\n']",modelv1.0__2026-05-17 21:21:18
D:/moth_photos/database\batch_13\img_moth_00025048.jpg,"[4000, 6000]",36.7843137254902,"['WPC\n8769\n', 'RBDominick\nL CharlesREdwardis\n\nMcClellanville\nSouthCarolina29458\n\nSS5SeptSGY\nLTH\n', '']","['C\n8769\n', 'RD\nCR\n\nC\nC29458\n\n5\nC\n', '']","['WPC\n8769\n', 'P C\n\nC\nC29458\n\n5\nC\n', '']",modelv1.0__2026-05-17 21:21:18
D:/moth_photos/database\batch_13\img_moth_00025049.jpg,"[4000, 6000]",37.09803921568628,"['WPC\n8770\n', 'McClellanville\nSouthCarolina\nCharles R Edwards\n\n3 Sept 1GoT7\nKMithhk\n', '']","['C\n8770\n', 'C\nC\nC R\n\n3 197\n', '']","['WPC\n8770\n', 'C\nC\nC\n\n3 197\n', '']",modelv1.0__2026-05-17 21:21:18
D:/moth_photos/database\batch_13\img_moth_00025050.jpg,"[4000, 6000]",36.8235294117647,"['WPC\n8771\n', 'RBVominick\nMcClellanville\nSouth Farolina\n\n22fer197\nllabk2 f\n', '']","['C\n8771\n', 'RD1\nC\n\n22197\n2\n', '']","['WPC\n8771\n', '1\nC\n\n22197\n2\n', '']",modelv1.0__2026-05-17 21:21:18
D:/moth_photos/database\batch_13\img_moth_00025051.jpg,"[4000, 6000]",36.705882352941174,"['WPC\n8772\n', '2BDominick\nhariesREdwards\nMcClellanville\nSouth Carolina\n\n1WatR2\ng\n', '']","['C\n8772\n', '2RD\nR\nC\nC\n\n1R2\n', '']","['WPC\n8772\n', '2\nC\nC\n\n1W2\n', '']",modelv1.0__2026-05-17 21:21:18
D:/moth_photos/database\batch_13\img_moth_00025052.jpg,"[4000, 6000]",36.57692307692308,"['WPC\n8773\n', 'BVominick\nsharlesREdwards\nAcClellanville\nouthCapolina\n\nVutlyADS\n']","['RC\n8773\n', 'D\nR\nC\nC\n\nD1D\n']","['WPC\n8773\n', 'C\nC\n\n1\n']",modelv1.0__2026-05-17 21:21:18
D:/moth_photos/database\batch_13\img_moth_00025053.jpg,"[4000, 6000]",37.13725490196079,"['WPC\n8774\n', 'RBDominick\nCharlesREdwards\nMcClJellanville\nSouthCarolina\n7Decis973\n\nLishe\n']","['C\n8774\n', 'RD\nCR\nC\nC\n7D973\n']","['WPC\n8774\n', 'C\nC\n\nC\n7973\n']",modelv1.0__2026-05-17 21:21:18
D:/moth_photos/database\batch_13\img_moth_00025054.jpg,"[4000, 6000]",36.59615384615385,"['WPC\n8775\n', 'SOUTHCAROLINA\nWedgePlantation\nMcClellafville\nAugust 3 1968\nDCFerguson\n']","['C\n8775\n', '5CR\nC\n3 1968\nDC\n']","['WPC\n8775\n', '5C\nWP\nC\n3 1968\nCP\n']",modelv1.0__2026-05-17 21:21:18
D:/moth_photos/database\batch_13\img_moth_00025055.jpg,"[4000, 6000]",37.0,"['WPC\n8776\n', 'KBDominick\nCharlesREdwards\nMcClellanville\nSouthCafolinae\n\n1GNov197\ntuiaht ona\n', '']","['C\n8776\n', '8D\nCR\nC\nC\n\n16197\n', '']","['WPC\n8776\n', '8\nC\nC\nC\n\n16197\n', '']",modelv1.0__2026-05-17 21:21:18
D:/moth_photos/database\batch_13\img_moth_00025056.jpg,"[4000, 6000]",36.9607843137255,"['WPC\n8777\n', 'ReDeAZUTIIITIIION\ntharlesREdward\nicClellanville\n\n7 Cc AAO\naus\n']","['C\n8777\n', 'RDCR\nR\nC\n\n7 C 19D\n']","['WPC\n8777\n', 'C\nC\n\n7 C 19\n']",modelv1.0__2026-05-17 21:21:18
D:/moth_photos/database\batch_13\img_moth_00025057.jpg,"[4000, 6000]",36.769230769230774,"['WPC\n8778\n', 'ByeA2FeAAWEAEAAEANWE\nCharlesREdward\nMcClejlanville\nSouthCarolina\n']","['C\n8778\n', '27\nCR\nC\nC\n']","['WPC\n8778\n', '27WW\nC\nC\nC\n']",modelv1.0__2026-05-17 21:21:18
D:/moth_photos/database\batch_13\img_moth_00025058.jpg,"[4000, 6000]",37.11764705882353,"['WPC\n8779\n', 'KBDominick\nM cClellanville\nSouthCarolina\n\n3Sept1979\nhight Oe\n']","['C\n8779\n', 'RRD\nC\nC\n\n31979\n']","['WPC\n8779\n', 'C\nC\n\n31979\n']",modelv1.0__2026-05-17 21:21:18
D:/moth_photos/database\batch_13\img_moth_00025059.jpg,"[4000, 6000]",37.01960784313725,"['WPC\n8780\n', 'NDVOMINICK\nCharlesREdwards\nMcClellanville\nSouthCapolima\n\nifuly1990\n']","['RC\n8780\n', 'RDC\nCR\nC\nC\n\n1990\n']","['WPC\n8780\n', 'C\nC\nC\nC\n\n1990\n']",modelv1.0__2026-05-17 21:21:18
D:/moth_photos/database\batch_13\img_moth_00025060.jpg,"[4000, 6000]",36.94117647058823,"['WPC\n8781\n', 'MicClellanville\nSouthCarolina\nReBDominick\n\n1 196G\nMeg\n']","['C\n8781\n', 'C\nC\nR08D\n\n1 196\n']","['WPC\n8781\n', 'C\nC\n08\n\n1 196\n']",modelv1.0__2026-05-17 21:21:18
D:/moth_photos/database\batch_13\img_moth_00025061.jpg,"[4000, 6000]",36.86274509803921,"['WPC\n8782\n', 'we47eAJUIIIIIICAK\nharlesREdwards\nIlcClellanville\nouthCarolina\n\n6Nov97\nCahkaor\n']","['C\n8782\n', '4764C\nR\nC\nC\n\n697\nC\n']","['WPC\n8782\n', '4764C\nC\nC\n\n697\nC\n']",modelv1.0__2026-05-17 21:21:18
D:/moth_photos/database\batch_13\img_moth_00025062.jpg,"[4000, 6000]",36.8235294117647,"['WPC\n8783\n', 'KRBDVDominick\nCharlesREdward\nMcClellanvijle\nSouthCerolina\n\nQj\n', '']","['C\n8783\n', 'R5D\nCR\nC\n0C\n\nR\n', '']","['WPC\n8783\n', '5\nC\nC\n0C\n', '']",modelv1.0__2026-05-17 21:21:18
D:/moth_photos/database\batch_13\img_moth_00025063.jpg,"[4000, 6000]",37.01960784313725,"['WPC\n8784\n', 'MCUlellanville\nSouthCarolina\n\nRBysDominic\nfithey466\nIZ\n', 'UAemu Ne\n']","['C\n8784\n', 'CC\nC\n\nRRD\n466\n', 'C\n']","['WPC\n8784\n', 'CC\nC\n\n466\n', 'C\n']",modelv1.0__2026-05-17 21:21:18
D:/moth_photos/database\batch_13\img_moth_00025064.jpg,"[4000, 6000]",36.88235294117647,"['WPC\n8785\n', 'McClellanville\nSouthCarolina\nRB ominick\n\nSpot 966\n\nj\nLeakt\n']","['C\n8785\n', 'C\nC\nRR\n\n966\n']","['WPC\n8785\n', 'C\nC\n\n966\n']",modelv1.0__2026-05-17 21:21:18
D:/moth_photos/database\batch_13\img_moth_00025065.jpg,"[4000, 6000]",36.98039215686274,"['WPC\n8786\n', 'RBDominick\nCharlesR EdwardsP\nMcClellanville\nSouthCarolina29458\n\nS3MaGICF\n', 'Dominick\nllanville\nCarolina 29458 WPC\n\nMat 496 8786\n\n']","['RC\n8786\n', 'RRD\nCR\nC\nC29458\n\n139C\n', 'D\nC 29458 C\n\n496 8786\n\n']","['WPC\n8786\n', 'C P\nC\nC29458\n\n139C\n', 'C 29458 WPC\n\n496 8786\n\n']",modelv1.0__2026-05-17 21:21:18
D:/moth_photos/database\batch_13\img_moth_00025066.jpg,"[4000, 6000]",36.92156862745098,"['WPC\n8787\n', 'RBDominick\nCharlesREdwards e\nMcClellanville Ps\nSouthCarolina29453O\n2eAgaiGeyg\nLCtaeanet\n', '']","['C\n8787\n', 'RD\n\nCR\n\nC\n\nC29453\n219\nC\n', '']","['WPC\n8787\n', 'C\n\nC P\n\nC29453\n219\nC\n', '']",modelv1.0__2026-05-17 21:21:18
D:/moth_photos/database\batch_13\img_moth_00025067.jpg,"[4000, 6000]",37.07843137254902,"['WPC\n8788\n', 'RBDominick\nMcClellanville\nSouthCarolina29458\n\n177 11970\nLishelB\n']","['C\n8788\n', 'RD\nC\nC29458\n\n177 11970\n']","['WPC\n8788\n', 'C\nC29458\n\n177 11970\n']",modelv1.0__2026-05-17 21:21:18
D:/moth_photos/database\batch_13\img_moth_00025068.jpg,"[4000, 6000]",37.21568627450981,"['WPC\n8789\n', 'xDVOmMINICH\nSharlesREdwards\nVicClellanville\nSouthCarolina\n']","['C\n8789\n', 'DC\nCR\nC\n0C\n']","['WPC\n8789\n', 'C\nC\nC\n0C\n']",modelv1.0__2026-05-17 21:21:18
D:/moth_photos/database\batch_13\img_moth_00025069.jpg,"[4000, 6000]",37.03921568627451,"['WPC\n8790\n', 'Rb6Dominic\nCharlesREdwards\nMcClellanville\nSouthCarolina\n\n12Dec1F7\nLaht\n']","['C\n8790\n', 'R6D\nCR\nC\nC\n\n12D197\n']","['WPC\n8790\n', '6\nC\nC\nC\n\n12197\n']",modelv1.0__2026-05-17 21:21:18
D:/moth_photos/database\batch_13\img_moth_00025070.jpg,"[4000, 6000]",36.64705882352941,"['WPC\n8791\n', 'oVOmInick\nMcClellanville\npouch Garolina\n\n7OP1a65\nghkO\n']","['C\n8791\n', 'C\nC\n\n701465\n']","['WPC\n8791\n', 'C\nC\n\n70P1465\n']",modelv1.0__2026-05-17 21:21:18
D:/moth_photos/database\batch_13\img_moth_00025071.jpg,"[4000, 6000]",36.98039215686274,"['WPC\n8792\n', 'WedgePlantation\n7miNEMcClellanvilleW\neae 0SCARSz\n\n3f Oct 19672x\nleaRichardBDominic\n']","['C\n8792\n', '7C\n0CR\n\n3 19672\nRD\n']","['WPC\n8792\n', 'WP\n7CW\nP 0C\n\n3 19672\n']",modelv1.0__2026-05-17 21:21:18
D:/moth_photos/database\batch_13\img_moth_00025072.jpg,"[4000, 6000]",36.84313725490196,"['WPC\n8793\n', 'McClellanville\nSouthCarolina a\nRBDominick\n\ns e 7\npibfeyfI67\n']","['C\n8793\n', 'C\nC\nRRD\n\n7\n167\n']","['WPC\n8793\n', 'C\nC\n\n7\n167\n']",modelv1.0__2026-05-17 21:21:18
D:/moth_photos/database\batch_13\img_moth_00025073.jpg,"[4000, 6000]",36.692307692307686,"['IRMe29I4JOTIITIICK\nCharlesREdwands\nAcClellanville\nsouthCarolina\n\nZ3ZAMovIVT\nLaohktk\n', 'WPC\n8794\n']","['R294C\nCR\nC\nC\n\n337\n', 'C\n8794\n']","['294C\nC\nC\nC\n\n337\n', 'WPC\n8794\n']",modelv1.0__2026-05-17 21:21:18
D:/moth_photos/database\batch_13\img_moth_00025074.jpg,"[4000, 6000]",37.05882352941176,"['WPC\n8795\n', 'SOUTHCAROLINA\nWedge Plantation\nMcClellafiville\nAugust 6 1968\nDeC Ferguson\n', 'IUTH CAROLINA\nedgePlantation\ncClellafiville\n\nugustG1968\ncFerguson\n\nWPC\n8795\n\n']","['C\n8795\n', 'CR\nC\n6 1968\nDC\n', 'CR\nR\nC\n1968\nC\n\nRC\n8795\n\n']","['WPC\n8795\n', 'C\nW P\nC\n6 1968\nC P\n', 'C\nP\nC\n1968\nC\n\nWPC\n8795\n\n']",modelv1.0__2026-05-17 21:21:18
D:/moth_photos/database\batch_13\img_moth_00025075.jpg,"[4000, 6000]",37.01960784313725,"['WPC\n8796\n', 'KBDominick\nChariesREdwards\nicClellanville\nsouthCarolina\n\nC3Mev1VE\n']","['C\n8796\n', 'RD\nCR\nC\nC\n\nC319\n']","['WPC\n8796\n', 'C\nC\nC\n\nC319\n']",modelv1.0__2026-05-17 21:21:18
D:/moth_photos/database\batch_13\img_moth_00025076.jpg,"[4000, 6000]",36.98039215686274,"['WPC\n8797\n', 'RBDominick\nMcClellanville\nSouthCarolina\n', 'RBDominic\nMcClellanville\nSouthCarolina\n\nWPC\n8797\n']","['C\n8797\n', 'RD\nC\nC\n', 'RD\nC\nC\n\nC\n8797\n']","['WPC\n8797\n', 'C\nC\n', 'C\nC\n\nWPC\n8797\n']",modelv1.0__2026-05-17 21:21:18
D:/moth_photos/database\batch_13\img_moth_00025077.jpg,"[4000, 6000]",37.235294117647065,"['WPC\n8798\n', 'KBDominick\nCharlesREdwards\nMcClellanville\nSouthCarolinae\n\n22 Me i j GX\n']","['C\n8798\n', 'RD\nCR\nC\nC\n\n22\n']","['WPC\n8798\n', 'C\nC\nC\n\n22\n']",modelv1.0__2026-05-17 21:21:18
D:/moth_photos/database\batch_13\img_moth_00025078.jpg,"[4000, 6000]",37.13725490196079,"['WPC\n8799\n', 'RBVDominick\nCharlesREdwards\nMcClellanville\nsoutharolina\n\nFaly9p0\n']","['C\n8799\n', 'R6D\nCR\nC\n0\n\n920\n']","['WPC\n8799\n', '6\nC\nC\n0\n\n920\n']",modelv1.0__2026-05-17 21:21:18
D:/moth_photos/database\batch_13\img_moth_00025079.jpg,"[4000, 6000]",37.03921568627451,"['WPC\n8800\n', 'BDominick\nshariesREdwards\nwathCaeP\nRyn Carolina\n\nrofhe 1993\n4\n']","['C\n8800\n', 'DD\nR\nC\nR C\n\n1993\n4\n']","['WPC\n8800\n', 'CP\nC\n\nP 1993\n4\n']",modelv1.0__2026-05-17 21:21:18
D:/moth_photos/database\batch_13\img_moth_00025080.jpg,"[4000, 6000]",36.8235294117647,"['WPC\n8801\n', 'SsUUTNHCAROLINA\nWedgePlantation\nMcClellafville\nAugust 3 1968\nDeCe Fergugon\n']","['C\n8801\n', 'CR\nC\n3 1968\nDC\n']","['WPC\n8801\n', 'C\nWP\nC\n3 1968\nC\n']",modelv1.0__2026-05-17 21:21:18
D:/moth_photos/database\batch_13\img_moth_00025081.jpg,"[4000, 6000]",37.235294117647065,"['WPC\n8802\n', 'DVominick\nMcClellanville\nMs Carolina\n\nYor 1904\nBort g\n']","['C\n8802\n', 'D\nC\n1 C\n\n1904\n']","['WPC\n8802\n', 'C\n1 C\n\n1904\n']",modelv1.0__2026-05-17 21:21:18
D:/moth_photos/database\batch_13\img_moth_00025082.jpg,"[4000, 6000]",36.90196078431373,"['WPCC\n8803\n', 'NeDVOMIPDICHK\nSharlesREdwards\nAcClellanville PD\nsouthCarolina\n\nSOc41972\nLiahk\n']","['RC\n8803\n', 'DDC\nR\nC D\nC\n\n50241972\n']","['WPCC\n8803\n', 'PC\nC P\nC\n\n50241972\n']",modelv1.0__2026-05-17 21:21:18
D:/moth_photos/database\batch_13\img_moth_00025083.jpg,"[4000, 6000]",37.01960784313725,"['WPC\n8804\n', 'kBDominick\nCharlesREdwards\n\nMcClelignville\nSouthCarolina\n\n7Oct1972\nLight\n']","['C\n8804\n', 'RRD\nCR\n\nC\nC\n\n7C1972\n']","['WPC\n8804\n', 'C\n\nC\nC\n\n7C1972\n']",modelv1.0__2026-05-17 21:21:18
D:/moth_photos/database\batch_13\img_moth_00025084.jpg,"[4000, 6000]",37.01960784313725,"['WPC\n8805\n', 'NBDominick\nChariesREdwards\nMc Clellanville\nSouthCarolina\n\n4 Oct1172\n\ntackT\n', '']","['C\n8805\n', '5D\nCR\nC\nC\n\n4 C1172\n\n1\n', '']","['WPC\n8805\n', '5\nC\nC\nC\n\n4 C1172\n\n1\n', '']",modelv1.0__2026-05-17 21:21:18
D:/moth_photos/database\batch_13\img_moth_00025085.jpg,"[4000, 6000]",37.11764705882353,"['WPC\n8806\n', 'McClellanville\nSouthCarolina o7\nRBDominick\n\n27Seat1967\nLigh\n', 'Epszecenss\neeemute2733 38\n\n']","['C\n8806\n', 'C\nC 7\nRRD\n\n271967\n', 'C\n2733 38\n\n']","['WPC\n8806\n', 'WC\nC 7\n\n271967\n', 'C\n2733 38\n\n']",modelv1.0__2026-05-17 21:21:18
D:/moth_photos/database\batch_13\img_moth_00025086.jpg,"[4000, 6000]",36.86274509803921,"['WPC\n8807\n', 'NDVOMINICK\nMcClellanville\nSouthGarolina\n\n20Sept172\npasar 3\n', '']","['C\n8807\n', 'RDC\nC\n\n20172\n3\n', '']","['WPC\n8807\n', 'WC\nC\n\n20172\n3\n', '']",modelv1.0__2026-05-17 21:21:18
D:/moth_photos/database\batch_13\img_moth_00025087.jpg,"[4000, 6000]",36.705882352941174,"['WPC\n8808\n', 'mDVOMIUNILS\nSharlesR Edwards\n\nicClellanville\n\nSouthCarolinae oO\n\nLbSept 1272\n\nPePQZe\n']","['RC\n8808\n', 'D\nR\n\nC\n\n0C\n\n2 1272\n']","['WPC\n8808\n', 'C\n0C\n\n2 1272\n\nPP\n']",modelv1.0__2026-05-17 21:21:18
D:/moth_photos/database\batch_13\img_moth_00025088.jpg,"[4000, 6000]",36.55769230769231,"['WPC\n8809\n', 'CDeVOMIIIALS\nharlesR Edwards\nfcCleljanville\nSouthCarolina\n\n1Sept 1977\n']","['C\n8809\n', 'CD\nR\nC\nC\n\n1 1977\n']","['WPC\n8809\n', 'CW\nC\nC\n\n1 1977\n']",modelv1.0__2026-05-17 21:21:18
D:/moth_photos/database\batch_13\img_moth_00025089.jpg,"[4000, 6000]",36.84313725490196,"['WPC\n8810\n', 'KBVominick\nMcClellanville\nSouthCarolina\n\nRIJunelqjty\n']","['C\n8810\n', 'RD\nC\nC\n\nR1\n']","['WPC\n8810\n', 'C\nC\n\n1\n']",modelv1.0__2026-05-17 21:21:18
D:/moth_photos/database\batch_13\img_moth_00025090.jpg,"[4000, 6000]",37.01960784313725,"['WPC\n8811\n', 'XDVOMINICK\n\ncharlesREdwards\n\nucCheHanville\nthCarolina\n\nZy172\n2tjBu gel\n\nf woh\n', 'VOMINICK\n\nlesREdwards\n\nlellanville WPC\n1Carolinae\n\nJulyF718811\n']","['C\n8811\n', 'DC\n\nR\n\nC\nC\n\n172\n2\n', 'C\n\nR\n\nRC\n1C\n\n718811\n']","['WPC\n8811\n', 'C\nC\nC\n\n172\n2\n', 'C\nWPC\n1C\n\nPP718811\n']",modelv1.0__2026-05-17 21:21:18
D:/moth_photos/database\batch_13\img_moth_00025091.jpg,"[4000, 6000]",36.94117647058823,"['WPC\n8812\n', 'KBDominick\nCharlesREdwards\nMcClellanville\nSouthCarolina\n\n7 7Bug1920\n', '']","['RC\n8812\n', 'RD\nCR\nC\nC\n\n7 71920\n', '']","['WPC\n8812\n', 'C\nC\nC\n\n7 71920\n', '']",modelv1.0__2026-05-17 21:21:18
D:/moth_photos/database\batch_13\img_moth_00025092.jpg,"[4000, 6000]",37.21568627450981,"['SOUTHCAROLINA\nWedgePlantation\nMcClellafiville\nAugust 6 1968\nDCFerguson\n', 'WPC\n8813\n']","['CRC\nC1\n6 1968\nDC\n', 'C\n8813\n']","['CC\nWP\nC1\n6 1968\nC\n', 'WPC\n8813\n']",modelv1.0__2026-05-17 21:21:18
D:/moth_photos/database\batch_13\img_moth_00025093.jpg,"[4000, 6000]",37.0,"['WPC\n8814\n', 'SOUTHCAROLINA\nWedge Plantation\nMcClellatville\n\nAugust 23 1968\nDpC Fergvson\n']","['C\n8814\n', 'CR\nC\n\n23 1968\nDC\n']","['WPC\n8814\n', 'C\nW P\nC\n\n23 1968\nC\n']",modelv1.0__2026-05-17 21:21:18
D:/moth_photos/database\batch_13\img_moth_00025094.jpg,"[4000, 6000]",37.15686274509804,"['WPC\n8815\n', 'mBVOMIMICH\nCharlesREdwards\nMcClellanville\nSouthCaro\n']","['C\n8815\n', 'DC\nCR\nC\nC\n']","['WPC\n8815\n', 'WC\nC\nC\nC\n']",modelv1.0__2026-05-17 21:21:18
D:/moth_photos/database\batch_13\img_moth_00025095.jpg,"[4000, 6000]",36.55769230769231,"['WPC\n8816\n', 'KBDominick\nCharlesREdward\nMcClellanville\nSouthCarolina\n', '']","['C\n8816\n', 'D\nCR\nC\nC\n', '']","['WPC\n8816\n', 'C\nC\nC\n', '']",modelv1.0__2026-05-17 21:21:18
D:/moth_photos/database\batch_13\img_moth_00025096.jpg,"[4000, 6000]",37.07843137254902,"['WPC\n8817\n', 'SOUTHCAROLINA\nWedge Plantation\nMcClellanville\nAugustQQ1968\n\nKn re Reravuson\n', 'epsteuwS\n\nrolie 92S\n329\n']","['C\n8817\n', 'CR\nR\nC\n21968\n\nR\n', '92R\n329\n']","['WPC\n8817\n', 'C\nW P\nC\n21968\n\nP\n', '92\n329\n']",modelv1.0__2026-05-17 21:21:18
D:/moth_photos/database\batch_13\img_moth_00025097.jpg,"[4000, 6000]",37.0,"['WPC\n8818\n', 'ee\nRBDominick\nCharlesR EdwanisP\n\nMcClellanville\nSouthCarolina29458\n\naSuly9CF\nGa\n']","['C\n8818\n', 'RRD\nCR\n\nC\nC29458\n\n9C\n']","['WPC\n8818\n', 'C P\n\nC\nC29458\n\n9C\n']",modelv1.0__2026-05-17 21:21:18
D:/moth_photos/database\batch_13\img_moth_00025098.jpg,"[4000, 6000]",37.15686274509804,"['WPC\n8819\n', 'SOUTHCAROLINA\nwedge Plantation\nMcClellafiville\n\nAugust 1968\n\nneecnhernn\n']","['C\n8819\n', 'CR\nC\n1968\n']","['WPC\n8819\n', 'C\nW P\nC\n\n1968\n']",modelv1.0__2026-05-17 21:21:18
D:/moth_photos/database\batch_13\img_moth_00025099.jpg,"[4000, 6000]",37.03921568627451,"['WPC\n8820\n', 'SOUTHCAROLINA\nWedgePlantation\nMcClellanville\nAugust i 1968\n\nNHCPRPerquann\n']","['C\n8820\n', 'CR\nC\n1968\n\nCR\n']","['WPC\n8820\n', 'C\nWP\nC\n1968\n\nCP\n']",modelv1.0__2026-05-17 21:21:18
D:/moth_photos/database\batch_13\img_moth_00025100.jpg,"[4000, 6000]",37.13725490196079,"['WPC\n8821\n', 'xBVominick\nharlesREdwards\nAcClellanville\nSouthCarolisa\n']","['RC\n8821\n', 'D\nR\nC\nC\n']","['WPC\n8821\n', 'C\nC\n']",modelv1.0__2026-05-17 21:21:18
D:/moth_photos/database\batch_13\img_moth_00025101.jpg,"[4000, 6000]",36.90196078431373,"['WPC\n8822\n', 'KDBVOMINICK\nMcClellanville\nSouthCarolina\n\n20AuelF\naneegid\n']","['C\n8822\n', 'RDRCR\nC\nC\n\n20R\n']","['WPC\n8822\n', 'C\nC\nC\n\n20\n']",modelv1.0__2026-05-17 21:21:18
D:/moth_photos/database\batch_13\img_moth_00025102.jpg,"[4000, 6000]",37.13725490196079,"['WPC\n8823\n', 'SOUTHCAROLINA\nNedgePlantation\nMcClellafiville\nhugust 13 1968\n\nnr porf cnn\n']","['C\n8823\n', 'CR\nC\n13 1968\n']","['WPC\n8823\n', 'C\nP\nC\n13 1968\n']",modelv1.0__2026-05-17 21:21:18
D:/moth_photos/database\batch_13\img_moth_00025103.jpg,"[4000, 6000]",36.8235294117647,"['WPC\n8824\n', 'RBDominick\nCharlesREdwards\nMcGlellanvillee\nSouthCarolina29458\n27Tine1970\nLiqar\n']","['C\n8824\n', 'RD\nCR\nC29458\n271970\nC\n']","['WPC\n8824\n', 'C\n\nC29458\n\n271970\nC\n']",modelv1.0__2026-05-17 21:21:18
D:/moth_photos/database\batch_13\img_moth_00025104.jpg,"[4000, 6000]",37.09803921568628,"['WPC\n8825\n', 'RBDominick\nMcClellanville\nSouthCarolina\n\n3Sept1473\n']","['C\n8825\n', 'RD\nC\nC\n\n351473\n']","['WPC\n8825\n', 'C\nC\n\n351473\n']",modelv1.0__2026-05-17 21:21:18
D:/moth_photos/database\batch_13\img_moth_00025105.jpg,"[4000, 6000]",36.86274509803921,"['WPC\n8826\n', 'RBDominick\nMcClellanville\nSouth Carolina\n3Sept973\npiantGe\n', '']","['C\n8826\n', 'RD\nC\n\nC\n3973\n', '']","['WPC\n8826\n', 'C\nC\n3973\n', '']",modelv1.0__2026-05-17 21:21:18
D:/moth_photos/database\batch_13\img_moth_00025106.jpg,"[4000, 6000]",37.03921568627451,"['WPC\n8827\n', 'XRBDominick\nSharlesREdwards\nAcClellanville\nouthCarolina29458\nZTSurrsIFO\n\nLifton\n']","['RC\n8827\n', 'RRD\nR\nC\nC29458\n24978\n\nC\n']","['WPC\n8827\n', 'C\nC29458\n24978\n\nC\n']",modelv1.0__2026-05-17 21:21:18
D:/moth_photos/database\batch_13\img_moth_00025107.jpg,"[4000, 6000]",36.8235294117647,"['WPC\n8828\n', 'NDL7OMINICK\nMcClellanville\nyear\n3\npitey\n', '']","['C\n8828\n', 'D7C\nC\n3\n', '']","['WPC\n8828\n', '7C\nC\n3\n', '']",modelv1.0__2026-05-17 21:21:18
D:/moth_photos/database\batch_13\img_moth_00025108.jpg,"[4000, 6000]",37.13725490196079,"['SOUTH CAROLINA\nwedgePlantation\nMcClellanvjile\n\n20ViIs1968\n\nDCFerguson\n', 'WPC\n8829\n', 'WPC\n5688829\n']","['CR\nC\n\n201968\n\nDC\n', 'RC\n8829\n', 'C\n5688829\n']","['C\nWP\nC\n\n20W1968\n\nC\n', 'WPC\n8829\n', 'WPC\n5688829\n']",modelv1.0__2026-05-17 21:21:18
D:/moth_photos/database\batch_13\img_moth_00025109.jpg,"[4000, 6000]",37.01960784313725,"['SOUTHCAROLINA\nWedgePlantation\nMcClellanyille\n9V 1Y\nD\n\nCFerguson\n', 'WPC\n8830\n']","['CR\nC\n9 1\nD\n\nC\n', 'C\n8830\n']","['C\nWP\nC\n9W 1\n\nCP\n', 'WPC\n8830\n']",modelv1.0__2026-05-17 21:21:18
D:/moth_photos/database\batch_13\img_moth_00025110.jpg,"[4000, 6000]",37.01960784313725,"['WPC\n8831\n', 'SOUTHCAROLINA\nWedgePlantation\nMcCl ellanyil le\n\n9 Vile1969\n\nCPeragquenn\n']","['C\n8831\n', 'CRC\nC\n\n9 1969\n\nCR\n']","['WPC\n8831\n', 'CC\nWP\nC\n\n9 1969\n\nCP\n']",modelv1.0__2026-05-17 21:21:18
D:/moth_photos/database\batch_13\img_moth_00025111.jpg,"[4000, 6000]",37.235294117647065,"['SOUTHCAROLINA\nWedge Plantation\nMcClellanville\nIOVils19\n\nDC Ferguson\n', 'WPC\n8832\n']","['CR\nC\n019\n\nDC\n', 'C\n8832\n']","['C\nW P\nC\n019\n\nC\n', 'WPC\n8832\n']",modelv1.0__2026-05-17 21:21:18
D:/moth_photos/database\batch_13\img_moth_00025112.jpg,"[4000, 6000]",37.14,"['WPC\n8833\n', 'RBVominick\n\nMcClellanville\nSouthCarolina\n\n22July197\nLiths\n', '']","['RC\n8833\n', 'RRD\n\nC\n\nC\n22197\n', '']","['WPC\n8833\n', 'C\nC\n22197\n', '']",modelv1.0__2026-05-17 21:21:18
D:/moth_photos/database\batch_13\img_moth_00025113.jpg,"[4000, 6000]",36.627450980392155,"['WPC\n8834\n', 'DVOMINICK\nAcClellanville\nouth Carolina\n\n3Peely125\n']","['C\n8834\n', 'DC\nC\nC\n\n3D125\n']","['WPC\n8834\n', 'WC\nC\nC\n\n3P125\n']",modelv1.0__2026-05-17 21:21:18
D:/moth_photos/database\batch_13\img_moth_00025114.jpg,"[4000, 6000]",36.90196078431373,"['WPC\n8835\n', 'RBDominick\nMcClellanville\nOi Carolina\n\nYAig25\n']","['C\n8835\n', 'RD\nC\nC\n\n25\n']","['WPC\n8835\n', 'C\nC\n\n25\n']",modelv1.0__2026-05-17 21:21:18
D:/moth_photos/database\batch_13\img_moth_00025115.jpg,"[4000, 6000]",37.02,"['WPC\n8836\n', 'K6Dominick\nCharlesREdward\nMcClellanville\nSouthCArolina\n\n2July19490\nBebe\n']","['C\n8836\n', '6D\nCR\nC\nC\n\n219490\nC\n']","['WPC\n8836\n', '6\nC\nC\nC\n\n219490\nC\n']",modelv1.0__2026-05-17 21:21:18
D:/moth_photos/database\batch_13\img_moth_00025116.jpg,"[4000, 6000]",37.14,"['WPC\n8837\n', 'NDVOminick\nMcClellanville\n\ni5 ape\nia rg o\n']","['RC\n8837\n', 'D\nC\n\n5\n']","['WPC\n8837\n', 'C\n\n5\n']",modelv1.0__2026-05-17 21:21:18
D:/moth_photos/database\batch_13\img_moth_00025117.jpg,"[4000, 6000]",36.98,"['WPC\n8838\n', 'RBDominick\n\nMcClellanville\n\nSouth Carolina\nLfune 1973\n\nyan\n', '']","['C\n8838\n', 'RRD\n\nC\n\nC\n1973\n', '']","['WPC\n8838\n', 'C\nC\n1973\n', '']",modelv1.0__2026-05-17 21:21:18
D:/moth_photos/database\batch_13\img_moth_00025118.jpg,"[4000, 6000]",36.98,"['WPC\n8839\n', 'BDominics\nharlesREdwards\nicClellagville\nouth Carolina\n\njudy\n']","['C\n8839\n', 'RD\nR\nC\nC\n\n0\n']","['WPC\n8839\n', 'C\nC\n\n0\n']",modelv1.0__2026-05-17 21:21:18
D:/moth_photos/database\batch_13\img_moth_00025119.jpg,"[4000, 6000]",37.080000000000005,"['WPC\n8840\n', 'RBDominick\nMcClellanville\nSoutheCarolina\nBaiune i493\n\ntichtoF\n']","['C\n8840\n', 'RRD\nC\nC\n8 1493\n']","['WPC\n8840\n', 'C\nC\n8 1493\n']",modelv1.0__2026-05-17 21:21:18
D:/moth_photos/database\batch_13\img_moth_00025120.jpg,"[4000, 6000]",36.98,"['WPC\n8841\n', 'NDVOMINIC\nMcClellanville\nsouth Caroling\n\n7May1974\ni kL\n']","['C\n8841\n', 'DC\nC\nC\n\n71974\n']","['WPC\n8841\n', 'C\nC\nC\n\n71974\n']",modelv1.0__2026-05-17 21:21:18
D:/moth_photos/database\batch_13\img_moth_00025121.jpg,"[4000, 6000]",36.98,"['WPC\n8842\n', 'RBVominicr\nharlesREdwards\nMicClellanville\nSouthCarolina\n\n13May972\n\nyok\n']","['C\n8842\n', 'RR\nR\nC\nC\n\n13972\n']","['WPC\n8842\n', 'C\nC\n\n13972\n']",modelv1.0__2026-05-17 21:21:18
D:/moth_photos/database\batch_13\img_moth_00025122.jpg,"[4000, 6000]",37.160000000000004,"['WPC\n8843\n', 'RBDominick\nCharlesREdwards\nMcClellanville\nSouthCarolinae\n']","['C\n8843\n', 'R8D\nCR\nC\nC\n']","['WPC\n8843\n', '8\nC\nC\nC\n']",modelv1.0__2026-05-17 21:21:18
D:/moth_photos/database\batch_13\img_moth_00025123.jpg,"[4000, 6000]",36.72549019607843,"['WPC\n8844\n', 'RBDominick\n\nCharlesREdwards\n\nMcClellanville\n\nSouthCarolina e\ngP\n\nj eit\n']","['C\n8844\n', 'RRD\nCR\nC\n5C\n']","['WPC\n8844\n', 'C\n\nC\n\n5C\nP\n']",modelv1.0__2026-05-17 21:21:18
D:/moth_photos/database\batch_13\img_moth_00025124.jpg,"[4000, 6000]",36.9,"['WPC\n8845\n', 'RBDominick\nMcClellanville\ney ar\n\nA0MlayI a 73\n']","['C\n8845\n', 'RD\nC\n\n0 73\n']","['WPC\n8845\n', 'C\n\n0 73\n']",modelv1.0__2026-05-17 21:21:18
D:/moth_photos/database\batch_13\img_moth_00025125.jpg,"[4000, 6000]",37.0,"['WPC\n8846\n', 'KBDominick\n\nMcClellanville\n\nSour Rarer\nGua fy4\n\nNiaht o\n']","['C\n8846\n', 'RRD\nC\n4\n']","['WPC\n8846\n', 'C\n4\n']",modelv1.0__2026-05-17 21:21:18
D:/moth_photos/database\batch_13\img_moth_00025126.jpg,"[4000, 6000]",36.666666666666664,"['WPC\n8847\n', 'oAdeAJUTILIILLN\nharlesREdward\nicClellanville\nouthCarolina\n\n2 72\n']","['C\n8847\n', 'CR\nR\nC\nC\n\n2 72\n']","['WPC\n8847\n', 'C\nC\nC\n\n2 72\n']",modelv1.0__2026-05-17 21:21:18
D:/moth_photos/database\batch_13\img_moth_00025127.jpg,"[4000, 6000]",36.64705882352941,"['WPC\n8848\n', 'KbBDominick\nChariesREdwards\nMcClefilanville\nSouthCarolinae\n\nZ qa Peal\n\nyah\n']","['C\n8848\n', 'D\nCR\nC\nC\n\n2 4\n']","['WPC\n8848\n', 'C\nC\nC\n\n2 4 P\n']",modelv1.0__2026-05-17 21:21:18
D:/moth_photos/database\batch_13\img_moth_00025128.jpg,"[4000, 6000]",37.2,"['SOUTH CAROLINA\nWedge Plantation\nMcClellanville\n\n10 Vit1968\n\nCFerguson\n', 'WPC\n8849\n']","['CR\nC1\n\n10 1968\n\nC\n', 'C\n8849\n']","['C\nW P\nC1\n\n10 W1968\n\nCP\n', 'WPC\n8849\n']",modelv1.0__2026-05-17 21:21:18
D:/moth_photos/database\batch_13\img_moth_00025129.jpg,"[4000, 6000]",37.2,"['SOUTHCAROLINA\nWedgePlantation\nMcClellanville\n\n10VIIT196P9\n\nDCFerguson\n', 'WPC\n8850\n']","['CRC\nC\n\n10196R9\n\nDC\n', 'C\n8850\n']","['CC\nWP\nC\n\n10196P9\n\nCP\n', 'WPC\n8850\n']",modelv1.0__2026-05-17 21:21:18
D:/moth_photos/database\batch_13\img_moth_00025130.jpg,"[4000, 6000]",36.529411764705884,"['WPC\n8851\n', 'DVOmiInick\nMec lellanville\nSouth Carolina\n\nfey197\nRBfley1973\n']","['RC\n8851\n', 'DC\nC\nC\n\n197\nR1973\n']","['WPC\n8851\n', 'C\nC\nC\n\n197\n1973\n']",modelv1.0__2026-05-17 21:21:18
D:/moth_photos/database\batch_13\img_moth_00025131.jpg,"[4000, 6000]",37.0,"['SOUTHCAROLINA\nWedgePlantation\nMcClellanville\n10ViIJ1968\n\nDCFerguson\n', 'WPC\n8852\n', 'OUTHCAROLINA\n\nfedgePlantation WPC\nicClellanvilie\n\n0OValys 19647\n\nCFergquson\n\n']","['CR\nC\n101968\n\nDC\n', 'C\n8852\n', 'CRC\n\nC\nC\n\n0 19647\n\nC\n\n']","['C\nWP\nC\n10W1968\n\nCP\n', 'WPC\n8852\n', 'CC\n\nP WPC\nC\n\n0 19647\n\nCP\n\n']",modelv1.0__2026-05-17 21:21:18
D:/moth_photos/database\batch_13\img_moth_00025132.jpg,"[4000, 6000]",37.059999999999995,"['WPC\n8853\n', 'KBDominick\nCharlesREdwards\nMcClellanville\nSouthCarolina\n\n1qJug M2\n']","['C\n8853\n', 'RD\nCR\nC\nC\n\n14 2C\n']","['WPC\n8853\n', 'C\nC\nC\n\n14 2C\n']",modelv1.0__2026-05-17 21:21:18
D:/moth_photos/database\batch_13\img_moth_00025133.jpg,"[4000, 6000]",37.02,"['WPC\n8854\n', 'SOUTHCAROLINA\nWedgePlantation\nMcClellanville\nAugust o 1968\n\nry Qn Daradenn\n']","['C\n8854\n', 'CRC\nC\n1968\n\nD\n']","['WPC\n8854\n', 'CC\nWP\nC\n1968\n\nP\n']",modelv1.0__2026-05-17 21:21:18
D:/moth_photos/database\batch_13\img_moth_00025134.jpg,"[4000, 6000]",37.120000000000005,"['WPC\n8855\n', 'SOUTHCAROLINA\nWedgePlantation\nMcClellanville\nAugust 1968\nDCFerguson\n', 'OUTHCAROLINA\nedgePlantation WPC\ncClellanville\n\nugust 1968\nCFergason\n\n']","['C\n8855\n', 'CR\nC\n1968\nDC\n', '0CR\nRC\nC\n\n1968\nC\n\n']","['WPC\n8855\n', 'C\nWP\nC\n1968\nCP\n', '0C\nP WPC\nC\n\n1968\nCP\n\n']",modelv1.0__2026-05-17 21:21:18
D:/moth_photos/database\batch_13\img_moth_00025135.jpg,"[4000, 6000]",36.627450980392155,"['SOUTHCAROLINA\nWedgePlantation\nMcClellahville\nAugust oe 1968\n\nyCPergucnn\n', 'WPC\n8856\n']","['CRR\nC\n1968\n\nCR\n', 'C\n8856\n']","['C\nWP\nC\n1968\n\nCP\n', 'WPC\n8856\n']",modelv1.0__2026-05-17 21:21:18
D:/moth_photos/database\batch_13\img_moth_00025136.jpg,"[4000, 6000]",37.14,"['WPC\n8857\n', 'RBDominick\nMcClellanville\n28MilytF\nIT73\nPpahdlse\n', 'RBDominick\nMcClellanville\nSouthCarolina\n']","['C\n8857\n', 'RRD\nC\n28\n73\nD\n', 'RD\nC\nC\n']","['WPC\n8857\n', 'C\n\n28\n73\n\nP\n', 'C\nC\n']",modelv1.0__2026-05-17 21:21:18
D:/moth_photos/database\batch_13\img_moth_00025137.jpg,"[4000, 6000]",37.1,"['SOUTHCAROLINA\nWedgePlantation\nMcClellanville\nAugust 1968\nDCFergison\n', 'WPC\n8858\n']","['CR\nC\n1968\nDC\n', 'C\n8858\n']","['C\nWP\nC\n1968\nCP\n', 'WPC\n8858\n']",modelv1.0__2026-05-17 21:21:18
D:/moth_photos/database\batch_13\img_moth_00025138.jpg,"[4000, 6000]",37.059999999999995,"['WPC\n8859\n', 'SOUTHCAROLINA\nWedgePlantation\nMcClellarfville\nAugust 1968\nDCFerguson\n']","['C\n8859\n', 'CR\nC\n1968\nDC\n']","['WPC\n8859\n', 'C\nWP\nC\n1968\nC\n']",modelv1.0__2026-05-17 21:21:18
D:/moth_photos/database\batch_13\img_moth_00025139.jpg,"[4000, 6000]",37.0,"['SOUTHCAROLINA\nWedgePlantation\nMcClellanville\nAugust J 1968\nDC Ferquesnn\n', 'WPC\n8860\n']","['CR\nC\n1968\nDC\n', 'RC\n8860\n']","['C\nWP\nC\n1968\nC P\n', 'WPC\n8860\n']",modelv1.0__2026-05-17 21:21:18
D:/moth_photos/database\batch_13\img_moth_00025140.jpg,"[4000, 6000]",37.04,"['SOUTHCAROLINA\nWedgePlantation\nMcClellanille\nAugust31968\nDCFergquson\n', 'WPC\n8861\n']","['CRC\nC\n31968\nDC\n', 'RC\n8861\n']","['CC\nWP\nWC\n31968\nC\n', 'WPC\n8861\n']",modelv1.0__2026-05-17 21:21:18
D:/moth_photos/database\batch_13\img_moth_00025141.jpg,"[4000, 6000]",37.02,"['WPC\n8862\n', 'SOUTHCAROLINA\nWedge Plantation\nMcClellanvilte\nAugust y 1968\n\nFal Qrarctiaon\n']","['C\n8862\n', 'CR\nC\n1968\n\nDC\n']","['WPC\n8862\n', 'C\nW P\nC\n1968\n\nC\n']",modelv1.0__2026-05-17 21:21:18
D:/moth_photos/database\batch_13\img_moth_00025142.jpg,"[4000, 6000]",37.0,"['SOUTHCAROLINA\nWedgePlantation\nMcClellanville\nAugust Re 1968\nDCFerguson\n', '']","['CRC\nC\n1968\nDC\n', '']","['CC\nWP\nC\n1968\nCP\n', '']",modelv1.0__2026-05-17 21:21:18
D:/moth_photos/database\batch_13\img_moth_00025143.jpg,"[4000, 6000]",37.2,"['WPC\n8864\n', 'RBDominick\nChariesREdwards\nMcClellanville\nSouthCarolina\n\n3 IN 192\n14Mf Pn\n']","['C\n8864\n', 'RD\nCR\nC\n0C\n\n3 192\n14\n']","['WPC\n8864\n', 'C\nC\n0C\n\n3 192\n14 PP\n']",modelv1.0__2026-05-17 21:21:18
D:/moth_photos/database\batch_13\img_moth_00025144.jpg,"[4000, 6000]",36.549019607843135,"['WPC\n8865\n', 'kKBDominick\nCharlesREdwards\nythCanee\nSouthCarolina\n']","['RC\n8865\n', 'D\nCR\nC\nC\n']","['WPC\n8865\n', 'C\nC\nC\n']",modelv1.0__2026-05-17 21:21:18
D:/moth_photos/database\batch_13\img_moth_00025145.jpg,"[4000, 6000]",37.14,"['WRC\n8866\n', 'R BDominick\nCharlesREdwards\nMcClellanville\nSouthCarolina\n\n12Segtt975\nLyhtB\n']","['RC\n8866\n', 'R D\nCR\nC\nC\n\n121975\n']","['WPCC\n8866\n', 'C\nC\nC\n\n121975\n']",modelv1.0__2026-05-17 21:21:18
D:/moth_photos/database\batch_13\img_moth_00025146.jpg,"[4000, 6000]",36.88,"['WPC\n8867\n', 'SOUTHCAROLINA\nWedgePlantation\nMcClellanville\n\n22 Vitl1968\n\nDCFerguson\n']","['C\n8867\n', 'CRC\nC\n\n22 1968\n\nDC\n']","['WPC\n8867\n', 'CC\nWP\nC\n\n22 1968\n\nC\n']",modelv1.0__2026-05-17 21:21:18
D:/moth_photos/database\batch_13\img_moth_00025147.jpg,"[4000, 6000]",37.160000000000004,"['WPC\n8868\n', 'KBVominick\nCharlesREdwards\nMcClellanville\nSouthCarolina\n\n23 nc19\nA3Jme197\n\nal\n']","['C\n8868\n', 'R\nCR\nC\n0C\n\n23 19\nR3197\n']","['WPC\n8868\n', 'C\nC\n0C\n\n23 19\n3197\n']",modelv1.0__2026-05-17 21:21:18
D:/moth_photos/database\batch_13\img_moth_00025148.jpg,"[4000, 6000]",37.22,"['WPC\n8869\n', 'mDVOmMmINICK\nSharlesREdwards\n\nMicClellanville bd\n\nSouth aan 29458\n\n2iA\n2 ary ik\n', '']","['C\n8869\n', 'DC\nCR\n\nC\n\n29458\n\n24\n2\n', '']","['WPC\n8869\n', 'C\nC\n\nC\n\n29458\n\n24\n2\n', '']",modelv1.0__2026-05-17 21:21:18
D:/moth_photos/database\batch_13\img_moth_00025149.jpg,"[4000, 6000]",36.80392156862745,"['WPC\n8870\n', 'RBDominick\nCharlesREdwards\nMcClellanville\nSouthCarolina2945\n\nbSept1970\nlitheG\n', '']","['C\n8870\n', 'RRD\nCR\nC\nC2945\n\n1970\nC\n', '']","['WPC\n8870\n', 'C\nC\nC2945\n\n1970\nC\n', '']",modelv1.0__2026-05-17 21:21:18
D:/moth_photos/database\batch_13\img_moth_00025150.jpg,"[4000, 6000]",36.529411764705884,"['WPC\n8871\n', 'BDominick\nCharlesR Edwards\nMcClellanville\nvi arolin\n\n990\nz6fjugI\n']","['C\n8871\n', '6D\nCR\nC\n\n990\n6\n']","['WPC\n8871\n', '6\nC\nC\n\n990\n6\n']",modelv1.0__2026-05-17 21:21:18
D:/moth_photos/database\batch_13\img_moth_00025151.jpg,"[4000, 6000]",37.080000000000005,"['WPC\n8872\n', 'RB Dominick\nCharlesREdwanis\nMcClellanville\n4 Ren14\n']","['RC\n8872\n', 'R8 D\nCR\nC\n4 R14\n']","['WPC\n8872\n', '8\nC\nC\n4 P14\n']",modelv1.0__2026-05-17 21:21:18
D:/moth_photos/database\batch_13\img_moth_00025152.jpg,"[4000, 6000]",37.120000000000005,"['WPC\n8873\n', 'KRBDeVOrsstisaws\nCharlesREdwan\nMcClellanville\nSouthGaroling\n\n22fluge1GJe\nRBaitoF\n', '3IYG6\n']","['C\n8873\n', 'RD\nCR\nC\nC\n\n2219C\nR\n', '36\n']","['WPC\n8873\n', 'C\nC\nC\n\n2219C\n', '36\n']",modelv1.0__2026-05-17 21:21:18
D:/moth_photos/database\batch_13\img_moth_00025153.jpg,"[4000, 6000]",37.24,"['WPC\n8874\n', 'NBDominick\nCharlesREdwards\nMcClellanville\nSoutharolina\n\nLbFag1470\naye 9\n']","['C\n8874\n', '6D\nCR\nC\n\n2R1470\n9\n']","['WPC\n8874\n', '6\nC\nC\n\n21470\n9\n']",modelv1.0__2026-05-17 21:21:18
D:/moth_photos/database\batch_13\img_moth_00025154.jpg,"[4000, 6000]",37.080000000000005,"['WPC\n8875\n', 'RBDominick\nCharlesREdwarn\nMcClellanville\nSouthCarolina\n\nheya ile\n']","['C\n8875\n', 'RD\nCR\nC\nC\n']","['WPC\n8875\n', 'C\nC\nC\n']",modelv1.0__2026-05-17 21:21:18
D:/moth_photos/database\batch_13\img_moth_00025155.jpg,"[4000, 6000]",37.160000000000004,"['WPC\n8876\n', 'RBDominick\nCharlesREdwards\nMcClellanvilfe\n74 Cfrolina\n\npi\nay\n']","['C\n8876\n', 'RRD\nCR\nC\n74 C\n']","['WPC\n8876\n', 'C\nC\n74 C\n']",modelv1.0__2026-05-17 21:21:18
D:/moth_photos/database\batch_13\img_moth_00025156.jpg,"[4000, 6000]",37.0,"['WPC\n8877\n', 'veageFiantation\nsouthSanteeRiver\ncharlegtonCoSC\ntugust 4 1967\n\nacTamoacWDaetne\n']","['C\n8877\n', 'R\nCC\n4 1967\n\nD\n']","['WPC\n8877\n', 'CC\n4 1967\n\nWP\n']",modelv1.0__2026-05-17 21:21:18
D:/moth_photos/database\batch_13\img_moth_00025157.jpg,"[4000, 6000]",36.6078431372549,"['WPC\n8878\n', 'rOUgeFsanrlarcioly\nsouthSanteeRiver\ntharle8tonCoSC\nuly2Z1967\n\nartTamacWDaetaer\n', '']","['RC\n8878\n', 'R\n8C0C\n21967\n\nD\n', '']","['WPC\n8878\n', '8C0C\n2P1967\n\nW\n', '']",modelv1.0__2026-05-17 21:21:18
D:/moth_photos/database\batch_13\img_moth_00025158.jpg,"[4000, 6000]",36.529411764705884,"['WPC\n8879\n', 'RBDominick\n\nChariesREdwards\nMcClellanville\nSouthCarolina29458\n\nTSE0K LIES\n\nLigye\n']","['C\n8879\n', 'RD\n\nCR\nC\nC29458\n\n0 9C8\n\nC\n']","['WPC\n8879\n', 'C\nC\nC29458\n\n0 9C8\n\nC\n']",modelv1.0__2026-05-17 21:21:18
D:/moth_photos/database\batch_13\img_moth_00025159.jpg,"[4000, 6000]",36.549019607843135,"['WPCC\n8880\n', 'RBDominick\nCharlesREdwands 2\nMcClellanville\nSouthCarolina29458\n\nJQDune19t3Z\n\nTraamit\n', '', 'Dominick\neeaees2WPC\nCarolina29458\n\n8880\n\nDSune1943\nnt\n\n']","['C\n8880\n', 'RRD\nCR 2\nC\nC29458\n\nD1938\n', '', 'D\n2C\nC29458\n\n8880\n\nD1943\n\n']","['WPCC\n8880\n', 'C 2\nC\nC29458\n\n1938\n', '', '2WPC\nC29458\n8880\n\n1943\n\n']",modelv1.0__2026-05-17 21:21:18
D:/moth_photos/database\batch_13\img_moth_00025160.jpg,"[4000, 6000]",37.22,"['WPC\n8881\n', 'kKBDominick\nCharlesREdwards\nMcClellanville\nSouthCarolina29458\n\n1GDune1UF\nisn\n']","['C\n8881\n', 'RD\nCR\nC\nC29458\n\n16D1\nC\n']","['WPC\n8881\n', 'C\nC\nC29458\n\n161\nC\n']",modelv1.0__2026-05-17 21:21:18
D:/moth_photos/database\batch_13\img_moth_00025161.jpg,"[4000, 6000]",36.88235294117647,"['WPC\n8882\n', 'KBDominick\nChariesREdwards\nMcClellanville\nSouthCarolina29458\n\nI June WG\nT3a1\n\n']","['C\n8882\n', 'D\nCR\nC\nC29458\n\n1 5\n731\n\n']","['WPC\n8882\n', 'C\nC\nC29458\n\n1 W5\n731\n\n']",modelv1.0__2026-05-17 21:21:18
D:/moth_photos/database\batch_13\img_moth_00025162.jpg,"[4000, 6000]",37.24,"['SOUTHCAROLINA\nWedge Plantation\nMcClellanville\nAugustG1968\nDeC Ferguson\n', 'WPC\n8883\n', 'LiSSsWeeetNem BC00 1 49\nRICHARDB DOMINICK\n\nMOTH8BUTTERFLY COLLECTION\nLINIVERSITYOFSOUTH CAROLINA\n\n', 'Eoelicals\n37h\n']","['CR\nC\n1968\nDC\n', 'C\n8883\n', 'RC00 1 49\nRCRD8 DC\n\n8R CC\nR CR\n\n', '37\n']","['C\nW P\nC\n1968\nC\n', 'WPC\n8883\n', 'PW C00 1 49\nC8 C\n\n8P CC\nW C\n\n', '37\n']",modelv1.0__2026-05-17 21:21:18
D:/moth_photos/database\batch_13\img_moth_00025163.jpg,"[4000, 6000]",36.588235294117645,"['WPC\n8884\n', 'RBDominick\nCharlesREdwardis\nicElellanville\n7g Sune 29458\n\n65 J NGIVS\n', '', 'DMBCO00148\nRICHARDB DOMINICK\n\nMOTH8BUTTERFLY COLLECTION\nUNIVERSITYOFSOUTH CAROLINA\n\n']","['C\n8884\n', 'RRD\nCR\n7 5 29458\n\n65 4\n', '', 'DC00148\nRCRD8 DC\n\n8R CC\nR CR\n\n']","['WPC\n8884\n', 'C\n7 5 29458\n\n65 4\n', '', 'PC00148\nC8 PC\n\n8 CC\nC\n\n']",modelv1.0__2026-05-17 21:21:18
D:/moth_photos/database\batch_13\img_moth_00025164.jpg,"[4000, 6000]",37.14,"['WedgePlantation\nsouth SanteeRiver\ncharlestonCoSc\nAugust 2 1967\ngJamesWPorter\n\n', 'WPC\n8885\n', 'DMBC00147\nRICHARDBDOMINICK\nMOTHBUTTERFLYCOLLECTION\n\nUNIVERSITYOFSOUTH CARCLINA\n']","['R\nC0C\n2 1967\n9\n\n', 'C\n8885\n', 'DC00147\nRCRD8DC\nRCC\n\nR0 CRC\n']","['WP\nC0C\n2 1967\n9WP\n\n', 'WPC\n8885\n', 'PC00147\nC8C\nCC\n\n0 CC\n']",modelv1.0__2026-05-17 21:21:18
D:/moth_photos/database\batch_13\img_moth_00025165.jpg,"[4000, 6000]",36.8235294117647,"['WPC\n8886\n', 'XBDominick\nCharlesREdwards\nMcClellanville\nouthtrrolina\n\n72B59IYC\n', 'DMBC00133\nRICHARDBDOMINICK\n\nMOTHBUTTERFLYCOLLECTION\nUNIVERSITYOFSOUTHCAROLINA\n', '']","['RC\n8886\n', '6D\nCR\nC\n\n72D59C\n', 'DC00133\nRCRDDC\n\nRCC\nRCR\n', '']","['WPC\n8886\n', '6\nC\nC\n\n7259C\n', 'PC00133\nCPC\n\nCC\nC\n', '']",modelv1.0__2026-05-17 21:21:18
D:/moth_photos/database\batch_13\img_moth_00025166.jpg,"[4000, 6000]",37.1,"['WPC\n8887\n', 'SOUTHCAROLINA\nWedge Plantation\nMcClellanville\nAugust1G1968\nDCFerguson\n', '', 'DMBC00132\nRICHARDBDOMINICK\n\nMOTH8BUTTERFLYCOLLECTION\nUNIVERSITYOFSOUTHCAROLINA\n']","['C\n8887\n', 'CR\nC\n161968\nDC\n', '', 'DC00132\nRCRD8DC\n\n8RCRCC\nRCR\n']","['WPC\n8887\n', 'C\nW P\nC\n161968\nCP\n', '', 'PC00132\nC8C\n\n8CCC\nC\n']",modelv1.0__2026-05-17 21:21:18
D:/moth_photos/database\batch_13\img_moth_00025167.jpg,"[4000, 6000]",36.9607843137255,"['WPC\n8888\n', 'mBVominick\nCharlesREdwards\nMcClellanville\nSouthCarolina\n\n1167\nTheyI\n', 'DMBC00131\nRICHARDBDOMINICK\n\nMOTH8BUTTERFLYCOLLECTION\nUNIVERSITYOFSOUTHCAROLINA\n', '']","['C\n8888\n', 'DD\nCR\nC\nC\n\n1167\n', 'DC00131\nRCRD8DC\n\n8RCC\nRCR\n', '']","['WPC\n8888\n', 'C\nC\nC\n\n1167\n', 'PC00131\nC8C\n\n8PCC\nC\n', '']",modelv1.0__2026-05-17 21:21:18
D:/moth_photos/database\batch_13\img_moth_00025168.jpg,"[4000, 6000]",37.2,"['WPC\n8889\n', 'RBDominick\n\nCharlesR aie\nMcClellanyville\nSouth Carolina 2\n\nZOSept op\nLicr4\n', '', '']","['C\n8889\n', 'RRD\n\nCR\nC\nC 2\n\n4\n', '', '']","['WPC\n8889\n', 'C\nC\nC 2\n\nP\n4\n', '', '']",modelv1.0__2026-05-17 21:21:18
D:/moth_photos/database\batch_13\img_moth_00025169.jpg,"[4000, 6000]",36.80392156862745,"['WPC\n8890\n', 'SOUTHCAROLIN\nWedge Plantation\nMcCilel larnville\n\nMarch281967\n\nn al RPeordauscon\n', 'SAMAR\n392\n', 'RICHARDBDOMINICK\n\nMOTHBUTTERFLYCOLLECTION\nUNIVERSITYOFSOUTHCAROLINA\n']","['C\n8890\n', 'CR\nC1\n\n281967\n\nR0\n', 'R\n392\n', 'RCRDDC\n\nRCC\nRCR\n']","['WPC\n8890\n', 'C\nW P\nC1\n\n281967\n\nP0\n', '392\n', 'CPC\n\nCC\nC\n']",modelv1.0__2026-05-17 21:21:18
D:/moth_photos/database\batch_13\img_moth_00025170.jpg,"[4000, 6000]",37.059999999999995,"['WPC\n8891\n', 'RBDominick\nCharlesREdwards\nMcClellamville\nSouthCarolina29458\n\nJ at 96\n', '', 'DMBC00136\nRICHARDBDOMINICK\n\nMOTH8BUTTERFLYCOLLECTION\nUNIVERSITYOFSOUTHCAROLINA\n']","['C\n8891\n', 'RRD\nCR\nC\nC29458\n\n96\n', '', 'DC00136\nRCRD8DC\n\n8RRCC\nRCR\n']","['WPC\n8891\n', 'C\nC\nC29458\n\n96\n', '', 'PC00136\nC8C\n\n8CC\nC\n']",modelv1.0__2026-05-17 21:21:18
D:/moth_photos/database\batch_13\img_moth_00025171.jpg,"[4000, 6000]",36.627450980392155,"['WPC\n8892\n', 'NRDVominick\nChariesREdwards\nMcClellatville\nSouthCarolina29458\nav Sahbe AG 693\n', 'femal\n39235\n', 'DMBC00135\nRICHARDBDOMINICK\nMOTH8BUTTERFLYCOLLECTION\n\nUNIVERSITYOFSOUTHCAROLINA\n']","['RC\n8892\n', 'RDD\nCR\nC\nC29458\n2 693\n', '39235\n', 'DC00135\nRCRDDC\n8RCC\n\nRCR\n']","['WPC\n8892\n', 'C\nC\n\nC29458\n2 693\n', '39235\n', 'PC00135\nCWC\n8CC\n\nC\n']",modelv1.0__2026-05-17 21:21:18
D:/moth_photos/database\batch_13\img_moth_00025172.jpg,"[4000, 6000]",36.6078431372549,"['WPC\n8893\n', 'KBDominick\n\nCharles REdwanis9\nMcClellanville\n\nSouthCardlina29458\n\nSJiune969\nLithrt\n', '37357\n', 'DMBC00134\nRICHARDBDOMINICK\n\nMOTHBUTTERFLYCOLLECTION\nUNIVERSITYOFSOUTHCAROLINA\n']","['C\n8893\n', 'RRD\n\nC R9\nC\n\nC29458\n\nD969\n', '37357\n', 'DC00134\nRCRD8DC\n\nRCC\nRCR\n']","['WPC\n8893\n', 'C 9\nC\n\nC29458\n\n969\n', '37357\n', 'PC00134\nC8C\n\nCC\nC\n']",modelv1.0__2026-05-17 21:21:18
D:/moth_photos/database\batch_13\img_moth_00025173.jpg,"[4000, 6000]",36.64705882352941,"['WPC\n8894\n', 'KBDominick\n\nCharlesREdwars\nMcClellanville\nSouthCarlina\n\n23Septig AWE\n', 'pi LURES\nProndole\n', 'DMBC00141\nRICHARDBDOMINICK\n\nMOTHBUTTERFLYCOLLECTION\nUNIVERSITYOFSOUTHCAROLINA\n']","['RC\n8894\n', 'RD\n\nCR\nC\nC\n\n23\n', '2R\n', 'DC00141\nRCRD8DC\n\nRCC\nRCR\n']","['WPC\n8894\n', 'C\nC\nC\n\n23 W\n', 'P 2\nP\n', 'PC00141\nC8WC\n\nCC\nC\n']",modelv1.0__2026-05-17 21:21:18
D:/moth_photos/database\batch_13\img_moth_00025174.jpg,"[4000, 6000]",36.80392156862745,"['SOUTHCAROLINA\nWedgePlantation\nMcClellanville\nAugust1968\nDeC Fergdson\n', 'WPC\n8895\n', 'RICHARDBDOMINICK\n\nMOTHBUTTERFLYCOLLECTION\nUNIVERSITYOFSOUTHCAROLINA\n', 'SfSf\n\nCpl ve\noer fs ae ede\n\ndefS6F\n\nod\n']","['CR\nC1\n1968\nDC\n', 'RC\n8895\n', 'RCRD8DC\n\nRCC\nRCR\n', '5\n\nC3\n\n6\n\n']","['C\nWP\nC1\n1968\nC P\n', 'WPC\n8895\n', 'C8C\n\nCC\nC\n', '5\n\nC3\n\n6\n\n']",modelv1.0__2026-05-17 21:21:18
D:/moth_photos/database\batch_13\img_moth_00025175.jpg,"[4000, 6000]",37.1,"['SOUTHCAROLINA\nWedge Plantation\nMcClellanville\nAugust231968\nDCFerguson\n', 'WPC\n8896\n', '', 'DMBC00139\nRICHARDBDOMINICK\n\nMOTH8BUTTERFLYCOLLECTION\n\nUNIVERSITYOFSOUTHCAROLINA\n']","['CR\nC\n231968\nDC\n', 'RC\n8896\n', '', 'DC00139\nRCRDD0C\n\n8RCC\n\nR0CR\n']","['C\nW P\nC\n231968\nCP\n', 'WPC\n8896\n', '', 'PC00139\nC0C\n\n8PCC\n\n0C\n']",modelv1.0__2026-05-17 21:21:18
D:/moth_photos/database\batch_13\img_moth_00025176.jpg,"[4000, 6000]",36.8235294117647,"['SOUTHCAROLINA\nWedgePlantation\nMcClellanville\nAugust31968\nDCFerguson\n\n', 'WPC\n8897\n', '', 'DMBC0Q0138\nRICHARDBDOMINICK\n\nMOTH8BUTTERFLYCOLLECTION\nUNIVERSITYOFSOUTHCAROLINA\n']","['CR\nC\n31968\nDC\n\n', 'RC\n8897\n', '', 'DC00138\nRCRD8DC\n\n8RRCC\nRCR\n']","['C\nWP\nC\n31968\nC\n\n', 'WPC\n8897\n', '', 'PC00138\nC8C\n\n8CC\nC\n']",modelv1.0__2026-05-17 21:21:18
D:/moth_photos/database\batch_13\img_moth_00025177.jpg,"[4000, 6000]",37.0,"['WPC\n8898\n', 'KBVominick\nCharlesREdward\nMcClejlanville\nSouthCarolina\n\nby RugAF 70\n\nf497Q\n', '', 'DMBC00142\nRICHARDBDOMINICK\n\nMOTHBUTTERFLYCOLLECTION\n\nUNIVERSITYOFSOUTHCAROLINA\n']","['C\n8898\n', 'RD\nCR\nC\nC\n\nR 70\n\n497\n', '', 'DC00142\nRCRD8DC\n\nRCC\n\nRCR\n']","['WPC\n8898\n', 'C\nC\nC\n\n70\n\n497\n', '', 'PC00142\nC8WC\n\nPCC\n\nC\n']",modelv1.0__2026-05-17 21:21:18
D:/moth_photos/database\batch_13\img_moth_00025178.jpg,"[4000, 6000]",36.745098039215684,"['SOUTHCAROLINA\nWedgePlantation\nMcClellartville\nAugust1968\nncPerafison\n', 'WPC\n', 'bey2772\n', 'DMBC00145\nRICHARDBDOMINICK\nMOTH8BUTTERFLYCOLLECTION\n\nUNIVERSITYOFSOUTHCAROLINA\n']","['CR\nC\n1968\nCR\n', 'RC\n', '2772\n', 'DC00145\nRCRDDC\n8RRCC\n\nR0CR\n']","['WC\nWP\nC\n1968\nCP\n', 'WPC\n', '2772\n', 'PC00145\nCC\n8PCC\n\n0C\n']",modelv1.0__2026-05-17 21:21:18
D:/moth_photos/database\batch_13\img_moth_00025179.jpg,"[4000, 6000]",36.549019607843135,"['SOUTHCAROLINA\nWedge Plantation\nMcClellanville\nAugust uy 1968\n\nnCfPerauson\n', 'WPCC\n8900\n', '', 'RICHARDBDOMINICK\n\nMOTHBUTTERFLYCOLLECTION\n\nUNIVERSITYOFSOUTHCAROLINA\n']","['CR\nC1\n1968\n\nCR\n', 'RC\n8900\n', '', 'RCRD8DC\n\nRCC\n\nRCR\n']","['C\nW P\nC1\n1968\n\nCP\n', 'WPCC\n8900\n', '', 'C8C\n\nCC\n\nC\n']",modelv1.0__2026-05-17 21:21:18
D:/moth_photos/database\batch_13\img_moth_00025180.jpg,"[4000, 6000]",37.03921568627451,"['WPC\n8901\n', 'SOUTHCAROLINA\n\nWedgePlantation\n\nMcClellanville\ne\n\nAugust A 1968\n\nDeCc Fergison\n', 'WPP8550\n\nryDLYO\n', 'SOUTHCAROLINA\nNedgePlantation\nMcClellanville\n\ne\nAugust SG 1968\n2Cw Fergidson\n\nWPC\n8901\n\n']","['C\n8901\n', 'CRC\nC\n1968\nDC\n', '58550\n\nD4D\n', 'CR\nC\n1968\n2C\n\nRC\n8901\n\n']","['WPC\n8901\n', 'CC\nWP\nC\n1968\nC\n', 'WPP8550\n\n4\n', 'C\nWP\nC\n\n1968\n2C P\n\nWPC\n8901\n\n']",modelv1.0__2026-05-17 21:21:18
D:/moth_photos/database\batch_13\img_moth_00025181.jpg,"[4000, 6000]",36.745098039215684,"['ficCleliafnviisc\nsouthCarolina\n2BDominick\n', 'WPC\n8902\n', 'DMBC00143\nRICHARDBGOMINICK\n\nMOTH8BUTTERFLYCOLLECTION\nUNIVERSITYOFSOUTHCAROLINA\n\n']","['C\nC\n2RD\n', 'RC\n8902\n', 'DC00143\nRCRD8C\n\n8RCC\nRCR\n\n']","['C\nC\n2\n', 'WPC\n8902\n', 'PC00143\nC8C\n\n8CC\nC\n\n']",modelv1.0__2026-05-17 21:21:18
D:/moth_photos/database\batch_13\img_moth_00025182.jpg,"[4000, 6000]",36.56862745098039,"['WPC\n8903\n', 'SOUTHCAROLINA\nWedge Plantation\nMcClellarfville\nAugust22 1968\nDC Ferguson\n', 'DMBC00151\nRICHARDBDOMINICK\nMOTHBUTTERFLYCOLLECTION\n\nUNIVERSITYOFSOUTHCAROLINA\n', '']","['C\n8903\n', '0CR\nC\n22 1968\nDC\n', 'DC00151\nRCRD8DC\nRCC\n\nRCR\n', '']","['WPC\n8903\n', '0C\nW P\nC\n22 1968\nC P\n', 'PC00151\nC8WC\nCC\n\nC\n', '']",modelv1.0__2026-05-17 21:21:18
D:/moth_photos/database\batch_13\img_moth_00025183.jpg,"[4000, 6000]",36.80392156862745,"['WPC\n8904\n', 'kKBDominick\nCharlesREdwards\nMcClelfanville\nSouthCarvlina\n\n17Ohe7\n', '', 'RICHARDBDOMINICK\n\nMOTH8BUTTERFLYCOLLECTION\n\nUNIVERSITYOFSOUTHCAROLINA\n']","['C\n8904\n', 'D\nCR\nC\nC\n\n1747\n', '', 'RCRD8DC\n\n8RCC\n\nR0CR\n']","['WPC\n8904\n', 'C\nC\nC\n\n1747\n', '', 'C8C\n\n8CC\n\n0C\n']",modelv1.0__2026-05-17 21:21:18
D:/moth_photos/database\batch_13\img_moth_00025184.jpg,"[4000, 6000]",36.88235294117647,"['WPC\n8905\n', 'ReDeMOMIMNICK\nCharlesREdwards\nMcClellanville\nSouthCaolina e\n\n25fapsIt7e\nmney\n']","['C\n8905\n', 'RDC\nCR\nC\nC\n\n2570\n']","['WPC\n8905\n', 'WC\nC\nC\nC\n\n2570\n']",modelv1.0__2026-05-17 21:21:18
D:/moth_photos/database\batch_13\img_moth_00025185.jpg,"[4000, 6000]",37.24,"['WPC\n8906\n', 'RBDominick\nCharlesREdwards\nMcClellanville\nSoutkCarolina\n27SWUteJ971\n\nCishytP\n']","['C\n8906\n', 'RD\nCR\nC\nC\n27971\n\nC\n']","['WPC\n8906\n', 'C\n\nC\n\nC\n27W971\n\nCP\n']",modelv1.0__2026-05-17 21:21:18
D:/moth_photos/database\batch_13\img_moth_00025186.jpg,"[4000, 6000]",36.627450980392155,"['WPC\n8907\n', 'RBDominick\nCharlesREdwards\nMcCledlanville\nSouthCarolina29458\n27NPAF9F\n\nLSutcofr\n']","['C\n8907\n', 'RRD\nCR\nC\nC29458\n279\n']","['WPC\n8907\n', 'C\n\nC\n\nC29458\n27P9\n']",modelv1.0__2026-05-17 21:21:18
D:/moth_photos/database\batch_13\img_moth_00025187.jpg,"[4000, 6000]",36.8235294117647,"['WPC\n8908\n', 'mDVOominick\nCharlesREdward\nMcClelJanville\nsouthCarolina\n\n04Aune I9D\ntahbhet\n']","['C\n8908\n', 'D\nCR\nC\n0C\n\n044 9D\n']","['WPC\n8908\n', 'C\nC\n0C\n\n044 9\n']",modelv1.0__2026-05-17 21:21:18
D:/moth_photos/database\batch_13\img_moth_00025188.jpg,"[4000, 6000]",36.59615384615385,"['WPC\n8909\n', 'RBDominick\nSharlesREdwards\nMcClellanville\nSowthCarolina\n19Agn797Z\nLrshegv\n']","['C\n8909\n', 'RRD\nR\nC\n0C\n197972\n']","['WPC\n8909\n', 'C\n0C\n197972\n']",modelv1.0__2026-05-17 21:21:18
D:/moth_photos/database\batch_13\img_moth_00025189.jpg,"[4000, 6000]",37.14,"['WPC\n8910\n', 'Mc Clellanville\nSouthCarolina\nRBDominic\n\n36Iuitlo\n\nAa\n', '']","['C\n8910\n', 'C\nC\nRD\n\n36\n', '']","['WPC\n8910\n', 'C\nC\n\n36\n', '']",modelv1.0__2026-05-17 21:21:18
D:/moth_photos/database\batch_13\img_moth_00025190.jpg,"[4000, 6000]",36.64705882352941,"['WPC\n8911\n', 'RDMOMMICHK\nCharlesREdwardis\nMcClellanville\nSoutheCarolina29458\n\nBOct1969\n\nJited\n']","['C\n8911\n', 'RDC\nCR\nC\nC29458\n\n31969\n\nC\n']","['WPC\n8911\n', 'C\nC\nC\nC29458\n\n31969\n\nC\n']",modelv1.0__2026-05-17 21:21:18
D:/moth_photos/database\batch_13\img_moth_00025191.jpg,"[4000, 6000]",36.68627450980392,"['WPCC\n8912\n', 'R BDominick\n\nCharlesREdwanis\nMcClellanville\nSouthEarolina29458\n\n28Oct11G6H\nLignt\n', '']","['C\n8912\n', 'R D\n\nCR\nC\n29458\n\n281156\nC4\n', '']","['WPCC\n8912\n', 'C\nC\n29458\n\n281156\nC4\n', '']",modelv1.0__2026-05-17 21:21:18
D:/moth_photos/database\batch_13\img_moth_00025192.jpg,"[4000, 6000]",37.22,"['WPC\n8913\n', 'RBDominick\nCharlesREdwards\nMcClellanville\nSothCarolina29458\n\nx\n', '']","['C\n8913\n', 'RD\nCR\nC\nC29458\n', '']","['WPC\n8913\n', 'C\nC\nC29458\n', '']",modelv1.0__2026-05-17 21:21:18
D:/moth_photos/database\batch_13\img_moth_00025193.jpg,"[4000, 6000]",37.21568627450981,"['nBVomINIcK\nCharlesREdwards\nMcClellanville\nSouthEarolina29458\n\n22Auy196P\nLug4\n', 'WPC\n8914\n', 'R Edwanis\n\nanville WPC\n\nolina nO\n\nwd S968 8914\n\n']","['RDC\nCR\nC\n29458\n\n22196\n64\n', 'C\n8914\n', 'R\n\nRC\n\n4 1968 8914\n\n']","['C\nC\nC\n29458\n\n22196P\n64\n', 'WPC\n8914\n', 'WPC\n\n4 1968 8914\n\n']",modelv1.0__2026-05-17 21:21:18
D:/moth_photos/database\batch_13\img_moth_00025194.jpg,"[4000, 6000]",36.80392156862745,"['RBDominick\nCharlesREdwaris\nMcClellanville\nSotuthCarolina29458\nTbetkt9b8\n\nSteam\n', 'WPC\n8915\n', '']","['RD\nCR\nC\nC29458\nD968\n', 'C\n8915\n', '']","['C\n\nC\n\nC29458\n968\n', 'WPC\n8915\n', '']",modelv1.0__2026-05-17 21:21:18
D:/moth_photos/database\batch_13\img_moth_00025195.jpg,"[4000, 6000]",36.745098039215684,"['WPC\n8916\n', 'RBDominick\nCharlesREdwards\nMcClellanville\nSouthCarolina29458\n14AFASGFE\nLAithtwA\n', '']","['C\n8916\n', 'RRD\nCR\nC\nC29458\n149\n', '']","['WPC\n8916\n', 'C\nC\n\nC29458\n14P9P\n', '']",modelv1.0__2026-05-17 21:21:18
D:/moth_photos/database\batch_13\img_moth_00025196.jpg,"[4000, 6000]",37.24,"['WPC\n8917\n', 'RBDominick\n\nCharlesR Edwards\n\nMcClellanville\n\nSouthCarolina29458\n\nAYAUS968\nLy79AF\n', '']","['C\n8917\n', 'RRD\n\nCR\n\nC\n\nC29458\n\n145968\n2794\n', '']","['WPC\n8917\n', 'C W\n\nC\n\nC29458\n\n145968\n2794\n', '']",modelv1.0__2026-05-17 21:21:18
D:/moth_photos/database\batch_13\img_moth_00025197.jpg,"[4000, 6000]",36.68627450980392,"['WPC\n8918\n', 'RBDominick\nCharilesR Edward\nMcClellanville\nSouthCarolina29458\n\n14Biws SILF\n', '']","['C\n8918\n', 'RD\nCR\nC\nC29458\n\n14D 9C\n', '']","['WPC\n8918\n', 'C\nC\nC29458\n\n14 9C\n', '']",modelv1.0__2026-05-17 21:21:18
D:/moth_photos/database\batch_13\img_moth_00025198.jpg,"[4000, 6000]",36.80392156862745,"['WPC\n8919\n', 'RBDominick\n\nCharlesR EdwanisP\n\nMcClellanville\n\nSouthCarolina29458\n\nalg aly IGLS\nLith\n', '']","['C\n8919\n', 'RD\nCR\nC\nC29458\n2\n', '']","['WPC\n8919\n', 'C WP\nC\nC29458\n2\n', '']",modelv1.0__2026-05-17 21:21:18
D:/moth_photos/database\batch_13\img_moth_00025199.jpg,"[4000, 6000]",36.76470588235294,"['WPC\n8920\n', 'RBDominick\nCharlesREdwardis\nMcClellanville\n\nSoutharolina29455\n']","['C\n8920\n', 'RD\nCR\nC\n\n29455\n']","['WPC\n8920\n', 'C\nC\n\n29455\n']",modelv1.0__2026-05-17 21:21:18
D:/moth_photos/database\batch_13\img_moth_00025200.jpg,"[4000, 6000]",37.14,"['WPC\n8921\n', '7iCClellanville\nsouth Carolina\n8Dominick\n\n2Wagfe M6\n']","['C\n8921\n', '7CC\nC\n8D\n\n2 6\n']","['WPC\n8921\n', '7CC\nC\n8\n\n2W 6\n']",modelv1.0__2026-05-17 21:21:18
D:/moth_photos/database\batch_13\img_moth_00025201.jpg,"[4000, 6000]",36.71153846153846,"['WPC\n8922\n', 'RBDominick\nChariesREdwards\nMcGlellanville\nSouthCarolina29458\n\n274451969\nLest\n']","['C\n8922\n', 'RD\nCR\nC29458\n\n274451969\n']","['WPC\n8922\n', 'C\nC29458\n\n274451969\n']",modelv1.0__2026-05-17 21:21:18
D:/moth_photos/database\batch_13\img_moth_00025202.jpg,"[4000, 6000]",36.9607843137255,"['WPC\n8923\n', 'McClellanville\n\nSputh CarolinaGSe\nCharlesR Edwards\n3Jul 1 Vie 7\n', 'aR\nApantesss oy\n\nlira\n\nDetD0 Ferguson i9 7\nPeabodyMuseumYaleUniv\n\n', '']","['RC\n8923\n', 'C\n\nC\nCR\n3 1 D 7\n', 'R\n\nDD0 9 7\n\n', '']","['WPC\n8923\n', 'C\n\nC\nC\n3 1 P 7\n', '0 P 9 7\nP\n\n', '']",modelv1.0__2026-05-17 21:21:18
D:/moth_photos/database\batch_13\img_moth_00025203.jpg,"[4000, 6000]",36.666666666666664,"['WPC\n8924\n', 'RBDominick\nCharlesREdwards\nMcClellanville\nSouthCarolina\n2IApr197Z\nwrhso\n']","['C\n8924\n', 'RRD\nCR\nC\nC\n271972\n']","['WPC\n8924\n', 'C\nC\nC\n271972\n']",modelv1.0__2026-05-17 21:21:18
D:/moth_photos/database\batch_13\img_moth_00025204.jpg,"[4000, 6000]",36.666666666666664,"['WPC\n8925\n', 'vicClellanville\nsouthCarolina\niF BDominic\n\ncad\n\nKatsZAP\n']","['C\n8925\n', 'C\n0C\nD\n']","['WPC\n8925\n', 'C\n0C\n\nP\n\nP\n']",modelv1.0__2026-05-17 21:21:18
D:/moth_photos/database\batch_13\img_moth_00025205.jpg,"[4000, 6000]",36.88235294117647,"['WPC\n8926\n', '7p 90Pyllyre PAP\n5qgcIF ppapnen G4\n\nipreh wWofBeind a\n\nEmere5 14Fuly6\nBDominick\nCharles R niche\nMcClellanville\n']","['C\n8926\n', '7 90\n51 64\n\n5 146\nD\nC R\nC\n']","['WPC\n8926\n', '7P 90P PP\n51 64\n\nW\n\n5 146\nC\nC\n']",modelv1.0__2026-05-17 21:21:18
D:/moth_photos/database\batch_13\img_moth_00025206.jpg,"[4000, 6000]",36.90196078431373,"['WPC\n8927\n', '']","['C\n8927\n', '']","['WPC\n8927\n', '']",modelv1.0__2026-05-17 21:21:18
D:/moth_photos/database\batch_13\img_moth_00025207.jpg,"[4000, 6000]",37.18000000000001,"['WPC\n8928\n', '']","['C\n8928\n', '']","['WPC\n8928\n', '']",modelv1.0__2026-05-17 21:21:18
D:/moth_photos/database\batch_13\img_moth_00025208.jpg,"[4000, 6000]",36.7843137254902,"['WPC\n8929\n', 'RBDominick\nChariesR Edwards\nMcClellanville\nSouthCarolina29458\n\nS4u59CF\nPid\n', '', 'DMBC00887\nRICHARDBDOMINICK\n\nMOTH8BUTTERFLYCOLLECTION\nUNIVERSITYOFSOUTHCAROLINA\n']","['C\n8929\n', 'RRD\nCR\nC\nC29458\n\n6459CD\n', '', 'DC00887\nRCRDDC\n\n8RCC\nRCR\n']","['WPC\n8929\n', 'C P\nC\nC29458\n\n6459C\nP\n', '', 'PC00887\nCPC\n\n8CC\nC\n']",modelv1.0__2026-05-17 21:21:18
D:/moth_photos/database\batch_13\img_moth_00025209.jpg,"[4000, 6000]",37.1,"['WPC\n8930\n', 'RBDominick\nCharlesREdwards CO\nMc ClellanvVille\nSouthCarolina29458\n\nJ3RpR969\nAiGhad\n', '', 'DMBC00886\nRICHARDBDOMINICK\n\nMOTH8BUTTERFLYCOLLECTION\n\nUNIVERSITYOFSOUTHCARQLINA\n']","['C\n8930\n', 'RRD\nCR C\nC\nC29458\n\n3RR969\n', '', 'DC00886\nRCRDDC\n\n08RCC\n\nRCR\n']","['WPC\n8930\n', 'C C\nC\nC29458\n\n3969\n', '', 'PC00886\nCPC\n\n08CC\n\nC\n']",modelv1.0__2026-05-17 21:21:18
D:/moth_photos/database\batch_13\img_moth_00025210.jpg,"[4000, 6000]",37.22,"['WPCC\n8931\n', 'eee\nRBDominick\nChariesREdwards\nMcClellanville\nSouthCareltha29458\n\n19ApRS969\n415hF\n\n', '', 'UMBC00862\nRICHARDBDOMINICK\n\nMOTHBUTTERFLYCOLLECTION\n\nUNIVERSITYOFSOUTHCAROLINA\n']","['RC\n8931\n', 'CC\nRRD\nCR\nC\nC29458\n\n19R969\n415\n\n', '', 'C00862\nRCRD8DC\n\nRCC\n\nRCR\n']","['WPCC\n8931\n', 'CC\nC\nC\nC29458\n\n19P969\n415\n\n', '', 'C00862\nC8C\n\nCC\n\nC\n']",modelv1.0__2026-05-17 21:21:18
D:/moth_photos/database\batch_13\img_moth_00025211.jpg,"[4000, 6000]",36.56862745098039,"['WPC\n8932\n', '1RBDominick\nCharlesREdwards\nMcClellanville\nSouth Carolina 2945\n\n7 AYIR196E\n\nAcprh\n', 'Haly sy gotaIsg\n\ntose Waris\n\nDetD0 Ferguson eA 7\nPeabodyMuseumYaleUniv\n\n', 'DMBC00861\nRICHARDBDOMINICK\n\nMOTH8BUTTERFLYCOLLECTION\n\nUNIVERSITYOFSOUTHCAROLINA\n']","['C\n8932\n', '1RRD\nCR\nC\nC 2945\n\n7 R1968\n', '5\n\nDD0 4 7\n\n', 'DC00861\nRCRD8D0C\n\n8RRCC\n\nRCR\n']","['WPC\n8932\n', '1\nC\nC\nC 2945\n\n7 P1968\n', '5\n\nW\n\n0 P 4 7\nP\n\n', 'PC00861\nC80C\n\n8CC\n\nC\n']",modelv1.0__2026-05-17 21:21:18
D:/moth_photos/database\batch_13\img_moth_00025212.jpg,"[4000, 6000]",37.18000000000001,"['WPC\n8933\n', 'RBDominick\nFMcClellanville73\nSquthCarolina\n\nUgliside tabessellars\n\nasoates gaat 93\n\nwerdae 1923\n']","['RC\n8933\n', 'RRD\nC73\nC\n\n93\n\n1923\n']","['WPC\n8933\n', 'C73\nC\n\n93\n\nW 1923\n']",modelv1.0__2026-05-17 21:21:18
D:/moth_photos/database\batch_13\img_moth_00025213.jpg,"[4000, 6000]",37.07843137254902,"['WPC\n8934\n', '']","['C\n8934\n', '']","['WPC\n8934\n', '']",modelv1.0__2026-05-17 21:21:18
D:/moth_photos/database\batch_13\img_moth_00025214.jpg,"[4000, 6000]",36.529411764705884,"['WPC\n8935\n', 'Rb6Dominick\nCharlesREdwards\nMcClellanville\nSouth Cfrolina e\n']","['C\n8935\n', 'R6D\nCR\nC\nC\n']","['WPC\n8935\n', '6\nC\nC\nC\n']",modelv1.0__2026-05-17 21:21:18
D:/moth_photos/database\batch_13\img_moth_00025215.jpg,"[4000, 6000]",36.88235294117647,"['WPC\n8936\n', 'RBDominick\nCharlesREdwards\nMcClellanville e\nSouthCarolina\n7Aug1971\nLIGAY\n']","['C\n8936\n', 'RD\nCR\nC\n0C\n71971\n4\n']","['WPC\n8936\n', 'C\nC\n0C\n71971\n4\n']",modelv1.0__2026-05-17 21:21:18
D:/moth_photos/database\batch_13\img_moth_00025216.jpg,"[4000, 6000]",36.76470588235294,"['WPC\n8937\n', 'RBDominick\nCharlesREdwardis LP\nMcGlellanville\nSouthCarolina29458\n\neat9G8\n']","['C\n8937\n', 'RRD\nCR\nC\nC29458\n\n9C8\n']","['WPC\n8937\n', 'C P\nC\nC29458\n\n9C8\n']",modelv1.0__2026-05-17 21:21:18
D:/moth_photos/database\batch_13\img_moth_00025217.jpg,"[4000, 6000]",36.98039215686274,"['WPC\n8938\n', 'RBDominick\nCharlesREdwards\nMcClellanville\nSouth Caroline 29458\n\n2319 POFL3\nLIiSaAft\n']","['RC\n8938\n', 'RD\nCR\nC\nC 29458\n\n2319 73\nC\n']","['WPC\n8938\n', 'C\nC\nC 29458\n\n2319 P3\nC\n']",modelv1.0__2026-05-17 21:21:18
D:/moth_photos/database\batch_13\img_moth_00025218.jpg,"[4000, 6000]",37.22,"['WPC\n8939\n', 'RBDominick\nCharlesREdwards\nMc6lellanville\nSouthCarolina294586\n\nFScot9b8\nLaCfha4\n']","['C\n8939\n', 'RD\nCR\n6\nC294586\n\n988\nC74\n']","['WPC\n8939\n', 'C\n6\nC294586\n\n988\nC74\n']",modelv1.0__2026-05-17 21:21:18
D:/moth_photos/database\batch_13\img_moth_00025219.jpg,"[4000, 6000]",37.22,"['WPC\n8940\n', 'NbDominick\nChariesR Edwanisp\nMcClellanville\n33 29458 e\n\n3Mmay19t9\na3\n']","['C\n8940\n', '6D\nCR\nC\n33 29458\n\n31969\n43\n']","['WPC\n8940\n', '6\nC WP\nC\n33 29458\n\n31969\n43\n']",modelv1.0__2026-05-17 21:21:18
D:/moth_photos/database\batch_13\img_moth_00025220.jpg,"[4000, 6000]",36.88235294117647,"['WPC\n8941\n', 'CharlesREdwards\nMcClellanville\nSoutkCarolina29458e\n\n23may9bP\n\nser\n\nRRDominick 2\n']","['C\n8941\n', 'CR\nC\nC29458\n\n2396\n\n4\n\nRRD 2\n']","['WPC\n8941\n', 'C\nC\nC29458\n\n2396P\n\n4\n\n2\n']",modelv1.0__2026-05-17 21:21:18
D:/moth_photos/database\batch_13\img_moth_00025221.jpg,"[4000, 6000]",37.080000000000005,"['WPC\n8947\n', 'RBDominick\nChariesR EdwanisP\nMcClellanville\nSoufhCarolina29458\n\n323\nae rar GLP\n']","['C\n8947\n', 'RRD\nCR\nC\nC29458\n\n323\n19\n']","['WPC\n8947\n', 'C P\nC\nC29458\n\n323\n19P\n']",modelv1.0__2026-05-17 21:21:18
D:/moth_photos/database\batch_13\img_moth_00025222.jpg,"[4000, 6000]",36.509803921568626,"['WPC\n8943\n', 'RBDominick\nChariesR EdwardsF\nMcClellanville\nSouthCarolina29458\n\ntf AAS The\n', '']","['C\n8943\n', 'RRD\nCR\nC\nC29458\n\n6\n', '']","['WPC\n8943\n', 'C\nC\nC29458\n\nP 6\n', '']",modelv1.0__2026-05-17 21:21:18
D:/moth_photos/database\batch_13\img_moth_00025223.jpg,"[4000, 6000]",36.666666666666664,"['PUUTHCARULINA\nWedgePlantation\nMcClellanville\nAugust y 1968\nDCFerguson\n', 'WPC\n\n683944\n']","['RCR\nC\n1968\nDC\n', 'C\n\n683944\n']","['PC\nWP\nC\n1968\nC\n', 'WPC\n\n683944\n']",modelv1.0__2026-05-17 21:21:18
D:/moth_photos/database\batch_13\img_moth_00025224.jpg,"[4000, 6000]",37.09803921568628,"['WPC\n8945\n', 'DMaxbb\n\nCoosawhatchie\nSouth Carolina\n\nRABy Domi ick Mt\n', '']","['C\n8945\n', 'D6\n\nC\nC\n\nR D 7\n', '']","['WPC\n8945\n', 'WW6\n\nC\nC\n\n7\n', '']",modelv1.0__2026-05-17 21:21:18
D:/moth_photos/database\batch_13\img_moth_00025225.jpg,"[4000, 6000]",36.6078431372549,"['WPC\n8947\n', '', 'McClellanville\nSouthCarolina\n\nRBeDominick\n7SEer1V66\nE Nt\n']","['C\n8947\n', '', 'C\nC\n\nRRD\n7166\n']","['WPC\n8947\n', '', 'C\nC\n7166\n']",modelv1.0__2026-05-17 21:21:18
D:/moth_photos/database\batch_13\img_moth_00025226.jpg,"[4000, 6000]",36.94117647058823,"['WPC\n8946\n', 'McClellanville\nsouthCarolina\n8BDominick\n7APR1965\nLiSyr2\n']","['C\n8946\n', 'C\n0C\n8RD\n7R1965\n1642\n']","['WPC\n8946\n', 'C\n0C\n8\n7P1965\n1642\n']",modelv1.0__2026-05-17 21:21:18
D:/moth_photos/database\batch_13\img_moth_00025227.jpg,"[4000, 6000]",36.76470588235294,"['WPC\n8948\n', 'Dominick\n\n2SApril 967\nLickh\n\nMcClellanville\nSouth Carolina\n']","['C\n8948\n', 'D\n\n25 967\n\nC\nC\n']","['WPC\n8948\n', '25 967\n\nC\nC\n']",modelv1.0__2026-05-17 21:21:18
D:/moth_photos/database\batch_13\img_moth_00025228.jpg,"[4000, 6000]",36.666666666666664,"['WPC\n8949\n', 'McClellanville\nSouthCarolina\nRBDominick\n\nB144 4967\nhight 2 Ch\n', '']","['C\n8949\n', 'C\nC\nRD\n\n3144 4967\n2 C\n', '']","['WPC\n8949\n', 'C\nC\n\n3144 4967\n2 C\n', '']",modelv1.0__2026-05-17 21:21:18
D:/moth_photos/database\batch_13\img_moth_00025229.jpg,"[4000, 6000]",36.9607843137255,"['WPC\n8950\n', 'McClellanville\n\nSouthCarolina\n\n20 og\nhight\n']","['C\n8950\n', 'C\nC\n20\n']","['WPC\n8950\n', 'C\nC\n20\n']",modelv1.0__2026-05-17 21:21:18
D:/moth_photos/database\batch_13\img_moth_00025230.jpg,"[4000, 6000]",36.588235294117645,"['WPC\n8951\n', 'McClellanville\nSouthCarolina\n\nRBDominick\nLight\n', '']","['C\n8951\n', 'C\nC\nRRD\n', '']","['WPC\n8951\n', 'C\nC\n', '']",modelv1.0__2026-05-17 21:21:18
D:/moth_photos/database\batch_13\img_moth_00025231.jpg,"[4000, 6000]",36.88235294117647,"['WPC\n8953\n\n', 'KBDominick\nCharlesREdwards\nMcClellanville\nSouthCagolina\n', '', 'DMBC90864\nRICHARDBDOMINICK\n\nMOTH8BUTTERFLYCOLLECTION\nUNIVERSITYOFSOUTHCAROLINA\n']","['C\n8953\n\n', 'RD\nCR\nC\nC\n', '', 'DC90864\nRCRD8DC\n\n8RCC\nRCR\n']","['WPC\n8953\n\n', 'C\nC\nC\n', '', 'PC90864\nC8PC\n\n8CC\nC\n']",modelv1.0__2026-05-17 21:21:18
D:/moth_photos/database\batch_13\img_moth_00025232.jpg,"[4000, 6000]",37.0,"['WPC\n8952\n', 'RBDominick\nCharlesR aweadee\nMcClellanville\n\nSouth arodina 29458\n\nZ OcH 1969\nUght\n', 'Halisidota\nlonga\n\nLoy\n\n', 'DMBC00863\nRICHARDBDOMINICK\n\nMOTH8BUTTERFLYCOLLECTION\nUNIVERSITYOFSOUTHCAROLINA\n']","['C\n8952\n', 'RD\nCR\nC\n\n29458\n\n1969\n', '', 'DC00863\nRCRDDC\n\n8RRCC\nRCR\n']","['WPC\n8952\n', 'C\nC\n29458\n\n1969\n', '', 'PC00863\nCC\n\n8CC\nC\n']",modelv1.0__2026-05-17 21:21:18
D:/moth_photos/database\batch_13\img_moth_00025233.jpg,"[4000, 6000]",36.666666666666664,"['WPC\n8954\n', 'x6BVominick\nCharlesREdwards\nMcCJellanville\nSouthCarolina\nR5Segt77\nLightef\n']","['C\n8954\n', '6D\nCR\nC\nC\nR577\n']","['WPC\n8954\n', '6\nC\nC\nC\n577\n']",modelv1.0__2026-05-17 21:21:18
D:/moth_photos/database\batch_13\img_moth_00025234.jpg,"[4000, 6000]",36.56862745098039,"['WPC\n8955\n', 'KBDominick\nCharlesR Edward\nMcClellanville e\nSouth Garolina\n\ner yg op\n', '']","['C\n8955\n', 'RRD\nCR\nC\nC\n', '']","['WPC\n8955\n', 'C\nC\nC\n\nP\n', '']",modelv1.0__2026-05-17 21:21:18
D:/moth_photos/database\batch_13\img_moth_00025235.jpg,"[4000, 6000]",36.588235294117645,"['WPC\n8956\n', 'SOUTHCAROLINA\nWedgePlantation\nMcClellafiville\nAugust 18 1968\nDeC Ferguson\n']","['C\n8956\n', 'CR\nC\n18 1968\nDC\n']","['WPC\n8956\n', 'C\nWP\nC\n18 1968\nC P\n']",modelv1.0__2026-05-17 21:21:18
D:/moth_photos/database\batch_13\img_moth_00025236.jpg,"[4000, 6000]",36.84313725490196,"['WPC\n8957\n', 'NBOVominick\nharlesREdwards\nMcClellanville\nsouthCafolinae\n\nUAd19D6\nsea\n']","['C\n8957\n', 'D\nR\nC\n0C\n\nC19D6\n']","['WPC\n8957\n', 'C\n0C\n\nWC196\n']",modelv1.0__2026-05-17 21:21:18
D:/moth_photos/database\batch_13\img_moth_00025237.jpg,"[4000, 6000]",36.80392156862745,"['WPC\n8958\n', 'RBDominick\nCharlesREdwards\nMcClellanville\nSouthCarolina29458\n24 Mary 197d\ntathtawrX\n']","['C\n8958\n', 'RD\nCR\nC\nC29458\n24 1972\n']","['WPC\n8958\n', 'C\nC\nC29458\n24 1972\n']",modelv1.0__2026-05-17 21:21:18
D:/moth_photos/database\batch_13\img_moth_00025238.jpg,"[4000, 6000]",36.7843137254902,"['WPC\n8959\n', 'RBDominick\nCharlesREdwards\nMcGlellanville\nSouthCarolina29458\n\n2YMay1970\nLieto\n']","['C\n8959\n', 'RRD\nCR\nC29458\n\n241970\n']","['WPC\n8959\n', 'C\nC29458\n\n241970\n']",modelv1.0__2026-05-17 21:21:18
D:/moth_photos/database\batch_13\img_moth_00025239.jpg,"[4000, 6000]",37.11764705882353,"['WPC\n8960\n', 'RBDominick\nCharlesREdwards\nMcClellanville\nSouthCarolina\n\n1MASG1970\nCrtaoe\n']","['C\n8960\n', 'RRD\nCR\nC\nC\n\n11970\nC\n']","['WPC\n8960\n', 'C\nC\nC\n\n11970\nC\n']",modelv1.0__2026-05-17 21:21:18
D:/moth_photos/database\batch_13\img_moth_00025240.jpg,"[4000, 6000]",36.7843137254902,"['WPC\n8961\n', 'RBDominick\nCharlesREdwards\nMcClellanville\nSoutfCarolina29458\n\nOFAxG739\nLicn\n']","['C\n8961\n', 'RD\nCR\nC\nC29458\n\n739\n']","['WPC\n8961\n', 'C\nC\nC29458\n\n739\n']",modelv1.0__2026-05-17 21:21:18
D:/moth_photos/database\batch_13\img_moth_00025241.jpg,"[4000, 6000]",37.11764705882353,"['WPC\n8962\n', 'RBDominick\nCharlesREdwards\nMcClellanville\nGDecc 29458\n\nAus AILF\n']","['C\n8962\n', 'RRD\nCR\nC\nD 29458\n']","['WPC\n8962\n', 'C\nC\n29458\n\nP\n']",modelv1.0__2026-05-17 21:21:18
D:/moth_photos/database\batch_13\img_moth_00025242.jpg,"[4000, 6000]",36.8235294117647,"['WPC\n8963\n', 'RBDominick\nCharlesREdwards\nMcClellanville\nSouthCarolina29458\n\n23Sept7S\n\nCOlaie\n']","['C\n8963\n', 'RRD\nCR\nC\nC29458\n\n237\n\nCC\n']","['WPC\n8963\n', 'C\nC\nC29458\n\n237\n\nCC\n']",modelv1.0__2026-05-17 21:21:18
D:/moth_photos/database\batch_13\img_moth_00025243.jpg,"[4000, 6000]",36.57692307692308,"['WPC\n8964\n', 'RBDominick\n\nCharlesREdwards\nMcClellanville\nSoufiCarolina29458\n\nS5Sept9LP\nLshhbd\n']","['C\n8964\n', 'RRD\n\nCR\nC\nC29458\n\n159\nC\n']","['WPC\n8964\n', 'C\nC\nC29458\n\n159P\nC\n']",modelv1.0__2026-05-17 21:21:18
D:/moth_photos/database\batch_13\img_moth_00025244.jpg,"[4000, 6000]",36.529411764705884,"['RBDominick\nCharlesREdwards\nMcClellanville\nSouthCarolina29458\n3SuneIGLS\nLicnid\n', 'WPC\n8965\n']","['RD\nCR\nC\nC29458\n3\nC\n', 'C\n8965\n']","['C\nC\nC29458\n3\nC\n', 'WPC\n8965\n']",modelv1.0__2026-05-17 21:21:18
D:/moth_photos/database\batch_13\img_moth_00025245.jpg,"[4000, 6000]",36.9607843137255,"['WPC\n8966\n', 'McClellanville\nSouth Caroling ow\nRBDominick\nLREOPS\nAIGKFs\n']","['RC\n8966\n', 'C\nC\nRRD\nR\n3\n']","['WPC\n8966\n', 'C\n\nC\nP\n\n3\n']",modelv1.0__2026-05-17 21:21:18
D:/moth_photos/database\batch_13\img_moth_00025246.jpg,"[4000, 6000]",36.68627450980392,"['WPC\n8967\n', 'RBDominick\n\nCharlesREdwards\na McClellanville\n\nSouthCarolina29458\n\nRTbb JGLY\nLiSKt\n']","['C\n8967\n', 'RRD\n\nCR\nC\n\nC29458\n\nR\n1\n']","['WPC\n8967\n', 'C\nC\nC29458\n\nW\n1W\n']",modelv1.0__2026-05-17 21:21:18
D:/moth_photos/database\batch_13\img_moth_00025247.jpg,"[4000, 6000]",36.90196078431373,"['WPC\n8968\n', 'McClellanville\nsouth garcons\n\n7 ne tte7\n']","['C\n8968\n', 'C\n\n7 7\n']","['WPC\n8968\n', 'C\n\n7 7\n']",modelv1.0__2026-05-17 21:21:18
D:/moth_photos/database\batch_13\img_moth_00025248.jpg,"[4000, 6000]",36.64,"['WPC\n8969\n', 'KBDominick\nMcClellanville\nSouth Carolina\n\nFFipr197\ntah ine\n', '']","['C\n8969\n', 'RDD\nC\nC\n\nR197\n', '']","['WPC\n8969\n', 'C\nC\n\nP197\n', '']",modelv1.0__2026-05-17 21:21:18
D:/moth_photos/database\batch_13\img_moth_00025249.jpg,"[4000, 6000]",36.86,"['WPC\n8970\n', 'XRBDominick\nMcClellanville\n\nbial ina\n', '']","['C\n8970\n', 'R5D\nC\n\n7\n', '']","['WPC\n8970\n', '5\nC\n\n7\n', '']",modelv1.0__2026-05-17 21:21:18
D:/moth_photos/database\batch_13\img_moth_00025250.jpg,"[4000, 6000]",37.18000000000001,"['WPC\n8971\n', 'RBDominick\n\nCharlesREdwards a\nMcClellanville\n\nSoufhCarolina29458\n\n7 man 1969\nLiIshk\n', '', 'DMBC00865\nRICHARDBDOMINICK\n\nMOTH8BUTTERFLYCOLLECTION\n\nUNIVERSITYOFSOUTHCAROLINA\n\n']","['C\n8971\n', 'RD\n\nCR\nC\n\nC29458\n\n7 1969\n', '', 'DC00865\nRCRD8DC\n\n8RCC\n\nRCR\n\n']","['WPC\n8971\n', 'C\nC\n\nC29458\n\n7 1969\n', '', 'PC00865\nC8PC\n\n8CC\n\nC\n\n']",modelv1.0__2026-05-17 21:21:18
D:/moth_photos/database\batch_13\img_moth_00025251.jpg,"[4000, 6000]",37.18000000000001,"['WPC\n8972\n', 'RBDominick\nMcClellanville\n\n2ithey 473\n\nPsapgi NP\n', '']","['C\n8972\n', 'RD\nC\n\n2 473\n', '']","['WPC\n8972\n', 'C\n\n2 473\n\nP P\n', '']",modelv1.0__2026-05-17 21:21:18
D:/moth_photos/database\batch_13\img_moth_00025252.jpg,"[4000, 6000]",36.529411764705884,"['WPC\n8974\n', '2BDominick\nSharlesREdwards\nfcClellanville\nsouthCarolina29458\n\n24u61976\nLdthyfr\n']","['C\n8974\n', '2RD\nR\nC\nC29458\n\n2461976\nC\n']","['WPC\n8974\n', '2\nC\nC29458\n\n2461976\nC\n']",modelv1.0__2026-05-17 21:21:18
D:/moth_photos/database\batch_13\img_moth_00025253.jpg,"[4000, 6000]",36.96,"['WPC\n8973\n', 'BNeHeMVOMINICK\nCharlesREdwards\nMcCleljanville\nsouth Garolina\n\nMary1972\n', 'Cucnir\n']","['C\n8973\n', 'DC\nCR\nC\nC\n\n1972\n', 'C\n']","['WPC\n8973\n', 'C\nC\nC\nC\n\n1972\n', 'C\n']",modelv1.0__2026-05-17 21:21:18
D:/moth_photos/database\batch_13\img_moth_00025254.jpg,"[4000, 6000]",37.1,"['WPCC\n8975\n', 'RBDominick\nCharlesREdwards\nMcClellanville\nSouvthCarolina29458\nZ22JiatgF1e\n\nagsae\n']","['RC\n8975\n', 'RRD\nCR\nC\nC29458\n221C\n']","['WPCC\n8975\n', 'C\nC\nC29458\n221C\n']",modelv1.0__2026-05-17 21:21:18
D:/moth_photos/database\batch_13\img_moth_00025255.jpg,"[4000, 6000]",37.02,"['WPC\n8976\n', 'RBDominick\nCharles RBawartsZ\nMcClellanville\nSouthCarolina29458\n\n72Wu cs\nbapa\n']","['C\n8976\n', 'RD\nC R\nC\nC29458\n\n72 3\n']","['WPC\n8976\n', 'C\nC\nC29458\n\n72W 3\n']",modelv1.0__2026-05-17 21:21:18
D:/moth_photos/database\batch_13\img_moth_00025256.jpg,"[4000, 6000]",37.14,"['WPC\n8977\n', 'RBDominick\nCharlesREdward\nMc Glellanville\nSouthCarolina\nJ2 AAG f971\n\nlitherM\n']","['C\n8977\n', 'RRD\nCR\nC\nC\n2 971\n']","['WPC\n8977\n', '2\nC\nC\nC\n2 971\n']",modelv1.0__2026-05-17 21:21:18
D:/moth_photos/database\batch_13\img_moth_00025257.jpg,"[4000, 6000]",36.96,"['WPC\n8978\n', '']","['C\n8978\n', '']","['WPC\n8978\n', '']",modelv1.0__2026-05-17 21:21:18
D:/moth_photos/database\batch_13\img_moth_00025258.jpg,"[4000, 6000]",37.2,"['WPC\n8979\n', 'RBDominick\nCharlesREdwarc\nMcClellanville\nry Carolina\n\nney\n', '']","['C\n8979\n', 'RRD\nCR\nC\nC\n', '']","['WPC\n8979\n', 'C\nC\nC\n', '']",modelv1.0__2026-05-17 21:21:18
D:/moth_photos/database\batch_13\img_moth_00025259.jpg,"[4000, 6000]",37.120000000000005,"['WPC\n8980\n', 'WiCVWClesiallviislec\nSouth Carolina\n\ney eye\nbie a\n', '']","['C\n8980\n', 'CC\nC\n', '']","['WPC\n8980\n', 'WCWC\nC\n', '']",modelv1.0__2026-05-17 21:21:18
D:/moth_photos/database\batch_13\img_moth_00025260.jpg,"[4000, 6000]",37.18000000000001,"['RBDominick\nCharlesREdwards\nMcClellanville\nSoutbCarolina29458\n\n42 JAS 964\nLishgh\n', 'WPC\n8981\n']","['RRD\nCR\nC\nC29458\n\n42 4 964\n4\n', 'C\n8981\n']","['C\nC\nC29458\n\n42 4 964\n4\n', 'WPC\n8981\n']",modelv1.0__2026-05-17 21:21:18
D:/moth_photos/database\batch_13\img_moth_00025261.jpg,"[4000, 6000]",37.18000000000001,"['WPC\n8982\n', 'SouthCarolina\nRBDominick\n\nJuly IFT\n\nMcClellanville Sa\n']","['C\n8982\n', 'C\nRRD\n\n67\n\nC\n']","['WPC\n8982\n', 'C\n\n67\n\nC\n']",modelv1.0__2026-05-17 21:21:18
D:/moth_photos/database\batch_13\img_moth_00025262.jpg,"[4000, 6000]",36.56862745098039,"['WPC\n8983\n', 'RBDominick\nShariesREdwards\nAicClellanville\nsouthCarolina29458\n\n24Juse76 bg\nercht\n']","['C\n8983\n', 'RRD\nR\nC\nC29458\n\n2476 4\n']","['WPC\n8983\n', 'C\nC29458\n\n2476 4\n']",modelv1.0__2026-05-17 21:21:18
D:/moth_photos/database\batch_13\img_moth_00025263.jpg,"[4000, 6000]",36.627450980392155,"['WPC\n8984\n', 'RBDominick\n\nChariesR Edwards\nMcClellanville\n\nSouthCarolina29458\n\n5 meny 1968\n\nLICL\n']","['C\n8984\n', 'RD\n\nCR\nC\n\nC29458\n\n5 1968\n\nC\n']","['WPC\n8984\n', 'C\nC\n\nC29458\n\n5 1968\n\nC\n']",modelv1.0__2026-05-17 21:21:18
D:/moth_photos/database\batch_13\img_moth_00025264.jpg,"[4000, 6000]",37.22,"['WPC\n8985\n', 'RBDominick\nCharlesR EdwanisD\nMcClellanville\nSouthCarolina29458\n\nFyul\neek AIS\n']","['C\n8985\n', 'RD\nCR D\nC\nC29458\n\n993\n']","['WPC\n8985\n', 'C P\nC\nC29458\n\n993\n']",modelv1.0__2026-05-17 21:21:18
D:/moth_photos/database\batch_13\img_moth_00025265.jpg,"[4000, 6000]",36.94117647058823,"['WPC\n8986\n', 'RBDominick\nCharlesREdwards\nMcClellanville\nSouthCarolina29458\n\n4Mas 1T6F\nL194F\n']","['C\n8986\n', 'RRD\nCR\nC\nC29458\n\n4 16\n194\n']","['WPC\n8986\n', 'C\nC\nC29458\n\n4 16\n194\n']",modelv1.0__2026-05-17 21:21:18
D:/moth_photos/database\batch_13\img_moth_00025266.jpg,"[4000, 6000]",37.22,"['WPC\n8987\n', 'RBDominick\n\nCharlesREdwards\nMcClellanville\n\n9YouthCarolina29458\n\n27u31967\n']","['C\n8987\n', 'RRD\n\nCR\nC\n\n90C29458\n\n2731967\n']","['WPC\n8987\n', 'C\nC\n\n90C29458\n\n2731967\n']",modelv1.0__2026-05-17 21:21:18
D:/moth_photos/database\batch_13\img_moth_00025267.jpg,"[4000, 6000]",37.04,"['WPC\n8988\n', '4oneca i\n\nDetD0Fergusov19G7\nPeabodyMuseumYaleUniv\n', 'McClellanville\nSouthCarolina rots\nRB Dominick\n\n3July787\n415h4 CLE\n']","['C\n8988\n', '4\n\nDD0197\n', 'C\nC\nRR D\n\n34787\n4154 C\n']","['WPC\n8988\n', '4\n\n0P197\nP\n', 'C\nC\n\n34787\n4154 C\n']",modelv1.0__2026-05-17 21:21:18
D:/moth_photos/database\batch_13\img_moth_00025268.jpg,"[4000, 6000]",36.9607843137255,"['WPC\n8989\n', 'KRBVDominick\nCharlesREdwards\nMcClellanville\nSouthCarolina\n\n2Pn1967\nLishe\n', '', 'DMBC00866\nRICHARDBDOMINICK\n\nMOTHBUTTERFLYCOLLECTION\n\nUNIVERSITYOFSOUTHCAROLINA\n']","['C\n8989\n', 'R6D\nCR\nC\nC\n\n2R1967\n', '', 'DC00866\nRCRD8DC\n\nRCC\n\nRCR\n']","['WPC\n8989\n', '6\nC\nC\nC\n\n2P1967\n', '', 'PC00866\nC8PC\n\nCC\n\nC\n']",modelv1.0__2026-05-17 21:21:18
D:/moth_photos/database\batch_13\img_moth_00025269.jpg,"[4000, 6000]",36.519230769230774,"['WPC\n8990\n', 'rhepinede\n', 'KBDominick\nCharlesREdwards\nMcClellanville\nSouthCarelinaegesg\n\nINMuse14\nIdupeO167\n', 'DMBC00867\nRICHARDBDOMINICK\n\nMOTH8BUTTERFLYCOLLECTION\n\nUNIVERSITYOFSOUTH CAROLINA\n']","['C\n8990\n', '', 'D\nCR\nC\nC\n\n14\n167\n', 'DC00867\nRCRD8DC\n\n8RRCC\n\nR CR\n']","['WPC\n8990\n', '', 'C\nC\nC\n\nW14\n167\n', 'PC00867\nC8WC\n\n8PCC\n\nC\n']",modelv1.0__2026-05-17 21:21:18
D:/moth_photos/database\batch_13\img_moth_00025270.jpg,"[4000, 6000]",36.745098039215684,"['WPC\n8991\n', 'McClellanville ost\nSouthCarolinaY\n7June19247\n\nBotGry cfefves\n']","['C\n8991\n', 'C\nC\n719247\n\nC\n']","['WPC\n8991\n', 'C\nC\n719247\n\nC\n']",modelv1.0__2026-05-17 21:21:18
D:/moth_photos/database\batch_13\img_moth_00025271.jpg,"[4000, 6000]",36.9,"['nBoVominick\nCharlesREdwards\nMcClellanville\nSoutCarolina29458\n20ALA1970\nLugnko\n', 'WPC\n8992\n', 'DMBC00868\nRICHARDBDOMINICK\n\nMOTHBUTTERFLYCOLLECTION\nUNIVERSITYOFSOUTHCAROLINA\n']","['CR\nC\n\nC29458\n201970\n', 'RC\n8992\n', 'DC00868\nRCRD8DC\n\nRCC\nR0CR\n']","['C\nC\n\nC29458\n201970\n', 'WPC\n8992\n', 'C00868\nC8PC\n\nCC\n0C\n']",modelv1.0__2026-05-17 21:21:18
D:/moth_photos/database\batch_13\img_moth_00025272.jpg,"[4000, 6000]",36.769230769230774,"['WPC\n3993\n', 'KRDominick2\nCharlesR Edwards\nMcClellanville\n\nSouthCarolina29458\n\nIfa\ntae 1962\n', '', 'DMBC00869\n\nRICHARDBDOMINICK\nMOTH8BUTTERFLYCOLLECTION\nUNIVERSITYOFSOUTHCAROLINA\n']","['RC\n3993\n', 'RD2\nCR\nC\n\nC29458\n\n14\n1962\n', '', 'DC00869\n\nRCRD8DC\n8RCC\nRCR\n']","['WPC\n3993\n', '2\nC\nC\n\nC29458\n\n14\n1962\n', '', 'PC00869\n\nC8WC\n8CC\nC\n']",modelv1.0__2026-05-17 21:21:18
D:/moth_photos/database\batch_13\img_moth_00025273.jpg,"[4000, 6000]",36.68627450980392,"['WPC\n8994\n', '2BVominick\nAcClennanville\n4H WELT\n\nF 7\n1s4 uly o\n']","['C\n8994\n', '2DC\nC\n4\n\n3 7\n14\n']","['WPC\n8994\n', '2C\nC\n4 W\n\n3 7\n14\n']",modelv1.0__2026-05-17 21:21:18
D:/moth_photos/database\batch_13\img_moth_00025274.jpg,"[4000, 6000]",37.14,"['WPC\n8995\n', 'RBDominick\nCharlesREdwards\nMcClellanville\nSouthCarolina29458\n\n5os 1970\nLWshlS\n']","['C\n8995\n', 'RRD\nCR\nC\nC29458\n\n5 1970\n']","['WPC\n8995\n', 'C\nC\nC29458\n\n5 1970\nW\n']",modelv1.0__2026-05-17 21:21:18
D:/moth_photos/database\batch_13\img_moth_00025275.jpg,"[4000, 6000]",37.2,"['WPC\n8996\n', 'CharlesREdwards\nMcClellanville\nSouthCarolina29455\nMary 1970\nluchtr2\n']","['C\n8996\n', 'CR\nC\nC29455\n1970\n2\n']","['WPC\n8996\n', 'C\nC\nC29455\n1970\n2\n']",modelv1.0__2026-05-17 21:21:18
D:/moth_photos/database\batch_13\img_moth_00025276.jpg,"[4000, 6000]",36.96,"['WPC\n390R\n', 'BDominics\nCharlesREdwards\n\nMcClellanville\n8\n']","['RC\n390R\n', 'RD\nCR\n\nC\n8\n']","['WPC\n390\n', 'C\n\nC\n8\n']",modelv1.0__2026-05-17 21:21:18
D:/moth_photos/database\batch_13\img_moth_00025277.jpg,"[4000, 6000]",37.080000000000005,"['WPC\n8997\n', 'RBDominick\nCharlesREdwards\nMcClellanville\nSouthCagolina29458\n']","['C\n8997\n', 'RRD\nCR\nC\nC29458\n']","['WPC\n8997\n', 'C\nC\nC29458\n']",modelv1.0__2026-05-17 21:21:18
D:/moth_photos/database\batch_13\img_moth_00025278.jpg,"[4000, 6000]",37.18000000000001,"['WPC\n8999\n', 'RBDominick\nCharlesREdwards\nMcClellanville\nSouthCarolina29458\n\naAtnhye 1963\nseus\n', 'Eeale\n']","['RC\n8999\n', 'RRD\nCR\nC\nC29458\n\n1963\n', '']","['WPC\n8999\n', 'C\nC\nC29458\n\n1963\n', '']",modelv1.0__2026-05-17 21:21:18
D:/moth_photos/database\batch_13\img_moth_00025279.jpg,"[4000, 6000]",36.84313725490196,"['WPC\n9000\n', 'RBDominick\nCharlesREdwards\nMcClellanville\nSowthCarolina29458\n430 an71478\nCiph4qR\n']","['C\n9000\n', 'RD\nCR\nC\nC29458\n430 71478\nC4R\n']","['WPC\n9000\n', 'C\nC\nC29458\n430 71478\nC4\n']",modelv1.0__2026-05-17 21:21:18
D:/moth_photos/database\batch_13\img_moth_00025280.jpg,"[4000, 6000]",37.059999999999995,"['WPC\n9001\n', 'Sti\nRBDominick\nhariesREdwards\n\nMcClellanville\nSouth Carolina 29458\n\nPGMs ayAt\n']","['C\n9001\n', 'RD\nR\n\nC\nC 29458\n\n6C\n']","['WPC\n9001\n', 'C\nC 29458\n\nPP 6C\n']",modelv1.0__2026-05-17 21:21:18
D:/moth_photos/database\batch_13\img_moth_00025281.jpg,"[4000, 6000]",36.78846153846154,"['WPC\n9002\n', '', '2BDominick\nAcClellanville\ny Kran\n\n27elyM47\n']","['C\n9002\n', '', '2RD\nC\n2747\n']","['WPC\n9002\n', '', '2\nC\n2747\n']",modelv1.0__2026-05-17 21:21:18
D:/moth_photos/database\batch_13\img_moth_00025282.jpg,"[4000, 6000]",36.94,"['WPC\n9003\n', 'McClellanville\nsouth Carolina\nan1GP\n\nIefgit\n']","['C\n9003\n', 'C\nC\n1\n']","['WPC\n9003\n', 'WC\nC\n1P\n']",modelv1.0__2026-05-17 21:21:18
D:/moth_photos/database\batch_13\img_moth_00025283.jpg,"[4000, 6000]",37.080000000000005,"['WPC\n9004\n', 'RBDominick\n\nCharlesREdwards\nMcClellanville\nSquthCarolina29458\n\n1June196F\nLiGghid\n']","['C\n9004\n', 'RD\n\nCR\nC\nC29458\n\n11969\n4\n']","['WPC\n9004\n', 'C\nC\nC29458\n\n11969\n4\n']",modelv1.0__2026-05-17 21:21:18
D:/moth_photos/database\batch_13\img_moth_00025284.jpg,"[4000, 6000]",36.98,"['WPC\n9005\n', 'KBVominick\nCharlesREdwamn\nMcClellanville\nSouthCarolina\n\nMat\nMa o 192\n']","['C\n9005\n', 'RD\nCR\nC\n50C\n\n192\n']","['WPC\n9005\n', 'C\nC\n50C\n\n192\n']",modelv1.0__2026-05-17 21:21:18
D:/moth_photos/database\batch_13\img_moth_00025285.jpg,"[4000, 6000]",36.9607843137255,"['WPC\n9006\n', 'SeA9eAVOUTITIICK\nsharlesREdwards\nAcClellanville\nouthCfrolina\n\nt\n7M A722\n\nok\n']","['C\n9006\n', '090C\nR\nC\nC\n\n7 72\n']","['WPC\n9006\n', '090C\nC\nC\n\n7 72\n']",modelv1.0__2026-05-17 21:21:18
D:/moth_photos/database\batch_13\img_moth_00025286.jpg,"[4000, 6000]",36.71153846153846,"['WPC\n9007\n', 'XDVUUHAAeY\nharlesREdwards\nfcClellanville\nsouthCarolinae\n\n2OAlprilT72\nAOfipeity\n', '', 'ianville WPC\n\narolinae\n\n9007\n\n']","['C\n9007\n', 'D\nR\nC\nC\n\n2072\n0\n', '', 'RC\n\n9007\n\n']","['WPC\n9007\n', 'C\nC\n\n2072\n0\n', '', 'WPC\n\n9007\n\n']",modelv1.0__2026-05-17 21:21:18
D:/moth_photos/database\batch_13\img_moth_00025287.jpg,"[4000, 6000]",36.549019607843135,"['WPC\n9008\n', 'RBDominick\nMcClennanvill\nSouth Carolin\n\n24Lor147\nLiahtov\n']","['C\n9008\n', 'RRD\nC\nC\n\n24R147\n']","['WPC\n9008\n', 'C\nC\n\n24147\n']",modelv1.0__2026-05-17 21:21:18
D:/moth_photos/database\batch_13\img_moth_00025288.jpg,"[4000, 6000]",37.1,"['WPC\n9009\n', 'RBDominick\nCharlesREdwardis\nMcClellanville\nas Carolina29458\n\n4e 29V41F6T\n']","['C\n9009\n', 'RRD\nCR\nC\n35 C29458\n\n46 294176\n']","['WPC\n9009\n', 'C\nC\n35 C29458\n\n46 294176\n']",modelv1.0__2026-05-17 21:21:18
D:/moth_photos/database\batch_13\img_moth_00025289.jpg,"[4000, 6000]",36.90196078431373,"['XDBVOminick\ntharlesREdwards\nicClellanville\nouthCarolina\n', 'WPC\n9010\n']","['D\nR\nC\nC\n', 'C\n9010\n']","['C\nC\n', 'WPC\n9010\n']",modelv1.0__2026-05-17 21:21:18
D:/moth_photos/database\batch_13\img_moth_00025290.jpg,"[4000, 6000]",36.6078431372549,"['WPC\n9011\n', 'RBDominick\nCharlesREdwa\nMcClellagville\n\nSouthCarolina29458\n\n47fHa o2\nLUghr 977\n']","['C\n9011\n', 'RRD\nCR\nC\n\nC29458\n\n47 62\n4 977\n']","['WPC\n9011\n', 'C\nC\n\nC29458\n\n47 62\n4 977\n']",modelv1.0__2026-05-17 21:21:18
D:/moth_photos/database\batch_13\img_moth_00025291.jpg,"[4000, 6000]",36.94,"['WPC\n9012\n', 'RBDominick\nCharlesREdwards\nMcClellanville\nSouthCarolina29458\n\n4AMGz969\nLG4k\n']","['C\n9012\n', 'RRD\nCR\nC\nC29458\n\n4C969\n64\n']","['WPC\n9012\n', 'C\nC\nC29458\n\n4C969\n64\n']",modelv1.0__2026-05-17 21:21:18
D:/moth_photos/database\batch_13\img_moth_00025292.jpg,"[4000, 6000]",36.84313725490196,"['WPC\n9013\n', 'RBDominick\nCharlesREdwards\nMcClellanville\nSouthCarolina29458\n29MaH 1G6G\nLigh\n']","['C\n9013\n', 'RD\nCR\nC\nC29458\n29 1965\n4\n']","['WPC\n9013\n', 'C\nC\nC29458\n29 1965\n4\n']",modelv1.0__2026-05-17 21:21:18
D:/moth_photos/database\batch_13\img_moth_00025293.jpg,"[4000, 6000]",36.666666666666664,"['WPC\n9014\n', 'RBDominick\n\ncC anvi le\nSouthCaroine cS\n1OBOR1G6E\nheshy\n']","['C\n9014\n', 'RRD\n\nC\nC\n1R176\n']","['WPC\n9014\n', 'C\nC\n1PP176\n']",modelv1.0__2026-05-17 21:21:18
D:/moth_photos/database\batch_13\img_moth_00025294.jpg,"[4000, 6000]",36.7843137254902,"['', 'McClellanville\nSouth Carolinacf\nRBDominic\n\n6May17\n\nLeak\n']","['', 'C\nC\nRRD\n\n617\n']","['', 'C\nC\n\n6W17\n']",modelv1.0__2026-05-17 21:21:18
D:/moth_photos/database\batch_13\img_moth_00025295.jpg,"[4000, 6000]",36.7843137254902,"['WPC\n9016\n', 'eNe2964ZJUTNHUINIICK\nCharlesREdwards\nficClelanville\nouthCafdlina\n\nsg\n', '', 'DMBC00871\n\nRICHARDBDOMINICK\n\nMOTH8BUTTERFLYCOLLECTION\nUNIVERSITYOFSOUTHCAROLINA\n']","['RC\n9016\n', '29640C\nCR\nC\nC\n\n5\n', '', 'DC00871\n\nRCRDDC\n\n8RCC\nRCR\n']","['WPC\n9016\n', 'P29640C\nC\nC\nC\n\n5\n', '', 'PC00871\n\nCC\n\n8CC\nC\n']",modelv1.0__2026-05-17 21:21:18
D:/moth_photos/database\batch_13\img_moth_00025296.jpg,"[4000, 6000]",36.84313725490196,"['WPC\n9017\n', 'BDominick\nSharlesREdwards\nMcClellanville\n\nApres\nLighFer\n', 'Px abdteynals\nSOC\n', 'DMBC00870\nRICHARDBDOMINICK\n\nMOTHBUTTERFLYCOLLECTION\nUNIVERSITYOFSOUTHCAROLINA\n']","['C\n9017\n', 'RD\nCR\nC\n\n5\n', '0C\n', 'DC00870\nRCRD8DC\n\nRRCC\nRCR\n']","['WPC\n9017\n', 'C\nC\n\n5P\n', 'P\n0C\n', 'PC00870\nC8C\n\nCC\nC\n']",modelv1.0__2026-05-17 21:21:18
D:/moth_photos/database\batch_13\img_moth_00025297.jpg,"[4000, 6000]",36.705882352941174,"['WPC\n9018\n', 'RBDominick\nChariesREdwards\nMcClellanville\nSouth Carolina29458\n\nBOcts96F\nfich\n', '', 'DMBC00826\nRICHARDBDOMINICK\n\nMOTH8BUTTERFLYCOLLECTION\nUNIVERSITYOFSOUTHCAROLINA\n']","['C\n9018\n', 'RRD\nCR\nC1\nC29458\n\n3964\nC\n', '', 'DC00826\nRCRD8DC\n\n8RCC\nRCR\n']","['WPC\n9018\n', 'C\nC1\nC29458\n\n3964\nC\n', '', 'C00826\nC8PC\n\n8CC\nC\n']",modelv1.0__2026-05-17 21:21:18
D:/moth_photos/database\batch_13\img_moth_00025298.jpg,"[4000, 6000]",36.56862745098039,"['WPC\n9019\n', 'RBDominick\nCharlesREdwards\n\nMcCleIlanyille\nSouthCarolina294587\n\n2SOct1965\nLi19h5F\n', 'f\n\nnig\n\nDahan\n\n4\n', 'DMBC00827\nRICHARDBDOMINICK\n\nMOTHBUTTERFLYCOLLECTION\nUNIVERSITYOFSOUTHCAROLINA\n']","['C\n9019\n', 'RRD\nCR\n\nC\nC294587\n\n2C1965\n1195\n', 'D\n\n4\n', 'DC00827\nRCRD8DC\n\nRCC\nRCR\n']","['WPC\n9019\n', 'C\n\nC\nC294587\n\n2C1965\n1195\n', '4\n', 'PC00827\nC8PC\n\nCC\nC\n']",modelv1.0__2026-05-17 21:21:18
D:/moth_photos/database\batch_13\img_moth_00025299.jpg,"[4000, 6000]",37.22,"['WPC\n9020\n', 'BDominick\nAcClellanville\nouthCarolina\n\nONoV14968\ntaht7y\n']","['C\n9020\n', 'D\nC\nC\n\n14968\n7\n']","['WPC\n9020\n', 'C\nC\n\n14968\n7\n']",modelv1.0__2026-05-17 21:21:18
D:/moth_photos/database\batch_13\img_moth_00025300.jpg,"[4000, 6000]",36.98039215686274,"['WPC\n9021\n', 'BDominick\nAcClellanville\nouth Carolin\nOnou1969\nee\n']","['C\n9021\n', 'RD\nCC\nC\nD1969\nD\n']","['WPC\n9021\n', 'CC\nC\n1969\n']",modelv1.0__2026-05-17 21:21:18
D:/moth_photos/database\batch_13\img_moth_00025301.jpg,"[4000, 6000]",36.76470588235294,"['WPC\n9022\n', 'RRDominick\nCharlesR EdwardsG\nMcClellagville\nSouthCarolina29458\n\n1GApeF63\nLiehy\n', 'C6645\nules\nFulsttells\n', 'DMBC00825\nRICHARDBDOMINICK\n\nMOTHBUTTERFLYCOLLECTION\nUNIVERSITYOFSOUTHCAROLINA\n']","['C\n9022\n', 'RRD\nCR\nC\n5C29458\n\n1963\n', 'C6645\n', 'DC00825\nRCRD8DC\n\nRCC\nRCR\n']","['WPC\n9022\n', 'C\nC\n5C29458\n\n1963\n', 'C6645\n', 'PC00825\nC8C\n\nCC\nC\n']",modelv1.0__2026-05-17 21:21:18
D:/moth_photos/database\batch_13\img_moth_00025302.jpg,"[4000, 6000]",36.84313725490196,"['WPC\n9023\n', 'RBDominick\n\nChariesREdwards\nMcClellanville\n\nSouthCarolina29458\nLsGf4\n', 'salvitenic\nIY7\n', 'DMBC00824\nRICHARDBDOMINICK\nMOTH8BUTTERFLYCOLLECTION\n\nUNIVERSITYOFSOUTHCAROIINA\n']","['C\n9023\n', 'RD\n\nCR\nC\n\nC29458\n4\n', '7\n', 'DC00824\nRCRD8DC\n8RCC\n\nRCR\n']","['WPC\n9023\n', 'C\nC\n\nC29458\n4\n', '7\n', 'PC00824\nC8C\n8PCC\n\nC\n']",modelv1.0__2026-05-17 21:21:18
D:/moth_photos/database\batch_13\img_moth_00025303.jpg,"[4000, 6000]",36.90196078431373,"['WPC\n9024\n', 'RBDominick\n\nMcClellanville\npouth Carolina\n4Noy1q 25\n\nLiohhop\n']","['C\n9024\n', 'RD\n\nC\nC\n419 25\n']","['WPC\n9024\n', 'C\nC\n419 25\n']",modelv1.0__2026-05-17 21:21:18
D:/moth_photos/database\batch_13\img_moth_00025304.jpg,"[4000, 6000]",36.6078431372549,"['WPCC\n9025\n', 'K5Dominick\nMcClellanville\n']","['C\n9025\n', '5D\nC\n']","['WPCC\n9025\n', '5\nC\n']",modelv1.0__2026-05-17 21:21:18
D:/moth_photos/database\batch_13\img_moth_00025305.jpg,"[4000, 6000]",36.98039215686274,"['WPC\n9026\n', '2BDominick\nicClellanville\n\nSouthCarolina\nAALS\nSah a\n\nhegus\n']","['C\n9026\n', '2RD\nC\n\nC\nDC\n']","['WPC\n9026\n', '2\nC\n\nC\nC\n']",modelv1.0__2026-05-17 21:21:18
D:/moth_photos/database\batch_13\img_moth_00025306.jpg,"[4000, 6000]",37.160000000000004,"['WPC\n9027\n', 'RBDominick\nMcClellanville\nSouth Carolina\n973\nah fe e\n']","['C\n9027\n', 'RD\n\nC\n\nC\n973\n']","['WPC\n9027\n', 'C\nC\n973\n']",modelv1.0__2026-05-17 21:21:18
D:/moth_photos/database\batch_13\img_moth_00025307.jpg,"[4000, 6000]",36.72549019607843,"['WPC\n9028\n', 'keMOMUICA\ntharlesREdw\nicClellanville\nouth Carolina\n\nwLOct1922\naeden Flowery\n\nrwesemale\n']","['C\n9028\n', 'CR\nR\nC\nC\n\n2RD1922\n']","['WPC\n9028\n', 'C\nC\nC\n\n21922\n']",modelv1.0__2026-05-17 21:21:18
D:/moth_photos/database\batch_13\img_moth_00025308.jpg,"[4000, 6000]",36.64705882352941,"['WPC\n9029\n', 'RBDominick\nCharlesREdwards\nMcCligllanville\nSouthCarolina29458\n\n20\n20APR1969\n']","['C\n9029\n', 'RD\nCR\nC\nC29458\n\n20\n20R1969\n']","['WPC\n9029\n', 'C\nC\nC29458\n\n20\n20P1969\n']",modelv1.0__2026-05-17 21:21:18
D:/moth_photos/database\batch_13\img_moth_00025309.jpg,"[4000, 6000]",36.6078431372549,"['WPC\n9030\n', 'RRDominick\n\nChariesREdwards\n\nMcClellanville\nSouthtCarolina29458e\n\n19FPR194L8\n\nLiwahJv\n']","['C\n9030\n', 'RRD\n\nCR\n\nC\nC29458\n\n19R1948\n']","['WPC\n9030\n', 'C\n\nC\nC29458\n\n19P1948\n']",modelv1.0__2026-05-17 21:21:18
D:/moth_photos/database\batch_13\img_moth_00025310.jpg,"[4000, 6000]",36.76470588235294,"['WPC\n9031\n', 'RBDominick\nCharlesR EdwardsG\nMcClelianville\n\nSouthCarolina29458e\n\n20401969\n\nls1Gnk\n']","['C\n9031\n', 'RRD\nCR\nC\nC29458\n\n20401969\n\n1\n']","['WPC\n9031\n', 'C\nC\nC29458\n\n20401969\n\n1\n']",modelv1.0__2026-05-17 21:21:18
D:/moth_photos/database\batch_13\img_moth_00025311.jpg,"[4000, 6000]",36.549019607843135,"['WPC\n9032\n', 'McClellanville\nSouthCarolina\nRBDominick\n\n9AprW6F\nbr\n']","['C\n9032\n', 'C\nC\nRRD\n\n96\n']","['WPC\n9032\n', 'C\nC\nP\n\n9W6\n']",modelv1.0__2026-05-17 21:21:18
D:/moth_photos/database\batch_13\img_moth_00025312.jpg,"[4000, 6000]",37.120000000000005,"['WPC\n9033\n', 'SouthCarolina\nRBRominick\n\n25Sept196\nSEF 4\n\nMicClellanville a\n']","['C\n9033\n', 'C\nRRR\n\n25196\n7 4\n\nC 2\n']","['WPC\n9033\n', 'C\n\n25196\n7 4\n\nC 2\n']",modelv1.0__2026-05-17 21:21:18
D:/moth_photos/database\batch_13\img_moth_00025313.jpg,"[4000, 6000]",37.2,"['WPC\n9034\n', 'McClellanville\nSouthCarolina\nRBDominick\n\na YACLS\n6Aperil467\n']","['C\n9034\n', 'C\nC\nRRD\n\nRC\n6467\n']","['WPC\n9034\n', 'WC\nC\n\nC\n6467\n']",modelv1.0__2026-05-17 21:21:18
D:/moth_photos/database\batch_13\img_moth_00025314.jpg,"[4000, 6000]",36.6078431372549,"['WPC\n9035\n', 'SouthCarolina\nRBDominick\n\nLPL Oce 67\nLIGEE\n\nMcClellanville 5\n']","['C\n9035\n', 'C\nRRD\n\n67\n\nC 5\n']","['WPC\n9035\n', 'C\n\nPP 67\n\nC 5\n']",modelv1.0__2026-05-17 21:21:18
D:/moth_photos/database\batch_13\img_moth_00025315.jpg,"[4000, 6000]",36.8235294117647,"['WPC\n9036\n', 'McClellanville\nSouthCarolina\nBDominick\n\nSyl1965\n5LIpE1966\n']","['C\n9036\n', 'C\nC\nRD\n\n01965\n5C1966\n']","['WPC\n9036\n', 'C\nC\n\n01965\n5CP1966\n']",modelv1.0__2026-05-17 21:21:18
D:/moth_photos/database\batch_13\img_moth_00025316.jpg,"[4000, 6000]",36.588235294117645,"['WPC\n9037\n', 'ViCcUlellanville\nSouthCarolina\nR Vominick\n']","['C\n9037\n', 'CC\n0C\nR\n']","['WPC\n9037\n', 'CC\n0C\nW\n']",modelv1.0__2026-05-17 21:21:18
D:/moth_photos/database\batch_13\img_moth_00025317.jpg,"[4000, 6000]",36.84313725490196,"['WPC\n9038\n', 'RBDominick\nCharlesREdwards LY\nMcC ellanville\nSouthCardlina29458\n\n6 Apr1963\n\nhLiewtt\n']","['C\n9038\n', 'RRD\nCR\nC\nC29458\n\n6 1963\n']","['WPC\n9038\n', 'C\nC\nC29458\n\n6 1963\n']",modelv1.0__2026-05-17 21:21:18
D:/moth_photos/database\batch_13\img_moth_00025318.jpg,"[4000, 6000]",36.705882352941174,"['WPC\n9039\n', 'vicClellanville\nSouthCarolina\nRBe oehaL8\n\nyindg\n']","['C\n9039\n', 'C\n0C\nRR 8\n']","['WPC\n9039\n', 'C\n0C\n8\n']",modelv1.0__2026-05-17 21:21:18
D:/moth_photos/database\batch_13\img_moth_00025319.jpg,"[4000, 6000]",36.666666666666664,"['WPC\n9040\n', 'RBDominick\nCharlesREdwards\nMcClellanville 4\nSouthCarolina29458\n']","['C\n9040\n', 'RD\nCR\nC 4\nC29458\n']","['WPC\n9040\n', 'C\nC 4\nC29458\n']",modelv1.0__2026-05-17 21:21:18
D:/moth_photos/database\batch_13\img_moth_00025320.jpg,"[4000, 6000]",37.2,"['WPC\n9041\n', 'RRDominick\n\nCharlesREdwards\nMcClellanville\nSouthCarolina 29458\n\n0 APe96F\n\nbicshd\n']","['C\n9041\n', 'RRD\n\nCR\nC\nC 29458\n\n0 968\n']","['WPC\n9041\n', 'C\nC\nC 29458\n\n0 P968\n']",modelv1.0__2026-05-17 21:21:18
D:/moth_photos/database\batch_13\img_moth_00025321.jpg,"[4000, 6000]",36.8235294117647,"['WPC\n9042\n', 'x5bVominick\nCharlesREdwards\nMcCellanville OC\nSouthCarojna29458\n\n10fAgkjFeY\n\nbLaeteL\n', 'Mominick\n\nsREdwards\n\nllanville C WPC\nSarofna29458\n\nfApeT6g 9042\n']","['C\n9042\n', '56D\nCR\nC C\nC29458\n\n109\n', 'R\nC C\n29458\n\n6 9042\n']","['WPC\n9042\n', '56\nC\nC C\nC29458\n\n109\n', 'C WPC\n29458\n\nP6 9042\n']",modelv1.0__2026-05-17 21:21:18
D:/moth_photos/database\batch_13\img_moth_00025322.jpg,"[4000, 6000]",36.666666666666664,"['WPC\n9043\n', 'RBDominick\nCharlesREdwards\nMcClellanville\nSouthCarolina29458\n\n3Noer39e9\n']","['C\n9043\n', 'RD\nCR\nC\nC29458\n\n3399\n']","['WPC\n9043\n', 'C\nC\nC29458\n\n3399\n']",modelv1.0__2026-05-17 21:21:18
D:/moth_photos/database\batch_13\img_moth_00025323.jpg,"[4000, 6000]",37.01960784313725,"['WPC\n9044\n', 'RRDominick\nCharlesREdwards\nMcClellanville Jd\nSouthCarolina29458\n\n20Aga\nOFA 7968\n']","['C\n9044\n', 'RRD\nCR\nC\nC29458\n\n20\n4 7968\n']","['WPC\n9044\n', 'C\nC\nC29458\n\n20\n4 7968\n']",modelv1.0__2026-05-17 21:21:18
D:/moth_photos/database\batch_13\img_moth_00025324.jpg,"[4000, 6000]",36.80392156862745,"['WPC\n9045\n', 'McClellanville P\n\n30Sept467\nLL\n']","['C\n9045\n', 'C 2\n\n305467\n']","['WPC\n9045\n', 'C P\n\n305467\n']",modelv1.0__2026-05-17 21:21:18
D:/moth_photos/database\batch_13\img_moth_00025325.jpg,"[4000, 6000]",37.21568627450981,"['WPC\n9046\n', 'McClellanville\nSouthCarolina oo 7\nRBDominick\n\n27DusyA66\naT\n', 'CTENUCHIDAE\nfulvicospis\n\n']","['RC\n9046\n', 'C\nC 7\nRD\n\n27D66\n', 'CCD\n\n']","['WPC\n9046\n', 'C\nC 7\n\n27766\n', 'CC\n\n']",modelv1.0__2026-05-17 21:21:18
D:/moth_photos/database\batch_13\img_moth_00025326.jpg,"[4000, 6000]",36.666666666666664,"['WPC\n9047\n', 'RBDominick\nCharlesREdwards\nMcClellanville\nSouthCarolina29458\n\nAFflypr1963\nL1oHt\n']","['RC\n9047\n', 'RRD\nCR\nC\nC29458\n\n91963\n1\n']","['WPC\n9047\n', 'C\nC\nC29458\n\n91963\n1\n']",modelv1.0__2026-05-17 21:21:18
D:/moth_photos/database\batch_13\img_moth_00025327.jpg,"[4000, 6000]",36.68627450980392,"['WPC\n9048\n', 'nBVOmMmINICK\n\nCharlesREdwards\n\nMcClellanville O\n\nSouthCarolina2945\n\n2OAYL1968\nLiaaht\n']","['C\n9048\n', 'DC\nCR\nC\nC2945\n261968\nC\n']","['WPC\n9048\n', 'C\nC\nC\nC2945\n261968\nC\n']",modelv1.0__2026-05-17 21:21:18
D:/moth_photos/database\batch_13\img_moth_00025328.jpg,"[4000, 6000]",36.8235294117647,"['WPC\n9049\n', 'McClellanville\nSouth Carolina nagy 4\nDominic\n\n27 JusltV66\nZrc\n']","['C\n9049\n', 'C\nC 4\nD\n\n27 D66\n']","['WPC\n9049\n', 'C\nC 4\n\n27 66\n']",modelv1.0__2026-05-17 21:21:18
D:/moth_photos/database\batch_13\img_moth_00025329.jpg,"[4000, 6000]",36.86274509803921,"['WPC\n9050\n', 'McClellanville\nSouthCarolina\nRB ominee\n\nhi WaRee\n']","['RC\n9050\n', 'C\nC\nR\n\nR\n']","['WPC\n9050\n', 'C\nC\n\nW\n']",modelv1.0__2026-05-17 21:21:18
D:/moth_photos/database\batch_13\img_moth_00025330.jpg,"[4000, 6000]",36.80392156862745,"['WPC\n9051\n', 'McClellanville\nSouth Carolina\nB Dominick\n\n19O6\nca re\n']","['C\n9051\n', 'C\nC\nD\n\n1966\n']","['WPC\n9051\n', 'C\nC\nP\n\n1966\n']",modelv1.0__2026-05-17 21:21:18
D:/moth_photos/database\batch_13\img_moth_00025331.jpg,"[4000, 6000]",36.588235294117645,"['WPC\n9052\n', 'RBDominick\n\nMcClgllanville\n\nSouthCarolina2945\n46 LE 1968\nLign A\n']","['C\n9052\n', 'RRD\n\nC\n\nC2945\n46 1968\n4\n']","['WPC\n9052\n', 'C\n\nC2945\n46 1968\n4\n']",modelv1.0__2026-05-17 21:21:18
D:/moth_photos/database\batch_13\img_moth_00025332.jpg,"[4000, 6000]",36.8235294117647,"['WPC\n9053\n', 'McClellanville\nSauth Carolina\nB Dominick\n\n17 Sul\nSee gt\n']","['C\n9053\n', 'C\nC\nR D\n\n17\n']","['WPC\n9053\n', 'C\nC\n\n17\n']",modelv1.0__2026-05-17 21:21:18
D:/moth_photos/database\batch_13\img_moth_00025333.jpg,"[4000, 6000]",36.84313725490196,"['WPC\n9054\n', 'KbBVominick\nCharlesREdwards\nMeCleganvilles\nSouthCrolina 29458\n\nn4hcbG9b\nLhe\n']","['C\n9054\n', 'RD\nCR\nC\nC 29458\n\n49\nC\n']","['WPC\n9054\n', 'C\nC\nC 29458\n\n49\nC\n']",modelv1.0__2026-05-17 21:21:18
D:/moth_photos/database\batch_13\img_moth_00025334.jpg,"[4000, 6000]",37.1764705882353,"['WPC\n9055\n', 'mCCleilanville\nSouthCarolina\nRB Dominick\n\n9PRY19b7\nrLft\n']","['C\n9055\n', 'CC\nC\nR D\n\n9R1967\n']","['WPC\n9055\n', 'CC\nC\n\n9P1967\n']",modelv1.0__2026-05-17 21:21:18
D:/moth_photos/database\batch_13\img_moth_00025335.jpg,"[4000, 6000]",37.1764705882353,"['WPC\n9056\n', 'Mcvleiiativesi\nSouthCarolina GG\n\nCharlesR Edwards\n\nSent967\nLisht\n']","['C\n9056\n', 'C\n\nCR\n\n967\n']","['WPC\n9056\n', 'C\n\nC\n\n967\n']",modelv1.0__2026-05-17 21:21:18
D:/moth_photos/database\batch_13\img_moth_00025336.jpg,"[4000, 6000]",36.65384615384615,"['WPC\n9057\n', 'McClellanville\nSouth Carolina\n\noA Lig1A 198C\n']","['C\n9057\n', 'C\nC\n\n5 1 198C\n']","['WPC\n9057\n', 'C\nC\n\n5 1 198C\n']",modelv1.0__2026-05-17 21:21:18
D:/moth_photos/database\batch_13\img_moth_00025337.jpg,"[4000, 6000]",37.03921568627451,"['WPC\n9058\n', 'MicClellanville\nSouthCarolina\ninick\n\nBDom\n6Aug196\n\nLieb ont\n']","['C\n9058\n', 'C\nC\n\n8D\n6196\n']","['WPC\n9058\n', 'C\nC\n\n8\n6196\n']",modelv1.0__2026-05-17 21:21:18
D:/moth_photos/database\batch_13\img_moth_00025338.jpg,"[4000, 6000]",36.75,"['RBDominick\n\nCharlesREdwards\n\nMcClellanville oe\n\nSouthCarolina2945\n\n20Aygk1967\nC14H7\n', 'WPC\n9059\n']","['RRD\n\nCR\n\nC\n\nC2945\n\n201967\nC147\n', 'C\n9059\n']","['C\n\nC\n\nC2945\n\n201967\nC147\n', 'WPC\n9059\n']",modelv1.0__2026-05-17 21:21:18
D:/moth_photos/database\batch_13\img_moth_00025339.jpg,"[4000, 6000]",36.61538461538461,"['2BDominick\nSharlesREdwards J\nVicClellanville\nsouthEarolina29458\n\nBOKAGLG\n\nJPycte\n', 'WPC\n9060\n', 'DMBC00823\n\nRICHARDBDOMINICK\n\nMOTH8BUTTERFLYCOLLECTION\n\nUNIVERSITYOFSOUTHCAROLINA\n', '72G0 Deer AM\n\nSf b f detJGFrank\n']","['2RD\nR\nC\n29458\n\nR\n\nD\n', 'C\n9060\n', 'DC00823\n\nRCRD8DC\n\n8RCC\n\nRCR\n', '720 D 1\n\n6 6\n']","['2\nC\n29458\n\nP\n', 'WPC\n9060\n', 'PC00823\n\nC8C\n\n8CC\n\nC\n', '720 W1\n\n6 6\n']",modelv1.0__2026-05-17 21:21:18
D:/moth_photos/database\batch_13\img_moth_00025340.jpg,"[4000, 6000]",36.71153846153846,"['WPC\n9061\n', 'RBDominicl\nicc lellanville\n\nbed\nne pie\n']","['C\n9061\n', 'RRD\nC\n']","['WPC\n9061\n', 'C\n']",modelv1.0__2026-05-17 21:21:18
D:/moth_photos/database\batch_13\img_moth_00025341.jpg,"[4000, 6000]",37.05882352941176,"['WPC\n9063\n', 'NROVominick\nCharlesREdwards\nMcClellanville\nSouthCarolina\n\n', '', 'DMBC00329\nRICHARDBDOMINICK\n\nMOTH8BUTTERFLYCOLLECTION\n\nUNIVERSITYOFSOUTHCAROLINA\n']","['C\n9063\n', 'RD\nCR\nC\nC\n\n', '', 'DC00329\nRCRD8DC\n\n8RCC\n\nRCR\n']","['WPC\n9063\n', 'C\nC\nC\n\n', '', 'C00329\nC8C\n\n8CC\n\nC\n']",modelv1.0__2026-05-17 21:21:18
D:/moth_photos/database\batch_13\img_moth_00025342.jpg,"[4000, 6000]",37.01960784313725,"['WPC\n9062\n', 'rgyia feucosfiqme\nadult Prog\npupateLMay1470\nemerge1FMay1470\n\nRBDominick on\nMcClellanville7\nSouthCarolina 4\n']","['C\n9062\n', '1470\n11470\n\nRD\nC7\nC 4\n']","['WPC\n9062\n', 'P\nP1470\n11470\n\nC7\nC 4\n']",modelv1.0__2026-05-17 21:21:18
D:/moth_photos/database\batch_13\img_moth_00025343.jpg,"[4000, 6000]",36.730769230769226,"['WPC\n9064\n', 'BDominick\nharlesREdwards\nMcClellanville O\nSouffCaroliga29458\n\n3bct1967\n\nJen\n', 'Croan\nCUCL shane\n\n39437\n', 'RICHARDBDOMINICK\n\n3tMOTH8BUTTERFLYCOLLECTION\nUNIVERSITYOFSOUTHCAROLINA\nneneennerrnets\n']","['C\n9064\n', '6D\nR\nC\n0C29458\n\n31967\n', 'C\nCC\n\n39437\n', 'RCRD8D0C\n\n38RCC\nRCR\n']","['WPC\n9064\n', '6\nC\n0C29458\n\n31967\n', 'C\nCC\n\n39437\n', 'C80C\n\n38CC\nC\n']",modelv1.0__2026-05-17 21:21:18
D:/moth_photos/database\batch_13\img_moth_00025344.jpg,"[4000, 6000]",36.94117647058823,"['WPC\n9065\n', 'KRBVominick\n\nCharlesREdwards\n\nMcClellanville ro\n\nSouthCarolina29458\n4Sube19C9\nZLISLt\n', 'yt\n\nfecodigma\nQ2040Srt\n', 'DMBC00327\nRICHARDBDOMINICK\n\nMOTHBUTTERFLYCOLLECTION\nUNIVERSITYOFSOUTHCAROLINA\n']","['C\n9065\n', 'RD\nCR\nC\nC29458\n419C9\n', '2040\n', 'DC00327\nRCRD8DC\n\nRCC\nRCR\n']","['WPC\n9065\n', 'C\n\nC\n\nC29458\n419C9\n', '2040\n', 'PC00327\nC8WC\n\nCC\nC\n']",modelv1.0__2026-05-17 21:21:18
D:/moth_photos/database\batch_13\img_moth_00025345.jpg,"[4000, 6000]",37.13725490196079,"['WPC\n9066\n', 'BDominick\nAcClellanville\n\nac14 lane\ntb ps75 e\n']","['C\n9066\n', '5D\nC\n\n14 7\n75\n']","['WPC\n9066\n', '5\nC\n\n14 7\n75\n']",modelv1.0__2026-05-17 21:21:18
D:/moth_photos/database\batch_13\img_moth_00025346.jpg,"[4000, 6000]",37.15686274509804,"['WPC\n9067\n', 'XBDominic\nJicCl ipllanville\n\nashen\nPratl\n']","['C\n9067\n', 'D\nC\n']","['WPC\n9067\n', 'C W\n\nP\n']",modelv1.0__2026-05-17 21:21:18
D:/moth_photos/database\batch_13\img_moth_00025347.jpg,"[4000, 6000]",37.07843137254902,"['WPC\n9068\n', 'BDominic\nAcClellanville\neSt906\n\nTOP197S\nLiabtor\n']","['C\n9068\n', 'RD\nC\n906\n\n71978\n']","['WPC\n9068\n', 'C\n906\n\n71978\n']",modelv1.0__2026-05-17 21:21:18
D:/moth_photos/database\batch_13\img_moth_00025348.jpg,"[4000, 6000]",36.94117647058823,"['WPC\n9069\n', '5Vomuinick\nMcClellanville\nrye Carolina\n\npany\n']","['C\n9069\n', '5\nC\nC\n\n3\n']","['WPC\n9069\n', '5\nC\nC\n\n3\n']",modelv1.0__2026-05-17 21:21:18
D:/moth_photos/database\batch_13\img_moth_00025349.jpg,"[4000, 6000]",37.19607843137255,"['WPC\n9070\n', 'KBDominick\nMcClellanville\nSouthCarolina\n\n7faly1995\nLahhae\n']","['C\n9070\n', 'R5D\nC\nC\n\n71995\n']","['WPC\n9070\n', '5\nC\nC\n\n71995\n']",modelv1.0__2026-05-17 21:21:18
D:/moth_photos/database\batch_13\img_moth_00025350.jpg,"[4000, 6000]",36.519230769230774,"['WPC\n9071\n', 'KBDominick\nMcClellanville\n\nut arolina\nAe\n', 'WPC\n9071\n\nKB Dominick\n\nae\nout Carolina\nAaj\n\nYATIE\nype\n\nya\nead\n']","['C\n9071\n', 'R5D\nC\n', 'C\n9071\n\nR D\nC\n\n']","['WPC\n9071\n', '5\nC\n', 'WPC\n9071\n\nC\n\n']",modelv1.0__2026-05-17 21:21:18
D:/moth_photos/database\batch_13\img_moth_00025351.jpg,"[4000, 6000]",37.07843137254902,"['WPC\n9072\n', 'Vominick\nMcC lellanville\n\nOe PAs\n\nDS\n\n']","['RC\n9072\n', 'C\n\nD\n\n']","['WPC\n9072\n', 'C\n\nP\n\n']",modelv1.0__2026-05-17 21:21:18
D:/moth_photos/database\batch_13\img_moth_00025352.jpg,"[4000, 6000]",36.53846153846154,"['WPC\n9073\n', '2BDominick\nMicClellanville\nsouth frag\n\nfix y 95\n']","['C\n9073\n', '2RD\nC\n\n95\n']","['WPC\n9073\n', '2\nC\n\n95\n']",modelv1.0__2026-05-17 21:21:18
D:/moth_photos/database\batch_13\img_moth_00025353.jpg,"[4000, 6000]",36.76470588235294,"['WPC\n9074\n', 'RBDominick\nMcClennanvill\nSouthCarolinz\n\nei\n']","['C\n9074\n', 'RRD\nC\nC\n']","['WPC\n9074\n', 'C\nC\n']",modelv1.0__2026-05-17 21:21:18
D:/moth_photos/database\batch_13\img_moth_00025354.jpg,"[4000, 6000]",37.03921568627451,"['WPC\n9075\n', 'RBDominic\nMcClellanville\n\na vegepy\nvara\n\na\n']","['C\n9075\n', 'RD\nC\n']","['WPC\n9075\n', 'C\n']",modelv1.0__2026-05-17 21:21:18
D:/moth_photos/database\batch_13\img_moth_00025355.jpg,"[4000, 6000]",36.90196078431373,"['WPC\n9077\n', 'KBDominick\nMcClellanville\nsouth arolina\n\nBOck1976\nStohto\n']","['C\n9077\n', 'RD\nC\n0\n\n801976\n']","['WPC\n9077\n', 'C\n0\n\n801976\n']",modelv1.0__2026-05-17 21:21:18
D:/moth_photos/database\batch_13\img_moth_00025356.jpg,"[4000, 6000]",37.11764705882353,"['WPC\n9076\n', 'RBDominick\nMcClellanville\nSouthCarolina\n\nBRog1475\nLanta\n']","['C\n9076\n', 'RRD\nC\nC\n\n51475\n']","['WPC\n9076\n', 'C\nC\n\nP1475\n']",modelv1.0__2026-05-17 21:21:18
D:/moth_photos/database\batch_13\img_moth_00025357.jpg,"[4000, 6000]",37.01960784313725,"['WPC\n9078\n', 'KBDominick\nMcClellanville\nOn Carolina\n\nregis\n']","['C\n9078\n', 'RD\nC\nR C\n']","['WPC\n9078\n', 'C\nC\n']",modelv1.0__2026-05-17 21:21:18
D:/moth_photos/database\batch_13\img_moth_00025358.jpg,"[4000, 6000]",37.09803921568628,"['WPC\n9079\n', 'RBDominic\nMcClellanville\n\ntee\n']","['C\n9079\n', 'RD\nC\n']","['WPC\n9079\n', 'C\n']",modelv1.0__2026-05-17 21:21:18
D:/moth_photos/database\batch_13\img_moth_00025359.jpg,"[4000, 6000]",36.88235294117647,"['WPC\n9080\n', 'RBDominick\nMcClellanville\nSouthCarolins\n\nShigVB\nl aie Ave\n']","['C\n9080\n', 'RRD\nC\nC\n']","['WPC\n9080\n', 'C\nC\n\nWP\n']",modelv1.0__2026-05-17 21:21:18
D:/moth_photos/database\batch_13\img_moth_00025360.jpg,"[4000, 6000]",36.53846153846154,"['WPC\n9081\n', 'VOMINIcK\nM cClellanville\nSouth Carolina\n\nthi Ws\n']","['C\n9081\n', 'C\nC\nC\n\n5\n']","['WPC\n9081\n', 'C\nC\nC\n\nW5\n']",modelv1.0__2026-05-17 21:21:18
D:/moth_photos/database\batch_13\img_moth_00025361.jpg,"[4000, 6000]",37.03921568627451,"['WPC\n9082\n', 'RBDominick\nMcClellanville\nsouthCarolina\n\nFug\nLisdfon\n']","['RC\n9082\n', 'RD\nC\nC\n']","['WPC\n9082\n', 'C\nC\n']",modelv1.0__2026-05-17 21:21:18
D:/moth_photos/database\batch_13\img_moth_00025362.jpg,"[4000, 6000]",37.01960784313725,"['RBDominick\n\nCharles REdwardis\nMcClellanville 3\nSoathCarolina 29458\n\nPCoclICF\nLify4\n', 'WPC\n9083\n', 'Irgyiaeleucasligma\nleucestigmaZESmith\n\nDesD0 arerautcn 13 1028\n\n']","['RD\n\nC R\nC 3\nC 29458\n\nC9C\n44\n', 'C\n9083\n', 'D\n\nDD0 13 1028\n\n']","['C\nC 3\nC 29458\n\nPC9CP\n44\n', 'WPC\n9083\n', '0 13 1028\n\n']",modelv1.0__2026-05-17 21:21:18
D:/moth_photos/database\batch_13\img_moth_00025363.jpg,"[4000, 6000]",37.235294117647065,"['WPC\n9084\n', 'NOVOomIniIck\nCharlesREdwardis\nMcClellanville\nSouthCarolinae\n\n26Sept197C\n\njeainLunSp\n', 'Orqyialeucostjgmea\nucosligma TRSmi\n\nDetDFarguacn9 75\n']","['RC\n9084\n', 'D\nCR\nC\n0C\n\n26197C\n', 'C\nR5\n\nDD9 75\n']","['WPC\n9084\n', 'C\nC\n0C\n\n26197C\n', 'C\n5\n\n0P9 75\n']",modelv1.0__2026-05-17 21:21:18
D:/moth_photos/database\batch_13\img_moth_00025364.jpg,"[4000, 6000]",37.01960784313725,"['WPC\n9085\n', 'RBDominick\nMcClellanville\nsouthCarolina\n\ntahltan\n', '']","['C\n9085\n', 'RD\nC\n0C\n', '']","['WPC\n9085\n', 'C\n0C\n', '']",modelv1.0__2026-05-17 21:21:18
D:/moth_photos/database\batch_13\img_moth_00025365.jpg,"[4000, 6000]",37.05882352941176,"['WPC\n9086\n', 'NDVominick\nMcClellanville\nSouth Carolina\ntd 175\nabhor\n\n', '', 'KBDominic\nMcClellanville\nrg Carolina\n\nV976\nleat ia\n\nWPC\n9086\n']","['C\n9086\n', 'D\nC\n\nC\n175\n\n', '', 'RD\nC\nC\n\n976\n\nC\n9086\n']","['WPC\n9086\n', 'C\nC\n175\n\n', '', 'C\nC\n\n976\n\nWPC\n9086\n']",modelv1.0__2026-05-17 21:21:18
D:/moth_photos/database\batch_13\img_moth_00025366.jpg,"[4000, 6000]",36.86274509803921,"['WPC\n9087\n', '2BDominic\nMicClellanville\nsouthCarolj\n\nai\n', '']","['C\n9087\n', '2D\nC\nC\n', '']","['WPC\n9087\n', '2\nC\nC\n', '']",modelv1.0__2026-05-17 21:21:18
D:/moth_photos/database\batch_13\img_moth_00025367.jpg,"[4000, 6000]",37.21568627450981,"['WPC\n9088\n', 'RBDominick\nMcClellanville\nSouthCarolina\n\nfaag1995\nLiisht\n', '']","['C\n9088\n', 'RD\nC\nC\n\n1995\n', '']","['WPC\n9088\n', 'C\nC\n\n1995\n', '']",modelv1.0__2026-05-17 21:21:18
D:/moth_photos/database\batch_13\img_moth_00025368.jpg,"[4000, 6000]",36.92307692307692,"['WPC\n9089\n', 'KBDominick\nMcClellanville\nSouth Carolina\n29Sept1928\nLiahbtwre\n']","['C\n9089\n', 'RD\nC\nC\n2951928\n']","['WPC\n9089\n', 'C\nC\n2951928\n']",modelv1.0__2026-05-17 21:21:18
D:/moth_photos/database\batch_13\img_moth_00025369.jpg,"[4000, 6000]",36.80392156862745,"['WPC\n9090\n', 'RBDominick\nMcClellanville\nSouthCGarolina\n\nReGedUPE\nan\ncightoar\n']","['C\n9090\n', 'RD\nC\nC\n\nRR\n']","['WPC\n9090\n', 'C\nC\n\nP\n']",modelv1.0__2026-05-17 21:21:18
D:/moth_photos/database\batch_13\img_moth_00025370.jpg,"[4000, 6000]",36.88235294117647,"['WPC\n9091\n', 'aj\n\nnBDominick\n\nMcClellanville\n\nSouthCarolina\nGet197\n\nPaes e\n', '']","['C\n9091\n', 'RD\n\nC\n\n0C\nC197\n\n2\n', '']","['WPC\n9091\n', 'C\n0C\nC197\n\nP2\n', '']",modelv1.0__2026-05-17 21:21:18
D:/moth_photos/database\batch_13\img_moth_00025371.jpg,"[4000, 6000]",36.8235294117647,"['WPC\n9092\n', 'RBDominick\nChariesR Edwardsf\nMcClellanville\nSouthCarolina29458\n\n29 us 19CY\nLISth\n', '']","['C\n9092\n', 'RRD\nCR\nC\nC29458\n\n29 19C9\nC\n', '']","['WPC\n9092\n', 'C\nC\nC29458\n\n29 19C9\nC\n', '']",modelv1.0__2026-05-17 21:21:18
D:/moth_photos/database\batch_13\img_moth_00025372.jpg,"[4000, 6000]",37.11764705882353,"['WPC\n9093\n', 'McClellanville ot\nSouthCarolina\nRBDominick\n\n28Nou467\nLhightko\n']","['C\n9093\n', 'C\nC\nRRD\n\n28467\n']","['WPC\n9093\n', 'WC\nC\n\n28467\n']",modelv1.0__2026-05-17 21:21:18
D:/moth_photos/database\batch_13\img_moth_00025373.jpg,"[4000, 6000]",37.235294117647065,"['WPC\n9094\n', 'mecge Plantation\nmiNEMcClellanville\n\ncng 3359\na\n\nioe\nlegRic BDomi Qaex\n']","['C\n9094\n', 'C\n\n3359\n\n1R D D\n']","['WPC\n9094\n', 'P\nC\n\n3359\n\n1\n']",modelv1.0__2026-05-17 21:21:18
D:/moth_photos/database\batch_13\img_moth_00025374.jpg,"[4000, 6000]",36.84313725490196,"['WPC\n9095\n', 'gBDominick\nharlesREdward\n\nicCle llanville s\n\nouth Carolina\n\nGets 972\nLhivaht\n', 'Onc\n\nleurosfigme\nDef\n']","['C\n9095\n', '2RD\nR\n\nC\n\n0 C\n\nC 972\n', 'D\n']","['WPC\n9095\n', '2\n\nC\n\n0 C\n\nC 972\n', '']",modelv1.0__2026-05-17 21:21:18
D:/moth_photos/database\batch_13\img_moth_00025375.jpg,"[4000, 6000]",36.666666666666664,"['WPC\n9096\n', 'mDVominick\nSharlesREdwards\nAicClellanville\nsoutt Carolina\n1SAus1971\nlirhtM\n']","['C\n9096\n', 'D\nCR\nC\nC\n11971\nC\n']","['WPC\n9096\n', 'C\nC\nC\n11971\nC\n']",modelv1.0__2026-05-17 21:21:18
D:/moth_photos/database\batch_13\img_moth_00025376.jpg,"[4000, 6000]",36.6078431372549,"['WPC\n9097\n', 'McCClellanville\nSouthCarolina\nRBDominick\n\n27NouJI67\nbighfwD\n']","['C\n9097\n', 'CC\nC\nR8D\n\n27967\nD\n']","['WPC\n9097\n', 'CC\nC\n8\n\n27967\n']",modelv1.0__2026-05-17 21:21:18
D:/moth_photos/database\batch_13\img_moth_00025377.jpg,"[4000, 6000]",36.666666666666664,"['RBDominick\nCharlesREdwards\nMcClellanville\nSouthCarolina29458\n43Fube1971\n\nLitherX\n', 'WPC\n9098\n']","['RRD\nCR\nC\nC29458\n431971\n', 'C\n9098\n']","['C\n\nC\n\nC29458\n431971\n', 'WPC\n9098\n']",modelv1.0__2026-05-17 21:21:18
D:/moth_photos/database\batch_13\img_moth_00025378.jpg,"[4000, 6000]",36.80392156862745,"['WPC\n9099\n', 'KbBVominick\nCharlesREdwards\nMcClellanville\nSoutfCarolina29458\n\n151yavy1970\nLigfhte\n']","['C\n9099\n', 'RD\nCR\nC\nC29458\n\n1511970\n']","['WPC\n9099\n', 'C\nC\nC29458\n\n1511970\n']",modelv1.0__2026-05-17 21:21:18
D:/moth_photos/database\batch_13\img_moth_00025379.jpg,"[4000, 6000]",36.72549019607843,"['WPC\n9100\n', 'KbDominick\nCharlesREdward\nMcClellanville\nrN Carolina\n\n16Nov145\nLiohto\n']","['C\n9100\n', 'R6D\nCR\nC\nC\n\n16145\n']","['WPC\n9100\n', '6\nC\nC\nP C\n\n16145\n']",modelv1.0__2026-05-17 21:21:18
D:/moth_photos/database\batch_13\img_moth_00025380.jpg,"[4000, 6000]",36.549019607843135,"['RBDominick\nChariesREdwards\nMcClellanville\nSouthCarolina2945\nISMay970\nlishtrvx\n', 'WPC\n9101\n']","['RD\nCR\nC\nC2945\n970\n11\n', 'C\n9101\n']","['C\nC\nC2945\n970\n11\n', 'WPC\n9101\n']",modelv1.0__2026-05-17 21:21:18
D:/moth_photos/database\batch_13\img_moth_00025381.jpg,"[4000, 6000]",36.745098039215684,"['WPC\n9102\n', 'pNeS27e4JUTNITIICK\nSharlesREdward\nAcClellanville\n\nouth Carolina e\n\n6Nou1974\nfrahhko\n']","['C\n9102\n', '274C\nR\nC\nC\n\n61974\n']","['WPC\n9102\n', 'P274C\nC\nC\n\n61974\n']",modelv1.0__2026-05-17 21:21:18
D:/moth_photos/database\batch_13\img_moth_00025382.jpg,"[4000, 6000]",36.76470588235294,"['WPC\n9103\n', 'RB Dominick\nCharlesREdwards\nMcClellanville\nSouthCarolina\n3oMA7972\n\nashteK\n']","['C\n9103\n', 'R8 D\nCR\nC\nC\n37972\n']","['WPC\n9103\n', '8\nC\nC\nC\n3W7972\n']",modelv1.0__2026-05-17 21:21:18
D:/moth_photos/database\batch_13\img_moth_00025383.jpg,"[4000, 6000]",36.529411764705884,"['WPC\n9104\n', 'Dt\nkBDominick\nCharlesREdwards\nMcClellanville\nSouthCarolina\n\nqJuneF72\nKrad\n']","['RC\n9104\n', 'RRD\nCR\nC\nC\n\n72\n']","['WPC\n9104\n', 'C\nC\nC\n\nP72\n']",modelv1.0__2026-05-17 21:21:18
D:/moth_photos/database\batch_13\img_moth_00025384.jpg,"[4000, 6000]",36.80392156862745,"['WPC\n9105\n', 'RBDominick\nMcClellanviile\nSoutheCarolina\n\nAYSeprF\nA4Sept93\n']","['C\n9105\n', 'RD\nC\nC\n\n2\n2493\n']","['WPC\n9105\n', 'C\nC\n\n2\n2493\n']",modelv1.0__2026-05-17 21:21:18
D:/moth_photos/database\batch_13\img_moth_00025385.jpg,"[4000, 6000]",36.76470588235294,"['WPC\n9107\n', 'XBVominick\nSharlesREdward\nMcClellanville\nSouthCarolina e\n\naJuneI72Q\nehbor\n']","['C\n9107\n', 'DD\nR\nC\n0C\n\n724\n']","['WPC\n9107\n', 'C\n0C\n\n724\n']",modelv1.0__2026-05-17 21:21:18
D:/moth_photos/database\batch_13\img_moth_00025386.jpg,"[4000, 6000]",36.705882352941174,"['WPCC\n9106\n', 'KRBVOTIMICA\nMcClellanville\nSouth Carolina\n142 4971\nLichtAW\n']","['C\n9106\n', 'RDC\nC\nC\n142 4971\nR\n']","['WPCC\n9106\n', 'C\nC\nC\n142 4971\nW\n']",modelv1.0__2026-05-17 21:21:18
D:/moth_photos/database\batch_13\img_moth_00025387.jpg,"[4000, 6000]",36.59615384615385,"['WPC\n9108\n', 'xBVOMINICK\nharlesREdward\nAcClellanville\nsouthC4rolina\n\n3\nJgune1973\n']","['C\n9108\n', 'DCR\nR\nC\nC4\n\n3\n1973\n']","['WPC\n9108\n', 'C\nC\nC4\n\n3\n1973\n']",modelv1.0__2026-05-17 21:21:18
D:/moth_photos/database\batch_13\img_moth_00025388.jpg,"[4000, 6000]",36.98039215686274,"['WPC\n9109\n', 'XbDominick\nharlesREdwards\n\nAcClellanville\nouthCafolina\n25fug 7\n\ntaht\n']","['C\n9109\n', '6D\nR\n\nC\nC\n25 7\n']","['WPC\n9109\n', '6\n\nC\nC\n25 7\n']",modelv1.0__2026-05-17 21:21:18
D:/moth_photos/database\batch_13\img_moth_00025389.jpg,"[4000, 6000]",36.76470588235294,"['WPC\n9110\n', 'keDAOMINICK\nvharlesREdwards\nicClellanvilleS\n25f Carolina\n\nF222\nLSA\n', 'Vominic rs\nREdwards\n\nllanville Y WPC\n\nCarolinaof\n\nChap 1922 9110\n\n']","['C\n9110\n', 'DC\nR\nC\n25 C\n\n22\nCR\n', 'R\nC\nC\n\nC 1922 9110\n\n']","['WPC\n9110\n', 'C\nC\n25 C\n\n22\nC\n', 'WPC\nC\n\nC 1922 9110\n\n']",modelv1.0__2026-05-17 21:21:18
D:/moth_photos/database\batch_13\img_moth_00025390.jpg,"[4000, 6000]",37.03921568627451,"['WPC\n9111\n', 'KbDominick\nCharlesREdwards\n\nSereda\nIPA fea 1472\n\nay\n']","['C\n9111\n', 'D\nCR\n\n1R 1472\n']","['WPC\n9111\n', 'C\n\n1P 1472\n']",modelv1.0__2026-05-17 21:21:18
D:/moth_photos/database\batch_13\img_moth_00025391.jpg,"[4000, 6000]",37.0,"['WPC\n9112\n', 'RBDominick\nMcClellanville\nSouthCarolina\n\n13Of1923\nLightwye\n']","['C\n9112\n', 'RRD\nC\nC\n\n131923\n']","['WPC\n9112\n', 'C\nC\n\n131923\n']",modelv1.0__2026-05-17 21:21:18
D:/moth_photos/database\batch_13\img_moth_00025392.jpg,"[4000, 6000]",36.68627450980392,"['WPC\n9113\n', 'RBDominick\nSouthCarolina\n\nFOk198\nLishKer\n']","['C\n9113\n', 'RD\nC\n\n50198\n']","['WPC\n9113\n', 'C\n\n50198\n']",modelv1.0__2026-05-17 21:21:18
D:/moth_photos/database\batch_13\img_moth_00025393.jpg,"[4000, 6000]",37.15686274509804,"['WPC\n9114\n', 'KBDominick\nMcClellanville\nSouthCarolina\n']","['C\n9114\n', 'RD\nC\nC\n']","['WPC\n9114\n', 'C\nC\n']",modelv1.0__2026-05-17 21:21:18
D:/moth_photos/database\batch_13\img_moth_00025394.jpg,"[4000, 6000]",36.72549019607843,"['WPC\n9115\n', 'RBDominick\nCharlesREdwards o\nMcClellanville\nSouthCaroliga29458\n\nT7Ockh76F8\n\nfCte\n', 'Oo rg hi 10 leucos tigma\nleucostiqmaFESm\nDetD0Perguson39 Is\n']","['C\n9115\n', 'RD\nCR\nC\nC29458\n\n78768\n\nC4\n', '9 10 3\nC5\nDD039\n']","['WPC\n9115\n', 'C\nC\nC29458\n\n78768\n\nC4\n', '9 10 3\nC5\n0P39\n']",modelv1.0__2026-05-17 21:21:18
D:/moth_photos/database\batch_13\img_moth_00025395.jpg,"[4000, 6000]",36.769230769230774,"['WPC\n9116\n', 'NeOUVOMINICK\nharlesREdward\nouthCaalnete\n\nOt 1992\nOs AL\n']","['C\n9116\n', 'DC\nR\nC\n\n7 1992\n']","['WPC\n9116\n', 'C\nC\n\n7 1992\n']",modelv1.0__2026-05-17 21:21:18
D:/moth_photos/database\batch_13\img_moth_00025396.jpg,"[4000, 6000]",36.59615384615385,"['WPC\n9117\n', 'KBVominick\n\nMcClellanville\n\nSouthCarolina\nAag1473\nLiahtore\n']","['C\n9117\n', 'RDD1\nCC\nC\n1473\n']","['WPC\n9117\n', '1\nCC\nC\n1473\n']",modelv1.0__2026-05-17 21:21:18
D:/moth_photos/database\batch_13\img_moth_00025397.jpg,"[4000, 6000]",36.705882352941174,"['WPC\n9118\n', 'KBDominick\nCharlesREdward\nMcClellanville\nSouthCarolina\n\n1FOt1972\n\nLipo\n']","['RC\n9118\n', 'RD\nCR\nC\nC\n\n1701972\n']","['WPC\n9118\n', 'C\nC\nC\n\n1701972\n']",modelv1.0__2026-05-17 21:21:18
D:/moth_photos/database\batch_13\img_moth_00025398.jpg,"[4000, 6000]",36.7843137254902,"['WPC\n9119\n', 'OVominick\nsharlesREdwards\n\nAcC lellanville\nouthCarolina o\n\nS Cef TZ\neee\n']","['C\n9119\n', 'R\n\nC\nC\n\nC\n']","['WPC\n9119\n', 'C\nC\n\nC\n']",modelv1.0__2026-05-17 21:21:18
D:/moth_photos/database\batch_13\img_moth_00025399.jpg,"[4000, 6000]",36.705882352941174,"['WPC\n0\n', 'BVDominick\nharlesREdwards\n\nAcClellanville\nouthCarolinae ty\n\nBFuby9172\n\nAe\n']","['C\n0\n', 'DD\nR\n\nC\nC 7\n\n9172\n']","['WPC\n0\n', 'C\nC 7\n\n9172\n']",modelv1.0__2026-05-17 21:21:18
D:/moth_photos/database\batch_13\img_moth_00025400.jpg,"[4000, 6000]",36.72549019607843,"['WPC\n9121\n', 'RBDominick\nCharlesREdwards\nMcClellanville S\non Carolina29458\nDee1968\n\nLiSprp\n']","['C\n9121\n', 'RD\nCR\nC 5\nC29458\nD1968\n']","['WPC\n9121\n', 'C\n\nC 5\n\nC29458\nP1968\n']",modelv1.0__2026-05-17 21:21:18
D:/moth_photos/database\batch_13\img_moth_00025401.jpg,"[4000, 6000]",36.68627450980392,"['WPC\n9122\n', 'Mc thanville\nBibbs\n']","['C\n9122\n', 'R\n']","['WPC\n9122\n', '']",modelv1.0__2026-05-17 21:21:18
D:/moth_photos/database\batch_13\img_moth_00025402.jpg,"[4000, 6000]",37.1764705882353,"['WPC\n9123\n', 'RBDominick\n\n3 Charles R Edwanis\nMcflellanville\n\nSouthCarolina 29458\n\n27 Feeh767\nArgh\n']","['C\n9123\n', 'RRD\n\n3 C R\nC\n\nC 29458\n\n27 767\n5\n']","['WPC\n9123\n', '3 C\nC\n\nC 29458\n\n27 P767\n5\n']",modelv1.0__2026-05-17 21:21:18
D:/moth_photos/database\batch_13\img_moth_00025403.jpg,"[4000, 6000]",36.588235294117645,"['WPC\n9124\n', 'KBDominick\nCharlesREdwards\nMcClellanville\nSouth 221a4 29458\n\n13279\nLith Semaie\n']","['C\n9124\n', 'R6D\nCR\nC\n22144 29458\n\n13279\nC 2\n']","['WPC\n9124\n', '6\nC\nC\n22144 29458\n\n13279\nC 2\n']",modelv1.0__2026-05-17 21:21:18
D:/moth_photos/database\batch_13\img_moth_00025404.jpg,"[4000, 6000]",36.549019607843135,"['WPC\n9125\n', 'RBDominick\nCharlesREdward\nMcClellanville\nSouth Carojiria\n\nFSune1971\nLISLx\n', 'Qleucostiqma\nJeucostigmaFESmith\n\nDet0CFergusun19 75\nDreivoriedl VesenLnig\n']","['C\n9125\n', 'RD\nCR\nC\nC\n\n1971\nC7\n', '46\n\nD0C19 75\nD\n']","['WPC\n9125\n', 'C\nC\nC\n\n1971\nC7\n', '46\n\n0C19 75\nP\n']",modelv1.0__2026-05-17 21:21:18
D:/moth_photos/database\batch_13\img_moth_00025405.jpg,"[4000, 6000]",36.7843137254902,"['WPC\n9126\n', 'R BDominick\nCharlesREdwards\nMcClellanville\n\n5betI Py 7\n\nLightor\n', 'p\nlagia\n\nDo\n', 'DMBC00330\nRICHARDBDOMINICK\n\nMOTH8BUTTERFLYCOLLECTION\n\nUNIVERSITYOFSOUTHCAROLINA\n']","['C\n9126\n', 'R D\nCR\nC\n\n5 7\n', 'D\n', 'DC00330\nRCRDDC\n\n8RCC\n\nRCR\n']","['WPC\n9126\n', 'C\nC\n\n5 P 7\n', 'P\n', 'PC00330\nCC\n\n8CC\n\nC\n']",modelv1.0__2026-05-17 21:21:18
D:/moth_photos/database\batch_13\img_moth_00025406.jpg,"[4000, 6000]",36.509803921568626,"['WPC\n9127\n', 'RBDominick\nCharlesREdwards\nMcClellanville J\nSoutmCarofina29458s\n\n1GJune969\nL15at\n', 'Hemerodan\npla ick ath\n395007\n', 'DMBC00331\nRICHARDBDOMINICK\n\nMOTHBUTTERFLYCOLLECTION\nUNIVERSITYOFSOUTHCAROLINA\n']","['C\n9127\n', 'RRD\nCR\nC\nC29458\n\n1969\n15\n', '395007\n', 'DC00331\nRCRD6D0C\n\nRRCC\nRCR\n']","['WPC\n9127\n', 'C\nC\nC29458\n\n1969\n15\n', 'P\n395007\n', 'PC00331\nC60C\n\nCC\nC\n']",modelv1.0__2026-05-17 21:21:18
D:/moth_photos/database\batch_13\img_moth_00025407.jpg,"[4000, 6000]",36.88235294117647,"['WPC\n9128\n', 'KRLBVominick\nMcClellanville\nSouthCarolina\n\nJuly1975\n\ntsehEole\n', 'fbi\nfa\n\ndakte F\n', 'DMBC00332\nRICHARDBDOMINICK\n\nMOTH8BUTTERFLYCOLLECTION\nUNIVERSITYOFSOUTHCAROLINA\n\n']","['C\n9128\n', 'R\nC\nC\n\n1975\n', '', 'DC00332\nRCRDDC\n\n8RCC\nR0CR\n\n']","['WPC\n9128\n', 'C\nC\nP1975\n', '', 'PC00332\nCPC\n\n8CC\n0C\n\n']",modelv1.0__2026-05-17 21:21:18
D:/moth_photos/database\batch_13\img_moth_00025408.jpg,"[4000, 6000]",36.64705882352941,"['WPC\n9129\n', 'KBDominick\n\nCharlesREdwardis\n6 McClellanville\n\nSoythC4rolina29458\n\n7ANS9b6T\n5efdJ\n', 'Gehas la Pack\n\nDetDOPerguser 97S\noie\n']","['C\n9129\n', 'RRD\n\nCR\n6 C\n\nC429458\n\n7196\n54\n', 'DD0 97\n']","['WPC\n9129\n', 'C\n6 C\nC429458\n\n7196\n54\n', 'P\n\n0P 97\n']",modelv1.0__2026-05-17 21:21:18
D:/moth_photos/database\batch_13\img_moth_00025409.jpg,"[4000, 6000]",36.68627450980392,"['WPC\n9130\n', 'McClelianville4\nSouthCarolina f\nRBDominick\n\nBNoys1967\n', 'SePnit ba Fack\n\nDetD0 Ferguaon 09S\n']","['C\n9130\n', 'C4\nC\nRD\n\n811967\n', 'DD0 09\n']","['WPC\n9130\n', 'C4\nC\n\n811967\n', 'P\n\n0 P 09\n']",modelv1.0__2026-05-17 21:21:18
D:/moth_photos/database\batch_13\img_moth_00025410.jpg,"[4000, 6000]",36.59615384615385,"['WPC\n9131\n', 'BDominick\nShariesREdward\nMcClellanville\nsouthCarolina\n23Sept1971\nligshte\n']","['C\n9131\n', 'D\nDR\nC\nC\n231971\n']","['WPC\n9131\n', 'C\nC\n231971\n']",modelv1.0__2026-05-17 21:21:18
D:/moth_photos/database\batch_13\img_moth_00025411.jpg,"[4000, 6000]",36.588235294117645,"['WPC\n9132\n', 'RBDominick\nCharlesREdwardis\nMcClellanville\nSout soe 2945\n\nra\n']","['C\n9132\n', 'RRD\nCR\nC\n2945\n']","['WPC\n9132\n', 'C\nC\n2945\n']",modelv1.0__2026-05-17 21:21:18
D:/moth_photos/database\batch_13\img_moth_00025412.jpg,"[4000, 6000]",36.67307692307692,"['WPC\n9133\n', 'McClellanville\nSouth Carolina ol\n\n28Nou167\n\nan\n']","['C\n9133\n', 'C\nC\n\n28167\n']","['WPC\n9133\n', 'C\nC\n\n28167\n']",modelv1.0__2026-05-17 21:21:18
D:/moth_photos/database\batch_13\img_moth_00025413.jpg,"[4000, 6000]",36.6078431372549,"['WPC\n9134\n', 'Orgyla\n\nfei ne be\n3450\nadektDecr\n', 'RBDominick\nMcClellanville\nSoutheCarolina\n\n20 Dee175\nLiehhoy\n']","['C\n9134\n', '3450\nD\n', 'RD\nC\nC\n\n20 D175\n']","['WPC\n9134\n', '3450\n', 'C\nC\n\n20 175\n']",modelv1.0__2026-05-17 21:21:18
D:/moth_photos/database\batch_13\img_moth_00025414.jpg,"[4000, 6000]",36.588235294117645,"['WPC\n9135\n', 'XBVOomINICK\nSraricsREdvcacs\nAcClellanville\nouth Carolinae oOo\nlgDee1472\n\nygb\n']","['C\n9135\n', 'DCR\nR\nC\nC\nD1472\n']","['WPC\n9135\n', 'C\nC\nC\n1472\n']",modelv1.0__2026-05-17 21:21:18
D:/moth_photos/database\batch_13\img_moth_00025415.jpg,"[4000, 6000]",36.549019607843135,"['WPC\n9136\n', '2BDominick\nhariesREdward\nMcClellanvilles\nsouth Carolina\n\n13Ok1T7A\n\nIf\n']","['C\n9136\n', '2D\nR\nC\n0 C\n\n1317\n']","['WPC\n9136\n', '2\nC\n0 C\n\n1317\n']",modelv1.0__2026-05-17 21:21:18
D:/moth_photos/database\batch_13\img_moth_00025416.jpg,"[4000, 6000]",36.68627450980392,"['WPC\n9137\n', 'NeeBPeAFAVIAILALAUN\nShariesREdwards\nAcClellanville\njouthCarolina\n\nefYovF7\ntlabtAT\n']","['C\n9137\n', '22\nDR\nC\nC\n\n7\n7\n']","['WPC\n9137\n', '2P\nC\nC\n\n7\n7\n']",modelv1.0__2026-05-17 21:21:18
D:/moth_photos/database\batch_13\img_moth_00025417.jpg,"[4000, 6000]",36.64705882352941,"['WPC\n9139\n', '2BDominick\nharlesREdwards\nAcClellanville\nouthCarolina29458\n23 mor 1976\nCitprtewi\n']","['C\n9139\n', '2RD\nR\nC\nC29458\n23 1976\nC\n']","['WPC\n9139\n', '2\nC\nC29458\n23 1976\nC\n']",modelv1.0__2026-05-17 21:21:18
D:/moth_photos/database\batch_13\img_moth_00025418.jpg,"[4000, 6000]",36.6078431372549,"['WPC\n9138\n', 'ANe29647JOTNHINICK\nCharlesREdwards\nMcClellanville\nsouthCarolinae\n\n13Dec199\nVanhk\n']","['C\n9138\n', '296470C\nCR\nC\n0C\n\n13D199\n']","['WPC\n9138\n', '296470C\nC\nC\n0C\n\n13199\n']",modelv1.0__2026-05-17 21:21:18
D:/moth_photos/database\batch_13\img_moth_00025419.jpg,"[4000, 6000]",36.56862745098039,"['WPC\n9140\n', 'KRBVominick\nCharlesREdwards\nMcClellanville\nSouthCarolina e\n\n5Segt1971\nLintf\n']","['C\n9140\n', 'R\nCR\nC\nC\n\n51971\n']","['WPC\n9140\n', 'C\nC\nC\n\n51971\n']",modelv1.0__2026-05-17 21:21:18
D:/moth_photos/database\batch_13\img_moth_00025420.jpg,"[4000, 6000]",36.68627450980392,"['WPC\n9141\n', 'RBDominick\nCharlesREdwards\nicClellanville\nSouthCarolina29458\nGJune97\n\nLigshta\n', 'BDominick\narlesREdwards\n\nClellanville WPC\nthCarolina29458\n\nJunes97I 9141\n\ntShtLA\n\n']","['C\n9141\n', 'RRD\nCR\nC\n0C29458\n97\n', 'D\nR\n\nC C\nC29458\n\n97 9141\n\n']","['WPC\n9141\n', 'C\n\nC\n\n0C29458\n97\n', 'C WPC\nC29458\n\n97 9141\n\n']",modelv1.0__2026-05-17 21:21:18
D:/moth_photos/database\batch_13\img_moth_00025421.jpg,"[4000, 6000]",36.80392156862745,"['WPC\n9142\n', 'ge\nMcClellanville\nSouthCarolina 7\nRBDominickQ\n\nNal\n']","['C\n9142\n', 'CC\nC\nC 7\nRRD\n']","['WPC\n9142\n', 'CC\nC\nC 7\n']",modelv1.0__2026-05-17 21:21:18
D:/moth_photos/database\batch_13\img_moth_00025422.jpg,"[4000, 6000]",36.67307692307692,"['WPC\n9143\n', 'KBDominick\nMcClellanville\nouthCarolina\n', 'Pareynyic ia\nRISD\n', 'RICHARDBDOMINICK\nMOTH8BUTTERFLYCOLLECTION\n\nUNIVERSITYOFSOUTH CAROLINA\nseceNTEeieeeaeeeeeee\n']","['C\n9143\n', 'RD\nCC\nC\n', 'RD\n', 'RCRD8DC\n8RCC\n\nR CR\n']","['WPC\n9143\n', 'CC\nC\n', 'P\n', 'C8C\n8PCC\n\nC\n']",modelv1.0__2026-05-17 21:21:18
D:/moth_photos/database\batch_13\img_moth_00025423.jpg,"[4000, 6000]",36.627450980392155,"['WPC\n9144\n', 'CharlesREdwarnis\nMcClellanville\nSouthCarolina29458\ni2Nary1964\nLusher\n\nRBDominick S\n', 'Arorayie\nMah\n39060\n', 'DMBC00352\nRICHARDBDOMINICK\nMOTH8BUTTERFLYCOLLECTION\n\nUNIVERSITYOFSOUTHCAROLINA\n']","['C\n9144\n', 'CR\nC\nC29458\n21964\n\nRD\n', '39060\n', 'DC00352\nRCRD6DC\n8RCC\n\nRCR\n']","['WPC\n9144\n', 'C\nC\nC29458\n21964\n', '39060\n', 'PC00352\nC6WC\n8PCC\n\nC\n']",modelv1.0__2026-05-17 21:21:18
D:/moth_photos/database\batch_13\img_moth_00025424.jpg,"[4000, 6000]",36.7843137254902,"['WPC\n9145\n', 'RBDominick\nCharlesREdwards\nMcClellanville\nSouthCarelina29458\n\nsss FCS\nCrsmnt7 76\n', 'farorgy4ia\n\nmant o\nZ0LLy\n', 'DMBC00350\nRICHARDBDOMINICK\nMOTH8BUTTERFLYCOLLECTION\n\nUNIVERSITYOFSOUTHCAROLINA\nee\n']","['C\n9145\n', 'RD\nCR\nC\nC29458\n\n6\nC7 76\n', '4\n\n20\n', 'DC00350\nRCRDDC\n8RCC\n\nRCR\n']","['WPC\n9145\n', 'C\nC\nC29458\n\n6\nC7 76\n', '4\n\n20\n', 'PC00350\nCC\n8PCC\n\nC\n']",modelv1.0__2026-05-17 21:21:18
D:/moth_photos/database\batch_13\img_moth_00025425.jpg,"[4000, 6000]",36.666666666666664,"['Wwec\n9146\n', 'McClellanville\nSouthCarolfha29458\n\n9may\n47a 768\n\nRBDominick 2\n']","['C\n9146\n', 'C\nC29458\n\n9\n47 768\n\nRRD 2\n']","['WPC\n9146\n', 'C\nC29458\n\n9\n47 768\n\n2\n']",modelv1.0__2026-05-17 21:21:18
D:/moth_photos/database\batch_13\img_moth_00025426.jpg,"[4000, 6000]",36.84313725490196,"['WPC\n9147\n', 'RBDominick\nCharlesREdwards\nMcClellanville\nSouth Carolina 29458\n\nOckfUT\nherght\n']","['C\n9147\n', 'RRD\nCR\nC\nC 29458\n\n7\n']","['WPC\n9147\n', 'C\nC\nC 29458\n\n7\n']",modelv1.0__2026-05-17 21:21:18
D:/moth_photos/database\batch_13\img_moth_00025427.jpg,"[4000, 6000]",36.68627450980392,"['nsf ia MALT\n\nROc4 Qs\na ght bd\nrae vn 3\nominick\n\nAyes Reelellanville\nBoh Carolina\n', 'WPC\n9148\n']","['R4\n3\n\nR\nC\n', 'C\n9148\n']","['C4\n3\n\nC\n', 'WPC\n9148\n']",modelv1.0__2026-05-17 21:21:18
D:/moth_photos/database\batch_13\img_moth_00025428.jpg,"[4000, 6000]",36.627450980392155,"['WPC\n9149\n', 'McClellanville\nSouthCarolina\nRB gerains7\n8 oa Fb9\nLight\n']","['C\n9149\n', 'C\nC\nR 7\n8 69\n']","['WPC\n9149\n', 'C\nC\n7\n8 69\n']",modelv1.0__2026-05-17 21:21:18
D:/moth_photos/database\batch_13\img_moth_00025429.jpg,"[4000, 6000]",36.6078431372549,"['WPC\n9150\n', 'RRDominick\n\nCharlesREdwardse\nMcClelanville\nSouth Carolina 29458\n\n27SepgtIL7\nAight\n\n']","['C\n9150\n', 'RRD\n\nCR\nC\nC 29458\n\n2777\n\n']","['WPC\n9150\n', 'C\nC\nC 29458\n\n2777\n\n']",modelv1.0__2026-05-17 21:21:18
D:/moth_photos/database\batch_13\img_moth_00025430.jpg,"[4000, 6000]",36.666666666666664,"['WPC\n9151\n', 'RBDominick\nMcClellanville\nif Pears\n\nfal ims\n', 'Swanbe\n']","['C\n9151\n', 'RD\nC\n', '']","['WPC\n9151\n', 'C\nP\n', '']",modelv1.0__2026-05-17 21:21:18
D:/moth_photos/database\batch_13\img_moth_00025431.jpg,"[4000, 6000]",37.19607843137255,"['WPC\n9152\n\n', 'RBDominicm\nMcClellanville\nSouthfarolina\n3bDAuaq1473\nLigh or\n']","['RC\n9152\n\n', 'RD\nC\n3D1473\n']","['WPC\n9152\n\n', 'C\n31473\n']",modelv1.0__2026-05-17 21:21:18
D:/moth_photos/database\batch_13\img_moth_00025432.jpg,"[4000, 6000]",36.705882352941174,"['WPC\n9153\n', 'YBDominick\nShariesREdwards\nAcCiellanville\need Carolina\n\n34bBt1972\n\nLeo3h\n']","['C\n9153\n', '2RD\nR\nC\n0 C\n\n341972\n\n3\n']","['WPC\n9153\n', '2\nC\n0 C\n\n341972\n\n3\n']",modelv1.0__2026-05-17 21:21:18
D:/moth_photos/database\batch_13\img_moth_00025433.jpg,"[4000, 6000]",36.666666666666664,"['WPC\n9154\n', 'XNDVMOMMMICH\nChariesREdwards\nMcClellanville\nSouthCarolina\n']","['RC\n9154\n', 'DC\nCR\nC\n0C\n']","['WPC\n9154\n', 'C\nC\nC\n0C\n']",modelv1.0__2026-05-17 21:21:18
D:/moth_photos/database\batch_13\img_moth_00025434.jpg,"[4000, 6000]",36.549019607843135,"['WPC\n9155\n', 'ficClellanville\nsouthCarolina\neB Dominick\n']","['C\n9155\n', 'C\nC\n2R D\n']","['WPC\n9155\n', 'C\nC\n2\n']",modelv1.0__2026-05-17 21:21:18
D:/moth_photos/database\batch_13\img_moth_00025435.jpg,"[4000, 6000]",36.7843137254902,"['WPC\n9156\n', 'KRBDominick\nCharlesREdwards\nMc Clellanville\nSouthCarolina 29458\n\n27 BY Zo8 S68\n']","['C\n9156\n', 'R6D\nCR\nC\nC 29458\n\n27 D 8 68\n']","['WPC\n9156\n', '6\nC\nC\nC 29458\n\n27 8 68\n']",modelv1.0__2026-05-17 21:21:18
D:/moth_photos/database\batch_13\img_moth_00025436.jpg,"[4000, 6000]",36.64705882352941,"['WPC\n9157\n', 'RBDominick\nCharlesREdwards\nMcClellanville\nSoutheCarolina29458\n']","['C\n9157\n', 'RRD\nCR\nC\nC29458\n']","['WPC\n9157\n', 'C\nC\nC29458\n']",modelv1.0__2026-05-17 21:21:18
D:/moth_photos/database\batch_13\img_moth_00025437.jpg,"[4000, 6000]",36.80392156862745,"['WPC\n9158\n', 'RBDominick\nCharlesREdwards\nMcClellanville\nSouthCarolinae\n\n30Suly197\nUrchfAe\n']","['C\n9158\n', 'RRD\nCR\nC\n0C\n\n30D197\n']","['WPC\n9158\n', 'C\nC\n0C\n\n30197\n']",modelv1.0__2026-05-17 21:21:18
D:/moth_photos/database\batch_13\img_moth_00025438.jpg,"[4000, 6000]",36.588235294117645,"['WPC\n9159\n', 'McClellanville\nSouthCarolina\nRBDominick\n\n2fiptb7\n\nLtchfy\n']","['RC\n9159\n', 'C\nC\nRRD\n\n27\n']","['WPC\n9159\n', 'C\nC\n\n27\n']",modelv1.0__2026-05-17 21:21:18
D:/moth_photos/database\batch_13\img_moth_00025439.jpg,"[4000, 6000]",36.529411764705884,"['WPC\n9160\n', 'McClellanville\nSouth Carolina\nBDominick\n\ni Ayr Y\n\nse\n']","['C\n9160\n', 'C\nC\nD\n\n1\n\n2\n']","['WPC\n9160\n', 'C\nC\n\n1P\n\n2\n']",modelv1.0__2026-05-17 21:21:18
D:/moth_photos/database\batch_13\img_moth_00025440.jpg,"[4000, 6000]",36.71153846153846,"['WPC\n9161\n', 'RBDominick\n\nCharles REdwanisA\nMcElellanville\nSouthCarolina29458\n\nidan\n']","['C\n9161\n', 'RRD\n\nC R\nC29458\n']","['WPC\n9161\n', 'C\nC29458\n']",modelv1.0__2026-05-17 21:21:18
D:/moth_photos/database\batch_13\img_moth_00025441.jpg,"[4000, 6000]",36.745098039215684,"['WPC\n9162\n', 'RBDominick\nCharlesR Edwaris2\n\nMcFlellanville\nSouthCarolina29458\n\n29GSept19679\nLiswit\n']","['C\n9162\n', 'RD\nCR 2\n\nC29458\n\n29519679\nC1\n']","['WPC\n9162\n', 'C 2\n\nC29458\n\n29519679\nC1\n']",modelv1.0__2026-05-17 21:21:18
D:/moth_photos/database\batch_13\img_moth_00025442.jpg,"[4000, 6000]",37.0,"['WPC\n9163\n', 'NRDMOTIIUCH\nCharlesREdwards\nMcClellanville 4\nSouthCarolina29458\n\nynag 7L3\n']","['C\n9163\n', 'RDCR\nCR\nC 4\n0C29458\n\n7 763\n']","['WPC\n9163\n', 'C\nC\nC 4\n0C29458\n\n7 763\n']",modelv1.0__2026-05-17 21:21:18
D:/moth_photos/database\batch_13\img_moth_00025443.jpg,"[4000, 6000]",36.588235294117645,"['WPC\n9164\n', 'McClellanville\nSouth hCarolina\nBeDo minicl\n\n1poy1968\nLy is\n']","['C\n9164\n', 'C\nC\nRD\n\n11968\n']","['WPC\n9164\n', 'C\nC\n\n11968\n']",modelv1.0__2026-05-17 21:21:18
D:/moth_photos/database\batch_13\img_moth_00025444.jpg,"[4000, 6000]",36.86274509803921,"['WPC\n9165\n', 'RBDominick\nCharlesREdwards\nMcClellanville\n\n4 Mat1F68\n\nfJjerdZ\n']","['C\n9165\n', 'RRD\nCR\nC\n\n4 1968\n\n4\n']","['WPC\n9165\n', 'C\nC\n\n4 W1968\n\n4\n']",modelv1.0__2026-05-17 21:21:18
D:/moth_photos/database\batch_13\img_moth_00025445.jpg,"[4000, 6000]",36.64705882352941,"['WPC\n9166\n', 'kKBDominick\nChariesREdwards\nMcClellanville\nSouthCarolina29458\n\n2BWMar197\nluShtH\n']","['C\n9166\n', 'D\nCR\nC\nC29458\n\n2197\n']","['WPC\n9166\n', 'C\nC\nC29458\n\n2W197\n']",modelv1.0__2026-05-17 21:21:18
D:/moth_photos/database\batch_13\img_moth_00025446.jpg,"[4000, 6000]",36.509803921568626,"['WPC\n9167\n', 'RBDominick\nSharlesREdwardis\nicCJellanville A\nsouthCarolina29458\n\na7 Sept1963\n\nlitnhetke\n']","['RC\n9167\n', 'RD\nR\nC 4\n0C29458\n\n7 1963\n\nC\n']","['WPC\n9167\n', 'C 4\n0C29458\n\n7 1963\n\nC\n']",modelv1.0__2026-05-17 21:21:18
D:/moth_photos/database\batch_13\img_moth_00025447.jpg,"[4000, 6000]",37.14,"['WPC\n9168\n', 'RBDominick\n\nCharlesREdwards\nMcClellanville\n\nS a Carolina29458\n\nay1969\n\n2a\n']","['C\n9168\n', 'RD\n\nCR\nC\n\nC29458\n\n1969\n\n2\n']","['WPC\n9168\n', 'C\nC\n\nC29458\n\n1969\n\n2\n']",modelv1.0__2026-05-17 21:21:18
D:/moth_photos/database\batch_13\img_moth_00025448.jpg,"[4000, 6000]",36.588235294117645,"['WPC\n9169\n', 'RBDominick\nCharlesREdwards\nMcClellanville\nSouth Carolina 29458\na Sopr 197\nArfhi\n']","['C\n9169\n', 'RRD\nCR\n\nC\nC 29458\n197\n']","['WPC\n9169\n', 'C\nC\n\nC 29458\n\n197\n']",modelv1.0__2026-05-17 21:21:18
D:/moth_photos/database\batch_13\img_moth_00025449.jpg,"[4000, 6000]",36.745098039215684,"['WPC\n9170\n', 'McClellanville\n\nsouth Carolina Y\nBDominick\n\nSS 3Au 446\nJ talte\n']","['C\n9170\n', 'C\n\n0 C\nRD\n\n3 446\n']","['WPC\n9170\n', 'C\n\n0 C\n\n3 446\n']",modelv1.0__2026-05-17 21:21:18
D:/moth_photos/database\batch_13\img_moth_00025450.jpg,"[4000, 6000]",36.72549019607843,"['WPC\n9171\n', 'CharlesREdwards\nMcClellanville bg\nSouthCarolina29458\n\nL3acht\n']","['C\n9171\n', 'CR\nC\nC29458\n\n3\n']","['WPC\n9171\n', 'C\nC\nC29458\n\n3\n']",modelv1.0__2026-05-17 21:21:18
D:/moth_photos/database\batch_13\img_moth_00025451.jpg,"[4000, 6000]",36.76470588235294,"['WPC\n9172\n', 'McClellanville\nSouth Carolina OO\n\n30167\n\nLraht\n']","['C\n9172\n', 'C\nC\n\n30167\n']","['WPC\n9172\n', 'C\nC\n\n30167\n']",modelv1.0__2026-05-17 21:21:18
D:/moth_photos/database\batch_13\img_moth_00025452.jpg,"[4000, 6000]",36.72549019607843,"['WPC\n9173\n', '4 Of 7967\nLig\n\nMe Clellanville\nSouthCarolina\nRBDominick ov\n']","['C\n9173\n', '4 7967\n\nC\nC\nRRD 7\n']","['WPC\n9173\n', '4 7967\n\nC\nC\n7\n']",modelv1.0__2026-05-17 21:21:18
D:/moth_photos/database\batch_13\img_moth_00025453.jpg,"[4000, 6000]",36.705882352941174,"['WPC\n9174\n', 'ee\nMcClellanville\nSouthCarolina\nRBDominick\n\n12Sept1967\nLight\n']","['C\n9174\n', 'C\nC\nRRD\n\n121967\n']","['WPC\n9174\n', 'C\nC\n\n121967\n']",modelv1.0__2026-05-17 21:21:18
D:/moth_photos/database\batch_13\img_moth_00025454.jpg,"[4000, 6000]",37.18000000000001,"['WPC\n9175\n', 'RBDominick\nChariesREdwards7\nMcClellanville sa\nSouthCarolina29458\n2YSeasSILF\n\nLight\n']","['C\n9175\n', 'RRD\nCR7\nC\nC29458\n209\n\n4\n']","['WPC\n9175\n', 'C7\n\nC\n\nC29458\n209P\n\n4\n']",modelv1.0__2026-05-17 21:21:18
D:/moth_photos/database\batch_13\img_moth_00025455.jpg,"[4000, 6000]",36.745098039215684,"['WPC\n9176\n', 'mBVoOminick\nCharlesREdwards\nMcClellanville\nSouthCarolinae x\n\n3Ocf147\n5Cf1A7\n', 'Deisychr C\nmm antox\n']","['RC\n9176\n', 'D\nCR\nC\nC\n\n3147\n5C147\n', 'D C\n']","['WPC\n9176\n', 'C\nC\nC\n\n3147\n5C147\n', 'C\n']",modelv1.0__2026-05-17 21:21:18
D:/moth_photos/database\batch_13\img_moth_00025456.jpg,"[4000, 6000]",36.76470588235294,"['WPC\n9177\n', 'RBDominick\nCharlesREdwards\n\nMcClellanville\n\nSouthCarolina29458\noOctFtF\ntight\n']","['C\n9177\n', 'RD\nCR\n\nC\nC29458\n67\n']","['WPC\n9177\n', 'C\n\nC\nC29458\n67\n']",modelv1.0__2026-05-17 21:21:18
D:/moth_photos/database\batch_13\img_moth_00025457.jpg,"[4000, 6000]",36.666666666666664,"['WPC\n9178\n', 'RBDominick\nCharlesREdwards\nMcClellanville\nSouthCarolina29458\n\ne Octs9L7\nhighs\n']","['C\n9178\n', 'RRD\nCR\nC\nC29458\n\n97\n']","['WPC\n9178\n', 'C\nC\nC29458\n\n97\n']",modelv1.0__2026-05-17 21:21:18
D:/moth_photos/database\batch_13\img_moth_00025458.jpg,"[4000, 6000]",36.627450980392155,"['WPC\n9179\n', '104unt197\nLishtCRE\n\n']","['C\n9179\n', '104197\nCR\n\n']","['WPC\n9179\n', '104197\nC\n\n']",modelv1.0__2026-05-17 21:21:18
D:/moth_photos/database\batch_13\img_moth_00025459.jpg,"[4000, 6000]",36.57692307692308,"['WPC\n9181\n', 'NedgeFiantablAadvids\nSouthSanteeRiver\n\nCharlestopCoSC\n\nMarchzZ J 1967\nNaivdalasgCeFerquson\n', 'Parorg Is 1a\nmen oO\nDetD ure i97\n\nPeabodyMuseumYaleUniv\n']","['C\n9181\n', 'R\n5R\n\nCC05C\n\n2 1967\nRC\n', '1\nDD 97\n']","['WPC\n9181\n', 'P\n5\n\nCC05C\n\n2 1967\nCP\n', 'P 1W\n97\n\nP\n']",modelv1.0__2026-05-17 21:21:18
D:/moth_photos/database\batch_13\img_moth_00025460.jpg,"[4000, 6000]",36.745098039215684,"['WPC\n9180\n', '']","['C\n9180\n', '']","['WPC\n9180\n', '']",modelv1.0__2026-05-17 21:21:18
D:/moth_photos/database\batch_13\img_moth_00025461.jpg,"[4000, 6000]",37.18000000000001,"['WPC\n9182\n', 'McClellanville\nSouthCarolina\nCharlesR Edwards\n\nV2Sepor1967\nLicpt\n']","['C\n9182\n', 'C\nC\nCR\n\n2C1967\n']","['WPC\n9182\n', 'C\nC\nC\n\n2C1967\n']",modelv1.0__2026-05-17 21:21:18
D:/moth_photos/database\batch_13\img_moth_00025462.jpg,"[4000, 6000]",36.78846153846154,"['WPC\n9183\n', 'aNeeMOMINICK\nCharlesREdwards\nMcClellanville\nSouthGarolina\n\n1OOchNO7\nbj Ag awl\n', '', '']","['C\n9183\n', 'C\nCR\nC\nC\n\n107\n', '', '']","['WPC\n9183\n', 'C\nC\nC\nC\n\n107\n', '', '']",modelv1.0__2026-05-17 21:21:18
D:/moth_photos/database\batch_13\img_moth_00025463.jpg,"[4000, 6000]",36.730769230769226,"['WPC\n9184\n', 'FigzaCoun\n4GkA8SS\nRBDaminick\nles REdwards5\nMcClellanville\nSouthCarolina29458\nZBJuly1963\n', '', '']","['C\n9184\n', 'C\n4R8\nRRD\nR5\nC\nC29458\n21963\n', '', '']","['WPC\n9184\n', 'C\n48\n5\nC\nC29458\n21963\n', '', '']",modelv1.0__2026-05-17 21:21:18
D:/moth_photos/database\batch_13\img_moth_00025464.jpg,"[4000, 6000]",36.529411764705884,"['RBDominick\nChariesR Edwards\nMaClellanville\nSouthCarolina29458\n\n13StphS9F\nLfeAd\n', 'WPC\n9185\n']","['RD\nCR\nC\nC29458\n\n139\n', 'C\n9185\n']","['C W\nC\nC29458\n\n139\n', 'WPC\n9185\n']",modelv1.0__2026-05-17 21:21:18
D:/moth_photos/database\batch_13\img_moth_00025465.jpg,"[4000, 6000]",37.160000000000004,"['WPC\n9186\n', 'RBDominick\nCharlesREdward\nMicClpllanville\nSouthCarolina\n']","['C\n9186\n', 'RRD\nCR\nC\n0C\n']","['WPC\n9186\n', 'C\nC\n0C\n']",modelv1.0__2026-05-17 21:21:18
D:/moth_photos/database\batch_13\img_moth_00025466.jpg,"[4000, 6000]",36.80392156862745,"['WPC\n9187\n', 'NeAteAA4ULIIAIICHK\nSharlesREdwardis\nMcClellanville\nsouthCarolina\n\n3fan1972\n']","['C\n9187\n', '44C\nR\nC\nC\n\n31972\n']","['WPC\n9187\n', '44C\nC\nC\n\n31972\n']",modelv1.0__2026-05-17 21:21:18
D:/moth_photos/database\batch_13\img_moth_00025467.jpg,"[4000, 6000]",37.24,"['NeOVMOMITICH\nvharlesREdwards\nicClellanville\nouthCarolinae\n\ntNev 197\nooh AP\n', 'WPC\n9188\n']","['DC\nR\nC\nC\n\n7 197\n', 'C\n9188\n']","['C\nC\nC\n\n7 197\nP\n', 'WPC\n9188\n']",modelv1.0__2026-05-17 21:21:18
D:/moth_photos/database\batch_13\img_moth_00025468.jpg,"[4000, 6000]",37.22,"['WPC\n9190\n', 'RBDominick\nCharlesREdwards\nMcClelanvalle\nSoughCSroljna29458\n\nB6Sept J8\n\nfflews\n']","['C\n9190\n', 'RRDC\nCR\nC\nC29458\n\n36 8\n']","['WPC\n9190\n', 'C\nC\nC\nC29458\n\n36 8\n\nWW\n']",modelv1.0__2026-05-17 21:21:18
D:/moth_photos/database\batch_13\img_moth_00025469.jpg,"[4000, 6000]",36.6078431372549,"['WPC\n9189\n', 'nBVominick\nCharlesREdwards\nMcClellanville\nSouthCarolina29458\n\nBym 197d\nLBman14\n']","['C\n9189\n', 'D\nCR\nC\nC29458\n\n197D\n14\n']","['WPC\n9189\n', 'C\nC\nC29458\n\n197\n14\n']",modelv1.0__2026-05-17 21:21:18
D:/moth_photos/database\batch_13\img_moth_00025470.jpg,"[4000, 6000]",36.705882352941174,"['WPC\n9191\n', 'RBVominick\nCharlesREdwards\nMsClellanville\nSouthCardlina29458\n\n195SepgtsGbF\nZishb\n', '2575\nee\n10379\n']","['C\n9191\n', 'RD\nCR\nC\nC29458\n\n195\n', '2575\n10379\n']","['WPC\n9191\n', 'C\nC\nC29458\n\n195\n', '2575\n10379\n']",modelv1.0__2026-05-17 21:21:18
D:/moth_photos/database\batch_13\img_moth_00025471.jpg,"[4000, 6000]",36.745098039215684,"['WPC\n9192\n', 'RBDominick\nCharlesR EdwardsZ\nMcCigilanville\nSouthCarolina29458\n\n16 6047967\nSLLCHL\n']","['C\n9192\n', 'RD\nCR 2\nC\nC29458\n\n16 6047967\nC4\n']","['WPC\n9192\n', 'C 2\nC\nC29458\n\n16 6047967\nC4\n']",modelv1.0__2026-05-17 21:21:18
D:/moth_photos/database\batch_13\img_moth_00025472.jpg,"[4000, 6000]",36.68627450980392,"['WPC\n9193\n', 'CharlesREdward\nMcClellanville\nSowthCarolina29458\n\n16Segh196 g\nLithia\n\nRBDominick\nJ\n']","['C\n9193\n', 'CR\nC\nC29458\n\n16196 8\nC\n\nRRD\n']","['WPC\n9193\n', 'C\nC\nC29458\n\n16196 8\nC\n']",modelv1.0__2026-05-17 21:21:18
D:/moth_photos/database\batch_13\img_moth_00025473.jpg,"[4000, 6000]",36.627450980392155,"['WPC\n9194\n', 'RBDominick\nCharlesREdwards\nMcGlellanville\nSouthCarolina29458\n\n47Stph1968\n\nLitne\n']","['C\n9194\n', 'RD\nCR\nC\nC29458\n\n471968\n']","['WPC\n9194\n', 'C\nC\nC29458\n\n471968\n']",modelv1.0__2026-05-17 21:21:18
D:/moth_photos/database\batch_13\img_moth_00025474.jpg,"[4000, 6000]",36.627450980392155,"['WPC\n9195\n', 'RBDominick\nCharlesREdwards\nMcClellanville\nSouthCarolina29458\n\nS7AvG190E\nLicLhe\n']","['C\n9195\n', 'RRD\nCR\nC\nC29458\n\n7R1908\n']","['WPC\n9195\n', 'C\nC\nC29458\n\n71908\n']",modelv1.0__2026-05-17 21:21:18
D:/moth_photos/database\batch_13\img_moth_00025475.jpg,"[4000, 6000]",36.588235294117645,"['WPC\n9196\n', 'NDOVomiInicK\nChariesREdwards\nMcClellanville\nSouthCarolina29458\n\nASSeptFLS\nLIGCHnKk\n']","['C\n9196\n', 'DC\nCR\nC\nC29458\n\n34\nC\n']","['WPC\n9196\n', 'C\nC\nC\nC29458\n\n3P4\nC\n']",modelv1.0__2026-05-17 21:21:18
D:/moth_photos/database\batch_13\img_moth_00025476.jpg,"[4000, 6000]",37.18000000000001,"['WPC\n9197\n', 'RBDominick\nCharlesREdwards\nMcClgllanville\nSouthCarolina29458\n1S MariF7i\n\nLiS4sef\n']","['C\n9197\n', 'RRD\nCR\nC\nC29458\n1 7\n\n4\n']","['WPC\n9197\n', 'P\nC\nC\nC29458\n1 7\n\n4\n']",modelv1.0__2026-05-17 21:21:18
D:/moth_photos/database\batch_13\img_moth_00025477.jpg,"[4000, 6000]",36.94117647058823,"['RBDominick\n\nChariesR Edwards\n\nMcGlellanville\n\nSouthCarolina 29458\nItSeatr969\nLiens\n', 'WPC\n9198\n']","['RRD\n\nCR\n\nC 29458\n969\n', 'C\n9198\n']","['C\nC 29458\n969\n', 'WPC\n9198\n']",modelv1.0__2026-05-17 21:21:18
D:/moth_photos/database\batch_13\img_moth_00025478.jpg,"[4000, 6000]",36.65384615384615,"['WPC\n9199\n', 'RBDominick\n\nCharlesREdwards\n\nMcClellanville\n\nSouthCarolina 2945\n17Senh IP\nLignLk\n']","['C\n9199\n', 'RD\nCR\nC\nC 2945\n17 10\n']","['WPC\n9199\n', 'C\nC\nC 2945\n17 10P\n']",modelv1.0__2026-05-17 21:21:18
D:/moth_photos/database\batch_13\img_moth_00025479.jpg,"[4000, 6000]",37.22,"['WPC\n9200\n', 'RRDominick\nCharlesREdwards r\nMcClellanville\nSouthCarolina29458\n\n23Dal41965\nAse hk\n']","['RC\n9200\n', 'RRD\nCR\nC\nC29458\n\n23D41965\n']","['WPC\n9200\n', 'C\nC\nC29458\n\n2341965\n']",modelv1.0__2026-05-17 21:21:18
D:/moth_photos/database\batch_13\img_moth_00025480.jpg,"[4000, 6000]",36.529411764705884,"['WPC\n9701\n', 'RBDominick\nCharlesREdwardis\nMcCdellanville\nSouthCarolina29458e\n\n7PSegt9C3\nLie\n']","['C\n9701\n', 'RD\nCR\nC\nC29458\n\n79C3\n']","['WPC\n9701\n', 'C\nC\nC29458\n\n7P9C3\n']",modelv1.0__2026-05-17 21:21:18
D:/moth_photos/database\batch_13\img_moth_00025481.jpg,"[4000, 6000]",36.588235294117645,"['RBDominick\n\nCharlesREdwards\nMcClellanville ro\n\nSoutitCarolina29458\n15SJSuneL9G6F\nLLifaye\n', 'WPC\n9202\n']","['RRD\n\nCR\nC\n\nC29458\n1596\nC\n', 'C\n9202\n']","['C\nC\n\nC29458\n1596\nC\n', 'WPC\n9202\n']",modelv1.0__2026-05-17 21:21:18
D:/moth_photos/database\batch_13\img_moth_00025482.jpg,"[4000, 6000]",37.160000000000004,"['RBDominick\nCharlesREdwards\nMcClellanville Js\nSouttyCarolina29458\nATMNaY1F64\nJ7iehe\n', 'WPC\n9203\n']","['RRD\nCR\nC\nC29458\nD1964\n7\n', 'C\n9203\n']","['C\nC\nC29458\n1964\n7\n', 'WPC\n9203\n']",modelv1.0__2026-05-17 21:21:18
D:/moth_photos/database\batch_13\img_moth_00025483.jpg,"[4000, 6000]",36.72549019607843,"['WPC\n9204\n', 'McClelianv1iite\nSouth Carolina\nBDominick\n\n2\n24segh1 1968\n']","['C\n9204\n', 'C12\nC\nD\n\n2\n241 1968\n']","['WPC\n9204\n', 'C12\nC\nP\n\n2\n241 1968\n']",modelv1.0__2026-05-17 21:21:18
D:/moth_photos/database\batch_13\img_moth_00025484.jpg,"[4000, 6000]",36.72549019607843,"['WPC\n9205\n', 'RBDominick\nCharlesREdwards\nMcCellanville\nSouthCarolina29458\n15Sept1968\nL11sCthbt\n']","['C\n9205\n', 'RRD\nCR\nC\nC29458\n155011968\n11C\n']","['WPC\n9205\n', '2\nC\nC\nC29458\n155011968\n11C\n']",modelv1.0__2026-05-17 21:21:18
D:/moth_photos/database\batch_13\img_moth_00025485.jpg,"[4000, 6000]",37.14,"['WPC\n9206\n', 'RBDominick\nCharlesREdwards\nMcClellanville\nSouth Carolina 29458\ne e\nLight\n']","['RC\n9206\n', 'RRD\nCR\nC\nC 29458\n']","['WPC\n9206\n', 'C\nC\nC 29458\n']",modelv1.0__2026-05-17 21:21:18
D:/moth_photos/database\batch_13\img_moth_00025486.jpg,"[4000, 6000]",36.88,"['WPC\n9207\n', 'RBDominick\nCharlesREdwards\n\n4 McClellanvillee\n\nSouthGarolina29458\n\nV7Oet1927\nhtoHs\n']","['C\n9207\n', 'RRD\nCR\n\n4 C\n\n29458\n\n17C1927\n6\n']","['WPC\n9207\n', 'C\n\n4 C\n\n29458\n\n17C1927\n6\n']",modelv1.0__2026-05-17 21:21:18
D:/moth_photos/database\batch_13\img_moth_00025487.jpg,"[4000, 6000]",36.98,"['WPC\n9209\n', 'RBDominick\n\nCharlesREdwards\n\nMcClellanvillee\nSouthCarolina29458\nJOOct967\n\nL shr\n']","['C\n9209\n', 'RD\n\nCR\n\nC\nC29458\n0967\n']","['WPC\n9209\n', 'C\n\nC\nC29458\n0967\n']",modelv1.0__2026-05-17 21:21:18
D:/moth_photos/database\batch_13\img_moth_00025488.jpg,"[4000, 6000]",36.52,"['WPC\n9208\n', 'Mc Clellanville\nSouth Carolina\noO Soa\n\n5Sept 1467\n\nJunk\n']","['C\n9208\n', 'C\nC\n\n5 1467\n']","['WPC\n9208\n', 'C\nC\n\n5 1467\n']",modelv1.0__2026-05-17 21:21:18
D:/moth_photos/database\batch_13\img_moth_00025489.jpg,"[4000, 6000]",36.88235294117647,"['WPC\n9210\n', 'e\n1OHus767\nLickho\n', 'Mc Clellanville7\nSouthCarolina\nRB Dominick\n']","['C\n9210\n', '10767\n', 'C7\nC\nR8 D\n']","['WPC\n9210\n', '10767\n', 'C7\nC\n8 P\n']",modelv1.0__2026-05-17 21:21:18
D:/moth_photos/database\batch_13\img_moth_00025490.jpg,"[4000, 6000]",36.666666666666664,"['WPC\n9211\n', 'RBDominick\n\nCharlesR EdwarisJ\nMcCfellanville\nSouthCarolina29458\n\nOcl9L9\nLichd\n']","['C\n9211\n', 'RRD\n\nCR 2\nC\nC29458\n\n929\n']","['WPC\n9211\n', 'CP 2\nC\nC29458\n\n929\n']",modelv1.0__2026-05-17 21:21:18
D:/moth_photos/database\batch_13\img_moth_00025491.jpg,"[4000, 6000]",37.2,"['WPC\n9212\n', 'McClellanville\nSouthCarolina\nRBDominick\n']","['RC\n9212\n', 'C\nC\nRRD\n']","['WPC\n9212\n', 'WC\nC\n']",modelv1.0__2026-05-17 21:21:18
D:/moth_photos/database\batch_13\img_moth_00025492.jpg,"[4000, 6000]",36.8235294117647,"['WPC\n9213\n', 'RBDominick\n\nCharlesREdwards\n6 McClellanville\n\nSouthCarolina29458\nhMieghnt\n']","['C\n9213\n', 'RD\n\nCR\n6 C\n\nC29458\n']","['WPC\n9213\n', 'C\n6 C\n\nC29458\n']",modelv1.0__2026-05-17 21:21:18
D:/moth_photos/database\batch_13\img_moth_00025493.jpg,"[4000, 6000]",36.86274509803921,"['WPC\n9214\n', 'RBDominick\nCharlesREdwards\nMcClellanvillee\nSouthCarolina29458\n\n10bet1947\nhisny\n']","['C\n9214\n', 'RRD\nCR\nC\nC29458\n\n1081947\n']","['WPC\n9214\n', 'C\nC\nC29458\n\n1081947\n']",modelv1.0__2026-05-17 21:21:18
D:/moth_photos/database\batch_13\img_moth_00025494.jpg,"[4000, 6000]",37.01960784313725,"['WPC\n9215\n', 'McClellanville\nSouthCarolina\nCharles REdwards\n\n30Auas7L7\nShy\n']","['C\n9215\n', 'C\nC\nC R\n\n304767\n']","['WPC\n9215\n', 'C\nC\nC\n\n304767\n']",modelv1.0__2026-05-17 21:21:18
D:/moth_photos/database\batch_13\img_moth_00025495.jpg,"[4000, 6000]",37.24,"['WPC\n9216\n', 'McClellanville\nSouthCarolina\neCharlesREdwards\n\n4STuly17t7\nheight\n']","['RC\n9216\n', 'C\nC\nCR\n\n45177\n']","['WPC\n9216\n', 'C\nC\nC\n\n45177\n']",modelv1.0__2026-05-17 21:21:18
D:/moth_photos/database\batch_13\img_moth_00025496.jpg,"[4000, 6000]",36.76470588235294,"['WPC\n9218\n', 'RBDominick\nChariesREdwards7\nMcCigllanville e\nSouthCarolina29458\n\nAGlect3944\nUsnt\n']","['C\n9218\n', 'RRD\nCR7\nC\nC29458\n\n3944\n']","['WPC\n9218\n', 'C7\nC\nC29458\n\n3944\n']",modelv1.0__2026-05-17 21:21:18
D:/moth_photos/database\batch_13\img_moth_00025497.jpg,"[4000, 6000]",36.72549019607843,"['WPC\n9217\n', 'McClellanville oe\nSouth Carolina\nBDominick\n\nADELI 6\noeave\n']","['C\n9217\n', 'C\nC\nRD\n\nD 6\n']","['WPC\n9217\n', 'C\nC\n\n6\n']",modelv1.0__2026-05-17 21:21:18
D:/moth_photos/database\batch_13\img_moth_00025498.jpg,"[4000, 6000]",37.2,"['WPC\n9219\n', 'RBDominick\nMcClellanville\nsouth Carolina\nSf 1972\nliahtovre\n', 'RB Dominick\nMcClellanville\nSoutharolina\n\nL5ept1972\neee\n\nWP\n921\n']","['C\n9219\n', 'RD\nC\n\n0 C\n1972\n', 'R D\nC\n\n151972\n\nR\n921\n']","['WPC\n9219\n', 'C\n0 C\n1972\n', 'C\n\n151972\n\nWP\n921\n']",modelv1.0__2026-05-17 21:21:18
D:/moth_photos/database\batch_13\img_moth_00025499.jpg,"[4000, 6000]",36.705882352941174,"['WPC\n9220\n', 'RBDominick\n\nCharlesREdwards\nMcCledlanville\nSouthCarolina29458\n\n27Sept1967\nLeight\n']","['C\n9220\n', 'RD\n\nCR\nC\nC29458\n\n271967\n']","['WPC\n9220\n', 'C\nC\nC29458\n\n271967\n']",modelv1.0__2026-05-17 21:21:18
D:/moth_photos/database\batch_13\img_moth_00025500.jpg,"[4000, 6000]",37.13725490196079,"['WPC\n9221\n', 'McClellanville\nSouthCarolina\nRB SominiccO\n\n6 Pe 96\n']","['C\n9221\n', 'C\nC\nR8\n\n6 R 96\n']","['WPC\n9221\n', 'C\nC\n8\n\n6 P 96\n']",modelv1.0__2026-05-17 21:21:18
D:/moth_photos/database\batch_13\img_moth_00025501.jpg,"[4000, 6000]",37.24,"['WPC\n9222\n', 'RBDominick\nCharlesREdwards\n\n6 McClellanville\nSouthCarolina29458\nAsh\n']","['C\n9222\n', 'R8D\nCR\n\n6 C\nC29458\n1\n']","['WPC\n9222\n', '8\nC\n\n6 C\nC29458\n1\n']",modelv1.0__2026-05-17 21:21:18
D:/moth_photos/database\batch_13\img_moth_00025502.jpg,"[4000, 6000]",36.64705882352941,"['WPC\n9223\n', 'Mc Clellanville\nSouth BSSomina\nMectpo\n']","['C\n9223\n', 'C\n']","['WPC\n9223\n', 'C\n']",modelv1.0__2026-05-17 21:21:18
D:/moth_photos/database\batch_13\img_moth_00025503.jpg,"[4000, 6000]",36.76470588235294,"['WPC\n9224\n', 'McClellanville\nSouthCarolina\ninick\n\nLope\n']","['C\n9224\n', 'C\nC\n']","['WPC\n9224\n', 'C\nC\n']",modelv1.0__2026-05-17 21:21:18
D:/moth_photos/database\batch_13\img_moth_00025504.jpg,"[4000, 6000]",36.72549019607843,"['WPC\n9225\n', 'RBDominick\n\nCharlesR Edwantey\n\nMcCfellanville\n\nSouthCarolina29458\nISSECRYSFEI\nL1Gfrf\n', '', 'DMBC00880\n\nRICHARDBDOMINICK\n\nMOTH8BUTTERFLYCOLLECTION\nUNIVERSITYOFSOUTHCAROIINA\n']","['C\n9225\n', 'RD\n\nCR\n\nC\n\nC29458\n15CR\n167\n', '', 'DC00880\n\nRCRDDC\n\n8RCC\nRCR\n']","['WPC\n9225\n', 'C\n\nC\n\nC29458\n15C\n167\n', '', 'C00880\n\nCC\n\n8CC\nC\n']",modelv1.0__2026-05-17 21:21:18
D:/moth_photos/database\batch_13\img_moth_00025505.jpg,"[4000, 6000]",37.1764705882353,"['WPC\n9226\n', 'McClellanville\nye Carolina\ninick\n\nAG\n']","['C\n9226\n', 'C\nC\n']","['WPC\n9226\n', 'C\nC\n']",modelv1.0__2026-05-17 21:21:18
D:/moth_photos/database\batch_13\img_moth_00025506.jpg,"[4000, 6000]",36.6078431372549,"['WPC\n9227\n', 'McClellanville\neSouthCarolina\nCharlesR Edwards\n\n2SSepyjo7\n4ishy\n']","['C\n9227\n', 'C\nC\nCR\n\n27\n4\n']","['WPC\n9227\n', 'C\nC\nC\n\n27\n4\n']",modelv1.0__2026-05-17 21:21:18
D:/moth_photos/database\batch_13\img_moth_00025507.jpg,"[4000, 6000]",36.745098039215684,"['WPC\n9228\n', '6SFsFF\nRP Dominick\nChariesR Edwards 3\nMcCfe tianville\n\nSouth arolina a2945\n\n207 1165\niepy7\n\ntt\n']","['C\n9228\n', '6\nRR D\nCR 3\nC\n\n2945\n\n207 1165\n7\n']","['WPC\n9228\n', '6\nP P\nC 3\nC\n\n2945\n\n207 1165\n7\n']",modelv1.0__2026-05-17 21:21:18
D:/moth_photos/database\batch_13\img_moth_00025508.jpg,"[4000, 6000]",36.588235294117645,"['RB Dominick\nCharlesREdwards S\n\nMcQlellanville\nSouthCarolina 29458\n\nIesep765\nad\n', 'WPC\n9229\n']","['R D\nCR\n\nC 29458\n\n765\n', 'C\n9229\n']","['C\n\nC 29458\n\n765\n', 'WPC\n9229\n']",modelv1.0__2026-05-17 21:21:18
D:/moth_photos/database\batch_13\img_moth_00025509.jpg,"[4000, 6000]",36.94117647058823,"['WPC\n9230\n', 'RBDominick\nCharlesREdwards\nMcQlellanville\nSouthCarolina2945\n\n36SephP\n\nia\n']","['C\n9230\n', 'RD\nCR\nC2945\n\n36\n\n7\n']","['WPC\n9230\n', 'C\nC2945\n\n36P\n\n7\n']",modelv1.0__2026-05-17 21:21:18
D:/moth_photos/database\batch_13\img_moth_00025510.jpg,"[4000, 6000]",36.7843137254902,"['WPC\n9231\n', 'RBDominick\nCharlesREdwards\nMgClellanville\nSouthCarolina29458\nA7SeptsFoT\nhos GhT\n']","['C\n9231\n', 'RD\nCR\nC\nC29458\n77\n']","['WPC\n9231\n', 'C\n\nC\n\nC29458\n7P7\n']",modelv1.0__2026-05-17 21:21:18
D:/moth_photos/database\batch_13\img_moth_00025511.jpg,"[4000, 6000]",36.72549019607843,"['WPC\n9737\n', 'McClellanville\nSouthCarolina 3\neCharlesREdwards e\n\n48Set 1967\n']","['C\n9737\n', 'C\nC 3\nCR\n\n48 1967\n']","['WPC\n9737\n', 'C\nC 3\nC\n\n48 1967\n']",modelv1.0__2026-05-17 21:21:18
D:/moth_photos/database\batch_13\img_moth_00025512.jpg,"[4000, 6000]",37.26,"['WPC\n9233\n', 'k BDominick\nCharlesREdwards\nMcClellamville\n\nSouth\nBOeFRe7\n', 'anes\n', 'UMBCO008S\nRICHARDBDOMINICK\nMOTH8BUTTERFLYCOLLECTION\n\nUNIVERSITYOFSOUTHCAROLINA\n']","['C\n9233\n', 'R D\nCR\nC\n\nC\n3R7\n', '', 'C0088\nRCRDDC\n8RRCC\n\nR0CR\n']","['WPC\n9233\n', 'C\nC\n\nC\n3P7\n', '', 'C0088\nCC\n8PCC\n\n0C\n']",modelv1.0__2026-05-17 21:21:18
D:/moth_photos/database\batch_13\img_moth_00025513.jpg,"[4000, 6000]",36.64705882352941,"['WPC\n9234\n', 'xBDominick\nCharlesREdwards\nMcClellanvilley\nSouthCarolina\n\nNVavch971\nLiahto\n', 'OPESTS\nClr\n12379\n', 'DMBC00882\nRICHARDBDOMINICK\n\nMOTH8BUTTERFLYCOLLECTION\n\nUNIVERSITYOFSOUTHCAROLINA\n']","['C\n9234\n', 'D\nCR\nC\n0C\n\n971\n', '01\nC\n12379\n', 'DC00882\nRCRD8D0C\n\n8RCC\n\nRCR\n']","['WPC\n9234\n', 'C\nC\n0C\n\nW971\n', '0P1\nC\n12379\n', 'PC00882\nC80C\n\n8CC\n\nC\n']",modelv1.0__2026-05-17 21:21:18
D:/moth_photos/database\batch_13\img_moth_00025514.jpg,"[4000, 6000]",36.68627450980392,"['WPC\n9235\n', 'xBDominick\nSharlesREdwards\nMicClellanville\nSouthCarolina\n\n3 Aunc 19i\n1aoht\n', '', 'UMBC00883\nRICHARDBDOMINICK\nMOTH8BUTTERFLYCOLLECTION\n\nUNIVERSITYOFSOUTHCAROLINA\n']","['C\n9235\n', '6D\nCR\nC\nC\n\n3 19\n1\n', '', 'DRC00883\nRCRD8DC\n8RCC\n\nRCR\n']","['WPC\n9235\n', '6\nC\nC\nC\n\n3 19\n1\n', '', 'C00883\nC8WC\n8CC\n\nC\n']",modelv1.0__2026-05-17 21:21:18
D:/moth_photos/database\batch_13\img_moth_00025515.jpg,"[4000, 6000]",37.15686274509804,"['WPC\n9736\n', 'xDBVomInIcK\nCharlesREdwards\nicClellanville\nsouth angi 467\n']","['C\n9736\n', 'DC\nCR\nC\n467\n']","['WPC\n9736\n', 'C\nC\nC\n467\n']",modelv1.0__2026-05-17 21:21:18
D:/moth_photos/database\batch_13\img_moth_00025516.jpg,"[4000, 6000]",36.64705882352941,"['RBDominick\nCharlesR EdwarisZ\nMcClellanville\nSouthCarolina29458\n\n1F Safe IRE\n\nJtech\n', 'WPC\n9237\n', 'BDominick\narlesREdwards\naeeanee\n\nSule oGLGS\nteh\n\n9237\n']","['RD\nCR 7\nC\n5C29458\n\n1 54 5R\n\n4\n', 'RC\n9237\n', 'DC\nR\n\n2\n\n9237\n']","['C 7\nC\n5C29458\n\n1 54 5\n\n4\n', 'WPC\n9237\n', 'C\n\n2\n\n9237\n']",modelv1.0__2026-05-17 21:21:18
D:/moth_photos/database\batch_13\img_moth_00025517.jpg,"[4000, 6000]",36.529411764705884,"['WPC\n9238\n', 'McClellanville aT\n\nSouth Carolina\nWoe 4967\nNK\n']","['C\n9238\n', 'C 7\n\nC\nD 4967\n6\n']","['WPC\n9238\n', 'C 7\n\nC\nW 4967\n6\n']",modelv1.0__2026-05-17 21:21:18
D:/moth_photos/database\batch_13\img_moth_00025518.jpg,"[4000, 6000]",36.88235294117647,"['WPC\n9239\n', 'HpantesisargeBextH\nLarvahatehed4June1471\npupated2Oguly emnged\ng Aug RBDominick\n1971 ChariesREdwards od\nMcClellanville\nSouthCarolina Olawde4tpy\n']","['C\n9239\n', '41471\n20\nRRD\n1971 CR\nC\nC C4\n']","['WPC\n9239\n', '41471\n\nP20\n1971 C\nC\nC C4\n']",modelv1.0__2026-05-17 21:21:18
D:/moth_photos/database\batch_13\img_moth_00025519.jpg,"[4000, 6000]",36.529411764705884,"['WPC\n9240\n', 'JipontesisargePf7\nLight P RL WGuve\nhateh14Pune199\nGiven RBDominick\n\nWeal CharlesREdwards\n\nMcClellanville\nron SouthCarolina\n']","['RC\n9240\n', '5197\nRR\n14199\nRRD\n\nC7 CR\n\nC\nC\n']","['WPC\n9240\n', '519P7\nP W\n14P199\nWC C\n\nC\nC\n']",modelv1.0__2026-05-17 21:21:18
D:/moth_photos/database\batch_13\img_moth_00025520.jpg,"[4000, 6000]",36.72549019607843,"['WPC\n9241\n', 'BDominick\nAcClellanville\njouthGarolina\n1Rag975\n4 ht\ndmEa7\n']","['C\n9241\n', 'D\nC\n1R975\n4\n7\n']","['WPC\n9241\n', 'C\n1975\n4\n7\n']",modelv1.0__2026-05-17 21:21:18
D:/moth_photos/database\batch_13\img_moth_00025521.jpg,"[4000, 6000]",37.0,"['WPC\n9242\n', 'KBVDominick\nMcClellanville\nsouth garcia\nLiapt2\n']","['C\n9242\n', 'RD\nC\n2\n']","['WPC\n9242\n', 'C\n2\n']",modelv1.0__2026-05-17 21:21:18
D:/moth_photos/database\batch_13\img_moth_00025522.jpg,"[4000, 6000]",36.745098039215684,"['WPC\n9243\n', 'McClellanville\na Carolina\nDominick\n\n26Whay 165\n', '']","['C\n9243\n', 'C\nC\nD\n\n26 165\n', '']","['WPC\n9243\n', 'C\nC\n\n26W 165\n', '']",modelv1.0__2026-05-17 21:21:18
D:/moth_photos/database\batch_13\img_moth_00025523.jpg,"[4000, 6000]",36.588235294117645,"['WPC\n9244\n', 'BVDominick\nSharlesREdwards\nfcCleflanville\nouthCarolina\n\nisMay 1472\n\nchySo\n']","['C\n9244\n', 'DD\nR\nC\nC\n\n1472\n']","['WPC\n9244\n', 'C\nC\n\n1472\n']",modelv1.0__2026-05-17 21:21:18
D:/moth_photos/database\batch_13\img_moth_00025524.jpg,"[4000, 6000]",36.68627450980392,"['WPC\n9245\n', 'RBDominick\nCharlesREdwards\nMcClellanville\nSouth Carolina 29458\n\nOch 1967\nbeeght\n']","['C\n9245\n', 'RRD\nCR\nC\nC 29458\n\n1967\n']","['WPC\n9245\n', 'C\nC\nC 29458\n\n1967\n']",modelv1.0__2026-05-17 21:21:18
D:/moth_photos/database\batch_13\img_moth_00025525.jpg,"[4000, 6000]",37.26,"['WPC\n9246\n', 'McClellanville\nSouthCarolina\n76 B SgAe\n']","['C\n9246\n', 'C\nC\n76\n']","['WPC\n9246\n', 'C\nC\n76\n']",modelv1.0__2026-05-17 21:21:18
D:/moth_photos/database\batch_13\img_moth_00025526.jpg,"[4000, 6000]",36.90196078431373,"['WPC\n9247\n', 'sMominick\nChariesR Edwards\nMcClellanville\nSouth Cerolina\nLightO\n']","['C\n9247\n', 'CR\nC\nC\n2\n']","['WPC\n9247\n', 'C\nC\nC\n2\n']",modelv1.0__2026-05-17 21:21:18
D:/moth_photos/database\batch_13\img_moth_00025527.jpg,"[4000, 6000]",36.84313725490196,"['RBDominick\n\nCharlesREdwards Ne\nMcClellanville\n\nSoufhCarolina29458e\n\n17May1767\nLuvhe\n', 'WPC\n9248\n']","['RD\n\nCR\nC\n\nC29458\n\n1741767\n', 'C\n9248\n']","['C\nC\n\nC29458\n\n17W41767\n', 'WPC\n9248\n']",modelv1.0__2026-05-17 21:21:18
D:/moth_photos/database\batch_13\img_moth_00025528.jpg,"[4000, 6000]",36.627450980392155,"['WPC\n9249\n', 'RBDominick\nCharlesR EdwanisS\nMcGlellanville\n\nSouthCarolina29458\n43Segt19C69\n\nLIJEeknsS\n']","['C\n9249\n', 'RD\nCR\nC29458\n\n43519C69\n']","['WPC\n9249\n', 'C\nC29458\n43519C69\n']",modelv1.0__2026-05-17 21:21:18
D:/moth_photos/database\batch_13\img_moth_00025529.jpg,"[4000, 6000]",37.13725490196079,"['WPC\n9250\n', 'McClellanville\nSouthCarolina\nRBDominick\n\nOFune96\nLifeeee\n']","['C\n9250\n', 'C\nC\nRRD\n\nD96\n']","['WPC\n9250\n', 'C\nC\n\n96\n']",modelv1.0__2026-05-17 21:21:18
D:/moth_photos/database\batch_13\img_moth_00025530.jpg,"[4000, 6000]",36.80392156862745,"['WPC\n9251\n', 'KBDominick\nCharlesREdwards Ba\nMcClellanville\nSouthCarolina29458\n\nDAytine 1969\nLich\n']","['C\n9251\n', 'RRD\nCR\nC\nC29458\n\nD 1969\n']","['WPC\n9251\n', 'C\nC\nC29458\n\n1969\n']",modelv1.0__2026-05-17 21:21:18
D:/moth_photos/database\batch_13\img_moth_00025531.jpg,"[4000, 6000]",36.705882352941174,"['WPC\n9252\n', 'RB Dominion\n\nCharlesREdwards\nMcClellanville e\n\nSouthCaroffna 29458\n\nSSeet1947\nbight\n']","['C\n9252\n', 'R8 D\n\nCR\nC\n\nC 29458\n\n51947\n']","['WPC\n9252\n', '8 P\n\nC\nC\n\nC 29458\n\n51947\n']",modelv1.0__2026-05-17 21:21:18
D:/moth_photos/database\batch_13\img_moth_00025532.jpg,"[4000, 6000]",36.627450980392155,"['WPC\n9253\n', 'RBVominick\nCharlesREdwards\nMcClellanville\nSoythCarolina 29458\n\nISSunelng\nLight\n']","['C\n9253\n', 'RRC\nCR\nC\nC 29458\n']","['WPC\n9253\n', 'C\nC\nC\nC 29458\n']",modelv1.0__2026-05-17 21:21:18
D:/moth_photos/database\batch_13\img_moth_00025533.jpg,"[4000, 6000]",37.160000000000004,"['KBDominick\nCharlesREdwards\nMcClellanville\nSouthCarolina\n\n3 Ateg1972\nLishfaA\n', 'WPC\n9254\n']","['RRD\nCR\nC\nC\n\n3 41972\n', 'C\n9254\n']","['C\nC\nC\n\n3 P41972\n', 'WPC\n9254\n']",modelv1.0__2026-05-17 21:21:18
D:/moth_photos/database\batch_13\img_moth_00025534.jpg,"[4000, 6000]",36.529411764705884,"['WPC\n9255\n', 'NOMOmiInick\nMcClellanville\n3M Carolina\n\nDlasy1923\n\nts\n']","['C\n9255\n', '2\nC\n3 C\n\nD1923\n\n']","['WPC\n9255\n', '2\nC\n3 C\n\nP1923\n\n']",modelv1.0__2026-05-17 21:21:18
D:/moth_photos/database\batch_13\img_moth_00025535.jpg,"[4000, 6000]",37.02,"['WPC\n9256\n', 'RBDominick\nCharlesR Edwards\nMcClellanville\nSouthCarolina29458\n\n49m a4196P\nJjGOB\n']","['C\n9256\n', 'RD\nCR\nC\nC29458\n\n49 4196\nC\n']","['WPC\n9256\n', 'C\nC\nC29458\n\n49 4196P\nC\n']",modelv1.0__2026-05-17 21:21:18
D:/moth_photos/database\batch_13\img_moth_00025536.jpg,"[4000, 6000]",36.705882352941174,"['WPC\n9257\n', 'RBDominick\n\nCharlesR EdwartsS\n\nMcQlellianville\nSouthCarolina29458\n\nBO ScptGF6\nlisnl 8\n']","['C\n9257\n', 'RRD\nCR\nC29458\n\n6 96\n8\n']","['WPC\n9257\n', 'C W\nC29458\n\n6 96\n8\n']",modelv1.0__2026-05-17 21:21:18
D:/moth_photos/database\batch_13\img_moth_00025537.jpg,"[4000, 6000]",36.549019607843135,"['WPC\n9258\n', 'McClellanvil\nSouthCarolin\nReBDomini\n\nay 9\n']","['C\n9258\n', 'C\nC\nRD\n\n9\n']","['WPC\n9258\n', 'C\nC\n\n9\n']",modelv1.0__2026-05-17 21:21:18
D:/moth_photos/database\batch_13\img_moth_00025538.jpg,"[4000, 6000]",36.8235294117647,"['RBDominick\nCharlesR Edwards\nMcClellanville\nSouthCarolina 29458\n\n19 Ans S7b\n\npitfh\n', 'WPC\n9259\n']","['RD\nCR\nC\nC 29458\n\n19 7\n', 'C\n9259\n']","['C\nC\nC 29458\n\n19 7\n', 'WPC\n9259\n']",modelv1.0__2026-05-17 21:21:18
D:/moth_photos/database\batch_13\img_moth_00025539.jpg,"[4000, 6000]",36.745098039215684,"['WPC\n9260\n', 'MCUL11anville\nRB Carolina\nDominick\n\nefMayIt65\n']","['C\n9260\n', 'CC11\nR C\nD\n\n65\n']","['WPC\n9260\n', 'CC11\nC\n\nW65\n']",modelv1.0__2026-05-17 21:21:18
D:/moth_photos/database\batch_13\img_moth_00025540.jpg,"[4000, 6000]",36.627450980392155,"['WPC\n9261\n', 'cBVOMINICK\nsharlesREdward\nicClellanville\nouthC4rolina\n\nfJune1172\nfahLpp\n']","['C\n9261\n', 'DC\nR\nC\nC4\n\n1172\n']","['WPC\n9261\n', 'C\nC\nC4\n\n1172\n']",modelv1.0__2026-05-17 21:21:18
D:/moth_photos/database\batch_13\img_moth_00025541.jpg,"[4000, 6000]",37.18000000000001,"['WPC\n9262\n', '2BVominickK\nharlesREdwards\nAcCleilanville\nouthCarolina\n']","['C\n9262\n', '2DDC\nR\nC\nC\n']","['WPC\n9262\n', '2C\nC\nC\n']",modelv1.0__2026-05-17 21:21:18
D:/moth_photos/database\batch_13\img_moth_00025542.jpg,"[4000, 6000]",36.56862745098039,"['WPC\n9263\n', 'tie\nMcClellanville a\n\nSouth Caroll ok\n\nqisepre 7\n']","['C\n9263\n', 'C\n\nC\n\n7\n']","['WPC\n9263\n', 'C\n\nC\n\n7\n']",modelv1.0__2026-05-17 21:21:18
D:/moth_photos/database\batch_13\img_moth_00025543.jpg,"[4000, 6000]",37.24,"['WPC\n9264\n', 'RBDominick\nCharlesREdwards\nMcClellanville\nSoufthCarolina29458\n\n2YMar97\nLeshateM\n']","['RC\n9264\n', 'RRD\nCR\nC\nC29458\n\n297\nC\n']","['WPC\n9264\n', 'C\nC\nC29458\n\n297\nC\n']",modelv1.0__2026-05-17 21:21:18
D:/moth_photos/database\batch_13\img_moth_00025544.jpg,"[4000, 6000]",37.2,"['WPC\n9265\n', 'KBDominick\nCharlesREdwards\nMcClellanville\nSouthCagolina\n\n24Mary1977\nLight oy\n', '3750\n']","['C\n9265\n', 'RD\nCR\nC\nC\n\n241977\n', '3750\n']","['WPC\n9265\n', 'C\nC\nC\n\n24W1977\nP\n', '3750\n']",modelv1.0__2026-05-17 21:21:18
D:/moth_photos/database\batch_13\img_moth_00025545.jpg,"[4000, 6000]",36.745098039215684,"['WPC\n9266\n', 'RBDominick\nCharlesREdwards\nMcCfellanville\nSouthCarolina29458\n2Y Mta147\n\nLipghsyo\n']","['RC\n9266\n', 'RD\nCR\nC\nC29458\n2 147\n']","['WPC\n9266\n', 'C\nC\nC29458\n2 W147\n']",modelv1.0__2026-05-17 21:21:18
D:/moth_photos/database\batch_13\img_moth_00025546.jpg,"[4000, 6000]",37.24,"['WPC\n9267\n', 'RBDominick\nMcGleflanvillee\nSouthCarolina29458\n\n1Janes96\nZseZ4d\n\nCharlesREdwards ms\n\nx\n', '3I54\n']","['C\n9267\n', 'RRD\nC29458\n\n196\n424\n\nCR\n', '3954\n']","['WPC\n9267\n', 'C29458\n\n196\n424\n\nC\n', '3954\n']",modelv1.0__2026-05-17 21:21:18
D:/moth_photos/database\batch_13\img_moth_00025547.jpg,"[4000, 6000]",36.509803921568626,"['WPC\n9268\n', 'RBDominick\nChariesREdwards\nMcClellanville\nSouthCarolina29458\n26MAY1FL\njek 7 y\n']","['RC\n9268\n', 'RRD\nCR\nC\nC29458\n26194\n\n7\n']","['WPC\n9268\n', 'C\nC\nC29458\n26194\n\n7\n']",modelv1.0__2026-05-17 21:21:18
D:/moth_photos/database\batch_13\img_moth_00025548.jpg,"[4000, 6000]",37.2,"['WPC\n9269\n', 'RBDominick\nCharlesREdwards\nMcClellanville 4b\nSouthCarolina29458\n\nSYN AM\nLrong g\n']","['C\n9269\n', 'RRD\nCR\nC 4\nC29458\n\n1\nD\n']","['WPC\n9269\n', 'C\nC 4\nC29458\n\n1\n']",modelv1.0__2026-05-17 21:21:18
D:/moth_photos/database\batch_13\img_moth_00025549.jpg,"[4000, 6000]",36.549019607843135,"['WPC\n9270\n', 'McClellanville\nSouthCarolina\nRBDominick\n\n4Woty64\n']","['RC\n9270\n', 'C\nC\nRRD\n\n464\n']","['WPC\n9270\n', 'C\nC\n\n4W64\n']",modelv1.0__2026-05-17 21:21:18
D:/moth_photos/database\batch_13\img_moth_00025550.jpg,"[4000, 6000]",36.705882352941174,"['WPC\n9271\n', 'RBDominick\n\nCharlesREdwards is\nMcClellanville\nSoythCarolina29459\n\nS9PhAtyF4G\nLishpy\n']","['C\n9271\n', 'RRD\n\nCR\nC\n0C29459\n\n94\n']","['WPC\n9271\n', 'C\nC\n0C29459\n\n9PP4\n']",modelv1.0__2026-05-17 21:21:18
D:/moth_photos/database\batch_13\img_moth_00025551.jpg,"[4000, 6000]",37.1,"['WPC\n9272\n', 'RB Dominick\nChariesREdwards\nMcClellanville S\n23May9t3\nsss\n']","['RC\n9272\n', 'R D\n\nCR\n\nC\n\n2393\n4\n']","['WPC\n9272\n', 'C\nC\n2393\n\n4\n']",modelv1.0__2026-05-17 21:21:18
D:/moth_photos/database\batch_13\img_moth_00025552.jpg,"[4000, 6000]",36.705882352941174,"['WPC\n9273\n', 'RBDominick\nCharlesREdwaris A\nMcClellanville O\nSouthCarolina29458\n\n19Sep1969\n\nLISHL\n']","['C\n9273\n', 'RD\nCR\nC\nC29458\n\n191969\n\nC4\n']","['WPC\n9273\n', 'C\nC\nC29458\n\n191969\n\nC4\n']",modelv1.0__2026-05-17 21:21:18
D:/moth_photos/database\batch_13\img_moth_00025553.jpg,"[4000, 6000]",36.64705882352941,"['WPC\n9274\n', 'RBDominick\nCharlesREdwards\nMcClellanville\nSoufthCarolina 29458e\n\ng 7Mag L9C8\n']","['RC\n9274\n', 'RRD\nCR\nC\nC 29458\n\n9 7 19C8\n']","['WPC\n9274\n', 'C\nC\nC 29458\n\n9 7 19C8\n']",modelv1.0__2026-05-17 21:21:18
D:/moth_photos/database\batch_13\img_moth_00025554.jpg,"[4000, 6000]",36.549019607843135,"['WPC\n9275\n', 'RBDominick\nCharlesREdwards\nMcClellanville oo\n20 yore 29458\n\nmay1969\n\n0ine\n']","['C\n9275\n', 'RD\nCR\nC\n20 29458\n\n1969\n\n0\n']","['WPC\n9275\n', 'C\nC\n20 29458\n\n1969\n\n0\n']",modelv1.0__2026-05-17 21:21:18
D:/moth_photos/database\batch_13\img_moth_00025555.jpg,"[4000, 6000]",37.22,"['WPCC\n9276\n', 'RBDominick\nCharlesREdwards\nMcClellanville\nSouthCarolina29458\n\n28May194\n']","['RC\n9276\n', 'RRD\nCR\nC\nC29458\n\n28194\n']","['WPCC\n9276\n', 'C\nC\nC29458\n\n28194\n']",modelv1.0__2026-05-17 21:21:18
D:/moth_photos/database\batch_13\img_moth_00025556.jpg,"[4000, 6000]",36.68627450980392,"['WPCC\n9277\n', 'RBDominick\nCharlesREdwards\nMcClellanville\nSouthFarolina29458\n\nAlMay763\nLISA\n']","['RC\n9277\n', 'RRD\nCR\nC\n29458\n\n2763\n']","['WPCC\n9277\n', 'C\nC\n29458\n\n2763\n']",modelv1.0__2026-05-17 21:21:18
D:/moth_photos/database\batch_13\img_moth_00025557.jpg,"[4000, 6000]",36.529411764705884,"['WPC\n9278\n', 'RBDominick\nCharlesREdwards\nMcClellanville\nSouthEarolina2945\n1E a ay 196G\n\nJyens\n']","['RC\n9278\n', 'RRD\nCR\nC\n2945\n1 4 196\n']","['WPC\n9278\n', 'C\nC\n2945\n1 4 196\n']",modelv1.0__2026-05-17 21:21:18
D:/moth_photos/database\batch_13\img_moth_00025558.jpg,"[4000, 6000]",36.88235294117647,"['WPC\n9279\n', 'RBDominick\nCharlesREdwards\nMcClellanville\nSouth Carolina29488\n\nZ Mary 1963\nLiSht\n']","['C\n9279\n', 'RRD\nCR\nC\nC29488\n\n1963\n']","['WPC\n9279\n', 'C\nC\nC29488\n\n1963\n']",modelv1.0__2026-05-17 21:21:18
D:/moth_photos/database\batch_13\img_moth_00025559.jpg,"[4000, 6000]",36.666666666666664,"['WPC\n9280\n', 'RBDominick\nCharlesREdwards\nMc Clellanville\nSouthCarolina29458\n\n14 May 96S\n\nJesh\n']","['C\n9280\n', 'RRD\nCR\nC\nC29458\n\n14 196\n\nC\n']","['WPC\n9280\n', 'C\nC\nC29458\n\n14 196\n\nC\n']",modelv1.0__2026-05-17 21:21:18
D:/moth_photos/database\batch_13\img_moth_00025560.jpg,"[4000, 6000]",36.549019607843135,"['WPC\n9281\n', 'Mc Clellanville\nSouth Caroll na\nR ominick\n\n7 cp 46\nLeff\n']","['RC\n9281\n', 'C\nC\nR\n\n7 46\n']","['WPC\n9281\n', 'C\nC\n\n7 46\n']",modelv1.0__2026-05-17 21:21:18
D:/moth_photos/database\batch_13\img_moth_00025561.jpg,"[4000, 6000]",37.04,"['WPC\n9282\n', 'McClellanville\nSouth Carolina\nCharlesREdwards\n\nIF1445947\nLigh\n']","['C\n9282\n', 'C\nC\nCR\n\n1445947\n4\n']","['WPC\n9282\n', 'C\nC\nC\n\n1445947\n4\n']",modelv1.0__2026-05-17 21:21:18
D:/moth_photos/database\batch_13\img_moth_00025562.jpg,"[4000, 6000]",36.6078431372549,"['RBDominick\nCherlesR Edwaris2\nMcClellanville\n\nASMay496F\n\nfyvroLyL\n', 'WPC\n9283\n']","['RD\nCR 2\nC\n\nR4965\n', 'C\n9283\n']","['C 2\nC\n\n4965\n', 'WPC\n9283\n']",modelv1.0__2026-05-17 21:21:18
D:/moth_photos/database\batch_13\img_moth_00025563.jpg,"[4000, 6000]",37.120000000000005,"['WPC\n9284\n', 'RBDominick\n\nCharlesREdwards\nMcCle Ilanville\nSouthCarolina29458\n\nI2Mrc76E\n\np7ef\n']","['C\n9284\n', 'RD\n\nCR\nC\nC29458\n\n2768\n\n7\n']","['WPC\n9284\n', 'C\nC\nC29458\n\n2768\n\n7\n']",modelv1.0__2026-05-17 21:21:18
D:/moth_photos/database\batch_13\img_moth_00025564.jpg,"[4000, 6000]",36.666666666666664,"['WPC\n9285\n', 'RBDominick\n\nCharlesREdwards\nMcClellanville x\nSouthCarolina29458\n\n4EDunes9e9\nListht\n']","['RC\n9285\n', 'RD\n\nCR\nC\nC29458\n\n4D99\n2\n']","['WPC\n9285\n', 'C\nC\nC29458\n\n499\n2\n']",modelv1.0__2026-05-17 21:21:18
D:/moth_photos/database\batch_13\img_moth_00025565.jpg,"[4000, 6000]",36.588235294117645,"['WPC\n9286\n', 'RB Dominick\nCharlesR Edwards\nMcClellanvilte\njouthCarolina29458\n\nSPMas\n7a Ges\n']","['C\n9286\n', 'R D\nCR\nC\nC29458\n\n79\n']","['WPC\n9286\n', 'C\nC\nC29458\n\nP\n79\n']",modelv1.0__2026-05-17 21:21:18
D:/moth_photos/database\batch_13\img_moth_00025566.jpg,"[4000, 6000]",36.549019607843135,"['RBDominick\n\nCharlesREdwardsA\n\nMcClellanville\n\nSoufthCarolina29458\nDoe May 1968\nLIGOAL\n', 'WPC\n9287\n']","['RRD\n\nCR\n\nC\n\nC29458\nD 1968\nC\n', 'C\n9287\n']","['P\nC\nC\nC29458\n1968\nC\n', 'WPC\n9287\n']",modelv1.0__2026-05-17 21:21:18
D:/moth_photos/database\batch_13\img_moth_00025567.jpg,"[4000, 6000]",36.509803921568626,"['nBVominick\n\nCharlesREdwards\n\nyetnville\nWan 29458\n\nos aan A11968\n', 'WPC\n9288\n']","['R6\nCR\n29458\n\n11968\n', 'RC\n9288\n']","['6\nC\nW 29458\n\n11968\n', 'WPC\n9288\n']",modelv1.0__2026-05-17 21:21:18
D:/moth_photos/database\batch_13\img_moth_00025568.jpg,"[4000, 6000]",36.549019607843135,"['WPC\n9289\n', 'RBDominick\n\nChariesREdwards\nMcClellanville 3\n\nSouthTarolina 29458\n\n44FtineY43\nZL1ChhE\n']","['C\n9289\n', 'RD\n\nCR\nC 3\n\nC 29458\n\n4443\n1CR\n']","['WPC\n9289\n', 'C\nC 3\n\nC 29458\n\n4443\n1C\n']",modelv1.0__2026-05-17 21:21:18
D:/moth_photos/database\batch_13\img_moth_00025569.jpg,"[4000, 6000]",37.11764705882353,"['WPC\n9290\n', 'RBDominick\nCharlesREdwanis\nMcClellanville 3\nSoflthCarolina29458\n\n28m\n70Iney 768\n']","['C\n9290\n', 'RRD\nCR\nC 3\nC29458\n\n28\n70 768\n']","['WPC\n9290\n', 'C\nC 3\nC29458\n\n28\n70 768\n']",modelv1.0__2026-05-17 21:21:18
D:/moth_photos/database\batch_13\img_moth_00025570.jpg,"[4000, 6000]",37.1,"['WPC\n9291\n', 'RRDominick\n\nCharlesREdwards\nMcClellanville O\nSoutfiCarolina29458\n\n36MmaF9E\n3Ome r\n']","['C\n9291\n', 'RRD\n\nCR\nC\nC29458\n\n369\n3\n']","['WPC\n9291\n', 'C\nC\nC29458\n\n369\n3\n']",modelv1.0__2026-05-17 21:21:18
D:/moth_photos/database\batch_13\img_moth_00025571.jpg,"[4000, 6000]",37.02,"['WPC\n9292\n', 'RBDominick\nCharlesREdwards\nMcGlellanville\nSouthCarolina29458\n\nqf\n']","['C\n9292\n', 'RRD\nCR\nC29458\n']","['WPC\n9292\n', 'C\nC29458\n']",modelv1.0__2026-05-17 21:21:18
D:/moth_photos/database\batch_13\img_moth_00025572.jpg,"[4000, 6000]",37.120000000000005,"['WPC\n9293\n', 'Mcvcilellianville\nSouthCarolina\nCharlesREdwards\n\n25Sept943\nLoisht\n']","['C\n9293\n', 'C\nCR\n\n25943\n']","['WPC\n9293\n', 'C\nC\n\n25943\n']",modelv1.0__2026-05-17 21:21:18
D:/moth_photos/database\batch_13\img_moth_00025573.jpg,"[4000, 6000]",36.72549019607843,"['WPC\n9294\n', 'RRDominick\nCharlesREdwards\n\nMcClellanville\nSouthGarolina29458\n\n7 Mag 196\nCIGhA ae\n']","['C\n9294\n', 'RRD\nCR\n\nC\n29458\n\n7 196\nC1C\n']","['WPC\n9294\n', 'C\n\nC\n29458\n\n7 196\nC1C\n']",modelv1.0__2026-05-17 21:21:18
D:/moth_photos/database\batch_13\img_moth_00025574.jpg,"[4000, 6000]",36.6078431372549,"['WPC\n9295\n', 'RBDominick\n\nharlesREdwards\n\nicClellanville\n\nSouthCarolina29458\n\nWGsyuane190G\nshh\n']","['C\n9295\n', 'RRD\nR\nC\n0C29458\n1909\n']","['WPC\n9295\n', '2\nC\n0C29458\nW1909\n']",modelv1.0__2026-05-17 21:21:18
D:/moth_photos/database\batch_13\img_moth_00025575.jpg,"[4000, 6000]",36.68627450980392,"['WPC\n9296\n', 'pupalp Wa meee\n12AMov141\nErber pePiathwe UhyNev\nA7J2 Au Prous nigra\n2Yy Y R B Dominick e\n\nB7 McClellanville or7\nSouthCarolina PrN\n']","['C\n9296\n', '12141\n972 9\n2 R 8 D\n\n87 C 7\nC C7\n']","['WPC\n9296\n', 'W\n12141\nP W\n972 P 9\n2 8 P\n\n87 C 7\nC CP7\n']",modelv1.0__2026-05-17 21:21:18
D:/moth_photos/database\batch_13\img_moth_00025576.jpg,"[4000, 6000]",37.1,"['WPC\n9297\n', 'Dosychira\n\nupateJ12NovsIF1\nEkeg 2i7Nou 1471tagelan\n\nO uencus ni\n1 B2Do vn k Me\n\nhe McClellanvilleex\nDalfoy5 South SSouthCarolina9 a 7\n']","['C\n9297\n', 'D\n\n1211\n27 1471\n\n0\n1 R2D 4\n\nC\nD5 C9 7\n']","['WPC\n9297\n', 'P\n\n1211\n27 1471\n\n0\n1 2 4\n\nC\nP5 C9 7\n']",modelv1.0__2026-05-17 21:21:18
D:/moth_photos/database\batch_13\img_moth_00025577.jpg,"[4000, 6000]",36.627450980392155,"['WPC\n9298\n', 'plhgf Wa 5\n1A\ndh z Bsyeeu\nGuercus nigta\n9 e\ncf RBDominick\nile\nMcClellanville7\nSouthCarolina\n']","['C\n9298\n', '5\n1\n9\nRD\nC7\nC\n']","['WPC\n9298\n', 'W 5\n1\n9\nP\nC7\nC\n']",modelv1.0__2026-05-17 21:21:18
D:/moth_photos/database\batch_13\img_moth_00025578.jpg,"[4000, 6000]",36.84313725490196,"['', 'Ppasye 110atkesrecsitnspeamideder\n\ntp under feaek 21Mou\n\nfood hha S2Neov\nCer ne qWVaAe\nRB Domitick riweobecicouteo\n\n7McClellanville McClellanville\nfephraSouthCarolnaBre\n']","['', '110\n\n21\n\n82\nC\nR8 D\n\n7C C\nC8\n']","['', 'P 110\n\nP P 21\n\n82\nC W\n8\n\n7C WC\nC8\n']",modelv1.0__2026-05-17 21:21:18
D:/moth_photos/database\batch_13\img_moth_00025579.jpg,"[4000, 6000]",37.04,"['WPCC\n9300\n', 'pasy chiya 7\ned S12Nov Tate\nseer art reiad hight 23Nov\nISoo8 B aerensRana\n2X\n\nShaelesRrEdvade\nar McClellanville ovr\nB SouthCarolinaCOye\n']","['RC\n9300\n', 'D 7\n812\n23\n108 R\n2\n\nR\nC\nR CC\n']","['WPCC\n9300\n', '7\n812\n23\n108 P\n2\n\nC\nCC\n']",modelv1.0__2026-05-17 21:21:18
D:/moth_photos/database\batch_13\img_moth_00025580.jpg,"[4000, 6000]",36.588235294117645,"['WPC\n9301\n', 'Das e h ire ahoreatanpenelbely\nemerged underLYlg hk2Hor\n\naypupaled t2MNev\nfoadQUSISe42IITHay\nOv McClellanville\n\novec SouthCarolina yr 7\n']","['C\n9301\n', 'D\n2R\n\n4 2\nC42C\nC\n\nC 7\n']","['WPC\n9301\n', '2\n\n4 2\nC42C\nC\n\nC 7\n']",modelv1.0__2026-05-17 21:21:18
D:/moth_photos/database\batch_13\img_moth_00025581.jpg,"[4000, 6000]",36.705882352941174,"['WPC\n9302\n', 'KBDominick\nMcClellanville\nSouth Carolina\n\nTRositys\n\nranbes\n', 'ge\n', 'DMBC00348\nRICHARDBDOMINICK\nMOTH8BUTTERFLYCOLLECTION\n\nUNIVERSITYOFSOUTH CAROLINA\n']","['C\n9302\n', 'RD\nC\nC\n\nR\n', '', 'DC00348\nRCRDDC\n8RCC\n\nR CR\n']","['WPC\n9302\n', 'C\nC\n\nP\n', '', 'PC00348\nCC\n8PCC\n\nC\n']",modelv1.0__2026-05-17 21:21:18
D:/moth_photos/database\batch_13\img_moth_00025582.jpg,"[4000, 6000]",36.64705882352941,"['WPC\nQO2023\n', 'RBDominick\nChariesREdwards a\nMcClellanville\n7 Carolina 29458\nOch1F6F\n\nLytned\n', 'DastyChire\nti a\ns b\n', 'DMBC00349\nRICHARDBDOMINICK\n\nMOTH8BUTTERFLYCOLLECTION\nUNIVERSITYOFSOUTHCAROLINA\n']","['C\n92023\n', 'RRD\nCR\nC\n7 C 29458\n16\n', 'DC\n', 'DC00349\nRCRD8DC\n\n8RRCC\nRCR\n']","['WPC\n92023\n', 'C\n\nC\n\n7 C 29458\n16\n', 'PC\n', 'PC00349\nC8C\n\n8CC\nC\n']",modelv1.0__2026-05-17 21:21:18
D:/moth_photos/database\batch_13\img_moth_00025583.jpg,"[4000, 6000]",36.745098039215684,"['WPC\n9304\n', 'RBDominick\nCharlesREdwards\nMcCJellanville\n2PMo41970\nUsShy\n', '', 'DMBC00347\n\nRICHARDBDOMINICK\nMOTH8BUTTERFLYCOLLECTION\n\nUNIVERSITYOFSOUTHCAROLINA\na\n']","['RC\n9304\n', 'RRD\n\nCR\n\nC\n2941970\n', '', 'DC00347\n\nRCRD8DC\n8RCC\n\nRCR\n']","['WPC\n9304\n', 'C\nC\n2P41970\n', '', 'C00347\n\nC8C\n8CC\n\nC\n']",modelv1.0__2026-05-17 21:21:18
D:/moth_photos/database\batch_13\img_moth_00025584.jpg,"[4000, 6000]",37.24,"['RBDominick\nCharles REdwards\nMcClellanville\nSouthCarolina\n\n19June972\nLishe\n', 'WPC\n9305\n']","['RRD\nC R\nC\n0C\n\n19D972\n', 'C\n9305\n']","['C\nC\n0C\n\n19972\n', 'WPC\n9305\n']",modelv1.0__2026-05-17 21:21:18
D:/moth_photos/database\batch_13\img_moth_00025585.jpg,"[4000, 6000]",37.2,"['WPC\n9306\n', 'RBDominick\nCharlesREdwards\nMcClellanville\nSouthCarolina\n']","['C\n9306\n', 'RD\nCR\nC\nC\n']","['WPC\n9306\n', 'C\nC\nC\n']",modelv1.0__2026-05-17 21:21:18
D:/moth_photos/database\batch_13\img_moth_00025586.jpg,"[4000, 6000]",37.080000000000005,"['WPC\n9307\n', 'RBDominick\nCharlesR Edwarisp\n\nMcClellanville\nSouthCar8lina29488\n\n15Oct1968\nListes\n']","['RC\n9307\n', 'RD\nCR\n\nC\nC829488\n\n1501968\n']","['WPC\n9307\n', 'C\n\nC\nC829488\n\n1501968\n']",modelv1.0__2026-05-17 21:21:18
D:/moth_photos/database\batch_13\img_moth_00025587.jpg,"[4000, 6000]",36.7843137254902,"['WPC\n9308\n', 'NBDominick\nMicClellanville\nsouthCarolina\n\ntFag1925\n\nnqhtB\n']","['C\n9308\n', '5D\nC\nC\n\n1925\n']","['WPC\n9308\n', '5\nC\nC\n\n1925\n']",modelv1.0__2026-05-17 21:21:18
D:/moth_photos/database\batch_13\img_moth_00025588.jpg,"[4000, 6000]",36.6078431372549,"['WPC\n9309\n', 'Olene ateragen 9K 7\nbight13 Aug 1qpP284ching\n\n30e f f va\ne ah Bominict69 A\n\nChasleseSivedemalieS\n0UK\nMcClellanville\nSouthCarolina a ag\n']","['C\n9309\n', 'C 9 7\n13 17D284\n\n30\n69\n\nC4\n0\nC\nC\n']","['WPC\n9309\n', 'C 9 7\n13 17P284\n\n30\n69\n\nC4\n0\nC\nC\n']",modelv1.0__2026-05-17 21:21:18
D:/moth_photos/database\batch_13\img_moth_00025589.jpg,"[4000, 6000]",37.0,"['R6VOominick\nChariesREdwards\nMeeNanvilee\njouthCaro\n\npane i ba\n', 'WPC\n9310\n']","['R6\nCR\n0C\n\n1\n', 'C\n9310\n']","['6\nC\n0C\n\n1\n', 'WPC\n9310\n']",modelv1.0__2026-05-17 21:21:18
D:/moth_photos/database\batch_13\img_moth_00025590.jpg,"[4000, 6000]",37.14,"['WPC\n9311\n', 'RBDominick\nCharlesREdwards\nMcCellanville\nSouthCarolina29458\n2IAug1970\nCitar\n', 'Jas\nse7\n', 'UMBC00344\nRICHARDBDOMINICK\n\nMOTH8BUTTERFLYCOLLECTION\n\nUNIVERSITYOFSOUTHCARQIINA\n']","['RC\n9311\n', 'RRD\nCR\nC\nC29458\n271970\nC\n', '7\n', 'DC00344\nRCRDDC\n\n8RCC\n\nRCR\n']","['WPC\n9311\n', 'C\nC\nC29458\n271970\nC\n', '7\n', 'C00344\nCC\n\n8CC\n\nC\n']",modelv1.0__2026-05-17 21:21:18
D:/moth_photos/database\batch_13\img_moth_00025591.jpg,"[4000, 6000]",36.94,"['WPC\n9312\n', 'RB Dominick\n\nCharlesREdwards\nMcClellanville a\nSouth Cardlina 2945\n\n22amaylFo7\nCsA\n', '4\n\nch\n', 'ewe ReEEeI\n00345\n\nRICHARDB DOMINICK\nMOTH8BUTTERFLYCOLLECTION\nUNIVERSITYOFSOUTHCAROLINA\ned\n']","['C\n9312\n', 'R D\n\nCR\nC\nC 2945\n\n2297\nC4\n', '4\n', 'R\n00345\n\nRCRD8 DC\n8RCC\nRCR\n9\n']","['WPC\n9312\n', 'C\nC\nC 2945\n\n2297\nC4\n', '4\n', 'C\n00345\n\nC8 C\n8CC\nC\n9\n']",modelv1.0__2026-05-17 21:21:18
D:/moth_photos/database\batch_13\img_moth_00025592.jpg,"[4000, 6000]",36.98,"['WPC\n9313\n', 'nbBVominick\nChariesREdwards\nMcClellanville\nSouthCarolina29458\n47MayJ972\nLightof\n', '', 'DMBC00346\nRICHARDBDOMINICK\nMOTH8BUTTERFLYCOLLECTION\n\nUNIVERSITYOFSOUTHCAROLINA\n']","['C\n9313\n', 'CR\n\nC\nC29458\n47972\n', '', 'DRC00346\nRCRD8DC\n8RCC\n\nRCR\n']","['WPC\n9313\n', 'C\n\nC\nC29458\n47972\n', '', 'C00346\nC8C\n8CC\n\nC\n']",modelv1.0__2026-05-17 21:21:18
D:/moth_photos/database\batch_13\img_moth_00025593.jpg,"[4000, 6000]",37.120000000000005,"['WPC\n9314\n', 'DVOMINIC\nMcClellanville\nSouthZarolin\n\nLyFig1998\nfai Lae\n']","['C\n9314\n', 'DC\nC\n\n1998\n']","['WPC\n9314\n', 'C\nC\n\n1998\n']",modelv1.0__2026-05-17 21:21:18
D:/moth_photos/database\batch_13\img_moth_00025594.jpg,"[4000, 6000]",37.14,"['WPC\n9315\n', 'RBDominick\nMcClellanville\nsouthCarolina\n']","['C\n9315\n', 'RRD\nC\n0C\n']","['WPC\n9315\n', 'C\n0C\n']",modelv1.0__2026-05-17 21:21:18
D:/moth_photos/database\batch_13\img_moth_00025595.jpg,"[4000, 6000]",36.549019607843135,"['WPC\n9316\n', '', 'RBDominick\nCharlesREdwaris\nMcClellanwille\nSouthCarolina29458\n\n3 FRse L964\n64th\n']","['RC\n9316\n', '', 'RRD\nCR\nC\nC29458\n\n3 R 9649\n64\n']","['WPC\n9316\n', '', 'C\nC\nC29458\n\n3 P 9649\n64\n']",modelv1.0__2026-05-17 21:21:18
D:/moth_photos/database\batch_13\img_moth_00025596.jpg,"[4000, 6000]",37.14,"['WPC\n9317\n', 'RBVominick\nCharlesREdward\nMcCleljanville\nSouthCarolina\n', 'Dasychire\nfephra\n3958\n']","['C\n9317\n', 'RD\nCR\nC\nC\n', 'D\n3958\n']","['WPC\n9317\n', 'C\nC\nC\n', '3958\n']",modelv1.0__2026-05-17 21:21:18
D:/moth_photos/database\batch_13\img_moth_00025597.jpg,"[4000, 6000]",37.080000000000005,"['WPC\n9318\n', 'INDVULLITICKA\n\nycClellanville\noy Carolina\n7a\n\nith\n']","['C\n9318\n', 'DDC\n\nC\n11 C\n7\n']","['WPC\n9318\n', 'C\n\nC\n11 C\n7\n']",modelv1.0__2026-05-17 21:21:18
D:/moth_photos/database\batch_13\img_moth_00025598.jpg,"[4000, 6000]",36.88235294117647,"['WPC\n9319\n', 'RBDominick\nMcClellanville\nSouthCarolina\n\nReip1923\n\n']","['C\n9319\n', 'RRD\nC\nC\n\nR1923\n\n']","['WPC\n9319\n', 'C\nC\n\n1923\n\n']",modelv1.0__2026-05-17 21:21:18
D:/moth_photos/database\batch_13\img_moth_00025599.jpg,"[4000, 6000]",36.72549019607843,"['WPC\n9320\n', 'RBDominick\nMicClellanville\nSouthCarolina\n\ntSept1973\n1uotwre\n']","['C\n9320\n', 'RRD\nC\nC\n\n1973\n1\n']","['WPC\n9320\n', 'C\nC\n\n1973\n1\n']",modelv1.0__2026-05-17 21:21:18
D:/moth_photos/database\batch_13\img_moth_00025600.jpg,"[4000, 6000]",37.160000000000004,"['WPC\n9321\n', 'K6VDominick\nChariesREdward\nMcClellanville\n\n25Nay192\nbahbhl\n']","['RC\n9321\n', 'R6D\nCR\nC\n\n25192\n']","['WPC\n9321\n', '6\nC\nC\n\n25192\n']",modelv1.0__2026-05-17 21:21:18
D:/moth_photos/database\batch_13\img_moth_00025601.jpg,"[4000, 6000]",36.588235294117645,"['RBDominick\nCharlesREdwards\nMcClllanville\nSouthCarolina\n10 77044 9772\nleshtF\n', 'WPC\n9322\n']","['RD\nCR\nC\nC\n10 77044 9772\n', 'C\n9322\n']","['C\nC\nC\n10 77044 9772\n', 'WPC\n9322\n']",modelv1.0__2026-05-17 21:21:18
D:/moth_photos/database\batch_13\img_moth_00025602.jpg,"[4000, 6000]",36.90196078431373,"['WPC\n9323\n', 'RBDominick\nCharlesREdwards\nMcClellgnville\nSouthCarolina\n\n14Jume972\nUight\n']","['C\n9323\n', 'RRD\nCR\nC\nC\n\n14972\n']","['WPC\n9323\n', 'C\nC\nC\n\n14972\n']",modelv1.0__2026-05-17 21:21:18
D:/moth_photos/database\batch_13\img_moth_00025603.jpg,"[4000, 6000]",36.80392156862745,"['WPC\n9324\n', 'RBDominick\nSharlesREdward\nMcClellgnville\nsouthCarolina x\n\nLAJune972\nAe\n']","['C\n9324\n', 'RRD\nR\nC\n0C\n\n972\n']","['WPC\n9324\n', 'C\n0C\n\n972\n']",modelv1.0__2026-05-17 21:21:18
D:/moth_photos/database\batch_13\img_moth_00025604.jpg,"[4000, 6000]",36.588235294117645,"['WPC\n9325\n', 'RBDominick\nCharlesREdwards\n\nMcClellagville\nSouthCarolina29458\n\n2SSegmG6P\nLsab\n']","['RC\n9325\n', 'RRD\nCR\n\nC\nC29458\n\n269\n']","['WPC\n9325\n', 'C\n\nC\nC29458\n\n26P\n']",modelv1.0__2026-05-17 21:21:18
D:/moth_photos/database\batch_13\img_moth_00025605.jpg,"[4000, 6000]",36.588235294117645,"['WPC\n9326\n', 'RBDominick\nMcClellanville\n\nSouthCarolina\nGOf1973\nbite 4 Lb are\n', 'BDominick\n\nicClellanville WPC\n\nouthCarolina\n\n1O443H9326\n']","['C\n9326\n', 'RD\nCC\n\nC\n061973\n4\n', 'D\n\nC C\n\nC\n\n104439326\n']","['WPC\n9326\n', 'CC\n\nC\n061973\n4\n', 'C WPC\n\nC\n\n104439326\n']",modelv1.0__2026-05-17 21:21:18
D:/moth_photos/database\batch_13\img_moth_00025606.jpg,"[4000, 6000]",37.120000000000005,"['WPC\n9327\n', 'RBDominick\nMcClellanville\nSouthCarolina\n\n25Sept14\n25S 13\n']","['C\n9327\n', 'RD\nC\nC\n\n2514\n25 13\n']","['WPC\n9327\n', 'C\nC\n\n2514\n25 13\n']",modelv1.0__2026-05-17 21:21:18
D:/moth_photos/database\batch_13\img_moth_00025607.jpg,"[4000, 6000]",37.24,"['WPC\n9378\n', 'RBDominick\nCharlesREdwards\nMehedlanviee ee\n33 LOefs 29458\nEF C745\nLichter\n']","['RC\n9378\n', 'RD\n\nCR\n\n33 R5 29458\nC745\n']","['WPC\n9378\n', 'C\n33 5 29458\nC745\n']",modelv1.0__2026-05-17 21:21:18
D:/moth_photos/database\batch_13\img_moth_00025608.jpg,"[4000, 6000]",36.6078431372549,"['WPC\n9329\n', 'RBDominick\nCharlesREdwards\nMcCfellanville\nSguth Carolima29458\n\n3a 4970\n']","['C\n9329\n', 'RD\nCR\nC\nC29458\n\n31 4970\n']","['WPC\n9329\n', 'C\nC\nC29458\n\n31 4970\n']",modelv1.0__2026-05-17 21:21:18
D:/moth_photos/database\batch_13\img_moth_00025609.jpg,"[4000, 6000]",37.2,"['WPC\n9330\n', 'RBVOminick\nCharlesREdwards\nMcClellanville\nSouth Carlina29458\n\nIS June SIt3\nL10hK\n']","['C\n9330\n', 'RDC\nCR\nC\nC29458\n\n15 63\n210\n']","['WPC\n9330\n', 'C\nC\nC\nC29458\n\n15 63\n210\n']",modelv1.0__2026-05-17 21:21:18
D:/moth_photos/database\batch_13\img_moth_00025610.jpg,"[4000, 6000]",36.529411764705884,"['WPC\n9331\n', 'RBDominick\nCharlesREdwards\nMcflellanvillee\nSouthCarolina29458\n3FumesF77d3\nYStarat\n']","['C\n9331\n', 'RD\nCR\nC\nC29458\n3773\n']","['WPC\n9331\n', 'C\nC\nC29458\n3773\n']",modelv1.0__2026-05-17 21:21:18
D:/moth_photos/database\batch_13\img_moth_00025611.jpg,"[4000, 6000]",36.68627450980392,"['WPC\n9332\n', 'RBDominick\nCharlesREdwards\nMcClellanville\nSouthCarolina2945\n2PSNeA41970\nLith wt\n']","['C\n9332\n', 'RD\nCR\nC\nC2945\n241970\n']","['WPC\n9332\n', 'C\nC\nC2945\n2P41970\n']",modelv1.0__2026-05-17 21:21:18
D:/moth_photos/database\batch_13\img_moth_00025612.jpg,"[4000, 6000]",37.22,"['WPC\n9333\n', 'RBVominick\nCharlesREdwards\nMcClellanville\n\n']","['C\n9333\n', 'RD\nCR\nC\n\n']","['WPC\n9333\n', 'C\nC\n\n']",modelv1.0__2026-05-17 21:21:18
D:/moth_photos/database\batch_13\img_moth_00025613.jpg,"[4000, 6000]",37.04,['WPC\n9334\n'],['C\n9334\n'],['WPC\n9334\n'],modelv1.0__2026-05-17 21:21:18
D:/moth_photos/database\batch_13\img_moth_00025614.jpg,"[4000, 6000]",37.14,"['WPC\n9335\n', '1Gbd Sepi 109 7s\nLUS24 ep 1474\nbouft120R Dominick\n\ntO McClellanville\nSouthCarolina\n\nSept1921laavadh\nBy elfouQuereusniarg SOFA\n']","['C\n9335\n', '1 109 73\n24 1474\n6120R D\n\n405 C\nC\n\n1921\n']","['WPC\n9335\n', '1 109 73\nW24 1474\n6120\n\n405 C\nC\n\n1921\n']",modelv1.0__2026-05-17 21:21:18
D:/moth_photos/database\batch_13\img_moth_00025615.jpg,"[4000, 6000]",37.1,"['WPC\n9336\n', 'RBDominick\n\nCharlesREdwards\nMcClellanville\nSouthCafolina 29458\n\n29 445 1969\n', 'DMBC00341\nRICHARDBDOMINICK\nMOTH8BUTTERFLYCOLLECTION\n\nUNIVERSITYOFSOUTHCAROLINA\n', '1gRQSs\n38\n']","['RC\n9336\n', 'RD\n\nCR\nC\nC 29458\n\n29 445 1969\n', 'DC00341\nRCRDDC\n8RCC\n\nR0CR\n', '1R\n38\n']","['WPC\n9336\n', 'C\nC\nC 29458\n\n29 445 1969\n', 'PC00341\nCC\n8PCC\n\n0C\n', '1\n38\n']",modelv1.0__2026-05-17 21:21:18
D:/moth_photos/database\batch_13\img_moth_00025616.jpg,"[4000, 6000]",36.6078431372549,"['SOUTHCAROLIN\nWedge Plantation\nMcClellanville\n\nOct1251969\n\nDeCc Ferguson\n', 'Rearedexovoon\n\nLiguidam bar\n', 'WPC\n9337\n', 'oe ba\n3957 7\n']","['CR\nC\n\n1251969\n\nDC\n', 'R\n', 'C\n9337\n', '3957 7\n']","['C\nW P\nC\n\n1251969\n\nC\n', '', 'WPC\n9337\n', '3957 7\n']",modelv1.0__2026-05-17 21:21:18
D:/moth_photos/database\batch_13\img_moth_00025617.jpg,"[4000, 6000]",36.6078431372549,"['Rearedexovoon\n\nLiguidambar\n', 'SOUTHCAROLINA be\nWedge Plantation\nMcClellanville\n\nOct 1196y\n\nCFerguson\n', 'WPC\n9338\n', 'Paros hi\nadry\n\n3957\n']","['R\n', 'CR\nC\n\n1196\n\nC\n', 'C\n9338\n', '3957\n']","['', 'C\nW P\nC\n\n1196\n\nC\n', 'WPC\n9338\n', 'P\n\n3957\n']",modelv1.0__2026-05-17 21:21:18
D:/moth_photos/database\batch_13\img_moth_00025618.jpg,"[4000, 6000]",36.56862745098039,"['Rearedexovoon\n\nLig uida mbar\n', 'SOUTHCAROLINA\nWedgePlantation\nMcClellafville\n\nOcT151967\n\nDCFerguson\n', 'WPC\n9339\n', 'Parerayte\nadc eugyia\n3959\n']","['R\n\n1\n', 'CR\nC\n\n0151967\n\nDC\n', 'C\n9339\n', 'R\n4\n3959\n']","['1\n', 'C\nWP\nC\n\n0151967\n\nCP\n', 'WPC\n9339\n', 'P\n4\n3959\n']",modelv1.0__2026-05-17 21:21:18
D:/moth_photos/database\batch_13\img_moth_00025619.jpg,"[4000, 6000]",36.64705882352941,"['WPC\n9340\n', 'VedgePlantation\nsouthSanteeRiver\nMuagit CoSC\n\ndiug 19y\nAU Ss tT perquson\n']","['RC\n9340\n', '0R\nCC\n\n19\n1\n']","['WPC\n9340\n', 'P\n0\nCC\n\n19\n1 P\n']",modelv1.0__2026-05-17 21:21:18
D:/moth_photos/database\batch_13\img_moth_00025620.jpg,"[4000, 6000]",36.98,"['WPC\n9341\n', 'RBDominick\n\nCharlesREdwards\n\nMcClellanville\nSoufhCarolina29458\nSY man47 6770\nCigsnt\n']","['C\n9341\n', 'RRD\n\nCR\n\nC\nC29458\n47 6770\nC\n']","['WPC\n9341\n', 'C\n\nC\nC29458\n47 6770\nC\n']",modelv1.0__2026-05-17 21:21:18
D:/moth_photos/database\batch_13\img_moth_00025621.jpg,"[4000, 6000]",36.549019607843135,"['WPC\n9342\n', 'RBDominick\n\nCharlesREdwards\nMcClellanville\nSouthCarolina29458\n\n29AusfF739\nyee\n']","['C\n9342\n', 'RD\n\nCR\nC\nC29458\n\n294739\n']","['WPC\n9342\n', 'C\nC\nC29458\n\n294739\n']",modelv1.0__2026-05-17 21:21:18
D:/moth_photos/database\batch_13\img_moth_00025622.jpg,"[4000, 6000]",36.7843137254902,"['WPC\n9343\n', 'N56Vominick\nCharlesREdwards\nMcCleljanville\nSouthCarolina\n\nRIune 1493\nliahh\n']","['C\n9343\n', '56\nCR\nC\nC\n\nR 1493\n']","['WPC\n9343\n', '56\nC\nC\nC\n\n1493\n']",modelv1.0__2026-05-17 21:21:18
D:/moth_photos/database\batch_13\img_moth_00025623.jpg,"[4000, 6000]",36.666666666666664,"['WPC\n9344\n', 'RBDominick\nCharlesREdwards\nMcClellanville\nSouthCarolina29458\nIT mar 4970\nLi5y\n']","['C\n9344\n', 'RD\nCR\nC\nC29458\n7 4970\n5\n']","['WPC\n9344\n', 'C\nC\nC29458\n7 4970\n5\n']",modelv1.0__2026-05-17 21:21:18
D:/moth_photos/database\batch_13\img_moth_00025624.jpg,"[4000, 6000]",36.588235294117645,"['WPC\n9345\n', 'mOVOmInNIcK\nCharlesREdwards\n\nMcCleljanville\nSouthCarolinae a\n\nLS fLF7Z\nvy\n']","['C\n9345\n', 'DC\nCR\n\nC\nC\n\n7\n']","['WPC\n9345\n', 'C\nC\n\nC\nC\n\n7\n']",modelv1.0__2026-05-17 21:21:18
D:/moth_photos/database\batch_13\img_moth_00025625.jpg,"[4000, 6000]",36.529411764705884,"['WPC\n9346\n', 'RBDominick\nMcClellanville\nch Carolina\nHhe 194\nabd\n']","['C\n9346\n', 'RD\nC\nC\n194\n4\n']","['WPC\n9346\n', 'C\n\nC\n194\n\n4W\n']",modelv1.0__2026-05-17 21:21:18
D:/moth_photos/database\batch_13\img_moth_00025626.jpg,"[4000, 6000]",37.080000000000005,"['WPC\n9347\n', 'mDVOMINICKR\nCharlesREdwards\nMcClellanville\nSouthCarolina29458\n\n1bfrs 179470\n\nLithrS\n']","['C\n9347\n', 'DCR\nCR\nC\nC29458\n\n164 179470\n']","['WPC\n9347\n', 'C\nC\nC\nC29458\n\n164 179470\n']",modelv1.0__2026-05-17 21:21:18
D:/moth_photos/database\batch_13\img_moth_00025627.jpg,"[4000, 6000]",36.56862745098039,"['WPC\n9348\n', 'RBDominick\nCharlesREdwardis\nMcClellanville\nSoughCarolina29498\n\nHM gr\nLHS\n']","['C\n9348\n', 'RD\nCR\nC\nC29498\n']","['WPC\n9348\n', 'C\nC\nC29498\n']",modelv1.0__2026-05-17 21:21:18
D:/moth_photos/database\batch_13\img_moth_00025628.jpg,"[4000, 6000]",37.2,"['WPC\n9349\n', 'RRDominick\nCharlesR Edwards\nMcClellanville\nSouthCarolina29458\nJPnugS9LF\n\nLi ent\n']","['C\n9349\n', 'RRD\nCR\nC\nC29458\n29\n']","['WPC\n9349\n', 'C WP\nC\nC29458\nP9\n']",modelv1.0__2026-05-17 21:21:18
D:/moth_photos/database\batch_13\img_moth_00025629.jpg,"[4000, 6000]",36.98,"['WPC\n9350\n', 'mRDVominick\nChariesREdwards\nMcClellanville\n\nSopthCarolina29458\nFMhO41978\nL15ypg\n']","['C\n9350\n', 'RDD\nCR\nC\n\nC29458\n41978\nC154\n']","['WPC\n9350\n', 'C\nC\n\nC29458\n41978\nC154\n']",modelv1.0__2026-05-17 21:21:18
D:/moth_photos/database\batch_13\img_moth_00025630.jpg,"[4000, 6000]",36.549019607843135,"['WPC\n9351\n', 'RBDominick\nCharlesREdwards\nMcGlellanville\nSouthCarolina29458\n\nJSuneGOP\n']","['C\n9351\n', 'RRD\nCR\nC29458\n\n6\n']","['WPC\n9351\n', 'C\nC29458\n\n6P\n']",modelv1.0__2026-05-17 21:21:18
D:/moth_photos/database\batch_13\img_moth_00025631.jpg,"[4000, 6000]",36.8235294117647,"['WPC\n9352\n', 'RBVOMINICcCK\nCharlesREdwards\nMcClellanville\nSouthCfrolina e\n\n1FAug 1997\nae 2\n']","['C\n9352\n', 'RDDC\nCR\nC\nC4\n\n1 1997\n2\n']","['WPC\n9352\n', 'C\nC\nC\nC4\n\n1 1997\n2\n']",modelv1.0__2026-05-17 21:21:18
D:/moth_photos/database\batch_13\img_moth_00025632.jpg,"[4000, 6000]",36.529411764705884,"['WPC\n9353\n', 'KBVominick\n\nCharlesR EdwarisY\n\nfc Clellanville\n9Mou 29458\n\nZs mary IF\n']","['C\n9353\n', 'R5D\n\nCR\n\nC\n9 29458\n']","['WPC\n9353\n', '5\n\nC WP\n\nC\n9 29458\n']",modelv1.0__2026-05-17 21:21:18
D:/moth_photos/database\batch_13\img_moth_00025633.jpg,"[4000, 6000]",36.745098039215684,"['WPC\n9354\n', 'RBVominick\nChariesREdwards\nMcClellanville\n\nABnress1FLF\nyoeLa\n']","['C\n9354\n', 'R\nCR\nC\n\n3196\n']","['WPC\n9354\n', 'C\nC\n\n3196P\n']",modelv1.0__2026-05-17 21:21:18
D:/moth_photos/database\batch_13\img_moth_00025634.jpg,"[4000, 6000]",37.18000000000001,"['Rearedexovoon\nQuercus\nCoccimeGw\n', 'WPC\n9355\n', 'SOUTHCAROLINA\nWedgePlantation\n\nMcClellarfVille\n\nNov41968\n\nDCFerguson\n', 'Arol\nSee Bib\n']","['R0\nC\n', 'C\n9355\n', 'CR\n\nC\n\n41968\n\nDC\n', '']","['0\nC\n', 'WPC\n9355\n', 'C\nWP\n\nCW\n\n41968\n\nC\n', '']",modelv1.0__2026-05-17 21:21:18
D:/moth_photos/database\batch_13\img_moth_00025635.jpg,"[4000, 6000]",36.6078431372549,"['XDBVOTNITICH\nharlesREdward\nicClejlanville\nSouthCarolina\n\n1OAug92\n', 'WPC\n9356\n']","['DC\nR\nC\nC\n\n1D92\n', 'C\n9356\n']","['C\nC\nC\n\n192\n', 'WPC\n9356\n']",modelv1.0__2026-05-17 21:21:18
D:/moth_photos/database\batch_13\img_moth_00025636.jpg,"[4000, 6000]",36.7843137254902,"['WPC\n9357\n', 'KBDominick\nCharlesREdwards\nMcClellanville4\nSoutfCarolina29458\n\n7Ang 1970\nCishho\n']","['C\n9357\n', 'D\nCR\nC4\nC29458\n\n7 1970\nC\n']","['WPC\n9357\n', 'C\nC4\nC29458\n\n7 1970\nC\n']",modelv1.0__2026-05-17 21:21:18
D:/moth_photos/database\batch_13\img_moth_00025637.jpg,"[4000, 6000]",36.509803921568626,"['WPC\n9358\n', 'Rearedexovoon\n\nQUeIwCuUS\nCoccinead\n', 'SOUTHCAROLINA\nWedge Plantation\nMcClellagville\n\nKlov 71968\n\nCFerguson\n', 'Farorgyia\nescap eg\n3q57C\n']","['C\n9358\n', 'R\n\nRDC\nC\n', 'CR\nC\n\n71968\n\nC\n', '357C\n']","['WPC\n9358\n', 'WC\nC\n', 'C\nW P\nC\n\n71968\n\nC\n', '357C\n']",modelv1.0__2026-05-17 21:21:18
D:/moth_photos/database\batch_13\img_moth_00025638.jpg,"[4000, 6000]",37.059999999999995,"['WPC\n9359\n', 'Rearedexovoon\n\nQketcus\nCOccineg\n', 'SOUTHCAROLINA\nWedgePlantation\nMcClellanville\n\nNov S1969\n\nCy Feryuson\n', 'aredexovoon SOUTHCAROLINA\n\ndgeP tat\nKercus MeCrelianeille\nCCineg Nov51968\n\nCz Ferguson\n']","['C\n9359\n', 'R\n\nCCC\n', 'CR\nC\n\n51969\n\nC\n', 'CR\n\nC\nCC 51968\n\nC\n']","['WPC\n9359\n', 'CCC\n', 'C\nWP\nC\n\n51969\n\nC P\n', 'C\n\nP\nC\nCC 51968\n\nC P\n']",modelv1.0__2026-05-17 21:21:18
D:/moth_photos/database\batch_13\img_moth_00025639.jpg,"[4000, 6000]",37.24,"['WPC\n9360\n', 'XBDominick\nMcClellanville\nb1 Carolin\n\nFig wy\n\nvahy\n']","['C\n9360\n', 'RD\nC\n1 C\n']","['WPC\n9360\n', 'C\n1 C\n']",modelv1.0__2026-05-17 21:21:18
D:/moth_photos/database\batch_13\img_moth_00025640.jpg,"[4000, 6000]",36.86274509803921,"['WPC\n9361\n', 'RBDominick\nMcClellanville\nSouthCarolina\n\n40Sept193\ntahtopre\n', 'as KeyeniceT ra\nintcharye te\n']","['C\n9361\n', 'RD\nC\nC\n\n40193\n', '']","['WPC\n9361\n', 'C\nC\n\n40193\n', '']",modelv1.0__2026-05-17 21:21:18
D:/moth_photos/database\batch_13\img_moth_00025641.jpg,"[4000, 6000]",36.64705882352941,"['WPC\n9362\n', 'RBDominick\nMcClellanville\nSoutleCarolina\n\n2ofig19 1923\n']","['C\n9362\n', 'RD\nC\nC\n\n2019 1923\n']","['WPC\n9362\n', 'C\nC\n\n2019 1923\n']",modelv1.0__2026-05-17 21:21:18
D:/moth_photos/database\batch_13\img_moth_00025642.jpg,"[4000, 6000]",36.627450980392155,"['WPC\n9363\n', 'KROMVOMINICK\nCharlesREdwardis\nAcClellamville\njouthCarolina\nZOBuneA72\nLoh\n']","['C\n9363\n', 'RDCR\nCR\nC\nC\n0472\n1\n']","['WPC\n9363\n', 'C\nC\nC\nC\n0472\n1\n']",modelv1.0__2026-05-17 21:21:18
D:/moth_photos/database\batch_13\img_moth_00025643.jpg,"[4000, 6000]",37.18000000000001,"['WPC\n9364\n', 'KBVominick\nMcClellanville\nSouthCarolina\n\n31Heg1473\nLiahtoe\n']","['C\n9364\n', 'RDD\nC\nC\n\n311473\n']","['WPC\n9364\n', 'C\nC\n\n311473\n']",modelv1.0__2026-05-17 21:21:18
D:/moth_photos/database\batch_13\img_moth_00025644.jpg,"[4000, 6000]",36.549019607843135,"['WPC\n9365\n', 'AN2029eAJOTIITICK\nCharlesREdwards\nMc Clellanvilles\nSouthCarolina\n\nZ Sept 1972\n18 4 ft e\ndasychs\n\nt\ncbrjentueslowvVie\n']","['C\n9365\n', '2029CC\nCR\nC\nC\n\n1972\n18 4\n']","['WPC\n9365\n', '2029CC\nC\nC\nC\n\n1972\n18 4\n']",modelv1.0__2026-05-17 21:21:18
D:/moth_photos/database\batch_13\img_moth_00025645.jpg,"[4000, 6000]",36.98039215686274,"['WPC\n9366\n', 'KBVominick\nCharlesREdwards\nMcClellanville\nSouthCarolina26458\n\nBomasF7s\nerCreygh\n']","['C\n9366\n', 'CR\nC\nC26458\n\n377\nC\n']","['WPC\n9366\n', 'C\nC\nC26458\n\n377\nC\n']",modelv1.0__2026-05-17 21:21:18
D:/moth_photos/database\batch_13\img_moth_00025646.jpg,"[4000, 6000]",36.509803921568626,"['WPC\n9367\n', 'RBDominick\nChariesREdwards\nMcCJellanville J\nSouthCarolina29458\n\n3am\nCs ong 1208\n']","['RC\n9367\n', 'RRD\nCR\nC\nC29458\n\n34\nC 1208\n']","['WPC\n9367\n', 'C\nC\nC29458\n\n34\nC 1208\n']",modelv1.0__2026-05-17 21:21:18
D:/moth_photos/database\batch_13\img_moth_00025647.jpg,"[4000, 6000]",37.1,"['WPC\n9368\n', 'RBDominick\nCharlesREdwards\nMcClellanville\nSouthCarolina29458\n\nAYrmay197\nLighto\n', 'pr\nPSyevieE ic heck he\n']","['C\n9368\n', 'RRD\nCR\nC\nC29458\n\n2197\n', 'R C\n']","['WPC\n9368\n', 'C\nC\nC29458\n\n2197\n', 'P C\n']",modelv1.0__2026-05-17 21:21:18
D:/moth_photos/database\batch_13\img_moth_00025648.jpg,"[4000, 6000]",36.509803921568626,"['WPC\n9369\n', 'RBDominick\nCharlesREdwards\nMcClellanvifle\n33 Carolina 29458\nsid 7D\nCeecheglh 7\n']","['C\n9369\n', 'RRD\nCR\nC\n33 C 29458\n7D\nC 7\n']","['WPC\n9369\n', 'C\nC\n33 C 29458\n7\nC 7\n']",modelv1.0__2026-05-17 21:21:18
D:/moth_photos/database\batch_13\img_moth_00025649.jpg,"[4000, 6000]",36.549019607843135,"['WPC\n9370\n', 'KBDominick\nMcClellnville\nSouth Carolina\n\n3Jun 190\nLichf o7\n']","['C\n9370\n', 'RD\nC\nC\n\n3 190\n7\n']","['WPC\n9370\n', 'C\nC\n\n3 190\n7\n']",modelv1.0__2026-05-17 21:21:18
D:/moth_photos/database\batch_13\img_moth_00025650.jpg,"[4000, 6000]",36.529411764705884,"['WPC\n9371\n', 'RBDominick\nCharlesREdwards\nMcClellanville\nSouthCarolina29458\n\nbTurteWF\nLight\n']","['C\n9371\n', 'RRD\nCR\nC\nC29458\n']","['WPC\n9371\n', 'C\nC\nC29458\n\nW\n']",modelv1.0__2026-05-17 21:21:18
D:/moth_photos/database\batch_13\img_moth_00025651.jpg,"[4000, 6000]",36.549019607843135,"['WPC\n9372\n', 'RB Dominick\nCharlesREdwards\nMcOlle llanville\nSouthCarolina29458\n2Ime719 70\nuiths\n']","['RC\n9372\n', 'R8 D\nCR\nC29458\n29719 70\n']","['WPC\n9372\n', '8\n\nC\nC29458\n29719 70\n']",modelv1.0__2026-05-17 21:21:18
D:/moth_photos/database\batch_13\img_moth_00025652.jpg,"[4000, 6000]",37.160000000000004,"['WPC\n9373\n', 'Tobecong\npore hype\n', 'onfosedh lominjchaa faised\n\naxodium i usn\n\nemerged W2 Dec Vay\nDominick 2X\n\ng McClellanvillep 7\n\nSouthCarolina\n', 'Broce Makiyt9 g\nA Lf M7eF\n']","['C\n9373\n', '7\n', '2 D\nD 2\n\nC 7\n\nC\n', '9\n7 7\n']","['WPC\n9373\n', '7\nP\n', 'W2\n2\n\nC 7\n\nC\n', '9\n7 7\n']",modelv1.0__2026-05-17 21:21:18
D:/moth_photos/database\batch_13\img_moth_00025653.jpg,"[4000, 6000]",37.120000000000005,"['WPC\n9374\n', 'TeKeow\npevatype\n', 'toWeyt eats\n\ntobigh\n\n13s oe a3 FA boa\nAstor fs\n1SSepfMecClellanville\n']","['C\n9374\n', '', '135 143 7\n1C\n']","['WPC\n9374\n', 'P\n', 'W\n\n135 143 P7\n1C\n']",modelv1.0__2026-05-17 21:21:18
D:/moth_photos/database\batch_13\img_moth_00025654.jpg,"[4000, 6000]",37.14,"['WPC\n9375\n', 'NDZOMINICI\nMcClellanville\nSouth Carolina\n\n27Ma 192\nHte8\n\nT beeon\n']","['RC\n9375\n', 'DC\nC\nC\n\n27 192\n8\n']","['WPC\n9375\n', 'C\nC\nC\n\n27 192\n8\n']",modelv1.0__2026-05-17 21:21:18
D:/moth_photos/database\batch_13\img_moth_00025655.jpg,"[4000, 6000]",36.56862745098039,"['WPC\n9376\n', 'VAYMCOAominickatiararsed\nOnVarxeooliumdictichun\nUnder artfieral Iight\nemerged2Rect471\n\nRBDominick2X\novr\n\nomnteniateinenns\nMcClellanville f R7\nSouthCarolina\n', 'perd ty pe\n']","['RC\n9376\n', 'CR\n2R471\nRRD2\n\nC R7\nC\n', '']","['WPC\n9376\n', 'PC\n2471\n2\n\nC 7\nC\n', 'P P\n']",modelv1.0__2026-05-17 21:21:18
D:/moth_photos/database\batch_13\img_moth_00025656.jpg,"[4000, 6000]",36.68627450980392,"['WPC\n9377\n', 'NDVOMIMNICE\nMcClellanville\npe 2caralin\n\npi\n\nto aa\npamlusae\n']","['C\n9377\n', 'DC\nC\n2\n\nD\n']","['WPC\n9377\n', 'C\nC\n2\n\nP\n']",modelv1.0__2026-05-17 21:21:18
D:/moth_photos/database\batch_13\img_moth_00025657.jpg,"[4000, 6000]",37.2,"['WPC\n9378\n', 'NOLOMIUIC\nMcClellanville\nSouthCarolin\n\n3Sept19\nghhoF\n']","['RC\n9378\n', '0C\nC\nC\n\n319\n']","['WPC\n9378\n', '0C\nC\nC\n\n319\n']",modelv1.0__2026-05-17 21:21:18
D:/moth_photos/database\batch_13\img_moth_00025658.jpg,"[4000, 6000]",37.24,"['WPC\n9379\n', 'RBDominicl\nMcClellanville\nSouthCarolin\n1197\nIgh o7\nfobe\n\nDattvav\n']","['C\n9379\n', 'RD\nC\nC\n1197\n7\n\nD\n']","['WPC\n9379\n', 'C\nC\n1197\n7\n']",modelv1.0__2026-05-17 21:21:18
D:/moth_photos/database\batch_13\img_moth_00025659.jpg,"[4000, 6000]",37.1,"['WPC\n9380\n', 'K5VomInick\nMcCleilanville\nSouthCarolina\n\nZIUKe1AYC\nmight Ov\n\nDaralyse\n']","['C\n9380\n', 'R5D\nC\nC\n\n21C\n\nD\n']","['WPC\n9380\n', '5\nC\nC\n\n21C\n']",modelv1.0__2026-05-17 21:21:18
D:/moth_photos/database\batch_13\img_moth_00025660.jpg,"[4000, 6000]",37.120000000000005,"['WPC\n9381\n', 'NBVominicl\nMcClellanville\n23m Carolin\n\n149\nhigh oO\nbecome\n\nDParvakvese\n']","['RC\n9381\n', 'RD\nC\n23 C\n\n149\n7\n\nD\n']","['WPC\n9381\n', 'C\n23 C\n\n149\n7\n\nP\n']",modelv1.0__2026-05-17 21:21:18
D:/moth_photos/database\batch_13\img_moth_00025661.jpg,"[4000, 6000]",36.8235294117647,"['WPC\n9382\n', 'NDLVOMINICK\nMcClellanville\nsouth Carolina\n\nPatatvyne\n']","['C\n9382\n', 'DC\nC\nC\n\nD\n']","['WPC\n9382\n', 'C\nC\nC\n\nP\n']",modelv1.0__2026-05-17 21:21:18
D:/moth_photos/database\batch_13\img_moth_00025662.jpg,"[4000, 6000]",37.22,"['WPC\n9383\n', 'eNM9SAZOTTLITLICR\nMcClellanville\nSouthCarolina\nMSAbOY\ntobeconx\n\nDamtuag\n']","['C\n9383\n', 'D9RCR\nC\nC\n\nD\n']","['WPC\n9383\n', '9C\nC\nC\n']",modelv1.0__2026-05-17 21:21:18
D:/moth_photos/database\batch_13\img_moth_00025663.jpg,"[4000, 6000]",37.24,"['WPC\n9384\n', 'KBVomInici\nMcClellanville\nSouthCarolin\n\n18May196\napy\nporatype\n']","['C\n9384\n', 'RD1\nC\nC\n\n18196\n']","['WPC\n9384\n', '1\nC\nC\n\n18196\n']",modelv1.0__2026-05-17 21:21:18
D:/moth_photos/database\batch_13\img_moth_00025664.jpg,"[4000, 6000]",36.509803921568626,"['WPC\n9385\n', 'NDVOMINICK\nMcClellanville\nSouthCarolina\n2May146\nLig or\n\nParatype\n\n']","['C\n9385\n', 'DC\nC\nC\n2146\n\n']","['WPC\n9385\n', 'C\nC\nC\n2146\n\nP\n\n']",modelv1.0__2026-05-17 21:21:18
D:/moth_photos/database\batch_13\img_moth_00025665.jpg,"[4000, 6000]",36.588235294117645,"['WPC\n9387\n', '', 'RBDominick\nMcClellanville\nSouthCarolina\n\n14May7B\nRiahoF\n']","['C\n9387\n', '', 'RRD\nC\nC\n\n1478\nR\n']","['WPC\n9387\n', '', 'C\nC\n\n14W78\n']",modelv1.0__2026-05-17 21:21:18
D:/moth_photos/database\batch_13\img_moth_00025666.jpg,"[4000, 6000]",36.549019607843135,"['WPC\n9386\n', 'KRBDominick\nMcClelianville\nSoutharolina\n\nane40\nime ov\n', 'De SYChIrae\ndo On yn ic kana\nDCFerguson\n']","['RC\n9386\n', 'RD\nC\n\n40\n', 'DD C\nDC\n']","['WPC\n9386\n', 'C\n\n40\n', 'C\nC\n']",modelv1.0__2026-05-17 21:21:18
D:/moth_photos/database\batch_13\img_moth_00025667.jpg,"[4000, 6000]",37.160000000000004,"['WPC\n9388\n', 'PAR TYPE\nDasy ira\n\ndominickane\nDCFergzuson\n', 'RBDominick\nMcClellanville\nSouthGarolina\n3Ock1969\nLightoy\n']","['C\n9388\n', 'R\nD\n\nDC\n', 'RRD\nC\n321969\n']","['WPC\n9388\n', 'P P\n\nCP\n', 'C\n321969\n']",modelv1.0__2026-05-17 21:21:18
D:/moth_photos/database\batch_13\img_moth_00025668.jpg,"[4000, 6000]",36.549019607843135,"['YPH\nDASYChirq\ndom Nickharra\nDCFerguson\n', 'WPC\n9389\n', 'RBDominick\nMcClellanville\nSouthFarolina\nLichho\n']","['R\nDC\nDC\n', 'C\n9389\n', 'RD\nC\n']","['P\nC\nC\n', 'WPC\n9389\n', 'C\n']",modelv1.0__2026-05-17 21:21:18
D:/moth_photos/database\batch_13\img_moth_00025669.jpg,"[4000, 6000]",37.0,"['WPC\n9390\n', 'PHOTOGRAPH\n\nDCFerguson\n', 'McClellanville\nSouth Carolina\nBDominick\n\n3 31968\n', 'ee RA YFe\n\nY DaSd 791 Chaar\nDCFerguson\n']","['C\n9390\n', 'CR\n\nDC\n', 'C\nC\nRD\n\n3 31968\n', 'R\n\nD 791 C\nDC\n']","['WPC\n9390\n', 'PCP\n\nPCP\n', 'C\nC\n\n3 31968\n', 'P\n\nP 791 C\nC\n']",modelv1.0__2026-05-17 21:21:18
D:/moth_photos/database\batch_13\img_moth_00025670.jpg,"[4000, 6000]",36.80392156862745,"['WPC\n9391\n', 'RKBDominick\nCharlesR 4\nMcClellanville\nSouthCarolina29458e\nRjunesHes\nZ1SAaAdg\n', '', 'DMBC00338\nRICHARDBDOMINICK\n\nMOTHBUTTERFLYCOLLECTION\n\nUNIVERSITYOFSOUTHCAROLINA\n']","['C\n9391\n', 'RRD\nCR 4\nC\nC29458\nR3\n21\n', '', 'DC00338\nRCRDDCC\n\nRCC\n\nR0CR\n']","['WPC\n9391\n', 'C 4\nC\nC29458\n3\n21\n', '', 'C00338\nCCC\n\nCC\n\n0C\n']",modelv1.0__2026-05-17 21:21:18
D:/moth_photos/database\batch_13\img_moth_00025671.jpg,"[4000, 6000]",37.22,"['WPC\n9392\n', 'RBDominick\nCharlesREdwards\nMcClellanville\nSouthCarolina\n\nLusiphNe\nhitht2\n', 'pOrora ia\nbasiGRca\nSIZ2\n', 'DMBC00337\nRICHARDBDOMINICK\n\nMOTHBUTTERFLYCOLLECTION\nUNIVERSITYOFSOUTHCARQLINA\n']","['C\n9392\n', 'RD\nCR\nC\nC\n\n2\n', 'R\n22\n', 'DC00337\nRCRD8DC\n\nRCC\nRCR\n']","['WPC\n9392\n', 'C\nC\nC\n\n2\n', '22\n', 'C00337\nC8WC\n\nCC\nC\n']",modelv1.0__2026-05-17 21:21:18
D:/moth_photos/database\batch_13\img_moth_00025672.jpg,"[4000, 6000]",36.68627450980392,"['WPC\n9393\n', 'RBDominick\n\nCharlesR oe\n\nMcClellanville\n\nSoutACarolina 29458\nGMan1968\nLIiGh\n', 'j\nrorya\nsf I er\n\nneridienalis\n\n395Z\n', '']","['C\n9393\n', 'RRD\n\nCR\n\nC\n\nRC 29458\n1968\nC\n', '3957\n', '']","['WPC\n9393\n', 'C\n\nC\n\nC 29458\n1968\nC\n', '3957\n', '']",modelv1.0__2026-05-17 21:21:18
D:/moth_photos/database\batch_13\img_moth_00025673.jpg,"[4000, 6000]",36.7843137254902,"['WPC\n9394\n', 'RRDominick\n\nCharlesREdwards7\n\nMcClellanville\n\nSoutlCarolina29458\n49Teune9b\nLtcht\n', 'faro Je\nbs 5i y on\n\nneridienaf S\n3952\n', 'UDMBC00335\nRICHARDBDOMINICK\n\nMOTH8BUTTERFLYCOLLECTION\n\nUNIVERSITYOFSOUTHCAROLINA\n']","['C\n9394\n', 'RRD\n\nCR7\n\nC\n\nC29458\n4996\nC\n', '6 5\n\n3952\n', 'DC00335\nRCRD8DC\n\n8RCC\n\nRCR\n']","['WPC\n9394\n', 'C7\n\nC\n\nC29458\n4996\nC\n', '6 5\n\n3952\n', 'C00335\nC8C\n\n8CC\n\nC\n']",modelv1.0__2026-05-17 21:21:18
D:/moth_photos/database\batch_13\img_moth_00025674.jpg,"[4000, 6000]",37.120000000000005,"['WPC\n9395\n', 'RBDominick\nCharlesREdwards\nMcClellanville\nSoutCarolina29458\nab ran Be\nJycha\n', 'FATOIRUIR\nbasigfavey\nneniddona hs\n29TH\n', 'DMBC00334\nRICHARDBDOMINICK\n\nMOTH8BUTTERFLYCOLLECTION\nUNIVERSITYOFSOUTHCAROLINA\n\n']","['C\n9395\n', 'RRD\nCR\nC\nC29458\n26 7\nC\n', 'RR\n5\n2954\n', 'DC00334\nRCRD8DC\n\n8RRCC\nRCR\n\n']","['WPC\n9395\n', 'C\nC\nC29458\n26 W7\nC\n', '5\n2954\n', 'PC00334\nC8C\n\n8CC\nC\n\n']",modelv1.0__2026-05-17 21:21:18
D:/moth_photos/database\batch_13\img_moth_00025675.jpg,"[4000, 6000]",37.2,"['WPC\n9396\n', 'DbVominicl\nMcClellanville\n\nae\n', 'Leriene7\n', 'DMBC00333\nRICHARDBDOMINICK\nMOTH8BUTTERFLYCOLLECTION\n\nUNIVERSITYOFSOUTHCAROLINA\n']","['C\n9396\n', 'D\nC\n', '7\n', 'DC00333\nRCRD8DC\n8RCC\n\nRCR\n']","['WPC\n9396\n', 'C\n', 'P7\n', 'PC00333\nC8C\n8PCC\n\nC\n']",modelv1.0__2026-05-17 21:21:18
D:/moth_photos/database\batch_13\img_moth_00025676.jpg,"[4000, 6000]",36.705882352941174,"['SOUTHCAROLI\nWedgePlantation\nMcClellanwille\nNovS196Y\n\nDCFerguson\n', 'Rearedexovoon\nQueleus\nCOcciImnea\n', 'WPC\n9397\n', 'tp\nanqey\n']","['CR\nC\n196\n\nDC\n', 'R0\nCC\n', 'C\n9397\n', 'D\n']","['C\nWP\nC\n196\n\nCP\n', '0\nCC\n', 'WPC\n9397\n', '']",modelv1.0__2026-05-17 21:21:18
D:/moth_photos/database\batch_13\img_moth_00025677.jpg,"[4000, 6000]",37.22,"['Rearedexovoon\nQuereus\nCoccimea\n', 'SOUTHCAROLINAefe\nWedgePlantation\nMcClellanville\n\nNov201968\n\nDCFerguson\n', 'arory 1a\nleuco\n2q5Z\n', 'WPC\n9398\n']","['R\nD\nC\n', 'CRC\nC\n201968\n\nDC\n', '1\n2457\n', 'C\n9398\n']","['C\n', 'CC\nWP\nC\n\n201968\n\nCP\n', '1\n2457\n', 'WPC\n9398\n']",modelv1.0__2026-05-17 21:21:18
D:/moth_photos/database\batch_13\img_moth_00025678.jpg,"[4000, 6000]",36.84313725490196,"['PC\n9399\n', 'XDeMOTMIATIANA\nharlesREdwards\n\nAcClellanville\nsouthCarolina\n\nfAlug1977\nmwaT a e\n']","['RC\n9399\n', 'D\nR\n\nC\nC\n\n1977\n']","['PC\n9399\n', 'W\n\nC\nC\n\n1977\n']",modelv1.0__2026-05-17 21:21:18
D:/moth_photos/database\batch_13\img_moth_00025679.jpg,"[4000, 6000]",36.64705882352941,"['WPC\n9443\n', '53 Paiibes or\nipa LXSep\nra BDomi slphids\ns CharlesREdwards mans\nMcClellanville he\nSouthCarolina 7 at\n']","['C\n9443\n', '53\nRD\nCR\nC\nC 7\n']","['WPC\n9443\n', '53 P\n\nC\nC\n\nC 7\n']",modelv1.0__2026-05-17 21:21:18
D:/moth_photos/database\batch_13\img_moth_00025680.jpg,"[4000, 6000]",37.15686274509804,"['WPC\n9400\n', 'McClellanville\nSouthCarolina\nCharlesREdwards\n\nhQus J9L7\nArShr\n', '']","['C\n9400\n', 'C\nC\nCR\n\nD 97\n', '']","['WPC\n9400\n', 'C\nC\nC\n\n97\n', '']",modelv1.0__2026-05-17 21:21:18
D:/moth_photos/database\batch_13\img_moth_00025681.jpg,"[4000, 6000]",36.8235294117647,"['WPC\n9444\n', '1OsemMmqKBVominicKk\nCharlesREdwards\n\nyeas ICR McClellanville\n\nSvondf 72SoutifCarolinay\n\nlawaoyR\nemuged Los Sept1172\n']","['C\n9444\n', '10\nCR\n\nCR C\n\n720C\n\nR\n2 1172\n']","['WPC\n9444\n', '10\nC\n\nC C\n\n720C\n\n2 1172\n']",modelv1.0__2026-05-17 21:21:18
D:/moth_photos/database\batch_13\img_moth_00025682.jpg,"[4000, 6000]",36.84313725490196,"['WPC\n9401\n', 'McClellanville\nSouthCarolina\nCharlesREdwards e\n\n49h73\n', '']","['C\n9401\n', 'C\nC\nCR\n\n4973\n', '']","['WPC\n9401\n', 'C\nC\nC\n\n4973\n', '']",modelv1.0__2026-05-17 21:21:18
D:/moth_photos/database\batch_13\img_moth_00025683.jpg,"[4000, 6000]",36.72549019607843,"['WPC\n9445\n', 'McClellanvilie\nae Carolina\nDominick\n\nSMey368\n']","['C\n9445\n', 'C\nC\nD\n\n368\n']","['WPC\n9445\n', 'C\nC\n\n368\n']",modelv1.0__2026-05-17 21:21:18
D:/moth_photos/database\batch_13\img_moth_00025684.jpg,"[4000, 6000]",36.7843137254902,"['WPC\n9402\n', 'McClellanville\nSouthCarolina\nChariesREdwards\n\n4ZAAU4947\nLiga o7\n', '']","['C\n9402\n', 'C\nC\nCR\n\n424947\n7\n', '']","['WPC\n9402\n', 'C\nC\nC\n\n424947\n7\n', '']",modelv1.0__2026-05-17 21:21:18
D:/moth_photos/database\batch_13\img_moth_00025685.jpg,"[4000, 6000]",36.529411764705884,"['WPC\n9446\n', 'SSeeSq\n24 April1967\nCauchtOe\n']","['RC\n9446\n', '24 1967\nC\n']","['WPC\n9446\n', '24 1967\nC\n']",modelv1.0__2026-05-17 21:21:18
D:/moth_photos/database\batch_13\img_moth_00025686.jpg,"[4000, 6000]",36.7843137254902,"['WPC\n9403\n', 'RBDominick\nCharlesREdwards\nMcClelianville JS\nSouthCarofna29458\n\nASAPRIGCF\nLsGat\n', '', 'DMBC00912\nRICHARDBDOMINICK\nMOTH8BUTTERFLYCOLLECTION\n\nUNIVERSITYOFSOUTHCAROLINA\n']","['C\n9403\n', 'RD\nCR\nC\nC29458\n\n4RC\nC\n', '', 'DC00912\nRCRD8DC\n8RRCC\n\nRCR\n']","['WPC\n9403\n', 'C\nC\nC29458\n\n4PC\nC\n', '', 'PC00912\nC8C\n8PCC\n\nC\n']",modelv1.0__2026-05-17 21:21:18
D:/moth_photos/database\batch_13\img_moth_00025687.jpg,"[4000, 6000]",37.2,"['WPC\n9447\n', 'RBDominick\nChariesREdwards\nMcCleldanville\n\n2OSepts9Q7\nLISA\n']","['C\n9447\n', 'RD\nCR\nC\n\n2697\n']","['WPC\n9447\n', 'C\nC\n\n2697\n']",modelv1.0__2026-05-17 21:21:18
D:/moth_photos/database\batch_13\img_moth_00025688.jpg,"[4000, 6000]",36.64705882352941,"['WPC\n9404\n', 'McClellanville\nSouthCarolina\nharle sRaEdwards\n\n3 sag SH\nbead r\n']","['C\n9404\n', 'C\nC\nR\n\n3 59\n']","['WPC\n9404\n', 'C\nC\n\n3 59\n']",modelv1.0__2026-05-17 21:21:18
D:/moth_photos/database\batch_13\img_moth_00025689.jpg,"[4000, 6000]",36.90196078431373,"['WPC\n9448\n', 'RBDominick\nSharlesR Edwanis\nMcClellanville\nSouthCarolina29458\nRZTune1963\n\nLtsf4t\n']","['C\n9448\n', 'RD\nR\nC\nC29458\nRD1963\n\n4\n']","['WPC\n9448\n', 'C\nC29458\n1963\n\n4\n']",modelv1.0__2026-05-17 21:21:18
D:/moth_photos/database\batch_13\img_moth_00025690.jpg,"[4000, 6000]",36.90196078431373,"['WPC\n9405\n', '', 'McClellanville\nSouthCarolina\nRBDominick\n\n7 SY Wie\n\n']","['C\n9405\n', '', 'C\nC\nRRD\n\n7 57\n\n']","['WPC\n9405\n', '', 'C\nC\n\n7 57 W\n\n']",modelv1.0__2026-05-17 21:21:18
D:/moth_photos/database\batch_13\img_moth_00025691.jpg,"[4000, 6000]",36.68627450980392,"['McClellanville\nSouthCarolina\nCharlesREdwards\n\nqo MG 197\n', 'WPC\n9449\n']","['C\nC\nCR\n\n197\n', 'C\n9449\n']","['C\nC\nC\n\n197\n', 'WPC\n9449\n']",modelv1.0__2026-05-17 21:21:18
D:/moth_photos/database\batch_13\img_moth_00025692.jpg,"[4000, 6000]",36.84313725490196,"['WPC\n9406\n', '', 'McClellanville\nSouth Carolina on\nBDomjnick\n\nRE AY 1966\n']","['RC\n9406\n', '', 'C\nC\nRD\n\n2 1966\n']","['WPC\n9406\n', '', 'C\nC\n\n2 1966\n']",modelv1.0__2026-05-17 21:21:18
D:/moth_photos/database\batch_13\img_moth_00025693.jpg,"[4000, 6000]",37.1,"['McClellanville\ngoutn Carolina ia\n\nI5 hityG 17\n', 'WPC\n9450\n']","['C\nC\n\n5 C 17\n', 'C\n9450\n']","['C\nC\n\n5 C 17\n', 'WPC\n9450\n']",modelv1.0__2026-05-17 21:21:18
D:/moth_photos/database\batch_13\img_moth_00025694.jpg,"[4000, 6000]",36.705882352941174,"['WPC\n9407\n', 'McClellanville\nSouth Carolina\nDominick\n\n4 f fBilgyt166\n']","['C\n9407\n', 'C\nC\nD\n\n4 166\n']","['WPC\n9407\n', 'C\nC\n\n4 P166\n']",modelv1.0__2026-05-17 21:21:18
D:/moth_photos/database\batch_13\img_moth_00025695.jpg,"[4000, 6000]",36.9607843137255,"['WPC\n9451\n', 'McClellanville\nSouthCarolina\nDBominick\n\nJ BBB j\n14Hag1466\n']","['C\n9451\n', 'C\nC\nD\n\nRR\n141466\n']","['WPC\n9451\n', 'C\nC\n\n141466\n']",modelv1.0__2026-05-17 21:21:18
D:/moth_photos/database\batch_13\img_moth_00025696.jpg,"[4000, 6000]",36.509803921568626,"['WPC\n9408\n', 'McClellanville\n\naay GeMJ966\n', 'McClellanville\nSouthCarolina\n\nB inick\nyFiBDominick\n']","['C\n9408\n', 'C\n\n966\n', 'C\nC\n\nRD\n']","['WPC\n9408\n', 'C\n\n966\n', 'C\nC\n\nP\n']",modelv1.0__2026-05-17 21:21:18
D:/moth_photos/database\batch_13\img_moth_00025697.jpg,"[4000, 6000]",36.627450980392155,"['WPCC\n9452\n', 'CharlesREdwards\nMcClellanville\nSouthCarvlina29458\n\n26Jane196F\nUuUGAK\n']","['RC\n9452\n', 'CR\nC\nC29458\n\n26196\n6\n']","['WPCC\n9452\n', 'C\nC\nC29458\n\n26196\n6\n']",modelv1.0__2026-05-17 21:21:18
D:/moth_photos/database\batch_13\img_moth_00025698.jpg,"[4000, 6000]",36.7843137254902,"['WPC\n9409\n', 'McClellanville\nSouthCarolina\n']","['C\n9409\n', 'C\nC\n']","['WPC\n9409\n', 'C\nC\n']",modelv1.0__2026-05-17 21:21:18
D:/moth_photos/database\batch_13\img_moth_00025699.jpg,"[4000, 6000]",36.94117647058823,"['WPC\n9453\n', 'RBDominick\nY CharlesREdwards\n\nMcClellanville\n\nSouth Carolina 29458\n\nSept1947\nLslip\n']","['C\n9453\n', 'RD\nCR\n\nC\n\nC 29458\n\n51947\nD\n']","['WPC\n9453\n', 'C\nC\nC 29458\n\n51947\n']",modelv1.0__2026-05-17 21:21:18
D:/moth_photos/database\batch_13\img_moth_00025700.jpg,"[4000, 6000]",37.22,"['WPC\n9410\n', 'icClellanville\nsouthCarolina\n\nibiyge\n\nLy\n']","['C\n9410\n', 'C\n0C\n']","['WPC\n9410\n', 'C\n0C\n']",modelv1.0__2026-05-17 21:21:18
D:/moth_photos/database\batch_13\img_moth_00025701.jpg,"[4000, 6000]",36.588235294117645,"['WPC\n9454\n', 'RBDominick\n\nCharlesREdwards\n\nMcClellanville\nSouthCarolina29458\n\n29flus9L7\n1K\n']","['C\n9454\n', 'RRD\n\nCR\n\nC\nC29458\n\n29967\n1\n']","['WPC\n9454\n', 'C\nC\nC29458\n\n29967\n1P\n']",modelv1.0__2026-05-17 21:21:18
D:/moth_photos/database\batch_13\img_moth_00025702.jpg,"[4000, 6000]",37.03921568627451,"['WPC\n9411\n', 'soe\nRBDominick\n\nMcClennanv ille\nhCarolina\n\ntie 197\nrabfor\n']","['C\n9411\n', 'RRD\n\nC\nC4\n\nR 197\n']","['WPC\n9411\n', 'C\nC4\n\n197\nP\n']",modelv1.0__2026-05-17 21:21:18
D:/moth_photos/database\batch_13\img_moth_00025703.jpg,"[4000, 6000]",36.666666666666664,"['WPC\n9455\n', 'Vries\n\n', 'pense a ov\npT\n\ncig mifiick 92 a\n\nCharlesREdwards wv\nMcClellanville hep\nSouthCarolina i te\n']","['RC\n9455\n', '', 'R\nC\n\n92\n\nCR\nC\nC\n']","['WPC\n9455\n', 'W\n\n', 'C\n\n92\n\nC\nC\nC\n']",modelv1.0__2026-05-17 21:21:18
D:/moth_photos/database\batch_13\img_moth_00025704.jpg,"[4000, 6000]",36.68627450980392,"['WPC\n9412\n', 'McClellanville\nSouthCarolina\n\nRBDominick\nIioA vgM2ee\nLight\n\n']","['C\n9412\n', 'C\nC\n\nRRD\n2\n\n']","['WPC\n9412\n', 'WC\nC\n2\n\n']",modelv1.0__2026-05-17 21:21:18
D:/moth_photos/database\batch_13\img_moth_00025705.jpg,"[4000, 6000]",36.6078431372549,"['WPC\n9456\n', 'Mc Clellanville\nSouth Carolina f\nRBDominick\n\n7 play18 194\n']","['C\n9456\n', 'C\nC\nRRD\n\n7 18 194\n']","['WPC\n9456\n', 'C\nC\n\n7 P18 194\n']",modelv1.0__2026-05-17 21:21:18
D:/moth_photos/database\batch_13\img_moth_00025706.jpg,"[4000, 6000]",36.90196078431373,"['RBDominick\n\nCharlesREdwardis\nMcClellanville So\nSouthCarolina 29458\n\nS47 FCF\nZroget\n', 'WPC\n9457\n']","['RD\n\nCR\nC\nC 29458\n\n47 9C\nC\n', 'RC\n9457\n']","['C\nC\nC 29458\n\n47 9C\nC\n', 'WPC\n9457\n']",modelv1.0__2026-05-17 21:21:18
D:/moth_photos/database\batch_13\img_moth_00025707.jpg,"[4000, 6000]",37.03921568627451,"['WPC\n9414\n', 'SOUTHCAROLINA\nWedgePlantation\nMcClellanville\nAugustDO1968\nDCFerguson\n']","['C\n9414\n', 'CRC\nC\nD1968\nDC\n']","['WPC\n9414\n', 'CC\nWP\nC\n1968\nC\n']",modelv1.0__2026-05-17 21:21:18
D:/moth_photos/database\batch_13\img_moth_00025708.jpg,"[4000, 6000]",36.588235294117645,"['RBDominick\nChariesREdward\nMcClellanville\nSouthCarolina 29458\nfom Sb6e\nsfse aA\n', 'WPC\n9458\n']","['RRD\nCR\nC\nC 29458\n6\n', 'C\n9458\n']","['C\nC\nC 29458\n6\n', 'WPC\n9458\n']",modelv1.0__2026-05-17 21:21:18
D:/moth_photos/database\batch_13\img_moth_00025709.jpg,"[4000, 6000]",36.6078431372549,"['WPC\n9413\n', 'McClellanville\nSouthCarojina\nR minick\n\nAbAyg6\n']","['RC\n9413\n', 'C\nC\nR\n\n6\n']","['WPC\n9413\n', 'C\nC\n\n6\n']",modelv1.0__2026-05-17 21:21:18
D:/moth_photos/database\batch_13\img_moth_00025710.jpg,"[4000, 6000]",36.94117647058823,"['WPC\n9459\n', '2BDominick\nCharlesREdwards\nMcCfellanville\nSouthCarolina29458\n\n4Ayr1G48\nAiSaL\n']","['C\n9459\n', '2RD\nCR\nC\n0C29458\n\n4R1948\n1\n']","['WPC\n9459\n', '2\nC\nC\n0C29458\n\n41948\n1\n']",modelv1.0__2026-05-17 21:21:18
D:/moth_photos/database\batch_13\img_moth_00025711.jpg,"[4000, 6000]",36.98039215686274,"['WPC\n9415\n', 'McCUilellianville\nSouthCarolina\n\ne ds rave\n\noe\n\n']","['C\n9415\n', 'C\nC\n\n']","['WPC\n9415\n', 'C\nC\n\n']",modelv1.0__2026-05-17 21:21:18
D:/moth_photos/database\batch_13\img_moth_00025712.jpg,"[4000, 6000]",36.666666666666664,"['WPC\n9460\n', 'RBDominick\nChgrlesREdwards\nMcClellanville\nSouthCarolina29458\n\nSBAAR196P\nLigky\n']","['RC\n9460\n', 'RRD\nCR\nC\nC29458\n\n2RR1967\n']","['WPC\n9460\n', 'C\nC\nC29458\n\n2196P\n']",modelv1.0__2026-05-17 21:21:18
D:/moth_photos/database\batch_13\img_moth_00025713.jpg,"[4000, 6000]",37.0,"['WPC\n9416\n', 'RBDominick\nCharlesR Edwagis\nMcCleklanville\nSouth Carolina\n\n25hugiGQO\nfod o7\n']","['C\n9416\n', 'RD\nCR\nC\nC\n\n25\n3 7\n']","['WPC\n9416\n', 'C\nC\nC\n\n25\n3 7\n']",modelv1.0__2026-05-17 21:21:18
D:/moth_photos/database\batch_13\img_moth_00025714.jpg,"[4000, 6000]",36.92156862745098,"['WPC\n9461\n', 'McClellanville\nSovtthCapolina29458\n\nJOct1967\n\n1iint\n\nRBDominick\n4 CharlesREdwards\n']","['C\n9461\n', 'C\nC29458\n\n1967\n\n1\n\nRRD\n4 CR\n']","['WPC\n9461\n', 'C\nC29458\n\n1967\n\n1\n\n4 C\n']",modelv1.0__2026-05-17 21:21:18
D:/moth_photos/database\batch_13\img_moth_00025715.jpg,"[4000, 6000]",36.86274509803921,"['WPC\n9417\n', 'RBDominick\nCharlesREdwards\nMcClellanville\nSguthCarolina29458\n2LFTAPRIVLS\nLIGAt\n']","['C\n9417\n', 'RRD\nCR\nC\nC29458\n2RD\nC6\n']","['WPC\n9417\n', 'C\nC\nC29458\n2P\nC6\n']",modelv1.0__2026-05-17 21:21:18
D:/moth_photos/database\batch_13\img_moth_00025716.jpg,"[4000, 6000]",37.14,"['WPC\n9462\n', 'RBDominick\n\nCharlesREdwards\n\nMcClellanville\nSouthCarolina29458\n\naATDec1F67\nLisht\n']","['C\n9462\n', 'RD\n\nCR\n\nC\nC29458\n\nD1967\n']","['WPC\n9462\n', 'C\nC\nC29458\n\n1967\n']",modelv1.0__2026-05-17 21:21:18
D:/moth_photos/database\batch_13\img_moth_00025717.jpg,"[4000, 6000]",36.86274509803921,"['WPC\n9418\n', 'MEnCarolingO\nRB Dominick\nfa ug 2 71967\nLight\n', 'McClellanville ot\nSouthCarolina\nRBDominick\nec a\n\nrr\n']","['C\n9418\n', 'C\nR8 D\n2 71967\n', 'C\nC\nRD\n']","['WPC\n9418\n', 'C\n8\n2 71967\n', 'C\nC\n']",modelv1.0__2026-05-17 21:21:18
D:/moth_photos/database\batch_13\img_moth_00025718.jpg,"[4000, 6000]",36.627450980392155,"['WPC\n9463\n', 'McClellanville\nSouthCarolina L\nRBDominick\n\n3 set 49laT7\nLt r\n']","['C\n9463\n', 'C\nC\nRRD\n\n3 4 497\n']","['WPC\n9463\n', 'C\nC\nP\n\n3 4 497\n']",modelv1.0__2026-05-17 21:21:18
D:/moth_photos/database\batch_13\img_moth_00025719.jpg,"[4000, 6000]",36.76470588235294,"['WPC\n9419\n', 'McClellanville\nSouthCarolina\n\nRBDominick e\nag 1966\n']","['C\n9419\n', 'C\nC\n\nRRD\n1966\n']","['WPC\n9419\n', 'C\nC\n\n1966\n']",modelv1.0__2026-05-17 21:21:18
D:/moth_photos/database\batch_13\img_moth_00025720.jpg,"[4000, 6000]",36.64705882352941,"['WPC\n9464\n', '2BDominick\nSharlesREdwards\nMcClellanville\nSouthCdrolina29458\n\n3i1an1767\n']","['C\n9464\n', '2RD\nR\nC\n0C29458\n\n311767\n']","['WPC\n9464\n', '2\nC\n0C29458\n\n311767\n']",modelv1.0__2026-05-17 21:21:18
D:/moth_photos/database\batch_13\img_moth_00025721.jpg,"[4000, 6000]",36.90196078431373,"['WPC\n9420\n', 'McClellanville\nSouthCarolina\nBRominick\n\nSHus1966\nhe\n', 'McClellanville\nSouthCarolina\nRBRominick\n']","['C\n9420\n', 'C\nC\nR\n\n31966\n', 'C\nC\nRRR\n']","['WPC\n9420\n', 'C\nC\n\n31966\n', 'C\nC\n']",modelv1.0__2026-05-17 21:21:18
D:/moth_photos/database\batch_13\img_moth_00025722.jpg,"[4000, 6000]",36.64705882352941,"['WPC\n9465\n', 'Mc Clellanville\nSouthCarolina\nRBDominick\n']","['C\n9465\n', 'C\nC\nRD\n']","['WPC\n9465\n', 'C\nC\n']",modelv1.0__2026-05-17 21:21:18
D:/moth_photos/database\batch_13\img_moth_00025723.jpg,"[4000, 6000]",36.98039215686274,"['WPC\n9421\n', 'McClellanville\nSouth Carolina\nBDominick as\n\n8Meu q67\nL wht pel\n']","['C\n9421\n', 'C\nC\nRD\n\n8 467\n']","['WPC\n9421\n', 'C\nC\n\n8 467\n']",modelv1.0__2026-05-17 21:21:18
D:/moth_photos/database\batch_13\img_moth_00025724.jpg,"[4000, 6000]",37.2,"['WPC\n9466\n', 'McClellanville 7 7\nSouthCarolina\nRBDominick\n\n8st I6\n\nLote\n']","['C\n9466\n', 'C 7 7\nC\nRRD\n\n8 6\n']","['WPC\n9466\n', 'C 7 7\nC\n\n8 6\n']",modelv1.0__2026-05-17 21:21:18
D:/moth_photos/database\batch_13\img_moth_00025725.jpg,"[4000, 6000]",37.05882352941176,"['WPC\n9422\n', 'McClellanville\nSouthCarolina\nRBeDominick\n\nbSenf4b\n']","['C\n9422\n', 'C\nC\nRRD\n\n46\n']","['WPC\n9422\n', 'C\nC\nP\n\n46\n']",modelv1.0__2026-05-17 21:21:18
D:/moth_photos/database\batch_13\img_moth_00025726.jpg,"[4000, 6000]",36.80392156862745,"['WPC\n9467\n', 'RBDominick\nCharlesREdwards\nMcGlellanville\nSouthCarolina29458\n\nJOngr3\nLei 968\n']","['C\n9467\n', 'RRD\nCR\nC29458\n\n03\n968\n']","['WPC\n9467\n', 'C\nC29458\n\n03\n968\n']",modelv1.0__2026-05-17 21:21:18
D:/moth_photos/database\batch_13\img_moth_00025727.jpg,"[4000, 6000]",37.03921568627451,"['WPC\n9423\n', 'RBDominick\n\nCharlesREdwards\nMCleflanville\n\nSouthCarolina29458\n\nHEOK1967\n']","['RC\n9423\n', 'RRD\n\nCR\nC\n\nC29458\n\n1967\n']","['WPC\n9423\n', 'C\nC\nC29458\n\n1967\n']",modelv1.0__2026-05-17 21:21:18
D:/moth_photos/database\batch_13\img_moth_00025728.jpg,"[4000, 6000]",36.68627450980392,"['WPC\n9468\n', 'RRDominick\nCharlesREdwards\nMeOPnanville\nSquth Garolina29458\n\nyvd Ws i1\n\nLiah\n']","['C\n9468\n', 'RRD\nCR\nC\nC29458\n\n1\n']","['WPC\n9468\n', 'P\nC\nCP\nC29458\n\nWW 1\n']",modelv1.0__2026-05-17 21:21:18
D:/moth_photos/database\batch_13\img_moth_00025729.jpg,"[4000, 6000]",36.7843137254902,"['WPC\n9424\n', 'ee\nMcClellanville\nSouthCarolina 3\nRBDominick\n\n13Yune767\nLight cee\n']","['C\n9424\n', 'CC\nC\nC 3\nRRD\n\n13767\nC\n']","['WPC\n9424\n', 'CC\nC\nC 3\n\n13767\nC\n']",modelv1.0__2026-05-17 21:21:18
D:/moth_photos/database\batch_13\img_moth_00025730.jpg,"[4000, 6000]",36.529411764705884,"['WPC\n9469\n', 'McClellanville i\nSouthCarolina cst\nRBDominick\n\nSSM\n5Aug14\n']","['RC\n9469\n', 'C\nC\nRRD\n\n3\n514\n']","['WPC\n9469\n', 'C\nC\n\n3\n514\n']",modelv1.0__2026-05-17 21:21:18
D:/moth_photos/database\batch_13\img_moth_00025731.jpg,"[4000, 6000]",37.15686274509804,"['WPC\n9425\n', 'RBWominick\nCharlesREdwards\nMcClelWanville\nSouth Carolina29458\n\nCAigrra67\n']","['C\n9425\n', 'RRD\nCR\nC\nD C29458\n\nC067\n']","['WPC\n9425\n', 'W\nC\nCW\nC29458\n\nC067\n']",modelv1.0__2026-05-17 21:21:18
D:/moth_photos/database\batch_13\img_moth_00025732.jpg,"[4000, 6000]",36.8235294117647,"['WRC\n9470\n', 'McClellanville\nSouthCarolina Co\nRBDominick\n\n1FFureVIt7\nAiyhr DE\n']","['RC\n9470\n', 'C\nC\nRRD\n\n177\nD\n']","['WPC\n9470\n', 'C\nC\n\n1P77\n']",modelv1.0__2026-05-17 21:21:18
D:/moth_photos/database\batch_13\img_moth_00025733.jpg,"[4000, 6000]",37.01960784313725,"['WPC\n9426\n', 'McClellanvidle\nSay Carolina\nB Lys\n\nAge Y1962\n']","['C\n9426\n', 'C\nC C\n\n1962\n']","['WPC\n9426\n', 'C\nC C\n\n1962\n']",modelv1.0__2026-05-17 21:21:18
D:/moth_photos/database\batch_13\img_moth_00025734.jpg,"[4000, 6000]",36.56862745098039,"['WPC\n9471\n', 'McClellanville\nSouthCarolina\nRBDominick\n\nAta\n']","['C\n9471\n', 'C\nC\nRRD\n']","['WPC\n9471\n', 'C\nC\n']",modelv1.0__2026-05-17 21:21:18
D:/moth_photos/database\batch_13\img_moth_00025735.jpg,"[4000, 6000]",37.01960784313725,"['WPC\n9427\n', 'McClellanville\nSouth Carolina Q\n\nSupt 196\n']","['C\n9427\n', 'C\nC\n\n196\n']","['WPC\n9427\n', 'C\nC\n\n196\n']",modelv1.0__2026-05-17 21:21:18
D:/moth_photos/database\batch_13\img_moth_00025736.jpg,"[4000, 6000]",36.63461538461539,"['WPC\n9472\n', 'Mc Clellanville 6\nSouthCarolina a\nRBDominick\n\nJOfhugI762\nLIK\n', 'ee\n\nMcClellanville\nSouthCarolina\nRBDominick\n']","['C\n9472\n', 'C 6\nC\nRRD\n\n0762\n', 'CC\n\nC\nC\nRD\n']","['WPC\n9472\n', 'C 6\nC\n\n0762\n', 'CC\n\nC\nC\n']",modelv1.0__2026-05-17 21:21:18
D:/moth_photos/database\batch_13\img_moth_00025737.jpg,"[4000, 6000]",37.19607843137255,"['WPC\n9428\n', 'RBDominick\nCharlesR EdwardsG\nMcfFlellanville\nSouthCarolina29458\n\nby\n47Sulo19\n']","['C\n9428\n', 'RRD\nCR\nC29458\n\n3\n47519\n']","['WPC\n9428\n', 'C\nC29458\n\n3\n47519\n']",modelv1.0__2026-05-17 21:21:18
D:/moth_photos/database\batch_13\img_moth_00025738.jpg,"[4000, 6000]",36.72549019607843,"['WPC\n9473\n', 'McClellanville\nSouth Carolina\nBDominick\n\n30 Sept 1167\n\nlah\n']","['C\n9473\n', 'C\nC\nD\n\n30 1167\n']","['WPC\n9473\n', 'C\nC\n\n30 1167\n']",modelv1.0__2026-05-17 21:21:18
D:/moth_photos/database\batch_13\img_moth_00025739.jpg,"[4000, 6000]",36.88235294117647,"['WPC\n9429\n', 'RBDominick\nCharlesREdward\n\nMcClellanville\nSouthCarolina 29458\n\n44 Sed L769\nLtpakd\n']","['C\n9429\n', 'RD\nCR\n\nC\nC 29458\n\n44 D 1769\n']","['WPC\n9429\n', 'C\n\nC\nC 29458\n\n44 1769\n']",modelv1.0__2026-05-17 21:21:18
D:/moth_photos/database\batch_13\img_moth_00025740.jpg,"[4000, 6000]",36.549019607843135,"['WPC\n9474\n', 'McClellanville\nSouth Carolina\nDaminick\n\n30 SOA167\nLigh\n']","['C\n9474\n', 'C\nC\nD\n\n30 167\n']","['WPC\n9474\n', 'C\nC\n\n30 167\n']",modelv1.0__2026-05-17 21:21:18
D:/moth_photos/database\batch_13\img_moth_00025741.jpg,"[4000, 6000]",36.666666666666664,"['WPC\n9430\n', 'McClellanville\nSouthCarolina\nharles R Edwards\n\n7 rE 9L7\n2\n']","['C\n9430\n', 'C\nC\nR\n\n7 947\n2\n']","['WPC\n9430\n', 'C\nC\n\n7 947\n2\n']",modelv1.0__2026-05-17 21:21:18
D:/moth_photos/database\batch_13\img_moth_00025742.jpg,"[4000, 6000]",37.24,"['WPC\n9475\n', 'McClellanville\nSouth Carolina loli\nBeDominick\n\nO Yu LegglFE y\n', 'McClellanville\nSouthCarolina 7\nR BDominick\n']","['C\n9475\n', 'C\nC\nRD\n\n0 6\n', 'C\nC 7\nR D\n']","['WPC\n9475\n', 'C\nC\n\n0 W P6\n', 'C\nC 7\n']",modelv1.0__2026-05-17 21:21:18
D:/moth_photos/database\batch_13\img_moth_00025743.jpg,"[4000, 6000]",36.88235294117647,"['WPC\n9476\n', '']","['C\n9476\n', '']","['WPC\n9476\n', '']",modelv1.0__2026-05-17 21:21:18
D:/moth_photos/database\batch_13\img_moth_00025744.jpg,"[4000, 6000]",36.56862745098039,"['WPC\n9432\n', 'RBDominick\nCharlesR Eqmaris\nMcClellanville\nSouthCarolina29458\n\nRFTUM\nge cVEP\n']","['C\n9432\n', 'RD\nCR\nC\nC29458\n\nR\n']","['WPC\n9432\n', 'C\nC\nC29458\n\n2\nP\n']",modelv1.0__2026-05-17 21:21:18
D:/moth_photos/database\batch_13\img_moth_00025745.jpg,"[4000, 6000]",36.63461538461539,"['WPC\n9431\n', 'RBDominick\nCharlesREdwards7\nMcClellanville\nSouthCarolina29458\nLight\n']","['C\n9431\n', 'RD\nCR7\nC\nC29458\n']","['WPC\n9431\n', 'C7\nC\nC29458\n']",modelv1.0__2026-05-17 21:21:18
D:/moth_photos/database\batch_13\img_moth_00025746.jpg,"[4000, 6000]",36.90196078431373,"['WPC\n9433\n', 'SouthCarolina\nRBDominick\n\ntSuly49679\n1G547FCHE\n\nMcClellanville\n']","['C\n9433\n', 'C\nRD\n\n49679\n1547C\n\nC\n']","['WPC\n9433\n', 'C\n\n49679\n1547C\n\nC\n']",modelv1.0__2026-05-17 21:21:18
D:/moth_photos/database\batch_13\img_moth_00025747.jpg,"[4000, 6000]",37.11764705882353,"['WPC\n9434\n', 'McClellanville\nSouthCarolina a\nCharlesREdwards\n\ne e\nHy Seas f947\n']","['RC\n9434\n', 'C\nC\nCR\n\n947\n']","['WPC\n9434\n', 'C\nC\nC\n\n947\n']",modelv1.0__2026-05-17 21:21:18
D:/moth_photos/database\batch_13\img_moth_00025748.jpg,"[4000, 6000]",36.72549019607843,"['WPC\n9478\n', 'Ctsseter ahr c\nWz TAF9L4wan\n\nRB Dominick\nCharlesREdwards\nMcClellanville\nSouthCarolina\n']","['C\n9478\n', 'C\n2 94\n\nR8 D\nCR\nC\nC\n']","['WPC\n9478\n', 'C\nW2 94\n\n8\nC\nC\nC\n']",modelv1.0__2026-05-17 21:21:18
D:/moth_photos/database\batch_13\img_moth_00025749.jpg,"[4000, 6000]",36.84313725490196,"['WPC\n9435\n', 'McClellanville\nSouthCarolina\n3A R Edwards\n\nFh 3\n']","['C\n9435\n', 'C\nC\n3 R\n\n3\n']","['WPC\n9435\n', 'C\nC\n3\n\n3\n']",modelv1.0__2026-05-17 21:21:18
D:/moth_photos/database\batch_13\img_moth_00025750.jpg,"[4000, 6000]",36.98039215686274,"['WPC\n9477\n', 'RBDominick\nCharlesREdwards\nMcClellanville\nSouthCarolina29458\n10Junes97\nLysapyy\n']","['RC\n9477\n', 'RRD\nCR\nC\nC29458\n1097\n']","['WPC\n9477\n', 'C\n\nC\n\nC29458\n1097\n']",modelv1.0__2026-05-17 21:21:18
D:/moth_photos/database\batch_13\img_moth_00025751.jpg,"[4000, 6000]",36.72549019607843,"['WPC\n9436\n', 'McClellanville\nSouthCarolina\nCharlesRbdwards\n\n2 Sept 1GVuT\nLyepchkt\n']","['C\n9436\n', 'C\nC\nCR\n\n2 1\n']","['WPC\n9436\n', 'C\nC\nC\n\n2 1\n']",modelv1.0__2026-05-17 21:21:18
D:/moth_photos/database\batch_13\img_moth_00025752.jpg,"[4000, 6000]",36.64705882352941,['WPC\n9479\n'],['C\n9479\n'],['WPC\n9479\n'],modelv1.0__2026-05-17 21:21:18
D:/moth_photos/database\batch_13\img_moth_00025753.jpg,"[4000, 6000]",37.01960784313725,"['WPC\n9437\n', 'RBDominick\nCharlesREdw\nMcCjJellanville\nSouthCarolina29458\n\nCighe\n']","['RC\n9437\n', 'RD\nCR\nC\nC29458\n\nC\n']","['WPC\n9437\n', 'C\nC\nC29458\n\nC\n']",modelv1.0__2026-05-17 21:21:18
D:/moth_photos/database\batch_13\img_moth_00025754.jpg,"[4000, 6000]",36.98,"['WPC\n9480\n', '7\n\nWeusuaBted\npupeled2s4uly147\nPIPER\nRBDorminic\nCharlesREdwards\n\nPersisannyciellanville\n\nSouthCarolina\n']","['C\n9480\n', '7\n\n254147\nRRR\nRRD\n\nCR\n\nC\n\nC\n']","['WPC\n9480\n', '7\n\nW\n\n254147\n\nPP\nC\n\nPC\n\nC\n']",modelv1.0__2026-05-17 21:21:18
D:/moth_photos/database\batch_13\img_moth_00025755.jpg,"[4000, 6000]",36.64705882352941,"['WPC\n9438\n', 'RBDominick\n\nCharlesREdwards\n\nMcClellanville\nSouthCarolina 29458\n\n10Ock1967\nksh\n']","['C\n9438\n', 'RRD\n\nCR\n\nC\nC 29458\n\n101967\n']","['WPC\n9438\n', 'C\nC\nC 29458\n\n101967\n']",modelv1.0__2026-05-17 21:21:18
D:/moth_photos/database\batch_13\img_moth_00025756.jpg,"[4000, 6000]",36.666666666666664,"['WPC\n9481\n', 'apelin fa\nmymorgd269 dae\n\nRBDominick\n\n9\nPRILomnergy CharlesREdwards\n\nMcClellanville\nSouthCarolina\n']","['C\n9481\n', '4\n269\n\nRRD\n\n9\nR CR\n\nC\nC\n']","['WPC\n9481\n', '4\n269\n\n9\nP C\n\nC\nC\n']",modelv1.0__2026-05-17 21:21:18
D:/moth_photos/database\batch_13\img_moth_00025757.jpg,"[4000, 6000]",36.98039215686274,"['WPC\n9439\n', 'RBDominick\n\nS CharlesREdwards\nMcClellanville\nSouthCarolina29458\n\nba Auy1967\nLegsne\n']","['C\n9439\n', 'RD\nCR\n\nC\n\nC29458\n\n1967\n']","['WPC\n9439\n', 'C\nC\nC29458\n\n1967\n']",modelv1.0__2026-05-17 21:21:18
D:/moth_photos/database\batch_13\img_moth_00025758.jpg,"[4000, 6000]",37.05882352941176,"['WPC\n9440\n', 'RBDominick\n\nCharlesREdwards\n\nMcClellanville iets\n\nSouthCarolina ese\n7Junel7F\n70bL\n']","['C\n9440\n', 'RRD\n\nCR\n\nC\n\nC 8\n77\n70\n']","['WPC\n9440\n', 'C\n\nC\n\nC 8\n77\n70\n']",modelv1.0__2026-05-17 21:21:18
D:/moth_photos/database\batch_13\img_moth_00025759.jpg,"[4000, 6000]",36.8235294117647,"['WPC\n9483\n', 'Me Cunen\npe spa blest\n\nmee 2m Ads 1 Dominick\nCharkesR Edwards\n\nrevrei tteigClellanville\nSouthCarolina\n']","['C\n9483\n', 'C\nD 13\n\n2 1 D\nCR\n\nC\nC\n']","['WPC\n9483\n', 'C\n13\n\n2 1\nC\n\nC\nC\n']",modelv1.0__2026-05-17 21:21:18
D:/moth_photos/database\batch_13\img_moth_00025760.jpg,"[4000, 6000]",37.07843137254902,"['WPC\n9441\n', 'Mc Clellanville\nSouthCarolina 4\nRBDominick\n\n21963\nLine\n']","['C\n9441\n', 'C\nC 4\nRRD\n\n21963\n']","['WPC\n9441\n', 'C\nC 4\n\n21963\n']",modelv1.0__2026-05-17 21:21:18
D:/moth_photos/database\batch_13\img_moth_00025761.jpg,"[4000, 6000]",36.627450980392155,['WPC\n9482\n'],['C\n9482\n'],['WPC\n9482\n'],modelv1.0__2026-05-17 21:21:18
D:/moth_photos/database\batch_13\img_moth_00025762.jpg,"[4000, 6000]",36.90196078431373,"['WwPC\n9442\n', 'McClellanville\nSouth Carolina\nDominick\n\nf Auas196 1966\n']","['C\n9442\n', 'C\nC\nD\n\n196 1966\n']","['WPC\n9442\n', 'C\nC\n\n196 1966\n']",modelv1.0__2026-05-17 21:21:18
D:/moth_photos/database\batch_13\img_moth_00025763.jpg,"[4000, 6000]",37.26,['WPC\n9484\n'],['C\n9484\n'],['WPC\n9484\n'],modelv1.0__2026-05-17 21:21:18
D:/moth_photos/database\batch_13\img_moth_00025764.jpg,"[4000, 6000]",36.6078431372549,"['WPC\n9485\n', 'sg Pagak\n\nRB ngt190\n\nCharlesREdwards\nPrtonansSecteseis\n\nSouthCarolina\n']","['C\n9485\n', 'R8 190\nCR\nC\n']","['WPC\n9485\n', 'P\n\n8 190\n\nC\nP\n\nC\n']",modelv1.0__2026-05-17 21:21:18
D:/moth_photos/database\batch_13\img_moth_00025765.jpg,"[4000, 6000]",37.160000000000004,['WPC\n9486\n'],['C\n9486\n'],['WPC\n9486\n'],modelv1.0__2026-05-17 21:21:18
D:/moth_photos/database\batch_13\img_moth_00025766.jpg,"[4000, 6000]",36.68627450980392,['WPC\n9487\n'],['C\n9487\n'],['WPC\n9487\n'],modelv1.0__2026-05-17 21:21:18
D:/moth_photos/database\batch_13\img_moth_00025767.jpg,"[4000, 6000]",36.666666666666664,"['WPC\n9488\n', 'peCUNnegwxX S\n\nJetauieyevy mee\nRBDomipick\nCharlesReEdwards\n\n101e Clellanville\nPulyWARBoutnCoroling\n2yuuee2e ashy 170\n']","['C\n9488\n', 'C\nRRD\nCR\n\n101 C\nRC\n220 170\n']","['WPC\n9488\n', 'C\nC\n\n101 C\nPWC\n220 170\n']",modelv1.0__2026-05-17 21:21:18
D:/moth_photos/database\batch_13\img_moth_00025768.jpg,"[4000, 6000]",37.080000000000005,"['WPC\n9489\n', 'RBDominick\n\nCharilesR Edwards\n\nMcClellgnville\n\nSduthCarolina29458\nRAZTuUMc176F\nLight\n', 'Spilpstir\nvirgen i\nCLs\n', 'DMBC00899\nRICHARDBDOMINICK\n\nMOTH8BUTTERFLYCOLLECTION\nUNIVERSITYOFSOUTHCAROLINA\n']","['C\n9489\n', 'RRD\nCR\nC\nC29458\nR2176\n4\n', 'C5\n', 'DC00899\nRCRDDC\n\n8RCRCC\nRCR\n']","['WPC\n9489\n', 'C\nC\nC29458\n2176P\n4\n', 'P\nC5\n', 'PC00899\nCWC\n\n8CPCC\nC\n']",modelv1.0__2026-05-17 21:21:18
D:/moth_photos/database\batch_13\img_moth_00025769.jpg,"[4000, 6000]",36.86274509803921,"['WPC\n9490\n', 'RBDominick\nCharlesREdwards\nMcCJellanyille\nSouthCarolina29458\n\nbMou1968\n', '', '']","['C\n9490\n', 'RRD\nCR\nC\nC29458\n\n1968\n', '', '']","['WPC\n9490\n', 'C\nC\nC29458\n\n1968\n', '', '']",modelv1.0__2026-05-17 21:21:18
D:/moth_photos/database\batch_13\img_moth_00025770.jpg,"[4000, 6000]",36.72549019607843,"['WPC\n9491\n', 'Ete\nRBDominick\nCharlesR Edwards\nMcClellanville\nSouthCarolima 29458\n22Age 968\n\nTV\n', '']","['C\n9491\n', '7\nRRD\nCR\nC\nC 29458\n22 968\n', '']","['WPC\n9491\n', '7\nC P\nC\nC 29458\n22 968\n', '']",modelv1.0__2026-05-17 21:21:18
D:/moth_photos/database\batch_13\img_moth_00025771.jpg,"[4000, 6000]",36.64705882352941,"['WPC\n9492\n', 'RBDominickJy\n07 CharlesREdwantetVA\n127McClellanvilleRoge\n\nSouthCarglina pretaty\n\ntrtaoy\nNght NES s\nqags23 Aueg197 RS\n', '1\n']","['C\n9492\n', 'RRD\n07 CR\n127CR\n\nC\n\nC\n23 197 R\n', '1\n']","['WPC\n9492\n', '07 C\n127C\nC\n\nC\n23 197\n', '1\n']",modelv1.0__2026-05-17 21:21:18
D:/moth_photos/database\batch_13\img_moth_00025772.jpg,"[4000, 6000]",36.56862745098039,"['WPC\n9493\n', 'RBDominick\nCharlesREdwanis bd\nMcClellanville\nSouthCafolfia29458\n\nSGAyee1GLF\nhishy\n', 'DMBC00904\nRICHARDBDOMINICK\n\nMOTH8BUTTERFLYCOLLECTION\nUNIVERSITYOFSOUTHCAROLINA\n\n', 'Si ASTER\n1070\n']","['C\n9493\n', 'RD\nCR\nC\nC29458\n\n164\n', 'DC00904\nRCRD8DC\n\n8RCC\nRCR\n\n', 'CR\n1070\n']","['WPC\n9493\n', 'C\nC\nC29458\n\n164\n', 'PC00904\nC8C\n\n8CC\nC\n\n', 'C\n1070\n']",modelv1.0__2026-05-17 21:21:18
D:/moth_photos/database\batch_13\img_moth_00025773.jpg,"[4000, 6000]",36.56862745098039,"['WPC\n9494\n', 'RBDominick\nCharlesR Edwards\nMcClelianville\nSouthCarolina 29458\n\n43 mayiaes\n\nLfzcli\n', 'Sacre\nle 70 O\n', '']","['RC\n9494\n', 'RRD\nCR\nC\nC 29458\n\n43\n', '70 0\n', '']","['WPC\n9494\n', 'C\nC\nC 29458\n\n43\n', '70 0\n', '']",modelv1.0__2026-05-17 21:21:18
D:/moth_photos/database\batch_13\img_moth_00025774.jpg,"[4000, 6000]",36.88235294117647,"['WPC\n9495\n', 'NRDVOmMINICK\nChariesREdwards\nMcClellanville\nSouthCarolina29458\n\nIDf4esJ9PVE\nLichtxX\n', '']","['C\n9495\n', 'RDC\nCR\nC\n0C29458\n\n1D497C\n', '']","['WPC\n9495\n', 'C\nC\nC\n0C29458\n\n149PC\n', '']",modelv1.0__2026-05-17 21:21:18
D:/moth_photos/database\batch_13\img_moth_00025775.jpg,"[4000, 6000]",36.705882352941174,"['WPC\n9496\n', 'MicClellanville\nSouthCarolina\nRBDominick\n\nLAprils965\nAY Meg\n']","['C\n9496\n', 'C\nC\nRRD\n\n965\n4\n']","['WPC\n9496\n', 'C\nC\n\nP965\n4\n']",modelv1.0__2026-05-17 21:21:18
D:/moth_photos/database\batch_13\img_moth_00025776.jpg,"[4000, 6000]",36.56862745098039,"['WPC\n9497\n', 'KBDominick\nCharles REdwards L\nMcClellanville\n\nSouthCarolina29458\n\n14Apk949\n\nJjrferse\n']","['C\n9497\n', 'RD\nC R\nC\n\nC29458\n\n14949\n']","['WPC\n9497\n', 'C P\nC\nC29458\n\n14949\n']",modelv1.0__2026-05-17 21:21:18
D:/moth_photos/database\batch_13\img_moth_00025777.jpg,"[4000, 6000]",37.120000000000005,"['WPC\n9498\n', 'RBDominick\nCharlesREdwards\nMcCiellanville\nSouthCarofina29458\n\n3 gre 1963\n\nLir2\n', 'Sona\ntxtor\no7445\n', 'DMBC900909\nRICHARDBDOMINICK\n\nMOTH8BUTTERFLYCOLLECTION\nUNIVERSITYOFSOUTHCAROLINA\n\n']","['C\n9498\n', 'RD\nCR\nC\nC29458\n\n3 1963\n\n2\n', '7445\n', 'DC900909\nRCRDDC\n\n8RCC\nR0CRC\n\n']","['WPC\n9498\n', 'C\nC\nC29458\n\n3 1963\n\n2\n', '7445\n', 'C900909\nCC\n\n8PCC\n0CC\n\n']",modelv1.0__2026-05-17 21:21:18
D:/moth_photos/database\batch_13\img_moth_00025778.jpg,"[4000, 6000]",36.666666666666664,"['WPC\n9499\n', 'WMcClellanville\nSouth Carolina\neBDominick\n\nApe i468\n']","['C\n9499\n', 'C\nC\nRD\n\n468\n']","['WPC\n9499\n', 'WC\nC\n\n468\n']",modelv1.0__2026-05-17 21:21:18
D:/moth_photos/database\batch_13\img_moth_00025779.jpg,"[4000, 6000]",36.7843137254902,"['WPC\n9500\n', 'McClellanville\n\n']","['C\n9500\n', 'C\n\n']","['WPC\n9500\n', 'WC\n\n']",modelv1.0__2026-05-17 21:21:18
D:/moth_photos/database\batch_13\img_moth_00025780.jpg,"[4000, 6000]",36.745098039215684,"['WPC\n9501\n', 'Mc Clellanville\nSonth Carolina\nDominick\n\nVAori1468\ntaped O77\n\n']","['C\n9501\n', 'C\nC\nD\n\n1468\n7\n\n']","['WPC\n9501\n', 'C\nC\n\n1468\n7\n\n']",modelv1.0__2026-05-17 21:21:18
D:/moth_photos/database\batch_13\img_moth_00025781.jpg,"[4000, 6000]",36.8235294117647,"['WPC\n9502\n', 'RBDominick\nCharlesREdwards\nMclellanville 6\nSouthCarolina29458\nJomar19ug\n\n4e2bhad\n']","['RC\n9502\n', 'RRD\nCR\n6\nC29458\n199\n\n428\n']","['WPC\n9502\n', 'C\n\n6\n\nC29458\n199\n\n428\n']",modelv1.0__2026-05-17 21:21:18
D:/moth_photos/database\batch_13\img_moth_00025782.jpg,"[4000, 6000]",37.1764705882353,"['WPC\n9503\n', 'VicUielianvilie\nSouthCarolina\nRBDominick\n']","['C\n9503\n', 'C\n5C\nRD\n']","['WPC\n9503\n', 'C\n5C\n']",modelv1.0__2026-05-17 21:21:18
D:/moth_photos/database\batch_13\img_moth_00025783.jpg,"[4000, 6000]",36.90196078431373,"['RBDominick\nCharlsREdwaris\nMcClellanville\nSouthCarolina29458\n3fMAIIGLP\n\nLight\n', 'WPC\n9504\n']","['RRD\nCR\nC\n5C29458\n31\n\n4\n', 'C\n9504\n']","['C\n\nC\n\n5C29458\n31P\n\n4\n', 'WPC\n9504\n']",modelv1.0__2026-05-17 21:21:18
D:/moth_photos/database\batch_13\img_moth_00025784.jpg,"[4000, 6000]",37.03921568627451,"['WPC\n9505\n', 'RBDominick\nCharlesREdwards\nMcCFellanville\nSouthCarolina29458\n\nZAPR170\n\nLwczeate\n']","['C\n9505\n', 'RRD\nCR\nC\nC29458\n\n2R170\n']","['WPC\n9505\n', 'C\nC\nC29458\n\n2P170\n']",modelv1.0__2026-05-17 21:21:18
D:/moth_photos/database\batch_13\img_moth_00025785.jpg,"[4000, 6000]",36.627450980392155,"['WPC\n9506\n', '2BDominick\nharlesREdwards\nAcCLellanville nes\nsouthCarolina29458\nZ4948967\nA1L1ft4i\n']","['C\n9506\n', '2RD\nR\nC\nC29458\n4948967\n414\n']","['WPC\n9506\n', '2\nC\nC29458\n4948967\n414\n']",modelv1.0__2026-05-17 21:21:18
D:/moth_photos/database\batch_13\img_moth_00025786.jpg,"[4000, 6000]",37.03921568627451,"['WPC\n9507\n', 'nBVominick\nCharlesREdwards\nMcClellanville\nSouthCarolina\n\nOff Api SS\n\nhichF\n']","['C\n9507\n', 'R\nCR\nC\nC\n\n10\n']","['WPC\n9507\n', 'C\nC\nC\n\n10\n']",modelv1.0__2026-05-17 21:21:18
D:/moth_photos/database\batch_13\img_moth_00025787.jpg,"[4000, 6000]",36.7843137254902,"['WPC\n9508\n', 'McClellanville\nsouth Carolina\nDominick\n\n24Wer146g\nLalfso\n']","['C\n9508\n', 'C\nC\nD\n\n24146\n']","['WPC\n9508\n', 'C\nC\n\n24W146\n']",modelv1.0__2026-05-17 21:21:18
D:/moth_photos/database\batch_13\img_moth_00025788.jpg,"[4000, 6000]",36.90196078431373,"['aN0296440TNITLICK\nCharlesR eawards\nMcCdellanville\nSouthCarolina29458\n3IMar GP\n\nLieb\n', 'WPC\n9509\n']","['20296440C\nCR\nC\n30C29458\n31 97\n\n2\n', 'C\n9509\n']","['20296440C\nC\nC\n30C29458\n31 CP\n\n2\n', 'WPC\n9509\n']",modelv1.0__2026-05-17 21:21:18
D:/moth_photos/database\batch_13\img_moth_00025789.jpg,"[4000, 6000]",36.68627450980392,"['WPC\n9510\n', 'eae\nRBDominick\nChariesR Edwards\nMcClellanville 6\nSouthCaroling 29458\n\n14SYRS968\n\n14h4\n']","['C\n9510\n', 'RRD\nCR\nC 6\nC 29458\n\n1419R968\n\n144\n']","['WPC\n9510\n', 'C\nC 6\nC 29458\n\n1419968\n\n144\n']",modelv1.0__2026-05-17 21:21:18
D:/moth_photos/database\batch_13\img_moth_00025790.jpg,"[4000, 6000]",37.14,"['WPC\n9511\n', '2BDominick\nharlesREdwards\nMcClejlanville Ke\nSouthCaroljna 29458\n\n24f215U8\n\nJewvet\n', 'ninic\n\nwiticrGWPC\n9511\n\njna29458\n\na 17L3\n\n']","['C\n9511\n', '2RD\nR\nC\n0C 29458\n\n242158\n', 'CRC\n9511\n\n29458\n\n173\n\n']","['WPC\n9511\n', '2\nC\n0C 29458\n\n242158\n', 'CWPC\n9511\n\n29458\n\n173\n\n']",modelv1.0__2026-05-17 21:21:18
D:/moth_photos/database\batch_13\img_moth_00025791.jpg,"[4000, 6000]",36.666666666666664,"['WPC\n9512\n', 'Mc Clellanville\nsou carolina or\nminick\naha Fi eB A\n']","['C\n9512\n', 'C\n4\n']","['WPC\n9512\n', 'C\n4\n']",modelv1.0__2026-05-17 21:21:18
D:/moth_photos/database\batch_13\img_moth_00025792.jpg,"[4000, 6000]",37.18000000000001,"['WPC\n9513\n', 'Mc Clellanville 4 2\nSouth Bonin\n\n2 ay ri Eg X\n6S Dak cw\n\ninic\n']","['C\n9513\n', 'C 4 2\nD\n\n2 9\n6 D C\n']","['WPC\n9513\n', 'C 4 2\n\n2 P9\n6 CW\n']",modelv1.0__2026-05-17 21:21:18
D:/moth_photos/database\batch_13\img_moth_00025793.jpg,"[4000, 6000]",36.92156862745098,"['WPC\n9514\n', 'WedgePlantation\nO77miNEMcClellanville\n\nLightFBec nCo 136\n\nleg Richard BDominick\n\n']","['C\n9514\n', '677C\n\n4 C 136\n\nR RD\n\n']","['WPC\n9514\n', 'WP\n677C\n\n4 C 136\n\n']",modelv1.0__2026-05-17 21:21:18
D:/moth_photos/database\batch_13\img_moth_00025794.jpg,"[4000, 6000]",36.56862745098039,"['WPC\n9515\n', 'RBDominick\nCharlesREdwards\nMcClellanyille\nSouttlC arolina 29458\nAO erst 1967\nLigne\n', 'Con\nhexter\n7405\n', 'DMBCQO1I\nRICHARDBDOMINICK\n\nMOTH8BUTTERFLYCOLLECTION\nUNIVERSITYOFSOUTHCAROLINA\n']","['C\n9515\n', 'RRD\nCR\nC\nC 29458\n0D 1967\nC\n', 'C\n7405\n', 'DC1\nRCRDDC\n\n8RCC\nRCR\n']","['WPC\n9515\n', 'C\nC\nC 29458\n0 1967\nC\n', 'C\n7405\n', 'C1\nCC\n\n8CC\nC\n']",modelv1.0__2026-05-17 21:21:18
D:/moth_photos/database\batch_13\img_moth_00025795.jpg,"[4000, 6000]",36.98039215686274,"['WPC\n9516\n', 'nBVominick\nCharlesREdwards\nMcClellanville\nSouthCarBlina29458\n20ASR1968\n\nA154\n', '', 'DMBC00910\nRICHARDBDOMINICK\n\nMOTH8BUTTERFLYCOLLECTION\nUNIVERSITYOFSOUTHCAROLINA\n']","['RC\n9516\n', 'R6\nCR\nC\nC29458\n20R1968\n\n154\n', '', 'DC00910\nRCRD8DC\n\n8RCC\nRCR\n']","['WPC\n9516\n', '6\nC\nC\nC29458\n201968\n\n154\n', '', 'PC00910\nC8PC\n\n8CC\nC\n']",modelv1.0__2026-05-17 21:21:18
D:/moth_photos/database\batch_13\img_moth_00025796.jpg,"[4000, 6000]",36.6078431372549,"['WPC\n9518\n', '2BDominick\n\nMicClellagville\nSouth Carolina\n\n25oy37A\n']","['C\n9518\n', '2RD\n\nC\nC\n\n25370\n']","['WPC\n9518\n', '2\n\nC\nC\n\n25370\n']",modelv1.0__2026-05-17 21:21:18
D:/moth_photos/database\batch_13\img_moth_00025797.jpg,"[4000, 6000]",36.56862745098039,"['WPC\n9517\n', 'RBDominick\nharlesREdwards\nAcClellanwille\nsowwhCardlina29458\n\n29NvG49bV\noF\n', 'Cena\nO7Ys a\n', 'RICHARDBDOMINICK\n\nMOTHBUTTERFLYCOLLECTION\nUNIVERSITYOFSOUTHCAROLINA\n']","['C\n9517\n', 'RD\nR\nC\nC29458\n\n29496\n', '1C\n074 7\n', 'RCRDDC\n\nRCC\nRCR\n']","['WPC\n9517\n', 'C\nC29458\n\n29496\n', '1C\n074 7\n', 'CPC\n\nCC\nC\n']",modelv1.0__2026-05-17 21:21:18
D:/moth_photos/database\batch_13\img_moth_00025798.jpg,"[4000, 6000]",37.26,"['WPC\n9519\n', 'VeeMOMINICK\nSharliesREdward\nicClellanville\nouthCavolinsa\n\nSFuly1470\n6july19\n']","['C\n9519\n', 'C\nR\nC\nC\n\n1470\n619\n']","['WPC\n9519\n', 'C\nC\nC\n\n1470\n619\n']",modelv1.0__2026-05-17 21:21:18
D:/moth_photos/database\batch_13\img_moth_00025799.jpg,"[4000, 6000]",37.21568627450981,"['WPC\n9520\n', 'KBDominick\nCharlesREdwards\nMcClellanville\nSouthCaroling\n\n13\nAKaslt\n']","['C\n9520\n', '6D\nCR\nC\nC\n\n13\n']","['WPC\n9520\n', '6\nC\nC\nC\n\n13\n']",modelv1.0__2026-05-17 21:21:18
D:/moth_photos/database\batch_13\img_moth_00025800.jpg,"[4000, 6000]",36.7843137254902,"['WPC\n9521\n', 'RBDominick\nCharlesR EdwardsSP\nMcClellanville\nSoutheCarolina29458\n\naGmM 1968\nMGHYS\n']","['C\n9521\n', 'RRD\nCR\nC\nC29458\n\n2 1968\nD\n']","['WPC\n9521\n', 'C P\nC\nC29458\n\n2 1968\n']",modelv1.0__2026-05-17 21:21:18
D:/moth_photos/database\batch_13\img_moth_00025801.jpg,"[4000, 6000]",36.705882352941174,"['WPC\n9522\n', 'McClellanville\nSouth Caroling a\nRBDominick\n\nSome 146\nAight ae\n']","['C\n9522\n', 'C\nC\nRRD\n\n5 146\n']","['WPC\n9522\n', 'C\nC\n\n5 146\n']",modelv1.0__2026-05-17 21:21:18
D:/moth_photos/database\batch_13\img_moth_00025802.jpg,"[4000, 6000]",36.7843137254902,"['WPC\n9523\n', 'RBDominick\nCharlesR Edwards\nMcCledlanville\nSouthCarolina29458\n\n49may14C9\nLLcAL\n']","['C\n9523\n', 'RD\nCR D\nC\nC29458\n\n4914C9\n4C\n']","['WPC\n9523\n', 'C W\nC\nC29458\n\n4914C9\n4C\n']",modelv1.0__2026-05-17 21:21:18
D:/moth_photos/database\batch_13\img_moth_00025803.jpg,"[4000, 6000]",36.72549019607843,"['WPC\n9524\n', 'xX6VOomMINICK\nCharlesREdward\nMicClellanvilie\n3outhCarolina\n\nUF pa\nat i\n']","['C\n9524\n', '6C\nCR\nC\n30C\n\n7\n']","['WPC\n9524\n', '6C\nC\nC\n30C\n\n7\n']",modelv1.0__2026-05-17 21:21:18
D:/moth_photos/database\batch_13\img_moth_00025804.jpg,"[4000, 6000]",36.8235294117647,"['WPC\n9525\n', 'SouthCarolina\nRBDominick\n\nfOhuge 1966\n\nLig\n\nMcClellanville g\n']","['C\n9525\n', 'C\nRRD\n\n1966\n\nC\n']","['WPC\n9525\n', 'C\n\n1966\n\nC\n']",modelv1.0__2026-05-17 21:21:18
D:/moth_photos/database\batch_13\img_moth_00025805.jpg,"[4000, 6000]",37.26,"['WPC\n9526\n', 'RBDominick\n\nCharlesREdwards\n\nMcClellanville\nSauthCarolina29458\n\noa Sept1967\nLichZ\n']","['C\n9526\n', 'RD\n\nCR\n\nC\nC29458\n\n1967\n']","['WPC\n9526\n', 'C\nC\nC29458\n\n1967\n']",modelv1.0__2026-05-17 21:21:18
D:/moth_photos/database\batch_13\img_moth_00025806.jpg,"[4000, 6000]",36.627450980392155,"['WPC\n9527\n', 'southCarolina\noe Pominick\n\nAva\n\nght\n\nMcClellanville i\n']","['C\n9527\n', 'C\n\nC\n']","['WPC\n9527\n', 'C\nP\n\nC\n']",modelv1.0__2026-05-17 21:21:18
D:/moth_photos/database\batch_13\img_moth_00025807.jpg,"[4000, 6000]",36.90196078431373,"['WPC\n9528\n', 'McClellanville\nSouthCarolina\nRBDominick\n\n204us756\n\nBihRE\n']","['C\n9528\n', 'C\nC\nRRD\n\n204756\n\nRR\n']","['WPC\n9528\n', 'C\nC\n\n204756\n']",modelv1.0__2026-05-17 21:21:18
D:/moth_photos/database\batch_13\img_moth_00025808.jpg,"[4000, 6000]",36.84313725490196,"['WPC\n9529\n', 'vicClellanville\nsouth Carolina\n20\n\nve Kf\n']","['C\n9529\n', 'C\nC\n20\n\nR\n']","['WPC\n9529\n', 'C\nC\n20\n']",modelv1.0__2026-05-17 21:21:18
D:/moth_photos/database\batch_13\img_moth_00025809.jpg,"[4000, 6000]",36.8235294117647,"['WPC\n9530\n', 'RBDominick\nCharlesREdwards\nMcClellanville\nSouthCarolina29458\nsRraug19G\nLichre\n']","['RC\n9530\n', 'RRD\nCR\nC\nC29458\nR19\n']","['WPC\n9530\n', 'C\nC\n\nC29458\n19\n']",modelv1.0__2026-05-17 21:21:18
D:/moth_photos/database\batch_13\img_moth_00025810.jpg,"[4000, 6000]",36.72549019607843,"['WPC\n9531\n', 'McClellanville27\nsouth Caroling\n\nI i by he\n']","['C\n9531\n', 'C27\nC\n']","['WPC\n9531\n', 'C27\nC\n']",modelv1.0__2026-05-17 21:21:18
D:/moth_photos/database\batch_13\img_moth_00025811.jpg,"[4000, 6000]",36.6078431372549,"['WPC\n9532\n', 'UpAkd7T6Y\nRBDominick\n\nCharlesR EdwanisSp\neMcClellanville\nSouth Carglina 29458\n\nRADA\nGinbigef 55 Aus1HS\n', 'Cod CGrrinh\nACVORN\n']","['C\n9532\n', '76\nRD\n\nCR\nC\nC 29458\n\nRD\n55 1\n', 'C4 C\nCR\n']","['WPC\n9532\n', 'P7W6\n\nC\nC\nC 29458\n\n55 1\n', 'C4 C\nCW\n']",modelv1.0__2026-05-17 21:21:18
D:/moth_photos/database\batch_13\img_moth_00025812.jpg,"[4000, 6000]",36.86274509803921,"['WPC\n9533\n', 'McClellanville\nSouthCarolina Y\nRBDominick\n\n27Aug1967\nela\n']","['C\n9533\n', 'C\nC\nRRD\n\n271967\n']","['WPC\n9533\n', 'C\nC\n\n271967\n']",modelv1.0__2026-05-17 21:21:18
D:/moth_photos/database\batch_13\img_moth_00025813.jpg,"[4000, 6000]",36.84313725490196,"['WPC\n9534\n', 'SouthCarolina\nB Dominick\n\nTulse 9L7\nA15htcreg\n\nMcClellanville SP\n']","['C\n9534\n', 'C\nD\n\n947\n154C\n\nC\n']","['WPC\n9534\n', 'C\n\n947\n154C\n\nC\n']",modelv1.0__2026-05-17 21:21:18
D:/moth_photos/database\batch_13\img_moth_00025814.jpg,"[4000, 6000]",36.80392156862745,"['WPC\n9535\n', 'McClellanville\nEee\n\nmergckS y\n1965BreoonL\n']","['C\n9535\n', 'C\n7\n\n9\n1965\n']","['WPC\n9535\n', 'C\n7\n\n9\n1965P\n']",modelv1.0__2026-05-17 21:21:18
D:/moth_photos/database\batch_13\img_moth_00025815.jpg,"[4000, 6000]",36.72549019607843,"['WPC\n9536\n', 'McClellanville\nSouthCarolina\n54 R Edwards\n\na MP\n\nneh\n\naa\n']","['C\n9536\n', 'C\nC\n54 R\n']","['WPC\n9536\n', 'C\nC\n54\n\nP\n']",modelv1.0__2026-05-17 21:21:18
D:/moth_photos/database\batch_13\img_moth_00025816.jpg,"[4000, 6000]",37.1,"['WPC\n9537\n', 'nBVomiInicK\nCharlesREdwards\nMcClellanville\n7 Cerolina\n\n21\nNEA a4\n']","['C\n9537\n', 'RC\nCR\nC\n7 C\n\n21\n4\n']","['WPC\n9537\n', 'C\nC\nC\n7 C\n\n21\nW 4\n']",modelv1.0__2026-05-17 21:21:18
D:/moth_photos/database\batch_13\img_moth_00025817.jpg,"[4000, 6000]",36.72549019607843,"['WPC\n9538\n', 'McClellanville\nSouthCarolina PP\nRB Dominick\n\n42AtgFb6C\nAy\n\nAu\n']","['C\n9538\n', 'C\nC\nR D\n\n426C\n']","['WPC\n9538\n', 'C\nC PP\n\n426C\n']",modelv1.0__2026-05-17 21:21:18
D:/moth_photos/database\batch_13\img_moth_00025818.jpg,"[4000, 6000]",36.90196078431373,"['WPC\n9539\n', 'SouthCarolina\nRBDominick\n\nTBRer6F\nag Vi4d\n']","['C\n9539\n', 'C\nRRD\n\nR6\n4 4\n']","['WPC\n9539\n', 'C\n\n6\n4 W4\n']",modelv1.0__2026-05-17 21:21:18
D:/moth_photos/database\batch_13\img_moth_00025819.jpg,"[4000, 6000]",36.76470588235294,"['WPC\n9540\n', 'ft0lSanVU4e\nIU\nRBtDorhinick7\nSharlesREdwards\nMcClellanville\nSouthCarolina7s\n\nAaua Wand\n']","['C\n9540\n', '20114\nRD7\nR\nC\nC73\n']","['WPC\n9540\n', '20114\n7\nC\nC73\n\nW\n']",modelv1.0__2026-05-17 21:21:18
D:/moth_photos/database\batch_13\img_moth_00025820.jpg,"[4000, 6000]",36.588235294117645,"['WPC\n9541\n', 'RBDominick\nCharlesREdwards\nMcClellanville\nSouthCarolina 29458\n49Tidly1972\nLighnrm\n']","['C\n9541\n', 'RD\nCR\nC\nC 29458\n491972\n']","['WPC\n9541\n', 'C\nC\n\nC 29458\n491972\n']",modelv1.0__2026-05-17 21:21:18
D:/moth_photos/database\batch_13\img_moth_00025821.jpg,"[4000, 6000]",36.56862745098039,"['WPC\n9542\n', 'RBDominick\nCharlesREdwards\nMcClellanville\nSeuthCarolina29458\n\nZ\n13 ae 9LI\n']","['C\n9542\n', 'RD\nCR\nC\nC29458\n\n13 99\n']","['WPC\n9542\n', 'C\nC\nC29458\n\n13 99\n']",modelv1.0__2026-05-17 21:21:18
D:/moth_photos/database\batch_13\img_moth_00025822.jpg,"[4000, 6000]",37.19607843137255,"['', 'Ps\nRBDominick\nCharlesR Edwaris2\n\nMcClellanville\nSoushCarolina29458\n\nS7Auty196E\nLish\n']","['', 'RRD\nCR 2\n\nC\nC29458\n\n7196\n1\n']","['', 'C 2\n\nC\nC29458\n\n7196\n1\n']",modelv1.0__2026-05-17 21:21:18
D:/moth_photos/database\batch_13\img_moth_00025823.jpg,"[4000, 6000]",36.72549019607843,"['RBDominick\nCharlesREdward\nMcElellanville\nSouthCarolina294586e\n\n7 78\n73S 1968\n', 'WPC\n9544\n']","['RRD\nCR\nC294586\n\n7 78\n73 1968\n', 'C\n9544\n']","['C\nC294586\n\n7 78\n73 1968\n', 'WPC\n9544\n']",modelv1.0__2026-05-17 21:21:18
D:/moth_photos/database\batch_13\img_moth_00025824.jpg,"[4000, 6000]",37.059999999999995,"['WPC\n9545\n', 'RBDominick\nCharlesREdwards\nMcClellanville\nSoyth Carolina29458\n\n17H4uUGg1960\nICH\n']","['C\n9545\n', 'RRD\nCR\nC\nC29458\n\n1741960\n1C\n']","['WPC\n9545\n', 'C\nC\nC29458\n\n1741960\n1C\n']",modelv1.0__2026-05-17 21:21:18
D:/moth_photos/database\batch_13\img_moth_00025825.jpg,"[4000, 6000]",36.92156862745098,"['WPCC\n9546\n', 'RBDominick\nCharlesREdwards\nMcClellanville\nSouttCarolina29458\n\nZOAus\ng0fues1I09\n']","['RC\n9546\n', 'RRD\nCR\nC\nC29458\n\n30\n401909\n']","['WPCC\n9546\n', 'C\nC\nC29458\n\n30\n401909\n']",modelv1.0__2026-05-17 21:21:18
D:/moth_photos/database\batch_13\img_moth_00025826.jpg,"[4000, 6000]",37.120000000000005,"['WPC\n9547\n', 'RBDominick\nCharlesREdwards\nMcGlellanville\nSouthCarolina29458\n\na\nP1149196F\n']","['RC\n9547\n', 'RRD\nCR\nC29458\n\n1149196\n']","['WPC\n9547\n', 'C\nC29458\n\nP1149196\n']",modelv1.0__2026-05-17 21:21:18
D:/moth_photos/database\batch_13\img_moth_00025827.jpg,"[4000, 6000]",36.64705882352941,"['WPC\n9548\n', 'RBDominick\nCharlesR Edwards\n\nMeClellanville\nSouthCarolina 29458\n\nZrsht\n']","['C\n9548\n', 'RRD\nCR\n\nC\nC 29458\n\n2\n']","['WPC\n9548\n', 'C\n\nC\nC 29458\n\n2\n']",modelv1.0__2026-05-17 21:21:18
D:/moth_photos/database\batch_13\img_moth_00025828.jpg,"[4000, 6000]",37.160000000000004,"['WPC\n9549\n', 'RBDominick\nCharlesREdwards\nMcElellanville\nSouthCarolina29458e\nALSunmeFb63\nLuUsStF\n']","['C\n9549\n', 'RRD\nCR\nC29458\n4263\n5\n']","['WPC\n9549\n', 'C\nC29458\n4263\n5\n']",modelv1.0__2026-05-17 21:21:18
D:/moth_photos/database\batch_13\img_moth_00025829.jpg,"[4000, 6000]",36.666666666666664,"['WPC\n9550\n', 'RBDominick\n\nCharlesREdwards\nMcClellanville a\n\nSouthCarolina29458\n74FuUnelHe9\nLesAe\n']","['RC\n9550\n', 'RRD\n\nCR\nC\n\nC29458\n7499\n']","['WPC\n9550\n', 'C\nC\n\nC29458\n7499\n']",modelv1.0__2026-05-17 21:21:18
D:/moth_photos/database\batch_13\img_moth_00025830.jpg,"[4000, 6000]",36.588235294117645,"['WPC\n9551\n', 'RBDominick\nCharlesREdwards\nMcClellanville\nSouthCarolina29458\n\nA4SttheHE\n2i77a\n']","['C\n9551\n', 'RD\nCR\nC\nC29458\n\n14\n277\n']","['WPC\n9551\n', 'C\nC\nC29458\n\n14W\n277\n']",modelv1.0__2026-05-17 21:21:18
D:/moth_photos/database\batch_13\img_moth_00025831.jpg,"[4000, 6000]",37.24,"['SOUTHCAROLINA\nWedgePlantation\nMcClellafville\n\nAugust51968\nDCFeraguson\n', '']","['CR\nC\n\n51968\nDC\n', '']","['C\nWP\nC\n\n51968\nCP\n', '']",modelv1.0__2026-05-17 21:21:18
D:/moth_photos/database\batch_13\img_moth_00025832.jpg,"[4000, 6000]",36.588235294117645,"['WPC\n9553\n', 'RBDominick\nMcClellanville\nCarolina29458\n\nBpugl 196f\nPas\n']","['C\n9553\n', 'RD\nC\nC29458\n\n5 1967\n']","['WPC\n9553\n', 'C\nC29458\n\n5 1967\nPP\n']",modelv1.0__2026-05-17 21:21:18
D:/moth_photos/database\batch_13\img_moth_00025833.jpg,"[4000, 6000]",37.26,"['WPC\n9554\n', 'RBDominick\nCharlesREdwardsA\nMcClellanville Ce\nSouthCarolina29458\n\nAYMay1769\nLight\n']","['C\n9554\n', 'RD\nCR\nC C\nC29458\n\n241769\nC\n']","['WPC\n9554\n', 'C\nC C\nC29458\n\n241769\nC\n']",modelv1.0__2026-05-17 21:21:18
D:/moth_photos/database\batch_13\img_moth_00025834.jpg,"[4000, 6000]",37.0,"['WPC\n9555\n', 'McClellanville\nSouthCarolina\nRBDominick\n\n13 Fpril 196\nLieb\n', 'Mc Clellanville\nSouthCarolina\nRB Dominick\n']","['C\n9555\n', 'C\nC\nRRD\n\n13 196\n', 'C\nC\nR D\n']","['WPC\n9555\n', 'C\nC\n\n13 196\n', 'C\nC\n']",modelv1.0__2026-05-17 21:21:18
D:/moth_photos/database\batch_13\img_moth_00025835.jpg,"[4000, 6000]",36.529411764705884,"['WPC\n9556\n', 'McClellanville\nSouth Carolina Oo\nDominick\n\n4 aegJ466\n']","['C\n9556\n', 'C\nC\nD\n\n4 466\n']","['WPC\n9556\n', 'C\nC\n\n4 466\n']",modelv1.0__2026-05-17 21:21:18
D:/moth_photos/database\batch_13\img_moth_00025836.jpg,"[4000, 6000]",36.56862745098039,"['WPC\n9557\n', 'Mc Clellanville\n\nSouthCarolina\n\nRB Dominick\nLight\n']","['C\n9557\n', 'C\nC\nR D\n']","['WPC\n9557\n', 'C\nC\nP\n']",modelv1.0__2026-05-17 21:21:18
D:/moth_photos/database\batch_13\img_moth_00025837.jpg,"[4000, 6000]",36.549019607843135,"['WPC\n9558\n', 'McClellanville\nSouth Carolina\nominick\n\n2h LYLE\n']","['C\n9558\n', 'C\nC\n\n2\n']","['WPC\n9558\n', 'WC\nC\n\n2\n']",modelv1.0__2026-05-17 21:21:18
D:/moth_photos/database\batch_13\img_moth_00025838.jpg,"[4000, 6000]",37.14,"['WPC\n9559\n', 'McClellanville\nSouthCarol\nCharles Carolina\nVa Tul SILT\nbesSdy7\n']","['C\n9559\n', 'C\nC\nC C7\n97\n57\n']","['WPC\n9559\n', 'C\nC\nC C7\nP 97\n57\n']",modelv1.0__2026-05-17 21:21:18
D:/moth_photos/database\batch_13\img_moth_00025839.jpg,"[4000, 6000]",37.19607843137255,"['WPC\n9560\n', 'CharlesREdwards\nMcClellanville\n\nITAus1FO8\nLithtkt\n', '']","['C\n9560\n', 'CR\nC\n\n17R198\n', '']","['WPC\n9560\n', 'C\nC\n\n17198\n', '']",modelv1.0__2026-05-17 21:21:18
D:/moth_photos/database\batch_13\img_moth_00025840.jpg,"[4000, 6000]",37.21568627450981,"['SOUTHCAROLINA\nwedge Plantation\nMcClellanille\nAugust1968\nDC Ferguson\n', 'WPC\n9561\n', 'Haplea\nelymene\nivyor\n', '']","['CRC\nC\n1968\nDC\n', 'RC\n9561\n', 'R\n', '']","['CC\nW P\nC\n1968\nC\n', 'WPC\n9561\n', '', '']",modelv1.0__2026-05-17 21:21:18
D:/moth_photos/database\batch_13\img_moth_00025841.jpg,"[4000, 6000]",37.05882352941176,"['WPC\n9562\n', 'viCUlellanville\nsouthCarolina\n2BDominicl\n', '']","['C\n9562\n', 'CC\n0C\n2RD\n', '']","['WPC\n9562\n', 'CC\n0C\n2\n', '']",modelv1.0__2026-05-17 21:21:18
D:/moth_photos/database\batch_13\img_moth_00025842.jpg,"[4000, 6000]",37.0,"['WPC\n9563\n', 'RRDominick\nCharlesREdwards\nMcClellanville\nSouthCarolina29458\no22lus196G\n19a\n', '']","['C\n9563\n', 'RRD\nCR\nC\nC29458\n22196\n19\n', '']","['WPC\n9563\n', 'C\nC\nC29458\n22196\n19\n', '']",modelv1.0__2026-05-17 21:21:18
D:/moth_photos/database\batch_13\img_moth_00025843.jpg,"[4000, 6000]",37.0,"['WPC\n9564\n', 'McClellanville\nSouthCarolina P4\nCharlesREdwards\n\nae ee 1967\n4154\n', '']","['C\n9564\n', 'C\nC 4\nCR\n\n2 1967\n4154\n', '']","['WPC\n9564\n', 'C\nC P4\nC\n\n2 1967\n4154\n', '']",modelv1.0__2026-05-17 21:21:18
D:/moth_photos/database\batch_13\img_moth_00025844.jpg,"[4000, 6000]",36.86274509803921,"['WPC\n9565\n', 'RBDominick\nChariesR Edwantyh\nMcClellanville\nSouthCarolina29458\n\n1G4Aus9648\n', '']","['C\n9565\n', 'RD\nCR\nC\nC29458\n\n149648\n', '']","['WPC\n9565\n', 'C\nC\nC29458\n\n149648\n', '']",modelv1.0__2026-05-17 21:21:18
D:/moth_photos/database\batch_13\img_moth_00025845.jpg,"[4000, 6000]",36.90196078431373,"['WPC\n9566\n', 'KBDominick\nCharlesREdward\nMcClellanville\nSouthCrolina29458\n\n46AugsifLSz\nLiceep 4\n', '']","['C\n9566\n', 'R6D\nCR\nC\nC29458\n\n46\n4\n', '']","['WPC\n9566\n', '6\nC\nC\nC29458\n\n46\n4\n', '']",modelv1.0__2026-05-17 21:21:18
D:/moth_photos/database\batch_13\img_moth_00025846.jpg,"[4000, 6000]",37.11764705882353,"['WPC\n9567\n', 'RB Dominick\n\nCharlesREdwards\nMcClellanville e\nSouthCarolina29458\n\n1GAry9ce\nLifA\n', '']","['C\n9567\n', 'RR D\n\nCR\nC\nC29458\n\n199\n', '']","['WPC\n9567\n', 'C\nC\nC29458\n\n199\n', '']",modelv1.0__2026-05-17 21:21:18
D:/moth_photos/database\batch_13\img_moth_00025847.jpg,"[4000, 6000]",36.64705882352941,"['WPC\n9568\n', 'RBDominick\nCharlesR Edwarie\nMcClellanville\nSoutfCarolina 29458\n2eAus 1Gty\nLIitnr\n', '']","['RC\n9568\n', 'RRD\nCR\nC\nC 29458\n2R 19\n', '']","['WPC\n9568\n', 'C\n\nC\n\nC 29458\n2 19\n', '']",modelv1.0__2026-05-17 21:21:18
D:/moth_photos/database\batch_13\img_moth_00025848.jpg,"[4000, 6000]",37.01960784313725,"['WPC\n9569\n', 'KBVominick\nCharlesREdwards\nMcClellanville\nSoufiCarolina29458\n\nO2Auny196P\nLisa\n']","['C\n9569\n', 'R\nCR\nC\nC29458\n\n929196\nC\n']","['WPC\n9569\n', 'C\nC\nC29458\n\n929196P\nC\n']",modelv1.0__2026-05-17 21:21:18
D:/moth_photos/database\batch_13\img_moth_00025849.jpg,"[4000, 6000]",36.92156862745098,"['WPC\n9570\n', 'ChariesR Edwards\n\nMcClellanville\nSouthCarolina29458\n\naarus9b\nLien 7y\n', '']","['C\n9570\n', 'CR\n\nC\nC29458\n\n9\n7\n', '']","['WPC\n9570\n', 'C\n\nC\nC29458\n\n9\n7\n', '']",modelv1.0__2026-05-17 21:21:18
D:/moth_photos/database\batch_13\img_moth_00025850.jpg,"[4000, 6000]",36.84313725490196,"['WPC\n9571\n', 'McClellanville\nSputh Carolina P\nCharlesREdwards\n\nAYAuj967\n\nAiea\n']","['C\n9571\n', 'C\nC\nCR\n2967\n4\n']","['WPC\n9571\n', 'C\nC P\nC\n\n2967\n\n4\n']",modelv1.0__2026-05-17 21:21:18
D:/moth_photos/database\batch_13\img_moth_00025851.jpg,"[4000, 6000]",36.88235294117647,"['WPC\n9572\n', 'RBVDominick\n\nCharlesREdwards\nMcClellanville\nSouthCarolina29458\n\n25 FFUAGSILT\nLith\n']","['C\n9572\n', 'RRD\n\nCR\nC\nC29458\n\n25 7\n']","['WPC\n9572\n', 'C\nC\nC29458\n\n25 7\n']",modelv1.0__2026-05-17 21:21:18
D:/moth_photos/database\batch_13\img_moth_00025852.jpg,"[4000, 6000]",37.07843137254902,"['WPC\n9573\n', 'RB Dominick\nCharlesREdwards\nMcClellanville\nSouthCarolina 29458e\n\n7O\nLf 1708\n']","['C\n9573\n', 'R DC\nCR\nC\nC 29458\n\n72\n2 1708\n']","['WPC\n9573\n', 'PC\nC\nC\nC 29458\n\n72\n2 1708\n']",modelv1.0__2026-05-17 21:21:18
D:/moth_photos/database\batch_13\img_moth_00025853.jpg,"[4000, 6000]",36.68627450980392,"['WPC\n9574\n', 'McClellanville\nSouthCarolina\nCharlesR Edwards\n\nIZ Ans 1967\nAetShrt\n']","['C\n9574\n', 'C\nC\nCR\n\n1967\n4\n']","['WPC\n9574\n', 'C\nC\nC\n\nP 1967\n4\n']",modelv1.0__2026-05-17 21:21:18
D:/moth_photos/database\batch_13\img_moth_00025854.jpg,"[4000, 6000]",36.72549019607843,"['WPC\n9575\n', 'CharlesREdwards\nMcClellanville\n\nSouthCarolina29458\n\n2SAH51967\nbercht\n']","['C\n9575\n', 'CR\nC\n\nC29458\n\n2551967\n']","['WPC\n9575\n', 'C\nC\n\nC29458\n\n2551967\n']",modelv1.0__2026-05-17 21:21:18
D:/moth_photos/database\batch_13\img_moth_00025855.jpg,"[4000, 6000]",36.88235294117647,"['WweC\n9576\n', 'McClellanville\nSouthCarolina\nRBDominick\n\n3SzptA67\nDEY re j\n']","['C\n9576\n', 'C\nC\nRRD\n\n367\nD\n']","['WPC\n9576\n', 'C\nC\n\n367\n']",modelv1.0__2026-05-17 21:21:18
D:/moth_photos/database\batch_13\img_moth_00025856.jpg,"[4000, 6000]",36.745098039215684,"['WPC\n9577\n', 'McClellanville\nSouth Carolina\ned\n\nZYAue t6\nLichfp\n']","['C\n9577\n', 'C\nC\n\n2 6\n']","['WPC\n9577\n', 'C\nC\n\n2 6\n']",modelv1.0__2026-05-17 21:21:18
D:/moth_photos/database\batch_13\img_moth_00025857.jpg,"[4000, 6000]",36.627450980392155,"['WPC\n9578\n', 'Mc Clellanville a\nSout thCarolina\nBDominic\n\nLg IU\n']","['C\n9578\n', 'C\nC\nD\n\n1 3\n']","['WPC\n9578\n', 'C\nC\n\n1 W3\n']",modelv1.0__2026-05-17 21:21:18
D:/moth_photos/database\batch_13\img_moth_00025858.jpg,"[4000, 6000]",36.98039215686274,"['WPC\n9579\n', 'RBDominick\nS CharlesREdwards\nMcClellanville\neSouthCarolina29458\n\n27AusG67\n']","['C\n9579\n', 'RD\nCR\nC\nC29458\n\n27967\n']","['WPC\n9579\n', 'C\nC\nC29458\n\n27967\n']",modelv1.0__2026-05-17 21:21:18
D:/moth_photos/database\batch_13\img_moth_00025859.jpg,"[4000, 6000]",36.745098039215684,"['WPC\n9580\n', 'McClellanville FS\nSouthCarolina\nCharles REdwards\n\n']","['C\n9580\n', 'C\nC\nC R\n\n']","['WPC\n9580\n', 'C P\nC\nC\n\n']",modelv1.0__2026-05-17 21:21:18
D:/moth_photos/database\batch_13\img_moth_00025860.jpg,"[4000, 6000]",36.627450980392155,"['WPC\n9581\n', 'ties 967\n\nAngat\nSouthCarolina\n\nCharilesREdwards\n']","['C\n9581\n', '7 967\n\nC\n\nCR\n']","['WPC\n9581\n', '7 967\n\nC\n\nC\n']",modelv1.0__2026-05-17 21:21:18
D:/moth_photos/database\batch_13\img_moth_00025861.jpg,"[4000, 6000]",37.07843137254902,"['WPC\n9582\n', 'McClellanville\nSouthCarolina\n\nCharles J Edwards\n']","['C\n9582\n', 'C\nC\n\nC\n']","['WPC\n9582\n', 'C\nC\n\nC\n']",modelv1.0__2026-05-17 21:21:18
D:/moth_photos/database\batch_13\img_moth_00025862.jpg,"[4000, 6000]",36.80392156862745,"['WPC\n9583\n', 'SouthCarolina\nCharlesREdwards Py\n\nSSept967\n\nANSAK\n\nMcClellanville P\n']","['C\n9583\n', 'C\nCR\n\n967\n\nR\n\nC\n']","['WPC\n9583\n', 'C\nC P\n\n967\n\nC P\n']",modelv1.0__2026-05-17 21:21:18
D:/moth_photos/database\batch_13\img_moth_00025863.jpg,"[4000, 6000]",36.98039215686274,"['WPC\n9584\n', 'McClellanville\nSouthCarolina\nCharlgsREdwards e\n\nSY STLGSVET\n4095\n']","['C\n9584\n', 'C\nC\nCR\n\n7\n4095\n']","['WPC\n9584\n', 'C\nC\nC\n\nP7\n4095\n']",modelv1.0__2026-05-17 21:21:18
D:/moth_photos/database\batch_13\img_moth_00025864.jpg,"[4000, 6000]",36.7843137254902,"['WPC\n9585\n', 'McClellanville\nSouthCarolina\n\nec REdwards e\nSept767\nsag\n']","['C\n9585\n', 'C\nC\n\nR\n767\n']","['WPC\n9585\n', 'C\nC\n\n767\n']",modelv1.0__2026-05-17 21:21:18
D:/moth_photos/database\batch_13\img_moth_00025865.jpg,"[4000, 6000]",37.01960784313725,"['WPC\n9586\n', 'McClellanville\nSouthCarolina Oo\nCharlesREdwards\n\nZYus1967\n\nBiSar\n']","['C\n9586\n', 'C\nC\nCR\n\n51967\n']","['WPC\n9586\n', 'C\nC\nC\n\n51967\n']",modelv1.0__2026-05-17 21:21:18
D:/moth_photos/database\batch_13\img_moth_00025866.jpg,"[4000, 6000]",36.94117647058823,"['WPC\n9587\n', 'Mc Clellanville 2\nSouthCarolina\nRBDominick\n2tusf167\nLithf\n']","['C\n9587\n', 'C 2\n\nC\n\nRRD\n24167\n']","['WPC\n9587\n', 'C 2\nC\n24167\n']",modelv1.0__2026-05-17 21:21:18
D:/moth_photos/database\batch_13\img_moth_00025867.jpg,"[4000, 6000]",36.68627450980392,"['WPC\n9588\n', 'McClellanville\nSouthCarolina Yet\nad REdwards\n\nKi 45196T\nhifHf\n']","['C\n9588\n', 'C\nC\n20 R\n\n451967\n']","['WPC\n9588\n', 'C\nC\n20\n\n451967\n']",modelv1.0__2026-05-17 21:21:18
D:/moth_photos/database\batch_13\img_moth_00025868.jpg,"[4000, 6000]",36.9607843137255,"['WPC\n9589\n', 'McClellanville a\nsouth Carolina\nDominick\n\n2g fu SP\n\nee\n']","['C\n9589\n', 'C\nC\nD\n\n2 2\n']","['WPC\n9589\n', 'C\nC\n\n2 2\n']",modelv1.0__2026-05-17 21:21:18
D:/moth_photos/database\batch_13\img_moth_00025869.jpg,"[4000, 6000]",37.15686274509804,"['WPC\n9590\n', 'xBDominick\n\nSharlesREdwards\n\nmreagaseaed\n34 C4arolina\n\n24Mag VR\n']","['C\n9590\n', 'D\nR\n34 C4\n\n24 R\n']","['WPC\n9590\n', '34 C4\n\n24\n']",modelv1.0__2026-05-17 21:21:18
D:/moth_photos/database\batch_13\img_moth_00025870.jpg,"[4000, 6000]",36.666666666666664,"['WPC\n9591\n', 'ee\nRBDominick\nCharlesREdwards\nMcClellanville\nSowhCarolina79458\n\nPalate\nLtSghtw\n']","['C\n9591\n', 'RRD\nCR\nC\nC79458\n']","['WPC\n9591\n', 'C\nC\nC79458\n\nP\n']",modelv1.0__2026-05-17 21:21:18
D:/moth_photos/database\batch_13\img_moth_00025871.jpg,"[4000, 6000]",36.529411764705884,"['WPC\n9592\n', 'RBDominick\nCharlesREdwards\nMcClellanville\nSoufhCarolina29458\nfTHAe19L9\nLIGAY\n']","['C\n9592\n', 'RRD\nCR\nC\nC29458\n41969\n']","['WPC\n9592\n', 'C\nC\nC29458\n41969\n']",modelv1.0__2026-05-17 21:21:18
D:/moth_photos/database\batch_13\img_moth_00025872.jpg,"[4000, 6000]",36.9607843137255,"['WPC\n9593\n', 'x6Dominick\nhariesREdwards\nAcClellanville\nTolbisel Cafolina e\n\n2LMoacy19\ntgh Q\n']","['C\n9593\n', '6D\nR\nC\nC\n\n2119\n']","['WPC\n9593\n', '6\nC\nC\n\n2119\n']",modelv1.0__2026-05-17 21:21:18
D:/moth_photos/database\batch_13\img_moth_00025873.jpg,"[4000, 6000]",36.9607843137255,"['WPC\n9594\n', 'RBDominick\nCharlesREdwaris\nMcClellanville\nSoutifCarolina29458\n\n3OHMmayJB\nLisgk r a\n']","['RC\n9594\n', 'RRD\nCR\nC\nC29458\n\n3\n']","['WPC\n9594\n', 'C\nC\nC29458\n\n3\n']",modelv1.0__2026-05-17 21:21:18
D:/moth_photos/database\batch_13\img_moth_00025874.jpg,"[4000, 6000]",36.68627450980392,"['WPC\n9595\n', 'RBDominick\nChariesREdwards 1\nMcClellanville Jd\nSouthGarolina29458\n\n3yune 1967\nCcicht\n']","['RC\n9595\n', 'RD\nCR 1\nC\n29458\n\n3 1967\nC\n']","['WPC\n9595\n', 'C 1\nC\n29458\n\n3 1967\nC\n']",modelv1.0__2026-05-17 21:21:18
D:/moth_photos/database\batch_13\img_moth_00025875.jpg,"[4000, 6000]",36.8235294117647,"['WPC\n9596\n', 'RBDominick\nChariesREdwards\nMcCtellanville\nSouthCarolina\n\n2TMary17GF\nLignrt\n']","['C\n9596\n', 'RD\nCR\nC\nC\n\n2717\n']","['WPC\n9596\n', 'C\nC\nC\n\n2717\n']",modelv1.0__2026-05-17 21:21:18
D:/moth_photos/database\batch_13\img_moth_00025876.jpg,"[4000, 6000]",37.13725490196079,"['WPC\n9597\n', 'RRDominick\nCharlesREdwards\nMtClellanville\nSouthCarolina29458\ngJuneG6F\n\nLisht\n']","['C\n9597\n', 'RRD\nCR\nC\nC29458\n96\n\nC\n']","['WPC\n9597\n', 'C\n\nC\n\nC29458\n96\n\nC\n']",modelv1.0__2026-05-17 21:21:18
D:/moth_photos/database\batch_13\img_moth_00025877.jpg,"[4000, 6000]",37.0,"['WPC\n9598\n', 'RBDominick\n\nCharlesR EdwardsGO\nMcClellanville\nSouthCarolina29458\n\nBSuUne9L7\nLig4g\n']","['RC\n9598\n', 'RRD\n\nCR\nC\nC29458\n\n3967\n4\n']","['WPC\n9598\n', 'C\nC\nC29458\n\n3967\n4\n']",modelv1.0__2026-05-17 21:21:18
D:/moth_photos/database\batch_13\img_moth_00025878.jpg,"[4000, 6000]",36.94117647058823,"['WPC\n9599\n', 'RBDominick\n\nCharlesREdwards\n\nMcClellanville\n\nSouthCarolina29458e\nBSttheFLF\nZithl\n']","['C\n9599\n', 'RRD\nCR\nC\nC29458\n3D96\n']","['WPC\n9599\n', 'C\n\nC\n\nC29458\n396\n']",modelv1.0__2026-05-17 21:21:18
D:/moth_photos/database\batch_13\img_moth_00025879.jpg,"[4000, 6000]",36.745098039215684,"['WPC\n9600\n', 'RBDominick\nCharlesREdwards\nMcClellanville\nSoutfiCarolina29458\n\nZYyune49F\nAtthil\n']","['C\n9600\n', 'RRD\nCR\nC\nC29458\n\n49\n']","['WPC\n9600\n', 'C\nC\nC29458\n\n49\n']",modelv1.0__2026-05-17 21:21:18
D:/moth_photos/database\batch_13\img_moth_00025880.jpg,"[4000, 6000]",36.76470588235294,"['WPC\n9601\n', 'RBDominick\n\nCharlesREdwaris\nMcClellanville SS\nSouthCarolina29458\n\n3344e969\ntvcht\n']","['C\n9601\n', 'RD\n\nCR\nC\nC29458\n\n33440969\n']","['WPC\n9601\n', 'C\nC\nC29458\n\n33440969\n']",modelv1.0__2026-05-17 21:21:18
D:/moth_photos/database\batch_13\img_moth_00025881.jpg,"[4000, 6000]",36.7843137254902,"['WPC\n9602\n', 'RBDominick\nCharlesR Edwaris9\nMcClallanville\nSouthCarolina 29458\nz Jurne1949\n\nLigh\n']","['RC\n9602\n', 'RRD\nCR 9\nC\nC 29458\n1949\n']","['WPC\n9602\n', 'C 9\nC\nC 29458\n1949\n']",modelv1.0__2026-05-17 21:21:18
D:/moth_photos/database\batch_13\img_moth_00025882.jpg,"[4000, 6000]",36.84313725490196,"['WPC\n9603\n', 'KBDominick\nCharlesREdwards\nMcClellanville\n2S Carolina 29458\n\nLight 19F\n']","['C\n9603\n', '6D\nCR\nC\n2 C 29458\n\nC 19\n']","['WPC\n9603\n', '6\nC\nC\n2 C 29458\n\nC 19\n']",modelv1.0__2026-05-17 21:21:18
D:/moth_photos/database\batch_13\img_moth_00025883.jpg,"[4000, 6000]",36.72549019607843,"['WPC\n9604\n', 'McClellanville\nSouthCarolina\nRBDominick\n\nOS7BY1I6T\ntr9hF CHE\n']","['C\n9604\n', 'C\nC\nRD\n\n07R1967\n9 C\n']","['WPC\n9604\n', 'WC\nC\n\n071967\n9 C\n']",modelv1.0__2026-05-17 21:21:18
D:/moth_photos/database\batch_13\img_moth_00025884.jpg,"[4000, 6000]",36.92156862745098,"['WPC\n9605\n', 'McClellanville\nRB Carolina\nWovk6e\n\nange\n']","['C\n9605\n', 'C\nRR C\n6\n\nD\n']","['WPC\n9605\n', 'C\nC\nW6\n']",modelv1.0__2026-05-17 21:21:18
D:/moth_photos/database\batch_13\img_moth_00025885.jpg,"[4000, 6000]",36.84313725490196,"['WPC\n9606\n', 'RBDominick\n\nCharlesREdwanis\nMcClellanville\n\nSouthCarolina29458y\n4Juse1962\nLttht\n']","['C\n9606\n', 'RD\n\nCR\nC\n\nC29458\n41962\n2C\n']","['WPC\n9606\n', 'C\nC\n\nC29458\n41962\n2C\n']",modelv1.0__2026-05-17 21:21:18
D:/moth_photos/database\batch_13\img_moth_00025886.jpg,"[4000, 6000]",36.8235294117647,"['WPC\n9607\n', 'RBDominick\nCharlesREdwardis\nMcClellanville\nSouthCarolina29458\n\n3Yune196F7\nd cat\n']","['C\n9607\n', 'RD\nCR\nC\nC29458\n\n31967\nC\n']","['WPC\n9607\n', 'C\nC\nC29458\n\n31967\nC\n']",modelv1.0__2026-05-17 21:21:18
D:/moth_photos/database\batch_13\img_moth_00025887.jpg,"[4000, 6000]",36.705882352941174,"['WPC\n9608\n', 'RBDominick\nCharlesREdwards\nMcClellanville\nSouthCarolina29458\n\nA22Ne\n119542 4 M768\n']","['C\n9608\n', 'RRD\nCR\nC\nC29458\n\n22\n119542 4 768\n']","['WPC\n9608\n', 'C\nC\nC29458\n\n22\n119542 4 768\n']",modelv1.0__2026-05-17 21:21:18
D:/moth_photos/database\batch_13\img_moth_00025888.jpg,"[4000, 6000]",36.745098039215684,"['WPC\n9609\n', 'RBDominick\nCharlesREdwards\nMcClellanville\nSoufhCarolina29458\n\n3Tune1Blyg\nLishr\n']","['C\n9609\n', 'RRD\nCR\nC\nC29458\n\n3D1\nC\n']","['WPC\n9609\n', 'C\nC\nC29458\n\n31P\nC\n']",modelv1.0__2026-05-17 21:21:18
D:/moth_photos/database\batch_13\img_moth_00025889.jpg,"[4000, 6000]",37.01960784313725,"['RBDominick\nCharlesREdwards\nMcGlellanville\nSouthCarolina2945\n2SUnme197B\ndschwe\n', 'WPC\n9610\n']","['RD\nCR\nC\nC2945\n21978\n', 'C\n9610\n']","['C\nC\nC2945\n21978\n', 'WPC\n9610\n']",modelv1.0__2026-05-17 21:21:18
D:/moth_photos/database\batch_13\img_moth_00025890.jpg,"[4000, 6000]",36.84313725490196,"['WPC\n9611\n', 'RBDominick\nCharlesREdwarndis\nMcClellanville o\nSoutfCarolina2945\n\nSUNne1969\nLicht\n']","['C\n9611\n', 'RRD\nCR\nC\nC2945\n\n1969\n']","['WPC\n9611\n', 'C\nC\nC2945\n\n1969\n']",modelv1.0__2026-05-17 21:21:18
D:/moth_photos/database\batch_13\img_moth_00025891.jpg,"[4000, 6000]",37.03921568627451,"['WPC\n9612\n', 'McClellanville\n\nSouthCarolina\nDominick r\n\n1efeSUNeC19LP\nLtghy cee\n']","['C\n9612\n', 'C\n\nC\nD\n\n14C19C\nC\n']","['WPC\n9612\n', 'C\n\nC\n\n14C19CP\nC\n']",modelv1.0__2026-05-17 21:21:18
D:/moth_photos/database\batch_13\img_moth_00025892.jpg,"[4000, 6000]",36.627450980392155,"['WPC\n9613\n', 'Mc Clellanville\n\nSouthCarolina\nRBDominick\n\nJLJune 19u7\nbrgaro Cee\n']","['C\n9613\n', 'C\n\nC\nRRD\n\n197\nC\n']","['WPC\n9613\n', 'C\n\nC\n\n197\nC\n']",modelv1.0__2026-05-17 21:21:18
D:/moth_photos/database\batch_13\img_moth_00025893.jpg,"[4000, 6000]",37.07843137254902,"['WPC\n9614\n', 'mFMOMIUTLICK\nChariesREdwards F\nMcClellanville\nSouthCarolina29458\n\n7FTene1967\nLicks\n']","['C\n9614\n', 'RCR\nCR\nC\nC29458\n\n71967\nC\n']","['WPC\n9614\n', 'C\nC\nC\nC29458\n\n71967\nC\n']",modelv1.0__2026-05-17 21:21:18
D:/moth_photos/database\batch_13\img_moth_00025894.jpg,"[4000, 6000]",36.549019607843135,"['WPC\n9615\n', 'McClellanville ot\nSouthCarolina\nBDominick\n\n6tJune167\nst h\nLighfe\n']","['C\n9615\n', 'C\nC\nRD\n\n6167\nR\n']","['WPC\n9615\n', 'C\nC\n\n6167\n']",modelv1.0__2026-05-17 21:21:18
D:/moth_photos/database\batch_13\img_moth_00025895.jpg,"[4000, 6000]",37.01960784313725,"['WPC\n9616\n', 'McClellanville\nSouth Carolina oe\nDominick\n\n13 ney ay1967\n']","['C\n9616\n', 'C\nC\nD\n\n13 4 41967\n']","['WPC\n9616\n', 'C\nC\n\n13 4 41967\n']",modelv1.0__2026-05-17 21:21:18
D:/moth_photos/database\batch_13\img_moth_00025896.jpg,"[4000, 6000]",36.745098039215684,"['WPC\n9617\n', 'McClellanville\nSouthCarolina e\nRBDominick\n\n12GUMY USTs\n']","['C\n9617\n', 'C\nC\nRRD\n\n12\n']","['WPC\n9617\n', 'C\nC\n\n12\n']",modelv1.0__2026-05-17 21:21:18
D:/moth_photos/database\batch_13\img_moth_00025897.jpg,"[4000, 6000]",36.72549019607843,"['WPC\n9619\n', 'viCcCCleilanville\nsouthCarolina\n2BeDominicl\n\nV9uaeb9\ndippeQ\n']","['C\n9619\n', 'CC\n0C\n2RD\n\n969\n2\n']","['WPC\n9619\n', 'CC\n0C\n2\n\n969\n2\n']",modelv1.0__2026-05-17 21:21:18
D:/moth_photos/database\batch_13\img_moth_00025898.jpg,"[4000, 6000]",36.627450980392155,"['WPC\n9620\n', 'OVOoOmMmInNIcK\nharlesREdward\ncClellanville\nouthCarolina\n\nbJuns 1F7A\n']","['C\n9620\n', 'C\nR\nCC\nC\n\n17R\n']","['WPC\n9620\n', 'C\nCC\nC\n\n17\n']",modelv1.0__2026-05-17 21:21:18
D:/moth_photos/database\batch_13\img_moth_00025899.jpg,"[4000, 6000]",37.11764705882353,"['WPC\n9618\n', 'VDVOTMINICA\nAcClennanville\nsouthCarolina\n\nSigh 197\n\ngS bs\n']","['C\n9618\n', 'DC\nC\nC\n\n197\n\n4\n']","['WPC\n9618\n', 'WC\nC\nC\n\n197\n\n4\n']",modelv1.0__2026-05-17 21:21:18
D:/moth_photos/database\batch_13\img_moth_00025900.jpg,"[4000, 6000]",36.627450980392155,"['WPC\n9621\n', 'RBDominick\nCharlesREdwards\nMcClellanville\nSous mo97D\nBma177\nLisht\n']","['C\n9621\n', 'RD\nCR\nC\n97D\n177\n']","['WPC\n9621\n', 'C\n\nC\n\n97\n177\n']",modelv1.0__2026-05-17 21:21:18
D:/moth_photos/database\batch_13\img_moth_00025901.jpg,"[4000, 6000]",36.88235294117647,"['WPC\n9622\n', 'RBDominick\nCharlesREdwards\nMcClellanville\nSouthCarolina 29458\n\n25M04197D\nLightj\n']","['C\n9622\n', 'RRD\nCR\nC\nC 29458\n\n2504197D\n']","['WPC\n9622\n', 'C\nC\nC 29458\n\n25041970\n']",modelv1.0__2026-05-17 21:21:18
D:/moth_photos/database\batch_13\img_moth_00025902.jpg,"[4000, 6000]",36.68627450980392,"['WPCC\n9623\n', 'KBDominick\nCharlesREdwandis\nMcClellanville\nSouthCarolina\n\n3 June 1977\n']","['RC\n9623\n', 'D\nCR\nC\nC\n\n3 1977\n']","['WPCC\n9623\n', 'C\nC\nC\n\n3 1977\n']",modelv1.0__2026-05-17 21:21:18
D:/moth_photos/database\batch_13\img_moth_00025903.jpg,"[4000, 6000]",36.76470588235294,"['WPC\n9624\n', 'RBDominick\nCharlesR Edwards\nMcClellanville\nSouthCarolina 29458\nZYINMAy1F72\nLicht\n']","['C\n9624\n', 'RRD\nCR\nC\nC 29458\n219772\nC\n']","['WPC\n9624\n', 'C\nC\nC 29458\n219772\nC\n']",modelv1.0__2026-05-17 21:21:18
D:/moth_photos/database\batch_13\img_moth_00025904.jpg,"[4000, 6000]",36.88235294117647,"['RBDominick\nChariesREdwardis\nMcClellanville\nSouthCgrolina29458\n\nSSunesMFS\nLichi\n', 'WPC\n9625\n']","['RRD\nCR\nC\nC29458\n\n3\n', 'C\n9625\n']","['C\nC\nC29458\n\n3\n', 'WPC\n9625\n']",modelv1.0__2026-05-17 21:21:18
D:/moth_photos/database\batch_13\img_moth_00025905.jpg,"[4000, 6000]",36.68627450980392,"['WPCC\n9626\n', 'RBDominick\n\nCharlesREdwards Y\nMcClellanville e\n\nSouthCarolina29458\n3Juae1968\nLich\n']","['RC\n9626\n', 'RD\n\nCR\nC\n\nC29458\n31968\nC\n']","['WPCC\n9626\n', 'C\nC\n\nC29458\n31968\nC\n']",modelv1.0__2026-05-17 21:21:18
D:/moth_photos/database\batch_13\img_moth_00025906.jpg,"[4000, 6000]",36.705882352941174,"['WPC\n9627\n', 'CharlesREdwardis\n\nMcClellagville\nSouthCarolina29458\n\nnelFbS\n3Jurne\n\nRB RrEwansP\n', '', 'UMBC00921\nRICHARDBDOMINICK\n\nMOTHBUTTERFLYCOLLECTION\n\nUNIVERSITYOFSOUTHCAROLINA\n']","['C\n9627\n', 'CR\n\nC\nC29458\n\nR8\n3\n\nR8 R\n', '', 'DC00921\nRCRDDC\n\nRCC\n\nRCR\n']","['WPC\n9627\n', 'C\n\nC\nC29458\n\n8\n3\n\n8 P\n', '', 'C00921\nCPC\n\nCC\n\nC\n']",modelv1.0__2026-05-17 21:21:18
D:/moth_photos/database\batch_13\img_moth_00025907.jpg,"[4000, 6000]",36.90196078431373,"['WPC\n9628\n', 'RBDominick\nChariesREdwards\n\nMcClellanville\n\nSouthCartina Ss\n2GMmar1909\nLight\n', '', 'DMBC00920\nRICHARDBDOMINICK\n\nMOTH8BUTTERFLYCOLLECTION\nUNIVERSITYOFSOUTHCAROLINA\n']","['C\n9628\n', 'RD\nCR\n\nC\nC\n261909\n', '', 'DC00920\nRCRD8RDC\n\n8RCC\nRCR\n']","['WPC\n9628\n', 'C\n\nC\nC\n261909\n', '', 'PC00920\nC8WC\n\n8CC\nC\n']",modelv1.0__2026-05-17 21:21:18
D:/moth_photos/database\batch_13\img_moth_00025908.jpg,"[4000, 6000]",36.6078431372549,"['WPC\n9629\n', 'RBDominick\nCharlesREdwards\nMcClellanville\nSouthCarolina\n\nBg\nLi a e\n', '', 'UMBCO009I8\nRICHARDBDOMINICK\n\nMOTH8BUTTERFLYCOLLECTION\n\nUNIVERSITYOFSOUTHCAROLINA\n']","['RC\n9629\n', 'RD\nCR\nC\nC\n', '', 'DC00918\nRCRD8DC\n\n8RCC\n\nRCR\n']","['WPC\n9629\n', 'C\nC\nC\n', '', 'C00918\nC8C\n\n8CC\n\nC\n']",modelv1.0__2026-05-17 21:21:18
D:/moth_photos/database\batch_13\img_moth_00025909.jpg,"[4000, 6000]",36.64705882352941,"['WPC\n9630\n', 'RBDominick\nCharlesREdwards\nMc lellanyille\nSouthCarolina 29458\n\n27MG\nLujan 137 7\n', '', 'UMBC00919\nRICHARDBDOMINICK\n\nMOTH8BUTTERFLYCOLLECTION\n\nUNIVERSITYOFSOUTHCAROIINA\n']","['C\n9630\n', 'RD\nCR\nC 29458\n\n27\n137 7\n', '', 'DC00919\nRCRDDC\n\n8RCC\n\nRCR4\n']","['WPC\n9630\n', 'C\nC 29458\n\n27\n137 7\n', '', 'C00919\nCPC\n\n8CC\n\nC4\n']",modelv1.0__2026-05-17 21:21:18
D:/moth_photos/database\batch_13\img_moth_00025910.jpg,"[4000, 6000]",37.26,"['RBDominick\nCharlesREdwards re\n\nMcClellanville\n\naipCuna2458\na S9\n\nCishH qf\n', 'WPC\n9631\n', 'log\nnploe\n\nHOD\n', 'DMBC00917\nRICHARDBGOMINICK\nMOTH8BUTTERFLYCOLLECTION\n\nUNIVERSITYOFSOUTH CAROLINA\nTC\n']","['RD\nCR\n\nC\n\nC2458\n9\n\nC 4\n', 'C\n9631\n', 'D\n', 'DC00917\nRCRDC\n8RCC\n\nR CR\nC\n']","['C\n\nC\n\nC2458\n9\n\nC 4\n', 'WPC\n9631\n', 'W\n', 'C00917\nCC\n8CC\n\nC\nC\n']",modelv1.0__2026-05-17 21:21:18
D:/moth_photos/database\batch_13\img_moth_00025911.jpg,"[4000, 6000]",37.05882352941176,"['WPC\n9632\n', 'a CharlesREdwandis\n\nHa fs 2RBDominick\nd Yacsseehas\n\nSouthCarolina\n', 'DMBC00916\nRICHARDBDOMINICK\n\nMOTHBUTTERFLYCOLLECTION\nUNIVERSITYOFSOUTHCAROLINA\n']","['C\n9632\n', 'CR\n\n2RRD\n\nC\n', 'DC00916\nRCRDDC\n\nRCC\nRCR\n']","['WPC\n9632\n', 'C\n\n2\n\nC\n', 'PC00916\nCPC\n\nCC\nC\n']",modelv1.0__2026-05-17 21:21:18
D:/moth_photos/database\batch_13\img_moth_00025912.jpg,"[4000, 6000]",36.8235294117647,"['WPC\n9633\n', 'SOUTHCAROLINA\nWedgePl gntation\nMcClell eille\nAugust LY 1968\nDeCz Fergtson\n', '', 'DMBC00915\nRICHARDBDOMINICK\n\nMOTH8BUTTERFLYCOLLECTION\nUNIVERSITYOFSOUTHCAROLINA\n']","['C\n9633\n', 'CRC\n1\nC11\n4 1968\nDC\n', '', 'DC00915\nRCRDDC\n\n8RCC\nRCR\n']","['WPC\n9633\n', 'CC\nWP1\nC11\n4 1968\nC P\n', '', 'PC00915\nCWC\n\n8CC\nC\n']",modelv1.0__2026-05-17 21:21:18
D:/moth_photos/database\batch_13\img_moth_00025913.jpg,"[4000, 6000]",36.86274509803921,"['WPC\n9634\n', 'RBDominick\n\nCharlesREdwardsC\nMcClellanyille\nSguthCaroiina29456\n\naay 1929\n', 'f 4 a\nera\nO4YsJio0o\n', 'DMBC00914\nRICHARDBDOMINICK\n\nMOTHBUTTERFLYCOLLECTION\nUNIVERSITYOFSOUTHCAROLINA\n']","['C\n9634\n', 'RD\n\nCRC\nC\nC29456\n\n4 1929\n', '4\n244100\n', 'DC00914\nRCRD8DC\n\nRCC\nRCR\n']","['WPC\n9634\n', 'CC\nC\nC29456\n\n4 1929\n', '4\n244100\n', 'C00914\nC8C\n\nCC\nC\n']",modelv1.0__2026-05-17 21:21:18
D:/moth_photos/database\batch_13\img_moth_00025914.jpg,"[4000, 6000]",36.627450980392155,"['WPC\n9635\n', 'RBDominick\nCharlesREdward\nMcCjellanyille\nSouthCarolina 29458\n\nTAY MUuG\n', 'iyBell\norra athe\n\nroa 16\n', 'DMBC00913\nRICHARDBDOMINICK\n\nMOTHBUTTERFLYCOLLECTION\nUNIVERSITYOFSOUTHCAROLINA\n']","['C\n9635\n', 'RD\nCR\nC\nC 29458\n\n9\n', '16\n', 'DC00913\nRCRD8DC\n\nRCC\nRCR\n']","['WPC\n9635\n', 'C\nC\nC 29458\n\n9\n', 'W 16\n', 'PC00913\nC8C\n\nCC\nC\n']",modelv1.0__2026-05-17 21:21:18
D:/moth_photos/database\batch_13\img_moth_00025915.jpg,"[4000, 6000]",36.8235294117647,"['WPC\n9636\n', 'KBDominick\nMcClellanville\nSouthCarolina\n\n30fan47\nLiahbo t\n']","['C\n9636\n', 'RD\nC\nC\n\n3047\n']","['WPC\n9636\n', 'C\nC\n\n3047\n']",modelv1.0__2026-05-17 21:21:18
D:/moth_photos/database\batch_13\img_moth_00025916.jpg,"[4000, 6000]",36.84313725490196,"['WPC\n9637\n', 'eeSlir\nMcClellanville\n\nSouthCarolina\nDominick\n\nSuly P67\nLishtCee\n']","['C\n9637\n', 'C\n\nC\nD\n\n5 767\nC\n']","['WPC\n9637\n', 'C\n\nC\n\n5 P67\nC\n']",modelv1.0__2026-05-17 21:21:18
D:/moth_photos/database\batch_13\img_moth_00025917.jpg,"[4000, 6000]",36.88235294117647,"['WPC\n9638\n', 'SOUTHCAROLINA\nWedgePlantation\nMcClellanville\nAugust71968\nDCFeraquson\n']","['C\n9638\n', 'CR\nC\nR71968\nDC\n']","['WPC\n9638\n', 'C\nWP\nC\n71968\nCP\n']",modelv1.0__2026-05-17 21:21:18
D:/moth_photos/database\batch_13\img_moth_00025918.jpg,"[4000, 6000]",36.68627450980392,"['WPC\n9639\n', 'RBDominick\nCharlesREdwards\nMcChellanville Ss\nSouthCarolirfa29458\n\ng\n19AGA9E9\n']","['C\n9639\n', 'RD\nCR\nC\nC29458\n\n19499\n']","['WPC\n9639\n', 'C\nC\nC29458\n\n19499\n']",modelv1.0__2026-05-17 21:21:18
D:/moth_photos/database\batch_13\img_moth_00025919.jpg,"[4000, 6000]",36.88235294117647,"['nBVOmMINICK\nCharlesREdwards\nMcClellanville 3\nSoutkCarolina29458\n\n2MacysH\nExyy748\n', 'WPC\n9640\n']","['DC\nCR\nC 3\nC29458\n\n29\n748\n', 'C\n9640\n']","['C\nC\nC 3\nC29458\n\n29\n748\n', 'WPC\n9640\n']",modelv1.0__2026-05-17 21:21:18
D:/moth_photos/database\batch_13\img_moth_00025920.jpg,"[4000, 6000]",36.588235294117645,"['WPC\n9641\n', 'es\nSOUTHCAROLINA\nWedgePlantation\nMcClellanville\nAugust 18 1968\nDCFergusgn\n']","['RC\n9641\n', 'CRC\nC\n18 1968\nDC\n']","['WPC\n9641\n', 'CC\nWP\nC\n18 1968\nCP\n']",modelv1.0__2026-05-17 21:21:18
D:/moth_photos/database\batch_13\img_moth_00025921.jpg,"[4000, 6000]",36.72549019607843,"['WPC\n9642\n', 'vVUUlINCAROLINAs\nWedgePlantation\nMcClellafiville\nAugust 1f 1968\nDCFerguson\n', 'SOUTHCAROLINA\nWedgePlantation\nMcClellafiville\nAugust 18 1968\nDCFerguson\nEe\n\nWPC\n9642\n']","['C\n9642\n', 'CR\nC\n18 1968\nDC\n', 'CRC\nC\n18 1968\nDC\n\nC\n9642\n']","['WPC\n9642\n', 'C\nWP\nC\n18 1968\nCP\n', 'CC\nWP\nC\n18 1968\nCP\n\nWPC\n9642\n']",modelv1.0__2026-05-17 21:21:18
D:/moth_photos/database\batch_13\img_moth_00025922.jpg,"[4000, 6000]",36.64705882352941,"['RBDominick\n\nChariesREdwards\nMcClellanville So\nSouthCarolina 29458\n\n12Ma\nCithi 71969\n', 'WPC\n9643\n']","['RRD\n\nCR\nC\n30C 29458\n\n12\nC 71969\n', 'C\n9643\n']","['C\nC\n30C 29458\n\n12\nC 71969\n', 'WPC\n9643\n']",modelv1.0__2026-05-17 21:21:18
D:/moth_photos/database\batch_13\img_moth_00025923.jpg,"[4000, 6000]",37.160000000000004,"['WPC\n9644\n', 'RBDominic\nMcClellanville\nSouth Carolina\n\nBNov 199\nahkhLPoe\n\n', 'cele\nOU Is\n9644\n\nwahtf\n\n']","['C\n9644\n', 'RRD\nC\nC\n\n199\n\n', '0\n9644\n\n']","['WPC\n9644\n', 'C\nC\n\n199\nP\n\n', '0\n9644\n\n']",modelv1.0__2026-05-17 21:21:18
D:/moth_photos/database\batch_13\img_moth_00025924.jpg,"[4000, 6000]",36.7843137254902,"['WPC\n9645\n', 'SOUTHCAROLINA\nWedgePlantation\nMcClellanville\nAugust 18 1968\nDCFerguson\n']","['RC\n9645\n', 'CR\nC\n18 1968\nDC\n']","['WPC\n9645\n', 'C\nWP\nC\n18 1968\nCP\n']",modelv1.0__2026-05-17 21:21:18
D:/moth_photos/database\batch_13\img_moth_00025925.jpg,"[4000, 6000]",36.86274509803921,"['WPC\n9646\n', 'RBDominick\nCharlesREdwards\nMcClellanville S\nSouthGarolina29458\n\ney\n']","['C\n9646\n', 'RRD\nCR\nC\nC29458\n']","['WPC\n9646\n', 'C\nC\nC29458\n']",modelv1.0__2026-05-17 21:21:18
D:/moth_photos/database\batch_13\img_moth_00025926.jpg,"[4000, 6000]",36.68627450980392,"['WPC\n9647\n', 'KFRDominick\nCharlesREdwards\nMcClellanville\nSouthCarolina 29458\n\nS3 A eS96H\nUs\n\nef\n']","['C\n9647\n', 'RRD\nCR\nC\nC 29458\n\n3 969\n']","['WPC\n9647\n', 'C\nC\nC 29458\n\n3 969\n']",modelv1.0__2026-05-17 21:21:18
D:/moth_photos/database\batch_13\img_moth_00025927.jpg,"[4000, 6000]",36.64705882352941,"['WPC\n9648\n', 'R BDominick\nCharlesREdwards\nMcClebklanville\nSouthCarolirsa29458\nS7TAPRIVP\nL154af\n']","['C\n9648\n', 'R D\nCR\nC\nC29458\n7R\n154\n']","['WPC\n9648\n', 'C\nC\nC29458\n7PP\n154\n']",modelv1.0__2026-05-17 21:21:18
D:/moth_photos/database\batch_13\img_moth_00025928.jpg,"[4000, 6000]",36.88235294117647,"['RBDominick\n\nMcClellanville vot\n\nSouthCarotina 29458\n10 Apr497\n\nyf6k\n', 'WPC\n9649\n']","['RD\n\nC\n\nC 29458\n10 497\n\n6\n', 'C\n9649\n']","['C\n\nC 29458\n10 P497\n\n6\n', 'WPC\n9649\n']",modelv1.0__2026-05-17 21:21:18
D:/moth_photos/database\batch_13\img_moth_00025929.jpg,"[4000, 6000]",36.84313725490196,"['WPC\n9650\n', 'RB Dominick\n\nCharlesREdwards\nMcChellanville\nSouthCarolfha29458\n\n3imMorr1F763\nLighd a\n']","['C\n9650\n', 'R8 D\n\nCR\nC\nC29458\n\n319763\n4\n']","['WPC\n9650\n', '8\n\nC\nC\nC29458\n\n319763\n4\n']",modelv1.0__2026-05-17 21:21:18
D:/moth_photos/database\batch_13\img_moth_00025930.jpg,"[4000, 6000]",36.588235294117645,"['WPC\n9651\n', 'kBDominick\nCharlesREdwards\nMcClellanville\nSouthCaroling\n\n17Aev470\nHicGht re\n', '']","['C\n9651\n', 'RRD\nCR\nC\nC\n\n17470\n1\n', '']","['WPC\n9651\n', 'C\nC\nC\n\n17470\n1P\n', '']",modelv1.0__2026-05-17 21:21:18
D:/moth_photos/database\batch_13\img_moth_00025931.jpg,"[4000, 6000]",36.549019607843135,"['WPC\n9652\n', 'RKBDominick\nChariesREdwards\nMcCillanville 5\nSouthCarolina29458\n\n4A6R965\nLIGhf\n']","['C\n9652\n', 'RRD\nCR\nC 5\nC29458\n\n46R965\nC\n']","['WPC\n9652\n', 'C\nC 5\nC29458\n\n46965\nC\n']",modelv1.0__2026-05-17 21:21:18
D:/moth_photos/database\batch_13\img_moth_00025932.jpg,"[4000, 6000]",36.7843137254902,"['WPC\n9653\n', 'McClellanville\nSouthCarolina\nRBDominick\n\n174pr1t68\nPrehl\n']","['C\n9653\n', 'C\nC\nRRD\n\n1748168\n']","['WPC\n9653\n', 'C\nC\n\n1748168\nP\n']",modelv1.0__2026-05-17 21:21:18
D:/moth_photos/database\batch_13\img_moth_00025933.jpg,"[4000, 6000]",36.666666666666664,"['WPC\n9654\n', 'KRDominick\nChariesREdwards\nMcClellanville\nSouthCarolina29458 e\n\n1YAga949\nLIghe\n']","['C\n9654\n', 'RRD\nCR\nC\nC29458\n\n1949\n']","['WPC\n9654\n', 'C\nC\nC29458\n\n1949\n']",modelv1.0__2026-05-17 21:21:18
D:/moth_photos/database\batch_13\img_moth_00025934.jpg,"[4000, 6000]",36.509803921568626,"['WPC\n9655\n', 'RBDominick\nCharlesR Edwards\nMcClellanville\nSoughCarolina29458\na mac 1962\nFives\n']","['C\n9655\n', 'RRD\nCR\nC\nC29458\n1962\n']","['WPC\n9655\n', 'C\n\nC\n\nC29458\n1962\n']",modelv1.0__2026-05-17 21:21:18
D:/moth_photos/database\batch_13\img_moth_00025935.jpg,"[4000, 6000]",37.21568627450981,"['WPC\n9656\n', 'McClellanville\nSouthCarolina\nRBDominick\n\n']","['C\n9656\n', 'C\nC\nRRD\n\n']","['WPC\n9656\n', 'C\nC\n\n']",modelv1.0__2026-05-17 21:21:18
D:/moth_photos/database\batch_13\img_moth_00025936.jpg,"[4000, 6000]",37.235294117647065,"['WPC\n9657\n', 'McClellanviise\nSouthCarolina\nRB Dominick\n']","['C\n9657\n', 'C\nC\nRR D\n']","['WPC\n9657\n', 'C\nC\nP\n']",modelv1.0__2026-05-17 21:21:18
D:/moth_photos/database\batch_13\img_moth_00025937.jpg,"[4000, 6000]",36.692307692307686,"['WPC\n9658\n', 'Patent\nZ my 4use y 1ab9\nighftCRE\n', 'McClellanville\nSouthCarolina P\nRBDominick\n\nZ s iae\n']","['C\n9658\n', '4 1469\nCR\n', 'C\nC\nRRD\n\n2\n']","['WPC\n9658\n', 'P\n4 1469\nC\n', 'C\nC P\n\n2\n']",modelv1.0__2026-05-17 21:21:18
D:/moth_photos/database\batch_13\img_moth_00025938.jpg,"[4000, 6000]",37.0,"['WPC\n9659\n', 'McClellanville\nSouthCarolina g\nRBDominick\n\n22NovJA6P\nLiehog\n']","['C\n9659\n', 'C\nC\nRRD\n\n2296\n']","['WPC\n9659\n', 'C\nC\n\n22W96P\n']",modelv1.0__2026-05-17 21:21:18
D:/moth_photos/database\batch_13\img_moth_00025939.jpg,"[4000, 6000]",36.86274509803921,"['WPC\n9660\n', 'McClellanville\nSouth Carolina\nBDominick\n\nZe Novy S467\n']","['C\n9660\n', 'C\nC\nD\n\n1467\n']","['WPC\n9660\n', 'C\nC\n\n1467\n']",modelv1.0__2026-05-17 21:21:18
D:/moth_photos/database\batch_13\img_moth_00025940.jpg,"[4000, 6000]",36.94117647058823,"['WPC\n9661\n', 'RBDominick\nCharlesREdwards\nMcClellanville\nSouthCarolina 29458 ec\n\nFNov 967\nhishh\n']","['C\n9661\n', 'RD\nCR\nC\nC 29458\n\n967\n']","['WPC\n9661\n', 'C\nC\nC 29458\n\nW 967\n']",modelv1.0__2026-05-17 21:21:18
D:/moth_photos/database\batch_13\img_moth_00025941.jpg,"[4000, 6000]",36.78846153846154,"['WPC\n9662\n', 'McClellanville\nSouthCarolina\nBDominick\nSerr966\nLight\n']","['C\n9662\n', 'C\n\nC\nRD\n966\n']","['WPC\n9662\n', 'C\nC\n966\n']",modelv1.0__2026-05-17 21:21:18
D:/moth_photos/database\batch_13\img_moth_00025942.jpg,"[4000, 6000]",36.63461538461539,"['WPC\n9663\n', 'McClellanville\nSouth Carolina\nDominick\n\nf7 17fugHoc\n']","['C\n9663\n', 'C\nC\nD\n\n7 17\n']","['WPC\n9663\n', 'C\nC\nP\n\n7 17\n']",modelv1.0__2026-05-17 21:21:18
D:/moth_photos/database\batch_13\img_moth_00025943.jpg,"[4000, 6000]",37.21568627450981,"['WPC\n9664\n', 'McClellanville\nSouthCarolina\nRBDominick\n']","['C\n9664\n', 'C\nC\nRRD\n']","['WPC\n9664\n', 'C\nC\n']",modelv1.0__2026-05-17 21:21:18
D:/moth_photos/database\batch_13\img_moth_00025944.jpg,"[4000, 6000]",36.90384615384616,"['WPC\n9665\n', 'McClellanville\nSouthCarolina\n5S Be Dominic\n\neit 7\n']","['C\n9665\n', 'C\nC\n5 R D\n\n7\n']","['WPC\n9665\n', 'C\nC\n5\n\n7\n']",modelv1.0__2026-05-17 21:21:18
D:/moth_photos/database\batch_13\img_moth_00025945.jpg,"[4000, 6000]",36.72549019607843,"['WPC\n9666\n', 'McClellanville\nEBBo Carolina\n\ngy\n']","['C\n9666\n', 'C\nR C\n']","['WPC\n9666\n', 'C\nC\n']",modelv1.0__2026-05-17 21:21:18
D:/moth_photos/database\batch_13\img_moth_00025946.jpg,"[4000, 6000]",37.03921568627451,"['WPC\n9667\n', 'McClellanville\nSouth Carolina\nB glace\n\neAwalaee\nLight\n']","['C\n9667\n', 'C\nC\n8 4\n\nR146\n']","['WPC\n9667\n', 'C\nC\n8 4\n\n146\n']",modelv1.0__2026-05-17 21:21:18
D:/moth_photos/database\batch_13\img_moth_00025947.jpg,"[4000, 6000]",36.692307692307686,"['WPC\n9668\n', 'McClellanville z\naun Carolina\n\nSuhas\n']","['C\n9668\n', 'C\nC\n']","['WPC\n9668\n', 'C\nC\n']",modelv1.0__2026-05-17 21:21:18
D:/moth_photos/database\batch_13\img_moth_00025948.jpg,"[4000, 6000]",37.27450980392157,"['WPC\n9669\n', 'es\nMcClellanvill\nsouth Carolina Q\n\nminick\n\nAfayfse\n']","['C\n9669\n', 'C\nC\n']","['WPC\n9669\n', 'C\nC\n']",modelv1.0__2026-05-17 21:21:18
D:/moth_photos/database\batch_13\img_moth_00025949.jpg,"[4000, 6000]",36.72549019607843,"['WPC\n9670\n', 'McClellanville\n\nSouth Carolina\nDominick\n\n1966\n']","['C\n9670\n', 'C\n\nC\nD\n\n1966\n']","['WPC\n9670\n', 'C\n\nC\nP\n\n1966\n']",modelv1.0__2026-05-17 21:21:18
D:/moth_photos/database\batch_13\img_moth_00025950.jpg,"[4000, 6000]",36.84313725490196,"['WPC\n9671\n', 'RBDominick\n\n6 CharlesREdwards\nMcClellanville\nSouthCarolina29458\n\n3OctoT\nnye\n']","['C\n9671\n', 'RD\n\n6 CR\nC\nC29458\n\n30\n']","['WPC\n9671\n', '6 C\nC\nC29458\n\n30\n']",modelv1.0__2026-05-17 21:21:18
D:/moth_photos/database\batch_13\img_moth_00025951.jpg,"[4000, 6000]",37.09803921568628,"['WPC\n9672\n', 'McClellanville 7\nSouthCarolina Or\nR B Dominick\n\n2ZZSune7t7\nyo gAfF C42et\n', '']","['C\n9672\n', 'C 7\nC\nR D\n\n2277\n7 C42\n', '']","['WPC\n9672\n', 'C 7\nC\n\n2277\n7 C42\n', '']",modelv1.0__2026-05-17 21:21:18
D:/moth_photos/database\batch_13\img_moth_00025952.jpg,"[4000, 6000]",36.98039215686274,"['WPC\n9673\n', 'McClellanville\nSouthCarolina\nRBDominick\n\nZe ne1966\n', '']","['C\n9673\n', 'C\nC\nRRD\n\n2 1966\n', '']","['WPC\n9673\n', 'C\nC\n\n2 1966\n', '']",modelv1.0__2026-05-17 21:21:18
D:/moth_photos/database\batch_13\img_moth_00025953.jpg,"[4000, 6000]",36.519230769230774,"['WPC\n9674\n', 'McClellanville\nSouthCarolina\nCparies R oune\n13Sep4ITVT\nLisht\n']","['C\n9674\n', 'C\nC\nC R\n1347\n']","['WPC\n9674\n', 'C\nC\nC\n1347\n']",modelv1.0__2026-05-17 21:21:18
D:/moth_photos/database\batch_13\img_moth_00025954.jpg,"[4000, 6000]",36.55769230769231,"['WPC\n9675\n', 'McClellanville\nSouth Carolina\nB Dominick\n\nah Bune 1967\nLiclhtcRE\n']","['C\n9675\n', 'C\nC\nD\n\n2 1967\nCR\n']","['WPC\n9675\n', 'C\nC\n\n2 1967\nC\n']",modelv1.0__2026-05-17 21:21:18
D:/moth_photos/database\batch_13\img_moth_00025955.jpg,"[4000, 6000]",36.84313725490196,"['x6bDominick\nSharlesREdwards\nAicCiejlanville S\njouthCarolina29458\n\nYMa4196F\n', 'WPC\n9676\n', '']","['6D\nCR\nC\nC29458\n\n0041968\n', 'C\n9676\n', '']","['6\nC\nC\nC29458\n\n0041968\n', 'WPC\n9676\n', '']",modelv1.0__2026-05-17 21:21:18
D:/moth_photos/database\batch_13\img_moth_00025956.jpg,"[4000, 6000]",36.7843137254902,"['WPC\n9678\n', 'McClellanville\n\nSouthCarolina oO\nCharlesREdwards\n\nJOTakly9t7\n115174\n', '']","['C\n9678\n', 'C\n\nC\nCR\n\n40967\n115174\n', '']","['WPC\n9678\n', 'C\n\nC\nC\n\n40967\n115174\n', '']",modelv1.0__2026-05-17 21:21:18
D:/moth_photos/database\batch_13\img_moth_00025957.jpg,"[4000, 6000]",37.13725490196079,"['WPC\n9677\n', 'Dominick\n\n24Fesne 19\ntihfCReE\n\nMcClellanville\nSouth Carol na e\n']","['C\n9677\n', 'D\n\n24 19\nCR\n\nC\nC\n']","['WPC\n9677\n', 'P\n\n24 19\nC\n\nC\nC\n']",modelv1.0__2026-05-17 21:21:18
D:/moth_photos/database\batch_13\img_moth_00025958.jpg,"[4000, 6000]",37.1764705882353,"['WPC\n9679\n', 'McClellanville\nSouthCarolina\nCharlesREdw4rds\n\n2 Tuly 9uT\nLisht\n']","['RC\n9679\n', 'C1\nC\nCR4\n\n2 97\n']","['WPC\n9679\n', 'C1\nC\nC4\n\n2 97\n']",modelv1.0__2026-05-17 21:21:18
D:/moth_photos/database\batch_13\img_moth_00025959.jpg,"[4000, 6000]",37.0,"['WPC\n9680\n', 'vMicClellanviile\nSouth Carolina ae\nSOc 1967\n\nal oa\n', '']","['C\n9680\n', 'C\nC\nCD 1967\n', '']","['WPC\n9680\n', 'C\nC\nC 1967\n', '']",modelv1.0__2026-05-17 21:21:18
D:/moth_photos/database\batch_13\img_moth_00025960.jpg,"[4000, 6000]",37.235294117647065,"['WPC\n9681\n', 'South Carolina 2\nBDominic\n\na3 Fune 196 7\nBichtCRE\n\n2 McClellanville\n']","['C\n9681\n', 'C 2\nRD\n\n3 196 7\nCR\n\n2 C\n']","['WPC\n9681\n', 'C 2\n\n3 196 7\nC\n\n2 C\n']",modelv1.0__2026-05-17 21:21:18
D:/moth_photos/database\batch_13\img_moth_00025961.jpg,"[4000, 6000]",36.63461538461539,"['WPC\n9682\n', 'RBDominick\nCharlesREdwards\nicClellanville\nSouthCarolina\n\nT3NovAS7\nbiciAnt\n', 'UMBC00851\n\nRICHARDBDOMINICK\n\nMOTH8BUTTERFLYCOLLECTION\nUNIVERSITYOFSOUTHCAROLINA\n\n', 'Cried of a\n']","['C\n9682\n', 'RRD\nCR\nC\nC\n\n37\n', 'DC00851\n\nRCRD8DC\n\n8RCC\nRCR\n\n', 'C 1\n']","['WPC\n9682\n', 'C\nC\nC\n\n3W7\n', 'C00851\n\nC8C\n\n8CC\nC\n\n', 'C 1\n']",modelv1.0__2026-05-17 21:21:18
D:/moth_photos/database\batch_13\img_moth_00025962.jpg,"[4000, 6000]",36.82692307692308,"['WPC\n9683\n', 'SOUTHCAROLINA\nWedgePjantation\nMcClellanville\nAugust i 1968\n\nnCPeraneann\n', '']","['C\n9683\n', 'CRC\nC\n1968\n\nCR\n', '']","['WPC\n9683\n', 'CC\nWP\nC\n1968\n\nCP\n', '']",modelv1.0__2026-05-17 21:21:18
D:/moth_photos/database\batch_13\img_moth_00025963.jpg,"[4000, 6000]",37.09803921568628,"['WPC\n9684\n', 'KBDominick\nCharlesREdwards\nMcClellanville\nSouthCarolina\n']","['C\n9684\n', '6D\nCR\nC\nC\n']","['WPC\n9684\n', '6\nC\nC\nC\n']",modelv1.0__2026-05-17 21:21:18
D:/moth_photos/database\batch_13\img_moth_00025964.jpg,"[4000, 6000]",36.769230769230774,"['WPC\n9685\n', 'RBDominick\nMcClellanville\nSouthCarolina\n\n20Hes1973\nlug a or\n']","['C\n9685\n', 'RD\nC\nC\n\n201973\n']","['WPC\n9685\n', 'C\nC\n\n201973\n']",modelv1.0__2026-05-17 21:21:18
D:/moth_photos/database\batch_13\img_moth_00025965.jpg,"[4000, 6000]",36.730769230769226,"['WPC\n9686\n', 'SOUTHCAROLINA\nWedge Plantation\nMcClellanville\nAugust 13 1968\nDC Ferguson\n']","['RC\n9686\n', 'CR\nC1\n13 1968\nDC\n']","['WPC\n9686\n', 'C\nW P\nC1\n13 1968\nC\n']",modelv1.0__2026-05-17 21:21:18
D:/moth_photos/database\batch_13\img_moth_00025966.jpg,"[4000, 6000]",36.80769230769231,"['SOUTH CAROLINA\nWedge Plantation\nMcClellanville\nAugust2O1968\n\nDCPernnenn\n', 'WPC\n9687\n']","['CR\nC\n201968\n\nDCR\n', 'C\n9687\n']","['C\nW P\nC\n201968\n\nCP\n', 'WPC\n9687\n']",modelv1.0__2026-05-17 21:21:18
D:/moth_photos/database\batch_13\img_moth_00025967.jpg,"[4000, 6000]",36.57692307692308,"['WPC\n9688\n', 'RBDominick\nMcClellanville\nSouth Carolina\n\nBA erlFF6\nAree\n']","['C\n9688\n', 'R5D\nC\nC\n\n18R 6\n']","['WPC\n9688\n', '5\nC\nC\n\n18 P6\n']",modelv1.0__2026-05-17 21:21:18
D:/moth_photos/database\batch_13\img_moth_00025968.jpg,"[4000, 6000]",37.0,"['SOUTHCAROLINA\nWedgePlantation\nMcClellafville\nAugust 20 1968\n\nyDfPoerceannr\n', 'WPC\n9689\n']","['CRC\nC\n20 1968\n\nD7\n', 'C\n9689\n']","['CC\nWP\nC\n20 1968\n\n7P\n', 'WPC\n9689\n']",modelv1.0__2026-05-17 21:21:18
D:/moth_photos/database\batch_13\img_moth_00025969.jpg,"[4000, 6000]",36.63461538461539,"['WPC\n9690\n', 'Wedge PlantationLx At\n7miNE McClellanvifle\n\nCharlestgnCoSe CAR\ny Och 197 oT\n\nleaRichardB Dominick\n']","['C\n9690\n', '7 C\n\nCC05 CR\n197 7\n\nR D\n']","['WPC\n9690\n', 'W P\n7 C\n\nCC05 C\n197 7\n\nP\n']",modelv1.0__2026-05-17 21:21:18
D:/moth_photos/database\batch_13\img_moth_00025970.jpg,"[4000, 6000]",36.519230769230774,"['WPC\n9691\n', 'SOUTH CAROLINA24\nweage Plantatio\nMcClellafiville\nAugust 131968\nDCFerguson\n', 'DMBC00849\nRICHARDBDOMINICK\n\nMOTH8BUTTERFLYCOLLECTION\nUNIVERSITYOFSOUTHCAROLINA\n', '']","['C\n9691\n', '50 CRR24\nR\nC\n131968\nDC\n', 'DC00849\nRCRD8DC\n\n8RRCC\nRCR\n', '']","['WPC\n9691\n', '50 C24\nW P\nC\n131968\nCP\n', 'PC00849\nC8PC\n\n8CC\nC\n', '']",modelv1.0__2026-05-17 21:21:18
D:/moth_photos/database\batch_13\img_moth_00025971.jpg,"[4000, 6000]",36.57692307692308,"['WPC\n9692\n', 'RBDominic\nMcClellanville\nSouthCarolin\n\nOf 974\nugar t\n']","['C\n9692\n', 'RRD\nC\nC\n\n974\n']","['WPC\n9692\n', 'C\nC\n\n974\n']",modelv1.0__2026-05-17 21:21:18
D:/moth_photos/database\batch_13\img_moth_00025972.jpg,"[4000, 6000]",37.1764705882353,"['WPC\n9693\n', 'XBVMOMITDICH\nSharlesREdwards\nAcClellanville\n\nouth Carolina\n\nL6Sep 1972\n']","['C\n9693\n', 'DDC\nR\n\nC\n\nC\n\n6 1972\n']","['WPC\n9693\n', 'PC\nC\nC\n\n6 1972\n']",modelv1.0__2026-05-17 21:21:18
D:/moth_photos/database\batch_13\img_moth_00025973.jpg,"[4000, 6000]",37.19607843137255,"['WPC\n9694\n', 'RBDominick\nMcClellanville\nwa Carolina\nBugs\na tF\nLigh fyue\n', 'c Dominick\na een WPC\na ee\n\n']","['C\n9694\n', 'RD\nC\nC\n', 'D\nC\n\n']","['WPC\n9694\n', 'C\nC\n', 'WPC\n\n']",modelv1.0__2026-05-17 21:21:18
D:/moth_photos/database\batch_13\img_moth_00025974.jpg,"[4000, 6000]",37.235294117647065,"['WPC\n9695\n', 'RBDominick\nMcClellanville\na Carolina\n\nLys\n']","['C\n9695\n', 'RD\nC\nC\n\n175\n']","['WPC\n9695\n', 'C\nC\n\n175\n']",modelv1.0__2026-05-17 21:21:18
D:/moth_photos/database\batch_13\img_moth_00025975.jpg,"[4000, 6000]",36.55769230769231,"['SOUTHCAROLINA\nNedgePlantation\nMcClellanville\nAugust 1968\nCFe son\n', 'WPC\n9696\n']","['0CRC\nC\nR 1968\nC\n', 'C\n9696\n']","['0CC\nP\nC\n1968\nCP\n', 'WPC\n9696\n']",modelv1.0__2026-05-17 21:21:18
D:/moth_photos/database\batch_13\img_moth_00025976.jpg,"[4000, 6000]",37.07843137254902,"['WPC\n9697\n', 'SOUTHCAROLINA\nWedge Plantation\nMcClellanville\nAugust31968\n\nnN rr parakcaon\n']","['C\n9697\n', 'CR\nC\n31968\n\nR\n']","['WPC\n9697\n', 'C\nW P\nC\n31968\n\nP\n']",modelv1.0__2026-05-17 21:21:18
D:/moth_photos/database\batch_13\img_moth_00025977.jpg,"[4000, 6000]",37.21568627450981,"['WPC\n9698\n', 'SUUTHCAROLINA\nWedge Plantation\nMcClellafiville\n\nAugust S 1968\n']","['C\n9698\n', 'CRC\nC11\n1968\n']","['WPC\n9698\n', 'CC\nW P\nWC11\n\n1968\n']",modelv1.0__2026-05-17 21:21:18
D:/moth_photos/database\batch_13\img_moth_00025978.jpg,"[4000, 6000]",37.19607843137255,"['WPC\n9699\n', 'XBDominick\naccyat F\naeet inz\n\nRags\n']","['C\n9699\n', '2RD\n2\n\nR1\n']","['WPC\n9699\n', '2\n2\n\n1\n']",modelv1.0__2026-05-17 21:21:18
D:/moth_photos/database\batch_13\img_moth_00025979.jpg,"[4000, 6000]",36.63461538461539,"['SOUTH CAROLINA\nwedge Plantation\nMcClellafville\nAugust 13 1968\npcFergugon\n', 'WPC\n9700\n', 'JUTHCAROLINA\nrage Plantation\nclellanville\nugust 3 1968\nCe FerguSon\n\nWPC\n9700\n\n']","['CR\nC\n13 1968\nDC0\n', 'C\n9700\n', 'CRC\n2\nC\n3 1968\nC 0\n\nC\n9700\n\n']","['C\nW P\nC\n13 1968\nC0\n', 'WPC\n9700\n', 'CC\n2 P\nC\n3 1968\nC 0\n\nWPC\n9700\n\n']",modelv1.0__2026-05-17 21:21:18
D:/moth_photos/database\batch_13\img_moth_00025980.jpg,"[4000, 6000]",36.63461538461539,"['9701\n', 'SOUTHCAROLINA\nWedgePlantation\nMcClellanville\nAugust4F1968\nDC Ferghson\n']","['9701\n', 'CR\nC\n41968\nDC\n']","['9701\n', 'C\nWP\nC\n41968\nC P\n']",modelv1.0__2026-05-17 21:21:18
D:/moth_photos/database\batch_13\img_moth_00025981.jpg,"[4000, 6000]",37.13725490196079,"['WPC\n9702\n', 'SOUTHCAROLINA\nWedgePlantation\nMcClellanville\nAugust AA 1968\nnNCPerauson\n']","['C\n9702\n', '5CRC\nC1\nR 1968\nCR\n']","['WPC\n9702\n', '5CC\nWP\nC1\n1968\nCP\n']",modelv1.0__2026-05-17 21:21:18
D:/moth_photos/database\batch_13\img_moth_00025982.jpg,"[4000, 6000]",37.15686274509804,"['WPC\n9703\n', 'a\nSOUTHCARCLINA\nWedgePlantation\nMcClellanville\nAugust A 1968\nDCFergtson\n']","['RC\n9703\n', 'CRC\nC\n1968\nDC\n']","['WPC\n9703\n', 'CCW\nWP\nC\n1968\nC\n']",modelv1.0__2026-05-17 21:21:18
D:/moth_photos/database\batch_13\img_moth_00025983.jpg,"[4000, 6000]",36.80769230769231,"['WPC\n9704\n', 'RRDominick\nCharlesR EdwordsP\nMcClellanville\n\nen Carolina 29458\n\n42 2IMAKS94Y\n']","['C\n9704\n', 'RRD\nCR\nC\nC 29458\n\n42 21944\n']","['WPC\n9704\n', 'C P\nC\nC 29458\n\n42 21944\n']",modelv1.0__2026-05-17 21:21:18
D:/moth_photos/database\batch_13\img_moth_00025984.jpg,"[4000, 6000]",36.65384615384615,"['WPC\n9705\n', 'SOUTHCAROLINA\nWedge Plantation\nMcClellamille\nAugust J4 1968\nDC Ferguson\n']","['C\n9705\n', 'CRC\nC\n4 1968\nDC\n']","['WPC\n9705\n', 'CC\nW P\nC\n4 1968\nC\n']",modelv1.0__2026-05-17 21:21:18
D:/moth_photos/database\batch_13\img_moth_00025985.jpg,"[4000, 6000]",36.57692307692308,"['SOUTHCAROLINA\nWedgePlantation\nMcClellanville\nAugust 1968\nDCzFe dson\n', 'WPC\n9706\n', 'SOUTHCAROLINA\nWedgePlantation\nMcClellanville\n\nAugust g 1968\nDCFe guson\n\nWPC\n9706\n\n']","['CRC\nC1\n1968\nDC\n', 'C\n9706\n', 'CR\nC\n\n9 1968\nDC\n\nC\n9706\n\n']","['CC\nWP\nC1\n1968\nC\n', 'WPC\n9706\n', 'C\nWP\nC\n\n9 1968\nC\n\nWPC\n9706\n\n']",modelv1.0__2026-05-17 21:21:18
D:/moth_photos/database\batch_13\img_moth_00025986.jpg,"[4000, 6000]",37.235294117647065,"['SOUTHCAROLINA\nWedgePlantation\nMcClellanville\nAugust 6 1968\nDCz Ferguson\n', 'WPC\n9707\n', 'INA\nPlantation\n\nLlanville\n\nt 19\nS 68\nFerguson\n\nWPC\n9707\n']","['5CR\nC\n6 1968\nDC\n', 'C\n9707\n', '19\n68\n\nRC\n9707\n']","['5C\nWP\nC\n6 1968\nC P\n', 'WPC\n9707\n', 'P\n19\n68\nP\n\nWPC\n9707\n']",modelv1.0__2026-05-17 21:21:18
D:/moth_photos/database\batch_13\img_moth_00025987.jpg,"[4000, 6000]",36.55769230769231,"['SOUTHCAROLINA\nWedgePlantation\nMcClellanville\n16Vuit19g7\n\nDCFerguson\n', 'WPC\n9708\n']","['CR\nC\n16197\n\nDC\n', 'C\n9708\n']","['C\nWP\nC\n16197\n\nCP\n', 'WPC\n9708\n']",modelv1.0__2026-05-17 21:21:18
D:/moth_photos/database\batch_13\img_moth_00025988.jpg,"[4000, 6000]",36.519230769230774,"['SOUTHCAROLINA\nWedgePlantation\nMcClellanville\n\nlovile 196P\n\nDCFerguson\n', 'WPC\n9709\n']","['CR\nC\n\n196R\n\nDC\n', 'C\n9709\n']","['C\nWP\nC\n\n196P\n\nC\n', 'WPC\n9709\n']",modelv1.0__2026-05-17 21:21:18
D:/moth_photos/database\batch_13\img_moth_00025989.jpg,"[4000, 6000]",37.254901960784316,"['WPC\n9710\n', 'SOUTHCAROLINA\nNedgePlantation\nicCleilanville\n\n10Vitl1968\n\nDCFerguson\n']","['C\n9710\n', '50CR\nC\n\n101968\n\nDC\n']","['WPC\n9710\n', '50C\nP\nC\n\n10W1968\n\nCP\n']",modelv1.0__2026-05-17 21:21:18
D:/moth_photos/database\batch_13\img_moth_00025990.jpg,"[4000, 6000]",36.67307692307692,"['POUTHCAROLINA\nWedgePlantation\nMcClellanVille\nAugust i 1968\nDCFerguson\n', 'WPC\n9711\n']","['CR\nC1\n1968\nDC\n', 'C\n9711\n']","['PC\nWP\nC1\n1968\nC\n', 'WPC\n9711\n']",modelv1.0__2026-05-17 21:21:18
D:/moth_photos/database\batch_13\img_moth_00025991.jpg,"[4000, 6000]",37.21568627450981,"['SOUTHCAROLINA\nWedgePlantation\nMcClellaQfville\nAugust 3 1968\nDeCz Ferguso\n', 'WPC\n9712\n', 'OctbbA1ch\nlithas Jodec\n', 'DMBC00848\n\nRICHARDBDOMINICK\nMOTHBUTTERFLYCOLLECTION\nUNIVERSITYOFSOUTHCAROLINA\n']","['CRC\nC\n3 1968\nDC\n', 'C\n9712\n', 'C1\n', 'DC00848\n\nRCRDDC\nRCC\nRCR\n']","['CC\nWP\nC\n3 1968\nC P\n', 'WPC\n9712\n', 'C1\n', 'PC00848\n\nCWC\nCC\nC\n']",modelv1.0__2026-05-17 21:21:18
D:/moth_photos/database\batch_13\img_moth_00025992.jpg,"[4000, 6000]",36.61538461538461,"['WPC\n9713\n', 'XDDominick\n\nMcClellanville\n\noof Carolina\nRor 19 4\n']","['C\n9713\n', 'DD\n\nC\n\n96 C\nR 19 4\n']","['WPC\n9713\n', 'C\n96 C\n19 4\n']",modelv1.0__2026-05-17 21:21:18
D:/moth_photos/database\batch_13\img_moth_00025993.jpg,"[4000, 6000]",36.71153846153846,"['WPC\n9714\n', 'BVomiInickK\nsharlesREdwards\nAcClellanville\noun Carolina\n\nMey1971\npn LuSs\n']","['C\n9714\n', 'DC\nR\nC\nC\n\n1971\n1\n']","['WPC\n9714\n', 'C\nC\nC\n\n1971\n1\n']",modelv1.0__2026-05-17 21:21:18
D:/moth_photos/database\batch_13\img_moth_00025994.jpg,"[4000, 6000]",37.21568627450981,"['WPC\n9715\n', 'RBDominick\nCharlesREdwards\nMcCfFellanville\nSouthCarolina29458\n']","['C\n9715\n', 'RRD\nCR\nC\nC29458\n']","['WPC\n9715\n', 'C\nC\nC29458\n']",modelv1.0__2026-05-17 21:21:18
D:/moth_photos/database\batch_13\img_moth_00025995.jpg,"[4000, 6000]",37.11764705882353,"['WPC\n9716\n', 'x6BDominick\nhariesREdwards\nMicClellanville\nsouthCarolinae\n\nMay1971\nLrakbius\n']","['RC\n9716\n', '6D\nR\nC\nC\n\n1971\n']","['WPC\n9716\n', '6\nC\nC\n\n1971\n']",modelv1.0__2026-05-17 21:21:18
D:/moth_photos/database\batch_13\img_moth_00025996.jpg,"[4000, 6000]",36.59615384615385,"['WPC\n9717\n', 'RBDominick\nCharlesREdwards\nMcClelgnville\nSouthCarolina\n\nuUne192\nfun fo y\n']","['C\n9717\n', 'RRD\nCR\nC\n0C\n\n192\n']","['WPC\n9717\n', 'C\nC\n0C\n\n192\n']",modelv1.0__2026-05-17 21:21:18
D:/moth_photos/database\batch_13\img_moth_00025997.jpg,"[4000, 6000]",36.65384615384615,"['WPC\n9718\n', 'KRBDominick\nChariesREdwards\nMcClellanville\nSouthCarolina\n\n4 July IF\nHs g htpor7\n']","['RC\n9718\n', 'RD\nCR\nC\nC\n\n4 0\n7\n']","['WPC\n9718\n', 'C\nC\nC\n\n4 0\n7\n']",modelv1.0__2026-05-17 21:21:18
D:/moth_photos/database\batch_13\img_moth_00025998.jpg,"[4000, 6000]",36.730769230769226,"['WPC\n9719\n', 'xBDominick\nSharlesREdwards\nAicCleljanville\nsouthCarolina e\nJubyF7\nliao4kor\n', 'eVOMINICK\n\nel Janvilles WPC\nCarolina\n\nhy1FOP 9719\n\n']","['C\n9719\n', '5D\nR\nC\n0C\n97\n4\n', 'C\n\nC\nC\n\n1 9719\n\n']","['WPC\n9719\n', '5\nC\n0C\n97\n4\n', 'C\n\nWPC\nC\n\n1P 9719\n\n']",modelv1.0__2026-05-17 21:21:18
D:/moth_photos/database\batch_13\img_moth_00025999.jpg,"[4000, 6000]",37.254901960784316,"['WPC\n9720\n', 'KBDominick\nCharlesREdwards\nMcClelJanville\nSouthCarolina\n\nJuly 197\nJuly or\n']","['C\n9720\n', 'R56D\nCR\nC\nC\n\n197\n']","['WPC\n9720\n', '56\nC\nC\nC\n\n197\n']",modelv1.0__2026-05-17 21:21:18
D:/moth_photos/database\batch_13\img_moth_00026000.jpg,"[4000, 6000]",36.57692307692308,"['WPC\n9721\n', 'RBDominick\nSharlesREdwards\nfcClellanville\nouthCarolinae\n\n26Fune1971\nLigtht\n']","['C\n9721\n', 'RRD\nR\nC\nC\n\n2621971\n']","['WPC\n9721\n', '8\nC\nC\n\n2621971\n']",modelv1.0__2026-05-17 21:21:18
