bboxes,track_id,frame,width,height,fps,path
"[[978.312255859375, 515.6687622070312, 992.19970703125, 528.072021484375], [1022.2940673828125, 542.3582763671875, 1031.5501708984375, 559.4237060546875]]","[4.0, 3.0]",1,1920,1080,10.0,C:/R_projects/mothz/AC_10out.mp4
"[[978.4248412019309, 515.6976951853069, 992.022247797861, 527.9996968444038], [1022.4909617422697, 542.4655847848991, 1031.626076437403, 559.3658311756163]]","[4.0, 3.0]",2,1920,1080,10.0,C:/R_projects/mothz/AC_10out.mp4
"[[978.2981931378454, 516.1151235877159, 991.8624547766444, 528.2048701999132], [1022.5832782737255, 542.7269879849015, 1031.5557955759793, 559.3368822829685]]","[4.0, 3.0]",3,1920,1080,10.0,C:/R_projects/mothz/AC_10out.mp4
"[[978.1708182658713, 516.4439628665575, 991.8052363873619, 528.2944211148388], [1022.3460565001091, 542.7042247253441, 1031.4769892797742, 559.6805353761317]]","[4.0, 3.0]",4,1920,1080,10.0,C:/R_projects/mothz/AC_10out.mp4
"[[978.5232734970122, 516.6955464726284, 992.6380301789089, 528.7605382251807], [1022.659629803753, 542.5754236762846, 1031.7101797091068, 559.5487702480957]]","[4.0, 3.0]",5,1920,1080,10.0,C:/R_projects/mothz/AC_10out.mp4
"[[1022.7775243532244, 542.4079015891438, 1031.7898155584319, 559.3573594242797]]",[3.0],6,1920,1080,10.0,C:/R_projects/mothz/AC_10out.mp4
"[[1022.741974848877, 542.3399745623724, 1031.7166543056428, 559.17815451922]]",[3.0],7,1920,1080,10.0,C:/R_projects/mothz/AC_10out.mp4
"[[1022.5714344441249, 542.4456263157019, 1031.6898118090812, 559.6040075464919]]",[3.0],8,1920,1080,10.0,C:/R_projects/mothz/AC_10out.mp4
[],[],9,1920,1080,10.0,C:/R_projects/mothz/AC_10out.mp4
[],[],10,1920,1080,10.0,C:/R_projects/mothz/AC_10out.mp4
[],[],11,1920,1080,10.0,C:/R_projects/mothz/AC_10out.mp4
[],[],12,1920,1080,10.0,C:/R_projects/mothz/AC_10out.mp4
[],[],13,1920,1080,10.0,C:/R_projects/mothz/AC_10out.mp4
[],[],14,1920,1080,10.0,C:/R_projects/mothz/AC_10out.mp4
[],[],15,1920,1080,10.0,C:/R_projects/mothz/AC_10out.mp4
[],[],16,1920,1080,10.0,C:/R_projects/mothz/AC_10out.mp4
[],[],17,1920,1080,10.0,C:/R_projects/mothz/AC_10out.mp4
"[[999.2394444525099, 503.00593545175343, 1005.1863749922292, 512.7880749428534], [1023.4222038883432, 547.1429450831355, 1031.712640602753, 558.3084963667178], [982.1956905477361, 495.78258563147335, 991.2549382094292, 501.8530641507426], [948.0081921571541, 556.1030038344456, 957.3465321584963, 561.4750013941991]]","[8.0, 7.0, 6.0, 5.0]",18,1920,1080,10.0,C:/R_projects/mothz/AC_10out.mp4
"[[999.4392981055066, 501.9830415592937, 1005.0234815463912, 511.14626299406166], [1023.4604445910489, 547.2884541366066, 1031.8238232835868, 558.2515942792747], [981.2358748803978, 496.54580962231415, 989.7410601237026, 502.51253439292674], [946.910069252418, 556.6095839264513, 955.9862495653256, 561.5099436055364]]","[8.0, 7.0, 6.0, 5.0]",19,1920,1080,10.0,C:/R_projects/mothz/AC_10out.mp4
"[[999.6204869273732, 500.67390581110465, 1005.4546323895698, 509.97574463791636], [1023.5638706901163, 547.7437606456958, 1031.9777863604486, 558.3785904649103], [979.8601031518691, 497.37018716978594, 988.3664302385044, 503.6960574420199], [945.7634875833766, 556.9783916510779, 954.844987802329, 561.9515331539266]]","[8.0, 7.0, 6.0, 5.0]",20,1920,1080,10.0,C:/R_projects/mothz/AC_10out.mp4
"[[999.5558062674645, 499.9434210901297, 1005.3186027113711, 508.4901779629591], [1023.5214116623713, 548.0351412897126, 1031.7479070942147, 558.3804612967556], [978.6295366268648, 498.1033372285177, 987.0882067886823, 504.7112500599868], [944.1756766508462, 557.6135453321868, 953.3833450879569, 562.7609422015508]]","[8.0, 7.0, 6.0, 5.0]",21,1920,1080,10.0,C:/R_projects/mothz/AC_10out.mp4
"[[999.7483769117625, 498.6035417533727, 1005.624675978027, 507.09847221905227], [1023.5372679684389, 548.2614240147636, 1031.6534270733266, 558.360103387847], [977.1077107395903, 499.18139135626905, 984.9533094133277, 505.56963528098174], [942.5247069813588, 558.3538878568609, 951.9792346941897, 563.9002348453976]]","[8.0, 7.0, 6.0, 5.0]",22,1920,1080,10.0,C:/R_projects/mothz/AC_10out.mp4
"[[999.8550951600354, 497.13357042537734, 1005.9264191409824, 506.0368274275248], [1023.5503655838296, 548.3678625448345, 1031.6408087379982, 558.33797385158], [975.1810533387222, 500.53238746237525, 983.1053665980846, 507.04089442391535], [940.7865534554779, 559.3715944969034, 950.4145750171361, 565.2701139086413]]","[8.0, 7.0, 6.0, 5.0]",23,1920,1080,10.0,C:/R_projects/mothz/AC_10out.mp4
"[[999.8458772382778, 495.44454795756155, 1005.8805001741875, 504.46236416365787], [1023.6856296214496, 548.5614990289056, 1031.6676324338273, 558.2683472675927], [972.9753309972309, 501.6909857258998, 980.8634532059118, 508.36697193074355], [939.2655403193676, 559.8446738513188, 948.9007286396786, 566.1056929345419]]","[8.0, 7.0, 6.0, 5.0]",24,1920,1080,10.0,C:/R_projects/mothz/AC_10out.mp4
"[[999.9902837662781, 494.054853989071, 1006.0397190005634, 503.2268407209694], [1023.5596013724376, 548.5307009439964, 1031.5876349140585, 558.2521777049024], [971.2145756479999, 503.0025865024865, 979.080947667501, 509.7577183325557], [937.6259238262701, 560.320703767493, 947.1706230953228, 566.8705708231086]]","[8.0, 7.0, 6.0, 5.0]",25,1920,1080,10.0,C:/R_projects/mothz/AC_10out.mp4
"[[1000.4227139450285, 492.9847999812199, 1006.5074947834556, 502.0702620547611], [1023.4897996646743, 548.522955608747, 1031.6053596936915, 558.2492908260378], [969.9154349666184, 504.3872010376499, 977.845550179347, 511.6127466240222], [935.8007082234884, 561.7704605165727, 945.4039774382424, 568.6373395454805]]","[8.0, 7.0, 6.0, 5.0]",26,1920,1080,10.0,C:/R_projects/mothz/AC_10out.mp4
"[[977.7481695817755, 537.4811562941929, 983.8024996483466, 546.2913626720258], [1000.8959424139294, 491.8546845320032, 1006.9825929564375, 500.6641133486882], [1023.4270765112958, 548.5364144898609, 1031.6602499513372, 558.2844592138314], [968.4543244378347, 506.25975525779324, 976.1982893522597, 513.7228288593568], [934.2854371349665, 562.6197346341143, 943.6873942196978, 569.5747055698033]]","[12.0, 8.0, 7.0, 6.0, 5.0]",27,1920,1080,10.0,C:/R_projects/mothz/AC_10out.mp4
"[[977.9028600850139, 539.9664380568861, 983.6370301324583, 548.7331037985109], [1001.2097243195625, 490.5364501762005, 1007.5316556972967, 499.25134608615514], [1023.3499372320198, 548.6139128247173, 1031.6913319592632, 558.2982497549758], [967.1458380842416, 508.46502217670934, 974.7682045993963, 515.9175742178758], [932.3729611895957, 563.70525027365, 941.7936397629943, 570.494912801949]]","[12.0, 8.0, 7.0, 6.0, 5.0]",28,1920,1080,10.0,C:/R_projects/mothz/AC_10out.mp4
"[[977.5869580662994, 542.6661137117671, 983.5424805543697, 551.4795937620827], [1002.0049073997884, 489.24598081503615, 1008.353927076105, 497.77551965425556], [1023.3710895152731, 548.542265509162, 1031.9465554516696, 558.237556456636], [965.8608377460685, 510.24626699346055, 973.398637613928, 517.7898372957467], [930.9100215973139, 564.1917132743748, 940.4037458481636, 571.1999023853331]]","[12.0, 8.0, 7.0, 6.0, 5.0]",29,1920,1080,10.0,C:/R_projects/mothz/AC_10out.mp4
"[[988.0672849286112, 498.23464054831845, 993.7629901701383, 507.05469637479234], [977.8081845414434, 545.0145915058439, 983.5845698466447, 553.798606584851], [1002.8165474415624, 487.99822919398434, 1009.1841676375742, 496.7396504916144], [1023.3037188925755, 548.5589529921235, 1032.0499074139161, 558.2501069197181], [965.3001057559009, 510.7089212360403, 972.6736539401813, 518.5801484790876], [929.400515007639, 565.6613036957925, 938.9396776042798, 572.6302995240097]]","[13.0, 12.0, 8.0, 7.0, 6.0, 5.0]",30,1920,1080,10.0,C:/R_projects/mothz/AC_10out.mp4
"[[987.7216129221933, 496.8146846740352, 993.4528738601821, 505.96000121563407], [977.9074832294406, 547.0250149945962, 983.450442903427, 555.8784934481798], [1003.6716824142395, 486.2975775825351, 1009.9131740722594, 495.1725047819272], [1023.2518238846571, 548.7368666309445, 1031.9684085120332, 558.3082490481971], [965.0470949287535, 511.1317119039356, 972.3643696678153, 518.9546064121795], [927.8319461306397, 566.5981302058987, 937.3978261004949, 573.7262440793241]]","[13.0, 12.0, 8.0, 7.0, 6.0, 5.0]",31,1920,1080,10.0,C:/R_projects/mothz/AC_10out.mp4
"[[980.9067510019472, 520.6060896131974, 988.0358638501245, 528.9774055682942], [978.0640147749576, 549.0517132903308, 983.6010760104549, 558.1085247262661], [1004.3331479077556, 485.039591529813, 1010.5742412923094, 493.6042881460634], [1023.2495690306239, 548.389844918231, 1032.0752579311918, 558.4072461177747], [965.0275861907879, 511.2518468674444, 972.3971773571567, 519.0476833984422], [926.7895300722707, 567.6135504911783, 936.0709317235367, 574.9192896700583]]","[14.0, 12.0, 8.0, 7.0, 6.0, 5.0]",32,1920,1080,10.0,C:/R_projects/mothz/AC_10out.mp4
"[[980.9555370222097, 520.6459107524619, 987.6275760580602, 528.6829164662284], [978.2134912508718, 551.0036385573616, 983.7272564047355, 560.4948190766282], [1005.0389354141475, 483.4856931333544, 1011.1891213406959, 491.9934087725047], [1023.0773221098411, 548.1926313456082, 1032.0548547919252, 558.5470334200708], [964.9933771378485, 511.39505995584426, 972.3840952394976, 519.1737819561347], [925.85932646478, 568.9276693895875, 934.61119713571, 576.4797667022391]]","[14.0, 12.0, 8.0, 7.0, 6.0, 5.0]",33,1920,1080,10.0,C:/R_projects/mothz/AC_10out.mp4
"[[981.2534365063711, 520.4438414580908, 987.822872734791, 528.3589362754179], [978.8631671427582, 553.6132055745494, 984.2631363979818, 562.9342558963073], [1005.6372138986961, 481.90402275809316, 1011.7151338849832, 490.2310888194359], [1022.8616283592868, 548.1081444894222, 1031.7979909136104, 558.6782317225149], [964.1853885765488, 512.2827669457907, 971.6816458546591, 520.0505115271964], [924.8953003035326, 570.170269571165, 933.4816543986001, 578.0198948593257]]","[14.0, 12.0, 8.0, 7.0, 6.0, 5.0]",34,1920,1080,10.0,C:/R_projects/mothz/AC_10out.mp4
"[[981.334497235369, 520.5703049916827, 987.8237113595063, 528.4409297608357], [978.9500350276141, 555.809132565904, 984.4916333987796, 565.4519551236016], [1006.5210070217348, 480.84187760483087, 1012.570932450033, 489.043644949845], [1022.8609684262758, 548.193711563986, 1031.6490724471048, 558.90964310288], [962.9629971097522, 513.3123831959041, 970.8898854291654, 520.6644794087337], [923.9830707663166, 571.3931712498458, 932.2246941239302, 579.3768803762454]]","[14.0, 12.0, 8.0, 7.0, 6.0, 5.0]",35,1920,1080,10.0,C:/R_projects/mothz/AC_10out.mp4
"[[981.0731587099705, 520.7487898727024, 987.464951555167, 528.7567340248831], [979.023824845837, 558.1320137571479, 984.6905473087372, 567.8715208751025], [1007.2282814730669, 479.57514683754476, 1013.2563050161649, 487.4910872259473], [1022.4459065482458, 548.4948598775255, 1031.5791581886886, 558.8709944551653], [961.2029546196821, 514.4724060507713, 969.3304932366349, 521.3949939946956], [923.2449971240824, 572.8983068357097, 931.5153729186134, 580.6724396672769]]","[14.0, 12.0, 8.0, 7.0, 6.0, 5.0]",36,1920,1080,10.0,C:/R_projects/mothz/AC_10out.mp4
"[[980.9527468075257, 521.1515322671554, 987.175564379482, 529.2495550662908], [979.3643378164995, 560.3506257801927, 985.3143160768652, 570.2967401168224], [1007.9020283602314, 477.96061967898726, 1014.1101998869364, 485.8735634014834], [1022.2148504998055, 548.9356873649389, 1031.374979775508, 559.2833656267177], [959.4164073064301, 515.7647595639492, 967.7052362216848, 522.4662104370714], [921.8471040580798, 574.2237675173717, 930.0513431669144, 582.0695576929566]]","[14.0, 12.0, 8.0, 7.0, 6.0, 5.0]",37,1920,1080,10.0,C:/R_projects/mothz/AC_10out.mp4
"[[981.0841877427866, 521.4031492618982, 986.9326114573788, 529.5137026855397], [979.1939313286939, 562.5919379844258, 985.1273385715676, 572.6950942798064], [1008.5960138271623, 476.3000627779652, 1014.9726178977189, 484.4287447003827], [1021.9112304339476, 549.2253402880526, 1031.124719935219, 559.7162431507138], [957.6406410971846, 517.0224376173104, 965.8234669914656, 523.8160387572337], [920.5709154664903, 575.4353841559109, 928.930574001208, 583.0413562263]]","[14.0, 12.0, 8.0, 7.0, 6.0, 5.0]",38,1920,1080,10.0,C:/R_projects/mothz/AC_10out.mp4
"[[980.8648264233066, 521.3538787854077, 986.8338447150632, 529.8761965751746], [979.2405086739209, 565.121654470565, 985.0813375129208, 575.0835582625226], [1009.3540253947548, 474.5413538009518, 1015.7606566831124, 482.7782149719685], [1021.8706038969628, 549.6850676668934, 1031.2259572885853, 560.0762036909363], [955.5498356241271, 518.255429133705, 963.7527371751371, 525.0083433942967], [919.3736636081173, 576.7924140763245, 927.9589597113829, 584.4302194829712]]","[14.0, 12.0, 8.0, 7.0, 6.0, 5.0]",39,1920,1080,10.0,C:/R_projects/mothz/AC_10out.mp4
"[[980.7940349267707, 521.591135603179, 986.78728415542, 530.4627853956058], [978.7538067186923, 567.1155794457359, 984.6850668780318, 577.044098201613], [1010.0142852363767, 473.3412624100095, 1016.4153593731037, 481.517123274251], [1021.7296952699081, 550.0775942969592, 1031.3148187033821, 560.1909103903663], [954.1570305846734, 519.8160377251273, 962.0103514553188, 526.6291531749847], [918.0043514008513, 578.033434548258, 926.7290465468058, 585.6411292006284]]","[14.0, 12.0, 8.0, 7.0, 6.0, 5.0]",40,1920,1080,10.0,C:/R_projects/mothz/AC_10out.mp4
"[[981.0252019002628, 522.1129172135635, 986.8690368034509, 531.0869626565549], [978.5641478594086, 569.8728496822142, 984.4322190393016, 579.7965143409139], [1010.6676902589313, 471.75810325696233, 1017.2286920023532, 480.32107398218403], [1021.7118068372112, 550.356782884104, 1031.596975928357, 560.2772338682973], [952.7877523954147, 521.2776333458495, 960.452128543341, 528.2631680351573], [916.3632146505437, 579.0653699430742, 925.0402213590008, 586.8905234549742]]","[14.0, 12.0, 8.0, 7.0, 6.0, 5.0]",41,1920,1080,10.0,C:/R_projects/mothz/AC_10out.mp4
"[[981.2694362277522, 522.5243196942403, 987.062619076427, 531.7503031233092], [978.200448895028, 572.3877080093039, 983.9273565690136, 582.1114209955199], [1011.1540811005067, 470.31924921807973, 1017.7645840238825, 479.15269887321796], [1021.6571466205421, 550.8739866006463, 1031.7482790531287, 560.5877296341887], [951.8125604012391, 523.1726878032857, 959.3367222337581, 530.0488834295279], [914.8382443423027, 580.0868973335157, 923.624056812816, 587.7262194179275]]","[14.0, 12.0, 8.0, 7.0, 6.0, 5.0]",42,1920,1080,10.0,C:/R_projects/mothz/AC_10out.mp4
"[[981.4686821868853, 523.050831305065, 987.0457053411277, 532.1679763902087], [977.7667508870862, 574.5967523174711, 983.4394456299216, 584.1959140210745], [1012.0256446643654, 468.84248979780637, 1018.5990900071271, 477.50600006623165], [1021.707154270308, 550.8417060034905, 1031.9376757255889, 560.6882951103102], [950.8028601069021, 524.7832336321313, 957.9529072090605, 531.8279097661069], [912.9945060000294, 581.4725875760299, 921.9865160113349, 589.0636426305651]]","[14.0, 12.0, 8.0, 7.0, 6.0, 5.0]",43,1920,1080,10.0,C:/R_projects/mothz/AC_10out.mp4
"[[981.6468179468437, 523.5075089080573, 987.1751373270178, 532.7569735248575], [977.5794278053223, 577.0397587217076, 983.3963089336693, 586.5462104460389], [1012.8078718342772, 467.10615816356284, 1019.2352905773018, 475.7062873928067], [1021.3558490565842, 550.81154712689, 1031.640968562372, 560.86738357575], [949.7589691026127, 526.9686605596445, 956.7150607883956, 534.3204337455358], [911.3253216882424, 582.4386540268312, 920.2479765076382, 589.8113002686947]]","[14.0, 12.0, 8.0, 7.0, 6.0, 5.0]",44,1920,1080,10.0,C:/R_projects/mothz/AC_10out.mp4
"[[981.7649767716131, 523.8623455177445, 987.2366607139194, 533.3002942253123], [977.0537359849552, 579.1554085150199, 983.0614577953472, 588.7100799179766], [1013.495501656768, 465.57852195041335, 1020.1000076227283, 474.2300781975007], [1021.1654935860048, 550.847385157246, 1031.5422028149035, 561.07868673183], [948.6290794315285, 528.7738114840956, 955.6112961786769, 536.5468934011683], [910.0195371110404, 583.6154687575906, 918.9035087621652, 590.7521183159215]]","[14.0, 12.0, 8.0, 7.0, 6.0, 5.0]",45,1920,1080,10.0,C:/R_projects/mothz/AC_10out.mp4
"[[981.7964493853566, 524.3404669977078, 987.3131836474348, 534.0595096065656], [976.54103471698, 581.4924448174506, 982.8261315728989, 590.9768788536921], [1013.9202041758908, 464.5326633521395, 1020.472912153306, 473.1204277581461], [1020.9269864115117, 550.9175374204294, 1031.162286347787, 561.3026076861358], [947.8847120912427, 530.9535147101888, 954.6539005437165, 538.8770586709315], [908.6613589264673, 584.9211808923942, 917.733038828088, 591.7888370958606]]","[14.0, 12.0, 8.0, 7.0, 6.0, 5.0]",46,1920,1080,10.0,C:/R_projects/mothz/AC_10out.mp4
"[[981.7372371688439, 524.8053775923822, 987.3573285930224, 534.5816831963002], [976.0174625585735, 583.6839926869814, 982.3008631995926, 592.9313514416515], [1014.9962372248073, 462.98738293023126, 1021.5633182795492, 471.5764747114328], [947.0832782407184, 533.0200089929875, 953.7206119940121, 541.0236415267992], [907.4523682536403, 586.1829268019663, 916.4817591346048, 592.821937665526]]","[14.0, 12.0, 8.0, 6.0, 5.0]",47,1920,1080,10.0,C:/R_projects/mothz/AC_10out.mp4
"[[981.9209500826214, 524.9975942345086, 987.4553265444611, 534.8481319894163], [975.2390224409893, 586.1471101234667, 981.3528484478562, 595.2910469043884], [1015.348582045221, 461.5010352556632, 1022.1126916079089, 470.06900718824323], [946.1049235947866, 534.9840053857918, 952.803137681827, 543.2699891116583], [906.1175409216055, 587.0981543686354, 914.7544866792575, 593.9181598528309]]","[14.0, 12.0, 8.0, 6.0, 5.0]",48,1920,1080,10.0,C:/R_projects/mothz/AC_10out.mp4
"[[981.8862821625016, 525.1417542798703, 987.5128201680955, 535.0543706144516], [974.584910828674, 588.6039163009926, 980.7655128660552, 597.6023228705345], [1015.8034413683489, 459.74505060979106, 1022.7253910115054, 468.246665754486], [945.1819818421087, 536.7339884902989, 951.9151707824427, 544.9709863442916], [904.8117759019892, 588.3943588465473, 913.5543747368479, 595.4101143393199]]","[14.0, 12.0, 8.0, 6.0, 5.0]",49,1920,1080,10.0,C:/R_projects/mothz/AC_10out.mp4
"[[981.9709672745462, 525.6822048949523, 987.6630841140327, 535.6780034849812], [973.5402552918761, 590.7920805225922, 979.8173317846454, 599.8008514030957], [1016.306122469423, 458.34637270927584, 1022.943486901555, 466.8905640027613], [943.6882122771779, 538.8432002514826, 950.4107014670715, 547.0489826495107], [903.34939226246, 589.6211734517923, 911.8419635858356, 596.7196746911942]]","[14.0, 12.0, 8.0, 6.0, 5.0]",50,1920,1080,10.0,C:/R_projects/mothz/AC_10out.mp4
"[[982.1669137233876, 526.4801022522448, 987.6295291859421, 536.2712761894667], [972.6526810288032, 592.9592015385405, 979.2510102090561, 602.1991997654621], [1016.6915310408102, 456.8065061710174, 1023.5208003060983, 465.39782839201916], [942.4436831864834, 540.7287198012348, 949.1541399859229, 548.9730236430546], [902.0055972909098, 590.7480122723787, 910.4931335659768, 597.8692411080849]]","[14.0, 12.0, 8.0, 6.0, 5.0]",51,1920,1080,10.0,C:/R_projects/mothz/AC_10out.mp4
"[[985.0964507405909, 466.7483287495245, 990.508822386726, 476.06621468927415], [981.9798899068039, 527.2303925543256, 987.5262627725272, 536.9781666769], [971.652353383728, 594.7072002264838, 978.3309052339778, 604.1244228271664], [1017.2468375011204, 455.2984181052858, 1024.0307892134604, 463.9563970513269], [941.009013471564, 542.7047435175991, 947.8449192953613, 550.7417560433387], [900.7642143657148, 591.8457297686998, 909.1457363502717, 599.1873548090318]]","[16.0, 14.0, 12.0, 8.0, 6.0, 5.0]",52,1920,1080,10.0,C:/R_projects/mothz/AC_10out.mp4
"[[984.8517316471073, 465.28414755323325, 990.2206414023387, 474.5740840833244], [982.0255489153453, 528.0562819352444, 987.5398898277901, 537.8213410212863], [970.6682813699745, 596.9583222951741, 977.5947600649431, 606.4235831167406], [1017.9004566529576, 453.75390907907644, 1024.7565466247718, 462.3967009912306], [939.5053601850111, 544.7295515501894, 946.4767696951953, 552.4479781362131], [899.6120137718772, 592.9357770706487, 908.376650470608, 600.4074773287517]]","[16.0, 14.0, 12.0, 8.0, 6.0, 5.0]",53,1920,1080,10.0,C:/R_projects/mothz/AC_10out.mp4
"[[984.7565280939407, 464.03140416991425, 990.1134719860736, 473.28489128412764], [982.1017765973194, 528.9913575391319, 987.5027082671371, 538.7693281810051], [969.932294544295, 599.754322272248, 976.8319113822699, 608.9542239477079], [1018.5013677740413, 452.3870033610419, 1025.3252691480325, 460.9242401837906], [937.7892345912321, 546.5857270940924, 944.9994200596554, 554.07215115296], [898.3509932635878, 594.2464584372209, 906.833185784472, 601.7129136539439]]","[16.0, 14.0, 12.0, 8.0, 6.0, 5.0]",54,1920,1080,10.0,C:/R_projects/mothz/AC_10out.mp4
"[[984.5740990372549, 462.97909832176185, 989.8091229224219, 472.03072933771307], [982.1131010936035, 530.1147044888518, 987.4388529899779, 539.9018356334899], [968.5839923372906, 602.0112718129905, 975.4835626263083, 610.962535495523], [1019.152078265737, 451.10449951714713, 1025.9688125667533, 459.6601015563001], [936.0109202808281, 548.2109565477328, 943.1319197350355, 555.6310614108115], [897.1074038162453, 595.3968021269615, 905.7113712872563, 602.7908177876542]]","[16.0, 14.0, 12.0, 8.0, 6.0, 5.0]",55,1920,1080,10.0,C:/R_projects/mothz/AC_10out.mp4
"[[984.2405444342414, 461.9736547098768, 989.2168757710785, 470.8334201534071], [982.1026021145607, 531.3536218148013, 987.3984130654388, 541.2610408979233], [967.6918945847149, 604.0332353787269, 974.666572107493, 612.8847056646296], [1019.8591969482828, 450.10270467094983, 1026.5129663265732, 458.44555024542365], [934.7998872983388, 549.8567134450678, 942.0355246960274, 557.0709668570204], [895.6839652379626, 596.6415657460842, 904.2552743357744, 604.2476107838539]]","[16.0, 14.0, 12.0, 8.0, 6.0, 5.0]",56,1920,1080,10.0,C:/R_projects/mothz/AC_10out.mp4
"[[984.0706265586759, 460.9959310809306, 988.672185231997, 469.2389186795446], [982.4034444478672, 532.8218278640169, 987.5466513248026, 542.8287974019219], [966.5187413081604, 605.9308657701346, 973.4757916692919, 614.8890952974867], [1020.180044611844, 448.9360077414742, 1026.7464987405779, 457.3314633665884], [933.1938625232003, 551.2439567790207, 940.4091041454585, 558.6154464616238], [894.5464270658969, 597.5187955767377, 903.0875889186735, 605.1337812301027]]","[16.0, 14.0, 12.0, 8.0, 6.0, 5.0]",57,1920,1080,10.0,C:/R_projects/mothz/AC_10out.mp4
"[[983.5994981410563, 459.659544297275, 988.1478384084717, 467.91573435715446], [982.7085498987574, 534.2422366647232, 987.8302974598819, 544.1225498411444], [965.8664468305516, 608.3358569677027, 972.8627325966646, 617.2566941121361], [1020.6954334426812, 447.63495262938545, 1027.06983732186, 456.18924113308015], [932.2910098692972, 552.4248538724022, 939.437644859595, 559.8657939559445], [893.383640606233, 598.633340643626, 901.9843683605311, 606.0748367441487]]","[16.0, 14.0, 12.0, 8.0, 6.0, 5.0]",58,1920,1080,10.0,C:/R_projects/mothz/AC_10out.mp4
"[[983.3330842073775, 458.27213742380246, 988.0484098200203, 466.4588080346903], [983.1082808676371, 535.2035798367145, 988.2008274878284, 544.8359813037681], [964.91426307018, 610.3356815713317, 971.9262566941355, 619.4278496095654], [1020.9048682172998, 446.4070638541515, 1027.1222346978866, 454.91411442013896], [931.9497466458571, 552.7362525176808, 938.9964377209202, 560.2457617881295], [892.2721682984846, 599.6275672184579, 900.9045501932259, 606.8200924432235]]","[16.0, 14.0, 12.0, 8.0, 6.0, 5.0]",59,1920,1080,10.0,C:/R_projects/mothz/AC_10out.mp4
"[[996.3802935064178, 453.36860364203295, 1001.8497717949939, 461.5308310256476], [983.0302506297977, 456.71899484144177, 987.8069715523762, 465.1064097942273], [983.3717510322359, 536.0407281227355, 988.8177892937246, 545.8308274631673], [963.6510604948204, 612.6844093370034, 970.8197236482946, 621.739085239474], [1021.0093895605546, 445.3281483797975, 1027.236651097724, 453.8578629634147], [931.9626149502983, 552.8516380022493, 938.8375028489411, 560.2437696972052], [890.8426406801881, 600.9818530026313, 899.6182673243519, 608.041476615458]]","[19.0, 16.0, 14.0, 12.0, 8.0, 6.0, 5.0]",60,1920,1080,10.0,C:/R_projects/mothz/AC_10out.mp4
"[[996.5287371639541, 451.50465425738315, 1001.9316272012651, 459.899686193705], [982.6740124010702, 455.17701329116016, 987.5070950930589, 463.42932548643944], [983.7638494465516, 536.7460145986377, 989.5150333755985, 546.8310029854231], [962.8880515646384, 615.3613696753577, 970.0345185745238, 624.37443998828], [1021.1916750112139, 443.8094756785691, 1027.5291186346183, 452.52528741377245], [931.8744815118204, 552.9983960117985, 938.6913778998072, 560.4093278450783], [889.3962803623049, 601.9804941266782, 898.1466472438626, 608.8781066176073]]","[19.0, 16.0, 14.0, 12.0, 8.0, 6.0, 5.0]",61,1920,1080,10.0,C:/R_projects/mothz/AC_10out.mp4
"[[996.6864081682648, 449.4321673623019, 1002.1456626548533, 457.9786943151664], [982.659358140358, 453.38227154109904, 987.5828819746297, 461.7365133365971], [983.8741339191922, 537.9816124159524, 989.6772512057462, 548.0269652986738], [961.7539626982596, 617.7233786949053, 968.6741643151145, 626.5606516270848], [1021.3735027108147, 442.68297033442826, 1027.536669390649, 451.41850450887256], [931.6264573630601, 553.1233517719255, 938.5150878774639, 560.6020082440956], [888.0520239576358, 603.1745108104892, 896.7840047285338, 610.1167207742712]]","[19.0, 16.0, 14.0, 12.0, 8.0, 6.0, 5.0]",62,1920,1080,10.0,C:/R_projects/mothz/AC_10out.mp4
"[[996.7094077683614, 446.89656641203516, 1002.2532280732314, 455.455099200622], [982.6201755901633, 451.4109193984567, 987.5389656891886, 459.96393967653785], [984.2609197720313, 539.124839092605, 989.9018216268724, 548.9091149487613], [960.8154629859996, 619.714582346669, 967.691482336292, 628.5934183579182], [1021.3173923918395, 441.2846962338723, 1027.624651094346, 450.3052945844694], [930.9831517186706, 553.5438314098037, 937.9416892561082, 560.7820168849207], [886.3884777623128, 604.030399912072, 895.2344765935715, 610.9516385326215]]","[19.0, 16.0, 14.0, 12.0, 8.0, 6.0, 5.0]",63,1920,1080,10.0,C:/R_projects/mothz/AC_10out.mp4
"[[1022.9195214916613, 551.7148743026356, 1028.502022779689, 562.4063986646955], [996.9737361538708, 444.42013103461335, 1002.565137006305, 452.9348900759174], [982.6852428413687, 450.07534807716746, 987.5667479616478, 458.4849077632081], [984.6277679573919, 540.3855157311252, 990.3395030100445, 550.2434946916992], [960.0321850179503, 621.8982667472472, 966.4946910328003, 630.7650684132424], [1021.6787379704567, 439.9996767621261, 1027.7519868970019, 449.1073265221996], [929.5887661214923, 554.006233916296, 937.0110273606607, 560.9074523783411], [885.3588955156459, 605.0407536541541, 894.0531682357918, 611.8802082413406]]","[20.0, 19.0, 16.0, 14.0, 12.0, 8.0, 6.0, 5.0]",64,1920,1080,10.0,C:/R_projects/mothz/AC_10out.mp4
"[[1022.8274881340125, 551.7619000710407, 1028.483706636932, 562.71352200536], [997.3728815994216, 442.6915276913439, 1002.9438108124598, 451.2038892076982], [982.5590168496637, 448.30351330948633, 987.505936540435, 456.90807465308274], [985.0099533819542, 541.8013391744985, 990.8315804762705, 551.4497691187548], [959.1589906079465, 624.248291472761, 965.333568456446, 633.0651294488365], [1022.146880111321, 438.91835692874827, 1028.114353415353, 447.9961602000358], [928.149008698978, 554.9718924722539, 935.907957340832, 561.4745995940906], [884.2298477570324, 605.9250473379013, 892.6841548389926, 612.7752466170057]]","[20.0, 19.0, 16.0, 14.0, 12.0, 8.0, 6.0, 5.0]",65,1920,1080,10.0,C:/R_projects/mothz/AC_10out.mp4
"[[1017.8297784009367, 568.3851723165576, 1022.8969765412344, 575.8386370505164], [1022.8832614421705, 551.8247358296645, 1028.596374291866, 562.7219921788668], [997.3012770455217, 440.43352801920963, 1003.0149628709584, 449.3739551250406], [982.6779332652575, 446.8021878358774, 987.4075123120733, 455.4149943633925], [985.1914853297536, 542.8678623302501, 991.0990737246187, 552.3587442268613], [958.5892873628037, 626.5639345634038, 964.6105424864314, 635.4368763268214], [1022.4760262667769, 437.6767180305454, 1028.4230056377296, 446.54382228797857], [926.2503286563395, 555.8801134065654, 934.1545071779298, 562.567019708792], [882.9373360098443, 606.8802306905726, 891.3870740824941, 613.6628190042883]]","[22.0, 20.0, 19.0, 16.0, 14.0, 12.0, 8.0, 6.0, 5.0]",66,1920,1080,10.0,C:/R_projects/mothz/AC_10out.mp4
"[[1017.5996256490637, 569.1444173271593, 1022.8922170993364, 576.7033296654865], [1022.8003545039111, 552.1523560766053, 1028.5460942311138, 563.0966130164244], [997.3848419720032, 438.5829792152662, 1003.0798847077101, 447.4550700688049], [982.4262081534837, 445.13759067643747, 987.3424617254416, 453.8397495943165], [985.5245857804052, 544.0191166639917, 991.4886061170944, 553.3056321615658], [957.6065603504916, 628.5106665318481, 963.665723767983, 637.4905992675156], [1023.096818564411, 436.19583575943363, 1029.0527112427058, 445.09507812023537], [924.5562970253483, 556.4238690427047, 932.7128270123086, 562.9925919158501], [881.7168291113718, 607.8734607920065, 890.0996868300839, 614.5474223143068]]","[22.0, 20.0, 19.0, 16.0, 14.0, 12.0, 8.0, 6.0, 5.0]",67,1920,1080,10.0,C:/R_projects/mothz/AC_10out.mp4
"[[1018.0745023728783, 569.8424874877968, 1023.3262899519428, 577.93723548891], [1022.8005435625223, 552.3677968335455, 1028.4832064254288, 563.3140091301234], [997.3096499205244, 436.1877263461195, 1002.8843484270251, 445.06779040282487], [982.6484973757357, 443.3731956452642, 987.6325022682814, 452.20310721593023], [985.8173009292647, 545.2742675699446, 991.8436710431109, 554.5285646659929], [956.9598389313053, 630.9556282158218, 963.0742663648753, 640.0389391518739], [1023.3782023772134, 434.9123309767255, 1029.3801679164173, 443.9525252847347], [922.5347451471845, 557.4419206785911, 930.8740866499148, 563.624854564319], [880.284055757169, 608.9774070252787, 888.6170025710094, 615.7160342807143]]","[22.0, 20.0, 19.0, 16.0, 14.0, 12.0, 8.0, 6.0, 5.0]",68,1920,1080,10.0,C:/R_projects/mothz/AC_10out.mp4
"[[1017.9793346338511, 570.5297186478306, 1023.3568941543406, 578.9486857280081], [1022.8155437965207, 553.0547524699314, 1028.223844698039, 563.1102301647325], [997.7007131608462, 434.3682648576731, 1003.3440056598062, 443.20486481111107], [982.5895890141262, 441.6442749283352, 987.6110878354607, 450.48541453808184], [986.2979396696595, 546.6180006505224, 992.1949619927299, 555.6568542940677], [955.9496230294061, 632.6103574858535, 962.1029070962899, 641.7692382894586], [1023.614437138411, 433.6317837396941, 1029.7557430167815, 442.6536501094578], [920.4644388656842, 558.1436994219754, 929.0434595672385, 564.4066955704149], [879.2437939102556, 609.529857638756, 887.5776272619376, 616.2683176201086]]","[22.0, 20.0, 19.0, 16.0, 14.0, 12.0, 8.0, 6.0, 5.0]",69,1920,1080,10.0,C:/R_projects/mothz/AC_10out.mp4
"[[1017.8896188373595, 571.2409656173688, 1023.1889788408376, 579.7112487746283], [1022.934331419403, 553.131119661081, 1028.3780616266336, 563.2377470739667], [997.8558250690617, 432.24002053304974, 1003.5423112913061, 440.92577593725576], [982.5211756865932, 440.0947985033288, 987.545466878004, 448.909862058768], [986.7078633609855, 547.6868468616241, 992.6408000306197, 556.6547618817114], [954.9878897596147, 634.6478335264869, 961.1865820896387, 643.7974951087724], [1024.05699465631, 432.2627423179059, 1030.1822355243235, 441.1524880286163], [918.3121789570972, 558.9545098866326, 927.0216777390425, 565.3721497423153], [878.0184607532378, 610.570211574389, 886.2886123639696, 617.5452134454118]]","[22.0, 20.0, 19.0, 16.0, 14.0, 12.0, 8.0, 6.0, 5.0]",70,1920,1080,10.0,C:/R_projects/mothz/AC_10out.mp4
"[[1017.7236066907026, 571.9019109078233, 1023.0046663481055, 580.4410753764068], [1022.7736953173186, 553.4327414877528, 1027.9652056484138, 563.3394380203774], [998.415676443326, 430.8123358057209, 1004.1056359004488, 439.2271957271424], [982.4339240970958, 438.69976882240786, 987.466423261701, 447.26906336670464], [987.4442262698985, 548.7313324850516, 993.6297118846694, 557.8260803440787], [954.2978308577699, 636.7196679977193, 960.4577115290256, 645.6973347435543], [1024.4875546388005, 430.36106945835127, 1030.605573070324, 439.1655198008441], [916.6405075878984, 559.8640174898765, 925.3979297534252, 566.3759464388688], [876.6118091866621, 611.7081909289614, 884.9756059565351, 618.5483502238255]]","[22.0, 20.0, 19.0, 16.0, 14.0, 12.0, 8.0, 6.0, 5.0]",71,1920,1080,10.0,C:/R_projects/mothz/AC_10out.mp4
"[[1017.5945160923902, 572.6635301409024, 1023.0491432957558, 581.6356008082071], [1022.6693575276165, 553.5853151616373, 1028.0132895052504, 563.6181803181662], [998.9495526703957, 429.0271117303418, 1004.4965224169276, 437.08323078149266], [982.4416114029226, 436.9580304444869, 987.4580471786177, 445.65226627169625], [988.122078355844, 549.8329574261201, 994.3155820372679, 559.1234610463454], [953.2338897642733, 638.8542854912646, 959.5268972692154, 647.6895451729451], [1024.4475741621138, 428.7476826943967, 1030.5364358106265, 437.6112104650667], [914.7271279462208, 561.1480417898935, 923.4967132255691, 567.5663041798745], [875.1267011324392, 612.967380289138, 883.5999144647965, 619.8349647898851]]","[22.0, 20.0, 19.0, 16.0, 14.0, 12.0, 8.0, 6.0, 5.0]",72,1920,1080,10.0,C:/R_projects/mothz/AC_10out.mp4
"[[1017.4022652426536, 573.5621878244291, 1022.9631259274177, 582.5684158269597], [1022.4286267951521, 553.5415463769955, 1027.7988921710175, 563.4381451301849], [999.6037471970099, 427.3057073678895, 1005.331308411693, 435.78076819614006], [982.430345430244, 435.0985405919269, 987.4406021930984, 443.90058488983146], [988.5484285661317, 551.1555493349756, 994.8804838214422, 560.3506001198882], [952.3819959408331, 641.128035287459, 958.900014363893, 650.0017536806826], [1024.7094506861836, 427.31224188063965, 1030.8070429667441, 436.1764105424896], [913.0908502434779, 562.5807455543991, 921.9728855583221, 569.1991986960672], [873.6881245023237, 613.6979401214335, 882.0876905188795, 620.4556185084502]]","[22.0, 20.0, 19.0, 16.0, 14.0, 12.0, 8.0, 6.0, 5.0]",73,1920,1080,10.0,C:/R_projects/mothz/AC_10out.mp4
"[[1017.242887973868, 574.121184982894, 1022.8784895097286, 583.2669251454035], [1022.2488600373983, 553.5192917770812, 1027.6953853587818, 563.4943538867994], [1000.030613147987, 425.73944886012544, 1005.7975451673565, 434.1896883286614], [982.6337229935572, 433.5048268449396, 987.611231642703, 442.2932486774567], [988.8583008005318, 552.2571302520915, 995.3679718178824, 561.6394094966441], [951.2514695502839, 642.9083065109044, 957.9819201308546, 651.762129943748], [1025.202918338814, 425.8769212940395, 1031.2340698604826, 434.7548926072274], [911.4141744240421, 563.5979540231903, 920.300463197626, 570.3621504872639], [872.5200144482751, 614.7895669894276, 880.9092484442335, 621.4078978885761]]","[22.0, 20.0, 19.0, 16.0, 14.0, 12.0, 8.0, 6.0, 5.0]",74,1920,1080,10.0,C:/R_projects/mothz/AC_10out.mp4
"[[1017.1699365811154, 575.0449276687099, 1022.858794333756, 584.2258132009866], [1022.0982932046027, 553.604555621141, 1027.5860911824216, 563.6087521189792], [1000.3574890047431, 424.2037648843126, 1006.0888596537628, 432.5365399394029], [982.6554839326725, 431.99899126920747, 987.5171209679388, 440.60226737355714], [989.254643643412, 553.4175547703328, 995.6902069352293, 562.5851903676371], [950.3291255735181, 644.7518241663538, 957.2187503532067, 653.4694953810406], [1025.5387499153742, 424.35219189098945, 1031.6845522326923, 433.3216932909401], [909.7354592148218, 564.7540985713788, 918.6212441062725, 571.8494259514957], [871.0058288545863, 615.9100440074511, 879.5347589853659, 622.5364598541113]]","[22.0, 20.0, 19.0, 16.0, 14.0, 12.0, 8.0, 6.0, 5.0]",75,1920,1080,10.0,C:/R_projects/mothz/AC_10out.mp4
"[[1017.2310413537066, 576.0500510099678, 1022.865386447537, 585.1053134682072], [1021.3965815297926, 554.24665885663, 1026.853281684712, 564.1655417940113], [1000.4246842278097, 422.21386263254516, 1006.2905066771508, 430.5456411101258], [982.8707491413529, 430.3877036159006, 987.7399574992962, 438.8658434968827], [989.6308575150612, 554.5863006539092, 996.0668674326715, 563.8971268321576], [949.427792985169, 646.581134715064, 956.233807564054, 655.4201354617147], [1025.9917529531947, 423.08919430986333, 1032.1540694057219, 431.89873477440705], [908.1295898328553, 565.8569077708856, 916.9272671352553, 572.7257012361378], [870.2120787513611, 616.9990448349951, 878.7423260351904, 623.7217617618963]]","[22.0, 20.0, 19.0, 16.0, 14.0, 12.0, 8.0, 6.0, 5.0]",76,1920,1080,10.0,C:/R_projects/mothz/AC_10out.mp4
"[[1017.6083751593768, 577.1043210645778, 1023.1553159400897, 586.1277612515482], [1021.0290528685699, 554.5861786088022, 1026.407070076693, 564.5264561802654], [1000.6712567343301, 420.07930709480934, 1006.6381000680025, 428.755055951941], [983.0872759645316, 428.65848032199744, 987.9884456842384, 437.02656801980083], [989.916252437515, 555.6264937679257, 996.4239864429316, 565.1435817680485], [948.1453135933182, 648.4225043110093, 955.0847109115389, 657.326154619441], [1026.443763926396, 421.6567748937736, 1032.693899075794, 430.27320840504916], [906.1717341109006, 567.0766754460607, 914.9150062267679, 573.9119872665996], [869.2900139476876, 618.0975981763089, 877.544802744321, 625.0939148524532]]","[22.0, 20.0, 19.0, 16.0, 14.0, 12.0, 8.0, 6.0, 5.0]",77,1920,1080,10.0,C:/R_projects/mothz/AC_10out.mp4
"[[1017.7189094287554, 578.1265753324208, 1023.2324081980224, 587.1143314827159], [1020.9575907162352, 554.8163068525662, 1026.339683028855, 564.8373173538077], [1001.0037382177408, 418.1997142590199, 1006.9952877521249, 426.8535004906092], [983.0334952777786, 427.38353625165286, 987.9346309722067, 435.7052704514943], [990.5736217750735, 557.1114360736118, 997.0458197204313, 566.6463810909712], [947.3519815058829, 650.4024134277533, 954.367760903683, 659.3291952700743], [1026.8446788090619, 420.31137201194105, 1033.0709362891193, 428.93406031078126], [904.599143633591, 567.743304597571, 913.1336550942044, 574.5318946838821], [868.2294133072039, 619.6844384258792, 876.3537100419753, 626.7133852182816]]","[22.0, 20.0, 19.0, 16.0, 14.0, 12.0, 8.0, 6.0, 5.0]",78,1920,1080,10.0,C:/R_projects/mothz/AC_10out.mp4
"[[1017.3761134291011, 578.914401828806, 1023.049079828429, 588.1648856909475], [1020.9559091189197, 554.9569442503513, 1026.464720074546, 565.1396106999758], [1001.5947476999689, 416.611137042453, 1007.5374082035113, 425.05248207196433], [983.043034965275, 425.5271751440619, 987.9815987293318, 434.24666514331915], [991.0557577805179, 558.286921825384, 997.5392187856334, 567.6485679483045], [946.5785477782083, 652.310250719828, 953.5697698073352, 661.1943256839413], [1027.2971702460832, 418.8057605223545, 1033.5060455168732, 427.4448310934623], [902.4540201711891, 568.7109134794049, 911.0830977472294, 575.3286557990785], [867.1463740624741, 620.7554160116028, 875.1837552797743, 627.703633634045]]","[22.0, 20.0, 19.0, 16.0, 14.0, 12.0, 8.0, 6.0, 5.0]",79,1920,1080,10.0,C:/R_projects/mothz/AC_10out.mp4
"[[1017.5802411274153, 579.876044981693, 1023.3366552542711, 589.2193395403715], [1020.8788594725229, 555.3390598377523, 1026.4728022343988, 565.6403994561028], [1001.7734068884822, 414.19853647385224, 1007.6928405625031, 422.58303623102285], [983.1006658699185, 424.0903274850424, 988.0901580276451, 432.639124226043], [991.5890774252288, 559.349198872691, 997.956021980087, 568.6560220548254], [945.9190217455413, 654.4263719060122, 952.8346606321307, 663.4209893979393], [1027.991084909471, 417.04884078902717, 1034.1169807535782, 425.8040893634825], [900.2837515266713, 570.0631182815953, 909.0625768092934, 576.5071172090609], [866.033790656774, 621.7829861440096, 873.8171384731872, 628.7708756566233]]","[22.0, 20.0, 19.0, 16.0, 14.0, 12.0, 8.0, 6.0, 5.0]",80,1920,1080,10.0,C:/R_projects/mothz/AC_10out.mp4
"[[1017.7724523946605, 580.8782611849288, 1023.470601120261, 590.0978790060785], [1020.8027357268177, 555.6003109072902, 1026.445423921405, 565.9631992161109], [1001.9548494157859, 412.08067821028794, 1008.0358859321473, 420.8622054827397], [983.0272977996369, 422.1825799413036, 988.155735667166, 430.947290737934], [991.9506854051356, 560.492029763805, 998.5063490350724, 569.9982647998349], [945.0729992322641, 656.5128686818923, 951.968867356063, 665.3686369476611], [1028.3892731603962, 415.3363492892034, 1034.4706897227672, 424.00665708838636], [897.9421804339355, 571.2688406234456, 906.6926320854383, 577.6552132838303], [864.8332226218658, 623.3496530636621, 872.5624172930873, 630.3186912828241]]","[22.0, 20.0, 19.0, 16.0, 14.0, 12.0, 8.0, 6.0, 5.0]",81,1920,1080,10.0,C:/R_projects/mothz/AC_10out.mp4
"[[1018.0285211221043, 581.9199539985149, 1023.5768550558579, 590.9389621779864], [1020.8409572156361, 555.7508892735447, 1026.527856163847, 566.2457567053647], [1002.4207628905523, 409.87066141916335, 1008.3985146930337, 418.657379184022], [982.8643286309823, 420.7333055920437, 988.0540468859508, 429.5595765278859], [992.6118609810449, 561.9693048652002, 999.1443998038462, 571.4736025151155], [944.469631448707, 658.5346075566846, 951.1065204769321, 667.400339073681], [1028.8646861193974, 413.37899763724073, 1035.0104120031729, 422.033253169911], [896.2730859899359, 572.5705604749304, 904.9727864296576, 578.8712564311921], [863.8751692456686, 624.4680533448849, 871.6193503352775, 631.5378633490824]]","[22.0, 20.0, 19.0, 16.0, 14.0, 12.0, 8.0, 6.0, 5.0]",82,1920,1080,10.0,C:/R_projects/mothz/AC_10out.mp4
"[[1018.4561411683735, 583.0832946985279, 1023.90315821124, 591.8855370423594], [1021.2800087760411, 555.9879237890096, 1026.941286752241, 566.7539151592113], [1002.6488554134553, 407.8776044986742, 1008.6329012717822, 416.5000901749931], [982.7674160203293, 419.3068798670995, 988.0312142403412, 428.2159439272997], [992.9707452421935, 563.387092568982, 999.260918996209, 572.8603740414027], [944.0900912183627, 660.5538815492454, 950.7171129420647, 669.4880991928998], [1029.1849582490322, 411.703215417408, 1035.2851120761625, 420.4580127862767], [894.5515132501416, 573.5904731612184, 903.1205222886044, 579.8501061473141], [862.5787356178805, 625.8154375700447, 870.223341744437, 633.0692663248135]]","[22.0, 20.0, 19.0, 16.0, 14.0, 12.0, 8.0, 6.0, 5.0]",83,1920,1080,10.0,C:/R_projects/mothz/AC_10out.mp4
"[[1018.4492845471608, 584.0658549931354, 1023.8722999012156, 592.7241349532535], [1021.7715287154023, 555.8333464809261, 1027.422075630644, 566.7527745128136], [1002.8985627255889, 405.71847431926466, 1008.6297466253831, 414.290241626689], [982.8136825906425, 417.3377698605483, 988.1551187111919, 426.36272967989805], [993.3568710945863, 564.2742843232245, 999.7287201898835, 573.6806277209334], [943.1790061059098, 662.5901400100375, 949.7058763314819, 671.6519917358161], [1029.7642625658996, 409.9801661249813, 1035.863646901008, 418.8615957620138], [893.0482660195631, 574.6499498831218, 901.6500013301826, 580.7580601370349], [861.4359707388782, 627.1558879334964, 868.9479419828505, 634.492645560505]]","[22.0, 20.0, 19.0, 16.0, 14.0, 12.0, 8.0, 6.0, 5.0]",84,1920,1080,10.0,C:/R_projects/mothz/AC_10out.mp4
"[[1018.6010318026538, 585.2032996079957, 1023.891270452239, 593.9335311441813], [1021.7953683616341, 556.2253770747968, 1027.4088854377296, 567.0822176401543], [1002.8502927892691, 403.6563299025327, 1008.4263045810264, 412.16011152125844], [982.758089589594, 416.26782405173446, 988.0100914216482, 425.2178738792784], [993.5885410995315, 565.5195411250376, 999.8118136319574, 575.0293350673195], [942.7810067634364, 664.3684325689825, 949.2752582557, 673.5067802316438], [1030.1582840274393, 408.2071544523313, 1036.3531819014381, 417.02019019914195], [891.2307113851155, 575.448084482542, 899.7381949534756, 581.6767842492344], [860.2820491291457, 628.4868345123074, 867.8944990863711, 635.9740604144991]]","[22.0, 20.0, 19.0, 16.0, 14.0, 12.0, 8.0, 6.0, 5.0]",85,1920,1080,10.0,C:/R_projects/mothz/AC_10out.mp4
"[[1018.5358871372273, 586.1071200200465, 1023.7782656380236, 595.0541614365316], [1021.8465541380161, 556.3152515395154, 1027.3845997931423, 567.1827059548414], [1002.969463355692, 401.4420725005823, 1008.4461279045339, 410.00082798487165], [982.9702703951095, 414.71217477199156, 988.1910546621241, 423.63588796219784], [993.9260612503191, 566.697366300138, 1000.2839295323521, 576.2991703388635], [942.043765240089, 666.3370632733469, 948.4313170116125, 675.3128289310677], [1030.501841754226, 406.41942227802394, 1036.7003474870571, 415.22696310576464], [889.4097360129416, 576.5593420026405, 898.1422053224998, 582.7017770891894], [859.352675701471, 629.5686972810818, 867.0063827144226, 637.5269968839057]]","[22.0, 20.0, 19.0, 16.0, 14.0, 12.0, 8.0, 6.0, 5.0]",86,1920,1080,10.0,C:/R_projects/mothz/AC_10out.mp4
"[[1018.5842752491249, 586.8585951882441, 1024.002875588721, 596.0971837811504], [1021.6791305496664, 557.0285404432797, 1027.3280443008998, 567.9364151717556], [1002.6732087336673, 399.1807809267439, 1008.2944304740515, 407.8614789619251], [982.8568325177766, 413.3051550271579, 988.0417442634973, 422.20592361915334], [994.3669669583585, 568.0055747094884, 1000.6802897249975, 577.4622852884249], [941.6560939201072, 668.7023636998492, 947.9139471002538, 677.6917862813889], [1030.8902736028476, 404.6863871654881, 1037.0533505304788, 413.6447759607762], [887.7813125745076, 577.7218662712943, 896.4966617499099, 583.8787140021337], [858.3008048184395, 631.3860841285054, 865.5725084233075, 639.3552698712815]]","[22.0, 20.0, 19.0, 16.0, 14.0, 12.0, 8.0, 6.0, 5.0]",87,1920,1080,10.0,C:/R_projects/mothz/AC_10out.mp4
"[[1018.7610923476611, 587.9426891761863, 1024.331654777841, 597.1950498580162], [1021.7011316882586, 557.4369548282957, 1027.3831232249263, 568.3093943090284], [1002.7558808892766, 397.0246954029921, 1008.4837814799982, 405.7712264449976], [982.8395183948189, 411.7377608940499, 988.0622350932072, 420.73084612954887], [994.881930958296, 569.5238041644665, 1000.985472116466, 578.8644793598518], [941.2285986416003, 670.6396758502954, 947.3041720272614, 679.8526022708029], [1031.0769864889887, 403.15826735688427, 1037.6190840216552, 412.1442598706682], [885.5207359419467, 578.7124129974948, 894.2400319686601, 585.0340367824747], [857.2202878421352, 632.693628695229, 864.4816435739461, 640.7793538618793]]","[22.0, 20.0, 19.0, 16.0, 14.0, 12.0, 8.0, 6.0, 5.0]",88,1920,1080,10.0,C:/R_projects/mothz/AC_10out.mp4
"[[1018.7758891429618, 588.7200438388445, 1024.2670319000524, 597.9060959812132], [1022.032137322512, 557.9931494694916, 1027.9168042371025, 568.7938173562983], [1002.9520856302686, 394.7546393149099, 1008.7726748136724, 403.43887768004504], [982.7446271358706, 409.9653795213351, 987.9489347520316, 419.11331794610385], [994.9661695930694, 570.5862215110066, 1001.2862829372049, 580.0710738921495], [940.5098684018936, 672.8895927456196, 946.5478466038311, 682.1231325742693], [1031.4903553934398, 401.5855809574365, 1037.760517298377, 410.5420828709766], [883.982134521782, 579.6099375317248, 892.3769900329701, 586.1956124131794], [856.0600309234583, 634.3066804883701, 863.390524143126, 642.2714019236712]]","[22.0, 20.0, 19.0, 16.0, 14.0, 12.0, 8.0, 6.0, 5.0]",89,1920,1080,10.0,C:/R_projects/mothz/AC_10out.mp4
"[[1018.8888456412884, 589.7974312385707, 1024.4111868325012, 598.8330606274017], [1022.477033761393, 558.3985953530615, 1028.678903357137, 569.1683990987759], [1003.704956600296, 392.77289730799015, 1009.7081289309014, 401.78972414201786], [982.7255859912424, 408.62266171725975, 987.9608125414999, 417.6494509428899], [995.3999156449199, 571.9687604164989, 1001.5175485222778, 581.379500066582], [940.1800422903176, 674.4708402308485, 946.1983652395892, 683.7897172619627], [1031.8435246508118, 400.08891178839446, 1038.0566356302836, 408.95888285522113], [881.9941119336211, 580.9177597661151, 890.3803632283191, 587.4122452742997], [854.9607165904166, 635.4847414282796, 862.564120637874, 643.3283989698965]]","[22.0, 20.0, 19.0, 16.0, 14.0, 12.0, 8.0, 6.0, 5.0]",90,1920,1080,10.0,C:/R_projects/mothz/AC_10out.mp4
"[[1018.978873798944, 590.8008119358782, 1024.6467874983077, 599.8070741173054], [1022.4974516526912, 558.747588266666, 1028.7916869167673, 569.415422911898], [1003.9121048818226, 390.50629061737004, 1009.7727160497886, 399.5858546207355], [982.576163104122, 406.871665769678, 987.8113855802532, 415.938749081664], [995.8274838364977, 573.3364641926188, 1001.8186622891948, 582.8310320490108], [939.3551368794077, 676.6466898910127, 945.3989775161748, 685.9215781140641], [1032.1305691070886, 398.2109083370185, 1038.1816436950487, 407.31266827294223], [880.2222715968226, 582.0733758161442, 888.4420360789577, 588.5072882692069], [853.8625615262093, 636.7265481342166, 861.3101938581191, 644.5969571960933]]","[22.0, 20.0, 19.0, 16.0, 14.0, 12.0, 8.0, 6.0, 5.0]",91,1920,1080,10.0,C:/R_projects/mothz/AC_10out.mp4
"[[1019.0564558036796, 592.1096055475195, 1024.774148170695, 601.0242525034892], [1022.412911641963, 559.1290158551773, 1028.5700332697327, 569.7398533563384], [1004.3282625330993, 388.62012198030317, 1009.9985216288634, 397.7377564913509], [982.5688694565655, 405.0764937016794, 987.7206650110917, 413.9983812206748], [996.0940364517753, 574.7353726615843, 1002.0799608884165, 584.255459855631], [939.0362803140499, 678.715346840142, 945.0419998628054, 687.8688003190682], [1032.6408592747707, 396.7059996788299, 1038.6306921356527, 405.7012686579558], [878.9770141581295, 582.5525883487115, 887.0263345822567, 589.1401031251168], [852.4954664081566, 638.0131101718734, 860.1295907730604, 645.7845566757476]]","[22.0, 20.0, 19.0, 16.0, 14.0, 12.0, 8.0, 6.0, 5.0]",92,1920,1080,10.0,C:/R_projects/mothz/AC_10out.mp4
"[[1019.2320876537535, 593.0939869477394, 1025.0057721442465, 602.0818060366238], [1022.2250001582826, 559.540703183678, 1028.5118575312752, 570.1816468307538], [1004.2784791737362, 386.85785482837275, 1009.9609489865601, 396.0064449838927], [982.6549448917411, 403.6957935283929, 987.804926356151, 412.6179917262097], [996.4405754501121, 576.012084646223, 1002.4743323920869, 585.4585799285489], [938.3094345264374, 680.7467170118068, 944.3872769916779, 689.7836907466717], [1033.248589042742, 395.1596860924315, 1039.2030689758258, 404.35092650076314], [878.6414129551366, 582.5987224520063, 886.7869075866423, 589.3978145644605], [851.322252101597, 639.5017809558409, 859.0220954141197, 647.0932118509717]]","[22.0, 20.0, 19.0, 16.0, 14.0, 12.0, 8.0, 6.0, 5.0]",93,1920,1080,10.0,C:/R_projects/mothz/AC_10out.mp4
"[[1019.4977947706786, 594.0978600605424, 1025.3202089800586, 603.2077265135406], [1022.1231392749787, 560.066639698499, 1028.5616311923754, 570.7958349320755], [1004.0929801517104, 385.320303958631, 1009.9630654265143, 394.3330920821829], [982.611398528793, 401.65889559347335, 987.7963803934904, 410.7843856882037], [996.7432172487444, 577.2476636891569, 1002.7081091917586, 586.6828496814823], [937.8171676451949, 682.4029549596522, 943.9008433931155, 691.5433652220312], [1033.729642781575, 393.6469176658724, 1039.6455643091922, 402.9388623222182], [878.3454853219135, 582.7034323167111, 886.6052777180847, 589.5381262172568], [849.6197585802504, 640.8686511029016, 857.5697963437967, 648.3886496119212]]","[22.0, 20.0, 19.0, 16.0, 14.0, 12.0, 8.0, 6.0, 5.0]",94,1920,1080,10.0,C:/R_projects/mothz/AC_10out.mp4
"[[1019.387008692406, 594.865857733348, 1025.3770026386674, 604.2365039398725], [1022.5919590848113, 561.0839345817889, 1029.0328350490222, 571.6570260411928], [1003.8852257153568, 383.6262918043776, 1009.51225417136, 392.4428255639044], [982.6511724835991, 400.2080934562584, 987.8151551770843, 409.2652417595596], [997.0341349636179, 578.5570995635535, 1003.0293649649178, 588.1927683926344], [937.4251235456372, 684.4842811269336, 943.2526913308877, 693.5300396419818], [1033.976404953932, 392.4495082755602, 1039.855064806606, 401.68394517784066], [878.209019129223, 582.7243409400056, 886.6270753101714, 589.5591511604756], [848.1699028485041, 642.1224116801397, 856.102140018528, 649.5504293650438]]","[22.0, 20.0, 19.0, 16.0, 14.0, 12.0, 8.0, 6.0, 5.0]",95,1920,1080,10.0,C:/R_projects/mothz/AC_10out.mp4
"[[1019.4847592177523, 595.9072015973325, 1025.6512801900924, 605.2912669475334], [1022.6750696037944, 561.6725431001323, 1029.2300895997516, 572.323429251293], [1003.7862816725255, 381.7232541510888, 1009.1680369415101, 390.40983886374875], [982.7209602808238, 398.1948321088912, 987.893869728416, 407.21586611484383], [997.2331363437089, 579.4192812281552, 1003.3289801690843, 589.1683779999515], [937.3559646124208, 686.5750000746222, 942.9799466397187, 695.5946892841722], [1034.1586049781392, 390.7467432242871, 1040.027482189523, 399.81700561182174], [877.8947501305798, 583.0090021627879, 886.5742978903614, 589.6729531348777], [847.0268064017957, 643.2090035357727, 854.9024639899276, 650.5820860918847]]","[22.0, 20.0, 19.0, 16.0, 14.0, 12.0, 8.0, 6.0, 5.0]",96,1920,1080,10.0,C:/R_projects/mothz/AC_10out.mp4
"[[1019.3904402152702, 596.6368574143208, 1025.6034733893785, 605.9019596525951], [1022.4815013604284, 562.7125220166888, 1029.037071632477, 573.1436869718355], [1003.533792675985, 379.9487101665914, 1008.869662112223, 388.64704023977544], [982.7251927663167, 396.59967672240936, 988.0030169847878, 405.6599912901758], [997.8047224848434, 580.5018616034923, 1003.8970697297106, 590.2063212059185], [937.085473803325, 688.4338241897638, 942.5557160562288, 697.3570652145504], [1034.262637623684, 389.3411162726893, 1040.3031931147302, 398.425545754081], [877.2260681564305, 583.4697721857478, 886.3498788807276, 589.8997912489708], [845.8185317799786, 644.327226460872, 853.49505573872, 651.6791558920324]]","[22.0, 20.0, 19.0, 16.0, 14.0, 12.0, 8.0, 6.0, 5.0]",97,1920,1080,10.0,C:/R_projects/mothz/AC_10out.mp4
"[[1019.4976166508759, 597.4404353348294, 1025.5694199863256, 606.7426778331495], [1022.2806015064858, 563.5815617760455, 1028.841524277402, 573.9320382060888], [1003.7512546403686, 378.2265181548838, 1009.0678073892227, 386.8109075661597], [982.7050658798978, 395.16363987937797, 987.9201003412456, 404.3237444775629], [998.2291913786863, 581.7444676567358, 1004.2095823361097, 591.3767151037247], [936.7259722616479, 690.3307951358408, 942.2014290894233, 699.3273980712147], [1034.5499259117025, 387.84185460337886, 1040.5551772014144, 396.8861822191108], [875.9026958710597, 583.8148748618174, 884.9056247697768, 590.2552179392104], [844.6291907262073, 645.5955697893835, 852.4804778285124, 652.9422430781581]]","[22.0, 20.0, 19.0, 16.0, 14.0, 12.0, 8.0, 6.0, 5.0]",98,1920,1080,10.0,C:/R_projects/mothz/AC_10out.mp4
"[[1019.7123989148648, 598.343895211031, 1025.7964831064921, 607.5983993579224], [1022.5757685218357, 564.6205551755234, 1029.1436869677843, 574.9141268221742], [1003.8730294350047, 376.6310051612925, 1009.3051964750965, 385.22912879405226], [982.4889290239375, 393.6929122734776, 987.7882595893254, 402.8792747185732], [998.5520751820534, 582.7858778115426, 1004.4495543764199, 592.3937109061219], [936.4843602956762, 692.6544997640157, 941.7968810826433, 701.5950265352902], [1034.7869679290384, 386.41329370668154, 1040.9149628959385, 395.4647024280713], [874.3279880553588, 584.5854829040662, 883.3872187346973, 590.9715452905415], [843.7988852263984, 647.1583199269779, 851.4287778403179, 654.4270129735768]]","[22.0, 20.0, 19.0, 16.0, 14.0, 12.0, 8.0, 6.0, 5.0]",99,1920,1080,10.0,C:/R_projects/mothz/AC_10out.mp4
"[[1019.653925454585, 599.0665144077863, 1025.7030863922182, 608.3936703680832], [1022.8239524382271, 565.6618245114041, 1029.2692298282263, 576.0489799285656], [1004.0272361861786, 374.7908085394567, 1009.6550169914934, 383.48080955448467], [982.3147024351218, 392.38419076427095, 987.5860863587078, 401.41516042765903], [998.982190016177, 584.0192847734128, 1004.8339036716817, 593.5169966063326], [935.9319547996689, 694.550994440805, 941.5331667782413, 703.6878911963788], [1034.7679191245718, 385.2484919088594, 1040.9131151769654, 394.3682369741916], [872.6814228161481, 585.5206920107901, 881.6003905901907, 591.7085362758901], [842.4224368095045, 648.5012568119284, 850.1361351489238, 655.760633189263]]","[22.0, 20.0, 19.0, 16.0, 14.0, 12.0, 8.0, 6.0, 5.0]",100,1920,1080,10.0,C:/R_projects/mothz/AC_10out.mp4
"[[1019.6388982257483, 600.4404587987046, 1025.6041956398874, 609.740407160132], [1022.9885663323397, 566.1599317487145, 1029.4178934490863, 576.7079561800605], [1004.2019639400173, 373.30067615743195, 1009.9988332280836, 382.0355756630111], [982.3293405087185, 390.8053463666126, 987.6395421782912, 399.9228668187455], [999.089454935714, 585.3332667272184, 1004.8490713468348, 594.7920659436629], [935.4712528821042, 696.6802061235036, 941.2661916898653, 705.6880500236244], [1035.2395084135285, 383.9377200815913, 1041.198229039516, 393.01903727895973], [871.0615621525263, 586.3837782162753, 879.9491812495347, 592.6457711048075], [841.2426846699717, 650.2064002374157, 849.0587808469467, 657.3185056356392]]","[22.0, 20.0, 19.0, 16.0, 14.0, 12.0, 8.0, 6.0, 5.0]",101,1920,1080,10.0,C:/R_projects/mothz/AC_10out.mp4
"[[1019.7257190185449, 601.4405898889714, 1025.6984121918065, 610.8663448053227], [1023.3784894139926, 567.1027221402325, 1029.7877259024795, 577.8196937087306], [1004.5871034696833, 371.3528566467612, 1010.4074317472263, 380.1510014848558], [982.1034327398961, 389.08800858850174, 987.5649297770988, 398.2265125633908], [999.242071851956, 586.2951593951543, 1004.8504647279359, 595.6843839289058], [934.7212048864724, 698.3993624849847, 940.5012455633978, 707.3449832337499], [1035.5160799522678, 382.614173393976, 1041.3740217218815, 391.6019984968257], [869.7308372825249, 587.3212915611249, 878.4718901326306, 593.6514583508991], [840.1187381563237, 651.2573599210797, 847.8007222708924, 658.3619275085017]]","[22.0, 20.0, 19.0, 16.0, 14.0, 12.0, 8.0, 6.0, 5.0]",102,1920,1080,10.0,C:/R_projects/mothz/AC_10out.mp4
"[[1019.6464706711474, 602.4260413076998, 1025.663307010688, 611.8351704201162], [1023.5732806329092, 567.8828576009248, 1029.9570343228197, 578.6335687279811], [1004.7377442208733, 369.4404260687242, 1010.2944479094065, 378.25891399062556], [981.9287629358029, 387.3692424677051, 987.4856595649393, 396.7311815008914], [999.2367652676305, 587.5466851233703, 1004.7831349946464, 597.0326559841205], [934.2790921988475, 700.294535108342, 940.1222347664751, 709.2668142591212], [1035.7319652542026, 381.2630086908327, 1041.7188821489992, 390.24457125499686], [867.8747313185734, 588.8003930726097, 876.5990885877657, 595.115746786259], [839.0942245222828, 652.4015807420136, 846.6456338813665, 659.5308824677776]]","[22.0, 20.0, 19.0, 16.0, 14.0, 12.0, 8.0, 6.0, 5.0]",103,1920,1080,10.0,C:/R_projects/mothz/AC_10out.mp4
"[[1019.7493513083538, 603.5399965216086, 1025.7963506918893, 612.725986027036], [1023.8026484727112, 569.1613846706673, 1030.4887952952781, 579.3102536629781], [1004.3532231239911, 366.9420791528839, 1010.0972891494424, 375.9699203522686], [981.7058860737696, 385.7094471999615, 987.2104927276774, 394.94043542730145], [999.2813544478048, 588.9395182484625, 1004.7429001330714, 598.3532302626397], [933.334499612814, 702.3247716377623, 939.2505257418917, 711.1180836097894], [1035.8135396696546, 379.8228155645694, 1041.961308239053, 388.9991507723439], [866.4301193572708, 589.7430977159738, 875.0848024903144, 596.2899660015992], [838.1212902658415, 653.528634436362, 845.7448253460734, 660.571924998843]]","[22.0, 20.0, 19.0, 16.0, 14.0, 12.0, 8.0, 6.0, 5.0]",104,1920,1080,10.0,C:/R_projects/mothz/AC_10out.mp4
"[[1019.878002304131, 604.4756526324153, 1025.941701055293, 613.6593637664924], [1024.4438827543938, 570.1426154555162, 1031.315962990842, 580.1723189979422], [1004.5826703301404, 365.16456159183434, 1010.2190207868125, 374.15271833972776], [981.6701812302828, 384.07402449056536, 987.0983914901414, 393.3789182204136], [999.2950701666385, 590.1128397485943, 1004.7937174593641, 599.6386065834047], [932.4634555212411, 704.4036812575702, 938.6426950329275, 713.024371005819], [1036.0016051019782, 378.4004015935295, 1042.1903700902828, 387.6717704044868], [864.5582891365917, 590.8178479555404, 873.0703604435085, 597.2966356791367], [836.9461878859967, 654.6975214410002, 844.6317882631521, 661.80554415903]]","[22.0, 20.0, 19.0, 16.0, 14.0, 12.0, 8.0, 6.0, 5.0]",105,1920,1080,10.0,C:/R_projects/mothz/AC_10out.mp4
"[[1019.9696714485316, 605.6073430789484, 1026.0489616357497, 614.7799234283646], [1024.6390312430306, 570.6845228962909, 1031.5624547414247, 581.0129207978262], [1004.4862402698644, 363.0165689824537, 1010.1573257864708, 372.1105531448484], [981.5711207132888, 382.37461395272976, 986.9287302393777, 391.5509952989188], [999.3501759615618, 591.2910742622156, 1004.7742296747291, 600.7664724777375], [931.8224141761309, 706.2908471778316, 938.1262395777987, 715.0322576377172], [1036.2660306685768, 377.012833824798, 1042.2025653219691, 386.2396229984371], [862.9805857740647, 592.2805101566701, 871.4322358461187, 598.6728120175189], [835.8720670242958, 655.8860992376606, 843.3454205025109, 663.047237786858]]","[22.0, 20.0, 19.0, 16.0, 14.0, 12.0, 8.0, 6.0, 5.0]",106,1920,1080,10.0,C:/R_projects/mothz/AC_10out.mp4
"[[1020.1399516977157, 606.642360065129, 1026.1838021934657, 615.8654008312803], [1025.2726677573924, 571.2838882421206, 1032.147266974162, 581.8864581035525], [1004.7819788432669, 360.9563678683122, 1010.515400881502, 369.9321730016927], [981.5583345329926, 380.62664062209933, 987.0946594644638, 389.85208008645316], [999.4725239043364, 592.6558102465052, 1004.7031995172456, 602.1967981915892], [931.0491952630407, 708.4962162641913, 937.3201662960639, 717.4402867341242], [1036.6836603998786, 375.1741211750338, 1042.6669539768686, 384.36060650824203], [861.2266403549273, 593.5831961545284, 869.4671663541131, 600.1449388396877], [835.2026927129571, 657.045757113914, 842.4498901670102, 664.4058472213438]]","[22.0, 20.0, 19.0, 16.0, 14.0, 12.0, 8.0, 6.0, 5.0]",107,1920,1080,10.0,C:/R_projects/mothz/AC_10out.mp4
"[[1020.4490527992892, 607.7501622367216, 1026.333593225855, 616.8775429313731], [1025.8565183251658, 571.7880625227496, 1032.582816080851, 582.4593847868019], [1004.6405193581296, 358.89392615620727, 1010.430311459843, 367.9216003929529], [981.7753089766634, 378.8754064921647, 987.2441741147529, 388.0816931406412], [999.8256437009776, 594.2181736576355, 1005.1082823326673, 603.8702087714281], [930.7712247822166, 710.431593605703, 937.0642929624618, 719.5669085014226], [1037.2756985486287, 373.67919284545815, 1043.2453146757723, 382.8519815084834], [859.8663017830808, 594.6803557214256, 868.1499049565303, 601.3493104614669], [834.0400559302761, 658.4509353308003, 841.2423949597392, 665.9772213147837]]","[22.0, 20.0, 19.0, 16.0, 14.0, 12.0, 8.0, 6.0, 5.0]",108,1920,1080,10.0,C:/R_projects/mothz/AC_10out.mp4
"[[1020.5384071416505, 608.6475686430759, 1026.3199922337662, 617.8249209858303], [1026.031271555447, 572.639713502213, 1032.694753701816, 583.5976801657553], [1005.0296866651415, 357.2117577500807, 1010.6359686079359, 366.2066704051413], [981.7604333836288, 377.51126032597455, 987.3839786135173, 386.5806992718821], [1000.170771819103, 595.7664056047065, 1005.5526067767382, 605.2743740619903], [930.4496366579014, 712.1942434551629, 936.4958906386288, 721.4059337244537], [1037.692319368113, 372.21253468019904, 1043.6725118564243, 381.3433207765245], [858.5485620295154, 596.0030513544496, 866.7291245848841, 602.6857052338055], [833.2927614389, 659.7570787210751, 840.1610571351175, 667.4462586285953]]","[22.0, 20.0, 19.0, 16.0, 14.0, 12.0, 8.0, 6.0, 5.0]",109,1920,1080,10.0,C:/R_projects/mothz/AC_10out.mp4
"[[1020.5257006701288, 609.5033555577207, 1026.5217267667524, 618.955613888735], [1026.2729923116817, 573.8389800996445, 1032.8958422919895, 585.201768169843], [1004.6626265883067, 355.2072836725547, 1010.3398351390538, 364.27135813060295], [981.7495893696014, 375.7941481481509, 987.5527271743363, 384.8618996459184], [1000.5162623633336, 596.9538895405601, 1005.9918219257496, 606.5359786369056], [930.1217986449267, 713.9860352271957, 935.9259604156707, 723.2083134980875], [1038.0112306497886, 371.0246212276528, 1043.802048370586, 380.20358716401233], [857.215292176688, 597.5358810879958, 865.1541729104348, 604.4720945516223], [832.521422502395, 661.3412671750198, 839.3523024002467, 669.099280439706]]","[22.0, 20.0, 19.0, 16.0, 14.0, 12.0, 8.0, 6.0, 5.0]",110,1920,1080,10.0,C:/R_projects/mothz/AC_10out.mp4
"[[1020.5294628027859, 610.3208893073058, 1026.6404531995054, 619.8918347481335], [1026.7566874746938, 574.8808655010947, 1033.1688531444, 586.2330026620388], [1004.9607627648005, 353.399039077147, 1010.5946105060062, 362.525894516349], [981.8719283480694, 374.3089543437439, 987.5879243401788, 383.32788765021706], [1000.5391293670216, 597.7090019806011, 1006.090095820824, 607.4843871929494], [929.5989533899917, 715.9690192903262, 935.3756888411508, 725.5587298559172], [1038.100432356802, 369.87608976296406, 1043.8575871575888, 379.0533799504219], [856.0016391621965, 599.2319195871048, 863.7626345523028, 606.3378723387157], [831.9230852294945, 663.0212801478123, 838.411079879425, 670.91910984352]]","[22.0, 20.0, 19.0, 16.0, 14.0, 12.0, 8.0, 6.0, 5.0]",111,1920,1080,10.0,C:/R_projects/mothz/AC_10out.mp4
"[[1020.5544152789156, 611.6268705968785, 1026.5174637877274, 620.8847600603415], [1027.0246248104213, 575.7685232998773, 1033.2533058648705, 586.8448587276297], [1004.3811922875992, 351.1579566636564, 1010.1862629087422, 360.40592867919446], [981.8533865826311, 372.764589903281, 987.4932381398932, 381.8721438337098], [1000.8306766151325, 598.8630455571865, 1006.4996865169269, 608.3551517645842], [928.866143060178, 717.7492035124602, 934.7086407310753, 727.2571365047821], [1038.1361813765106, 368.6468339100054, 1043.8217125734345, 377.89474370967616], [854.7444763837387, 600.9741731716219, 862.341044506671, 608.076429582781], [830.7913736593723, 664.3497645482187, 837.3355781450116, 672.3569728340949]]","[22.0, 20.0, 19.0, 16.0, 14.0, 12.0, 8.0, 6.0, 5.0]",112,1920,1080,10.0,C:/R_projects/mothz/AC_10out.mp4
"[[1020.7447797294851, 612.601545770766, 1026.7407896870207, 621.6710364455216], [1027.1105491424964, 576.7839747906928, 1033.3442073430538, 587.7184984077182], [1004.2305225043715, 349.26684716407783, 1010.2459744840901, 358.6328856165861], [981.9621825224452, 371.18367478231715, 987.5615844093549, 380.39822710281334], [1001.1313562714997, 600.0881524736627, 1006.678909876018, 609.4080562713306], [927.9755994470336, 719.5704160601439, 934.0217041686358, 729.226491203713], [1038.054968336746, 367.3887778699503, 1043.9040443713695, 376.83779279669415], [853.2045446292802, 602.5354410597423, 860.6869405724706, 609.9129512147023], [829.7589426830939, 665.7942992588471, 836.5342426945324, 673.8607704631784]]","[22.0, 20.0, 19.0, 16.0, 14.0, 12.0, 8.0, 6.0, 5.0]",113,1920,1080,10.0,C:/R_projects/mothz/AC_10out.mp4
"[[1020.8848637241184, 613.4576553735403, 1026.7238201847763, 622.4416637873339], [1027.4551199400557, 578.0323520551649, 1033.5195603648067, 588.7805631953645], [1004.0424232527646, 347.2834116375201, 1010.0803606208033, 356.66015526383444], [981.9910820950628, 369.8845994689754, 987.5095570494913, 379.12428164461295], [1001.3503242056696, 601.3172696071957, 1006.9623027696333, 610.5765447741677], [926.8703097969795, 721.768116960838, 933.236977566822, 731.1228920428256], [1038.4503462537339, 366.2315476541196, 1044.3056539228362, 375.6709363730788], [851.5445510719576, 604.3582209080805, 859.224431834723, 611.6943589062432], [828.6755463337172, 667.1243081859319, 835.651421719783, 674.8893800266902]]","[22.0, 20.0, 19.0, 16.0, 14.0, 12.0, 8.0, 6.0, 5.0]",114,1920,1080,10.0,C:/R_projects/mothz/AC_10out.mp4
"[[1021.2391791946876, 614.1521444461301, 1026.9774131106053, 623.1823816038083], [1027.6220923973196, 578.6986384974188, 1033.5618732664734, 589.4445583177195], [1003.9332339470501, 345.2977518871465, 1010.0779602890115, 354.66106038994434], [982.1444629702193, 368.1785821742306, 987.720442810002, 377.5840905964628], [1001.6434810291429, 602.4495820251193, 1007.3342754070201, 611.7643087587353], [926.1395701691372, 723.9095285937793, 932.6202762910257, 733.032803393109], [1038.5882424692204, 364.972393194773, 1044.4416475144312, 374.56229921221717], [850.0205648994789, 605.6603183005967, 857.6031293506959, 613.0171075509958], [827.3087219540095, 668.7910948195998, 834.4442950705926, 676.1810680598654]]","[22.0, 20.0, 19.0, 16.0, 14.0, 12.0, 8.0, 6.0, 5.0]",115,1920,1080,10.0,C:/R_projects/mothz/AC_10out.mp4
"[[1021.3885321773967, 615.1997923278719, 1027.1537466455623, 624.1077482067841], [1027.4671981994004, 579.3366097273873, 1033.3491006103852, 590.0943991216178], [1003.9761357917401, 343.2341082361508, 1009.9342490510438, 352.47945423675986], [982.3409703052548, 366.84900224487046, 987.8015325752172, 376.16368865696893], [1001.8019002946133, 603.6372971980421, 1007.6190539831765, 613.0976166184595], [925.0807980782871, 725.650070810109, 931.6983028325491, 734.6481917006325], [1038.8823567236109, 363.3310029011124, 1044.7187468991037, 372.9540979538919], [849.0096182695543, 606.1564778666872, 856.5495095627919, 613.5395035094608], [825.7040795673418, 670.0432448377735, 833.1707621683147, 677.1697691356894]]","[22.0, 20.0, 19.0, 16.0, 14.0, 12.0, 8.0, 6.0, 5.0]",116,1920,1080,10.0,C:/R_projects/mothz/AC_10out.mp4
"[[1021.7443810824874, 616.212871349678, 1027.491877275538, 625.1369925697969], [1027.6627350267368, 581.0398715566441, 1033.5185760101367, 591.5217268882793], [1004.1895054328045, 341.429132169607, 1010.0712071529438, 350.6412728946872], [982.4469119927645, 365.58359614813133, 987.9234337488698, 374.69219370393756], [1002.124972271156, 604.5630676608657, 1007.8349963957206, 614.1189631837867], [924.2747469517374, 727.5633726488718, 931.0040524558658, 736.6588922244555], [1039.2210564835077, 361.7483183544401, 1045.1551338220502, 371.3138330477662], [848.615646736853, 606.2346738768323, 855.999635050473, 613.7107264898046], [824.5354578066916, 671.0834345453693, 832.0413971483555, 678.4043604936123]]","[22.0, 20.0, 19.0, 16.0, 14.0, 12.0, 8.0, 6.0, 5.0]",117,1920,1080,10.0,C:/R_projects/mothz/AC_10out.mp4
"[[1021.9392449274612, 617.1721757380441, 1027.709297722887, 625.9602136141144], [1027.9531543422634, 582.1732052176183, 1033.8191083469699, 592.3763001401026], [1004.2673311509017, 339.41392282956025, 1010.1727032207544, 348.4335558228658], [982.6553948465256, 364.3304917425913, 987.8811620295959, 373.5684196102239], [1002.378674609733, 606.1721942891895, 1008.0288984855347, 615.647946626038], [923.4582760805182, 729.5659778601936, 930.13795548881, 738.5603441595323], [1039.144895360893, 360.11334230391947, 1045.3334682658372, 369.70122773338915], [848.4744791379235, 606.3431469694548, 855.8567063881464, 613.7602722986054], [823.264748082787, 672.510688868262, 830.7360842797891, 680.0164644816999]]","[22.0, 20.0, 19.0, 16.0, 14.0, 12.0, 8.0, 6.0, 5.0]",118,1920,1080,10.0,C:/R_projects/mothz/AC_10out.mp4
"[[1021.9236385994982, 618.1082574475821, 1028.0050448107963, 627.0918482515582], [1027.8800788944397, 582.9199369163473, 1033.7584040959553, 593.0273633977715], [1004.2386291516395, 337.2532608497206, 1010.1527466135863, 346.3226329894694], [982.4852971487625, 362.84366679042625, 987.6867287690469, 372.0647080401201], [1002.7113196559529, 607.6485088068229, 1008.3313313905659, 617.062561793104], [922.7672720197548, 731.8093196427739, 929.3374885264062, 740.77768860802], [1039.3416462789883, 358.69635016165046, 1045.3689190790128, 368.3189515773514], [848.5872327086197, 606.5396370482748, 855.9156804459053, 614.0145311321504], [822.1721932100631, 674.1658998563538, 829.6065566830055, 681.6871524719462]]","[22.0, 20.0, 19.0, 16.0, 14.0, 12.0, 8.0, 6.0, 5.0]",119,1920,1080,10.0,C:/R_projects/mothz/AC_10out.mp4
"[[1021.9807576411735, 619.1103967089502, 1028.1423399176178, 628.2069877075171], [1027.7610926857826, 583.5769723664132, 1033.7230833230522, 593.5547206281526], [1004.3980818597468, 335.1849491735371, 1010.1013511132523, 344.16976066618577], [982.5677584699897, 361.6292764963054, 987.6969599291506, 370.7088033530262], [1002.9905711166368, 608.6202290821304, 1008.5968130529573, 618.0310108748711], [921.7755583816976, 734.0588823504233, 928.4964892020965, 743.0219505854034], [1039.4060007906057, 357.7105505041668, 1045.4309224022288, 367.1805783007849], [847.8707467511637, 607.3790633351066, 855.0794668360605, 614.9373471585293], [821.1746615183296, 675.3032184778336, 828.7173861149735, 682.8535056055217]]","[22.0, 20.0, 19.0, 16.0, 14.0, 12.0, 8.0, 6.0, 5.0]",120,1920,1080,10.0,C:/R_projects/mothz/AC_10out.mp4
"[[1022.2033917951636, 619.9953090475069, 1028.2883620892712, 629.094363689472], [1027.9676814397214, 584.8847883118331, 1034.3289206058996, 594.2827417228486], [1004.5080576800136, 332.9637663335524, 1010.215415949246, 342.0543312340689], [982.5776495859866, 359.85441477180933, 987.7941175802764, 368.96961818602193], [1003.4154666901316, 609.9137545606321, 1009.0419921080822, 619.4439211476991], [920.8518219053816, 735.9664575252231, 927.5043173064324, 744.9570849503156], [1039.8566835052911, 356.13661482863324, 1045.8186060944836, 365.69930583226017], [847.4027013910941, 608.2422043855697, 854.5223310949407, 615.7097157175992], [820.3202239015606, 676.4565090333053, 827.8098854888866, 684.2389992157998]]","[22.0, 20.0, 19.0, 16.0, 14.0, 12.0, 8.0, 6.0, 5.0]",121,1920,1080,10.0,C:/R_projects/mothz/AC_10out.mp4
"[[1022.2735960311628, 621.07611721077, 1028.492912706174, 630.1435331720593], [1028.3384195253584, 585.3757994130351, 1034.8523317484542, 594.3335413617358], [1004.7292825692494, 331.41292024590234, 1010.4850499912151, 340.54632718533594], [982.5294638262701, 358.41495236208283, 987.9598322866918, 367.5939104475777], [1004.0498049074639, 611.0400189742246, 1009.7732230819928, 620.646286696942], [920.5647582702281, 738.408159873766, 927.1043206936822, 747.2133846144457], [1040.084259105578, 354.9483982166691, 1045.9570760776314, 364.4297798582788], [846.1390274750187, 608.9565603204906, 853.3777391352802, 616.3975286666666], [819.9182887269662, 677.7464093658838, 826.9539807916772, 685.5915281978733]]","[22.0, 20.0, 19.0, 16.0, 14.0, 12.0, 8.0, 6.0, 5.0]",122,1920,1080,10.0,C:/R_projects/mothz/AC_10out.mp4
"[[1022.5223017279917, 622.1037813242734, 1028.7518545661276, 631.1691278286643], [1028.4569373930615, 585.9554376891249, 1035.130881345707, 594.4209728619005], [1004.7688230863623, 329.7105027406752, 1010.4566370687448, 338.79439769266435], [982.5847568886021, 356.7062021722709, 988.1230409324302, 366.03339548246913], [1004.4722084342304, 612.4341070946854, 1010.1982029544777, 621.863998187289], [920.1852207922916, 740.4430194420543, 926.6972151680661, 749.3098819939105], [1040.527478198553, 353.27182522516404, 1046.4411161848109, 362.68492890384647], [845.426149832556, 609.7713978570752, 852.6183515969411, 617.4306443074573], [819.6421715056628, 678.8470970902777, 826.4854180353858, 686.9968943391823]]","[22.0, 20.0, 19.0, 16.0, 14.0, 12.0, 8.0, 6.0, 5.0]",123,1920,1080,10.0,C:/R_projects/mothz/AC_10out.mp4
"[[1022.7113978107628, 623.2949481138155, 1028.9906997470648, 632.2710589503167], [1028.2371069933665, 586.265140782417, 1035.001566311228, 594.6422609168964], [1004.7874432558879, 327.8014714624809, 1010.4293886183773, 336.65810429016153], [982.7673310859492, 355.22909153430993, 988.2089568444666, 364.53069156226144], [1004.6396061424717, 613.4139429681572, 1010.4937736313649, 622.718408376383], [919.6482214421734, 742.7423842907453, 926.1881353513669, 751.4917680144256], [1040.796948833928, 351.8018674577682, 1046.7105166118456, 361.104528508118], [843.9821540118421, 611.0609553843456, 851.5510586129221, 618.5708394103508], [819.3603761537324, 679.6984652291914, 826.022174228387, 687.9839911391842]]","[22.0, 20.0, 19.0, 16.0, 14.0, 12.0, 8.0, 6.0, 5.0]",124,1920,1080,10.0,C:/R_projects/mothz/AC_10out.mp4
"[[1022.7320905772316, 623.9575291989363, 1029.0393014615163, 632.833941620311], [1027.9923913419789, 586.4813138275878, 1034.8184763246513, 595.0784502181515], [1004.6636131348214, 326.28924127187173, 1010.1731685314853, 335.1313946051685], [982.6151610257433, 353.67479930008585, 988.1921589349848, 362.8730593782126], [1004.854577270198, 614.3448893962818, 1010.7583257462509, 623.6219867966813], [918.6377904886754, 744.7444502780486, 925.1399012890276, 753.5935546689677], [1041.1750663094522, 350.4167286696636, 1046.9804704575, 359.60085833215794], [842.1629919370316, 612.2024502295559, 849.9918753270167, 619.4326853929275], [819.1257706831987, 680.6624816976052, 825.7018728950541, 689.0574724593882]]","[22.0, 20.0, 19.0, 16.0, 14.0, 12.0, 8.0, 6.0, 5.0]",125,1920,1080,10.0,C:/R_projects/mothz/AC_10out.mp4
"[[1023.0490815485502, 624.8085088206932, 1029.3846102764503, 633.7107826896714], [1027.8878216995568, 587.4020335568244, 1034.689975833604, 595.8791836605584], [1004.1534642196336, 324.8013167969836, 1009.8325496091577, 333.7667732608415], [982.7309888338436, 352.0530606238056, 988.1914011341967, 361.1716699333559], [1005.4446243398722, 615.5538460932789, 1011.1866918431067, 624.8219772651328], [917.7379860589488, 747.110046770707, 924.3426625628208, 756.0880985479105], [1041.45998389291, 348.9825999084198, 1047.3346975744046, 358.216781626251], [840.0779475664779, 613.5697910663174, 848.3166693118983, 620.6581699723996], [818.7897199373762, 681.9297888894947, 825.3839612300941, 690.4635765794293]]","[22.0, 20.0, 19.0, 16.0, 14.0, 12.0, 8.0, 6.0, 5.0]",126,1920,1080,10.0,C:/R_projects/mothz/AC_10out.mp4
"[[1023.3324106472545, 625.7647322717233, 1029.733904952221, 634.6266256049126], [1027.743271536654, 588.0084495380898, 1034.7095519893314, 596.4359574661975], [1003.785302837739, 323.40007748398335, 1009.4253947537591, 332.1669463892368], [982.6464431628023, 350.6622663261038, 988.0075069243541, 359.8798467723435], [1005.848606021152, 616.8446179944567, 1011.4752183104396, 626.1065544542116], [917.1035812653563, 749.1985448473738, 923.8412258358405, 758.5787520022047], [1041.754441642064, 347.60526553834427, 1047.635750091092, 356.8278514530732], [837.9187779075021, 614.7473467910452, 846.3061803368287, 621.7520855223015], [818.1719203795849, 683.0566561685101, 824.8636332021831, 691.532057026495]]","[22.0, 20.0, 19.0, 16.0, 14.0, 12.0, 8.0, 6.0, 5.0]",127,1920,1080,10.0,C:/R_projects/mothz/AC_10out.mp4
"[[1023.4656446897886, 626.5660934742424, 1029.765913955275, 635.5176026914661], [1027.6233585653547, 588.6781760076047, 1034.583858512861, 596.9002647848084], [1003.6143186889834, 321.4122540404522, 1009.3534500246566, 330.26370956168563], [982.6576999801007, 349.11136838050356, 988.0301285337198, 358.3327177212825], [1006.315856554786, 617.7102197362141, 1011.8942544718495, 627.0821678718909], [916.3623791434183, 751.1163600397391, 923.1949221014999, 760.5543680722168], [1042.033354801656, 346.62785907959744, 1047.9681783109536, 355.71465691318315], [836.4594805953072, 616.2679526903266, 844.8197533276077, 623.2218610309442], [817.7698801872406, 684.3564729899894, 824.5361812529269, 692.7569589349281]]","[22.0, 20.0, 19.0, 16.0, 14.0, 12.0, 8.0, 6.0, 5.0]",128,1920,1080,10.0,C:/R_projects/mothz/AC_10out.mp4
"[[1023.7003990791429, 627.5850057090107, 1030.039319954288, 636.6351091610314], [1027.5791125983767, 589.374368155198, 1034.527292005949, 597.4393365007202], [1003.5166192675562, 320.00979035954657, 1009.2850152609029, 328.85699661276675], [982.5343744249407, 347.49210629245954, 987.9647274612254, 356.651489935022], [1006.3804824061942, 619.1889362899553, 1011.9659804378446, 628.4334367611541], [915.8503717171784, 753.275678498311, 922.9693759696529, 762.7388812364209], [1042.2193194848148, 345.37619483759795, 1048.1555277734349, 354.4087124327774], [834.5422444673098, 617.3018077961253, 842.7371241041332, 624.0300913922279], [816.7885416771776, 685.4923450454816, 823.5619316473596, 693.8085149247619]]","[22.0, 20.0, 19.0, 16.0, 14.0, 12.0, 8.0, 6.0, 5.0]",129,1920,1080,10.0,C:/R_projects/mothz/AC_10out.mp4
"[[1024.0130502446702, 628.3529984512355, 1030.5575856022717, 637.3904483487071], [1027.4614062038308, 589.6328514361533, 1034.396688015322, 597.7117010140626], [1003.953767556414, 318.40349275674544, 1010.0476874756444, 327.36243590636207], [982.4583054979704, 345.9920202277177, 987.900730820388, 355.06400047032287], [1006.6517526420416, 619.9827908599489, 1012.1387859666709, 629.3746555949567], [914.6395110155887, 754.7019182555712, 921.7113901879706, 764.1163144023276], [1042.388324938397, 344.0936839604377, 1048.6248305753406, 353.38693170474687], [832.6604116033841, 618.4087610984634, 841.1696556886877, 624.9816633136909], [816.0401773594034, 686.8534401169283, 822.7767119126603, 695.1142887059221]]","[22.0, 20.0, 19.0, 16.0, 14.0, 12.0, 8.0, 6.0, 5.0]",130,1920,1080,10.0,C:/R_projects/mothz/AC_10out.mp4
"[[1024.1683751367648, 629.4379187052136, 1030.5965628691636, 638.4450725536676], [1027.406461825654, 589.7259208551917, 1034.1932541358985, 597.9121331393218], [1004.0833864330344, 316.9889571517487, 1010.1998849435432, 326.2016000922701], [982.1605056105943, 344.47001773468565, 987.7541295269366, 353.72094797212566], [1006.7952775972968, 621.2441806225164, 1012.1897304311154, 630.6442582579158], [913.628163672021, 756.1629558812402, 920.9259435505264, 765.1933774169496], [1042.5739188349924, 342.8708449460779, 1048.7468929244135, 352.1514952037668], [831.0538126213327, 619.4935484252376, 839.6306236907111, 625.9776329955182], [815.0924092306805, 687.9542420735104, 821.9786395970684, 696.4074658386035]]","[22.0, 20.0, 19.0, 16.0, 14.0, 12.0, 8.0, 6.0, 5.0]",131,1920,1080,10.0,C:/R_projects/mothz/AC_10out.mp4
"[[1024.3244705654074, 630.4087262111057, 1030.8755140697726, 639.3306132455737], [1027.4427809220886, 589.775375603656, 1034.127195932206, 598.0845073027389], [1004.3402429584089, 315.28133203622593, 1010.5006657607516, 324.4298023552445], [981.9723239841331, 343.062430215253, 987.5782962278942, 352.20099863921234], [1006.834535022682, 622.2169420682088, 1012.0408600171887, 631.5677601655715], [912.3258872114149, 757.7242385044598, 919.3894738751727, 766.5549555353506], [1042.8295987390559, 341.729594207513, 1048.9840837104487, 351.25907102695993], [828.8951699383495, 620.5480670569833, 837.8792051260689, 627.1305462477582], [814.2190060545053, 689.0617521485035, 821.2354722658689, 697.6118735947468]]","[22.0, 20.0, 19.0, 16.0, 14.0, 12.0, 8.0, 6.0, 5.0]",132,1920,1080,10.0,C:/R_projects/mothz/AC_10out.mp4
"[[1024.6217227617508, 631.4857841113387, 1031.156123709825, 640.245696304918], [1027.468454084314, 589.692403132756, 1034.0888888958157, 598.1204891132736], [1004.3987732836339, 313.097391468494, 1010.5777552472097, 322.3799457221152], [981.8228082873494, 341.45575221904886, 987.4880103954225, 350.75734123282615], [1006.8530346546654, 623.6634278470186, 1011.9498753812638, 632.7476473100552], [911.6226546454551, 759.2539456974098, 918.5622343321269, 767.8826124510124], [1042.836823388475, 340.6208322860493, 1049.0222624082564, 350.2638528143477], [827.2495293844225, 621.4626268161843, 836.0695104287375, 628.1075472178414], [813.421143557867, 690.0376651231901, 820.4071110794264, 698.3802297043327]]","[22.0, 20.0, 19.0, 16.0, 14.0, 12.0, 8.0, 6.0, 5.0]",133,1920,1080,10.0,C:/R_projects/mothz/AC_10out.mp4
"[[1024.6744981209602, 632.1104611819405, 1031.2086744698252, 641.1744599714625], [1027.5017897149012, 589.7148384365015, 1034.113409832548, 598.2706732388161], [1004.7401033629211, 311.15414352977126, 1010.7487825957838, 320.4431437264455], [981.8377205362477, 340.0584218383418, 987.489487919686, 349.3619330592121], [1006.8944565897457, 624.6056891182486, 1011.8695483308061, 633.8951971492625], [911.0508580336657, 761.1141819158515, 917.8281028465951, 769.7146654443732], [1042.8910741099724, 339.160981735496, 1048.9188769720506, 348.7923806645918], [825.3742310838624, 622.8614084622925, 834.2597746160083, 629.2529655548376], [812.8773733941779, 691.2666722331742, 819.7589362699958, 699.7029203563675]]","[22.0, 20.0, 19.0, 16.0, 14.0, 12.0, 8.0, 6.0, 5.0]",134,1920,1080,10.0,C:/R_projects/mothz/AC_10out.mp4
"[[1024.8567361940836, 633.0951990311809, 1031.392183190978, 642.0920099192434], [1027.6106642727325, 589.8268044031507, 1034.1432840981659, 598.4916528351677], [1004.8481741906927, 309.33416689148214, 1010.7494487713469, 318.67905391234], [981.826816861026, 338.7623245565602, 987.473106475879, 348.0504926870003], [1007.0766468381628, 625.5735500502227, 1012.0503415429616, 634.9227757579393], [910.0791934762881, 762.9543782140794, 916.774342209096, 771.6135934819321], [1043.0952197237884, 337.5313781656925, 1049.1259864242234, 347.2659663821025], [823.5910126327581, 623.729603799635, 832.4375076180345, 630.1288868752974], [812.3237621519926, 692.8852752434233, 819.1407763956491, 701.2608885586427]]","[22.0, 20.0, 19.0, 16.0, 14.0, 12.0, 8.0, 6.0, 5.0]",135,1920,1080,10.0,C:/R_projects/mothz/AC_10out.mp4
"[[1025.168586009725, 633.8391391646157, 1031.6430761584347, 642.9775083038458], [1027.7409192819532, 589.8776186686487, 1034.2365495164408, 598.6449005182401], [1005.1615781882695, 307.11732884635495, 1010.7779517814129, 316.47298219733483], [981.8639162580704, 337.1873950522623, 987.6078468396232, 346.53793084068315], [1007.2597877064728, 626.5299560524373, 1012.2187505572398, 635.9925719373354], [909.476687295887, 764.6827049588145, 915.9813089978708, 773.4724465083963], [1043.286319665481, 335.9897398955129, 1049.2071025520765, 345.83838135919257], [821.580449771192, 624.902068034212, 830.3101793908577, 631.3783841881053], [811.805190480653, 694.0262587009652, 818.5815158156411, 702.5374884822545]]","[22.0, 20.0, 19.0, 16.0, 14.0, 12.0, 8.0, 6.0, 5.0]",136,1920,1080,10.0,C:/R_projects/mothz/AC_10out.mp4
"[[1025.6783676005164, 634.900617288124, 1032.0635940618943, 643.9899363199423], [1028.0236608441573, 589.6945371990646, 1034.4113617044923, 598.5109115132018], [1005.3092706429418, 305.14779370995865, 1010.9955565144646, 314.4602756628364], [982.1241150312156, 335.91331720519486, 987.8627501288807, 345.1629980608427], [1007.2980749211795, 627.4962376382516, 1012.1954372907508, 636.9413358497266], [908.9834090829364, 766.773399007098, 915.2729743837607, 775.6525097819903], [1043.6960894969068, 334.63593762276594, 1049.550714877502, 344.42838224907496], [820.0824920198778, 626.013856356008, 828.7172073987307, 632.5800979939937], [811.3853146786907, 695.2037861716174, 818.2520132043551, 703.9506251420235]]","[22.0, 20.0, 19.0, 16.0, 14.0, 12.0, 8.0, 6.0, 5.0]",137,1920,1080,10.0,C:/R_projects/mothz/AC_10out.mp4
"[[1025.7565038973069, 636.0986464891498, 1032.4413134761664, 645.0391889905272], [1028.201439619959, 590.1825213037181, 1034.4404403414508, 599.046119176977], [1005.5380618337153, 303.1850288860527, 1011.1229724413513, 312.61520205226566], [982.5082625612251, 334.7628445973635, 988.4703783464256, 344.0808681961839], [1007.7427749340485, 628.6269672465481, 1012.6879368027957, 638.1578156773379], [908.665333717567, 768.9475713500543, 914.8166653199206, 777.903374658831], [1043.7490170594324, 333.19064488700513, 1049.6857292345653, 342.94740345757504], [818.7270663197379, 627.6404513645787, 827.0943399242204, 634.3734065026206], [810.6051134182956, 696.5469350459567, 817.5071601272643, 705.1744029387982]]","[22.0, 20.0, 19.0, 16.0, 14.0, 12.0, 8.0, 6.0, 5.0]",138,1920,1080,10.0,C:/R_projects/mothz/AC_10out.mp4
"[[1026.0434746113344, 637.0239324258639, 1032.8602365137606, 646.215427727313], [1028.2623366199666, 590.7360162207295, 1034.4993877086947, 599.5949892470493], [1005.3107089770917, 301.0961146715945, 1010.8998540524949, 310.68248760205563], [982.9630533866019, 333.492251025664, 988.8678345779605, 342.82313601636884], [1008.0094246356679, 629.6606267491869, 1013.001628206514, 639.3546914926454], [908.1649378041293, 771.0297598646015, 914.246955086554, 780.0223652786975], [1043.9816376956546, 331.6626913648115, 1049.8450265015917, 341.3217572297557], [817.2926553696336, 628.9559106610367, 825.5667061253816, 635.8811707485028], [809.6430319068573, 698.2263787560578, 816.9395814577666, 706.8632104431708]]","[22.0, 20.0, 19.0, 16.0, 14.0, 12.0, 8.0, 6.0, 5.0]",139,1920,1080,10.0,C:/R_projects/mothz/AC_10out.mp4
"[[1026.158267118904, 638.2013774517684, 1033.1139405303556, 647.3418262259361], [1028.1873794783737, 591.2409298770996, 1034.3501972586337, 599.9630012478359], [1005.4660020479212, 299.0304364328212, 1011.0478614783378, 308.5774086479699], [983.1199785414842, 332.06777257562453, 988.8617721955225, 341.21925161749175], [1008.3680098848475, 631.0653786351864, 1013.4721944491529, 640.6531750294097], [907.8912203439971, 773.1375642202921, 913.9779693095567, 782.2678260706849], [1044.105483235059, 330.155204143577, 1050.2683016890717, 339.84799051150645], [816.1273253685774, 630.2523864579406, 824.0626474757585, 637.3268309557649], [808.7541666745063, 700.0386784364409, 816.1378013845696, 708.5828766900977]]","[22.0, 20.0, 19.0, 16.0, 14.0, 12.0, 8.0, 6.0, 5.0]",140,1920,1080,10.0,C:/R_projects/mothz/AC_10out.mp4
"[[1026.544945037023, 639.2117733698325, 1033.4844287393148, 648.155124819927], [1028.2373742207885, 592.0787159771845, 1034.4894310427474, 600.9723776332027], [1005.6612881274847, 297.1090493032471, 1011.3756205822634, 306.48695096483453], [983.3090702517326, 330.98937824446557, 988.9950351735864, 340.0161745565514], [1008.4871690734569, 632.4196587303122, 1013.8591838837556, 641.8246809548757], [907.5738485397139, 775.1316766926608, 913.5629666749417, 784.3073789519445], [1044.3999339090956, 328.8540900899504, 1050.644886079995, 338.3869328386799], [814.963031099507, 631.8967155400353, 822.5538849642436, 639.1362177291699], [807.774730036186, 701.5238472666153, 815.052230294276, 710.2204384350698]]","[22.0, 20.0, 19.0, 16.0, 14.0, 12.0, 8.0, 6.0, 5.0]",141,1920,1080,10.0,C:/R_projects/mothz/AC_10out.mp4
"[[1027.1501150977363, 640.5932596849063, 1033.8908669479736, 649.4989125644174], [1028.5903406771506, 592.8228999216689, 1035.0179702788826, 601.74228475188], [1006.2251972411123, 295.2724915448488, 1011.8362783352691, 304.49678599728475], [983.4851878926769, 329.3692031876, 989.2939787179251, 338.41039354081744], [1008.4641768006608, 633.5246757797855, 1013.779855234398, 642.9061000209828], [906.9151631839871, 777.5640973625814, 912.9942470335949, 786.7840160702845], [1044.5193177565825, 327.52059592681877, 1050.6901862381678, 337.0283277335], [813.809123725554, 632.7271193867979, 821.308549899409, 640.0527097838627], [806.7194679058688, 703.2321070380016, 814.0799833146849, 711.9947452799553]]","[22.0, 20.0, 19.0, 16.0, 14.0, 12.0, 8.0, 6.0, 5.0]",142,1920,1080,10.0,C:/R_projects/mothz/AC_10out.mp4
"[[1027.406856035103, 641.2312865734743, 1034.124355956048, 650.4068201735042], [1029.2088605990448, 593.3497275005521, 1035.748139417064, 602.290047761158], [1006.1932230208567, 293.2223369789727, 1011.8425479725445, 302.68092606537203], [983.4332698460835, 327.7554937307566, 989.3145302188161, 336.76800320801897], [1008.5621907972911, 634.7475360730256, 1013.9146656875685, 644.095130173659], [906.3412917509664, 779.9299999545806, 912.4865596577605, 789.3466747242683], [1044.9152483247735, 326.02804799207297, 1050.9682010983106, 335.4602309991683], [812.9055338765768, 634.0161479391774, 820.1770309402236, 641.596994736367], [805.8729409045256, 704.7423881587238, 813.2589055426672, 713.315112556169]]","[22.0, 20.0, 19.0, 16.0, 14.0, 12.0, 8.0, 6.0, 5.0]",143,1920,1080,10.0,C:/R_projects/mothz/AC_10out.mp4
"[[1027.5903148563434, 642.0728629342295, 1034.2217754734602, 651.2446210681248], [1029.5219828366514, 593.6293942410291, 1036.2241926152358, 602.7240294964479], [1006.584548350272, 291.22821117167365, 1012.2193517462616, 300.55791727261493], [983.5104203476088, 326.00237938472947, 989.2964917544947, 335.13551379268586], [1008.7704506923022, 635.6647981355, 1014.1359592536313, 645.3631934969721], [905.4046842105, 781.9874416319329, 911.6887645000478, 791.4476982394873], [1044.9636415788434, 324.706379193215, 1051.015805295872, 334.24026369057793], [811.6502263399811, 635.5185500686553, 818.9652936238338, 643.1442189181068], [804.9060774251378, 706.0426418267133, 812.3303736751783, 714.6410344302291]]","[22.0, 20.0, 19.0, 16.0, 14.0, 12.0, 8.0, 6.0, 5.0]",144,1920,1080,10.0,C:/R_projects/mothz/AC_10out.mp4
"[[1027.6771622190527, 642.6957296809705, 1034.3112065636392, 652.056699316937], [1029.5928879088697, 593.8393124304417, 1036.3632473648513, 603.0713101928067], [1006.5618734014075, 289.48412456621907, 1012.2805019739084, 298.8215528259856], [983.7297991005273, 324.55860254367127, 989.5460633901573, 333.8107295965693], [1008.8586132000222, 636.8652985548575, 1014.1800679598092, 646.5648081907688], [904.9570513676416, 784.4652234563869, 911.3226953111979, 793.7769988917653], [1045.0228215404795, 323.63514571630253, 1051.1004443437023, 333.1504973887803], [810.4304611403817, 637.1470477526115, 817.9064653703336, 644.786796469335], [804.1324865245741, 707.2787855064337, 811.5996489757748, 715.7681543240676]]","[22.0, 20.0, 19.0, 16.0, 14.0, 12.0, 8.0, 6.0, 5.0]",145,1920,1080,10.0,C:/R_projects/mothz/AC_10out.mp4
"[[1027.9093006743005, 643.2395546260057, 1034.3997961196292, 652.7513896035498], [1029.7351903166998, 593.8970276376874, 1036.572982493267, 603.313182226439], [1006.4366304690924, 287.5496944135094, 1012.0010308618167, 296.8750068079064], [983.8544036739543, 322.54344966327517, 989.7426733714929, 331.75068926038216], [1008.8440065780917, 638.1066812548921, 1014.2683233614871, 647.5256338988153], [904.1055445859823, 786.0668805854643, 910.5502444326597, 795.3179720760993], [1045.3356482102402, 321.92108302534956, 1051.4280547432093, 331.46554033585], [809.4865170681463, 638.437244234366, 817.2854658523637, 645.7932678801191], [802.6167135566931, 708.2124332203442, 810.439623265133, 716.2739950068247]]","[22.0, 20.0, 19.0, 16.0, 14.0, 12.0, 8.0, 6.0, 5.0]",146,1920,1080,10.0,C:/R_projects/mothz/AC_10out.mp4
"[[1027.985396660633, 643.8688487802212, 1034.527513608541, 653.3130028645332], [1029.915052176034, 593.9614714182486, 1036.7340945603314, 603.590032732637], [1006.018874012025, 285.89101523299826, 1011.4124452150584, 295.13371523623175], [983.9885685881785, 320.85042689993855, 989.9194537078816, 330.11335290417884], [1008.9086717711126, 639.2551887961379, 1014.2845956474631, 648.9048796607058], [903.1202735786866, 788.1170445560256, 909.6039906466898, 797.2330158952514], [1045.6147124861589, 320.56570299601054, 1051.7154387118478, 329.9799998752747], [808.6404865400066, 639.4942057244444, 816.4946329134489, 646.8856388548055], [801.3778957862555, 709.3042884033397, 809.2930597821623, 717.1781330526638]]","[22.0, 20.0, 19.0, 16.0, 14.0, 12.0, 8.0, 6.0, 5.0]",147,1920,1080,10.0,C:/R_projects/mothz/AC_10out.mp4
"[[1028.2476055489299, 644.743928915292, 1034.7078080303488, 654.2773759394396], [1030.078181805364, 593.8888791022081, 1036.8743119241942, 603.6986656537532], [1005.2964871876334, 284.69085236784974, 1010.8540622541109, 293.7380251720548], [984.1457722117001, 319.2514775375828, 990.0668052363538, 328.448571632328], [1008.8488553889728, 640.447292137015, 1014.29865119725, 650.2540906796514], [902.1677186973335, 790.1718111245725, 908.7705021423843, 799.2001703509854], [1045.8051643276776, 319.3368854273503, 1051.9065070507022, 328.76444306029697], [807.2839254155, 640.5355767827001, 815.1809559406935, 647.8507467899336], [800.3187828603785, 710.0603833310934, 808.3910476551924, 717.6844459701863]]","[22.0, 20.0, 19.0, 16.0, 14.0, 12.0, 8.0, 6.0, 5.0]",148,1920,1080,10.0,C:/R_projects/mothz/AC_10out.mp4
"[[1028.590474787049, 645.7649599399623, 1035.0451356004628, 655.0813506394292], [1030.2306162998955, 593.8091084362038, 1037.002220111826, 603.7666678640289], [1004.8217099339412, 282.74589451582534, 1010.5591535852226, 291.8569220820298], [984.2657769605719, 317.9734188364678, 990.0899856158737, 327.09555058832245], [1008.8250463471074, 641.3645579049091, 1014.3586630006787, 651.2718717592404], [901.3424454147804, 792.3006988535013, 907.9252931678378, 801.3166256602382], [1045.9005597425482, 317.99204606135214, 1051.9465556090852, 327.4415574864575], [805.8561636630095, 642.0260075031217, 813.9635230053709, 649.398787937313], [798.7907875895233, 711.3147622203635, 807.1322177130695, 718.9304755615387]]","[22.0, 20.0, 19.0, 16.0, 14.0, 12.0, 8.0, 6.0, 5.0]",149,1920,1080,10.0,C:/R_projects/mothz/AC_10out.mp4
"[[1029.127647884542, 646.5853750454386, 1035.627754797728, 655.7996546164258], [1030.277918147909, 593.9072410751853, 1037.0362458514842, 603.901782036063], [1004.0999471224492, 281.11655423615383, 1010.191808920293, 290.16352329318755], [984.6031454527475, 316.2932739957512, 990.3370677314286, 325.3842343071724], [1008.7845833934933, 642.6994230571925, 1014.2428958153815, 652.7120084768451], [900.8096175795793, 794.4418919036145, 907.5443239848903, 803.4940196733899], [1045.906150179202, 316.62355087525856, 1051.9512360471363, 325.92190282633607], [804.4623773447645, 643.5650602841437, 812.2759782698408, 650.853149708858], [797.5944863640325, 712.2740210832089, 806.0458885878184, 719.7344395827888]]","[22.0, 20.0, 19.0, 16.0, 14.0, 12.0, 8.0, 6.0, 5.0]",150,1920,1080,10.0,C:/R_projects/mothz/AC_10out.mp4
"[[1029.7830029921906, 647.6554962128605, 1036.2822114961195, 656.8133243709462], [1030.2855509974188, 594.0926609692817, 1037.012184157079, 604.026808703032], [1003.697831964536, 279.3049263214173, 1009.6324104085478, 288.36704605674623], [984.751493357815, 314.8453260290621, 990.6447056601755, 323.72042031730916], [1008.7480208554906, 643.733438587746, 1014.1018104442613, 653.829183883429], [899.2315687499183, 796.2684579579565, 906.2253152755566, 805.2662726517191], [1045.96854672929, 315.30843114094205, 1051.8523255471657, 324.4922298748327], [803.3748265559652, 644.9962414184779, 811.0148672717221, 652.2748558456315], [796.2227473457979, 713.3156140101388, 804.464069571528, 720.8585150222158]]","[22.0, 20.0, 19.0, 16.0, 14.0, 12.0, 8.0, 6.0, 5.0]",151,1920,1080,10.0,C:/R_projects/mothz/AC_10out.mp4
"[[1030.1098372256438, 648.3418431145416, 1036.7529418655163, 657.4318556839934], [1029.8467754446415, 594.3307933030286, 1036.5765558636535, 604.269657171515], [1003.3532378939199, 277.43739584242917, 1009.0259691405299, 286.4869673288523], [984.7557690260483, 313.13574348642715, 990.7720204318623, 322.1638070823815], [1008.9964420634634, 644.9278623352103, 1014.3068763681689, 654.8035424846222], [897.9093360995167, 797.9441840713702, 905.2703523820306, 806.987109810388], [1046.2047940263758, 313.7723345734859, 1052.0447959145947, 322.9762763739324], [802.3568316835567, 646.5640093052467, 809.9780701675832, 653.8609046762296], [794.8437505581002, 714.6531579185705, 803.0990244857529, 722.0849782956045]]","[22.0, 20.0, 19.0, 16.0, 14.0, 12.0, 8.0, 6.0, 5.0]",152,1920,1080,10.0,C:/R_projects/mothz/AC_10out.mp4
"[[1030.4055262643574, 649.0394704469671, 1037.2628397828103, 658.184274252609], [1029.5989034728004, 594.3907548830323, 1036.3183231084167, 604.3629833250143], [1002.9169364132964, 275.30881578565123, 1008.5669847314886, 284.3612199403861], [985.0253916858999, 311.44576788024494, 991.1581939001567, 320.6458055267301], [1008.9941410767548, 646.3469922231195, 1014.2637415133596, 655.9790551401502], [896.7600234169246, 800.0258415986472, 904.1013395274091, 809.0685505114994], [1046.2697228731315, 312.2559061175576, 1052.0586072705298, 321.55239947897036], [801.2741706543342, 648.2866450962122, 808.5629244645241, 655.6659416174866], [793.794024536652, 716.0722006531126, 801.9655319091138, 723.4996761070335]]","[22.0, 20.0, 19.0, 16.0, 14.0, 12.0, 8.0, 6.0, 5.0]",153,1920,1080,10.0,C:/R_projects/mothz/AC_10out.mp4
"[[1030.565260356078, 650.0061202265949, 1037.5671993594488, 659.1644091815665], [1029.468259358939, 594.4155660173254, 1036.2443526105883, 604.4708590038719], [1002.6748417122355, 273.3945246826412, 1008.3995765837462, 282.66299846896936], [985.1532685933961, 309.77190304666556, 991.204151357961, 319.1366263394075], [1009.1597504000541, 647.5865276585812, 1014.341583230724, 657.3355398959957], [895.2545406779321, 801.976195231259, 902.7789438088506, 810.9397461914336], [1046.333113891659, 311.18184035887543, 1052.1958486881974, 320.3449020550188], [799.6500238581888, 650.1093732156336, 807.0653895200702, 657.6060468791692], [792.9298300554295, 717.2052570838574, 801.0113389229115, 724.6873736030467]]","[22.0, 20.0, 19.0, 16.0, 14.0, 12.0, 8.0, 6.0, 5.0]",154,1920,1080,10.0,C:/R_projects/mothz/AC_10out.mp4
"[[1030.9978630449918, 650.672305411195, 1037.9222423510719, 659.716222957291], [1029.373353051071, 594.3993973667514, 1036.326073304165, 604.6092642632534], [1002.4488462747821, 271.13390810187207, 1008.2000807454777, 280.48613716005354], [985.5389079554142, 308.140787685581, 991.5119098304568, 317.4871239430356], [1009.127805354552, 648.895786391668, 1014.2703697328022, 658.6589615487856], [893.9933325678625, 803.7193426608128, 901.4859944894714, 812.5478538755183], [1046.3695656293844, 309.6269820323363, 1052.4083840380863, 318.7390664027786], [797.7082844980679, 651.4983002962563, 805.3530045476174, 659.0517481269223], [792.156005827654, 718.7119596091294, 800.0502713533573, 726.3154282184081]]","[22.0, 20.0, 19.0, 16.0, 14.0, 12.0, 8.0, 6.0, 5.0]",155,1920,1080,10.0,C:/R_projects/mothz/AC_10out.mp4
"[[1031.167012195142, 651.2008012403325, 1038.282680290326, 660.0641323735998], [1029.5030830091505, 594.5277750135228, 1036.5279299520985, 604.9577429053129], [1002.3301745927051, 269.23422983441253, 1007.9530237472118, 278.46470233422053], [985.7877796829213, 306.2063964279784, 991.6478653308678, 315.60157797134553], [1009.0416513733795, 650.1096423868408, 1014.2799989729302, 659.861197432947], [892.6246540226413, 805.5270410294188, 900.2251479340788, 814.1779678454359], [1046.6500329017845, 308.5244119127985, 1052.630175715958, 317.7135502963545], [796.2989232258471, 653.5520037645218, 804.0136134476709, 660.8015980618674], [791.0947799260684, 720.0787520347463, 798.9838678098231, 727.7557714266187]]","[22.0, 20.0, 19.0, 16.0, 14.0, 12.0, 8.0, 6.0, 5.0]",156,1920,1080,10.0,C:/R_projects/mothz/AC_10out.mp4
"[[1031.3167237902387, 651.6571190791768, 1038.40811951807, 660.5220254210832], [1029.7824726085753, 594.53038243286, 1036.8479064061532, 605.1845970068953], [1002.0603334949075, 267.28883185176426, 1007.6404292607962, 276.4613822857634], [985.9426723391298, 304.6277921214665, 991.7081646500544, 314.1086602429289], [1009.1905496305528, 651.2523343888214, 1014.5100042262964, 661.1456182907338], [891.4075068395929, 807.6449417736105, 899.02049720143, 815.9675269915588], [1046.7055588465864, 307.81487517022407, 1052.7264300035617, 316.9935463561446], [794.6069627578177, 655.1437206058553, 802.4352107072473, 662.586088139761], [789.7223686355192, 720.9978596662862, 797.7096487206493, 728.7511767853265]]","[22.0, 20.0, 19.0, 16.0, 14.0, 12.0, 8.0, 6.0, 5.0]",157,1920,1080,10.0,C:/R_projects/mothz/AC_10out.mp4
"[[1031.7004336319644, 652.0387585255675, 1038.790154964249, 660.89242982134], [1030.0848941323948, 594.7997735016864, 1037.1575675028857, 605.6262336859078], [1001.9216316322496, 265.62097826445404, 1007.4639008891328, 274.813454035884], [986.0898974416276, 303.0933943743266, 991.7838242228116, 312.78647438649006], [1009.4041668947741, 652.4732834604424, 1014.7600587501754, 662.386028786701], [890.0077191351589, 809.2384261553779, 897.5342528305995, 817.6581973859358], [1047.0568955157105, 306.6955104060099, 1053.049940390997, 315.89528564088556], [793.2724887089048, 656.4988674862798, 801.1281120451374, 663.9566954039458], [788.2748764450428, 721.9813239852382, 796.443906843233, 729.617911589297]]","[22.0, 20.0, 19.0, 16.0, 14.0, 12.0, 8.0, 6.0, 5.0]",158,1920,1080,10.0,C:/R_projects/mothz/AC_10out.mp4
"[[1032.0893654488368, 652.533590094359, 1039.368533092685, 661.3009607579824], [1030.3968705704776, 595.0637651611969, 1037.455463031052, 606.0135123992393], [1001.872446779074, 263.69002688695826, 1007.3393671306095, 272.92920976856027], [986.2129563677934, 301.49829111606266, 991.7598544720638, 311.0469746864969], [1009.598702142628, 653.4138187179534, 1014.9780406120709, 663.2992403624197], [888.9711978683725, 811.4966647466123, 896.4515447343471, 819.8195972874993], [1047.1695165656606, 305.39996881643106, 1053.2064885883383, 314.7536947416236], [791.2998560622071, 658.0918899186867, 799.0709014759465, 665.4216961140297], [786.7433150107383, 723.2534608361116, 795.0147962121785, 730.6813467132702]]","[22.0, 20.0, 19.0, 16.0, 14.0, 12.0, 8.0, 6.0, 5.0]",159,1920,1080,10.0,C:/R_projects/mothz/AC_10out.mp4
"[[1032.3148929717925, 653.3967276844451, 1039.594473055911, 661.9851783058573], [1030.6818871023963, 595.9174362537592, 1037.7588446227935, 606.5577140570228], [1001.5623835754249, 262.2191645003425, 1007.0197891175941, 271.33658602055715], [986.059420631081, 300.13159946381916, 991.5072990368459, 309.41225515151564], [1009.7879538401638, 654.594731186472, 1015.126324810457, 664.478384037606], [887.946466511091, 813.0704414890465, 895.1823922185491, 821.4773572868055], [1047.390748156716, 303.9671637771435, 1053.4423983368667, 313.44144624886263], [789.5387467044831, 659.4273846426144, 797.3157201505022, 666.4470540441263], [785.6366141764644, 724.1352312480826, 793.9150543293011, 731.3421041513525]]","[22.0, 20.0, 19.0, 16.0, 14.0, 12.0, 8.0, 6.0, 5.0]",160,1920,1080,10.0,C:/R_projects/mothz/AC_10out.mp4
"[[1032.7240208164012, 654.3358933044125, 1039.9114676919485, 663.0796164641298], [1030.6349184417447, 596.1485881981621, 1037.686139057452, 606.5012536609609], [1001.0771550979794, 260.4343895435602, 1006.5245963577497, 269.5231492492421], [985.9397818242758, 298.6249732673572, 991.3794721190363, 307.6977059309727], [1009.8208094807475, 655.7048689013022, 1015.315703820297, 665.682022341724], [886.8844907278446, 815.2190088540044, 894.1085163498551, 823.6159983554123], [1047.7039380736924, 302.3063694261892, 1053.5673405173115, 311.9259074416032], [787.6692511539076, 660.7954556944205, 795.5932647273445, 667.5615462278508], [784.2700106546457, 724.8881286875959, 792.624214212526, 731.7427711859976]]","[22.0, 20.0, 19.0, 16.0, 14.0, 12.0, 8.0, 6.0, 5.0]",161,1920,1080,10.0,C:/R_projects/mothz/AC_10out.mp4
"[[1033.445628742618, 655.0399778868488, 1040.6199073891596, 663.8857197879014], [1030.7763496132368, 596.5127182755763, 1038.0116132007554, 606.7766038355616], [1000.2021669906784, 258.77907756329694, 1005.8329556054767, 267.9114961024285], [985.4310499601833, 296.9783750078703, 991.0430013780721, 306.23734684670734], [1010.1264516057536, 656.529851013101, 1015.8364848879373, 666.708734875102], [885.7924907995202, 816.8157986151177, 892.9770724223606, 825.4119602570415], [1047.788577980578, 301.00874816303565, 1053.4722491211435, 310.5072677729347], [785.9877562040456, 662.1094777925937, 794.1965610154341, 668.7119814357393], [782.5872013619545, 725.46227765465, 791.2557002905756, 732.0856928096525]]","[22.0, 20.0, 19.0, 16.0, 14.0, 12.0, 8.0, 6.0, 5.0]",162,1920,1080,10.0,C:/R_projects/mothz/AC_10out.mp4
"[[1033.863292971242, 655.5915518298314, 1040.9331143220477, 664.5825893054723], [1030.9552753276355, 597.2002263427935, 1038.2578466689286, 607.3760228565859], [999.5760405714744, 257.39937172917064, 1005.3397644197775, 266.45166647101905], [985.3622266485565, 295.2594779171065, 991.006690668858, 304.6038402099185], [1010.4769362982638, 657.7303744411126, 1016.2195957225188, 667.8604777271232], [884.5079101551232, 818.9390082355084, 891.6033453430814, 827.5133291393466], [1047.954155092079, 299.3393491101279, 1053.7321776874146, 308.90671542514457], [784.1477390003073, 663.5549597977841, 792.2097991124859, 670.2196191475849], [781.2808093636863, 726.0812112462165, 790.3391958982279, 732.652350769391]]","[22.0, 20.0, 19.0, 16.0, 14.0, 12.0, 8.0, 6.0, 5.0]",163,1920,1080,10.0,C:/R_projects/mothz/AC_10out.mp4
"[[1034.3007655596475, 656.319532430895, 1041.0420709725272, 665.3692145005426], [1030.978391217331, 597.5461660101558, 1038.4182126411267, 607.8087768282352], [998.6655508761334, 255.79596242759675, 1004.4327851366137, 264.78466202331407], [985.2420452812671, 293.58469435751874, 990.8545569334337, 302.9553587541095], [1010.5221167166785, 658.8177993524532, 1016.2996054804844, 669.0524986178136], [883.5697491481797, 820.5513797508913, 890.7660875872946, 829.2128807856691], [1048.0588168769502, 297.82531470940177, 1053.8456175145814, 307.39021474756026], [782.3527067665146, 664.9016895147896, 790.5453643958816, 671.4962377876872], [779.8708159762497, 727.0658840019439, 789.1810564076217, 733.3383731656129]]","[22.0, 20.0, 19.0, 16.0, 14.0, 12.0, 8.0, 6.0, 5.0]",164,1920,1080,10.0,C:/R_projects/mothz/AC_10out.mp4
"[[1034.6858024128665, 656.9250939646699, 1041.5391602000468, 666.128857755652], [1031.2228836454342, 597.7665991759804, 1038.7124103426172, 608.292702495271], [998.1755908607623, 254.4407998869913, 1003.958437017446, 263.3521792485956], [985.3372761176556, 292.2422269453731, 990.8878990809146, 301.50348624685296], [1010.5633192353713, 659.9434671214204, 1016.3708168261368, 670.1176038871694], [882.3524139008582, 822.4955545673704, 889.588064125539, 831.1629094745144], [1047.9695024895052, 296.5835279736498, 1053.9105366474248, 306.07995160546716], [780.9310897545537, 666.1611334473466, 788.913583513444, 672.6510773775622], [778.117102541773, 727.9667112363982, 787.4503179969511, 734.1281106413694]]","[22.0, 20.0, 19.0, 16.0, 14.0, 12.0, 8.0, 6.0, 5.0]",165,1920,1080,10.0,C:/R_projects/mothz/AC_10out.mp4
"[[1034.9490800296699, 657.7936809583704, 1041.767591640445, 667.1327028114098], [1031.1339070021518, 598.5646701150946, 1038.9451633606427, 609.3433921277334], [997.6024424824145, 252.24027224508987, 1003.3589232602026, 261.34563956927656], [985.4473731282849, 290.4810036402682, 991.0726079189897, 299.76687747858614], [1010.6987563770421, 661.2923782664848, 1016.5379251699379, 671.5014897469971], [881.5083735305811, 824.5219751703999, 888.7499618939646, 833.1171201709842], [1047.9875885852505, 295.23300884075553, 1053.8497899934248, 304.8461098771101], [779.3649044092529, 667.4528116139358, 787.237355973582, 674.1482519906216], [776.7772356214392, 728.3475517619814, 786.1377060748115, 734.7359167316121]]","[22.0, 20.0, 19.0, 16.0, 14.0, 12.0, 8.0, 6.0, 5.0]",166,1920,1080,10.0,C:/R_projects/mothz/AC_10out.mp4
"[[1035.2327643113058, 658.4924067632801, 1042.0014515507264, 667.862434750745], [1031.2591299443602, 599.0446268850853, 1039.225746400179, 609.8654544772751], [997.3844573319849, 250.5434981319063, 1003.2533885096024, 259.8316822245257], [985.7241519693421, 289.0267614839275, 991.2771074577738, 298.1912719847249], [1010.5374105826305, 662.4116531132138, 1016.2801112781164, 672.6065615303787], [880.3935124711348, 826.1396431649227, 887.6647003286679, 835.0655870549904], [1048.2460174267599, 293.5137130382492, 1053.8717920590243, 303.02963279421624], [778.2582109700261, 669.2025565296361, 786.2311534244695, 676.0068201147079], [774.9974079989731, 729.0796292823939, 784.3169533628798, 735.5223718577447]]","[22.0, 20.0, 19.0, 16.0, 14.0, 12.0, 8.0, 6.0, 5.0]",167,1920,1080,10.0,C:/R_projects/mothz/AC_10out.mp4
"[[1035.5591649627643, 659.1014115870336, 1042.339600171438, 668.4615252554169], [1031.3183460296405, 599.1910142789783, 1039.4145431072325, 610.1329911245306], [996.9142484028876, 249.18428639140149, 1003.0866974675212, 258.4929588979434], [985.9082294267437, 287.6103670291847, 991.4225725271435, 296.87151915564283], [1010.5183372568615, 663.4757410524162, 1016.25110348967, 673.6641230014382], [879.3757609303096, 827.7468638620888, 886.8826762940674, 836.506191685119], [1048.2510527490283, 292.3855939846659, 1053.9137342177444, 301.79407232537767], [777.6725212180323, 669.5053979999327, 785.6531763834299, 676.5351378057974], [773.7168675336128, 729.5241438134736, 783.12147193575, 735.9465926140878]]","[22.0, 20.0, 19.0, 16.0, 14.0, 12.0, 8.0, 6.0, 5.0]",168,1920,1080,10.0,C:/R_projects/mothz/AC_10out.mp4
"[[1035.923550932776, 659.7830545537323, 1042.7991647369631, 669.1524001364804], [996.6673261221682, 247.67783379540862, 1002.7847285271899, 257.05675208919837], [986.1589622450979, 286.31854770905653, 991.8740030652116, 295.57772021112686], [1010.3783203131533, 664.8625407941622, 1016.229841629934, 674.8578084368535], [877.8430209756494, 829.1672458242775, 885.3968653931321, 837.7277514095512], [1047.977102775614, 290.5096863397633, 1053.843934923029, 300.154615034262], [777.455939041561, 669.4443832774774, 785.4360657959124, 676.5999146452419], [772.2649181373472, 730.4616359164805, 781.3745968637952, 736.8234795760651]]","[22.0, 19.0, 16.0, 14.0, 12.0, 8.0, 6.0, 5.0]",169,1920,1080,10.0,C:/R_projects/mothz/AC_10out.mp4
"[[1036.4368001526136, 660.2336166261236, 1043.2919112697477, 669.6299552496896], [996.0909419146292, 245.63199602317124, 1002.3010349944013, 254.95808224713184], [986.5800339418474, 284.7067506129051, 992.2641984699944, 293.9734818094388], [1010.2572560976711, 666.0193574176539, 1016.1087122265743, 676.1041614561133], [876.0789208448233, 831.1987603130027, 883.879661105863, 839.6071878076654], [1047.8814288204242, 289.1330250681281, 1053.7474611821615, 298.74253852494104], [777.3696730902809, 669.8663368571326, 785.4943082393554, 676.7716261588005], [770.7569426650483, 731.2817762167658, 779.8101760850546, 737.6883717145863]]","[22.0, 19.0, 16.0, 14.0, 12.0, 8.0, 6.0, 5.0]",170,1920,1080,10.0,C:/R_projects/mothz/AC_10out.mp4
"[[1036.9481030973402, 660.950507314206, 1043.8676424719379, 670.1298248544059], [995.8320328847436, 243.4090605355505, 1001.9089708444643, 252.880850044868], [986.9937757603941, 282.7008546315065, 992.7796544616044, 291.81622876008436], [1010.1499518018557, 667.3930451976269, 1016.0460183380394, 677.4216805506767], [874.5948598661151, 832.8981424367612, 882.739490645832, 841.0819869231084], [1047.7348267627976, 287.57753856954395, 1053.704404812171, 297.41673771022664], [777.2510227625568, 669.9100986482824, 785.2944102142823, 676.6275601838456], [769.5581345171249, 732.3005782174466, 778.2909999077485, 738.8564330457857]]","[22.0, 19.0, 16.0, 14.0, 12.0, 8.0, 6.0, 5.0]",171,1920,1080,10.0,C:/R_projects/mothz/AC_10out.mp4
"[[1037.4933731985786, 661.7640803749789, 1044.2933737967908, 670.9177653283746], [995.3450933147441, 241.29956454324747, 1001.3570538135488, 250.75133266839725], [987.6320607715894, 280.9975203308407, 993.4430375118508, 290.13405267483864], [1009.9819571757793, 668.4745488100015, 1015.9834103536385, 678.5799957137289], [872.8385106554547, 834.7296443184717, 881.0633269275861, 842.6283610333115], [1047.7576226818285, 286.1750643274914, 1053.7600308123767, 295.9690920568533], [777.2998436458438, 669.8994127950062, 785.4613383624314, 676.4989636390832], [768.0134960304626, 733.2788925593783, 776.6436177629325, 739.913767954988]]","[22.0, 19.0, 16.0, 14.0, 12.0, 8.0, 6.0, 5.0]",172,1920,1080,10.0,C:/R_projects/mothz/AC_10out.mp4
"[[1037.9199305584866, 662.3605328544194, 1044.6317754377328, 671.6543845988014], [994.8324041490856, 239.7344742045, 1000.8054820142894, 249.1851585328491], [987.6887555480687, 279.29889815742314, 993.6423398679497, 288.6074198420201], [1009.9545803375183, 669.4235309656492, 1015.9522749702041, 679.6335744095222], [871.4097174442345, 836.2458639375801, 879.7039746583948, 844.1242564386456], [1047.6736424165954, 285.09504806681446, 1053.793587686998, 294.7068991043865], [777.0777749308031, 669.7559745778462, 785.2566785835743, 676.2761162261702], [766.4272847251563, 734.310222010513, 775.2593765870128, 741.1697512737709]]","[22.0, 19.0, 16.0, 14.0, 12.0, 8.0, 6.0, 5.0]",173,1920,1080,10.0,C:/R_projects/mothz/AC_10out.mp4
"[[1030.4773827820952, 594.2463831209631, 1039.526773699304, 600.445374068894], [1038.1354694885351, 663.1044427554714, 1044.9725288991747, 672.338648336988], [993.8275637373685, 238.2107379369664, 999.7879044490418, 247.4202388958992], [987.7754367299431, 277.6479127324823, 993.5746646307671, 286.90646595357504], [1009.7918381575305, 670.4794493385212, 1015.589222956921, 680.5686930402711], [869.8264556641278, 837.7373592823252, 878.2387115175567, 845.5607527971398], [1047.7214037616427, 283.8212594521316, 1053.841268663964, 293.6896758893904], [776.7852618049249, 669.8916641555676, 785.0570184964165, 676.3248487366428], [764.5778127528455, 735.2853381834358, 773.3692013944595, 741.9763757170782]]","[28.0, 22.0, 19.0, 16.0, 14.0, 12.0, 8.0, 6.0, 5.0]",174,1920,1080,10.0,C:/R_projects/mothz/AC_10out.mp4
"[[1035.8920545395902, 609.2139272125416, 1043.5049647723783, 617.3431619298792], [1029.976517758712, 594.0330562192412, 1039.6949621889135, 600.5995414893414], [1038.2045389273403, 663.9044479180714, 1045.3038969690056, 673.1483787547454], [993.0947505578051, 236.49238155583518, 999.1743484212607, 245.5676932829111], [987.7535190518182, 275.723297011898, 993.6343105250597, 284.9808553229665], [1009.4833952340891, 671.6903646372647, 1015.2700232875998, 681.6815476265411], [868.7559116031364, 839.412955776275, 877.0575068153005, 847.2125346993304], [1047.6399748840142, 282.5207681124281, 1053.8987600835915, 292.30861663350186], [776.4189324730537, 670.3453152271637, 784.7843768676923, 676.7572086091608], [763.0104551730732, 736.2326424129081, 771.89164030219, 742.9891189657222]]","[29.0, 28.0, 22.0, 19.0, 16.0, 14.0, 12.0, 8.0, 6.0, 5.0]",175,1920,1080,10.0,C:/R_projects/mothz/AC_10out.mp4
"[[1036.776239067195, 610.2369457720027, 1044.5486434256818, 618.8165664727129], [1030.1840176148528, 594.4820071133106, 1039.4173622059727, 600.416070753965], [1038.4337646878234, 664.917903032364, 1045.451733976051, 674.0776076720907], [992.1939416069939, 235.02898099129703, 998.4646396497595, 244.15843210983218], [987.792584452529, 274.2305583264, 993.81818306205, 283.65319075070795], [1009.4698430692426, 672.8490543895266, 1015.3603110185018, 682.6992552920653], [867.2499405349134, 840.858277333044, 875.5624460498069, 848.8300066952484], [1047.5149113309249, 281.1939799273741, 1053.798591665839, 291.021066517468], [775.2133490794796, 670.8716268763121, 783.8514278100382, 677.3189253585524], [761.4983375298041, 736.9965483511472, 770.2602907160008, 743.6403221088107]]","[29.0, 28.0, 22.0, 19.0, 16.0, 14.0, 12.0, 8.0, 6.0, 5.0]",176,1920,1080,10.0,C:/R_projects/mothz/AC_10out.mp4
"[[1037.37678646751, 610.891505886752, 1045.567695972697, 620.0163567115909], [1030.1680835701748, 594.668742495912, 1039.2431591968973, 600.2776363812161], [1038.696032942519, 665.6618581213469, 1045.8169260538732, 674.7057192070257], [991.3885722134218, 233.092580367422, 997.6084063664849, 242.16046267559187], [988.0032456045271, 272.944197017652, 993.8955809369729, 282.3858790038117], [1009.1866620890653, 673.6061230405413, 1015.0184554278303, 683.6593792940818], [865.6501859875658, 842.6052983638143, 873.8021433969799, 850.5681157340258], [1047.6716554443399, 279.8661251279343, 1054.097810340115, 290.0616114020348], [773.68921059234, 671.5257095145666, 782.5948419321974, 677.687328186873], [759.5819798729962, 737.9989433999511, 768.5636225431268, 744.4828274559642]]","[29.0, 28.0, 22.0, 19.0, 16.0, 14.0, 12.0, 8.0, 6.0, 5.0]",177,1920,1080,10.0,C:/R_projects/mothz/AC_10out.mp4
"[[1038.1977729780094, 612.135743550125, 1046.1859545728437, 621.3641012108028], [1029.8687689989647, 594.4353761855695, 1039.4322866632729, 600.3598421692542], [1038.896943099664, 666.3658022295671, 1046.1991226051923, 675.1922542687593], [990.2970090675855, 231.21716843019527, 996.5663965526575, 240.11336975717546], [987.9683872471497, 271.3142119216829, 993.8316670575788, 280.759225514566], [1009.0684765002234, 674.3549363634147, 1014.8976850139425, 684.1572931486405], [864.7164647106956, 844.053855984527, 872.7198919364318, 852.14167985223], [1047.4938527668214, 278.86122008777045, 1053.9401010425995, 289.1239479716992], [771.8930167275132, 671.8787163252894, 780.7165632943374, 678.0812604738594], [757.8442369596693, 739.157522044147, 766.9117950822564, 745.3614995856068]]","[29.0, 28.0, 22.0, 19.0, 16.0, 14.0, 12.0, 8.0, 6.0, 5.0]",178,1920,1080,10.0,C:/R_projects/mothz/AC_10out.mp4
"[[1039.2034670551218, 613.2916364028342, 1047.0801564688002, 622.5166723763998], [1029.705118349996, 594.6226722492671, 1039.3888992099785, 600.5108061374416], [1039.1271800553498, 667.1216795668468, 1046.3581068952815, 675.8162230704975], [989.7278432570662, 229.1017428917921, 995.9574826498623, 238.0751636884091], [987.7054393365931, 269.81814754404354, 993.5017817040368, 279.10882964598625], [1009.2170446075427, 675.1893849794036, 1014.8851363033211, 684.9275155785009], [863.2172022070507, 846.1272628418013, 871.2637014652254, 854.0651743429268], [1047.9910937302982, 277.4861124447006, 1054.3039673670003, 287.6939453980204], [770.1824440182244, 672.5467023669298, 779.3131355183699, 678.4989729390134], [756.1265896018249, 739.8956099559463, 765.1473231487753, 746.1375347852485]]","[29.0, 28.0, 22.0, 19.0, 16.0, 14.0, 12.0, 8.0, 6.0, 5.0]",179,1920,1080,10.0,C:/R_projects/mothz/AC_10out.mp4
"[[1040.137857435125, 615.0110508676352, 1047.8908685250478, 624.1860974356324], [1029.6449697505288, 594.7377114112552, 1039.4158642137852, 600.5639038228472], [1039.7275473390796, 667.9893681007469, 1046.9895012896227, 676.569942151572], [989.350449938594, 227.3564029886171, 995.5738523421355, 236.43749874620624], [987.8408059084946, 268.17726304702086, 993.6902629073176, 277.50103712023684], [1009.3589444511845, 676.2859258135067, 1014.9783773526285, 685.964392428565], [862.05493063531, 847.7593668710599, 869.9002312009723, 855.6912816116051], [1048.328340460932, 276.5051813776854, 1054.5400797680572, 286.65930080040255], [768.4866173087179, 673.2196416197144, 777.6374601902884, 679.121580609522], [754.9402047133806, 740.2430917843817, 763.9991759701802, 746.478458260307]]","[29.0, 28.0, 22.0, 19.0, 16.0, 14.0, 12.0, 8.0, 6.0, 5.0]",180,1920,1080,10.0,C:/R_projects/mothz/AC_10out.mp4
"[[1041.0015592060902, 616.3109534408701, 1048.8400573565302, 625.5723180217207], [1029.643324214342, 594.7836796167111, 1039.6251657965286, 600.5298341022445], [1040.1732844953203, 669.0866222952085, 1047.6983750063519, 677.5539915644246], [988.8313111670342, 225.10832007932316, 995.1660773300465, 234.26011727251074], [987.7550204510785, 266.4725601186014, 993.437399864114, 275.63883242564253], [1009.288830539524, 677.282540051723, 1014.8316400860272, 686.9527246917909], [861.1889403996279, 849.1333680337751, 868.9148479624782, 857.0543878003931], [1048.5131106977071, 275.35394041295245, 1054.5030064501086, 285.25472665844524], [766.749793630626, 673.7179341295339, 776.0208837253978, 679.8081799564534], [753.9649195801262, 740.8025290236491, 763.1253384468271, 746.9651867878011]]","[29.0, 28.0, 22.0, 19.0, 16.0, 14.0, 12.0, 8.0, 6.0, 5.0]",181,1920,1080,10.0,C:/R_projects/mothz/AC_10out.mp4
"[[1042.0278422293331, 617.5741175951604, 1049.729433698033, 626.8928335482423], [1029.7907139292765, 594.5727913947029, 1039.4480718134982, 600.5092004694671], [1040.8970892277548, 669.6214069112426, 1048.3157069678346, 678.2232945242109], [988.588853732644, 222.95352673128085, 994.8868642577164, 232.2397137707678], [987.7767465293468, 264.8883501128425, 993.3735315513584, 274.0976048506105], [1008.9914076269754, 678.3528110464939, 1014.9396237765236, 688.039013712361], [859.9394976180573, 850.7534723932433, 867.6273872170995, 858.7422841999542], [1048.648727712074, 274.1480601748663, 1054.6408631507757, 284.07168828413677], [765.002410332797, 674.2060159016999, 774.3716748800827, 680.6244968603912], [752.5527107648129, 741.414672026567, 761.7768363201635, 747.3384191653455]]","[29.0, 28.0, 22.0, 19.0, 16.0, 14.0, 12.0, 8.0, 6.0, 5.0]",182,1920,1080,10.0,C:/R_projects/mothz/AC_10out.mp4
"[[1042.9494909716434, 619.2488163005397, 1050.764429908905, 628.2459785390259], [1029.5983792372097, 594.6610218669798, 1039.4107349458934, 600.5092861929722], [1041.3916043749398, 670.2191375170687, 1048.8751543624282, 678.7175450877432], [988.2432842767971, 220.83595658822767, 994.4458532051985, 230.311415711615], [987.7815476550305, 263.33440703096693, 993.362504314788, 272.48806474981365], [1008.983688848421, 679.1828743485573, 1014.7317896315844, 688.8723227827084], [858.6854216496478, 852.282295704694, 866.3387159459802, 860.2423320124483], [1048.5961235620807, 273.2498866340902, 1054.6369312934285, 283.05332149524963], [763.2741581255151, 675.0358271893944, 772.6071937647179, 681.6547437765142], [751.4764239443755, 742.2605200731315, 760.5963947139026, 748.1820916343996]]","[29.0, 28.0, 22.0, 19.0, 16.0, 14.0, 12.0, 8.0, 6.0, 5.0]",183,1920,1080,10.0,C:/R_projects/mothz/AC_10out.mp4
"[[1043.7879036034942, 620.3207504881346, 1051.7273012151468, 628.8726113602341], [1029.4223050289804, 594.2453160733794, 1039.2416815924396, 600.200628138294], [1041.8506530668074, 670.8322164083144, 1049.397826190027, 679.4082882165491], [987.8488721759744, 219.01424387068909, 994.1287677690376, 228.48641786378306], [987.9052859060779, 261.9076939843085, 993.542765096497, 271.08560115965145], [1008.8518854266417, 679.9324033825956, 1014.6371868527403, 689.7266045374504], [857.1611081217441, 854.0498320063854, 864.8960203586687, 861.8798997849007], [1048.4568249643964, 271.9382966088183, 1054.6826233153772, 281.79620369133806], [761.8143764808538, 676.101858380068, 770.8846508879942, 682.6481743123095], [750.2193669538375, 742.8308458270609, 759.4306136961528, 748.9324896134616]]","[29.0, 28.0, 22.0, 19.0, 16.0, 14.0, 12.0, 8.0, 6.0, 5.0]",184,1920,1080,10.0,C:/R_projects/mothz/AC_10out.mp4
"[[1044.6678814532017, 621.5370634377889, 1052.4469720518584, 629.9762421096132], [1029.0776266960443, 593.9834656136096, 1038.8725899760739, 599.8114426991716], [1042.2640868533183, 671.3588373314396, 1049.7397341630792, 680.0400821554263], [986.980994513902, 217.03462953395396, 993.3746306949117, 226.5412433537622], [987.6740229360341, 260.29045266398066, 993.241447315668, 269.3425921554564], [1008.9902213344561, 680.8399821827574, 1014.6699377484393, 690.6805052407893], [855.4300328695416, 855.5039564358407, 863.4662724418805, 863.5770772621323], [1048.2264851163316, 270.5888493428015, 1054.3282994360145, 280.5614523245264], [760.0509974762359, 676.9951098845044, 769.1283194614022, 683.6804368619913], [748.8687181439396, 743.3999000975546, 758.2765212034359, 749.8362829029068]]","[29.0, 28.0, 22.0, 19.0, 16.0, 14.0, 12.0, 8.0, 6.0, 5.0]",185,1920,1080,10.0,C:/R_projects/mothz/AC_10out.mp4
"[[1045.7162385213037, 622.7876102265845, 1053.3980268845385, 630.9319668468095], [1029.0718427865672, 594.0944822297575, 1038.639301017116, 599.6263894638997], [1042.700249742986, 671.6236380689154, 1050.1224984042321, 680.2753305810825], [986.5440738308939, 215.17467042533485, 992.7703416760917, 224.7037263719107], [987.5194236935286, 258.467336566233, 993.0681889112361, 267.44905385404144], [1008.9833353911124, 681.8007672832194, 1014.5913231054178, 691.7440496312137], [853.4596593419343, 857.2585420275834, 861.6814100828166, 865.027680533319], [1048.2152605348983, 268.89238054206754, 1054.211521807194, 278.770740099434], [758.6606796407997, 678.4012295642135, 767.6606705962162, 685.1187186783204], [747.7330842784871, 744.0258435334551, 757.1904152070327, 750.5985274389823]]","[29.0, 28.0, 22.0, 19.0, 16.0, 14.0, 12.0, 8.0, 6.0, 5.0]",186,1920,1080,10.0,C:/R_projects/mothz/AC_10out.mp4
"[[1046.8565688265876, 624.1539602171267, 1054.0661311308186, 632.3345230285745], [1028.8107040103391, 594.2408097615322, 1038.3430608901626, 599.6347453892005], [1042.827349291902, 671.9707174501709, 1050.4746511075637, 680.518080571364], [985.8941569572606, 213.19305411057871, 991.9623947049237, 222.7191373907006], [987.0517729576449, 256.48825285151565, 992.6452425939923, 265.56503868549237], [1009.0274483063167, 682.8925763874856, 1014.5952128486899, 692.8232687169163], [852.0520140271154, 858.700851953086, 860.2962408855366, 866.6356588747482], [1048.0214014241067, 267.3649866513607, 1054.0015055008114, 277.1640956544579], [757.0204733243427, 679.5408631126315, 765.6651117892575, 686.2562195336682], [746.9186105719286, 744.647742767598, 756.422496655634, 751.2807422130259]]","[29.0, 28.0, 22.0, 19.0, 16.0, 14.0, 12.0, 8.0, 6.0, 5.0]",187,1920,1080,10.0,C:/R_projects/mothz/AC_10out.mp4
"[[1047.6914557627256, 625.2656168271578, 1054.973803790307, 633.5967900101314], [1028.7561501464638, 594.3493816988754, 1038.2309368242068, 599.6063268775375], [1042.9407431316006, 672.5530460718585, 1050.7849533215283, 681.1830455769505], [985.6629451237391, 211.33048868342257, 991.5637878320488, 220.9898519756365], [986.87419398743, 254.76179036676845, 992.2947769223885, 263.70131304467105], [1009.2928037515558, 684.1484450507098, 1014.8667059717029, 694.1107887276344], [850.926556170327, 860.410802565965, 858.9512443429365, 868.3192743404843], [1048.165382861268, 265.8671729856396, 1054.1686046062873, 275.56230500416564], [755.5094363474622, 680.8647107492847, 764.2805813576489, 687.4931442578496], [746.3139128295647, 745.229061605608, 755.8495404366415, 751.9056704055206]]","[29.0, 28.0, 22.0, 19.0, 16.0, 14.0, 12.0, 8.0, 6.0, 5.0]",188,1920,1080,10.0,C:/R_projects/mothz/AC_10out.mp4
"[[1048.6984969232374, 626.7444132371913, 1055.9332982395933, 635.34072681971], [1028.643756148975, 594.3598293172463, 1038.1042626646774, 599.4942219732761], [1043.4830322263851, 673.1837123010745, 1051.3039971890116, 681.8367936432647], [985.1995107786909, 209.71181750266317, 991.1444910072869, 219.22644080392723], [986.7768432274514, 253.05279416255422, 992.2193391093443, 261.96830273268125], [1009.6469203260597, 685.3139318815669, 1015.1252209540289, 695.2287969960777], [849.9120796459796, 862.2609932047939, 857.7625658930202, 870.2348746896922], [1048.331254242366, 264.67836526278495, 1054.4244200753537, 274.4256320909933], [754.2313707053894, 682.1211250047852, 762.7216778348514, 688.7221542170766], [744.9936080544318, 746.104264277159, 754.4401125385322, 752.7874347933512]]","[29.0, 28.0, 22.0, 19.0, 16.0, 14.0, 12.0, 8.0, 6.0, 5.0]",189,1920,1080,10.0,C:/R_projects/mothz/AC_10out.mp4
"[[1049.5315766066003, 628.133030746433, 1056.732901990107, 636.7315091815401], [1028.4000254445655, 594.4286101752762, 1037.8844411467226, 599.4319572689353], [1043.963131404392, 673.8542986655565, 1051.809716537826, 682.4471254279896], [984.4771409445859, 207.97242557575078, 990.5225144144858, 217.33230005081703], [986.9195296915209, 251.2004306523525, 992.4071025646303, 260.34762077522385], [1009.8106365908814, 686.4649880547045, 1015.2765241691664, 696.5068926677839], [848.9410037412067, 863.894833612529, 856.5693386553528, 872.1713139510384], [1048.6023857938508, 263.32272180755416, 1054.7244565286128, 272.95501100625376], [752.8193771135034, 683.5101370957495, 761.2539480423245, 690.2951037342432], [743.9286121969943, 746.9830127320092, 753.105887688048, 753.6175329801354]]","[29.0, 28.0, 22.0, 19.0, 16.0, 14.0, 12.0, 8.0, 6.0, 5.0]",190,1920,1080,10.0,C:/R_projects/mothz/AC_10out.mp4
"[[1050.5830616560704, 629.2766852256902, 1057.7600000682048, 637.9120654668577], [1028.3186958414278, 594.4855617192146, 1037.7124199591547, 599.4044017858613], [1044.3473389071999, 674.4994570918651, 1052.120224799676, 683.0386864342537], [983.385754198153, 205.97080149317503, 989.5914377027947, 215.29230167622597], [987.1992389585828, 249.3900187584891, 992.719343964478, 258.57967106928726], [1009.8637050933673, 687.512397107667, 1015.4015926377742, 697.5591315188923], [847.7655682410989, 865.7385009024338, 855.2633440264237, 874.0149865786318], [1048.939988202207, 262.2304276044914, 1054.9672601039113, 271.8610600517279], [751.4835224035819, 685.0049729491342, 759.8191599429913, 691.8482391837198], [743.135880141039, 747.6672234880709, 751.9734345369454, 754.3515430947584]]","[29.0, 28.0, 22.0, 19.0, 16.0, 14.0, 12.0, 8.0, 6.0, 5.0]",191,1920,1080,10.0,C:/R_projects/mothz/AC_10out.mp4
"[[1051.4249430310342, 631.2738898365403, 1058.3921178638648, 639.6367700992853], [1028.255407274153, 594.5260568944475, 1037.6845998832011, 599.3997907767321], [1044.8373104875634, 675.2479947253175, 1052.3818244247466, 683.8282883372492], [982.8121367330547, 204.46690661740305, 989.169908301422, 213.9140077652181], [987.3548754253504, 247.52827583027758, 992.9272679513283, 256.9296511518483], [1009.8160270717922, 688.8077205527418, 1015.4090975505117, 698.7620702267839], [846.8520425960039, 867.6372070847057, 854.126904337211, 876.150162929342], [1048.875011357704, 260.74055531438904, 1054.7800975423747, 270.49059730973494], [750.0570034664192, 686.3864432603473, 758.3650307399869, 693.2849769634249], [742.2044140449113, 748.3656896084884, 750.7600979562546, 755.1363331795166]]","[29.0, 28.0, 22.0, 19.0, 16.0, 14.0, 12.0, 8.0, 6.0, 5.0]",192,1920,1080,10.0,C:/R_projects/mothz/AC_10out.mp4
"[[1052.3137457011708, 632.6631704029955, 1059.4608842093562, 641.0407971254122], [1028.2373011052975, 594.4423834127647, 1037.8297577915312, 599.4485772234832], [1045.232106060418, 675.8260962114905, 1052.7522138066054, 684.5018602549599], [982.1304521584541, 202.65168583854356, 988.4096861594464, 212.20192257834245], [987.5364397481219, 245.92964528901473, 993.1295541786576, 255.20947684000953], [1009.7092002824812, 689.6725282945857, 1015.2362968011049, 699.7586193118176], [845.6133404426216, 869.8353923986122, 852.9426384355954, 878.4814420652365], [1048.8490673439496, 259.3880739572157, 1054.7816288600338, 269.1243710580566], [748.3534444376273, 687.4778038761917, 756.691896980564, 694.5097664129971], [740.7215669887022, 749.1214358103831, 749.3173841433362, 755.766512866666]]","[29.0, 28.0, 22.0, 19.0, 16.0, 14.0, 12.0, 8.0, 6.0, 5.0]",193,1920,1080,10.0,C:/R_projects/mothz/AC_10out.mp4
"[[1053.1410748406784, 633.9374862661408, 1060.3709614204267, 642.4264226332447], [1027.9212419747673, 594.3610093168737, 1037.578135851778, 599.2509822833082], [1045.5440548590564, 676.525086306877, 1053.0893285183652, 685.0457336475265], [981.5106629154852, 201.13536839972073, 987.8255429655956, 210.79480039993035], [987.6725653633687, 244.35419520499622, 993.3912723478393, 253.6099610998111], [1009.6059815125814, 690.7998632912758, 1015.0755202853809, 700.8628420059293], [844.5645944059625, 871.8859064427035, 851.9559377807827, 880.7527951149733], [1048.8544946545017, 258.6913158757352, 1054.7417026004855, 268.20549144853794], [746.7907812643646, 688.900514791682, 755.2097268252062, 695.7992973766737], [739.3497675839888, 750.298177866967, 748.0709424790268, 756.9903974263126]]","[29.0, 28.0, 22.0, 19.0, 16.0, 14.0, 12.0, 8.0, 6.0, 5.0]",194,1920,1080,10.0,C:/R_projects/mothz/AC_10out.mp4
"[[1054.037998164486, 635.34042564017, 1061.5180253957965, 643.7799932813343], [1027.7227021552171, 594.4321861203983, 1037.4007712673429, 599.2252402481371], [1045.944778834323, 677.2344920154098, 1053.3057668794006, 685.7725560674023], [980.9705368566729, 198.81335638659905, 987.1908624372386, 208.4405108262827], [987.4770884834086, 243.30324376628585, 993.211544280723, 252.68541462540685], [1009.5049305694084, 692.1228963935403, 1014.9519102786268, 702.157983049038], [843.6854174086767, 873.3926864842232, 850.8830389488359, 882.3236628584513], [1048.7651320979796, 257.41964123836374, 1054.6675427445864, 266.9231861600633], [744.8627815699372, 690.1421140159125, 753.427420391638, 697.2305732046277], [738.3660117883712, 751.1997123647212, 746.9168298498196, 758.0088101655773]]","[29.0, 28.0, 22.0, 19.0, 16.0, 14.0, 12.0, 8.0, 6.0, 5.0]",195,1920,1080,10.0,C:/R_projects/mothz/AC_10out.mp4
"[[1054.9936358081754, 636.7339980667006, 1062.525389401896, 645.3119457258935], [1027.7738547757103, 594.5948637587903, 1037.3901420872794, 599.3685457252288], [1046.5858246441085, 678.1811360384444, 1054.0233795275271, 686.4258379509396], [980.6130814915057, 196.7757108843988, 986.8095750641364, 206.34922170307254], [987.3957568380997, 242.37059444509907, 993.1086996291942, 251.78986123459163], [1009.4190393371123, 693.2842950197077, 1015.0704259546535, 703.527774765491], [843.0327373410814, 875.1073393776508, 850.2328704261329, 884.0849240119412], [1048.3946717073236, 256.18534442167334, 1054.567097712195, 265.79344255210833], [743.2481265234305, 691.3671865598105, 751.5894910727093, 698.3465452002417], [737.1631156936496, 752.2233831990916, 745.6103280433297, 759.1827494178194]]","[29.0, 28.0, 22.0, 19.0, 16.0, 14.0, 12.0, 8.0, 6.0, 5.0]",196,1920,1080,10.0,C:/R_projects/mothz/AC_10out.mp4
"[[1055.9372830184893, 638.4721020285122, 1063.4587220112553, 646.9668850448165], [1027.7884453038089, 594.6422823332708, 1037.3780016955814, 599.4098764147128], [1046.9737314723575, 678.6802815907464, 1054.4915751908984, 687.1255157176817], [980.3405428085449, 194.6077634214571, 986.3293854633174, 204.2929420590488], [987.1558304314551, 240.80930337529793, 992.7439014673289, 250.32367880067181], [1009.2779675176138, 694.5693130847619, 1014.9248443220221, 704.6918842574553], [842.5417938824954, 876.4357416381272, 849.7614752311991, 885.3087694854769], [1048.0865360018474, 254.93743501083293, 1054.1807623520804, 264.57733975834196], [741.8221649274321, 692.7642695663205, 750.0391745012607, 699.5711747225332], [735.73561139562, 752.7174295680708, 744.4542558207129, 759.9328955003588]]","[29.0, 28.0, 22.0, 19.0, 16.0, 14.0, 12.0, 8.0, 6.0, 5.0]",197,1920,1080,10.0,C:/R_projects/mothz/AC_10out.mp4
"[[1056.9533532582343, 639.8786322338143, 1064.4213638968183, 648.3764654341529], [1027.6911441945506, 594.4345077011618, 1037.3146472660521, 599.2043661266968], [1047.2740749147267, 679.2557488757454, 1054.7839382244504, 687.699757245934], [980.1289524222894, 192.9845097051683, 986.0292026235485, 202.51038133842195], [987.1587296879881, 239.58094904909169, 992.5848285448152, 249.06898580205595], [1009.1642804684291, 696.0032655751646, 1014.7872666100754, 705.9403239320458], [842.1405747959449, 877.6322522584842, 849.3004567880768, 886.7446307223131], [1047.7334414787201, 253.8352944406212, 1053.7989828160971, 263.1900042230169], [740.0998295575331, 694.1003780479359, 748.312494281961, 700.9559168686983], [734.0465721816995, 753.984153985964, 742.7877342520446, 760.8468420701624]]","[29.0, 28.0, 22.0, 19.0, 16.0, 14.0, 12.0, 8.0, 6.0, 5.0]",198,1920,1080,10.0,C:/R_projects/mothz/AC_10out.mp4
"[[1057.9707812047698, 641.1992692278097, 1065.628437266642, 649.7983413457528], [1027.5439356253619, 594.2067610009381, 1037.2079731454478, 598.983889499093], [1047.4563735913266, 679.8209027394989, 1055.1703849884425, 688.4007432943697], [979.4554061105554, 190.91906590600988, 985.2946382075003, 200.2865914660662], [986.9057876297522, 237.9379596536421, 992.2653264992907, 247.24771038044491], [1009.2217804411646, 697.020190498489, 1014.7024702314739, 707.0020102404594], [841.6720876436525, 878.745462505552, 848.7701514291155, 887.9783192548311], [1047.6019344952058, 252.16222243957478, 1053.8411516539834, 261.67557786400715], [738.4831538670497, 695.8181487195783, 746.5604686682033, 702.3768015040956], [732.54505476183, 754.6242741959699, 741.502794044876, 761.2106196403269]]","[29.0, 28.0, 22.0, 19.0, 16.0, 14.0, 12.0, 8.0, 6.0, 5.0]",199,1920,1080,10.0,C:/R_projects/mothz/AC_10out.mp4
"[[1059.056873186897, 642.4904189909513, 1066.4719307850837, 651.2090461865854], [1027.4853413799935, 594.1782688871822, 1037.2084680424025, 598.9595952462114], [1047.738759967548, 680.3241099286442, 1055.571231032131, 689.0681293179471], [978.9112702294477, 189.29346549459078, 984.7365024269556, 198.7054016139194], [986.8805296462081, 236.345771534887, 992.3368704851098, 245.6632901121031], [1009.1782937188148, 697.9432883936148, 1014.6280526713751, 708.1332284779145], [841.1641227273983, 880.1695920851835, 848.2320097113466, 889.3487104017875], [1047.4792502489693, 250.79851169247837, 1053.6759878317068, 260.1886009938772], [736.4344183666743, 696.7599433654098, 744.8141298862951, 703.1923429711699], [731.2104479705529, 755.5778642652347, 740.058519472868, 762.1479412749504]]","[29.0, 28.0, 22.0, 19.0, 16.0, 14.0, 12.0, 8.0, 6.0, 5.0]",200,1920,1080,10.0,C:/R_projects/mothz/AC_10out.mp4
"[[1059.625676995024, 644.2215687847416, 1066.717326015689, 652.9563827597918], [1027.349178761449, 594.2166045184396, 1037.0708028714907, 598.94601962677], [1047.9515842947499, 681.0428480396247, 1055.7235664536452, 689.6629447139737], [978.1263153063195, 187.50948168324783, 984.2721318972857, 196.9856586805917], [986.5933019381947, 234.93511769909352, 992.0554902599537, 244.0987844269935], [1009.3365053549319, 698.913195062677, 1014.6713717317118, 709.1475359662211], [840.5113640696372, 882.1390304576737, 847.6964333454014, 890.9747654840623], [1047.2200476598932, 249.41180884892657, 1053.4718451783433, 258.84416139010057], [734.726310000698, 697.5944953435556, 743.2309695470165, 704.0007639671213], [729.7090121763787, 756.4865642686755, 738.7177265719471, 762.8941526997639]]","[29.0, 28.0, 22.0, 19.0, 16.0, 14.0, 12.0, 8.0, 6.0, 5.0]",201,1920,1080,10.0,C:/R_projects/mothz/AC_10out.mp4
"[[1060.2270758968496, 645.8901864262317, 1066.9075195751145, 654.6545219429805], [1027.2473688517712, 593.8489644076168, 1036.9694301903537, 598.6075563323997], [1048.2754080574975, 681.654665099156, 1056.0993342361432, 690.2608506029625], [977.8286484856044, 185.4343078749691, 983.7285018429379, 194.7843772445331], [986.3758382303668, 233.48243912543765, 991.8793718578283, 242.65163529843457], [1009.5227300820462, 700.1665378399431, 1014.9589274327062, 710.2768999141396], [839.98561465574, 883.7635915707582, 847.1783458408894, 892.6207780477033], [1047.1118835527486, 248.19658789101769, 1053.3788729228268, 257.6445152232753], [732.8571756818303, 698.5136558934403, 741.6424100843958, 704.9436479346739], [728.2757798239393, 757.6028431471617, 737.4239151350464, 764.2342037016082]]","[29.0, 28.0, 22.0, 19.0, 16.0, 14.0, 12.0, 8.0, 6.0, 5.0]",202,1920,1080,10.0,C:/R_projects/mothz/AC_10out.mp4
"[[1060.6920367911418, 647.4001566827413, 1067.0692203938572, 656.2195297720874], [1027.3152749375256, 593.7977503535453, 1036.7330565462282, 598.5588702027171], [1048.572998396824, 682.3282925142212, 1056.5354264772873, 690.7994209206677], [977.4395571157833, 183.32814596417552, 983.4052864188476, 192.56507699685523], [986.3171052014038, 232.11013292316483, 991.7964278402026, 241.1946489702447], [1009.6749252648192, 701.4338528300191, 1015.3165057333047, 711.4960202310344], [839.2352539559116, 885.6116037178012, 846.4415144651656, 894.6308106363294], [1046.8053525182454, 246.91232527479195, 1052.9397560326229, 256.2194125316599], [731.6618492515853, 699.8530871125562, 740.5351570335303, 706.3650275753411], [727.0119291579098, 758.3249381175076, 736.2754529651171, 764.8954828876626]]","[29.0, 28.0, 22.0, 19.0, 16.0, 14.0, 12.0, 8.0, 6.0, 5.0]",203,1920,1080,10.0,C:/R_projects/mothz/AC_10out.mp4
"[[1061.0213464340625, 648.756529640185, 1067.3773062863054, 657.5473028631872], [1027.2447571850328, 593.7732492927588, 1036.6383073136515, 598.485109076414], [1049.1089500786827, 682.8129089379814, 1056.7578676064966, 691.2827263144203], [977.090380526811, 181.49747097047018, 983.0882935210025, 190.69930282469184], [986.3600627462067, 230.56471076137635, 991.879569521742, 239.5853241820345], [1009.9826771263477, 702.4019131881837, 1015.7597153651332, 712.6191063030415], [838.4611349647732, 887.7094060727653, 845.5634282361316, 896.791781846856], [1046.3971587887286, 245.28926755781674, 1052.5611974500475, 254.57798295581108], [730.3766703410673, 700.982219853492, 738.9735120194831, 707.7535793160097], [725.2726444061962, 758.9880417043335, 734.6958333338498, 765.673871207518]]","[29.0, 28.0, 22.0, 19.0, 16.0, 14.0, 12.0, 8.0, 6.0, 5.0]",204,1920,1080,10.0,C:/R_projects/mothz/AC_10out.mp4
"[[1061.3518577975412, 650.0043649763749, 1067.6193243902674, 658.8232779378312], [1027.210237442802, 593.792963691141, 1036.589146587596, 598.4515045496189], [1049.5878423389433, 683.6890914179971, 1057.1068077332895, 692.2497798148249], [976.7972385927991, 179.53914250206614, 982.6922542007504, 188.8202952700294], [986.4111337230693, 228.98177210486833, 991.9513657015502, 238.1801870558813], [1010.3492119616909, 703.7105560194974, 1016.1972002271133, 713.7948265442107], [837.655585336354, 889.2240862143882, 844.8300547741261, 898.3605825555543], [1046.1051942526585, 244.09335904334887, 1052.2127419362566, 253.28036489209296], [729.0005614840564, 702.1467484459043, 737.5661861867112, 709.1499624309212], [723.8758034924646, 759.4153956711951, 733.603400277722, 766.0163251242369]]","[29.0, 28.0, 22.0, 19.0, 16.0, 14.0, 12.0, 8.0, 6.0, 5.0]",205,1920,1080,10.0,C:/R_projects/mothz/AC_10out.mp4
"[[1061.6164125070948, 651.4088917634092, 1068.0930277440536, 660.0713575617378], [1026.9938214326573, 593.6916744170167, 1036.2607127763301, 598.3653440648179], [1050.2400578697814, 684.7912159908428, 1057.542642556198, 693.3362604620556], [976.1527641870723, 177.90089324436485, 981.951577344262, 186.99039021520076], [986.5324963613639, 227.62272240538957, 992.0537135374755, 236.770538713771], [1010.4810599210043, 704.8901790113686, 1016.3130239615039, 714.8744744497172], [836.8565617412656, 891.6189423695496, 844.1993454410464, 900.5843488046282], [1045.9351914373435, 243.05842431285382, 1052.063874749673, 252.38674517738409], [727.5392154095354, 703.2936387003898, 736.0554971856001, 710.3585196522951], [722.6332716579884, 759.7551890943264, 732.539021868331, 766.2898870454878]]","[29.0, 28.0, 22.0, 19.0, 16.0, 14.0, 12.0, 8.0, 6.0, 5.0]",206,1920,1080,10.0,C:/R_projects/mothz/AC_10out.mp4
"[[1062.0706163679251, 652.7747285254089, 1068.5807675482442, 661.6630902102949], [1026.5863107403186, 593.6831429171724, 1035.6088713437978, 598.4332508062238], [1050.624328066225, 685.5394158234219, 1057.8921763675405, 694.1094668590576], [975.634102625251, 175.91671027116215, 981.5191391831793, 184.87613051627093], [986.5867871532021, 225.64004288652387, 992.1714104513646, 235.06702209955773], [1010.7176300161645, 705.7192791981753, 1016.6618591382121, 715.7019160127055], [835.76539758969, 893.2669248702741, 843.0853069689423, 902.2932226373009], [1045.9445723961128, 242.63419307933657, 1052.1775042029938, 252.02430874004938], [725.9001964367582, 704.4618971041774, 734.4192968050189, 711.5345247171418], [721.514688585382, 760.2955251712544, 731.3221959216042, 766.4649906016634]]","[29.0, 28.0, 22.0, 19.0, 16.0, 14.0, 12.0, 8.0, 6.0, 5.0]",207,1920,1080,10.0,C:/R_projects/mothz/AC_10out.mp4
"[[1062.5461388694407, 654.4960526167981, 1068.8318758884807, 663.4788600322313], [1026.5245624088025, 593.5852053096071, 1035.4043464988981, 598.3781211028522], [1051.1046754749043, 686.3239627472752, 1058.4673636962318, 694.7181264757752], [974.5889642866241, 174.05782045483468, 980.5486011686651, 183.1631462363337], [986.706807816285, 223.95215332013862, 992.3058887812689, 233.46945963227455], [1011.1340018691977, 706.8505326371368, 1016.9754589187379, 716.7456873720229], [834.8172460313176, 894.800204209055, 842.1533103928068, 903.7994023127992], [1046.072098387962, 241.5515274792843, 1052.3027713307729, 251.1268199706226], [724.2864323388736, 705.4497193345736, 732.9684781122711, 712.6637535001588], [720.2823757814017, 760.5988317261939, 730.0550357973057, 766.6315417358684]]","[29.0, 28.0, 22.0, 19.0, 16.0, 14.0, 12.0, 8.0, 6.0, 5.0]",208,1920,1080,10.0,C:/R_projects/mothz/AC_10out.mp4
"[[1063.029822961183, 656.095140576247, 1069.3852722751076, 665.3727062867312], [1026.2256201030757, 593.4057252132488, 1035.116139441145, 598.2971697637395], [1051.5056388404857, 687.0331059784281, 1058.6960071345254, 695.438334327839], [973.847702208721, 172.6513756182914, 979.8912434547568, 181.65226595909587], [986.4936837215122, 221.9648635186451, 992.1333017889864, 231.51386286653835], [1011.2612543551027, 708.1420609590459, 1017.0569274899135, 717.9800473673401], [833.6707107228283, 896.1740738030392, 840.9588989119527, 905.1424145411552], [1046.1170508799053, 240.4241962487385, 1052.2241483051996, 249.84607978110438], [722.9422476376049, 706.1502816817366, 731.5893410636374, 713.4064339555188], [718.8181115285327, 761.2291670297889, 728.5604932231072, 767.0452163339764]]","[29.0, 28.0, 22.0, 19.0, 16.0, 14.0, 12.0, 8.0, 6.0, 5.0]",209,1920,1080,10.0,C:/R_projects/mothz/AC_10out.mp4
"[[1063.578055676635, 657.7204151639332, 1069.8976052414082, 666.9752162081838], [1026.1591259927804, 593.3747329521696, 1034.9681872211795, 598.2403492067751], [1051.917974788768, 687.4824277215231, 1058.9849542688846, 696.2160627537468], [973.0678916503778, 171.1080324048352, 979.2682129221635, 179.9913524092195], [986.5241481905163, 220.33798781037265, 992.2289884531818, 229.9127141417404], [1011.4310642393692, 709.0357887592132, 1017.227196603549, 718.9960916549943], [832.8189382263336, 898.0342565411427, 840.1011651087015, 906.9717422724339], [1045.9810416335467, 239.29656933045686, 1052.1171865022093, 248.5730106112374], [722.4223832368239, 706.4855727184352, 730.8040724287689, 713.9302022831273], [717.4391742435921, 761.7220060815932, 727.0790313476825, 767.5751542309242]]","[29.0, 28.0, 22.0, 19.0, 16.0, 14.0, 12.0, 8.0, 6.0, 5.0]",210,1920,1080,10.0,C:/R_projects/mothz/AC_10out.mp4
"[[1064.2195385193727, 659.110211815287, 1070.4867060804904, 668.4002375558799], [1026.3017515354716, 593.4151268745027, 1035.1052975708378, 598.2816026033638], [1052.3667559217847, 688.3768948002358, 1059.2805048459581, 697.154390576765], [972.6015311708255, 169.53012259464631, 978.7273757038791, 178.27676901722938], [985.9657959568851, 218.87564443239347, 991.7126389033851, 228.32079289034516], [1011.5242062047042, 710.1613635453234, 1017.3799270873518, 719.9859932172299], [831.9997164048333, 899.8132603192118, 839.1217216285576, 908.607321721491], [1045.9361195661504, 237.61414099630426, 1052.1464053558211, 246.88366611711714], [721.7573720563108, 706.9394546390918, 729.9643226378529, 714.4205214526146], [716.4227716051118, 762.5907739836647, 726.097758486374, 768.6647670621772]]","[29.0, 28.0, 22.0, 19.0, 16.0, 14.0, 12.0, 8.0, 6.0, 5.0]",211,1920,1080,10.0,C:/R_projects/mothz/AC_10out.mp4
"[[1064.4083747206407, 660.4392209917372, 1070.5614220042519, 669.8449342382299], [1026.273353104881, 593.1899552377854, 1034.9959637334084, 598.1467174270367], [1052.583970305266, 689.1249864713373, 1059.7703283919038, 697.773440833008], [972.4805007732034, 167.62565593496004, 978.347377455796, 176.4631305792604], [985.5242592960456, 217.55594310277922, 991.4384374152703, 226.98418432651818], [1011.6219238801607, 711.350371222202, 1017.6619645072117, 721.1092844338482], [830.9604658993057, 901.2724106884476, 838.2522619929678, 910.1352466325719], [1045.8826838614405, 236.1277468752657, 1052.1074858726738, 245.5361318240237], [721.103636621462, 707.3689185304313, 729.3541379104521, 714.8723693821219], [715.3091102731836, 763.0458718177305, 724.9042752863219, 769.215657593211]]","[29.0, 28.0, 22.0, 19.0, 16.0, 14.0, 12.0, 8.0, 6.0, 5.0]",212,1920,1080,10.0,C:/R_projects/mothz/AC_10out.mp4
"[[1065.0707911662612, 662.300844071878, 1071.3284102051484, 671.6973119984915], [1025.861102652462, 593.0726073477667, 1034.5172807320598, 598.215948495699], [1053.118741813174, 689.6564128396813, 1060.0257318286967, 698.4173585244689], [972.3717726391914, 165.83879826429305, 978.3221297262497, 174.82235813222266], [984.9055072970867, 216.09500700749027, 990.8047397965871, 225.3880264174731], [1011.8599855451506, 712.4803126120445, 1017.9242045334503, 722.2336372321566], [829.9770078131193, 903.3125540209704, 837.2492338671442, 912.275352717738], [1045.9270425415275, 234.9640388124319, 1052.1264129673395, 244.38939663881553], [720.8272267740209, 707.4156466388392, 729.0049945729712, 714.8688152302605], [714.7854061963691, 763.7720936504459, 723.9919679783337, 770.1641657086029]]","[29.0, 28.0, 22.0, 19.0, 16.0, 14.0, 12.0, 8.0, 6.0, 5.0]",213,1920,1080,10.0,C:/R_projects/mothz/AC_10out.mp4
"[[1065.704266497467, 664.0409884607601, 1071.842764291854, 673.4307774128539], [1025.646776838842, 592.917935255733, 1034.3918947191928, 598.1965997788832], [1053.5848254147463, 690.0958764811834, 1060.5216638101842, 698.9250364078763], [971.8605229774241, 164.11172580981747, 977.9117709888808, 173.00026896674098], [984.617593379983, 214.12762075693092, 990.5578079770953, 223.55783711981962], [1011.8441263522084, 713.800899044691, 1017.9392528128099, 723.4047596370388], [829.1898772477663, 904.8939090500462, 836.4622762345174, 913.6361499132975], [1046.0022862970648, 233.81757952909518, 1052.1667827610202, 243.1351017605585], [720.6693724729324, 707.839872377199, 728.814474645961, 715.1509319752707], [714.0578279930947, 764.8428188179639, 723.0863418784705, 771.5157024706991]]","[29.0, 28.0, 22.0, 19.0, 16.0, 14.0, 12.0, 8.0, 6.0, 5.0]",214,1920,1080,10.0,C:/R_projects/mothz/AC_10out.mp4
"[[1066.0232882885673, 665.3596102300576, 1072.1997259466782, 674.7342265289051], [1025.393817232689, 592.9530357589578, 1034.1301159767354, 598.3534765781257], [1053.8434788221332, 690.788408796306, 1060.8318802230112, 699.605361361526], [971.155050313399, 162.54716274382747, 977.3106443940464, 171.41764569717367], [984.3076716163056, 212.53653960160077, 990.083990302603, 221.89228037882233], [1011.75612270339, 714.8572913735243, 1018.0306415715941, 724.3336169587606], [828.2080132147148, 906.9953198719289, 835.4452256780139, 915.5853460976415], [1045.8747135558358, 232.55368044572384, 1052.0109381509544, 241.78187472706782], [720.2365561654037, 708.2663635914815, 728.2832583162096, 715.2932734788143], [713.3292054617822, 765.8002684392122, 722.1302971598246, 772.7231314712842]]","[29.0, 28.0, 22.0, 19.0, 16.0, 14.0, 12.0, 8.0, 6.0, 5.0]",215,1920,1080,10.0,C:/R_projects/mothz/AC_10out.mp4
"[[1066.6121604270052, 666.9235315634036, 1072.9799560783977, 676.2766301932726], [1025.3110667806034, 592.9403920568985, 1034.0238021110265, 598.4232630414177], [1053.8740696173297, 691.1957143029595, 1060.746999765928, 700.0172530395882], [970.1425144037646, 160.92217163004722, 976.4388574143111, 169.69841400777784], [984.305208566394, 211.26042744562974, 989.9665064109893, 220.4086416180563], [1011.9895957842621, 715.9998273421429, 1018.276496631941, 725.4669206608828], [826.9314014403876, 908.4646924133905, 834.257005896915, 916.9247144223924], [1045.739737228121, 231.09623537835927, 1051.8768022639745, 240.29056298016633], [719.5197622755511, 708.5822836168651, 727.9106703679872, 715.2417037219576], [712.641779396669, 766.5248795926625, 721.2766616019159, 773.4908837709479]]","[29.0, 28.0, 22.0, 19.0, 16.0, 14.0, 12.0, 8.0, 6.0, 5.0]",216,1920,1080,10.0,C:/R_projects/mothz/AC_10out.mp4
"[[1066.9844874077958, 668.3319880459064, 1073.4858886314742, 677.6260600742], [1025.4623727352046, 592.8701462623882, 1034.0774572097416, 598.520580610597], [1054.0864825571016, 691.5146316013135, 1060.7075366657405, 700.3626924972563], [969.2717833043082, 159.51522379570332, 975.7903054603214, 168.37758620508816], [983.9138276233268, 209.6511475941867, 989.5564460461342, 218.69060106686592], [1012.003345757032, 717.210210754106, 1018.3748179457515, 726.7329740216832], [825.4857034596658, 910.1886487826923, 833.0777039787259, 918.2931810454993], [1045.4143651871927, 229.6296116590726, 1051.7586062303685, 239.0321126988683], [718.2817252221452, 708.9409563383728, 726.8552919567163, 715.555103965639], [711.7386371538609, 767.3109392831718, 720.0303605567427, 774.3024441836858]]","[29.0, 28.0, 22.0, 19.0, 16.0, 14.0, 12.0, 8.0, 6.0, 5.0]",217,1920,1080,10.0,C:/R_projects/mothz/AC_10out.mp4
"[[1067.3232530055059, 669.4708497372479, 1073.9023649955136, 678.6932112338485], [1025.5557165157554, 592.8210319370355, 1034.131716603272, 598.6171948535928], [1054.3182193466243, 692.2449387774559, 1060.8487881475219, 701.1169919661943], [968.3839243188455, 157.96947267668452, 975.0115691086318, 166.8480177509647], [983.7255492622726, 208.02093949708848, 989.3547678981652, 217.20596279814862], [1011.8632555478559, 718.2918748737205, 1018.2425130529434, 727.8980560877636], [824.073672167942, 911.6321891193572, 831.8448218279564, 919.6492901269569], [1045.4913941273853, 228.00292978481914, 1051.7302434177627, 237.32742127827507], [716.894468821924, 709.2995744042464, 725.7399176415142, 715.6654566059278], [710.6874991065206, 768.2566641291975, 718.9153037152378, 775.157100756367]]","[29.0, 28.0, 22.0, 19.0, 16.0, 14.0, 12.0, 8.0, 6.0, 5.0]",218,1920,1080,10.0,C:/R_projects/mothz/AC_10out.mp4
"[[1067.5966795730164, 670.4102279657018, 1073.9176903632865, 679.7147444422042], [1025.3571766687546, 592.8517524432561, 1034.0249077002773, 598.5829222625364], [1054.3410439520233, 692.8661372986594, 1060.8040607563232, 701.7400008561237], [967.4375519932253, 156.18634784678756, 974.032836109516, 165.09905718787923], [983.381844979876, 205.96903988905711, 989.130323045745, 215.4057498727396], [1011.9860859852741, 719.3782366778946, 1018.1780546059252, 729.0027357382235], [822.5763492505064, 913.0582066063056, 830.3670364677753, 921.0846753394527], [1045.4261760964494, 226.5118082143739, 1051.5237436605032, 235.9797614110911], [715.1296727201975, 709.857524441609, 723.8877193435796, 716.1767399821135], [709.5843182644262, 768.9426392265071, 717.9965633270706, 775.7491971717167]]","[29.0, 28.0, 22.0, 19.0, 16.0, 14.0, 12.0, 8.0, 6.0, 5.0]",219,1920,1080,10.0,C:/R_projects/mothz/AC_10out.mp4
"[[1067.790224367717, 671.4038452798173, 1073.9676171827925, 680.8618891945547], [1025.2097777572899, 592.7870644054491, 1034.0147838169469, 598.5617891558683], [1054.5318969588768, 693.6197392248715, 1060.8722230499964, 702.5509263993878], [966.636422789457, 154.29792655770373, 973.0037849508461, 163.359949644532], [983.1271886691042, 204.33250887616884, 988.7373202353307, 213.6569765206334], [1011.9282900835822, 720.4719334462134, 1018.0155295509596, 730.1512074532793], [821.1982356566001, 914.7735771936702, 828.85119161214, 922.9566053621354], [1045.3242235112405, 224.72257177049678, 1051.4209483077059, 234.33038313697935], [712.8417396884187, 710.584234616709, 721.7626016896405, 716.8644892764316], [708.0843899743113, 769.6843004735293, 716.707668094589, 776.4624720017508]]","[29.0, 28.0, 22.0, 19.0, 16.0, 14.0, 12.0, 8.0, 6.0, 5.0]",220,1920,1080,10.0,C:/R_projects/mothz/AC_10out.mp4
"[[1068.0638394539062, 672.8583411854562, 1074.0440838244247, 682.3320929104044], [1025.067521101616, 592.806174056245, 1033.9512469672632, 598.6403034762027], [1054.7793870332011, 694.3416255177541, 1061.2543229797234, 703.1721607342648], [966.7208791835834, 152.01833405100462, 972.771077506245, 161.14124762686947], [982.480396853944, 202.3584621296037, 988.242068911408, 211.93869933980676], [1011.9637723217428, 721.7281344900126, 1017.9874909704153, 731.5183810727136], [819.7238994214855, 916.422835489153, 827.422399239481, 924.6324580705574], [1045.4090491069414, 223.15544209510344, 1051.5070277729633, 232.82864959119374], [710.7967292709167, 711.4547793925093, 719.6847691262509, 717.9014802544883], [706.6926854344359, 770.0739970910791, 715.5393934972682, 776.4856669949962]]","[29.0, 28.0, 22.0, 19.0, 16.0, 14.0, 12.0, 8.0, 6.0, 5.0]",221,1920,1080,10.0,C:/R_projects/mothz/AC_10out.mp4
"[[1068.3211404072836, 673.9792155875824, 1074.2894639152305, 683.582427141913], [1024.9623988614003, 592.8736485972498, 1033.839510744148, 598.7872430304097], [1055.1289556764764, 695.1605772845983, 1061.6796252603413, 704.1590880031019], [966.7100415601074, 149.75168227718518, 972.6866909648181, 159.11602099404558], [982.461867573517, 200.82095448276505, 988.0877469097392, 210.29688479823227], [1012.0439972526723, 722.9713804375763, 1018.0040409949985, 732.8906745058241], [818.3876102696619, 918.669222239087, 826.0224533659381, 926.874500837193], [1045.5248632164248, 221.59695446940157, 1051.7055328901447, 231.29045792646713], [709.0234308005342, 712.4761399646783, 718.0614977310008, 719.1258064866487], [705.7398741639967, 770.4118967451689, 714.7459803179305, 776.7993310584495]]","[29.0, 28.0, 22.0, 19.0, 16.0, 14.0, 12.0, 8.0, 6.0, 5.0]",222,1920,1080,10.0,C:/R_projects/mothz/AC_10out.mp4
"[[1068.4804973180837, 675.1350628890003, 1074.7296723473548, 684.8759611879242], [1024.7086432151953, 592.8154143665605, 1033.7764310035861, 598.5664302583863], [1055.5042389552736, 696.1724427679487, 1062.0131505549812, 705.1659830533483], [966.6280076386379, 147.7475350792398, 972.4616615970549, 157.26515729884346], [982.1628685603687, 199.0774595893571, 987.9141561242775, 208.6005162956015], [1011.903157630099, 724.1585024698793, 1017.8284259341399, 733.9808594226176], [817.0950036994733, 920.2298017737835, 824.8804219971295, 928.4836020663708], [1045.5033695561278, 220.53115657465955, 1051.604102730746, 230.15557312297065], [707.1235285515492, 713.5480598194251, 716.0140482500525, 720.3407838713742], [704.6283550736691, 770.4943831930053, 714.0165702925633, 776.7434778715129]]","[29.0, 28.0, 22.0, 19.0, 16.0, 14.0, 12.0, 8.0, 6.0, 5.0]",223,1920,1080,10.0,C:/R_projects/mothz/AC_10out.mp4
"[[1068.958319273393, 676.6396182521727, 1075.3018294942267, 686.2919018265026], [1024.7976456529132, 592.8285219250247, 1034.1036135213835, 598.4537110404706], [1055.7735710319048, 697.0794789746545, 1062.340256283529, 705.9507792532896], [966.3046060289013, 145.56470444064243, 972.1906079374245, 154.75694933810374], [981.9636734145254, 197.41472029342626, 987.7403198913883, 206.7988531499649], [1011.8999435317326, 725.2528622292466, 1017.704235444797, 735.0367871654946], [816.1175632490723, 921.9498574494404, 823.9848393540766, 930.0073828411834], [1045.5736550596275, 219.46113060879256, 1051.7736863214427, 228.925720746142], [705.1015505691022, 714.6249483064794, 714.2152123979378, 721.3675939987443], [703.3500643508811, 770.7900012264253, 712.8334906302069, 776.8796007029933]]","[29.0, 28.0, 22.0, 19.0, 16.0, 14.0, 12.0, 8.0, 6.0, 5.0]",224,1920,1080,10.0,C:/R_projects/mothz/AC_10out.mp4
"[[1069.549238508421, 678.1363984311605, 1075.9385616680395, 687.6825661012512], [1024.7564636194872, 592.8005555603181, 1034.215718329748, 598.3101096694963], [1056.0191725243037, 697.8344035539474, 1062.676865911926, 706.6451237369006], [965.8074172983701, 143.86713800784014, 971.9241913785639, 152.883243886117], [981.4455224840018, 195.70748023162898, 987.3035129882802, 205.1416439363512], [1012.0209366019262, 726.3330688004844, 1017.9835845229211, 736.0684918654817], [814.7522897637299, 923.5490000947716, 822.6308752389488, 931.5787164191656], [1045.7938657805275, 218.07529524609106, 1052.0937465050179, 227.68074102712092], [703.0457906150392, 716.0037047842885, 712.2462847450373, 722.6679529439749], [702.142117639321, 771.2871658861164, 711.7899715147057, 777.3295380304854]]","[29.0, 28.0, 22.0, 19.0, 16.0, 14.0, 12.0, 8.0, 6.0, 5.0]",225,1920,1080,10.0,C:/R_projects/mothz/AC_10out.mp4
"[[1070.4345907308507, 679.4755180377559, 1077.1549261124242, 688.9223142837351], [1024.6174725309952, 592.7067598437975, 1033.961426674694, 598.0158784775758], [1056.7346549003432, 698.4499341592484, 1063.498410908131, 707.2591489482445], [964.904556538239, 142.12954917088973, 971.0280157362566, 150.92505486355748], [981.0592704336659, 194.1082644751681, 987.1117613200429, 203.72065847226733], [1012.1080432292557, 727.4886433763853, 1018.0605527934587, 737.0892492713668], [813.3071615764741, 925.2017312636183, 821.0419662040258, 933.3032314719089], [1045.8448287947197, 217.02083426943793, 1052.0225956114339, 226.53465381580835], [701.2790449991762, 716.6530920971427, 710.5830820024084, 723.2381299356232], [700.9973693260429, 771.4362475480193, 710.4665121384676, 777.5221121798697]]","[29.0, 28.0, 22.0, 19.0, 16.0, 14.0, 12.0, 8.0, 6.0, 5.0]",226,1920,1080,10.0,C:/R_projects/mothz/AC_10out.mp4
"[[1071.1390137031349, 680.6843011469898, 1078.1773023353976, 689.9263557712659], [1024.2348734093516, 592.5400594076509, 1033.5239816500439, 597.66645103258], [1057.2892528134494, 699.408736974924, 1064.2077456166417, 708.046656157525], [964.4198582331603, 140.6371804369932, 970.6380995131876, 149.23357567783793], [980.698190821163, 192.67129758844695, 986.5400738169069, 202.14722634454577], [1012.1067804149793, 728.4912757162359, 1018.0437254599685, 738.0991866204178], [812.3655089661403, 926.6590172911912, 819.9484756852561, 934.8161428252371], [1045.8859962143765, 215.8955136562428, 1051.8517299934633, 225.09961563410226], [699.225002445111, 717.5290478804798, 708.5030143106316, 723.8881573427093], [699.8043421474832, 771.9316749086507, 709.2363300090016, 777.9008480676108]]","[29.0, 28.0, 22.0, 19.0, 16.0, 14.0, 12.0, 8.0, 6.0, 5.0]",227,1920,1080,10.0,C:/R_projects/mothz/AC_10out.mp4
"[[1072.4069118326197, 681.5892430346478, 1079.819682307661, 690.351053952156], [1024.0213583191921, 592.72538782731, 1033.161519124416, 597.7026267918943], [1057.8470665069203, 700.3065538546838, 1064.7042174114422, 708.9030363235642], [963.7909980797509, 139.06753670747605, 969.8319258693183, 147.56586579510355], [980.5639923508885, 191.24376870692777, 986.3717419225173, 200.5739631139436], [1012.1733401309954, 729.507583453817, 1018.0560667691121, 739.1463903038207], [811.3624993982032, 928.1987909346614, 818.7542777602969, 936.4923782834709], [1045.6143358372874, 214.20149204601398, 1051.4884439903544, 223.5630133601275], [696.9489300040038, 718.138944120304, 706.347218100821, 724.3963424427724], [698.5671908437678, 772.9912203238797, 708.0522227644249, 778.8640830448779]]","[29.0, 28.0, 22.0, 19.0, 16.0, 14.0, 12.0, 8.0, 6.0, 5.0]",228,1920,1080,10.0,C:/R_projects/mothz/AC_10out.mp4
"[[1073.373560080208, 682.5091840542146, 1081.0157550387678, 691.1534985393693], [1023.9708707893992, 592.7916825245288, 1032.963660164634, 597.660610215753], [1058.5049408672019, 701.0494296471686, 1065.3402116963323, 709.705017134964], [963.0321470121938, 136.96131154947267, 969.1155757515565, 145.67970595006489], [980.5787035405697, 189.4434033759671, 986.3396391014523, 198.74951856750366], [1012.1244394523102, 730.7177825230425, 1018.1525389836689, 740.3629895077964], [810.4707407221032, 929.2872503960325, 817.8550369192645, 937.6190713226833], [1045.6657413147261, 213.00304888474855, 1051.4718748219136, 222.34504527292236], [694.6267339316413, 719.0513707498327, 703.8762555486502, 724.989813203914], [697.2547940100654, 773.7247818623295, 706.8148543759693, 779.6976112244557]]","[29.0, 28.0, 22.0, 19.0, 16.0, 14.0, 12.0, 8.0, 6.0, 5.0]",229,1920,1080,10.0,C:/R_projects/mothz/AC_10out.mp4
"[[1074.1688906919721, 683.0739646191421, 1082.0135619221069, 691.7480735084403], [1023.9395345719859, 592.6406324279754, 1032.902700739412, 597.50801232072], [1059.0492327433312, 701.7290034540683, 1066.1151602493242, 710.60476717707], [962.241848670824, 135.16950981194333, 968.408737283953, 143.94312894057612], [980.5838174473781, 188.5384231012966, 986.33901772231, 197.78438905001042], [1012.2334903378203, 731.8701725182615, 1018.0649578466416, 741.621582516903], [809.3813370955694, 930.6279651632461, 817.1742209374021, 938.6377360618607], [1045.8658260585275, 212.16666854114698, 1051.7947316249938, 221.63034735780678], [692.6716309773822, 719.3927167588237, 702.0141797163569, 725.187886847191], [696.3232132291068, 774.1871797531219, 705.8467739031394, 780.3868229359766]]","[29.0, 28.0, 22.0, 19.0, 16.0, 14.0, 12.0, 8.0, 6.0, 5.0]",230,1920,1080,10.0,C:/R_projects/mothz/AC_10out.mp4
"[[1075.2099959086127, 683.9399857500073, 1082.9104854189932, 692.6928417666625], [1023.9812206771954, 592.7475202353103, 1032.8125715155952, 597.4963171319821], [1059.5721655996367, 702.2226305961792, 1066.7741412297282, 711.3562075633376], [961.8711093651366, 133.23320814481667, 968.0286905236842, 141.89039234751777], [980.072420968271, 187.62366297623416, 985.7940757848316, 196.74688454579942], [1012.2432049297743, 733.0122169570253, 1017.9296016889023, 742.7563526454136], [808.2453539623832, 931.7067871293873, 816.0902140142925, 939.6072365010352], [1045.9475480544193, 211.3713462958168, 1052.0202275549532, 220.9570038731061], [690.3051131349139, 719.920115831842, 699.5715536048097, 725.6753360138547], [695.2301400338466, 774.8680941082077, 704.6452808930534, 781.2090863213523]]","[29.0, 28.0, 22.0, 19.0, 16.0, 14.0, 12.0, 8.0, 6.0, 5.0]",231,1920,1080,10.0,C:/R_projects/mothz/AC_10out.mp4
"[[1076.018317424818, 685.2256632904758, 1083.4732020371373, 694.1042168508699], [1023.9152193211619, 592.7509220537726, 1032.7515077278247, 597.4519455996118], [1059.9207781212572, 703.0260542218168, 1067.2000307666967, 712.2532623509976], [961.553907478938, 131.390290687483, 967.5487582601189, 139.97962435094195], [979.9856845512426, 186.3288995662845, 985.6355098811904, 195.49862245738015], [1012.1741370946809, 734.2029514708943, 1017.8980401254694, 743.8067407974918], [807.4065263537343, 933.1349381886806, 815.27090857807, 941.152547589142], [1046.0876879610933, 210.30478567148262, 1052.1098297430676, 219.8532054154405], [688.699748341056, 720.4688469746065, 697.8413430728694, 726.3337936196704], [694.0285402683287, 775.3489864624983, 703.3377550821729, 781.6571083565989]]","[29.0, 28.0, 22.0, 19.0, 16.0, 14.0, 12.0, 8.0, 6.0, 5.0]",232,1920,1080,10.0,C:/R_projects/mothz/AC_10out.mp4
"[[1077.029765560966, 686.4323237601458, 1084.574025566134, 695.4682296915443], [1023.9431202408273, 592.7467198196196, 1032.7469371997736, 597.4104819096094], [1060.43338683112, 703.7706126836653, 1067.5673266345098, 713.0759637886864], [961.2479051570203, 129.62494314061325, 967.0960330557664, 138.2003915642302], [979.8438816972116, 185.1782096274541, 985.5090752252381, 194.13296660519606], [1012.1967354283006, 735.1502666751825, 1017.970716721567, 744.8406116091234], [806.2371200126149, 934.5108657412917, 814.0334382907849, 942.6024036993314], [1046.0814645174917, 209.14857933557008, 1052.1906612666273, 218.66952032393314], [686.5906067643451, 721.2908028663367, 695.9848174262733, 727.3483911778646], [693.0199933779228, 776.1725044102346, 702.1763377655776, 782.5832330687077]]","[29.0, 28.0, 22.0, 19.0, 16.0, 14.0, 12.0, 8.0, 6.0, 5.0]",233,1920,1080,10.0,C:/R_projects/mothz/AC_10out.mp4
"[[1077.6093730525372, 687.575604026757, 1085.0203824541672, 696.6621845178647], [1024.0094524447159, 592.7525841893439, 1032.7792795281607, 597.3852989596803], [1061.0425850174786, 704.3608181137462, 1068.00820253695, 713.7557350826704], [961.2465632980178, 127.82399546098168, 966.967510104287, 136.52576604591349], [979.2789074607944, 183.52506020234424, 985.0602260569257, 192.61164075926163], [1011.9040400715044, 736.3178888856586, 1017.922385232243, 745.9685383848224], [805.287448857594, 936.0641086031575, 813.1482216541233, 944.2283702413864], [1046.0360701705747, 208.0327234200227, 1052.1847179834288, 217.42928005225872], [684.7867699760517, 722.0264354774389, 694.1807244229902, 728.1876554424717], [692.042689118263, 777.1003927862424, 701.0023868133006, 783.5485191618196]]","[29.0, 28.0, 22.0, 19.0, 16.0, 14.0, 12.0, 8.0, 6.0, 5.0]",234,1920,1080,10.0,C:/R_projects/mothz/AC_10out.mp4
"[[1078.2915756705252, 688.5884810012543, 1085.8431083349687, 697.4545969627844], [1024.033845054261, 592.7491266609017, 1032.8003965041946, 597.3562625680921], [1061.5404576670242, 705.2151056552078, 1068.5550825711305, 714.3149111741078], [960.8211776404189, 125.70807083225851, 966.6446623944039, 134.51517125033342], [978.8503378756942, 182.14524435349594, 984.6946268629141, 191.31543621397876], [1012.0693991814092, 737.6167957480907, 1018.0549545152026, 747.2883130759492], [804.3324108853111, 937.9421153015633, 812.0645626174243, 946.0743373756409], [1045.993045666828, 206.70893505399954, 1052.2388698364266, 216.15158061701078], [682.7536292334644, 722.850843048361, 692.0951360600204, 729.1065851453436], [690.9586406048675, 777.8329810204569, 699.8878678805631, 784.3995547421213]]","[29.0, 28.0, 22.0, 19.0, 16.0, 14.0, 12.0, 8.0, 6.0, 5.0]",235,1920,1080,10.0,C:/R_projects/mothz/AC_10out.mp4
"[[1079.2925088677396, 689.9259243591998, 1086.5879916821098, 698.868828099515], [1024.0520549717098, 592.7682441547338, 1032.8125642156333, 597.3594752352674], [1062.0543792588603, 705.9820598710477, 1069.2158627870374, 715.2689779246294], [960.4194538455274, 123.88047678944503, 966.2073644478228, 132.63772305678447], [978.5422803011505, 181.01843463840885, 984.2888378762901, 190.24776016990472], [1011.991397507582, 738.9220943369636, 1017.900966652986, 748.6503989183369], [803.2807131033578, 939.5857691286229, 810.9196049711381, 947.8355754035609], [1045.8872246252226, 205.88720833725034, 1052.1129885590317, 215.3823461949287], [680.903801397129, 723.641275465173, 690.2577110306252, 729.8232150047326], [689.8798134036621, 778.3980553754349, 699.0281621561206, 784.9415014600726]]","[29.0, 28.0, 22.0, 19.0, 16.0, 14.0, 12.0, 8.0, 6.0, 5.0]",236,1920,1080,10.0,C:/R_projects/mothz/AC_10out.mp4
"[[1079.9602384478076, 691.0086948035643, 1087.4770646596608, 699.9591266683691], [1024.113561675856, 592.667880359556, 1032.9004812804906, 597.2295493039992], [1062.6902936970937, 706.9003773692124, 1069.7069936531375, 716.148955426367], [959.5807888898079, 121.8912834831395, 965.5065227885422, 130.86271249200092], [978.3249583375418, 179.40443600465036, 984.0275154990613, 188.9418998381838], [1011.8865427813533, 740.0248004353342, 1017.7716761185858, 749.6986992164999], [802.1560015875003, 940.9395510243446, 809.886743485663, 949.1312799380134], [1045.9408139933437, 205.07695214408608, 1052.3206162622653, 214.5478786401817], [680.2169024081983, 723.7950287429531, 689.4426193753419, 729.846723400938], [688.593154232188, 778.6624429063837, 697.8242004324031, 785.365097368196]]","[29.0, 28.0, 22.0, 19.0, 16.0, 14.0, 12.0, 8.0, 6.0, 5.0]",237,1920,1080,10.0,C:/R_projects/mothz/AC_10out.mp4
"[[1080.8503438245623, 692.4683219946139, 1088.2730421498634, 701.2571079406073], [1024.0913508515002, 592.7165852309461, 1032.76464714698, 597.2314212443841], [1062.8194092700253, 707.9197969365132, 1070.03090781679, 716.9439989075443], [958.966949844906, 120.04405962039993, 964.9924707457709, 129.15799484693432], [1012.0738868955805, 741.0781668176917, 1017.98957962543, 750.7109770491088], [800.8715058731909, 942.3441524125632, 808.803318635513, 950.5451869328139], [1045.8826885128344, 204.51949267903512, 1052.2606821153179, 214.1130166330542], [680.214292900256, 723.8102758073622, 689.1686585709202, 729.7159070322904], [687.2733028788938, 779.2301882353321, 696.6625203459092, 785.9359662146952]]","[29.0, 28.0, 22.0, 19.0, 14.0, 12.0, 8.0, 6.0, 5.0]",238,1920,1080,10.0,C:/R_projects/mothz/AC_10out.mp4
"[[1081.8037200854953, 693.9553467459274, 1089.1671074597987, 702.7620025060857], [1023.8795750417179, 592.421339148179, 1032.5999794679774, 597.1599325532361], [1063.5570182676217, 708.9051307373936, 1070.5047297155427, 717.7512378618242], [958.0499999746368, 118.21759872781159, 964.1249389330395, 127.38212096777674], [1011.9415141004843, 742.3375825864543, 1017.9702224890689, 751.8839793215366], [799.4874850033902, 943.9266061911578, 807.4862459709807, 952.0371450761122], [1045.864193194709, 203.98857179470227, 1052.3092667058186, 213.61720634515868], [680.3947708794777, 724.0398901941963, 689.1823488666406, 729.7865524020575], [686.1053497305537, 779.8123855132906, 695.4695990670008, 786.3812652141587]]","[29.0, 28.0, 22.0, 19.0, 14.0, 12.0, 8.0, 6.0, 5.0]",239,1920,1080,10.0,C:/R_projects/mothz/AC_10out.mp4
"[[1082.7044403498755, 695.4199845285104, 1089.891307160375, 704.367752716443], [1023.9133344449923, 592.2005953302106, 1032.7673963610457, 597.1938619623719], [1064.1060985100216, 709.6368367500565, 1071.0637001255686, 718.5324969057683], [957.2956400527715, 116.5324957273831, 963.3770235571318, 125.65451748413994], [1011.7686597133154, 743.1267328246049, 1017.847384858773, 752.9249243999188], [797.9999751556353, 945.6822188185467, 805.930878346299, 953.7460281251736], [1045.8409446637888, 203.0704519486291, 1052.333851633422, 212.64069137180218], [680.4005734932019, 723.9999060617724, 688.9720937462904, 729.7176627380934], [684.8683897142964, 780.6005390874907, 694.2186786714963, 787.1462276194789]]","[29.0, 28.0, 22.0, 19.0, 14.0, 12.0, 8.0, 6.0, 5.0]",240,1920,1080,10.0,C:/R_projects/mothz/AC_10out.mp4
"[[1083.4535084713546, 696.8614746522179, 1090.5203187231393, 705.9288000975379], [1023.6835016870676, 592.1380894170424, 1032.8012110993345, 597.3005601954782], [1064.6469296277098, 710.2267614447582, 1071.52962647865, 719.1368310489094], [956.381248088798, 114.6457646955655, 962.4268405234354, 123.70236640915041], [978.2559665029102, 172.6127969311445, 983.6216622770056, 181.9682692435171], [1011.7705657863052, 744.4352150367149, 1017.7734329085555, 754.316639426642], [796.565016822446, 947.149416246377, 804.3539944016742, 955.1792929304712], [1045.923578365708, 201.67581266407726, 1052.4237623120468, 211.32004154189505], [679.8177679791044, 724.1972303715296, 688.3113298157374, 729.9118023386685], [683.5321635231969, 781.4195165695675, 692.923797319399, 787.7413200925204]]","[29.0, 28.0, 22.0, 19.0, 16.0, 14.0, 12.0, 8.0, 6.0, 5.0]",241,1920,1080,10.0,C:/R_projects/mothz/AC_10out.mp4
"[[1084.280435238246, 697.7866077261209, 1091.368452760079, 706.9276200219596], [1023.5492829331893, 592.0041641922639, 1032.8828680335832, 597.2853255988264], [1065.134985313197, 711.1203589172457, 1071.8747049284225, 720.1568443263988], [955.9086502184371, 112.57932003244304, 961.9691799399136, 121.52249123118185], [977.8249169368518, 170.73078888046004, 983.2966805611205, 180.03663899867766], [1011.8939823546604, 745.9000542698344, 1017.899684883558, 755.7601251595237], [795.1149237109794, 948.7036544696823, 802.9019522540486, 956.7410836804218], [1045.8011019542687, 200.0792751242055, 1052.3086880164778, 209.73713980335296], [678.9178202724778, 724.7780635087942, 687.4788405339931, 730.6972185534413], [682.004846767772, 781.855149550519, 691.375897686072, 788.4167048445938]]","[29.0, 28.0, 22.0, 19.0, 16.0, 14.0, 12.0, 8.0, 6.0, 5.0]",242,1920,1080,10.0,C:/R_projects/mothz/AC_10out.mp4
"[[1084.6719771911978, 698.8926530917155, 1091.7024870340854, 708.0573502266017], [1023.5161989326771, 592.0652616912232, 1032.869253903265, 597.145020809046], [1065.4479653517653, 711.8368698062009, 1072.2652238715189, 720.7738564708218], [955.2417100457851, 110.62496515929813, 961.0892628380545, 119.49439439274504], [977.7243483481315, 169.3977926711755, 983.2962658183661, 178.46607595891962], [1011.8982725868879, 746.9682709300911, 1018.0812295686538, 757.0094945159125], [793.9963882673972, 950.3638025475443, 801.7975148397982, 958.4234195943832], [1045.8526534960197, 198.73716608254426, 1052.3265342991658, 208.38840172830754], [677.9134290701905, 725.2665520770751, 686.3036132422739, 731.3751496967039], [680.7985889343867, 782.214135416922, 689.991862389093, 788.8060278346351]]","[29.0, 28.0, 22.0, 19.0, 16.0, 14.0, 12.0, 8.0, 6.0, 5.0]",243,1920,1080,10.0,C:/R_projects/mothz/AC_10out.mp4
"[[1085.3501447775025, 700.2125894422983, 1092.2552360168238, 709.4355667564242], [1023.4440001068657, 592.2299793254609, 1032.8191206944257, 597.2025288140127], [1066.0750482730202, 712.5339844295154, 1073.141979678722, 721.4653884175491], [955.0400573386752, 108.83986203839135, 960.7866940730304, 117.68052050481458], [977.5239382182377, 167.86338098825394, 983.261545071247, 176.98758846245386], [1012.1323629014339, 748.0443132392642, 1018.2229678948088, 758.2499309839169], [792.7219180444899, 951.841128603018, 800.5194352145245, 959.7974472806366], [1045.680811201687, 197.54977893313594, 1052.1938842439595, 207.24249982813524], [676.5820603243521, 726.1007997844672, 684.8408364427337, 732.3321350356559], [679.1268994396901, 782.773354738502, 688.5563425704595, 789.1228272847467]]","[29.0, 28.0, 22.0, 19.0, 16.0, 14.0, 12.0, 8.0, 6.0, 5.0]",244,1920,1080,10.0,C:/R_projects/mothz/AC_10out.mp4
"[[1085.952989138724, 701.6153384351846, 1092.7194411354124, 711.0642260905861], [1023.4701260261451, 592.2201592144613, 1032.833332047529, 597.1060308272913], [1066.4068882907688, 713.2833484494082, 1073.5626476669515, 722.1664711657764], [954.8000935167972, 106.84998501501083, 960.4882510085554, 115.69650261540689], [977.2255793859739, 166.35343021763194, 983.0688209941762, 175.5604968444509], [1011.9519831985068, 749.563927720698, 1018.1780102537567, 759.634820994584], [791.3303769313602, 953.0996001396845, 799.2426528340916, 960.9029964675676], [1045.6122207905369, 196.72020716292317, 1052.0435123593556, 206.38790380724677], [674.9964295657118, 727.2075390928658, 683.4578637484855, 733.5106345239233], [677.7249908592842, 783.3029746999796, 687.156465458987, 789.3045328899079]]","[29.0, 28.0, 22.0, 19.0, 16.0, 14.0, 12.0, 8.0, 6.0, 5.0]",245,1920,1080,10.0,C:/R_projects/mothz/AC_10out.mp4
"[[1086.6061179945668, 703.0143260497665, 1093.2387648512276, 712.4632883072444], [1023.6225058497183, 592.1058363102652, 1032.9276765561267, 596.9146785303724], [1066.819956380998, 713.7393100651268, 1074.1703135752778, 722.6594139159367], [954.6468239720996, 105.10492762266877, 960.3491653818394, 114.17124379593737], [977.2163294541879, 164.76503020174923, 983.086181236574, 174.09982745525699], [1011.9578433018401, 750.382378739138, 1018.0130220114477, 760.5425299631991], [789.5294324177137, 954.605266148547, 797.662407291192, 962.078102588887], [1045.4676258491172, 195.75258055650667, 1052.0945343926264, 205.61832340329082], [673.1048907111567, 727.993684597723, 681.4150541506924, 734.4194527962408], [676.2268178832502, 783.6068658625412, 685.7079914319471, 789.4190235685827]]","[29.0, 28.0, 22.0, 19.0, 16.0, 14.0, 12.0, 8.0, 6.0, 5.0]",246,1920,1080,10.0,C:/R_projects/mothz/AC_10out.mp4
"[[1087.6766241645187, 704.5368539385724, 1094.2264756826776, 714.054531206883], [1023.6626935592778, 592.0963200629052, 1032.8363362744433, 596.8347105890952], [1067.1125514922908, 714.9324341605775, 1074.7100060972928, 723.5235281760033], [953.9586124490295, 103.19973670285597, 959.849087004143, 112.42747652572987], [977.352451480034, 163.26777283982133, 983.1627755800594, 172.60512226366401], [1011.6935059974195, 751.2642495861323, 1017.8301003279327, 761.5564428889347], [787.2260221812351, 955.4348542021382, 795.7933702836992, 962.6971340861733], [1045.3554346947487, 195.0162871379294, 1052.0969913734864, 204.85070510418421], [671.2830550660079, 728.9563775006268, 679.8410719950829, 735.3418773860044], [674.6393452176537, 784.0337951927892, 684.1802606355168, 789.7564041125623]]","[29.0, 28.0, 22.0, 19.0, 16.0, 14.0, 12.0, 8.0, 6.0, 5.0]",247,1920,1080,10.0,C:/R_projects/mothz/AC_10out.mp4
"[[1088.059843828023, 705.9918204497106, 1094.6893792943642, 715.6438383529595], [1023.7701195325847, 591.8534807373582, 1032.9585037225272, 596.8129496354037], [1067.9860858238771, 715.7681509974138, 1075.402484201497, 724.3631204649728], [953.3063974074134, 101.35428234739325, 959.3333166616685, 110.38468750471432], [977.513002896315, 162.05926157835006, 983.129900559031, 171.27232692780365], [1011.4545026872428, 752.6124669924238, 1017.5906480437851, 762.8066135734493], [785.519663373301, 956.1623099632848, 794.3579585527264, 963.0319147056343], [1045.3698361305694, 193.87954696686717, 1052.020227058871, 203.67790707748622], [669.5595350115262, 729.7637070125745, 678.0605415166682, 736.1015130437593], [673.1199788882018, 784.5967149620599, 682.5231659836184, 790.1437674909807]]","[29.0, 28.0, 22.0, 19.0, 16.0, 14.0, 12.0, 8.0, 6.0, 5.0]",248,1920,1080,10.0,C:/R_projects/mothz/AC_10out.mp4
"[[1088.546939102853, 707.8820894614487, 1095.362542929269, 717.3742074510565], [1023.9268915154707, 591.5671055485293, 1033.0972977578758, 596.7100857607365], [1068.686559814592, 716.2724066147105, 1075.977720910669, 724.8705514482581], [952.5121232526352, 99.61014786166947, 958.7611180274729, 108.41957958161711], [977.6669082704335, 160.28152553450903, 983.2846094045202, 169.4943504978567], [1011.2542752964671, 753.7418112752317, 1017.2676426793935, 763.8089020537501], [783.2613202779224, 957.1318258921683, 792.344313752828, 963.7457695989804], [1045.2025335473174, 192.53884654777917, 1051.5875501058738, 202.15300827580697], [667.4477698304277, 731.0920456193724, 676.2061521832554, 737.3596380219665], [671.32301415074, 785.2602212627808, 680.8220318734144, 791.0437374849741]]","[29.0, 28.0, 22.0, 19.0, 16.0, 14.0, 12.0, 8.0, 6.0, 5.0]",249,1920,1080,10.0,C:/R_projects/mothz/AC_10out.mp4
"[[1089.2518166934726, 709.5629187945004, 1096.0017543216225, 719.1089768550163], [1024.0168715191767, 591.495715841744, 1033.1609501033909, 596.6916322582999], [1069.157752047989, 717.1800835504124, 1076.5586651438302, 725.6374834180891], [951.6888160173935, 97.9112049467911, 958.2447397005126, 106.49761129363775], [977.6074450685358, 158.64191783915618, 983.3499271666703, 167.7831578866382], [1011.1012007378624, 754.9511662814891, 1017.0822828086621, 764.9820785319755], [781.3534636848935, 957.9329181296908, 790.6085556963294, 964.5444670024546], [1045.115324533073, 191.20098296627302, 1051.5711069662684, 200.68385394129407], [665.865336900765, 732.0960649268623, 674.4304344342518, 738.3885955666628], [670.0133282361855, 785.6775074624089, 679.5576699965793, 791.4505177581303]]","[29.0, 28.0, 22.0, 19.0, 16.0, 14.0, 12.0, 8.0, 6.0, 5.0]",250,1920,1080,10.0,C:/R_projects/mothz/AC_10out.mp4
"[[1090.0274180472024, 711.1333387392751, 1097.0793214493415, 720.2718278175889], [1023.6871543373381, 591.3665052421345, 1033.0034903334922, 596.6839013601452], [1069.8227044839027, 717.8106899096961, 1077.1821941617468, 726.5889548574587], [950.8587542002647, 96.38964858342551, 957.5329645952429, 104.89557195383794], [977.7229867484091, 157.18878143038958, 983.402882431857, 166.3897092394029], [1011.1168973342059, 756.165911608951, 1017.0128500733553, 766.2378234549816], [778.9351708865205, 958.8293934548751, 788.5002107240197, 965.4682022734253], [1045.1349048516392, 189.71882396028053, 1051.5861129512484, 199.17428803443204], [664.0649333433996, 732.995771815444, 672.7500739501381, 739.3090675164729], [668.3249241167193, 786.1456832104188, 677.7890467218701, 791.8834138090231]]","[29.0, 28.0, 22.0, 19.0, 16.0, 14.0, 12.0, 8.0, 6.0, 5.0]",251,1920,1080,10.0,C:/R_projects/mothz/AC_10out.mp4
"[[1090.8766314750108, 712.4924486669985, 1097.9811098769103, 721.5131316536318], [1023.2541335141901, 591.1899991715147, 1032.6984774376194, 596.631959885168], [1070.1423180416955, 718.3748185425989, 1077.6720015607661, 727.5163758263616], [950.0780669858601, 94.89161850007324, 956.8536146582627, 103.3222031070305], [977.7870821386359, 155.6733035961693, 983.3380988696683, 164.81977523653998], [1011.0127688861844, 757.5142435922112, 1016.9423553854515, 767.4800336427606], [777.1896071102495, 959.7254053706686, 786.8361298506667, 966.3537424278952], [1045.3079160267707, 188.7681401373875, 1051.6674696094642, 198.22670673496174], [662.4718907666721, 734.0130358541101, 671.3951268705574, 740.43496263113], [666.7504615676788, 786.9074702205069, 676.1433018169276, 792.801895632583]]","[29.0, 28.0, 22.0, 19.0, 16.0, 14.0, 12.0, 8.0, 6.0, 5.0]",252,1920,1080,10.0,C:/R_projects/mothz/AC_10out.mp4
"[[1091.7915004767908, 714.0398281569054, 1099.110403697329, 722.8972445862611], [1023.1715929916473, 590.9350779286875, 1032.7004972179554, 596.5079447270729], [1070.6373167797292, 719.5219975896277, 1078.0127248291783, 728.4910156620983], [949.1872237505505, 93.47706582348609, 956.1359445736942, 101.81322288431282], [977.7200968613896, 154.07999686140843, 983.2193478741475, 163.27372983484375], [1010.8471475323748, 758.5777602844904, 1016.8565936174251, 768.5993959419962], [775.3935182168719, 960.3855047920953, 785.1418358588202, 966.9897527286004], [1045.2970160589584, 187.44510410394813, 1052.0058645467889, 197.19105704088176], [660.8991783243183, 735.0611692823006, 669.6693712104055, 741.5297063687515], [665.4520409263629, 787.5821425176634, 674.8130650674303, 793.467644731908]]","[29.0, 28.0, 22.0, 19.0, 16.0, 14.0, 12.0, 8.0, 6.0, 5.0]",253,1920,1080,10.0,C:/R_projects/mothz/AC_10out.mp4
"[[1092.9469593386827, 715.3647994335525, 1100.271589108799, 724.1178267859506], [1023.0612747477984, 590.774553074885, 1032.4782742388397, 596.4050929460284], [1071.073172915981, 720.4654262583284, 1078.5047684258684, 729.5150734955395], [948.6694171175408, 91.87890491980475, 955.6598283376017, 100.43994691368665], [977.6509846603659, 152.22823566899427, 983.1920654668005, 161.5385089679874], [1010.9823953371997, 759.847363297919, 1016.8290488304933, 769.7750417821644], [773.1603289925396, 961.2526004361772, 783.0372918975764, 967.4881422950092], [1045.1640852328374, 186.30807604665117, 1051.8208863271366, 195.93595971205727], [659.048410587678, 736.0102541745541, 667.9918719005083, 742.6376696405159], [663.8565831538967, 788.2870930101514, 673.0715575699917, 794.2930879720001]]","[29.0, 28.0, 22.0, 19.0, 16.0, 14.0, 12.0, 8.0, 6.0, 5.0]",254,1920,1080,10.0,C:/R_projects/mothz/AC_10out.mp4
"[[1094.3233408745984, 716.6757251724931, 1101.7812920473941, 725.3240812140388], [1022.8846632522367, 590.6773524842342, 1032.2219242761928, 596.3777748497323], [1071.5365814114273, 721.4397278978839, 1079.0780145512106, 730.6472981270691], [948.4180315206592, 90.05831016296464, 955.4681180413864, 98.71945139660404], [977.4814363121077, 150.776785612026, 983.1797937420083, 159.9965712254966], [1011.2448356542893, 761.1532106467959, 1017.0877007166653, 770.9729225231109], [771.2513160010525, 961.7725596409566, 781.0979471736274, 967.9372636578998], [1045.1761433742154, 185.0704159029643, 1051.6620567026184, 194.52281001856758], [657.1957408858302, 736.9449454815161, 666.1097311785409, 743.4503707597047], [662.6227845639746, 789.3743711042798, 671.818467969432, 795.3446739517597]]","[29.0, 28.0, 22.0, 19.0, 16.0, 14.0, 12.0, 8.0, 6.0, 5.0]",255,1920,1080,10.0,C:/R_projects/mothz/AC_10out.mp4
"[[1095.5490736948311, 717.7393154049889, 1103.2201932422297, 726.5990339577436], [1023.1861363793158, 590.7069066040947, 1032.549667040725, 596.4764014291547], [1072.107644501957, 722.2092535004173, 1079.5197090327697, 731.5866497845894], [948.0270979988313, 88.34288813512526, 955.0112040552178, 97.16507360152286], [977.3739091955937, 148.92333816286347, 983.1958508384233, 158.33261951713385], [1011.1629295401273, 761.9428011690777, 1017.0217714063693, 771.7865956883807], [769.4221201554898, 962.6780667025346, 779.1738358374047, 968.8745355726135], [1045.1684648877476, 183.73759030141426, 1051.78447111587, 193.12418668267546], [655.4964924062414, 737.7937172114371, 664.4989951562424, 744.1577404588022], [661.0441582386998, 790.1182730494944, 670.1556610764371, 796.2232871655905]]","[29.0, 28.0, 22.0, 19.0, 16.0, 14.0, 12.0, 8.0, 6.0, 5.0]",256,1920,1080,10.0,C:/R_projects/mothz/AC_10out.mp4
"[[1096.605785041057, 719.0650542896147, 1104.12789733603, 728.0136821939324], [1023.6116919703, 590.7122429784987, 1032.5767478623397, 596.7299973720184], [1072.734398201139, 723.2224078965, 1080.0662027014805, 732.4516931193696], [947.4922244283517, 86.4874436821269, 954.2372887555463, 95.3588056734514], [977.0701415146893, 147.388260525038, 982.8659279427359, 156.71661816418282], [1011.1588251552745, 762.6455016964286, 1016.9632789210219, 772.526929641377], [767.264500825827, 963.3684913026333, 777.0736024522138, 969.4980747804719], [1045.206888772678, 182.86712978938024, 1051.6792624930347, 192.18167237866695], [653.638936490524, 738.8813495214506, 662.8221114742933, 745.217527312017], [659.6009832131151, 790.8263327267011, 668.709173732743, 796.9108069847232]]","[29.0, 28.0, 22.0, 19.0, 16.0, 14.0, 12.0, 8.0, 6.0, 5.0]",257,1920,1080,10.0,C:/R_projects/mothz/AC_10out.mp4
"[[1097.4240291817475, 719.6906250251407, 1105.1336945374517, 728.6595552171977], [1023.1231326270798, 590.551202910608, 1032.1956839169018, 596.6002761966815], [1073.2483261444736, 724.2100892624628, 1080.5715704654058, 733.4402126819864], [947.1033297629955, 84.71999707297246, 953.6535821617582, 93.60835724736225], [976.9187985575447, 145.82723128149746, 982.6242433692053, 155.01039860898732], [1011.4779482698444, 763.3466365177864, 1017.2373006184074, 773.0877076395988], [765.4318092209684, 963.8186956217951, 775.1280020116363, 970.0758660190972], [1045.2308351212, 181.85945511686626, 1051.5747677209188, 191.09695618805947], [651.8695633484124, 739.990123640442, 660.8182390850477, 746.4617180959416], [658.032605388776, 791.2219799467142, 667.195841850095, 797.2089067762244]]","[29.0, 28.0, 22.0, 19.0, 16.0, 14.0, 12.0, 8.0, 6.0, 5.0]",258,1920,1080,10.0,C:/R_projects/mothz/AC_10out.mp4
"[[1098.205638835315, 720.9623654831074, 1106.0916429994552, 729.845491181275], [1022.8300629688513, 590.4926981016596, 1032.1101163476558, 596.2331010281847], [1073.9044839204569, 724.7965551996473, 1081.1508336469922, 734.1176059095061], [946.6262546054551, 82.59228510098458, 953.0927660096016, 91.63291283411849], [976.654528485713, 144.31082712153216, 982.4297303357337, 153.36777645751704], [1011.528583172701, 764.0491722393167, 1017.3017768496225, 773.7308438108073], [763.2629834897473, 964.8279191783215, 773.0025645466555, 970.8709576739798], [1045.401916338946, 180.9595142723485, 1051.7868487468602, 190.29025819127477], [650.1219895892123, 740.7792120655694, 658.951123861242, 747.2042363140405], [656.3751671998804, 792.0442996017966, 665.7654831611682, 797.7984898862362]]","[29.0, 28.0, 22.0, 19.0, 16.0, 14.0, 12.0, 8.0, 6.0, 5.0]",259,1920,1080,10.0,C:/R_projects/mothz/AC_10out.mp4
"[[1099.0135756527723, 721.963091052926, 1106.9045742620735, 730.6854405965076], [1022.51986533156, 590.3585628438871, 1031.9083411941901, 595.9041569000622], [1074.5144843623486, 725.5820145171153, 1081.7871708497794, 734.7891971010176], [945.8894445350577, 80.78484385913124, 952.4164714150768, 89.839159420635], [976.8422507853046, 142.99647227278547, 982.581078645317, 152.09861546092702], [1011.6939884447585, 764.864464509625, 1017.5255742052124, 774.4500346765464], [761.1624049479628, 965.3312509233646, 770.6649778359747, 971.3535879728482], [1045.6864742154546, 179.478676159375, 1051.940711862361, 188.9261522575836], [648.3103727694794, 741.9148052694519, 657.1065938816051, 748.3300371579104], [654.9246167064774, 792.5087616859256, 664.312960312678, 798.1802633706244]]","[29.0, 28.0, 22.0, 19.0, 16.0, 14.0, 12.0, 8.0, 6.0, 5.0]",260,1920,1080,10.0,C:/R_projects/mothz/AC_10out.mp4
"[[1100.2440246344852, 723.0717312943452, 1107.9932179667514, 731.6189611677253], [1022.5711270797083, 590.3630096645547, 1031.9733591370955, 595.801326382677], [1075.1630091835736, 726.646210257493, 1082.4033390243062, 735.6251505606873], [944.9162431194652, 79.10739985078558, 951.6340536712928, 88.06423695932432], [976.7243494382153, 141.31909808490607, 982.4611016009428, 150.36903061528645], [1011.7743433501031, 765.8842830140595, 1017.6571183438215, 775.2424348481859], [759.0140878896781, 966.0916550648353, 768.5237302459726, 972.0753426445895], [1045.4983415060806, 178.1034685805697, 1051.6217607593499, 187.57264611662248], [646.6737794042939, 742.8179698723371, 655.3850676361259, 749.0258633155164], [653.4598331730618, 792.9379123249, 662.9860757496173, 798.5250054287801]]","[29.0, 28.0, 22.0, 19.0, 16.0, 14.0, 12.0, 8.0, 6.0, 5.0]",261,1920,1080,10.0,C:/R_projects/mothz/AC_10out.mp4
"[[1100.962917115673, 724.0724776802912, 1108.452555272288, 732.7742900633876], [1022.6501310416703, 590.341574136046, 1032.1453035363231, 595.7387421517072], [1076.062549324888, 727.3518659999809, 1083.2284822404022, 736.2733102412722], [944.0026671763676, 77.70792389542973, 950.7858029930023, 86.4679228434376], [976.7571570298704, 139.8035961291757, 982.4455923240752, 148.78086500758835], [1011.738524359603, 766.8795242557666, 1017.805102888828, 776.3293270576193], [756.7585512486808, 966.4273821194892, 766.3089657656819, 972.5196725040688], [1045.234725465655, 176.4852029733527, 1051.4359539779218, 185.91352827984977], [644.7665240132251, 743.7150165322128, 653.7681675504577, 749.9220324160308], [651.5595904401273, 793.3370632656128, 661.2761152269461, 798.9316737813878]]","[29.0, 28.0, 22.0, 19.0, 16.0, 14.0, 12.0, 8.0, 6.0, 5.0]",262,1920,1080,10.0,C:/R_projects/mothz/AC_10out.mp4
"[[1101.5460615770992, 724.9111001404423, 1109.0162156474914, 733.760593485831], [1022.8643157897245, 590.1579677629499, 1032.4090194043752, 595.4977286392319], [1076.7297071118542, 727.9589622235527, 1083.927562535765, 736.7514715099913], [943.1488048766811, 75.77147272222106, 950.1282434985961, 84.50631486198088], [976.7945882737926, 138.2236981059684, 982.4359200230698, 147.07526633969374], [1011.7732847227242, 767.8962600913367, 1017.9162228595267, 777.3139098975373], [754.9232258726065, 967.2122789639221, 764.5782232439992, 973.3197746139718], [1045.1689882521384, 174.69088387635512, 1051.4185128403203, 184.0352380742432], [642.8554682025612, 744.1979345284608, 651.8828199477651, 750.459968721849], [649.7083215072745, 793.8840864510507, 659.5666871226164, 799.5371405740339]]","[29.0, 28.0, 22.0, 19.0, 16.0, 14.0, 12.0, 8.0, 6.0, 5.0]",263,1920,1080,10.0,C:/R_projects/mothz/AC_10out.mp4
"[[1102.2321247051304, 726.2189269229436, 1109.739261396684, 735.1774498438263], [1022.7567859844783, 590.1137560319709, 1032.237486927322, 595.3520931136101], [1077.4040440312388, 728.7740621148146, 1084.6019900281817, 737.4177732261453], [942.4416013818095, 74.37958665941457, 949.5477422716917, 83.20960962779276], [976.6542393828705, 136.57136779466734, 982.3672909911501, 145.48702030988986], [1011.9110740024357, 769.2404339291281, 1018.0671095468938, 778.7119263978564], [752.9937071535584, 968.3036203695943, 762.6062317881668, 974.5109955450106], [1044.9992865352556, 172.93026516434122, 1051.034568789854, 182.18086698244224], [641.510771387988, 745.1309754051626, 650.3849892965046, 751.4852296529134], [648.0899966268663, 794.3464441997702, 657.9364570347587, 800.0769078936524]]","[29.0, 28.0, 22.0, 19.0, 16.0, 14.0, 12.0, 8.0, 6.0, 5.0]",264,1920,1080,10.0,C:/R_projects/mothz/AC_10out.mp4
"[[1103.028074190899, 727.3555735588253, 1110.3925129628826, 736.2567209411237], [1022.6868659249631, 590.210719087566, 1032.1351570928873, 595.4058929891524], [1078.1017569152928, 729.7960873802876, 1085.1876757154764, 738.2881971798599], [941.8026818669639, 72.66864683781435, 949.023045438506, 81.72885515032294], [976.1396787244183, 134.93634901629989, 981.9587979056474, 143.85465861645085], [1012.0703831009848, 770.2219801286178, 1018.0932693373832, 779.8807674653294], [751.0714143968269, 969.1097840679585, 760.7827687238896, 975.3444602046676], [1044.808072794176, 171.35226063529575, 1050.9654598108436, 180.71826472115544], [640.2221486633731, 746.0523765217342, 648.9322835474758, 752.5219148171907], [646.5275060809216, 794.8301060693492, 656.6249883245181, 800.5997920823967]]","[29.0, 28.0, 22.0, 19.0, 16.0, 14.0, 12.0, 8.0, 6.0, 5.0]",265,1920,1080,10.0,C:/R_projects/mothz/AC_10out.mp4
"[[1103.5551485286023, 728.8460525738063, 1110.798285074878, 737.773503963146], [1022.7157713514109, 590.185839189083, 1032.0706670578036, 595.3232284543506], [1078.8279952121002, 730.7590103294078, 1086.0791332670642, 739.2070659559568], [941.1832876833031, 70.82305862945348, 948.3174182346658, 80.01419159413912], [975.5452017291168, 133.50373815978034, 981.5624141188607, 142.54185983704966], [1012.1133134253693, 771.1511701964145, 1018.0209353831216, 780.9491035328205], [749.4590603240564, 970.241851292761, 759.0985203335455, 976.4668416319581], [1044.6559132351292, 169.7894731271841, 1050.695948797905, 179.03129864979056], [638.8395558580526, 746.9082962374005, 647.2513724519711, 753.3594174117334], [644.9954224534578, 795.6194195246311, 655.2453689820164, 801.1202374442065]]","[29.0, 28.0, 22.0, 19.0, 16.0, 14.0, 12.0, 8.0, 6.0, 5.0]",266,1920,1080,10.0,C:/R_projects/mothz/AC_10out.mp4
"[[1104.0400137450554, 730.2936513488581, 1111.199196301687, 739.0999339347173], [1022.8645214052472, 590.2739671738562, 1032.214831511992, 595.3983719737961], [1079.537111652608, 731.627215127119, 1086.555680600462, 740.039577979668], [940.8240954945263, 68.54464541718848, 947.8447080181736, 77.76621900256511], [974.9442467179535, 132.12375384489502, 980.9086232923037, 141.21560782415548], [1012.154045776472, 772.5296435033962, 1018.1048876369425, 782.1103762905974], [747.6994421921128, 971.0114026282914, 757.2735035860425, 977.1871583899662], [1044.5731950457152, 168.5518903071435, 1050.6872899308555, 177.7795577522226], [637.2415511038153, 747.9709016909798, 645.4913604414573, 754.4480613420766], [643.4549276946824, 796.3807139458636, 653.6806518082961, 801.928599425398]]","[29.0, 28.0, 22.0, 19.0, 16.0, 14.0, 12.0, 8.0, 6.0, 5.0]",267,1920,1080,10.0,C:/R_projects/mothz/AC_10out.mp4
"[[1104.643086755814, 731.4943520135075, 1111.6046072374459, 740.3168195013081], [1022.8999029422158, 590.1399248289152, 1032.4427204800977, 595.3752746871688], [1080.2561179772672, 732.1798541869438, 1087.03884198002, 740.6362539894429], [940.2111775243903, 67.01984481620114, 947.3394232017164, 75.94045109709872], [974.481945411532, 130.64539731012266, 980.4617302318397, 139.72891655810454], [1012.1479445156615, 773.7902101099158, 1018.0639654310216, 783.4737152087397], [746.0154392107045, 971.8038397811243, 755.3513524660509, 977.8969842639857], [1044.38967419162, 167.5645018699067, 1050.6049111903476, 176.9066618534611], [635.6565795642014, 748.7726649834232, 644.0329801910464, 755.0223063025059], [642.1307915321012, 796.697182210162, 652.245975972042, 802.6035675032945]]","[29.0, 28.0, 22.0, 19.0, 16.0, 14.0, 12.0, 8.0, 6.0, 5.0]",268,1920,1080,10.0,C:/R_projects/mothz/AC_10out.mp4
"[[1104.9816075370072, 732.6255005651332, 1111.7851273407737, 741.6596609173424], [1022.7017019080997, 590.3434319503266, 1032.2193892935418, 595.5073143841495], [1081.0424122613301, 732.7288779276842, 1087.8477349239222, 741.4588431052578], [939.7379472424248, 65.45445379322798, 947.0222144287818, 74.40449987628385], [973.9937853949235, 128.900529235407, 980.0033688831394, 137.95958326882018], [1012.0026817496454, 775.0308138035421, 1017.9652506331894, 784.8820238824471], [743.7746715792083, 972.3819621371995, 753.2122038404619, 978.4649152103732], [1044.2911526649705, 166.32441939038355, 1050.4965777167263, 175.4878084105516], [634.0632970408304, 749.6121143281531, 642.6364876958877, 755.5360701869314], [640.5005183521029, 797.2367415070805, 650.498110450474, 803.4658407083259]]","[29.0, 28.0, 22.0, 19.0, 16.0, 14.0, 12.0, 8.0, 6.0, 5.0]",269,1920,1080,10.0,C:/R_projects/mothz/AC_10out.mp4
"[[1105.6123737690345, 733.7672164168987, 1112.415050852322, 742.9264810643219], [1022.6196523851632, 590.4405708106593, 1032.0764904572573, 595.57751554243], [1081.4670387604622, 733.2987987776452, 1088.2489521449177, 742.1672705796508], [939.2235322416548, 63.978117417721826, 946.3654708411345, 72.97469328214696], [974.1356006984707, 127.61646021610387, 980.0188878068726, 136.62243512594344], [1011.9477800313824, 776.0610542598915, 1018.0410446809432, 785.8853823915731], [741.8175113374676, 973.1683822493566, 750.9706123068496, 979.1878371763418], [1044.0192175891755, 165.17995438324846, 1050.4020579825699, 174.3474443639185], [632.7261431754724, 749.9622344874011, 641.4200254488, 755.6662087150597], [639.2750855234151, 797.9620753635, 649.1366591161859, 804.4129869770333]]","[29.0, 28.0, 22.0, 19.0, 16.0, 14.0, 12.0, 8.0, 6.0, 5.0]",270,1920,1080,10.0,C:/R_projects/mothz/AC_10out.mp4
"[[1106.4642732966208, 735.2544337042841, 1113.1942020457032, 744.3949022966742], [1022.4903425305736, 590.5732672487384, 1031.8981103401204, 595.6636739379708], [1082.105128179607, 734.4234241370805, 1088.9738670453733, 743.3414030028143], [938.756830843252, 62.56024140269103, 945.687442884646, 71.55461962188973], [974.116032262331, 125.63823244905608, 980.0399397770992, 134.98849339520035], [1011.9063168914738, 777.2924494964333, 1018.0443776895327, 787.1597429366224], [740.103196064194, 973.6641410233893, 749.0153636434895, 979.635412300213], [1043.7596871587677, 163.84047646224528, 1050.1779170809398, 173.0976196045997], [632.0158976544026, 750.0488811859747, 640.8942477540293, 755.6400741666642], [638.040820524082, 798.7770547843196, 647.6715538516365, 805.1820517908319]]","[29.0, 28.0, 22.0, 19.0, 16.0, 14.0, 12.0, 8.0, 6.0, 5.0]",271,1920,1080,10.0,C:/R_projects/mothz/AC_10out.mp4
"[[1107.2199602644814, 736.8893718314163, 1113.8798397352075, 745.845052843658], [1022.3755456876326, 590.6681504616769, 1031.9288717253794, 595.8902398538759], [1082.481919820117, 735.2283158582215, 1089.5774545511747, 744.2306187456531], [938.1859011767564, 60.9229305957589, 945.1477509883149, 70.09332908683704], [974.2689146368085, 124.29563043885159, 980.1229553014992, 133.52925559297162], [1012.1130375089518, 778.2035982777007, 1018.222166201794, 788.2430563076049], [738.7954627304911, 973.9696098676088, 747.6155580425499, 979.9933379451768], [1043.6463658893122, 162.5372009115894, 1050.137010873385, 171.70127372725537], [631.8873937444371, 750.1747844662493, 640.7634449379432, 755.6262386619467], [636.4206231470663, 799.420377223584, 646.01317504786, 805.9358034003217]]","[29.0, 28.0, 22.0, 19.0, 16.0, 14.0, 12.0, 8.0, 6.0, 5.0]",272,1920,1080,10.0,C:/R_projects/mothz/AC_10out.mp4
"[[1107.8757702338532, 738.4590175963275, 1114.5119777462176, 747.3882417950252], [1022.4230459014201, 590.4602320911274, 1031.9352370133213, 595.8750390728198], [1083.0287193385036, 736.1052656918523, 1090.1021913220268, 745.2828731474722], [937.9101189077968, 59.23582305248912, 944.8488277450653, 68.5883785845353], [974.4368338295538, 122.71019451921934, 980.4105946265678, 131.94041870992896], [1012.0755747101637, 779.2528701508451, 1018.1110024109328, 789.1928178425475], [738.0851324080973, 974.4902485343993, 746.7345501470409, 980.6367289668561], [1043.4661664086186, 161.05207597116993, 1049.8090443251215, 170.0996233835848], [631.8164354565097, 750.4565832930401, 640.5982533891872, 755.8667085532949], [634.9145072650532, 800.4831856157564, 644.6103349622314, 806.7786400322545]]","[29.0, 28.0, 22.0, 19.0, 16.0, 14.0, 12.0, 8.0, 6.0, 5.0]",273,1920,1080,10.0,C:/R_projects/mothz/AC_10out.mp4
"[[1108.2918610799884, 740.1434980991592, 1114.9278064936298, 749.0317173757435], [1021.875306902499, 590.4728563560172, 1031.588213672417, 596.0716435398679], [1083.6652535537135, 737.1254774875764, 1090.6956890068602, 746.1974105902626], [937.4718719370969, 57.539293275280144, 944.2709885415959, 66.91232171284949], [974.8163925261703, 120.96934058484163, 980.848495997904, 130.3313469251527], [1012.1005491959338, 780.526939916608, 1018.0337861155638, 790.3748722278158], [736.7923779730265, 975.6135386640451, 745.3594615046918, 981.852365568782], [1043.4367323842082, 159.4151478506604, 1049.7006658828416, 168.60502803490363], [631.2942957381789, 750.3792875539442, 640.3323817767795, 756.0056174637645], [633.5417024364835, 801.1695491371776, 643.0645074108338, 807.4033697940796]]","[29.0, 28.0, 22.0, 19.0, 16.0, 14.0, 12.0, 8.0, 6.0, 5.0]",274,1920,1080,10.0,C:/R_projects/mothz/AC_10out.mp4
"[[1108.7440395883687, 741.5149897243786, 1115.3972881429813, 750.5599103505846], [1021.6648968289252, 590.4020287471692, 1031.4608151299967, 596.0609125817934], [1083.9185668337732, 738.1698546116387, 1090.993609019401, 747.2700321330186], [937.2340695617814, 55.55602851003725, 943.8674262357662, 64.95962407305755], [974.9847215285715, 119.35009012920071, 981.0913198777498, 128.83781873808363], [1012.1536739268201, 781.6719515347002, 1018.1064239985926, 791.4280456544925], [1043.5210177502588, 157.9191218961066, 1049.6643552726566, 167.06162947226133], [631.3221605327097, 750.4077814887299, 640.378408114076, 756.2130181723313], [632.055663573419, 801.9108273292597, 641.4914023294898, 808.0133180281548]]","[29.0, 28.0, 22.0, 19.0, 16.0, 14.0, 8.0, 6.0, 5.0]",275,1920,1080,10.0,C:/R_projects/mothz/AC_10out.mp4
"[[1109.1793760324713, 742.9149291219776, 1115.5934771490693, 752.0283200935187], [1021.7310585098812, 590.4342152723212, 1031.6555020737856, 596.1970592848432], [1084.5402594114234, 739.1931140216609, 1091.3196082162508, 748.228221453601], [936.4420725986882, 54.03106622939907, 943.2659827326023, 63.16541885921009], [975.5246367927925, 117.80275111032677, 981.4414115109278, 127.12836124382267], [1011.9215802115413, 782.8602942903536, 1017.8710847404317, 792.5776437714213], [1043.4091124945392, 156.3667130884245, 1049.408448243484, 165.56760099652496], [630.9968500489351, 750.5637132108932, 639.9954258165387, 756.4464499254041], [630.2894915911219, 802.3958188033781, 639.8385682436166, 808.4698156918142]]","[29.0, 28.0, 22.0, 19.0, 16.0, 14.0, 8.0, 6.0, 5.0]",276,1920,1080,10.0,C:/R_projects/mothz/AC_10out.mp4
"[[1109.4661436919985, 744.2875463572203, 1115.8084709710354, 753.4475606819307], [1021.3987897958099, 590.5372793629128, 1031.4607877829949, 596.3635105066323], [1084.872119747886, 740.1319463244358, 1091.6527622005585, 749.1159220851175], [935.6864588875635, 52.186131788633425, 942.7648556346505, 61.51865449503527], [975.5189671784385, 116.24611117579, 981.353616506412, 125.48723547818834], [1011.9884406375947, 784.190834261654, 1017.77438514664, 793.6715278694459], [1043.2074005424881, 154.95250706995597, 1049.308829425235, 164.12011779499846], [631.0581076190848, 750.8175657523029, 639.7438572643115, 756.929097625271], [628.5665832880375, 803.300123937679, 638.0957888259627, 809.0516765245382]]","[29.0, 28.0, 22.0, 19.0, 16.0, 14.0, 8.0, 6.0, 5.0]",277,1920,1080,10.0,C:/R_projects/mothz/AC_10out.mp4
"[[1110.1497860306215, 745.988113221184, 1116.3368862383725, 755.1109510194772], [1021.0552457439985, 590.5237023602308, 1031.2380492032034, 596.3875847263569], [1085.2549142003197, 740.9633720055981, 1091.9901444974068, 750.0761388297415], [934.8594950286657, 50.60263069652039, 942.2410712011844, 60.00463749697941], [975.7715345267268, 114.6441976509066, 981.6445175464237, 123.65891492329736], [1012.230316373488, 785.3653099932233, 1018.0038204496611, 794.8584000484211], [1043.1547874591859, 153.42330443788984, 1049.3893643935473, 162.7267515835747], [631.0088489857715, 750.8896813630286, 639.4691755461592, 757.200430287463], [627.0646753195106, 804.0120438761583, 636.3976647695613, 809.6961946884405]]","[29.0, 28.0, 22.0, 19.0, 16.0, 14.0, 8.0, 6.0, 5.0]",278,1920,1080,10.0,C:/R_projects/mothz/AC_10out.mp4
"[[1110.3835604034978, 747.531511231373, 1116.6431311006138, 756.9632826211915], [1020.8168135648863, 590.4777704112428, 1030.996212102243, 596.3207257423153], [1085.7308942804732, 741.985650288281, 1092.6199716642802, 751.0522922293997], [934.1210410423541, 49.015606338155294, 941.5251293927877, 58.49663984025595], [976.0853276010574, 112.93005917244919, 981.97398024387, 121.9950031681853], [1012.2299932889897, 786.3149400405514, 1018.0804787785622, 795.9452377965838], [1042.9590447322948, 152.04403874861325, 1049.2776143094275, 161.4543723104711], [631.0757633318111, 751.2808889220444, 639.2789810938681, 757.7931452967448], [625.5153571344435, 804.675820894888, 634.8008401039126, 810.3313403752512]]","[29.0, 28.0, 22.0, 19.0, 16.0, 14.0, 8.0, 6.0, 5.0]",279,1920,1080,10.0,C:/R_projects/mothz/AC_10out.mp4
"[[1111.132450804412, 749.4548579532773, 1117.325734979461, 758.8418195270804], [1020.6989139690369, 590.4778304216329, 1030.9003490752457, 596.3142877667076], [1086.311078063395, 743.2023514085199, 1093.269153086809, 752.153490862042], [933.0051262851108, 47.75295998497219, 940.5745814082676, 56.909230590546855], [976.345416545706, 111.49451830173649, 982.3337573655699, 120.71888344692536], [1012.4044262022832, 787.3554447583059, 1018.0952106214953, 796.9219066230806], [1042.636683566143, 150.84946260492677, 1048.8922845097918, 160.16400301546605], [630.288046717871, 752.0725851015619, 638.5712796602849, 758.651081819792], [624.0336109729044, 804.970986454263, 633.427190734835, 810.7128816666246]]","[29.0, 28.0, 22.0, 19.0, 16.0, 14.0, 8.0, 6.0, 5.0]",280,1920,1080,10.0,C:/R_projects/mothz/AC_10out.mp4
"[[1111.7587315412711, 750.9334158582632, 1118.084410083869, 760.2152048015158], [1020.5692368268437, 590.504483185152, 1030.7261020975598, 596.2864847166808], [1086.8571205480039, 743.9704633195225, 1093.8630738106276, 752.9156411509522], [931.7531425014431, 46.19055285195729, 939.4611890573412, 55.08693526421993], [976.386145297047, 110.08790067853735, 982.3444257182623, 119.20320349727723], [1012.3954526057298, 788.5731641211194, 1018.147145865343, 798.0110071095858], [1042.2331211048552, 149.64712341747833, 1048.6608054798592, 159.10126762919333], [629.384568023588, 752.8725669436125, 637.716676306493, 759.6838077764911], [622.1499393692516, 805.5303772154825, 631.5775531208074, 811.2753137481211]]","[29.0, 28.0, 22.0, 19.0, 16.0, 14.0, 8.0, 6.0, 5.0]",281,1920,1080,10.0,C:/R_projects/mothz/AC_10out.mp4
"[[1111.938029653286, 751.9806896890818, 1118.5467257611951, 761.1406343534404], [1020.2751182755443, 590.4889948712977, 1030.5036834118805, 596.2960078794939], [1087.2837217586136, 744.836192106732, 1094.5861924542448, 753.7105982122588], [930.7175359147827, 44.56774901574869, 938.457304476221, 53.46413541669767], [976.3978573392802, 108.62916957437372, 982.2644122534663, 117.71390229198192], [1012.207775544952, 789.5572308272245, 1017.9502996999145, 799.1009850442271], [1041.6765136129789, 148.2256634873578, 1048.3130028957994, 157.79020346806016], [628.0243453698608, 754.1019582149061, 636.3339673260555, 760.842822179836], [620.2707679469596, 805.86405019922, 629.9631008683035, 811.7158353467021]]","[29.0, 28.0, 22.0, 19.0, 16.0, 14.0, 8.0, 6.0, 5.0]",282,1920,1080,10.0,C:/R_projects/mothz/AC_10out.mp4
"[[1112.63276947784, 753.698675222419, 1119.5737019019, 762.5622258742388], [1020.086457943068, 590.6138495466857, 1030.167728442447, 596.340680894237], [1088.0071875008528, 745.8519514515381, 1095.288700378064, 754.5871911118816], [930.1856401220599, 43.19465076244279, 937.6365751231814, 52.02914450102472], [976.0264048539432, 106.9582378853672, 982.0385925255857, 116.13450014845677], [1011.9050840097788, 790.8671098538929, 1017.7635698692801, 800.4785597543668], [1041.2994875575407, 147.08438053811935, 1047.8163111818815, 156.42429589433826], [626.5133657288434, 755.3582370243475, 634.9012796998538, 762.2205734968777], [618.3419974436929, 806.3440499480687, 628.1195810108079, 811.9105748718302]]","[29.0, 28.0, 22.0, 19.0, 16.0, 14.0, 8.0, 6.0, 5.0]",283,1920,1080,10.0,C:/R_projects/mothz/AC_10out.mp4
"[[1113.1727737549174, 754.7299771831076, 1120.1678400306103, 763.267333716401], [1019.8520407925284, 590.7543703619921, 1029.8366592314596, 596.3410015270973], [1088.715445276829, 746.426746611409, 1096.077801556608, 755.1496573291895], [929.770419570806, 41.62477623633389, 936.847182398681, 50.26845268026783], [975.7973629517211, 105.4122713300231, 981.7516748377144, 114.67889169310148], [1011.6990951691998, 792.1907213446354, 1017.5489435700738, 801.6540526341396], [1040.581382121633, 145.57122493340592, 1047.3335409057613, 154.77417965354516], [625.0894439223999, 756.5997262879226, 633.4562317295271, 763.1855763138877], [616.5971506103654, 806.5177924624751, 626.2814050440695, 812.2362591728546]]","[29.0, 28.0, 22.0, 19.0, 16.0, 14.0, 8.0, 6.0, 5.0]",284,1920,1080,10.0,C:/R_projects/mothz/AC_10out.mp4
"[[719.609050560173, 989.2388922046932, 727.9449884014489, 995.9877493435556], [1113.8362433319403, 755.6718112295947, 1120.9669958872319, 764.1077412107824], [1019.2970565902568, 590.7493812053242, 1029.2689101204423, 596.4659256881796], [1089.063596675008, 746.7626834827722, 1096.6194387121984, 755.3721504104842], [929.5488568273038, 40.013223032425806, 936.2926631001392, 48.54897721059948], [975.6144382601848, 104.4240660594916, 981.681512644314, 113.73864674317238], [1011.3840268445894, 793.1201106357016, 1017.2400994414053, 802.7464198718337], [1040.4799732970841, 144.25634821128952, 1047.2478925577057, 153.48027854716892], [623.5837143541578, 757.9137854239311, 631.995573606064, 764.3927908071034], [614.8265295392914, 806.8895229108123, 624.4989090358408, 812.6380793633912]]","[32.0, 29.0, 28.0, 22.0, 19.0, 16.0, 14.0, 8.0, 6.0, 5.0]",285,1920,1080,10.0,C:/R_projects/mothz/AC_10out.mp4
"[[717.3010256707729, 989.705023839001, 726.5968374065338, 996.7481131869052], [1114.6066282599527, 756.5479278721502, 1121.8199892560747, 764.9668986661766], [1018.8856223603968, 590.6987845436964, 1029.0318890947747, 596.5560442811819], [1089.8255556812842, 746.9444338766036, 1097.440782633411, 755.398061914342], [929.0282934569407, 38.59187469261513, 935.6965155522334, 46.9471824477934], [975.4330418773183, 103.37720378416138, 981.6133721685229, 112.87373835454024], [1010.908604616609, 794.3891447770638, 1016.8405604475013, 804.1288720198397], [1040.1064670441583, 142.72330234823406, 1046.8820189712033, 152.01202087497998], [621.819760900428, 759.0405937243354, 630.3602172597086, 765.4498692893567], [612.8264809916125, 807.8704693152746, 622.4779183829357, 813.5241144564515]]","[32.0, 29.0, 28.0, 22.0, 19.0, 16.0, 14.0, 8.0, 6.0, 5.0]",286,1920,1080,10.0,C:/R_projects/mothz/AC_10out.mp4
"[[715.5789772163872, 990.0923880161678, 724.9323970159425, 997.2002058166855], [1115.4810733663755, 757.7558881373726, 1123.000135108916, 766.0491130727104], [1018.7363816781417, 590.6127996262572, 1028.6137002607768, 596.614622198335], [1090.0490652530802, 747.0647734188584, 1097.7337402655994, 755.4902690048597], [928.4986176892523, 36.55000142986855, 935.4388188811165, 45.41015443989857], [975.1474410486646, 102.2458741821975, 981.4382138573246, 111.76111729137816], [1010.7046049773351, 795.7451766508752, 1016.555089592229, 805.5145370343375], [1039.9194261023356, 141.33381590787428, 1046.7334585717124, 150.68223318504226], [620.4494720718725, 759.6111204014801, 629.0990541593679, 765.9034625225086], [611.1905759829799, 808.5190455365487, 620.7134741805216, 814.1044324014817]]","[32.0, 29.0, 28.0, 22.0, 19.0, 16.0, 14.0, 8.0, 6.0, 5.0]",287,1920,1080,10.0,C:/R_projects/mothz/AC_10out.mp4
"[[713.1617864588443, 991.1368465964209, 722.8579047147423, 998.2196387704463], [1116.4688651576885, 758.9965448609115, 1123.9117236904908, 767.3398588732224], [1018.6756724619225, 590.6550178412523, 1028.5010260887707, 596.5191277522091], [1090.5875260580094, 747.0834646306491, 1098.3260696153886, 755.5233540274169], [927.8618064028316, 35.23275020833489, 934.9811172330097, 44.245383200508584], [975.0534167206612, 101.2352500190383, 981.3754699630944, 110.55273429475302], [1010.3952632558597, 796.7411508813908, 1016.2387086209727, 806.4612067291049], [1039.7696357410343, 140.14411931676932, 1046.7191953910626, 149.41636265179704], [618.6048448437625, 760.4006896323242, 627.3348066205374, 766.6148025916079], [609.476643138237, 809.2203139922991, 618.9891619139569, 814.7401422652898]]","[32.0, 29.0, 28.0, 22.0, 19.0, 16.0, 14.0, 8.0, 6.0, 5.0]",288,1920,1080,10.0,C:/R_projects/mothz/AC_10out.mp4
"[[711.2959281003873, 992.1040825971054, 720.8533784499266, 999.04221169538], [1117.2857783279135, 760.2002152072814, 1124.7417876745687, 768.7032123086624], [1018.1000173984145, 590.885786571046, 1028.0885588092044, 596.8017093258328], [1091.261863830534, 747.5585254085856, 1099.2154084338213, 755.8528039205671], [926.9655690491268, 33.64150703906895, 934.3918876213206, 42.90984134696729], [974.8810976590386, 99.88172826626224, 981.2553932912057, 109.17859160855583], [1010.3912633918242, 797.6361459824958, 1016.2750324522151, 807.3383289329803], [1039.8281113977564, 138.47081930859096, 1046.749075791216, 147.56025789099206], [616.9719585168623, 761.4157468357192, 625.6024507489999, 767.4878560958322], [607.8222263890002, 809.3449993934099, 617.405104578218, 814.8439479405184]]","[32.0, 29.0, 28.0, 22.0, 19.0, 16.0, 14.0, 8.0, 6.0, 5.0]",289,1920,1080,10.0,C:/R_projects/mothz/AC_10out.mp4
"[[709.3203398556852, 993.1907446521848, 719.0682868655699, 999.9087345771977], [1118.243752950512, 761.5069138980733, 1125.5117922254337, 770.284685111758], [1017.3347578705768, 591.0013308370004, 1027.4864155834507, 596.7774670961913], [1092.1266685628984, 747.9781813667562, 1100.104850301867, 756.3329112708916], [925.4986835173247, 32.117888890912255, 933.2487701268897, 41.304397427793546], [974.8934702289476, 98.53257897242759, 981.107273715002, 107.59812650444607], [1010.4861289304383, 798.8261673088589, 1016.3391526473945, 808.5534856937561], [1039.666413221501, 136.67070811984453, 1046.5795252528742, 145.83078918996156], [614.9510895357463, 762.216931325266, 623.6625852263563, 768.2537827157697], [605.7713238123373, 809.9641692766278, 615.324353393754, 815.4163436394182]]","[32.0, 29.0, 28.0, 22.0, 19.0, 16.0, 14.0, 8.0, 6.0, 5.0]",290,1920,1080,10.0,C:/R_projects/mothz/AC_10out.mp4
"[[707.6054169764446, 993.5081516124926, 717.1030435691456, 1000.193084124433], [1118.9401846156711, 762.7716820284394, 1126.0530123770936, 771.4905646842695], [1016.7112866099978, 591.120758222886, 1026.815753004606, 596.8663619223637], [1092.6430067392696, 748.5268535691182, 1100.7123751379397, 756.9467139181868], [924.0912639290375, 30.604017715673894, 931.971734996235, 39.82684763129488], [974.9071366375032, 97.37986731637083, 980.9888357438377, 106.30010011891444], [1010.4563992758777, 800.2303971942055, 1016.2268263192533, 809.7995105790995], [1039.2770643426356, 134.94875080342842, 1046.1386558669183, 144.15194171115797], [613.1603042185839, 763.192515970814, 622.0396827599195, 769.2321491601998], [604.4110277502226, 809.9391420108838, 613.8919849266409, 815.2936516461524]]","[32.0, 29.0, 28.0, 22.0, 19.0, 16.0, 14.0, 8.0, 6.0, 5.0]",291,1920,1080,10.0,C:/R_projects/mothz/AC_10out.mp4
"[[705.6020282822437, 994.3561042618763, 715.0715209948933, 1000.861974880161], [1119.8663171883204, 763.8418180268894, 1126.634886497442, 772.7248834523913], [1016.3674708227571, 591.1702730591107, 1026.365747506028, 596.8061091342977], [1093.34262814578, 749.5615990370533, 1101.4697625609952, 757.8111426504466], [923.1826444647133, 29.13424733892368, 931.0513499028491, 38.18000472793505], [974.9625965343881, 95.9428084219057, 980.681295791103, 104.81461166336386], [1010.359943600929, 801.2698075580307, 1016.2012395562085, 811.0899269749556], [1038.9339727986674, 133.30886750568146, 1045.742311106502, 142.62979964646001], [610.9920045155669, 763.8183310295265, 620.0194609152535, 769.9868543897273], [602.68658186058, 809.9442231620149, 612.508743464359, 815.3653679148599]]","[32.0, 29.0, 28.0, 22.0, 19.0, 16.0, 14.0, 8.0, 6.0, 5.0]",292,1920,1080,10.0,C:/R_projects/mothz/AC_10out.mp4
"[[703.7890113470412, 995.4621533913613, 713.1765980983498, 1002.0105870740009], [1120.392431064926, 765.2473817294428, 1126.9683275314835, 774.0403951701487], [1016.0486030438592, 591.2701399556184, 1025.966649062744, 596.7094917822261], [1093.7067749746568, 750.3087238527552, 1101.7617988989534, 758.628397322749], [921.9726329616452, 27.158885517879085, 930.133706570114, 36.1518198420157], [975.0740708661612, 94.48166561076371, 980.8862274449208, 103.30570950882634], [1010.2761859444422, 802.4290730468742, 1016.1665286301243, 812.5739615838847], [1038.820290243846, 131.85160769655724, 1045.390195441063, 141.11630238182366], [609.3614007776758, 764.8510224082883, 618.5158597040992, 771.2182113424179], [601.0809937785208, 810.0016451618131, 611.0682771959474, 815.3397068506687]]","[32.0, 29.0, 28.0, 22.0, 19.0, 16.0, 14.0, 8.0, 6.0, 5.0]",293,1920,1080,10.0,C:/R_projects/mothz/AC_10out.mp4
"[[701.3530994293753, 996.4509259135301, 711.2154639124924, 1003.1526186553816], [1120.970198446896, 766.2187894464871, 1127.5100085738366, 775.1160906385742], [1015.6461023626816, 591.0890903166702, 1025.6163377057967, 596.4290736420513], [1094.1335929258646, 750.8945634398871, 1102.171206243552, 759.2417361718691], [920.9888106818047, 25.508483391732014, 929.6658797402823, 34.53345246190785], [975.4919610943897, 93.12523914292917, 981.2890802624037, 101.86144913399646], [1010.3947790341772, 803.6578449461243, 1016.1508780459185, 813.7917761559523], [1038.3577101963222, 130.08403569482803, 1044.9518635564862, 139.37641711252596], [607.5866696510558, 765.8499279629875, 616.5587005583026, 772.2648235616518], [599.5196972325748, 810.0807840687057, 609.5194450425711, 815.4148545062037]]","[32.0, 29.0, 28.0, 22.0, 19.0, 16.0, 14.0, 8.0, 6.0, 5.0]",294,1920,1080,10.0,C:/R_projects/mothz/AC_10out.mp4
"[[699.7359537120403, 997.2018405883523, 709.4606260425344, 1004.0361971183427], [1121.283789884719, 767.3031796953005, 1127.7058719329027, 776.3514104562616], [1015.1174326617197, 591.0650866798647, 1025.1160122560552, 596.3413622315494], [1094.6432714375494, 751.321051929092, 1102.7959890693253, 759.8168374518847], [975.5746173435064, 91.58482071864427, 981.3695025396719, 100.40713354128451], [1010.4122529989997, 804.6663534847052, 1016.2027706501049, 815.0677695352518], [1037.9271718613109, 128.6724344442077, 1044.614958667422, 137.92980146709246], [605.7664305796325, 766.7344888480894, 614.9652984666172, 773.3497054704088], [597.7929633967406, 810.3899028008339, 607.6875365568083, 815.7562659277608]]","[32.0, 29.0, 28.0, 22.0, 16.0, 14.0, 8.0, 6.0, 5.0]",295,1920,1080,10.0,C:/R_projects/mothz/AC_10out.mp4
"[[697.701196769117, 997.9337015248043, 707.2910845530577, 1004.8822306395061], [1121.8315228124907, 768.8628156819198, 1128.1774432755979, 777.6736569563864], [1014.4496800298074, 591.0046612556681, 1024.5926843377938, 596.2300858370735], [1095.4022360153172, 752.0806065087786, 1103.6652328813175, 760.6018583996042], [975.4504267041978, 90.03011879464296, 981.1906625925042, 98.85117498834], [1010.4921902034203, 805.8685813704832, 1016.1951762943402, 816.255297935647], [1037.4632147623306, 127.49872472573955, 1044.2616976202526, 136.77393840162236], [604.2673560847796, 767.4993340810678, 613.3627534206875, 774.0666611212092], [596.089730606567, 811.0137481122903, 605.7357660807372, 816.2577700250073]]","[32.0, 29.0, 28.0, 22.0, 16.0, 14.0, 8.0, 6.0, 5.0]",296,1920,1080,10.0,C:/R_projects/mothz/AC_10out.mp4
"[[696.2174133083145, 999.3487602916366, 705.521227314638, 1006.0611283091102], [1122.5425219847532, 770.0791068338566, 1128.6797977009744, 778.9841373157682], [1013.6649397938261, 591.035453675018, 1023.9731209211945, 596.2769238100174], [1095.9492627421357, 752.6809391771748, 1104.2394440151068, 761.1042292225469], [975.1794122557474, 88.40304149562809, 980.948992826286, 97.59357903050517], [1010.5684006045618, 807.2557090167239, 1016.136620884667, 817.4651704701242], [1037.2193779807506, 125.68731290567582, 1044.1931614093526, 135.03825417677314], [602.8804249531407, 768.4754176123481, 611.969145172034, 774.8754925647411], [594.3416840876148, 811.263919331971, 603.9291297801387, 816.4098310174754]]","[32.0, 29.0, 28.0, 22.0, 16.0, 14.0, 8.0, 6.0, 5.0]",297,1920,1080,10.0,C:/R_projects/mothz/AC_10out.mp4
"[[694.5766659861774, 1000.4545825096186, 703.839382426381, 1007.0910041890234], [1122.9006918432783, 771.5050021267306, 1129.160893793463, 780.4242565394828], [1013.042959846579, 591.2107402585601, 1023.3659378404215, 596.5176230994181], [1096.5543594434025, 753.8295111108789, 1104.5879080816226, 762.166374781373], [974.9324249412127, 86.73098974077767, 980.6610214400723, 96.1411084614278], [1010.3542070927789, 808.2285938477123, 1016.0597407884437, 818.5476394528575], [1036.935611952567, 124.2968450895632, 1043.7393034365655, 133.56094916740588], [601.2729381018024, 769.3974810355013, 610.53810451894, 775.9114933153413], [592.9102779429169, 811.8895736980586, 602.5104939467825, 817.1302766087289]]","[32.0, 29.0, 28.0, 22.0, 16.0, 14.0, 8.0, 6.0, 5.0]",298,1920,1080,10.0,C:/R_projects/mothz/AC_10out.mp4
"[[692.986535314442, 1001.2161188524578, 702.2555526680914, 1007.6829475558645], [1123.2501354211774, 772.863435915373, 1129.553036019878, 782.0645542484351], [1012.655628053945, 591.2858512320796, 1022.7887398137199, 596.5892426649765], [1097.1267632663848, 754.5892839046478, 1104.8805354252277, 762.9811050281817], [974.682740996909, 85.14279752040086, 980.4003651763038, 94.56650224120118], [1009.952549965658, 809.1301153040788, 1015.7114876459481, 819.4245613022197], [1036.4228694660665, 122.79122189504326, 1043.3817433302752, 132.14188121382782], [599.7244957280913, 770.4337226459451, 608.6115266848329, 776.8761577062661], [591.2922507522327, 812.1105846048903, 600.8709596887569, 817.4487501546215]]","[32.0, 29.0, 28.0, 22.0, 16.0, 14.0, 8.0, 6.0, 5.0]",299,1920,1080,10.0,C:/R_projects/mothz/AC_10out.mp4
"[[691.5066802962842, 1001.718964941949, 700.6659290499856, 1008.1365891532464], [1123.4703343520107, 774.3591445787395, 1129.6077784570373, 783.4678382255454], [1012.3283286751272, 591.3005700063655, 1022.2986421351064, 596.6358715201171], [1097.4399537446754, 755.2004368140534, 1105.029029132649, 763.7045799718031], [974.4172161560481, 83.32787479682963, 980.2196064431552, 92.712124363236], [1009.6434759475356, 810.5002233223619, 1015.4775331991617, 820.694871772883], [1036.1829452153704, 121.16728979344434, 1043.0286668834308, 130.53954363462663], [598.3867902547955, 771.4641667804374, 607.0225132949003, 777.9091669467671], [589.3472682325594, 812.6450058277369, 599.257518338067, 818.0669567715959]]","[32.0, 29.0, 28.0, 22.0, 16.0, 14.0, 8.0, 6.0, 5.0]",300,1920,1080,10.0,C:/R_projects/mothz/AC_10out.mp4
"[[689.7058816300503, 1002.7380712469767, 698.5762424969189, 1009.1611088511818], [1123.8569281303173, 775.9560966571987, 1129.8981420220364, 785.0560919766624], [1012.0391928423388, 591.1548881725236, 1021.8828793114886, 596.5321094954674], [1097.6303188203558, 755.9426055945728, 1105.1532783310479, 764.8130250659158], [974.1590335724948, 81.77390857060486, 980.0173918870723, 91.17322772374793], [1009.3711184311309, 811.8784626053271, 1015.1112828678182, 821.9681709101731], [1035.8429110133068, 120.00439686101984, 1042.6009691897905, 129.29508777721935], [596.7108227647948, 772.9059552143682, 605.2720787006801, 779.2782684819866], [587.2494870034129, 812.8949745826078, 597.2735319729027, 818.281493391813]]","[32.0, 29.0, 28.0, 22.0, 16.0, 14.0, 8.0, 6.0, 5.0]",301,1920,1080,10.0,C:/R_projects/mothz/AC_10out.mp4
"[[688.4161557920213, 1003.8382402796898, 697.2466532973267, 1010.1791667062586], [1124.1402943546107, 777.6745054566206, 1130.157553994184, 786.7041504864371], [1011.6994739645326, 591.2000342740837, 1021.6081540465365, 596.5325940689013], [1097.862040954974, 756.5271535783637, 1105.2830128409341, 765.5304345892349], [973.8219593113622, 80.12299765764733, 979.9489357118703, 89.65505552610814], [1009.2399319022106, 813.0588160171924, 1014.939868718372, 823.1846196042814], [1035.6155227726836, 118.64914437034551, 1042.2694996041341, 128.10265936470216], [595.2961773977247, 774.1012534613016, 603.8843875124342, 780.8410186039392], [585.5853576572066, 813.3443106883868, 595.6601703879293, 818.638902967802]]","[32.0, 29.0, 28.0, 22.0, 16.0, 14.0, 8.0, 6.0, 5.0]",302,1920,1080,10.0,C:/R_projects/mothz/AC_10out.mp4
"[[686.5978398338315, 1004.7730660106479, 695.5073222842583, 1011.4451793879443], [1124.4007498149083, 779.0484983948112, 1130.7605885264973, 787.9842426391973], [1011.2256458092559, 591.1851075703806, 1021.1079118593698, 596.5695697943969], [1097.9604095702573, 757.3135789664633, 1105.185508184404, 766.3214497985638], [973.5983777349522, 78.65920020494077, 979.740943690502, 88.08621300956189], [1009.1934757737116, 814.3928007339359, 1014.8743182990428, 824.2973382563046], [1035.4382884235972, 117.11386610869118, 1041.9686477755138, 126.59818265976955], [594.0925467739374, 775.3410774378729, 602.7355570579795, 782.2486603759676], [584.3852298842668, 813.2574733851918, 594.3971040019557, 818.508007260687]]","[32.0, 29.0, 28.0, 22.0, 16.0, 14.0, 8.0, 6.0, 5.0]",303,1920,1080,10.0,C:/R_projects/mothz/AC_10out.mp4
"[[685.526573454284, 1005.7498532797805, 694.3879181241263, 1012.5724754686149], [1125.1515300324568, 780.6994596023953, 1131.5581648453353, 789.7940552221171], [1010.9183024069589, 591.2347308467282, 1020.775180155375, 596.535560102136], [1098.2078882036167, 758.0022423982498, 1105.2654761260974, 767.0742297300117], [973.3389737794993, 76.92191505035763, 979.6512616626343, 86.5120977625536], [1008.9149423970572, 815.8252060511779, 1014.6692941623375, 825.5828521457156], [1035.3044299138783, 115.63912811455215, 1041.7961352308448, 125.17271830156032], [593.0231161839729, 776.7728609388262, 601.5946996651076, 783.8145689107769]]","[32.0, 29.0, 28.0, 22.0, 16.0, 14.0, 8.0, 6.0]",304,1920,1080,10.0,C:/R_projects/mothz/AC_10out.mp4
"[[684.3175597937366, 1007.1299690751022, 693.0367146117565, 1013.9701474237537], [1125.9503200110794, 781.8991693493333, 1132.5547934904457, 790.883002240545], [1010.5838052007925, 590.9818660546365, 1020.4043460184944, 596.2369540465569], [1098.6201761203743, 758.7752148653683, 1105.5744400919543, 767.8622770679574], [973.3216858879739, 75.11845404974133, 979.6360865795648, 84.66982167281151], [1008.8579122286454, 816.8141646222875, 1014.6538682804784, 826.7252689800664], [1034.9126325748339, 113.94748512059618, 1041.4387126794268, 123.38540027885219], [591.4351556008394, 778.0479477882745, 600.0169750789346, 785.0954115672114]]","[32.0, 29.0, 28.0, 22.0, 16.0, 14.0, 8.0, 6.0]",305,1920,1080,10.0,C:/R_projects/mothz/AC_10out.mp4
"[[682.6662802981398, 1008.4464978451477, 691.51726988728, 1015.4869101370799], [1126.5865253576362, 783.1492732056973, 1133.3650286669158, 791.9969922866982], [1009.9820413239868, 590.7091564961336, 1020.0697361571665, 596.0461671636845], [1099.2447134445836, 759.4231378434065, 1106.1951626439889, 768.538448499681], [973.1680579918088, 73.77945038183012, 979.5408760872945, 83.22909007701907], [1008.6187993949252, 818.09176238145, 1014.4658561360393, 827.837648431808], [1034.6404699635416, 112.59916727076089, 1041.2527087619499, 121.77906957392267], [589.8978252152189, 779.2783428057636, 598.6412904326115, 786.5896127031725]]","[32.0, 29.0, 28.0, 22.0, 16.0, 14.0, 8.0, 6.0]",306,1920,1080,10.0,C:/R_projects/mothz/AC_10out.mp4
"[[681.2480737602872, 1009.791837326389, 689.8973804017088, 1016.825035653628], [1127.3745399737877, 784.6991982528207, 1133.99721569341, 793.3695363686331], [1009.3421581944095, 590.6448299985899, 1019.5931365968291, 596.1480032522196], [1099.5648360992134, 760.2427838988245, 1106.5016286323714, 769.3792966509365], [972.8199877272447, 71.99581756914692, 979.1917856563124, 81.53954793902038], [1008.4042921586903, 819.0462990573584, 1014.1909399592147, 828.8014256895623], [1034.5898391049052, 111.2236823571245, 1041.0379428785275, 120.34169974533326], [588.6918313378471, 780.6053265549428, 597.2716449474681, 787.7369165505286], [577.6818639178911, 812.7923481022395, 587.9379231751753, 818.047930991229]]","[32.0, 29.0, 28.0, 22.0, 16.0, 14.0, 8.0, 6.0, 5.0]",307,1920,1080,10.0,C:/R_projects/mothz/AC_10out.mp4
"[[908.2758013461578, 2.347655281700792, 916.5888581589288, 10.706464240613643], [679.513199406882, 1011.0705182560574, 688.085123286405, 1018.075997698266], [1127.8529206796286, 785.5222206086866, 1134.3144741563212, 794.3949939109365], [1008.5355715959408, 590.4886895228561, 1018.7584903388686, 595.9620330109948], [1099.9943110016272, 761.135934546381, 1106.9188878441103, 770.2493016198931], [972.5771384205494, 70.47059841857111, 978.875604001386, 80.09264005076403], [1008.2703692499773, 819.8911916647902, 1014.1973024751934, 829.740340787264], [1034.4311269277136, 109.5018546160944, 1040.8707581934495, 118.69221421650501], [587.570968082801, 781.9754458331109, 595.9472934998449, 789.1907342425199], [576.2250919480547, 813.3467701160988, 586.3852674389408, 818.415607679896]]","[36.0, 32.0, 29.0, 28.0, 22.0, 16.0, 14.0, 8.0, 6.0, 5.0]",308,1920,1080,10.0,C:/R_projects/mothz/AC_10out.mp4
"[[907.4397534098969, 0.7995348045603663, 915.5166839249268, 8.832133000400843], [677.894176564878, 1012.1187175295081, 686.6366463497305, 1019.1644823766421], [1128.0885268192483, 786.8078803360295, 1134.4031543912597, 795.747264987134], [1008.0419577439255, 590.1600713443206, 1018.1758701980046, 595.6763302709667], [1100.3735825827957, 761.639612975354, 1107.6051179688043, 770.7312006974029], [972.3484825625292, 68.75032946500293, 978.5136869968128, 78.34142533515028], [1008.1240391206567, 820.8366160478516, 1014.1181641142265, 830.6706764739773], [1033.9031285128, 107.93757428066654, 1040.3884305976856, 117.15824458874114], [586.6231931612674, 783.3832201566154, 595.1393747055536, 790.6663983545563], [574.3509900729869, 813.633695768838, 584.3049496572346, 818.6574358727988]]","[36.0, 32.0, 29.0, 28.0, 22.0, 16.0, 14.0, 8.0, 6.0, 5.0]",309,1920,1080,10.0,C:/R_projects/mothz/AC_10out.mp4
"[[906.5645342509131, -0.2616627972977512, 914.8621755553493, 7.73908997292131], [676.2049457750177, 1012.7979562537795, 685.0848630569051, 1019.8832785076944], [1128.0846937112194, 787.8565847729078, 1134.2209617843794, 796.9589949176968], [1007.8100937667431, 589.9601706217567, 1017.8279107434274, 595.4948629050263], [1101.1376100014334, 762.3762271776105, 1108.1698347381637, 771.4072771561135], [972.1145632867807, 67.11823446983047, 978.3410457345984, 76.75491294491076], [1008.0228261557168, 821.8539784297774, 1014.0275342048499, 831.6649213005823], [1033.3452899170206, 106.06485709859248, 1039.9525261478175, 115.35030046235397], [585.8820055357281, 784.6075538765328, 594.1831852954239, 791.889243756119], [573.2378278188066, 814.0729514719205, 582.7360520836248, 818.9917893446664]]","[36.0, 32.0, 29.0, 28.0, 22.0, 16.0, 14.0, 8.0, 6.0, 5.0]",310,1920,1080,10.0,C:/R_projects/mothz/AC_10out.mp4
"[[674.3214245933605, 1013.8698523856639, 683.3712433944604, 1020.8417577228846], [1127.9691917490957, 789.2033181150263, 1134.0168785724993, 798.3027986449878], [1007.6339574230117, 589.6789695350617, 1017.4563581465093, 595.2025178152307], [1101.9538071365303, 762.8567430708041, 1108.9989031464577, 772.0858953703356], [971.6116495218179, 65.29218174395197, 978.0513974060997, 74.94988434680579], [1008.040677858015, 823.0353474076129, 1013.9750358423298, 832.820581448895], [1032.623852441333, 104.79146671163959, 1039.2628059881367, 113.86564793647797], [584.648014040267, 786.0831076341025, 592.7323335892673, 793.4048893307057], [571.6900666719024, 814.4931803464837, 580.9109444149022, 819.4405828942669]]","[32.0, 29.0, 28.0, 22.0, 16.0, 14.0, 8.0, 6.0, 5.0]",311,1920,1080,10.0,C:/R_projects/mothz/AC_10out.mp4
"[[672.1261836586164, 1014.9738085753258, 681.2346831626307, 1021.566016007084], [1127.6269830540796, 790.4544997266813, 1133.6471863163233, 799.6229448674409], [1007.2198963025627, 589.6127018277812, 1017.0497568066829, 595.2526592857944], [1102.5634275191437, 763.4156580001877, 1109.7634018149647, 772.6677842075417], [971.7084222791261, 63.71271085502348, 978.0135021948156, 73.20993855402877], [1007.9489081814359, 823.9034880381893, 1013.890324004388, 833.6873351623234], [1032.003864605582, 103.18998078279022, 1038.7608322613698, 112.41563834869278], [583.5287652855835, 787.2777984119654, 591.6241679317112, 794.7409859056125], [570.2976970547534, 815.259745848628, 579.3456775715329, 820.0324358251521]]","[32.0, 29.0, 28.0, 22.0, 16.0, 14.0, 8.0, 6.0, 5.0]",312,1920,1080,10.0,C:/R_projects/mothz/AC_10out.mp4
"[[670.5573018831192, 1015.6243271285387, 679.6139764366962, 1022.1820028035525], [1127.3700432506184, 791.9233619262372, 1133.310810581641, 801.1015704479848], [1006.5879384750575, 589.4470528362792, 1016.449886269808, 595.1115728729719], [1103.361299716884, 764.2455853711417, 1110.4217721258785, 773.5024240235789], [971.7641323537422, 61.90707915327924, 977.7895945673396, 71.43899949659716], [1008.2019151358295, 824.9707328292851, 1013.9718825620271, 834.7698674020556], [1031.610008102999, 101.4542097614618, 1038.2313960283223, 110.7367609897603], [582.3894653056645, 788.5778451365578, 590.4558375565312, 796.0379234075889], [569.2772809849163, 815.4415704786951, 578.0489733616713, 820.3645965592635]]","[32.0, 29.0, 28.0, 22.0, 16.0, 14.0, 8.0, 6.0, 5.0]",313,1920,1080,10.0,C:/R_projects/mothz/AC_10out.mp4
"[[668.9015311253005, 1016.7610247100305, 677.7265557489151, 1023.2206079969832], [1127.0219582753066, 793.1658278190255, 1133.1088254332763, 802.4966726510222], [1005.7696006105145, 589.5311921118737, 1015.6963982083848, 595.333533514563], [1103.820215411321, 765.2567592356859, 1110.8682373146012, 774.376232906581], [971.9697393354994, 60.14605915708251, 978.026117498819, 69.67501369273236], [1008.2570766715222, 825.8635073224889, 1014.1405317684051, 835.557972146871], [1031.5863790481344, 100.1161956687287, 1037.988525976216, 109.31268119388076], [582.002677867405, 789.3031154712132, 589.5129353868135, 796.8617365292425], [568.1652317089013, 816.0986277132677, 576.6980937166268, 820.9507843077533]]","[32.0, 29.0, 28.0, 22.0, 16.0, 14.0, 8.0, 6.0, 5.0]",314,1920,1080,10.0,C:/R_projects/mothz/AC_10out.mp4
"[[667.125384310447, 1018.0326791135807, 676.153365755668, 1024.6203708210503], [1126.9211614914313, 794.4017327144804, 1133.121689102493, 803.8463199551163], [1004.8346579521385, 589.3093012838755, 1014.6204785300174, 595.2074658138773], [1104.1198006185305, 766.1754286358234, 1111.1838195648843, 775.2843624415866], [971.702564765466, 58.35164575939005, 977.7140360985508, 67.95440673792115], [1008.2114579486464, 826.8059963488175, 1014.1052149594717, 836.3960207658132], [1031.3241878647952, 98.53189640021861, 1037.738864739654, 107.68600587041894], [581.8754568993224, 789.648503098041, 588.9860431953712, 797.2858403003521], [566.2630002921634, 816.4564120256553, 575.1764134557942, 821.4141973204469]]","[32.0, 29.0, 28.0, 22.0, 16.0, 14.0, 8.0, 6.0, 5.0]",315,1920,1080,10.0,C:/R_projects/mothz/AC_10out.mp4
"[[665.2904530597475, 1018.9568222153582, 674.3218582991603, 1025.3722548593018], [1126.736101663626, 795.8880940920276, 1132.9032807424137, 805.3799299033742], [1004.073800685277, 589.0029518829532, 1013.7914774846942, 594.9474194223745], [1104.432854017547, 766.8757758708765, 1111.3508445159146, 776.144530692541], [971.3034379797214, 56.73562911213226, 977.4581948822813, 66.40189985004696], [1008.1847695293987, 827.8508148584139, 1014.043333842695, 837.4703734967987], [1031.0680818235653, 97.03437497715748, 1037.519143976045, 106.35595922815244], [581.8237981547165, 790.1513945168919, 588.791993937748, 797.7250698935078], [564.1415697268804, 816.5197597506638, 573.3478589224802, 821.6425067714649]]","[32.0, 29.0, 28.0, 22.0, 16.0, 14.0, 8.0, 6.0, 5.0]",316,1920,1080,10.0,C:/R_projects/mothz/AC_10out.mp4
"[[663.3290595136127, 1020.1208908984831, 672.7053712471368, 1026.5929834924573], [1126.65538555723, 797.2509720072545, 1132.7850831202516, 806.7692572876739], [1003.4352419899684, 588.7253995546685, 1012.9112596413075, 594.6218667488429], [1104.652235329438, 767.8380898881878, 1111.5456513584622, 777.2443934966225], [971.1147303380795, 55.12419261326375, 977.1780414093354, 64.69252320924313], [1008.2382592550456, 829.0631417617382, 1014.0503730034774, 838.6231209061501], [1030.8011332203894, 95.65211545621038, 1037.2687924033696, 104.80867121042583], [581.7636895782122, 790.3218526916042, 588.4269033091183, 798.0516561896769], [562.2931286047566, 816.1449695480375, 572.1608386810902, 821.3871128143554]]","[32.0, 29.0, 28.0, 22.0, 16.0, 14.0, 8.0, 6.0, 5.0]",317,1920,1080,10.0,C:/R_projects/mothz/AC_10out.mp4
"[[661.9929617436715, 1020.6352816028541, 671.5025368874362, 1027.1843645270635], [1126.5475322179727, 798.9921499498228, 1132.716199097762, 808.3399792365565], [1002.6260087213461, 588.236010330472, 1011.9368108383765, 594.0874557144821], [1105.1415038957236, 768.9735715994983, 1112.0274399188631, 778.1686023490221], [970.8610373039769, 53.14455913950397, 977.162557127356, 62.757711719926576], [1007.9504424956317, 830.2273481843698, 1013.7844762364316, 839.6700892974014], [1030.8420122043415, 94.03727923960045, 1037.2254639303362, 103.27745499932885], [581.4841905857131, 790.8975147888591, 588.0274968923993, 798.7779127640845], [561.0686442303878, 816.2161370785482, 570.9419351059672, 821.4509583126003]]","[32.0, 29.0, 28.0, 22.0, 16.0, 14.0, 8.0, 6.0, 5.0]",318,1920,1080,10.0,C:/R_projects/mothz/AC_10out.mp4
"[[660.3638484130122, 1021.3592074944544, 670.172883333448, 1027.7112563708704], [1126.1965467780133, 800.5151155769661, 1132.4489939450946, 810.0063136022313], [1001.4701529805067, 587.8481048642273, 1010.8676840977386, 593.7121730491667], [1105.4796630006995, 770.0838396801033, 1112.1226116815183, 779.270937231856], [970.7975430318506, 51.38841439065385, 977.2159924401385, 60.79709894764882], [1007.7245927322158, 831.4174165326758, 1013.6171592108419, 840.8309193140844], [1030.6276735124814, 92.78635074104366, 1036.9963868951775, 101.889039943222], [581.4996859405533, 790.8994613414878, 587.828469029658, 798.8067440770559], [559.836256060964, 815.7812324189437, 569.3634693798441, 820.8507886849121]]","[32.0, 29.0, 28.0, 22.0, 16.0, 14.0, 8.0, 6.0, 5.0]",319,1920,1080,10.0,C:/R_projects/mothz/AC_10out.mp4
"[[658.6079733694125, 1021.7292805019385, 668.4407646094926, 1027.776981396916], [1126.1600991685848, 802.1712580549929, 1132.358302300938, 811.7231882684873], [1000.636665470078, 587.3103829255078, 1009.9580205889467, 593.2651907376512], [1106.0702359327574, 770.9431865670571, 1112.766606252534, 780.2611508183803], [970.6549732912971, 49.862167923779225, 977.2602126249443, 59.5254492017806], [1007.7311981794619, 832.3433433981311, 1013.694845309868, 841.9181927770908], [1030.3336655417552, 91.30054993175114, 1036.829305929442, 100.47948645625624], [581.6028017887946, 791.1964894630769, 587.9090098777191, 798.9069115481777], [558.3748669345166, 815.6543949095549, 568.2370462396591, 820.8078250594108]]","[32.0, 29.0, 28.0, 22.0, 16.0, 14.0, 8.0, 6.0, 5.0]",320,1920,1080,10.0,C:/R_projects/mothz/AC_10out.mp4
"[[656.7180270996736, 1022.5355403501081, 666.6824301868431, 1028.4048749896865], [1126.4525048225519, 803.4875646376689, 1132.4892859601, 812.9537252853405], [999.974835915685, 586.6747818755049, 1009.1119222961887, 592.6299959298971], [1106.5433645843734, 771.7967598425447, 1113.1910852660692, 781.1434887154638], [970.4919622502632, 48.26540808795902, 977.1182997832011, 57.90305018916739], [1007.6966787024282, 833.683079673454, 1013.6362750748076, 843.2532498126394], [1030.3274115710801, 89.74884923141809, 1036.8714621876966, 99.03397639302369], [581.6110542079178, 791.427896656379, 587.990778323254, 799.063133193214], [556.5781652837012, 815.5029953347796, 566.1630469946009, 820.5135251521522]]","[32.0, 29.0, 28.0, 22.0, 16.0, 14.0, 8.0, 6.0, 5.0]",321,1920,1080,10.0,C:/R_projects/mothz/AC_10out.mp4
"[[654.9428730173435, 1022.8771036056992, 664.770697207916, 1028.6102236631982], [1126.5829990252398, 804.5200719508092, 1132.717046806002, 814.0455381387663], [999.0655890272981, 586.3439601226025, 1008.2858040361418, 592.1945932515382], [1106.9061473837357, 772.8134300015457, 1113.5233990930144, 782.0183838975412], [970.4007013451406, 46.98984013956682, 976.6733288391011, 56.21542746542613], [1007.6821813181941, 834.7864405699304, 1013.631079682822, 844.5022853065282], [1030.00566458165, 88.54336685559572, 1036.5499101827525, 98.04188052946556], [581.4275159895351, 791.7032510064197, 587.9647773777494, 799.1649241259203], [555.500275207259, 815.2797278593877, 565.1820870249343, 820.2470327816073]]","[32.0, 29.0, 28.0, 22.0, 16.0, 14.0, 8.0, 6.0, 5.0]",322,1920,1080,10.0,C:/R_projects/mothz/AC_10out.mp4
"[[652.8673894248143, 1023.117044292662, 662.9945127917113, 1028.9113526688404], [1126.7741157993355, 805.9365449530275, 1132.9220602874157, 815.2944274407483], [998.1440318844066, 586.1159182349177, 1007.3910814043054, 591.8794839235316], [1107.264960661809, 773.6809753900142, 1113.9168859454678, 782.7233050010738], [970.1350664417199, 45.20411319926239, 976.459017366992, 54.56849367294006], [1007.640188997821, 835.9168998992525, 1013.5718157513627, 845.6482982555983], [1029.7819755831074, 86.97935759525906, 1036.3067768022784, 96.41769591041249], [580.8141424372797, 792.561559523163, 587.5893187246141, 799.8180767793882], [554.4656363265691, 815.2345767516815, 563.9932541445752, 820.3471367384607]]","[32.0, 29.0, 28.0, 22.0, 16.0, 14.0, 8.0, 6.0, 5.0]",323,1920,1080,10.0,C:/R_projects/mothz/AC_10out.mp4
"[[650.7117802665911, 1023.3975608969615, 660.8587911136457, 1029.0828842975195], [1126.9127147115778, 807.1880468799202, 1133.1199117366687, 816.3390180176893], [997.4422369242442, 585.8950139002482, 1006.7241073040237, 591.5818544888766], [1107.5305393969695, 774.4089147509125, 1114.1740106290797, 783.6087655854736], [969.907522936664, 43.37694957806397, 976.0618856629569, 52.670439201834924], [1007.4897099533135, 837.0914344329791, 1013.3740858907921, 846.7382768972537], [1029.616834919895, 85.60860709973434, 1035.938410983875, 94.84443144833253], [579.637677321909, 793.3591458714419, 586.5574485619436, 800.5033305463309], [553.1123908989841, 815.6699053811861, 563.2390267520816, 820.7670390416391]]","[32.0, 29.0, 28.0, 22.0, 16.0, 14.0, 8.0, 6.0, 5.0]",324,1920,1080,10.0,C:/R_projects/mothz/AC_10out.mp4
"[[648.1363202690469, 1023.7182571006355, 658.3772564290767, 1029.2863623279156], [1127.2042836183505, 808.228419268193, 1133.5881655227222, 817.467338128303], [996.8763012512774, 585.837158243546, 1006.2586067344608, 591.4041489917082], [1107.9959164914849, 775.3084370624622, 1114.7762763527048, 784.5483724619623], [969.6350799373204, 42.07851805506473, 975.7151027720206, 51.27885215604595], [1007.3636160728629, 838.443193536743, 1013.2725393768312, 847.9969891614268], [1029.4281022911523, 84.20743398362117, 1035.6613559487241, 93.23822638710465], [578.3987213752926, 794.528356405151, 585.4774317600061, 801.7118025440161]]","[32.0, 29.0, 28.0, 22.0, 16.0, 14.0, 8.0, 6.0]",325,1920,1080,10.0,C:/R_projects/mothz/AC_10out.mp4
"[[645.9130613802274, 1024.3245077722488, 656.1884943886159, 1029.8049752247068], [1127.5798921593678, 809.3088383521062, 1134.0293732760397, 818.7441249261358], [996.1673811245744, 585.8390714257669, 1005.8066318992703, 591.2365280174699], [1108.3164426789413, 776.3514448035635, 1115.3063168091685, 785.233596276506], [969.4128403158813, 40.3815603620681, 975.672042529344, 49.61876625348566], [1007.2670065023901, 839.4811922899181, 1013.2585917209972, 849.1777520209367], [1029.2960962084599, 82.70180070545885, 1035.5011042139317, 91.72134815528995], [577.3768502407657, 795.8236080945271, 584.5578124257767, 802.930569936387]]","[32.0, 29.0, 28.0, 22.0, 16.0, 14.0, 8.0, 6.0]",326,1920,1080,10.0,C:/R_projects/mothz/AC_10out.mp4
"[[643.7227889095338, 1024.6391794014178, 653.9696105632165, 1030.3088004009553], [1127.7992468452037, 810.2659001630602, 1134.3844749419052, 819.7598792017657], [995.7207446154908, 585.705115830703, 1005.3782072453592, 591.0753088859616], [1108.640567098692, 777.1001994959236, 1115.575648937005, 785.7595484449787], [968.9522402431647, 38.8699869212891, 975.4856231249822, 48.106298634717845], [1007.0907576131196, 840.5331214696157, 1013.019945539641, 850.3257226224632], [1029.1906801457642, 80.8991412886133, 1035.5688377540716, 89.98258076018922], [576.4748515098177, 797.3093208966169, 583.6454920228261, 804.5528502112701]]","[32.0, 29.0, 28.0, 22.0, 16.0, 14.0, 8.0, 6.0]",327,1920,1080,10.0,C:/R_projects/mothz/AC_10out.mp4
"[[642.1051935679508, 1025.0658541273979, 652.3152784184891, 1030.8309274293815], [1128.2331702936535, 811.5297609156393, 1134.5394574031939, 821.0582386813593], [995.0817854711904, 585.6571323481851, 1004.9413135271225, 591.0129707511344], [1109.1848060840557, 777.6397473102594, 1115.9864105478218, 786.1470129479109], [968.8518009601052, 37.537428551810095, 975.5476980478212, 46.7804495890328], [1007.1117859208696, 841.869973112262, 1012.8102161722886, 851.6302937929115], [1028.8863727669197, 79.51227825692389, 1035.4387121517836, 88.89896358406178], [575.9559043487466, 799.0059668709991, 582.9530662571865, 806.2757951318167], [548.124543176342, 818.4223109725634, 557.442681701261, 823.7583328153752]]","[32.0, 29.0, 28.0, 22.0, 16.0, 14.0, 8.0, 6.0, 5.0]",328,1920,1080,10.0,C:/R_projects/mothz/AC_10out.mp4
"[[640.3686590890459, 1025.450451684731, 650.3834469327523, 1031.3150581500436], [1128.0742533528116, 812.6873623450911, 1134.1871815069123, 822.1453513299343], [994.2204325936773, 585.3458939012397, 1004.1509788531644, 590.8128016280413], [1109.4043386966134, 777.8508298923438, 1116.0589634719174, 786.3236291464051], [968.7418544408049, 35.93034153993742, 975.721433172658, 45.3983751404679], [1006.8542148683746, 842.8111730646154, 1012.4947953782589, 852.6182727798358], [1028.6669941157534, 78.04707729780759, 1035.2515338312855, 87.57652064687494], [575.3486684970487, 800.9165930116169, 582.0901886816469, 808.3000480668991], [547.0395893131553, 819.0838061627213, 556.1047046960681, 824.437302888117]]","[32.0, 29.0, 28.0, 22.0, 16.0, 14.0, 8.0, 6.0, 5.0]",329,1920,1080,10.0,C:/R_projects/mothz/AC_10out.mp4
"[[638.9133104183436, 1026.0605909286046, 648.9718921250985, 1032.0547500191483], [1127.5868739626812, 813.4153977846843, 1133.8779885501276, 822.8326692195049], [993.1038791442433, 584.969802941044, 1003.0464307733238, 590.6434071322428], [1109.4649181234415, 777.8465355637828, 1116.0695272865526, 786.2246508290708], [968.6499845228992, 34.36805948789014, 975.9477552204297, 44.24103426336037], [1006.8063977811668, 843.719882146161, 1012.6109068976276, 853.4962521091946], [1028.040043981851, 76.52215796072147, 1034.6693935866908, 86.21399323365813], [575.1194370396455, 802.522942341451, 581.4870212118241, 810.0038391317771], [545.5402161090828, 819.6478833865837, 554.5767241368069, 824.9509467766708]]","[32.0, 29.0, 28.0, 22.0, 16.0, 14.0, 8.0, 6.0, 5.0]",330,1920,1080,10.0,C:/R_projects/mothz/AC_10out.mp4
"[[637.290051163134, 1026.451273804208, 647.3523021177589, 1032.3933570733993], [1126.5638330584734, 814.1942237377266, 1133.2987995563244, 823.2630603370433], [992.4594386031354, 584.7012208613389, 1002.256813417247, 590.3206491082346], [1109.4570521785415, 777.7894884843159, 1116.0203494605478, 785.9884934549237], [968.6258626923878, 33.05756370297762, 976.1695822861917, 43.07397773579635], [1006.7276867747233, 844.8643326489084, 1012.5391722813985, 854.7403045407925], [1027.9309254611633, 75.09416399600072, 1034.669825655131, 84.79186342404829], [575.1576608882925, 804.2285157751359, 581.2591790753144, 811.9137191193489], [543.8828158333534, 820.0662830862606, 553.0268219496021, 825.497499497393]]","[32.0, 29.0, 28.0, 22.0, 16.0, 14.0, 8.0, 6.0, 5.0]",331,1920,1080,10.0,C:/R_projects/mothz/AC_10out.mp4
"[[635.3095628428599, 1026.6704945134131, 645.5504677392158, 1032.5505474024274], [1125.949474181507, 814.7864471683832, 1132.815513785405, 823.680330135595], [991.9118997529911, 584.5015896307992, 1001.6522114341058, 590.2032758968531], [1109.4868013159821, 777.8073305238551, 1116.0430873900664, 785.8270288097204], [968.6293652091584, 31.780476497537475, 976.1573560823662, 41.80369228414598], [1006.6854850143691, 846.0331441462838, 1012.5156774715056, 855.8812728614696], [1027.7222438062072, 74.01023718004825, 1034.4670873303953, 83.66850353568503], [575.4520882867099, 805.3253312926688, 581.3148881215922, 813.2175524509794], [542.6591751435323, 820.1415556646829, 551.5476113035876, 825.5978349987191]]","[32.0, 29.0, 28.0, 22.0, 16.0, 14.0, 8.0, 6.0, 5.0]",332,1920,1080,10.0,C:/R_projects/mothz/AC_10out.mp4
"[[633.5388923953453, 1026.8344447126042, 643.6429902214322, 1032.6141728726175], [1124.9670709559532, 815.6763597577985, 1132.4247512519032, 824.0631085783332], [991.4943044556811, 583.5360768195409, 1001.0747754552123, 589.5904877232307], [1109.579710595538, 777.7341510128017, 1116.285207744686, 785.7111713178874], [968.5125237450218, 30.614649233017083, 976.0442332853845, 40.57177377417322], [1006.4112744507773, 847.3355041051276, 1012.3997266117775, 857.1205612990144], [1027.6355051988178, 72.73438772460449, 1034.3547261362853, 82.54506836521685], [575.6754690407124, 806.6372833955575, 581.2211176519738, 814.6674520679042], [541.2315291623552, 820.4430999052521, 550.3339976206737, 825.9214062890534]]","[32.0, 29.0, 28.0, 22.0, 16.0, 14.0, 8.0, 6.0, 5.0]",333,1920,1080,10.0,C:/R_projects/mothz/AC_10out.mp4
"[[631.7441268838986, 1026.9680167984188, 641.696585537524, 1032.5323495988719], [1123.8772855433047, 816.2926587562177, 1131.4663236190602, 824.3970277203877], [990.7271708811294, 582.8707756390459, 1000.1854995742746, 589.2630073124651], [1109.5888098162088, 777.5727878471455, 1116.3075652173227, 785.6258042006975], [968.6344226064226, 28.867976780851922, 976.0741295332112, 38.97261959719333], [1006.0590636424836, 848.779790197132, 1012.0365394776416, 858.4507938730416], [1027.591244748121, 71.37853777479732, 1034.4262906769368, 81.2842506447402], [575.3555540492672, 808.4204101993962, 580.8069608318195, 816.5850735110173], [540.0113820651286, 820.2438500899158, 549.301035035294, 825.6883025132216]]","[32.0, 29.0, 28.0, 22.0, 16.0, 14.0, 8.0, 6.0, 5.0]",334,1920,1080,10.0,C:/R_projects/mothz/AC_10out.mp4
"[[629.9110154789576, 1027.2564634127518, 639.9930243747574, 1032.8926523293528], [1122.580352190273, 817.1610781166147, 1130.4590938962397, 824.8092990072834], [989.8935482299246, 582.4734035836921, 999.409696815849, 589.0152962272884], [1109.9447365467513, 777.6585585142033, 1116.7114416847526, 785.702709190664], [968.6172853878464, 27.388178360578898, 976.0460671993534, 37.40407222598069], [1005.7832071188225, 849.9684350583074, 1011.7128081795968, 859.5017272254505], [1027.3481080035551, 70.14039271517079, 1033.83140581178, 79.8291909424298], [575.2670412372398, 810.2341348353065, 580.6600180803031, 818.3773673462148], [538.3874263810447, 820.179870727345, 547.8682975185201, 825.5871459861604]]","[32.0, 29.0, 28.0, 22.0, 16.0, 14.0, 8.0, 6.0, 5.0]",335,1920,1080,10.0,C:/R_projects/mothz/AC_10out.mp4
"[[627.8455295829962, 1027.6518513734065, 638.0111315887365, 1033.6201455902844], [1121.0540154217852, 818.0122465533703, 1129.37047647722, 825.6174854621203], [989.0042660457335, 582.0307722483434, 998.2358761273268, 588.7500263462767], [1110.3459300794943, 778.1286451806723, 1117.132257142, 786.2951585152407], [968.7133968342961, 26.09708148235947, 976.1107224848894, 36.113459303348506], [1005.4951718018008, 850.8339249018624, 1011.4855991793938, 860.4198972639957], [1027.1026830946496, 68.59668818757777, 1033.6506619934078, 78.40598051880534], [574.7066114356905, 811.8354778583877, 580.1730961906585, 819.8444610750729], [536.4980986255238, 820.1630484428363, 546.319218710392, 825.6442065785393]]","[32.0, 29.0, 28.0, 22.0, 16.0, 14.0, 8.0, 6.0, 5.0]",336,1920,1080,10.0,C:/R_projects/mothz/AC_10out.mp4
"[[626.3349292727763, 1028.1749480947062, 636.3680243958764, 1034.339558098987], [1119.4469584561023, 819.119222199667, 1128.1585053313286, 826.477052557466], [988.503590235029, 581.8067359845899, 997.4674154613186, 588.6243451678878], [1110.7314267101406, 778.4055242132233, 1117.4142196158577, 786.8459842253887], [968.7442655130754, 25.09628329010077, 976.157584447995, 35.06486361153584], [1005.1947525919353, 852.1583163273052, 1011.1786323213486, 861.9610845636522], [1026.9323277268616, 66.88732022605569, 1033.75801620677, 77.0301612508575], [573.6420792372362, 813.4278024645038, 579.5378038963217, 821.041024759162], [534.8978096100974, 820.283273736741, 544.8645299242438, 825.8662774928362]]","[32.0, 29.0, 28.0, 22.0, 16.0, 14.0, 8.0, 6.0, 5.0]",337,1920,1080,10.0,C:/R_projects/mothz/AC_10out.mp4
"[[624.5109552895702, 1028.9263171819196, 634.6270584712576, 1035.307075712464], [1117.4409613239861, 819.90119596169, 1126.516508427473, 827.0845966600046], [987.7594968259729, 581.3027394531217, 996.740789591598, 588.285180082621], [1110.907246804969, 778.7548878895129, 1117.7040987623955, 787.4274754755534], [968.8327694205086, 23.872642618358675, 976.2331095311768, 33.63484020937669], [1005.0244197718786, 853.4902535258403, 1010.9012928784008, 863.1214930765315], [1026.5634358430502, 65.4577823859065, 1033.4904904747777, 75.64376071707908], [572.7911403732298, 815.0403665038549, 578.832055558101, 822.3976326899802], [533.0192835695092, 820.3813169325729, 543.0118609514597, 825.9785486285707]]","[32.0, 29.0, 28.0, 22.0, 16.0, 14.0, 8.0, 6.0, 5.0]",338,1920,1080,10.0,C:/R_projects/mothz/AC_10out.mp4
"[[623.142383363766, 1029.815298390029, 633.4235262539099, 1036.6111824828904], [1116.2432513592862, 820.5252045820205, 1125.4261104567213, 827.6390115529932], [986.7085726983822, 580.6459438951293, 995.7332179405474, 587.8527647513687], [1111.128479041999, 779.4960564613197, 1117.9608456343112, 788.3156503322983], [968.9300004237124, 22.841101794473854, 976.3948328658156, 32.31340379532918], [1004.788551106173, 854.5088159845934, 1010.6712056681548, 864.1742773927504], [1026.0721283137239, 64.29373902033645, 1033.103055806245, 74.32347031591571], [571.973407725574, 816.2185624310863, 578.3524611401907, 822.9516709915866], [531.5123862674214, 820.6567474012815, 541.6888288697925, 826.2691296184372]]","[32.0, 29.0, 28.0, 22.0, 16.0, 14.0, 8.0, 6.0, 5.0]",339,1920,1080,10.0,C:/R_projects/mothz/AC_10out.mp4
"[[621.541112687968, 1030.9498138417478, 631.9543328033924, 1038.1495179803662], [1115.1849850407236, 821.155677580004, 1124.5390609230951, 828.1136799007339], [985.9034048633349, 580.2164068912001, 995.2296852561695, 587.5268850550812], [1111.4719933224094, 780.4168363154641, 1118.3812604285397, 789.3677290227525], [968.919966581844, 21.348285451485886, 976.4259287381327, 30.740159926910927], [1004.6424000338976, 855.3785914262252, 1010.6270830053535, 865.1005547665189], [1025.7914121737713, 62.973797664278536, 1032.7548304468314, 72.77239730897521], [529.6469847475345, 821.2177971374045, 540.0103408614963, 826.8075383256811]]","[32.0, 29.0, 28.0, 22.0, 16.0, 14.0, 8.0, 5.0]",340,1920,1080,10.0,C:/R_projects/mothz/AC_10out.mp4
"[[620.245390556084, 1031.7623854585581, 630.2431145717437, 1039.222746595101], [1113.7726112579073, 821.6933284609853, 1123.1250216073133, 828.5347851487603], [985.2138017685278, 579.4717564489413, 994.5864432212464, 586.9003843415514], [1111.8258586128024, 781.0611532224335, 1118.5892282912998, 790.1236338298958], [969.103323955046, 20.33026616582372, 976.5956875769467, 29.582478990808664], [1004.59179131903, 856.3340161614065, 1010.5573346327889, 866.0889104327534], [1025.3091521570323, 61.40614710625581, 1032.2559636501041, 71.07860870657619], [527.7776902797649, 821.4350639564515, 538.2271656018382, 826.9566581533651]]","[32.0, 29.0, 28.0, 22.0, 16.0, 14.0, 8.0, 5.0]",341,1920,1080,10.0,C:/R_projects/mothz/AC_10out.mp4
"[[619.2327327726014, 1032.1582335621586, 629.0861656224242, 1039.830467619893], [1112.2911009233765, 821.9499680147195, 1121.9500744914997, 828.4826070757264], [984.7019491771684, 578.9224995230974, 993.9805143076662, 586.259504828908], [1111.97506729993, 781.7056289602501, 1118.6210570547657, 790.6804947556782], [1004.4715025859615, 857.2202970247861, 1010.396119816828, 866.9402127712076], [1024.7284574782727, 59.83501107019641, 1031.8742658514168, 69.60778446873671], [526.2741450102654, 821.6621873834424, 536.4735044606581, 827.2438086569973]]","[32.0, 29.0, 28.0, 22.0, 14.0, 8.0, 5.0]",342,1920,1080,10.0,C:/R_projects/mothz/AC_10out.mp4
"[[618.2387443397129, 1032.7942839258094, 627.7590136752663, 1040.442603920806], [1110.9412771993584, 822.0533517108229, 1120.640330404659, 828.2656384373822], [983.8731494205748, 578.4017945181812, 993.0331743007079, 585.6170640490483], [1112.183265286386, 782.2709667571361, 1118.8006841071801, 791.2041898082954], [1004.226390443466, 858.1058351200079, 1010.1579542692259, 867.7279639818639], [1024.314464965752, 58.56795250711382, 1031.2992865915762, 68.17500672852998], [524.6202929274119, 822.266301009678, 534.6453417610622, 827.6184961780075]]","[32.0, 29.0, 28.0, 22.0, 14.0, 8.0, 5.0]",343,1920,1080,10.0,C:/R_projects/mothz/AC_10out.mp4
"[[616.7589700909732, 1033.6650162538165, 626.3607765806828, 1040.8256851867498], [1109.298426061937, 822.4734943755963, 1118.999868127897, 828.2826761339176], [983.0675882758464, 577.8903969543975, 991.9963332344353, 585.2087740443895], [1112.398897690054, 782.7595362447685, 1119.2390752431882, 791.8039657391171], [1004.2113406229349, 858.8791781115459, 1010.1758838939917, 868.4756049696076], [1024.1640953956376, 57.10699888864198, 1031.2502975787875, 66.79929680536338], [523.2435014172268, 822.1640928136607, 532.9723335680312, 827.5260677567456]]","[32.0, 29.0, 28.0, 22.0, 14.0, 8.0, 5.0]",344,1920,1080,10.0,C:/R_projects/mothz/AC_10out.mp4
"[[615.3453850480988, 1034.5880709698763, 625.1989835213766, 1041.1273132993801], [1107.8902387814887, 822.3984414305929, 1117.6532265945098, 828.1308556656285], [982.2771395783114, 577.4145152938607, 991.1220893832048, 584.6664737267678], [1112.5922278890037, 783.2390364650549, 1119.558924693685, 792.2956135781657], [1004.1867460410962, 859.7157771384238, 1010.2021331681452, 869.2560151552666], [1023.8607226342074, 55.75448864231652, 1030.8495763371761, 65.36493116537807], [568.6012637066468, 823.6512528049227, 575.1693948721046, 831.0217067638209], [521.4754288302032, 822.5918564052298, 531.1005358069771, 827.8619840350738]]","[32.0, 29.0, 28.0, 22.0, 14.0, 8.0, 6.0, 5.0]",345,1920,1080,10.0,C:/R_projects/mothz/AC_10out.mp4
"[[613.0247643183875, 1034.8504007024285, 623.2749814116999, 1041.3078173426843], [1106.8793303773866, 822.3082494450294, 1116.7534840682417, 827.9890442382558], [981.7032550088766, 577.2576835287897, 990.4877936580772, 584.2155331603432], [1113.0711153345633, 783.6965119743043, 1119.970327118223, 792.6990361291423], [1004.2339271468019, 860.7366280554609, 1010.1888910221743, 870.1076917970242], [1023.6985911238743, 54.952873154885054, 1030.6378008462934, 64.22362366195861], [520.11536370815, 822.813975971907, 529.6667918025626, 828.1206949029342]]","[32.0, 29.0, 28.0, 22.0, 14.0, 8.0, 5.0]",346,1920,1080,10.0,C:/R_projects/mothz/AC_10out.mp4
"[[611.4962184707348, 1035.1712567540155, 622.0084351498189, 1041.3674133259626], [1105.3623035359715, 821.9841875876856, 1115.3896656115744, 827.7797340064261], [980.8541702332989, 576.1358693159962, 989.6360228833703, 583.3057695381701], [1113.5421392655562, 784.7751632640975, 1120.3400070833877, 793.6275838391241], [1004.3739122704609, 861.6528170575853, 1010.2052914110542, 870.9576023547663], [1023.6608481754006, 53.581431239771, 1030.5075639697657, 62.788697179307796], [518.7535912884358, 823.1151859700532, 528.2670306781516, 828.4211623453851]]","[32.0, 29.0, 28.0, 22.0, 14.0, 8.0, 5.0]",347,1920,1080,10.0,C:/R_projects/mothz/AC_10out.mp4
"[[609.5027729778604, 1035.2500464837215, 620.2034908517334, 1041.5806597479884], [1104.0680858823912, 821.7904309808957, 1114.02937673301, 827.3712759850105], [980.3712832609812, 575.5509430989558, 989.1574039376939, 582.7091136681094], [1113.8045670553877, 785.390832735473, 1120.699177766836, 794.2586001006154], [1004.4306596044681, 862.4454425347215, 1010.2847974722023, 871.9147997723123], [1023.4956088009253, 52.44467471738034, 1030.3879758772591, 61.794968792861454], [517.3629769759797, 823.2724246666554, 526.8690621506317, 828.5349419359765]]","[32.0, 29.0, 28.0, 22.0, 14.0, 8.0, 5.0]",348,1920,1080,10.0,C:/R_projects/mothz/AC_10out.mp4
"[[607.8282438287362, 1035.6260903260968, 618.6643309510965, 1041.6618657407867], [1102.3680327296688, 821.6888154219024, 1112.4740102055825, 827.2907174661185], [979.4629498856524, 575.1359227901307, 988.4085546201856, 582.1859690537481], [1114.321682419249, 785.843603845582, 1121.0030486220107, 794.7104527352242], [1004.4646711803041, 862.9240117945529, 1010.3736738722316, 872.4692258338558], [1023.2787044158863, 51.31983753011406, 1030.131295000721, 60.89489275120641], [566.0761880354498, 828.345794608251, 573.4729209571458, 835.2938377743722], [516.0625731659114, 823.6078954464623, 525.6033553886024, 828.8700944735098]]","[32.0, 29.0, 28.0, 22.0, 14.0, 8.0, 6.0, 5.0]",349,1920,1080,10.0,C:/R_projects/mothz/AC_10out.mp4
"[[605.4575737760911, 1035.6412857242665, 616.277370809265, 1041.705856262535], [1100.8857246029024, 821.7682971887581, 1111.0986857643438, 827.282736899317], [978.5631095947514, 574.8076126921018, 987.5217778385285, 581.7743673982933], [1114.7111291809356, 786.27395463251, 1121.390463139226, 795.3120073602155], [1004.5672285711622, 862.9721340408175, 1010.4612729404913, 872.6091502285224], [1023.227382142978, 50.10416572134555, 1030.0585949565016, 59.83653863946809], [565.5599876032418, 828.6279360462554, 573.3645133455182, 835.4119207255083], [514.5263061723467, 823.6083578915742, 524.0372683839012, 828.8479028617568]]","[32.0, 29.0, 28.0, 22.0, 14.0, 8.0, 6.0, 5.0]",350,1920,1080,10.0,C:/R_projects/mothz/AC_10out.mp4
"[[603.7192452929916, 1036.455117099326, 614.1516222480544, 1042.1723453088448], [1099.4982219800918, 822.106851638958, 1109.6794028683244, 827.5893633556952], [977.8713180983927, 574.6347534712751, 987.1028982634205, 581.4728154941373], [1114.9011378888872, 786.8684452887187, 1121.7347321427137, 796.067745164871], [1005.0001181398451, 862.9818590736138, 1010.5295414026369, 872.7055744244537], [1023.1139823838063, 48.78319723824195, 1030.0086007055538, 58.55480406472817], [512.9401158379121, 823.8318599641267, 522.5207749058029, 829.0261811090714]]","[32.0, 29.0, 28.0, 22.0, 14.0, 8.0, 5.0]",351,1920,1080,10.0,C:/R_projects/mothz/AC_10out.mp4
"[[601.7198046251449, 1036.582140458848, 612.2088659787573, 1042.4618777678145], [1098.2305546193456, 822.0910276702731, 1108.3377415100235, 827.5987115094418], [977.3522769202361, 574.3018800221654, 986.5143620782721, 581.0642968645201], [1115.0307335258435, 787.3725244116574, 1121.9563979413333, 796.6759322443042], [1005.0105647267781, 863.1358273317857, 1010.6829765436419, 872.9210914482468], [1022.9350112689577, 47.338017335783185, 1029.9807940445382, 56.977650517293334], [511.65196545419445, 823.5804971674477, 521.1194806843359, 828.8172064666787]]","[32.0, 29.0, 28.0, 22.0, 14.0, 8.0, 5.0]",352,1920,1080,10.0,C:/R_projects/mothz/AC_10out.mp4
"[[600.1366651239375, 1036.9861358669762, 610.3393405020188, 1042.7744949014684], [1096.7689981358535, 821.9664805336445, 1106.8591814220085, 827.5371825601719], [976.7125923653329, 573.7345539657529, 985.6469466991153, 580.527029506298], [1115.2666399129744, 788.0813067148347, 1122.3323833700374, 797.4494819959739], [1005.0806020821843, 863.8983621758434, 1010.9209910994151, 873.9497928961091], [1022.4939897405281, 45.60500121994034, 1029.6373703076245, 55.48997573607844], [510.0951414343925, 823.6122188869952, 519.5310486978178, 828.892305943494]]","[32.0, 29.0, 28.0, 22.0, 14.0, 8.0, 5.0]",353,1920,1080,10.0,C:/R_projects/mothz/AC_10out.mp4
"[[598.1690547489068, 1037.5697653871368, 608.2526485614292, 1043.4672061860676], [1095.3372508442048, 821.9413677368841, 1105.2193642981556, 827.6466338445721], [975.4493102503092, 573.4011363490603, 984.2355046324877, 580.2023105560501], [1115.5366632531723, 788.6953801513091, 1122.5989817210707, 798.0241253055835], [1005.1555405034093, 864.8279803714732, 1010.8593641158692, 874.681092569815], [1022.0018907481165, 44.01657207245444, 1029.1275669221025, 53.77816548011239], [508.84312662312595, 823.6672608148232, 518.2468447946208, 829.0315019221313]]","[32.0, 29.0, 28.0, 22.0, 14.0, 8.0, 5.0]",354,1920,1080,10.0,C:/R_projects/mothz/AC_10out.mp4
"[[596.3833682759382, 1038.3334237393697, 606.325261874902, 1044.4175959851532], [1093.6015945048032, 821.9942007624442, 1103.5233869164, 827.7624174121246], [974.4242518093272, 572.7562698788497, 983.2869555144127, 579.6861487302631], [1115.7372402352719, 789.404699774148, 1122.8203458838013, 798.4668676496251], [1005.0310217341241, 865.8616222930334, 1010.7752964317904, 875.5697341963685], [1021.2770016400248, 42.78137037134152, 1028.5660954647954, 52.50962321728655], [507.36486743370403, 823.9026088383112, 516.8650456951476, 829.3257780556082]]","[32.0, 29.0, 28.0, 22.0, 14.0, 8.0, 5.0]",355,1920,1080,10.0,C:/R_projects/mothz/AC_10out.mp4
"[[594.1617096527245, 1039.0792768776303, 604.2021614613986, 1045.45934087009], [1092.346414154978, 822.2697449289965, 1102.121957270483, 827.9387225676694], [973.8094717546214, 572.2606207952175, 982.6797388452146, 579.165227004857], [1116.1207685563609, 789.8002166704727, 1123.249962650119, 798.8901370072934], [1004.7501142946403, 866.7928184718241, 1010.5404552167945, 876.4152498422698], [1020.7271056054204, 40.94936311981222, 1028.120871987469, 50.82056965856134], [505.5994560121272, 824.0939310164712, 515.1335123042234, 829.4913250845551]]","[32.0, 29.0, 28.0, 22.0, 14.0, 8.0, 5.0]",356,1920,1080,10.0,C:/R_projects/mothz/AC_10out.mp4
"[[592.4063529799474, 1039.7808802802474, 602.4086350718065, 1046.2318422330095], [1090.8308413801733, 822.5345434894879, 1100.7375923550226, 828.1532600861618], [973.3907138344224, 571.8975335424484, 982.1703336464913, 578.9011986974488], [1116.55971319738, 790.285082778415, 1123.6479891566173, 799.4041079685596], [1004.8053677862804, 867.8654189005847, 1010.5727844212643, 877.5144726663427], [1020.3292001769601, 39.52576641907827, 1027.5338721933883, 49.298794895923784], [504.1430725972126, 824.5766222989499, 513.7414014532197, 830.0789345231193]]","[32.0, 29.0, 28.0, 22.0, 14.0, 8.0, 5.0]",357,1920,1080,10.0,C:/R_projects/mothz/AC_10out.mp4
"[[590.5140440328081, 1041.1810907521904, 600.5360012808538, 1047.586250031689], [1089.8818645457939, 822.6831061851924, 1099.8997727239687, 828.3601640888542], [972.7367648512318, 571.5214490948388, 981.4016897996087, 578.5011346722911], [1116.8727193038517, 791.0079713353052, 1123.7636670586844, 800.2028358797593], [1004.5434312309559, 869.0254944878313, 1010.3956286132226, 878.8705367603716], [1019.7690019210746, 37.71267940455744, 1026.8842623114065, 47.3732618390813], [502.51258328543173, 824.8995787127368, 512.1644792613878, 830.5009419440436]]","[32.0, 29.0, 28.0, 22.0, 14.0, 8.0, 5.0]",358,1920,1080,10.0,C:/R_projects/mothz/AC_10out.mp4
"[[589.0220976336033, 1041.9119127549693, 598.9329627817493, 1048.3309066338888], [1088.9321895788532, 823.1889184504089, 1099.089164749713, 829.0546646503624], [972.0402961465192, 571.2940905445848, 980.8973472477086, 578.3345653259487], [1117.4287976841624, 792.0550506577217, 1124.2600492394472, 801.1034074739914], [1004.3437858554255, 869.910110450975, 1010.2616830465195, 879.9383412548264], [1019.4046955400902, 35.9421604776462, 1026.8973660997813, 45.85802764449488], [501.0138293087979, 825.0469901119009, 510.7014293971679, 830.5465304053739]]","[32.0, 29.0, 28.0, 22.0, 14.0, 8.0, 5.0]",359,1920,1080,10.0,C:/R_projects/mothz/AC_10out.mp4
"[[586.9057768692711, 1042.9063727483933, 596.8417896971868, 1049.2947294759208], [1088.2381011281389, 823.5790948809059, 1098.4309522858864, 829.5476472384056], [971.4589724873729, 571.207132990057, 980.5475443744356, 578.1010018227965], [1117.5951598336667, 792.6125221287402, 1124.492895306749, 801.5999909165864], [1004.2380357037421, 871.1381815721487, 1010.2989801546794, 881.1010532209722], [1019.3088535989239, 34.42349747621032, 1026.8165943186268, 44.55978344033087], [499.8331880671038, 824.9070224764366, 509.3365156504304, 830.4013177743975]]","[32.0, 29.0, 28.0, 22.0, 14.0, 8.0, 5.0]",360,1920,1080,10.0,C:/R_projects/mothz/AC_10out.mp4
"[[549.3946903097053, 829.1965455266156, 558.6559064625976, 835.1424805536315], [585.3885550654823, 1043.5861227303465, 595.3818462063907, 1050.0879655523293], [1087.802338996329, 823.902622425801, 1097.8540967643482, 830.0200404040444], [970.6859120110024, 571.1088472894315, 980.0662694735162, 577.8767713680221], [1118.0607137015709, 793.3734709937116, 1124.8158067358181, 802.4071339934558], [1004.0398113440158, 872.2301119378257, 1010.0776791156843, 882.056452309961], [498.1725109030277, 825.0285375235826, 507.856225174148, 830.471739435781]]","[44.0, 32.0, 29.0, 28.0, 22.0, 14.0, 5.0]",361,1920,1080,10.0,C:/R_projects/mothz/AC_10out.mp4
"[[547.7130058266581, 829.6100552785881, 557.1401121339414, 835.6771847854036], [583.8389517365459, 1043.9101059268155, 593.7095372988844, 1050.4513758698467], [1087.2510038842938, 824.3291490190815, 1097.1621570200855, 830.5619643046115], [970.2177441120238, 570.9397235725647, 979.825939812588, 577.7555421564754], [1118.5143715917714, 794.1038694698057, 1125.3554067996422, 803.1757883634104], [1003.8746876237758, 873.014279492987, 1010.0140288491687, 883.0032937471647], [496.87231301084773, 824.8533927779553, 506.6022561397441, 830.3536033838033]]","[44.0, 32.0, 29.0, 28.0, 22.0, 14.0, 5.0]",362,1920,1080,10.0,C:/R_projects/mothz/AC_10out.mp4
"[[546.2629096505453, 830.019833013359, 555.7955929831604, 836.2110718921824], [582.2045741281884, 1044.3537071801459, 592.1076588228507, 1051.0942138788562], [1086.395578437322, 824.9919283604175, 1096.134529998661, 831.5116250975428], [969.9053676667952, 570.7369810299949, 979.4918261792945, 577.7220808112181], [1118.8116829932562, 794.568459170647, 1125.7263910683566, 803.700399694862], [1003.6895900652772, 873.952061744946, 1009.8987664290386, 884.0932453776251], [495.04101857057543, 824.7717044188366, 504.94295631499284, 830.2111838247233]]","[44.0, 32.0, 29.0, 28.0, 22.0, 14.0, 5.0]",363,1920,1080,10.0,C:/R_projects/mothz/AC_10out.mp4
"[[544.5072248703968, 830.685473652509, 554.156975844694, 836.8826909521886], [580.670474082181, 1045.2624448163442, 590.4340712667777, 1051.9092970554848], [1085.3628963751485, 826.0589157364585, 1094.998968629568, 832.9722337613663], [969.4182006106681, 570.5456556442423, 979.0951817367383, 577.2043710177907], [1119.176694052043, 795.3906783660248, 1126.1085850601173, 804.4355374121881], [1003.4317422695846, 874.8157320511211, 1009.6433509778457, 884.9493856805773], [493.39857448445366, 824.8149118257691, 503.47774120911674, 830.1441254349606]]","[44.0, 32.0, 29.0, 28.0, 22.0, 14.0, 5.0]",364,1920,1080,10.0,C:/R_projects/mothz/AC_10out.mp4
"[[543.0314283942126, 831.5746578285753, 552.4675394625771, 838.1733386615981], [578.9373397735501, 1045.7555662050918, 588.8575884141082, 1052.538781619442], [1084.6661533662455, 827.0602757277773, 1093.9334949633958, 834.242905674658], [968.7433635514417, 569.9627206506426, 978.2785015529466, 576.3504709496821], [1119.7207176325492, 796.1232889360788, 1126.5020769826228, 805.2599616270577], [1003.440460704448, 876.0861798146366, 1009.4350220977212, 885.9624256734949], [492.07926933276383, 824.9227938610906, 502.0448067381077, 830.3322283481738]]","[44.0, 32.0, 29.0, 28.0, 22.0, 14.0, 5.0]",365,1920,1080,10.0,C:/R_projects/mothz/AC_10out.mp4
"[[541.4835261735003, 832.513697317219, 550.8707575248262, 838.9642618450106], [577.1525409545875, 1046.6606793166432, 587.1069784564645, 1053.0465932918803], [1084.000348304815, 828.201950022149, 1092.9739877053325, 835.7060368666514], [967.9555736710381, 569.7294381047548, 977.4856648639022, 575.9606126152889], [1120.0615465746323, 796.5873274030042, 1127.072501603543, 805.5818311218676], [1003.4208027802588, 877.1500747486613, 1009.4106839917674, 887.0198344230986], [490.6799407976704, 824.9554933961894, 500.6056945995239, 830.5727886981539]]","[44.0, 32.0, 29.0, 28.0, 22.0, 14.0, 5.0]",366,1920,1080,10.0,C:/R_projects/mothz/AC_10out.mp4
"[[540.1054245427864, 833.3220070732305, 549.4223003030864, 839.6694942834197], [575.4820726703109, 1047.1050424623213, 585.45043604317, 1053.2432219047932], [1082.890458102445, 829.4896166051957, 1091.901765914479, 837.1575882787296], [966.8649087370819, 568.9919485126815, 976.3432733448332, 575.2791509288094], [1120.4450277241726, 796.9100389090249, 1127.508934713237, 805.9713504040999], [1003.6017444495466, 877.9080380356486, 1009.7564156898028, 887.8850923681234], [489.29629373341663, 825.0434551251853, 499.43312790818777, 830.7847323922188]]","[44.0, 32.0, 29.0, 28.0, 22.0, 14.0, 5.0]",367,1920,1080,10.0,C:/R_projects/mothz/AC_10out.mp4
"[[538.7515641619461, 834.4725238023157, 547.91622000998, 840.770824168121], [574.1699995237574, 1047.4456811272023, 584.166062879891, 1053.4103666485946], [1081.88647890139, 830.7046594330731, 1090.8315766787932, 838.5162897088381], [966.1702908424945, 568.5572009923006, 975.6041910430063, 574.9935033001112], [1120.9785513746901, 797.5920126108834, 1128.0741445882882, 806.6842590613979], [1003.7222507063416, 878.8816929158379, 1009.844736120358, 888.7416345565332], [488.05699430310415, 825.2213152311309, 498.2468398530435, 831.0625832174293]]","[44.0, 32.0, 29.0, 28.0, 22.0, 14.0, 5.0]",368,1920,1080,10.0,C:/R_projects/mothz/AC_10out.mp4
"[[536.9537235044178, 835.5458064138036, 546.0646790329091, 841.7850803981655], [573.0895467648777, 1047.5266004828466, 583.1185376782789, 1053.3832256167268], [1080.8346895898235, 832.2275614585182, 1089.6913516261857, 839.9153048822826], [965.4427484540738, 567.9538372119042, 974.8852678958413, 574.525377489275], [1121.4234208052533, 798.2599185721676, 1128.5354170497073, 807.3147998633654], [1003.5656730471552, 879.9276524536675, 1009.6457125814894, 889.6690400134461], [486.741322550704, 824.9275937108314, 497.0901098312131, 830.7595752625139]]","[44.0, 32.0, 29.0, 28.0, 22.0, 14.0, 5.0]",369,1920,1080,10.0,C:/R_projects/mothz/AC_10out.mp4
"[[535.4016958788897, 836.2379692406877, 544.5713105780134, 842.4469634148871], [572.0039103015604, 1047.6337937247222, 581.9699694875146, 1053.4122436071193], [1079.7314365311454, 833.3474109800487, 1088.3407912382127, 841.1057703775365], [964.4706624870532, 567.2751870100042, 973.8939644490404, 574.0070546738002], [1122.018442171738, 798.6932834443637, 1128.933558928088, 807.7843560785773], [1003.331780399203, 881.0069811182275, 1009.3584503383012, 890.713336209375], [485.45054246479174, 824.7175453582258, 495.97077364133656, 830.7377863915797]]","[44.0, 32.0, 29.0, 28.0, 22.0, 14.0, 5.0]",370,1920,1080,10.0,C:/R_projects/mothz/AC_10out.mp4
"[[533.4947545905873, 837.0820671827324, 542.8482544844917, 843.1545966072791], [570.5916878349514, 1047.323974037055, 580.498219938711, 1053.0257209876609], [1078.4809557152241, 834.8336564597781, 1086.9871588074618, 842.491258766467], [963.5934506120759, 566.7503708841946, 973.0573298356846, 573.8935154958747], [1122.2770733984821, 799.5733149312158, 1129.005782788921, 808.5233744332617], [1003.2119679490668, 881.9028486656968, 1009.2245535638531, 891.7207064330247], [484.48450382193124, 824.6482833234724, 494.89208299132014, 830.6771647470929]]","[44.0, 32.0, 29.0, 28.0, 22.0, 14.0, 5.0]",371,1920,1080,10.0,C:/R_projects/mothz/AC_10out.mp4
"[[531.8468191696646, 837.75209698455, 541.0560926519182, 843.4153207486079], [569.3242646448042, 1047.648314623809, 579.3739255230695, 1053.2449611797404], [1077.3394092238086, 835.9958291392737, 1085.8331801134045, 843.7623879116021], [962.6153140854145, 566.5466354290297, 972.1173476752466, 573.6904717244713], [1122.3063860638622, 800.5443439452479, 1128.9659046014826, 809.3283388178584], [1002.9855647057791, 882.6455510925265, 1009.005865136264, 892.6464112758134], [483.363189147596, 824.8691173185935, 494.0252838341229, 830.8296019297961]]","[44.0, 32.0, 29.0, 28.0, 22.0, 14.0, 5.0]",372,1920,1080,10.0,C:/R_projects/mothz/AC_10out.mp4
"[[530.096743904798, 838.4392768245896, 539.0875499702173, 844.0500367225868], [567.7409727643953, 1047.8222705857904, 577.7961109610851, 1053.5343186887974], [1076.248190759814, 837.6502137085033, 1084.6563405565598, 845.2881748494397], [961.9974597012624, 566.3603465047577, 971.5565104354216, 573.4311594396465], [1122.4833543213635, 801.1584639149324, 1129.0975164610572, 810.074046236086], [1003.0013707236471, 883.9324984149061, 1008.9682931905177, 893.7564477541644], [481.8007399221912, 824.9375816203316, 492.6912304782156, 830.9476316035908]]","[44.0, 32.0, 29.0, 28.0, 22.0, 14.0, 5.0]",373,1920,1080,10.0,C:/R_projects/mothz/AC_10out.mp4
"[[528.2934434897192, 838.9713364204085, 537.256184781665, 844.5949234868494], [566.1573602214222, 1048.2386899445391, 576.2659019383415, 1053.9236805384007], [1074.6743159315918, 838.8109716852668, 1083.3866373469143, 846.3395648551084], [961.2458780732202, 565.8114660449427, 970.6878657954965, 572.8609762721088], [1122.9049171594986, 801.7402394711914, 1129.5357074471497, 810.8483913078194], [1003.1692239656556, 884.9294765194967, 1009.0400397491749, 894.8416086529879], [480.5810851616083, 824.7924165244783, 491.3433240698784, 830.8395253091694]]","[44.0, 32.0, 29.0, 28.0, 22.0, 14.0, 5.0]",374,1920,1080,10.0,C:/R_projects/mothz/AC_10out.mp4
"[[526.6734137831642, 839.8937024606827, 535.389190364184, 845.8119801848569], [564.1595688158457, 1048.7033745586562, 574.1762430939812, 1054.4095174029806], [1073.2867645106544, 839.4927707920671, 1081.9845127638832, 847.0675429525446], [960.2689239549921, 565.0643529932285, 969.6162116956219, 572.2735653184096], [1123.2643011042126, 802.6426513233891, 1129.8931107256542, 811.7121768660943], [1003.0066364276164, 885.7390321272472, 1008.8365074464358, 895.6630808195965], [479.1102016629608, 824.7444622233305, 489.82887359902907, 830.7869709309929]]","[44.0, 32.0, 29.0, 28.0, 22.0, 14.0, 5.0]",375,1920,1080,10.0,C:/R_projects/mothz/AC_10out.mp4
"[[525.0703701690048, 840.5280662437845, 533.636816874559, 846.6949930881883], [562.2675417413357, 1049.3671793396672, 572.2558218634329, 1054.9470869129048], [1071.969803027597, 839.982511462791, 1080.8617824803762, 847.7685210897363], [959.5959379295655, 564.5982139590202, 968.9789161257713, 571.84144546136], [1123.4852604512273, 803.3440073101473, 1130.1037384619033, 812.2244405155226], [1002.9395949967878, 886.7668745798692, 1008.6724199936197, 896.5923209312782], [477.89896775157223, 824.738923192286, 488.4761880327348, 830.7771408339119]]","[44.0, 32.0, 29.0, 28.0, 22.0, 14.0, 5.0]",376,1920,1080,10.0,C:/R_projects/mothz/AC_10out.mp4
"[[523.847034571156, 841.4929654016303, 532.429614215017, 847.7564222258789], [560.0909634455172, 1049.7150172073652, 570.0326594934315, 1055.2966016891105], [1070.6784939354945, 840.7374579950396, 1079.7012874797626, 848.2300653037508], [958.9802993647899, 563.9330071787929, 968.1877221173578, 571.3843769174989], [1123.7655824190917, 804.2861437251887, 1130.5519681232388, 812.9674468228396], [1002.858292745833, 887.8773320231285, 1008.6510077502902, 897.6959939727428], [476.66963294083155, 824.7462824343969, 487.2690386605566, 830.8312105507663]]","[44.0, 32.0, 29.0, 28.0, 22.0, 14.0, 5.0]",377,1920,1080,10.0,C:/R_projects/mothz/AC_10out.mp4
"[[522.0885571365134, 842.2753617568816, 530.7517965850197, 848.6615009717262], [558.1966611731046, 1049.797956615362, 568.355300228233, 1055.4022659788136], [1069.4074793328487, 841.5631715105014, 1078.6082722455458, 848.8160879226355], [957.9813757232962, 563.2701275061416, 967.3285074695832, 570.892171944951], [1124.0514358344387, 804.888151576116, 1131.1642927359387, 813.4762366157428], [1002.6760087457423, 888.7850942745501, 1008.3222520779797, 898.5903291671575], [475.37740717806145, 824.7448593679375, 485.9996176019534, 830.8865865227434]]","[44.0, 32.0, 29.0, 28.0, 22.0, 14.0, 5.0]",378,1920,1080,10.0,C:/R_projects/mothz/AC_10out.mp4
"[[520.1969259719657, 842.7373403505503, 529.2692539213893, 849.17122948612], [555.9572046754037, 1049.9983198418788, 566.292128263298, 1055.6351427650345], [1068.0553527899067, 842.1975730788549, 1077.2502097634294, 849.5196707492357], [957.3797887431226, 562.7244519889889, 966.6703638049421, 570.3356638643224], [1124.4205588355414, 805.558732079719, 1131.6620523773224, 814.1019144604329], [1002.6369774582624, 889.5835855501598, 1008.4620411285457, 899.3383159100629], [474.17083698684974, 825.0699019530051, 484.82787230729275, 831.0799726661345]]","[44.0, 32.0, 29.0, 28.0, 22.0, 14.0, 5.0]",379,1920,1080,10.0,C:/R_projects/mothz/AC_10out.mp4
"[[518.5347280848337, 842.8801351669034, 527.639886238115, 849.265087859182], [553.8536833868083, 1049.9896942407393, 564.232160645195, 1055.5483469390686], [1066.3157553441267, 842.9381217483385, 1076.0855238797096, 850.288927111769], [956.3584506550126, 562.3121306752474, 965.7004152374004, 569.9297457170809], [1124.9213443707765, 806.2808994099379, 1132.3970386389458, 814.7265075799506], [1002.6939516418458, 890.507418082225, 1008.5660832881279, 900.4630524259647], [473.0226329371279, 825.1245989381612, 483.49019503281227, 830.9541730633582]]","[44.0, 32.0, 29.0, 28.0, 22.0, 14.0, 5.0]",380,1920,1080,10.0,C:/R_projects/mothz/AC_10out.mp4
"[[516.8614326432896, 843.1227307758246, 526.2420258687732, 849.5237451472273], [551.5576122136674, 1050.185156554888, 561.8552567617637, 1055.6163527609517], [1065.0117156411259, 843.4650083730521, 1074.785927131463, 850.7857539986599], [955.2685363383798, 561.4006510660337, 964.6664680808037, 568.950271826112], [1125.5459574501847, 807.2371387313988, 1133.1987236513019, 815.5279395368332], [1002.7342114329039, 891.5835171521793, 1008.4270947652489, 901.5273945424007], [471.65885424979894, 825.2946739587522, 482.07015264048306, 831.1937312284414]]","[44.0, 32.0, 29.0, 28.0, 22.0, 14.0, 5.0]",381,1920,1080,10.0,C:/R_projects/mothz/AC_10out.mp4
"[[515.7171098191757, 843.2658007578278, 525.3499256263431, 849.2929267443402], [549.7346487716724, 1050.4240715249236, 559.9574538656558, 1055.7483430667614], [1063.862404211241, 843.9087186218167, 1073.5735720725183, 851.0845898754285], [954.2402914771401, 560.7274132448674, 963.6634812660054, 568.1297135665773], [1126.0861452391512, 807.9961981729817, 1133.7902473151323, 816.3352004877048], [1002.7177658471476, 892.5283584363385, 1008.368105658187, 902.5233251525051], [470.3887862252536, 825.5172205710281, 480.79869652310856, 831.3214259955042]]","[44.0, 32.0, 29.0, 28.0, 22.0, 14.0, 5.0]",382,1920,1080,10.0,C:/R_projects/mothz/AC_10out.mp4
"[[514.9148227394253, 843.4347642449342, 524.4407110074974, 849.2071609235803], [547.8679074325869, 1050.606709366517, 558.2594727688368, 1055.9299147790257], [1062.6367943864498, 844.5095089930245, 1072.3366627847904, 851.3957940806248], [953.4779641073197, 560.0820447946984, 962.721996691543, 567.6143928595033], [1126.691321754676, 808.8780316146019, 1134.4896420059215, 817.1219357458549], [1002.8520654583789, 893.5001634490743, 1008.5132268912542, 903.3531589147165], [469.39425010524445, 825.3162658089478, 479.85080070531586, 831.0738662816387]]","[44.0, 32.0, 29.0, 28.0, 22.0, 14.0, 5.0]",383,1920,1080,10.0,C:/R_projects/mothz/AC_10out.mp4
"[[513.9521390910887, 843.4167097340332, 523.7651833961546, 849.1112683992551], [546.230172797592, 1050.5387804653622, 556.2834871385052, 1055.8170198642367], [1061.4779779314374, 844.8571336864752, 1071.3561261473071, 851.5838191921398], [952.9035856568416, 559.4305144936895, 962.0565898169848, 566.8370778706721], [1127.3877188054873, 809.4987613457058, 1135.1522535227343, 817.642137904636], [1002.9242802281566, 894.9083292326864, 1008.5751161919708, 904.6752115016791], [468.4464304382234, 825.0024963654602, 478.6369016749501, 830.8650995178895]]","[44.0, 32.0, 29.0, 28.0, 22.0, 14.0, 5.0]",384,1920,1080,10.0,C:/R_projects/mothz/AC_10out.mp4
"[[513.3733182336832, 843.3405253394964, 523.4511904685023, 849.1590140720181], [543.7625469322417, 1050.7343297131795, 553.8887705205051, 1056.0547597535194], [1059.9755266306888, 845.1456056487641, 1070.0719606453881, 851.7013601834485], [951.6360838138003, 558.7176564967452, 960.871492833146, 566.0228137740861], [1127.9370960022563, 809.7420102308851, 1135.605170372765, 818.1337636224058], [1002.9206473258446, 895.9163715280077, 1008.5760307167902, 905.6546943645575], [467.26944707049205, 824.5493758285932, 477.429747396859, 830.7418214818538]]","[44.0, 32.0, 29.0, 28.0, 22.0, 14.0, 5.0]",385,1920,1080,10.0,C:/R_projects/mothz/AC_10out.mp4
"[[512.6974204682559, 843.1403184260963, 522.7827952616475, 848.8672858156575], [542.2474093800142, 1050.697166182198, 552.3066572146536, 1056.0086034035917], [1058.3997098692862, 845.3463429795339, 1068.5483010513126, 851.7645080709325], [950.66168256966, 557.9347761616108, 959.8717355194982, 565.0363752475142], [1128.4920613308216, 810.0914613028596, 1136.2944833500617, 818.8005913841833], [1003.0391037653519, 896.9933541289527, 1008.5699339280809, 906.7142168559546], [466.0556800509192, 823.9544192663249, 476.1378570650567, 830.2203251717784]]","[44.0, 32.0, 29.0, 28.0, 22.0, 14.0, 5.0]",386,1920,1080,10.0,C:/R_projects/mothz/AC_10out.mp4
"[[511.7774059718402, 843.3861063846832, 521.6145491094567, 849.0871319784696], [539.8095786221456, 1050.8993308671347, 550.1196451411283, 1056.3321523681643], [1057.1722463785268, 845.8589630757751, 1067.284787268124, 852.1267559708272], [949.5913611970207, 556.9954126553334, 958.7321630753811, 564.1886565562104], [1129.039748824421, 810.8365982040341, 1137.0107387386836, 819.3855786434117], [1003.2014258059331, 898.1259016710301, 1008.7033348068647, 907.9547284329458], [464.98654045296877, 823.6141498306391, 474.97157569230643, 829.7732144976216]]","[44.0, 32.0, 29.0, 28.0, 22.0, 14.0, 5.0]",387,1920,1080,10.0,C:/R_projects/mothz/AC_10out.mp4
"[[510.1976721602269, 843.5995058456671, 520.0528276400324, 849.4492526909895], [537.8314972277557, 1051.391124729614, 548.1889784281308, 1056.8235657024827], [1056.0442859217337, 846.2830317161377, 1065.9215314410853, 852.368926382658], [948.4260870680747, 556.1982039349991, 957.4739744569337, 563.3154424117472], [1129.4202085382249, 811.2543862064301, 1137.4280178090744, 820.0848774350693], [1003.1615891102982, 899.4045208162582, 1008.5664720442993, 909.1090377777833], [463.6089304790554, 823.4569507327934, 473.58527531207255, 829.5208018559723]]","[44.0, 32.0, 29.0, 28.0, 22.0, 14.0, 5.0]",388,1920,1080,10.0,C:/R_projects/mothz/AC_10out.mp4
"[[508.8165594306245, 843.9802461360011, 518.8256151741148, 849.5689459431003], [535.7354113290479, 1051.8459967122046, 546.0708737502965, 1057.2387002464404], [1054.6019971487508, 846.4895929548411, 1064.4188183707843, 852.5996316668713], [947.5846352518892, 555.5513418978477, 956.4286670249979, 562.8268604548485], [1130.053707050022, 811.9672007596541, 1138.247571655644, 820.7893628498086], [1003.0917972162081, 900.4932868761869, 1008.545576346313, 910.2460022369355], [462.42077768707634, 822.634395761646, 472.371844423668, 828.7830126089403]]","[44.0, 32.0, 29.0, 28.0, 22.0, 14.0, 5.0]",389,1920,1080,10.0,C:/R_projects/mothz/AC_10out.mp4
"[[507.4152618274513, 843.6564676378902, 517.4333100571401, 849.5320236601068], [533.4620331713139, 1052.4738940675006, 543.8428278285909, 1057.7436967906856], [1053.0572789916616, 846.8141047665224, 1062.7507319142558, 852.784413612224], [946.9506323391072, 555.1334830837606, 955.7801356398588, 562.1821780505483], [1130.3121633328115, 812.1589079923438, 1138.746790217409, 820.9380576148569], [1002.7052620340944, 901.6020684796641, 1008.176171462809, 911.5301015976146], [461.548884385615, 822.1225077812966, 471.3406484664347, 828.2666822384832]]","[44.0, 32.0, 29.0, 28.0, 22.0, 14.0, 5.0]",390,1920,1080,10.0,C:/R_projects/mothz/AC_10out.mp4
"[[505.2374719277197, 843.690363202546, 515.4052285465575, 849.4418214508441], [531.6227627876065, 1052.4943459521921, 542.0731941109905, 1057.9131713799636], [1051.3563247087377, 847.0951395054847, 1061.2159304354864, 852.8669450235611], [946.5504700929393, 554.6170101787789, 955.2534841522413, 561.6787588107036], [1130.6306416995658, 812.5133671086458, 1138.961866316552, 821.3494879628977], [1002.6061790257027, 902.4476768707381, 1008.107772362979, 912.4284192510898], [459.90537893874716, 821.7355309629465, 469.846217594093, 827.9029836505047]]","[44.0, 32.0, 29.0, 28.0, 22.0, 14.0, 5.0]",391,1920,1080,10.0,C:/R_projects/mothz/AC_10out.mp4
"[[503.5559773790339, 843.2316749671643, 513.6520126363471, 849.1897292687188], [529.7339403390798, 1052.7921351594932, 540.1830239703057, 1058.2153478388946], [1049.7171436017675, 847.3418642821174, 1059.4322203000247, 853.140446098584], [945.7219674839844, 554.1155397782421, 954.2888267096937, 561.2544197260696], [1130.944684846826, 813.0717008135799, 1139.261424412798, 821.8220794714324], [1002.3605104358493, 903.5118330676987, 1007.9410619362224, 913.307853595413], [458.49113716663624, 821.7274187889047, 468.4616893784622, 827.7103231917479]]","[44.0, 32.0, 29.0, 28.0, 22.0, 14.0, 5.0]",392,1920,1080,10.0,C:/R_projects/mothz/AC_10out.mp4
"[[501.5326659943629, 843.6522513597814, 511.65137467274894, 849.8339683808916], [527.6377849095397, 1052.955002107602, 538.0812542133144, 1058.5922237757704], [1047.7621361027334, 847.0179746067166, 1057.621078627348, 853.1909010050889], [944.8512428371636, 553.3788794791155, 953.5673618543698, 560.5445789564567], [1131.2235754103788, 813.5871222723218, 1139.447483932048, 822.2166513590788], [1002.2910657542577, 904.2189343355477, 1007.7932547571581, 913.9584669845871], [456.84450425683895, 821.8992897037034, 467.0862221553424, 827.6567566930468]]","[44.0, 32.0, 29.0, 28.0, 22.0, 14.0, 5.0]",393,1920,1080,10.0,C:/R_projects/mothz/AC_10out.mp4
"[[500.18903155116277, 844.1767500893245, 510.1906518921038, 850.2654825920476], [525.3954810008174, 1053.4545362633112, 535.7870677643282, 1059.105631337453], [1046.518922622301, 847.3193490087187, 1056.304230159703, 853.4759290819472], [943.9032739847302, 552.6654296833333, 952.610535943015, 559.8296606774627], [1131.1749031291426, 814.1918481759029, 1139.2417563474148, 822.8283630039372], [1002.382801074548, 905.0308963332333, 1008.0521535595732, 914.810344687554], [455.4421907700297, 821.6723307876345, 465.7342267334633, 827.3874071272904]]","[44.0, 32.0, 29.0, 28.0, 22.0, 14.0, 5.0]",394,1920,1080,10.0,C:/R_projects/mothz/AC_10out.mp4
"[[498.7043113423612, 844.3502456471876, 508.8276145299605, 850.5800035552111], [523.69202704196, 1053.8648115867022, 533.9805234480157, 1059.5917401602364], [1045.3788930489122, 847.316501576575, 1055.20141457122, 853.216010140421], [943.2609047075308, 552.2069990846672, 952.0374007892445, 559.3557423940468], [1131.4653792763127, 815.0606615240613, 1139.2224571634922, 823.6474557612503], [1002.117800047176, 906.1085199832233, 1007.7568660664214, 915.9619896090534], [454.21448306206287, 821.890621275287, 464.26134414195303, 827.5313508503209]]","[44.0, 32.0, 29.0, 28.0, 22.0, 14.0, 5.0]",395,1920,1080,10.0,C:/R_projects/mothz/AC_10out.mp4
"[[497.1645382232405, 844.7109647900576, 507.02893541808334, 851.0881591015453], [521.4116823664657, 1054.6860432935875, 531.65599063306, 1060.527002749289], [1044.070919997147, 847.1042306023156, 1053.828753710523, 853.3574661506956], [942.6643272692077, 551.9138521438935, 951.5317775328208, 559.0365474679921], [1131.9103556782088, 815.591321659243, 1139.4584168805527, 824.1987148510202], [1002.1000201044632, 906.9218887377784, 1007.7181127388752, 916.7352622792667], [452.6909234947976, 821.770960453045, 462.87827162653554, 827.4123708295921]]","[44.0, 32.0, 29.0, 28.0, 22.0, 14.0, 5.0]",396,1920,1080,10.0,C:/R_projects/mothz/AC_10out.mp4
"[[495.8958241601105, 845.5666324542747, 505.6076074698021, 851.7878415991852], [519.3926596051359, 1055.3014645497954, 529.7257508203942, 1061.3014872912074], [1042.5160798672669, 847.3773631057454, 1052.3408942113542, 853.3979231834519], [942.063274184386, 551.564124183464, 950.8760353343264, 558.5834713649242], [1132.008849280759, 816.2554704101944, 1139.3877836066285, 824.7690468730236], [1002.3077676380436, 908.061227069022, 1007.9312044166487, 917.7950287556934], [451.1777111289477, 822.0609607116988, 461.3423869988839, 827.7063437789499]]","[44.0, 32.0, 29.0, 28.0, 22.0, 14.0, 5.0]",397,1920,1080,10.0,C:/R_projects/mothz/AC_10out.mp4
"[[494.1664258674909, 846.2756030535936, 503.93499717892036, 852.6570963118997], [517.3184694513053, 1055.9529147433316, 527.5812117267843, 1061.9440491361909], [1041.2562229115767, 847.3077792208908, 1051.001896638286, 853.1332135102693], [940.9287716756869, 551.3805225885692, 949.7603738550004, 558.2883863111599], [1132.2109574572041, 816.6467654093716, 1139.4516216351526, 825.2817265748428], [1002.050425526332, 908.880918120008, 1007.8676464285286, 918.6130156976823], [449.88267628629717, 821.9045324377089, 459.8799134129855, 827.4809389890247]]","[44.0, 32.0, 29.0, 28.0, 22.0, 14.0, 5.0]",398,1920,1080,10.0,C:/R_projects/mothz/AC_10out.mp4
"[[492.70243038269524, 846.9977903432195, 502.49382060829026, 853.6412644641541], [515.6026356526299, 1056.7653784461186, 525.7351210598663, 1062.5214383258267], [1039.559706412247, 847.346167405142, 1049.378475826143, 853.1757848712369], [939.9779118776123, 551.0970461207055, 948.9036262810012, 558.038084616189], [1132.5083146363968, 817.1578033393147, 1139.8451195399339, 826.0657133711278], [1001.9090622620563, 909.8973265939195, 1007.6587625750412, 919.6237221758462], [448.15187677152204, 822.2773123299401, 457.95111609283146, 827.7580597130884]]","[44.0, 32.0, 29.0, 28.0, 22.0, 14.0, 5.0]",399,1920,1080,10.0,C:/R_projects/mothz/AC_10out.mp4
"[[491.05638659595, 847.9529920753538, 501.0568830810172, 854.8970639608507], [513.6291782368577, 1056.8399800475215, 523.701688049338, 1062.5198156082522], [1038.0727764343317, 846.6321734113379, 1047.9519515906497, 852.4554454232078], [939.1850120901172, 550.8172504846082, 948.3052009853295, 557.5334258714331], [1132.755402241915, 817.5826644728112, 1140.3737638875482, 826.6663942063368], [1001.9101741737534, 911.0446114051643, 1007.5860806188889, 920.5842258995652], [446.77105812841864, 821.982806103699, 456.57088457540556, 827.6010470706556]]","[44.0, 32.0, 29.0, 28.0, 22.0, 14.0, 5.0]",400,1920,1080,10.0,C:/R_projects/mothz/AC_10out.mp4
"[[489.5113509659828, 849.0745463282902, 499.4247609866979, 855.8036780200681], [511.4227144753643, 1056.8501848971464, 521.6081154902015, 1062.4778389954422], [1036.322890235161, 846.404393482012, 1046.4487104935713, 852.2018323459151], [938.5856376539513, 550.2522040056323, 947.4931657173325, 556.9873147158122], [1133.0539100034634, 818.2548197585704, 1140.6032191878953, 827.303004789803], [1001.511259084951, 912.0701286901897, 1007.2243004697959, 921.6539975123096], [445.0607012574468, 822.0036663919066, 454.9943216592941, 827.7651457741781]]","[44.0, 32.0, 29.0, 28.0, 22.0, 14.0, 5.0]",401,1920,1080,10.0,C:/R_projects/mothz/AC_10out.mp4
"[[487.88865851298004, 850.1966072956259, 497.4869819780301, 856.8388149970394], [509.3883039624431, 1056.5974863318913, 519.687450730782, 1062.337009197052], [1034.8642872377984, 846.3200495152159, 1044.8468247583348, 852.027915386823], [937.7732244354045, 549.3996607578641, 946.5901261586112, 556.2958432003146], [1133.1980300218586, 818.8723466874662, 1141.0777628177154, 827.9578232273816], [1001.3129352389261, 913.2894470483421, 1006.9771944326809, 922.7243645948621], [443.2292581799431, 821.6170550886428, 453.2880422167796, 827.4144578077706]]","[44.0, 32.0, 29.0, 28.0, 22.0, 14.0, 5.0]",402,1920,1080,10.0,C:/R_projects/mothz/AC_10out.mp4
"[[486.3158934840923, 850.8097595248892, 495.7141822023843, 857.1742366242477], [507.6927885750484, 1056.141535810531, 517.975166455719, 1061.88895886321], [1033.7073195199127, 846.2707873224027, 1043.6379688057878, 851.8139330267885], [936.9160016190781, 548.6368514056209, 945.6639739158591, 555.6131179942696], [1133.8395062998168, 819.4340980193721, 1141.6492321508842, 828.5891389047191], [1001.2001235469054, 914.6372320321329, 1006.9533735051689, 923.8648017927719], [441.60828197042395, 821.2696310523792, 451.9488070092183, 827.2011958886868]]","[44.0, 32.0, 29.0, 28.0, 22.0, 14.0, 5.0]",403,1920,1080,10.0,C:/R_projects/mothz/AC_10out.mp4
"[[484.93740582475834, 851.3061725932289, 494.3208629125546, 857.7135560814768], [505.5786718595488, 1055.7351171126302, 516.0159433548873, 1061.4147351341612], [1031.734376819414, 846.2824696492434, 1041.5670260081395, 851.6424539317076], [936.1744525470097, 547.9139154313436, 944.8806514804028, 555.166385902734], [1134.3870580082312, 820.0848239192399, 1142.158259375315, 829.1914005374231], [1000.8554165964894, 915.9699905646548, 1006.7418719422832, 925.3105599482983], [439.91428720704835, 821.1981026956889, 450.24287694810096, 827.1068584548248]]","[44.0, 32.0, 29.0, 28.0, 22.0, 14.0, 5.0]",404,1920,1080,10.0,C:/R_projects/mothz/AC_10out.mp4
"[[483.3898431847341, 852.1331145111802, 492.7456393123848, 858.4014818781981], [503.8646147936169, 1055.6730851914754, 514.2802050945483, 1061.2980662657965], [1030.1973846948797, 845.9995204834179, 1039.9860600058257, 851.4187596522813], [935.4112169586679, 547.5728828008703, 944.1274283353532, 554.9130231958422], [1135.0277265939997, 820.7481093921053, 1142.9489029026252, 829.9267754414163], [1000.6184489837526, 916.8710154980282, 1006.4232035875773, 926.3822670431695], [438.50940950594963, 821.1601543560145, 448.606065622899, 827.1056643289936]]","[44.0, 32.0, 29.0, 28.0, 22.0, 14.0, 5.0]",405,1920,1080,10.0,C:/R_projects/mothz/AC_10out.mp4
"[[481.7068660023593, 852.9564067498069, 490.9222797939661, 859.1255162024871], [501.56951751438396, 1055.7338804723145, 512.0655167306063, 1061.1753772045395], [1028.158016420106, 846.0980857613872, 1038.2732321838776, 851.4535078180836], [934.6203335686472, 547.1467103858902, 943.232977310273, 554.4368260438841], [1135.663832932283, 821.571035232389, 1143.385378215631, 830.84127159234], [1000.5361639754677, 917.8743907365911, 1006.4144328738074, 927.5799652283267], [436.5564488170927, 820.7894858586227, 446.801952432707, 826.8488732529564]]","[44.0, 32.0, 29.0, 28.0, 22.0, 14.0, 5.0]",406,1920,1080,10.0,C:/R_projects/mothz/AC_10out.mp4
"[[480.0486579675115, 853.7775901001405, 489.237791324008, 859.9919793495076], [499.3043785571803, 1055.7493411370044, 509.8401717519785, 1061.1420903508122], [1026.6936564369469, 846.0519962887514, 1037.0402757599857, 851.4004610505546], [934.072828166846, 546.4964272583982, 942.6060366601209, 553.782756845128], [1136.2602853058445, 822.7101052212673, 1143.7672972491007, 831.752602519157], [1000.2440361858896, 918.8838301757636, 1006.1684313844082, 928.6627538801689], [435.14763702396976, 820.5037546264458, 445.34645657859585, 826.5561268298139]]","[44.0, 32.0, 29.0, 28.0, 22.0, 14.0, 5.0]",407,1920,1080,10.0,C:/R_projects/mothz/AC_10out.mp4
"[[478.8826828408091, 854.856768490133, 487.7224341521135, 861.1425089785668], [497.234368853308, 1055.9765927602673, 507.6550628554259, 1061.4348650751974], [1025.4844207893555, 846.2681624511499, 1035.832715148372, 851.5227820081298], [933.015477838762, 545.9556597444093, 941.7174564682813, 553.2177015959221], [1136.6729170776257, 823.4740600015421, 1144.181238051577, 832.5011182987917], [1000.2493328615964, 919.9585813173207, 1006.1788281894093, 929.6671965672804], [433.44608544680665, 820.4590241709606, 443.5949749807982, 826.4731207363885]]","[44.0, 32.0, 29.0, 28.0, 22.0, 14.0, 5.0]",408,1920,1080,10.0,C:/R_projects/mothz/AC_10out.mp4
"[[477.5847587948579, 855.8700221795358, 486.22113902961604, 862.3697693114285], [495.16996952175003, 1055.9872491369827, 505.74947818872505, 1061.5219884599608], [1024.0776738006894, 845.9661513316612, 1034.4198115825607, 851.4004803899118], [932.1786032815238, 545.5638373149899, 941.0035353778302, 552.8029837250566], [1137.2499567265963, 824.4053555247283, 1144.6418805668827, 833.5593218607344], [1000.2312178239306, 920.9091393354219, 1006.0458955436263, 930.5292380559541], [431.8041671320767, 820.1530972959185, 442.0876528515894, 826.1263631823583]]","[44.0, 32.0, 29.0, 28.0, 22.0, 14.0, 5.0]",409,1920,1080,10.0,C:/R_projects/mothz/AC_10out.mp4
"[[476.201909294946, 857.0909093129264, 484.7327868392053, 864.0204490980268], [493.19613625259274, 1056.4909499510022, 503.6999318301134, 1062.0424100367286], [1022.7939220888564, 845.4136450143985, 1033.0613005381674, 851.0047801380415], [931.707864478766, 544.8064522741515, 940.5945693655905, 552.083877611949], [1137.6941404495374, 825.254322545849, 1145.1056085056134, 834.7120220647865], [1000.0993053760225, 921.8188258503156, 1005.7014647952459, 931.2820822869397], [430.57479511094016, 820.3692918481249, 440.78362672563367, 826.263260262072]]","[44.0, 32.0, 29.0, 28.0, 22.0, 14.0, 5.0]",410,1920,1080,10.0,C:/R_projects/mothz/AC_10out.mp4
"[[474.8444636075759, 858.0763896082499, 483.63978569309404, 865.2069809504601], [491.4249923368795, 1056.5911955801741, 501.6734630592542, 1062.18309503879], [1021.3545633720755, 844.9827312429989, 1031.477757838195, 850.8601894294468], [930.8978241019183, 544.6596388226202, 939.7625231127449, 551.5840407463853], [1138.3164094967804, 826.6112531388823, 1145.643331156073, 835.9063449063295], [999.8962176710944, 922.9691889589549, 1005.5773215280825, 932.414561219616], [428.7024364610241, 820.5166652100561, 439.00116771055804, 826.4167419217451]]","[44.0, 32.0, 29.0, 28.0, 22.0, 14.0, 5.0]",411,1920,1080,10.0,C:/R_projects/mothz/AC_10out.mp4
"[[473.67980796178443, 858.9248590320433, 482.36429865530823, 866.2755474092055], [489.6152351164826, 1056.6265865978362, 499.69110612726183, 1062.3580072968962], [1020.2270867674354, 844.6261110846089, 1030.3906299311077, 850.644681804862], [930.0397285464422, 544.3935059741201, 939.2295741061495, 551.1561454679621], [1138.831581827562, 827.353112046065, 1145.9131371694918, 836.6971684724092], [999.5988175311284, 923.9272852624324, 1005.2556186682091, 933.2990454102878], [427.1566737908521, 820.5169097792801, 437.2643227003671, 826.2976848238123]]","[44.0, 32.0, 29.0, 28.0, 22.0, 14.0, 5.0]",412,1920,1080,10.0,C:/R_projects/mothz/AC_10out.mp4
"[[472.08305009919115, 860.3019908669343, 480.9221008960908, 867.8092079268546], [488.0663996173624, 1056.8505843030964, 498.00070678015965, 1062.5071521886696], [1018.9929374347048, 844.2671061002795, 1029.1669203061829, 850.3698672712353], [928.7238952710552, 544.1368010773999, 938.0979395298036, 550.8233345186823], [1139.1921238125863, 827.9676273960246, 1146.2950116794616, 837.3435811347655], [999.3682387896646, 924.8640625682037, 1005.1798420644635, 934.1040871333264], [425.7234462140031, 820.7011256932641, 435.68126287766046, 826.4120077040399]]","[44.0, 32.0, 29.0, 28.0, 22.0, 14.0, 5.0]",413,1920,1080,10.0,C:/R_projects/mothz/AC_10out.mp4
"[[470.76714785862777, 861.4563185915654, 479.84699504558733, 869.267986015773], [485.94038574739824, 1057.0232010560942, 495.892328287593, 1062.741473673261], [1017.9101589600516, 843.7896618740965, 1027.9879305448246, 850.1072723277216], [927.5447242140832, 543.8413411475958, 937.2258349346399, 550.4210883244152], [1139.6412887940485, 828.9946816531648, 1146.8611281583492, 838.2778137150125], [999.5486964538329, 925.7345053454173, 1005.344890172159, 934.98579806271], [424.4941247551133, 820.8111136958737, 434.3369044897343, 826.5044206619118]]","[44.0, 32.0, 29.0, 28.0, 22.0, 14.0, 5.0]",414,1920,1080,10.0,C:/R_projects/mothz/AC_10out.mp4
"[[469.5868525684772, 862.8561746373886, 478.4029921448431, 870.7039386069692], [484.5903783210544, 1056.8492150086465, 494.1962259608459, 1062.5428733483793], [1016.6073652190281, 843.2635493190065, 1026.699898960644, 849.6538392057106], [926.7604074524813, 543.401781951329, 936.3221231832176, 549.8621216187996], [1140.1241245030774, 829.7786081409936, 1147.1352876793117, 839.0768419305004], [999.7122512126383, 926.6378315737209, 1005.5917148230207, 935.9563267477995], [423.09768817483365, 820.7074199566263, 432.91713905771843, 826.4515138777898]]","[44.0, 32.0, 29.0, 28.0, 22.0, 14.0, 5.0]",415,1920,1080,10.0,C:/R_projects/mothz/AC_10out.mp4
"[[468.40651108031, 864.4704260743715, 477.0962914860248, 872.3425803823279], [482.5479131666355, 1056.9787999849032, 492.32121960272144, 1062.6256041171787], [1015.5765530342888, 842.8973741528288, 1025.6296969896864, 849.2634776059921], [925.5529414200379, 542.9823112454147, 935.3925494451606, 549.6096657073766], [1140.647100612241, 830.7897139429491, 1147.54837179069, 839.8676829483444], [999.5381548411137, 927.6235162448919, 1005.358031531086, 936.8073587294579], [421.59426018836757, 820.7701771812359, 431.40929895176123, 826.5976515015228]]","[44.0, 32.0, 29.0, 28.0, 22.0, 14.0, 5.0]",416,1920,1080,10.0,C:/R_projects/mothz/AC_10out.mp4
"[[467.0314066815933, 865.8213246869177, 475.59188692537526, 873.6096218196872], [480.80178819304575, 1056.978879590466, 490.6264821522821, 1062.5255428530168], [1014.4249210922427, 842.4666827186308, 1024.4852775007653, 848.8212418332802], [924.3635086326693, 542.4623083445978, 934.1266084884388, 549.2630881059162], [1141.2652017729424, 831.4766586565803, 1148.178709679596, 840.5498934365966], [999.5622103270766, 928.7171097326466, 1005.3980862279841, 937.847556379726], [420.476757440105, 820.6579394931682, 430.3427101520728, 826.6168040950965]]","[44.0, 32.0, 29.0, 28.0, 22.0, 14.0, 5.0]",417,1920,1080,10.0,C:/R_projects/mothz/AC_10out.mp4
"[[465.99922823786585, 866.9892653222569, 474.4200270019227, 874.7026587459509], [478.7313906753886, 1056.5444612525544, 488.59685715370966, 1062.1392176169193], [1013.3098501807735, 842.3626027255845, 1023.5306904757447, 848.5514596343627], [923.7271464720568, 541.3891129864112, 933.3114794331304, 548.4277979211802], [1141.6454827380005, 832.0320124458985, 1148.5536330285147, 841.2793227961563], [999.8031808408748, 929.9471952102102, 1005.5563101474295, 939.1692745113634], [419.38153781265277, 820.6748978050713, 429.1714846354509, 826.6799475321294]]","[44.0, 32.0, 29.0, 28.0, 22.0, 14.0, 5.0]",418,1920,1080,10.0,C:/R_projects/mothz/AC_10out.mp4
"[[464.6854221005343, 868.0281907443974, 473.2217162972247, 875.3478912801546], [476.9879148102586, 1056.2341854836864, 486.77274576353994, 1061.7914932236672], [1012.1248075097807, 842.3513587518056, 1022.4020489258145, 848.4111882686926], [923.3263099200425, 540.5251101861244, 932.640153370305, 547.769664434922], [1142.0463496395773, 832.7896693619048, 1149.0701328495293, 842.0619819544092], [999.7742962950966, 930.9418886785504, 1005.462779449642, 940.1058723332528], [417.7913384176814, 820.7153696851306, 427.5751593385458, 826.6494189833984]]","[44.0, 32.0, 29.0, 28.0, 22.0, 14.0, 5.0]",419,1920,1080,10.0,C:/R_projects/mothz/AC_10out.mp4
"[[463.691995877952, 868.9030919849034, 472.3513416134285, 876.0638819508953], [475.00948236668, 1056.2290759465304, 484.9858358891702, 1061.8260598556667], [1011.0970493323138, 842.4351478392214, 1021.5888732729517, 848.4520506345084], [923.0132600228518, 539.6051147180956, 931.8467705376739, 547.0433546126617], [1142.3853200919293, 833.6605922098922, 1149.5535893026881, 843.0200765242896], [999.7990797286604, 932.2516789990971, 1005.487856113522, 941.3769767398201], [416.60516441396913, 820.7551853973423, 426.38187025439055, 826.657498667849]]","[44.0, 32.0, 29.0, 28.0, 22.0, 14.0, 5.0]",420,1920,1080,10.0,C:/R_projects/mothz/AC_10out.mp4
"[[462.59002074041706, 869.0715392189185, 471.513766822754, 875.8540128446958], [473.4427874794853, 1056.5040049943939, 483.7213371901399, 1062.3929805107794], [1009.2292337427148, 842.4737325027165, 1020.0447018485147, 848.6070915935807], [922.5033532986827, 538.7193774901868, 931.0424061251738, 546.3823621201816], [1142.8416622745262, 834.4651080198361, 1149.8273220696829, 843.8517555489967], [999.7227079467983, 933.272041376936, 1005.4215594232286, 942.4374160971926], [415.1962449173855, 820.5065983841241, 424.9286780711065, 826.3518830688531]]","[44.0, 32.0, 29.0, 28.0, 22.0, 14.0, 5.0]",421,1920,1080,10.0,C:/R_projects/mothz/AC_10out.mp4
"[[461.2966268681628, 869.4719553944458, 470.3257973136631, 875.9706216512218], [472.93881031057896, 1056.7663639520104, 483.3323952597145, 1062.615862038853], [1007.8144299737083, 842.6342690938731, 1018.5550670994336, 848.8315521818118], [921.9843053441166, 537.7769096942084, 930.2343549860127, 545.6146168155078], [1143.0648253991799, 835.2833332130194, 1150.1523478741206, 844.5949309927705], [999.7504841690784, 934.3252944330275, 1005.4644151242251, 943.5161543989739], [413.6798391059485, 820.4623900313519, 423.5270573569399, 826.3651178430974]]","[44.0, 32.0, 29.0, 28.0, 22.0, 14.0, 5.0]",422,1920,1080,10.0,C:/R_projects/mothz/AC_10out.mp4
"[[459.72238971977004, 869.7672029735501, 468.896497890967, 875.9246310549139], [471.758454691141, 1056.9848729545956, 482.03755270526375, 1062.9161220200303], [1006.7971979561215, 843.2193870159454, 1017.4265276062173, 849.6332098906464], [921.4104063780267, 536.8763165637813, 929.6443887690077, 544.9203351210058], [1143.4480383718983, 835.856644089975, 1150.5477785050439, 845.2962374922726], [999.7201134476348, 935.615551140004, 1005.4315155489495, 944.8137696368916], [412.245956299911, 820.4150593535581, 422.0985108965791, 826.1718181928383]]","[44.0, 32.0, 29.0, 28.0, 22.0, 14.0, 5.0]",423,1920,1080,10.0,C:/R_projects/mothz/AC_10out.mp4
"[[458.4335302538201, 870.030006077305, 467.55948321039773, 876.0513116280033], [470.55659585048716, 1057.404430611685, 480.8191504835297, 1063.4007684013761], [1005.4626071286908, 843.677897974384, 1015.9885580021468, 850.2555818388216], [921.0232772724501, 536.0603429063309, 929.053933025486, 544.1097734492583], [1144.046983596582, 836.768987208009, 1151.0591690970307, 846.2822170968374], [999.6544556322007, 936.3908700692754, 1005.3109499368521, 945.6141677008035], [410.791341746728, 820.1704520231866, 420.68547568523036, 826.0046595241214]]","[44.0, 32.0, 29.0, 28.0, 22.0, 14.0, 5.0]",424,1920,1080,10.0,C:/R_projects/mothz/AC_10out.mp4
"[[456.92840134887274, 870.4359248854112, 465.98018701729177, 876.4145719481198], [469.36433165782694, 1057.5997410126806, 479.87167199031387, 1063.8606340882402], [1003.9714643822434, 844.0838074437081, 1014.5749974673764, 850.7025270455445], [920.3317895895569, 535.301629370885, 928.2637564334351, 543.5320681993175], [1144.4628110507429, 837.9075074701196, 1151.7270237751181, 847.2431628270625], [999.5524481577019, 937.6289578995318, 1005.0824824405205, 946.8826736523204], [409.5269748804116, 819.6777617284262, 419.3418984638668, 825.6241868267883]]","[44.0, 32.0, 29.0, 28.0, 22.0, 14.0, 5.0]",425,1920,1080,10.0,C:/R_projects/mothz/AC_10out.mp4
"[[455.57407024738023, 870.3547725321442, 464.6695594203473, 876.1382174330616], [467.6221194546087, 1057.8635063463123, 478.38033594129485, 1064.5039118050029], [1002.7514144816581, 844.9369382385646, 1013.0257860229202, 851.3658101091039], [919.6935689044453, 534.3040614298443, 927.5673739049462, 542.6314971661491], [1144.9692243843679, 838.7811667256299, 1152.061084338456, 848.118191379011], [999.4999590378492, 938.5801518054607, 1004.9696245740232, 947.9474168651282], [408.208073327475, 819.3691909038263, 417.7335476065437, 825.1462270330923]]","[44.0, 32.0, 29.0, 28.0, 22.0, 14.0, 5.0]",426,1920,1080,10.0,C:/R_projects/mothz/AC_10out.mp4
"[[454.2548393906655, 870.5798578251608, 463.33954973450653, 876.238196344741], [465.9405695090441, 1057.9241484144509, 476.7653889393436, 1064.3898519030195], [1001.249568035155, 845.5057936699031, 1011.2643225063438, 851.79397789975], [919.029020035892, 533.1427398814528, 927.0070967667946, 541.7596247485985], [1145.2712196983243, 839.5723505609394, 1152.3359459991875, 849.0373634726766], [999.3657014724375, 939.2150097876935, 1004.9403203848441, 948.7447434691591], [406.488555163354, 819.0583821308052, 416.1811208621233, 824.8818460972194]]","[44.0, 32.0, 29.0, 28.0, 22.0, 14.0, 5.0]",427,1920,1080,10.0,C:/R_projects/mothz/AC_10out.mp4
"[[452.1158380970075, 870.710073331984, 461.3573288248743, 876.2238061400071], [463.7234317758735, 1058.1339114413026, 474.56989528984974, 1064.4538372636785], [999.8497388009417, 846.1167624000706, 1009.8053419497895, 852.4768474778758], [918.2487817949618, 532.2257081050552, 926.2847695408434, 540.8440879085197], [1145.3401560145041, 840.6188861544989, 1152.498983367421, 850.07766466377], [999.1565191293788, 939.9681465321743, 1004.7602069038309, 949.6595165217997], [404.9982130655521, 818.9059673718339, 414.5246215995714, 824.7041276892421]]","[44.0, 32.0, 29.0, 28.0, 22.0, 14.0, 5.0]",428,1920,1080,10.0,C:/R_projects/mothz/AC_10out.mp4
"[[450.3403971886748, 871.1036214624565, 459.541651568841, 876.664556326294], [462.1154141746442, 1058.7837830797785, 472.8845816993682, 1064.9191313803003], [998.4790500335629, 846.6656106060894, 1008.4805962837876, 853.0215461757167], [917.214719512889, 531.4031754921375, 925.4588806439932, 539.7113446806031], [1145.5485901125166, 841.0997296354911, 1152.7739007699274, 850.7454308465759], [998.9727795666455, 941.1420884388953, 1004.6709389531856, 950.9063968122024], [403.1818261566858, 818.504967735765, 412.64304357407434, 824.3434550595567]]","[44.0, 32.0, 29.0, 28.0, 22.0, 14.0, 5.0]",429,1920,1080,10.0,C:/R_projects/mothz/AC_10out.mp4
"[[448.59612601556483, 871.4166232546802, 457.889790883515, 877.1435255182635], [459.89650097026146, 1059.2889970116823, 470.5939182658597, 1065.3873692135364], [997.5673991651037, 847.4238275076816, 1007.4422766398128, 853.9743938211257], [916.1727855739048, 530.7664596823763, 924.4843525680942, 538.6926524434298], [1145.8552255410627, 842.0097676686313, 1153.2096759186388, 851.745825002702], [998.6223419878779, 942.2194971657547, 1004.2228622164794, 951.9768118802587], [401.6812968378498, 818.3017673147289, 411.188183673514, 824.0463834605954]]","[44.0, 32.0, 29.0, 28.0, 22.0, 14.0, 5.0]",430,1920,1080,10.0,C:/R_projects/mothz/AC_10out.mp4
"[[447.3516109770673, 871.7499217718552, 456.4340486245456, 877.5348099127476], [458.05989705644447, 1059.4129389154903, 468.5107235318718, 1065.5966420765096], [996.6335130998615, 848.1727525629611, 1006.3191711700982, 854.9433962968209], [915.1869726167545, 530.0684637275655, 923.4815545956426, 537.8554581548759], [1146.244564929556, 842.802026575856, 1153.5759500201866, 852.591663345368], [998.5232528993832, 943.3523048573172, 1004.1092964309345, 953.2410585527041], [399.86981786710265, 818.1001269299063, 409.6929158785519, 823.7241227619975]]","[44.0, 32.0, 29.0, 28.0, 22.0, 14.0, 5.0]",431,1920,1080,10.0,C:/R_projects/mothz/AC_10out.mp4
"[[445.76538401071804, 872.2825217187391, 454.83359055018656, 878.2819938534423], [456.07863662893953, 1059.9070166818317, 466.5957169351004, 1065.7771088108536], [995.4985387021954, 849.2463837353084, 1004.9835623111642, 856.181287877404], [914.2615529915806, 529.287042824043, 922.6302476322426, 536.9833792801126], [1146.4797916974198, 843.3628847685582, 1153.6821316856021, 853.2689732378501], [998.14097071773, 944.8910009373121, 1003.949107560721, 954.7752651786809], [398.0617248295737, 817.9905753152739, 407.8932725745194, 823.5490518763879]]","[44.0, 32.0, 29.0, 28.0, 22.0, 14.0, 5.0]",432,1920,1080,10.0,C:/R_projects/mothz/AC_10out.mp4
"[[444.2858772161314, 872.9589416731699, 453.5118972206555, 879.3842944613682], [454.6938312591838, 1060.0230355068156, 465.2064648305591, 1065.7310197776474], [994.238913795673, 850.27618776205, 1003.521107950644, 857.2884198004334], [913.1734292735273, 528.5790045279646, 921.6652198236418, 536.2227838411357], [1146.6135888076137, 844.1489747496223, 1153.7829587863525, 853.9385801341139], [997.7168287551958, 946.0827712548486, 1003.6186146947266, 955.9433898577898], [396.2721780542084, 817.6449527947589, 406.24811022697844, 823.2679866583405]]","[44.0, 32.0, 29.0, 28.0, 22.0, 14.0, 5.0]",433,1920,1080,10.0,C:/R_projects/mothz/AC_10out.mp4
"[[442.5934537231373, 873.2950136310619, 451.9116807411311, 879.987153244703], [453.09673946131375, 1059.8097407614125, 463.6187167483797, 1065.4168612857368], [993.2050513484907, 851.3629479418422, 1002.477393735914, 858.567098682323], [912.0659185738543, 528.0752034237114, 920.8709386355758, 535.6812323585702], [1146.9176307987216, 844.7305614192269, 1154.0718419851662, 854.3818127722961], [997.4962021829775, 946.6529159933291, 1003.5532473974725, 956.761400314627], [394.56573788484224, 817.485497365343, 404.49542975599473, 822.993547206012]]","[44.0, 32.0, 29.0, 28.0, 22.0, 14.0, 5.0]",434,1920,1080,10.0,C:/R_projects/mothz/AC_10out.mp4
"[[441.2401862415542, 873.9626517320132, 450.37569384261263, 880.9463205640807], [451.2931254221997, 1059.390834827481, 461.6713265945038, 1065.0543600639737], [992.4885090785806, 852.69932247803, 1001.4476912648108, 860.0610162708191], [911.1570886053448, 527.5167271504256, 919.9321406150077, 535.0271604049424], [1147.0749182368456, 845.7723626503566, 1154.1817131592381, 855.4188371285802], [997.1177863460737, 947.7171176603885, 1003.2481039432605, 957.6906030950964], [392.93646630377515, 817.1844619586332, 402.75996137053795, 822.7317378861751]]","[44.0, 32.0, 29.0, 28.0, 22.0, 14.0, 5.0]",435,1920,1080,10.0,C:/R_projects/mothz/AC_10out.mp4
"[[439.9778698384702, 874.7340332727119, 449.06199339780886, 881.9153648414588], [450.02054313447286, 1058.698534747667, 460.08592173049726, 1064.5232672171496], [991.324021711046, 854.155366110203, 1000.0147649602636, 861.4319423144696], [909.8897225405801, 527.0584564821899, 918.6301445516774, 534.5029959069885], [1147.3481079904918, 846.5500947228193, 1154.4584815802496, 856.0750720836425], [996.9732075231589, 948.7051928597949, 1003.2180788211876, 958.5382539296587], [391.087846999011, 816.7575928196464, 400.89370597949807, 822.3090422575646]]","[44.0, 32.0, 29.0, 28.0, 22.0, 14.0, 5.0]",436,1920,1080,10.0,C:/R_projects/mothz/AC_10out.mp4
"[[438.93109090189944, 875.7281155584822, 447.92620951399704, 882.8344309935519], [448.16256723963903, 1057.6743726482587, 458.18061687411074, 1063.9453003421595], [990.4399842181025, 855.1631267310873, 999.085825612468, 862.7081146545446], [909.064698172387, 525.8235625408377, 917.619078685435, 533.48968783502], [1147.5817507996599, 847.3271179624813, 1154.7204098814027, 856.7182734751019], [996.8056367819535, 949.6765850862723, 1003.0171158461388, 959.2684872117691], [389.491633916001, 816.0308546956574, 399.2716879113432, 821.7167668163113]]","[44.0, 32.0, 29.0, 28.0, 22.0, 14.0, 5.0]",437,1920,1080,10.0,C:/R_projects/mothz/AC_10out.mp4
"[[437.77858940599253, 876.1755798130919, 446.7181559801354, 883.2221453659783], [447.0260761836728, 1056.320934296759, 456.8867782324354, 1062.8083203554058], [989.3470686605995, 856.136471941304, 997.9995623435179, 863.7393858706035], [908.4187629505619, 524.8269117680742, 916.9666744197201, 532.7179213672988], [1147.6990102298957, 847.7889763184669, 1154.8111262777559, 857.2869963194541], [996.5960625758073, 950.6195517950823, 1002.8627837491206, 960.0381227518021], [387.8198407643095, 815.4381280171186, 397.7220846010261, 821.1157214156952]]","[44.0, 32.0, 29.0, 28.0, 22.0, 14.0, 5.0]",438,1920,1080,10.0,C:/R_projects/mothz/AC_10out.mp4
"[[436.4333567095928, 876.5696112706147, 445.69947625821976, 883.6269597497534], [445.6509074590155, 1055.1321151876675, 455.13558807245687, 1061.9092549396826], [988.6672464320737, 857.3940054369402, 997.1857528720269, 865.0407148108711], [907.8525659986013, 524.1959489132358, 916.436082365905, 532.0431111298016], [1148.2471270942121, 848.8951484040238, 1155.5221599391946, 858.16288536361], [996.3245442306743, 951.7022036481783, 1002.6164266059166, 960.8678382929136], [386.4129041945584, 814.7914162819411, 396.23362058677236, 820.6711335865327]]","[44.0, 32.0, 29.0, 28.0, 22.0, 14.0, 5.0]",439,1920,1080,10.0,C:/R_projects/mothz/AC_10out.mp4
"[[435.5581859835043, 876.9356710330885, 444.87641562909135, 883.464301184926], [444.11577593415814, 1053.8785662022738, 453.6935394636156, 1060.7704222119146], [987.94593759692, 858.3875341202661, 996.2498513619373, 866.156620952587], [906.969300970968, 523.9194005320807, 915.5724955404438, 531.7378118109281], [1148.5453221103219, 849.6773792303502, 1155.694619903992, 858.6951343680523], [996.1381530770961, 953.1803247407076, 1002.402413596968, 962.2473234505237], [385.09030332971497, 813.9882724897396, 394.9114835575865, 820.1065686919873]]","[44.0, 32.0, 29.0, 28.0, 22.0, 14.0, 5.0]",440,1920,1080,10.0,C:/R_projects/mothz/AC_10out.mp4
"[[435.00790925447194, 876.9655695776436, 444.30703673880083, 883.148147143985], [442.3638417010922, 1052.4061989402699, 451.83537382601133, 1059.4775270193427], [986.9185199096589, 859.073378896211, 995.3964332541798, 866.7711978791907], [906.2087656438364, 523.8028247461745, 914.8064764639307, 531.4903008980924], [1148.7770734953779, 850.3415059008277, 1155.6371977385788, 859.3683691909922], [995.8351813304714, 954.2217860612574, 1002.1746524968912, 963.2886434946523], [383.60848211778733, 813.1459702010075, 393.28213467500296, 819.3473879502499]]","[44.0, 32.0, 29.0, 28.0, 22.0, 14.0, 5.0]",441,1920,1080,10.0,C:/R_projects/mothz/AC_10out.mp4
"[[434.90949730649766, 876.8089656221526, 444.1529843831004, 882.8621726751775], [440.3759894575267, 1051.1691470681458, 449.90129105993304, 1058.346297261573], [986.0940248757001, 859.992220429408, 994.6584623757276, 867.731221996361], [905.5739235719778, 522.9372183510351, 914.1840140070675, 530.7739464835166], [1149.0235723229412, 851.119302918367, 1155.9285449714366, 860.1716373104131], [995.7518624876241, 955.2844522488525, 1002.1110363527966, 964.3277554413413], [382.1939994118359, 812.5561534093803, 391.7989891863832, 818.8675131857689]]","[44.0, 32.0, 29.0, 28.0, 22.0, 14.0, 5.0]",442,1920,1080,10.0,C:/R_projects/mothz/AC_10out.mp4
"[[434.70251137249033, 875.7917121726375, 444.0283767885418, 882.167899326098], [439.1301464002439, 1050.118599771897, 448.59299098114275, 1057.2491524361087], [985.5137338394102, 861.080831226262, 994.2053340168486, 868.6488291513006], [904.9535197891295, 521.9579896212496, 913.5820023859402, 529.9649295629789], [1149.1685665371174, 851.9930590564179, 1156.168387942087, 860.9431063839786], [995.6036363124778, 956.3355192703962, 1002.0430355674602, 965.3864617191944], [381.0601081383797, 811.8825611834255, 390.4963836835921, 818.1400469495546]]","[44.0, 32.0, 29.0, 28.0, 22.0, 14.0, 5.0]",443,1920,1080,10.0,C:/R_projects/mothz/AC_10out.mp4
"[[434.49956367990427, 875.3159567629922, 443.49172899570584, 881.8994643863219], [437.0519542636397, 1049.5979817269802, 446.57308551384915, 1056.4678111225714], [984.2284555033375, 861.6824314711041, 993.0471924355438, 869.1166324600795], [904.1458733650702, 521.3174488803536, 912.7146676088157, 529.1264902212756], [1149.2100790174559, 852.6146620105144, 1156.2072589803201, 861.5739595189705], [995.360857331743, 957.4701411942573, 1001.7940693090817, 966.4606036083363], [379.50278064076304, 811.479812117107, 389.15024781273974, 817.5586248573459]]","[44.0, 32.0, 29.0, 28.0, 22.0, 14.0, 5.0]",444,1920,1080,10.0,C:/R_projects/mothz/AC_10out.mp4
"[[434.05155264401003, 874.9563164893284, 443.0820320973884, 881.7463243933439], [435.12548083558926, 1048.670893346022, 444.8452642695427, 1055.186623381073], [982.795684139847, 862.5416366378937, 991.7935874899053, 869.9220889368308], [902.8997864043787, 520.7378341667777, 911.4706827746464, 528.3980929725737], [1149.5519313617147, 853.3672210280391, 1156.5041412157675, 862.3828950003339], [995.3216182420985, 958.6909110930015, 1001.5670797197471, 967.637034832362], [378.1958427655507, 811.3011289926347, 387.85947329969287, 817.3601961047788]]","[44.0, 32.0, 29.0, 28.0, 22.0, 14.0, 5.0]",445,1920,1080,10.0,C:/R_projects/mothz/AC_10out.mp4
"[[434.1967579462173, 874.7196341275896, 442.9537610019148, 881.704112211735], [432.83523960197897, 1048.1286565263492, 442.83944322059494, 1054.4124384683166], [981.7583877044664, 863.2922985206725, 990.8046021218455, 870.5131594853252], [901.5232994099778, 520.1319157348606, 910.3810730847939, 527.4783612471373], [1149.8682040752365, 854.2511652121362, 1156.896131316455, 863.13445162387], [995.1018327654238, 960.1131547971532, 1001.2323730894273, 969.0749959752433], [376.78302240034577, 810.9503097407932, 386.3910909407401, 816.882783507013]]","[44.0, 32.0, 29.0, 28.0, 22.0, 14.0, 5.0]",446,1920,1080,10.0,C:/R_projects/mothz/AC_10out.mp4
"[[434.2930219800206, 874.5793430305615, 443.0602053359469, 881.8025614151612], [430.9781163872698, 1047.6898735436494, 440.84601638238973, 1053.680994677527], [980.5558324079877, 864.0525874037901, 989.643983726412, 871.2506748204034], [900.7750475889101, 519.4181682117026, 909.8039381005418, 526.7412027118598], [1150.2683021500793, 854.9322720998887, 1157.2317788120145, 863.6993904600872], [994.7177494243583, 961.2796313960524, 1000.8022272689634, 970.4446356143259], [375.0822177378747, 810.582526060094, 384.70097539114255, 816.5400587852567]]","[44.0, 32.0, 29.0, 28.0, 22.0, 14.0, 5.0]",447,1920,1080,10.0,C:/R_projects/mothz/AC_10out.mp4
"[[434.3513633644536, 874.5419478054135, 443.0438558858756, 881.9019781670949], [428.64159666116007, 1047.350602948482, 438.67108089804333, 1053.2487969864792], [978.7456039395353, 865.2198277521761, 988.1022959171347, 872.2622443920488], [899.9186673861119, 518.9759891704111, 909.0570856428532, 526.1206935320697], [1150.7826891360949, 855.496373013164, 1158.0123860950928, 864.2768195076515], [994.3605821393501, 962.4109676821186, 1000.4153728589731, 971.7871841006149], [373.67473321366725, 810.3459509276103, 383.30353367842287, 816.328084113209]]","[44.0, 32.0, 29.0, 28.0, 22.0, 14.0, 5.0]",448,1920,1080,10.0,C:/R_projects/mothz/AC_10out.mp4
"[[434.3107392573372, 874.4847449005858, 443.01583167888236, 882.0076766204656], [426.70151364501646, 1047.1088762105655, 436.7045652542598, 1053.0381976414328], [977.6383406408272, 866.3858002667309, 986.9684221662801, 873.3237678974094], [898.774838284368, 518.5486095626931, 907.9846597936731, 525.4314785986197], [1151.3456369669132, 856.207212770225, 1158.677136069531, 864.9076908197788], [994.1013241825425, 963.3822476737419, 1000.1445773205538, 972.8543773318602], [371.86833308908496, 810.1240589327867, 381.7660607080673, 816.2106956694997]]","[44.0, 32.0, 29.0, 28.0, 22.0, 14.0, 5.0]",449,1920,1080,10.0,C:/R_projects/mothz/AC_10out.mp4
"[[434.40765408247125, 874.3976122686713, 442.86766687792203, 881.9813160572596], [424.24303056325317, 1046.482295688138, 434.56253483492156, 1052.3401898776524], [976.2967449853119, 867.2488427905894, 985.5770363291898, 874.327825650377], [897.8384196851437, 517.9512346763167, 907.040839634845, 524.7895279340332], [1151.9232867696635, 856.611017978834, 1159.389170644258, 865.368294055267], [993.800188120837, 964.8075154682467, 999.8670595331382, 974.099076946502], [370.5233868862978, 809.8931647825556, 380.42921946554674, 816.1199415823736]]","[44.0, 32.0, 29.0, 28.0, 22.0, 14.0, 5.0]",450,1920,1080,10.0,C:/R_projects/mothz/AC_10out.mp4
"[[434.48365726964306, 874.3296231377157, 442.79681144208854, 881.8686808193942], [422.2493060018125, 1046.3897214620506, 432.42461203326644, 1052.229123740592], [974.9599442231911, 868.2432718362235, 984.2167714085601, 875.1916565415278], [896.9345843293437, 517.4874330046939, 906.2390102672056, 524.3168635042946], [1152.403690631299, 857.1619141225015, 1160.0395130233278, 865.9697192404869], [993.7304115620185, 965.8177798313131, 999.7460722236098, 975.285486228019], [369.3851863099425, 809.5336381351308, 379.32904844874014, 815.7425011460462]]","[44.0, 32.0, 29.0, 28.0, 22.0, 14.0, 5.0]",451,1920,1080,10.0,C:/R_projects/mothz/AC_10out.mp4
"[[434.30718522869677, 874.3094530446473, 442.8102732666291, 881.8206585640959], [420.33362697179166, 1045.9664539083067, 430.4956070473838, 1051.6918986745889], [973.8326433729459, 869.2549833059358, 983.1844892075097, 876.246912442174], [896.3920479824711, 516.9761765691985, 905.5023497262649, 523.8826669687869], [1153.0783714930917, 857.8954385964895, 1160.646876281563, 866.6917362995206], [993.6633256469253, 966.5571000852899, 999.588478678705, 976.068652887574], [367.71445955817813, 809.2657872288553, 377.66953032717157, 815.4514442696402]]","[44.0, 32.0, 29.0, 28.0, 22.0, 14.0, 5.0]",452,1920,1080,10.0,C:/R_projects/mothz/AC_10out.mp4
"[[433.75865499257657, 874.2711071738785, 442.4524674357708, 881.7470923318691], [418.75792228006065, 1045.6630665888645, 428.9449667528468, 1051.4537026097767], [972.7464891605034, 870.158741557129, 982.0138115045327, 877.2031028473515], [895.7700959346594, 516.4654450980537, 904.7678112847916, 523.4546972523154], [1153.601910074268, 858.3106014884825, 1161.1004325611486, 867.2779457727338], [993.6524002802171, 967.3963163209725, 999.4592758431672, 977.0617955802348], [366.30000447451, 809.026048912085, 376.20491354573113, 815.348552924123]]","[44.0, 32.0, 29.0, 28.0, 22.0, 14.0, 5.0]",453,1920,1080,10.0,C:/R_projects/mothz/AC_10out.mp4
"[[433.7733942446767, 873.9541541953463, 442.5498729686191, 881.4254620176632], [416.77653440387553, 1044.9937831762438, 426.91863088298294, 1050.8294189287933], [971.9050583903255, 870.8404181556648, 980.9498031360359, 878.1312233590093], [894.8091403993684, 515.5649414139554, 903.5693923757489, 522.7131886137566], [1154.0911164597878, 858.8718621015204, 1161.5755328629302, 867.8291086813134], [993.7130057436235, 968.7301891573494, 999.4420386171624, 978.3771755603694], [365.1364537672917, 808.3016473171252, 375.05947716982354, 814.631963226011]]","[44.0, 32.0, 29.0, 28.0, 22.0, 14.0, 5.0]",454,1920,1080,10.0,C:/R_projects/mothz/AC_10out.mp4
"[[433.2687086229478, 873.7764302155115, 442.15516157315045, 881.1656686462234], [415.4223112573677, 1044.2362827390139, 425.2924855414295, 1050.2434302970332], [970.9872568973942, 871.8717720439911, 979.8862766111581, 879.2402803060843], [893.8646519163655, 514.4754233879557, 902.7135227275954, 521.5553161646649], [1154.5039351075181, 859.6367309298643, 1161.9132189976542, 868.649840220287], [993.6515178552596, 969.7351156772758, 999.4340568721296, 979.4902554376964], [363.6995560653654, 807.4508809958905, 373.6453658683329, 813.8811890211219]]","[44.0, 32.0, 29.0, 28.0, 22.0, 14.0, 5.0]",455,1920,1080,10.0,C:/R_projects/mothz/AC_10out.mp4
"[[432.18710461666984, 872.9461218613794, 441.29727849833677, 880.2487176030993], [413.75092053665463, 1043.2657651613088, 423.6366358488918, 1049.5983457915856], [970.174008047354, 872.9240804478756, 978.9665809164331, 880.61720335126], [893.0716761893364, 513.5346330909429, 901.9651183900198, 520.6593712611655], [1155.097652890519, 860.993092475499, 1162.3837860646418, 869.9826438545792], [993.3150785077505, 970.468370749716, 999.1813413603863, 980.3996801821914], [362.28630649652314, 806.5079140554375, 372.0234816018261, 812.8386257414662]]","[44.0, 32.0, 29.0, 28.0, 22.0, 14.0, 5.0]",456,1920,1080,10.0,C:/R_projects/mothz/AC_10out.mp4
"[[430.95583565757653, 872.1845626435132, 439.97147524812334, 879.3022247843099], [412.12142536855475, 1042.288034265375, 421.7670763244086, 1048.8124805441005], [969.4865794959594, 873.7041199003523, 978.2887443715942, 881.5150594411851], [892.2340398285747, 512.9211724858898, 901.2703395225557, 520.3818124397316], [1155.612526620648, 861.8082473322692, 1163.1573941111149, 870.6678355622247], [993.3213441682058, 971.5183458245983, 999.1505394822489, 981.3903329307475], [360.72209497952963, 805.5663449121191, 370.4447570335093, 812.346150553496]]","[44.0, 32.0, 29.0, 28.0, 22.0, 14.0, 5.0]",457,1920,1080,10.0,C:/R_projects/mothz/AC_10out.mp4
"[[429.5707905743262, 871.2441498622921, 438.4894357575123, 878.4553433498], [410.16832140693174, 1041.2897849530407, 420.06131471144687, 1047.7837762999031], [968.1695910872733, 874.3827226999724, 976.9237302901846, 882.1924074913088], [891.4159184123222, 512.2607235541382, 900.4938629294967, 519.6208658278867], [1156.0214996290576, 862.4377186726759, 1163.5434312399054, 871.5256447710702], [993.1950303458541, 972.7676701052704, 999.038249165299, 982.5401678210031], [359.2216133291271, 805.0091163482443, 369.09857994809613, 811.8370509169172]]","[44.0, 32.0, 29.0, 28.0, 22.0, 14.0, 5.0]",458,1920,1080,10.0,C:/R_projects/mothz/AC_10out.mp4
"[[428.34753768277096, 870.3888791821132, 437.21508139121863, 877.5196206941882], [408.56260166380713, 1040.4765771023453, 418.5552272816006, 1047.2013125263393], [967.1129579113401, 875.1551634013962, 975.8025079056531, 882.7884917113735], [890.5904144395352, 511.89256591530665, 899.6441006491482, 519.2117473928556], [1156.5678592468898, 863.3016335362296, 1164.1689054371818, 872.4484040523165], [993.1876956855655, 973.7683097425451, 998.9966502904773, 983.556845615231], [358.03981937442904, 804.2123009252592, 367.62480142858715, 811.0688547730939]]","[44.0, 32.0, 29.0, 28.0, 22.0, 14.0, 5.0]",459,1920,1080,10.0,C:/R_projects/mothz/AC_10out.mp4
"[[427.01177613039175, 869.4744242875506, 435.73437487379414, 876.4120407687856], [406.9084189090077, 1039.672568691492, 417.10319435049513, 1046.4182174342618], [965.7850406135794, 876.3497628055941, 974.8127117656106, 883.4878500966836], [889.9566384746034, 511.206789418392, 898.8320925523291, 518.706179287442], [1157.3068859680347, 864.3111739865018, 1164.9113937373636, 873.2443249492641], [993.1738407124996, 974.935704343485, 999.0428325066242, 984.6880510435312], [356.63351571299506, 803.2611285113021, 366.1029301735789, 810.2600243255072]]","[44.0, 32.0, 29.0, 28.0, 22.0, 14.0, 5.0]",460,1920,1080,10.0,C:/R_projects/mothz/AC_10out.mp4
"[[425.23909075941424, 868.4036418123654, 434.1781339713742, 875.2419218510403], [404.9080144903719, 1039.4679203735034, 415.1913560183941, 1045.9223039565493], [964.0264638920902, 877.0572865251004, 973.1173687672161, 884.1441555825068], [889.2274688609187, 510.5875420266118, 898.122316610568, 518.0334780527357], [1157.8355303518026, 865.0980246049035, 1165.6712724843771, 874.0464658102492], [992.8702328706148, 976.3043010537714, 998.9252194016336, 985.960579915887], [355.2237060129859, 802.4765521163348, 364.4810754595361, 809.4493957404908]]","[44.0, 32.0, 29.0, 28.0, 22.0, 14.0, 5.0]",461,1920,1080,10.0,C:/R_projects/mothz/AC_10out.mp4
"[[423.57153581283626, 867.5869880994919, 432.3717039648865, 874.4245175863991], [402.73080501744977, 1039.3517256559217, 413.24810480034404, 1045.798575983551], [962.4385590389205, 877.7327099912952, 971.7729229583196, 884.7684832419607], [888.5641115971754, 509.9570342352776, 897.4756924448556, 517.6151485357577], [1158.3243765565421, 865.5130289773474, 1166.2598665919968, 874.5591828444619], [992.8031773633072, 977.3784118696967, 998.6991435205534, 986.9994407175395], [354.24847077681267, 801.6057213054687, 363.2837765255501, 808.6162367268603]]","[44.0, 32.0, 29.0, 28.0, 22.0, 14.0, 5.0]",462,1920,1080,10.0,C:/R_projects/mothz/AC_10out.mp4
"[[421.7952048247324, 866.7639831728619, 430.8135470216952, 873.528768142597], [401.198410687187, 1039.2965978254936, 411.828056106183, 1045.718438710566], [961.2483870054904, 878.1903572273262, 970.6608631089804, 885.1232011503276], [887.9807166553232, 509.2517163333102, 896.8586359538615, 516.8279382102298], [1158.6514736833146, 866.0404750964988, 1166.700350858102, 874.7139429771789], [992.7970252516284, 978.2483676578071, 998.6001382512193, 987.8266704366921], [352.81653404945183, 801.0196347270177, 362.0153407872287, 808.0550598536987]]","[44.0, 32.0, 29.0, 28.0, 22.0, 14.0, 5.0]",463,1920,1080,10.0,C:/R_projects/mothz/AC_10out.mp4
"[[420.3666711949222, 866.0036617767664, 429.3017380675227, 872.7688158053129], [399.63613896817714, 1039.2637549205313, 410.176911333669, 1045.4723712387392], [959.7544691571545, 878.7205928652047, 969.4105605035368, 885.5124774989317], [887.2738283531805, 508.73424853213396, 895.9256405059302, 516.4297242288585], [1159.1635426395628, 866.2679044799054, 1167.195651553328, 874.8841440737467], [992.7566944598817, 979.1194022440538, 998.5970806818501, 988.7648746652167], [351.41578918935255, 800.3035656231144, 360.75490393066167, 807.2144041946227]]","[44.0, 32.0, 29.0, 28.0, 22.0, 14.0, 5.0]",464,1920,1080,10.0,C:/R_projects/mothz/AC_10out.mp4
"[[418.6997795664471, 864.9554836873592, 427.7717690231508, 871.7181154604561], [397.5643699420087, 1039.6655575927045, 408.1770322041136, 1045.8356662015983], [958.2289677000965, 879.1649280933244, 968.2224068857263, 885.6088013430971], [886.8751301138955, 507.4527472833686, 895.4632995153911, 515.3791043425499], [1159.5004064678462, 866.3268901523069, 1167.7223949971064, 874.9140493660501], [992.737444251501, 980.2880127462332, 998.614246397516, 989.971521181833], [350.17217573002114, 799.8303212855501, 359.65406714994134, 806.670239263332]]","[44.0, 32.0, 29.0, 28.0, 22.0, 14.0, 5.0]",465,1920,1080,10.0,C:/R_projects/mothz/AC_10out.mp4
"[[417.2478330620784, 863.8068142576574, 426.4915186125558, 870.6589013440339], [395.69985312306096, 1040.213231183122, 406.26533879731824, 1046.1878106300996], [957.0806194457001, 879.5608454969514, 967.2484810500192, 885.8677810155558], [886.3149747768638, 506.3104216128733, 894.9086595729638, 514.4214996423501], [1159.9038772036567, 866.4449905181594, 1168.109491932488, 874.9664214472401], [992.6571210084089, 980.8850417717682, 998.7573203605682, 990.828211670852], [348.62633817193955, 799.5492842915139, 358.2973134840813, 806.3098140967288]]","[44.0, 32.0, 29.0, 28.0, 22.0, 14.0, 5.0]",466,1920,1080,10.0,C:/R_projects/mothz/AC_10out.mp4
"[[415.95974122439264, 862.8752131182223, 425.10700088892116, 869.5846090025716], [393.5766218977286, 1040.3799149514264, 404.41171523624655, 1046.5081921524531], [955.6400212867538, 879.8286618980934, 965.7132674569225, 885.9777404603461], [885.8452841668562, 505.3810144791629, 894.3547422875439, 513.6159624848282], [1160.3923673592815, 866.8355301057804, 1168.6975276378164, 875.1732210730186], [992.4039458761181, 981.9629957130015, 998.6373435523433, 991.8858060274362], [347.51005463536734, 799.141229459414, 357.1923028572375, 805.791550145824]]","[44.0, 32.0, 29.0, 28.0, 22.0, 14.0, 5.0]",467,1920,1080,10.0,C:/R_projects/mothz/AC_10out.mp4
"[[414.73343378121234, 861.738675494173, 423.53388738300447, 868.6002414488377], [392.06215823933746, 1040.888555084634, 402.64480074084406, 1047.020507367306], [954.329387360152, 879.5941207926793, 964.3114984339758, 885.8385633665279], [885.4260410303579, 504.5392561990166, 893.9656353825122, 512.7855387643633], [1161.2749670111446, 867.2022015713103, 1169.5801143453984, 875.5943426999836], [992.3214945762621, 983.2932663031346, 998.5128809019915, 993.0322544205115], [346.25589420402383, 798.5135352847818, 356.01693000238384, 805.1394687815201]]","[44.0, 32.0, 29.0, 28.0, 22.0, 14.0, 5.0]",468,1920,1080,10.0,C:/R_projects/mothz/AC_10out.mp4
"[[413.34778528618, 860.1855230213996, 422.1484256016726, 867.0592285380221], [389.8083712308859, 1041.1025413240013, 400.4061968464498, 1047.1113948014872], [952.8389770431922, 880.1732884837277, 962.631405988951, 886.0392405686782], [884.7964329126143, 503.80990193274954, 893.3674651185014, 512.1266627014209], [1161.611308074724, 868.1476013002418, 1170.0217955052012, 876.3727820621657], [992.1524206539236, 984.403369262541, 998.2625308560548, 994.0552004404863], [344.57105699836364, 798.2401387479052, 354.1986222091588, 804.7872548094455]]","[44.0, 32.0, 29.0, 28.0, 22.0, 14.0, 5.0]",469,1920,1080,10.0,C:/R_projects/mothz/AC_10out.mp4
"[[411.9473778909622, 858.8639085996691, 420.81693900730244, 866.0190613930462], [388.27680475461176, 1041.4680543182997, 398.5490162406881, 1047.3980592804444], [951.3911829071236, 880.3756436627529, 961.2344724778437, 886.070511389399], [884.2604066739394, 502.63235791953423, 892.6079877331159, 511.1810210682744], [1162.341017118143, 868.9773587979199, 1170.8106992124685, 877.2379135844282], [992.2370443116786, 985.3446100237652, 998.2220906089112, 994.878074049876], [343.33721155473773, 797.4548460695141, 352.94759154479385, 804.3116784483248]]","[44.0, 32.0, 29.0, 28.0, 22.0, 14.0, 5.0]",470,1920,1080,10.0,C:/R_projects/mothz/AC_10out.mp4
"[[410.6208472480638, 857.8932000490144, 419.5560901336263, 865.0800769008166], [386.3945702092782, 1041.5026623805477, 396.50259941475576, 1047.323186393203], [950.2223589698161, 880.7977205907699, 960.1894684132263, 886.4985082900749], [883.7045326879422, 501.4218287056689, 891.829504384785, 509.9233113004076], [1162.5647365434618, 869.6883060248414, 1170.9900971386135, 878.03613039398], [992.0993165984908, 986.5459329104549, 998.0610490605329, 995.9777034062724], [341.8799196123762, 796.6557529739324, 351.5154704790248, 803.8241132018096]]","[44.0, 32.0, 29.0, 28.0, 22.0, 14.0, 5.0]",471,1920,1080,10.0,C:/R_projects/mothz/AC_10out.mp4
"[[409.3953292806457, 856.7273786920971, 418.42617743126266, 864.11181217782], [384.7922636728006, 1041.4816826894532, 394.7452450244075, 1047.2499212777964], [948.9412867859303, 881.0756697387347, 958.9919212625068, 886.9081023574269], [883.1060307834823, 500.53915773442895, 890.9347482394371, 508.9412817101287], [1162.6717012611336, 870.05482427173, 1171.2644523279084, 878.4318674478927], [991.9807225816576, 987.6278138782469, 998.008731534806, 996.8453199541062], [340.8150591710713, 795.3052786289892, 350.42941725904836, 802.8380373018612]]","[44.0, 32.0, 29.0, 28.0, 22.0, 14.0, 5.0]",472,1920,1080,10.0,C:/R_projects/mothz/AC_10out.mp4
"[[407.9000068284095, 856.0420546462117, 417.06187945867083, 863.2254158357837], [382.8482381076671, 1041.437149577541, 392.900453029175, 1047.0835911192391], [947.6383004444268, 881.45677296363, 957.7554180293733, 887.5548150442145], [882.4589308962071, 499.80661148800164, 890.2672418840183, 508.0735676976408], [1162.8379880100977, 870.4057191918296, 1171.648374823176, 878.99909016382], [991.9711581392593, 988.3074056474253, 998.0471943665658, 997.5414324806862], [340.10509865429447, 794.1568190204489, 349.5651432881815, 801.8472646510759]]","[44.0, 32.0, 29.0, 28.0, 22.0, 14.0, 5.0]",473,1920,1080,10.0,C:/R_projects/mothz/AC_10out.mp4
"[[406.2058980557856, 855.6821451819092, 415.4806037093134, 862.6244113492803], [381.1795763466893, 1041.217463541373, 391.2555635523734, 1046.9971025243171], [946.8647288298827, 882.0447479125919, 956.8699830830591, 888.3645964009102], [881.7923387582143, 498.62842602298247, 889.7462191977359, 506.91995844321445], [1163.2178549345247, 870.975864919445, 1172.0606797288794, 879.8691487426661], [991.9975233927206, 989.1741343566416, 998.1705204507208, 998.5939989021476], [339.7111377915188, 793.1719465251311, 348.61844823343813, 800.939875717616]]","[44.0, 32.0, 29.0, 28.0, 22.0, 14.0, 5.0]",474,1920,1080,10.0,C:/R_projects/mothz/AC_10out.mp4
"[[404.86012245062165, 855.2192498796264, 414.31326598047707, 861.8375129013448], [379.0911211497279, 1041.1622225448366, 389.045825660373, 1046.7927979954109], [946.1580911414244, 882.8510575819698, 955.9243591723284, 889.2649036953785], [881.1543246328969, 497.5342971735774, 888.9341157178843, 505.8597978210922], [1163.684590362392, 871.5707681618436, 1172.4194703108178, 880.5351675333847], [992.1320756757012, 989.9575169065107, 998.4091177445135, 999.5515310461045], [339.08047940941657, 791.6961208847836, 347.80392644561135, 799.6367763825126]]","[44.0, 32.0, 29.0, 28.0, 22.0, 14.0, 5.0]",475,1920,1080,10.0,C:/R_projects/mothz/AC_10out.mp4
"[[403.9366209992023, 855.3725973041612, 413.3794910482601, 861.7850928200166], [377.5188994994145, 1041.1741766669863, 387.37519129938846, 1046.7756601619078], [945.39861299247, 883.387831668863, 954.9843679267168, 889.9628683125733], [880.1309163371972, 496.7894784044087, 888.0139852891942, 505.18069019609885], [1163.9435886275915, 872.1426618423309, 1172.5996865933266, 881.1513857690995], [992.2759986139794, 991.112903614362, 998.4911380861298, 1000.7308709099043], [338.55309507243686, 790.2933003517986, 347.0420411160946, 798.1136393007367]]","[44.0, 32.0, 29.0, 28.0, 22.0, 14.0, 5.0]",476,1920,1080,10.0,C:/R_projects/mothz/AC_10out.mp4
"[[402.72846288071634, 855.4286685181122, 412.2766930843604, 861.7372779451538], [375.7634650622734, 1041.0156756661638, 385.69796292546897, 1046.6561512253704], [943.8917015584506, 884.206514871313, 953.6060368995139, 890.5070259909553], [879.2459112050711, 495.98924084524936, 887.294258013086, 504.24519590061936], [1164.3478686861124, 872.7283009075604, 1172.959116112517, 881.8385298983555], [992.4326484680774, 992.3674593560919, 998.6152734413891, 1002.0952338915166], [337.65787433504875, 789.0975138881453, 346.09587954625886, 796.7679090164753]]","[44.0, 32.0, 29.0, 28.0, 22.0, 14.0, 5.0]",477,1920,1080,10.0,C:/R_projects/mothz/AC_10out.mp4
"[[401.7106336363992, 855.1710400184683, 411.4556878878179, 861.3742335874634], [374.0654923696045, 1041.0876099656564, 384.24173489673547, 1046.6986029521975], [942.677777539405, 884.8270662149453, 952.4218838323864, 890.9771324400001], [878.5419140899195, 494.99154556215814, 886.8818843298619, 503.2695487717703], [1164.8817349038682, 873.5556943199098, 1173.5871248379317, 882.6039619599006], [992.4384807658853, 993.5877940299766, 998.7183296662486, 1003.4389269281613], [336.6202161837281, 787.6436850748383, 344.9480628126254, 795.4046567157178]]","[44.0, 32.0, 29.0, 28.0, 22.0, 14.0, 5.0]",478,1920,1080,10.0,C:/R_projects/mothz/AC_10out.mp4
"[[400.70073397728663, 855.3308527688442, 410.81243488395467, 861.401196318917], [372.7661064897977, 1040.7844619783448, 382.88812929037306, 1046.4129210210742], [941.4166888519541, 885.0426704449374, 951.236469518412, 891.0164619788025], [877.5012303453894, 494.26986023876844, 886.1081305162658, 502.4191639667818], [1165.5474257423957, 874.1120336787634, 1174.0876904583456, 883.0744255431501], [992.4234724768737, 994.6595282327788, 998.8280281603822, 1004.5803371901658], [335.4213291231701, 786.5317585302367, 343.7167563393246, 794.2231104982028]]","[44.0, 32.0, 29.0, 28.0, 22.0, 14.0, 5.0]",479,1920,1080,10.0,C:/R_projects/mothz/AC_10out.mp4
"[[399.2936212182206, 855.2417797578095, 409.43808943086407, 861.1801757666464], [370.86221153174114, 1040.5583545583054, 381.1103759551864, 1046.1752899527896], [939.6725036449133, 885.2531939545944, 949.5922112012, 891.01025519041], [876.8794854468335, 493.308340997203, 885.2473124889625, 501.4241738803179], [1166.0881171892838, 874.8258801107779, 1174.426025737042, 883.8776099820902], [992.2518239045525, 995.8415935542224, 998.781199982548, 1005.6987674964729], [334.20871271252076, 785.4497546438167, 342.5365761526024, 793.1697487816252]]","[44.0, 32.0, 29.0, 28.0, 22.0, 14.0, 5.0]",480,1920,1080,10.0,C:/R_projects/mothz/AC_10out.mp4
"[[397.8701860100622, 855.1415895480063, 407.86166653483633, 860.9790900323876], [369.4656394542296, 1040.384520516917, 379.549749667233, 1045.9870813868267], [938.1975370697039, 885.214486242921, 948.0202357105732, 890.859113892251], [876.2428342233762, 492.3665920959553, 884.5242607419165, 500.5672830401114], [1166.4080350129188, 875.9616891261512, 1174.8047747485052, 884.8406686506753], [992.2190895094848, 996.6482687442145, 998.864322262812, 1006.5924125117211], [332.8340676736404, 784.613311727632, 341.44522074134665, 791.8996118464131]]","[44.0, 32.0, 29.0, 28.0, 22.0, 14.0, 5.0]",481,1920,1080,10.0,C:/R_projects/mothz/AC_10out.mp4
"[[396.5598963892704, 854.8911553450104, 406.3220032614978, 860.6566359113505], [367.8204860788634, 1040.3795422829016, 377.8383131030927, 1046.0995095732865], [936.7695784167191, 885.1423756127647, 946.9373543320213, 890.7854012048613], [875.7739674002395, 491.0073874907561, 883.9478128143495, 499.4074384143527], [1166.6482385520176, 877.0212327418907, 1175.1440441313493, 885.4958248777197], [992.2334711092955, 997.7699239216031, 998.6459897350736, 1007.7350025425574], [331.646907592233, 783.6038307193254, 340.4516586769553, 790.8195442801424]]","[44.0, 32.0, 29.0, 28.0, 22.0, 14.0, 5.0]",482,1920,1080,10.0,C:/R_projects/mothz/AC_10out.mp4
"[[394.90109860740256, 854.708204074436, 404.5036238652232, 860.4517518487792], [366.2002383301324, 1040.3789518546746, 376.3017136364833, 1046.312562309086], [934.9640402222274, 885.146657173138, 945.3595250990268, 890.7393530636161], [875.0766247684228, 489.94136256169566, 883.1606277085261, 498.3845593566839], [1167.3356567047226, 877.5838343457114, 1175.649162347078, 886.2596370217187], [992.3092428056536, 999.1016485083695, 998.6083149950848, 1009.061438844679], [330.18549509896667, 782.9213553515474, 339.06799167560933, 789.945480441289]]","[44.0, 32.0, 29.0, 28.0, 22.0, 14.0, 5.0]",483,1920,1080,10.0,C:/R_projects/mothz/AC_10out.mp4
"[[393.3595140000585, 853.9460579140925, 402.7165193440541, 859.7318655149636], [364.3316280611574, 1040.7466063396926, 374.3980720944892, 1046.7019787250117], [934.0560735730678, 885.1004439099984, 944.3432969842513, 890.6869381526246], [874.4697342362925, 488.8667747437865, 882.3956590097749, 497.48096387014806], [1168.2554249199072, 878.1140307614493, 1176.3263314907333, 886.6708244870687], [992.2606620667012, 1000.4200043697506, 998.6368057651281, 1010.3512333874994], [328.94445535719194, 782.0169707642425, 338.0022356314224, 789.2466695137908]]","[44.0, 32.0, 29.0, 28.0, 22.0, 14.0, 5.0]",484,1920,1080,10.0,C:/R_projects/mothz/AC_10out.mp4
"[[391.70314527230784, 853.1010183980123, 401.009811935134, 858.9080271430345], [362.87998016114716, 1041.0847523453065, 372.7638686521558, 1047.0028889824305], [932.2617535223128, 884.9217295354432, 942.8235352872214, 890.4490605721445], [873.7884131620947, 487.3872907970075, 881.6026767885598, 496.11797910889527], [1169.1938236388687, 878.9651530659157, 1177.3497290254936, 887.2125227895876], [992.2583754226926, 1001.677428115336, 998.6672928139374, 1011.5279214393173], [327.71179177977444, 781.4304596787229, 336.86099027638465, 788.7712744612293]]","[44.0, 32.0, 29.0, 28.0, 22.0, 14.0, 5.0]",485,1920,1080,10.0,C:/R_projects/mothz/AC_10out.mp4
"[[390.2011609530989, 852.1577499502037, 399.6165973402549, 858.1613004821215], [361.74986132844845, 1041.0703288332518, 371.51525600266905, 1046.9701104483922], [930.7396438996785, 884.8503485902824, 941.2845710877083, 890.4605108585359], [873.1099416992275, 486.30388699690286, 880.7715334411297, 494.94964742439583], [1169.765687193906, 879.7541599122549, 1177.871191159091, 888.1286266894938], [992.0504519252016, 1002.9982154839429, 998.4568518602363, 1012.8379971278896], [326.6411042217483, 780.7912182695297, 335.80751177012934, 788.1183920911783]]","[44.0, 32.0, 29.0, 28.0, 22.0, 14.0, 5.0]",486,1920,1080,10.0,C:/R_projects/mothz/AC_10out.mp4
"[[388.8002708633127, 851.3920319253176, 398.1734032873005, 857.521853122986], [360.1246243771239, 1041.4816843246278, 369.9907942474368, 1047.5566567950088], [929.0164180277434, 884.7916497354861, 939.5433903475182, 890.452808645063], [872.8207721502152, 485.72047950151597, 880.4737086688409, 494.449768061189], [1170.3308905699719, 880.5339575420169, 1178.772743157847, 888.683585293885], [992.1169233770013, 1003.9030472353697, 998.5916414763972, 1013.881351395331], [325.42263753434713, 779.6505755386906, 334.77566034491224, 787.0991272676488]]","[44.0, 32.0, 29.0, 28.0, 22.0, 14.0, 5.0]",487,1920,1080,10.0,C:/R_projects/mothz/AC_10out.mp4
"[[387.3297792244809, 850.4209044174082, 396.55844735955696, 856.6714497020963], [358.45409066945496, 1041.5694886337883, 368.4139245947951, 1047.7960018573385], [927.2840564996285, 885.1744029959871, 937.8527305517674, 890.8536917419881], [872.269641257601, 484.94920980648897, 879.9253295631502, 493.5528620553853], [1171.1685999445128, 881.2166469031314, 1179.6762683373793, 889.3252704014538], [992.2087044331297, 1005.0791204469448, 998.6351408674759, 1015.0244277770254], [324.58769734282043, 778.3353345771372, 333.81802683550836, 786.0677130014101]]","[44.0, 32.0, 29.0, 28.0, 22.0, 14.0, 5.0]",488,1920,1080,10.0,C:/R_projects/mothz/AC_10out.mp4
"[[386.09158138226576, 849.3664625137623, 395.37309940445834, 855.8660963847204], [356.70078851914417, 1041.9123277797187, 366.6533162195803, 1048.1769208748594], [925.995257978921, 885.3996084601145, 936.4397029605786, 891.2343288051809], [871.2062067360142, 483.87082246221814, 879.228019778175, 492.32520030861656], [1172.3045516094276, 881.9761422793262, 1180.8064184203668, 890.1111593342138], [991.9968484240558, 1006.163745923055, 998.5352586915071, 1016.0965434781314], [323.7640813518092, 777.1405941590015, 332.785064636795, 784.9028408824047]]","[44.0, 32.0, 29.0, 28.0, 22.0, 14.0, 5.0]",489,1920,1080,10.0,C:/R_projects/mothz/AC_10out.mp4
"[[384.5193973311102, 848.0611110741665, 393.5970257359304, 854.5017889831847], [355.17657420931454, 1042.1464863343829, 365.21533173130086, 1048.4548085388026], [924.4505055097535, 885.682297060189, 934.7408444535873, 891.5199457784585], [870.7251681141804, 482.66618667019907, 878.6021120960543, 490.91802635635497], [1172.8466722031721, 882.3689446923928, 1181.465319693039, 890.4110012472964], [992.1920855063815, 1007.1729846914029, 998.5909470717193, 1016.9566725114535], [322.30502796012263, 776.0083528692468, 331.2762845267067, 783.8797718138654]]","[44.0, 32.0, 29.0, 28.0, 22.0, 14.0, 5.0]",490,1920,1080,10.0,C:/R_projects/mothz/AC_10out.mp4
"[[382.62616275508486, 847.0734549509872, 391.8271740562614, 853.6068251869443], [353.27174757458516, 1042.4261325332052, 363.5117487776444, 1048.7239060851991], [922.9400269980167, 886.1476572666376, 933.1774137112077, 891.8606805999615], [869.9096594261058, 481.83033617808917, 877.819646808718, 489.8942750771863], [1173.632793562412, 883.178690667579, 1182.2346715670062, 891.2951581541894], [992.1410874602395, 1008.2779601963863, 998.3373609936655, 1017.9348516222145], [321.07584130397726, 774.9313084318655, 329.9438585077302, 782.6104002921666]]","[44.0, 32.0, 29.0, 28.0, 22.0, 14.0, 5.0]",491,1920,1080,10.0,C:/R_projects/mothz/AC_10out.mp4
"[[381.3534047624464, 846.5981246246013, 390.55285797637885, 853.0284239289354], [351.4255096781113, 1042.419387471704, 361.7097279216231, 1048.7306792568104], [921.809541235794, 886.108076110195, 932.0432344854424, 891.7582062094355], [869.1430442341737, 480.8968616434482, 877.0043367095275, 488.80314627850584], [1174.291418126661, 883.9391107467322, 1182.9255410337341, 892.0273888863171], [992.185957418981, 1009.3533521934727, 998.2554572622647, 1019.0574522365761], [320.19685637423345, 773.8715779932037, 329.08442982068163, 781.7330797744056]]","[44.0, 32.0, 29.0, 28.0, 22.0, 14.0, 5.0]",492,1920,1080,10.0,C:/R_projects/mothz/AC_10out.mp4
"[[379.24900969427904, 846.013131551382, 388.5747576005617, 852.3206435004488], [349.62929518929104, 1042.8810519653607, 360.1765937194033, 1049.1789415035987], [920.2459149443991, 886.2447056065072, 930.7706858776653, 891.8944641467386], [867.8281150268369, 480.1296434576527, 875.7947316844138, 488.0133798443661], [1175.212379905388, 884.5698092513387, 1183.9568415674726, 892.5174127202947], [992.3726437174505, 1010.4128733303386, 998.5881718194519, 1020.1073127130891], [318.76200298141384, 773.0128350163363, 327.59942188656703, 780.9843460932111]]","[44.0, 32.0, 29.0, 28.0, 22.0, 14.0, 5.0]",493,1920,1080,10.0,C:/R_projects/mothz/AC_10out.mp4
"[[377.7695543015078, 845.5042442535263, 386.8422730719817, 851.6737885013473], [347.47879894817106, 1043.0637072262232, 358.34745003691523, 1049.5746333267523], [918.8978445791514, 886.2667531354183, 929.5352506840092, 891.8143272424608], [866.8477370966114, 478.99539607116355, 874.9057634306371, 486.9091893971405], [1176.2059978614188, 884.9140389982466, 1184.98571666007, 892.8712245211799], [992.2450635234799, 1011.238724461279, 998.5770865152043, 1021.1098861141919], [317.51854139237685, 771.9475943084196, 326.22552056539405, 779.7541493784627]]","[44.0, 32.0, 29.0, 28.0, 22.0, 14.0, 5.0]",494,1920,1080,10.0,C:/R_projects/mothz/AC_10out.mp4
"[[376.1105418167528, 845.3631515788572, 385.1085560587963, 851.3900074800581], [345.8972673652459, 1043.5151334775137, 356.608182980609, 1049.95739017582], [916.920520549673, 886.080238740335, 927.7565438623378, 891.8593714876437], [865.9591448519312, 478.1260435545167, 874.2249764552918, 486.0744104772337], [1176.764758121454, 885.3678855238776, 1185.794030865318, 893.2951609997193], [992.214612051682, 1012.3292112882604, 998.5057310701975, 1022.0269625139819], [316.3370555840629, 770.5798216082372, 325.08498041575206, 778.4641098865567]]","[44.0, 32.0, 29.0, 28.0, 22.0, 14.0, 5.0]",495,1920,1080,10.0,C:/R_projects/mothz/AC_10out.mp4
"[[374.44292644793643, 845.0795741523244, 383.4940100251765, 850.9227588744747], [343.858753281973, 1043.8136104393463, 354.55699955770285, 1050.2117086761393], [915.2088472254765, 886.0857602761009, 926.0146597166155, 891.8396175414732], [865.1213075950262, 477.1192544889756, 873.2478820474029, 485.0354114099054], [1177.618533216767, 885.8920501115308, 1186.569475434123, 893.76089497569], [992.132325526731, 1013.5221531511546, 998.3808320646518, 1023.0063349882031], [315.10053227434474, 769.2335767829569, 323.50686859297826, 777.4333241441842]]","[44.0, 32.0, 29.0, 28.0, 22.0, 14.0, 5.0]",496,1920,1080,10.0,C:/R_projects/mothz/AC_10out.mp4
"[[372.6360579523468, 844.9308605349261, 381.9486812888886, 850.6541767701265], [342.2474526245835, 1044.1777497938224, 352.97681391809954, 1050.4215585099114], [913.4967047453404, 886.2819990492054, 924.3677727579095, 892.172429101127], [864.095460207291, 475.8579459097749, 872.3983195127497, 483.87955510064296], [1178.5205703028178, 886.3069460916334, 1187.4322705185655, 894.2886851143809], [992.1603692153761, 1014.6920757523343, 998.4765206604922, 1024.1756875459735], [314.327087142392, 767.6024078073644, 322.6695872134462, 775.9041552421379]]","[44.0, 32.0, 29.0, 28.0, 22.0, 14.0, 5.0]",497,1920,1080,10.0,C:/R_projects/mothz/AC_10out.mp4
"[[370.8579868320657, 844.9189418672754, 380.588143584065, 850.4404218357417], [340.30075366147366, 1044.8074918141763, 350.78267237697105, 1051.0692206355232], [912.3171702152628, 886.6440085063734, 923.3155659531977, 892.6766264300554], [863.1579690922537, 475.0532815323152, 871.5536396551714, 482.9991759692825], [1179.0826333676532, 886.6597061390084, 1188.238757545063, 894.6728994230491], [992.1072591412586, 1015.7522079076303, 998.3602629997894, 1025.1319950983107], [313.6366991268744, 765.9713362731359, 321.66822562193465, 774.544952514625]]","[44.0, 32.0, 29.0, 28.0, 22.0, 14.0, 5.0]",498,1920,1080,10.0,C:/R_projects/mothz/AC_10out.mp4
"[[369.502943431512, 844.7967000847634, 379.16597077013796, 850.3857542044896], [338.75676801038975, 1045.4167564010927, 349.0399874895198, 1051.649669555065], [911.3251928495595, 887.0045154694752, 921.9880224466035, 893.2728029436608], [862.4789396356819, 474.5883984524129, 870.9700058827182, 482.5630454607482], [1179.9847912314467, 887.6166648191953, 1189.0442096631004, 895.5357032446576], [992.2070688151842, 1016.9934935663331, 998.4335696278375, 1026.2154013273546], [313.0716572442219, 764.5935230563999, 321.0373297726171, 773.4390610914608]]","[44.0, 32.0, 29.0, 28.0, 22.0, 14.0, 5.0]",499,1920,1080,10.0,C:/R_projects/mothz/AC_10out.mp4
"[[367.5889479281379, 844.8708075566898, 377.2229222065719, 850.3414999362409], [337.5987573567188, 1046.1371366013536, 347.73722435919285, 1052.5464595798535], [909.6723569580163, 887.6219512402996, 920.1228878292084, 893.9009148513686], [861.7439874863901, 474.2170894674365, 870.341022606282, 481.95166703116035], [1180.923113420341, 888.4453384866712, 1190.0247362131613, 896.4387111637883], [992.049529871222, 1017.8773306734172, 998.3378486553346, 1027.2498366122038], [312.66561242800134, 763.1345781731821, 320.194853091059, 772.2061298647194]]","[44.0, 32.0, 29.0, 28.0, 22.0, 14.0, 5.0]",500,1920,1080,10.0,C:/R_projects/mothz/AC_10out.mp4
"[[366.1693814181408, 844.5734490901709, 376.0831971991413, 850.3575363003663], [336.1676844257146, 1047.0427798097594, 346.37754501558754, 1053.4919983906789], [908.2880709330284, 888.0482151673863, 918.5137183378026, 894.5599140215871], [861.0439257205276, 473.7484455979342, 869.4109957831779, 481.38934297938425], [1181.3173538244382, 889.151660564698, 1190.510432400597, 897.0594849349684], [991.8955063569198, 1018.7744016652306, 998.1386880357878, 1028.0259478807427], [312.3253107425047, 761.8393680057711, 319.69640273777406, 770.9438320763757]]","[44.0, 32.0, 29.0, 28.0, 22.0, 14.0, 5.0]",501,1920,1080,10.0,C:/R_projects/mothz/AC_10out.mp4
"[[364.64126385447804, 844.135456429079, 374.53834713516375, 850.0653857137353], [334.74077789032924, 1047.3351801176823, 344.845581431881, 1053.8523462807807], [907.0391085028072, 888.7237321330982, 917.2587650958825, 895.0425048069798], [860.1856876796039, 472.85583714709156, 868.2839226474196, 480.64508206456213], [1181.8531760915084, 889.5972055552808, 1190.9902742628974, 897.3107938584845], [991.8967613975799, 1019.6892211548668, 998.099548192479, 1028.947465865386], [312.0008478094571, 760.2590569780643, 319.25581460875685, 769.3466683627855]]","[44.0, 32.0, 29.0, 28.0, 22.0, 14.0, 5.0]",502,1920,1080,10.0,C:/R_projects/mothz/AC_10out.mp4
"[[363.2411045041489, 844.0523831330097, 373.34069916499743, 849.954092883587], [333.8625657824746, 1047.7420677055215, 343.5114422877858, 1054.2110016501847], [905.1426148545547, 889.059897610898, 915.3411951333096, 895.3935425756234], [859.3503742964152, 472.00344530264647, 867.3387226074254, 479.93448645849367], [1182.646127111347, 889.9796858216015, 1191.5301802927745, 897.8361285779246], [992.01174375334, 1020.8348057853174, 998.0543074878352, 1029.9460141121656], [311.78052623645283, 758.6032685393006, 318.85622872965007, 767.7890355687448]]","[44.0, 32.0, 29.0, 28.0, 22.0, 14.0, 5.0]",503,1920,1080,10.0,C:/R_projects/mothz/AC_10out.mp4
"[[361.7946159820868, 843.9319345340058, 371.90345346609917, 849.7283172326942], [332.5342295600127, 1047.6788575482424, 342.22457399015013, 1054.3890220510639], [903.7770116885522, 889.4370524104312, 914.2898810996273, 895.9752870759788], [858.5831506939679, 471.0289752297506, 866.4584863898511, 479.07614004879144], [1183.4322064992648, 890.1204343526837, 1192.1247748700116, 898.1364122082599], [992.0749806939426, 1021.6209540893366, 998.0183559088968, 1030.7189945210414], [311.2126875033386, 757.233715208239, 318.32739247848457, 766.5004302661251]]","[44.0, 32.0, 29.0, 28.0, 22.0, 14.0, 5.0]",504,1920,1080,10.0,C:/R_projects/mothz/AC_10out.mp4
"[[360.69963688677774, 843.7415200175905, 370.80522066851734, 849.5821825774998], [331.3229687797941, 1048.1277284914872, 340.9048855589068, 1054.829481522267], [902.267552584529, 889.5272279960368, 912.7269211546164, 896.485193899751], [857.8329150596127, 470.1205513769288, 865.6509019607478, 478.2390733117261], [1184.259642862961, 890.7310072737284, 1193.0448085374067, 898.3812186624828], [992.1725678014236, 1022.7593122972432, 998.1393376828339, 1031.7629600274706], [310.6765210732901, 755.5372881650352, 317.7339244451271, 764.7133340250347]]","[44.0, 32.0, 29.0, 28.0, 22.0, 14.0, 5.0]",505,1920,1080,10.0,C:/R_projects/mothz/AC_10out.mp4
"[[359.36190007076146, 843.5436177717004, 369.5128669436812, 849.3822778839317], [329.5693460257642, 1048.8246837992415, 339.24144097005905, 1055.1978464739018], [900.7496329788123, 890.0653694194915, 911.2161458171856, 897.1049647377816], [856.7696132670625, 468.9885904646173, 864.7861138230168, 477.26669830634063], [1184.8614240984002, 891.0943123944162, 1193.4689538658686, 898.5835940397751], [992.1954639866439, 1023.8789565358081, 998.1115572244199, 1032.876729881769], [310.0239804413313, 754.316492685908, 316.9356134976194, 763.5205707925483]]","[44.0, 32.0, 29.0, 28.0, 22.0, 14.0, 5.0]",506,1920,1080,10.0,C:/R_projects/mothz/AC_10out.mp4
"[[358.75551052128543, 842.9685355788566, 368.5785812168163, 849.0577306727592], [327.93009057521164, 1049.6206753871681, 337.6398781792124, 1056.0199264536784], [899.4702268710146, 891.0559740759578, 909.9635489703237, 898.0603090931157], [855.845406787524, 468.0988857992219, 863.9595034867763, 476.2921744639955], [1185.3524842047896, 891.6584523152936, 1193.92817470811, 898.8536958451972], [992.1697957652333, 1025.196202932993, 998.2286367443359, 1034.2079623320815], [309.40708303825676, 752.7794409219597, 316.3378318123402, 761.8200781448417]]","[44.0, 32.0, 29.0, 28.0, 22.0, 14.0, 5.0]",507,1920,1080,10.0,C:/R_projects/mothz/AC_10out.mp4
"[[358.31236334924785, 842.5608775963306, 367.78123333664854, 848.7571905054431], [326.18274375737906, 1049.9238626683114, 335.79809758844124, 1056.3423837435025], [897.8522085010192, 891.8585711136386, 908.3292536889779, 898.8538724187933], [854.8360749558411, 467.11100120547087, 863.0324707206515, 475.3478418298937], [1185.939015833875, 892.2585676289658, 1194.76478541635, 899.4440364785459], [992.2574252899702, 1026.3427119373387, 998.5540447267732, 1035.4044875528994], [308.6265709341952, 751.1015012707098, 315.61160953608027, 760.2889653105717]]","[44.0, 32.0, 29.0, 28.0, 22.0, 14.0, 5.0]",508,1920,1080,10.0,C:/R_projects/mothz/AC_10out.mp4
"[[357.99595568440265, 841.7927904607335, 367.14041469942407, 848.4090366339307], [324.73058773565276, 1050.8114794478242, 334.64855432920706, 1057.3618825476224], [896.4958093610347, 892.7989023442161, 906.698202675312, 899.6604939057698], [854.1429227931156, 466.16721980607645, 862.3495146147583, 474.584119012991], [1186.7692044267565, 892.7262318139068, 1195.5839675422044, 900.0078705760999], [992.2559851832212, 1027.4830880773034, 998.6921448037723, 1036.6352462634418], [307.7780233925674, 749.3964052451529, 314.96087731265897, 758.5911065468442]]","[44.0, 32.0, 29.0, 28.0, 22.0, 14.0, 5.0]",509,1920,1080,10.0,C:/R_projects/mothz/AC_10out.mp4
"[[358.1366333494372, 840.8361401987271, 366.85994605641605, 847.9614937953512], [323.44073650092037, 1051.3487675950098, 333.06373314890766, 1058.0370306711795], [895.4708438970825, 893.291346564764, 905.368187646109, 900.177309816619], [853.419125776501, 465.7919765173075, 861.5612918038373, 474.04131433916507], [1187.5205181324645, 893.2347800696305, 1196.3398541331007, 900.4160595036196], [992.1814131552272, 1028.584965257186, 998.6099875878953, 1037.681986827116], [307.29753332941766, 747.9235415794246, 314.4249465743893, 757.0316700554399]]","[44.0, 32.0, 29.0, 28.0, 22.0, 14.0, 5.0]",510,1920,1080,10.0,C:/R_projects/mothz/AC_10out.mp4
"[[358.4412186571425, 839.896678892747, 366.454809942867, 847.4547036141747], [322.7256176886589, 1052.103691769195, 332.1717525662791, 1058.8836148311575], [894.415917221928, 893.9367201883517, 903.957979256552, 900.8793793092409], [852.5857126043705, 464.84175596119644, 860.8248421624452, 473.41722278645386], [1188.4489904329234, 893.8265802811313, 1197.1297311389308, 901.1241312147972], [991.7557398100422, 1029.2649839831058, 998.2340978809201, 1038.4147585637309], [307.02575263064034, 746.4381667776684, 313.99264529914046, 755.3479413061386]]","[44.0, 32.0, 29.0, 28.0, 22.0, 14.0, 5.0]",511,1920,1080,10.0,C:/R_projects/mothz/AC_10out.mp4
"[[358.90702157941416, 838.8995070903052, 366.31267358919104, 846.6313753957281], [320.9616842544466, 1052.9975209529957, 330.6946440929579, 1059.5581584970168], [893.2244964256826, 894.4048685683961, 902.7101011971716, 901.4004792656126], [852.1564707231515, 464.0340139369616, 860.0675921716512, 472.64624679325254], [1189.221111639504, 894.3304128398986, 1197.8558004155823, 901.9305671998854], [991.6643159802867, 1030.177962746663, 998.0369070679661, 1039.2328326106167], [306.3060140605216, 744.8299213189441, 313.3857582069732, 753.7504672189891]]","[44.0, 32.0, 29.0, 28.0, 22.0, 14.0, 5.0]",512,1920,1080,10.0,C:/R_projects/mothz/AC_10out.mp4
"[[359.2100231620434, 837.0542198300029, 366.0908031277901, 845.0267875029094], [319.69429514858274, 1053.8996144166435, 329.3261555659529, 1060.5253835817966], [892.1248943640984, 895.4878678773796, 901.509564713329, 902.5054383048612], [851.4797383872097, 463.4941761309019, 859.399396186502, 472.01066890073525], [1189.5272715307667, 895.0312028735963, 1198.2405151490755, 902.8143865602643], [991.4642269546015, 1030.8596076903243, 997.7205194288337, 1039.9416449253843], [305.72727977423557, 743.0975141788967, 312.9236745562294, 752.0493121259492]]","[44.0, 32.0, 29.0, 28.0, 22.0, 14.0, 5.0]",513,1920,1080,10.0,C:/R_projects/mothz/AC_10out.mp4
"[[359.39747351900246, 835.2573658135087, 365.8905855015993, 843.475173869825], [317.7184502347628, 1054.6814718284845, 327.4679671484731, 1061.484641395144], [890.7223856051056, 896.2446577526313, 900.2581995606366, 903.395205227764], [850.8681801149102, 462.7543319823379, 858.8621729202547, 471.1719400000273], [1189.5083724837652, 895.5089383189905, 1198.2807041789122, 903.4253573554889], [991.1576159852708, 1031.763154567374, 997.450100190087, 1040.9628541703005], [304.90795943703705, 741.6711962922177, 312.1125895685704, 750.6466535310196]]","[44.0, 32.0, 29.0, 28.0, 22.0, 14.0, 5.0]",514,1920,1080,10.0,C:/R_projects/mothz/AC_10out.mp4
"[[359.8953842423787, 833.3856082241385, 365.8300451272833, 841.6189204254625], [316.46712339977205, 1055.447973204452, 326.0949792762576, 1062.451834046261], [889.5003582534986, 896.9719455405101, 898.7946313389165, 904.2577985231634], [850.3019663557725, 462.1226412606057, 858.3137063985203, 470.5344766932147], [1190.0433615501493, 896.1338221717939, 1198.4459004937016, 904.2543471158539], [991.0025194303745, 1032.8326525942891, 997.3003129091773, 1042.0607195725759], [304.21544951382447, 739.9383456771844, 311.60859004794094, 749.0966461181146]]","[44.0, 32.0, 29.0, 28.0, 22.0, 14.0, 5.0]",515,1920,1080,10.0,C:/R_projects/mothz/AC_10out.mp4
"[[360.14938441687406, 831.6081557259487, 365.8429022635998, 839.8973619770269], [314.95910352292736, 1056.4207443537223, 324.451118725938, 1063.57825338727], [888.2801299969904, 897.9004300871943, 897.5768479068577, 905.1175252130545], [849.7092438370058, 461.74503267905527, 857.6284265878288, 470.0019938067776], [1190.6010001039854, 896.6724792289402, 1198.9110287996377, 904.9221044169759], [990.7468139919965, 1033.9420163604836, 997.0437018109446, 1043.2333492848525], [303.31571183391, 738.6368625260119, 310.8774887922974, 747.7112939959526]]","[44.0, 32.0, 29.0, 28.0, 22.0, 14.0, 5.0]",516,1920,1080,10.0,C:/R_projects/mothz/AC_10out.mp4
"[[360.36443406121475, 829.1075514575855, 366.0914592202197, 837.711318860863], [313.51614931254267, 1057.541287310618, 323.209648693246, 1065.0251666311487], [886.6726984815343, 898.6820973042528, 896.1778855678942, 905.8204818504022], [848.7860294935181, 460.5518503160938, 856.8602360037089, 468.8887839659973], [1190.943037088664, 896.8034112643792, 1199.1398429925957, 905.0900714195606], [990.6161883232157, 1034.425898021521, 996.9150637597561, 1043.6485793710347], [302.229080689333, 737.0424283156258, 309.9655825101941, 746.2732805029896]]","[44.0, 32.0, 29.0, 28.0, 22.0, 14.0, 5.0]",517,1920,1080,10.0,C:/R_projects/mothz/AC_10out.mp4
"[[360.61297626985015, 827.4463446100856, 366.2390615901155, 836.0650558988029], [312.20755948062447, 1058.2994838688887, 321.64744334850366, 1065.8784257618931], [885.4956175682981, 899.7088309353583, 895.0315018765936, 906.7292741045419], [847.8716018128351, 459.95753008681334, 856.0753452729008, 468.1601165359308], [1191.5310200681806, 897.2163928534649, 1199.5787382757185, 905.6300844430596], [990.5501974512913, 1035.4343508023385, 997.0253021075446, 1044.738579595241], [301.37708912767147, 735.7418600645442, 308.996676110574, 744.7998791015896]]","[44.0, 32.0, 29.0, 28.0, 22.0, 14.0, 5.0]",518,1920,1080,10.0,C:/R_projects/mothz/AC_10out.mp4
"[[360.67655188842576, 825.4401971253179, 366.29108087602236, 834.2698414049868], [310.7777328008502, 1059.8337873418097, 320.0396216165678, 1067.3889351898854], [884.3472772135568, 900.5116640872493, 893.7907910376292, 907.4364533946436], [847.021792913598, 459.29497106488424, 855.3040442776197, 467.3375754866566], [1192.0941005134555, 897.4261495116996, 1200.0559349910468, 905.8646968414412], [990.7036167505549, 1036.4054206661801, 997.0398528414224, 1045.6191620110442], [300.66603572545, 734.864283274573, 308.1431797531096, 743.811174326478]]","[44.0, 32.0, 29.0, 28.0, 22.0, 14.0, 5.0]",519,1920,1080,10.0,C:/R_projects/mothz/AC_10out.mp4
"[[360.7292613412518, 823.6768635466364, 366.40058986671386, 832.8488117603948], [309.5183193822649, 1061.1905874906997, 318.9023268728815, 1068.8333769635956], [882.6185610293512, 900.9670708817378, 892.2404889477964, 908.0284771573668], [846.2073188075182, 458.6429653680568, 854.5413703907717, 466.6142007670028], [1192.7150539086947, 897.8037202081316, 1200.655328251938, 906.1559377185249], [990.8939370155967, 1037.476499787378, 997.0337141528985, 1046.5578458924333], [299.45819987856567, 733.4617553962665, 307.22918166677584, 742.6198287489898]]","[44.0, 32.0, 29.0, 28.0, 22.0, 14.0, 5.0]",520,1920,1080,10.0,C:/R_projects/mothz/AC_10out.mp4
"[[360.5900440343998, 821.8894518275608, 366.22249161442454, 831.0182657636326], [308.19428777588126, 1062.438566289527, 317.3694447536688, 1070.013975616063], [881.0749937743481, 901.463063789938, 890.818101874168, 908.5150224779444], [844.8385664267121, 458.1050996398551, 853.2365034609275, 465.91654427196124], [1193.1965934543864, 897.9187575712585, 1201.329522462791, 906.2599428334086], [990.9591476634187, 1038.385667486638, 996.974655822597, 1047.343014668769], [298.61394833394974, 732.0518333327772, 306.40908611969377, 741.387488547028]]","[44.0, 32.0, 29.0, 28.0, 22.0, 14.0, 5.0]",521,1920,1080,10.0,C:/R_projects/mothz/AC_10out.mp4
"[[360.4035594258776, 819.9418174834791, 366.2234403220873, 829.3153818238368], [307.13199479555703, 1063.8226139428357, 316.2226381653619, 1071.489311314755], [879.8729005857888, 902.2271238580381, 889.102802279042, 909.4637108388338], [843.7050347662113, 457.6040225264271, 852.2102322173188, 465.1373673640501], [1193.6250681898725, 898.403451328757, 1201.89125788893, 906.6518751562985], [991.144828192541, 1039.047833316244, 997.0546681115537, 1047.8652285424348], [297.59082395855177, 730.9758901810796, 305.39805915090705, 740.0533056345421]]","[44.0, 32.0, 29.0, 28.0, 22.0, 14.0, 5.0]",522,1920,1080,10.0,C:/R_projects/mothz/AC_10out.mp4
"[[360.26036939029444, 818.0087121594592, 366.2380665695013, 827.5399772769157], [305.48612839877774, 1065.1028733048342, 314.71083383012626, 1072.8438536153894], [878.3645432324984, 903.0751396980647, 887.5526646812552, 910.3409746560003], [842.754749830537, 457.29303355316847, 851.288777662208, 464.605809488716], [1194.0690589824783, 898.9289625264406, 1202.4939969627742, 907.0922341378476], [991.3358613321293, 1039.733879089538, 997.120669638377, 1048.523486116658], [297.02023355873166, 729.473076149538, 304.8432772450325, 738.4073461361818]]","[44.0, 32.0, 29.0, 28.0, 22.0, 14.0, 5.0]",523,1920,1080,10.0,C:/R_projects/mothz/AC_10out.mp4
"[[359.8509660107207, 816.0659426149913, 365.7878672363558, 825.5347030069482], [304.2255118996957, 1065.9312994296747, 313.3407313479447, 1073.781230005758], [877.3808944486015, 903.963483132458, 886.6135575025161, 911.3181875864894], [842.0537288083715, 456.70935366046155, 850.5945230279272, 463.9757398645948], [1195.0615081508006, 899.5552907453971, 1203.4395001244845, 907.821099207516], [991.2873291790539, 1040.5827802388758, 997.0885182241449, 1049.481690582837], [296.2695850031148, 728.0129917301655, 304.16099400949565, 737.026586106634]]","[44.0, 32.0, 29.0, 28.0, 22.0, 14.0, 5.0]",524,1920,1080,10.0,C:/R_projects/mothz/AC_10out.mp4
"[[359.7581080213798, 814.5986876683079, 365.6754970993286, 823.8912966465226], [302.8123105262432, 1066.999157006565, 312.02284417778367, 1074.9664077259476], [876.214998136515, 904.9126601688462, 885.552129583003, 912.2604816092049], [841.2566479664132, 456.15763762414406, 849.8110749839881, 463.35111778185023], [1195.7691924081812, 900.1522126625208, 1204.026788114824, 908.4097773829079], [991.3593464398156, 1041.53965026317, 997.061936942218, 1050.6914711321758], [295.57062890231083, 726.8260885693467, 303.3179796386963, 735.825590807048]]","[44.0, 32.0, 29.0, 28.0, 22.0, 14.0, 5.0]",525,1920,1080,10.0,C:/R_projects/mothz/AC_10out.mp4
"[[359.3672816268454, 813.3998525537188, 365.5051691205472, 822.7027007408819], [301.53992292495883, 1068.31651574323, 310.93749019216745, 1076.7351374448472], [874.7611518010061, 905.4518641143368, 884.1931510320138, 912.9885577774307], [840.5818352408965, 455.78533220284197, 849.486243982027, 463.09478932121107], [1196.359553671484, 900.6650156268731, 1204.6659289922948, 908.8258225450038], [991.2690769699427, 1042.551705714655, 996.9967643337791, 1051.5791686058376], [294.8916858385779, 725.6342308853964, 302.67188157048145, 734.6050874722491]]","[44.0, 32.0, 29.0, 28.0, 22.0, 14.0, 5.0]",526,1920,1080,10.0,C:/R_projects/mothz/AC_10out.mp4
"[[359.3593288331689, 813.1239135109323, 365.5602365032431, 822.4567046846652], [300.8922332566573, 1068.8949050217886, 310.3841302077551, 1077.5867123726591], [873.7578876749069, 906.3178242072829, 883.0652339068438, 913.9422312365041], [840.2812842626337, 455.52688538728154, 849.1985705338062, 462.9416711220626], [1196.8019628562784, 901.0869664455068, 1205.1477518652891, 909.491946979423], [991.1865042007803, 1043.475183196234, 996.8745714781548, 1052.490360852018], [294.50897611298865, 724.3031961782668, 302.274401124621, 733.2501498710748]]","[44.0, 32.0, 29.0, 28.0, 22.0, 14.0, 5.0]",527,1920,1080,10.0,C:/R_projects/mothz/AC_10out.mp4
"[[359.46922873382897, 812.8851942664639, 365.55877501824824, 822.1302398585033], [872.1713652155689, 907.4498917546463, 881.3954744142769, 914.9777010902768], [839.9013684436735, 455.35588595989515, 848.9685304384155, 462.6450746019148], [1197.35631462704, 901.5957191388907, 1205.6216268485134, 910.0774758540726], [991.0187915984144, 1044.5573878284304, 997.0231576673774, 1053.3267584987966], [293.53065434565156, 723.1258466615835, 301.30157633248666, 731.8953200968721]]","[44.0, 29.0, 28.0, 22.0, 14.0, 5.0]",528,1920,1080,10.0,C:/R_projects/mothz/AC_10out.mp4
"[[359.54732874342676, 812.8438921946372, 365.36091679758886, 821.9833808584722], [870.9712160195563, 908.1370103168034, 880.0920084662632, 915.7014531538351], [839.7930482921423, 455.1605011897517, 848.9151758562783, 462.3710958307131], [1197.90462093759, 902.1015492129526, 1206.245833640756, 910.9283109635024], [990.8003616136648, 1045.3485684582322, 996.8337671195973, 1054.268600032591], [292.8705363385384, 721.722656282339, 300.61974893576166, 730.4355667371116]]","[44.0, 29.0, 28.0, 22.0, 14.0, 5.0]",529,1920,1080,10.0,C:/R_projects/mothz/AC_10out.mp4
"[[869.4817028014847, 908.778007311784, 878.8051437058637, 916.0625212357118], [839.2911175844355, 454.9084440630679, 848.5217407838257, 462.01581707089167], [1198.5323922389043, 903.0255529636426, 1206.5465754151705, 911.9114305468344], [292.2196435585987, 720.7598906107354, 299.92314613632163, 729.3818236691051]]","[29.0, 28.0, 22.0, 5.0]",530,1920,1080,10.0,C:/R_projects/mothz/AC_10out.mp4
"[[867.4759230884882, 909.4544412264487, 876.977703809146, 916.1853260097351], [839.2110311018419, 454.4154272351115, 848.1526092805275, 461.7592065538144], [1199.1263475831931, 903.7162376821728, 1206.991476010952, 912.5284382428346], [292.35666566797744, 719.2424179555011, 300.2286802727072, 727.9056262257212]]","[29.0, 28.0, 22.0, 5.0]",531,1920,1080,10.0,C:/R_projects/mothz/AC_10out.mp4
"[[865.7520623337562, 909.9110581784557, 875.3099260112108, 916.1828620797826], [838.7487091684014, 453.4258566820915, 847.3113756731617, 460.893867076268], [1199.539507358784, 904.4756888361817, 1207.2251543676578, 913.0678358857003]]","[29.0, 28.0, 22.0]",532,1920,1080,10.0,C:/R_projects/mothz/AC_10out.mp4
"[[864.1570736650602, 910.4064184682454, 873.9052199273989, 916.4935680056628], [838.6226184347463, 452.5711863366641, 846.8860957808397, 460.27793544309185], [1199.8875255357111, 905.1374149724677, 1207.5404596325188, 913.7888355664509]]","[29.0, 28.0, 22.0]",533,1920,1080,10.0,C:/R_projects/mothz/AC_10out.mp4
"[[862.5615736827632, 910.9398547431302, 872.2473331278876, 916.8763798548799], [838.1107275055847, 451.29364529984747, 846.1063042162566, 459.3153092387484], [1200.284778221452, 906.0700818801232, 1208.2640053534653, 914.5101317756104]]","[29.0, 28.0, 22.0]",534,1920,1080,10.0,C:/R_projects/mothz/AC_10out.mp4
"[[861.0628730151674, 911.6106299683506, 870.7029975098902, 917.5025352012576], [837.4205752370631, 450.68090722670354, 845.4274805123791, 458.48341841893114], [1200.8012478850576, 906.8077525174209, 1208.8619033041402, 915.1073283951292]]","[29.0, 28.0, 22.0]",535,1920,1080,10.0,C:/R_projects/mothz/AC_10out.mp4
"[[859.6199364094575, 912.3768029582741, 869.6131948348166, 918.507102481107], [836.7612932181826, 449.592483565791, 844.8746622998497, 457.57152780013087], [1201.3809366668484, 907.641025259873, 1209.4726139887398, 915.8332582925889]]","[29.0, 28.0, 22.0]",536,1920,1080,10.0,C:/R_projects/mothz/AC_10out.mp4
"[[857.9636160316126, 913.0078288441008, 868.1497565057645, 919.1393601348449], [836.2856650398556, 448.4695417963118, 844.4338197048936, 456.4813636201593], [1202.2092369927698, 908.0166134713985, 1210.5617166824557, 916.072974111515]]","[29.0, 28.0, 22.0]",537,1920,1080,10.0,C:/R_projects/mothz/AC_10out.mp4
"[[856.7624636912128, 913.5944758244182, 866.4773758490953, 919.8546147659754], [835.546216055645, 447.95517149922296, 843.6451705337987, 455.8881066121139], [1202.9748949125885, 908.26341494356, 1211.472025315794, 916.4444425487742]]","[29.0, 28.0, 22.0]",538,1920,1080,10.0,C:/R_projects/mothz/AC_10out.mp4
"[[989.5816954409921, 1055.8966768901116, 997.0607876298476, 1065.622865796601], [855.2677820180188, 914.760119953034, 864.8621867131053, 921.1617584369739], [834.6742490189431, 447.5603814529827, 842.9152640027351, 455.44141313379237], [1203.3426630574338, 908.5919045681662, 1211.8454022845765, 916.7082354105116]]","[48.0, 29.0, 28.0, 22.0]",539,1920,1080,10.0,C:/R_projects/mothz/AC_10out.mp4
"[[989.8753973657223, 1056.8610962314028, 997.0158361592702, 1066.2513711541606], [854.345569885553, 915.692210718146, 863.8511521089058, 922.341316621334], [834.0688682601434, 447.0053716008552, 842.3808310835142, 454.66838505485026], [1204.2021198914238, 909.1939658136085, 1212.5599060897282, 917.1622762988605]]","[48.0, 29.0, 28.0, 22.0]",540,1920,1080,10.0,C:/R_projects/mothz/AC_10out.mp4
"[[990.0379332100015, 1057.3442880862212, 996.8469296226967, 1066.5259941547847], [853.3336687455172, 916.9671219034775, 862.5648971426389, 923.8146629154977], [833.2015258305253, 446.55317420871944, 841.6575730424822, 453.99460735415147], [1205.0686948796758, 909.7221141895059, 1213.4087736197719, 917.7065580096921]]","[48.0, 29.0, 28.0, 22.0]",541,1920,1080,10.0,C:/R_projects/mothz/AC_10out.mp4
"[[989.9657206408148, 1057.9023389121865, 996.580157838, 1067.1258715833226], [851.7792342649938, 918.1010447875852, 860.8705526305097, 925.1208797738553], [832.0842025477364, 445.89445549251815, 840.726579701987, 453.0208961375617], [1205.899694860241, 910.6498841611062, 1214.1708358601097, 918.7098165039324]]","[48.0, 29.0, 28.0, 22.0]",542,1920,1080,10.0,C:/R_projects/mothz/AC_10out.mp4
"[[990.0375252799092, 1058.769412040649, 996.555068179845, 1068.1984757194978], [850.3411043747029, 919.0558875231746, 859.5313678335136, 926.2599694142576], [831.403608423036, 445.1432700800435, 840.0610546245233, 452.1578945930746], [1206.5943213170335, 911.3347303229374, 1214.7873880421657, 919.2752264274376]]","[48.0, 29.0, 28.0, 22.0]",543,1920,1080,10.0,C:/R_projects/mothz/AC_10out.mp4
"[[990.0443486398997, 1059.7330374464627, 996.283685181681, 1069.1321426601075], [848.5812701500791, 919.8334818691872, 857.8423416332759, 926.860269045673], [830.592446870444, 444.20089607996016, 839.151027569343, 451.50028262014115], [1207.309034115715, 912.2597900522886, 1215.6262107584107, 920.3001305694414]]","[48.0, 29.0, 28.0, 22.0]",544,1920,1080,10.0,C:/R_projects/mothz/AC_10out.mp4
"[[989.8821119161994, 1060.8461998464627, 995.957472548067, 1070.185295928487], [847.2551495756321, 920.4549231650512, 856.5750847218586, 927.4637578065185], [829.8907111204944, 443.6109774858145, 838.3140625577439, 451.0716761842755], [1207.94762963984, 912.998253442137, 1216.4812026472803, 920.9348147087601]]","[48.0, 29.0, 28.0, 22.0]",545,1920,1080,10.0,C:/R_projects/mothz/AC_10out.mp4
"[[989.9646248164222, 1061.8081921013654, 995.9002964630145, 1071.2072796874804], [845.9205784182924, 920.8799441149202, 855.2206632431468, 927.7923339642294], [829.2667333737254, 442.6188683777274, 837.4597239709965, 450.3995099140717], [1208.367851784021, 913.8486221027388, 1216.7281131567918, 921.8989040356182]]","[48.0, 29.0, 28.0, 22.0]",546,1920,1080,10.0,C:/R_projects/mothz/AC_10out.mp4
"[[989.8023008588503, 1062.484116822386, 995.6605891134396, 1072.0751569807144], [844.7273999957853, 921.510278828338, 854.0543090669936, 928.5047327863283], [828.6211932229536, 441.5899810468951, 836.5945291956644, 449.51867230749076], [1209.0222647425212, 915.0424471488716, 1217.5003336872337, 923.2469939267778]]","[48.0, 29.0, 28.0, 22.0]",547,1920,1080,10.0,C:/R_projects/mothz/AC_10out.mp4
"[[989.6187258505416, 1063.3626115852237, 995.588189939563, 1073.2423031924466], [842.9386401483338, 922.5796804508284, 852.4410364695829, 929.2486514817633], [827.9829778940424, 440.82293165834534, 835.7382389761141, 448.8283432468068], [1209.618530199473, 916.0056253229732, 1218.132382442285, 924.2367924191547]]","[48.0, 29.0, 28.0, 22.0]",548,1920,1080,10.0,C:/R_projects/mothz/AC_10out.mp4
"[[989.4702497236335, 1063.9650556692645, 995.6474218451049, 1074.125672019692], [841.5890876724304, 923.234798590405, 850.8941966427083, 929.8441055879841], [827.2609594991685, 439.8917625632889, 835.0259995180353, 448.0869975404747], [1210.6762018392124, 916.6940959647504, 1219.0770575388483, 925.0189989060927]]","[48.0, 29.0, 28.0, 22.0]",549,1920,1080,10.0,C:/R_projects/mothz/AC_10out.mp4
"[[989.1530543721185, 1064.8653906263444, 995.2916331503568, 1075.0759470588714], [839.9691095593189, 923.849887694736, 849.4474977316925, 930.5180063794626], [826.7356038256863, 439.45268327657965, 834.4884061550055, 447.60482636789874], [1211.3274109705008, 917.7159866283318, 1219.9823436490633, 926.0855865300848]]","[48.0, 29.0, 28.0, 22.0]",550,1920,1080,10.0,C:/R_projects/mothz/AC_10out.mp4
"[[989.1631460582413, 1066.106616982694, 995.3886391328937, 1076.166824003099], [838.6630517998956, 924.1817274859397, 848.4681504576724, 930.735314846856], [826.1190593975535, 438.1255098301858, 833.8471374582278, 446.57529879692845], [1211.9631535973908, 918.5227323876308, 1220.6227475930095, 926.9184444587191]]","[48.0, 29.0, 28.0, 22.0]",551,1920,1080,10.0,C:/R_projects/mothz/AC_10out.mp4
"[[988.9406965444841, 1067.1866058139474, 995.1498482460026, 1077.2452800808908], [837.3128490978143, 924.7879627032605, 847.1497420776352, 931.208205366099], [825.385449341134, 436.8847627368057, 833.1921135385218, 445.4456645000425], [1212.6274652594893, 919.3827954324963, 1221.1192859350094, 927.744958590453]]","[48.0, 29.0, 28.0, 22.0]",552,1920,1080,10.0,C:/R_projects/mothz/AC_10out.mp4
"[[988.9125377757921, 1068.1440273964363, 994.9340704055564, 1078.0751118222643], [835.9155029296786, 924.9168067450651, 845.822676731506, 931.2082743805265], [824.6642312919322, 435.75373693307034, 832.662933528721, 444.35538527847797], [1213.6875882112747, 920.1286544349354, 1221.962547053736, 928.427676721689]]","[48.0, 29.0, 28.0, 22.0]",553,1920,1080,10.0,C:/R_projects/mothz/AC_10out.mp4
"[[988.7525919143682, 1068.928194352924, 994.760602807537, 1078.897358544084], [834.5610968321532, 924.9442000101883, 844.5649730170064, 931.2048182269853], [823.9161942863165, 434.6376579156444, 832.050003632365, 443.29676648166316], [1214.831632936958, 920.4563388096142, 1223.0953251737271, 928.9560130299967]]","[48.0, 29.0, 28.0, 22.0]",554,1920,1080,10.0,C:/R_projects/mothz/AC_10out.mp4
"[[988.8698972761508, 1070.1802029774449, 994.62295029385, 1079.7282750389927], [833.2581192792292, 925.2474057287751, 843.3317023266565, 931.2916872486661], [823.0930769290349, 433.3947497136493, 831.0040056906876, 441.97741352594187], [1215.6694924040792, 921.4269326583594, 1224.116553451712, 929.7284025364052]]","[48.0, 29.0, 28.0, 22.0]",555,1920,1080,10.0,C:/R_projects/mothz/AC_10out.mp4
"[[988.8204072370587, 1071.283767074751, 994.4776095352155, 1080.394520122127], [831.8834016641704, 925.3142743297717, 842.0583836519072, 931.1655527525043], [822.3989587117375, 432.1678505884994, 830.0365040699556, 440.69707265587283], [1216.422772718477, 922.2619921430144, 1224.8815726707462, 930.5309463713652]]","[48.0, 29.0, 28.0, 22.0]",556,1920,1080,10.0,C:/R_projects/mothz/AC_10out.mp4
"[[988.5527440950344, 1072.0961201723853, 994.2323794218261, 1080.682007259169], [831.0683720149877, 925.3070019283645, 841.0774076780413, 931.154142630225], [821.6363383906692, 431.5958402627552, 829.4045225892121, 440.2673213161268], [1217.1336100845551, 923.0798125335074, 1225.4383878907493, 931.4325713962693]]","[48.0, 29.0, 28.0, 22.0]",557,1920,1080,10.0,C:/R_projects/mothz/AC_10out.mp4
"[[988.3525141661047, 1073.3845393595257, 994.0713999589667, 1080.9571836669816], [830.017308021098, 925.7861322466572, 839.8724432191623, 931.4581198910289], [820.6009038603319, 430.8338236101568, 828.4615638311185, 439.45492142002166], [1217.699217733824, 923.6103571278702, 1226.1395287452967, 931.9807718228128]]","[48.0, 29.0, 28.0, 22.0]",558,1920,1080,10.0,C:/R_projects/mothz/AC_10out.mp4
"[[988.0500207105632, 1074.1311696455548, 993.7013132465842, 1080.9476934017728], [828.9366688835843, 926.3820925448481, 838.6907418401648, 932.1783893792872], [819.8195739130629, 429.46068128707464, 827.8168329343891, 438.0656645752448], [1218.6359609564445, 924.0976866285372, 1226.913989498593, 932.4438998676666]]","[48.0, 29.0, 28.0, 22.0]",559,1920,1080,10.0,C:/R_projects/mothz/AC_10out.mp4
"[[988.1592843897107, 1074.7814243641023, 993.630870021511, 1080.9030940283474], [827.5216532115977, 926.8612309083026, 837.4790404151742, 932.9435452083442], [818.986779600003, 428.7031515688793, 827.0866019892067, 437.2599196662354], [1219.4609599956734, 924.2528947221334, 1227.6709971034138, 932.5478382035568]]","[48.0, 29.0, 28.0, 22.0]",560,1920,1080,10.0,C:/R_projects/mothz/AC_10out.mp4
"[[826.3916119010663, 927.3389508743153, 836.209706538917, 933.4347173018227], [818.0157647930544, 427.91422426041373, 826.1605442724447, 436.49768286190823], [1220.3304824099737, 925.0647600145838, 1228.5610651337142, 933.0516451792188]]","[29.0, 28.0, 22.0]",561,1920,1080,10.0,C:/R_projects/mothz/AC_10out.mp4
"[[824.795746244809, 927.91547227481, 834.7159795875785, 934.1544984514634], [817.2247404464637, 426.9053555148051, 825.4075052781817, 435.41074400034535], [1221.102831824589, 925.5532859257581, 1229.2762116383324, 933.4747518505043]]","[29.0, 28.0, 22.0]",562,1920,1080,10.0,C:/R_projects/mothz/AC_10out.mp4
"[[823.7664604336666, 928.2289413897093, 833.722614477199, 934.5487659840852], [816.6825709977419, 425.657708231365, 824.7021550579472, 434.17708516033775], [1221.8295278525386, 926.206796398527, 1229.9845674736514, 934.1154673311961]]","[29.0, 28.0, 22.0]",563,1920,1080,10.0,C:/R_projects/mothz/AC_10out.mp4
"[[822.4940973686182, 928.6687643230845, 832.2055500812544, 935.1690635033405], [815.9648604828532, 424.890497370238, 823.9734707419994, 433.1831912397222], [1222.3157017060466, 926.6942589606597, 1230.3986869781606, 934.6312405287447]]","[29.0, 28.0, 22.0]",564,1920,1080,10.0,C:/R_projects/mothz/AC_10out.mp4
"[[821.2074267723098, 929.6010880891258, 830.8325785726726, 935.988810700753], [815.2543626605357, 424.36016559784343, 823.0881131496697, 432.4657969337725], [1222.8023009065314, 927.0492299415071, 1230.8321969197327, 935.0570637369365]]","[29.0, 28.0, 22.0]",565,1920,1080,10.0,C:/R_projects/mothz/AC_10out.mp4
"[[820.0462847235735, 930.1043611512486, 829.6911182658334, 936.3665355330385], [814.323450987154, 423.77407484442443, 822.0614407914427, 431.5553971972383], [1223.503685834318, 927.5574868496024, 1231.486414022136, 935.6176288793463]]","[29.0, 28.0, 22.0]",566,1920,1080,10.0,C:/R_projects/mothz/AC_10out.mp4
"[[819.075283531517, 930.4405781343429, 828.6874905920554, 936.5440451669732], [813.7378316346394, 423.3224171347718, 821.5837949788577, 430.92104858794204], [1223.9146530540745, 927.9089215805965, 1231.9031275128598, 936.0399622079773]]","[29.0, 28.0, 22.0]",567,1920,1080,10.0,C:/R_projects/mothz/AC_10out.mp4
"[[817.692918879849, 930.7291214698433, 827.4152941892462, 936.6453975808798], [813.1003221136175, 422.0957252617959, 821.0587243808227, 429.86423890793435], [1223.9754301046419, 928.3172287029955, 1231.9786346470441, 936.7749964617987]]","[29.0, 28.0, 22.0]",568,1920,1080,10.0,C:/R_projects/mothz/AC_10out.mp4
"[[816.4294580109776, 930.7429881487727, 826.0155197132823, 936.4387095601109], [812.3463851857298, 421.2978284306406, 820.4114862275173, 429.11366404137436], [1224.3021193296001, 928.8588176341377, 1232.384978683973, 937.3007147028106]]","[29.0, 28.0, 22.0]",569,1920,1080,10.0,C:/R_projects/mothz/AC_10out.mp4
"[[815.0714111163873, 930.7818588309714, 824.7396437173072, 936.403229851836], [811.4581005541996, 420.6642683989239, 819.609024232573, 428.6561143342327], [1224.6989000918343, 929.990493228454, 1232.9078585434909, 938.223705724174]]","[29.0, 28.0, 22.0]",570,1920,1080,10.0,C:/R_projects/mothz/AC_10out.mp4
"[[813.1445498532654, 930.7283145170954, 823.1565742673216, 936.362163075444], [810.4135791584376, 419.78559161552096, 818.7220149311145, 427.78467733264665], [1225.4155453017415, 930.6956698974662, 1233.5825697312348, 939.1107242769991]]","[29.0, 28.0, 22.0]",571,1920,1080,10.0,C:/R_projects/mothz/AC_10out.mp4
"[[811.9149038376993, 931.0489232884959, 822.0343723475571, 936.679826525135], [809.3919853441081, 418.8760020375242, 817.9131286900541, 426.8542501116962], [1226.1199470797428, 931.6526213200731, 1234.2999378928266, 939.9194285378554]]","[29.0, 28.0, 22.0]",572,1920,1080,10.0,C:/R_projects/mothz/AC_10out.mp4
"[[810.4738757342873, 931.6148136592205, 820.6463197492508, 937.3688423201272], [808.4759140124609, 417.91672110672823, 816.9913101490877, 425.8480524083717], [1226.786324494252, 931.9905261130715, 1235.1292569895065, 940.4341801881804]]","[29.0, 28.0, 22.0]",573,1920,1080,10.0,C:/R_projects/mothz/AC_10out.mp4
"[[809.4759756964953, 932.034225055925, 819.5158833735653, 937.9470473311948], [807.9211367467421, 417.16701820394354, 816.3169122243212, 425.0738604824982], [1227.7084802980598, 932.5930981314109, 1236.0991599218232, 941.127367068872]]","[29.0, 28.0, 22.0]",574,1920,1080,10.0,C:/R_projects/mothz/AC_10out.mp4
"[[808.6714705932725, 932.4098119365428, 818.5039760698096, 938.5690091367171], [807.1495738252979, 416.1280796158694, 815.4595512637445, 424.0094503967283], [1228.5895233570986, 933.243208485865, 1237.1367318400867, 942.0681436080298]]","[29.0, 28.0, 22.0]",575,1920,1080,10.0,C:/R_projects/mothz/AC_10out.mp4
"[[808.0389530779714, 932.5596972978652, 817.7616089414034, 938.7970566374494], [806.4250314509829, 415.0789478772908, 814.7859118183308, 422.9822444431796], [1229.4388870811442, 933.9717726284149, 1237.9013181865905, 942.6030256230127]]","[29.0, 28.0, 22.0]",576,1920,1080,10.0,C:/R_projects/mothz/AC_10out.mp4
"[[807.1577587099117, 933.3077142495274, 816.8220239461622, 939.8161190191306], [805.6138229413929, 413.8842424421642, 814.0206824915196, 421.716343649165], [1230.0521959186583, 934.5647416592661, 1238.5489145987287, 943.1675838474783]]","[29.0, 28.0, 22.0]",577,1920,1080,10.0,C:/R_projects/mothz/AC_10out.mp4
"[[806.1676618378788, 933.8281024058176, 815.679535212719, 940.4599668295873], [804.7278169538667, 412.6739709050391, 813.2746489417568, 420.71779197250106], [1230.8498585513746, 935.0944362117096, 1239.3808889247973, 943.6876679173871]]","[29.0, 28.0, 22.0]",578,1920,1080,10.0,C:/R_projects/mothz/AC_10out.mp4
"[[805.1502941898918, 934.5330712176041, 814.6346262868342, 941.1967903609506], [803.7630361328432, 411.8448087038072, 812.2855991440498, 419.9492242251024], [1231.3272905834324, 935.7330725402952, 1240.084347853311, 944.3136383726061]]","[29.0, 28.0, 22.0]",579,1920,1080,10.0,C:/R_projects/mothz/AC_10out.mp4
"[[804.5613377118251, 935.0905509888913, 814.0070327979357, 941.996972793797], [803.1172075441909, 410.62064497093434, 811.482897450964, 418.86349060365205], [1231.8104996932752, 936.1368170128748, 1240.6316719280471, 944.5809170761707]]","[29.0, 28.0, 22.0]",580,1920,1080,10.0,C:/R_projects/mothz/AC_10out.mp4
"[[803.74533505612, 935.6736744016657, 812.9617511360184, 942.638401806123], [802.2821627157001, 409.6919082191913, 810.6202153186217, 417.9968946582635], [1232.45321450237, 936.7197321823869, 1241.1532170073056, 944.8995963467112]]","[29.0, 28.0, 22.0]",581,1920,1080,10.0,C:/R_projects/mothz/AC_10out.mp4
"[[802.93605056337, 936.316816191845, 811.9854701999838, 943.4176829605537], [801.4886548322686, 408.798865173106, 809.9035359202321, 417.02418222093337], [1233.191364062219, 937.044937015466, 1241.8916856080043, 945.0495819021861]]","[29.0, 28.0, 22.0]",582,1920,1080,10.0,C:/R_projects/mothz/AC_10out.mp4
"[[802.425103559931, 937.1953596885237, 811.0930854751006, 944.4801506608428], [800.6056334021314, 407.7879265123581, 809.0600812721914, 415.76553540342366], [1233.9679241025142, 937.2145819310803, 1242.866083941823, 945.0276535177871]]","[29.0, 28.0, 22.0]",583,1920,1080,10.0,C:/R_projects/mothz/AC_10out.mp4
"[[802.0418420706485, 938.1448637302069, 810.3364265714224, 945.5749326229457], [800.0040665337909, 406.68687640059744, 808.2636710711569, 414.59472756831], [1234.7437632691233, 937.7476972112914, 1243.701927889026, 945.3765971873585]]","[29.0, 28.0, 22.0]",584,1920,1080,10.0,C:/R_projects/mothz/AC_10out.mp4
"[[801.7867364095467, 938.9916661408548, 809.9925092660345, 946.6403741017217], [799.6247479306418, 405.80630138745806, 807.8007774177171, 413.5516574818251], [1235.370707696006, 938.4737741385271, 1244.2376884579091, 945.7931851181148]]","[29.0, 28.0, 22.0]",585,1920,1080,10.0,C:/R_projects/mothz/AC_10out.mp4
"[[801.0121665825178, 940.2370887654624, 809.342313748815, 948.0625426672468], [798.6430943746839, 405.3560621007021, 807.0082242719964, 413.0432425061966], [1235.77850165007, 938.9233742689847, 1244.741720039661, 946.2558742021373]]","[29.0, 28.0, 22.0]",586,1920,1080,10.0,C:/R_projects/mothz/AC_10out.mp4
"[[800.3491588665194, 941.3591217894207, 808.6829190068839, 949.2083965121406], [797.7624511363591, 404.6705772263357, 806.3299873378782, 412.38788486729777], [1236.2392587124975, 939.3040372611753, 1245.0811546946723, 946.7567060496123]]","[29.0, 28.0, 22.0]",587,1920,1080,10.0,C:/R_projects/mothz/AC_10out.mp4
"[[799.3688562670795, 942.5333448743506, 807.7662864883462, 950.5955596992574], [796.8218464627723, 404.2449407840533, 805.4765665396783, 411.8495659155996], [1236.7120416306432, 939.7204911639514, 1245.4205631812495, 947.2761897031638]]","[29.0, 28.0, 22.0]",588,1920,1080,10.0,C:/R_projects/mothz/AC_10out.mp4
"[[798.0112400354661, 943.5571244525984, 806.7619916501845, 951.2789320559273], [796.235332764221, 404.0169651959894, 804.9619910559583, 411.41577298170057], [1237.3845385913653, 939.913438516251, 1245.9384632178937, 947.7112090858255]]","[29.0, 28.0, 22.0]",589,1920,1080,10.0,C:/R_projects/mothz/AC_10out.mp4
"[[797.0932523695881, 944.6388983538419, 806.0403942988858, 952.2954721111583], [795.6047997421344, 403.5385752987771, 804.317920988773, 410.9195858955727], [1237.7956020281383, 940.6674129819542, 1246.190592392956, 948.746262046551]]","[29.0, 28.0, 22.0]",590,1920,1080,10.0,C:/R_projects/mothz/AC_10out.mp4
"[[795.9021092729072, 945.9413696962478, 804.678457034661, 953.4207399153953], [794.8368977657414, 403.0101204692905, 803.616549504933, 410.3991016360895], [1238.0761187678545, 941.5486382445941, 1246.348449730574, 949.7548238802766]]","[29.0, 28.0, 22.0]",591,1920,1080,10.0,C:/R_projects/mothz/AC_10out.mp4
"[[794.707014175278, 946.9208326434173, 803.4178274694335, 954.4967310135085], [794.1229704037207, 402.4287195121507, 803.0323323774389, 410.0110614616268], [1238.4747189101581, 942.3216432665612, 1246.9261207538784, 950.5116905237709]]","[29.0, 28.0, 22.0]",592,1920,1080,10.0,C:/R_projects/mothz/AC_10out.mp4
"[[793.585808579438, 948.0727788937852, 802.2746370431385, 955.6969818573916], [793.5776303161638, 401.63122035884993, 802.4132664039364, 409.4123492775562], [1238.7396297866555, 943.0372576877338, 1247.1803165055996, 951.0868708319996]]","[29.0, 28.0, 22.0]",593,1920,1080,10.0,C:/R_projects/mothz/AC_10out.mp4
"[[792.6120720603452, 949.0347275182705, 801.314060402335, 956.401343561281], [793.1080936295384, 401.01769159387504, 801.8031182732389, 408.76170805217237], [1238.9798615285777, 943.3820505833204, 1247.4109785969536, 951.3228371262948]]","[29.0, 28.0, 22.0]",594,1920,1080,10.0,C:/R_projects/mothz/AC_10out.mp4
"[[791.5103535487243, 949.9703905336004, 800.6098057913927, 957.2904338538732], [792.5250042409034, 400.0204952705515, 801.0945458770871, 407.86749022479177], [1239.2937867654791, 943.6497674593596, 1247.7125344730098, 951.48969810198]]","[29.0, 28.0, 22.0]",595,1920,1080,10.0,C:/R_projects/mothz/AC_10out.mp4
"[[790.2954230976312, 950.5830068095933, 799.7429567330252, 957.6553153808251], [791.9655990621193, 398.92272648526637, 800.1909826569072, 406.8924677326836], [1239.5140138538404, 943.853430138761, 1248.229494900002, 951.6287443097078]]","[29.0, 28.0, 22.0]",596,1920,1080,10.0,C:/R_projects/mothz/AC_10out.mp4
"[[789.6035285204775, 951.0136304707939, 799.2042152051288, 957.9720836823565], [791.3066268476423, 398.0023754279268, 799.4909325183728, 406.09516371981834], [1239.5134781656611, 944.111446169816, 1248.6142114807785, 951.7421752597152]]","[29.0, 28.0, 22.0]",597,1920,1080,10.0,C:/R_projects/mothz/AC_10out.mp4
"[[788.8975385574273, 951.2857045953581, 798.6096981429206, 958.1760420513963], [790.5745738907547, 397.213906865394, 798.6744949579113, 405.36205775748914], [1239.8707445346733, 944.1220550834909, 1249.246879183769, 951.5078329225634]]","[29.0, 28.0, 22.0]",598,1920,1080,10.0,C:/R_projects/mothz/AC_10out.mp4
"[[787.8321522351462, 951.5297668647604, 797.3497070708777, 958.3942554390687], [789.7133861343872, 396.2880959768179, 797.8753968994814, 404.36428816958835], [1240.286808342273, 944.1826820296657, 1249.771411918466, 951.420863798931]]","[29.0, 28.0, 22.0]",599,1920,1080,10.0,C:/R_projects/mothz/AC_10out.mp4
"[[786.6856352723578, 952.1608829221567, 796.0034439373917, 959.2000282265307], [788.9766662707348, 395.43290787526246, 796.9251678988826, 403.4307671025615], [1240.872327912572, 944.4407737414875, 1250.2397897939345, 951.6487904894447]]","[29.0, 28.0, 22.0]",600,1920,1080,10.0,C:/R_projects/mothz/AC_10out.mp4
"[[785.8040509892492, 953.0134187418779, 794.9108704925868, 960.2875610851721], [788.064631418757, 394.53503789871155, 795.8514705416137, 402.4532973522898], [1241.471902896329, 944.719739486615, 1250.7973702273753, 951.871480710015]]","[29.0, 28.0, 22.0]",601,1920,1080,10.0,C:/R_projects/mothz/AC_10out.mp4
"[[785.1511184514163, 953.7145989496914, 794.1318265545458, 961.2322599368676], [786.9580581651107, 393.8451736029192, 794.9976698803132, 401.64764420223196], [1242.076059978352, 945.118022883022, 1251.42735749624, 952.2129546075518]]","[29.0, 28.0, 22.0]",602,1920,1080,10.0,C:/R_projects/mothz/AC_10out.mp4
"[[784.6450210244031, 954.6265535584332, 793.1271177969604, 962.3624388030171], [785.9817443396355, 393.2237150645927, 794.0770137445033, 400.7170146944954], [1242.8728793806522, 945.7964148210813, 1252.0770273322491, 952.9064225749628]]","[29.0, 28.0, 22.0]",603,1920,1080,10.0,C:/R_projects/mothz/AC_10out.mp4
"[[783.919142184587, 955.4645169405121, 792.2245112288396, 963.5121273228128], [785.1055660873955, 392.5359176773915, 793.2049149494052, 399.8846605846392], [1243.4292626745087, 946.4149618928567, 1252.5821787271634, 953.6326007462211]]","[29.0, 28.0, 22.0]",604,1920,1080,10.0,C:/R_projects/mothz/AC_10out.mp4
"[[783.2476735954162, 956.6120898618412, 791.3907384003994, 964.7268090551688], [784.2099717697648, 392.078668130972, 792.3877486252285, 399.3590520508494], [1244.2567317890732, 946.928111865961, 1253.2323142898933, 953.9432995742836]]","[29.0, 28.0, 22.0]",605,1920,1080,10.0,C:/R_projects/mothz/AC_10out.mp4
"[[782.4639043327253, 957.8420755210396, 790.7878022726383, 966.0114787546007], [783.1287210129326, 391.2269480660465, 791.4039265309455, 398.6155042425794], [1244.9941055894992, 947.3917803410116, 1253.8138482491104, 954.2931841689956]]","[29.0, 28.0, 22.0]",606,1920,1080,10.0,C:/R_projects/mothz/AC_10out.mp4
"[[781.3027983212843, 959.0166471130423, 789.6238821659812, 967.048547341533], [782.2785280155557, 390.39542744345954, 790.5397593652139, 397.96135271477885], [1245.686423132184, 947.8268078143684, 1254.3752665540708, 955.0071294802466]]","[29.0, 28.0, 22.0]",607,1920,1080,10.0,C:/R_projects/mothz/AC_10out.mp4
"[[780.2113816371995, 960.2073769754668, 788.6239188118299, 968.025577524988], [781.5581275880533, 389.67836363499003, 789.8868248095324, 397.3613750980331], [1246.3856829035083, 948.1751378497594, 1254.908889685222, 955.4224071375028]]","[29.0, 28.0, 22.0]",608,1920,1080,10.0,C:/R_projects/mothz/AC_10out.mp4
"[[778.6351535478105, 961.1191754588913, 787.5423956986768, 968.7105423398509], [781.1209931902297, 388.96310184313893, 789.358017049756, 396.85470856205507], [1246.9667190215541, 948.6365567021825, 1255.6090312247234, 955.9893315440967]]","[29.0, 28.0, 22.0]",609,1920,1080,10.0,C:/R_projects/mothz/AC_10out.mp4
"[[777.5756537293868, 961.7465512512882, 786.6426525608005, 969.4673992922363], [780.952893116924, 388.0842876677921, 788.8243478484745, 396.095298876032], [1247.7661619126923, 949.0850992366968, 1256.1944182852164, 956.71616617482]]","[29.0, 28.0, 22.0]",610,1920,1080,10.0,C:/R_projects/mothz/AC_10out.mp4
"[[776.2823124978767, 962.6718164190531, 785.356704204146, 970.4122806487635], [780.8155066464766, 386.95514746362005, 788.5261847260343, 395.24681905349894], [1248.5051759650123, 949.5207792245653, 1257.0213217258047, 957.3263615522503]]","[29.0, 28.0, 22.0]",611,1920,1080,10.0,C:/R_projects/mothz/AC_10out.mp4
"[[774.9451249800896, 963.7385976625733, 784.0634170967988, 971.4641451236112], [780.5130509659249, 386.1000092002962, 788.002905670502, 394.53565692842926], [1249.1108000574877, 950.1976986922198, 1257.6876711864293, 958.1621438429663]]","[29.0, 28.0, 22.0]",612,1920,1080,10.0,C:/R_projects/mothz/AC_10out.mp4
"[[773.5528168560533, 965.0453628089084, 782.6612700498946, 972.7780890302296], [780.3063633538243, 385.57984054681464, 787.6445173479208, 394.11347187969426], [1249.8659446862707, 950.619048963717, 1258.6043196180312, 958.6120514073209]]","[29.0, 28.0, 22.0]",613,1920,1080,10.0,C:/R_projects/mothz/AC_10out.mp4
"[[772.5591610688599, 966.0894668497189, 781.4552265891781, 973.7605692130593], [780.3014329904938, 385.4138734825495, 787.366701755943, 393.8980940121376], [1250.6275120038902, 951.0666222229991, 1259.4730684382787, 959.0823504594982]]","[29.0, 28.0, 22.0]",614,1920,1080,10.0,C:/R_projects/mothz/AC_10out.mp4
"[[771.8857750345642, 967.2540493739273, 780.5442761911881, 974.8915243722979], [780.3587456141483, 385.38155023240785, 787.2298178718099, 393.79813003102623], [1251.3985671953253, 951.5603201967225, 1260.0818980187767, 959.5130852803669]]","[29.0, 28.0, 22.0]",615,1920,1080,10.0,C:/R_projects/mothz/AC_10out.mp4
"[[771.1282186740242, 968.3368219126095, 779.4772900451009, 976.0909327585424], [780.4252731155511, 385.2549087680207, 787.204457385202, 393.65933203123365], [1252.3407545561276, 951.8985129365678, 1260.8336793424496, 959.8446766039626]]","[29.0, 28.0, 22.0]",616,1920,1080,10.0,C:/R_projects/mothz/AC_10out.mp4
"[[770.6702448769787, 969.4386535209126, 779.0153352673632, 977.2577272045171], [780.376904667396, 385.11848618318675, 787.1142039649083, 393.546148268279], [1253.1529780479548, 952.5745850006955, 1261.7564705958782, 960.25977927373]]","[29.0, 28.0, 22.0]",617,1920,1080,10.0,C:/R_projects/mothz/AC_10out.mp4
"[[769.9004153946053, 970.5307009462645, 778.2357345921941, 978.3345741350231], [779.6172940041023, 384.6853275228869, 786.7160553698678, 393.03647646678286], [1254.0958386884238, 953.4786499675903, 1262.7462399303697, 961.0709571452627]]","[29.0, 28.0, 22.0]",618,1920,1080,10.0,C:/R_projects/mothz/AC_10out.mp4
"[[769.0194927175144, 971.5869582415953, 777.2213431164125, 979.4200631167907], [778.9310002324103, 384.2164434834457, 786.2978610048374, 392.10876814090636], [1254.6071325786584, 954.2591035775941, 1263.45037302534, 961.7325860224588]]","[29.0, 28.0, 22.0]",619,1920,1080,10.0,C:/R_projects/mothz/AC_10out.mp4
"[[767.7197502649425, 973.0007607859767, 776.1295628518877, 980.7089954159329], [778.5107354149745, 383.3483222167536, 785.9329703751764, 391.16536662790435], [1255.5198689641936, 954.8708809469381, 1264.1364181263664, 962.3345517250707]]","[29.0, 28.0, 22.0]",620,1920,1080,10.0,C:/R_projects/mothz/AC_10out.mp4
"[[766.573474909391, 974.0520501890221, 774.8805897811508, 981.9381893038455], [777.9836890627964, 382.53082175511605, 785.8465851792434, 390.3903716826059], [1256.2352813688556, 955.3728401702746, 1264.6097966366276, 963.0017977547085]]","[29.0, 28.0, 22.0]",621,1920,1080,10.0,C:/R_projects/mothz/AC_10out.mp4
"[[765.5807359602757, 975.4525518376047, 773.997895434228, 983.0916750038555], [777.0389763435545, 381.59782806796983, 785.000877104177, 389.4888422518506], [1256.8955935920428, 955.7342023388078, 1265.1201533498427, 963.2272981330179]]","[29.0, 28.0, 22.0]",622,1920,1080,10.0,C:/R_projects/mothz/AC_10out.mp4
"[[764.4305745085849, 976.4186232101779, 773.0275950028224, 983.8167274615189], [776.036681136478, 380.3509716857048, 784.0916947470549, 388.12190322567113], [1257.4833343803243, 956.0382234612614, 1265.5336056048163, 963.483245576245]]","[29.0, 28.0, 22.0]",623,1920,1080,10.0,C:/R_projects/mothz/AC_10out.mp4
"[[763.5098454600326, 977.0038938725249, 772.1786887647826, 984.394358130183], [775.2630749792309, 379.3084484142044, 783.382209648486, 387.2547031107378], [1258.1017158650293, 956.4061352099222, 1266.1564493052028, 963.9159415024201]]","[29.0, 28.0, 22.0]",624,1920,1080,10.0,C:/R_projects/mothz/AC_10out.mp4
"[[762.5413085576677, 978.001769231704, 771.2326864980537, 985.2964125474771], [774.777441206029, 378.2250880639434, 782.8291870281424, 386.2859816210495], [1258.5923316974702, 956.9912103659751, 1266.7382642231544, 964.3613311731251]]","[29.0, 28.0, 22.0]",625,1920,1080,10.0,C:/R_projects/mothz/AC_10out.mp4
"[[761.5432018639652, 978.8263007756477, 770.114531954718, 986.5377027872714], [774.110780064039, 377.16985713382627, 782.3221848293437, 385.11086373406425], [1259.1272542947752, 957.6758315689138, 1267.4666922797771, 964.9718094008205]]","[29.0, 28.0, 22.0]",626,1920,1080,10.0,C:/R_projects/mothz/AC_10out.mp4
"[[760.6045688591696, 979.8930781329932, 769.222495389515, 987.5169616873184], [773.4114863145705, 375.99281446742947, 781.7476126082029, 384.0396420524591], [1259.6069374509045, 958.2301283845577, 1267.8771825225515, 965.5734283720149]]","[29.0, 28.0, 22.0]",627,1920,1080,10.0,C:/R_projects/mothz/AC_10out.mp4
"[[759.7029268443417, 980.8468389560387, 768.3796944654256, 988.4572119525476], [772.4287492195111, 375.00160998089217, 780.9175385735442, 383.2337503956058], [1260.1958403802194, 958.5593468277135, 1268.6147172864682, 966.0586912074617]]","[29.0, 28.0, 22.0]",628,1920,1080,10.0,C:/R_projects/mothz/AC_10out.mp4
"[[758.9563711885369, 981.7761726102875, 767.6158250394853, 989.5538866596097], [771.4054180650489, 374.1119850755116, 779.9618999532222, 382.4410368849009], [1260.5802671532788, 959.056153129423, 1269.0226996879405, 966.4695835175636]]","[29.0, 28.0, 22.0]",629,1920,1080,10.0,C:/R_projects/mothz/AC_10out.mp4
"[[757.7994168668231, 982.4766080441108, 766.4540915191994, 990.2362965382653], [770.5656539722464, 373.3398361408064, 779.3911293728896, 381.5164230805586], [1260.9628512741842, 959.660070045939, 1269.335046335891, 966.9435518593449]]","[29.0, 28.0, 22.0]",630,1920,1080,10.0,C:/R_projects/mothz/AC_10out.mp4
"[[756.824474586629, 983.7405947541774, 765.4213407842564, 991.4804702705703], [769.7053976976357, 372.91962637491207, 778.5195648881876, 380.82280250848345], [1261.6691695786985, 960.6885029426096, 1270.120846657514, 967.5408420033712]]","[29.0, 28.0, 22.0]",631,1920,1080,10.0,C:/R_projects/mothz/AC_10out.mp4
"[[755.8922837224901, 984.9004717835484, 764.2984232534055, 992.4026409420477], [769.0089287617529, 371.97530445764, 777.5514932916797, 379.786675534916], [1262.028278757525, 961.1449287077321, 1270.5443383490913, 968.2647783461875]]","[29.0, 28.0, 22.0]",632,1920,1080,10.0,C:/R_projects/mothz/AC_10out.mp4
"[[754.8197033982593, 985.6689831357645, 763.3114032552247, 993.4920002126577], [768.1080890173653, 371.57168112318794, 776.610421109732, 379.0049617837995], [1262.5711799775113, 961.9398444595531, 1271.1708034366497, 969.2481515310001]]","[29.0, 28.0, 22.0]",633,1920,1080,10.0,C:/R_projects/mothz/AC_10out.mp4
"[[753.7804483851794, 986.5127109729043, 762.327553485927, 994.6697790756483], [767.1328776269733, 371.1734441381726, 775.7647776183147, 378.3201195658023], [1263.2046545030266, 962.351513319388, 1271.753467770719, 969.7020297381441]]","[29.0, 28.0, 22.0]",634,1920,1080,10.0,C:/R_projects/mothz/AC_10out.mp4
"[[752.8358665089639, 987.5455324751908, 761.4028871560794, 995.4606160541382], [765.7802929669351, 370.75832453560287, 774.6324648658749, 377.86495685063227], [1263.665486523529, 962.7615518225499, 1272.1223444231039, 970.2450585157729]]","[29.0, 28.0, 22.0]",635,1920,1080,10.0,C:/R_projects/mothz/AC_10out.mp4
"[[751.5054005076088, 988.3312913741815, 760.40152777964, 996.3641935599337], [764.5972620434666, 370.47115027312384, 773.5844740235314, 377.41176669379684], [1264.0514907999068, 963.0643362459489, 1272.3234278783993, 970.7029070086917]]","[29.0, 28.0, 22.0]",636,1920,1080,10.0,C:/R_projects/mothz/AC_10out.mp4
"[[750.0480746605177, 989.6430772146771, 759.0938653623417, 997.6296589601566], [763.2285211937075, 369.67759098940985, 772.4073835344028, 376.5924977238378], [1264.5523331829522, 963.5190934762509, 1272.771119930835, 971.2537723101032]]","[29.0, 28.0, 22.0]",637,1920,1080,10.0,C:/R_projects/mothz/AC_10out.mp4
"[[762.3318115608819, 369.32077316526795, 771.6034475538419, 375.87742812313616], [1264.7697485800256, 963.7419066750194, 1273.153213357343, 971.7881357029419]]","[28.0, 22.0]",638,1920,1080,10.0,C:/R_projects/mothz/AC_10out.mp4
"[[761.4714847586248, 368.64274026786404, 770.6688430666253, 375.286862087557], [1265.005987345001, 964.183870730823, 1273.5947943044366, 972.5169406556322]]","[28.0, 22.0]",639,1920,1080,10.0,C:/R_projects/mothz/AC_10out.mp4
"[[760.460811326127, 367.9695060444718, 769.6094284458256, 374.66988672958905], [1265.4737794124528, 964.8112138424773, 1274.0374674481716, 972.9182235560487]]","[28.0, 22.0]",640,1920,1080,10.0,C:/R_projects/mothz/AC_10out.mp4
"[[744.3895163807993, 993.5978778558572, 753.514525036963, 1000.7305552931766], [759.3544235198931, 367.2860642815154, 768.5436002883068, 374.25871422292056], [1265.8228476477407, 965.4411939839374, 1274.6628642273458, 973.7118948749189]]","[29.0, 28.0, 22.0]",641,1920,1080,10.0,C:/R_projects/mothz/AC_10out.mp4
"[[742.8750247859303, 994.6818371170846, 751.9393405136619, 1001.1851212147042], [758.1444215274654, 366.6332820636928, 767.2142769858139, 373.77673056448265], [1266.051886713006, 965.8466147126635, 1274.9791429607137, 973.963522852729]]","[29.0, 28.0, 22.0]",642,1920,1080,10.0,C:/R_projects/mothz/AC_10out.mp4
"[[741.4164605051977, 995.4350676495909, 750.3886517012801, 1001.5856742286982], [757.2285606302466, 365.54867051484075, 766.1056960546464, 372.9988112088877], [1266.399999027627, 966.3759597903603, 1275.284658282963, 974.3249603796518]]","[29.0, 28.0, 22.0]",643,1920,1080,10.0,C:/R_projects/mothz/AC_10out.mp4
"[[739.4756791032751, 995.984142651578, 748.3779160981233, 1002.0701207876156], [755.9686071438401, 364.2747107517524, 764.8988174776815, 371.8266795273797], [1267.1466329688924, 966.7395254773589, 1276.079924272096, 974.5793139374264]]","[29.0, 28.0, 22.0]",644,1920,1080,10.0,C:/R_projects/mothz/AC_10out.mp4
"[[738.0770987354198, 996.2662764065873, 747.0719018130081, 1002.4748280762363], [754.7291596187041, 363.29460927467466, 763.6128124201772, 370.9345778891458], [1267.0637292047243, 967.2707952007029, 1276.1322885393613, 974.9360652601929]]","[29.0, 28.0, 22.0]",645,1920,1080,10.0,C:/R_projects/mothz/AC_10out.mp4
"[[736.7339921467066, 996.6115673886262, 745.8891425895662, 1003.0182675475941], [753.5092463694339, 362.38308879211456, 762.4880655369575, 369.72253681399445], [1267.6041961922563, 967.8992353775608, 1276.2740155533882, 975.6036713466743]]","[29.0, 28.0, 22.0]",646,1920,1080,10.0,C:/R_projects/mothz/AC_10out.mp4
"[[735.7281896729213, 996.6035727450546, 745.0936486250617, 1003.1254801524824], [752.080036751185, 361.8574824098637, 761.033433605564, 368.89180697933716], [1267.9122507967033, 968.2330639709335, 1276.343889681861, 975.9214199333912]]","[29.0, 28.0, 22.0]",647,1920,1080,10.0,C:/R_projects/mothz/AC_10out.mp4
"[[734.7646560829322, 996.8050826740099, 744.260943727884, 1003.3439146295608], [750.896227122461, 361.19088399301535, 759.8125656142228, 368.20080391181324], [1268.170572209394, 968.5327855288139, 1276.4987439881422, 976.6362181169635]]","[29.0, 28.0, 22.0]",648,1920,1080,10.0,C:/R_projects/mothz/AC_10out.mp4
"[[733.9578774386642, 996.8892358133766, 743.5434500687371, 1003.406075235281], [750.0024867826523, 360.7072092205327, 759.0436622455813, 367.76602645029266], [1268.487401151123, 969.1358775580911, 1276.7407015087408, 977.208881168775]]","[29.0, 28.0, 22.0]",649,1920,1080,10.0,C:/R_projects/mothz/AC_10out.mp4
"[[732.6670802564054, 996.9086577292279, 742.4587613043211, 1003.2461330097207], [749.1888862243106, 360.3151868604654, 758.3790394259752, 367.4049555887785], [1268.9042866495377, 969.8930418242168, 1277.304962977554, 977.783335960159]]","[29.0, 28.0, 22.0]",650,1920,1080,10.0,C:/R_projects/mothz/AC_10out.mp4
"[[731.4864508840748, 996.8677057909919, 741.3096788493907, 1003.0887533235021], [748.0596344114498, 359.8959129120887, 757.3439464146583, 366.88693466488434], [1269.2157613407858, 970.4541997441333, 1277.5738493126146, 978.4788573324065]]","[29.0, 28.0, 22.0]",651,1920,1080,10.0,C:/R_projects/mothz/AC_10out.mp4
"[[730.2416737191296, 996.7247854407134, 740.1863063397933, 1003.0293575447698], [747.0421064558194, 359.4843239356002, 756.3300104381755, 366.38105744977815], [1269.4277850910112, 970.7861730739644, 1277.7841376863803, 978.9009545668534]]","[29.0, 28.0, 22.0]",652,1920,1080,10.0,C:/R_projects/mothz/AC_10out.mp4
"[[728.893322425185, 996.7095158358304, 739.1422689272308, 1003.0078737408367], [746.1608657043305, 358.67880250828165, 755.5760677569826, 365.5638901838358], [1269.7424811117821, 971.5038079349828, 1277.9992162184285, 979.6450275282203]]","[29.0, 28.0, 22.0]",653,1920,1080,10.0,C:/R_projects/mothz/AC_10out.mp4
"[[727.4800483867517, 996.8821626001787, 737.6723257256045, 1003.0865597399512], [745.306583227645, 358.2193426682221, 754.4570903144502, 365.02762661653765], [1270.1317065502092, 972.2181819907033, 1278.5329176187217, 980.3389687232933]]","[29.0, 28.0, 22.0]",654,1920,1080,10.0,C:/R_projects/mothz/AC_10out.mp4
"[[726.3992068097464, 997.0593575252639, 736.4260801773316, 1003.0446421830017], [744.4793799593867, 357.37488029773493, 753.1986426215215, 364.20722959339304], [1270.3803428156184, 972.8510563107268, 1278.7749023849515, 981.028401540829]]","[29.0, 28.0, 22.0]",655,1920,1080,10.0,C:/R_projects/mothz/AC_10out.mp4
"[[724.9272560134004, 997.2843657551734, 734.9975596507604, 1003.171050919726], [743.6876624902942, 356.6232632254275, 752.3896108982327, 363.69310964165373], [1270.665800688366, 973.3299215796634, 1279.2250803639397, 981.6180475112232]]","[29.0, 28.0, 22.0]",656,1920,1080,10.0,C:/R_projects/mothz/AC_10out.mp4
"[[723.7734008000826, 997.4774828423583, 733.8726790539903, 1003.3210724533694], [742.6336592120784, 355.9690831192717, 751.3128371412143, 363.14996427591717], [1271.158147318073, 973.9871908514677, 1279.657892709012, 982.1376322014443]]","[29.0, 28.0, 22.0]",657,1920,1080,10.0,C:/R_projects/mothz/AC_10out.mp4
"[[722.7664898115686, 997.412712568966, 732.8209431175587, 1003.3082608872177], [741.7792421075704, 355.4252327131772, 750.3130015955975, 362.6040833393004], [1271.4255879465716, 974.7548119767082, 1279.6582386613115, 982.4032552683777]]","[29.0, 28.0, 22.0]",658,1920,1080,10.0,C:/R_projects/mothz/AC_10out.mp4
"[[721.2790570948802, 996.9833220333588, 731.6644776001689, 1003.0863909249164], [740.588735340866, 354.59657363268843, 749.1567719593342, 361.9027728332859], [1271.9115856740082, 975.5268822236842, 1279.9973885312975, 983.1839690214674]]","[29.0, 28.0, 22.0]",659,1920,1080,10.0,C:/R_projects/mothz/AC_10out.mp4
"[[719.7913978075593, 996.7132148820606, 730.1251510057026, 1002.69803867173], [739.9822945638444, 353.47221304351046, 748.6400549796562, 360.9148977663176], [1272.4794631786763, 976.373914205624, 1280.7201629409255, 983.8958076526226]]","[29.0, 28.0, 22.0]",660,1920,1080,10.0,C:/R_projects/mothz/AC_10out.mp4
"[[718.3164845419496, 996.5889276051189, 728.6867358824834, 1002.5306432385701], [739.6620378880826, 352.46618148022674, 748.2736873648929, 360.127496712007], [1273.074314666675, 976.9745095638145, 1281.5203676111128, 984.5810100848764]]","[29.0, 28.0, 22.0]",661,1920,1080,10.0,C:/R_projects/mothz/AC_10out.mp4
"[[716.5349436539814, 996.5831089348792, 727.0753357855224, 1002.701934749445], [739.2854340474053, 351.85552158220946, 747.8248440296711, 359.65031724349376], [1273.4334833974806, 977.4968282100875, 1281.953561187959, 985.156322134436]]","[29.0, 28.0, 22.0]",662,1920,1080,10.0,C:/R_projects/mothz/AC_10out.mp4
"[[715.3499467268645, 996.5838510179557, 725.815615770109, 1002.6762556111884], [738.9143443256116, 351.09699940477657, 747.283111979059, 359.1176589594101], [1274.161992805595, 977.6719816630232, 1282.603656605126, 985.2980755422286]]","[29.0, 28.0, 22.0]",663,1920,1080,10.0,C:/R_projects/mothz/AC_10out.mp4
"[[713.9050169469799, 996.5166950251207, 724.4854176522331, 1002.7807484426207], [738.2645551750154, 350.19910577655264, 746.3939972691587, 358.2825266035279], [1274.6666349281359, 978.0017297764426, 1283.2186756639403, 985.7432234392035]]","[29.0, 28.0, 22.0]",664,1920,1080,10.0,C:/R_projects/mothz/AC_10out.mp4
"[[712.9403083018368, 996.3084616554329, 723.354312869969, 1002.6829247979967], [737.8377863636632, 349.12391484913184, 745.9241325112422, 357.3569323036515], [1275.5819069305064, 978.6497411770914, 1283.8989207617317, 986.1667514427207]]","[29.0, 28.0, 22.0]",665,1920,1080,10.0,C:/R_projects/mothz/AC_10out.mp4
"[[711.6992881299626, 996.0419511758934, 722.0587854346146, 1002.4125974303187], [737.2488081022375, 348.27117764681515, 745.2364736868769, 356.6103852469511], [1276.4033838773228, 978.8419769736768, 1284.6494129247706, 986.4589007487325]]","[29.0, 28.0, 22.0]",666,1920,1080,10.0,C:/R_projects/mothz/AC_10out.mp4
"[[710.1495063260724, 995.9011430843126, 720.4709579452723, 1002.2184026510914], [736.3961973291807, 347.64926221464475, 744.5030617360505, 355.9097330054973], [1277.122579116098, 979.374777236259, 1285.7344701510062, 986.9640887850878]]","[29.0, 28.0, 22.0]",667,1920,1080,10.0,C:/R_projects/mothz/AC_10out.mp4
"[[708.6198163775127, 995.6194052544449, 718.7977994221812, 1001.7811752305713], [735.4731744349941, 346.8996628425677, 743.9047116903881, 354.92245741243124], [1277.5839496225758, 979.7463511940738, 1286.6301476755748, 987.5583761290542]]","[29.0, 28.0, 22.0]",668,1920,1080,10.0,C:/R_projects/mothz/AC_10out.mp4
"[[707.3202306549023, 995.3507125586021, 717.3231410686361, 1001.3921995184147], [734.3989287773279, 346.1800897854862, 742.8169490065447, 353.91742320990977], [1278.0702514402071, 980.5163765392991, 1287.419442899359, 988.1432814559911]]","[29.0, 28.0, 22.0]",669,1920,1080,10.0,C:/R_projects/mothz/AC_10out.mp4
"[[705.55782643954, 994.6086267466995, 715.5792187092208, 1000.8677619102774], [733.4224824751182, 345.1370599565998, 742.1338961088079, 352.7590329875132], [1278.423922283583, 980.9232451509791, 1287.9793758699013, 988.4877293894361]]","[29.0, 28.0, 22.0]",670,1920,1080,10.0,C:/R_projects/mothz/AC_10out.mp4
"[[703.6412146265003, 994.3013144130222, 713.6529999615651, 1000.5488877326108], [732.5170770017305, 344.3855559425509, 741.3643740391819, 351.9293644838383], [1279.3984849043138, 981.1844221702733, 1288.6533137813724, 988.7683617913889]]","[29.0, 28.0, 22.0]",671,1920,1080,10.0,C:/R_projects/mothz/AC_10out.mp4
"[[701.5312475284603, 993.7110029121137, 711.7829567392411, 1000.1670809559915], [731.4828102069787, 343.8079052563696, 740.48843789579, 351.27031982209314], [1280.1022083472992, 981.4916770528092, 1289.410730228187, 989.0749856289864]]","[29.0, 28.0, 22.0]",672,1920,1080,10.0,C:/R_projects/mothz/AC_10out.mp4
"[[700.0646644093048, 993.7170333105946, 710.4620791676242, 1000.2741863999515], [730.8612332351685, 343.4444848735629, 739.8077269300621, 350.7087945907072], [1280.3190840692698, 981.7271758458446, 1289.7938447678728, 989.3813173280885]]","[29.0, 28.0, 22.0]",673,1920,1080,10.0,C:/R_projects/mothz/AC_10out.mp4
"[[698.2418501373819, 992.8890172959219, 708.5998803818158, 999.3234868168355], [730.110043142485, 343.17945814023966, 739.0256287208563, 350.2509021243009], [1281.0171677506905, 981.9980130996106, 1290.2971241764676, 989.6983005482072]]","[29.0, 28.0, 22.0]",674,1920,1080,10.0,C:/R_projects/mothz/AC_10out.mp4
"[[696.6323389592743, 992.5816011742262, 707.1108941671379, 998.8967291859311], [728.8438898952012, 342.57037475758847, 737.8282600759318, 349.5253053791732], [1281.7347603137655, 982.3570714382518, 1290.7171174707332, 990.0920695262507]]","[29.0, 28.0, 22.0]",675,1920,1080,10.0,C:/R_projects/mothz/AC_10out.mp4
"[[695.7851560072431, 992.4247422096647, 706.1090600359496, 998.5321237986456], [727.681755227412, 341.99999202393144, 736.8294094044023, 349.10005483289865], [1282.517499792348, 982.7267532590199, 1291.285235342302, 990.4999327991807]]","[29.0, 28.0, 22.0]",676,1920,1080,10.0,C:/R_projects/mothz/AC_10out.mp4
"[[694.1338640123423, 992.2798838677354, 704.4057590082695, 998.1166516559213], [726.7958264268866, 341.29152554519993, 735.9006459581296, 348.5060397041853], [1283.1188842469214, 983.1546460243839, 1291.6024565894136, 990.9098333458459]]","[29.0, 28.0, 22.0]",677,1920,1080,10.0,C:/R_projects/mothz/AC_10out.mp4
"[[692.5404495032881, 992.38055566188, 702.8114760519038, 998.0109113300264], [725.985523156632, 340.62575934786736, 735.0656931923137, 347.974218231144], [1283.9301500321053, 983.9049452777401, 1292.2931579887122, 991.4177288507065]]","[29.0, 28.0, 22.0]",678,1920,1080,10.0,C:/R_projects/mothz/AC_10out.mp4
"[[690.8811026083714, 992.2401008236938, 701.1947782520859, 997.7193860085403], [725.3624671754003, 339.97584466745997, 734.4150913886831, 347.3985059830895], [1284.3979614343532, 984.4652269544698, 1292.9448858974317, 991.952376066739]]","[29.0, 28.0, 22.0]",679,1920,1080,10.0,C:/R_projects/mothz/AC_10out.mp4
"[[689.2151969710671, 992.2813667273068, 699.4233308629462, 997.6844325666863], [724.4358061744009, 339.3403756630373, 733.7557310366948, 346.7468162702812], [1284.8637434629607, 984.8058093416514, 1293.484079711359, 992.6216668476]]","[29.0, 28.0, 22.0]",680,1920,1080,10.0,C:/R_projects/mothz/AC_10out.mp4
"[[687.9584949875193, 992.2370535063708, 697.9565390406667, 997.5944339279217], [723.6397368636752, 338.93261320989495, 733.1135936836282, 346.08106924600384], [1285.5315830094078, 985.5624521651343, 1294.1200332598228, 993.3949338959026]]","[29.0, 28.0, 22.0]",681,1920,1080,10.0,C:/R_projects/mothz/AC_10out.mp4
"[[686.3050044566819, 992.177611452571, 696.2950538271527, 997.5544231700949], [722.9665052230888, 338.4841789238287, 732.6349043158187, 345.45596122418885], [1285.9782241224075, 986.1521447902935, 1294.6136211451408, 994.2598564449434]]","[29.0, 28.0, 22.0]",682,1920,1080,10.0,C:/R_projects/mothz/AC_10out.mp4
"[[684.9552237099654, 991.9585918142803, 694.8341816920952, 997.3636444775301], [721.7993940033342, 338.1579133657573, 731.325807740931, 344.9912501236237], [1286.536480245509, 986.8186354078982, 1295.0820638425505, 995.1086447855071]]","[29.0, 28.0, 22.0]",683,1920,1080,10.0,C:/R_projects/mothz/AC_10out.mp4
"[[683.1879180184408, 991.8175414538183, 693.3135509548372, 997.3555849530954], [720.9323452418681, 337.5636942194193, 730.3878858578076, 344.53762275545137], [1287.123612666528, 987.7712960315574, 1295.5650919267837, 995.9080380021259]]","[29.0, 28.0, 22.0]",684,1920,1080,10.0,C:/R_projects/mothz/AC_10out.mp4
"[[681.3362490285998, 991.9561705809369, 691.5476227034252, 997.4941000153342], [720.1836829774456, 337.2430392823735, 729.692956645287, 344.3214860165791], [1288.0522041572826, 988.4414002344912, 1296.5458638882865, 996.5397737472218]]","[29.0, 28.0, 22.0]",685,1920,1080,10.0,C:/R_projects/mothz/AC_10out.mp4
"[[680.1321000536816, 992.1986786626691, 690.2115591899606, 997.7456595149412], [719.5760267798581, 336.895838405307, 729.0597179262523, 344.0609437888937], [1288.8867849495684, 988.7866121611027, 1297.5517277167553, 997.0235868135859]]","[29.0, 28.0, 22.0]",686,1920,1080,10.0,C:/R_projects/mothz/AC_10out.mp4
"[[678.2012644775543, 992.4365607991125, 688.2520123681857, 997.8006463985629], [718.6047632933585, 336.760872547937, 728.1928758455213, 343.86026860873204], [1289.318981130751, 989.3542900492854, 1298.1699899917019, 997.507250282562]]","[29.0, 28.0, 22.0]",687,1920,1080,10.0,C:/R_projects/mothz/AC_10out.mp4
"[[676.7071307830325, 992.3766179664517, 686.7188121053838, 997.6981959498564], [717.6080001133167, 336.346523963806, 727.3369093910982, 343.52273266147733], [1289.841956867792, 989.8105085208373, 1298.7198361481885, 997.8992196480366]]","[29.0, 28.0, 22.0]",688,1920,1080,10.0,C:/R_projects/mothz/AC_10out.mp4
"[[675.1026482474347, 992.7288956721385, 685.2042540856469, 998.0638753087236], [716.7139130184989, 336.03805694941246, 726.4869722921317, 343.0726131481495], [1290.4818466831246, 990.6488080548346, 1299.1174867555085, 998.8649741976677]]","[29.0, 28.0, 22.0]",689,1920,1080,10.0,C:/R_projects/mothz/AC_10out.mp4
"[[673.6590400228292, 992.6815428991349, 683.7950903377757, 998.0621964143847], [716.11390236205, 335.74508193609125, 725.8188226820583, 342.7970691467246], [1291.2180941466663, 991.7902044594632, 1299.8006904179983, 999.8283466859639]]","[29.0, 28.0, 22.0]",690,1920,1080,10.0,C:/R_projects/mothz/AC_10out.mp4
"[[672.1731203867251, 992.7272882933372, 682.3792293327346, 998.1877272650573], [715.2910459455859, 335.0947539657377, 724.8052523058336, 342.36516634272687], [1292.0367640795953, 992.2660420737297, 1300.577406552181, 1000.3637786544921]]","[29.0, 28.0, 22.0]",691,1920,1080,10.0,C:/R_projects/mothz/AC_10out.mp4
"[[670.7958711511977, 992.3853512695855, 680.8020701470442, 997.8593324641183], [714.3198339632044, 334.82187027700303, 723.6962276234059, 341.9083568342249], [1292.7105442920365, 992.8140437263766, 1301.5236783874243, 1000.9522651732053]]","[29.0, 28.0, 22.0]",692,1920,1080,10.0,C:/R_projects/mothz/AC_10out.mp4
"[[669.2089947397776, 991.8579469533108, 679.016316245202, 997.3185325285301], [713.4405000536196, 334.54340943024573, 722.749373031178, 341.5360537674947], [1293.3084732797415, 993.5566669743286, 1302.150518495881, 1001.7149271507066]]","[29.0, 28.0, 22.0]",693,1920,1080,10.0,C:/R_projects/mothz/AC_10out.mp4
"[[667.1683165009072, 991.6437628583066, 677.0905988935426, 997.2089271792016], [712.3682343794582, 333.8165561617921, 721.6787078283327, 340.7671825859715], [1293.6986063329064, 994.0584765643554, 1302.5272250060766, 1002.0517792390923]]","[29.0, 28.0, 22.0]",694,1920,1080,10.0,C:/R_projects/mothz/AC_10out.mp4
"[[665.6938791892128, 991.4238644273671, 675.4973035062194, 996.94554269222], [711.2533643005778, 333.28132729613554, 720.389735679567, 340.16083052510254], [1294.8086167274682, 994.5331106153221, 1303.5758343629705, 1002.5914378960488]]","[29.0, 28.0, 22.0]",695,1920,1080,10.0,C:/R_projects/mothz/AC_10out.mp4
"[[663.8893590668785, 991.5011138710618, 673.6153945988141, 996.9473366853026], [710.1838451700334, 332.61815947210107, 719.2640907070519, 339.50766009512654], [1295.7287135096853, 995.0984526102188, 1304.5157132792774, 1003.138563868313]]","[29.0, 28.0, 22.0]",696,1920,1080,10.0,C:/R_projects/mothz/AC_10out.mp4
"[[662.2865684562565, 991.2081860669502, 672.062726532237, 996.7387112516562], [709.0714500378639, 332.1158862885685, 718.3236204064443, 338.7914599464908], [1296.136759406244, 995.6255204523802, 1305.0390247108908, 1003.7955859089309]]","[29.0, 28.0, 22.0]",697,1920,1080,10.0,C:/R_projects/mothz/AC_10out.mp4
"[[660.4140774931177, 990.8257577673312, 670.5671686191831, 996.613043105209], [707.9298415408142, 331.14198317590717, 717.1694644222842, 337.8542324100763], [1296.8846030129716, 996.1133637482666, 1305.828108831739, 1004.0901746445442]]","[29.0, 28.0, 22.0]",698,1920,1080,10.0,C:/R_projects/mothz/AC_10out.mp4
"[[659.0726823404979, 990.775843589431, 669.520189744712, 996.6253155461421], [707.3723945772857, 330.5012660560375, 716.4720712997315, 337.1385319927185], [1297.984019202724, 996.5343310010575, 1306.9605872965453, 1004.2872630427313]]","[29.0, 28.0, 22.0]",699,1920,1080,10.0,C:/R_projects/mothz/AC_10out.mp4
"[[657.9375257372269, 990.6088246447874, 668.6291177465969, 996.690045735519], [706.3020539551006, 329.8036193793501, 715.432102603679, 336.5679938365402], [1298.8264853620226, 996.8535348500673, 1307.9172978380775, 1004.4965448581756]]","[29.0, 28.0, 22.0]",700,1920,1080,10.0,C:/R_projects/mothz/AC_10out.mp4
"[[656.5540937400007, 991.0304605472003, 667.092310276758, 996.8509853939989], [705.4054576531679, 329.0206567062968, 714.636240862883, 335.87565756362335], [1299.360139146322, 996.9548727394126, 1308.4183996123804, 1004.6120238699798]]","[29.0, 28.0, 22.0]",701,1920,1080,10.0,C:/R_projects/mothz/AC_10out.mp4
"[[655.1823041876681, 991.4662462571195, 665.7651413516468, 997.4806949886346], [704.5938220211738, 328.5617920549711, 714.0238628949262, 335.4436987089904], [1300.116385416639, 997.1700405794157, 1309.3898651927814, 1004.8199385567626]]","[29.0, 28.0, 22.0]",702,1920,1080,10.0,C:/R_projects/mothz/AC_10out.mp4
"[[654.1434404769768, 991.9832854591534, 664.6827770740451, 998.1978292733822], [704.0672190770077, 328.1813072157439, 713.3800060756538, 335.1976358335435], [1300.5120952444522, 997.5072980701282, 1309.7925567516731, 1004.9110090736162]]","[29.0, 28.0, 22.0]",703,1920,1080,10.0,C:/R_projects/mothz/AC_10out.mp4
"[[652.5241382115975, 992.2614271599451, 662.9927038727875, 998.5561728609763], [703.1073708882499, 327.79844948782636, 712.4714926238186, 334.7584361638659], [1300.999480778889, 997.9393011564805, 1310.3391369343576, 1005.4749592909061]]","[29.0, 28.0, 22.0]",704,1920,1080,10.0,C:/R_projects/mothz/AC_10out.mp4
"[[651.3721571231792, 992.905577691488, 661.7219827859283, 999.4907872641219], [702.0262652557079, 327.0993367366786, 711.3791693459476, 334.1142886395489], [1301.1009810851447, 998.3092670466622, 1310.500913166412, 1005.8924357086398]]","[29.0, 28.0, 22.0]",705,1920,1080,10.0,C:/R_projects/mothz/AC_10out.mp4
"[[649.9505752498817, 993.296588893826, 660.3163626793664, 1000.0031757559785], [701.4128681874943, 326.2106848969638, 710.8163012328507, 333.47090150914437], [1301.1313169135221, 998.9537892338785, 1310.3315363086679, 1006.5591657847763]]","[29.0, 28.0, 22.0]",706,1920,1080,10.0,C:/R_projects/mothz/AC_10out.mp4
"[[649.0349513868462, 993.5252064579306, 659.1091058847844, 1000.3886526433957], [700.957851862622, 325.5048168381636, 710.3218604135961, 332.8870132613007], [1301.5439351323794, 999.8070405626937, 1310.24205107963, 1007.6056747586775]]","[29.0, 28.0, 22.0]",707,1920,1080,10.0,C:/R_projects/mothz/AC_10out.mp4
"[[648.124135381586, 994.2352455156073, 658.0001561700985, 1001.1524442975943], [700.2883253021437, 324.962060474844, 709.7580769318724, 332.49849906961873], [1301.6811851085754, 1000.1894610712708, 1310.0582658153085, 1008.3102969965124]]","[29.0, 28.0, 22.0]",708,1920,1080,10.0,C:/R_projects/mothz/AC_10out.mp4
"[[647.0181921951284, 994.7654104008154, 656.8147149237795, 1001.7514574304132], [699.9378911198514, 324.4191090159418, 709.1505576281136, 331.9639763405104], [1301.8177963577828, 1000.4291519826093, 1309.8854928247433, 1008.6491979611908]]","[29.0, 28.0, 22.0]",709,1920,1080,10.0,C:/R_projects/mothz/AC_10out.mp4
"[[646.0098616944388, 995.3611538772894, 655.7138797729203, 1002.3420078429527], [699.1331148207237, 324.07153285554807, 708.39640529547, 331.71062849297414], [1302.0516057887676, 1000.8854573962229, 1309.7855795787787, 1009.2155243661058]]","[29.0, 28.0, 22.0]",710,1920,1080,10.0,C:/R_projects/mothz/AC_10out.mp4
"[[644.4111129675136, 995.9144714530152, 654.269623528377, 1002.8971761467216], [698.5978997245558, 323.851905377865, 707.7485654724406, 331.26210806009453], [1302.2610424769246, 1001.3361149956856, 1309.7330358004092, 1009.7617904555341]]","[29.0, 28.0, 22.0]",711,1920,1080,10.0,C:/R_projects/mothz/AC_10out.mp4
"[[642.9061090744123, 996.4583700095606, 653.1192565853379, 1003.3638495252663], [697.7297555027865, 323.4202336826043, 706.9746172599632, 330.528921741367], [1302.1576586029978, 1001.673862912922, 1309.5584432632004, 1010.4243722224669]]","[29.0, 28.0, 22.0]",712,1920,1080,10.0,C:/R_projects/mothz/AC_10out.mp4
"[[641.0417113609337, 996.8306003985077, 651.4833632778827, 1003.5241852323248], [696.9927165442341, 323.31374763820537, 706.2534487174321, 330.1692574959986], [1302.168074863207, 1001.9572654840543, 1309.431451653736, 1010.8011406661516]]","[29.0, 28.0, 22.0]",713,1920,1080,10.0,C:/R_projects/mothz/AC_10out.mp4
"[[639.6988745678148, 996.9045275329765, 650.0708077562408, 1003.6159022830986], [696.1389332962825, 323.01961415127903, 705.5283089971623, 329.5853552134847], [1302.0406841279762, 1002.3308178430793, 1308.9993544379406, 1011.2664446489234]]","[29.0, 28.0, 22.0]",714,1920,1080,10.0,C:/R_projects/mothz/AC_10out.mp4
"[[638.1983586372396, 997.3515256110479, 648.4595737875807, 1003.9128500785819], [694.546477231588, 322.72604894989695, 704.0621208271731, 329.1683042944927], [1301.9468237269803, 1002.930076904768, 1308.685257440476, 1011.9568352785549]]","[29.0, 28.0, 22.0]",715,1920,1080,10.0,C:/R_projects/mothz/AC_10out.mp4
"[[636.4401236846899, 997.2958331577023, 646.9135421672412, 1003.6752545775347], [693.3992008932029, 322.4276161864733, 702.7711725331559, 328.8616152144083], [1302.16112650832, 1003.4407415268547, 1308.6340922386019, 1012.5289900727428]]","[29.0, 28.0, 22.0]",716,1920,1080,10.0,C:/R_projects/mothz/AC_10out.mp4
"[[634.7710807145834, 997.4580654639824, 645.3728586456821, 1003.6839345344968], [692.6636256765232, 322.0428553074892, 701.9390260618688, 328.5036396812298], [1302.0419418775596, 1004.2219089719551, 1308.6914093909154, 1013.2759342900342]]","[29.0, 28.0, 22.0]",717,1920,1080,10.0,C:/R_projects/mothz/AC_10out.mp4
"[[632.7509982994807, 997.6464907049811, 643.581673115629, 1003.7673613152439], [691.4690647776341, 321.33115494195897, 700.6418956340957, 328.05826062503], [1302.160878672, 1004.8859461165814, 1308.7332685244116, 1014.089845756042]]","[29.0, 28.0, 22.0]",718,1920,1080,10.0,C:/R_projects/mothz/AC_10out.mp4
"[[631.1529741338315, 997.3954797759824, 642.1552272052368, 1003.629543373242], [690.2670881640786, 320.7474409065728, 699.5728227379545, 327.6685926834044], [1302.36893613057, 1005.362136767382, 1308.8707318926863, 1014.3982243252456]]","[29.0, 28.0, 22.0]",719,1920,1080,10.0,C:/R_projects/mothz/AC_10out.mp4
"[[629.5841864625826, 997.5668748118119, 640.5373114440039, 1003.686475618458], [689.0892451151493, 320.2620863191357, 698.2784485717565, 327.1663132186033], [1302.5456255707666, 1005.5836520357093, 1308.9793927697576, 1014.549394125555]]","[29.0, 28.0, 22.0]",720,1920,1080,10.0,C:/R_projects/mothz/AC_10out.mp4
"[[627.9711263467358, 997.5902535201784, 638.7766948375012, 1003.5317755116677], [687.5495095257094, 319.2529228771716, 696.8211144782246, 326.1926865440065], [1302.8177410731446, 1006.2020333482523, 1309.2080509406514, 1015.083109840422]]","[29.0, 28.0, 22.0]",721,1920,1080,10.0,C:/R_projects/mothz/AC_10out.mp4
"[[626.3858524754264, 997.5679788629992, 637.4148070454439, 1003.770259953911], [686.187291264627, 318.5016102914504, 695.5632588156284, 325.6205984615182], [1303.0443779509685, 1006.7496509707556, 1309.277807346545, 1015.7572788841145]]","[29.0, 28.0, 22.0]",722,1920,1080,10.0,C:/R_projects/mothz/AC_10out.mp4
"[[624.5393407579979, 997.5225917569859, 635.9062629762454, 1004.1544314765046], [685.2830275424725, 317.40595633934873, 694.669908322854, 324.59414954301616], [1303.2290320782986, 1007.2314914773676, 1309.2529722174413, 1016.3327367785878]]","[29.0, 28.0, 22.0]",723,1920,1080,10.0,C:/R_projects/mothz/AC_10out.mp4
"[[623.2263159656799, 997.9040071879788, 634.5542227847778, 1004.5096736306577], [684.4375845731449, 317.14766216404433, 693.8625112191432, 324.2937592613476], [1303.254426652151, 1007.9167640517151, 1309.3638216695397, 1017.1738845504183]]","[29.0, 28.0, 22.0]",724,1920,1080,10.0,C:/R_projects/mothz/AC_10out.mp4
"[[621.205860701941, 998.2978949066411, 632.4153584190913, 1004.7377848539771], [683.4611840577761, 316.7734574375103, 692.9158642927914, 323.77092509246165], [1303.3811591946142, 1008.5932412485919, 1309.5002524323918, 1018.0781778785978]]","[29.0, 28.0, 22.0]",725,1920,1080,10.0,C:/R_projects/mothz/AC_10out.mp4
"[[619.4805316490111, 998.6073728393252, 630.7075717540455, 1004.7922707702743], [682.2095681839961, 316.25973340597284, 691.7690955140919, 323.0170415805824], [1303.323382168584, 1009.1805275260031, 1309.3417336947814, 1018.7050945382084]]","[29.0, 28.0, 22.0]",726,1920,1080,10.0,C:/R_projects/mothz/AC_10out.mp4
"[[617.6025348821295, 999.4818655805573, 628.5873645746306, 1005.5217032778235], [681.0613491370101, 316.0691532182941, 690.6227295183211, 322.4900240378797], [1303.5421032445147, 1009.9228760926718, 1309.5882806892623, 1019.377854806601]]","[29.0, 28.0, 22.0]",727,1920,1080,10.0,C:/R_projects/mothz/AC_10out.mp4
"[[616.1750606057062, 999.8616460131595, 626.8288821456683, 1005.8280576816276], [679.6560651045301, 315.7724747331111, 689.1255400310064, 321.8944216300187], [1303.7056685969008, 1010.5910720981622, 1309.73975089993, 1020.00226217725]]","[29.0, 28.0, 22.0]",728,1920,1080,10.0,C:/R_projects/mothz/AC_10out.mp4
"[[615.1470321289031, 1000.5288569204859, 625.6027978940746, 1006.8346226760539], [678.4021406157742, 315.5516886234559, 687.776352482713, 321.65534502235505], [1303.897865717373, 1011.3228486474754, 1309.9109232796472, 1020.515960183827]]","[29.0, 28.0, 22.0]",729,1920,1080,10.0,C:/R_projects/mothz/AC_10out.mp4
"[[613.9733470266592, 1001.0799372424091, 624.281468677513, 1007.4642394282963], [677.3314101277582, 314.8282266865096, 686.8407562855542, 321.0703396920864], [1304.105173546792, 1011.7379996940316, 1310.202080811194, 1021.157515341651]]","[29.0, 28.0, 22.0]",730,1920,1080,10.0,C:/R_projects/mothz/AC_10out.mp4
"[[612.8006890868231, 1001.7554745430923, 622.9747730014275, 1008.2177317165126], [676.2488424108913, 314.42942142203924, 685.658535944428, 320.6927476231125], [1304.2724452585585, 1012.2305226436616, 1310.4343638475166, 1021.8043662735223]]","[29.0, 28.0, 22.0]",731,1920,1080,10.0,C:/R_projects/mothz/AC_10out.mp4
"[[611.2800155027655, 1002.2121566457714, 621.3153594709838, 1008.5301877101359], [674.9562641243837, 313.8528568572566, 684.4382645347833, 320.2662144186852], [1304.568610512391, 1012.5283158825641, 1310.871805469339, 1022.357793051727]]","[29.0, 28.0, 22.0]",732,1920,1080,10.0,C:/R_projects/mothz/AC_10out.mp4
"[[609.2509439745386, 1002.800055405551, 619.3599620706468, 1009.260415203867], [674.0831138518979, 313.41034186756656, 683.5115570544176, 319.9107908684607], [1304.9484541275585, 1013.3178366605885, 1311.6515425094774, 1022.9579696858978]]","[29.0, 28.0, 22.0]",733,1920,1080,10.0,C:/R_projects/mothz/AC_10out.mp4
"[[607.9084316375677, 1003.3975673595049, 618.0229012886084, 1009.7481269320571], [673.1015249334262, 312.9602724643809, 682.4993931342294, 319.57981836128937], [1305.375305531447, 1014.2762677771908, 1312.2733083640035, 1023.9032574639656]]","[29.0, 28.0, 22.0]",734,1920,1080,10.0,C:/R_projects/mothz/AC_10out.mp4
"[[606.551553608272, 1003.7151862438802, 616.6002738578014, 1009.927563983066], [671.8566793340215, 312.56323789038373, 681.4390725495757, 319.1258576807207], [1305.7739025233082, 1014.9728038086268, 1312.5265072402563, 1024.584369249299]]","[29.0, 28.0, 22.0]",735,1920,1080,10.0,C:/R_projects/mothz/AC_10out.mp4
"[[605.4870666156871, 1003.7431184516744, 615.6178275352836, 1009.7451006105854], [670.8884193816374, 312.2719047987438, 680.3404930629666, 318.6440091957644], [1306.0412732810705, 1015.8888655424487, 1312.8303733453695, 1025.2944468039996]]","[29.0, 28.0, 22.0]",736,1920,1080,10.0,C:/R_projects/mothz/AC_10out.mp4
"[[604.5886238362002, 1003.3957648354283, 614.738192026347, 1009.280976633725], [669.5790523080047, 312.2414706787338, 679.0919609405653, 318.39981852815515], [1306.4277589261244, 1016.6500012749888, 1313.0849106446187, 1026.0504426029374]]","[29.0, 28.0, 22.0]",737,1920,1080,10.0,C:/R_projects/mothz/AC_10out.mp4
"[[604.2338361150356, 1002.8809679086728, 614.4353265766293, 1008.8481373425061], [668.3132770791602, 312.08390481309027, 677.871288319947, 318.1354065809362], [1306.6312635969473, 1017.6592750155535, 1313.3387414186125, 1027.0389271181111]]","[29.0, 28.0, 22.0]",738,1920,1080,10.0,C:/R_projects/mothz/AC_10out.mp4
"[[603.83204770799, 1002.357610344863, 613.9479127925828, 1008.5438955743449], [666.7381942208804, 312.12956477248974, 676.1658251762908, 318.1073249428521], [1307.0604265385923, 1018.5515260830858, 1313.850682988324, 1027.8469242198664]]","[29.0, 28.0, 22.0]",739,1920,1080,10.0,C:/R_projects/mothz/AC_10out.mp4
"[[603.2861127540795, 1001.6134364203538, 613.0822421369429, 1008.1226187439697], [665.3631055064311, 311.9317868603428, 674.8191610617439, 317.96403803141624], [1307.2153219687962, 1019.1187418060456, 1314.1751533177144, 1028.441517656205]]","[29.0, 28.0, 22.0]",740,1920,1080,10.0,C:/R_projects/mothz/AC_10out.mp4
"[[602.3100367446494, 1000.7807698864937, 612.0180341568322, 1007.4685283848004], [663.838596454514, 311.99410218482683, 673.3660523409961, 318.14190575352256], [1307.6226524352683, 1019.2322885077077, 1314.624696354981, 1028.5422546733348]]","[29.0, 28.0, 22.0]",741,1920,1080,10.0,C:/R_projects/mothz/AC_10out.mp4
"[[601.4377275573516, 999.7837846143619, 611.0524046500217, 1006.6285545337554], [662.7368503585669, 312.11137830439236, 672.167713279812, 318.1167694562124], [1308.1612948624638, 1019.7085357323455, 1315.3052236707877, 1028.9154237036782]]","[29.0, 28.0, 22.0]",742,1920,1080,10.0,C:/R_projects/mothz/AC_10out.mp4
"[[600.5547462586551, 998.7058066194826, 610.0364852413809, 1005.6766361733195], [661.5436369114587, 311.90977465295646, 670.9053012473595, 318.0083158561133], [1308.4316957130263, 1020.0248408639542, 1315.77481842008, 1028.795238462388]]","[29.0, 28.0, 22.0]",743,1920,1080,10.0,C:/R_projects/mothz/AC_10out.mp4
"[[599.114094890332, 997.535453050984, 608.5923089647048, 1004.7889555329061], [660.0751006421681, 311.8393377061271, 669.5249291991174, 317.7139498621811], [1308.7790424183352, 1020.3554337904058, 1316.3807397285275, 1028.827783352989]]","[29.0, 28.0, 22.0]",744,1920,1080,10.0,C:/R_projects/mothz/AC_10out.mp4
"[[597.9400749294397, 996.4164180879587, 607.5518511943384, 1003.9319415882286], [658.7847894007785, 311.2753076400356, 668.4461740609714, 317.12532742627053], [1309.1331579847638, 1021.0409019717918, 1317.1670757214256, 1029.3255165329956]]","[29.0, 28.0, 22.0]",745,1920,1080,10.0,C:/R_projects/mothz/AC_10out.mp4
"[[596.6516157431626, 995.2570940565805, 606.1761668421492, 1002.9318617961018], [657.6722193154767, 310.912387487066, 667.3903763746225, 316.9692459266262], [1309.2430766300217, 1021.550671232601, 1317.6359248540452, 1029.8268694263847]]","[29.0, 28.0, 22.0]",746,1920,1080,10.0,C:/R_projects/mothz/AC_10out.mp4
"[[595.1024499329595, 994.056133379449, 604.8206593827684, 1002.0202294559947], [656.4563606486655, 310.2687192597319, 666.2342532596437, 316.5004884576186], [1309.7874091008637, 1021.707680974141, 1318.1962188252871, 1030.068539040066]]","[29.0, 28.0, 22.0]",747,1920,1080,10.0,C:/R_projects/mothz/AC_10out.mp4
"[[593.6981353740015, 993.5740709389466, 603.4002380640574, 1001.3924685941441], [655.0917679867935, 309.92212322535784, 664.7160586170405, 316.0891799625492], [1310.5463640224523, 1022.6766485784574, 1318.931873472529, 1030.7297794180472]]","[29.0, 28.0, 22.0]",748,1920,1080,10.0,C:/R_projects/mothz/AC_10out.mp4
"[[592.0116978686937, 992.8816345200667, 601.4995942440213, 1000.6734750581388], [653.8762861879577, 309.52181880865066, 663.4555567113675, 315.4481784316299]]","[29.0, 28.0]",749,1920,1080,10.0,C:/R_projects/mothz/AC_10out.mp4
"[[590.6739756241444, 992.2169952389767, 600.3094831444208, 999.853480560868], [652.8059819554231, 309.3639161011364, 662.6446412351755, 315.2038157517893]]","[29.0, 28.0]",750,1920,1080,10.0,C:/R_projects/mothz/AC_10out.mp4
"[[589.5097976827801, 991.4278074724575, 599.2223126065649, 999.0605595420348], [651.4920917499915, 309.1563243707031, 661.3810872734989, 315.0425091258248]]","[29.0, 28.0]",751,1920,1080,10.0,C:/R_projects/mothz/AC_10out.mp4
"[[588.0098111658416, 990.7374658943977, 597.8560896824957, 997.9793506124836], [650.4272130002814, 309.41980544696713, 660.4369796167073, 315.1183353393529]]","[29.0, 28.0]",752,1920,1080,10.0,C:/R_projects/mothz/AC_10out.mp4
"[[586.399235812022, 990.1128843767111, 596.347796298571, 997.1120810792482], [649.3643337769316, 309.4709190094217, 659.3621735610533, 315.10580081450115]]","[29.0, 28.0]",753,1920,1080,10.0,C:/R_projects/mothz/AC_10out.mp4
"[[585.3277534954753, 989.4606772377447, 595.1474849137318, 996.4315804747], [648.4889383838876, 309.32203475188044, 658.5363042543721, 314.881101453926]]","[29.0, 28.0]",754,1920,1080,10.0,C:/R_projects/mothz/AC_10out.mp4
"[[584.2110657852902, 989.0290960913137, 594.2040661446579, 996.0521158978829], [647.5665137760587, 309.4343905825832, 657.5210749313666, 315.02537849213877]]","[29.0, 28.0]",755,1920,1080,10.0,C:/R_projects/mothz/AC_10out.mp4
"[[582.6638775115789, 988.2472823424495, 592.6195497097858, 995.5665410928603], [647.0614287005877, 309.44237596876553, 657.0331530038806, 314.91792674824626]]","[29.0, 28.0]",756,1920,1080,10.0,C:/R_projects/mothz/AC_10out.mp4
"[[581.8753520075652, 987.44133521096, 591.5453863875541, 994.901344085547], [646.6626540879889, 309.35779158535524, 656.5143162705123, 315.0152598965567]]","[29.0, 28.0]",757,1920,1080,10.0,C:/R_projects/mothz/AC_10out.mp4
"[[581.3025157528343, 986.5187793934674, 590.5040887528189, 994.3123365272977], [646.1145577314754, 309.69621595526854, 655.8113579988952, 315.2235415521606]]","[29.0, 28.0]",758,1920,1080,10.0,C:/R_projects/mothz/AC_10out.mp4
"[[645.315385184595, 309.79283847012033, 655.2706493476126, 315.2940416921794]]",[28.0],759,1920,1080,10.0,C:/R_projects/mothz/AC_10out.mp4
"[[644.818027867548, 309.90090604576204, 654.551748113825, 315.3571357271481]]",[28.0],760,1920,1080,10.0,C:/R_projects/mothz/AC_10out.mp4
"[[644.1995145631391, 309.9065696318732, 654.1476134371879, 315.3556486112396]]",[28.0],761,1920,1080,10.0,C:/R_projects/mothz/AC_10out.mp4
"[[643.7025638406238, 310.08624254194024, 653.5531110261487, 315.4401865948788]]",[28.0],762,1920,1080,10.0,C:/R_projects/mothz/AC_10out.mp4
"[[643.1480588688444, 310.1085561315169, 653.0393679419938, 315.56069189907356]]",[28.0],763,1920,1080,10.0,C:/R_projects/mothz/AC_10out.mp4
"[[642.559156914147, 309.74083837519515, 652.4062971835801, 315.28910968936304]]",[28.0],764,1920,1080,10.0,C:/R_projects/mothz/AC_10out.mp4
"[[641.4605239219649, 309.72791228160816, 651.2683832336587, 315.1815943096286]]",[28.0],765,1920,1080,10.0,C:/R_projects/mothz/AC_10out.mp4
"[[640.4436499948183, 309.5117367914936, 650.1004855394062, 314.90692176088044]]",[28.0],766,1920,1080,10.0,C:/R_projects/mothz/AC_10out.mp4
"[[639.5336707783399, 309.17187121978094, 649.18699248177, 314.5166212764041]]",[28.0],767,1920,1080,10.0,C:/R_projects/mothz/AC_10out.mp4
"[[639.1206589130868, 309.021561277239, 648.7010793539437, 314.42859225498864]]",[28.0],768,1920,1080,10.0,C:/R_projects/mothz/AC_10out.mp4
"[[638.3387880498287, 308.9353104704235, 647.8530168460161, 314.35667280955283]]",[28.0],769,1920,1080,10.0,C:/R_projects/mothz/AC_10out.mp4
"[[637.4525300880464, 308.7721962174489, 647.2669224536837, 314.1596895861084]]",[28.0],770,1920,1080,10.0,C:/R_projects/mothz/AC_10out.mp4
"[[636.8588108234323, 308.79853063663694, 646.8939330253154, 314.1357647052203]]",[28.0],771,1920,1080,10.0,C:/R_projects/mothz/AC_10out.mp4
"[[635.9657227074631, 308.4073069868561, 645.8778484619099, 313.9459750063972]]",[28.0],772,1920,1080,10.0,C:/R_projects/mothz/AC_10out.mp4
"[[635.5472440500033, 308.1356284676358, 645.1146967981007, 313.89850567765563]]",[28.0],773,1920,1080,10.0,C:/R_projects/mothz/AC_10out.mp4
"[[635.0060959570474, 307.5267436813751, 644.1885445460587, 313.5439211040413]]",[28.0],774,1920,1080,10.0,C:/R_projects/mothz/AC_10out.mp4
"[[634.6686645823434, 307.0008773488979, 643.5781860135937, 313.4084925319904]]",[28.0],775,1920,1080,10.0,C:/R_projects/mothz/AC_10out.mp4
"[[634.3221917060898, 306.3847046210545, 643.1042278595826, 313.04850488228493]]",[28.0],776,1920,1080,10.0,C:/R_projects/mothz/AC_10out.mp4
"[[633.3865231291276, 305.7198964938767, 642.1816073483254, 312.51574974813116]]",[28.0],777,1920,1080,10.0,C:/R_projects/mothz/AC_10out.mp4
"[[632.3656247431275, 305.0662955389677, 641.3150603776878, 311.78738376066104]]",[28.0],778,1920,1080,10.0,C:/R_projects/mothz/AC_10out.mp4
"[[631.2005463169454, 304.313420094057, 640.2009559887637, 311.17867744130723]]",[28.0],779,1920,1080,10.0,C:/R_projects/mothz/AC_10out.mp4
"[[630.2391345547829, 303.27006056343527, 639.0373524922303, 310.3401569300632]]",[28.0],780,1920,1080,10.0,C:/R_projects/mothz/AC_10out.mp4
"[[629.4188440685053, 302.4231092891799, 638.1307180252865, 309.6353301263678]]",[28.0],781,1920,1080,10.0,C:/R_projects/mothz/AC_10out.mp4
"[[628.9314812419847, 301.4675168359888, 637.3453099778618, 308.82108720788676]]",[28.0],782,1920,1080,10.0,C:/R_projects/mothz/AC_10out.mp4
"[[628.3088357649225, 300.4723909644078, 636.6023180235228, 307.8728787080292]]",[28.0],783,1920,1080,10.0,C:/R_projects/mothz/AC_10out.mp4
"[[627.5574122307092, 299.2346450075897, 635.6672077160121, 306.90562454432603]]",[28.0],784,1920,1080,10.0,C:/R_projects/mothz/AC_10out.mp4
"[[626.8666160725714, 298.2894663847998, 634.8701673935474, 306.0255648328319]]",[28.0],785,1920,1080,10.0,C:/R_projects/mothz/AC_10out.mp4
"[[625.878245438181, 297.67906057648014, 633.8901484406363, 305.4602237758725]]",[28.0],786,1920,1080,10.0,C:/R_projects/mothz/AC_10out.mp4
"[[624.9436139591361, 296.7554625820459, 633.2764781367213, 304.6253814946913]]",[28.0],787,1920,1080,10.0,C:/R_projects/mothz/AC_10out.mp4
"[[623.890944469435, 295.84217622208854, 632.3940562369351, 303.56309638911836]]",[28.0],788,1920,1080,10.0,C:/R_projects/mothz/AC_10out.mp4
"[[623.1375278391159, 295.09011513512013, 631.5933565303459, 302.79525722040165]]",[28.0],789,1920,1080,10.0,C:/R_projects/mothz/AC_10out.mp4
"[[622.2052083034926, 294.42436662323246, 630.9042577779464, 302.2279511528254]]",[28.0],790,1920,1080,10.0,C:/R_projects/mothz/AC_10out.mp4
"[[621.3262488893256, 293.68554001694895, 629.8708546491664, 301.5424061208713]]",[28.0],791,1920,1080,10.0,C:/R_projects/mothz/AC_10out.mp4
"[[620.5825488589188, 292.59182983696866, 629.1345794223838, 300.7231569999055]]",[28.0],792,1920,1080,10.0,C:/R_projects/mothz/AC_10out.mp4
"[[620.1031733219238, 291.5761622488768, 628.4935999416791, 299.66361073788187]]",[28.0],793,1920,1080,10.0,C:/R_projects/mothz/AC_10out.mp4
"[[619.5799177437832, 290.69702204421156, 627.9888492538221, 298.9450338433608]]",[28.0],794,1920,1080,10.0,C:/R_projects/mothz/AC_10out.mp4
"[[618.8473876197659, 289.8455617268678, 627.304897589411, 298.0845647523374]]",[28.0],795,1920,1080,10.0,C:/R_projects/mothz/AC_10out.mp4
"[[618.0221987246442, 289.0259567209221, 626.4102344756219, 297.1249028423089]]",[28.0],796,1920,1080,10.0,C:/R_projects/mothz/AC_10out.mp4
"[[617.3681565597745, 287.8554677507842, 625.6898468282462, 295.811376280584]]",[28.0],797,1920,1080,10.0,C:/R_projects/mothz/AC_10out.mp4
"[[616.7853495290424, 286.90186738689994, 625.1869813386597, 295.0009585788038]]",[28.0],798,1920,1080,10.0,C:/R_projects/mothz/AC_10out.mp4
"[[616.1528256429166, 286.0679368487238, 624.5461865023393, 294.1382671558073]]",[28.0],799,1920,1080,10.0,C:/R_projects/mothz/AC_10out.mp4
"[[615.4421892559434, 285.40399022232185, 623.6234967320648, 293.28586126006013]]",[28.0],800,1920,1080,10.0,C:/R_projects/mothz/AC_10out.mp4
"[[614.5198839398886, 284.76149046665415, 622.6849432050062, 292.59734315175666]]",[28.0],801,1920,1080,10.0,C:/R_projects/mothz/AC_10out.mp4
"[[613.4909951965772, 283.5002111794922, 621.774674675178, 291.4142113970123]]",[28.0],802,1920,1080,10.0,C:/R_projects/mothz/AC_10out.mp4
"[[612.8448927229748, 282.6470496027494, 621.0185050477656, 290.57379436559205]]",[28.0],803,1920,1080,10.0,C:/R_projects/mothz/AC_10out.mp4
"[[612.3702564149247, 281.4543546217606, 620.2299277529779, 289.4894946224974]]",[28.0],804,1920,1080,10.0,C:/R_projects/mothz/AC_10out.mp4
"[[611.8878644203256, 280.20783086026194, 619.5757210802266, 288.27293412886655]]",[28.0],805,1920,1080,10.0,C:/R_projects/mothz/AC_10out.mp4
"[[611.3649979790174, 278.9755940879283, 618.7904935494031, 286.9816532158732]]",[28.0],806,1920,1080,10.0,C:/R_projects/mothz/AC_10out.mp4
"[[610.5384693887476, 277.836622817336, 618.0900823834417, 285.8039206022163]]",[28.0],807,1920,1080,10.0,C:/R_projects/mothz/AC_10out.mp4
"[[609.7786932780334, 276.54778459759865, 617.3976053571532, 284.7022514864273]]",[28.0],808,1920,1080,10.0,C:/R_projects/mothz/AC_10out.mp4
"[[609.377823231048, 275.6958587434978, 617.1862376256285, 283.7261130793947]]",[28.0],809,1920,1080,10.0,C:/R_projects/mothz/AC_10out.mp4
"[[608.7556759754827, 275.30820374382074, 616.7948356224779, 283.17993671115175]]",[28.0],810,1920,1080,10.0,C:/R_projects/mothz/AC_10out.mp4
"[[608.3455196245569, 275.3034993157097, 616.4959089361895, 283.01362612369894]]",[28.0],811,1920,1080,10.0,C:/R_projects/mothz/AC_10out.mp4
"[[607.5458506663647, 275.23805254655565, 616.0379875665628, 282.8608650405167]]",[28.0],812,1920,1080,10.0,C:/R_projects/mothz/AC_10out.mp4
"[[606.5756770811599, 275.204493987642, 615.4569611102593, 282.68619415751886]]",[28.0],813,1920,1080,10.0,C:/R_projects/mothz/AC_10out.mp4
"[[605.692224904365, 274.6644380871488, 614.9335535722394, 282.2945466271343]]",[28.0],814,1920,1080,10.0,C:/R_projects/mothz/AC_10out.mp4
"[[605.2110183422744, 274.188721144823, 614.6377667171957, 281.9969507419218]]",[28.0],815,1920,1080,10.0,C:/R_projects/mothz/AC_10out.mp4
"[[604.7250629992982, 273.70418073595164, 614.1530497264771, 281.52674157612495]]",[28.0],816,1920,1080,10.0,C:/R_projects/mothz/AC_10out.mp4
"[[603.9735486210242, 272.9504757518823, 613.2073200336189, 280.7506599751779]]",[28.0],817,1920,1080,10.0,C:/R_projects/mothz/AC_10out.mp4
"[[603.4835478556134, 272.31286105799575, 612.6425281075932, 280.1970504258974]]",[28.0],818,1920,1080,10.0,C:/R_projects/mothz/AC_10out.mp4
"[[602.749867901654, 271.5590917469357, 611.701492778078, 279.6840234765539]]",[28.0],819,1920,1080,10.0,C:/R_projects/mothz/AC_10out.mp4
"[[602.2343219823348, 270.8884470235146, 611.0363361254969, 278.9878577970169]]",[28.0],820,1920,1080,10.0,C:/R_projects/mothz/AC_10out.mp4
"[[601.5697111667625, 270.4176001295859, 610.4627059396714, 278.3438406953107]]",[28.0],821,1920,1080,10.0,C:/R_projects/mothz/AC_10out.mp4
"[[600.7429412349243, 269.8616702374876, 609.7099970311003, 277.59767535345804]]",[28.0],822,1920,1080,10.0,C:/R_projects/mothz/AC_10out.mp4
"[[600.2070675286226, 269.30150305366146, 609.0572309034177, 276.92688039163886]]",[28.0],823,1920,1080,10.0,C:/R_projects/mothz/AC_10out.mp4
"[[599.7234382469449, 268.3286455911109, 608.2763654236471, 276.16559152631896]]",[28.0],824,1920,1080,10.0,C:/R_projects/mothz/AC_10out.mp4
"[[599.2087650680307, 267.4511608980664, 607.6412806613246, 275.42414672842426]]",[28.0],825,1920,1080,10.0,C:/R_projects/mothz/AC_10out.mp4
"[[598.9601094994981, 266.8673016167739, 607.3567003503452, 275.00049879555985]]",[28.0],826,1920,1080,10.0,C:/R_projects/mothz/AC_10out.mp4
"[[598.5206481469153, 266.0524735521484, 606.6917654743257, 274.36393152160986]]",[28.0],827,1920,1080,10.0,C:/R_projects/mothz/AC_10out.mp4
"[[598.1443515026276, 264.7475333789745, 606.3169606312197, 273.32342870980096]]",[28.0],828,1920,1080,10.0,C:/R_projects/mothz/AC_10out.mp4
"[[597.6133465496047, 263.8847650267882, 605.6394401701172, 272.45439499851483]]",[28.0],829,1920,1080,10.0,C:/R_projects/mothz/AC_10out.mp4
"[[597.0534399954604, 263.18651938640926, 604.9897175077497, 271.7713522808507]]",[28.0],830,1920,1080,10.0,C:/R_projects/mothz/AC_10out.mp4
"[[596.3540976275654, 262.8476187593589, 604.389535966641, 271.1690400376162]]",[28.0],831,1920,1080,10.0,C:/R_projects/mothz/AC_10out.mp4
"[[595.4745405797115, 262.4251653856982, 603.6536574208322, 270.46491627866993]]",[28.0],832,1920,1080,10.0,C:/R_projects/mothz/AC_10out.mp4
"[[594.8994884250831, 261.8025676427171, 603.1987334304763, 269.8127396488677]]",[28.0],833,1920,1080,10.0,C:/R_projects/mothz/AC_10out.mp4
"[[593.9882830291439, 260.917627644726, 602.4219304832333, 268.92186431323086]]",[28.0],834,1920,1080,10.0,C:/R_projects/mothz/AC_10out.mp4
"[[593.5314582067123, 260.1031277916121, 602.0215366450874, 268.2156767689113]]",[28.0],835,1920,1080,10.0,C:/R_projects/mothz/AC_10out.mp4
"[[593.0665771510572, 259.248249135156, 601.5106574422249, 267.6290726092275]]",[28.0],836,1920,1080,10.0,C:/R_projects/mothz/AC_10out.mp4
"[[592.1913297121349, 258.1531444878237, 600.5503580031249, 266.85484270561]]",[28.0],837,1920,1080,10.0,C:/R_projects/mothz/AC_10out.mp4
"[[591.6904590856498, 257.0092699078771, 599.9149764753422, 265.85440200887246]]",[28.0],838,1920,1080,10.0,C:/R_projects/mothz/AC_10out.mp4
"[[591.202233523044, 255.95763477786272, 599.4114541401682, 264.76531689969]]",[28.0],839,1920,1080,10.0,C:/R_projects/mothz/AC_10out.mp4
"[[590.5929051501932, 254.9214957604246, 598.5626020604209, 263.65954111234805]]",[28.0],840,1920,1080,10.0,C:/R_projects/mothz/AC_10out.mp4
"[[589.9720578981393, 254.04577161490155, 597.9326539443529, 262.5667039534853]]",[28.0],841,1920,1080,10.0,C:/R_projects/mothz/AC_10out.mp4
"[[589.1573250183919, 253.003784164066, 597.156340535799, 261.27954661445244]]",[28.0],842,1920,1080,10.0,C:/R_projects/mothz/AC_10out.mp4
"[[588.4629169547285, 252.03406427301545, 596.7194952195981, 260.0913862836677]]",[28.0],843,1920,1080,10.0,C:/R_projects/mothz/AC_10out.mp4
"[[587.5299719347272, 251.60793335818255, 595.9934959027325, 259.48223183308824]]",[28.0],844,1920,1080,10.0,C:/R_projects/mothz/AC_10out.mp4
"[[586.6910697010553, 250.99904192013054, 595.3079501247944, 258.8121589268275]]",[28.0],845,1920,1080,10.0,C:/R_projects/mothz/AC_10out.mp4
"[[585.9506536070461, 250.31413258186592, 594.6984420575881, 258.0998490561226]]",[28.0],846,1920,1080,10.0,C:/R_projects/mothz/AC_10out.mp4
"[[585.0854861472133, 249.44541852852575, 593.6691511346162, 257.3634373171229]]",[28.0],847,1920,1080,10.0,C:/R_projects/mothz/AC_10out.mp4
"[[584.4132041861883, 248.38195063344807, 592.7452129237322, 256.384250525532]]",[28.0],848,1920,1080,10.0,C:/R_projects/mothz/AC_10out.mp4
"[[583.7637170622853, 247.4522382947985, 591.8577383609082, 255.41346668963658]]",[28.0],849,1920,1080,10.0,C:/R_projects/mothz/AC_10out.mp4
"[[583.3483774350709, 245.86993235872256, 591.2994374214795, 253.91698020766285]]",[28.0],850,1920,1080,10.0,C:/R_projects/mothz/AC_10out.mp4
"[[582.7905087527348, 244.26203728698823, 590.8092101182184, 252.50764468488074]]",[28.0],851,1920,1080,10.0,C:/R_projects/mothz/AC_10out.mp4
"[[582.3069534533847, 243.21668814687243, 590.3114515599902, 251.51062112233606]]",[28.0],852,1920,1080,10.0,C:/R_projects/mothz/AC_10out.mp4
"[[581.6451489113825, 242.62834871192388, 589.6654319803021, 250.70085416540223]]",[28.0],853,1920,1080,10.0,C:/R_projects/mothz/AC_10out.mp4
"[[580.6639175565792, 241.9033539732043, 588.9217332241221, 249.8707437897431]]",[28.0],854,1920,1080,10.0,C:/R_projects/mothz/AC_10out.mp4
"[[579.9429078133114, 241.4109253372009, 588.3721402491535, 249.1605293476994]]",[28.0],855,1920,1080,10.0,C:/R_projects/mothz/AC_10out.mp4
"[[579.5186520928671, 241.0170247810664, 587.8359243234152, 248.2911388084601]]",[28.0],856,1920,1080,10.0,C:/R_projects/mothz/AC_10out.mp4
"[[579.0367010571247, 240.58701119105288, 587.2513463025223, 247.55760900407418]]",[28.0],857,1920,1080,10.0,C:/R_projects/mothz/AC_10out.mp4
"[[578.6369383607615, 239.9668503888859, 586.7691280425882, 246.8140627019653]]",[28.0],858,1920,1080,10.0,C:/R_projects/mothz/AC_10out.mp4
"[[578.0075441118582, 239.35826150825196, 585.9222378425912, 246.0960671025508]]",[28.0],859,1920,1080,10.0,C:/R_projects/mothz/AC_10out.mp4
"[[577.6138763066659, 238.38248315075202, 585.1237857716609, 245.04368934724397]]",[28.0],860,1920,1080,10.0,C:/R_projects/mothz/AC_10out.mp4
"[[577.3774474268657, 237.6483295751771, 584.5692254946841, 244.14273439409604]]",[28.0],861,1920,1080,10.0,C:/R_projects/mothz/AC_10out.mp4
"[[576.7113628416371, 236.8878217451419, 583.8163194498818, 243.31546146126126]]",[28.0],862,1920,1080,10.0,C:/R_projects/mothz/AC_10out.mp4
[],[],863,1920,1080,10.0,C:/R_projects/mothz/AC_10out.mp4
[],[],864,1920,1080,10.0,C:/R_projects/mothz/AC_10out.mp4
[],[],865,1920,1080,10.0,C:/R_projects/mothz/AC_10out.mp4
[],[],866,1920,1080,10.0,C:/R_projects/mothz/AC_10out.mp4
[],[],867,1920,1080,10.0,C:/R_projects/mothz/AC_10out.mp4
"[[572.5685538781081, 232.7658740990984, 580.3250215309654, 239.32027096824007]]",[54.0],868,1920,1080,10.0,C:/R_projects/mothz/AC_10out.mp4
"[[572.5125199996054, 231.967653590498, 579.9333034261034, 238.4074841996112]]",[54.0],869,1920,1080,10.0,C:/R_projects/mothz/AC_10out.mp4
"[[572.4155402267539, 231.04994084752542, 579.5992355596742, 237.498418456923]]",[54.0],870,1920,1080,10.0,C:/R_projects/mothz/AC_10out.mp4
"[[571.9093052411844, 229.43436309114793, 578.8714330955714, 236.3341721464236]]",[54.0],871,1920,1080,10.0,C:/R_projects/mothz/AC_10out.mp4
"[[570.843964455, 228.566839878451, 578.1819336866637, 235.76406908938543]]",[54.0],872,1920,1080,10.0,C:/R_projects/mothz/AC_10out.mp4
"[[570.4952404716754, 227.81921523444723, 577.5350331792716, 234.8736009631559]]",[54.0],873,1920,1080,10.0,C:/R_projects/mothz/AC_10out.mp4
"[[569.8246953135836, 227.07849985626848, 576.9014338067136, 234.20537250140984]]",[54.0],874,1920,1080,10.0,C:/R_projects/mothz/AC_10out.mp4
"[[568.8774532566023, 226.321932081263, 576.1859767870395, 233.56569444608377]]",[54.0],875,1920,1080,10.0,C:/R_projects/mothz/AC_10out.mp4
"[[568.2417261125003, 225.71213988768736, 575.6760244261435, 232.91362351398934]]",[54.0],876,1920,1080,10.0,C:/R_projects/mothz/AC_10out.mp4
"[[567.5513656782514, 225.1304827071479, 575.2021053373876, 232.18699091946985]]",[54.0],877,1920,1080,10.0,C:/R_projects/mothz/AC_10out.mp4
"[[566.729413534954, 224.64306503764197, 574.3258472354875, 231.57032202081086]]",[54.0],878,1920,1080,10.0,C:/R_projects/mothz/AC_10out.mp4
"[[566.051615035289, 224.06510391888318, 573.5580438353621, 230.9540025146883]]",[54.0],879,1920,1080,10.0,C:/R_projects/mothz/AC_10out.mp4
"[[565.4633614732562, 223.3871420972557, 572.8964135753764, 230.2851112369647]]",[54.0],880,1920,1080,10.0,C:/R_projects/mothz/AC_10out.mp4
"[[565.0402466580335, 222.45989786558314, 572.4953167144845, 229.74621072230266]]",[54.0],881,1920,1080,10.0,C:/R_projects/mothz/AC_10out.mp4
"[[564.5544945518182, 221.635092941591, 571.9608716770742, 229.1261589905229]]",[54.0],882,1920,1080,10.0,C:/R_projects/mothz/AC_10out.mp4
"[[563.9002457134774, 220.74154153234733, 571.3051970632918, 228.36276239190843]]",[54.0],883,1920,1080,10.0,C:/R_projects/mothz/AC_10out.mp4
"[[563.1958297412234, 219.66168556178613, 570.827101610256, 227.63096961553023]]",[54.0],884,1920,1080,10.0,C:/R_projects/mothz/AC_10out.mp4
"[[562.44169112829, 218.8933578209527, 570.156578808279, 226.57096530979214]]",[54.0],885,1920,1080,10.0,C:/R_projects/mothz/AC_10out.mp4
"[[561.7625278897066, 218.20916494939254, 569.3197985854348, 225.5712465970154]]",[54.0],886,1920,1080,10.0,C:/R_projects/mothz/AC_10out.mp4
"[[560.9761114737469, 217.54569513369842, 568.6060071373377, 224.8567557508668]]",[54.0],887,1920,1080,10.0,C:/R_projects/mothz/AC_10out.mp4
"[[560.0023874098734, 216.9411667230737, 567.9227176190176, 224.1311024938937]]",[54.0],888,1920,1080,10.0,C:/R_projects/mothz/AC_10out.mp4
"[[559.1129049539998, 216.4077256988795, 567.2208532615862, 223.5495779861864]]",[54.0],889,1920,1080,10.0,C:/R_projects/mothz/AC_10out.mp4
"[[558.2904725969782, 215.923951937398, 566.5725577680174, 222.91439009092556]]",[54.0],890,1920,1080,10.0,C:/R_projects/mothz/AC_10out.mp4
"[[557.1321990356314, 215.17816199248614, 565.7808902901272, 222.37873212504417]]",[54.0],891,1920,1080,10.0,C:/R_projects/mothz/AC_10out.mp4
"[[556.0875469030509, 214.63071456693942, 564.9308902644643, 221.91754391846413]]",[54.0],892,1920,1080,10.0,C:/R_projects/mothz/AC_10out.mp4
"[[555.2060194445259, 214.21925381206472, 564.3512213690611, 221.48003408902025]]",[54.0],893,1920,1080,10.0,C:/R_projects/mothz/AC_10out.mp4
"[[554.3729307210871, 213.56921627154136, 563.7627893889515, 220.76514636655085]]",[54.0],894,1920,1080,10.0,C:/R_projects/mothz/AC_10out.mp4
"[[553.1362319393232, 213.16423393419413, 562.5429605488677, 220.18171127837658]]",[54.0],895,1920,1080,10.0,C:/R_projects/mothz/AC_10out.mp4
"[[552.1570273828657, 212.87375881058404, 561.5290740110933, 219.73736087985054]]",[54.0],896,1920,1080,10.0,C:/R_projects/mothz/AC_10out.mp4
"[[551.5388451309186, 212.3687214717491, 560.9662024668128, 219.1122695329151]]",[54.0],897,1920,1080,10.0,C:/R_projects/mothz/AC_10out.mp4
"[[550.5993114049131, 211.94483339810373, 560.054129465897, 218.57216975444655]]",[54.0],898,1920,1080,10.0,C:/R_projects/mothz/AC_10out.mp4
"[[549.8664550881846, 211.51161390438915, 559.316090005669, 218.26752248278666]]",[54.0],899,1920,1080,10.0,C:/R_projects/mothz/AC_10out.mp4
"[[549.2603160842717, 211.3718595114892, 558.6654852645714, 217.97558470241066]]",[54.0],900,1920,1080,10.0,C:/R_projects/mothz/AC_10out.mp4
"[[548.4052262369489, 211.27516432241563, 558.1169416606356, 217.60413377843528]]",[54.0],901,1920,1080,10.0,C:/R_projects/mothz/AC_10out.mp4
"[[547.4125296169129, 210.70917454710656, 557.108754658703, 217.03604858725618]]",[54.0],902,1920,1080,10.0,C:/R_projects/mothz/AC_10out.mp4
