file_name,image_size,inference_info
D:\moth_photos\database\batch_01\img_moth_00000001.jpg,"[4000, 6000]",modelv1.0__2025-02-22 09:37:28
D:\moth_photos\database\batch_01\img_moth_00000002.jpg,"[4000, 6000]",modelv1.0__2025-02-22 09:37:28
D:\moth_photos\database\batch_01\img_moth_00000003.jpg,"[4000, 6000]",modelv1.0__2025-02-22 09:37:28
D:\moth_photos\database\batch_01\img_moth_00000004.jpg,"[4000, 6000]",modelv1.0__2025-02-22 09:37:28
D:\moth_photos\database\batch_01\img_moth_00000005.jpg,"[4000, 6000]",modelv1.0__2025-02-22 09:37:28
D:\moth_photos\database\batch_01\img_moth_00000006.jpg,"[4000, 6000]",modelv1.0__2025-02-22 09:37:28
D:\moth_photos\database\batch_01\img_moth_00000007.jpg,"[4000, 6000]",modelv1.0__2025-02-22 09:37:28
D:\moth_photos\database\batch_01\img_moth_00000008.jpg,"[4000, 6000]",modelv1.0__2025-02-22 09:37:28
D:\moth_photos\database\batch_01\img_moth_00000009.jpg,"[4000, 6000]",modelv1.0__2025-02-22 09:37:28
D:\moth_photos\database\batch_01\img_moth_00000010.jpg,"[4000, 6000]",modelv1.0__2025-02-22 09:37:28
D:\moth_photos\database\batch_01\img_moth_00000011.jpg,"[4000, 6000]",modelv1.0__2025-02-22 09:37:28
D:\moth_photos\database\batch_01\img_moth_00000012.jpg,"[4000, 6000]",modelv1.0__2025-02-22 09:37:28
D:\moth_photos\database\batch_01\img_moth_00000013.jpg,"[4000, 6000]",modelv1.0__2025-02-22 09:37:28
D:\moth_photos\database\batch_01\img_moth_00000014.jpg,"[4000, 6000]",modelv1.0__2025-02-22 09:37:28
D:\moth_photos\database\batch_01\img_moth_00000015.jpg,"[4000, 6000]",modelv1.0__2025-02-22 09:37:28
D:\moth_photos\database\batch_01\img_moth_00000016.jpg,"[4000, 6000]",modelv1.0__2025-02-22 09:37:28
D:\moth_photos\database\batch_01\img_moth_00000017.jpg,"[4000, 6000]",modelv1.0__2025-02-22 09:37:28
D:\moth_photos\database\batch_01\img_moth_00000018.jpg,"[4000, 6000]",modelv1.0__2025-02-22 09:37:28
D:\moth_photos\database\batch_01\img_moth_00000019.jpg,"[4000, 6000]",modelv1.0__2025-02-22 09:37:28
D:\moth_photos\database\batch_01\img_moth_00000020.jpg,"[4000, 6000]",modelv1.0__2025-02-22 09:37:28
D:\moth_photos\database\batch_01\img_moth_00000021.jpg,"[4000, 6000]",modelv1.0__2025-02-22 09:37:28
D:\moth_photos\database\batch_01\img_moth_00000022.jpg,"[4000, 6000]",modelv1.0__2025-02-22 09:37:28
D:\moth_photos\database\batch_01\img_moth_00000023.jpg,"[4000, 6000]",modelv1.0__2025-02-22 09:37:28
D:\moth_photos\database\batch_01\img_moth_00000024.jpg,"[4000, 6000]",modelv1.0__2025-02-22 09:37:28
D:\moth_photos\database\batch_01\img_moth_00000025.jpg,"[4000, 6000]",modelv1.0__2025-02-22 09:37:28
D:\moth_photos\database\batch_01\img_moth_00000026.jpg,"[4000, 6000]",modelv1.0__2025-02-22 09:37:28
D:\moth_photos\database\batch_01\img_moth_00000027.jpg,"[4000, 6000]",modelv1.0__2025-02-22 09:37:28
D:\moth_photos\database\batch_01\img_moth_00000028.jpg,"[4000, 6000]",modelv1.0__2025-02-22 09:37:28
D:\moth_photos\database\batch_01\img_moth_00000029.jpg,"[4000, 6000]",modelv1.0__2025-02-22 09:37:28
D:\moth_photos\database\batch_01\img_moth_00000030.jpg,"[4000, 6000]",modelv1.0__2025-02-22 09:37:28
D:\moth_photos\database\batch_01\img_moth_00000031.jpg,"[4000, 6000]",modelv1.0__2025-02-22 09:37:28
D:\moth_photos\database\batch_01\img_moth_00000032.jpg,"[4000, 6000]",modelv1.0__2025-02-22 09:37:28
D:\moth_photos\database\batch_01\img_moth_00000033.jpg,"[4000, 6000]",modelv1.0__2025-02-22 09:37:28
D:\moth_photos\database\batch_01\img_moth_00000034.jpg,"[4000, 6000]",modelv1.0__2025-02-22 09:37:28
D:\moth_photos\database\batch_01\img_moth_00000035.jpg,"[4000, 6000]",modelv1.0__2025-02-22 09:37:28
D:\moth_photos\database\batch_01\img_moth_00000036.jpg,"[4000, 6000]",modelv1.0__2025-02-22 09:37:28
D:\moth_photos\database\batch_01\img_moth_00000037.jpg,"[4000, 6000]",modelv1.0__2025-02-22 09:37:28
D:\moth_photos\database\batch_01\img_moth_00000038.jpg,"[4000, 6000]",modelv1.0__2025-02-22 09:37:28
D:\moth_photos\database\batch_01\img_moth_00000039.jpg,"[4000, 6000]",modelv1.0__2025-02-22 09:37:28
D:\moth_photos\database\batch_01\img_moth_00000040.jpg,"[4000, 6000]",modelv1.0__2025-02-22 09:37:28
D:\moth_photos\database\batch_01\img_moth_00000041.jpg,"[4000, 6000]",modelv1.0__2025-02-22 09:37:28
D:\moth_photos\database\batch_01\img_moth_00000042.jpg,"[4000, 6000]",modelv1.0__2025-02-22 09:37:28
D:\moth_photos\database\batch_01\img_moth_00000043.jpg,"[4000, 6000]",modelv1.0__2025-02-22 09:37:28
D:\moth_photos\database\batch_01\img_moth_00000044.jpg,"[4000, 6000]",modelv1.0__2025-02-22 09:37:28
D:\moth_photos\database\batch_01\img_moth_00000045.jpg,"[4000, 6000]",modelv1.0__2025-02-22 09:37:28
D:\moth_photos\database\batch_01\img_moth_00000046.jpg,"[4000, 6000]",modelv1.0__2025-02-22 09:37:28
D:\moth_photos\database\batch_01\img_moth_00000047.jpg,"[4000, 6000]",modelv1.0__2025-02-22 09:37:28
D:\moth_photos\database\batch_01\img_moth_00000048.jpg,"[4000, 6000]",modelv1.0__2025-02-22 09:37:28
D:\moth_photos\database\batch_01\img_moth_00000049.jpg,"[4000, 6000]",modelv1.0__2025-02-22 09:37:28
D:\moth_photos\database\batch_01\img_moth_00000050.jpg,"[4000, 6000]",modelv1.0__2025-02-22 09:37:28
D:\moth_photos\database\batch_01\img_moth_00000051.jpg,"[4000, 6000]",modelv1.0__2025-02-22 09:37:28
D:\moth_photos\database\batch_01\img_moth_00000052.jpg,"[4000, 6000]",modelv1.0__2025-02-22 09:37:28
D:\moth_photos\database\batch_01\img_moth_00000053.jpg,"[4000, 6000]",modelv1.0__2025-02-22 09:37:28
D:\moth_photos\database\batch_01\img_moth_00000054.jpg,"[4000, 6000]",modelv1.0__2025-02-22 09:37:28
D:\moth_photos\database\batch_01\img_moth_00000055.jpg,"[4000, 6000]",modelv1.0__2025-02-22 09:37:28
D:\moth_photos\database\batch_01\img_moth_00000056.jpg,"[4000, 6000]",modelv1.0__2025-02-22 09:37:28
D:\moth_photos\database\batch_01\img_moth_00000057.jpg,"[4000, 6000]",modelv1.0__2025-02-22 09:37:28
D:\moth_photos\database\batch_01\img_moth_00000058.jpg,"[4000, 6000]",modelv1.0__2025-02-22 09:37:28
D:\moth_photos\database\batch_01\img_moth_00000059.jpg,"[4000, 6000]",modelv1.0__2025-02-22 09:37:28
D:\moth_photos\database\batch_01\img_moth_00000060.jpg,"[4000, 6000]",modelv1.0__2025-02-22 09:37:28
D:\moth_photos\database\batch_01\img_moth_00000061.jpg,"[4000, 6000]",modelv1.0__2025-02-22 09:37:28
D:\moth_photos\database\batch_01\img_moth_00000062.jpg,"[4000, 6000]",modelv1.0__2025-02-22 09:37:28
D:\moth_photos\database\batch_01\img_moth_00000063.jpg,"[4000, 6000]",modelv1.0__2025-02-22 09:37:28
D:\moth_photos\database\batch_01\img_moth_00000064.jpg,"[4000, 6000]",modelv1.0__2025-02-22 09:37:28
D:\moth_photos\database\batch_01\img_moth_00000065.jpg,"[4000, 6000]",modelv1.0__2025-02-22 09:37:28
D:\moth_photos\database\batch_01\img_moth_00000066.jpg,"[4000, 6000]",modelv1.0__2025-02-22 09:37:28
D:\moth_photos\database\batch_01\img_moth_00000067.jpg,"[4000, 6000]",modelv1.0__2025-02-22 09:37:28
D:\moth_photos\database\batch_01\img_moth_00000068.jpg,"[4000, 6000]",modelv1.0__2025-02-22 09:37:28
D:\moth_photos\database\batch_01\img_moth_00000069.jpg,"[4000, 6000]",modelv1.0__2025-02-22 09:37:28
D:\moth_photos\database\batch_01\img_moth_00000070.jpg,"[4000, 6000]",modelv1.0__2025-02-22 09:37:28
D:\moth_photos\database\batch_01\img_moth_00000071.jpg,"[4000, 6000]",modelv1.0__2025-02-22 09:37:28
D:\moth_photos\database\batch_01\img_moth_00000072.jpg,"[4000, 6000]",modelv1.0__2025-02-22 09:37:28
D:\moth_photos\database\batch_01\img_moth_00000073.jpg,"[4000, 6000]",modelv1.0__2025-02-22 09:37:28
D:\moth_photos\database\batch_01\img_moth_00000074.jpg,"[4000, 6000]",modelv1.0__2025-02-22 09:37:28
D:\moth_photos\database\batch_01\img_moth_00000075.jpg,"[4000, 6000]",modelv1.0__2025-02-22 09:37:28
D:\moth_photos\database\batch_01\img_moth_00000076.jpg,"[4000, 6000]",modelv1.0__2025-02-22 09:37:28
D:\moth_photos\database\batch_01\img_moth_00000077.jpg,"[4000, 6000]",modelv1.0__2025-02-22 09:37:28
D:\moth_photos\database\batch_01\img_moth_00000078.jpg,"[4000, 6000]",modelv1.0__2025-02-22 09:37:28
D:\moth_photos\database\batch_01\img_moth_00000079.jpg,"[4000, 6000]",modelv1.0__2025-02-22 09:37:28
D:\moth_photos\database\batch_01\img_moth_00000080.jpg,"[4000, 6000]",modelv1.0__2025-02-22 09:37:28
D:\moth_photos\database\batch_01\img_moth_00000081.jpg,"[4000, 6000]",modelv1.0__2025-02-22 09:37:28
D:\moth_photos\database\batch_01\img_moth_00000082.jpg,"[4000, 6000]",modelv1.0__2025-02-22 09:37:28
D:\moth_photos\database\batch_01\img_moth_00000083.jpg,"[4000, 6000]",modelv1.0__2025-02-22 09:37:28
D:\moth_photos\database\batch_01\img_moth_00000084.jpg,"[4000, 6000]",modelv1.0__2025-02-22 09:37:28
D:\moth_photos\database\batch_01\img_moth_00000085.jpg,"[4000, 6000]",modelv1.0__2025-02-22 09:37:28
D:\moth_photos\database\batch_01\img_moth_00000086.jpg,"[4000, 6000]",modelv1.0__2025-02-22 09:37:28
D:\moth_photos\database\batch_01\img_moth_00000087.jpg,"[4000, 6000]",modelv1.0__2025-02-22 09:37:28
D:\moth_photos\database\batch_01\img_moth_00000088.jpg,"[4000, 6000]",modelv1.0__2025-02-22 09:37:28
D:\moth_photos\database\batch_01\img_moth_00000089.jpg,"[4000, 6000]",modelv1.0__2025-02-22 09:37:28
D:\moth_photos\database\batch_01\img_moth_00000090.jpg,"[4000, 6000]",modelv1.0__2025-02-22 09:37:28
D:\moth_photos\database\batch_01\img_moth_00000091.jpg,"[4000, 6000]",modelv1.0__2025-02-22 09:37:28
D:\moth_photos\database\batch_01\img_moth_00000092.jpg,"[4000, 6000]",modelv1.0__2025-02-22 09:37:28
D:\moth_photos\database\batch_01\img_moth_00000093.jpg,"[4000, 6000]",modelv1.0__2025-02-22 09:37:28
D:\moth_photos\database\batch_01\img_moth_00000094.jpg,"[4000, 6000]",modelv1.0__2025-02-22 09:37:28
D:\moth_photos\database\batch_01\img_moth_00000095.jpg,"[4000, 6000]",modelv1.0__2025-02-22 09:37:28
D:\moth_photos\database\batch_01\img_moth_00000096.jpg,"[4000, 6000]",modelv1.0__2025-02-22 09:37:28
D:\moth_photos\database\batch_01\img_moth_00000097.jpg,"[4000, 6000]",modelv1.0__2025-02-22 09:37:28
D:\moth_photos\database\batch_01\img_moth_00000098.jpg,"[4000, 6000]",modelv1.0__2025-02-22 09:37:28
D:\moth_photos\database\batch_01\img_moth_00000099.jpg,"[4000, 6000]",modelv1.0__2025-02-22 09:37:28
D:\moth_photos\database\batch_01\img_moth_00000100.jpg,"[4000, 6000]",modelv1.0__2025-02-22 09:37:28
D:\moth_photos\database\batch_01\img_moth_00000101.jpg,"[4000, 6000]",modelv1.0__2025-02-22 09:37:28
D:\moth_photos\database\batch_01\img_moth_00000102.jpg,"[4000, 6000]",modelv1.0__2025-02-22 09:37:28
D:\moth_photos\database\batch_01\img_moth_00000103.jpg,"[4000, 6000]",modelv1.0__2025-02-22 09:37:28
D:\moth_photos\database\batch_01\img_moth_00000104.jpg,"[4000, 6000]",modelv1.0__2025-02-22 09:37:28
D:\moth_photos\database\batch_01\img_moth_00000105.jpg,"[4000, 6000]",modelv1.0__2025-02-22 09:37:28
D:\moth_photos\database\batch_01\img_moth_00000106.jpg,"[4000, 6000]",modelv1.0__2025-02-22 09:37:28
D:\moth_photos\database\batch_01\img_moth_00000107.jpg,"[4000, 6000]",modelv1.0__2025-02-22 09:37:28
D:\moth_photos\database\batch_01\img_moth_00000108.jpg,"[4000, 6000]",modelv1.0__2025-02-22 09:37:28
D:\moth_photos\database\batch_01\img_moth_00000109.jpg,"[4000, 6000]",modelv1.0__2025-02-22 09:37:28
D:\moth_photos\database\batch_01\img_moth_00000110.jpg,"[4000, 6000]",modelv1.0__2025-02-22 09:37:28
D:\moth_photos\database\batch_01\img_moth_00000111.jpg,"[4000, 6000]",modelv1.0__2025-02-22 09:37:28
D:\moth_photos\database\batch_01\img_moth_00000112.jpg,"[4000, 6000]",modelv1.0__2025-02-22 09:37:28
D:\moth_photos\database\batch_01\img_moth_00000113.jpg,"[4000, 6000]",modelv1.0__2025-02-22 09:37:28
D:\moth_photos\database\batch_01\img_moth_00000114.jpg,"[4000, 6000]",modelv1.0__2025-02-22 09:37:28
D:\moth_photos\database\batch_01\img_moth_00000115.jpg,"[4000, 6000]",modelv1.0__2025-02-22 09:37:28
D:\moth_photos\database\batch_01\img_moth_00000116.jpg,"[4000, 6000]",modelv1.0__2025-02-22 09:37:28
D:\moth_photos\database\batch_01\img_moth_00000117.jpg,"[4000, 6000]",modelv1.0__2025-02-22 09:37:28
D:\moth_photos\database\batch_01\img_moth_00000118.jpg,"[4000, 6000]",modelv1.0__2025-02-22 09:37:28
D:\moth_photos\database\batch_01\img_moth_00000119.jpg,"[4000, 6000]",modelv1.0__2025-02-22 09:37:28
D:\moth_photos\database\batch_01\img_moth_00000120.jpg,"[4000, 6000]",modelv1.0__2025-02-22 09:37:28
D:\moth_photos\database\batch_01\img_moth_00000121.jpg,"[4000, 6000]",modelv1.0__2025-02-22 09:37:28
D:\moth_photos\database\batch_01\img_moth_00000122.jpg,"[4000, 6000]",modelv1.0__2025-02-22 09:37:28
D:\moth_photos\database\batch_01\img_moth_00000123.jpg,"[4000, 6000]",modelv1.0__2025-02-22 09:37:28
D:\moth_photos\database\batch_01\img_moth_00000124.jpg,"[4000, 6000]",modelv1.0__2025-02-22 09:37:28
D:\moth_photos\database\batch_01\img_moth_00000125.jpg,"[4000, 6000]",modelv1.0__2025-02-22 09:37:28
D:\moth_photos\database\batch_01\img_moth_00000126.jpg,"[4000, 6000]",modelv1.0__2025-02-22 09:37:28
D:\moth_photos\database\batch_01\img_moth_00000127.jpg,"[4000, 6000]",modelv1.0__2025-02-22 09:37:28
D:\moth_photos\database\batch_01\img_moth_00000128.jpg,"[4000, 6000]",modelv1.0__2025-02-22 09:37:28
D:\moth_photos\database\batch_01\img_moth_00000129.jpg,"[4000, 6000]",modelv1.0__2025-02-22 09:37:28
D:\moth_photos\database\batch_01\img_moth_00000130.jpg,"[4000, 6000]",modelv1.0__2025-02-22 09:37:28
D:\moth_photos\database\batch_01\img_moth_00000131.jpg,"[4000, 6000]",modelv1.0__2025-02-22 09:37:28
D:\moth_photos\database\batch_01\img_moth_00000132.jpg,"[4000, 6000]",modelv1.0__2025-02-22 09:37:28
D:\moth_photos\database\batch_01\img_moth_00000133.jpg,"[4000, 6000]",modelv1.0__2025-02-22 09:37:28
D:\moth_photos\database\batch_01\img_moth_00000134.jpg,"[4000, 6000]",modelv1.0__2025-02-22 09:37:28
D:\moth_photos\database\batch_01\img_moth_00000135.jpg,"[4000, 6000]",modelv1.0__2025-02-22 09:37:28
D:\moth_photos\database\batch_01\img_moth_00000136.jpg,"[4000, 6000]",modelv1.0__2025-02-22 09:37:28
D:\moth_photos\database\batch_01\img_moth_00000137.jpg,"[4000, 6000]",modelv1.0__2025-02-22 09:37:28
D:\moth_photos\database\batch_01\img_moth_00000138.jpg,"[4000, 6000]",modelv1.0__2025-02-22 09:37:28
D:\moth_photos\database\batch_01\img_moth_00000139.jpg,"[4000, 6000]",modelv1.0__2025-02-22 09:37:28
D:\moth_photos\database\batch_01\img_moth_00000140.jpg,"[4000, 6000]",modelv1.0__2025-02-22 09:37:28
D:\moth_photos\database\batch_01\img_moth_00000141.jpg,"[4000, 6000]",modelv1.0__2025-02-22 09:37:28
D:\moth_photos\database\batch_01\img_moth_00000142.jpg,"[4000, 6000]",modelv1.0__2025-02-22 09:37:28
D:\moth_photos\database\batch_01\img_moth_00000143.jpg,"[4000, 6000]",modelv1.0__2025-02-22 09:37:28
D:\moth_photos\database\batch_01\img_moth_00000144.jpg,"[4000, 6000]",modelv1.0__2025-02-22 09:37:28
D:\moth_photos\database\batch_01\img_moth_00000145.jpg,"[4000, 6000]",modelv1.0__2025-02-22 09:37:28
D:\moth_photos\database\batch_01\img_moth_00000146.jpg,"[4000, 6000]",modelv1.0__2025-02-22 09:37:28
D:\moth_photos\database\batch_01\img_moth_00000147.jpg,"[4000, 6000]",modelv1.0__2025-02-22 09:37:28
D:\moth_photos\database\batch_01\img_moth_00000148.jpg,"[4000, 6000]",modelv1.0__2025-02-22 09:37:28
D:\moth_photos\database\batch_01\img_moth_00000149.jpg,"[4000, 6000]",modelv1.0__2025-02-22 09:37:28
D:\moth_photos\database\batch_01\img_moth_00000150.jpg,"[4000, 6000]",modelv1.0__2025-02-22 09:37:28
D:\moth_photos\database\batch_01\img_moth_00000151.jpg,"[4000, 6000]",modelv1.0__2025-02-22 09:37:28
D:\moth_photos\database\batch_01\img_moth_00000152.jpg,"[4000, 6000]",modelv1.0__2025-02-22 09:37:28
D:\moth_photos\database\batch_01\img_moth_00000153.jpg,"[4000, 6000]",modelv1.0__2025-02-22 09:37:28
D:\moth_photos\database\batch_01\img_moth_00000154.jpg,"[4000, 6000]",modelv1.0__2025-02-22 09:37:28
D:\moth_photos\database\batch_01\img_moth_00000155.jpg,"[4000, 6000]",modelv1.0__2025-02-22 09:37:28
D:\moth_photos\database\batch_01\img_moth_00000156.jpg,"[4000, 6000]",modelv1.0__2025-02-22 09:37:28
D:\moth_photos\database\batch_01\img_moth_00000157.jpg,"[4000, 6000]",modelv1.0__2025-02-22 09:37:28
D:\moth_photos\database\batch_01\img_moth_00000158.jpg,"[4000, 6000]",modelv1.0__2025-02-22 09:37:28
D:\moth_photos\database\batch_01\img_moth_00000159.jpg,"[4000, 6000]",modelv1.0__2025-02-22 09:37:28
D:\moth_photos\database\batch_01\img_moth_00000160.jpg,"[4000, 6000]",modelv1.0__2025-02-22 09:37:28
D:\moth_photos\database\batch_01\img_moth_00000161.jpg,"[4000, 6000]",modelv1.0__2025-02-22 09:37:28
D:\moth_photos\database\batch_01\img_moth_00000162.jpg,"[4000, 6000]",modelv1.0__2025-02-22 09:37:28
D:\moth_photos\database\batch_01\img_moth_00000163.jpg,"[4000, 6000]",modelv1.0__2025-02-22 09:37:28
D:\moth_photos\database\batch_01\img_moth_00000164.jpg,"[4000, 6000]",modelv1.0__2025-02-22 09:37:28
D:\moth_photos\database\batch_01\img_moth_00000165.jpg,"[4000, 6000]",modelv1.0__2025-02-22 09:37:28
D:\moth_photos\database\batch_01\img_moth_00000166.jpg,"[4000, 6000]",modelv1.0__2025-02-22 09:37:28
D:\moth_photos\database\batch_01\img_moth_00000167.jpg,"[4000, 6000]",modelv1.0__2025-02-22 09:37:28
D:\moth_photos\database\batch_01\img_moth_00000168.jpg,"[4000, 6000]",modelv1.0__2025-02-22 09:37:28
D:\moth_photos\database\batch_01\img_moth_00000169.jpg,"[4000, 6000]",modelv1.0__2025-02-22 09:37:28
D:\moth_photos\database\batch_01\img_moth_00000170.jpg,"[4000, 6000]",modelv1.0__2025-02-22 09:37:28
D:\moth_photos\database\batch_01\img_moth_00000171.jpg,"[4000, 6000]",modelv1.0__2025-02-22 09:37:28
D:\moth_photos\database\batch_01\img_moth_00000172.jpg,"[4000, 6000]",modelv1.0__2025-02-22 09:37:28
D:\moth_photos\database\batch_01\img_moth_00000173.jpg,"[4000, 6000]",modelv1.0__2025-02-22 09:37:28
D:\moth_photos\database\batch_01\img_moth_00000174.jpg,"[4000, 6000]",modelv1.0__2025-02-22 09:37:28
D:\moth_photos\database\batch_01\img_moth_00000175.jpg,"[4000, 6000]",modelv1.0__2025-02-22 09:37:28
D:\moth_photos\database\batch_01\img_moth_00000176.jpg,"[4000, 6000]",modelv1.0__2025-02-22 09:37:28
D:\moth_photos\database\batch_01\img_moth_00000177.jpg,"[4000, 6000]",modelv1.0__2025-02-22 09:37:28
D:\moth_photos\database\batch_01\img_moth_00000178.jpg,"[4000, 6000]",modelv1.0__2025-02-22 09:37:28
D:\moth_photos\database\batch_01\img_moth_00000179.jpg,"[4000, 6000]",modelv1.0__2025-02-22 09:37:28
D:\moth_photos\database\batch_01\img_moth_00000180.jpg,"[4000, 6000]",modelv1.0__2025-02-22 09:37:28
D:\moth_photos\database\batch_01\img_moth_00000181.jpg,"[4000, 6000]",modelv1.0__2025-02-22 09:37:28
D:\moth_photos\database\batch_01\img_moth_00000182.jpg,"[4000, 6000]",modelv1.0__2025-02-22 09:37:28
D:\moth_photos\database\batch_01\img_moth_00000183.jpg,"[4000, 6000]",modelv1.0__2025-02-22 09:37:28
D:\moth_photos\database\batch_01\img_moth_00000184.jpg,"[4000, 6000]",modelv1.0__2025-02-22 09:37:28
D:\moth_photos\database\batch_01\img_moth_00000185.jpg,"[4000, 6000]",modelv1.0__2025-02-22 09:37:28
D:\moth_photos\database\batch_01\img_moth_00000186.jpg,"[4000, 6000]",modelv1.0__2025-02-22 09:37:28
D:\moth_photos\database\batch_01\img_moth_00000187.jpg,"[4000, 6000]",modelv1.0__2025-02-22 09:37:28
D:\moth_photos\database\batch_01\img_moth_00000188.jpg,"[4000, 6000]",modelv1.0__2025-02-22 09:37:28
D:\moth_photos\database\batch_01\img_moth_00000189.jpg,"[4000, 6000]",modelv1.0__2025-02-22 09:37:28
D:\moth_photos\database\batch_01\img_moth_00000190.jpg,"[4000, 6000]",modelv1.0__2025-02-22 09:37:28
D:\moth_photos\database\batch_01\img_moth_00000191.jpg,"[4000, 6000]",modelv1.0__2025-02-22 09:37:28
D:\moth_photos\database\batch_01\img_moth_00000192.jpg,"[4000, 6000]",modelv1.0__2025-02-22 09:37:28
D:\moth_photos\database\batch_01\img_moth_00000193.jpg,"[4000, 6000]",modelv1.0__2025-02-22 09:37:28
D:\moth_photos\database\batch_01\img_moth_00000194.jpg,"[4000, 6000]",modelv1.0__2025-02-22 09:37:28
D:\moth_photos\database\batch_01\img_moth_00000195.jpg,"[4000, 6000]",modelv1.0__2025-02-22 09:37:28
D:\moth_photos\database\batch_01\img_moth_00000196.jpg,"[4000, 6000]",modelv1.0__2025-02-22 09:37:28
D:\moth_photos\database\batch_01\img_moth_00000197.jpg,"[4000, 6000]",modelv1.0__2025-02-22 09:37:28
D:\moth_photos\database\batch_01\img_moth_00000198.jpg,"[4000, 6000]",modelv1.0__2025-02-22 09:37:28
D:\moth_photos\database\batch_01\img_moth_00000199.jpg,"[4000, 6000]",modelv1.0__2025-02-22 09:37:28
D:\moth_photos\database\batch_01\img_moth_00000200.jpg,"[4000, 6000]",modelv1.0__2025-02-22 09:37:28
D:\moth_photos\database\batch_01\img_moth_00000201.jpg,"[4000, 6000]",modelv1.0__2025-02-22 09:37:28
D:\moth_photos\database\batch_01\img_moth_00000202.jpg,"[4000, 6000]",modelv1.0__2025-02-22 09:37:28
D:\moth_photos\database\batch_01\img_moth_00000203.jpg,"[4000, 6000]",modelv1.0__2025-02-22 09:37:28
D:\moth_photos\database\batch_01\img_moth_00000204.jpg,"[4000, 6000]",modelv1.0__2025-02-22 09:37:28
D:\moth_photos\database\batch_01\img_moth_00000205.jpg,"[4000, 6000]",modelv1.0__2025-02-22 09:37:28
D:\moth_photos\database\batch_01\img_moth_00000206.jpg,"[4000, 6000]",modelv1.0__2025-02-22 09:37:28
D:\moth_photos\database\batch_01\img_moth_00000207.jpg,"[4000, 6000]",modelv1.0__2025-02-22 09:37:28
D:\moth_photos\database\batch_01\img_moth_00000208.jpg,"[4000, 6000]",modelv1.0__2025-02-22 09:37:28
D:\moth_photos\database\batch_01\img_moth_00000209.jpg,"[4000, 6000]",modelv1.0__2025-02-22 09:37:28
D:\moth_photos\database\batch_01\img_moth_00000210.jpg,"[4000, 6000]",modelv1.0__2025-02-22 09:37:28
D:\moth_photos\database\batch_01\img_moth_00000211.jpg,"[4000, 6000]",modelv1.0__2025-02-22 09:37:28
D:\moth_photos\database\batch_01\img_moth_00000212.jpg,"[4000, 6000]",modelv1.0__2025-02-22 09:37:28
D:\moth_photos\database\batch_01\img_moth_00000213.jpg,"[4000, 6000]",modelv1.0__2025-02-22 09:37:28
D:\moth_photos\database\batch_01\img_moth_00000214.jpg,"[4000, 6000]",modelv1.0__2025-02-22 09:37:28
D:\moth_photos\database\batch_01\img_moth_00000215.jpg,"[4000, 6000]",modelv1.0__2025-02-22 09:37:28
D:\moth_photos\database\batch_01\img_moth_00000216.jpg,"[4000, 6000]",modelv1.0__2025-02-22 09:37:28
D:\moth_photos\database\batch_01\img_moth_00000217.jpg,"[4000, 6000]",modelv1.0__2025-02-22 09:37:28
D:\moth_photos\database\batch_01\img_moth_00000218.jpg,"[4000, 6000]",modelv1.0__2025-02-22 09:37:28
D:\moth_photos\database\batch_01\img_moth_00000219.jpg,"[4000, 6000]",modelv1.0__2025-02-22 09:37:28
D:\moth_photos\database\batch_01\img_moth_00000220.jpg,"[4000, 6000]",modelv1.0__2025-02-22 09:37:28
D:\moth_photos\database\batch_01\img_moth_00000221.jpg,"[4000, 6000]",modelv1.0__2025-02-22 09:37:28
D:\moth_photos\database\batch_01\img_moth_00000222.jpg,"[4000, 6000]",modelv1.0__2025-02-22 09:37:28
D:\moth_photos\database\batch_01\img_moth_00000223.jpg,"[4000, 6000]",modelv1.0__2025-02-22 09:37:28
D:\moth_photos\database\batch_01\img_moth_00000224.jpg,"[4000, 6000]",modelv1.0__2025-02-22 09:37:28
D:\moth_photos\database\batch_01\img_moth_00000225.jpg,"[4000, 6000]",modelv1.0__2025-02-22 09:37:28
D:\moth_photos\database\batch_01\img_moth_00000226.jpg,"[4000, 6000]",modelv1.0__2025-02-22 09:37:28
D:\moth_photos\database\batch_01\img_moth_00000227.jpg,"[4000, 6000]",modelv1.0__2025-02-22 09:37:28
D:\moth_photos\database\batch_01\img_moth_00000228.jpg,"[4000, 6000]",modelv1.0__2025-02-22 09:37:28
D:\moth_photos\database\batch_01\img_moth_00000229.jpg,"[4000, 6000]",modelv1.0__2025-02-22 09:37:28
D:\moth_photos\database\batch_01\img_moth_00000230.jpg,"[4000, 6000]",modelv1.0__2025-02-22 09:37:28
D:\moth_photos\database\batch_01\img_moth_00000231.jpg,"[4000, 6000]",modelv1.0__2025-02-22 09:37:28
D:\moth_photos\database\batch_01\img_moth_00000232.jpg,"[4000, 6000]",modelv1.0__2025-02-22 09:37:28
D:\moth_photos\database\batch_01\img_moth_00000233.jpg,"[4000, 6000]",modelv1.0__2025-02-22 09:37:28
D:\moth_photos\database\batch_01\img_moth_00000234.jpg,"[4000, 6000]",modelv1.0__2025-02-22 09:37:28
D:\moth_photos\database\batch_01\img_moth_00000235.jpg,"[4000, 6000]",modelv1.0__2025-02-22 09:37:28
D:\moth_photos\database\batch_01\img_moth_00000236.jpg,"[4000, 6000]",modelv1.0__2025-02-22 09:37:28
D:\moth_photos\database\batch_01\img_moth_00000237.jpg,"[4000, 6000]",modelv1.0__2025-02-22 09:37:28
D:\moth_photos\database\batch_01\img_moth_00000238.jpg,"[4000, 6000]",modelv1.0__2025-02-22 09:37:28
D:\moth_photos\database\batch_01\img_moth_00000239.jpg,"[4000, 6000]",modelv1.0__2025-02-22 09:37:28
D:\moth_photos\database\batch_01\img_moth_00000240.jpg,"[4000, 6000]",modelv1.0__2025-02-22 09:37:28
D:\moth_photos\database\batch_01\img_moth_00000241.jpg,"[4000, 6000]",modelv1.0__2025-02-22 09:37:28
D:\moth_photos\database\batch_01\img_moth_00000242.jpg,"[4000, 6000]",modelv1.0__2025-02-22 09:37:28
D:\moth_photos\database\batch_01\img_moth_00000243.jpg,"[4000, 6000]",modelv1.0__2025-02-22 09:37:28
D:\moth_photos\database\batch_01\img_moth_00000244.jpg,"[4000, 6000]",modelv1.0__2025-02-22 09:37:28
D:\moth_photos\database\batch_01\img_moth_00000245.jpg,"[4000, 6000]",modelv1.0__2025-02-22 09:37:28
D:\moth_photos\database\batch_01\img_moth_00000246.jpg,"[4000, 6000]",modelv1.0__2025-02-22 09:37:28
D:\moth_photos\database\batch_01\img_moth_00000247.jpg,"[4000, 6000]",modelv1.0__2025-02-22 09:37:28
D:\moth_photos\database\batch_01\img_moth_00000248.jpg,"[4000, 6000]",modelv1.0__2025-02-22 09:37:28
D:\moth_photos\database\batch_01\img_moth_00000249.jpg,"[4000, 6000]",modelv1.0__2025-02-22 09:37:28
D:\moth_photos\database\batch_01\img_moth_00000250.jpg,"[4000, 6000]",modelv1.0__2025-02-22 09:37:28
D:\moth_photos\database\batch_01\img_moth_00000251.jpg,"[4000, 6000]",modelv1.0__2025-02-22 09:37:28
D:\moth_photos\database\batch_01\img_moth_00000252.jpg,"[4000, 6000]",modelv1.0__2025-02-22 09:37:28
D:\moth_photos\database\batch_01\img_moth_00000253.jpg,"[4000, 6000]",modelv1.0__2025-02-22 09:37:28
D:\moth_photos\database\batch_01\img_moth_00000254.jpg,"[4000, 6000]",modelv1.0__2025-02-22 09:37:28
D:\moth_photos\database\batch_01\img_moth_00000255.jpg,"[4000, 6000]",modelv1.0__2025-02-22 09:37:28
D:\moth_photos\database\batch_01\img_moth_00000256.jpg,"[4000, 6000]",modelv1.0__2025-02-22 09:37:28
D:\moth_photos\database\batch_01\img_moth_00000257.jpg,"[4000, 6000]",modelv1.0__2025-02-22 09:37:28
D:\moth_photos\database\batch_01\img_moth_00000258.jpg,"[4000, 6000]",modelv1.0__2025-02-22 09:37:28
D:\moth_photos\database\batch_01\img_moth_00000259.jpg,"[4000, 6000]",modelv1.0__2025-02-22 09:37:28
D:\moth_photos\database\batch_01\img_moth_00000260.jpg,"[4000, 6000]",modelv1.0__2025-02-22 09:37:28
D:\moth_photos\database\batch_01\img_moth_00000261.jpg,"[4000, 6000]",modelv1.0__2025-02-22 09:37:28
D:\moth_photos\database\batch_01\img_moth_00000262.jpg,"[4000, 6000]",modelv1.0__2025-02-22 09:37:28
D:\moth_photos\database\batch_01\img_moth_00000263.jpg,"[4000, 6000]",modelv1.0__2025-02-22 09:37:28
D:\moth_photos\database\batch_01\img_moth_00000264.jpg,"[4000, 6000]",modelv1.0__2025-02-22 09:37:28
D:\moth_photos\database\batch_01\img_moth_00000265.jpg,"[4000, 6000]",modelv1.0__2025-02-22 09:37:28
D:\moth_photos\database\batch_01\img_moth_00000266.jpg,"[4000, 6000]",modelv1.0__2025-02-22 09:37:28
D:\moth_photos\database\batch_01\img_moth_00000267.jpg,"[4000, 6000]",modelv1.0__2025-02-22 09:37:28
D:\moth_photos\database\batch_01\img_moth_00000268.jpg,"[4000, 6000]",modelv1.0__2025-02-22 09:37:28
D:\moth_photos\database\batch_01\img_moth_00000269.jpg,"[4000, 6000]",modelv1.0__2025-02-22 09:37:28
D:\moth_photos\database\batch_01\img_moth_00000270.jpg,"[4000, 6000]",modelv1.0__2025-02-22 09:37:28
D:\moth_photos\database\batch_01\img_moth_00000271.jpg,"[4000, 6000]",modelv1.0__2025-02-22 09:37:28
D:\moth_photos\database\batch_01\img_moth_00000272.jpg,"[4000, 6000]",modelv1.0__2025-02-22 09:37:28
D:\moth_photos\database\batch_01\img_moth_00000273.jpg,"[4000, 6000]",modelv1.0__2025-02-22 09:37:28
D:\moth_photos\database\batch_01\img_moth_00000274.jpg,"[4000, 6000]",modelv1.0__2025-02-22 09:37:28
D:\moth_photos\database\batch_01\img_moth_00000275.jpg,"[4000, 6000]",modelv1.0__2025-02-22 09:37:28
D:\moth_photos\database\batch_01\img_moth_00000276.jpg,"[4000, 6000]",modelv1.0__2025-02-22 09:37:28
D:\moth_photos\database\batch_01\img_moth_00000277.jpg,"[4000, 6000]",modelv1.0__2025-02-22 09:37:28
D:\moth_photos\database\batch_01\img_moth_00000278.jpg,"[4000, 6000]",modelv1.0__2025-02-22 09:37:28
D:\moth_photos\database\batch_01\img_moth_00000279.jpg,"[4000, 6000]",modelv1.0__2025-02-22 09:37:28
D:\moth_photos\database\batch_01\img_moth_00000280.jpg,"[4000, 6000]",modelv1.0__2025-02-22 09:37:28
D:\moth_photos\database\batch_01\img_moth_00000281.jpg,"[4000, 6000]",modelv1.0__2025-02-22 09:37:28
D:\moth_photos\database\batch_01\img_moth_00000282.jpg,"[4000, 6000]",modelv1.0__2025-02-22 09:37:28
D:\moth_photos\database\batch_01\img_moth_00000283.jpg,"[4000, 6000]",modelv1.0__2025-02-22 09:37:28
D:\moth_photos\database\batch_01\img_moth_00000284.jpg,"[4000, 6000]",modelv1.0__2025-02-22 09:37:28
D:\moth_photos\database\batch_01\img_moth_00000285.jpg,"[4000, 6000]",modelv1.0__2025-02-22 09:37:28
D:\moth_photos\database\batch_01\img_moth_00000286.jpg,"[4000, 6000]",modelv1.0__2025-02-22 09:37:28
D:\moth_photos\database\batch_01\img_moth_00000287.jpg,"[4000, 6000]",modelv1.0__2025-02-22 09:37:28
D:\moth_photos\database\batch_01\img_moth_00000288.jpg,"[4000, 6000]",modelv1.0__2025-02-22 09:37:28
D:\moth_photos\database\batch_01\img_moth_00000289.jpg,"[4000, 6000]",modelv1.0__2025-02-22 09:37:28
D:\moth_photos\database\batch_01\img_moth_00000290.jpg,"[4000, 6000]",modelv1.0__2025-02-22 09:37:28
D:\moth_photos\database\batch_01\img_moth_00000291.jpg,"[4000, 6000]",modelv1.0__2025-02-22 09:37:28
D:\moth_photos\database\batch_01\img_moth_00000292.jpg,"[4000, 6000]",modelv1.0__2025-02-22 09:37:28
D:\moth_photos\database\batch_01\img_moth_00000293.jpg,"[4000, 6000]",modelv1.0__2025-02-22 09:37:28
D:\moth_photos\database\batch_01\img_moth_00000294.jpg,"[4000, 6000]",modelv1.0__2025-02-22 09:37:28
D:\moth_photos\database\batch_01\img_moth_00000295.jpg,"[4000, 6000]",modelv1.0__2025-02-22 09:37:28
D:\moth_photos\database\batch_01\img_moth_00000296.jpg,"[4000, 6000]",modelv1.0__2025-02-22 09:37:28
D:\moth_photos\database\batch_01\img_moth_00000297.jpg,"[4000, 6000]",modelv1.0__2025-02-22 09:37:28
D:\moth_photos\database\batch_01\img_moth_00000298.jpg,"[4000, 6000]",modelv1.0__2025-02-22 09:37:28
D:\moth_photos\database\batch_01\img_moth_00000299.jpg,"[4000, 6000]",modelv1.0__2025-02-22 09:37:28
D:\moth_photos\database\batch_01\img_moth_00000300.jpg,"[4000, 6000]",modelv1.0__2025-02-22 09:37:28
D:\moth_photos\database\batch_01\img_moth_00000301.jpg,"[4000, 6000]",modelv1.0__2025-02-22 09:37:28
D:\moth_photos\database\batch_01\img_moth_00000302.jpg,"[4000, 6000]",modelv1.0__2025-02-22 09:37:28
D:\moth_photos\database\batch_01\img_moth_00000303.jpg,"[4000, 6000]",modelv1.0__2025-02-22 09:37:28
D:\moth_photos\database\batch_01\img_moth_00000304.jpg,"[4000, 6000]",modelv1.0__2025-02-22 09:37:28
D:\moth_photos\database\batch_01\img_moth_00000305.jpg,"[4000, 6000]",modelv1.0__2025-02-22 09:37:28
D:\moth_photos\database\batch_01\img_moth_00000306.jpg,"[4000, 6000]",modelv1.0__2025-02-22 09:37:28
D:\moth_photos\database\batch_01\img_moth_00000307.jpg,"[4000, 6000]",modelv1.0__2025-02-22 09:37:28
D:\moth_photos\database\batch_01\img_moth_00000308.jpg,"[4000, 6000]",modelv1.0__2025-02-22 09:37:28
D:\moth_photos\database\batch_01\img_moth_00000309.jpg,"[4000, 6000]",modelv1.0__2025-02-22 09:37:28
D:\moth_photos\database\batch_01\img_moth_00000310.jpg,"[4000, 6000]",modelv1.0__2025-02-22 09:37:28
D:\moth_photos\database\batch_01\img_moth_00000311.jpg,"[4000, 6000]",modelv1.0__2025-02-22 09:37:28
D:\moth_photos\database\batch_01\img_moth_00000312.jpg,"[4000, 6000]",modelv1.0__2025-02-22 09:37:28
D:\moth_photos\database\batch_01\img_moth_00000313.jpg,"[4000, 6000]",modelv1.0__2025-02-22 09:37:28
D:\moth_photos\database\batch_01\img_moth_00000314.jpg,"[4000, 6000]",modelv1.0__2025-02-22 09:37:28
D:\moth_photos\database\batch_01\img_moth_00000315.jpg,"[4000, 6000]",modelv1.0__2025-02-22 09:37:28
D:\moth_photos\database\batch_01\img_moth_00000316.jpg,"[4000, 6000]",modelv1.0__2025-02-22 09:37:28
D:\moth_photos\database\batch_01\img_moth_00000317.jpg,"[4000, 6000]",modelv1.0__2025-02-22 09:37:28
D:\moth_photos\database\batch_01\img_moth_00000318.jpg,"[4000, 6000]",modelv1.0__2025-02-22 09:37:28
D:\moth_photos\database\batch_01\img_moth_00000319.jpg,"[4000, 6000]",modelv1.0__2025-02-22 09:37:28
D:\moth_photos\database\batch_01\img_moth_00000320.jpg,"[4000, 6000]",modelv1.0__2025-02-22 09:37:28
D:\moth_photos\database\batch_01\img_moth_00000321.jpg,"[4000, 6000]",modelv1.0__2025-02-22 09:37:28
D:\moth_photos\database\batch_01\img_moth_00000322.jpg,"[4000, 6000]",modelv1.0__2025-02-22 09:37:28
D:\moth_photos\database\batch_01\img_moth_00000323.jpg,"[4000, 6000]",modelv1.0__2025-02-22 09:37:28
D:\moth_photos\database\batch_01\img_moth_00000324.jpg,"[4000, 6000]",modelv1.0__2025-02-22 09:37:28
D:\moth_photos\database\batch_01\img_moth_00000325.jpg,"[4000, 6000]",modelv1.0__2025-02-22 09:37:28
D:\moth_photos\database\batch_01\img_moth_00000326.jpg,"[4000, 6000]",modelv1.0__2025-02-22 09:37:28
D:\moth_photos\database\batch_01\img_moth_00000327.jpg,"[4000, 6000]",modelv1.0__2025-02-22 09:37:28
D:\moth_photos\database\batch_01\img_moth_00000328.jpg,"[4000, 6000]",modelv1.0__2025-02-22 09:37:28
D:\moth_photos\database\batch_01\img_moth_00000329.jpg,"[4000, 6000]",modelv1.0__2025-02-22 09:37:28
D:\moth_photos\database\batch_01\img_moth_00000330.jpg,"[4000, 6000]",modelv1.0__2025-02-22 09:37:28
D:\moth_photos\database\batch_01\img_moth_00000331.jpg,"[4000, 6000]",modelv1.0__2025-02-22 09:37:28
D:\moth_photos\database\batch_01\img_moth_00000332.jpg,"[4000, 6000]",modelv1.0__2025-02-22 09:37:28
D:\moth_photos\database\batch_01\img_moth_00000333.jpg,"[4000, 6000]",modelv1.0__2025-02-22 09:37:28
D:\moth_photos\database\batch_01\img_moth_00000334.jpg,"[4000, 6000]",modelv1.0__2025-02-22 09:37:28
D:\moth_photos\database\batch_01\img_moth_00000335.jpg,"[4000, 6000]",modelv1.0__2025-02-22 09:37:28
D:\moth_photos\database\batch_01\img_moth_00000336.jpg,"[4000, 6000]",modelv1.0__2025-02-22 09:37:28
D:\moth_photos\database\batch_01\img_moth_00000337.jpg,"[4000, 6000]",modelv1.0__2025-02-22 09:37:28
D:\moth_photos\database\batch_01\img_moth_00000338.jpg,"[4000, 6000]",modelv1.0__2025-02-22 09:37:28
D:\moth_photos\database\batch_01\img_moth_00000339.jpg,"[4000, 6000]",modelv1.0__2025-02-22 09:37:28
D:\moth_photos\database\batch_01\img_moth_00000340.jpg,"[4000, 6000]",modelv1.0__2025-02-22 09:37:28
D:\moth_photos\database\batch_01\img_moth_00000341.jpg,"[4000, 6000]",modelv1.0__2025-02-22 09:37:28
D:\moth_photos\database\batch_01\img_moth_00000342.jpg,"[4000, 6000]",modelv1.0__2025-02-22 09:37:28
D:\moth_photos\database\batch_01\img_moth_00000343.jpg,"[4000, 6000]",modelv1.0__2025-02-22 09:37:28
D:\moth_photos\database\batch_01\img_moth_00000344.jpg,"[4000, 6000]",modelv1.0__2025-02-22 09:37:28
D:\moth_photos\database\batch_01\img_moth_00000345.jpg,"[4000, 6000]",modelv1.0__2025-02-22 09:37:28
D:\moth_photos\database\batch_01\img_moth_00000346.jpg,"[4000, 6000]",modelv1.0__2025-02-22 09:37:28
D:\moth_photos\database\batch_01\img_moth_00000347.jpg,"[4000, 6000]",modelv1.0__2025-02-22 09:37:28
D:\moth_photos\database\batch_01\img_moth_00000348.jpg,"[4000, 6000]",modelv1.0__2025-02-22 09:37:28
D:\moth_photos\database\batch_01\img_moth_00000349.jpg,"[4000, 6000]",modelv1.0__2025-02-22 09:37:28
D:\moth_photos\database\batch_01\img_moth_00000350.jpg,"[4000, 6000]",modelv1.0__2025-02-22 09:37:28
D:\moth_photos\database\batch_01\img_moth_00000351.jpg,"[4000, 6000]",modelv1.0__2025-02-22 09:37:28
D:\moth_photos\database\batch_01\img_moth_00000352.jpg,"[4000, 6000]",modelv1.0__2025-02-22 09:37:28
D:\moth_photos\database\batch_01\img_moth_00000353.jpg,"[4000, 6000]",modelv1.0__2025-02-22 09:37:28
D:\moth_photos\database\batch_01\img_moth_00000354.jpg,"[4000, 6000]",modelv1.0__2025-02-22 09:37:28
D:\moth_photos\database\batch_01\img_moth_00000355.jpg,"[4000, 6000]",modelv1.0__2025-02-22 09:37:28
D:\moth_photos\database\batch_01\img_moth_00000356.jpg,"[4000, 6000]",modelv1.0__2025-02-22 09:37:28
D:\moth_photos\database\batch_01\img_moth_00000357.jpg,"[4000, 6000]",modelv1.0__2025-02-22 09:37:28
D:\moth_photos\database\batch_01\img_moth_00000358.jpg,"[4000, 6000]",modelv1.0__2025-02-22 09:37:28
D:\moth_photos\database\batch_01\img_moth_00000359.jpg,"[4000, 6000]",modelv1.0__2025-02-22 09:37:28
D:\moth_photos\database\batch_01\img_moth_00000360.jpg,"[4000, 6000]",modelv1.0__2025-02-22 09:37:28
D:\moth_photos\database\batch_01\img_moth_00000361.jpg,"[4000, 6000]",modelv1.0__2025-02-22 09:37:28
D:\moth_photos\database\batch_01\img_moth_00000362.jpg,"[4000, 6000]",modelv1.0__2025-02-22 09:37:28
D:\moth_photos\database\batch_01\img_moth_00000363.jpg,"[4000, 6000]",modelv1.0__2025-02-22 09:37:28
D:\moth_photos\database\batch_01\img_moth_00000364.jpg,"[4000, 6000]",modelv1.0__2025-02-22 09:37:28
D:\moth_photos\database\batch_01\img_moth_00000365.jpg,"[4000, 6000]",modelv1.0__2025-02-22 09:37:28
D:\moth_photos\database\batch_01\img_moth_00000366.jpg,"[4000, 6000]",modelv1.0__2025-02-22 09:37:28
D:\moth_photos\database\batch_01\img_moth_00000367.jpg,"[4000, 6000]",modelv1.0__2025-02-22 09:37:28
D:\moth_photos\database\batch_01\img_moth_00000368.jpg,"[4000, 6000]",modelv1.0__2025-02-22 09:37:28
D:\moth_photos\database\batch_01\img_moth_00000369.jpg,"[4000, 6000]",modelv1.0__2025-02-22 09:37:28
D:\moth_photos\database\batch_01\img_moth_00000370.jpg,"[4000, 6000]",modelv1.0__2025-02-22 09:37:28
D:\moth_photos\database\batch_01\img_moth_00000371.jpg,"[4000, 6000]",modelv1.0__2025-02-22 09:37:28
D:\moth_photos\database\batch_01\img_moth_00000372.jpg,"[4000, 6000]",modelv1.0__2025-02-22 09:37:28
D:\moth_photos\database\batch_01\img_moth_00000373.jpg,"[4000, 6000]",modelv1.0__2025-02-22 09:37:28
D:\moth_photos\database\batch_01\img_moth_00000374.jpg,"[4000, 6000]",modelv1.0__2025-02-22 09:37:28
D:\moth_photos\database\batch_01\img_moth_00000375.jpg,"[4000, 6000]",modelv1.0__2025-02-22 09:37:28
D:\moth_photos\database\batch_01\img_moth_00000376.jpg,"[4000, 6000]",modelv1.0__2025-02-22 09:37:28
D:\moth_photos\database\batch_01\img_moth_00000377.jpg,"[4000, 6000]",modelv1.0__2025-02-22 09:37:28
D:\moth_photos\database\batch_01\img_moth_00000378.jpg,"[4000, 6000]",modelv1.0__2025-02-22 09:37:28
D:\moth_photos\database\batch_01\img_moth_00000379.jpg,"[4000, 6000]",modelv1.0__2025-02-22 09:37:28
D:\moth_photos\database\batch_01\img_moth_00000380.jpg,"[4000, 6000]",modelv1.0__2025-02-22 09:37:28
D:\moth_photos\database\batch_01\img_moth_00000381.jpg,"[4000, 6000]",modelv1.0__2025-02-22 09:37:28
D:\moth_photos\database\batch_01\img_moth_00000382.jpg,"[4000, 6000]",modelv1.0__2025-02-22 09:37:28
D:\moth_photos\database\batch_01\img_moth_00000383.jpg,"[4000, 6000]",modelv1.0__2025-02-22 09:37:28
D:\moth_photos\database\batch_01\img_moth_00000384.jpg,"[4000, 6000]",modelv1.0__2025-02-22 09:37:28
D:\moth_photos\database\batch_01\img_moth_00000385.jpg,"[4000, 6000]",modelv1.0__2025-02-22 09:37:28
D:\moth_photos\database\batch_01\img_moth_00000386.jpg,"[4000, 6000]",modelv1.0__2025-02-22 09:37:28
D:\moth_photos\database\batch_01\img_moth_00000387.jpg,"[4000, 6000]",modelv1.0__2025-02-22 09:37:28
D:\moth_photos\database\batch_01\img_moth_00000388.jpg,"[4000, 6000]",modelv1.0__2025-02-22 09:37:28
D:\moth_photos\database\batch_01\img_moth_00000389.jpg,"[4000, 6000]",modelv1.0__2025-02-22 09:37:28
D:\moth_photos\database\batch_01\img_moth_00000390.jpg,"[4000, 6000]",modelv1.0__2025-02-22 09:37:28
D:\moth_photos\database\batch_01\img_moth_00000391.jpg,"[4000, 6000]",modelv1.0__2025-02-22 09:37:28
D:\moth_photos\database\batch_01\img_moth_00000392.jpg,"[4000, 6000]",modelv1.0__2025-02-22 09:37:28
D:\moth_photos\database\batch_01\img_moth_00000393.jpg,"[4000, 6000]",modelv1.0__2025-02-22 09:37:28
D:\moth_photos\database\batch_01\img_moth_00000394.jpg,"[4000, 6000]",modelv1.0__2025-02-22 09:37:28
D:\moth_photos\database\batch_01\img_moth_00000395.jpg,"[4000, 6000]",modelv1.0__2025-02-22 09:37:28
D:\moth_photos\database\batch_01\img_moth_00000396.jpg,"[4000, 6000]",modelv1.0__2025-02-22 09:37:28
D:\moth_photos\database\batch_01\img_moth_00000397.jpg,"[4000, 6000]",modelv1.0__2025-02-22 09:37:28
D:\moth_photos\database\batch_01\img_moth_00000398.jpg,"[4000, 6000]",modelv1.0__2025-02-22 09:37:28
D:\moth_photos\database\batch_01\img_moth_00000399.jpg,"[4000, 6000]",modelv1.0__2025-02-22 09:37:28
D:\moth_photos\database\batch_01\img_moth_00000400.jpg,"[4000, 6000]",modelv1.0__2025-02-22 09:37:28
D:\moth_photos\database\batch_01\img_moth_00000401.jpg,"[4000, 6000]",modelv1.0__2025-02-22 09:37:28
D:\moth_photos\database\batch_01\img_moth_00000402.jpg,"[4000, 6000]",modelv1.0__2025-02-22 09:37:28
D:\moth_photos\database\batch_01\img_moth_00000403.jpg,"[4000, 6000]",modelv1.0__2025-02-22 09:37:28
D:\moth_photos\database\batch_01\img_moth_00000404.jpg,"[4000, 6000]",modelv1.0__2025-02-22 09:37:28
D:\moth_photos\database\batch_01\img_moth_00000405.jpg,"[4000, 6000]",modelv1.0__2025-02-22 09:37:28
D:\moth_photos\database\batch_01\img_moth_00000406.jpg,"[4000, 6000]",modelv1.0__2025-02-22 09:37:28
D:\moth_photos\database\batch_01\img_moth_00000407.jpg,"[4000, 6000]",modelv1.0__2025-02-22 09:37:28
D:\moth_photos\database\batch_01\img_moth_00000408.jpg,"[4000, 6000]",modelv1.0__2025-02-22 09:37:28
D:\moth_photos\database\batch_01\img_moth_00000409.jpg,"[4000, 6000]",modelv1.0__2025-02-22 09:37:28
D:\moth_photos\database\batch_01\img_moth_00000410.jpg,"[4000, 6000]",modelv1.0__2025-02-22 09:37:28
D:\moth_photos\database\batch_01\img_moth_00000411.jpg,"[4000, 6000]",modelv1.0__2025-02-22 09:37:28
D:\moth_photos\database\batch_01\img_moth_00000412.jpg,"[4000, 6000]",modelv1.0__2025-02-22 09:37:28
D:\moth_photos\database\batch_01\img_moth_00000413.jpg,"[4000, 6000]",modelv1.0__2025-02-22 09:37:28
D:\moth_photos\database\batch_01\img_moth_00000414.jpg,"[4000, 6000]",modelv1.0__2025-02-22 09:37:28
D:\moth_photos\database\batch_01\img_moth_00000415.jpg,"[4000, 6000]",modelv1.0__2025-02-22 09:37:28
D:\moth_photos\database\batch_01\img_moth_00000416.jpg,"[4000, 6000]",modelv1.0__2025-02-22 09:37:28
D:\moth_photos\database\batch_01\img_moth_00000417.jpg,"[4000, 6000]",modelv1.0__2025-02-22 09:37:28
D:\moth_photos\database\batch_01\img_moth_00000418.jpg,"[4000, 6000]",modelv1.0__2025-02-22 09:37:28
D:\moth_photos\database\batch_01\img_moth_00000419.jpg,"[4000, 6000]",modelv1.0__2025-02-22 09:37:28
D:\moth_photos\database\batch_01\img_moth_00000420.jpg,"[4000, 6000]",modelv1.0__2025-02-22 09:37:28
D:\moth_photos\database\batch_01\img_moth_00000421.jpg,"[4000, 6000]",modelv1.0__2025-02-22 09:37:28
D:\moth_photos\database\batch_01\img_moth_00000422.jpg,"[4000, 6000]",modelv1.0__2025-02-22 09:37:28
D:\moth_photos\database\batch_01\img_moth_00000423.jpg,"[4000, 6000]",modelv1.0__2025-02-22 09:37:28
D:\moth_photos\database\batch_01\img_moth_00000424.jpg,"[4000, 6000]",modelv1.0__2025-02-22 09:37:28
D:\moth_photos\database\batch_01\img_moth_00000425.jpg,"[4000, 6000]",modelv1.0__2025-02-22 09:37:28
D:\moth_photos\database\batch_01\img_moth_00000426.jpg,"[4000, 6000]",modelv1.0__2025-02-22 09:37:28
D:\moth_photos\database\batch_01\img_moth_00000427.jpg,"[4000, 6000]",modelv1.0__2025-02-22 09:37:28
D:\moth_photos\database\batch_01\img_moth_00000428.jpg,"[4000, 6000]",modelv1.0__2025-02-22 09:37:28
D:\moth_photos\database\batch_01\img_moth_00000429.jpg,"[4000, 6000]",modelv1.0__2025-02-22 09:37:28
D:\moth_photos\database\batch_01\img_moth_00000430.jpg,"[4000, 6000]",modelv1.0__2025-02-22 09:37:28
D:\moth_photos\database\batch_01\img_moth_00000431.jpg,"[4000, 6000]",modelv1.0__2025-02-22 09:37:28
D:\moth_photos\database\batch_01\img_moth_00000432.jpg,"[4000, 6000]",modelv1.0__2025-02-22 09:37:28
D:\moth_photos\database\batch_01\img_moth_00000433.jpg,"[4000, 6000]",modelv1.0__2025-02-22 09:37:28
D:\moth_photos\database\batch_01\img_moth_00000434.jpg,"[4000, 6000]",modelv1.0__2025-02-22 09:37:28
D:\moth_photos\database\batch_01\img_moth_00000435.jpg,"[4000, 6000]",modelv1.0__2025-02-22 09:37:28
D:\moth_photos\database\batch_01\img_moth_00000436.jpg,"[4000, 6000]",modelv1.0__2025-02-22 09:37:28
D:\moth_photos\database\batch_01\img_moth_00000437.jpg,"[4000, 6000]",modelv1.0__2025-02-22 09:37:28
D:\moth_photos\database\batch_01\img_moth_00000438.jpg,"[4000, 6000]",modelv1.0__2025-02-22 09:37:28
D:\moth_photos\database\batch_01\img_moth_00000439.jpg,"[4000, 6000]",modelv1.0__2025-02-22 09:37:28
D:\moth_photos\database\batch_01\img_moth_00000440.jpg,"[4000, 6000]",modelv1.0__2025-02-22 09:37:28
D:\moth_photos\database\batch_01\img_moth_00000441.jpg,"[4000, 6000]",modelv1.0__2025-02-22 09:37:28
D:\moth_photos\database\batch_01\img_moth_00000442.jpg,"[4000, 6000]",modelv1.0__2025-02-22 09:37:28
D:\moth_photos\database\batch_01\img_moth_00000443.jpg,"[4000, 6000]",modelv1.0__2025-02-22 09:37:28
D:\moth_photos\database\batch_01\img_moth_00000444.jpg,"[4000, 6000]",modelv1.0__2025-02-22 09:37:28
D:\moth_photos\database\batch_01\img_moth_00000445.jpg,"[4000, 6000]",modelv1.0__2025-02-22 09:37:28
D:\moth_photos\database\batch_01\img_moth_00000446.jpg,"[4000, 6000]",modelv1.0__2025-02-22 09:37:28
D:\moth_photos\database\batch_01\img_moth_00000447.jpg,"[4000, 6000]",modelv1.0__2025-02-22 09:37:28
D:\moth_photos\database\batch_01\img_moth_00000448.jpg,"[4000, 6000]",modelv1.0__2025-02-22 09:37:28
D:\moth_photos\database\batch_01\img_moth_00000449.jpg,"[4000, 6000]",modelv1.0__2025-02-22 09:37:28
D:\moth_photos\database\batch_01\img_moth_00000450.jpg,"[4000, 6000]",modelv1.0__2025-02-22 09:37:28
D:\moth_photos\database\batch_01\img_moth_00000451.jpg,"[4000, 6000]",modelv1.0__2025-02-22 09:37:28
D:\moth_photos\database\batch_01\img_moth_00000452.jpg,"[4000, 6000]",modelv1.0__2025-02-22 09:37:28
D:\moth_photos\database\batch_01\img_moth_00000453.jpg,"[4000, 6000]",modelv1.0__2025-02-22 09:37:28
D:\moth_photos\database\batch_01\img_moth_00000454.jpg,"[4000, 6000]",modelv1.0__2025-02-22 09:37:28
D:\moth_photos\database\batch_01\img_moth_00000455.jpg,"[4000, 6000]",modelv1.0__2025-02-22 09:37:28
D:\moth_photos\database\batch_01\img_moth_00000456.jpg,"[4000, 6000]",modelv1.0__2025-02-22 09:37:28
D:\moth_photos\database\batch_01\img_moth_00000457.jpg,"[4000, 6000]",modelv1.0__2025-02-22 09:37:28
D:\moth_photos\database\batch_01\img_moth_00000458.jpg,"[4000, 6000]",modelv1.0__2025-02-22 09:37:28
D:\moth_photos\database\batch_01\img_moth_00000459.jpg,"[4000, 6000]",modelv1.0__2025-02-22 09:37:28
D:\moth_photos\database\batch_01\img_moth_00000460.jpg,"[4000, 6000]",modelv1.0__2025-02-22 09:37:28
D:\moth_photos\database\batch_01\img_moth_00000461.jpg,"[4000, 6000]",modelv1.0__2025-02-22 09:37:28
D:\moth_photos\database\batch_01\img_moth_00000462.jpg,"[4000, 6000]",modelv1.0__2025-02-22 09:37:28
D:\moth_photos\database\batch_01\img_moth_00000463.jpg,"[4000, 6000]",modelv1.0__2025-02-22 09:37:28
D:\moth_photos\database\batch_01\img_moth_00000464.jpg,"[4000, 6000]",modelv1.0__2025-02-22 09:37:28
D:\moth_photos\database\batch_01\img_moth_00000465.jpg,"[4000, 6000]",modelv1.0__2025-02-22 09:37:28
D:\moth_photos\database\batch_01\img_moth_00000466.jpg,"[4000, 6000]",modelv1.0__2025-02-22 09:37:28
D:\moth_photos\database\batch_01\img_moth_00000467.jpg,"[4000, 6000]",modelv1.0__2025-02-22 09:37:28
D:\moth_photos\database\batch_01\img_moth_00000468.jpg,"[4000, 6000]",modelv1.0__2025-02-22 09:37:28
D:\moth_photos\database\batch_01\img_moth_00000469.jpg,"[4000, 6000]",modelv1.0__2025-02-22 09:37:28
D:\moth_photos\database\batch_01\img_moth_00000470.jpg,"[4000, 6000]",modelv1.0__2025-02-22 09:37:28
D:\moth_photos\database\batch_01\img_moth_00000471.jpg,"[4000, 6000]",modelv1.0__2025-02-22 09:37:28
D:\moth_photos\database\batch_01\img_moth_00000472.jpg,"[4000, 6000]",modelv1.0__2025-02-22 09:37:28
D:\moth_photos\database\batch_01\img_moth_00000473.jpg,"[4000, 6000]",modelv1.0__2025-02-22 09:37:28
D:\moth_photos\database\batch_01\img_moth_00000474.jpg,"[4000, 6000]",modelv1.0__2025-02-22 09:37:28
D:\moth_photos\database\batch_01\img_moth_00000475.jpg,"[4000, 6000]",modelv1.0__2025-02-22 09:37:28
D:\moth_photos\database\batch_01\img_moth_00000476.jpg,"[4000, 6000]",modelv1.0__2025-02-22 09:37:28
D:\moth_photos\database\batch_01\img_moth_00000477.jpg,"[4000, 6000]",modelv1.0__2025-02-22 09:37:28
D:\moth_photos\database\batch_01\img_moth_00000478.jpg,"[4000, 6000]",modelv1.0__2025-02-22 09:37:28
D:\moth_photos\database\batch_01\img_moth_00000479.jpg,"[4000, 6000]",modelv1.0__2025-02-22 09:37:28
D:\moth_photos\database\batch_01\img_moth_00000480.jpg,"[4000, 6000]",modelv1.0__2025-02-22 09:37:28
D:\moth_photos\database\batch_01\img_moth_00000481.jpg,"[4000, 6000]",modelv1.0__2025-02-22 09:37:28
D:\moth_photos\database\batch_01\img_moth_00000482.jpg,"[4000, 6000]",modelv1.0__2025-02-22 09:37:28
D:\moth_photos\database\batch_01\img_moth_00000483.jpg,"[4000, 6000]",modelv1.0__2025-02-22 09:37:28
D:\moth_photos\database\batch_01\img_moth_00000484.jpg,"[4000, 6000]",modelv1.0__2025-02-22 09:37:28
D:\moth_photos\database\batch_01\img_moth_00000485.jpg,"[4000, 6000]",modelv1.0__2025-02-22 09:37:28
D:\moth_photos\database\batch_01\img_moth_00000486.jpg,"[4000, 6000]",modelv1.0__2025-02-22 09:37:28
D:\moth_photos\database\batch_01\img_moth_00000487.jpg,"[4000, 6000]",modelv1.0__2025-02-22 09:37:28
D:\moth_photos\database\batch_01\img_moth_00000488.jpg,"[4000, 6000]",modelv1.0__2025-02-22 09:37:28
D:\moth_photos\database\batch_01\img_moth_00000489.jpg,"[4000, 6000]",modelv1.0__2025-02-22 09:37:28
D:\moth_photos\database\batch_01\img_moth_00000490.jpg,"[4000, 6000]",modelv1.0__2025-02-22 09:37:28
D:\moth_photos\database\batch_01\img_moth_00000491.jpg,"[4000, 6000]",modelv1.0__2025-02-22 09:37:28
D:\moth_photos\database\batch_01\img_moth_00000492.jpg,"[4000, 6000]",modelv1.0__2025-02-22 09:37:28
D:\moth_photos\database\batch_01\img_moth_00000493.jpg,"[4000, 6000]",modelv1.0__2025-02-22 09:37:28
D:\moth_photos\database\batch_01\img_moth_00000494.jpg,"[4000, 6000]",modelv1.0__2025-02-22 09:37:28
D:\moth_photos\database\batch_01\img_moth_00000495.jpg,"[4000, 6000]",modelv1.0__2025-02-22 09:37:28
D:\moth_photos\database\batch_01\img_moth_00000496.jpg,"[4000, 6000]",modelv1.0__2025-02-22 09:37:28
D:\moth_photos\database\batch_01\img_moth_00000497.jpg,"[4000, 6000]",modelv1.0__2025-02-22 09:37:28
D:\moth_photos\database\batch_01\img_moth_00000498.jpg,"[4000, 6000]",modelv1.0__2025-02-22 09:37:28
D:\moth_photos\database\batch_01\img_moth_00000499.jpg,"[4000, 6000]",modelv1.0__2025-02-22 09:37:28
D:\moth_photos\database\batch_01\img_moth_00000500.jpg,"[4000, 6000]",modelv1.0__2025-02-22 09:37:28
D:\moth_photos\database\batch_01\img_moth_00000501.jpg,"[4000, 6000]",modelv1.0__2025-02-22 09:37:28
D:\moth_photos\database\batch_01\img_moth_00000502.jpg,"[4000, 6000]",modelv1.0__2025-02-22 09:37:28
D:\moth_photos\database\batch_01\img_moth_00000503.jpg,"[4000, 6000]",modelv1.0__2025-02-22 09:37:28
D:\moth_photos\database\batch_01\img_moth_00000504.jpg,"[4000, 6000]",modelv1.0__2025-02-22 09:37:28
D:\moth_photos\database\batch_01\img_moth_00000505.jpg,"[4000, 6000]",modelv1.0__2025-02-22 09:37:28
D:\moth_photos\database\batch_01\img_moth_00000506.jpg,"[4000, 6000]",modelv1.0__2025-02-22 09:37:28
D:\moth_photos\database\batch_01\img_moth_00000507.jpg,"[4000, 6000]",modelv1.0__2025-02-22 09:37:28
D:\moth_photos\database\batch_01\img_moth_00000508.jpg,"[4000, 6000]",modelv1.0__2025-02-22 09:37:28
D:\moth_photos\database\batch_01\img_moth_00000509.jpg,"[4000, 6000]",modelv1.0__2025-02-22 09:37:28
D:\moth_photos\database\batch_01\img_moth_00000510.jpg,"[4000, 6000]",modelv1.0__2025-02-22 09:37:28
D:\moth_photos\database\batch_01\img_moth_00000511.jpg,"[4000, 6000]",modelv1.0__2025-02-22 09:37:28
D:\moth_photos\database\batch_01\img_moth_00000512.jpg,"[4000, 6000]",modelv1.0__2025-02-22 09:37:28
D:\moth_photos\database\batch_01\img_moth_00000513.jpg,"[4000, 6000]",modelv1.0__2025-02-22 09:37:28
D:\moth_photos\database\batch_01\img_moth_00000514.jpg,"[4000, 6000]",modelv1.0__2025-02-22 09:37:28
D:\moth_photos\database\batch_01\img_moth_00000515.jpg,"[4000, 6000]",modelv1.0__2025-02-22 09:37:28
D:\moth_photos\database\batch_01\img_moth_00000516.jpg,"[4000, 6000]",modelv1.0__2025-02-22 09:37:28
D:\moth_photos\database\batch_01\img_moth_00000517.jpg,"[4000, 6000]",modelv1.0__2025-02-22 09:37:28
D:\moth_photos\database\batch_01\img_moth_00000518.jpg,"[4000, 6000]",modelv1.0__2025-02-22 09:37:28
D:\moth_photos\database\batch_01\img_moth_00000519.jpg,"[4000, 6000]",modelv1.0__2025-02-22 09:37:28
D:\moth_photos\database\batch_01\img_moth_00000520.jpg,"[4000, 6000]",modelv1.0__2025-02-22 09:37:28
D:\moth_photos\database\batch_01\img_moth_00000521.jpg,"[4000, 6000]",modelv1.0__2025-02-22 09:37:28
D:\moth_photos\database\batch_01\img_moth_00000522.jpg,"[4000, 6000]",modelv1.0__2025-02-22 09:37:28
D:\moth_photos\database\batch_01\img_moth_00000523.jpg,"[4000, 6000]",modelv1.0__2025-02-22 09:37:28
D:\moth_photos\database\batch_01\img_moth_00000524.jpg,"[4000, 6000]",modelv1.0__2025-02-22 09:37:28
D:\moth_photos\database\batch_01\img_moth_00000525.jpg,"[4000, 6000]",modelv1.0__2025-02-22 09:37:28
D:\moth_photos\database\batch_01\img_moth_00000526.jpg,"[4000, 6000]",modelv1.0__2025-02-22 09:37:28
D:\moth_photos\database\batch_01\img_moth_00000527.jpg,"[4000, 6000]",modelv1.0__2025-02-22 09:37:28
D:\moth_photos\database\batch_01\img_moth_00000528.jpg,"[4000, 6000]",modelv1.0__2025-02-22 09:37:28
D:\moth_photos\database\batch_01\img_moth_00000529.jpg,"[4000, 6000]",modelv1.0__2025-02-22 09:37:28
D:\moth_photos\database\batch_01\img_moth_00000530.jpg,"[4000, 6000]",modelv1.0__2025-02-22 09:37:28
D:\moth_photos\database\batch_01\img_moth_00000531.jpg,"[4000, 6000]",modelv1.0__2025-02-22 09:37:28
D:\moth_photos\database\batch_01\img_moth_00000532.jpg,"[4000, 6000]",modelv1.0__2025-02-22 09:37:28
D:\moth_photos\database\batch_01\img_moth_00000533.jpg,"[4000, 6000]",modelv1.0__2025-02-22 09:37:28
D:\moth_photos\database\batch_01\img_moth_00000534.jpg,"[4000, 6000]",modelv1.0__2025-02-22 09:37:28
D:\moth_photos\database\batch_01\img_moth_00000535.jpg,"[4000, 6000]",modelv1.0__2025-02-22 09:37:28
D:\moth_photos\database\batch_01\img_moth_00000536.jpg,"[4000, 6000]",modelv1.0__2025-02-22 09:37:28
D:\moth_photos\database\batch_01\img_moth_00000537.jpg,"[4000, 6000]",modelv1.0__2025-02-22 09:37:28
D:\moth_photos\database\batch_01\img_moth_00000538.jpg,"[4000, 6000]",modelv1.0__2025-02-22 09:37:28
D:\moth_photos\database\batch_01\img_moth_00000539.jpg,"[4000, 6000]",modelv1.0__2025-02-22 09:37:28
D:\moth_photos\database\batch_01\img_moth_00000540.jpg,"[4000, 6000]",modelv1.0__2025-02-22 09:37:28
D:\moth_photos\database\batch_01\img_moth_00000541.jpg,"[4000, 6000]",modelv1.0__2025-02-22 09:37:28
D:\moth_photos\database\batch_01\img_moth_00000542.jpg,"[4000, 6000]",modelv1.0__2025-02-22 09:37:28
D:\moth_photos\database\batch_01\img_moth_00000543.jpg,"[4000, 6000]",modelv1.0__2025-02-22 09:37:28
D:\moth_photos\database\batch_01\img_moth_00000544.jpg,"[4000, 6000]",modelv1.0__2025-02-22 09:37:28
D:\moth_photos\database\batch_01\img_moth_00000545.jpg,"[4000, 6000]",modelv1.0__2025-02-22 09:37:28
D:\moth_photos\database\batch_01\img_moth_00000546.jpg,"[4000, 6000]",modelv1.0__2025-02-22 09:37:28
D:\moth_photos\database\batch_01\img_moth_00000547.jpg,"[4000, 6000]",modelv1.0__2025-02-22 09:37:28
D:\moth_photos\database\batch_01\img_moth_00000548.jpg,"[4000, 6000]",modelv1.0__2025-02-22 09:37:28
D:\moth_photos\database\batch_01\img_moth_00000549.jpg,"[4000, 6000]",modelv1.0__2025-02-22 09:37:28
D:\moth_photos\database\batch_01\img_moth_00000550.jpg,"[4000, 6000]",modelv1.0__2025-02-22 09:37:28
D:\moth_photos\database\batch_01\img_moth_00000551.jpg,"[4000, 6000]",modelv1.0__2025-02-22 09:37:28
D:\moth_photos\database\batch_01\img_moth_00000552.jpg,"[4000, 6000]",modelv1.0__2025-02-22 09:37:28
D:\moth_photos\database\batch_01\img_moth_00000553.jpg,"[4000, 6000]",modelv1.0__2025-02-22 09:37:28
D:\moth_photos\database\batch_01\img_moth_00000554.jpg,"[4000, 6000]",modelv1.0__2025-02-22 09:37:28
D:\moth_photos\database\batch_01\img_moth_00000555.jpg,"[4000, 6000]",modelv1.0__2025-02-22 09:37:28
D:\moth_photos\database\batch_01\img_moth_00000556.jpg,"[4000, 6000]",modelv1.0__2025-02-22 09:37:28
D:\moth_photos\database\batch_01\img_moth_00000557.jpg,"[4000, 6000]",modelv1.0__2025-02-22 09:37:28
D:\moth_photos\database\batch_01\img_moth_00000558.jpg,"[4000, 6000]",modelv1.0__2025-02-22 09:37:28
D:\moth_photos\database\batch_01\img_moth_00000559.jpg,"[4000, 6000]",modelv1.0__2025-02-22 09:37:28
D:\moth_photos\database\batch_01\img_moth_00000560.jpg,"[4000, 6000]",modelv1.0__2025-02-22 09:37:28
D:\moth_photos\database\batch_01\img_moth_00000561.jpg,"[4000, 6000]",modelv1.0__2025-02-22 09:37:28
D:\moth_photos\database\batch_01\img_moth_00000562.jpg,"[4000, 6000]",modelv1.0__2025-02-22 09:37:28
D:\moth_photos\database\batch_01\img_moth_00000563.jpg,"[4000, 6000]",modelv1.0__2025-02-22 09:37:28
D:\moth_photos\database\batch_01\img_moth_00000564.jpg,"[4000, 6000]",modelv1.0__2025-02-22 09:37:28
D:\moth_photos\database\batch_01\img_moth_00000565.jpg,"[4000, 6000]",modelv1.0__2025-02-22 09:37:28
D:\moth_photos\database\batch_01\img_moth_00000566.jpg,"[4000, 6000]",modelv1.0__2025-02-22 09:37:28
D:\moth_photos\database\batch_01\img_moth_00000567.jpg,"[4000, 6000]",modelv1.0__2025-02-22 09:37:28
D:\moth_photos\database\batch_01\img_moth_00000568.jpg,"[4000, 6000]",modelv1.0__2025-02-22 09:37:28
D:\moth_photos\database\batch_01\img_moth_00000569.jpg,"[4000, 6000]",modelv1.0__2025-02-22 09:37:28
D:\moth_photos\database\batch_01\img_moth_00000570.jpg,"[4000, 6000]",modelv1.0__2025-02-22 09:37:28
D:\moth_photos\database\batch_01\img_moth_00000571.jpg,"[4000, 6000]",modelv1.0__2025-02-22 09:37:28
D:\moth_photos\database\batch_01\img_moth_00000572.jpg,"[4000, 6000]",modelv1.0__2025-02-22 09:37:28
D:\moth_photos\database\batch_01\img_moth_00000573.jpg,"[4000, 6000]",modelv1.0__2025-02-22 09:37:28
D:\moth_photos\database\batch_01\img_moth_00000574.jpg,"[4000, 6000]",modelv1.0__2025-02-22 09:37:28
D:\moth_photos\database\batch_01\img_moth_00000575.jpg,"[4000, 6000]",modelv1.0__2025-02-22 09:37:28
D:\moth_photos\database\batch_01\img_moth_00000576.jpg,"[4000, 6000]",modelv1.0__2025-02-22 09:37:28
D:\moth_photos\database\batch_01\img_moth_00000577.jpg,"[4000, 6000]",modelv1.0__2025-02-22 09:37:28
D:\moth_photos\database\batch_01\img_moth_00000578.jpg,"[4000, 6000]",modelv1.0__2025-02-22 09:37:28
D:\moth_photos\database\batch_01\img_moth_00000579.jpg,"[4000, 6000]",modelv1.0__2025-02-22 09:37:28
D:\moth_photos\database\batch_01\img_moth_00000580.jpg,"[4000, 6000]",modelv1.0__2025-02-22 09:37:28
D:\moth_photos\database\batch_01\img_moth_00000581.jpg,"[4000, 6000]",modelv1.0__2025-02-22 09:37:28
D:\moth_photos\database\batch_01\img_moth_00000582.jpg,"[4000, 6000]",modelv1.0__2025-02-22 09:37:28
D:\moth_photos\database\batch_01\img_moth_00000583.jpg,"[4000, 6000]",modelv1.0__2025-02-22 09:37:28
D:\moth_photos\database\batch_01\img_moth_00000584.jpg,"[4000, 6000]",modelv1.0__2025-02-22 09:37:28
D:\moth_photos\database\batch_01\img_moth_00000585.jpg,"[4000, 6000]",modelv1.0__2025-02-22 09:37:28
D:\moth_photos\database\batch_01\img_moth_00000586.jpg,"[4000, 6000]",modelv1.0__2025-02-22 09:37:28
D:\moth_photos\database\batch_01\img_moth_00000587.jpg,"[4000, 6000]",modelv1.0__2025-02-22 09:37:28
D:\moth_photos\database\batch_01\img_moth_00000588.jpg,"[4000, 6000]",modelv1.0__2025-02-22 09:37:28
D:\moth_photos\database\batch_01\img_moth_00000589.jpg,"[4000, 6000]",modelv1.0__2025-02-22 09:37:28
D:\moth_photos\database\batch_01\img_moth_00000590.jpg,"[4000, 6000]",modelv1.0__2025-02-22 09:37:28
D:\moth_photos\database\batch_01\img_moth_00000591.jpg,"[4000, 6000]",modelv1.0__2025-02-22 09:37:28
D:\moth_photos\database\batch_01\img_moth_00000592.jpg,"[4000, 6000]",modelv1.0__2025-02-22 09:37:28
D:\moth_photos\database\batch_01\img_moth_00000593.jpg,"[4000, 6000]",modelv1.0__2025-02-22 09:37:28
D:\moth_photos\database\batch_01\img_moth_00000594.jpg,"[4000, 6000]",modelv1.0__2025-02-22 09:37:28
D:\moth_photos\database\batch_01\img_moth_00000595.jpg,"[4000, 6000]",modelv1.0__2025-02-22 09:37:28
D:\moth_photos\database\batch_01\img_moth_00000596.jpg,"[4000, 6000]",modelv1.0__2025-02-22 09:37:28
D:\moth_photos\database\batch_01\img_moth_00000597.jpg,"[4000, 6000]",modelv1.0__2025-02-22 09:37:28
D:\moth_photos\database\batch_01\img_moth_00000598.jpg,"[4000, 6000]",modelv1.0__2025-02-22 09:37:28
D:\moth_photos\database\batch_01\img_moth_00000599.jpg,"[4000, 6000]",modelv1.0__2025-02-22 09:37:28
D:\moth_photos\database\batch_01\img_moth_00000600.jpg,"[4000, 6000]",modelv1.0__2025-02-22 09:37:28
D:\moth_photos\database\batch_01\img_moth_00000601.jpg,"[4000, 6000]",modelv1.0__2025-02-22 09:37:28
D:\moth_photos\database\batch_01\img_moth_00000602.jpg,"[4000, 6000]",modelv1.0__2025-02-22 09:37:28
D:\moth_photos\database\batch_01\img_moth_00000603.jpg,"[4000, 6000]",modelv1.0__2025-02-22 09:37:28
D:\moth_photos\database\batch_01\img_moth_00000604.jpg,"[4000, 6000]",modelv1.0__2025-02-22 09:37:28
D:\moth_photos\database\batch_01\img_moth_00000605.jpg,"[4000, 6000]",modelv1.0__2025-02-22 09:37:28
D:\moth_photos\database\batch_01\img_moth_00000606.jpg,"[4000, 6000]",modelv1.0__2025-02-22 09:37:28
D:\moth_photos\database\batch_01\img_moth_00000607.jpg,"[4000, 6000]",modelv1.0__2025-02-22 09:37:28
D:\moth_photos\database\batch_01\img_moth_00000608.jpg,"[4000, 6000]",modelv1.0__2025-02-22 09:37:28
D:\moth_photos\database\batch_01\img_moth_00000609.jpg,"[4000, 6000]",modelv1.0__2025-02-22 09:37:28
D:\moth_photos\database\batch_01\img_moth_00000610.jpg,"[4000, 6000]",modelv1.0__2025-02-22 09:37:28
D:\moth_photos\database\batch_01\img_moth_00000611.jpg,"[4000, 6000]",modelv1.0__2025-02-22 09:37:28
D:\moth_photos\database\batch_01\img_moth_00000612.jpg,"[4000, 6000]",modelv1.0__2025-02-22 09:37:28
D:\moth_photos\database\batch_01\img_moth_00000613.jpg,"[4000, 6000]",modelv1.0__2025-02-22 09:37:28
D:\moth_photos\database\batch_01\img_moth_00000614.jpg,"[4000, 6000]",modelv1.0__2025-02-22 09:37:28
D:\moth_photos\database\batch_01\img_moth_00000615.jpg,"[4000, 6000]",modelv1.0__2025-02-22 09:37:28
D:\moth_photos\database\batch_01\img_moth_00000616.jpg,"[4000, 6000]",modelv1.0__2025-02-22 09:37:28
D:\moth_photos\database\batch_01\img_moth_00000617.jpg,"[4000, 6000]",modelv1.0__2025-02-22 09:37:28
D:\moth_photos\database\batch_01\img_moth_00000618.jpg,"[4000, 6000]",modelv1.0__2025-02-22 09:37:28
D:\moth_photos\database\batch_01\img_moth_00000619.jpg,"[4000, 6000]",modelv1.0__2025-02-22 09:37:28
D:\moth_photos\database\batch_01\img_moth_00000620.jpg,"[4000, 6000]",modelv1.0__2025-02-22 09:37:28
D:\moth_photos\database\batch_01\img_moth_00000621.jpg,"[4000, 6000]",modelv1.0__2025-02-22 09:37:28
D:\moth_photos\database\batch_01\img_moth_00000622.jpg,"[4000, 6000]",modelv1.0__2025-02-22 09:37:28
D:\moth_photos\database\batch_01\img_moth_00000623.jpg,"[4000, 6000]",modelv1.0__2025-02-22 09:37:28
D:\moth_photos\database\batch_01\img_moth_00000624.jpg,"[4000, 6000]",modelv1.0__2025-02-22 09:37:28
D:\moth_photos\database\batch_01\img_moth_00000625.jpg,"[4000, 6000]",modelv1.0__2025-02-22 09:37:28
D:\moth_photos\database\batch_01\img_moth_00000626.jpg,"[4000, 6000]",modelv1.0__2025-02-22 09:37:28
D:\moth_photos\database\batch_01\img_moth_00000627.jpg,"[4000, 6000]",modelv1.0__2025-02-22 09:37:28
D:\moth_photos\database\batch_01\img_moth_00000628.jpg,"[4000, 6000]",modelv1.0__2025-02-22 09:37:28
D:\moth_photos\database\batch_01\img_moth_00000629.jpg,"[4000, 6000]",modelv1.0__2025-02-22 09:37:28
D:\moth_photos\database\batch_01\img_moth_00000630.jpg,"[4000, 6000]",modelv1.0__2025-02-22 09:37:28
D:\moth_photos\database\batch_01\img_moth_00000631.jpg,"[4000, 6000]",modelv1.0__2025-02-22 09:37:28
D:\moth_photos\database\batch_01\img_moth_00000632.jpg,"[4000, 6000]",modelv1.0__2025-02-22 09:37:28
D:\moth_photos\database\batch_01\img_moth_00000633.jpg,"[4000, 6000]",modelv1.0__2025-02-22 09:37:28
D:\moth_photos\database\batch_01\img_moth_00000634.jpg,"[4000, 6000]",modelv1.0__2025-02-22 09:37:28
D:\moth_photos\database\batch_01\img_moth_00000635.jpg,"[4000, 6000]",modelv1.0__2025-02-22 09:37:28
D:\moth_photos\database\batch_01\img_moth_00000636.jpg,"[4000, 6000]",modelv1.0__2025-02-22 09:37:28
D:\moth_photos\database\batch_01\img_moth_00000637.jpg,"[4000, 6000]",modelv1.0__2025-02-22 09:37:28
D:\moth_photos\database\batch_01\img_moth_00000638.jpg,"[4000, 6000]",modelv1.0__2025-02-22 09:37:28
D:\moth_photos\database\batch_01\img_moth_00000639.jpg,"[4000, 6000]",modelv1.0__2025-02-22 09:37:28
D:\moth_photos\database\batch_01\img_moth_00000640.jpg,"[4000, 6000]",modelv1.0__2025-02-22 09:37:28
D:\moth_photos\database\batch_01\img_moth_00000641.jpg,"[4000, 6000]",modelv1.0__2025-02-22 09:37:28
D:\moth_photos\database\batch_01\img_moth_00000642.jpg,"[4000, 6000]",modelv1.0__2025-02-22 09:37:28
D:\moth_photos\database\batch_01\img_moth_00000643.jpg,"[4000, 6000]",modelv1.0__2025-02-22 09:37:28
D:\moth_photos\database\batch_01\img_moth_00000644.jpg,"[4000, 6000]",modelv1.0__2025-02-22 09:37:28
D:\moth_photos\database\batch_01\img_moth_00000645.jpg,"[4000, 6000]",modelv1.0__2025-02-22 09:37:28
D:\moth_photos\database\batch_01\img_moth_00000646.jpg,"[4000, 6000]",modelv1.0__2025-02-22 09:37:28
D:\moth_photos\database\batch_01\img_moth_00000647.jpg,"[4000, 6000]",modelv1.0__2025-02-22 09:37:28
D:\moth_photos\database\batch_01\img_moth_00000648.jpg,"[4000, 6000]",modelv1.0__2025-02-22 09:37:28
D:\moth_photos\database\batch_01\img_moth_00000649.jpg,"[4000, 6000]",modelv1.0__2025-02-22 09:37:28
D:\moth_photos\database\batch_01\img_moth_00000650.jpg,"[4000, 6000]",modelv1.0__2025-02-22 09:37:28
D:\moth_photos\database\batch_01\img_moth_00000651.jpg,"[4000, 6000]",modelv1.0__2025-02-22 09:37:28
D:\moth_photos\database\batch_01\img_moth_00000652.jpg,"[4000, 6000]",modelv1.0__2025-02-22 09:37:28
D:\moth_photos\database\batch_01\img_moth_00000653.jpg,"[4000, 6000]",modelv1.0__2025-02-22 09:37:28
D:\moth_photos\database\batch_01\img_moth_00000654.jpg,"[4000, 6000]",modelv1.0__2025-02-22 09:37:28
D:\moth_photos\database\batch_01\img_moth_00000655.jpg,"[4000, 6000]",modelv1.0__2025-02-22 09:37:28
D:\moth_photos\database\batch_01\img_moth_00000656.jpg,"[4000, 6000]",modelv1.0__2025-02-22 09:37:28
D:\moth_photos\database\batch_01\img_moth_00000657.jpg,"[4000, 6000]",modelv1.0__2025-02-22 09:37:28
D:\moth_photos\database\batch_01\img_moth_00000658.jpg,"[4000, 6000]",modelv1.0__2025-02-22 09:37:28
D:\moth_photos\database\batch_01\img_moth_00000659.jpg,"[4000, 6000]",modelv1.0__2025-02-22 09:37:28
D:\moth_photos\database\batch_01\img_moth_00000660.jpg,"[4000, 6000]",modelv1.0__2025-02-22 09:37:28
D:\moth_photos\database\batch_01\img_moth_00000661.jpg,"[4000, 6000]",modelv1.0__2025-02-22 09:37:28
D:\moth_photos\database\batch_01\img_moth_00000662.jpg,"[4000, 6000]",modelv1.0__2025-02-22 09:37:28
D:\moth_photos\database\batch_01\img_moth_00000663.jpg,"[4000, 6000]",modelv1.0__2025-02-22 09:37:28
D:\moth_photos\database\batch_01\img_moth_00000664.jpg,"[4000, 6000]",modelv1.0__2025-02-22 09:37:28
D:\moth_photos\database\batch_01\img_moth_00000665.jpg,"[4000, 6000]",modelv1.0__2025-02-22 09:37:28
D:\moth_photos\database\batch_01\img_moth_00000666.jpg,"[4000, 6000]",modelv1.0__2025-02-22 09:37:28
D:\moth_photos\database\batch_01\img_moth_00000667.jpg,"[4000, 6000]",modelv1.0__2025-02-22 09:37:28
D:\moth_photos\database\batch_01\img_moth_00000668.jpg,"[4000, 6000]",modelv1.0__2025-02-22 09:37:28
D:\moth_photos\database\batch_01\img_moth_00000669.jpg,"[4000, 6000]",modelv1.0__2025-02-22 09:37:28
D:\moth_photos\database\batch_01\img_moth_00000670.jpg,"[4000, 6000]",modelv1.0__2025-02-22 09:37:28
D:\moth_photos\database\batch_01\img_moth_00000671.jpg,"[4000, 6000]",modelv1.0__2025-02-22 09:37:28
D:\moth_photos\database\batch_01\img_moth_00000672.jpg,"[4000, 6000]",modelv1.0__2025-02-22 09:37:28
D:\moth_photos\database\batch_01\img_moth_00000673.jpg,"[4000, 6000]",modelv1.0__2025-02-22 09:37:28
D:\moth_photos\database\batch_01\img_moth_00000674.jpg,"[4000, 6000]",modelv1.0__2025-02-22 09:37:28
D:\moth_photos\database\batch_01\img_moth_00000675.jpg,"[4000, 6000]",modelv1.0__2025-02-22 09:37:28
D:\moth_photos\database\batch_01\img_moth_00000676.jpg,"[4000, 6000]",modelv1.0__2025-02-22 09:37:28
D:\moth_photos\database\batch_01\img_moth_00000677.jpg,"[4000, 6000]",modelv1.0__2025-02-22 09:37:28
D:\moth_photos\database\batch_01\img_moth_00000678.jpg,"[4000, 6000]",modelv1.0__2025-02-22 09:37:28
D:\moth_photos\database\batch_01\img_moth_00000679.jpg,"[4000, 6000]",modelv1.0__2025-02-22 09:37:28
D:\moth_photos\database\batch_01\img_moth_00000680.jpg,"[4000, 6000]",modelv1.0__2025-02-22 09:37:28
D:\moth_photos\database\batch_01\img_moth_00000681.jpg,"[4000, 6000]",modelv1.0__2025-02-22 09:37:28
D:\moth_photos\database\batch_01\img_moth_00000682.jpg,"[4000, 6000]",modelv1.0__2025-02-22 09:37:28
D:\moth_photos\database\batch_01\img_moth_00000683.jpg,"[4000, 6000]",modelv1.0__2025-02-22 09:37:28
D:\moth_photos\database\batch_01\img_moth_00000684.jpg,"[4000, 6000]",modelv1.0__2025-02-22 09:37:28
D:\moth_photos\database\batch_01\img_moth_00000685.jpg,"[4000, 6000]",modelv1.0__2025-02-22 09:37:28
D:\moth_photos\database\batch_01\img_moth_00000686.jpg,"[4000, 6000]",modelv1.0__2025-02-22 09:37:28
D:\moth_photos\database\batch_01\img_moth_00000687.jpg,"[4000, 6000]",modelv1.0__2025-02-22 09:37:28
D:\moth_photos\database\batch_01\img_moth_00000688.jpg,"[4000, 6000]",modelv1.0__2025-02-22 09:37:28
D:\moth_photos\database\batch_01\img_moth_00000689.jpg,"[4000, 6000]",modelv1.0__2025-02-22 09:37:28
D:\moth_photos\database\batch_01\img_moth_00000690.jpg,"[4000, 6000]",modelv1.0__2025-02-22 09:37:28
D:\moth_photos\database\batch_01\img_moth_00000691.jpg,"[4000, 6000]",modelv1.0__2025-02-22 09:37:28
D:\moth_photos\database\batch_01\img_moth_00000692.jpg,"[4000, 6000]",modelv1.0__2025-02-22 09:37:28
D:\moth_photos\database\batch_01\img_moth_00000693.jpg,"[4000, 6000]",modelv1.0__2025-02-22 09:37:28
D:\moth_photos\database\batch_01\img_moth_00000694.jpg,"[4000, 6000]",modelv1.0__2025-02-22 09:37:28
D:\moth_photos\database\batch_01\img_moth_00000695.jpg,"[4000, 6000]",modelv1.0__2025-02-22 09:37:28
D:\moth_photos\database\batch_01\img_moth_00000696.jpg,"[4000, 6000]",modelv1.0__2025-02-22 09:37:28
D:\moth_photos\database\batch_01\img_moth_00000697.jpg,"[4000, 6000]",modelv1.0__2025-02-22 09:37:28
D:\moth_photos\database\batch_01\img_moth_00000698.jpg,"[4000, 6000]",modelv1.0__2025-02-22 09:37:28
D:\moth_photos\database\batch_01\img_moth_00000699.jpg,"[4000, 6000]",modelv1.0__2025-02-22 09:37:28
D:\moth_photos\database\batch_01\img_moth_00000700.jpg,"[4000, 6000]",modelv1.0__2025-02-22 09:37:28
D:\moth_photos\database\batch_01\img_moth_00000701.jpg,"[4000, 6000]",modelv1.0__2025-02-22 09:37:28
D:\moth_photos\database\batch_01\img_moth_00000702.jpg,"[4000, 6000]",modelv1.0__2025-02-22 09:37:28
D:\moth_photos\database\batch_01\img_moth_00000703.jpg,"[4000, 6000]",modelv1.0__2025-02-22 09:37:28
D:\moth_photos\database\batch_01\img_moth_00000704.jpg,"[4000, 6000]",modelv1.0__2025-02-22 09:37:28
D:\moth_photos\database\batch_01\img_moth_00000705.jpg,"[4000, 6000]",modelv1.0__2025-02-22 09:37:28
D:\moth_photos\database\batch_01\img_moth_00000706.jpg,"[4000, 6000]",modelv1.0__2025-02-22 09:37:28
D:\moth_photos\database\batch_01\img_moth_00000707.jpg,"[4000, 6000]",modelv1.0__2025-02-22 09:37:28
D:\moth_photos\database\batch_01\img_moth_00000708.jpg,"[4000, 6000]",modelv1.0__2025-02-22 09:37:28
D:\moth_photos\database\batch_01\img_moth_00000709.jpg,"[4000, 6000]",modelv1.0__2025-02-22 09:37:28
D:\moth_photos\database\batch_01\img_moth_00000710.jpg,"[4000, 6000]",modelv1.0__2025-02-22 09:37:28
D:\moth_photos\database\batch_01\img_moth_00000711.jpg,"[4000, 6000]",modelv1.0__2025-02-22 09:37:28
D:\moth_photos\database\batch_01\img_moth_00000712.jpg,"[4000, 6000]",modelv1.0__2025-02-22 09:37:28
D:\moth_photos\database\batch_01\img_moth_00000713.jpg,"[4000, 6000]",modelv1.0__2025-02-22 09:37:28
D:\moth_photos\database\batch_01\img_moth_00000714.jpg,"[4000, 6000]",modelv1.0__2025-02-22 09:37:28
D:\moth_photos\database\batch_01\img_moth_00000715.jpg,"[4000, 6000]",modelv1.0__2025-02-22 09:37:28
D:\moth_photos\database\batch_01\img_moth_00000716.jpg,"[4000, 6000]",modelv1.0__2025-02-22 09:37:28
D:\moth_photos\database\batch_01\img_moth_00000717.jpg,"[4000, 6000]",modelv1.0__2025-02-22 09:37:28
D:\moth_photos\database\batch_01\img_moth_00000718.jpg,"[4000, 6000]",modelv1.0__2025-02-22 09:37:28
D:\moth_photos\database\batch_01\img_moth_00000719.jpg,"[4000, 6000]",modelv1.0__2025-02-22 09:37:28
D:\moth_photos\database\batch_01\img_moth_00000720.jpg,"[4000, 6000]",modelv1.0__2025-02-22 09:37:28
D:\moth_photos\database\batch_01\img_moth_00000721.jpg,"[4000, 6000]",modelv1.0__2025-02-22 09:37:28
D:\moth_photos\database\batch_01\img_moth_00000722.jpg,"[4000, 6000]",modelv1.0__2025-02-22 09:37:28
D:\moth_photos\database\batch_01\img_moth_00000723.jpg,"[4000, 6000]",modelv1.0__2025-02-22 09:37:28
D:\moth_photos\database\batch_01\img_moth_00000724.jpg,"[4000, 6000]",modelv1.0__2025-02-22 09:37:28
D:\moth_photos\database\batch_01\img_moth_00000725.jpg,"[4000, 6000]",modelv1.0__2025-02-22 09:37:28
D:\moth_photos\database\batch_01\img_moth_00000726.jpg,"[4000, 6000]",modelv1.0__2025-02-22 09:37:28
D:\moth_photos\database\batch_01\img_moth_00000727.jpg,"[4000, 6000]",modelv1.0__2025-02-22 09:37:28
D:\moth_photos\database\batch_01\img_moth_00000728.jpg,"[4000, 6000]",modelv1.0__2025-02-22 09:37:28
D:\moth_photos\database\batch_01\img_moth_00000729.jpg,"[4000, 6000]",modelv1.0__2025-02-22 09:37:28
D:\moth_photos\database\batch_01\img_moth_00000730.jpg,"[4000, 6000]",modelv1.0__2025-02-22 09:37:28
D:\moth_photos\database\batch_01\img_moth_00000731.jpg,"[4000, 6000]",modelv1.0__2025-02-22 09:37:28
D:\moth_photos\database\batch_01\img_moth_00000732.jpg,"[4000, 6000]",modelv1.0__2025-02-22 09:37:28
D:\moth_photos\database\batch_01\img_moth_00000733.jpg,"[4000, 6000]",modelv1.0__2025-02-22 09:37:28
D:\moth_photos\database\batch_01\img_moth_00000734.jpg,"[4000, 6000]",modelv1.0__2025-02-22 09:37:28
D:\moth_photos\database\batch_01\img_moth_00000735.jpg,"[4000, 6000]",modelv1.0__2025-02-22 09:37:28
D:\moth_photos\database\batch_01\img_moth_00000736.jpg,"[4000, 6000]",modelv1.0__2025-02-22 09:37:28
D:\moth_photos\database\batch_01\img_moth_00000737.jpg,"[4000, 6000]",modelv1.0__2025-02-22 09:37:28
D:\moth_photos\database\batch_01\img_moth_00000738.jpg,"[4000, 6000]",modelv1.0__2025-02-22 09:37:28
D:\moth_photos\database\batch_01\img_moth_00000739.jpg,"[4000, 6000]",modelv1.0__2025-02-22 09:37:28
D:\moth_photos\database\batch_01\img_moth_00000740.jpg,"[4000, 6000]",modelv1.0__2025-02-22 09:37:28
D:\moth_photos\database\batch_01\img_moth_00000741.jpg,"[4000, 6000]",modelv1.0__2025-02-22 09:37:28
D:\moth_photos\database\batch_01\img_moth_00000742.jpg,"[4000, 6000]",modelv1.0__2025-02-22 09:37:28
D:\moth_photos\database\batch_01\img_moth_00000743.jpg,"[4000, 6000]",modelv1.0__2025-02-22 09:37:28
D:\moth_photos\database\batch_01\img_moth_00000744.jpg,"[4000, 6000]",modelv1.0__2025-02-22 09:37:28
D:\moth_photos\database\batch_01\img_moth_00000745.jpg,"[4000, 6000]",modelv1.0__2025-02-22 09:37:28
D:\moth_photos\database\batch_01\img_moth_00000746.jpg,"[4000, 6000]",modelv1.0__2025-02-22 09:37:28
D:\moth_photos\database\batch_01\img_moth_00000747.jpg,"[4000, 6000]",modelv1.0__2025-02-22 09:37:28
D:\moth_photos\database\batch_01\img_moth_00000748.jpg,"[4000, 6000]",modelv1.0__2025-02-22 09:37:28
D:\moth_photos\database\batch_01\img_moth_00000749.jpg,"[4000, 6000]",modelv1.0__2025-02-22 09:37:28
D:\moth_photos\database\batch_01\img_moth_00000750.jpg,"[4000, 6000]",modelv1.0__2025-02-22 09:37:28
D:\moth_photos\database\batch_01\img_moth_00000751.jpg,"[4000, 6000]",modelv1.0__2025-02-22 09:37:28
D:\moth_photos\database\batch_01\img_moth_00000752.jpg,"[4000, 6000]",modelv1.0__2025-02-22 09:37:28
D:\moth_photos\database\batch_01\img_moth_00000753.jpg,"[4000, 6000]",modelv1.0__2025-02-22 09:37:28
D:\moth_photos\database\batch_01\img_moth_00000754.jpg,"[4000, 6000]",modelv1.0__2025-02-22 09:37:28
D:\moth_photos\database\batch_01\img_moth_00000755.jpg,"[4000, 6000]",modelv1.0__2025-02-22 09:37:28
D:\moth_photos\database\batch_01\img_moth_00000756.jpg,"[4000, 6000]",modelv1.0__2025-02-22 09:37:28
D:\moth_photos\database\batch_01\img_moth_00000757.jpg,"[4000, 6000]",modelv1.0__2025-02-22 09:37:28
D:\moth_photos\database\batch_01\img_moth_00000758.jpg,"[4000, 6000]",modelv1.0__2025-02-22 09:37:28
D:\moth_photos\database\batch_01\img_moth_00000759.jpg,"[4000, 6000]",modelv1.0__2025-02-22 09:37:28
D:\moth_photos\database\batch_01\img_moth_00000760.jpg,"[4000, 6000]",modelv1.0__2025-02-22 09:37:28
D:\moth_photos\database\batch_01\img_moth_00000761.jpg,"[4000, 6000]",modelv1.0__2025-02-22 09:37:28
D:\moth_photos\database\batch_01\img_moth_00000762.jpg,"[4000, 6000]",modelv1.0__2025-02-22 09:37:28
D:\moth_photos\database\batch_01\img_moth_00000763.jpg,"[4000, 6000]",modelv1.0__2025-02-22 09:37:28
D:\moth_photos\database\batch_01\img_moth_00000764.jpg,"[4000, 6000]",modelv1.0__2025-02-22 09:37:28
D:\moth_photos\database\batch_01\img_moth_00000765.jpg,"[4000, 6000]",modelv1.0__2025-02-22 09:37:28
D:\moth_photos\database\batch_01\img_moth_00000766.jpg,"[4000, 6000]",modelv1.0__2025-02-22 09:37:28
D:\moth_photos\database\batch_01\img_moth_00000767.jpg,"[4000, 6000]",modelv1.0__2025-02-22 09:37:28
D:\moth_photos\database\batch_01\img_moth_00000768.jpg,"[4000, 6000]",modelv1.0__2025-02-22 09:37:28
D:\moth_photos\database\batch_01\img_moth_00000769.jpg,"[4000, 6000]",modelv1.0__2025-02-22 09:37:28
D:\moth_photos\database\batch_01\img_moth_00000770.jpg,"[4000, 6000]",modelv1.0__2025-02-22 09:37:28
D:\moth_photos\database\batch_01\img_moth_00000771.jpg,"[4000, 6000]",modelv1.0__2025-02-22 09:37:28
D:\moth_photos\database\batch_01\img_moth_00000772.jpg,"[4000, 6000]",modelv1.0__2025-02-22 09:37:28
D:\moth_photos\database\batch_01\img_moth_00000773.jpg,"[4000, 6000]",modelv1.0__2025-02-22 09:37:28
D:\moth_photos\database\batch_01\img_moth_00000774.jpg,"[4000, 6000]",modelv1.0__2025-02-22 09:37:28
D:\moth_photos\database\batch_01\img_moth_00000775.jpg,"[4000, 6000]",modelv1.0__2025-02-22 09:37:28
D:\moth_photos\database\batch_01\img_moth_00000776.jpg,"[4000, 6000]",modelv1.0__2025-02-22 09:37:28
D:\moth_photos\database\batch_01\img_moth_00000777.jpg,"[4000, 6000]",modelv1.0__2025-02-22 09:37:28
D:\moth_photos\database\batch_01\img_moth_00000778.jpg,"[4000, 6000]",modelv1.0__2025-02-22 09:37:28
D:\moth_photos\database\batch_01\img_moth_00000779.jpg,"[4000, 6000]",modelv1.0__2025-02-22 09:37:28
D:\moth_photos\database\batch_01\img_moth_00000780.jpg,"[4000, 6000]",modelv1.0__2025-02-22 09:37:28
D:\moth_photos\database\batch_01\img_moth_00000781.jpg,"[4000, 6000]",modelv1.0__2025-02-22 09:37:28
D:\moth_photos\database\batch_01\img_moth_00000782.jpg,"[4000, 6000]",modelv1.0__2025-02-22 09:37:28
D:\moth_photos\database\batch_01\img_moth_00000783.jpg,"[4000, 6000]",modelv1.0__2025-02-22 09:37:28
D:\moth_photos\database\batch_01\img_moth_00000784.jpg,"[4000, 6000]",modelv1.0__2025-02-22 09:37:28
D:\moth_photos\database\batch_01\img_moth_00000785.jpg,"[4000, 6000]",modelv1.0__2025-02-22 09:37:28
D:\moth_photos\database\batch_01\img_moth_00000786.jpg,"[4000, 6000]",modelv1.0__2025-02-22 09:37:28
D:\moth_photos\database\batch_01\img_moth_00000787.jpg,"[4000, 6000]",modelv1.0__2025-02-22 09:37:28
D:\moth_photos\database\batch_01\img_moth_00000788.jpg,"[4000, 6000]",modelv1.0__2025-02-22 09:37:28
D:\moth_photos\database\batch_01\img_moth_00000789.jpg,"[4000, 6000]",modelv1.0__2025-02-22 09:37:28
D:\moth_photos\database\batch_01\img_moth_00000790.jpg,"[4000, 6000]",modelv1.0__2025-02-22 09:37:28
D:\moth_photos\database\batch_01\img_moth_00000791.jpg,"[4000, 6000]",modelv1.0__2025-02-22 09:37:28
D:\moth_photos\database\batch_01\img_moth_00000792.jpg,"[4000, 6000]",modelv1.0__2025-02-22 09:37:28
D:\moth_photos\database\batch_01\img_moth_00000793.jpg,"[4000, 6000]",modelv1.0__2025-02-22 09:37:28
D:\moth_photos\database\batch_01\img_moth_00000794.jpg,"[4000, 6000]",modelv1.0__2025-02-22 09:37:28
D:\moth_photos\database\batch_01\img_moth_00000795.jpg,"[4000, 6000]",modelv1.0__2025-02-22 09:37:28
D:\moth_photos\database\batch_01\img_moth_00000796.jpg,"[4000, 6000]",modelv1.0__2025-02-22 09:37:28
D:\moth_photos\database\batch_01\img_moth_00000797.jpg,"[4000, 6000]",modelv1.0__2025-02-22 09:37:28
D:\moth_photos\database\batch_01\img_moth_00000798.jpg,"[4000, 6000]",modelv1.0__2025-02-22 09:37:28
D:\moth_photos\database\batch_01\img_moth_00000799.jpg,"[4000, 6000]",modelv1.0__2025-02-22 09:37:28
D:\moth_photos\database\batch_01\img_moth_00000800.jpg,"[4000, 6000]",modelv1.0__2025-02-22 09:37:28
D:\moth_photos\database\batch_01\img_moth_00000801.jpg,"[4000, 6000]",modelv1.0__2025-02-22 09:37:28
D:\moth_photos\database\batch_01\img_moth_00000802.jpg,"[4000, 6000]",modelv1.0__2025-02-22 09:37:28
D:\moth_photos\database\batch_01\img_moth_00000803.jpg,"[4000, 6000]",modelv1.0__2025-02-22 09:37:28
D:\moth_photos\database\batch_01\img_moth_00000804.jpg,"[4000, 6000]",modelv1.0__2025-02-22 09:37:28
D:\moth_photos\database\batch_01\img_moth_00000805.jpg,"[4000, 6000]",modelv1.0__2025-02-22 09:37:28
D:\moth_photos\database\batch_01\img_moth_00000806.jpg,"[4000, 6000]",modelv1.0__2025-02-22 09:37:28
D:\moth_photos\database\batch_01\img_moth_00000807.jpg,"[4000, 6000]",modelv1.0__2025-02-22 09:37:28
D:\moth_photos\database\batch_01\img_moth_00000808.jpg,"[4000, 6000]",modelv1.0__2025-02-22 09:37:28
D:\moth_photos\database\batch_01\img_moth_00000809.jpg,"[4000, 6000]",modelv1.0__2025-02-22 09:37:28
D:\moth_photos\database\batch_01\img_moth_00000810.jpg,"[4000, 6000]",modelv1.0__2025-02-22 09:37:28
D:\moth_photos\database\batch_01\img_moth_00000811.jpg,"[4000, 6000]",modelv1.0__2025-02-22 09:37:28
D:\moth_photos\database\batch_01\img_moth_00000812.jpg,"[4000, 6000]",modelv1.0__2025-02-22 09:37:28
D:\moth_photos\database\batch_01\img_moth_00000813.jpg,"[4000, 6000]",modelv1.0__2025-02-22 09:37:28
D:\moth_photos\database\batch_01\img_moth_00000814.jpg,"[4000, 6000]",modelv1.0__2025-02-22 09:37:28
D:\moth_photos\database\batch_01\img_moth_00000815.jpg,"[4000, 6000]",modelv1.0__2025-02-22 09:37:28
D:\moth_photos\database\batch_01\img_moth_00000816.jpg,"[4000, 6000]",modelv1.0__2025-02-22 09:37:28
D:\moth_photos\database\batch_01\img_moth_00000817.jpg,"[4000, 6000]",modelv1.0__2025-02-22 09:37:28
D:\moth_photos\database\batch_01\img_moth_00000818.jpg,"[4000, 6000]",modelv1.0__2025-02-22 09:37:28
D:\moth_photos\database\batch_01\img_moth_00000819.jpg,"[4000, 6000]",modelv1.0__2025-02-22 09:37:28
D:\moth_photos\database\batch_01\img_moth_00000820.jpg,"[4000, 6000]",modelv1.0__2025-02-22 09:37:28
D:\moth_photos\database\batch_01\img_moth_00000821.jpg,"[4000, 6000]",modelv1.0__2025-02-22 09:37:28
D:\moth_photos\database\batch_01\img_moth_00000822.jpg,"[4000, 6000]",modelv1.0__2025-02-22 09:37:28
D:\moth_photos\database\batch_01\img_moth_00000823.jpg,"[4000, 6000]",modelv1.0__2025-02-22 09:37:28
D:\moth_photos\database\batch_01\img_moth_00000824.jpg,"[4000, 6000]",modelv1.0__2025-02-22 09:37:28
D:\moth_photos\database\batch_01\img_moth_00000825.jpg,"[4000, 6000]",modelv1.0__2025-02-22 09:37:28
D:\moth_photos\database\batch_01\img_moth_00000826.jpg,"[4000, 6000]",modelv1.0__2025-02-22 09:37:28
D:\moth_photos\database\batch_01\img_moth_00000827.jpg,"[4000, 6000]",modelv1.0__2025-02-22 09:37:28
D:\moth_photos\database\batch_01\img_moth_00000828.jpg,"[4000, 6000]",modelv1.0__2025-02-22 09:37:28
D:\moth_photos\database\batch_01\img_moth_00000829.jpg,"[4000, 6000]",modelv1.0__2025-02-22 09:37:28
D:\moth_photos\database\batch_01\img_moth_00000830.jpg,"[4000, 6000]",modelv1.0__2025-02-22 09:37:28
D:\moth_photos\database\batch_01\img_moth_00000831.jpg,"[4000, 6000]",modelv1.0__2025-02-22 09:37:28
D:\moth_photos\database\batch_01\img_moth_00000832.jpg,"[4000, 6000]",modelv1.0__2025-02-22 09:37:28
D:\moth_photos\database\batch_01\img_moth_00000833.jpg,"[4000, 6000]",modelv1.0__2025-02-22 09:37:28
D:\moth_photos\database\batch_01\img_moth_00000834.jpg,"[4000, 6000]",modelv1.0__2025-02-22 09:37:28
D:\moth_photos\database\batch_01\img_moth_00000835.jpg,"[4000, 6000]",modelv1.0__2025-02-22 09:37:28
D:\moth_photos\database\batch_01\img_moth_00000836.jpg,"[4000, 6000]",modelv1.0__2025-02-22 09:37:28
D:\moth_photos\database\batch_01\img_moth_00000837.jpg,"[4000, 6000]",modelv1.0__2025-02-22 09:37:28
D:\moth_photos\database\batch_01\img_moth_00000838.jpg,"[4000, 6000]",modelv1.0__2025-02-22 09:37:28
D:\moth_photos\database\batch_01\img_moth_00000839.jpg,"[4000, 6000]",modelv1.0__2025-02-22 09:37:28
D:\moth_photos\database\batch_01\img_moth_00000840.jpg,"[4000, 6000]",modelv1.0__2025-02-22 09:37:28
D:\moth_photos\database\batch_01\img_moth_00000841.jpg,"[4000, 6000]",modelv1.0__2025-02-22 09:37:28
D:\moth_photos\database\batch_01\img_moth_00000842.jpg,"[4000, 6000]",modelv1.0__2025-02-22 09:37:28
D:\moth_photos\database\batch_01\img_moth_00000843.jpg,"[4000, 6000]",modelv1.0__2025-02-22 09:37:28
D:\moth_photos\database\batch_01\img_moth_00000844.jpg,"[4000, 6000]",modelv1.0__2025-02-22 09:37:28
D:\moth_photos\database\batch_01\img_moth_00000845.jpg,"[4000, 6000]",modelv1.0__2025-02-22 09:37:28
D:\moth_photos\database\batch_01\img_moth_00000846.jpg,"[4000, 6000]",modelv1.0__2025-02-22 09:37:28
D:\moth_photos\database\batch_01\img_moth_00000847.jpg,"[4000, 6000]",modelv1.0__2025-02-22 09:37:28
D:\moth_photos\database\batch_01\img_moth_00000848.jpg,"[4000, 6000]",modelv1.0__2025-02-22 09:37:28
D:\moth_photos\database\batch_01\img_moth_00000849.jpg,"[4000, 6000]",modelv1.0__2025-02-22 09:37:28
D:\moth_photos\database\batch_01\img_moth_00000850.jpg,"[4000, 6000]",modelv1.0__2025-02-22 09:37:28
D:\moth_photos\database\batch_01\img_moth_00000851.jpg,"[4000, 6000]",modelv1.0__2025-02-22 09:37:28
D:\moth_photos\database\batch_01\img_moth_00000852.jpg,"[4000, 6000]",modelv1.0__2025-02-22 09:37:28
D:\moth_photos\database\batch_01\img_moth_00000853.jpg,"[4000, 6000]",modelv1.0__2025-02-22 09:37:28
D:\moth_photos\database\batch_01\img_moth_00000854.jpg,"[4000, 6000]",modelv1.0__2025-02-22 09:37:28
D:\moth_photos\database\batch_01\img_moth_00000855.jpg,"[4000, 6000]",modelv1.0__2025-02-22 09:37:28
D:\moth_photos\database\batch_01\img_moth_00000856.jpg,"[4000, 6000]",modelv1.0__2025-02-22 09:37:28
D:\moth_photos\database\batch_01\img_moth_00000857.jpg,"[4000, 6000]",modelv1.0__2025-02-22 09:37:28
D:\moth_photos\database\batch_01\img_moth_00000858.jpg,"[4000, 6000]",modelv1.0__2025-02-22 09:37:28
D:\moth_photos\database\batch_01\img_moth_00000859.jpg,"[4000, 6000]",modelv1.0__2025-02-22 09:37:28
D:\moth_photos\database\batch_01\img_moth_00000860.jpg,"[4000, 6000]",modelv1.0__2025-02-22 09:37:28
D:\moth_photos\database\batch_01\img_moth_00000861.jpg,"[4000, 6000]",modelv1.0__2025-02-22 09:37:28
D:\moth_photos\database\batch_01\img_moth_00000862.jpg,"[4000, 6000]",modelv1.0__2025-02-22 09:37:28
D:\moth_photos\database\batch_01\img_moth_00000863.jpg,"[4000, 6000]",modelv1.0__2025-02-22 09:37:28
D:\moth_photos\database\batch_01\img_moth_00000864.jpg,"[4000, 6000]",modelv1.0__2025-02-22 09:37:28
D:\moth_photos\database\batch_01\img_moth_00000865.jpg,"[4000, 6000]",modelv1.0__2025-02-22 09:37:28
D:\moth_photos\database\batch_01\img_moth_00000866.jpg,"[4000, 6000]",modelv1.0__2025-02-22 09:37:28
D:\moth_photos\database\batch_01\img_moth_00000867.jpg,"[4000, 6000]",modelv1.0__2025-02-22 09:37:28
D:\moth_photos\database\batch_01\img_moth_00000868.jpg,"[4000, 6000]",modelv1.0__2025-02-22 09:37:28
D:\moth_photos\database\batch_01\img_moth_00000869.jpg,"[4000, 6000]",modelv1.0__2025-02-22 09:37:28
D:\moth_photos\database\batch_01\img_moth_00000870.jpg,"[4000, 6000]",modelv1.0__2025-02-22 09:37:28
D:\moth_photos\database\batch_01\img_moth_00000871.jpg,"[4000, 6000]",modelv1.0__2025-02-22 09:37:28
D:\moth_photos\database\batch_01\img_moth_00000872.jpg,"[4000, 6000]",modelv1.0__2025-02-22 09:37:28
D:\moth_photos\database\batch_01\img_moth_00000873.jpg,"[4000, 6000]",modelv1.0__2025-02-22 09:37:28
D:\moth_photos\database\batch_01\img_moth_00000874.jpg,"[4000, 6000]",modelv1.0__2025-02-22 09:37:28
D:\moth_photos\database\batch_01\img_moth_00000875.jpg,"[4000, 6000]",modelv1.0__2025-02-22 09:37:28
D:\moth_photos\database\batch_01\img_moth_00000876.jpg,"[4000, 6000]",modelv1.0__2025-02-22 09:37:28
D:\moth_photos\database\batch_01\img_moth_00000877.jpg,"[4000, 6000]",modelv1.0__2025-02-22 09:37:28
D:\moth_photos\database\batch_01\img_moth_00000878.jpg,"[4000, 6000]",modelv1.0__2025-02-22 09:37:28
D:\moth_photos\database\batch_01\img_moth_00000879.jpg,"[4000, 6000]",modelv1.0__2025-02-22 09:37:28
D:\moth_photos\database\batch_01\img_moth_00000880.jpg,"[4000, 6000]",modelv1.0__2025-02-22 09:37:28
D:\moth_photos\database\batch_01\img_moth_00000881.jpg,"[4000, 6000]",modelv1.0__2025-02-22 09:37:28
D:\moth_photos\database\batch_01\img_moth_00000882.jpg,"[4000, 6000]",modelv1.0__2025-02-22 09:37:28
D:\moth_photos\database\batch_01\img_moth_00000883.jpg,"[4000, 6000]",modelv1.0__2025-02-22 09:37:28
D:\moth_photos\database\batch_01\img_moth_00000884.jpg,"[4000, 6000]",modelv1.0__2025-02-22 09:37:28
D:\moth_photos\database\batch_01\img_moth_00000885.jpg,"[4000, 6000]",modelv1.0__2025-02-22 09:37:28
D:\moth_photos\database\batch_01\img_moth_00000886.jpg,"[4000, 6000]",modelv1.0__2025-02-22 09:37:28
D:\moth_photos\database\batch_01\img_moth_00000887.jpg,"[4000, 6000]",modelv1.0__2025-02-22 09:37:28
D:\moth_photos\database\batch_01\img_moth_00000888.jpg,"[4000, 6000]",modelv1.0__2025-02-22 09:37:28
D:\moth_photos\database\batch_01\img_moth_00000889.jpg,"[4000, 6000]",modelv1.0__2025-02-22 09:37:28
D:\moth_photos\database\batch_01\img_moth_00000890.jpg,"[4000, 6000]",modelv1.0__2025-02-22 09:37:28
D:\moth_photos\database\batch_01\img_moth_00000891.jpg,"[4000, 6000]",modelv1.0__2025-02-22 09:37:28
D:\moth_photos\database\batch_01\img_moth_00000892.jpg,"[4000, 6000]",modelv1.0__2025-02-22 09:37:28
D:\moth_photos\database\batch_01\img_moth_00000893.jpg,"[4000, 6000]",modelv1.0__2025-02-22 09:37:28
D:\moth_photos\database\batch_01\img_moth_00000894.jpg,"[4000, 6000]",modelv1.0__2025-02-22 09:37:28
D:\moth_photos\database\batch_01\img_moth_00000895.jpg,"[4000, 6000]",modelv1.0__2025-02-22 09:37:28
D:\moth_photos\database\batch_01\img_moth_00000896.jpg,"[4000, 6000]",modelv1.0__2025-02-22 09:37:28
D:\moth_photos\database\batch_01\img_moth_00000897.jpg,"[4000, 6000]",modelv1.0__2025-02-22 09:37:28
D:\moth_photos\database\batch_01\img_moth_00000898.jpg,"[4000, 6000]",modelv1.0__2025-02-22 09:37:28
D:\moth_photos\database\batch_01\img_moth_00000899.jpg,"[4000, 6000]",modelv1.0__2025-02-22 09:37:28
D:\moth_photos\database\batch_01\img_moth_00000900.jpg,"[4000, 6000]",modelv1.0__2025-02-22 09:37:28
D:\moth_photos\database\batch_01\img_moth_00000901.jpg,"[4000, 6000]",modelv1.0__2025-02-22 09:37:28
D:\moth_photos\database\batch_01\img_moth_00000902.jpg,"[4000, 6000]",modelv1.0__2025-02-22 09:37:28
D:\moth_photos\database\batch_01\img_moth_00000903.jpg,"[4000, 6000]",modelv1.0__2025-02-22 09:37:28
D:\moth_photos\database\batch_01\img_moth_00000904.jpg,"[4000, 6000]",modelv1.0__2025-02-22 09:37:28
D:\moth_photos\database\batch_01\img_moth_00000905.jpg,"[4000, 6000]",modelv1.0__2025-02-22 09:37:28
D:\moth_photos\database\batch_01\img_moth_00000906.jpg,"[4000, 6000]",modelv1.0__2025-02-22 09:37:28
D:\moth_photos\database\batch_01\img_moth_00000907.jpg,"[4000, 6000]",modelv1.0__2025-02-22 09:37:28
D:\moth_photos\database\batch_01\img_moth_00000908.jpg,"[4000, 6000]",modelv1.0__2025-02-22 09:37:28
D:\moth_photos\database\batch_01\img_moth_00000909.jpg,"[4000, 6000]",modelv1.0__2025-02-22 09:37:28
D:\moth_photos\database\batch_01\img_moth_00000910.jpg,"[4000, 6000]",modelv1.0__2025-02-22 09:37:28
D:\moth_photos\database\batch_01\img_moth_00000911.jpg,"[4000, 6000]",modelv1.0__2025-02-22 09:37:28
D:\moth_photos\database\batch_01\img_moth_00000912.jpg,"[4000, 6000]",modelv1.0__2025-02-22 09:37:28
D:\moth_photos\database\batch_01\img_moth_00000913.jpg,"[4000, 6000]",modelv1.0__2025-02-22 09:37:28
D:\moth_photos\database\batch_01\img_moth_00000914.jpg,"[4000, 6000]",modelv1.0__2025-02-22 09:37:28
D:\moth_photos\database\batch_01\img_moth_00000915.jpg,"[4000, 6000]",modelv1.0__2025-02-22 09:37:28
D:\moth_photos\database\batch_01\img_moth_00000916.jpg,"[4000, 6000]",modelv1.0__2025-02-22 09:37:28
D:\moth_photos\database\batch_01\img_moth_00000917.jpg,"[4000, 6000]",modelv1.0__2025-02-22 09:37:28
D:\moth_photos\database\batch_01\img_moth_00000918.jpg,"[4000, 6000]",modelv1.0__2025-02-22 09:37:28
D:\moth_photos\database\batch_01\img_moth_00000919.jpg,"[4000, 6000]",modelv1.0__2025-02-22 09:37:28
D:\moth_photos\database\batch_01\img_moth_00000920.jpg,"[4000, 6000]",modelv1.0__2025-02-22 09:37:28
D:\moth_photos\database\batch_01\img_moth_00000921.jpg,"[4000, 6000]",modelv1.0__2025-02-22 09:37:28
D:\moth_photos\database\batch_01\img_moth_00000922.jpg,"[4000, 6000]",modelv1.0__2025-02-22 09:37:28
D:\moth_photos\database\batch_01\img_moth_00000923.jpg,"[4000, 6000]",modelv1.0__2025-02-22 09:37:28
D:\moth_photos\database\batch_01\img_moth_00000924.jpg,"[4000, 6000]",modelv1.0__2025-02-22 09:37:28
D:\moth_photos\database\batch_01\img_moth_00000925.jpg,"[4000, 6000]",modelv1.0__2025-02-22 09:37:28
D:\moth_photos\database\batch_01\img_moth_00000926.jpg,"[4000, 6000]",modelv1.0__2025-02-22 09:37:28
D:\moth_photos\database\batch_01\img_moth_00000927.jpg,"[4000, 6000]",modelv1.0__2025-02-22 09:37:28
D:\moth_photos\database\batch_01\img_moth_00000928.jpg,"[4000, 6000]",modelv1.0__2025-02-22 09:37:28
D:\moth_photos\database\batch_01\img_moth_00000929.jpg,"[4000, 6000]",modelv1.0__2025-02-22 09:37:28
D:\moth_photos\database\batch_01\img_moth_00000930.jpg,"[4000, 6000]",modelv1.0__2025-02-22 09:37:28
D:\moth_photos\database\batch_01\img_moth_00000931.jpg,"[4000, 6000]",modelv1.0__2025-02-22 09:37:28
D:\moth_photos\database\batch_01\img_moth_00000932.jpg,"[4000, 6000]",modelv1.0__2025-02-22 09:37:28
D:\moth_photos\database\batch_01\img_moth_00000933.jpg,"[4000, 6000]",modelv1.0__2025-02-22 09:37:28
D:\moth_photos\database\batch_01\img_moth_00000934.jpg,"[4000, 6000]",modelv1.0__2025-02-22 09:37:28
D:\moth_photos\database\batch_01\img_moth_00000935.jpg,"[4000, 6000]",modelv1.0__2025-02-22 09:37:28
D:\moth_photos\database\batch_01\img_moth_00000936.jpg,"[4000, 6000]",modelv1.0__2025-02-22 09:37:28
D:\moth_photos\database\batch_01\img_moth_00000937.jpg,"[4000, 6000]",modelv1.0__2025-02-22 09:37:28
D:\moth_photos\database\batch_01\img_moth_00000938.jpg,"[4000, 6000]",modelv1.0__2025-02-22 09:37:28
D:\moth_photos\database\batch_01\img_moth_00000939.jpg,"[4000, 6000]",modelv1.0__2025-02-22 09:37:28
D:\moth_photos\database\batch_01\img_moth_00000940.jpg,"[4000, 6000]",modelv1.0__2025-02-22 09:37:28
D:\moth_photos\database\batch_01\img_moth_00000941.jpg,"[4000, 6000]",modelv1.0__2025-02-22 09:37:28
D:\moth_photos\database\batch_01\img_moth_00000942.jpg,"[4000, 6000]",modelv1.0__2025-02-22 09:37:28
D:\moth_photos\database\batch_01\img_moth_00000943.jpg,"[4000, 6000]",modelv1.0__2025-02-22 09:37:28
D:\moth_photos\database\batch_01\img_moth_00000944.jpg,"[4000, 6000]",modelv1.0__2025-02-22 09:37:28
D:\moth_photos\database\batch_01\img_moth_00000945.jpg,"[4000, 6000]",modelv1.0__2025-02-22 09:37:28
D:\moth_photos\database\batch_01\img_moth_00000946.jpg,"[4000, 6000]",modelv1.0__2025-02-22 09:37:28
D:\moth_photos\database\batch_01\img_moth_00000947.jpg,"[4000, 6000]",modelv1.0__2025-02-22 09:37:28
D:\moth_photos\database\batch_01\img_moth_00000948.jpg,"[4000, 6000]",modelv1.0__2025-02-22 09:37:28
D:\moth_photos\database\batch_01\img_moth_00000949.jpg,"[4000, 6000]",modelv1.0__2025-02-22 09:37:28
D:\moth_photos\database\batch_01\img_moth_00000950.jpg,"[4000, 6000]",modelv1.0__2025-02-22 09:37:28
D:\moth_photos\database\batch_01\img_moth_00000951.jpg,"[4000, 6000]",modelv1.0__2025-02-22 09:37:28
D:\moth_photos\database\batch_01\img_moth_00000952.jpg,"[4000, 6000]",modelv1.0__2025-02-22 09:37:28
D:\moth_photos\database\batch_01\img_moth_00000953.jpg,"[4000, 6000]",modelv1.0__2025-02-22 09:37:28
D:\moth_photos\database\batch_01\img_moth_00000954.jpg,"[4000, 6000]",modelv1.0__2025-02-22 09:37:28
D:\moth_photos\database\batch_01\img_moth_00000955.jpg,"[4000, 6000]",modelv1.0__2025-02-22 09:37:28
D:\moth_photos\database\batch_01\img_moth_00000956.jpg,"[4000, 6000]",modelv1.0__2025-02-22 09:37:28
D:\moth_photos\database\batch_01\img_moth_00000957.jpg,"[4000, 6000]",modelv1.0__2025-02-22 09:37:28
D:\moth_photos\database\batch_01\img_moth_00000958.jpg,"[4000, 6000]",modelv1.0__2025-02-22 09:37:28
D:\moth_photos\database\batch_01\img_moth_00000959.jpg,"[4000, 6000]",modelv1.0__2025-02-22 09:37:28
D:\moth_photos\database\batch_01\img_moth_00000960.jpg,"[4000, 6000]",modelv1.0__2025-02-22 09:37:28
D:\moth_photos\database\batch_01\img_moth_00000961.jpg,"[4000, 6000]",modelv1.0__2025-02-22 09:37:28
D:\moth_photos\database\batch_01\img_moth_00000962.jpg,"[4000, 6000]",modelv1.0__2025-02-22 09:37:28
D:\moth_photos\database\batch_01\img_moth_00000963.jpg,"[4000, 6000]",modelv1.0__2025-02-22 09:37:28
D:\moth_photos\database\batch_01\img_moth_00000964.jpg,"[4000, 6000]",modelv1.0__2025-02-22 09:37:28
D:\moth_photos\database\batch_01\img_moth_00000965.jpg,"[4000, 6000]",modelv1.0__2025-02-22 09:37:28
D:\moth_photos\database\batch_01\img_moth_00000966.jpg,"[4000, 6000]",modelv1.0__2025-02-22 09:37:28
D:\moth_photos\database\batch_01\img_moth_00000967.jpg,"[4000, 6000]",modelv1.0__2025-02-22 09:37:28
D:\moth_photos\database\batch_01\img_moth_00000968.jpg,"[4000, 6000]",modelv1.0__2025-02-22 09:37:28
D:\moth_photos\database\batch_01\img_moth_00000969.jpg,"[4000, 6000]",modelv1.0__2025-02-22 09:37:28
D:\moth_photos\database\batch_01\img_moth_00000970.jpg,"[4000, 6000]",modelv1.0__2025-02-22 09:37:28
D:\moth_photos\database\batch_01\img_moth_00000971.jpg,"[4000, 6000]",modelv1.0__2025-02-22 09:37:28
D:\moth_photos\database\batch_01\img_moth_00000972.jpg,"[4000, 6000]",modelv1.0__2025-02-22 09:37:28
D:\moth_photos\database\batch_01\img_moth_00000973.jpg,"[4000, 6000]",modelv1.0__2025-02-22 09:37:28
D:\moth_photos\database\batch_01\img_moth_00000974.jpg,"[4000, 6000]",modelv1.0__2025-02-22 09:37:28
D:\moth_photos\database\batch_01\img_moth_00000975.jpg,"[4000, 6000]",modelv1.0__2025-02-22 09:37:28
D:\moth_photos\database\batch_01\img_moth_00000976.jpg,"[4000, 6000]",modelv1.0__2025-02-22 09:37:28
D:\moth_photos\database\batch_01\img_moth_00000977.jpg,"[4000, 6000]",modelv1.0__2025-02-22 09:37:28
D:\moth_photos\database\batch_01\img_moth_00000978.jpg,"[4000, 6000]",modelv1.0__2025-02-22 09:37:28
D:\moth_photos\database\batch_01\img_moth_00000979.jpg,"[4000, 6000]",modelv1.0__2025-02-22 09:37:28
D:\moth_photos\database\batch_01\img_moth_00000980.jpg,"[4000, 6000]",modelv1.0__2025-02-22 09:37:28
D:\moth_photos\database\batch_01\img_moth_00000981.jpg,"[4000, 6000]",modelv1.0__2025-02-22 09:37:28
D:\moth_photos\database\batch_01\img_moth_00000982.jpg,"[4000, 6000]",modelv1.0__2025-02-22 09:37:28
D:\moth_photos\database\batch_01\img_moth_00000983.jpg,"[4000, 6000]",modelv1.0__2025-02-22 09:37:28
D:\moth_photos\database\batch_01\img_moth_00000984.jpg,"[4000, 6000]",modelv1.0__2025-02-22 09:37:28
D:\moth_photos\database\batch_01\img_moth_00000985.jpg,"[4000, 6000]",modelv1.0__2025-02-22 09:37:28
D:\moth_photos\database\batch_01\img_moth_00000986.jpg,"[4000, 6000]",modelv1.0__2025-02-22 09:37:28
D:\moth_photos\database\batch_01\img_moth_00000987.jpg,"[4000, 6000]",modelv1.0__2025-02-22 09:37:28
D:\moth_photos\database\batch_01\img_moth_00000988.jpg,"[4000, 6000]",modelv1.0__2025-02-22 09:37:28
D:\moth_photos\database\batch_01\img_moth_00000989.jpg,"[4000, 6000]",modelv1.0__2025-02-22 09:37:28
D:\moth_photos\database\batch_01\img_moth_00000990.jpg,"[4000, 6000]",modelv1.0__2025-02-22 09:37:28
D:\moth_photos\database\batch_01\img_moth_00000991.jpg,"[4000, 6000]",modelv1.0__2025-02-22 09:37:28
D:\moth_photos\database\batch_01\img_moth_00000992.jpg,"[4000, 6000]",modelv1.0__2025-02-22 09:37:28
D:\moth_photos\database\batch_01\img_moth_00000993.jpg,"[4000, 6000]",modelv1.0__2025-02-22 09:37:28
D:\moth_photos\database\batch_01\img_moth_00000994.jpg,"[4000, 6000]",modelv1.0__2025-02-22 09:37:28
D:\moth_photos\database\batch_01\img_moth_00000995.jpg,"[4000, 6000]",modelv1.0__2025-02-22 09:37:28
D:\moth_photos\database\batch_01\img_moth_00000996.jpg,"[4000, 6000]",modelv1.0__2025-02-22 09:37:28
D:\moth_photos\database\batch_01\img_moth_00000997.jpg,"[4000, 6000]",modelv1.0__2025-02-22 09:37:28
D:\moth_photos\database\batch_01\img_moth_00000998.jpg,"[4000, 6000]",modelv1.0__2025-02-22 09:37:28
D:\moth_photos\database\batch_01\img_moth_00000999.jpg,"[4000, 6000]",modelv1.0__2025-02-22 09:37:28
D:\moth_photos\database\batch_01\img_moth_00001000.jpg,"[4000, 6000]",modelv1.0__2025-02-22 09:37:28
D:\moth_photos\database\batch_01\img_moth_00001001.jpg,"[4000, 6000]",modelv1.0__2025-02-22 09:37:28
D:\moth_photos\database\batch_01\img_moth_00001002.jpg,"[4000, 6000]",modelv1.0__2025-02-22 09:37:28
D:\moth_photos\database\batch_01\img_moth_00001003.jpg,"[4000, 6000]",modelv1.0__2025-02-22 09:37:28
D:\moth_photos\database\batch_01\img_moth_00001004.jpg,"[4000, 6000]",modelv1.0__2025-02-22 09:37:28
D:\moth_photos\database\batch_01\img_moth_00001005.jpg,"[4000, 6000]",modelv1.0__2025-02-22 09:37:28
D:\moth_photos\database\batch_01\img_moth_00001006.jpg,"[4000, 6000]",modelv1.0__2025-02-22 09:37:28
D:\moth_photos\database\batch_01\img_moth_00001007.jpg,"[4000, 6000]",modelv1.0__2025-02-22 09:37:28
D:\moth_photos\database\batch_01\img_moth_00001008.jpg,"[4000, 6000]",modelv1.0__2025-02-22 09:37:28
D:\moth_photos\database\batch_01\img_moth_00001009.jpg,"[4000, 6000]",modelv1.0__2025-02-22 09:37:28
D:\moth_photos\database\batch_01\img_moth_00001010.jpg,"[4000, 6000]",modelv1.0__2025-02-22 09:37:28
D:\moth_photos\database\batch_01\img_moth_00001011.jpg,"[4000, 6000]",modelv1.0__2025-02-22 09:37:28
D:\moth_photos\database\batch_01\img_moth_00001012.jpg,"[4000, 6000]",modelv1.0__2025-02-22 09:37:28
D:\moth_photos\database\batch_01\img_moth_00001013.jpg,"[4000, 6000]",modelv1.0__2025-02-22 09:37:28
D:\moth_photos\database\batch_01\img_moth_00001014.jpg,"[4000, 6000]",modelv1.0__2025-02-22 09:37:28
D:\moth_photos\database\batch_01\img_moth_00001015.jpg,"[4000, 6000]",modelv1.0__2025-02-22 09:37:28
D:\moth_photos\database\batch_01\img_moth_00001016.jpg,"[4000, 6000]",modelv1.0__2025-02-22 09:37:28
D:\moth_photos\database\batch_01\img_moth_00001017.jpg,"[4000, 6000]",modelv1.0__2025-02-22 09:37:28
D:\moth_photos\database\batch_01\img_moth_00001018.jpg,"[4000, 6000]",modelv1.0__2025-02-22 09:37:28
D:\moth_photos\database\batch_01\img_moth_00001019.jpg,"[4000, 6000]",modelv1.0__2025-02-22 09:37:28
D:\moth_photos\database\batch_01\img_moth_00001020.jpg,"[4000, 6000]",modelv1.0__2025-02-22 09:37:28
D:\moth_photos\database\batch_01\img_moth_00001021.jpg,"[4000, 6000]",modelv1.0__2025-02-22 09:37:28
D:\moth_photos\database\batch_01\img_moth_00001022.jpg,"[4000, 6000]",modelv1.0__2025-02-22 09:37:28
D:\moth_photos\database\batch_01\img_moth_00001023.jpg,"[4000, 6000]",modelv1.0__2025-02-22 09:37:28
D:\moth_photos\database\batch_01\img_moth_00001024.jpg,"[4000, 6000]",modelv1.0__2025-02-22 09:37:28
D:\moth_photos\database\batch_01\img_moth_00001025.jpg,"[4000, 6000]",modelv1.0__2025-02-22 09:37:28
D:\moth_photos\database\batch_01\img_moth_00001026.jpg,"[4000, 6000]",modelv1.0__2025-02-22 09:37:28
D:\moth_photos\database\batch_01\img_moth_00001027.jpg,"[4000, 6000]",modelv1.0__2025-02-22 09:37:28
D:\moth_photos\database\batch_01\img_moth_00001028.jpg,"[4000, 6000]",modelv1.0__2025-02-22 09:37:28
D:\moth_photos\database\batch_01\img_moth_00001029.jpg,"[4000, 6000]",modelv1.0__2025-02-22 09:37:28
D:\moth_photos\database\batch_01\img_moth_00001030.jpg,"[4000, 6000]",modelv1.0__2025-02-22 09:37:28
D:\moth_photos\database\batch_01\img_moth_00001031.jpg,"[4000, 6000]",modelv1.0__2025-02-22 09:37:28
D:\moth_photos\database\batch_01\img_moth_00001032.jpg,"[4000, 6000]",modelv1.0__2025-02-22 09:37:28
D:\moth_photos\database\batch_01\img_moth_00001033.jpg,"[4000, 6000]",modelv1.0__2025-02-22 09:37:28
D:\moth_photos\database\batch_01\img_moth_00001034.jpg,"[4000, 6000]",modelv1.0__2025-02-22 09:37:28
D:\moth_photos\database\batch_01\img_moth_00001035.jpg,"[4000, 6000]",modelv1.0__2025-02-22 09:37:28
D:\moth_photos\database\batch_01\img_moth_00001036.jpg,"[4000, 6000]",modelv1.0__2025-02-22 09:37:28
D:\moth_photos\database\batch_01\img_moth_00001037.jpg,"[4000, 6000]",modelv1.0__2025-02-22 09:37:28
D:\moth_photos\database\batch_01\img_moth_00001038.jpg,"[4000, 6000]",modelv1.0__2025-02-22 09:37:28
D:\moth_photos\database\batch_01\img_moth_00001039.jpg,"[4000, 6000]",modelv1.0__2025-02-22 09:37:28
D:\moth_photos\database\batch_01\img_moth_00001040.jpg,"[4000, 6000]",modelv1.0__2025-02-22 09:37:28
D:\moth_photos\database\batch_01\img_moth_00001041.jpg,"[4000, 6000]",modelv1.0__2025-02-22 09:37:28
D:\moth_photos\database\batch_01\img_moth_00001042.jpg,"[4000, 6000]",modelv1.0__2025-02-22 09:37:28
D:\moth_photos\database\batch_01\img_moth_00001043.jpg,"[4000, 6000]",modelv1.0__2025-02-22 09:37:28
D:\moth_photos\database\batch_01\img_moth_00001044.jpg,"[4000, 6000]",modelv1.0__2025-02-22 09:37:28
D:\moth_photos\database\batch_01\img_moth_00001045.jpg,"[4000, 6000]",modelv1.0__2025-02-22 09:37:28
D:\moth_photos\database\batch_01\img_moth_00001046.jpg,"[4000, 6000]",modelv1.0__2025-02-22 09:37:28
D:\moth_photos\database\batch_01\img_moth_00001047.jpg,"[4000, 6000]",modelv1.0__2025-02-22 09:37:28
D:\moth_photos\database\batch_01\img_moth_00001048.jpg,"[4000, 6000]",modelv1.0__2025-02-22 09:37:28
D:\moth_photos\database\batch_01\img_moth_00001049.jpg,"[4000, 6000]",modelv1.0__2025-02-22 09:37:28
D:\moth_photos\database\batch_01\img_moth_00001050.jpg,"[4000, 6000]",modelv1.0__2025-02-22 09:37:28
D:\moth_photos\database\batch_01\img_moth_00001051.jpg,"[4000, 6000]",modelv1.0__2025-02-22 09:37:28
D:\moth_photos\database\batch_01\img_moth_00001052.jpg,"[4000, 6000]",modelv1.0__2025-02-22 09:37:28
D:\moth_photos\database\batch_01\img_moth_00001053.jpg,"[4000, 6000]",modelv1.0__2025-02-22 09:37:28
D:\moth_photos\database\batch_01\img_moth_00001054.jpg,"[4000, 6000]",modelv1.0__2025-02-22 09:37:28
D:\moth_photos\database\batch_01\img_moth_00001055.jpg,"[4000, 6000]",modelv1.0__2025-02-22 09:37:28
D:\moth_photos\database\batch_01\img_moth_00001056.jpg,"[4000, 6000]",modelv1.0__2025-02-22 09:37:28
D:\moth_photos\database\batch_01\img_moth_00001057.jpg,"[4000, 6000]",modelv1.0__2025-02-22 09:37:28
D:\moth_photos\database\batch_01\img_moth_00001058.jpg,"[4000, 6000]",modelv1.0__2025-02-22 09:37:28
D:\moth_photos\database\batch_01\img_moth_00001059.jpg,"[4000, 6000]",modelv1.0__2025-02-22 09:37:28
D:\moth_photos\database\batch_01\img_moth_00001060.jpg,"[4000, 6000]",modelv1.0__2025-02-22 09:37:28
D:\moth_photos\database\batch_01\img_moth_00001061.jpg,"[4000, 6000]",modelv1.0__2025-02-22 09:37:28
D:\moth_photos\database\batch_01\img_moth_00001062.jpg,"[4000, 6000]",modelv1.0__2025-02-22 09:37:28
D:\moth_photos\database\batch_01\img_moth_00001063.jpg,"[4000, 6000]",modelv1.0__2025-02-22 09:37:28
D:\moth_photos\database\batch_01\img_moth_00001064.jpg,"[4000, 6000]",modelv1.0__2025-02-22 09:37:28
D:\moth_photos\database\batch_01\img_moth_00001065.jpg,"[4000, 6000]",modelv1.0__2025-02-22 09:37:28
D:\moth_photos\database\batch_01\img_moth_00001066.jpg,"[4000, 6000]",modelv1.0__2025-02-22 09:37:28
D:\moth_photos\database\batch_01\img_moth_00001067.jpg,"[4000, 6000]",modelv1.0__2025-02-22 09:37:28
D:\moth_photos\database\batch_01\img_moth_00001068.jpg,"[4000, 6000]",modelv1.0__2025-02-22 09:37:28
D:\moth_photos\database\batch_01\img_moth_00001069.jpg,"[4000, 6000]",modelv1.0__2025-02-22 09:37:28
D:\moth_photos\database\batch_01\img_moth_00001070.jpg,"[4000, 6000]",modelv1.0__2025-02-22 09:37:28
D:\moth_photos\database\batch_01\img_moth_00001071.jpg,"[4000, 6000]",modelv1.0__2025-02-22 09:37:28
D:\moth_photos\database\batch_01\img_moth_00001072.jpg,"[4000, 6000]",modelv1.0__2025-02-22 09:37:28
D:\moth_photos\database\batch_01\img_moth_00001073.jpg,"[4000, 6000]",modelv1.0__2025-02-22 09:37:28
D:\moth_photos\database\batch_01\img_moth_00001074.jpg,"[4000, 6000]",modelv1.0__2025-02-22 09:37:28
D:\moth_photos\database\batch_01\img_moth_00001075.jpg,"[4000, 6000]",modelv1.0__2025-02-22 09:37:28
D:\moth_photos\database\batch_01\img_moth_00001076.jpg,"[4000, 6000]",modelv1.0__2025-02-22 09:37:28
D:\moth_photos\database\batch_01\img_moth_00001077.jpg,"[4000, 6000]",modelv1.0__2025-02-22 09:37:28
D:\moth_photos\database\batch_01\img_moth_00001078.jpg,"[4000, 6000]",modelv1.0__2025-02-22 09:37:28
D:\moth_photos\database\batch_01\img_moth_00001079.jpg,"[4000, 6000]",modelv1.0__2025-02-22 09:37:28
D:\moth_photos\database\batch_01\img_moth_00001080.jpg,"[4000, 6000]",modelv1.0__2025-02-22 09:37:28
D:\moth_photos\database\batch_01\img_moth_00001081.jpg,"[4000, 6000]",modelv1.0__2025-02-22 09:37:28
D:\moth_photos\database\batch_01\img_moth_00001082.jpg,"[4000, 6000]",modelv1.0__2025-02-22 09:37:28
D:\moth_photos\database\batch_01\img_moth_00001083.jpg,"[4000, 6000]",modelv1.0__2025-02-22 09:37:28
D:\moth_photos\database\batch_01\img_moth_00001084.jpg,"[4000, 6000]",modelv1.0__2025-02-22 09:37:28
D:\moth_photos\database\batch_01\img_moth_00001085.jpg,"[4000, 6000]",modelv1.0__2025-02-22 09:37:28
D:\moth_photos\database\batch_01\img_moth_00001086.jpg,"[4000, 6000]",modelv1.0__2025-02-22 09:37:28
D:\moth_photos\database\batch_01\img_moth_00001087.jpg,"[4000, 6000]",modelv1.0__2025-02-22 09:37:28
D:\moth_photos\database\batch_01\img_moth_00001088.jpg,"[4000, 6000]",modelv1.0__2025-02-22 09:37:28
D:\moth_photos\database\batch_01\img_moth_00001089.jpg,"[4000, 6000]",modelv1.0__2025-02-22 09:37:28
D:\moth_photos\database\batch_01\img_moth_00001090.jpg,"[4000, 6000]",modelv1.0__2025-02-22 09:37:28
D:\moth_photos\database\batch_01\img_moth_00001091.jpg,"[4000, 6000]",modelv1.0__2025-02-22 09:37:28
D:\moth_photos\database\batch_01\img_moth_00001092.jpg,"[4000, 6000]",modelv1.0__2025-02-22 09:37:28
D:\moth_photos\database\batch_01\img_moth_00001093.jpg,"[4000, 6000]",modelv1.0__2025-02-22 09:37:28
D:\moth_photos\database\batch_01\img_moth_00001094.jpg,"[4000, 6000]",modelv1.0__2025-02-22 09:37:28
D:\moth_photos\database\batch_01\img_moth_00001095.jpg,"[4000, 6000]",modelv1.0__2025-02-22 09:37:28
D:\moth_photos\database\batch_01\img_moth_00001096.jpg,"[4000, 6000]",modelv1.0__2025-02-22 09:37:28
D:\moth_photos\database\batch_01\img_moth_00001097.jpg,"[4000, 6000]",modelv1.0__2025-02-22 09:37:28
D:\moth_photos\database\batch_01\img_moth_00001098.jpg,"[4000, 6000]",modelv1.0__2025-02-22 09:37:28
D:\moth_photos\database\batch_01\img_moth_00001099.jpg,"[4000, 6000]",modelv1.0__2025-02-22 09:37:28
D:\moth_photos\database\batch_01\img_moth_00001100.jpg,"[4000, 6000]",modelv1.0__2025-02-22 09:37:28
D:\moth_photos\database\batch_01\img_moth_00001101.jpg,"[4000, 6000]",modelv1.0__2025-02-22 09:37:28
D:\moth_photos\database\batch_01\img_moth_00001102.jpg,"[4000, 6000]",modelv1.0__2025-02-22 09:37:28
D:\moth_photos\database\batch_01\img_moth_00001103.jpg,"[4000, 6000]",modelv1.0__2025-02-22 09:37:28
D:\moth_photos\database\batch_01\img_moth_00001104.jpg,"[4000, 6000]",modelv1.0__2025-02-22 09:37:28
D:\moth_photos\database\batch_01\img_moth_00001105.jpg,"[4000, 6000]",modelv1.0__2025-02-22 09:37:28
D:\moth_photos\database\batch_01\img_moth_00001106.jpg,"[4000, 6000]",modelv1.0__2025-02-22 09:37:28
D:\moth_photos\database\batch_01\img_moth_00001107.jpg,"[4000, 6000]",modelv1.0__2025-02-22 09:37:28
D:\moth_photos\database\batch_01\img_moth_00001108.jpg,"[4000, 6000]",modelv1.0__2025-02-22 09:37:28
D:\moth_photos\database\batch_01\img_moth_00001109.jpg,"[4000, 6000]",modelv1.0__2025-02-22 09:37:28
D:\moth_photos\database\batch_01\img_moth_00001110.jpg,"[4000, 6000]",modelv1.0__2025-02-22 09:37:28
D:\moth_photos\database\batch_01\img_moth_00001111.jpg,"[4000, 6000]",modelv1.0__2025-02-22 09:37:28
D:\moth_photos\database\batch_01\img_moth_00001112.jpg,"[4000, 6000]",modelv1.0__2025-02-22 09:37:28
D:\moth_photos\database\batch_01\img_moth_00001113.jpg,"[4000, 6000]",modelv1.0__2025-02-22 09:37:28
D:\moth_photos\database\batch_01\img_moth_00001114.jpg,"[4000, 6000]",modelv1.0__2025-02-22 09:37:28
D:\moth_photos\database\batch_01\img_moth_00001115.jpg,"[4000, 6000]",modelv1.0__2025-02-22 09:37:28
D:\moth_photos\database\batch_01\img_moth_00001116.jpg,"[4000, 6000]",modelv1.0__2025-02-22 09:37:28
D:\moth_photos\database\batch_01\img_moth_00001117.jpg,"[4000, 6000]",modelv1.0__2025-02-22 09:37:28
D:\moth_photos\database\batch_01\img_moth_00001118.jpg,"[4000, 6000]",modelv1.0__2025-02-22 09:37:28
D:\moth_photos\database\batch_01\img_moth_00001119.jpg,"[4000, 6000]",modelv1.0__2025-02-22 09:37:28
D:\moth_photos\database\batch_01\img_moth_00001120.jpg,"[4000, 6000]",modelv1.0__2025-02-22 09:37:28
D:\moth_photos\database\batch_01\img_moth_00001121.jpg,"[4000, 6000]",modelv1.0__2025-02-22 09:37:28
D:\moth_photos\database\batch_01\img_moth_00001122.jpg,"[4000, 6000]",modelv1.0__2025-02-22 09:37:28
D:\moth_photos\database\batch_01\img_moth_00001123.jpg,"[4000, 6000]",modelv1.0__2025-02-22 09:37:28
D:\moth_photos\database\batch_01\img_moth_00001124.jpg,"[4000, 6000]",modelv1.0__2025-02-22 09:37:28
D:\moth_photos\database\batch_01\img_moth_00001125.jpg,"[4000, 6000]",modelv1.0__2025-02-22 09:37:28
D:\moth_photos\database\batch_01\img_moth_00001126.jpg,"[4000, 6000]",modelv1.0__2025-02-22 09:37:28
D:\moth_photos\database\batch_01\img_moth_00001127.jpg,"[4000, 6000]",modelv1.0__2025-02-22 09:37:28
D:\moth_photos\database\batch_01\img_moth_00001128.jpg,"[4000, 6000]",modelv1.0__2025-02-22 09:37:28
D:\moth_photos\database\batch_01\img_moth_00001129.jpg,"[4000, 6000]",modelv1.0__2025-02-22 09:37:28
D:\moth_photos\database\batch_01\img_moth_00001130.jpg,"[4000, 6000]",modelv1.0__2025-02-22 09:37:28
D:\moth_photos\database\batch_01\img_moth_00001131.jpg,"[4000, 6000]",modelv1.0__2025-02-22 09:37:28
D:\moth_photos\database\batch_01\img_moth_00001132.jpg,"[4000, 6000]",modelv1.0__2025-02-22 09:37:28
D:\moth_photos\database\batch_01\img_moth_00001133.jpg,"[4000, 6000]",modelv1.0__2025-02-22 09:37:28
D:\moth_photos\database\batch_01\img_moth_00001134.jpg,"[4000, 6000]",modelv1.0__2025-02-22 09:37:28
D:\moth_photos\database\batch_01\img_moth_00001135.jpg,"[4000, 6000]",modelv1.0__2025-02-22 09:37:28
D:\moth_photos\database\batch_01\img_moth_00001136.jpg,"[4000, 6000]",modelv1.0__2025-02-22 09:37:28
D:\moth_photos\database\batch_01\img_moth_00001137.jpg,"[4000, 6000]",modelv1.0__2025-02-22 09:37:28
D:\moth_photos\database\batch_01\img_moth_00001138.jpg,"[4000, 6000]",modelv1.0__2025-02-22 09:37:28
D:\moth_photos\database\batch_01\img_moth_00001139.jpg,"[4000, 6000]",modelv1.0__2025-02-22 09:37:28
D:\moth_photos\database\batch_01\img_moth_00001140.jpg,"[4000, 6000]",modelv1.0__2025-02-22 09:37:28
D:\moth_photos\database\batch_01\img_moth_00001141.jpg,"[4000, 6000]",modelv1.0__2025-02-22 09:37:28
D:\moth_photos\database\batch_01\img_moth_00001142.jpg,"[4000, 6000]",modelv1.0__2025-02-22 09:37:28
D:\moth_photos\database\batch_01\img_moth_00001143.jpg,"[4000, 6000]",modelv1.0__2025-02-22 09:37:28
D:\moth_photos\database\batch_01\img_moth_00001144.jpg,"[4000, 6000]",modelv1.0__2025-02-22 09:37:28
D:\moth_photos\database\batch_01\img_moth_00001145.jpg,"[4000, 6000]",modelv1.0__2025-02-22 09:37:28
D:\moth_photos\database\batch_01\img_moth_00001146.jpg,"[4000, 6000]",modelv1.0__2025-02-22 09:37:28
D:\moth_photos\database\batch_01\img_moth_00001147.jpg,"[4000, 6000]",modelv1.0__2025-02-22 09:37:28
D:\moth_photos\database\batch_01\img_moth_00001148.jpg,"[4000, 6000]",modelv1.0__2025-02-22 09:37:28
D:\moth_photos\database\batch_01\img_moth_00001149.jpg,"[4000, 6000]",modelv1.0__2025-02-22 09:37:28
D:\moth_photos\database\batch_01\img_moth_00001150.jpg,"[4000, 6000]",modelv1.0__2025-02-22 09:37:28
D:\moth_photos\database\batch_01\img_moth_00001151.jpg,"[4000, 6000]",modelv1.0__2025-02-22 09:37:28
D:\moth_photos\database\batch_01\img_moth_00001152.jpg,"[4000, 6000]",modelv1.0__2025-02-22 09:37:28
D:\moth_photos\database\batch_01\img_moth_00001153.jpg,"[4000, 6000]",modelv1.0__2025-02-22 09:37:28
D:\moth_photos\database\batch_01\img_moth_00001154.jpg,"[4000, 6000]",modelv1.0__2025-02-22 09:37:28
D:\moth_photos\database\batch_01\img_moth_00001155.jpg,"[4000, 6000]",modelv1.0__2025-02-22 09:37:28
D:\moth_photos\database\batch_01\img_moth_00001156.jpg,"[4000, 6000]",modelv1.0__2025-02-22 09:37:28
D:\moth_photos\database\batch_01\img_moth_00001157.jpg,"[4000, 6000]",modelv1.0__2025-02-22 09:37:28
D:\moth_photos\database\batch_01\img_moth_00001158.jpg,"[4000, 6000]",modelv1.0__2025-02-22 09:37:28
D:\moth_photos\database\batch_01\img_moth_00001159.jpg,"[4000, 6000]",modelv1.0__2025-02-22 09:37:28
D:\moth_photos\database\batch_01\img_moth_00001160.jpg,"[4000, 6000]",modelv1.0__2025-02-22 09:37:28
D:\moth_photos\database\batch_01\img_moth_00001161.jpg,"[4000, 6000]",modelv1.0__2025-02-22 09:37:28
D:\moth_photos\database\batch_01\img_moth_00001162.jpg,"[4000, 6000]",modelv1.0__2025-02-22 09:37:28
D:\moth_photos\database\batch_01\img_moth_00001163.jpg,"[4000, 6000]",modelv1.0__2025-02-22 09:37:28
D:\moth_photos\database\batch_01\img_moth_00001164.jpg,"[4000, 6000]",modelv1.0__2025-02-22 09:37:28
D:\moth_photos\database\batch_01\img_moth_00001165.jpg,"[4000, 6000]",modelv1.0__2025-02-22 09:37:28
D:\moth_photos\database\batch_01\img_moth_00001166.jpg,"[4000, 6000]",modelv1.0__2025-02-22 09:37:28
D:\moth_photos\database\batch_01\img_moth_00001167.jpg,"[4000, 6000]",modelv1.0__2025-02-22 09:37:28
D:\moth_photos\database\batch_01\img_moth_00001168.jpg,"[4000, 6000]",modelv1.0__2025-02-22 09:37:28
D:\moth_photos\database\batch_01\img_moth_00001169.jpg,"[4000, 6000]",modelv1.0__2025-02-22 09:37:28
D:\moth_photos\database\batch_01\img_moth_00001170.jpg,"[4000, 6000]",modelv1.0__2025-02-22 09:37:28
D:\moth_photos\database\batch_01\img_moth_00001171.jpg,"[4000, 6000]",modelv1.0__2025-02-22 09:37:28
D:\moth_photos\database\batch_01\img_moth_00001172.jpg,"[4000, 6000]",modelv1.0__2025-02-22 09:37:28
D:\moth_photos\database\batch_01\img_moth_00001173.jpg,"[4000, 6000]",modelv1.0__2025-02-22 09:37:28
D:\moth_photos\database\batch_01\img_moth_00001174.jpg,"[4000, 6000]",modelv1.0__2025-02-22 09:37:28
D:\moth_photos\database\batch_01\img_moth_00001175.jpg,"[4000, 6000]",modelv1.0__2025-02-22 09:37:28
D:\moth_photos\database\batch_01\img_moth_00001176.jpg,"[4000, 6000]",modelv1.0__2025-02-22 09:37:28
D:\moth_photos\database\batch_01\img_moth_00001177.jpg,"[4000, 6000]",modelv1.0__2025-02-22 09:37:28
D:\moth_photos\database\batch_01\img_moth_00001178.jpg,"[4000, 6000]",modelv1.0__2025-02-22 09:37:28
D:\moth_photos\database\batch_01\img_moth_00001179.jpg,"[4000, 6000]",modelv1.0__2025-02-22 09:37:28
D:\moth_photos\database\batch_01\img_moth_00001180.jpg,"[4000, 6000]",modelv1.0__2025-02-22 09:37:28
D:\moth_photos\database\batch_01\img_moth_00001181.jpg,"[4000, 6000]",modelv1.0__2025-02-22 09:37:28
D:\moth_photos\database\batch_01\img_moth_00001182.jpg,"[4000, 6000]",modelv1.0__2025-02-22 09:37:28
D:\moth_photos\database\batch_01\img_moth_00001183.jpg,"[4000, 6000]",modelv1.0__2025-02-22 09:37:28
D:\moth_photos\database\batch_01\img_moth_00001184.jpg,"[4000, 6000]",modelv1.0__2025-02-22 09:37:28
D:\moth_photos\database\batch_01\img_moth_00001185.jpg,"[4000, 6000]",modelv1.0__2025-02-22 09:37:28
D:\moth_photos\database\batch_01\img_moth_00001186.jpg,"[4000, 6000]",modelv1.0__2025-02-22 09:37:28
D:\moth_photos\database\batch_01\img_moth_00001187.jpg,"[4000, 6000]",modelv1.0__2025-02-22 09:37:28
D:\moth_photos\database\batch_01\img_moth_00001188.jpg,"[4000, 6000]",modelv1.0__2025-02-22 09:37:28
D:\moth_photos\database\batch_01\img_moth_00001189.jpg,"[4000, 6000]",modelv1.0__2025-02-22 09:37:28
D:\moth_photos\database\batch_01\img_moth_00001190.jpg,"[4000, 6000]",modelv1.0__2025-02-22 09:37:28
D:\moth_photos\database\batch_01\img_moth_00001191.jpg,"[4000, 6000]",modelv1.0__2025-02-22 09:37:28
D:\moth_photos\database\batch_01\img_moth_00001192.jpg,"[4000, 6000]",modelv1.0__2025-02-22 09:37:28
D:\moth_photos\database\batch_01\img_moth_00001193.jpg,"[4000, 6000]",modelv1.0__2025-02-22 09:37:28
D:\moth_photos\database\batch_01\img_moth_00001194.jpg,"[4000, 6000]",modelv1.0__2025-02-22 09:37:28
D:\moth_photos\database\batch_01\img_moth_00001195.jpg,"[4000, 6000]",modelv1.0__2025-02-22 09:37:28
D:\moth_photos\database\batch_01\img_moth_00001196.jpg,"[4000, 6000]",modelv1.0__2025-02-22 09:37:28
D:\moth_photos\database\batch_01\img_moth_00001197.jpg,"[4000, 6000]",modelv1.0__2025-02-22 09:37:28
D:\moth_photos\database\batch_01\img_moth_00001198.jpg,"[4000, 6000]",modelv1.0__2025-02-22 09:37:28
D:\moth_photos\database\batch_01\img_moth_00001199.jpg,"[4000, 6000]",modelv1.0__2025-02-22 09:37:28
D:\moth_photos\database\batch_01\img_moth_00001200.jpg,"[4000, 6000]",modelv1.0__2025-02-22 09:37:28
D:\moth_photos\database\batch_01\img_moth_00001201.jpg,"[4000, 6000]",modelv1.0__2025-02-22 09:37:28
D:\moth_photos\database\batch_01\img_moth_00001202.jpg,"[4000, 6000]",modelv1.0__2025-02-22 09:37:28
D:\moth_photos\database\batch_01\img_moth_00001203.jpg,"[4000, 6000]",modelv1.0__2025-02-22 09:37:28
D:\moth_photos\database\batch_01\img_moth_00001204.jpg,"[4000, 6000]",modelv1.0__2025-02-22 09:37:28
D:\moth_photos\database\batch_01\img_moth_00001205.jpg,"[4000, 6000]",modelv1.0__2025-02-22 09:37:28
D:\moth_photos\database\batch_01\img_moth_00001206.jpg,"[4000, 6000]",modelv1.0__2025-02-22 09:37:28
D:\moth_photos\database\batch_01\img_moth_00001207.jpg,"[4000, 6000]",modelv1.0__2025-02-22 09:37:28
D:\moth_photos\database\batch_01\img_moth_00001208.jpg,"[4000, 6000]",modelv1.0__2025-02-22 09:37:28
D:\moth_photos\database\batch_01\img_moth_00001209.jpg,"[4000, 6000]",modelv1.0__2025-02-22 09:37:28
D:\moth_photos\database\batch_01\img_moth_00001210.jpg,"[4000, 6000]",modelv1.0__2025-02-22 09:37:28
D:\moth_photos\database\batch_01\img_moth_00001211.jpg,"[4000, 6000]",modelv1.0__2025-02-22 09:37:28
D:\moth_photos\database\batch_01\img_moth_00001212.jpg,"[4000, 6000]",modelv1.0__2025-02-22 09:37:28
D:\moth_photos\database\batch_01\img_moth_00001213.jpg,"[4000, 6000]",modelv1.0__2025-02-22 09:37:28
D:\moth_photos\database\batch_01\img_moth_00001214.jpg,"[4000, 6000]",modelv1.0__2025-02-22 09:37:28
D:\moth_photos\database\batch_01\img_moth_00001215.jpg,"[4000, 6000]",modelv1.0__2025-02-22 09:37:28
D:\moth_photos\database\batch_01\img_moth_00001216.jpg,"[4000, 6000]",modelv1.0__2025-02-22 09:37:28
D:\moth_photos\database\batch_01\img_moth_00001217.jpg,"[4000, 6000]",modelv1.0__2025-02-22 09:37:28
D:\moth_photos\database\batch_01\img_moth_00001218.jpg,"[4000, 6000]",modelv1.0__2025-02-22 09:37:28
D:\moth_photos\database\batch_01\img_moth_00001219.jpg,"[4000, 6000]",modelv1.0__2025-02-22 09:37:28
D:\moth_photos\database\batch_01\img_moth_00001220.jpg,"[4000, 6000]",modelv1.0__2025-02-22 09:37:28
D:\moth_photos\database\batch_01\img_moth_00001221.jpg,"[4000, 6000]",modelv1.0__2025-02-22 09:37:28
D:\moth_photos\database\batch_01\img_moth_00001222.jpg,"[4000, 6000]",modelv1.0__2025-02-22 09:37:28
D:\moth_photos\database\batch_01\img_moth_00001223.jpg,"[4000, 6000]",modelv1.0__2025-02-22 09:37:28
D:\moth_photos\database\batch_01\img_moth_00001224.jpg,"[4000, 6000]",modelv1.0__2025-02-22 09:37:28
D:\moth_photos\database\batch_01\img_moth_00001225.jpg,"[4000, 6000]",modelv1.0__2025-02-22 09:37:28
D:\moth_photos\database\batch_01\img_moth_00001226.jpg,"[4000, 6000]",modelv1.0__2025-02-22 09:37:28
D:\moth_photos\database\batch_01\img_moth_00001227.jpg,"[4000, 6000]",modelv1.0__2025-02-22 09:37:28
D:\moth_photos\database\batch_01\img_moth_00001228.jpg,"[4000, 6000]",modelv1.0__2025-02-22 09:37:28
D:\moth_photos\database\batch_01\img_moth_00001229.jpg,"[4000, 6000]",modelv1.0__2025-02-22 09:37:28
D:\moth_photos\database\batch_01\img_moth_00001230.jpg,"[4000, 6000]",modelv1.0__2025-02-22 09:37:28
D:\moth_photos\database\batch_01\img_moth_00001231.jpg,"[4000, 6000]",modelv1.0__2025-02-22 09:37:28
D:\moth_photos\database\batch_01\img_moth_00001232.jpg,"[4000, 6000]",modelv1.0__2025-02-22 09:37:28
D:\moth_photos\database\batch_01\img_moth_00001233.jpg,"[4000, 6000]",modelv1.0__2025-02-22 09:37:28
D:\moth_photos\database\batch_01\img_moth_00001234.jpg,"[4000, 6000]",modelv1.0__2025-02-22 09:37:28
D:\moth_photos\database\batch_01\img_moth_00001235.jpg,"[4000, 6000]",modelv1.0__2025-02-22 09:37:28
D:\moth_photos\database\batch_01\img_moth_00001236.jpg,"[4000, 6000]",modelv1.0__2025-02-22 09:37:28
D:\moth_photos\database\batch_01\img_moth_00001237.jpg,"[4000, 6000]",modelv1.0__2025-02-22 09:37:28
D:\moth_photos\database\batch_01\img_moth_00001238.jpg,"[4000, 6000]",modelv1.0__2025-02-22 09:37:28
D:\moth_photos\database\batch_01\img_moth_00001239.jpg,"[4000, 6000]",modelv1.0__2025-02-22 09:37:28
D:\moth_photos\database\batch_01\img_moth_00001240.jpg,"[4000, 6000]",modelv1.0__2025-02-22 09:37:28
D:\moth_photos\database\batch_01\img_moth_00001241.jpg,"[4000, 6000]",modelv1.0__2025-02-22 09:37:28
D:\moth_photos\database\batch_01\img_moth_00001242.jpg,"[4000, 6000]",modelv1.0__2025-02-22 09:37:28
D:\moth_photos\database\batch_01\img_moth_00001243.jpg,"[4000, 6000]",modelv1.0__2025-02-22 09:37:28
D:\moth_photos\database\batch_01\img_moth_00001244.jpg,"[4000, 6000]",modelv1.0__2025-02-22 09:37:28
D:\moth_photos\database\batch_01\img_moth_00001245.jpg,"[4000, 6000]",modelv1.0__2025-02-22 09:37:28
D:\moth_photos\database\batch_01\img_moth_00001246.jpg,"[4000, 6000]",modelv1.0__2025-02-22 09:37:28
D:\moth_photos\database\batch_01\img_moth_00001247.jpg,"[4000, 6000]",modelv1.0__2025-02-22 09:37:28
D:\moth_photos\database\batch_01\img_moth_00001248.jpg,"[4000, 6000]",modelv1.0__2025-02-22 09:37:28
D:\moth_photos\database\batch_01\img_moth_00001249.jpg,"[4000, 6000]",modelv1.0__2025-02-22 09:37:28
D:\moth_photos\database\batch_01\img_moth_00001250.jpg,"[4000, 6000]",modelv1.0__2025-02-22 09:37:28
D:\moth_photos\database\batch_01\img_moth_00001251.jpg,"[4000, 6000]",modelv1.0__2025-02-22 09:37:28
D:\moth_photos\database\batch_01\img_moth_00001252.jpg,"[4000, 6000]",modelv1.0__2025-02-22 09:37:28
D:\moth_photos\database\batch_01\img_moth_00001253.jpg,"[4000, 6000]",modelv1.0__2025-02-22 09:37:28
D:\moth_photos\database\batch_01\img_moth_00001254.jpg,"[4000, 6000]",modelv1.0__2025-02-22 09:37:28
D:\moth_photos\database\batch_01\img_moth_00001255.jpg,"[4000, 6000]",modelv1.0__2025-02-22 09:37:28
D:\moth_photos\database\batch_01\img_moth_00001256.jpg,"[4000, 6000]",modelv1.0__2025-02-22 09:37:28
D:\moth_photos\database\batch_01\img_moth_00001257.jpg,"[4000, 6000]",modelv1.0__2025-02-22 09:37:28
D:\moth_photos\database\batch_01\img_moth_00001258.jpg,"[4000, 6000]",modelv1.0__2025-02-22 09:37:28
D:\moth_photos\database\batch_01\img_moth_00001259.jpg,"[4000, 6000]",modelv1.0__2025-02-22 09:37:28
D:\moth_photos\database\batch_01\img_moth_00001260.jpg,"[4000, 6000]",modelv1.0__2025-02-22 09:37:28
D:\moth_photos\database\batch_01\img_moth_00001261.jpg,"[4000, 6000]",modelv1.0__2025-02-22 09:37:28
D:\moth_photos\database\batch_01\img_moth_00001262.jpg,"[4000, 6000]",modelv1.0__2025-02-22 09:37:28
D:\moth_photos\database\batch_01\img_moth_00001263.jpg,"[4000, 6000]",modelv1.0__2025-02-22 09:37:28
D:\moth_photos\database\batch_01\img_moth_00001264.jpg,"[4000, 6000]",modelv1.0__2025-02-22 09:37:28
D:\moth_photos\database\batch_01\img_moth_00001265.jpg,"[4000, 6000]",modelv1.0__2025-02-22 09:37:28
D:\moth_photos\database\batch_01\img_moth_00001266.jpg,"[4000, 6000]",modelv1.0__2025-02-22 09:37:28
D:\moth_photos\database\batch_01\img_moth_00001267.jpg,"[4000, 6000]",modelv1.0__2025-02-22 09:37:28
D:\moth_photos\database\batch_01\img_moth_00001268.jpg,"[4000, 6000]",modelv1.0__2025-02-22 09:37:28
D:\moth_photos\database\batch_01\img_moth_00001269.jpg,"[4000, 6000]",modelv1.0__2025-02-22 09:37:28
D:\moth_photos\database\batch_01\img_moth_00001270.jpg,"[4000, 6000]",modelv1.0__2025-02-22 09:37:28
D:\moth_photos\database\batch_01\img_moth_00001271.jpg,"[4000, 6000]",modelv1.0__2025-02-22 09:37:28
D:\moth_photos\database\batch_01\img_moth_00001272.jpg,"[4000, 6000]",modelv1.0__2025-02-22 09:37:28
D:\moth_photos\database\batch_01\img_moth_00001273.jpg,"[4000, 6000]",modelv1.0__2025-02-22 09:37:28
D:\moth_photos\database\batch_01\img_moth_00001274.jpg,"[4000, 6000]",modelv1.0__2025-02-22 09:37:28
D:\moth_photos\database\batch_01\img_moth_00001275.jpg,"[4000, 6000]",modelv1.0__2025-02-22 09:37:28
D:\moth_photos\database\batch_01\img_moth_00001276.jpg,"[4000, 6000]",modelv1.0__2025-02-22 09:37:28
D:\moth_photos\database\batch_01\img_moth_00001277.jpg,"[4000, 6000]",modelv1.0__2025-02-22 09:37:28
D:\moth_photos\database\batch_01\img_moth_00001278.jpg,"[4000, 6000]",modelv1.0__2025-02-22 09:37:28
D:\moth_photos\database\batch_01\img_moth_00001279.jpg,"[4000, 6000]",modelv1.0__2025-02-22 09:37:28
D:\moth_photos\database\batch_01\img_moth_00001280.jpg,"[4000, 6000]",modelv1.0__2025-02-22 09:37:28
D:\moth_photos\database\batch_01\img_moth_00001281.jpg,"[4000, 6000]",modelv1.0__2025-02-22 09:37:28
D:\moth_photos\database\batch_01\img_moth_00001282.jpg,"[4000, 6000]",modelv1.0__2025-02-22 09:37:28
D:\moth_photos\database\batch_01\img_moth_00001283.jpg,"[4000, 6000]",modelv1.0__2025-02-22 09:37:28
D:\moth_photos\database\batch_01\img_moth_00001284.jpg,"[4000, 6000]",modelv1.0__2025-02-22 09:37:28
D:\moth_photos\database\batch_01\img_moth_00001285.jpg,"[4000, 6000]",modelv1.0__2025-02-22 09:37:28
D:\moth_photos\database\batch_01\img_moth_00001286.jpg,"[4000, 6000]",modelv1.0__2025-02-22 09:37:28
D:\moth_photos\database\batch_01\img_moth_00001287.jpg,"[4000, 6000]",modelv1.0__2025-02-22 09:37:28
D:\moth_photos\database\batch_01\img_moth_00001288.jpg,"[4000, 6000]",modelv1.0__2025-02-22 09:37:28
D:\moth_photos\database\batch_01\img_moth_00001289.jpg,"[4000, 6000]",modelv1.0__2025-02-22 09:37:28
D:\moth_photos\database\batch_01\img_moth_00001290.jpg,"[4000, 6000]",modelv1.0__2025-02-22 09:37:28
D:\moth_photos\database\batch_01\img_moth_00001291.jpg,"[4000, 6000]",modelv1.0__2025-02-22 09:37:28
D:\moth_photos\database\batch_01\img_moth_00001292.jpg,"[4000, 6000]",modelv1.0__2025-02-22 09:37:28
D:\moth_photos\database\batch_01\img_moth_00001293.jpg,"[4000, 6000]",modelv1.0__2025-02-22 09:37:28
D:\moth_photos\database\batch_01\img_moth_00001294.jpg,"[4000, 6000]",modelv1.0__2025-02-22 09:37:28
D:\moth_photos\database\batch_01\img_moth_00001295.jpg,"[4000, 6000]",modelv1.0__2025-02-22 09:37:28
D:\moth_photos\database\batch_01\img_moth_00001296.jpg,"[4000, 6000]",modelv1.0__2025-02-22 09:37:28
D:\moth_photos\database\batch_01\img_moth_00001297.jpg,"[4000, 6000]",modelv1.0__2025-02-22 09:37:28
D:\moth_photos\database\batch_01\img_moth_00001298.jpg,"[4000, 6000]",modelv1.0__2025-02-22 09:37:28
D:\moth_photos\database\batch_01\img_moth_00001299.jpg,"[4000, 6000]",modelv1.0__2025-02-22 09:37:28
D:\moth_photos\database\batch_01\img_moth_00001300.jpg,"[4000, 6000]",modelv1.0__2025-02-22 09:37:28
D:\moth_photos\database\batch_01\img_moth_00001301.jpg,"[4000, 6000]",modelv1.0__2025-02-22 09:37:28
D:\moth_photos\database\batch_01\img_moth_00001302.jpg,"[4000, 6000]",modelv1.0__2025-02-22 09:37:28
D:\moth_photos\database\batch_01\img_moth_00001303.jpg,"[4000, 6000]",modelv1.0__2025-02-22 09:37:28
D:\moth_photos\database\batch_01\img_moth_00001304.jpg,"[4000, 6000]",modelv1.0__2025-02-22 09:37:28
D:\moth_photos\database\batch_01\img_moth_00001305.jpg,"[4000, 6000]",modelv1.0__2025-02-22 09:37:28
D:\moth_photos\database\batch_01\img_moth_00001306.jpg,"[4000, 6000]",modelv1.0__2025-02-22 09:37:28
D:\moth_photos\database\batch_01\img_moth_00001307.jpg,"[4000, 6000]",modelv1.0__2025-02-22 09:37:28
D:\moth_photos\database\batch_01\img_moth_00001308.jpg,"[4000, 6000]",modelv1.0__2025-02-22 09:37:28
D:\moth_photos\database\batch_01\img_moth_00001309.jpg,"[4000, 6000]",modelv1.0__2025-02-22 09:37:28
D:\moth_photos\database\batch_01\img_moth_00001310.jpg,"[4000, 6000]",modelv1.0__2025-02-22 09:37:28
D:\moth_photos\database\batch_01\img_moth_00001311.jpg,"[4000, 6000]",modelv1.0__2025-02-22 09:37:28
D:\moth_photos\database\batch_01\img_moth_00001312.jpg,"[4000, 6000]",modelv1.0__2025-02-22 09:37:28
D:\moth_photos\database\batch_01\img_moth_00001313.jpg,"[4000, 6000]",modelv1.0__2025-02-22 09:37:28
D:\moth_photos\database\batch_01\img_moth_00001314.jpg,"[4000, 6000]",modelv1.0__2025-02-22 09:37:28
D:\moth_photos\database\batch_01\img_moth_00001315.jpg,"[4000, 6000]",modelv1.0__2025-02-22 09:37:28
D:\moth_photos\database\batch_01\img_moth_00001316.jpg,"[4000, 6000]",modelv1.0__2025-02-22 09:37:28
D:\moth_photos\database\batch_01\img_moth_00001317.jpg,"[4000, 6000]",modelv1.0__2025-02-22 09:37:28
D:\moth_photos\database\batch_01\img_moth_00001318.jpg,"[4000, 6000]",modelv1.0__2025-02-22 09:37:28
D:\moth_photos\database\batch_01\img_moth_00001319.jpg,"[4000, 6000]",modelv1.0__2025-02-22 09:37:28
D:\moth_photos\database\batch_01\img_moth_00001320.jpg,"[4000, 6000]",modelv1.0__2025-02-22 09:37:28
D:\moth_photos\database\batch_01\img_moth_00001321.jpg,"[4000, 6000]",modelv1.0__2025-02-22 09:37:28
D:\moth_photos\database\batch_01\img_moth_00001322.jpg,"[4000, 6000]",modelv1.0__2025-02-22 09:37:28
D:\moth_photos\database\batch_01\img_moth_00001323.jpg,"[4000, 6000]",modelv1.0__2025-02-22 09:37:28
D:\moth_photos\database\batch_01\img_moth_00001324.jpg,"[4000, 6000]",modelv1.0__2025-02-22 09:37:28
D:\moth_photos\database\batch_01\img_moth_00001325.jpg,"[4000, 6000]",modelv1.0__2025-02-22 09:37:28
D:\moth_photos\database\batch_01\img_moth_00001326.jpg,"[4000, 6000]",modelv1.0__2025-02-22 09:37:28
D:\moth_photos\database\batch_01\img_moth_00001327.jpg,"[4000, 6000]",modelv1.0__2025-02-22 09:37:28
D:\moth_photos\database\batch_01\img_moth_00001328.jpg,"[4000, 6000]",modelv1.0__2025-02-22 09:37:28
D:\moth_photos\database\batch_01\img_moth_00001329.jpg,"[4000, 6000]",modelv1.0__2025-02-22 09:37:28
D:\moth_photos\database\batch_01\img_moth_00001330.jpg,"[4000, 6000]",modelv1.0__2025-02-22 09:37:28
D:\moth_photos\database\batch_01\img_moth_00001331.jpg,"[4000, 6000]",modelv1.0__2025-02-22 09:37:28
D:\moth_photos\database\batch_01\img_moth_00001332.jpg,"[4000, 6000]",modelv1.0__2025-02-22 09:37:28
D:\moth_photos\database\batch_01\img_moth_00001333.jpg,"[4000, 6000]",modelv1.0__2025-02-22 09:37:28
D:\moth_photos\database\batch_01\img_moth_00001334.jpg,"[4000, 6000]",modelv1.0__2025-02-22 09:37:28
D:\moth_photos\database\batch_01\img_moth_00001335.jpg,"[4000, 6000]",modelv1.0__2025-02-22 09:37:28
D:\moth_photos\database\batch_01\img_moth_00001336.jpg,"[4000, 6000]",modelv1.0__2025-02-22 09:37:28
D:\moth_photos\database\batch_01\img_moth_00001337.jpg,"[4000, 6000]",modelv1.0__2025-02-22 09:37:28
D:\moth_photos\database\batch_01\img_moth_00001338.jpg,"[4000, 6000]",modelv1.0__2025-02-22 09:37:28
D:\moth_photos\database\batch_01\img_moth_00001339.jpg,"[4000, 6000]",modelv1.0__2025-02-22 09:37:28
D:\moth_photos\database\batch_01\img_moth_00001340.jpg,"[4000, 6000]",modelv1.0__2025-02-22 09:37:28
D:\moth_photos\database\batch_01\img_moth_00001341.jpg,"[4000, 6000]",modelv1.0__2025-02-22 09:37:28
D:\moth_photos\database\batch_01\img_moth_00001342.jpg,"[4000, 6000]",modelv1.0__2025-02-22 09:37:28
D:\moth_photos\database\batch_01\img_moth_00001343.jpg,"[4000, 6000]",modelv1.0__2025-02-22 09:37:28
D:\moth_photos\database\batch_01\img_moth_00001344.jpg,"[4000, 6000]",modelv1.0__2025-02-22 09:37:28
D:\moth_photos\database\batch_01\img_moth_00001345.jpg,"[4000, 6000]",modelv1.0__2025-02-22 09:37:28
D:\moth_photos\database\batch_01\img_moth_00001346.jpg,"[4000, 6000]",modelv1.0__2025-02-22 09:37:28
D:\moth_photos\database\batch_01\img_moth_00001347.jpg,"[4000, 6000]",modelv1.0__2025-02-22 09:37:28
D:\moth_photos\database\batch_01\img_moth_00001348.jpg,"[4000, 6000]",modelv1.0__2025-02-22 09:37:28
D:\moth_photos\database\batch_01\img_moth_00001349.jpg,"[4000, 6000]",modelv1.0__2025-02-22 09:37:28
D:\moth_photos\database\batch_01\img_moth_00001350.jpg,"[4000, 6000]",modelv1.0__2025-02-22 09:37:28
D:\moth_photos\database\batch_01\img_moth_00001351.jpg,"[4000, 6000]",modelv1.0__2025-02-22 09:37:28
D:\moth_photos\database\batch_01\img_moth_00001352.jpg,"[4000, 6000]",modelv1.0__2025-02-22 09:37:28
D:\moth_photos\database\batch_01\img_moth_00001353.jpg,"[4000, 6000]",modelv1.0__2025-02-22 09:37:28
D:\moth_photos\database\batch_01\img_moth_00001354.jpg,"[4000, 6000]",modelv1.0__2025-02-22 09:37:28
D:\moth_photos\database\batch_01\img_moth_00001355.jpg,"[4000, 6000]",modelv1.0__2025-02-22 09:37:28
D:\moth_photos\database\batch_01\img_moth_00001356.jpg,"[4000, 6000]",modelv1.0__2025-02-22 09:37:28
D:\moth_photos\database\batch_01\img_moth_00001357.jpg,"[4000, 6000]",modelv1.0__2025-02-22 09:37:28
D:\moth_photos\database\batch_01\img_moth_00001358.jpg,"[4000, 6000]",modelv1.0__2025-02-22 09:37:28
D:\moth_photos\database\batch_01\img_moth_00001359.jpg,"[4000, 6000]",modelv1.0__2025-02-22 09:37:28
D:\moth_photos\database\batch_01\img_moth_00001360.jpg,"[4000, 6000]",modelv1.0__2025-02-22 09:37:28
D:\moth_photos\database\batch_01\img_moth_00001361.jpg,"[4000, 6000]",modelv1.0__2025-02-22 09:37:28
D:\moth_photos\database\batch_01\img_moth_00001362.jpg,"[4000, 6000]",modelv1.0__2025-02-22 09:37:28
D:\moth_photos\database\batch_01\img_moth_00001363.jpg,"[4000, 6000]",modelv1.0__2025-02-22 09:37:28
D:\moth_photos\database\batch_01\img_moth_00001364.jpg,"[4000, 6000]",modelv1.0__2025-02-22 09:37:28
D:\moth_photos\database\batch_01\img_moth_00001365.jpg,"[4000, 6000]",modelv1.0__2025-02-22 09:37:28
D:\moth_photos\database\batch_01\img_moth_00001366.jpg,"[4000, 6000]",modelv1.0__2025-02-22 09:37:28
D:\moth_photos\database\batch_01\img_moth_00001367.jpg,"[4000, 6000]",modelv1.0__2025-02-22 09:37:28
D:\moth_photos\database\batch_01\img_moth_00001368.jpg,"[4000, 6000]",modelv1.0__2025-02-22 09:37:28
D:\moth_photos\database\batch_01\img_moth_00001369.jpg,"[4000, 6000]",modelv1.0__2025-02-22 09:37:28
D:\moth_photos\database\batch_01\img_moth_00001370.jpg,"[4000, 6000]",modelv1.0__2025-02-22 09:37:28
D:\moth_photos\database\batch_01\img_moth_00001371.jpg,"[4000, 6000]",modelv1.0__2025-02-22 09:37:28
D:\moth_photos\database\batch_01\img_moth_00001372.jpg,"[4000, 6000]",modelv1.0__2025-02-22 09:37:28
D:\moth_photos\database\batch_01\img_moth_00001373.jpg,"[4000, 6000]",modelv1.0__2025-02-22 09:37:28
D:\moth_photos\database\batch_01\img_moth_00001374.jpg,"[4000, 6000]",modelv1.0__2025-02-22 09:37:28
D:\moth_photos\database\batch_01\img_moth_00001375.jpg,"[4000, 6000]",modelv1.0__2025-02-22 09:37:28
D:\moth_photos\database\batch_01\img_moth_00001376.jpg,"[4000, 6000]",modelv1.0__2025-02-22 09:37:28
D:\moth_photos\database\batch_01\img_moth_00001377.jpg,"[4000, 6000]",modelv1.0__2025-02-22 09:37:28
D:\moth_photos\database\batch_01\img_moth_00001378.jpg,"[4000, 6000]",modelv1.0__2025-02-22 09:37:28
D:\moth_photos\database\batch_01\img_moth_00001379.jpg,"[4000, 6000]",modelv1.0__2025-02-22 09:37:28
D:\moth_photos\database\batch_01\img_moth_00001380.jpg,"[4000, 6000]",modelv1.0__2025-02-22 09:37:28
D:\moth_photos\database\batch_01\img_moth_00001381.jpg,"[4000, 6000]",modelv1.0__2025-02-22 09:37:28
D:\moth_photos\database\batch_01\img_moth_00001382.jpg,"[4000, 6000]",modelv1.0__2025-02-22 09:37:28
D:\moth_photos\database\batch_01\img_moth_00001383.jpg,"[4000, 6000]",modelv1.0__2025-02-22 09:37:28
D:\moth_photos\database\batch_01\img_moth_00001384.jpg,"[4000, 6000]",modelv1.0__2025-02-22 09:37:28
D:\moth_photos\database\batch_01\img_moth_00001385.jpg,"[4000, 6000]",modelv1.0__2025-02-22 09:37:28
D:\moth_photos\database\batch_01\img_moth_00001386.jpg,"[4000, 6000]",modelv1.0__2025-02-22 09:37:28
D:\moth_photos\database\batch_01\img_moth_00001387.jpg,"[4000, 6000]",modelv1.0__2025-02-22 09:37:28
D:\moth_photos\database\batch_01\img_moth_00001388.jpg,"[4000, 6000]",modelv1.0__2025-02-22 09:37:28
D:\moth_photos\database\batch_01\img_moth_00001389.jpg,"[4000, 6000]",modelv1.0__2025-02-22 09:37:28
D:\moth_photos\database\batch_01\img_moth_00001390.jpg,"[4000, 6000]",modelv1.0__2025-02-22 09:37:28
D:\moth_photos\database\batch_01\img_moth_00001391.jpg,"[4000, 6000]",modelv1.0__2025-02-22 09:37:28
D:\moth_photos\database\batch_01\img_moth_00001392.jpg,"[4000, 6000]",modelv1.0__2025-02-22 09:37:28
D:\moth_photos\database\batch_01\img_moth_00001393.jpg,"[4000, 6000]",modelv1.0__2025-02-22 09:37:28
D:\moth_photos\database\batch_01\img_moth_00001394.jpg,"[4000, 6000]",modelv1.0__2025-02-22 09:37:28
D:\moth_photos\database\batch_01\img_moth_00001395.jpg,"[4000, 6000]",modelv1.0__2025-02-22 09:37:28
D:\moth_photos\database\batch_01\img_moth_00001396.jpg,"[4000, 6000]",modelv1.0__2025-02-22 09:37:28
D:\moth_photos\database\batch_01\img_moth_00001397.jpg,"[4000, 6000]",modelv1.0__2025-02-22 09:37:28
D:\moth_photos\database\batch_01\img_moth_00001398.jpg,"[4000, 6000]",modelv1.0__2025-02-22 09:37:28
D:\moth_photos\database\batch_01\img_moth_00001399.jpg,"[4000, 6000]",modelv1.0__2025-02-22 09:37:28
D:\moth_photos\database\batch_01\img_moth_00001400.jpg,"[4000, 6000]",modelv1.0__2025-02-22 09:37:28
D:\moth_photos\database\batch_01\img_moth_00001401.jpg,"[4000, 6000]",modelv1.0__2025-02-22 09:37:28
D:\moth_photos\database\batch_01\img_moth_00001402.jpg,"[4000, 6000]",modelv1.0__2025-02-22 09:37:28
D:\moth_photos\database\batch_01\img_moth_00001403.jpg,"[4000, 6000]",modelv1.0__2025-02-22 09:37:28
D:\moth_photos\database\batch_01\img_moth_00001404.jpg,"[4000, 6000]",modelv1.0__2025-02-22 09:37:28
D:\moth_photos\database\batch_01\img_moth_00001405.jpg,"[4000, 6000]",modelv1.0__2025-02-22 09:37:28
D:\moth_photos\database\batch_01\img_moth_00001406.jpg,"[4000, 6000]",modelv1.0__2025-02-22 09:37:28
D:\moth_photos\database\batch_01\img_moth_00001407.jpg,"[4000, 6000]",modelv1.0__2025-02-22 09:37:28
D:\moth_photos\database\batch_01\img_moth_00001408.jpg,"[4000, 6000]",modelv1.0__2025-02-22 09:37:28
D:\moth_photos\database\batch_01\img_moth_00001409.jpg,"[4000, 6000]",modelv1.0__2025-02-22 09:37:28
D:\moth_photos\database\batch_01\img_moth_00001410.jpg,"[4000, 6000]",modelv1.0__2025-02-22 09:37:28
D:\moth_photos\database\batch_01\img_moth_00001411.jpg,"[4000, 6000]",modelv1.0__2025-02-22 09:37:28
D:\moth_photos\database\batch_01\img_moth_00001412.jpg,"[4000, 6000]",modelv1.0__2025-02-22 09:37:28
D:\moth_photos\database\batch_01\img_moth_00001413.jpg,"[4000, 6000]",modelv1.0__2025-02-22 09:37:28
D:\moth_photos\database\batch_01\img_moth_00001414.jpg,"[4000, 6000]",modelv1.0__2025-02-22 09:37:28
D:\moth_photos\database\batch_01\img_moth_00001415.jpg,"[4000, 6000]",modelv1.0__2025-02-22 09:37:28
D:\moth_photos\database\batch_01\img_moth_00001416.jpg,"[4000, 6000]",modelv1.0__2025-02-22 09:37:28
D:\moth_photos\database\batch_01\img_moth_00001417.jpg,"[4000, 6000]",modelv1.0__2025-02-22 09:37:28
D:\moth_photos\database\batch_01\img_moth_00001418.jpg,"[4000, 6000]",modelv1.0__2025-02-22 09:37:28
D:\moth_photos\database\batch_01\img_moth_00001419.jpg,"[4000, 6000]",modelv1.0__2025-02-22 09:37:28
D:\moth_photos\database\batch_01\img_moth_00001420.jpg,"[4000, 6000]",modelv1.0__2025-02-22 09:37:28
D:\moth_photos\database\batch_01\img_moth_00001421.jpg,"[4000, 6000]",modelv1.0__2025-02-22 09:37:28
D:\moth_photos\database\batch_01\img_moth_00001422.jpg,"[4000, 6000]",modelv1.0__2025-02-22 09:37:28
D:\moth_photos\database\batch_01\img_moth_00001423.jpg,"[4000, 6000]",modelv1.0__2025-02-22 09:37:28
D:\moth_photos\database\batch_01\img_moth_00001424.jpg,"[4000, 6000]",modelv1.0__2025-02-22 09:37:28
D:\moth_photos\database\batch_01\img_moth_00001425.jpg,"[4000, 6000]",modelv1.0__2025-02-22 09:37:28
D:\moth_photos\database\batch_01\img_moth_00001426.jpg,"[4000, 6000]",modelv1.0__2025-02-22 09:37:28
D:\moth_photos\database\batch_01\img_moth_00001427.jpg,"[4000, 6000]",modelv1.0__2025-02-22 09:37:28
D:\moth_photos\database\batch_01\img_moth_00001428.jpg,"[4000, 6000]",modelv1.0__2025-02-22 09:37:28
D:\moth_photos\database\batch_01\img_moth_00001429.jpg,"[4000, 6000]",modelv1.0__2025-02-22 09:37:28
D:\moth_photos\database\batch_01\img_moth_00001430.jpg,"[4000, 6000]",modelv1.0__2025-02-22 09:37:28
D:\moth_photos\database\batch_01\img_moth_00001431.jpg,"[4000, 6000]",modelv1.0__2025-02-22 09:37:28
D:\moth_photos\database\batch_01\img_moth_00001432.jpg,"[4000, 6000]",modelv1.0__2025-02-22 09:37:28
D:\moth_photos\database\batch_01\img_moth_00001433.jpg,"[4000, 6000]",modelv1.0__2025-02-22 09:37:28
D:\moth_photos\database\batch_01\img_moth_00001434.jpg,"[4000, 6000]",modelv1.0__2025-02-22 09:37:28
D:\moth_photos\database\batch_01\img_moth_00001435.jpg,"[4000, 6000]",modelv1.0__2025-02-22 09:37:28
D:\moth_photos\database\batch_01\img_moth_00001436.jpg,"[4000, 6000]",modelv1.0__2025-02-22 09:37:28
D:\moth_photos\database\batch_01\img_moth_00001437.jpg,"[4000, 6000]",modelv1.0__2025-02-22 09:37:28
D:\moth_photos\database\batch_01\img_moth_00001438.jpg,"[4000, 6000]",modelv1.0__2025-02-22 09:37:28
D:\moth_photos\database\batch_01\img_moth_00001439.jpg,"[4000, 6000]",modelv1.0__2025-02-22 09:37:28
D:\moth_photos\database\batch_01\img_moth_00001440.jpg,"[4000, 6000]",modelv1.0__2025-02-22 09:37:28
D:\moth_photos\database\batch_01\img_moth_00001441.jpg,"[4000, 6000]",modelv1.0__2025-02-22 09:37:28
D:\moth_photos\database\batch_01\img_moth_00001442.jpg,"[4000, 6000]",modelv1.0__2025-02-22 09:37:28
D:\moth_photos\database\batch_01\img_moth_00001443.jpg,"[4000, 6000]",modelv1.0__2025-02-22 09:37:28
D:\moth_photos\database\batch_01\img_moth_00001444.jpg,"[4000, 6000]",modelv1.0__2025-02-22 09:37:28
D:\moth_photos\database\batch_01\img_moth_00001445.jpg,"[4000, 6000]",modelv1.0__2025-02-22 09:37:28
D:\moth_photos\database\batch_01\img_moth_00001446.jpg,"[4000, 6000]",modelv1.0__2025-02-22 09:37:28
D:\moth_photos\database\batch_01\img_moth_00001447.jpg,"[4000, 6000]",modelv1.0__2025-02-22 09:37:28
D:\moth_photos\database\batch_01\img_moth_00001448.jpg,"[4000, 6000]",modelv1.0__2025-02-22 09:37:28
D:\moth_photos\database\batch_01\img_moth_00001449.jpg,"[4000, 6000]",modelv1.0__2025-02-22 09:37:28
D:\moth_photos\database\batch_01\img_moth_00001450.jpg,"[4000, 6000]",modelv1.0__2025-02-22 09:37:28
D:\moth_photos\database\batch_01\img_moth_00001451.jpg,"[4000, 6000]",modelv1.0__2025-02-22 09:37:28
D:\moth_photos\database\batch_01\img_moth_00001452.jpg,"[4000, 6000]",modelv1.0__2025-02-22 09:37:28
D:\moth_photos\database\batch_01\img_moth_00001453.jpg,"[4000, 6000]",modelv1.0__2025-02-22 09:37:28
D:\moth_photos\database\batch_01\img_moth_00001454.jpg,"[4000, 6000]",modelv1.0__2025-02-22 09:37:28
D:\moth_photos\database\batch_01\img_moth_00001455.jpg,"[4000, 6000]",modelv1.0__2025-02-22 09:37:28
D:\moth_photos\database\batch_01\img_moth_00001456.jpg,"[4000, 6000]",modelv1.0__2025-02-22 09:37:28
D:\moth_photos\database\batch_01\img_moth_00001457.jpg,"[4000, 6000]",modelv1.0__2025-02-22 09:37:28
D:\moth_photos\database\batch_01\img_moth_00001458.jpg,"[4000, 6000]",modelv1.0__2025-02-22 09:37:28
D:\moth_photos\database\batch_01\img_moth_00001459.jpg,"[4000, 6000]",modelv1.0__2025-02-22 09:37:28
D:\moth_photos\database\batch_01\img_moth_00001460.jpg,"[4000, 6000]",modelv1.0__2025-02-22 09:37:28
D:\moth_photos\database\batch_01\img_moth_00001461.jpg,"[4000, 6000]",modelv1.0__2025-02-22 09:37:28
D:\moth_photos\database\batch_01\img_moth_00001462.jpg,"[4000, 6000]",modelv1.0__2025-02-22 09:37:28
D:\moth_photos\database\batch_01\img_moth_00001463.jpg,"[4000, 6000]",modelv1.0__2025-02-22 09:37:28
D:\moth_photos\database\batch_01\img_moth_00001464.jpg,"[4000, 6000]",modelv1.0__2025-02-22 09:37:28
D:\moth_photos\database\batch_01\img_moth_00001465.jpg,"[4000, 6000]",modelv1.0__2025-02-22 09:37:28
D:\moth_photos\database\batch_01\img_moth_00001466.jpg,"[4000, 6000]",modelv1.0__2025-02-22 09:37:28
D:\moth_photos\database\batch_01\img_moth_00001467.jpg,"[4000, 6000]",modelv1.0__2025-02-22 09:37:28
D:\moth_photos\database\batch_01\img_moth_00001468.jpg,"[4000, 6000]",modelv1.0__2025-02-22 09:37:28
D:\moth_photos\database\batch_01\img_moth_00001469.jpg,"[4000, 6000]",modelv1.0__2025-02-22 09:37:28
D:\moth_photos\database\batch_01\img_moth_00001470.jpg,"[4000, 6000]",modelv1.0__2025-02-22 09:37:28
D:\moth_photos\database\batch_01\img_moth_00001471.jpg,"[4000, 6000]",modelv1.0__2025-02-22 09:37:28
D:\moth_photos\database\batch_01\img_moth_00001472.jpg,"[4000, 6000]",modelv1.0__2025-02-22 09:37:28
D:\moth_photos\database\batch_01\img_moth_00001473.jpg,"[4000, 6000]",modelv1.0__2025-02-22 09:37:28
D:\moth_photos\database\batch_01\img_moth_00001474.jpg,"[4000, 6000]",modelv1.0__2025-02-22 09:37:28
D:\moth_photos\database\batch_01\img_moth_00001475.jpg,"[4000, 6000]",modelv1.0__2025-02-22 09:37:28
D:\moth_photos\database\batch_01\img_moth_00001476.jpg,"[4000, 6000]",modelv1.0__2025-02-22 09:37:28
D:\moth_photos\database\batch_01\img_moth_00001477.jpg,"[4000, 6000]",modelv1.0__2025-02-22 09:37:28
D:\moth_photos\database\batch_01\img_moth_00001478.jpg,"[4000, 6000]",modelv1.0__2025-02-22 09:37:28
D:\moth_photos\database\batch_01\img_moth_00001479.jpg,"[4000, 6000]",modelv1.0__2025-02-22 09:37:28
D:\moth_photos\database\batch_01\img_moth_00001480.jpg,"[4000, 6000]",modelv1.0__2025-02-22 09:37:28
D:\moth_photos\database\batch_01\img_moth_00001481.jpg,"[4000, 6000]",modelv1.0__2025-02-22 09:37:28
D:\moth_photos\database\batch_01\img_moth_00001482.jpg,"[4000, 6000]",modelv1.0__2025-02-22 09:37:28
D:\moth_photos\database\batch_01\img_moth_00001483.jpg,"[4000, 6000]",modelv1.0__2025-02-22 09:37:28
D:\moth_photos\database\batch_01\img_moth_00001484.jpg,"[4000, 6000]",modelv1.0__2025-02-22 09:37:28
D:\moth_photos\database\batch_01\img_moth_00001485.jpg,"[4000, 6000]",modelv1.0__2025-02-22 09:37:28
D:\moth_photos\database\batch_01\img_moth_00001486.jpg,"[4000, 6000]",modelv1.0__2025-02-22 09:37:28
D:\moth_photos\database\batch_01\img_moth_00001487.jpg,"[4000, 6000]",modelv1.0__2025-02-22 09:37:28
D:\moth_photos\database\batch_01\img_moth_00001488.jpg,"[4000, 6000]",modelv1.0__2025-02-22 09:37:28
D:\moth_photos\database\batch_01\img_moth_00001489.jpg,"[4000, 6000]",modelv1.0__2025-02-22 09:37:28
D:\moth_photos\database\batch_01\img_moth_00001490.jpg,"[4000, 6000]",modelv1.0__2025-02-22 09:37:28
D:\moth_photos\database\batch_01\img_moth_00001491.jpg,"[4000, 6000]",modelv1.0__2025-02-22 09:37:28
D:\moth_photos\database\batch_01\img_moth_00001492.jpg,"[4000, 6000]",modelv1.0__2025-02-22 09:37:28
D:\moth_photos\database\batch_01\img_moth_00001493.jpg,"[4000, 6000]",modelv1.0__2025-02-22 09:37:28
D:\moth_photos\database\batch_01\img_moth_00001494.jpg,"[4000, 6000]",modelv1.0__2025-02-22 09:37:28
D:\moth_photos\database\batch_01\img_moth_00001495.jpg,"[4000, 6000]",modelv1.0__2025-02-22 09:37:28
D:\moth_photos\database\batch_01\img_moth_00001496.jpg,"[4000, 6000]",modelv1.0__2025-02-22 09:37:28
D:\moth_photos\database\batch_01\img_moth_00001497.jpg,"[4000, 6000]",modelv1.0__2025-02-22 09:37:28
D:\moth_photos\database\batch_01\img_moth_00001498.jpg,"[4000, 6000]",modelv1.0__2025-02-22 09:37:28
D:\moth_photos\database\batch_01\img_moth_00001499.jpg,"[4000, 6000]",modelv1.0__2025-02-22 09:37:28
D:\moth_photos\database\batch_01\img_moth_00001500.jpg,"[4000, 6000]",modelv1.0__2025-02-22 09:37:28
D:\moth_photos\database\batch_01\img_moth_00001501.jpg,"[4000, 6000]",modelv1.0__2025-02-22 09:37:28
D:\moth_photos\database\batch_01\img_moth_00001502.jpg,"[4000, 6000]",modelv1.0__2025-02-22 09:37:28
D:\moth_photos\database\batch_01\img_moth_00001503.jpg,"[4000, 6000]",modelv1.0__2025-02-22 09:37:28
D:\moth_photos\database\batch_01\img_moth_00001504.jpg,"[4000, 6000]",modelv1.0__2025-02-22 09:37:28
D:\moth_photos\database\batch_01\img_moth_00001505.jpg,"[4000, 6000]",modelv1.0__2025-02-22 09:37:28
D:\moth_photos\database\batch_01\img_moth_00001506.jpg,"[4000, 6000]",modelv1.0__2025-02-22 09:37:28
D:\moth_photos\database\batch_01\img_moth_00001507.jpg,"[4000, 6000]",modelv1.0__2025-02-22 09:37:28
D:\moth_photos\database\batch_01\img_moth_00001508.jpg,"[4000, 6000]",modelv1.0__2025-02-22 09:37:28
D:\moth_photos\database\batch_01\img_moth_00001509.jpg,"[4000, 6000]",modelv1.0__2025-02-22 09:37:28
D:\moth_photos\database\batch_01\img_moth_00001510.jpg,"[4000, 6000]",modelv1.0__2025-02-22 09:37:28
D:\moth_photos\database\batch_01\img_moth_00001511.jpg,"[4000, 6000]",modelv1.0__2025-02-22 09:37:28
D:\moth_photos\database\batch_01\img_moth_00001512.jpg,"[4000, 6000]",modelv1.0__2025-02-22 09:37:28
D:\moth_photos\database\batch_01\img_moth_00001513.jpg,"[4000, 6000]",modelv1.0__2025-02-22 09:37:28
D:\moth_photos\database\batch_01\img_moth_00001514.jpg,"[4000, 6000]",modelv1.0__2025-02-22 09:37:28
D:\moth_photos\database\batch_01\img_moth_00001515.jpg,"[4000, 6000]",modelv1.0__2025-02-22 09:37:28
D:\moth_photos\database\batch_01\img_moth_00001516.jpg,"[4000, 6000]",modelv1.0__2025-02-22 09:37:28
D:\moth_photos\database\batch_01\img_moth_00001517.jpg,"[4000, 6000]",modelv1.0__2025-02-22 09:37:28
D:\moth_photos\database\batch_01\img_moth_00001518.jpg,"[4000, 6000]",modelv1.0__2025-02-22 09:37:28
D:\moth_photos\database\batch_01\img_moth_00001519.jpg,"[4000, 6000]",modelv1.0__2025-02-22 09:37:28
D:\moth_photos\database\batch_01\img_moth_00001520.jpg,"[4000, 6000]",modelv1.0__2025-02-22 09:37:28
D:\moth_photos\database\batch_01\img_moth_00001521.jpg,"[4000, 6000]",modelv1.0__2025-02-22 09:37:28
D:\moth_photos\database\batch_01\img_moth_00001522.jpg,"[4000, 6000]",modelv1.0__2025-02-22 09:37:28
D:\moth_photos\database\batch_01\img_moth_00001523.jpg,"[4000, 6000]",modelv1.0__2025-02-22 09:37:28
D:\moth_photos\database\batch_01\img_moth_00001524.jpg,"[4000, 6000]",modelv1.0__2025-02-22 09:37:28
D:\moth_photos\database\batch_01\img_moth_00001525.jpg,"[4000, 6000]",modelv1.0__2025-02-22 09:37:28
D:\moth_photos\database\batch_01\img_moth_00001526.jpg,"[4000, 6000]",modelv1.0__2025-02-22 09:37:28
D:\moth_photos\database\batch_01\img_moth_00001527.jpg,"[4000, 6000]",modelv1.0__2025-02-22 09:37:28
D:\moth_photos\database\batch_01\img_moth_00001528.jpg,"[4000, 6000]",modelv1.0__2025-02-22 09:37:28
D:\moth_photos\database\batch_01\img_moth_00001529.jpg,"[4000, 6000]",modelv1.0__2025-02-22 09:37:28
D:\moth_photos\database\batch_01\img_moth_00001530.jpg,"[4000, 6000]",modelv1.0__2025-02-22 09:37:28
D:\moth_photos\database\batch_01\img_moth_00001531.jpg,"[4000, 6000]",modelv1.0__2025-02-22 09:37:28
D:\moth_photos\database\batch_01\img_moth_00001532.jpg,"[4000, 6000]",modelv1.0__2025-02-22 09:37:28
D:\moth_photos\database\batch_01\img_moth_00001533.jpg,"[4000, 6000]",modelv1.0__2025-02-22 09:37:28
D:\moth_photos\database\batch_01\img_moth_00001534.jpg,"[4000, 6000]",modelv1.0__2025-02-22 09:37:28
D:\moth_photos\database\batch_01\img_moth_00001535.jpg,"[4000, 6000]",modelv1.0__2025-02-22 09:37:28
D:\moth_photos\database\batch_01\img_moth_00001536.jpg,"[4000, 6000]",modelv1.0__2025-02-22 09:37:28
D:\moth_photos\database\batch_01\img_moth_00001537.jpg,"[4000, 6000]",modelv1.0__2025-02-22 09:37:28
D:\moth_photos\database\batch_01\img_moth_00001538.jpg,"[4000, 6000]",modelv1.0__2025-02-22 09:37:28
D:\moth_photos\database\batch_01\img_moth_00001539.jpg,"[4000, 6000]",modelv1.0__2025-02-22 09:37:28
D:\moth_photos\database\batch_01\img_moth_00001540.jpg,"[4000, 6000]",modelv1.0__2025-02-22 09:37:28
D:\moth_photos\database\batch_01\img_moth_00001541.jpg,"[4000, 6000]",modelv1.0__2025-02-22 09:37:28
D:\moth_photos\database\batch_01\img_moth_00001542.jpg,"[4000, 6000]",modelv1.0__2025-02-22 09:37:28
D:\moth_photos\database\batch_01\img_moth_00001543.jpg,"[4000, 6000]",modelv1.0__2025-02-22 09:37:28
D:\moth_photos\database\batch_01\img_moth_00001544.jpg,"[4000, 6000]",modelv1.0__2025-02-22 09:37:28
D:\moth_photos\database\batch_01\img_moth_00001545.jpg,"[4000, 6000]",modelv1.0__2025-02-22 09:37:28
D:\moth_photos\database\batch_01\img_moth_00001546.jpg,"[4000, 6000]",modelv1.0__2025-02-22 09:37:28
D:\moth_photos\database\batch_01\img_moth_00001547.jpg,"[4000, 6000]",modelv1.0__2025-02-22 09:37:28
D:\moth_photos\database\batch_01\img_moth_00001548.jpg,"[4000, 6000]",modelv1.0__2025-02-22 09:37:28
D:\moth_photos\database\batch_01\img_moth_00001549.jpg,"[4000, 6000]",modelv1.0__2025-02-22 09:37:28
D:\moth_photos\database\batch_01\img_moth_00001550.jpg,"[4000, 6000]",modelv1.0__2025-02-22 09:37:28
D:\moth_photos\database\batch_01\img_moth_00001551.jpg,"[4000, 6000]",modelv1.0__2025-02-22 09:37:28
D:\moth_photos\database\batch_01\img_moth_00001552.jpg,"[4000, 6000]",modelv1.0__2025-02-22 09:37:28
D:\moth_photos\database\batch_01\img_moth_00001553.jpg,"[4000, 6000]",modelv1.0__2025-02-22 09:37:28
D:\moth_photos\database\batch_01\img_moth_00001554.jpg,"[4000, 6000]",modelv1.0__2025-02-22 09:37:28
D:\moth_photos\database\batch_01\img_moth_00001555.jpg,"[4000, 6000]",modelv1.0__2025-02-22 09:37:28
D:\moth_photos\database\batch_01\img_moth_00001556.jpg,"[4000, 6000]",modelv1.0__2025-02-22 09:37:28
D:\moth_photos\database\batch_01\img_moth_00001557.jpg,"[4000, 6000]",modelv1.0__2025-02-22 09:37:28
D:\moth_photos\database\batch_01\img_moth_00001558.jpg,"[4000, 6000]",modelv1.0__2025-02-22 09:37:28
D:\moth_photos\database\batch_01\img_moth_00001559.jpg,"[4000, 6000]",modelv1.0__2025-02-22 09:37:28
D:\moth_photos\database\batch_01\img_moth_00001560.jpg,"[4000, 6000]",modelv1.0__2025-02-22 09:37:28
D:\moth_photos\database\batch_01\img_moth_00001561.jpg,"[4000, 6000]",modelv1.0__2025-02-22 09:37:28
D:\moth_photos\database\batch_01\img_moth_00001562.jpg,"[4000, 6000]",modelv1.0__2025-02-22 09:37:28
D:\moth_photos\database\batch_01\img_moth_00001563.jpg,"[4000, 6000]",modelv1.0__2025-02-22 09:37:28
D:\moth_photos\database\batch_01\img_moth_00001564.jpg,"[4000, 6000]",modelv1.0__2025-02-22 09:37:28
D:\moth_photos\database\batch_01\img_moth_00001565.jpg,"[4000, 6000]",modelv1.0__2025-02-22 09:37:28
D:\moth_photos\database\batch_01\img_moth_00001566.jpg,"[4000, 6000]",modelv1.0__2025-02-22 09:37:28
D:\moth_photos\database\batch_01\img_moth_00001567.jpg,"[4000, 6000]",modelv1.0__2025-02-22 09:37:28
D:\moth_photos\database\batch_01\img_moth_00001568.jpg,"[4000, 6000]",modelv1.0__2025-02-22 09:37:28
D:\moth_photos\database\batch_01\img_moth_00001569.jpg,"[4000, 6000]",modelv1.0__2025-02-22 09:37:28
D:\moth_photos\database\batch_01\img_moth_00001570.jpg,"[4000, 6000]",modelv1.0__2025-02-22 09:37:28
D:\moth_photos\database\batch_01\img_moth_00001571.jpg,"[4000, 6000]",modelv1.0__2025-02-22 09:37:28
D:\moth_photos\database\batch_01\img_moth_00001572.jpg,"[4000, 6000]",modelv1.0__2025-02-22 09:37:28
D:\moth_photos\database\batch_01\img_moth_00001573.jpg,"[4000, 6000]",modelv1.0__2025-02-22 09:37:28
D:\moth_photos\database\batch_01\img_moth_00001574.jpg,"[4000, 6000]",modelv1.0__2025-02-22 09:37:28
D:\moth_photos\database\batch_01\img_moth_00001575.jpg,"[4000, 6000]",modelv1.0__2025-02-22 09:37:28
D:\moth_photos\database\batch_01\img_moth_00001576.jpg,"[4000, 6000]",modelv1.0__2025-02-22 09:37:28
D:\moth_photos\database\batch_01\img_moth_00001577.jpg,"[4000, 6000]",modelv1.0__2025-02-22 09:37:28
D:\moth_photos\database\batch_01\img_moth_00001578.jpg,"[4000, 6000]",modelv1.0__2025-02-22 09:37:28
D:\moth_photos\database\batch_01\img_moth_00001579.jpg,"[4000, 6000]",modelv1.0__2025-02-22 09:37:28
D:\moth_photos\database\batch_01\img_moth_00001580.jpg,"[4000, 6000]",modelv1.0__2025-02-22 09:37:28
D:\moth_photos\database\batch_01\img_moth_00001581.jpg,"[4000, 6000]",modelv1.0__2025-02-22 09:37:28
D:\moth_photos\database\batch_01\img_moth_00001582.jpg,"[4000, 6000]",modelv1.0__2025-02-22 09:37:28
D:\moth_photos\database\batch_01\img_moth_00001583.jpg,"[4000, 6000]",modelv1.0__2025-02-22 09:37:28
D:\moth_photos\database\batch_01\img_moth_00001584.jpg,"[4000, 6000]",modelv1.0__2025-02-22 09:37:28
D:\moth_photos\database\batch_01\img_moth_00001585.jpg,"[4000, 6000]",modelv1.0__2025-02-22 09:37:28
D:\moth_photos\database\batch_01\img_moth_00001586.jpg,"[4000, 6000]",modelv1.0__2025-02-22 09:37:28
D:\moth_photos\database\batch_01\img_moth_00001587.jpg,"[4000, 6000]",modelv1.0__2025-02-22 09:37:28
D:\moth_photos\database\batch_01\img_moth_00001588.jpg,"[4000, 6000]",modelv1.0__2025-02-22 09:37:28
D:\moth_photos\database\batch_01\img_moth_00001589.jpg,"[4000, 6000]",modelv1.0__2025-02-22 09:37:28
D:\moth_photos\database\batch_01\img_moth_00001590.jpg,"[4000, 6000]",modelv1.0__2025-02-22 09:37:28
D:\moth_photos\database\batch_01\img_moth_00001591.jpg,"[4000, 6000]",modelv1.0__2025-02-22 09:37:28
D:\moth_photos\database\batch_01\img_moth_00001592.jpg,"[4000, 6000]",modelv1.0__2025-02-22 09:37:28
D:\moth_photos\database\batch_01\img_moth_00001593.jpg,"[4000, 6000]",modelv1.0__2025-02-22 09:37:28
D:\moth_photos\database\batch_01\img_moth_00001594.jpg,"[4000, 6000]",modelv1.0__2025-02-22 09:37:28
D:\moth_photos\database\batch_01\img_moth_00001595.jpg,"[4000, 6000]",modelv1.0__2025-02-22 09:37:28
D:\moth_photos\database\batch_01\img_moth_00001596.jpg,"[4000, 6000]",modelv1.0__2025-02-22 09:37:28
D:\moth_photos\database\batch_01\img_moth_00001597.jpg,"[4000, 6000]",modelv1.0__2025-02-22 09:37:28
D:\moth_photos\database\batch_01\img_moth_00001598.jpg,"[4000, 6000]",modelv1.0__2025-02-22 09:37:28
D:\moth_photos\database\batch_01\img_moth_00001599.jpg,"[4000, 6000]",modelv1.0__2025-02-22 09:37:28
D:\moth_photos\database\batch_01\img_moth_00001600.jpg,"[4000, 6000]",modelv1.0__2025-02-22 09:37:28
D:\moth_photos\database\batch_01\img_moth_00001601.jpg,"[4000, 6000]",modelv1.0__2025-02-22 09:37:28
D:\moth_photos\database\batch_01\img_moth_00001602.jpg,"[4000, 6000]",modelv1.0__2025-02-22 09:37:28
D:\moth_photos\database\batch_01\img_moth_00001603.jpg,"[4000, 6000]",modelv1.0__2025-02-22 09:37:28
D:\moth_photos\database\batch_01\img_moth_00001604.jpg,"[4000, 6000]",modelv1.0__2025-02-22 09:37:28
D:\moth_photos\database\batch_01\img_moth_00001605.jpg,"[4000, 6000]",modelv1.0__2025-02-22 09:37:28
D:\moth_photos\database\batch_01\img_moth_00001606.jpg,"[4000, 6000]",modelv1.0__2025-02-22 09:37:28
D:\moth_photos\database\batch_01\img_moth_00001607.jpg,"[4000, 6000]",modelv1.0__2025-02-22 09:37:28
D:\moth_photos\database\batch_01\img_moth_00001608.jpg,"[4000, 6000]",modelv1.0__2025-02-22 09:37:28
D:\moth_photos\database\batch_01\img_moth_00001609.jpg,"[4000, 6000]",modelv1.0__2025-02-22 09:37:28
D:\moth_photos\database\batch_01\img_moth_00001610.jpg,"[4000, 6000]",modelv1.0__2025-02-22 09:37:28
D:\moth_photos\database\batch_01\img_moth_00001611.jpg,"[4000, 6000]",modelv1.0__2025-02-22 09:37:28
D:\moth_photos\database\batch_01\img_moth_00001612.jpg,"[4000, 6000]",modelv1.0__2025-02-22 09:37:28
D:\moth_photos\database\batch_01\img_moth_00001613.jpg,"[4000, 6000]",modelv1.0__2025-02-22 09:37:28
D:\moth_photos\database\batch_01\img_moth_00001614.jpg,"[4000, 6000]",modelv1.0__2025-02-22 09:37:28
D:\moth_photos\database\batch_01\img_moth_00001615.jpg,"[4000, 6000]",modelv1.0__2025-02-22 09:37:28
D:\moth_photos\database\batch_01\img_moth_00001616.jpg,"[4000, 6000]",modelv1.0__2025-02-22 09:37:28
D:\moth_photos\database\batch_01\img_moth_00001617.jpg,"[4000, 6000]",modelv1.0__2025-02-22 09:37:28
D:\moth_photos\database\batch_01\img_moth_00001618.jpg,"[4000, 6000]",modelv1.0__2025-02-22 09:37:28
D:\moth_photos\database\batch_01\img_moth_00001619.jpg,"[4000, 6000]",modelv1.0__2025-02-22 09:37:28
D:\moth_photos\database\batch_01\img_moth_00001620.jpg,"[4000, 6000]",modelv1.0__2025-02-22 09:37:28
D:\moth_photos\database\batch_01\img_moth_00001621.jpg,"[4000, 6000]",modelv1.0__2025-02-22 09:37:28
D:\moth_photos\database\batch_01\img_moth_00001622.jpg,"[4000, 6000]",modelv1.0__2025-02-22 09:37:28
D:\moth_photos\database\batch_01\img_moth_00001623.jpg,"[4000, 6000]",modelv1.0__2025-02-22 09:37:28
D:\moth_photos\database\batch_01\img_moth_00001624.jpg,"[4000, 6000]",modelv1.0__2025-02-22 09:37:28
D:\moth_photos\database\batch_01\img_moth_00001625.jpg,"[4000, 6000]",modelv1.0__2025-02-22 09:37:28
D:\moth_photos\database\batch_01\img_moth_00001626.jpg,"[4000, 6000]",modelv1.0__2025-02-22 09:37:28
D:\moth_photos\database\batch_01\img_moth_00001627.jpg,"[4000, 6000]",modelv1.0__2025-02-22 09:37:28
D:\moth_photos\database\batch_01\img_moth_00001628.jpg,"[4000, 6000]",modelv1.0__2025-02-22 09:37:28
D:\moth_photos\database\batch_01\img_moth_00001629.jpg,"[4000, 6000]",modelv1.0__2025-02-22 09:37:28
D:\moth_photos\database\batch_01\img_moth_00001630.jpg,"[4000, 6000]",modelv1.0__2025-02-22 09:37:28
D:\moth_photos\database\batch_01\img_moth_00001631.jpg,"[4000, 6000]",modelv1.0__2025-02-22 09:37:28
D:\moth_photos\database\batch_01\img_moth_00001632.jpg,"[4000, 6000]",modelv1.0__2025-02-22 09:37:28
D:\moth_photos\database\batch_01\img_moth_00001633.jpg,"[4000, 6000]",modelv1.0__2025-02-22 09:37:28
D:\moth_photos\database\batch_01\img_moth_00001634.jpg,"[4000, 6000]",modelv1.0__2025-02-22 09:37:28
D:\moth_photos\database\batch_01\img_moth_00001635.jpg,"[4000, 6000]",modelv1.0__2025-02-22 09:37:28
D:\moth_photos\database\batch_01\img_moth_00001636.jpg,"[4000, 6000]",modelv1.0__2025-02-22 09:37:28
D:\moth_photos\database\batch_01\img_moth_00001637.jpg,"[4000, 6000]",modelv1.0__2025-02-22 09:37:28
D:\moth_photos\database\batch_01\img_moth_00001638.jpg,"[4000, 6000]",modelv1.0__2025-02-22 09:37:28
D:\moth_photos\database\batch_01\img_moth_00001639.jpg,"[4000, 6000]",modelv1.0__2025-02-22 09:37:28
D:\moth_photos\database\batch_01\img_moth_00001640.jpg,"[4000, 6000]",modelv1.0__2025-02-22 09:37:28
D:\moth_photos\database\batch_01\img_moth_00001641.jpg,"[4000, 6000]",modelv1.0__2025-02-22 09:37:28
D:\moth_photos\database\batch_01\img_moth_00001642.jpg,"[4000, 6000]",modelv1.0__2025-02-22 09:37:28
D:\moth_photos\database\batch_01\img_moth_00001643.jpg,"[4000, 6000]",modelv1.0__2025-02-22 09:37:28
D:\moth_photos\database\batch_01\img_moth_00001644.jpg,"[4000, 6000]",modelv1.0__2025-02-22 09:37:28
D:\moth_photos\database\batch_01\img_moth_00001645.jpg,"[4000, 6000]",modelv1.0__2025-02-22 09:37:28
D:\moth_photos\database\batch_01\img_moth_00001646.jpg,"[4000, 6000]",modelv1.0__2025-02-22 09:37:28
D:\moth_photos\database\batch_01\img_moth_00001647.jpg,"[4000, 6000]",modelv1.0__2025-02-22 09:37:28
D:\moth_photos\database\batch_01\img_moth_00001648.jpg,"[4000, 6000]",modelv1.0__2025-02-22 09:37:28
D:\moth_photos\database\batch_01\img_moth_00001649.jpg,"[4000, 6000]",modelv1.0__2025-02-22 09:37:28
D:\moth_photos\database\batch_01\img_moth_00001650.jpg,"[4000, 6000]",modelv1.0__2025-02-22 09:37:28
D:\moth_photos\database\batch_01\img_moth_00001651.jpg,"[4000, 6000]",modelv1.0__2025-02-22 09:37:28
D:\moth_photos\database\batch_01\img_moth_00001652.jpg,"[4000, 6000]",modelv1.0__2025-02-22 09:37:28
D:\moth_photos\database\batch_01\img_moth_00001653.jpg,"[4000, 6000]",modelv1.0__2025-02-22 09:37:28
D:\moth_photos\database\batch_01\img_moth_00001654.jpg,"[4000, 6000]",modelv1.0__2025-02-22 09:37:28
D:\moth_photos\database\batch_01\img_moth_00001655.jpg,"[4000, 6000]",modelv1.0__2025-02-22 09:37:28
D:\moth_photos\database\batch_01\img_moth_00001656.jpg,"[4000, 6000]",modelv1.0__2025-02-22 09:37:28
D:\moth_photos\database\batch_01\img_moth_00001657.jpg,"[4000, 6000]",modelv1.0__2025-02-22 09:37:28
D:\moth_photos\database\batch_01\img_moth_00001658.jpg,"[4000, 6000]",modelv1.0__2025-02-22 09:37:28
D:\moth_photos\database\batch_01\img_moth_00001659.jpg,"[4000, 6000]",modelv1.0__2025-02-22 09:37:28
D:\moth_photos\database\batch_01\img_moth_00001660.jpg,"[4000, 6000]",modelv1.0__2025-02-22 09:37:28
D:\moth_photos\database\batch_01\img_moth_00001661.jpg,"[4000, 6000]",modelv1.0__2025-02-22 09:37:28
D:\moth_photos\database\batch_01\img_moth_00001662.jpg,"[4000, 6000]",modelv1.0__2025-02-22 09:37:28
D:\moth_photos\database\batch_01\img_moth_00001663.jpg,"[4000, 6000]",modelv1.0__2025-02-22 09:37:28
D:\moth_photos\database\batch_01\img_moth_00001664.jpg,"[4000, 6000]",modelv1.0__2025-02-22 09:37:28
D:\moth_photos\database\batch_01\img_moth_00001665.jpg,"[4000, 6000]",modelv1.0__2025-02-22 09:37:28
D:\moth_photos\database\batch_01\img_moth_00001666.jpg,"[4000, 6000]",modelv1.0__2025-02-22 09:37:28
D:\moth_photos\database\batch_01\img_moth_00001667.jpg,"[4000, 6000]",modelv1.0__2025-02-22 09:37:28
D:\moth_photos\database\batch_01\img_moth_00001668.jpg,"[4000, 6000]",modelv1.0__2025-02-22 09:37:28
D:\moth_photos\database\batch_01\img_moth_00001669.jpg,"[4000, 6000]",modelv1.0__2025-02-22 09:37:28
D:\moth_photos\database\batch_01\img_moth_00001670.jpg,"[4000, 6000]",modelv1.0__2025-02-22 09:37:28
D:\moth_photos\database\batch_01\img_moth_00001671.jpg,"[4000, 6000]",modelv1.0__2025-02-22 09:37:28
D:\moth_photos\database\batch_01\img_moth_00001672.jpg,"[4000, 6000]",modelv1.0__2025-02-22 09:37:28
D:\moth_photos\database\batch_01\img_moth_00001673.jpg,"[4000, 6000]",modelv1.0__2025-02-22 09:37:28
D:\moth_photos\database\batch_01\img_moth_00001674.jpg,"[4000, 6000]",modelv1.0__2025-02-22 09:37:28
D:\moth_photos\database\batch_01\img_moth_00001675.jpg,"[4000, 6000]",modelv1.0__2025-02-22 09:37:28
D:\moth_photos\database\batch_01\img_moth_00001676.jpg,"[4000, 6000]",modelv1.0__2025-02-22 09:37:28
D:\moth_photos\database\batch_01\img_moth_00001677.jpg,"[4000, 6000]",modelv1.0__2025-02-22 09:37:28
D:\moth_photos\database\batch_01\img_moth_00001678.jpg,"[4000, 6000]",modelv1.0__2025-02-22 09:37:28
D:\moth_photos\database\batch_01\img_moth_00001679.jpg,"[4000, 6000]",modelv1.0__2025-02-22 09:37:28
D:\moth_photos\database\batch_01\img_moth_00001680.jpg,"[4000, 6000]",modelv1.0__2025-02-22 09:37:28
D:\moth_photos\database\batch_01\img_moth_00001681.jpg,"[4000, 6000]",modelv1.0__2025-02-22 09:37:28
D:\moth_photos\database\batch_01\img_moth_00001682.jpg,"[4000, 6000]",modelv1.0__2025-02-22 09:37:28
D:\moth_photos\database\batch_01\img_moth_00001683.jpg,"[4000, 6000]",modelv1.0__2025-02-22 09:37:28
D:\moth_photos\database\batch_01\img_moth_00001684.jpg,"[4000, 6000]",modelv1.0__2025-02-22 09:37:28
D:\moth_photos\database\batch_01\img_moth_00001685.jpg,"[4000, 6000]",modelv1.0__2025-02-22 09:37:28
D:\moth_photos\database\batch_01\img_moth_00001686.jpg,"[4000, 6000]",modelv1.0__2025-02-22 09:37:28
D:\moth_photos\database\batch_01\img_moth_00001687.jpg,"[4000, 6000]",modelv1.0__2025-02-22 09:37:28
D:\moth_photos\database\batch_01\img_moth_00001688.jpg,"[4000, 6000]",modelv1.0__2025-02-22 09:37:28
D:\moth_photos\database\batch_01\img_moth_00001689.jpg,"[4000, 6000]",modelv1.0__2025-02-22 09:37:28
D:\moth_photos\database\batch_01\img_moth_00001690.jpg,"[4000, 6000]",modelv1.0__2025-02-22 09:37:28
D:\moth_photos\database\batch_01\img_moth_00001691.jpg,"[4000, 6000]",modelv1.0__2025-02-22 09:37:28
D:\moth_photos\database\batch_01\img_moth_00001692.jpg,"[4000, 6000]",modelv1.0__2025-02-22 09:37:28
D:\moth_photos\database\batch_01\img_moth_00001693.jpg,"[4000, 6000]",modelv1.0__2025-02-22 09:37:28
D:\moth_photos\database\batch_01\img_moth_00001694.jpg,"[4000, 6000]",modelv1.0__2025-02-22 09:37:28
D:\moth_photos\database\batch_01\img_moth_00001695.jpg,"[4000, 6000]",modelv1.0__2025-02-22 09:37:28
D:\moth_photos\database\batch_01\img_moth_00001696.jpg,"[4000, 6000]",modelv1.0__2025-02-22 09:37:28
D:\moth_photos\database\batch_01\img_moth_00001697.jpg,"[4000, 6000]",modelv1.0__2025-02-22 09:37:28
D:\moth_photos\database\batch_01\img_moth_00001698.jpg,"[4000, 6000]",modelv1.0__2025-02-22 09:37:28
D:\moth_photos\database\batch_01\img_moth_00001699.jpg,"[4000, 6000]",modelv1.0__2025-02-22 09:37:28
D:\moth_photos\database\batch_01\img_moth_00001700.jpg,"[4000, 6000]",modelv1.0__2025-02-22 09:37:28
D:\moth_photos\database\batch_01\img_moth_00001701.jpg,"[4000, 6000]",modelv1.0__2025-02-22 09:37:28
D:\moth_photos\database\batch_01\img_moth_00001702.jpg,"[4000, 6000]",modelv1.0__2025-02-22 09:37:28
D:\moth_photos\database\batch_01\img_moth_00001703.jpg,"[4000, 6000]",modelv1.0__2025-02-22 09:37:28
D:\moth_photos\database\batch_01\img_moth_00001704.jpg,"[4000, 6000]",modelv1.0__2025-02-22 09:37:28
D:\moth_photos\database\batch_01\img_moth_00001705.jpg,"[4000, 6000]",modelv1.0__2025-02-22 09:37:28
D:\moth_photos\database\batch_01\img_moth_00001706.jpg,"[4000, 6000]",modelv1.0__2025-02-22 09:37:28
D:\moth_photos\database\batch_01\img_moth_00001707.jpg,"[4000, 6000]",modelv1.0__2025-02-22 09:37:28
D:\moth_photos\database\batch_01\img_moth_00001708.jpg,"[4000, 6000]",modelv1.0__2025-02-22 09:37:28
D:\moth_photos\database\batch_01\img_moth_00001709.jpg,"[4000, 6000]",modelv1.0__2025-02-22 09:37:28
D:\moth_photos\database\batch_01\img_moth_00001710.jpg,"[4000, 6000]",modelv1.0__2025-02-22 09:37:28
D:\moth_photos\database\batch_01\img_moth_00001711.jpg,"[4000, 6000]",modelv1.0__2025-02-22 09:37:28
D:\moth_photos\database\batch_01\img_moth_00001712.jpg,"[4000, 6000]",modelv1.0__2025-02-22 09:37:28
D:\moth_photos\database\batch_01\img_moth_00001713.jpg,"[4000, 6000]",modelv1.0__2025-02-22 09:37:28
D:\moth_photos\database\batch_01\img_moth_00001714.jpg,"[4000, 6000]",modelv1.0__2025-02-22 09:37:28
D:\moth_photos\database\batch_01\img_moth_00001715.jpg,"[4000, 6000]",modelv1.0__2025-02-22 09:37:28
D:\moth_photos\database\batch_01\img_moth_00001716.jpg,"[4000, 6000]",modelv1.0__2025-02-22 09:37:28
D:\moth_photos\database\batch_01\img_moth_00001717.jpg,"[4000, 6000]",modelv1.0__2025-02-22 09:37:28
D:\moth_photos\database\batch_01\img_moth_00001718.jpg,"[4000, 6000]",modelv1.0__2025-02-22 09:37:28
D:\moth_photos\database\batch_01\img_moth_00001719.jpg,"[4000, 6000]",modelv1.0__2025-02-22 09:37:28
D:\moth_photos\database\batch_01\img_moth_00001720.jpg,"[4000, 6000]",modelv1.0__2025-02-22 09:37:28
D:\moth_photos\database\batch_01\img_moth_00001721.jpg,"[4000, 6000]",modelv1.0__2025-02-22 09:37:28
D:\moth_photos\database\batch_01\img_moth_00001722.jpg,"[4000, 6000]",modelv1.0__2025-02-22 09:37:28
D:\moth_photos\database\batch_01\img_moth_00001723.jpg,"[4000, 6000]",modelv1.0__2025-02-22 09:37:28
D:\moth_photos\database\batch_01\img_moth_00001724.jpg,"[4000, 6000]",modelv1.0__2025-02-22 09:37:28
D:\moth_photos\database\batch_01\img_moth_00001725.jpg,"[4000, 6000]",modelv1.0__2025-02-22 09:37:28
D:\moth_photos\database\batch_01\img_moth_00001726.jpg,"[4000, 6000]",modelv1.0__2025-02-22 09:37:28
D:\moth_photos\database\batch_01\img_moth_00001727.jpg,"[4000, 6000]",modelv1.0__2025-02-22 09:37:28
D:\moth_photos\database\batch_01\img_moth_00001728.jpg,"[4000, 6000]",modelv1.0__2025-02-22 09:37:28
D:\moth_photos\database\batch_01\img_moth_00001729.jpg,"[4000, 6000]",modelv1.0__2025-02-22 09:37:28
D:\moth_photos\database\batch_01\img_moth_00001730.jpg,"[4000, 6000]",modelv1.0__2025-02-22 09:37:28
D:\moth_photos\database\batch_01\img_moth_00001731.jpg,"[4000, 6000]",modelv1.0__2025-02-22 09:37:28
D:\moth_photos\database\batch_01\img_moth_00001732.jpg,"[4000, 6000]",modelv1.0__2025-02-22 09:37:28
D:\moth_photos\database\batch_01\img_moth_00001733.jpg,"[4000, 6000]",modelv1.0__2025-02-22 09:37:28
D:\moth_photos\database\batch_01\img_moth_00001734.jpg,"[4000, 6000]",modelv1.0__2025-02-22 09:37:28
D:\moth_photos\database\batch_01\img_moth_00001735.jpg,"[4000, 6000]",modelv1.0__2025-02-22 09:37:28
D:\moth_photos\database\batch_01\img_moth_00001736.jpg,"[4000, 6000]",modelv1.0__2025-02-22 09:37:28
D:\moth_photos\database\batch_01\img_moth_00001737.jpg,"[4000, 6000]",modelv1.0__2025-02-22 09:37:28
D:\moth_photos\database\batch_01\img_moth_00001738.jpg,"[4000, 6000]",modelv1.0__2025-02-22 09:37:28
D:\moth_photos\database\batch_01\img_moth_00001739.jpg,"[4000, 6000]",modelv1.0__2025-02-22 09:37:28
D:\moth_photos\database\batch_01\img_moth_00001740.jpg,"[4000, 6000]",modelv1.0__2025-02-22 09:37:28
D:\moth_photos\database\batch_01\img_moth_00001741.jpg,"[4000, 6000]",modelv1.0__2025-02-22 09:37:28
D:\moth_photos\database\batch_01\img_moth_00001742.jpg,"[4000, 6000]",modelv1.0__2025-02-22 09:37:28
D:\moth_photos\database\batch_01\img_moth_00001743.jpg,"[4000, 6000]",modelv1.0__2025-02-22 09:37:28
D:\moth_photos\database\batch_01\img_moth_00001744.jpg,"[4000, 6000]",modelv1.0__2025-02-22 09:37:28
D:\moth_photos\database\batch_01\img_moth_00001745.jpg,"[4000, 6000]",modelv1.0__2025-02-22 09:37:28
D:\moth_photos\database\batch_01\img_moth_00001746.jpg,"[4000, 6000]",modelv1.0__2025-02-22 09:37:28
D:\moth_photos\database\batch_01\img_moth_00001747.jpg,"[4000, 6000]",modelv1.0__2025-02-22 09:37:28
D:\moth_photos\database\batch_01\img_moth_00001748.jpg,"[4000, 6000]",modelv1.0__2025-02-22 09:37:28
D:\moth_photos\database\batch_01\img_moth_00001749.jpg,"[4000, 6000]",modelv1.0__2025-02-22 09:37:28
D:\moth_photos\database\batch_01\img_moth_00001750.jpg,"[4000, 6000]",modelv1.0__2025-02-22 09:37:28
D:\moth_photos\database\batch_01\img_moth_00001751.jpg,"[4000, 6000]",modelv1.0__2025-02-22 09:37:28
D:\moth_photos\database\batch_01\img_moth_00001752.jpg,"[4000, 6000]",modelv1.0__2025-02-22 09:37:28
D:\moth_photos\database\batch_01\img_moth_00001753.jpg,"[4000, 6000]",modelv1.0__2025-02-22 09:37:28
D:\moth_photos\database\batch_01\img_moth_00001754.jpg,"[4000, 6000]",modelv1.0__2025-02-22 09:37:28
D:\moth_photos\database\batch_01\img_moth_00001755.jpg,"[4000, 6000]",modelv1.0__2025-02-22 09:37:28
D:\moth_photos\database\batch_01\img_moth_00001756.jpg,"[4000, 6000]",modelv1.0__2025-02-22 09:37:28
D:\moth_photos\database\batch_01\img_moth_00001757.jpg,"[4000, 6000]",modelv1.0__2025-02-22 09:37:28
D:\moth_photos\database\batch_01\img_moth_00001758.jpg,"[4000, 6000]",modelv1.0__2025-02-22 09:37:28
D:\moth_photos\database\batch_01\img_moth_00001759.jpg,"[4000, 6000]",modelv1.0__2025-02-22 09:37:28
D:\moth_photos\database\batch_01\img_moth_00001760.jpg,"[4000, 6000]",modelv1.0__2025-02-22 09:37:28
D:\moth_photos\database\batch_01\img_moth_00001761.jpg,"[4000, 6000]",modelv1.0__2025-02-22 09:37:28
D:\moth_photos\database\batch_01\img_moth_00001762.jpg,"[4000, 6000]",modelv1.0__2025-02-22 09:37:28
D:\moth_photos\database\batch_01\img_moth_00001763.jpg,"[4000, 6000]",modelv1.0__2025-02-22 09:37:28
D:\moth_photos\database\batch_01\img_moth_00001764.jpg,"[4000, 6000]",modelv1.0__2025-02-22 09:37:28
D:\moth_photos\database\batch_01\img_moth_00001765.jpg,"[4000, 6000]",modelv1.0__2025-02-22 09:37:28
D:\moth_photos\database\batch_01\img_moth_00001766.jpg,"[4000, 6000]",modelv1.0__2025-02-22 09:37:28
D:\moth_photos\database\batch_01\img_moth_00001767.jpg,"[4000, 6000]",modelv1.0__2025-02-22 09:37:28
D:\moth_photos\database\batch_01\img_moth_00001768.jpg,"[4000, 6000]",modelv1.0__2025-02-22 09:37:28
D:\moth_photos\database\batch_01\img_moth_00001769.jpg,"[4000, 6000]",modelv1.0__2025-02-22 09:37:28
D:\moth_photos\database\batch_01\img_moth_00001770.jpg,"[4000, 6000]",modelv1.0__2025-02-22 09:37:28
D:\moth_photos\database\batch_01\img_moth_00001771.jpg,"[4000, 6000]",modelv1.0__2025-02-22 09:37:28
D:\moth_photos\database\batch_01\img_moth_00001772.jpg,"[4000, 6000]",modelv1.0__2025-02-22 09:37:28
D:\moth_photos\database\batch_01\img_moth_00001773.jpg,"[4000, 6000]",modelv1.0__2025-02-22 09:37:28
D:\moth_photos\database\batch_01\img_moth_00001774.jpg,"[4000, 6000]",modelv1.0__2025-02-22 09:37:28
D:\moth_photos\database\batch_01\img_moth_00001775.jpg,"[4000, 6000]",modelv1.0__2025-02-22 09:37:28
D:\moth_photos\database\batch_01\img_moth_00001776.jpg,"[4000, 6000]",modelv1.0__2025-02-22 09:37:28
D:\moth_photos\database\batch_01\img_moth_00001777.jpg,"[4000, 6000]",modelv1.0__2025-02-22 09:37:28
D:\moth_photos\database\batch_01\img_moth_00001778.jpg,"[4000, 6000]",modelv1.0__2025-02-22 09:37:28
D:\moth_photos\database\batch_01\img_moth_00001779.jpg,"[4000, 6000]",modelv1.0__2025-02-22 09:37:28
D:\moth_photos\database\batch_01\img_moth_00001780.jpg,"[4000, 6000]",modelv1.0__2025-02-22 09:37:28
D:\moth_photos\database\batch_01\img_moth_00001781.jpg,"[4000, 6000]",modelv1.0__2025-02-22 09:37:28
D:\moth_photos\database\batch_01\img_moth_00001782.jpg,"[4000, 6000]",modelv1.0__2025-02-22 09:37:28
D:\moth_photos\database\batch_01\img_moth_00001783.jpg,"[4000, 6000]",modelv1.0__2025-02-22 09:37:28
D:\moth_photos\database\batch_01\img_moth_00001784.jpg,"[4000, 6000]",modelv1.0__2025-02-22 09:37:28
D:\moth_photos\database\batch_01\img_moth_00001785.jpg,"[4000, 6000]",modelv1.0__2025-02-22 09:37:28
D:\moth_photos\database\batch_01\img_moth_00001786.jpg,"[4000, 6000]",modelv1.0__2025-02-22 09:37:28
D:\moth_photos\database\batch_01\img_moth_00001787.jpg,"[4000, 6000]",modelv1.0__2025-02-22 09:37:28
D:\moth_photos\database\batch_01\img_moth_00001788.jpg,"[4000, 6000]",modelv1.0__2025-02-22 09:37:28
D:\moth_photos\database\batch_01\img_moth_00001789.jpg,"[4000, 6000]",modelv1.0__2025-02-22 09:37:28
D:\moth_photos\database\batch_01\img_moth_00001790.jpg,"[4000, 6000]",modelv1.0__2025-02-22 09:37:28
D:\moth_photos\database\batch_01\img_moth_00001791.jpg,"[4000, 6000]",modelv1.0__2025-02-22 09:37:28
D:\moth_photos\database\batch_01\img_moth_00001792.jpg,"[4000, 6000]",modelv1.0__2025-02-22 09:37:28
D:\moth_photos\database\batch_01\img_moth_00001793.jpg,"[4000, 6000]",modelv1.0__2025-02-22 09:37:28
D:\moth_photos\database\batch_01\img_moth_00001794.jpg,"[4000, 6000]",modelv1.0__2025-02-22 09:37:28
D:\moth_photos\database\batch_01\img_moth_00001795.jpg,"[4000, 6000]",modelv1.0__2025-02-22 09:37:28
D:\moth_photos\database\batch_01\img_moth_00001796.jpg,"[4000, 6000]",modelv1.0__2025-02-22 09:37:28
D:\moth_photos\database\batch_01\img_moth_00001797.jpg,"[4000, 6000]",modelv1.0__2025-02-22 09:37:28
D:\moth_photos\database\batch_01\img_moth_00001798.jpg,"[4000, 6000]",modelv1.0__2025-02-22 09:37:28
D:\moth_photos\database\batch_01\img_moth_00001799.jpg,"[4000, 6000]",modelv1.0__2025-02-22 09:37:28
D:\moth_photos\database\batch_01\img_moth_00001800.jpg,"[4000, 6000]",modelv1.0__2025-02-22 09:37:28
D:\moth_photos\database\batch_01\img_moth_00001801.jpg,"[4000, 6000]",modelv1.0__2025-02-22 09:37:28
D:\moth_photos\database\batch_01\img_moth_00001802.jpg,"[4000, 6000]",modelv1.0__2025-02-22 09:37:28
D:\moth_photos\database\batch_01\img_moth_00001803.jpg,"[4000, 6000]",modelv1.0__2025-02-22 09:37:28
D:\moth_photos\database\batch_01\img_moth_00001804.jpg,"[4000, 6000]",modelv1.0__2025-02-22 09:37:28
D:\moth_photos\database\batch_01\img_moth_00001805.jpg,"[4000, 6000]",modelv1.0__2025-02-22 09:37:28
D:\moth_photos\database\batch_01\img_moth_00001806.jpg,"[4000, 6000]",modelv1.0__2025-02-22 09:37:28
D:\moth_photos\database\batch_01\img_moth_00001807.jpg,"[4000, 6000]",modelv1.0__2025-02-22 09:37:28
D:\moth_photos\database\batch_01\img_moth_00001808.jpg,"[4000, 6000]",modelv1.0__2025-02-22 09:37:28
D:\moth_photos\database\batch_01\img_moth_00001809.jpg,"[4000, 6000]",modelv1.0__2025-02-22 09:37:28
D:\moth_photos\database\batch_01\img_moth_00001810.jpg,"[4000, 6000]",modelv1.0__2025-02-22 09:37:28
D:\moth_photos\database\batch_01\img_moth_00001811.jpg,"[4000, 6000]",modelv1.0__2025-02-22 09:37:28
D:\moth_photos\database\batch_01\img_moth_00001812.jpg,"[4000, 6000]",modelv1.0__2025-02-22 09:37:28
D:\moth_photos\database\batch_01\img_moth_00001813.jpg,"[4000, 6000]",modelv1.0__2025-02-22 09:37:28
D:\moth_photos\database\batch_01\img_moth_00001814.jpg,"[4000, 6000]",modelv1.0__2025-02-22 09:37:28
D:\moth_photos\database\batch_01\img_moth_00001815.jpg,"[4000, 6000]",modelv1.0__2025-02-22 09:37:28
D:\moth_photos\database\batch_01\img_moth_00001816.jpg,"[4000, 6000]",modelv1.0__2025-02-22 09:37:28
D:\moth_photos\database\batch_01\img_moth_00001817.jpg,"[4000, 6000]",modelv1.0__2025-02-22 09:37:28
D:\moth_photos\database\batch_01\img_moth_00001818.jpg,"[4000, 6000]",modelv1.0__2025-02-22 09:37:28
D:\moth_photos\database\batch_01\img_moth_00001819.jpg,"[4000, 6000]",modelv1.0__2025-02-22 09:37:28
D:\moth_photos\database\batch_01\img_moth_00001820.jpg,"[4000, 6000]",modelv1.0__2025-02-22 09:37:28
D:\moth_photos\database\batch_01\img_moth_00001821.jpg,"[4000, 6000]",modelv1.0__2025-02-22 09:37:28
D:\moth_photos\database\batch_01\img_moth_00001822.jpg,"[4000, 6000]",modelv1.0__2025-02-22 09:37:28
D:\moth_photos\database\batch_01\img_moth_00001823.jpg,"[4000, 6000]",modelv1.0__2025-02-22 09:37:28
D:\moth_photos\database\batch_01\img_moth_00001824.jpg,"[4000, 6000]",modelv1.0__2025-02-22 09:37:28
D:\moth_photos\database\batch_01\img_moth_00001825.jpg,"[4000, 6000]",modelv1.0__2025-02-22 09:37:28
D:\moth_photos\database\batch_01\img_moth_00001826.jpg,"[4000, 6000]",modelv1.0__2025-02-22 09:37:28
D:\moth_photos\database\batch_01\img_moth_00001827.jpg,"[4000, 6000]",modelv1.0__2025-02-22 09:37:28
D:\moth_photos\database\batch_01\img_moth_00001828.jpg,"[4000, 6000]",modelv1.0__2025-02-22 09:37:28
D:\moth_photos\database\batch_01\img_moth_00001829.jpg,"[4000, 6000]",modelv1.0__2025-02-22 09:37:28
D:\moth_photos\database\batch_01\img_moth_00001830.jpg,"[4000, 6000]",modelv1.0__2025-02-22 09:37:28
D:\moth_photos\database\batch_01\img_moth_00001831.jpg,"[4000, 6000]",modelv1.0__2025-02-22 09:37:28
D:\moth_photos\database\batch_01\img_moth_00001832.jpg,"[4000, 6000]",modelv1.0__2025-02-22 09:37:28
D:\moth_photos\database\batch_01\img_moth_00001833.jpg,"[4000, 6000]",modelv1.0__2025-02-22 09:37:28
D:\moth_photos\database\batch_01\img_moth_00001834.jpg,"[4000, 6000]",modelv1.0__2025-02-22 09:37:28
D:\moth_photos\database\batch_01\img_moth_00001835.jpg,"[4000, 6000]",modelv1.0__2025-02-22 09:37:28
D:\moth_photos\database\batch_01\img_moth_00001836.jpg,"[4000, 6000]",modelv1.0__2025-02-22 09:37:28
D:\moth_photos\database\batch_01\img_moth_00001837.jpg,"[4000, 6000]",modelv1.0__2025-02-22 09:37:28
D:\moth_photos\database\batch_01\img_moth_00001838.jpg,"[4000, 6000]",modelv1.0__2025-02-22 09:37:28
D:\moth_photos\database\batch_01\img_moth_00001839.jpg,"[4000, 6000]",modelv1.0__2025-02-22 09:37:28
D:\moth_photos\database\batch_01\img_moth_00001840.jpg,"[4000, 6000]",modelv1.0__2025-02-22 09:37:28
D:\moth_photos\database\batch_01\img_moth_00001841.jpg,"[4000, 6000]",modelv1.0__2025-02-22 09:37:28
D:\moth_photos\database\batch_01\img_moth_00001842.jpg,"[4000, 6000]",modelv1.0__2025-02-22 09:37:28
D:\moth_photos\database\batch_01\img_moth_00001843.jpg,"[4000, 6000]",modelv1.0__2025-02-22 09:37:28
D:\moth_photos\database\batch_01\img_moth_00001844.jpg,"[4000, 6000]",modelv1.0__2025-02-22 09:37:28
D:\moth_photos\database\batch_01\img_moth_00001845.jpg,"[4000, 6000]",modelv1.0__2025-02-22 09:37:28
D:\moth_photos\database\batch_01\img_moth_00001846.jpg,"[4000, 6000]",modelv1.0__2025-02-22 09:37:28
D:\moth_photos\database\batch_01\img_moth_00001847.jpg,"[4000, 6000]",modelv1.0__2025-02-22 09:37:28
D:\moth_photos\database\batch_01\img_moth_00001848.jpg,"[4000, 6000]",modelv1.0__2025-02-22 09:37:28
D:\moth_photos\database\batch_01\img_moth_00001849.jpg,"[4000, 6000]",modelv1.0__2025-02-22 09:37:28
D:\moth_photos\database\batch_01\img_moth_00001850.jpg,"[4000, 6000]",modelv1.0__2025-02-22 09:37:28
D:\moth_photos\database\batch_01\img_moth_00001851.jpg,"[4000, 6000]",modelv1.0__2025-02-22 09:37:28
D:\moth_photos\database\batch_01\img_moth_00001852.jpg,"[4000, 6000]",modelv1.0__2025-02-22 09:37:28
D:\moth_photos\database\batch_01\img_moth_00001853.jpg,"[4000, 6000]",modelv1.0__2025-02-22 09:37:28
D:\moth_photos\database\batch_01\img_moth_00001854.jpg,"[4000, 6000]",modelv1.0__2025-02-22 09:37:28
D:\moth_photos\database\batch_01\img_moth_00001855.jpg,"[4000, 6000]",modelv1.0__2025-02-22 09:37:28
D:\moth_photos\database\batch_01\img_moth_00001856.jpg,"[4000, 6000]",modelv1.0__2025-02-22 09:37:28
D:\moth_photos\database\batch_01\img_moth_00001857.jpg,"[4000, 6000]",modelv1.0__2025-02-22 09:37:28
D:\moth_photos\database\batch_01\img_moth_00001858.jpg,"[4000, 6000]",modelv1.0__2025-02-22 09:37:28
D:\moth_photos\database\batch_01\img_moth_00001859.jpg,"[4000, 6000]",modelv1.0__2025-02-22 09:37:28
D:\moth_photos\database\batch_01\img_moth_00001860.jpg,"[4000, 6000]",modelv1.0__2025-02-22 09:37:28
D:\moth_photos\database\batch_01\img_moth_00001861.jpg,"[4000, 6000]",modelv1.0__2025-02-22 09:37:28
D:\moth_photos\database\batch_01\img_moth_00001862.jpg,"[4000, 6000]",modelv1.0__2025-02-22 09:37:28
D:\moth_photos\database\batch_01\img_moth_00001863.jpg,"[4000, 6000]",modelv1.0__2025-02-22 09:37:28
D:\moth_photos\database\batch_01\img_moth_00001864.jpg,"[4000, 6000]",modelv1.0__2025-02-22 09:37:28
D:\moth_photos\database\batch_01\img_moth_00001865.jpg,"[4000, 6000]",modelv1.0__2025-02-22 09:37:28
D:\moth_photos\database\batch_01\img_moth_00001866.jpg,"[4000, 6000]",modelv1.0__2025-02-22 09:37:28
D:\moth_photos\database\batch_01\img_moth_00001867.jpg,"[4000, 6000]",modelv1.0__2025-02-22 09:37:28
D:\moth_photos\database\batch_01\img_moth_00001868.jpg,"[4000, 6000]",modelv1.0__2025-02-22 09:37:28
D:\moth_photos\database\batch_01\img_moth_00001869.jpg,"[4000, 6000]",modelv1.0__2025-02-22 09:37:28
D:\moth_photos\database\batch_01\img_moth_00001870.jpg,"[4000, 6000]",modelv1.0__2025-02-22 09:37:28
D:\moth_photos\database\batch_01\img_moth_00001871.jpg,"[4000, 6000]",modelv1.0__2025-02-22 09:37:28
D:\moth_photos\database\batch_01\img_moth_00001872.jpg,"[4000, 6000]",modelv1.0__2025-02-22 09:37:28
D:\moth_photos\database\batch_01\img_moth_00001873.jpg,"[4000, 6000]",modelv1.0__2025-02-22 09:37:28
D:\moth_photos\database\batch_01\img_moth_00001874.jpg,"[4000, 6000]",modelv1.0__2025-02-22 09:37:28
D:\moth_photos\database\batch_01\img_moth_00001875.jpg,"[4000, 6000]",modelv1.0__2025-02-22 09:37:28
D:\moth_photos\database\batch_01\img_moth_00001876.jpg,"[4000, 6000]",modelv1.0__2025-02-22 09:37:28
D:\moth_photos\database\batch_01\img_moth_00001877.jpg,"[4000, 6000]",modelv1.0__2025-02-22 09:37:28
D:\moth_photos\database\batch_01\img_moth_00001878.jpg,"[4000, 6000]",modelv1.0__2025-02-22 09:37:28
D:\moth_photos\database\batch_01\img_moth_00001879.jpg,"[4000, 6000]",modelv1.0__2025-02-22 09:37:28
D:\moth_photos\database\batch_01\img_moth_00001880.jpg,"[4000, 6000]",modelv1.0__2025-02-22 09:37:28
D:\moth_photos\database\batch_01\img_moth_00001881.jpg,"[4000, 6000]",modelv1.0__2025-02-22 09:37:28
D:\moth_photos\database\batch_01\img_moth_00001882.jpg,"[4000, 6000]",modelv1.0__2025-02-22 09:37:28
D:\moth_photos\database\batch_01\img_moth_00001883.jpg,"[4000, 6000]",modelv1.0__2025-02-22 09:37:28
D:\moth_photos\database\batch_01\img_moth_00001884.jpg,"[4000, 6000]",modelv1.0__2025-02-22 09:37:28
D:\moth_photos\database\batch_01\img_moth_00001885.jpg,"[4000, 6000]",modelv1.0__2025-02-22 09:37:28
D:\moth_photos\database\batch_01\img_moth_00001886.jpg,"[4000, 6000]",modelv1.0__2025-02-22 09:37:28
D:\moth_photos\database\batch_01\img_moth_00001887.jpg,"[4000, 6000]",modelv1.0__2025-02-22 09:37:28
D:\moth_photos\database\batch_01\img_moth_00001888.jpg,"[4000, 6000]",modelv1.0__2025-02-22 09:37:28
D:\moth_photos\database\batch_01\img_moth_00001889.jpg,"[4000, 6000]",modelv1.0__2025-02-22 09:37:28
D:\moth_photos\database\batch_01\img_moth_00001890.jpg,"[4000, 6000]",modelv1.0__2025-02-22 09:37:28
D:\moth_photos\database\batch_01\img_moth_00001891.jpg,"[4000, 6000]",modelv1.0__2025-02-22 09:37:28
D:\moth_photos\database\batch_01\img_moth_00001892.jpg,"[4000, 6000]",modelv1.0__2025-02-22 09:37:28
D:\moth_photos\database\batch_01\img_moth_00001893.jpg,"[4000, 6000]",modelv1.0__2025-02-22 09:37:28
D:\moth_photos\database\batch_01\img_moth_00001894.jpg,"[4000, 6000]",modelv1.0__2025-02-22 09:37:28
D:\moth_photos\database\batch_01\img_moth_00001895.jpg,"[4000, 6000]",modelv1.0__2025-02-22 09:37:28
D:\moth_photos\database\batch_01\img_moth_00001896.jpg,"[4000, 6000]",modelv1.0__2025-02-22 09:37:28
D:\moth_photos\database\batch_01\img_moth_00001897.jpg,"[4000, 6000]",modelv1.0__2025-02-22 09:37:28
D:\moth_photos\database\batch_01\img_moth_00001898.jpg,"[4000, 6000]",modelv1.0__2025-02-22 09:37:28
D:\moth_photos\database\batch_01\img_moth_00001899.jpg,"[4000, 6000]",modelv1.0__2025-02-22 09:37:28
D:\moth_photos\database\batch_01\img_moth_00001900.jpg,"[4000, 6000]",modelv1.0__2025-02-22 09:37:28
D:\moth_photos\database\batch_01\img_moth_00001901.jpg,"[4000, 6000]",modelv1.0__2025-02-22 09:37:28
D:\moth_photos\database\batch_01\img_moth_00001903.jpg,"[4000, 6000]",modelv1.0__2025-02-22 09:37:28
D:\moth_photos\database\batch_01\img_moth_00001904.jpg,"[4000, 6000]",modelv1.0__2025-02-22 09:37:28
D:\moth_photos\database\batch_01\img_moth_00001905.jpg,"[4000, 6000]",modelv1.0__2025-02-22 09:37:28
D:\moth_photos\database\batch_01\img_moth_00001906.jpg,"[4000, 6000]",modelv1.0__2025-02-22 09:37:28
D:\moth_photos\database\batch_01\img_moth_00001907.jpg,"[4000, 6000]",modelv1.0__2025-02-22 09:37:28
D:\moth_photos\database\batch_01\img_moth_00001908.jpg,"[4000, 6000]",modelv1.0__2025-02-22 09:37:28
D:\moth_photos\database\batch_01\img_moth_00001909.jpg,"[4000, 6000]",modelv1.0__2025-02-22 09:37:28
D:\moth_photos\database\batch_01\img_moth_00001910.jpg,"[4000, 6000]",modelv1.0__2025-02-22 09:37:28
D:\moth_photos\database\batch_01\img_moth_00001911.jpg,"[4000, 6000]",modelv1.0__2025-02-22 09:37:28
D:\moth_photos\database\batch_01\img_moth_00001912.jpg,"[4000, 6000]",modelv1.0__2025-02-22 09:37:28
D:\moth_photos\database\batch_01\img_moth_00001913.jpg,"[4000, 6000]",modelv1.0__2025-02-22 09:37:28
D:\moth_photos\database\batch_01\img_moth_00001914.jpg,"[4000, 6000]",modelv1.0__2025-02-22 09:37:28
D:\moth_photos\database\batch_01\img_moth_00001915.jpg,"[4000, 6000]",modelv1.0__2025-02-22 09:37:28
D:\moth_photos\database\batch_01\img_moth_00001916.jpg,"[4000, 6000]",modelv1.0__2025-02-22 09:37:28
D:\moth_photos\database\batch_01\img_moth_00001917.jpg,"[4000, 6000]",modelv1.0__2025-02-22 09:37:28
D:\moth_photos\database\batch_01\img_moth_00001918.jpg,"[4000, 6000]",modelv1.0__2025-02-22 09:37:28
D:\moth_photos\database\batch_01\img_moth_00001919.jpg,"[4000, 6000]",modelv1.0__2025-02-22 09:37:28
D:\moth_photos\database\batch_01\img_moth_00001920.jpg,"[4000, 6000]",modelv1.0__2025-02-22 09:37:28
D:\moth_photos\database\batch_01\img_moth_00001921.jpg,"[4000, 6000]",modelv1.0__2025-02-22 09:37:28
D:\moth_photos\database\batch_01\img_moth_00001922.jpg,"[4000, 6000]",modelv1.0__2025-02-22 09:37:28
D:\moth_photos\database\batch_01\img_moth_00001923.jpg,"[4000, 6000]",modelv1.0__2025-02-22 09:37:28
D:\moth_photos\database\batch_01\img_moth_00001924.jpg,"[4000, 6000]",modelv1.0__2025-02-22 09:37:28
D:\moth_photos\database\batch_01\img_moth_00001925.jpg,"[4000, 6000]",modelv1.0__2025-02-22 09:37:28
D:\moth_photos\database\batch_01\img_moth_00001926.jpg,"[4000, 6000]",modelv1.0__2025-02-22 09:37:28
D:\moth_photos\database\batch_01\img_moth_00001927.jpg,"[4000, 6000]",modelv1.0__2025-02-22 09:37:28
D:\moth_photos\database\batch_01\img_moth_00001928.jpg,"[4000, 6000]",modelv1.0__2025-02-22 09:37:28
D:\moth_photos\database\batch_01\img_moth_00001929.jpg,"[4000, 6000]",modelv1.0__2025-02-22 09:37:28
D:\moth_photos\database\batch_01\img_moth_00001930.jpg,"[4000, 6000]",modelv1.0__2025-02-22 09:37:28
D:\moth_photos\database\batch_01\img_moth_00001931.jpg,"[4000, 6000]",modelv1.0__2025-02-22 09:37:28
D:\moth_photos\database\batch_01\img_moth_00001932.jpg,"[4000, 6000]",modelv1.0__2025-02-22 09:37:28
D:\moth_photos\database\batch_01\img_moth_00001933.jpg,"[4000, 6000]",modelv1.0__2025-02-22 09:37:28
D:\moth_photos\database\batch_01\img_moth_00001934.jpg,"[4000, 6000]",modelv1.0__2025-02-22 09:37:28
D:\moth_photos\database\batch_01\img_moth_00001935.jpg,"[4000, 6000]",modelv1.0__2025-02-22 09:37:28
D:\moth_photos\database\batch_01\img_moth_00001936.jpg,"[4000, 6000]",modelv1.0__2025-02-22 09:37:28
D:\moth_photos\database\batch_01\img_moth_00001937.jpg,"[4000, 6000]",modelv1.0__2025-02-22 09:37:28
D:\moth_photos\database\batch_01\img_moth_00001938.jpg,"[4000, 6000]",modelv1.0__2025-02-22 09:37:28
D:\moth_photos\database\batch_01\img_moth_00001939.jpg,"[4000, 6000]",modelv1.0__2025-02-22 09:37:28
D:\moth_photos\database\batch_01\img_moth_00001940.jpg,"[4000, 6000]",modelv1.0__2025-02-22 09:37:28
D:\moth_photos\database\batch_01\img_moth_00001941.jpg,"[4000, 6000]",modelv1.0__2025-02-22 09:37:28
D:\moth_photos\database\batch_01\img_moth_00001942.jpg,"[4000, 6000]",modelv1.0__2025-02-22 09:37:28
D:\moth_photos\database\batch_01\img_moth_00001943.jpg,"[4000, 6000]",modelv1.0__2025-02-22 09:37:28
D:\moth_photos\database\batch_01\img_moth_00001944.jpg,"[4000, 6000]",modelv1.0__2025-02-22 09:37:28
D:\moth_photos\database\batch_01\img_moth_00001945.jpg,"[4000, 6000]",modelv1.0__2025-02-22 09:37:28
D:\moth_photos\database\batch_01\img_moth_00001946.jpg,"[4000, 6000]",modelv1.0__2025-02-22 09:37:28
D:\moth_photos\database\batch_01\img_moth_00001947.jpg,"[4000, 6000]",modelv1.0__2025-02-22 09:37:28
D:\moth_photos\database\batch_01\img_moth_00001948.jpg,"[4000, 6000]",modelv1.0__2025-02-22 09:37:28
D:\moth_photos\database\batch_01\img_moth_00001949.jpg,"[4000, 6000]",modelv1.0__2025-02-22 09:37:28
D:\moth_photos\database\batch_01\img_moth_00001950.jpg,"[4000, 6000]",modelv1.0__2025-02-22 09:37:28
D:\moth_photos\database\batch_01\img_moth_00001951.jpg,"[4000, 6000]",modelv1.0__2025-02-22 09:37:28
D:\moth_photos\database\batch_01\img_moth_00001952.jpg,"[4000, 6000]",modelv1.0__2025-02-22 09:37:28
D:\moth_photos\database\batch_01\img_moth_00001953.jpg,"[4000, 6000]",modelv1.0__2025-02-22 09:37:28
D:\moth_photos\database\batch_01\img_moth_00001954.jpg,"[4000, 6000]",modelv1.0__2025-02-22 09:37:28
D:\moth_photos\database\batch_01\img_moth_00001955.jpg,"[4000, 6000]",modelv1.0__2025-02-22 09:37:28
D:\moth_photos\database\batch_01\img_moth_00001956.jpg,"[4000, 6000]",modelv1.0__2025-02-22 09:37:28
D:\moth_photos\database\batch_01\img_moth_00001957.jpg,"[4000, 6000]",modelv1.0__2025-02-22 09:37:28
D:\moth_photos\database\batch_01\img_moth_00001958.jpg,"[4000, 6000]",modelv1.0__2025-02-22 09:37:28
D:\moth_photos\database\batch_01\img_moth_00001959.jpg,"[4000, 6000]",modelv1.0__2025-02-22 09:37:28
D:\moth_photos\database\batch_01\img_moth_00001960.jpg,"[4000, 6000]",modelv1.0__2025-02-22 09:37:28
D:\moth_photos\database\batch_01\img_moth_00001961.jpg,"[4000, 6000]",modelv1.0__2025-02-22 09:37:28
D:\moth_photos\database\batch_01\img_moth_00001962.jpg,"[4000, 6000]",modelv1.0__2025-02-22 09:37:28
D:\moth_photos\database\batch_01\img_moth_00001963.jpg,"[4000, 6000]",modelv1.0__2025-02-22 09:37:28
D:\moth_photos\database\batch_01\img_moth_00001964.jpg,"[4000, 6000]",modelv1.0__2025-02-22 09:37:28
D:\moth_photos\database\batch_01\img_moth_00001965.jpg,"[4000, 6000]",modelv1.0__2025-02-22 09:37:28
D:\moth_photos\database\batch_01\img_moth_00001966.jpg,"[4000, 6000]",modelv1.0__2025-02-22 09:37:28
D:\moth_photos\database\batch_01\img_moth_00001967.jpg,"[4000, 6000]",modelv1.0__2025-02-22 09:37:28
D:\moth_photos\database\batch_01\img_moth_00001968.jpg,"[4000, 6000]",modelv1.0__2025-02-22 09:37:28
D:\moth_photos\database\batch_01\img_moth_00001969.jpg,"[4000, 6000]",modelv1.0__2025-02-22 09:37:28
D:\moth_photos\database\batch_01\img_moth_00001970.jpg,"[4000, 6000]",modelv1.0__2025-02-22 09:37:28
D:\moth_photos\database\batch_01\img_moth_00001971.jpg,"[4000, 6000]",modelv1.0__2025-02-22 09:37:28
D:\moth_photos\database\batch_01\img_moth_00001972.jpg,"[4000, 6000]",modelv1.0__2025-02-22 09:37:28
D:\moth_photos\database\batch_01\img_moth_00001973.jpg,"[4000, 6000]",modelv1.0__2025-02-22 09:37:28
D:\moth_photos\database\batch_01\img_moth_00001974.jpg,"[4000, 6000]",modelv1.0__2025-02-22 09:37:28
D:\moth_photos\database\batch_01\img_moth_00001975.jpg,"[4000, 6000]",modelv1.0__2025-02-22 09:37:28
D:\moth_photos\database\batch_01\img_moth_00001976.jpg,"[4000, 6000]",modelv1.0__2025-02-22 09:37:28
D:\moth_photos\database\batch_01\img_moth_00001977.jpg,"[4000, 6000]",modelv1.0__2025-02-22 09:37:28
D:\moth_photos\database\batch_01\img_moth_00001978.jpg,"[4000, 6000]",modelv1.0__2025-02-22 09:37:28
D:\moth_photos\database\batch_01\img_moth_00001979.jpg,"[4000, 6000]",modelv1.0__2025-02-22 09:37:28
D:\moth_photos\database\batch_01\img_moth_00001980.jpg,"[4000, 6000]",modelv1.0__2025-02-22 09:37:28
D:\moth_photos\database\batch_01\img_moth_00001981.jpg,"[4000, 6000]",modelv1.0__2025-02-22 09:37:28
D:\moth_photos\database\batch_01\img_moth_00001982.jpg,"[4000, 6000]",modelv1.0__2025-02-22 09:37:28
D:\moth_photos\database\batch_01\img_moth_00001983.jpg,"[4000, 6000]",modelv1.0__2025-02-22 09:37:28
D:\moth_photos\database\batch_01\img_moth_00001984.jpg,"[4000, 6000]",modelv1.0__2025-02-22 09:37:28
D:\moth_photos\database\batch_01\img_moth_00001985.jpg,"[4000, 6000]",modelv1.0__2025-02-22 09:37:28
D:\moth_photos\database\batch_01\img_moth_00001986.jpg,"[4000, 6000]",modelv1.0__2025-02-22 09:37:28
D:\moth_photos\database\batch_01\img_moth_00001987.jpg,"[4000, 6000]",modelv1.0__2025-02-22 09:37:28
D:\moth_photos\database\batch_01\img_moth_00001988.jpg,"[4000, 6000]",modelv1.0__2025-02-22 09:37:28
D:\moth_photos\database\batch_01\img_moth_00001989.jpg,"[4000, 6000]",modelv1.0__2025-02-22 09:37:28
D:\moth_photos\database\batch_01\img_moth_00001990.jpg,"[4000, 6000]",modelv1.0__2025-02-22 09:37:28
D:\moth_photos\database\batch_01\img_moth_00001991.jpg,"[4000, 6000]",modelv1.0__2025-02-22 09:37:28
D:\moth_photos\database\batch_01\img_moth_00001992.jpg,"[4000, 6000]",modelv1.0__2025-02-22 09:37:28
D:\moth_photos\database\batch_01\img_moth_00001993.jpg,"[4000, 6000]",modelv1.0__2025-02-22 09:37:28
D:\moth_photos\database\batch_01\img_moth_00001994.jpg,"[4000, 6000]",modelv1.0__2025-02-22 09:37:28
D:\moth_photos\database\batch_01\img_moth_00001995.jpg,"[4000, 6000]",modelv1.0__2025-02-22 09:37:28
D:\moth_photos\database\batch_01\img_moth_00001996.jpg,"[4000, 6000]",modelv1.0__2025-02-22 09:37:28
D:\moth_photos\database\batch_01\img_moth_00001997.jpg,"[4000, 6000]",modelv1.0__2025-02-22 09:37:28
D:\moth_photos\database\batch_01\img_moth_00001998.jpg,"[4000, 6000]",modelv1.0__2025-02-22 09:37:28
D:\moth_photos\database\batch_01\img_moth_00001999.jpg,"[4000, 6000]",modelv1.0__2025-02-22 09:37:28
D:\moth_photos\database\batch_01\img_moth_00002000.jpg,"[4000, 6000]",modelv1.0__2025-02-22 09:37:28
