file_name,image_size,inference_info
D:\moth_photos\database\batch_02\img_moth_00002001.jpg,"[4000, 6000]",modelv1.0__2025-02-22 10:04:10
D:\moth_photos\database\batch_02\img_moth_00002002.jpg,"[4000, 6000]",modelv1.0__2025-02-22 10:04:10
D:\moth_photos\database\batch_02\img_moth_00002003.jpg,"[4000, 6000]",modelv1.0__2025-02-22 10:04:10
D:\moth_photos\database\batch_02\img_moth_00002004.jpg,"[4000, 6000]",modelv1.0__2025-02-22 10:04:10
D:\moth_photos\database\batch_02\img_moth_00002005.jpg,"[4000, 6000]",modelv1.0__2025-02-22 10:04:10
D:\moth_photos\database\batch_02\img_moth_00002006.jpg,"[4000, 6000]",modelv1.0__2025-02-22 10:04:10
D:\moth_photos\database\batch_02\img_moth_00002007.jpg,"[4000, 6000]",modelv1.0__2025-02-22 10:04:10
D:\moth_photos\database\batch_02\img_moth_00002008.jpg,"[4000, 6000]",modelv1.0__2025-02-22 10:04:10
D:\moth_photos\database\batch_02\img_moth_00002009.jpg,"[4000, 6000]",modelv1.0__2025-02-22 10:04:10
D:\moth_photos\database\batch_02\img_moth_00002010.jpg,"[4000, 6000]",modelv1.0__2025-02-22 10:04:10
D:\moth_photos\database\batch_02\img_moth_00002011.jpg,"[4000, 6000]",modelv1.0__2025-02-22 10:04:10
D:\moth_photos\database\batch_02\img_moth_00002012.jpg,"[4000, 6000]",modelv1.0__2025-02-22 10:04:10
D:\moth_photos\database\batch_02\img_moth_00002013.jpg,"[4000, 6000]",modelv1.0__2025-02-22 10:04:10
D:\moth_photos\database\batch_02\img_moth_00002014.jpg,"[4000, 6000]",modelv1.0__2025-02-22 10:04:10
D:\moth_photos\database\batch_02\img_moth_00002015.jpg,"[4000, 6000]",modelv1.0__2025-02-22 10:04:10
D:\moth_photos\database\batch_02\img_moth_00002016.jpg,"[4000, 6000]",modelv1.0__2025-02-22 10:04:10
D:\moth_photos\database\batch_02\img_moth_00002017.jpg,"[4000, 6000]",modelv1.0__2025-02-22 10:04:10
D:\moth_photos\database\batch_02\img_moth_00002018.jpg,"[4000, 6000]",modelv1.0__2025-02-22 10:04:10
D:\moth_photos\database\batch_02\img_moth_00002019.jpg,"[4000, 6000]",modelv1.0__2025-02-22 10:04:10
D:\moth_photos\database\batch_02\img_moth_00002020.jpg,"[4000, 6000]",modelv1.0__2025-02-22 10:04:10
D:\moth_photos\database\batch_02\img_moth_00002021.jpg,"[4000, 6000]",modelv1.0__2025-02-22 10:04:10
D:\moth_photos\database\batch_02\img_moth_00002022.jpg,"[4000, 6000]",modelv1.0__2025-02-22 10:04:10
D:\moth_photos\database\batch_02\img_moth_00002023.jpg,"[4000, 6000]",modelv1.0__2025-02-22 10:04:10
D:\moth_photos\database\batch_02\img_moth_00002024.jpg,"[4000, 6000]",modelv1.0__2025-02-22 10:04:10
D:\moth_photos\database\batch_02\img_moth_00002025.jpg,"[4000, 6000]",modelv1.0__2025-02-22 10:04:10
D:\moth_photos\database\batch_02\img_moth_00002026.jpg,"[4000, 6000]",modelv1.0__2025-02-22 10:04:10
D:\moth_photos\database\batch_02\img_moth_00002027.jpg,"[4000, 6000]",modelv1.0__2025-02-22 10:04:10
D:\moth_photos\database\batch_02\img_moth_00002028.jpg,"[4000, 6000]",modelv1.0__2025-02-22 10:04:10
D:\moth_photos\database\batch_02\img_moth_00002029.jpg,"[4000, 6000]",modelv1.0__2025-02-22 10:04:10
D:\moth_photos\database\batch_02\img_moth_00002030.jpg,"[4000, 6000]",modelv1.0__2025-02-22 10:04:10
D:\moth_photos\database\batch_02\img_moth_00002031.jpg,"[4000, 6000]",modelv1.0__2025-02-22 10:04:10
D:\moth_photos\database\batch_02\img_moth_00002032.jpg,"[4000, 6000]",modelv1.0__2025-02-22 10:04:10
D:\moth_photos\database\batch_02\img_moth_00002033.jpg,"[4000, 6000]",modelv1.0__2025-02-22 10:04:10
D:\moth_photos\database\batch_02\img_moth_00002034.jpg,"[4000, 6000]",modelv1.0__2025-02-22 10:04:10
D:\moth_photos\database\batch_02\img_moth_00002035.jpg,"[4000, 6000]",modelv1.0__2025-02-22 10:04:10
D:\moth_photos\database\batch_02\img_moth_00002036.jpg,"[4000, 6000]",modelv1.0__2025-02-22 10:04:10
D:\moth_photos\database\batch_02\img_moth_00002037.jpg,"[4000, 6000]",modelv1.0__2025-02-22 10:04:10
D:\moth_photos\database\batch_02\img_moth_00002039.jpg,"[4000, 6000]",modelv1.0__2025-02-22 10:04:10
D:\moth_photos\database\batch_02\img_moth_00002040.jpg,"[4000, 6000]",modelv1.0__2025-02-22 10:04:10
D:\moth_photos\database\batch_02\img_moth_00002041.jpg,"[4000, 6000]",modelv1.0__2025-02-22 10:04:10
D:\moth_photos\database\batch_02\img_moth_00002042.jpg,"[4000, 6000]",modelv1.0__2025-02-22 10:04:10
D:\moth_photos\database\batch_02\img_moth_00002043.jpg,"[4000, 6000]",modelv1.0__2025-02-22 10:04:10
D:\moth_photos\database\batch_02\img_moth_00002044.jpg,"[4000, 6000]",modelv1.0__2025-02-22 10:04:10
D:\moth_photos\database\batch_02\img_moth_00002045.jpg,"[4000, 6000]",modelv1.0__2025-02-22 10:04:10
D:\moth_photos\database\batch_02\img_moth_00002046.jpg,"[4000, 6000]",modelv1.0__2025-02-22 10:04:10
D:\moth_photos\database\batch_02\img_moth_00002047.jpg,"[4000, 6000]",modelv1.0__2025-02-22 10:04:10
D:\moth_photos\database\batch_02\img_moth_00002048.jpg,"[4000, 6000]",modelv1.0__2025-02-22 10:04:10
D:\moth_photos\database\batch_02\img_moth_00002049.jpg,"[4000, 6000]",modelv1.0__2025-02-22 10:04:10
D:\moth_photos\database\batch_02\img_moth_00002050.jpg,"[4000, 6000]",modelv1.0__2025-02-22 10:04:10
D:\moth_photos\database\batch_02\img_moth_00002051.jpg,"[4000, 6000]",modelv1.0__2025-02-22 10:04:10
D:\moth_photos\database\batch_02\img_moth_00002052.jpg,"[4000, 6000]",modelv1.0__2025-02-22 10:04:10
D:\moth_photos\database\batch_02\img_moth_00002053.jpg,"[4000, 6000]",modelv1.0__2025-02-22 10:04:10
D:\moth_photos\database\batch_02\img_moth_00002054.jpg,"[4000, 6000]",modelv1.0__2025-02-22 10:04:10
D:\moth_photos\database\batch_02\img_moth_00002055.jpg,"[4000, 6000]",modelv1.0__2025-02-22 10:04:10
D:\moth_photos\database\batch_02\img_moth_00002056.jpg,"[4000, 6000]",modelv1.0__2025-02-22 10:04:10
D:\moth_photos\database\batch_02\img_moth_00002057.jpg,"[4000, 6000]",modelv1.0__2025-02-22 10:04:10
D:\moth_photos\database\batch_02\img_moth_00002058.jpg,"[4000, 6000]",modelv1.0__2025-02-22 10:04:10
D:\moth_photos\database\batch_02\img_moth_00002059.jpg,"[4000, 6000]",modelv1.0__2025-02-22 10:04:10
D:\moth_photos\database\batch_02\img_moth_00002060.jpg,"[4000, 6000]",modelv1.0__2025-02-22 10:04:10
D:\moth_photos\database\batch_02\img_moth_00002061.jpg,"[4000, 6000]",modelv1.0__2025-02-22 10:04:10
D:\moth_photos\database\batch_02\img_moth_00002062.jpg,"[4000, 6000]",modelv1.0__2025-02-22 10:04:10
D:\moth_photos\database\batch_02\img_moth_00002063.jpg,"[4000, 6000]",modelv1.0__2025-02-22 10:04:10
D:\moth_photos\database\batch_02\img_moth_00002064.jpg,"[4000, 6000]",modelv1.0__2025-02-22 10:04:10
D:\moth_photos\database\batch_02\img_moth_00002065.jpg,"[4000, 6000]",modelv1.0__2025-02-22 10:04:10
D:\moth_photos\database\batch_02\img_moth_00002066.jpg,"[4000, 6000]",modelv1.0__2025-02-22 10:04:10
D:\moth_photos\database\batch_02\img_moth_00002067.jpg,"[4000, 6000]",modelv1.0__2025-02-22 10:04:10
D:\moth_photos\database\batch_02\img_moth_00002068.jpg,"[4000, 6000]",modelv1.0__2025-02-22 10:04:10
D:\moth_photos\database\batch_02\img_moth_00002069.jpg,"[4000, 6000]",modelv1.0__2025-02-22 10:04:10
D:\moth_photos\database\batch_02\img_moth_00002070.jpg,"[4000, 6000]",modelv1.0__2025-02-22 10:04:10
D:\moth_photos\database\batch_02\img_moth_00002071.jpg,"[4000, 6000]",modelv1.0__2025-02-22 10:04:10
D:\moth_photos\database\batch_02\img_moth_00002072.jpg,"[4000, 6000]",modelv1.0__2025-02-22 10:04:10
D:\moth_photos\database\batch_02\img_moth_00002073.jpg,"[4000, 6000]",modelv1.0__2025-02-22 10:04:10
D:\moth_photos\database\batch_02\img_moth_00002074.jpg,"[4000, 6000]",modelv1.0__2025-02-22 10:04:10
D:\moth_photos\database\batch_02\img_moth_00002075.jpg,"[4000, 6000]",modelv1.0__2025-02-22 10:04:10
D:\moth_photos\database\batch_02\img_moth_00002076.jpg,"[4000, 6000]",modelv1.0__2025-02-22 10:04:10
D:\moth_photos\database\batch_02\img_moth_00002077.jpg,"[4000, 6000]",modelv1.0__2025-02-22 10:04:10
D:\moth_photos\database\batch_02\img_moth_00002078.jpg,"[4000, 6000]",modelv1.0__2025-02-22 10:04:10
D:\moth_photos\database\batch_02\img_moth_00002079.jpg,"[4000, 6000]",modelv1.0__2025-02-22 10:04:10
D:\moth_photos\database\batch_02\img_moth_00002080.jpg,"[4000, 6000]",modelv1.0__2025-02-22 10:04:10
D:\moth_photos\database\batch_02\img_moth_00002081.jpg,"[4000, 6000]",modelv1.0__2025-02-22 10:04:10
D:\moth_photos\database\batch_02\img_moth_00002082.jpg,"[4000, 6000]",modelv1.0__2025-02-22 10:04:10
D:\moth_photos\database\batch_02\img_moth_00002083.jpg,"[4000, 6000]",modelv1.0__2025-02-22 10:04:10
D:\moth_photos\database\batch_02\img_moth_00002084.jpg,"[4000, 6000]",modelv1.0__2025-02-22 10:04:10
D:\moth_photos\database\batch_02\img_moth_00002085.jpg,"[4000, 6000]",modelv1.0__2025-02-22 10:04:10
D:\moth_photos\database\batch_02\img_moth_00002086.jpg,"[4000, 6000]",modelv1.0__2025-02-22 10:04:10
D:\moth_photos\database\batch_02\img_moth_00002087.jpg,"[4000, 6000]",modelv1.0__2025-02-22 10:04:10
D:\moth_photos\database\batch_02\img_moth_00002088.jpg,"[4000, 6000]",modelv1.0__2025-02-22 10:04:10
D:\moth_photos\database\batch_02\img_moth_00002089.jpg,"[4000, 6000]",modelv1.0__2025-02-22 10:04:10
D:\moth_photos\database\batch_02\img_moth_00002090.jpg,"[4000, 6000]",modelv1.0__2025-02-22 10:04:10
D:\moth_photos\database\batch_02\img_moth_00002091.jpg,"[4000, 6000]",modelv1.0__2025-02-22 10:04:10
D:\moth_photos\database\batch_02\img_moth_00002092.jpg,"[4000, 6000]",modelv1.0__2025-02-22 10:04:10
D:\moth_photos\database\batch_02\img_moth_00002093.jpg,"[4000, 6000]",modelv1.0__2025-02-22 10:04:10
D:\moth_photos\database\batch_02\img_moth_00002094.jpg,"[4000, 6000]",modelv1.0__2025-02-22 10:04:10
D:\moth_photos\database\batch_02\img_moth_00002095.jpg,"[4000, 6000]",modelv1.0__2025-02-22 10:04:10
D:\moth_photos\database\batch_02\img_moth_00002096.jpg,"[4000, 6000]",modelv1.0__2025-02-22 10:04:10
D:\moth_photos\database\batch_02\img_moth_00002097.jpg,"[4000, 6000]",modelv1.0__2025-02-22 10:04:10
D:\moth_photos\database\batch_02\img_moth_00002098.jpg,"[4000, 6000]",modelv1.0__2025-02-22 10:04:10
D:\moth_photos\database\batch_02\img_moth_00002099.jpg,"[4000, 6000]",modelv1.0__2025-02-22 10:04:10
D:\moth_photos\database\batch_02\img_moth_00002100.jpg,"[4000, 6000]",modelv1.0__2025-02-22 10:04:10
D:\moth_photos\database\batch_02\img_moth_00002101.jpg,"[4000, 6000]",modelv1.0__2025-02-22 10:04:10
D:\moth_photos\database\batch_02\img_moth_00002102.jpg,"[4000, 6000]",modelv1.0__2025-02-22 10:04:10
D:\moth_photos\database\batch_02\img_moth_00002103.jpg,"[4000, 6000]",modelv1.0__2025-02-22 10:04:10
D:\moth_photos\database\batch_02\img_moth_00002104.jpg,"[4000, 6000]",modelv1.0__2025-02-22 10:04:10
D:\moth_photos\database\batch_02\img_moth_00002105.jpg,"[4000, 6000]",modelv1.0__2025-02-22 10:04:10
D:\moth_photos\database\batch_02\img_moth_00002106.jpg,"[4000, 6000]",modelv1.0__2025-02-22 10:04:10
D:\moth_photos\database\batch_02\img_moth_00002107.jpg,"[4000, 6000]",modelv1.0__2025-02-22 10:04:10
D:\moth_photos\database\batch_02\img_moth_00002108.jpg,"[4000, 6000]",modelv1.0__2025-02-22 10:04:10
D:\moth_photos\database\batch_02\img_moth_00002109.jpg,"[4000, 6000]",modelv1.0__2025-02-22 10:04:10
D:\moth_photos\database\batch_02\img_moth_00002110.jpg,"[4000, 6000]",modelv1.0__2025-02-22 10:04:10
D:\moth_photos\database\batch_02\img_moth_00002111.jpg,"[4000, 6000]",modelv1.0__2025-02-22 10:04:10
D:\moth_photos\database\batch_02\img_moth_00002112.jpg,"[4000, 6000]",modelv1.0__2025-02-22 10:04:10
D:\moth_photos\database\batch_02\img_moth_00002113.jpg,"[4000, 6000]",modelv1.0__2025-02-22 10:04:10
D:\moth_photos\database\batch_02\img_moth_00002114.jpg,"[4000, 6000]",modelv1.0__2025-02-22 10:04:10
D:\moth_photos\database\batch_02\img_moth_00002115.jpg,"[4000, 6000]",modelv1.0__2025-02-22 10:04:10
D:\moth_photos\database\batch_02\img_moth_00002116.jpg,"[4000, 6000]",modelv1.0__2025-02-22 10:04:10
D:\moth_photos\database\batch_02\img_moth_00002117.jpg,"[4000, 6000]",modelv1.0__2025-02-22 10:04:10
D:\moth_photos\database\batch_02\img_moth_00002118.jpg,"[4000, 6000]",modelv1.0__2025-02-22 10:04:10
D:\moth_photos\database\batch_02\img_moth_00002119.jpg,"[4000, 6000]",modelv1.0__2025-02-22 10:04:10
D:\moth_photos\database\batch_02\img_moth_00002120.jpg,"[4000, 6000]",modelv1.0__2025-02-22 10:04:10
D:\moth_photos\database\batch_02\img_moth_00002121.jpg,"[4000, 6000]",modelv1.0__2025-02-22 10:04:10
D:\moth_photos\database\batch_02\img_moth_00002122.jpg,"[4000, 6000]",modelv1.0__2025-02-22 10:04:10
D:\moth_photos\database\batch_02\img_moth_00002123.jpg,"[4000, 6000]",modelv1.0__2025-02-22 10:04:10
D:\moth_photos\database\batch_02\img_moth_00002124.jpg,"[4000, 6000]",modelv1.0__2025-02-22 10:04:10
D:\moth_photos\database\batch_02\img_moth_00002125.jpg,"[4000, 6000]",modelv1.0__2025-02-22 10:04:10
D:\moth_photos\database\batch_02\img_moth_00002126.jpg,"[4000, 6000]",modelv1.0__2025-02-22 10:04:10
D:\moth_photos\database\batch_02\img_moth_00002127.jpg,"[4000, 6000]",modelv1.0__2025-02-22 10:04:10
D:\moth_photos\database\batch_02\img_moth_00002128.jpg,"[4000, 6000]",modelv1.0__2025-02-22 10:04:10
D:\moth_photos\database\batch_02\img_moth_00002129.jpg,"[4000, 6000]",modelv1.0__2025-02-22 10:04:10
D:\moth_photos\database\batch_02\img_moth_00002130.jpg,"[4000, 6000]",modelv1.0__2025-02-22 10:04:10
D:\moth_photos\database\batch_02\img_moth_00002131.jpg,"[4000, 6000]",modelv1.0__2025-02-22 10:04:10
D:\moth_photos\database\batch_02\img_moth_00002132.jpg,"[4000, 6000]",modelv1.0__2025-02-22 10:04:10
D:\moth_photos\database\batch_02\img_moth_00002133.jpg,"[4000, 6000]",modelv1.0__2025-02-22 10:04:10
D:\moth_photos\database\batch_02\img_moth_00002134.jpg,"[4000, 6000]",modelv1.0__2025-02-22 10:04:10
D:\moth_photos\database\batch_02\img_moth_00002135.jpg,"[4000, 6000]",modelv1.0__2025-02-22 10:04:10
D:\moth_photos\database\batch_02\img_moth_00002136.jpg,"[4000, 6000]",modelv1.0__2025-02-22 10:04:10
D:\moth_photos\database\batch_02\img_moth_00002137.jpg,"[4000, 6000]",modelv1.0__2025-02-22 10:04:10
D:\moth_photos\database\batch_02\img_moth_00002138.jpg,"[4000, 6000]",modelv1.0__2025-02-22 10:04:10
D:\moth_photos\database\batch_02\img_moth_00002139.jpg,"[4000, 6000]",modelv1.0__2025-02-22 10:04:10
D:\moth_photos\database\batch_02\img_moth_00002140.jpg,"[4000, 6000]",modelv1.0__2025-02-22 10:04:10
D:\moth_photos\database\batch_02\img_moth_00002141.jpg,"[4000, 6000]",modelv1.0__2025-02-22 10:04:10
D:\moth_photos\database\batch_02\img_moth_00002142.jpg,"[4000, 6000]",modelv1.0__2025-02-22 10:04:10
D:\moth_photos\database\batch_02\img_moth_00002143.jpg,"[4000, 6000]",modelv1.0__2025-02-22 10:04:10
D:\moth_photos\database\batch_02\img_moth_00002144.jpg,"[4000, 6000]",modelv1.0__2025-02-22 10:04:10
D:\moth_photos\database\batch_02\img_moth_00002145.jpg,"[4000, 6000]",modelv1.0__2025-02-22 10:04:10
D:\moth_photos\database\batch_02\img_moth_00002146.jpg,"[4000, 6000]",modelv1.0__2025-02-22 10:04:10
D:\moth_photos\database\batch_02\img_moth_00002147.jpg,"[4000, 6000]",modelv1.0__2025-02-22 10:04:10
D:\moth_photos\database\batch_02\img_moth_00002148.jpg,"[4000, 6000]",modelv1.0__2025-02-22 10:04:10
D:\moth_photos\database\batch_02\img_moth_00002149.jpg,"[4000, 6000]",modelv1.0__2025-02-22 10:04:10
D:\moth_photos\database\batch_02\img_moth_00002150.jpg,"[4000, 6000]",modelv1.0__2025-02-22 10:04:10
D:\moth_photos\database\batch_02\img_moth_00002151.jpg,"[4000, 6000]",modelv1.0__2025-02-22 10:04:10
D:\moth_photos\database\batch_02\img_moth_00002152.jpg,"[4000, 6000]",modelv1.0__2025-02-22 10:04:10
D:\moth_photos\database\batch_02\img_moth_00002153.jpg,"[4000, 6000]",modelv1.0__2025-02-22 10:04:10
D:\moth_photos\database\batch_02\img_moth_00002154.jpg,"[4000, 6000]",modelv1.0__2025-02-22 10:04:10
D:\moth_photos\database\batch_02\img_moth_00002155.jpg,"[4000, 6000]",modelv1.0__2025-02-22 10:04:10
D:\moth_photos\database\batch_02\img_moth_00002156.jpg,"[4000, 6000]",modelv1.0__2025-02-22 10:04:10
D:\moth_photos\database\batch_02\img_moth_00002157.jpg,"[4000, 6000]",modelv1.0__2025-02-22 10:04:10
D:\moth_photos\database\batch_02\img_moth_00002158.jpg,"[4000, 6000]",modelv1.0__2025-02-22 10:04:10
D:\moth_photos\database\batch_02\img_moth_00002159.jpg,"[4000, 6000]",modelv1.0__2025-02-22 10:04:10
D:\moth_photos\database\batch_02\img_moth_00002160.jpg,"[4000, 6000]",modelv1.0__2025-02-22 10:04:10
D:\moth_photos\database\batch_02\img_moth_00002161.jpg,"[4000, 6000]",modelv1.0__2025-02-22 10:04:10
D:\moth_photos\database\batch_02\img_moth_00002162.jpg,"[4000, 6000]",modelv1.0__2025-02-22 10:04:10
D:\moth_photos\database\batch_02\img_moth_00002163.jpg,"[4000, 6000]",modelv1.0__2025-02-22 10:04:10
D:\moth_photos\database\batch_02\img_moth_00002164.jpg,"[4000, 6000]",modelv1.0__2025-02-22 10:04:10
D:\moth_photos\database\batch_02\img_moth_00002165.jpg,"[4000, 6000]",modelv1.0__2025-02-22 10:04:10
D:\moth_photos\database\batch_02\img_moth_00002166.jpg,"[4000, 6000]",modelv1.0__2025-02-22 10:04:10
D:\moth_photos\database\batch_02\img_moth_00002167.jpg,"[4000, 6000]",modelv1.0__2025-02-22 10:04:10
D:\moth_photos\database\batch_02\img_moth_00002168.jpg,"[4000, 6000]",modelv1.0__2025-02-22 10:04:10
D:\moth_photos\database\batch_02\img_moth_00002169.jpg,"[4000, 6000]",modelv1.0__2025-02-22 10:04:10
D:\moth_photos\database\batch_02\img_moth_00002170.jpg,"[4000, 6000]",modelv1.0__2025-02-22 10:04:10
D:\moth_photos\database\batch_02\img_moth_00002171.jpg,"[4000, 6000]",modelv1.0__2025-02-22 10:04:10
D:\moth_photos\database\batch_02\img_moth_00002172.jpg,"[4000, 6000]",modelv1.0__2025-02-22 10:04:10
D:\moth_photos\database\batch_02\img_moth_00002173.jpg,"[4000, 6000]",modelv1.0__2025-02-22 10:04:10
D:\moth_photos\database\batch_02\img_moth_00002174.jpg,"[4000, 6000]",modelv1.0__2025-02-22 10:04:10
D:\moth_photos\database\batch_02\img_moth_00002175.jpg,"[4000, 6000]",modelv1.0__2025-02-22 10:04:10
D:\moth_photos\database\batch_02\img_moth_00002176.jpg,"[4000, 6000]",modelv1.0__2025-02-22 10:04:10
D:\moth_photos\database\batch_02\img_moth_00002177.jpg,"[4000, 6000]",modelv1.0__2025-02-22 10:04:10
D:\moth_photos\database\batch_02\img_moth_00002178.jpg,"[4000, 6000]",modelv1.0__2025-02-22 10:04:10
D:\moth_photos\database\batch_02\img_moth_00002179.jpg,"[4000, 6000]",modelv1.0__2025-02-22 10:04:10
D:\moth_photos\database\batch_02\img_moth_00002180.jpg,"[4000, 6000]",modelv1.0__2025-02-22 10:04:10
D:\moth_photos\database\batch_02\img_moth_00002181.jpg,"[4000, 6000]",modelv1.0__2025-02-22 10:04:10
D:\moth_photos\database\batch_02\img_moth_00002182.jpg,"[4000, 6000]",modelv1.0__2025-02-22 10:04:10
D:\moth_photos\database\batch_02\img_moth_00002183.jpg,"[4000, 6000]",modelv1.0__2025-02-22 10:04:10
D:\moth_photos\database\batch_02\img_moth_00002184.jpg,"[4000, 6000]",modelv1.0__2025-02-22 10:04:10
D:\moth_photos\database\batch_02\img_moth_00002185.jpg,"[4000, 6000]",modelv1.0__2025-02-22 10:04:10
D:\moth_photos\database\batch_02\img_moth_00002186.jpg,"[4000, 6000]",modelv1.0__2025-02-22 10:04:10
D:\moth_photos\database\batch_02\img_moth_00002187.jpg,"[4000, 6000]",modelv1.0__2025-02-22 10:04:10
D:\moth_photos\database\batch_02\img_moth_00002188.jpg,"[4000, 6000]",modelv1.0__2025-02-22 10:04:10
D:\moth_photos\database\batch_02\img_moth_00002189.jpg,"[4000, 6000]",modelv1.0__2025-02-22 10:04:10
D:\moth_photos\database\batch_02\img_moth_00002190.jpg,"[4000, 6000]",modelv1.0__2025-02-22 10:04:10
D:\moth_photos\database\batch_02\img_moth_00002191.jpg,"[4000, 6000]",modelv1.0__2025-02-22 10:04:10
D:\moth_photos\database\batch_02\img_moth_00002192.jpg,"[4000, 6000]",modelv1.0__2025-02-22 10:04:10
D:\moth_photos\database\batch_02\img_moth_00002193.jpg,"[4000, 6000]",modelv1.0__2025-02-22 10:04:10
D:\moth_photos\database\batch_02\img_moth_00002194.jpg,"[4000, 6000]",modelv1.0__2025-02-22 10:04:10
D:\moth_photos\database\batch_02\img_moth_00002195.jpg,"[4000, 6000]",modelv1.0__2025-02-22 10:04:10
D:\moth_photos\database\batch_02\img_moth_00002196.jpg,"[4000, 6000]",modelv1.0__2025-02-22 10:04:10
D:\moth_photos\database\batch_02\img_moth_00002197.jpg,"[4000, 6000]",modelv1.0__2025-02-22 10:04:10
D:\moth_photos\database\batch_02\img_moth_00002198.jpg,"[4000, 6000]",modelv1.0__2025-02-22 10:04:10
D:\moth_photos\database\batch_02\img_moth_00002199.jpg,"[4000, 6000]",modelv1.0__2025-02-22 10:04:10
D:\moth_photos\database\batch_02\img_moth_00002200.jpg,"[4000, 6000]",modelv1.0__2025-02-22 10:04:10
D:\moth_photos\database\batch_02\img_moth_00002201.jpg,"[4000, 6000]",modelv1.0__2025-02-22 10:04:10
D:\moth_photos\database\batch_02\img_moth_00002202.jpg,"[4000, 6000]",modelv1.0__2025-02-22 10:04:10
D:\moth_photos\database\batch_02\img_moth_00002203.jpg,"[4000, 6000]",modelv1.0__2025-02-22 10:04:10
D:\moth_photos\database\batch_02\img_moth_00002204.jpg,"[4000, 6000]",modelv1.0__2025-02-22 10:04:10
D:\moth_photos\database\batch_02\img_moth_00002205.jpg,"[4000, 6000]",modelv1.0__2025-02-22 10:04:10
D:\moth_photos\database\batch_02\img_moth_00002206.jpg,"[4000, 6000]",modelv1.0__2025-02-22 10:04:10
D:\moth_photos\database\batch_02\img_moth_00002207.jpg,"[4000, 6000]",modelv1.0__2025-02-22 10:04:10
D:\moth_photos\database\batch_02\img_moth_00002208.jpg,"[4000, 6000]",modelv1.0__2025-02-22 10:04:10
D:\moth_photos\database\batch_02\img_moth_00002209.jpg,"[4000, 6000]",modelv1.0__2025-02-22 10:04:10
D:\moth_photos\database\batch_02\img_moth_00002210.jpg,"[4000, 6000]",modelv1.0__2025-02-22 10:04:10
D:\moth_photos\database\batch_02\img_moth_00002211.jpg,"[4000, 6000]",modelv1.0__2025-02-22 10:04:10
D:\moth_photos\database\batch_02\img_moth_00002212.jpg,"[4000, 6000]",modelv1.0__2025-02-22 10:04:10
D:\moth_photos\database\batch_02\img_moth_00002213.jpg,"[4000, 6000]",modelv1.0__2025-02-22 10:04:10
D:\moth_photos\database\batch_02\img_moth_00002214.jpg,"[4000, 6000]",modelv1.0__2025-02-22 10:04:10
D:\moth_photos\database\batch_02\img_moth_00002215.jpg,"[4000, 6000]",modelv1.0__2025-02-22 10:04:10
D:\moth_photos\database\batch_02\img_moth_00002216.jpg,"[4000, 6000]",modelv1.0__2025-02-22 10:04:10
D:\moth_photos\database\batch_02\img_moth_00002217.jpg,"[4000, 6000]",modelv1.0__2025-02-22 10:04:10
D:\moth_photos\database\batch_02\img_moth_00002218.jpg,"[4000, 6000]",modelv1.0__2025-02-22 10:04:10
D:\moth_photos\database\batch_02\img_moth_00002219.jpg,"[4000, 6000]",modelv1.0__2025-02-22 10:04:10
D:\moth_photos\database\batch_02\img_moth_00002220.jpg,"[4000, 6000]",modelv1.0__2025-02-22 10:04:10
D:\moth_photos\database\batch_02\img_moth_00002221.jpg,"[4000, 6000]",modelv1.0__2025-02-22 10:04:10
D:\moth_photos\database\batch_02\img_moth_00002222.jpg,"[4000, 6000]",modelv1.0__2025-02-22 10:04:10
D:\moth_photos\database\batch_02\img_moth_00002223.jpg,"[4000, 6000]",modelv1.0__2025-02-22 10:04:10
D:\moth_photos\database\batch_02\img_moth_00002224.jpg,"[4000, 6000]",modelv1.0__2025-02-22 10:04:10
D:\moth_photos\database\batch_02\img_moth_00002225.jpg,"[4000, 6000]",modelv1.0__2025-02-22 10:04:10
D:\moth_photos\database\batch_02\img_moth_00002226.jpg,"[4000, 6000]",modelv1.0__2025-02-22 10:04:10
D:\moth_photos\database\batch_02\img_moth_00002227.jpg,"[4000, 6000]",modelv1.0__2025-02-22 10:04:10
D:\moth_photos\database\batch_02\img_moth_00002228.jpg,"[4000, 6000]",modelv1.0__2025-02-22 10:04:10
D:\moth_photos\database\batch_02\img_moth_00002229.jpg,"[4000, 6000]",modelv1.0__2025-02-22 10:04:10
D:\moth_photos\database\batch_02\img_moth_00002230.jpg,"[4000, 6000]",modelv1.0__2025-02-22 10:04:10
D:\moth_photos\database\batch_02\img_moth_00002231.jpg,"[4000, 6000]",modelv1.0__2025-02-22 10:04:10
D:\moth_photos\database\batch_02\img_moth_00002232.jpg,"[4000, 6000]",modelv1.0__2025-02-22 10:04:10
D:\moth_photos\database\batch_02\img_moth_00002233.jpg,"[4000, 6000]",modelv1.0__2025-02-22 10:04:10
D:\moth_photos\database\batch_02\img_moth_00002234.jpg,"[4000, 6000]",modelv1.0__2025-02-22 10:04:10
D:\moth_photos\database\batch_02\img_moth_00002235.jpg,"[4000, 6000]",modelv1.0__2025-02-22 10:04:10
D:\moth_photos\database\batch_02\img_moth_00002236.jpg,"[4000, 6000]",modelv1.0__2025-02-22 10:04:10
D:\moth_photos\database\batch_02\img_moth_00002237.jpg,"[4000, 6000]",modelv1.0__2025-02-22 10:04:10
D:\moth_photos\database\batch_02\img_moth_00002238.jpg,"[4000, 6000]",modelv1.0__2025-02-22 10:04:10
D:\moth_photos\database\batch_02\img_moth_00002239.jpg,"[4000, 6000]",modelv1.0__2025-02-22 10:04:10
D:\moth_photos\database\batch_02\img_moth_00002240.jpg,"[4000, 6000]",modelv1.0__2025-02-22 10:04:10
D:\moth_photos\database\batch_02\img_moth_00002241.jpg,"[4000, 6000]",modelv1.0__2025-02-22 10:04:10
D:\moth_photos\database\batch_02\img_moth_00002242.jpg,"[4000, 6000]",modelv1.0__2025-02-22 10:04:10
D:\moth_photos\database\batch_02\img_moth_00002243.jpg,"[4000, 6000]",modelv1.0__2025-02-22 10:04:10
D:\moth_photos\database\batch_02\img_moth_00002244.jpg,"[4000, 6000]",modelv1.0__2025-02-22 10:04:10
D:\moth_photos\database\batch_02\img_moth_00002245.jpg,"[4000, 6000]",modelv1.0__2025-02-22 10:04:10
D:\moth_photos\database\batch_02\img_moth_00002246.jpg,"[4000, 6000]",modelv1.0__2025-02-22 10:04:10
D:\moth_photos\database\batch_02\img_moth_00002247.jpg,"[4000, 6000]",modelv1.0__2025-02-22 10:04:10
D:\moth_photos\database\batch_02\img_moth_00002248.jpg,"[4000, 6000]",modelv1.0__2025-02-22 10:04:10
D:\moth_photos\database\batch_02\img_moth_00002249.jpg,"[4000, 6000]",modelv1.0__2025-02-22 10:04:10
D:\moth_photos\database\batch_02\img_moth_00002250.jpg,"[4000, 6000]",modelv1.0__2025-02-22 10:04:10
D:\moth_photos\database\batch_02\img_moth_00002251.jpg,"[4000, 6000]",modelv1.0__2025-02-22 10:04:10
D:\moth_photos\database\batch_02\img_moth_00002252.jpg,"[4000, 6000]",modelv1.0__2025-02-22 10:04:10
D:\moth_photos\database\batch_02\img_moth_00002253.jpg,"[4000, 6000]",modelv1.0__2025-02-22 10:04:10
D:\moth_photos\database\batch_02\img_moth_00002254.jpg,"[4000, 6000]",modelv1.0__2025-02-22 10:04:10
D:\moth_photos\database\batch_02\img_moth_00002255.jpg,"[4000, 6000]",modelv1.0__2025-02-22 10:04:10
D:\moth_photos\database\batch_02\img_moth_00002256.jpg,"[4000, 6000]",modelv1.0__2025-02-22 10:04:10
D:\moth_photos\database\batch_02\img_moth_00002257.jpg,"[4000, 6000]",modelv1.0__2025-02-22 10:04:10
D:\moth_photos\database\batch_02\img_moth_00002258.jpg,"[4000, 6000]",modelv1.0__2025-02-22 10:04:10
D:\moth_photos\database\batch_02\img_moth_00002259.jpg,"[4000, 6000]",modelv1.0__2025-02-22 10:04:10
D:\moth_photos\database\batch_02\img_moth_00002260.jpg,"[4000, 6000]",modelv1.0__2025-02-22 10:04:10
D:\moth_photos\database\batch_02\img_moth_00002261.jpg,"[4000, 6000]",modelv1.0__2025-02-22 10:04:10
D:\moth_photos\database\batch_02\img_moth_00002262.jpg,"[4000, 6000]",modelv1.0__2025-02-22 10:04:10
D:\moth_photos\database\batch_02\img_moth_00002263.jpg,"[4000, 6000]",modelv1.0__2025-02-22 10:04:10
D:\moth_photos\database\batch_02\img_moth_00002264.jpg,"[4000, 6000]",modelv1.0__2025-02-22 10:04:10
D:\moth_photos\database\batch_02\img_moth_00002265.jpg,"[4000, 6000]",modelv1.0__2025-02-22 10:04:10
D:\moth_photos\database\batch_02\img_moth_00002266.jpg,"[4000, 6000]",modelv1.0__2025-02-22 10:04:10
D:\moth_photos\database\batch_02\img_moth_00002267.jpg,"[4000, 6000]",modelv1.0__2025-02-22 10:04:10
D:\moth_photos\database\batch_02\img_moth_00002268.jpg,"[4000, 6000]",modelv1.0__2025-02-22 10:04:10
D:\moth_photos\database\batch_02\img_moth_00002269.jpg,"[4000, 6000]",modelv1.0__2025-02-22 10:04:10
D:\moth_photos\database\batch_02\img_moth_00002270.jpg,"[4000, 6000]",modelv1.0__2025-02-22 10:04:10
D:\moth_photos\database\batch_02\img_moth_00002271.jpg,"[4000, 6000]",modelv1.0__2025-02-22 10:04:10
D:\moth_photos\database\batch_02\img_moth_00002272.jpg,"[4000, 6000]",modelv1.0__2025-02-22 10:04:10
D:\moth_photos\database\batch_02\img_moth_00002273.jpg,"[4000, 6000]",modelv1.0__2025-02-22 10:04:10
D:\moth_photos\database\batch_02\img_moth_00002274.jpg,"[4000, 6000]",modelv1.0__2025-02-22 10:04:10
D:\moth_photos\database\batch_02\img_moth_00002275.jpg,"[4000, 6000]",modelv1.0__2025-02-22 10:04:10
D:\moth_photos\database\batch_02\img_moth_00002276.jpg,"[4000, 6000]",modelv1.0__2025-02-22 10:04:10
D:\moth_photos\database\batch_02\img_moth_00002277.jpg,"[4000, 6000]",modelv1.0__2025-02-22 10:04:10
D:\moth_photos\database\batch_02\img_moth_00002278.jpg,"[4000, 6000]",modelv1.0__2025-02-22 10:04:10
D:\moth_photos\database\batch_02\img_moth_00002279.jpg,"[4000, 6000]",modelv1.0__2025-02-22 10:04:10
D:\moth_photos\database\batch_02\img_moth_00002280.jpg,"[4000, 6000]",modelv1.0__2025-02-22 10:04:10
D:\moth_photos\database\batch_02\img_moth_00002281.jpg,"[4000, 6000]",modelv1.0__2025-02-22 10:04:10
D:\moth_photos\database\batch_02\img_moth_00002282.jpg,"[4000, 6000]",modelv1.0__2025-02-22 10:04:10
D:\moth_photos\database\batch_02\img_moth_00002283.jpg,"[4000, 6000]",modelv1.0__2025-02-22 10:04:10
D:\moth_photos\database\batch_02\img_moth_00002284.jpg,"[4000, 6000]",modelv1.0__2025-02-22 10:04:10
D:\moth_photos\database\batch_02\img_moth_00002285.jpg,"[4000, 6000]",modelv1.0__2025-02-22 10:04:10
D:\moth_photos\database\batch_02\img_moth_00002286.jpg,"[4000, 6000]",modelv1.0__2025-02-22 10:04:10
D:\moth_photos\database\batch_02\img_moth_00002287.jpg,"[4000, 6000]",modelv1.0__2025-02-22 10:04:10
D:\moth_photos\database\batch_02\img_moth_00002288.jpg,"[4000, 6000]",modelv1.0__2025-02-22 10:04:10
D:\moth_photos\database\batch_02\img_moth_00002289.jpg,"[4000, 6000]",modelv1.0__2025-02-22 10:04:10
D:\moth_photos\database\batch_02\img_moth_00002290.jpg,"[4000, 6000]",modelv1.0__2025-02-22 10:04:10
D:\moth_photos\database\batch_02\img_moth_00002291.jpg,"[4000, 6000]",modelv1.0__2025-02-22 10:04:10
D:\moth_photos\database\batch_02\img_moth_00002292.jpg,"[4000, 6000]",modelv1.0__2025-02-22 10:04:10
D:\moth_photos\database\batch_02\img_moth_00002293.jpg,"[4000, 6000]",modelv1.0__2025-02-22 10:04:10
D:\moth_photos\database\batch_02\img_moth_00002294.jpg,"[4000, 6000]",modelv1.0__2025-02-22 10:04:10
D:\moth_photos\database\batch_02\img_moth_00002295.jpg,"[4000, 6000]",modelv1.0__2025-02-22 10:04:10
D:\moth_photos\database\batch_02\img_moth_00002296.jpg,"[4000, 6000]",modelv1.0__2025-02-22 10:04:10
D:\moth_photos\database\batch_02\img_moth_00002297.jpg,"[4000, 6000]",modelv1.0__2025-02-22 10:04:10
D:\moth_photos\database\batch_02\img_moth_00002298.jpg,"[4000, 6000]",modelv1.0__2025-02-22 10:04:10
D:\moth_photos\database\batch_02\img_moth_00002299.jpg,"[4000, 6000]",modelv1.0__2025-02-22 10:04:10
D:\moth_photos\database\batch_02\img_moth_00002300.jpg,"[4000, 6000]",modelv1.0__2025-02-22 10:04:10
D:\moth_photos\database\batch_02\img_moth_00002301.jpg,"[4000, 6000]",modelv1.0__2025-02-22 10:04:10
D:\moth_photos\database\batch_02\img_moth_00002302.jpg,"[4000, 6000]",modelv1.0__2025-02-22 10:04:10
D:\moth_photos\database\batch_02\img_moth_00002303.jpg,"[4000, 6000]",modelv1.0__2025-02-22 10:04:10
D:\moth_photos\database\batch_02\img_moth_00002304.jpg,"[4000, 6000]",modelv1.0__2025-02-22 10:04:10
D:\moth_photos\database\batch_02\img_moth_00002305.jpg,"[4000, 6000]",modelv1.0__2025-02-22 10:04:10
D:\moth_photos\database\batch_02\img_moth_00002306.jpg,"[4000, 6000]",modelv1.0__2025-02-22 10:04:10
D:\moth_photos\database\batch_02\img_moth_00002307.jpg,"[4000, 6000]",modelv1.0__2025-02-22 10:04:10
D:\moth_photos\database\batch_02\img_moth_00002308.jpg,"[4000, 6000]",modelv1.0__2025-02-22 10:04:10
D:\moth_photos\database\batch_02\img_moth_00002309.jpg,"[4000, 6000]",modelv1.0__2025-02-22 10:04:10
D:\moth_photos\database\batch_02\img_moth_00002310.jpg,"[4000, 6000]",modelv1.0__2025-02-22 10:04:10
D:\moth_photos\database\batch_02\img_moth_00002311.jpg,"[4000, 6000]",modelv1.0__2025-02-22 10:04:10
D:\moth_photos\database\batch_02\img_moth_00002312.jpg,"[4000, 6000]",modelv1.0__2025-02-22 10:04:10
D:\moth_photos\database\batch_02\img_moth_00002313.jpg,"[4000, 6000]",modelv1.0__2025-02-22 10:04:10
D:\moth_photos\database\batch_02\img_moth_00002314.jpg,"[4000, 6000]",modelv1.0__2025-02-22 10:04:10
D:\moth_photos\database\batch_02\img_moth_00002315.jpg,"[4000, 6000]",modelv1.0__2025-02-22 10:04:10
D:\moth_photos\database\batch_02\img_moth_00002316.jpg,"[4000, 6000]",modelv1.0__2025-02-22 10:04:10
D:\moth_photos\database\batch_02\img_moth_00002317.jpg,"[4000, 6000]",modelv1.0__2025-02-22 10:04:10
D:\moth_photos\database\batch_02\img_moth_00002318.jpg,"[4000, 6000]",modelv1.0__2025-02-22 10:04:10
D:\moth_photos\database\batch_02\img_moth_00002319.jpg,"[4000, 6000]",modelv1.0__2025-02-22 10:04:10
D:\moth_photos\database\batch_02\img_moth_00002320.jpg,"[4000, 6000]",modelv1.0__2025-02-22 10:04:10
D:\moth_photos\database\batch_02\img_moth_00002321.jpg,"[4000, 6000]",modelv1.0__2025-02-22 10:04:10
D:\moth_photos\database\batch_02\img_moth_00002322.jpg,"[4000, 6000]",modelv1.0__2025-02-22 10:04:10
D:\moth_photos\database\batch_02\img_moth_00002323.jpg,"[4000, 6000]",modelv1.0__2025-02-22 10:04:10
D:\moth_photos\database\batch_02\img_moth_00002324.jpg,"[4000, 6000]",modelv1.0__2025-02-22 10:04:10
D:\moth_photos\database\batch_02\img_moth_00002325.jpg,"[4000, 6000]",modelv1.0__2025-02-22 10:04:10
D:\moth_photos\database\batch_02\img_moth_00002326.jpg,"[4000, 6000]",modelv1.0__2025-02-22 10:04:10
D:\moth_photos\database\batch_02\img_moth_00002327.jpg,"[4000, 6000]",modelv1.0__2025-02-22 10:04:10
D:\moth_photos\database\batch_02\img_moth_00002328.jpg,"[4000, 6000]",modelv1.0__2025-02-22 10:04:10
D:\moth_photos\database\batch_02\img_moth_00002329.jpg,"[4000, 6000]",modelv1.0__2025-02-22 10:04:10
D:\moth_photos\database\batch_02\img_moth_00002330.jpg,"[4000, 6000]",modelv1.0__2025-02-22 10:04:10
D:\moth_photos\database\batch_02\img_moth_00002331.jpg,"[4000, 6000]",modelv1.0__2025-02-22 10:04:10
D:\moth_photos\database\batch_02\img_moth_00002332.jpg,"[4000, 6000]",modelv1.0__2025-02-22 10:04:10
D:\moth_photos\database\batch_02\img_moth_00002333.jpg,"[4000, 6000]",modelv1.0__2025-02-22 10:04:10
D:\moth_photos\database\batch_02\img_moth_00002334.jpg,"[4000, 6000]",modelv1.0__2025-02-22 10:04:10
D:\moth_photos\database\batch_02\img_moth_00002335.jpg,"[4000, 6000]",modelv1.0__2025-02-22 10:04:10
D:\moth_photos\database\batch_02\img_moth_00002336.jpg,"[4000, 6000]",modelv1.0__2025-02-22 10:04:10
D:\moth_photos\database\batch_02\img_moth_00002337.jpg,"[4000, 6000]",modelv1.0__2025-02-22 10:04:10
D:\moth_photos\database\batch_02\img_moth_00002338.jpg,"[4000, 6000]",modelv1.0__2025-02-22 10:04:10
D:\moth_photos\database\batch_02\img_moth_00002339.jpg,"[4000, 6000]",modelv1.0__2025-02-22 10:04:10
D:\moth_photos\database\batch_02\img_moth_00002340.jpg,"[4000, 6000]",modelv1.0__2025-02-22 10:04:10
D:\moth_photos\database\batch_02\img_moth_00002341.jpg,"[4000, 6000]",modelv1.0__2025-02-22 10:04:10
D:\moth_photos\database\batch_02\img_moth_00002342.jpg,"[4000, 6000]",modelv1.0__2025-02-22 10:04:10
D:\moth_photos\database\batch_02\img_moth_00002343.jpg,"[4000, 6000]",modelv1.0__2025-02-22 10:04:10
D:\moth_photos\database\batch_02\img_moth_00002344.jpg,"[4000, 6000]",modelv1.0__2025-02-22 10:04:10
D:\moth_photos\database\batch_02\img_moth_00002345.jpg,"[4000, 6000]",modelv1.0__2025-02-22 10:04:10
D:\moth_photos\database\batch_02\img_moth_00002346.jpg,"[4000, 6000]",modelv1.0__2025-02-22 10:04:10
D:\moth_photos\database\batch_02\img_moth_00002347.jpg,"[4000, 6000]",modelv1.0__2025-02-22 10:04:10
D:\moth_photos\database\batch_02\img_moth_00002348.jpg,"[4000, 6000]",modelv1.0__2025-02-22 10:04:10
D:\moth_photos\database\batch_02\img_moth_00002349.jpg,"[4000, 6000]",modelv1.0__2025-02-22 10:04:10
D:\moth_photos\database\batch_02\img_moth_00002350.jpg,"[4000, 6000]",modelv1.0__2025-02-22 10:04:10
D:\moth_photos\database\batch_02\img_moth_00002351.jpg,"[4000, 6000]",modelv1.0__2025-02-22 10:04:10
D:\moth_photos\database\batch_02\img_moth_00002352.jpg,"[4000, 6000]",modelv1.0__2025-02-22 10:04:10
D:\moth_photos\database\batch_02\img_moth_00002353.jpg,"[4000, 6000]",modelv1.0__2025-02-22 10:04:10
D:\moth_photos\database\batch_02\img_moth_00002354.jpg,"[4000, 6000]",modelv1.0__2025-02-22 10:04:10
D:\moth_photos\database\batch_02\img_moth_00002355.jpg,"[4000, 6000]",modelv1.0__2025-02-22 10:04:10
D:\moth_photos\database\batch_02\img_moth_00002356.jpg,"[4000, 6000]",modelv1.0__2025-02-22 10:04:10
D:\moth_photos\database\batch_02\img_moth_00002357.jpg,"[4000, 6000]",modelv1.0__2025-02-22 10:04:10
D:\moth_photos\database\batch_02\img_moth_00002358.jpg,"[4000, 6000]",modelv1.0__2025-02-22 10:04:10
D:\moth_photos\database\batch_02\img_moth_00002359.jpg,"[4000, 6000]",modelv1.0__2025-02-22 10:04:10
D:\moth_photos\database\batch_02\img_moth_00002360.jpg,"[4000, 6000]",modelv1.0__2025-02-22 10:04:10
D:\moth_photos\database\batch_02\img_moth_00002361.jpg,"[4000, 6000]",modelv1.0__2025-02-22 10:04:10
D:\moth_photos\database\batch_02\img_moth_00002362.jpg,"[4000, 6000]",modelv1.0__2025-02-22 10:04:10
D:\moth_photos\database\batch_02\img_moth_00002363.jpg,"[4000, 6000]",modelv1.0__2025-02-22 10:04:10
D:\moth_photos\database\batch_02\img_moth_00002364.jpg,"[4000, 6000]",modelv1.0__2025-02-22 10:04:10
D:\moth_photos\database\batch_02\img_moth_00002365.jpg,"[4000, 6000]",modelv1.0__2025-02-22 10:04:10
D:\moth_photos\database\batch_02\img_moth_00002366.jpg,"[4000, 6000]",modelv1.0__2025-02-22 10:04:10
D:\moth_photos\database\batch_02\img_moth_00002367.jpg,"[4000, 6000]",modelv1.0__2025-02-22 10:04:10
D:\moth_photos\database\batch_02\img_moth_00002368.jpg,"[4000, 6000]",modelv1.0__2025-02-22 10:04:10
D:\moth_photos\database\batch_02\img_moth_00002369.jpg,"[4000, 6000]",modelv1.0__2025-02-22 10:04:10
D:\moth_photos\database\batch_02\img_moth_00002370.jpg,"[4000, 6000]",modelv1.0__2025-02-22 10:04:10
D:\moth_photos\database\batch_02\img_moth_00002371.jpg,"[4000, 6000]",modelv1.0__2025-02-22 10:04:10
D:\moth_photos\database\batch_02\img_moth_00002372.jpg,"[4000, 6000]",modelv1.0__2025-02-22 10:04:10
D:\moth_photos\database\batch_02\img_moth_00002373.jpg,"[4000, 6000]",modelv1.0__2025-02-22 10:04:10
D:\moth_photos\database\batch_02\img_moth_00002374.jpg,"[4000, 6000]",modelv1.0__2025-02-22 10:04:10
D:\moth_photos\database\batch_02\img_moth_00002375.jpg,"[4000, 6000]",modelv1.0__2025-02-22 10:04:10
D:\moth_photos\database\batch_02\img_moth_00002376.jpg,"[4000, 6000]",modelv1.0__2025-02-22 10:04:10
D:\moth_photos\database\batch_02\img_moth_00002377.jpg,"[4000, 6000]",modelv1.0__2025-02-22 10:04:10
D:\moth_photos\database\batch_02\img_moth_00002378.jpg,"[4000, 6000]",modelv1.0__2025-02-22 10:04:10
D:\moth_photos\database\batch_02\img_moth_00002379.jpg,"[4000, 6000]",modelv1.0__2025-02-22 10:04:10
D:\moth_photos\database\batch_02\img_moth_00002380.jpg,"[4000, 6000]",modelv1.0__2025-02-22 10:04:10
D:\moth_photos\database\batch_02\img_moth_00002381.jpg,"[4000, 6000]",modelv1.0__2025-02-22 10:04:10
D:\moth_photos\database\batch_02\img_moth_00002382.jpg,"[4000, 6000]",modelv1.0__2025-02-22 10:04:10
D:\moth_photos\database\batch_02\img_moth_00002383.jpg,"[4000, 6000]",modelv1.0__2025-02-22 10:04:10
D:\moth_photos\database\batch_02\img_moth_00002384.jpg,"[4000, 6000]",modelv1.0__2025-02-22 10:04:10
D:\moth_photos\database\batch_02\img_moth_00002385.jpg,"[4000, 6000]",modelv1.0__2025-02-22 10:04:10
D:\moth_photos\database\batch_02\img_moth_00002386.jpg,"[4000, 6000]",modelv1.0__2025-02-22 10:04:10
D:\moth_photos\database\batch_02\img_moth_00002387.jpg,"[4000, 6000]",modelv1.0__2025-02-22 10:04:10
D:\moth_photos\database\batch_02\img_moth_00002388.jpg,"[4000, 6000]",modelv1.0__2025-02-22 10:04:10
D:\moth_photos\database\batch_02\img_moth_00002389.jpg,"[4000, 6000]",modelv1.0__2025-02-22 10:04:10
D:\moth_photos\database\batch_02\img_moth_00002390.jpg,"[4000, 6000]",modelv1.0__2025-02-22 10:04:10
D:\moth_photos\database\batch_02\img_moth_00002391.jpg,"[4000, 6000]",modelv1.0__2025-02-22 10:04:10
D:\moth_photos\database\batch_02\img_moth_00002392.jpg,"[4000, 6000]",modelv1.0__2025-02-22 10:04:10
D:\moth_photos\database\batch_02\img_moth_00002393.jpg,"[4000, 6000]",modelv1.0__2025-02-22 10:04:10
D:\moth_photos\database\batch_02\img_moth_00002394.jpg,"[4000, 6000]",modelv1.0__2025-02-22 10:04:10
D:\moth_photos\database\batch_02\img_moth_00002395.jpg,"[4000, 6000]",modelv1.0__2025-02-22 10:04:10
D:\moth_photos\database\batch_02\img_moth_00002396.jpg,"[4000, 6000]",modelv1.0__2025-02-22 10:04:10
D:\moth_photos\database\batch_02\img_moth_00002397.jpg,"[4000, 6000]",modelv1.0__2025-02-22 10:04:10
D:\moth_photos\database\batch_02\img_moth_00002398.jpg,"[4000, 6000]",modelv1.0__2025-02-22 10:04:10
D:\moth_photos\database\batch_02\img_moth_00002399.jpg,"[4000, 6000]",modelv1.0__2025-02-22 10:04:10
D:\moth_photos\database\batch_02\img_moth_00002400.jpg,"[4000, 6000]",modelv1.0__2025-02-22 10:04:10
D:\moth_photos\database\batch_02\img_moth_00002401.jpg,"[4000, 6000]",modelv1.0__2025-02-22 10:04:10
D:\moth_photos\database\batch_02\img_moth_00002402.jpg,"[4000, 6000]",modelv1.0__2025-02-22 10:04:10
D:\moth_photos\database\batch_02\img_moth_00002403.jpg,"[4000, 6000]",modelv1.0__2025-02-22 10:04:10
D:\moth_photos\database\batch_02\img_moth_00002404.jpg,"[4000, 6000]",modelv1.0__2025-02-22 10:04:10
D:\moth_photos\database\batch_02\img_moth_00002405.jpg,"[4000, 6000]",modelv1.0__2025-02-22 10:04:10
D:\moth_photos\database\batch_02\img_moth_00002406.jpg,"[4000, 6000]",modelv1.0__2025-02-22 10:04:10
D:\moth_photos\database\batch_02\img_moth_00002407.jpg,"[4000, 6000]",modelv1.0__2025-02-22 10:04:10
D:\moth_photos\database\batch_02\img_moth_00002408.jpg,"[4000, 6000]",modelv1.0__2025-02-22 10:04:10
D:\moth_photos\database\batch_02\img_moth_00002409.jpg,"[4000, 6000]",modelv1.0__2025-02-22 10:04:10
D:\moth_photos\database\batch_02\img_moth_00002410.jpg,"[4000, 6000]",modelv1.0__2025-02-22 10:04:10
D:\moth_photos\database\batch_02\img_moth_00002411.jpg,"[4000, 6000]",modelv1.0__2025-02-22 10:04:10
D:\moth_photos\database\batch_02\img_moth_00002412.jpg,"[4000, 6000]",modelv1.0__2025-02-22 10:04:10
D:\moth_photos\database\batch_02\img_moth_00002413.jpg,"[4000, 6000]",modelv1.0__2025-02-22 10:04:10
D:\moth_photos\database\batch_02\img_moth_00002414.jpg,"[4000, 6000]",modelv1.0__2025-02-22 10:04:10
D:\moth_photos\database\batch_02\img_moth_00002415.jpg,"[4000, 6000]",modelv1.0__2025-02-22 10:04:10
D:\moth_photos\database\batch_02\img_moth_00002416.jpg,"[4000, 6000]",modelv1.0__2025-02-22 10:04:10
D:\moth_photos\database\batch_02\img_moth_00002417.jpg,"[4000, 6000]",modelv1.0__2025-02-22 10:04:10
D:\moth_photos\database\batch_02\img_moth_00002418.jpg,"[4000, 6000]",modelv1.0__2025-02-22 10:04:10
D:\moth_photos\database\batch_02\img_moth_00002419.jpg,"[4000, 6000]",modelv1.0__2025-02-22 10:04:10
D:\moth_photos\database\batch_02\img_moth_00002420.jpg,"[4000, 6000]",modelv1.0__2025-02-22 10:04:10
D:\moth_photos\database\batch_02\img_moth_00002421.jpg,"[4000, 6000]",modelv1.0__2025-02-22 10:04:10
D:\moth_photos\database\batch_02\img_moth_00002422.jpg,"[4000, 6000]",modelv1.0__2025-02-22 10:04:10
D:\moth_photos\database\batch_02\img_moth_00002423.jpg,"[4000, 6000]",modelv1.0__2025-02-22 10:04:10
D:\moth_photos\database\batch_02\img_moth_00002424.jpg,"[4000, 6000]",modelv1.0__2025-02-22 10:04:10
D:\moth_photos\database\batch_02\img_moth_00002425.jpg,"[4000, 6000]",modelv1.0__2025-02-22 10:04:10
D:\moth_photos\database\batch_02\img_moth_00002426.jpg,"[4000, 6000]",modelv1.0__2025-02-22 10:04:10
D:\moth_photos\database\batch_02\img_moth_00002427.jpg,"[4000, 6000]",modelv1.0__2025-02-22 10:04:10
D:\moth_photos\database\batch_02\img_moth_00002428.jpg,"[4000, 6000]",modelv1.0__2025-02-22 10:04:10
D:\moth_photos\database\batch_02\img_moth_00002429.jpg,"[4000, 6000]",modelv1.0__2025-02-22 10:04:10
D:\moth_photos\database\batch_02\img_moth_00002430.jpg,"[4000, 6000]",modelv1.0__2025-02-22 10:04:10
D:\moth_photos\database\batch_02\img_moth_00002431.jpg,"[4000, 6000]",modelv1.0__2025-02-22 10:04:10
D:\moth_photos\database\batch_02\img_moth_00002432.jpg,"[4000, 6000]",modelv1.0__2025-02-22 10:04:10
D:\moth_photos\database\batch_02\img_moth_00002433.jpg,"[4000, 6000]",modelv1.0__2025-02-22 10:04:10
D:\moth_photos\database\batch_02\img_moth_00002434.jpg,"[4000, 6000]",modelv1.0__2025-02-22 10:04:10
D:\moth_photos\database\batch_02\img_moth_00002435.jpg,"[4000, 6000]",modelv1.0__2025-02-22 10:04:10
D:\moth_photos\database\batch_02\img_moth_00002436.jpg,"[4000, 6000]",modelv1.0__2025-02-22 10:04:10
D:\moth_photos\database\batch_02\img_moth_00002437.jpg,"[4000, 6000]",modelv1.0__2025-02-22 10:04:10
D:\moth_photos\database\batch_02\img_moth_00002438.jpg,"[4000, 6000]",modelv1.0__2025-02-22 10:04:10
D:\moth_photos\database\batch_02\img_moth_00002439.jpg,"[4000, 6000]",modelv1.0__2025-02-22 10:04:10
D:\moth_photos\database\batch_02\img_moth_00002440.jpg,"[4000, 6000]",modelv1.0__2025-02-22 10:04:10
D:\moth_photos\database\batch_02\img_moth_00002441.jpg,"[4000, 6000]",modelv1.0__2025-02-22 10:04:10
D:\moth_photos\database\batch_02\img_moth_00002442.jpg,"[4000, 6000]",modelv1.0__2025-02-22 10:04:10
D:\moth_photos\database\batch_02\img_moth_00002443.jpg,"[4000, 6000]",modelv1.0__2025-02-22 10:04:10
D:\moth_photos\database\batch_02\img_moth_00002444.jpg,"[4000, 6000]",modelv1.0__2025-02-22 10:04:10
D:\moth_photos\database\batch_02\img_moth_00002445.jpg,"[4000, 6000]",modelv1.0__2025-02-22 10:04:10
D:\moth_photos\database\batch_02\img_moth_00002446.jpg,"[4000, 6000]",modelv1.0__2025-02-22 10:04:10
D:\moth_photos\database\batch_02\img_moth_00002447.jpg,"[4000, 6000]",modelv1.0__2025-02-22 10:04:10
D:\moth_photos\database\batch_02\img_moth_00002448.jpg,"[4000, 6000]",modelv1.0__2025-02-22 10:04:10
D:\moth_photos\database\batch_02\img_moth_00002449.jpg,"[4000, 6000]",modelv1.0__2025-02-22 10:04:10
D:\moth_photos\database\batch_02\img_moth_00002451.jpg,"[4000, 6000]",modelv1.0__2025-02-22 10:04:10
D:\moth_photos\database\batch_02\img_moth_00002452.jpg,"[4000, 6000]",modelv1.0__2025-02-22 10:04:10
D:\moth_photos\database\batch_02\img_moth_00002453.jpg,"[4000, 6000]",modelv1.0__2025-02-22 10:04:10
D:\moth_photos\database\batch_02\img_moth_00002454.jpg,"[4000, 6000]",modelv1.0__2025-02-22 10:04:10
D:\moth_photos\database\batch_02\img_moth_00002455.jpg,"[4000, 6000]",modelv1.0__2025-02-22 10:04:10
D:\moth_photos\database\batch_02\img_moth_00002456.jpg,"[4000, 6000]",modelv1.0__2025-02-22 10:04:10
D:\moth_photos\database\batch_02\img_moth_00002457.jpg,"[4000, 6000]",modelv1.0__2025-02-22 10:04:10
D:\moth_photos\database\batch_02\img_moth_00002458.jpg,"[4000, 6000]",modelv1.0__2025-02-22 10:04:10
D:\moth_photos\database\batch_02\img_moth_00002459.jpg,"[4000, 6000]",modelv1.0__2025-02-22 10:04:10
D:\moth_photos\database\batch_02\img_moth_00002460.jpg,"[4000, 6000]",modelv1.0__2025-02-22 10:04:10
D:\moth_photos\database\batch_02\img_moth_00002461.jpg,"[4000, 6000]",modelv1.0__2025-02-22 10:04:10
D:\moth_photos\database\batch_02\img_moth_00002462.jpg,"[4000, 6000]",modelv1.0__2025-02-22 10:04:10
D:\moth_photos\database\batch_02\img_moth_00002463.jpg,"[4000, 6000]",modelv1.0__2025-02-22 10:04:10
D:\moth_photos\database\batch_02\img_moth_00002464.jpg,"[4000, 6000]",modelv1.0__2025-02-22 10:04:10
D:\moth_photos\database\batch_02\img_moth_00002465.jpg,"[4000, 6000]",modelv1.0__2025-02-22 10:04:10
D:\moth_photos\database\batch_02\img_moth_00002466.jpg,"[4000, 6000]",modelv1.0__2025-02-22 10:04:10
D:\moth_photos\database\batch_02\img_moth_00002467.jpg,"[4000, 6000]",modelv1.0__2025-02-22 10:04:10
D:\moth_photos\database\batch_02\img_moth_00002468.jpg,"[4000, 6000]",modelv1.0__2025-02-22 10:04:10
D:\moth_photos\database\batch_02\img_moth_00002469.jpg,"[4000, 6000]",modelv1.0__2025-02-22 10:04:10
D:\moth_photos\database\batch_02\img_moth_00002470.jpg,"[4000, 6000]",modelv1.0__2025-02-22 10:04:10
D:\moth_photos\database\batch_02\img_moth_00002471.jpg,"[4000, 6000]",modelv1.0__2025-02-22 10:04:10
D:\moth_photos\database\batch_02\img_moth_00002472.jpg,"[4000, 6000]",modelv1.0__2025-02-22 10:04:10
D:\moth_photos\database\batch_02\img_moth_00002473.jpg,"[4000, 6000]",modelv1.0__2025-02-22 10:04:10
D:\moth_photos\database\batch_02\img_moth_00002474.jpg,"[4000, 6000]",modelv1.0__2025-02-22 10:04:10
D:\moth_photos\database\batch_02\img_moth_00002475.jpg,"[4000, 6000]",modelv1.0__2025-02-22 10:04:10
D:\moth_photos\database\batch_02\img_moth_00002476.jpg,"[4000, 6000]",modelv1.0__2025-02-22 10:04:10
D:\moth_photos\database\batch_02\img_moth_00002477.jpg,"[4000, 6000]",modelv1.0__2025-02-22 10:04:10
D:\moth_photos\database\batch_02\img_moth_00002478.jpg,"[4000, 6000]",modelv1.0__2025-02-22 10:04:10
D:\moth_photos\database\batch_02\img_moth_00002479.jpg,"[4000, 6000]",modelv1.0__2025-02-22 10:04:10
D:\moth_photos\database\batch_02\img_moth_00002480.jpg,"[4000, 6000]",modelv1.0__2025-02-22 10:04:10
D:\moth_photos\database\batch_02\img_moth_00002481.jpg,"[4000, 6000]",modelv1.0__2025-02-22 10:04:10
D:\moth_photos\database\batch_02\img_moth_00002482.jpg,"[4000, 6000]",modelv1.0__2025-02-22 10:04:10
D:\moth_photos\database\batch_02\img_moth_00002483.jpg,"[4000, 6000]",modelv1.0__2025-02-22 10:04:10
D:\moth_photos\database\batch_02\img_moth_00002484.jpg,"[4000, 6000]",modelv1.0__2025-02-22 10:04:10
D:\moth_photos\database\batch_02\img_moth_00002485.jpg,"[4000, 6000]",modelv1.0__2025-02-22 10:04:10
D:\moth_photos\database\batch_02\img_moth_00002486.jpg,"[4000, 6000]",modelv1.0__2025-02-22 10:04:10
D:\moth_photos\database\batch_02\img_moth_00002487.jpg,"[4000, 6000]",modelv1.0__2025-02-22 10:04:10
D:\moth_photos\database\batch_02\img_moth_00002488.jpg,"[4000, 6000]",modelv1.0__2025-02-22 10:04:10
D:\moth_photos\database\batch_02\img_moth_00002489.jpg,"[4000, 6000]",modelv1.0__2025-02-22 10:04:10
D:\moth_photos\database\batch_02\img_moth_00002490.jpg,"[4000, 6000]",modelv1.0__2025-02-22 10:04:10
D:\moth_photos\database\batch_02\img_moth_00002491.jpg,"[4000, 6000]",modelv1.0__2025-02-22 10:04:10
D:\moth_photos\database\batch_02\img_moth_00002492.jpg,"[4000, 6000]",modelv1.0__2025-02-22 10:04:10
D:\moth_photos\database\batch_02\img_moth_00002493.jpg,"[4000, 6000]",modelv1.0__2025-02-22 10:04:10
D:\moth_photos\database\batch_02\img_moth_00002494.jpg,"[4000, 6000]",modelv1.0__2025-02-22 10:04:10
D:\moth_photos\database\batch_02\img_moth_00002495.jpg,"[4000, 6000]",modelv1.0__2025-02-22 10:04:10
D:\moth_photos\database\batch_02\img_moth_00002496.jpg,"[4000, 6000]",modelv1.0__2025-02-22 10:04:10
D:\moth_photos\database\batch_02\img_moth_00002497.jpg,"[4000, 6000]",modelv1.0__2025-02-22 10:04:10
D:\moth_photos\database\batch_02\img_moth_00002498.jpg,"[4000, 6000]",modelv1.0__2025-02-22 10:04:10
D:\moth_photos\database\batch_02\img_moth_00002499.jpg,"[4000, 6000]",modelv1.0__2025-02-22 10:04:10
D:\moth_photos\database\batch_02\img_moth_00002500.jpg,"[4000, 6000]",modelv1.0__2025-02-22 10:04:10
D:\moth_photos\database\batch_02\img_moth_00002501.jpg,"[4000, 6000]",modelv1.0__2025-02-22 10:04:10
D:\moth_photos\database\batch_02\img_moth_00002502.jpg,"[4000, 6000]",modelv1.0__2025-02-22 10:04:10
D:\moth_photos\database\batch_02\img_moth_00002503.jpg,"[4000, 6000]",modelv1.0__2025-02-22 10:04:10
D:\moth_photos\database\batch_02\img_moth_00002504.jpg,"[4000, 6000]",modelv1.0__2025-02-22 10:04:10
D:\moth_photos\database\batch_02\img_moth_00002505.jpg,"[4000, 6000]",modelv1.0__2025-02-22 10:04:10
D:\moth_photos\database\batch_02\img_moth_00002506.jpg,"[4000, 6000]",modelv1.0__2025-02-22 10:04:10
D:\moth_photos\database\batch_02\img_moth_00002507.jpg,"[4000, 6000]",modelv1.0__2025-02-22 10:04:10
D:\moth_photos\database\batch_02\img_moth_00002508.jpg,"[4000, 6000]",modelv1.0__2025-02-22 10:04:10
D:\moth_photos\database\batch_02\img_moth_00002509.jpg,"[4000, 6000]",modelv1.0__2025-02-22 10:04:10
D:\moth_photos\database\batch_02\img_moth_00002510.jpg,"[4000, 6000]",modelv1.0__2025-02-22 10:04:10
D:\moth_photos\database\batch_02\img_moth_00002511.jpg,"[4000, 6000]",modelv1.0__2025-02-22 10:04:10
D:\moth_photos\database\batch_02\img_moth_00002512.jpg,"[4000, 6000]",modelv1.0__2025-02-22 10:04:10
D:\moth_photos\database\batch_02\img_moth_00002513.jpg,"[4000, 6000]",modelv1.0__2025-02-22 10:04:10
D:\moth_photos\database\batch_02\img_moth_00002514.jpg,"[4000, 6000]",modelv1.0__2025-02-22 10:04:10
D:\moth_photos\database\batch_02\img_moth_00002515.jpg,"[4000, 6000]",modelv1.0__2025-02-22 10:04:10
D:\moth_photos\database\batch_02\img_moth_00002516.jpg,"[4000, 6000]",modelv1.0__2025-02-22 10:04:10
D:\moth_photos\database\batch_02\img_moth_00002517.jpg,"[4000, 6000]",modelv1.0__2025-02-22 10:04:10
D:\moth_photos\database\batch_02\img_moth_00002518.jpg,"[4000, 6000]",modelv1.0__2025-02-22 10:04:10
D:\moth_photos\database\batch_02\img_moth_00002519.jpg,"[4000, 6000]",modelv1.0__2025-02-22 10:04:10
D:\moth_photos\database\batch_02\img_moth_00002520.jpg,"[4000, 6000]",modelv1.0__2025-02-22 10:04:10
D:\moth_photos\database\batch_02\img_moth_00002521.jpg,"[4000, 6000]",modelv1.0__2025-02-22 10:04:10
D:\moth_photos\database\batch_02\img_moth_00002522.jpg,"[4000, 6000]",modelv1.0__2025-02-22 10:04:10
D:\moth_photos\database\batch_02\img_moth_00002523.jpg,"[4000, 6000]",modelv1.0__2025-02-22 10:04:10
D:\moth_photos\database\batch_02\img_moth_00002524.jpg,"[4000, 6000]",modelv1.0__2025-02-22 10:04:10
D:\moth_photos\database\batch_02\img_moth_00002525.jpg,"[4000, 6000]",modelv1.0__2025-02-22 10:04:10
D:\moth_photos\database\batch_02\img_moth_00002526.jpg,"[4000, 6000]",modelv1.0__2025-02-22 10:04:10
D:\moth_photos\database\batch_02\img_moth_00002527.jpg,"[4000, 6000]",modelv1.0__2025-02-22 10:04:10
D:\moth_photos\database\batch_02\img_moth_00002528.jpg,"[4000, 6000]",modelv1.0__2025-02-22 10:04:10
D:\moth_photos\database\batch_02\img_moth_00002529.jpg,"[4000, 6000]",modelv1.0__2025-02-22 10:04:10
D:\moth_photos\database\batch_02\img_moth_00002530.jpg,"[4000, 6000]",modelv1.0__2025-02-22 10:04:10
D:\moth_photos\database\batch_02\img_moth_00002531.jpg,"[4000, 6000]",modelv1.0__2025-02-22 10:04:10
D:\moth_photos\database\batch_02\img_moth_00002532.jpg,"[4000, 6000]",modelv1.0__2025-02-22 10:04:10
D:\moth_photos\database\batch_02\img_moth_00002533.jpg,"[4000, 6000]",modelv1.0__2025-02-22 10:04:10
D:\moth_photos\database\batch_02\img_moth_00002534.jpg,"[4000, 6000]",modelv1.0__2025-02-22 10:04:10
D:\moth_photos\database\batch_02\img_moth_00002535.jpg,"[4000, 6000]",modelv1.0__2025-02-22 10:04:10
D:\moth_photos\database\batch_02\img_moth_00002536.jpg,"[4000, 6000]",modelv1.0__2025-02-22 10:04:10
D:\moth_photos\database\batch_02\img_moth_00002537.jpg,"[4000, 6000]",modelv1.0__2025-02-22 10:04:10
D:\moth_photos\database\batch_02\img_moth_00002538.jpg,"[4000, 6000]",modelv1.0__2025-02-22 10:04:10
D:\moth_photos\database\batch_02\img_moth_00002539.jpg,"[4000, 6000]",modelv1.0__2025-02-22 10:04:10
D:\moth_photos\database\batch_02\img_moth_00002540.jpg,"[4000, 6000]",modelv1.0__2025-02-22 10:04:10
D:\moth_photos\database\batch_02\img_moth_00002541.jpg,"[4000, 6000]",modelv1.0__2025-02-22 10:04:10
D:\moth_photos\database\batch_02\img_moth_00002542.jpg,"[4000, 6000]",modelv1.0__2025-02-22 10:04:10
D:\moth_photos\database\batch_02\img_moth_00002543.jpg,"[4000, 6000]",modelv1.0__2025-02-22 10:04:10
D:\moth_photos\database\batch_02\img_moth_00002544.jpg,"[4000, 6000]",modelv1.0__2025-02-22 10:04:10
D:\moth_photos\database\batch_02\img_moth_00002545.jpg,"[4000, 6000]",modelv1.0__2025-02-22 10:04:10
D:\moth_photos\database\batch_02\img_moth_00002546.jpg,"[4000, 6000]",modelv1.0__2025-02-22 10:04:10
D:\moth_photos\database\batch_02\img_moth_00002547.jpg,"[4000, 6000]",modelv1.0__2025-02-22 10:04:10
D:\moth_photos\database\batch_02\img_moth_00002548.jpg,"[4000, 6000]",modelv1.0__2025-02-22 10:04:10
D:\moth_photos\database\batch_02\img_moth_00002549.jpg,"[4000, 6000]",modelv1.0__2025-02-22 10:04:10
D:\moth_photos\database\batch_02\img_moth_00002550.jpg,"[4000, 6000]",modelv1.0__2025-02-22 10:04:10
D:\moth_photos\database\batch_02\img_moth_00002551.jpg,"[4000, 6000]",modelv1.0__2025-02-22 10:04:10
D:\moth_photos\database\batch_02\img_moth_00002552.jpg,"[4000, 6000]",modelv1.0__2025-02-22 10:04:10
D:\moth_photos\database\batch_02\img_moth_00002553.jpg,"[4000, 6000]",modelv1.0__2025-02-22 10:04:10
D:\moth_photos\database\batch_02\img_moth_00002554.jpg,"[4000, 6000]",modelv1.0__2025-02-22 10:04:10
D:\moth_photos\database\batch_02\img_moth_00002555.jpg,"[4000, 6000]",modelv1.0__2025-02-22 10:04:10
D:\moth_photos\database\batch_02\img_moth_00002556.jpg,"[4000, 6000]",modelv1.0__2025-02-22 10:04:10
D:\moth_photos\database\batch_02\img_moth_00002557.jpg,"[4000, 6000]",modelv1.0__2025-02-22 10:04:10
D:\moth_photos\database\batch_02\img_moth_00002558.jpg,"[4000, 6000]",modelv1.0__2025-02-22 10:04:10
D:\moth_photos\database\batch_02\img_moth_00002559.jpg,"[4000, 6000]",modelv1.0__2025-02-22 10:04:10
D:\moth_photos\database\batch_02\img_moth_00002560.jpg,"[4000, 6000]",modelv1.0__2025-02-22 10:04:10
D:\moth_photos\database\batch_02\img_moth_00002561.jpg,"[4000, 6000]",modelv1.0__2025-02-22 10:04:10
D:\moth_photos\database\batch_02\img_moth_00002562.jpg,"[4000, 6000]",modelv1.0__2025-02-22 10:04:10
D:\moth_photos\database\batch_02\img_moth_00002563.jpg,"[4000, 6000]",modelv1.0__2025-02-22 10:04:10
D:\moth_photos\database\batch_02\img_moth_00002564.jpg,"[4000, 6000]",modelv1.0__2025-02-22 10:04:10
D:\moth_photos\database\batch_02\img_moth_00002565.jpg,"[4000, 6000]",modelv1.0__2025-02-22 10:04:10
D:\moth_photos\database\batch_02\img_moth_00002566.jpg,"[4000, 6000]",modelv1.0__2025-02-22 10:04:10
D:\moth_photos\database\batch_02\img_moth_00002567.jpg,"[4000, 6000]",modelv1.0__2025-02-22 10:04:10
D:\moth_photos\database\batch_02\img_moth_00002568.jpg,"[4000, 6000]",modelv1.0__2025-02-22 10:04:10
D:\moth_photos\database\batch_02\img_moth_00002569.jpg,"[4000, 6000]",modelv1.0__2025-02-22 10:04:10
D:\moth_photos\database\batch_02\img_moth_00002570.jpg,"[4000, 6000]",modelv1.0__2025-02-22 10:04:10
D:\moth_photos\database\batch_02\img_moth_00002571.jpg,"[4000, 6000]",modelv1.0__2025-02-22 10:04:10
D:\moth_photos\database\batch_02\img_moth_00002572.jpg,"[4000, 6000]",modelv1.0__2025-02-22 10:04:10
D:\moth_photos\database\batch_02\img_moth_00002573.jpg,"[4000, 6000]",modelv1.0__2025-02-22 10:04:10
D:\moth_photos\database\batch_02\img_moth_00002574.jpg,"[4000, 6000]",modelv1.0__2025-02-22 10:04:10
D:\moth_photos\database\batch_02\img_moth_00002575.jpg,"[4000, 6000]",modelv1.0__2025-02-22 10:04:10
D:\moth_photos\database\batch_02\img_moth_00002576.jpg,"[4000, 6000]",modelv1.0__2025-02-22 10:04:10
D:\moth_photos\database\batch_02\img_moth_00002577.jpg,"[4000, 6000]",modelv1.0__2025-02-22 10:04:10
D:\moth_photos\database\batch_02\img_moth_00002578.jpg,"[4000, 6000]",modelv1.0__2025-02-22 10:04:10
D:\moth_photos\database\batch_02\img_moth_00002579.jpg,"[4000, 6000]",modelv1.0__2025-02-22 10:04:10
D:\moth_photos\database\batch_02\img_moth_00002580.jpg,"[4000, 6000]",modelv1.0__2025-02-22 10:04:10
D:\moth_photos\database\batch_02\img_moth_00002581.jpg,"[4000, 6000]",modelv1.0__2025-02-22 10:04:10
D:\moth_photos\database\batch_02\img_moth_00002582.jpg,"[4000, 6000]",modelv1.0__2025-02-22 10:04:10
D:\moth_photos\database\batch_02\img_moth_00002583.jpg,"[4000, 6000]",modelv1.0__2025-02-22 10:04:10
D:\moth_photos\database\batch_02\img_moth_00002584.jpg,"[4000, 6000]",modelv1.0__2025-02-22 10:04:10
D:\moth_photos\database\batch_02\img_moth_00002585.jpg,"[4000, 6000]",modelv1.0__2025-02-22 10:04:10
D:\moth_photos\database\batch_02\img_moth_00002586.jpg,"[4000, 6000]",modelv1.0__2025-02-22 10:04:10
D:\moth_photos\database\batch_02\img_moth_00002587.jpg,"[4000, 6000]",modelv1.0__2025-02-22 10:04:10
D:\moth_photos\database\batch_02\img_moth_00002588.jpg,"[4000, 6000]",modelv1.0__2025-02-22 10:04:10
D:\moth_photos\database\batch_02\img_moth_00002589.jpg,"[4000, 6000]",modelv1.0__2025-02-22 10:04:10
D:\moth_photos\database\batch_02\img_moth_00002590.jpg,"[4000, 6000]",modelv1.0__2025-02-22 10:04:10
D:\moth_photos\database\batch_02\img_moth_00002591.jpg,"[4000, 6000]",modelv1.0__2025-02-22 10:04:10
D:\moth_photos\database\batch_02\img_moth_00002592.jpg,"[4000, 6000]",modelv1.0__2025-02-22 10:04:10
D:\moth_photos\database\batch_02\img_moth_00002593.jpg,"[4000, 6000]",modelv1.0__2025-02-22 10:04:10
D:\moth_photos\database\batch_02\img_moth_00002594.jpg,"[4000, 6000]",modelv1.0__2025-02-22 10:04:10
D:\moth_photos\database\batch_02\img_moth_00002595.jpg,"[4000, 6000]",modelv1.0__2025-02-22 10:04:10
D:\moth_photos\database\batch_02\img_moth_00002596.jpg,"[4000, 6000]",modelv1.0__2025-02-22 10:04:10
D:\moth_photos\database\batch_02\img_moth_00002597.jpg,"[4000, 6000]",modelv1.0__2025-02-22 10:04:10
D:\moth_photos\database\batch_02\img_moth_00002598.jpg,"[4000, 6000]",modelv1.0__2025-02-22 10:04:10
D:\moth_photos\database\batch_02\img_moth_00002599.jpg,"[4000, 6000]",modelv1.0__2025-02-22 10:04:10
D:\moth_photos\database\batch_02\img_moth_00002600.jpg,"[4000, 6000]",modelv1.0__2025-02-22 10:04:10
D:\moth_photos\database\batch_02\img_moth_00002601.jpg,"[4000, 6000]",modelv1.0__2025-02-22 10:04:10
D:\moth_photos\database\batch_02\img_moth_00002602.jpg,"[4000, 6000]",modelv1.0__2025-02-22 10:04:10
D:\moth_photos\database\batch_02\img_moth_00002603.jpg,"[4000, 6000]",modelv1.0__2025-02-22 10:04:10
D:\moth_photos\database\batch_02\img_moth_00002604.jpg,"[4000, 6000]",modelv1.0__2025-02-22 10:04:10
D:\moth_photos\database\batch_02\img_moth_00002605.jpg,"[4000, 6000]",modelv1.0__2025-02-22 10:04:10
D:\moth_photos\database\batch_02\img_moth_00002606.jpg,"[4000, 6000]",modelv1.0__2025-02-22 10:04:10
D:\moth_photos\database\batch_02\img_moth_00002607.jpg,"[4000, 6000]",modelv1.0__2025-02-22 10:04:10
D:\moth_photos\database\batch_02\img_moth_00002608.jpg,"[4000, 6000]",modelv1.0__2025-02-22 10:04:10
D:\moth_photos\database\batch_02\img_moth_00002609.jpg,"[4000, 6000]",modelv1.0__2025-02-22 10:04:10
D:\moth_photos\database\batch_02\img_moth_00002610.jpg,"[4000, 6000]",modelv1.0__2025-02-22 10:04:10
D:\moth_photos\database\batch_02\img_moth_00002611.jpg,"[4000, 6000]",modelv1.0__2025-02-22 10:04:10
D:\moth_photos\database\batch_02\img_moth_00002612.jpg,"[4000, 6000]",modelv1.0__2025-02-22 10:04:10
D:\moth_photos\database\batch_02\img_moth_00002613.jpg,"[4000, 6000]",modelv1.0__2025-02-22 10:04:10
D:\moth_photos\database\batch_02\img_moth_00002614.jpg,"[4000, 6000]",modelv1.0__2025-02-22 10:04:10
D:\moth_photos\database\batch_02\img_moth_00002615.jpg,"[4000, 6000]",modelv1.0__2025-02-22 10:04:10
D:\moth_photos\database\batch_02\img_moth_00002616.jpg,"[4000, 6000]",modelv1.0__2025-02-22 10:04:10
D:\moth_photos\database\batch_02\img_moth_00002617.jpg,"[4000, 6000]",modelv1.0__2025-02-22 10:04:10
D:\moth_photos\database\batch_02\img_moth_00002618.jpg,"[4000, 6000]",modelv1.0__2025-02-22 10:04:10
D:\moth_photos\database\batch_02\img_moth_00002619.jpg,"[4000, 6000]",modelv1.0__2025-02-22 10:04:10
D:\moth_photos\database\batch_02\img_moth_00002620.jpg,"[4000, 6000]",modelv1.0__2025-02-22 10:04:10
D:\moth_photos\database\batch_02\img_moth_00002621.jpg,"[4000, 6000]",modelv1.0__2025-02-22 10:04:10
D:\moth_photos\database\batch_02\img_moth_00002622.jpg,"[4000, 6000]",modelv1.0__2025-02-22 10:04:10
D:\moth_photos\database\batch_02\img_moth_00002623.jpg,"[4000, 6000]",modelv1.0__2025-02-22 10:04:10
D:\moth_photos\database\batch_02\img_moth_00002624.jpg,"[4000, 6000]",modelv1.0__2025-02-22 10:04:10
D:\moth_photos\database\batch_02\img_moth_00002625.jpg,"[4000, 6000]",modelv1.0__2025-02-22 10:04:10
D:\moth_photos\database\batch_02\img_moth_00002626.jpg,"[4000, 6000]",modelv1.0__2025-02-22 10:04:10
D:\moth_photos\database\batch_02\img_moth_00002627.jpg,"[4000, 6000]",modelv1.0__2025-02-22 10:04:10
D:\moth_photos\database\batch_02\img_moth_00002628.jpg,"[4000, 6000]",modelv1.0__2025-02-22 10:04:10
D:\moth_photos\database\batch_02\img_moth_00002629.jpg,"[4000, 6000]",modelv1.0__2025-02-22 10:04:10
D:\moth_photos\database\batch_02\img_moth_00002630.jpg,"[4000, 6000]",modelv1.0__2025-02-22 10:04:10
D:\moth_photos\database\batch_02\img_moth_00002631.jpg,"[4000, 6000]",modelv1.0__2025-02-22 10:04:10
D:\moth_photos\database\batch_02\img_moth_00002632.jpg,"[4000, 6000]",modelv1.0__2025-02-22 10:04:10
D:\moth_photos\database\batch_02\img_moth_00002633.jpg,"[4000, 6000]",modelv1.0__2025-02-22 10:04:10
D:\moth_photos\database\batch_02\img_moth_00002634.jpg,"[4000, 6000]",modelv1.0__2025-02-22 10:04:10
D:\moth_photos\database\batch_02\img_moth_00002635.jpg,"[4000, 6000]",modelv1.0__2025-02-22 10:04:10
D:\moth_photos\database\batch_02\img_moth_00002636.jpg,"[4000, 6000]",modelv1.0__2025-02-22 10:04:10
D:\moth_photos\database\batch_02\img_moth_00002637.jpg,"[4000, 6000]",modelv1.0__2025-02-22 10:04:10
D:\moth_photos\database\batch_02\img_moth_00002638.jpg,"[4000, 6000]",modelv1.0__2025-02-22 10:04:10
D:\moth_photos\database\batch_02\img_moth_00002639.jpg,"[4000, 6000]",modelv1.0__2025-02-22 10:04:10
D:\moth_photos\database\batch_02\img_moth_00002640.jpg,"[4000, 6000]",modelv1.0__2025-02-22 10:04:10
D:\moth_photos\database\batch_02\img_moth_00002641.jpg,"[4000, 6000]",modelv1.0__2025-02-22 10:04:10
D:\moth_photos\database\batch_02\img_moth_00002642.jpg,"[4000, 6000]",modelv1.0__2025-02-22 10:04:10
D:\moth_photos\database\batch_02\img_moth_00002643.jpg,"[4000, 6000]",modelv1.0__2025-02-22 10:04:10
D:\moth_photos\database\batch_02\img_moth_00002644.jpg,"[4000, 6000]",modelv1.0__2025-02-22 10:04:10
D:\moth_photos\database\batch_02\img_moth_00002645.jpg,"[4000, 6000]",modelv1.0__2025-02-22 10:04:10
D:\moth_photos\database\batch_02\img_moth_00002646.jpg,"[4000, 6000]",modelv1.0__2025-02-22 10:04:10
D:\moth_photos\database\batch_02\img_moth_00002647.jpg,"[4000, 6000]",modelv1.0__2025-02-22 10:04:10
D:\moth_photos\database\batch_02\img_moth_00002648.jpg,"[4000, 6000]",modelv1.0__2025-02-22 10:04:10
D:\moth_photos\database\batch_02\img_moth_00002649.jpg,"[4000, 6000]",modelv1.0__2025-02-22 10:04:10
D:\moth_photos\database\batch_02\img_moth_00002650.jpg,"[4000, 6000]",modelv1.0__2025-02-22 10:04:10
D:\moth_photos\database\batch_02\img_moth_00002651.jpg,"[4000, 6000]",modelv1.0__2025-02-22 10:04:10
D:\moth_photos\database\batch_02\img_moth_00002652.jpg,"[4000, 6000]",modelv1.0__2025-02-22 10:04:10
D:\moth_photos\database\batch_02\img_moth_00002653.jpg,"[4000, 6000]",modelv1.0__2025-02-22 10:04:10
D:\moth_photos\database\batch_02\img_moth_00002654.jpg,"[4000, 6000]",modelv1.0__2025-02-22 10:04:10
D:\moth_photos\database\batch_02\img_moth_00002655.jpg,"[4000, 6000]",modelv1.0__2025-02-22 10:04:10
D:\moth_photos\database\batch_02\img_moth_00002656.jpg,"[4000, 6000]",modelv1.0__2025-02-22 10:04:10
D:\moth_photos\database\batch_02\img_moth_00002657.jpg,"[4000, 6000]",modelv1.0__2025-02-22 10:04:10
D:\moth_photos\database\batch_02\img_moth_00002658.jpg,"[4000, 6000]",modelv1.0__2025-02-22 10:04:10
D:\moth_photos\database\batch_02\img_moth_00002659.jpg,"[4000, 6000]",modelv1.0__2025-02-22 10:04:10
D:\moth_photos\database\batch_02\img_moth_00002660.jpg,"[4000, 6000]",modelv1.0__2025-02-22 10:04:10
D:\moth_photos\database\batch_02\img_moth_00002661.jpg,"[4000, 6000]",modelv1.0__2025-02-22 10:04:10
D:\moth_photos\database\batch_02\img_moth_00002662.jpg,"[4000, 6000]",modelv1.0__2025-02-22 10:04:10
D:\moth_photos\database\batch_02\img_moth_00002663.jpg,"[4000, 6000]",modelv1.0__2025-02-22 10:04:10
D:\moth_photos\database\batch_02\img_moth_00002664.jpg,"[4000, 6000]",modelv1.0__2025-02-22 10:04:10
D:\moth_photos\database\batch_02\img_moth_00002665.jpg,"[4000, 6000]",modelv1.0__2025-02-22 10:04:10
D:\moth_photos\database\batch_02\img_moth_00002666.jpg,"[4000, 6000]",modelv1.0__2025-02-22 10:04:10
D:\moth_photos\database\batch_02\img_moth_00002667.jpg,"[4000, 6000]",modelv1.0__2025-02-22 10:04:10
D:\moth_photos\database\batch_02\img_moth_00002668.jpg,"[4000, 6000]",modelv1.0__2025-02-22 10:04:10
D:\moth_photos\database\batch_02\img_moth_00002669.jpg,"[4000, 6000]",modelv1.0__2025-02-22 10:04:10
D:\moth_photos\database\batch_02\img_moth_00002670.jpg,"[4000, 6000]",modelv1.0__2025-02-22 10:04:10
D:\moth_photos\database\batch_02\img_moth_00002671.jpg,"[4000, 6000]",modelv1.0__2025-02-22 10:04:10
D:\moth_photos\database\batch_02\img_moth_00002672.jpg,"[4000, 6000]",modelv1.0__2025-02-22 10:04:10
D:\moth_photos\database\batch_02\img_moth_00002673.jpg,"[4000, 6000]",modelv1.0__2025-02-22 10:04:10
D:\moth_photos\database\batch_02\img_moth_00002674.jpg,"[4000, 6000]",modelv1.0__2025-02-22 10:04:10
D:\moth_photos\database\batch_02\img_moth_00002675.jpg,"[4000, 6000]",modelv1.0__2025-02-22 10:04:10
D:\moth_photos\database\batch_02\img_moth_00002676.jpg,"[4000, 6000]",modelv1.0__2025-02-22 10:04:10
D:\moth_photos\database\batch_02\img_moth_00002677.jpg,"[4000, 6000]",modelv1.0__2025-02-22 10:04:10
D:\moth_photos\database\batch_02\img_moth_00002678.jpg,"[4000, 6000]",modelv1.0__2025-02-22 10:04:10
D:\moth_photos\database\batch_02\img_moth_00002679.jpg,"[4000, 6000]",modelv1.0__2025-02-22 10:04:10
D:\moth_photos\database\batch_02\img_moth_00002680.jpg,"[4000, 6000]",modelv1.0__2025-02-22 10:04:10
D:\moth_photos\database\batch_02\img_moth_00002681.jpg,"[4000, 6000]",modelv1.0__2025-02-22 10:04:10
D:\moth_photos\database\batch_02\img_moth_00002682.jpg,"[4000, 6000]",modelv1.0__2025-02-22 10:04:10
D:\moth_photos\database\batch_02\img_moth_00002683.jpg,"[4000, 6000]",modelv1.0__2025-02-22 10:04:10
D:\moth_photos\database\batch_02\img_moth_00002684.jpg,"[4000, 6000]",modelv1.0__2025-02-22 10:04:10
D:\moth_photos\database\batch_02\img_moth_00002685.jpg,"[4000, 6000]",modelv1.0__2025-02-22 10:04:10
D:\moth_photos\database\batch_02\img_moth_00002686.jpg,"[4000, 6000]",modelv1.0__2025-02-22 10:04:10
D:\moth_photos\database\batch_02\img_moth_00002687.jpg,"[4000, 6000]",modelv1.0__2025-02-22 10:04:10
D:\moth_photos\database\batch_02\img_moth_00002688.jpg,"[4000, 6000]",modelv1.0__2025-02-22 10:04:10
D:\moth_photos\database\batch_02\img_moth_00002689.jpg,"[4000, 6000]",modelv1.0__2025-02-22 10:04:10
D:\moth_photos\database\batch_02\img_moth_00002690.jpg,"[4000, 6000]",modelv1.0__2025-02-22 10:04:10
D:\moth_photos\database\batch_02\img_moth_00002691.jpg,"[4000, 6000]",modelv1.0__2025-02-22 10:04:10
D:\moth_photos\database\batch_02\img_moth_00002692.jpg,"[4000, 6000]",modelv1.0__2025-02-22 10:04:10
D:\moth_photos\database\batch_02\img_moth_00002693.jpg,"[4000, 6000]",modelv1.0__2025-02-22 10:04:10
D:\moth_photos\database\batch_02\img_moth_00002694.jpg,"[4000, 6000]",modelv1.0__2025-02-22 10:04:10
D:\moth_photos\database\batch_02\img_moth_00002695.jpg,"[4000, 6000]",modelv1.0__2025-02-22 10:04:10
D:\moth_photos\database\batch_02\img_moth_00002696.jpg,"[4000, 6000]",modelv1.0__2025-02-22 10:04:10
D:\moth_photos\database\batch_02\img_moth_00002697.jpg,"[4000, 6000]",modelv1.0__2025-02-22 10:04:10
D:\moth_photos\database\batch_02\img_moth_00002698.jpg,"[4000, 6000]",modelv1.0__2025-02-22 10:04:10
D:\moth_photos\database\batch_02\img_moth_00002699.jpg,"[4000, 6000]",modelv1.0__2025-02-22 10:04:10
D:\moth_photos\database\batch_02\img_moth_00002700.jpg,"[4000, 6000]",modelv1.0__2025-02-22 10:04:10
D:\moth_photos\database\batch_02\img_moth_00002701.jpg,"[4000, 6000]",modelv1.0__2025-02-22 10:04:10
D:\moth_photos\database\batch_02\img_moth_00002702.jpg,"[4000, 6000]",modelv1.0__2025-02-22 10:04:10
D:\moth_photos\database\batch_02\img_moth_00002703.jpg,"[4000, 6000]",modelv1.0__2025-02-22 10:04:10
D:\moth_photos\database\batch_02\img_moth_00002704.jpg,"[4000, 6000]",modelv1.0__2025-02-22 10:04:10
D:\moth_photos\database\batch_02\img_moth_00002705.jpg,"[4000, 6000]",modelv1.0__2025-02-22 10:04:10
D:\moth_photos\database\batch_02\img_moth_00002706.jpg,"[4000, 6000]",modelv1.0__2025-02-22 10:04:10
D:\moth_photos\database\batch_02\img_moth_00002707.jpg,"[4000, 6000]",modelv1.0__2025-02-22 10:04:10
D:\moth_photos\database\batch_02\img_moth_00002708.jpg,"[4000, 6000]",modelv1.0__2025-02-22 10:04:10
D:\moth_photos\database\batch_02\img_moth_00002709.jpg,"[4000, 6000]",modelv1.0__2025-02-22 10:04:10
D:\moth_photos\database\batch_02\img_moth_00002710.jpg,"[4000, 6000]",modelv1.0__2025-02-22 10:04:10
D:\moth_photos\database\batch_02\img_moth_00002711.jpg,"[4000, 6000]",modelv1.0__2025-02-22 10:04:10
D:\moth_photos\database\batch_02\img_moth_00002712.jpg,"[4000, 6000]",modelv1.0__2025-02-22 10:04:10
D:\moth_photos\database\batch_02\img_moth_00002713.jpg,"[4000, 6000]",modelv1.0__2025-02-22 10:04:10
D:\moth_photos\database\batch_02\img_moth_00002714.jpg,"[4000, 6000]",modelv1.0__2025-02-22 10:04:10
D:\moth_photos\database\batch_02\img_moth_00002715.jpg,"[4000, 6000]",modelv1.0__2025-02-22 10:04:10
D:\moth_photos\database\batch_02\img_moth_00002716.jpg,"[4000, 6000]",modelv1.0__2025-02-22 10:04:10
D:\moth_photos\database\batch_02\img_moth_00002717.jpg,"[4000, 6000]",modelv1.0__2025-02-22 10:04:10
D:\moth_photos\database\batch_02\img_moth_00002718.jpg,"[4000, 6000]",modelv1.0__2025-02-22 10:04:10
D:\moth_photos\database\batch_02\img_moth_00002719.jpg,"[4000, 6000]",modelv1.0__2025-02-22 10:04:10
D:\moth_photos\database\batch_02\img_moth_00002720.jpg,"[4000, 6000]",modelv1.0__2025-02-22 10:04:10
D:\moth_photos\database\batch_02\img_moth_00002721.jpg,"[4000, 6000]",modelv1.0__2025-02-22 10:04:10
D:\moth_photos\database\batch_02\img_moth_00002722.jpg,"[4000, 6000]",modelv1.0__2025-02-22 10:04:10
D:\moth_photos\database\batch_02\img_moth_00002723.jpg,"[4000, 6000]",modelv1.0__2025-02-22 10:04:10
D:\moth_photos\database\batch_02\img_moth_00002724.jpg,"[4000, 6000]",modelv1.0__2025-02-22 10:04:10
D:\moth_photos\database\batch_02\img_moth_00002725.jpg,"[4000, 6000]",modelv1.0__2025-02-22 10:04:10
D:\moth_photos\database\batch_02\img_moth_00002726.jpg,"[4000, 6000]",modelv1.0__2025-02-22 10:04:10
D:\moth_photos\database\batch_02\img_moth_00002727.jpg,"[4000, 6000]",modelv1.0__2025-02-22 10:04:10
D:\moth_photos\database\batch_02\img_moth_00002728.jpg,"[4000, 6000]",modelv1.0__2025-02-22 10:04:10
D:\moth_photos\database\batch_02\img_moth_00002729.jpg,"[4000, 6000]",modelv1.0__2025-02-22 10:04:10
D:\moth_photos\database\batch_02\img_moth_00002730.jpg,"[4000, 6000]",modelv1.0__2025-02-22 10:04:10
D:\moth_photos\database\batch_02\img_moth_00002731.jpg,"[4000, 6000]",modelv1.0__2025-02-22 10:04:10
D:\moth_photos\database\batch_02\img_moth_00002732.jpg,"[4000, 6000]",modelv1.0__2025-02-22 10:04:10
D:\moth_photos\database\batch_02\img_moth_00002733.jpg,"[4000, 6000]",modelv1.0__2025-02-22 10:04:10
D:\moth_photos\database\batch_02\img_moth_00002734.jpg,"[4000, 6000]",modelv1.0__2025-02-22 10:04:10
D:\moth_photos\database\batch_02\img_moth_00002735.jpg,"[4000, 6000]",modelv1.0__2025-02-22 10:04:10
D:\moth_photos\database\batch_02\img_moth_00002736.jpg,"[4000, 6000]",modelv1.0__2025-02-22 10:04:10
D:\moth_photos\database\batch_02\img_moth_00002737.jpg,"[4000, 6000]",modelv1.0__2025-02-22 10:04:10
D:\moth_photos\database\batch_02\img_moth_00002738.jpg,"[4000, 6000]",modelv1.0__2025-02-22 10:04:10
D:\moth_photos\database\batch_02\img_moth_00002739.jpg,"[4000, 6000]",modelv1.0__2025-02-22 10:04:10
D:\moth_photos\database\batch_02\img_moth_00002740.jpg,"[4000, 6000]",modelv1.0__2025-02-22 10:04:10
D:\moth_photos\database\batch_02\img_moth_00002741.jpg,"[4000, 6000]",modelv1.0__2025-02-22 10:04:10
D:\moth_photos\database\batch_02\img_moth_00002742.jpg,"[4000, 6000]",modelv1.0__2025-02-22 10:04:10
D:\moth_photos\database\batch_02\img_moth_00002743.jpg,"[4000, 6000]",modelv1.0__2025-02-22 10:04:10
D:\moth_photos\database\batch_02\img_moth_00002744.jpg,"[4000, 6000]",modelv1.0__2025-02-22 10:04:10
D:\moth_photos\database\batch_02\img_moth_00002745.jpg,"[4000, 6000]",modelv1.0__2025-02-22 10:04:10
D:\moth_photos\database\batch_02\img_moth_00002746.jpg,"[4000, 6000]",modelv1.0__2025-02-22 10:04:10
D:\moth_photos\database\batch_02\img_moth_00002747.jpg,"[4000, 6000]",modelv1.0__2025-02-22 10:04:10
D:\moth_photos\database\batch_02\img_moth_00002748.jpg,"[4000, 6000]",modelv1.0__2025-02-22 10:04:10
D:\moth_photos\database\batch_02\img_moth_00002749.jpg,"[4000, 6000]",modelv1.0__2025-02-22 10:04:10
D:\moth_photos\database\batch_02\img_moth_00002750.jpg,"[4000, 6000]",modelv1.0__2025-02-22 10:04:10
D:\moth_photos\database\batch_02\img_moth_00002751.jpg,"[4000, 6000]",modelv1.0__2025-02-22 10:04:10
D:\moth_photos\database\batch_02\img_moth_00002752.jpg,"[4000, 6000]",modelv1.0__2025-02-22 10:04:10
D:\moth_photos\database\batch_02\img_moth_00002753.jpg,"[4000, 6000]",modelv1.0__2025-02-22 10:04:10
D:\moth_photos\database\batch_02\img_moth_00002754.jpg,"[4000, 6000]",modelv1.0__2025-02-22 10:04:10
D:\moth_photos\database\batch_02\img_moth_00002755.jpg,"[4000, 6000]",modelv1.0__2025-02-22 10:04:10
D:\moth_photos\database\batch_02\img_moth_00002756.jpg,"[4000, 6000]",modelv1.0__2025-02-22 10:04:10
D:\moth_photos\database\batch_02\img_moth_00002757.jpg,"[4000, 6000]",modelv1.0__2025-02-22 10:04:10
D:\moth_photos\database\batch_02\img_moth_00002758.jpg,"[4000, 6000]",modelv1.0__2025-02-22 10:04:10
D:\moth_photos\database\batch_02\img_moth_00002759.jpg,"[4000, 6000]",modelv1.0__2025-02-22 10:04:10
D:\moth_photos\database\batch_02\img_moth_00002760.jpg,"[4000, 6000]",modelv1.0__2025-02-22 10:04:10
D:\moth_photos\database\batch_02\img_moth_00002761.jpg,"[4000, 6000]",modelv1.0__2025-02-22 10:04:10
D:\moth_photos\database\batch_02\img_moth_00002762.jpg,"[4000, 6000]",modelv1.0__2025-02-22 10:04:10
D:\moth_photos\database\batch_02\img_moth_00002763.jpg,"[4000, 6000]",modelv1.0__2025-02-22 10:04:10
D:\moth_photos\database\batch_02\img_moth_00002764.jpg,"[4000, 6000]",modelv1.0__2025-02-22 10:04:10
D:\moth_photos\database\batch_02\img_moth_00002765.jpg,"[4000, 6000]",modelv1.0__2025-02-22 10:04:10
D:\moth_photos\database\batch_02\img_moth_00002766.jpg,"[4000, 6000]",modelv1.0__2025-02-22 10:04:10
D:\moth_photos\database\batch_02\img_moth_00002767.jpg,"[4000, 6000]",modelv1.0__2025-02-22 10:04:10
D:\moth_photos\database\batch_02\img_moth_00002768.jpg,"[4000, 6000]",modelv1.0__2025-02-22 10:04:10
D:\moth_photos\database\batch_02\img_moth_00002769.jpg,"[4000, 6000]",modelv1.0__2025-02-22 10:04:10
D:\moth_photos\database\batch_02\img_moth_00002770.jpg,"[4000, 6000]",modelv1.0__2025-02-22 10:04:10
D:\moth_photos\database\batch_02\img_moth_00002771.jpg,"[4000, 6000]",modelv1.0__2025-02-22 10:04:10
D:\moth_photos\database\batch_02\img_moth_00002772.jpg,"[4000, 6000]",modelv1.0__2025-02-22 10:04:10
D:\moth_photos\database\batch_02\img_moth_00002773.jpg,"[4000, 6000]",modelv1.0__2025-02-22 10:04:10
D:\moth_photos\database\batch_02\img_moth_00002774.jpg,"[4000, 6000]",modelv1.0__2025-02-22 10:04:10
D:\moth_photos\database\batch_02\img_moth_00002775.jpg,"[4000, 6000]",modelv1.0__2025-02-22 10:04:10
D:\moth_photos\database\batch_02\img_moth_00002776.jpg,"[4000, 6000]",modelv1.0__2025-02-22 10:04:10
D:\moth_photos\database\batch_02\img_moth_00002777.jpg,"[4000, 6000]",modelv1.0__2025-02-22 10:04:10
D:\moth_photos\database\batch_02\img_moth_00002778.jpg,"[4000, 6000]",modelv1.0__2025-02-22 10:04:10
D:\moth_photos\database\batch_02\img_moth_00002779.jpg,"[4000, 6000]",modelv1.0__2025-02-22 10:04:10
D:\moth_photos\database\batch_02\img_moth_00002780.jpg,"[4000, 6000]",modelv1.0__2025-02-22 10:04:10
D:\moth_photos\database\batch_02\img_moth_00002781.jpg,"[4000, 6000]",modelv1.0__2025-02-22 10:04:10
D:\moth_photos\database\batch_02\img_moth_00002782.jpg,"[4000, 6000]",modelv1.0__2025-02-22 10:04:10
D:\moth_photos\database\batch_02\img_moth_00002783.jpg,"[4000, 6000]",modelv1.0__2025-02-22 10:04:10
D:\moth_photos\database\batch_02\img_moth_00002784.jpg,"[4000, 6000]",modelv1.0__2025-02-22 10:04:10
D:\moth_photos\database\batch_02\img_moth_00002785.jpg,"[4000, 6000]",modelv1.0__2025-02-22 10:04:10
D:\moth_photos\database\batch_02\img_moth_00002786.jpg,"[4000, 6000]",modelv1.0__2025-02-22 10:04:10
D:\moth_photos\database\batch_02\img_moth_00002787.jpg,"[4000, 6000]",modelv1.0__2025-02-22 10:04:10
D:\moth_photos\database\batch_02\img_moth_00002788.jpg,"[4000, 6000]",modelv1.0__2025-02-22 10:04:10
D:\moth_photos\database\batch_02\img_moth_00002789.jpg,"[4000, 6000]",modelv1.0__2025-02-22 10:04:10
D:\moth_photos\database\batch_02\img_moth_00002790.jpg,"[4000, 6000]",modelv1.0__2025-02-22 10:04:10
D:\moth_photos\database\batch_02\img_moth_00002791.jpg,"[4000, 6000]",modelv1.0__2025-02-22 10:04:10
D:\moth_photos\database\batch_02\img_moth_00002792.jpg,"[4000, 6000]",modelv1.0__2025-02-22 10:04:10
D:\moth_photos\database\batch_02\img_moth_00002793.jpg,"[4000, 6000]",modelv1.0__2025-02-22 10:04:10
D:\moth_photos\database\batch_02\img_moth_00002794.jpg,"[4000, 6000]",modelv1.0__2025-02-22 10:04:10
D:\moth_photos\database\batch_02\img_moth_00002795.jpg,"[4000, 6000]",modelv1.0__2025-02-22 10:04:10
D:\moth_photos\database\batch_02\img_moth_00002796.jpg,"[4000, 6000]",modelv1.0__2025-02-22 10:04:10
D:\moth_photos\database\batch_02\img_moth_00002797.jpg,"[4000, 6000]",modelv1.0__2025-02-22 10:04:10
D:\moth_photos\database\batch_02\img_moth_00002798.jpg,"[4000, 6000]",modelv1.0__2025-02-22 10:04:10
D:\moth_photos\database\batch_02\img_moth_00002799.jpg,"[4000, 6000]",modelv1.0__2025-02-22 10:04:10
D:\moth_photos\database\batch_02\img_moth_00002800.jpg,"[4000, 6000]",modelv1.0__2025-02-22 10:04:10
D:\moth_photos\database\batch_02\img_moth_00002801.jpg,"[4000, 6000]",modelv1.0__2025-02-22 10:04:10
D:\moth_photos\database\batch_02\img_moth_00002802.jpg,"[4000, 6000]",modelv1.0__2025-02-22 10:04:10
D:\moth_photos\database\batch_02\img_moth_00002803.jpg,"[4000, 6000]",modelv1.0__2025-02-22 10:04:10
D:\moth_photos\database\batch_02\img_moth_00002804.jpg,"[4000, 6000]",modelv1.0__2025-02-22 10:04:10
D:\moth_photos\database\batch_02\img_moth_00002805.jpg,"[4000, 6000]",modelv1.0__2025-02-22 10:04:10
D:\moth_photos\database\batch_02\img_moth_00002806.jpg,"[4000, 6000]",modelv1.0__2025-02-22 10:04:10
D:\moth_photos\database\batch_02\img_moth_00002807.jpg,"[4000, 6000]",modelv1.0__2025-02-22 10:04:10
D:\moth_photos\database\batch_02\img_moth_00002808.jpg,"[4000, 6000]",modelv1.0__2025-02-22 10:04:10
D:\moth_photos\database\batch_02\img_moth_00002809.jpg,"[4000, 6000]",modelv1.0__2025-02-22 10:04:10
D:\moth_photos\database\batch_02\img_moth_00002810.jpg,"[4000, 6000]",modelv1.0__2025-02-22 10:04:10
D:\moth_photos\database\batch_02\img_moth_00002811.jpg,"[4000, 6000]",modelv1.0__2025-02-22 10:04:10
D:\moth_photos\database\batch_02\img_moth_00002812.jpg,"[4000, 6000]",modelv1.0__2025-02-22 10:04:10
D:\moth_photos\database\batch_02\img_moth_00002813.jpg,"[4000, 6000]",modelv1.0__2025-02-22 10:04:10
D:\moth_photos\database\batch_02\img_moth_00002814.jpg,"[4000, 6000]",modelv1.0__2025-02-22 10:04:10
D:\moth_photos\database\batch_02\img_moth_00002815.jpg,"[4000, 6000]",modelv1.0__2025-02-22 10:04:10
D:\moth_photos\database\batch_02\img_moth_00002816.jpg,"[4000, 6000]",modelv1.0__2025-02-22 10:04:10
D:\moth_photos\database\batch_02\img_moth_00002817.jpg,"[4000, 6000]",modelv1.0__2025-02-22 10:04:10
D:\moth_photos\database\batch_02\img_moth_00002818.jpg,"[4000, 6000]",modelv1.0__2025-02-22 10:04:10
D:\moth_photos\database\batch_02\img_moth_00002819.jpg,"[4000, 6000]",modelv1.0__2025-02-22 10:04:10
D:\moth_photos\database\batch_02\img_moth_00002820.jpg,"[4000, 6000]",modelv1.0__2025-02-22 10:04:10
D:\moth_photos\database\batch_02\img_moth_00002821.jpg,"[4000, 6000]",modelv1.0__2025-02-22 10:04:10
D:\moth_photos\database\batch_02\img_moth_00002822.jpg,"[4000, 6000]",modelv1.0__2025-02-22 10:04:10
D:\moth_photos\database\batch_02\img_moth_00002823.jpg,"[4000, 6000]",modelv1.0__2025-02-22 10:04:10
D:\moth_photos\database\batch_02\img_moth_00002824.jpg,"[4000, 6000]",modelv1.0__2025-02-22 10:04:10
D:\moth_photos\database\batch_02\img_moth_00002825.jpg,"[4000, 6000]",modelv1.0__2025-02-22 10:04:10
D:\moth_photos\database\batch_02\img_moth_00002826.jpg,"[4000, 6000]",modelv1.0__2025-02-22 10:04:10
D:\moth_photos\database\batch_02\img_moth_00002827.jpg,"[4000, 6000]",modelv1.0__2025-02-22 10:04:10
D:\moth_photos\database\batch_02\img_moth_00002828.jpg,"[4000, 6000]",modelv1.0__2025-02-22 10:04:10
D:\moth_photos\database\batch_02\img_moth_00002829.jpg,"[4000, 6000]",modelv1.0__2025-02-22 10:04:10
D:\moth_photos\database\batch_02\img_moth_00002830.jpg,"[4000, 6000]",modelv1.0__2025-02-22 10:04:10
D:\moth_photos\database\batch_02\img_moth_00002831.jpg,"[4000, 6000]",modelv1.0__2025-02-22 10:04:10
D:\moth_photos\database\batch_02\img_moth_00002832.jpg,"[4000, 6000]",modelv1.0__2025-02-22 10:04:10
D:\moth_photos\database\batch_02\img_moth_00002833.jpg,"[4000, 6000]",modelv1.0__2025-02-22 10:04:10
D:\moth_photos\database\batch_02\img_moth_00002834.jpg,"[4000, 6000]",modelv1.0__2025-02-22 10:04:10
D:\moth_photos\database\batch_02\img_moth_00002835.jpg,"[4000, 6000]",modelv1.0__2025-02-22 10:04:10
D:\moth_photos\database\batch_02\img_moth_00002836.jpg,"[4000, 6000]",modelv1.0__2025-02-22 10:04:10
D:\moth_photos\database\batch_02\img_moth_00002837.jpg,"[4000, 6000]",modelv1.0__2025-02-22 10:04:10
D:\moth_photos\database\batch_02\img_moth_00002838.jpg,"[4000, 6000]",modelv1.0__2025-02-22 10:04:10
D:\moth_photos\database\batch_02\img_moth_00002839.jpg,"[4000, 6000]",modelv1.0__2025-02-22 10:04:10
D:\moth_photos\database\batch_02\img_moth_00002840.jpg,"[4000, 6000]",modelv1.0__2025-02-22 10:04:10
D:\moth_photos\database\batch_02\img_moth_00002841.jpg,"[4000, 6000]",modelv1.0__2025-02-22 10:04:10
D:\moth_photos\database\batch_02\img_moth_00002842.jpg,"[4000, 6000]",modelv1.0__2025-02-22 10:04:10
D:\moth_photos\database\batch_02\img_moth_00002843.jpg,"[4000, 6000]",modelv1.0__2025-02-22 10:04:10
D:\moth_photos\database\batch_02\img_moth_00002844.jpg,"[4000, 6000]",modelv1.0__2025-02-22 10:04:10
D:\moth_photos\database\batch_02\img_moth_00002845.jpg,"[4000, 6000]",modelv1.0__2025-02-22 10:04:10
D:\moth_photos\database\batch_02\img_moth_00002846.jpg,"[4000, 6000]",modelv1.0__2025-02-22 10:04:10
D:\moth_photos\database\batch_02\img_moth_00002847.jpg,"[4000, 6000]",modelv1.0__2025-02-22 10:04:10
D:\moth_photos\database\batch_02\img_moth_00002848.jpg,"[4000, 6000]",modelv1.0__2025-02-22 10:04:10
D:\moth_photos\database\batch_02\img_moth_00002849.jpg,"[4000, 6000]",modelv1.0__2025-02-22 10:04:10
D:\moth_photos\database\batch_02\img_moth_00002850.jpg,"[4000, 6000]",modelv1.0__2025-02-22 10:04:10
D:\moth_photos\database\batch_02\img_moth_00002851.jpg,"[4000, 6000]",modelv1.0__2025-02-22 10:04:10
D:\moth_photos\database\batch_02\img_moth_00002852.jpg,"[4000, 6000]",modelv1.0__2025-02-22 10:04:10
D:\moth_photos\database\batch_02\img_moth_00002853.jpg,"[4000, 6000]",modelv1.0__2025-02-22 10:04:10
D:\moth_photos\database\batch_02\img_moth_00002854.jpg,"[4000, 6000]",modelv1.0__2025-02-22 10:04:10
D:\moth_photos\database\batch_02\img_moth_00002855.jpg,"[4000, 6000]",modelv1.0__2025-02-22 10:04:10
D:\moth_photos\database\batch_02\img_moth_00002856.jpg,"[4000, 6000]",modelv1.0__2025-02-22 10:04:10
D:\moth_photos\database\batch_02\img_moth_00002857.jpg,"[4000, 6000]",modelv1.0__2025-02-22 10:04:10
D:\moth_photos\database\batch_02\img_moth_00002858.jpg,"[4000, 6000]",modelv1.0__2025-02-22 10:04:10
D:\moth_photos\database\batch_02\img_moth_00002859.jpg,"[4000, 6000]",modelv1.0__2025-02-22 10:04:10
D:\moth_photos\database\batch_02\img_moth_00002860.jpg,"[4000, 6000]",modelv1.0__2025-02-22 10:04:10
D:\moth_photos\database\batch_02\img_moth_00002861.jpg,"[4000, 6000]",modelv1.0__2025-02-22 10:04:10
D:\moth_photos\database\batch_02\img_moth_00002862.jpg,"[4000, 6000]",modelv1.0__2025-02-22 10:04:10
D:\moth_photos\database\batch_02\img_moth_00002863.jpg,"[4000, 6000]",modelv1.0__2025-02-22 10:04:10
D:\moth_photos\database\batch_02\img_moth_00002864.jpg,"[4000, 6000]",modelv1.0__2025-02-22 10:04:10
D:\moth_photos\database\batch_02\img_moth_00002865.jpg,"[4000, 6000]",modelv1.0__2025-02-22 10:04:10
D:\moth_photos\database\batch_02\img_moth_00002866.jpg,"[4000, 6000]",modelv1.0__2025-02-22 10:04:10
D:\moth_photos\database\batch_02\img_moth_00002867.jpg,"[4000, 6000]",modelv1.0__2025-02-22 10:04:10
D:\moth_photos\database\batch_02\img_moth_00002868.jpg,"[4000, 6000]",modelv1.0__2025-02-22 10:04:10
D:\moth_photos\database\batch_02\img_moth_00002869.jpg,"[4000, 6000]",modelv1.0__2025-02-22 10:04:10
D:\moth_photos\database\batch_02\img_moth_00002870.jpg,"[4000, 6000]",modelv1.0__2025-02-22 10:04:10
D:\moth_photos\database\batch_02\img_moth_00002871.jpg,"[4000, 6000]",modelv1.0__2025-02-22 10:04:10
D:\moth_photos\database\batch_02\img_moth_00002872.jpg,"[4000, 6000]",modelv1.0__2025-02-22 10:04:10
D:\moth_photos\database\batch_02\img_moth_00002873.jpg,"[4000, 6000]",modelv1.0__2025-02-22 10:04:10
D:\moth_photos\database\batch_02\img_moth_00002874.jpg,"[4000, 6000]",modelv1.0__2025-02-22 10:04:10
D:\moth_photos\database\batch_02\img_moth_00002875.jpg,"[4000, 6000]",modelv1.0__2025-02-22 10:04:10
D:\moth_photos\database\batch_02\img_moth_00002876.jpg,"[4000, 6000]",modelv1.0__2025-02-22 10:04:10
D:\moth_photos\database\batch_02\img_moth_00002877.jpg,"[4000, 6000]",modelv1.0__2025-02-22 10:04:10
D:\moth_photos\database\batch_02\img_moth_00002878.jpg,"[4000, 6000]",modelv1.0__2025-02-22 10:04:10
D:\moth_photos\database\batch_02\img_moth_00002879.jpg,"[4000, 6000]",modelv1.0__2025-02-22 10:04:10
D:\moth_photos\database\batch_02\img_moth_00002880.jpg,"[4000, 6000]",modelv1.0__2025-02-22 10:04:10
D:\moth_photos\database\batch_02\img_moth_00002881.jpg,"[4000, 6000]",modelv1.0__2025-02-22 10:04:10
D:\moth_photos\database\batch_02\img_moth_00002882.jpg,"[4000, 6000]",modelv1.0__2025-02-22 10:04:10
D:\moth_photos\database\batch_02\img_moth_00002883.jpg,"[4000, 6000]",modelv1.0__2025-02-22 10:04:10
D:\moth_photos\database\batch_02\img_moth_00002884.jpg,"[4000, 6000]",modelv1.0__2025-02-22 10:04:10
D:\moth_photos\database\batch_02\img_moth_00002885.jpg,"[4000, 6000]",modelv1.0__2025-02-22 10:04:10
D:\moth_photos\database\batch_02\img_moth_00002886.jpg,"[4000, 6000]",modelv1.0__2025-02-22 10:04:10
D:\moth_photos\database\batch_02\img_moth_00002887.jpg,"[4000, 6000]",modelv1.0__2025-02-22 10:04:10
D:\moth_photos\database\batch_02\img_moth_00002888.jpg,"[4000, 6000]",modelv1.0__2025-02-22 10:04:10
D:\moth_photos\database\batch_02\img_moth_00002889.jpg,"[4000, 6000]",modelv1.0__2025-02-22 10:04:10
D:\moth_photos\database\batch_02\img_moth_00002890.jpg,"[4000, 6000]",modelv1.0__2025-02-22 10:04:10
D:\moth_photos\database\batch_02\img_moth_00002891.jpg,"[4000, 6000]",modelv1.0__2025-02-22 10:04:10
D:\moth_photos\database\batch_02\img_moth_00002892.jpg,"[4000, 6000]",modelv1.0__2025-02-22 10:04:10
D:\moth_photos\database\batch_02\img_moth_00002893.jpg,"[4000, 6000]",modelv1.0__2025-02-22 10:04:10
D:\moth_photos\database\batch_02\img_moth_00002894.jpg,"[4000, 6000]",modelv1.0__2025-02-22 10:04:10
D:\moth_photos\database\batch_02\img_moth_00002895.jpg,"[4000, 6000]",modelv1.0__2025-02-22 10:04:10
D:\moth_photos\database\batch_02\img_moth_00002896.jpg,"[4000, 6000]",modelv1.0__2025-02-22 10:04:10
D:\moth_photos\database\batch_02\img_moth_00002897.jpg,"[4000, 6000]",modelv1.0__2025-02-22 10:04:10
D:\moth_photos\database\batch_02\img_moth_00002898.jpg,"[4000, 6000]",modelv1.0__2025-02-22 10:04:10
D:\moth_photos\database\batch_02\img_moth_00002899.jpg,"[4000, 6000]",modelv1.0__2025-02-22 10:04:10
D:\moth_photos\database\batch_02\img_moth_00002900.jpg,"[4000, 6000]",modelv1.0__2025-02-22 10:04:10
D:\moth_photos\database\batch_02\img_moth_00002901.jpg,"[4000, 6000]",modelv1.0__2025-02-22 10:04:10
D:\moth_photos\database\batch_02\img_moth_00002902.jpg,"[4000, 6000]",modelv1.0__2025-02-22 10:04:10
D:\moth_photos\database\batch_02\img_moth_00002903.jpg,"[4000, 6000]",modelv1.0__2025-02-22 10:04:10
D:\moth_photos\database\batch_02\img_moth_00002904.jpg,"[4000, 6000]",modelv1.0__2025-02-22 10:04:10
D:\moth_photos\database\batch_02\img_moth_00002905.jpg,"[4000, 6000]",modelv1.0__2025-02-22 10:04:10
D:\moth_photos\database\batch_02\img_moth_00002906.jpg,"[4000, 6000]",modelv1.0__2025-02-22 10:04:10
D:\moth_photos\database\batch_02\img_moth_00002907.jpg,"[4000, 6000]",modelv1.0__2025-02-22 10:04:10
D:\moth_photos\database\batch_02\img_moth_00002908.jpg,"[4000, 6000]",modelv1.0__2025-02-22 10:04:10
D:\moth_photos\database\batch_02\img_moth_00002909.jpg,"[4000, 6000]",modelv1.0__2025-02-22 10:04:10
D:\moth_photos\database\batch_02\img_moth_00002910.jpg,"[4000, 6000]",modelv1.0__2025-02-22 10:04:10
D:\moth_photos\database\batch_02\img_moth_00002911.jpg,"[4000, 6000]",modelv1.0__2025-02-22 10:04:10
D:\moth_photos\database\batch_02\img_moth_00002912.jpg,"[4000, 6000]",modelv1.0__2025-02-22 10:04:10
D:\moth_photos\database\batch_02\img_moth_00002913.jpg,"[4000, 6000]",modelv1.0__2025-02-22 10:04:10
D:\moth_photos\database\batch_02\img_moth_00002914.jpg,"[4000, 6000]",modelv1.0__2025-02-22 10:04:10
D:\moth_photos\database\batch_02\img_moth_00002915.jpg,"[4000, 6000]",modelv1.0__2025-02-22 10:04:10
D:\moth_photos\database\batch_02\img_moth_00002916.jpg,"[4000, 6000]",modelv1.0__2025-02-22 10:04:10
D:\moth_photos\database\batch_02\img_moth_00002917.jpg,"[4000, 6000]",modelv1.0__2025-02-22 10:04:10
D:\moth_photos\database\batch_02\img_moth_00002918.jpg,"[4000, 6000]",modelv1.0__2025-02-22 10:04:10
D:\moth_photos\database\batch_02\img_moth_00002919.jpg,"[4000, 6000]",modelv1.0__2025-02-22 10:04:10
D:\moth_photos\database\batch_02\img_moth_00002920.jpg,"[4000, 6000]",modelv1.0__2025-02-22 10:04:10
D:\moth_photos\database\batch_02\img_moth_00002921.jpg,"[4000, 6000]",modelv1.0__2025-02-22 10:04:10
D:\moth_photos\database\batch_02\img_moth_00002922.jpg,"[4000, 6000]",modelv1.0__2025-02-22 10:04:10
D:\moth_photos\database\batch_02\img_moth_00002923.jpg,"[4000, 6000]",modelv1.0__2025-02-22 10:04:10
D:\moth_photos\database\batch_02\img_moth_00002924.jpg,"[4000, 6000]",modelv1.0__2025-02-22 10:04:10
D:\moth_photos\database\batch_02\img_moth_00002925.jpg,"[4000, 6000]",modelv1.0__2025-02-22 10:04:10
D:\moth_photos\database\batch_02\img_moth_00002926.jpg,"[4000, 6000]",modelv1.0__2025-02-22 10:04:10
D:\moth_photos\database\batch_02\img_moth_00002927.jpg,"[4000, 6000]",modelv1.0__2025-02-22 10:04:10
D:\moth_photos\database\batch_02\img_moth_00002928.jpg,"[4000, 6000]",modelv1.0__2025-02-22 10:04:10
D:\moth_photos\database\batch_02\img_moth_00002929.jpg,"[4000, 6000]",modelv1.0__2025-02-22 10:04:10
D:\moth_photos\database\batch_02\img_moth_00002930.jpg,"[4000, 6000]",modelv1.0__2025-02-22 10:04:10
D:\moth_photos\database\batch_02\img_moth_00002931.jpg,"[4000, 6000]",modelv1.0__2025-02-22 10:04:10
D:\moth_photos\database\batch_02\img_moth_00002932.jpg,"[4000, 6000]",modelv1.0__2025-02-22 10:04:10
D:\moth_photos\database\batch_02\img_moth_00002933.jpg,"[4000, 6000]",modelv1.0__2025-02-22 10:04:10
D:\moth_photos\database\batch_02\img_moth_00002934.jpg,"[4000, 6000]",modelv1.0__2025-02-22 10:04:10
D:\moth_photos\database\batch_02\img_moth_00002935.jpg,"[4000, 6000]",modelv1.0__2025-02-22 10:04:10
D:\moth_photos\database\batch_02\img_moth_00002936.jpg,"[4000, 6000]",modelv1.0__2025-02-22 10:04:10
D:\moth_photos\database\batch_02\img_moth_00002937.jpg,"[4000, 6000]",modelv1.0__2025-02-22 10:04:10
D:\moth_photos\database\batch_02\img_moth_00002938.jpg,"[4000, 6000]",modelv1.0__2025-02-22 10:04:10
D:\moth_photos\database\batch_02\img_moth_00002939.jpg,"[4000, 6000]",modelv1.0__2025-02-22 10:04:10
D:\moth_photos\database\batch_02\img_moth_00002940.jpg,"[4000, 6000]",modelv1.0__2025-02-22 10:04:10
D:\moth_photos\database\batch_02\img_moth_00002941.jpg,"[4000, 6000]",modelv1.0__2025-02-22 10:04:10
D:\moth_photos\database\batch_02\img_moth_00002942.jpg,"[4000, 6000]",modelv1.0__2025-02-22 10:04:10
D:\moth_photos\database\batch_02\img_moth_00002943.jpg,"[4000, 6000]",modelv1.0__2025-02-22 10:04:10
D:\moth_photos\database\batch_02\img_moth_00002944.jpg,"[4000, 6000]",modelv1.0__2025-02-22 10:04:10
D:\moth_photos\database\batch_02\img_moth_00002945.jpg,"[4000, 6000]",modelv1.0__2025-02-22 10:04:10
D:\moth_photos\database\batch_02\img_moth_00002946.jpg,"[4000, 6000]",modelv1.0__2025-02-22 10:04:10
D:\moth_photos\database\batch_02\img_moth_00002947.jpg,"[4000, 6000]",modelv1.0__2025-02-22 10:04:10
D:\moth_photos\database\batch_02\img_moth_00002948.jpg,"[4000, 6000]",modelv1.0__2025-02-22 10:04:10
D:\moth_photos\database\batch_02\img_moth_00002949.jpg,"[4000, 6000]",modelv1.0__2025-02-22 10:04:10
D:\moth_photos\database\batch_02\img_moth_00002950.jpg,"[4000, 6000]",modelv1.0__2025-02-22 10:04:10
D:\moth_photos\database\batch_02\img_moth_00002951.jpg,"[4000, 6000]",modelv1.0__2025-02-22 10:04:10
D:\moth_photos\database\batch_02\img_moth_00002952.jpg,"[4000, 6000]",modelv1.0__2025-02-22 10:04:10
D:\moth_photos\database\batch_02\img_moth_00002953.jpg,"[4000, 6000]",modelv1.0__2025-02-22 10:04:10
D:\moth_photos\database\batch_02\img_moth_00002954.jpg,"[4000, 6000]",modelv1.0__2025-02-22 10:04:10
D:\moth_photos\database\batch_02\img_moth_00002955.jpg,"[4000, 6000]",modelv1.0__2025-02-22 10:04:10
D:\moth_photos\database\batch_02\img_moth_00002956.jpg,"[4000, 6000]",modelv1.0__2025-02-22 10:04:10
D:\moth_photos\database\batch_02\img_moth_00002957.jpg,"[4000, 6000]",modelv1.0__2025-02-22 10:04:10
D:\moth_photos\database\batch_02\img_moth_00002958.jpg,"[4000, 6000]",modelv1.0__2025-02-22 10:04:10
D:\moth_photos\database\batch_02\img_moth_00002959.jpg,"[4000, 6000]",modelv1.0__2025-02-22 10:04:10
D:\moth_photos\database\batch_02\img_moth_00002960.jpg,"[4000, 6000]",modelv1.0__2025-02-22 10:04:10
D:\moth_photos\database\batch_02\img_moth_00002961.jpg,"[4000, 6000]",modelv1.0__2025-02-22 10:04:10
D:\moth_photos\database\batch_02\img_moth_00002962.jpg,"[4000, 6000]",modelv1.0__2025-02-22 10:04:10
D:\moth_photos\database\batch_02\img_moth_00002963.jpg,"[4000, 6000]",modelv1.0__2025-02-22 10:04:10
D:\moth_photos\database\batch_02\img_moth_00002964.jpg,"[4000, 6000]",modelv1.0__2025-02-22 10:04:10
D:\moth_photos\database\batch_02\img_moth_00002965.jpg,"[4000, 6000]",modelv1.0__2025-02-22 10:04:10
D:\moth_photos\database\batch_02\img_moth_00002966.jpg,"[4000, 6000]",modelv1.0__2025-02-22 10:04:10
D:\moth_photos\database\batch_02\img_moth_00002967.jpg,"[4000, 6000]",modelv1.0__2025-02-22 10:04:10
D:\moth_photos\database\batch_02\img_moth_00002968.jpg,"[4000, 6000]",modelv1.0__2025-02-22 10:04:10
D:\moth_photos\database\batch_02\img_moth_00002969.jpg,"[4000, 6000]",modelv1.0__2025-02-22 10:04:10
D:\moth_photos\database\batch_02\img_moth_00002970.jpg,"[4000, 6000]",modelv1.0__2025-02-22 10:04:10
D:\moth_photos\database\batch_02\img_moth_00002971.jpg,"[4000, 6000]",modelv1.0__2025-02-22 10:04:10
D:\moth_photos\database\batch_02\img_moth_00002972.jpg,"[4000, 6000]",modelv1.0__2025-02-22 10:04:10
D:\moth_photos\database\batch_02\img_moth_00002973.jpg,"[4000, 6000]",modelv1.0__2025-02-22 10:04:10
D:\moth_photos\database\batch_02\img_moth_00002974.jpg,"[4000, 6000]",modelv1.0__2025-02-22 10:04:10
D:\moth_photos\database\batch_02\img_moth_00002975.jpg,"[4000, 6000]",modelv1.0__2025-02-22 10:04:10
D:\moth_photos\database\batch_02\img_moth_00002976.jpg,"[4000, 6000]",modelv1.0__2025-02-22 10:04:10
D:\moth_photos\database\batch_02\img_moth_00002977.jpg,"[4000, 6000]",modelv1.0__2025-02-22 10:04:10
D:\moth_photos\database\batch_02\img_moth_00002978.jpg,"[4000, 6000]",modelv1.0__2025-02-22 10:04:10
D:\moth_photos\database\batch_02\img_moth_00002979.jpg,"[4000, 6000]",modelv1.0__2025-02-22 10:04:10
D:\moth_photos\database\batch_02\img_moth_00002980.jpg,"[4000, 6000]",modelv1.0__2025-02-22 10:04:10
D:\moth_photos\database\batch_02\img_moth_00002981.jpg,"[4000, 6000]",modelv1.0__2025-02-22 10:04:10
D:\moth_photos\database\batch_02\img_moth_00002982.jpg,"[4000, 6000]",modelv1.0__2025-02-22 10:04:10
D:\moth_photos\database\batch_02\img_moth_00002983.jpg,"[4000, 6000]",modelv1.0__2025-02-22 10:04:10
D:\moth_photos\database\batch_02\img_moth_00002984.jpg,"[4000, 6000]",modelv1.0__2025-02-22 10:04:10
D:\moth_photos\database\batch_02\img_moth_00002985.jpg,"[4000, 6000]",modelv1.0__2025-02-22 10:04:10
D:\moth_photos\database\batch_02\img_moth_00002986.jpg,"[4000, 6000]",modelv1.0__2025-02-22 10:04:10
D:\moth_photos\database\batch_02\img_moth_00002987.jpg,"[4000, 6000]",modelv1.0__2025-02-22 10:04:10
D:\moth_photos\database\batch_02\img_moth_00002988.jpg,"[4000, 6000]",modelv1.0__2025-02-22 10:04:10
D:\moth_photos\database\batch_02\img_moth_00002989.jpg,"[4000, 6000]",modelv1.0__2025-02-22 10:04:10
D:\moth_photos\database\batch_02\img_moth_00002990.jpg,"[4000, 6000]",modelv1.0__2025-02-22 10:04:10
D:\moth_photos\database\batch_02\img_moth_00002991.jpg,"[4000, 6000]",modelv1.0__2025-02-22 10:04:10
D:\moth_photos\database\batch_02\img_moth_00002992.jpg,"[4000, 6000]",modelv1.0__2025-02-22 10:04:10
D:\moth_photos\database\batch_02\img_moth_00002993.jpg,"[4000, 6000]",modelv1.0__2025-02-22 10:04:10
D:\moth_photos\database\batch_02\img_moth_00002994.jpg,"[4000, 6000]",modelv1.0__2025-02-22 10:04:10
D:\moth_photos\database\batch_02\img_moth_00002995.jpg,"[4000, 6000]",modelv1.0__2025-02-22 10:04:10
D:\moth_photos\database\batch_02\img_moth_00002996.jpg,"[4000, 6000]",modelv1.0__2025-02-22 10:04:10
D:\moth_photos\database\batch_02\img_moth_00002997.jpg,"[4000, 6000]",modelv1.0__2025-02-22 10:04:10
D:\moth_photos\database\batch_02\img_moth_00002998.jpg,"[4000, 6000]",modelv1.0__2025-02-22 10:04:10
D:\moth_photos\database\batch_02\img_moth_00002999.jpg,"[4000, 6000]",modelv1.0__2025-02-22 10:04:10
D:\moth_photos\database\batch_02\img_moth_00003000.jpg,"[4000, 6000]",modelv1.0__2025-02-22 10:04:10
D:\moth_photos\database\batch_02\img_moth_00003001.jpg,"[4000, 6000]",modelv1.0__2025-02-22 10:04:10
D:\moth_photos\database\batch_02\img_moth_00003002.jpg,"[4000, 6000]",modelv1.0__2025-02-22 10:04:10
D:\moth_photos\database\batch_02\img_moth_00003003.jpg,"[4000, 6000]",modelv1.0__2025-02-22 10:04:10
D:\moth_photos\database\batch_02\img_moth_00003004.jpg,"[4000, 6000]",modelv1.0__2025-02-22 10:04:10
D:\moth_photos\database\batch_02\img_moth_00003005.jpg,"[4000, 6000]",modelv1.0__2025-02-22 10:04:10
D:\moth_photos\database\batch_02\img_moth_00003006.jpg,"[4000, 6000]",modelv1.0__2025-02-22 10:04:10
D:\moth_photos\database\batch_02\img_moth_00003007.jpg,"[4000, 6000]",modelv1.0__2025-02-22 10:04:10
D:\moth_photos\database\batch_02\img_moth_00003008.jpg,"[4000, 6000]",modelv1.0__2025-02-22 10:04:10
D:\moth_photos\database\batch_02\img_moth_00003009.jpg,"[4000, 6000]",modelv1.0__2025-02-22 10:04:10
D:\moth_photos\database\batch_02\img_moth_00003010.jpg,"[4000, 6000]",modelv1.0__2025-02-22 10:04:10
D:\moth_photos\database\batch_02\img_moth_00003011.jpg,"[4000, 6000]",modelv1.0__2025-02-22 10:04:10
D:\moth_photos\database\batch_02\img_moth_00003012.jpg,"[4000, 6000]",modelv1.0__2025-02-22 10:04:10
D:\moth_photos\database\batch_02\img_moth_00003013.jpg,"[4000, 6000]",modelv1.0__2025-02-22 10:04:10
D:\moth_photos\database\batch_02\img_moth_00003014.jpg,"[4000, 6000]",modelv1.0__2025-02-22 10:04:10
D:\moth_photos\database\batch_02\img_moth_00003015.jpg,"[4000, 6000]",modelv1.0__2025-02-22 10:04:10
D:\moth_photos\database\batch_02\img_moth_00003016.jpg,"[4000, 6000]",modelv1.0__2025-02-22 10:04:10
D:\moth_photos\database\batch_02\img_moth_00003017.jpg,"[4000, 6000]",modelv1.0__2025-02-22 10:04:10
D:\moth_photos\database\batch_02\img_moth_00003018.jpg,"[4000, 6000]",modelv1.0__2025-02-22 10:04:10
D:\moth_photos\database\batch_02\img_moth_00003019.jpg,"[4000, 6000]",modelv1.0__2025-02-22 10:04:10
D:\moth_photos\database\batch_02\img_moth_00003020.jpg,"[4000, 6000]",modelv1.0__2025-02-22 10:04:10
D:\moth_photos\database\batch_02\img_moth_00003021.jpg,"[4000, 6000]",modelv1.0__2025-02-22 10:04:10
D:\moth_photos\database\batch_02\img_moth_00003022.jpg,"[4000, 6000]",modelv1.0__2025-02-22 10:04:10
D:\moth_photos\database\batch_02\img_moth_00003023.jpg,"[4000, 6000]",modelv1.0__2025-02-22 10:04:10
D:\moth_photos\database\batch_02\img_moth_00003024.jpg,"[4000, 6000]",modelv1.0__2025-02-22 10:04:10
D:\moth_photos\database\batch_02\img_moth_00003025.jpg,"[4000, 6000]",modelv1.0__2025-02-22 10:04:10
D:\moth_photos\database\batch_02\img_moth_00003026.jpg,"[4000, 6000]",modelv1.0__2025-02-22 10:04:10
D:\moth_photos\database\batch_02\img_moth_00003027.jpg,"[4000, 6000]",modelv1.0__2025-02-22 10:04:10
D:\moth_photos\database\batch_02\img_moth_00003028.jpg,"[4000, 6000]",modelv1.0__2025-02-22 10:04:10
D:\moth_photos\database\batch_02\img_moth_00003029.jpg,"[4000, 6000]",modelv1.0__2025-02-22 10:04:10
D:\moth_photos\database\batch_02\img_moth_00003030.jpg,"[4000, 6000]",modelv1.0__2025-02-22 10:04:10
D:\moth_photos\database\batch_02\img_moth_00003031.jpg,"[4000, 6000]",modelv1.0__2025-02-22 10:04:10
D:\moth_photos\database\batch_02\img_moth_00003032.jpg,"[4000, 6000]",modelv1.0__2025-02-22 10:04:10
D:\moth_photos\database\batch_02\img_moth_00003033.jpg,"[4000, 6000]",modelv1.0__2025-02-22 10:04:10
D:\moth_photos\database\batch_02\img_moth_00003034.jpg,"[4000, 6000]",modelv1.0__2025-02-22 10:04:10
D:\moth_photos\database\batch_02\img_moth_00003035.jpg,"[4000, 6000]",modelv1.0__2025-02-22 10:04:10
D:\moth_photos\database\batch_02\img_moth_00003036.jpg,"[4000, 6000]",modelv1.0__2025-02-22 10:04:10
D:\moth_photos\database\batch_02\img_moth_00003037.jpg,"[4000, 6000]",modelv1.0__2025-02-22 10:04:10
D:\moth_photos\database\batch_02\img_moth_00003038.jpg,"[4000, 6000]",modelv1.0__2025-02-22 10:04:10
D:\moth_photos\database\batch_02\img_moth_00003039.jpg,"[4000, 6000]",modelv1.0__2025-02-22 10:04:10
D:\moth_photos\database\batch_02\img_moth_00003040.jpg,"[4000, 6000]",modelv1.0__2025-02-22 10:04:10
D:\moth_photos\database\batch_02\img_moth_00003041.jpg,"[4000, 6000]",modelv1.0__2025-02-22 10:04:10
D:\moth_photos\database\batch_02\img_moth_00003042.jpg,"[4000, 6000]",modelv1.0__2025-02-22 10:04:10
D:\moth_photos\database\batch_02\img_moth_00003043.jpg,"[4000, 6000]",modelv1.0__2025-02-22 10:04:10
D:\moth_photos\database\batch_02\img_moth_00003044.jpg,"[4000, 6000]",modelv1.0__2025-02-22 10:04:10
D:\moth_photos\database\batch_02\img_moth_00003045.jpg,"[4000, 6000]",modelv1.0__2025-02-22 10:04:10
D:\moth_photos\database\batch_02\img_moth_00003046.jpg,"[4000, 6000]",modelv1.0__2025-02-22 10:04:10
D:\moth_photos\database\batch_02\img_moth_00003047.jpg,"[4000, 6000]",modelv1.0__2025-02-22 10:04:10
D:\moth_photos\database\batch_02\img_moth_00003048.jpg,"[4000, 6000]",modelv1.0__2025-02-22 10:04:10
D:\moth_photos\database\batch_02\img_moth_00003049.jpg,"[4000, 6000]",modelv1.0__2025-02-22 10:04:10
D:\moth_photos\database\batch_02\img_moth_00003050.jpg,"[4000, 6000]",modelv1.0__2025-02-22 10:04:10
D:\moth_photos\database\batch_02\img_moth_00003051.jpg,"[4000, 6000]",modelv1.0__2025-02-22 10:04:10
D:\moth_photos\database\batch_02\img_moth_00003052.jpg,"[4000, 6000]",modelv1.0__2025-02-22 10:04:10
D:\moth_photos\database\batch_02\img_moth_00003053.jpg,"[4000, 6000]",modelv1.0__2025-02-22 10:04:10
D:\moth_photos\database\batch_02\img_moth_00003054.jpg,"[4000, 6000]",modelv1.0__2025-02-22 10:04:10
D:\moth_photos\database\batch_02\img_moth_00003055.jpg,"[4000, 6000]",modelv1.0__2025-02-22 10:04:10
D:\moth_photos\database\batch_02\img_moth_00003056.jpg,"[4000, 6000]",modelv1.0__2025-02-22 10:04:10
D:\moth_photos\database\batch_02\img_moth_00003057.jpg,"[4000, 6000]",modelv1.0__2025-02-22 10:04:10
D:\moth_photos\database\batch_02\img_moth_00003058.jpg,"[4000, 6000]",modelv1.0__2025-02-22 10:04:10
D:\moth_photos\database\batch_02\img_moth_00003059.jpg,"[4000, 6000]",modelv1.0__2025-02-22 10:04:10
D:\moth_photos\database\batch_02\img_moth_00003060.jpg,"[4000, 6000]",modelv1.0__2025-02-22 10:04:10
D:\moth_photos\database\batch_02\img_moth_00003061.jpg,"[4000, 6000]",modelv1.0__2025-02-22 10:04:10
D:\moth_photos\database\batch_02\img_moth_00003062.jpg,"[4000, 6000]",modelv1.0__2025-02-22 10:04:10
D:\moth_photos\database\batch_02\img_moth_00003063.jpg,"[4000, 6000]",modelv1.0__2025-02-22 10:04:10
D:\moth_photos\database\batch_02\img_moth_00003064.jpg,"[4000, 6000]",modelv1.0__2025-02-22 10:04:10
D:\moth_photos\database\batch_02\img_moth_00003065.jpg,"[4000, 6000]",modelv1.0__2025-02-22 10:04:10
D:\moth_photos\database\batch_02\img_moth_00003066.jpg,"[4000, 6000]",modelv1.0__2025-02-22 10:04:10
D:\moth_photos\database\batch_02\img_moth_00003067.jpg,"[4000, 6000]",modelv1.0__2025-02-22 10:04:10
D:\moth_photos\database\batch_02\img_moth_00003068.jpg,"[4000, 6000]",modelv1.0__2025-02-22 10:04:10
D:\moth_photos\database\batch_02\img_moth_00003069.jpg,"[4000, 6000]",modelv1.0__2025-02-22 10:04:10
D:\moth_photos\database\batch_02\img_moth_00003070.jpg,"[4000, 6000]",modelv1.0__2025-02-22 10:04:10
D:\moth_photos\database\batch_02\img_moth_00003071.jpg,"[4000, 6000]",modelv1.0__2025-02-22 10:04:10
D:\moth_photos\database\batch_02\img_moth_00003072.jpg,"[4000, 6000]",modelv1.0__2025-02-22 10:04:10
D:\moth_photos\database\batch_02\img_moth_00003073.jpg,"[4000, 6000]",modelv1.0__2025-02-22 10:04:10
D:\moth_photos\database\batch_02\img_moth_00003074.jpg,"[4000, 6000]",modelv1.0__2025-02-22 10:04:10
D:\moth_photos\database\batch_02\img_moth_00003075.jpg,"[4000, 6000]",modelv1.0__2025-02-22 10:04:10
D:\moth_photos\database\batch_02\img_moth_00003076.jpg,"[4000, 6000]",modelv1.0__2025-02-22 10:04:10
D:\moth_photos\database\batch_02\img_moth_00003077.jpg,"[4000, 6000]",modelv1.0__2025-02-22 10:04:10
D:\moth_photos\database\batch_02\img_moth_00003078.jpg,"[4000, 6000]",modelv1.0__2025-02-22 10:04:10
D:\moth_photos\database\batch_02\img_moth_00003079.jpg,"[4000, 6000]",modelv1.0__2025-02-22 10:04:10
D:\moth_photos\database\batch_02\img_moth_00003080.jpg,"[4000, 6000]",modelv1.0__2025-02-22 10:04:10
D:\moth_photos\database\batch_02\img_moth_00003081.jpg,"[4000, 6000]",modelv1.0__2025-02-22 10:04:10
D:\moth_photos\database\batch_02\img_moth_00003082.jpg,"[4000, 6000]",modelv1.0__2025-02-22 10:04:10
D:\moth_photos\database\batch_02\img_moth_00003083.jpg,"[4000, 6000]",modelv1.0__2025-02-22 10:04:10
D:\moth_photos\database\batch_02\img_moth_00003084.jpg,"[4000, 6000]",modelv1.0__2025-02-22 10:04:10
D:\moth_photos\database\batch_02\img_moth_00003085.jpg,"[4000, 6000]",modelv1.0__2025-02-22 10:04:10
D:\moth_photos\database\batch_02\img_moth_00003086.jpg,"[4000, 6000]",modelv1.0__2025-02-22 10:04:10
D:\moth_photos\database\batch_02\img_moth_00003087.jpg,"[4000, 6000]",modelv1.0__2025-02-22 10:04:10
D:\moth_photos\database\batch_02\img_moth_00003088.jpg,"[4000, 6000]",modelv1.0__2025-02-22 10:04:10
D:\moth_photos\database\batch_02\img_moth_00003089.jpg,"[4000, 6000]",modelv1.0__2025-02-22 10:04:10
D:\moth_photos\database\batch_02\img_moth_00003090.jpg,"[4000, 6000]",modelv1.0__2025-02-22 10:04:10
D:\moth_photos\database\batch_02\img_moth_00003091.jpg,"[4000, 6000]",modelv1.0__2025-02-22 10:04:10
D:\moth_photos\database\batch_02\img_moth_00003092.jpg,"[4000, 6000]",modelv1.0__2025-02-22 10:04:10
D:\moth_photos\database\batch_02\img_moth_00003093.jpg,"[4000, 6000]",modelv1.0__2025-02-22 10:04:10
D:\moth_photos\database\batch_02\img_moth_00003094.jpg,"[4000, 6000]",modelv1.0__2025-02-22 10:04:10
D:\moth_photos\database\batch_02\img_moth_00003095.jpg,"[4000, 6000]",modelv1.0__2025-02-22 10:04:10
D:\moth_photos\database\batch_02\img_moth_00003096.jpg,"[4000, 6000]",modelv1.0__2025-02-22 10:04:10
D:\moth_photos\database\batch_02\img_moth_00003097.jpg,"[4000, 6000]",modelv1.0__2025-02-22 10:04:10
D:\moth_photos\database\batch_02\img_moth_00003098.jpg,"[4000, 6000]",modelv1.0__2025-02-22 10:04:10
D:\moth_photos\database\batch_02\img_moth_00003099.jpg,"[4000, 6000]",modelv1.0__2025-02-22 10:04:10
D:\moth_photos\database\batch_02\img_moth_00003100.jpg,"[4000, 6000]",modelv1.0__2025-02-22 10:04:10
D:\moth_photos\database\batch_02\img_moth_00003101.jpg,"[4000, 6000]",modelv1.0__2025-02-22 10:04:10
D:\moth_photos\database\batch_02\img_moth_00003102.jpg,"[4000, 6000]",modelv1.0__2025-02-22 10:04:10
D:\moth_photos\database\batch_02\img_moth_00003103.jpg,"[4000, 6000]",modelv1.0__2025-02-22 10:04:10
D:\moth_photos\database\batch_02\img_moth_00003104.jpg,"[4000, 6000]",modelv1.0__2025-02-22 10:04:10
D:\moth_photos\database\batch_02\img_moth_00003105.jpg,"[4000, 6000]",modelv1.0__2025-02-22 10:04:10
D:\moth_photos\database\batch_02\img_moth_00003106.jpg,"[4000, 6000]",modelv1.0__2025-02-22 10:04:10
D:\moth_photos\database\batch_02\img_moth_00003107.jpg,"[4000, 6000]",modelv1.0__2025-02-22 10:04:10
D:\moth_photos\database\batch_02\img_moth_00003108.jpg,"[4000, 6000]",modelv1.0__2025-02-22 10:04:10
D:\moth_photos\database\batch_02\img_moth_00003109.jpg,"[4000, 6000]",modelv1.0__2025-02-22 10:04:10
D:\moth_photos\database\batch_02\img_moth_00003110.jpg,"[4000, 6000]",modelv1.0__2025-02-22 10:04:10
D:\moth_photos\database\batch_02\img_moth_00003111.jpg,"[4000, 6000]",modelv1.0__2025-02-22 10:04:10
D:\moth_photos\database\batch_02\img_moth_00003112.jpg,"[4000, 6000]",modelv1.0__2025-02-22 10:04:10
D:\moth_photos\database\batch_02\img_moth_00003113.jpg,"[4000, 6000]",modelv1.0__2025-02-22 10:04:10
D:\moth_photos\database\batch_02\img_moth_00003114.jpg,"[4000, 6000]",modelv1.0__2025-02-22 10:04:10
D:\moth_photos\database\batch_02\img_moth_00003115.jpg,"[4000, 6000]",modelv1.0__2025-02-22 10:04:10
D:\moth_photos\database\batch_02\img_moth_00003116.jpg,"[4000, 6000]",modelv1.0__2025-02-22 10:04:10
D:\moth_photos\database\batch_02\img_moth_00003117.jpg,"[4000, 6000]",modelv1.0__2025-02-22 10:04:10
D:\moth_photos\database\batch_02\img_moth_00003118.jpg,"[4000, 6000]",modelv1.0__2025-02-22 10:04:10
D:\moth_photos\database\batch_02\img_moth_00003119.jpg,"[4000, 6000]",modelv1.0__2025-02-22 10:04:10
D:\moth_photos\database\batch_02\img_moth_00003120.jpg,"[4000, 6000]",modelv1.0__2025-02-22 10:04:10
D:\moth_photos\database\batch_02\img_moth_00003121.jpg,"[4000, 6000]",modelv1.0__2025-02-22 10:04:10
D:\moth_photos\database\batch_02\img_moth_00003122.jpg,"[4000, 6000]",modelv1.0__2025-02-22 10:04:10
D:\moth_photos\database\batch_02\img_moth_00003123.jpg,"[4000, 6000]",modelv1.0__2025-02-22 10:04:10
D:\moth_photos\database\batch_02\img_moth_00003124.jpg,"[4000, 6000]",modelv1.0__2025-02-22 10:04:10
D:\moth_photos\database\batch_02\img_moth_00003125.jpg,"[4000, 6000]",modelv1.0__2025-02-22 10:04:10
D:\moth_photos\database\batch_02\img_moth_00003126.jpg,"[4000, 6000]",modelv1.0__2025-02-22 10:04:10
D:\moth_photos\database\batch_02\img_moth_00003127.jpg,"[4000, 6000]",modelv1.0__2025-02-22 10:04:10
D:\moth_photos\database\batch_02\img_moth_00003128.jpg,"[4000, 6000]",modelv1.0__2025-02-22 10:04:10
D:\moth_photos\database\batch_02\img_moth_00003129.jpg,"[4000, 6000]",modelv1.0__2025-02-22 10:04:10
D:\moth_photos\database\batch_02\img_moth_00003130.jpg,"[4000, 6000]",modelv1.0__2025-02-22 10:04:10
D:\moth_photos\database\batch_02\img_moth_00003131.jpg,"[4000, 6000]",modelv1.0__2025-02-22 10:04:10
D:\moth_photos\database\batch_02\img_moth_00003132.jpg,"[4000, 6000]",modelv1.0__2025-02-22 10:04:10
D:\moth_photos\database\batch_02\img_moth_00003133.jpg,"[4000, 6000]",modelv1.0__2025-02-22 10:04:10
D:\moth_photos\database\batch_02\img_moth_00003134.jpg,"[4000, 6000]",modelv1.0__2025-02-22 10:04:10
D:\moth_photos\database\batch_02\img_moth_00003135.jpg,"[4000, 6000]",modelv1.0__2025-02-22 10:04:10
D:\moth_photos\database\batch_02\img_moth_00003136.jpg,"[4000, 6000]",modelv1.0__2025-02-22 10:04:10
D:\moth_photos\database\batch_02\img_moth_00003137.jpg,"[4000, 6000]",modelv1.0__2025-02-22 10:04:10
D:\moth_photos\database\batch_02\img_moth_00003138.jpg,"[4000, 6000]",modelv1.0__2025-02-22 10:04:10
D:\moth_photos\database\batch_02\img_moth_00003139.jpg,"[4000, 6000]",modelv1.0__2025-02-22 10:04:10
D:\moth_photos\database\batch_02\img_moth_00003140.jpg,"[4000, 6000]",modelv1.0__2025-02-22 10:04:10
D:\moth_photos\database\batch_02\img_moth_00003141.jpg,"[4000, 6000]",modelv1.0__2025-02-22 10:04:10
D:\moth_photos\database\batch_02\img_moth_00003142.jpg,"[4000, 6000]",modelv1.0__2025-02-22 10:04:10
D:\moth_photos\database\batch_02\img_moth_00003143.jpg,"[4000, 6000]",modelv1.0__2025-02-22 10:04:10
D:\moth_photos\database\batch_02\img_moth_00003144.jpg,"[4000, 6000]",modelv1.0__2025-02-22 10:04:10
D:\moth_photos\database\batch_02\img_moth_00003145.jpg,"[4000, 6000]",modelv1.0__2025-02-22 10:04:10
D:\moth_photos\database\batch_02\img_moth_00003146.jpg,"[4000, 6000]",modelv1.0__2025-02-22 10:04:10
D:\moth_photos\database\batch_02\img_moth_00003147.jpg,"[4000, 6000]",modelv1.0__2025-02-22 10:04:10
D:\moth_photos\database\batch_02\img_moth_00003148.jpg,"[4000, 6000]",modelv1.0__2025-02-22 10:04:10
D:\moth_photos\database\batch_02\img_moth_00003149.jpg,"[4000, 6000]",modelv1.0__2025-02-22 10:04:10
D:\moth_photos\database\batch_02\img_moth_00003150.jpg,"[4000, 6000]",modelv1.0__2025-02-22 10:04:10
D:\moth_photos\database\batch_02\img_moth_00003151.jpg,"[4000, 6000]",modelv1.0__2025-02-22 10:04:10
D:\moth_photos\database\batch_02\img_moth_00003152.jpg,"[4000, 6000]",modelv1.0__2025-02-22 10:04:10
D:\moth_photos\database\batch_02\img_moth_00003153.jpg,"[4000, 6000]",modelv1.0__2025-02-22 10:04:10
D:\moth_photos\database\batch_02\img_moth_00003154.jpg,"[4000, 6000]",modelv1.0__2025-02-22 10:04:10
D:\moth_photos\database\batch_02\img_moth_00003155.jpg,"[4000, 6000]",modelv1.0__2025-02-22 10:04:10
D:\moth_photos\database\batch_02\img_moth_00003156.jpg,"[4000, 6000]",modelv1.0__2025-02-22 10:04:10
D:\moth_photos\database\batch_02\img_moth_00003157.jpg,"[4000, 6000]",modelv1.0__2025-02-22 10:04:10
D:\moth_photos\database\batch_02\img_moth_00003158.jpg,"[4000, 6000]",modelv1.0__2025-02-22 10:04:10
D:\moth_photos\database\batch_02\img_moth_00003159.jpg,"[4000, 6000]",modelv1.0__2025-02-22 10:04:10
D:\moth_photos\database\batch_02\img_moth_00003160.jpg,"[4000, 6000]",modelv1.0__2025-02-22 10:04:10
D:\moth_photos\database\batch_02\img_moth_00003161.jpg,"[4000, 6000]",modelv1.0__2025-02-22 10:04:10
D:\moth_photos\database\batch_02\img_moth_00003162.jpg,"[4000, 6000]",modelv1.0__2025-02-22 10:04:10
D:\moth_photos\database\batch_02\img_moth_00003163.jpg,"[4000, 6000]",modelv1.0__2025-02-22 10:04:10
D:\moth_photos\database\batch_02\img_moth_00003164.jpg,"[4000, 6000]",modelv1.0__2025-02-22 10:04:10
D:\moth_photos\database\batch_02\img_moth_00003165.jpg,"[4000, 6000]",modelv1.0__2025-02-22 10:04:10
D:\moth_photos\database\batch_02\img_moth_00003166.jpg,"[4000, 6000]",modelv1.0__2025-02-22 10:04:10
D:\moth_photos\database\batch_02\img_moth_00003167.jpg,"[4000, 6000]",modelv1.0__2025-02-22 10:04:10
D:\moth_photos\database\batch_02\img_moth_00003168.jpg,"[4000, 6000]",modelv1.0__2025-02-22 10:04:10
D:\moth_photos\database\batch_02\img_moth_00003169.jpg,"[4000, 6000]",modelv1.0__2025-02-22 10:04:10
D:\moth_photos\database\batch_02\img_moth_00003170.jpg,"[4000, 6000]",modelv1.0__2025-02-22 10:04:10
D:\moth_photos\database\batch_02\img_moth_00003171.jpg,"[4000, 6000]",modelv1.0__2025-02-22 10:04:10
D:\moth_photos\database\batch_02\img_moth_00003172.jpg,"[4000, 6000]",modelv1.0__2025-02-22 10:04:10
D:\moth_photos\database\batch_02\img_moth_00003173.jpg,"[4000, 6000]",modelv1.0__2025-02-22 10:04:10
D:\moth_photos\database\batch_02\img_moth_00003174.jpg,"[4000, 6000]",modelv1.0__2025-02-22 10:04:10
D:\moth_photos\database\batch_02\img_moth_00003175.jpg,"[4000, 6000]",modelv1.0__2025-02-22 10:04:10
D:\moth_photos\database\batch_02\img_moth_00003176.jpg,"[4000, 6000]",modelv1.0__2025-02-22 10:04:10
D:\moth_photos\database\batch_02\img_moth_00003177.jpg,"[4000, 6000]",modelv1.0__2025-02-22 10:04:10
D:\moth_photos\database\batch_02\img_moth_00003178.jpg,"[4000, 6000]",modelv1.0__2025-02-22 10:04:10
D:\moth_photos\database\batch_02\img_moth_00003179.jpg,"[4000, 6000]",modelv1.0__2025-02-22 10:04:10
D:\moth_photos\database\batch_02\img_moth_00003180.jpg,"[4000, 6000]",modelv1.0__2025-02-22 10:04:10
D:\moth_photos\database\batch_02\img_moth_00003181.jpg,"[4000, 6000]",modelv1.0__2025-02-22 10:04:10
D:\moth_photos\database\batch_02\img_moth_00003182.jpg,"[4000, 6000]",modelv1.0__2025-02-22 10:04:10
D:\moth_photos\database\batch_02\img_moth_00003183.jpg,"[4000, 6000]",modelv1.0__2025-02-22 10:04:10
D:\moth_photos\database\batch_02\img_moth_00003184.jpg,"[4000, 6000]",modelv1.0__2025-02-22 10:04:10
D:\moth_photos\database\batch_02\img_moth_00003185.jpg,"[4000, 6000]",modelv1.0__2025-02-22 10:04:10
D:\moth_photos\database\batch_02\img_moth_00003186.jpg,"[4000, 6000]",modelv1.0__2025-02-22 10:04:10
D:\moth_photos\database\batch_02\img_moth_00003187.jpg,"[4000, 6000]",modelv1.0__2025-02-22 10:04:10
D:\moth_photos\database\batch_02\img_moth_00003188.jpg,"[4000, 6000]",modelv1.0__2025-02-22 10:04:10
D:\moth_photos\database\batch_02\img_moth_00003189.jpg,"[4000, 6000]",modelv1.0__2025-02-22 10:04:10
D:\moth_photos\database\batch_02\img_moth_00003190.jpg,"[4000, 6000]",modelv1.0__2025-02-22 10:04:10
D:\moth_photos\database\batch_02\img_moth_00003191.jpg,"[4000, 6000]",modelv1.0__2025-02-22 10:04:10
D:\moth_photos\database\batch_02\img_moth_00003192.jpg,"[4000, 6000]",modelv1.0__2025-02-22 10:04:10
D:\moth_photos\database\batch_02\img_moth_00003193.jpg,"[4000, 6000]",modelv1.0__2025-02-22 10:04:10
D:\moth_photos\database\batch_02\img_moth_00003194.jpg,"[4000, 6000]",modelv1.0__2025-02-22 10:04:10
D:\moth_photos\database\batch_02\img_moth_00003195.jpg,"[4000, 6000]",modelv1.0__2025-02-22 10:04:10
D:\moth_photos\database\batch_02\img_moth_00003196.jpg,"[4000, 6000]",modelv1.0__2025-02-22 10:04:10
D:\moth_photos\database\batch_02\img_moth_00003197.jpg,"[4000, 6000]",modelv1.0__2025-02-22 10:04:10
D:\moth_photos\database\batch_02\img_moth_00003198.jpg,"[4000, 6000]",modelv1.0__2025-02-22 10:04:10
D:\moth_photos\database\batch_02\img_moth_00003199.jpg,"[4000, 6000]",modelv1.0__2025-02-22 10:04:10
D:\moth_photos\database\batch_02\img_moth_00003200.jpg,"[4000, 6000]",modelv1.0__2025-02-22 10:04:10
D:\moth_photos\database\batch_02\img_moth_00003201.jpg,"[4000, 6000]",modelv1.0__2025-02-22 10:04:10
D:\moth_photos\database\batch_02\img_moth_00003202.jpg,"[4000, 6000]",modelv1.0__2025-02-22 10:04:10
D:\moth_photos\database\batch_02\img_moth_00003203.jpg,"[4000, 6000]",modelv1.0__2025-02-22 10:04:10
D:\moth_photos\database\batch_02\img_moth_00003204.jpg,"[4000, 6000]",modelv1.0__2025-02-22 10:04:10
D:\moth_photos\database\batch_02\img_moth_00003205.jpg,"[4000, 6000]",modelv1.0__2025-02-22 10:04:10
D:\moth_photos\database\batch_02\img_moth_00003206.jpg,"[4000, 6000]",modelv1.0__2025-02-22 10:04:10
D:\moth_photos\database\batch_02\img_moth_00003207.jpg,"[4000, 6000]",modelv1.0__2025-02-22 10:04:10
D:\moth_photos\database\batch_02\img_moth_00003208.jpg,"[4000, 6000]",modelv1.0__2025-02-22 10:04:10
D:\moth_photos\database\batch_02\img_moth_00003209.jpg,"[4000, 6000]",modelv1.0__2025-02-22 10:04:10
D:\moth_photos\database\batch_02\img_moth_00003210.jpg,"[4000, 6000]",modelv1.0__2025-02-22 10:04:10
D:\moth_photos\database\batch_02\img_moth_00003211.jpg,"[4000, 6000]",modelv1.0__2025-02-22 10:04:10
D:\moth_photos\database\batch_02\img_moth_00003212.jpg,"[4000, 6000]",modelv1.0__2025-02-22 10:04:10
D:\moth_photos\database\batch_02\img_moth_00003213.jpg,"[4000, 6000]",modelv1.0__2025-02-22 10:04:10
D:\moth_photos\database\batch_02\img_moth_00003214.jpg,"[4000, 6000]",modelv1.0__2025-02-22 10:04:10
D:\moth_photos\database\batch_02\img_moth_00003215.jpg,"[4000, 6000]",modelv1.0__2025-02-22 10:04:10
D:\moth_photos\database\batch_02\img_moth_00003216.jpg,"[4000, 6000]",modelv1.0__2025-02-22 10:04:10
D:\moth_photos\database\batch_02\img_moth_00003217.jpg,"[4000, 6000]",modelv1.0__2025-02-22 10:04:10
D:\moth_photos\database\batch_02\img_moth_00003218.jpg,"[4000, 6000]",modelv1.0__2025-02-22 10:04:10
D:\moth_photos\database\batch_02\img_moth_00003219.jpg,"[4000, 6000]",modelv1.0__2025-02-22 10:04:10
D:\moth_photos\database\batch_02\img_moth_00003220.jpg,"[4000, 6000]",modelv1.0__2025-02-22 10:04:10
D:\moth_photos\database\batch_02\img_moth_00003221.jpg,"[4000, 6000]",modelv1.0__2025-02-22 10:04:10
D:\moth_photos\database\batch_02\img_moth_00003222.jpg,"[4000, 6000]",modelv1.0__2025-02-22 10:04:10
D:\moth_photos\database\batch_02\img_moth_00003223.jpg,"[4000, 6000]",modelv1.0__2025-02-22 10:04:10
D:\moth_photos\database\batch_02\img_moth_00003224.jpg,"[4000, 6000]",modelv1.0__2025-02-22 10:04:10
D:\moth_photos\database\batch_02\img_moth_00003225.jpg,"[4000, 6000]",modelv1.0__2025-02-22 10:04:10
D:\moth_photos\database\batch_02\img_moth_00003226.jpg,"[4000, 6000]",modelv1.0__2025-02-22 10:04:10
D:\moth_photos\database\batch_02\img_moth_00003227.jpg,"[4000, 6000]",modelv1.0__2025-02-22 10:04:10
D:\moth_photos\database\batch_02\img_moth_00003228.jpg,"[4000, 6000]",modelv1.0__2025-02-22 10:04:10
D:\moth_photos\database\batch_02\img_moth_00003229.jpg,"[4000, 6000]",modelv1.0__2025-02-22 10:04:10
D:\moth_photos\database\batch_02\img_moth_00003230.jpg,"[4000, 6000]",modelv1.0__2025-02-22 10:04:10
D:\moth_photos\database\batch_02\img_moth_00003231.jpg,"[4000, 6000]",modelv1.0__2025-02-22 10:04:10
D:\moth_photos\database\batch_02\img_moth_00003232.jpg,"[4000, 6000]",modelv1.0__2025-02-22 10:04:10
D:\moth_photos\database\batch_02\img_moth_00003233.jpg,"[4000, 6000]",modelv1.0__2025-02-22 10:04:10
D:\moth_photos\database\batch_02\img_moth_00003234.jpg,"[4000, 6000]",modelv1.0__2025-02-22 10:04:10
D:\moth_photos\database\batch_02\img_moth_00003235.jpg,"[4000, 6000]",modelv1.0__2025-02-22 10:04:10
D:\moth_photos\database\batch_02\img_moth_00003236.jpg,"[4000, 6000]",modelv1.0__2025-02-22 10:04:10
D:\moth_photos\database\batch_02\img_moth_00003237.jpg,"[4000, 6000]",modelv1.0__2025-02-22 10:04:10
D:\moth_photos\database\batch_02\img_moth_00003238.jpg,"[4000, 6000]",modelv1.0__2025-02-22 10:04:10
D:\moth_photos\database\batch_02\img_moth_00003239.jpg,"[4000, 6000]",modelv1.0__2025-02-22 10:04:10
D:\moth_photos\database\batch_02\img_moth_00003240.jpg,"[4000, 6000]",modelv1.0__2025-02-22 10:04:10
D:\moth_photos\database\batch_02\img_moth_00003241.jpg,"[4000, 6000]",modelv1.0__2025-02-22 10:04:10
D:\moth_photos\database\batch_02\img_moth_00003242.jpg,"[4000, 6000]",modelv1.0__2025-02-22 10:04:10
D:\moth_photos\database\batch_02\img_moth_00003243.jpg,"[4000, 6000]",modelv1.0__2025-02-22 10:04:10
D:\moth_photos\database\batch_02\img_moth_00003244.jpg,"[4000, 6000]",modelv1.0__2025-02-22 10:04:10
D:\moth_photos\database\batch_02\img_moth_00003245.jpg,"[4000, 6000]",modelv1.0__2025-02-22 10:04:10
D:\moth_photos\database\batch_02\img_moth_00003246.jpg,"[4000, 6000]",modelv1.0__2025-02-22 10:04:10
D:\moth_photos\database\batch_02\img_moth_00003247.jpg,"[4000, 6000]",modelv1.0__2025-02-22 10:04:10
D:\moth_photos\database\batch_02\img_moth_00003248.jpg,"[4000, 6000]",modelv1.0__2025-02-22 10:04:10
D:\moth_photos\database\batch_02\img_moth_00003249.jpg,"[4000, 6000]",modelv1.0__2025-02-22 10:04:10
D:\moth_photos\database\batch_02\img_moth_00003250.jpg,"[4000, 6000]",modelv1.0__2025-02-22 10:04:10
D:\moth_photos\database\batch_02\img_moth_00003251.jpg,"[4000, 6000]",modelv1.0__2025-02-22 10:04:10
D:\moth_photos\database\batch_02\img_moth_00003252.jpg,"[4000, 6000]",modelv1.0__2025-02-22 10:04:10
D:\moth_photos\database\batch_02\img_moth_00003253.jpg,"[4000, 6000]",modelv1.0__2025-02-22 10:04:10
D:\moth_photos\database\batch_02\img_moth_00003254.jpg,"[4000, 6000]",modelv1.0__2025-02-22 10:04:10
D:\moth_photos\database\batch_02\img_moth_00003255.jpg,"[4000, 6000]",modelv1.0__2025-02-22 10:04:10
D:\moth_photos\database\batch_02\img_moth_00003256.jpg,"[4000, 6000]",modelv1.0__2025-02-22 10:04:10
D:\moth_photos\database\batch_02\img_moth_00003257.jpg,"[4000, 6000]",modelv1.0__2025-02-22 10:04:10
D:\moth_photos\database\batch_02\img_moth_00003258.jpg,"[4000, 6000]",modelv1.0__2025-02-22 10:04:10
D:\moth_photos\database\batch_02\img_moth_00003259.jpg,"[4000, 6000]",modelv1.0__2025-02-22 10:04:10
D:\moth_photos\database\batch_02\img_moth_00003260.jpg,"[4000, 6000]",modelv1.0__2025-02-22 10:04:10
D:\moth_photos\database\batch_02\img_moth_00003261.jpg,"[4000, 6000]",modelv1.0__2025-02-22 10:04:10
D:\moth_photos\database\batch_02\img_moth_00003262.jpg,"[4000, 6000]",modelv1.0__2025-02-22 10:04:10
D:\moth_photos\database\batch_02\img_moth_00003263.jpg,"[4000, 6000]",modelv1.0__2025-02-22 10:04:10
D:\moth_photos\database\batch_02\img_moth_00003264.jpg,"[4000, 6000]",modelv1.0__2025-02-22 10:04:10
D:\moth_photos\database\batch_02\img_moth_00003265.jpg,"[4000, 6000]",modelv1.0__2025-02-22 10:04:10
D:\moth_photos\database\batch_02\img_moth_00003266.jpg,"[4000, 6000]",modelv1.0__2025-02-22 10:04:10
D:\moth_photos\database\batch_02\img_moth_00003267.jpg,"[4000, 6000]",modelv1.0__2025-02-22 10:04:10
D:\moth_photos\database\batch_02\img_moth_00003268.jpg,"[4000, 6000]",modelv1.0__2025-02-22 10:04:10
D:\moth_photos\database\batch_02\img_moth_00003269.jpg,"[4000, 6000]",modelv1.0__2025-02-22 10:04:10
D:\moth_photos\database\batch_02\img_moth_00003270.jpg,"[4000, 6000]",modelv1.0__2025-02-22 10:04:10
D:\moth_photos\database\batch_02\img_moth_00003271.jpg,"[4000, 6000]",modelv1.0__2025-02-22 10:04:10
D:\moth_photos\database\batch_02\img_moth_00003272.jpg,"[4000, 6000]",modelv1.0__2025-02-22 10:04:10
D:\moth_photos\database\batch_02\img_moth_00003273.jpg,"[4000, 6000]",modelv1.0__2025-02-22 10:04:10
D:\moth_photos\database\batch_02\img_moth_00003274.jpg,"[4000, 6000]",modelv1.0__2025-02-22 10:04:10
D:\moth_photos\database\batch_02\img_moth_00003275.jpg,"[4000, 6000]",modelv1.0__2025-02-22 10:04:10
D:\moth_photos\database\batch_02\img_moth_00003276.jpg,"[4000, 6000]",modelv1.0__2025-02-22 10:04:10
D:\moth_photos\database\batch_02\img_moth_00003277.jpg,"[4000, 6000]",modelv1.0__2025-02-22 10:04:10
D:\moth_photos\database\batch_02\img_moth_00003278.jpg,"[4000, 6000]",modelv1.0__2025-02-22 10:04:10
D:\moth_photos\database\batch_02\img_moth_00003279.jpg,"[4000, 6000]",modelv1.0__2025-02-22 10:04:10
D:\moth_photos\database\batch_02\img_moth_00003280.jpg,"[4000, 6000]",modelv1.0__2025-02-22 10:04:10
D:\moth_photos\database\batch_02\img_moth_00003281.jpg,"[4000, 6000]",modelv1.0__2025-02-22 10:04:10
D:\moth_photos\database\batch_02\img_moth_00003282.jpg,"[4000, 6000]",modelv1.0__2025-02-22 10:04:10
D:\moth_photos\database\batch_02\img_moth_00003283.jpg,"[4000, 6000]",modelv1.0__2025-02-22 10:04:10
D:\moth_photos\database\batch_02\img_moth_00003284.jpg,"[4000, 6000]",modelv1.0__2025-02-22 10:04:10
D:\moth_photos\database\batch_02\img_moth_00003285.jpg,"[4000, 6000]",modelv1.0__2025-02-22 10:04:10
D:\moth_photos\database\batch_02\img_moth_00003286.jpg,"[4000, 6000]",modelv1.0__2025-02-22 10:04:10
D:\moth_photos\database\batch_02\img_moth_00003287.jpg,"[4000, 6000]",modelv1.0__2025-02-22 10:04:10
D:\moth_photos\database\batch_02\img_moth_00003288.jpg,"[4000, 6000]",modelv1.0__2025-02-22 10:04:10
D:\moth_photos\database\batch_02\img_moth_00003289.jpg,"[4000, 6000]",modelv1.0__2025-02-22 10:04:10
D:\moth_photos\database\batch_02\img_moth_00003290.jpg,"[4000, 6000]",modelv1.0__2025-02-22 10:04:10
D:\moth_photos\database\batch_02\img_moth_00003291.jpg,"[4000, 6000]",modelv1.0__2025-02-22 10:04:10
D:\moth_photos\database\batch_02\img_moth_00003292.jpg,"[4000, 6000]",modelv1.0__2025-02-22 10:04:10
D:\moth_photos\database\batch_02\img_moth_00003293.jpg,"[4000, 6000]",modelv1.0__2025-02-22 10:04:10
D:\moth_photos\database\batch_02\img_moth_00003294.jpg,"[4000, 6000]",modelv1.0__2025-02-22 10:04:10
D:\moth_photos\database\batch_02\img_moth_00003295.jpg,"[4000, 6000]",modelv1.0__2025-02-22 10:04:10
D:\moth_photos\database\batch_02\img_moth_00003296.jpg,"[4000, 6000]",modelv1.0__2025-02-22 10:04:10
D:\moth_photos\database\batch_02\img_moth_00003297.jpg,"[4000, 6000]",modelv1.0__2025-02-22 10:04:10
D:\moth_photos\database\batch_02\img_moth_00003298.jpg,"[4000, 6000]",modelv1.0__2025-02-22 10:04:10
D:\moth_photos\database\batch_02\img_moth_00003299.jpg,"[4000, 6000]",modelv1.0__2025-02-22 10:04:10
D:\moth_photos\database\batch_02\img_moth_00003300.jpg,"[4000, 6000]",modelv1.0__2025-02-22 10:04:10
D:\moth_photos\database\batch_02\img_moth_00003301.jpg,"[4000, 6000]",modelv1.0__2025-02-22 10:04:10
D:\moth_photos\database\batch_02\img_moth_00003302.jpg,"[4000, 6000]",modelv1.0__2025-02-22 10:04:10
D:\moth_photos\database\batch_02\img_moth_00003303.jpg,"[4000, 6000]",modelv1.0__2025-02-22 10:04:10
D:\moth_photos\database\batch_02\img_moth_00003304.jpg,"[4000, 6000]",modelv1.0__2025-02-22 10:04:10
D:\moth_photos\database\batch_02\img_moth_00003305.jpg,"[4000, 6000]",modelv1.0__2025-02-22 10:04:10
D:\moth_photos\database\batch_02\img_moth_00003306.jpg,"[4000, 6000]",modelv1.0__2025-02-22 10:04:10
D:\moth_photos\database\batch_02\img_moth_00003307.jpg,"[4000, 6000]",modelv1.0__2025-02-22 10:04:10
D:\moth_photos\database\batch_02\img_moth_00003308.jpg,"[4000, 6000]",modelv1.0__2025-02-22 10:04:10
D:\moth_photos\database\batch_02\img_moth_00003309.jpg,"[4000, 6000]",modelv1.0__2025-02-22 10:04:10
D:\moth_photos\database\batch_02\img_moth_00003310.jpg,"[4000, 6000]",modelv1.0__2025-02-22 10:04:10
D:\moth_photos\database\batch_02\img_moth_00003311.jpg,"[4000, 6000]",modelv1.0__2025-02-22 10:04:10
D:\moth_photos\database\batch_02\img_moth_00003312.jpg,"[4000, 6000]",modelv1.0__2025-02-22 10:04:10
D:\moth_photos\database\batch_02\img_moth_00003313.jpg,"[4000, 6000]",modelv1.0__2025-02-22 10:04:10
D:\moth_photos\database\batch_02\img_moth_00003314.jpg,"[4000, 6000]",modelv1.0__2025-02-22 10:04:10
D:\moth_photos\database\batch_02\img_moth_00003315.jpg,"[4000, 6000]",modelv1.0__2025-02-22 10:04:10
D:\moth_photos\database\batch_02\img_moth_00003316.jpg,"[4000, 6000]",modelv1.0__2025-02-22 10:04:10
D:\moth_photos\database\batch_02\img_moth_00003317.jpg,"[4000, 6000]",modelv1.0__2025-02-22 10:04:10
D:\moth_photos\database\batch_02\img_moth_00003318.jpg,"[4000, 6000]",modelv1.0__2025-02-22 10:04:10
D:\moth_photos\database\batch_02\img_moth_00003319.jpg,"[4000, 6000]",modelv1.0__2025-02-22 10:04:10
D:\moth_photos\database\batch_02\img_moth_00003320.jpg,"[4000, 6000]",modelv1.0__2025-02-22 10:04:10
D:\moth_photos\database\batch_02\img_moth_00003321.jpg,"[4000, 6000]",modelv1.0__2025-02-22 10:04:10
D:\moth_photos\database\batch_02\img_moth_00003322.jpg,"[4000, 6000]",modelv1.0__2025-02-22 10:04:10
D:\moth_photos\database\batch_02\img_moth_00003323.jpg,"[4000, 6000]",modelv1.0__2025-02-22 10:04:10
D:\moth_photos\database\batch_02\img_moth_00003324.jpg,"[4000, 6000]",modelv1.0__2025-02-22 10:04:10
D:\moth_photos\database\batch_02\img_moth_00003325.jpg,"[4000, 6000]",modelv1.0__2025-02-22 10:04:10
D:\moth_photos\database\batch_02\img_moth_00003326.jpg,"[4000, 6000]",modelv1.0__2025-02-22 10:04:10
D:\moth_photos\database\batch_02\img_moth_00003327.jpg,"[4000, 6000]",modelv1.0__2025-02-22 10:04:10
D:\moth_photos\database\batch_02\img_moth_00003328.jpg,"[4000, 6000]",modelv1.0__2025-02-22 10:04:10
D:\moth_photos\database\batch_02\img_moth_00003329.jpg,"[4000, 6000]",modelv1.0__2025-02-22 10:04:10
D:\moth_photos\database\batch_02\img_moth_00003330.jpg,"[4000, 6000]",modelv1.0__2025-02-22 10:04:10
D:\moth_photos\database\batch_02\img_moth_00003331.jpg,"[4000, 6000]",modelv1.0__2025-02-22 10:04:10
D:\moth_photos\database\batch_02\img_moth_00003332.jpg,"[4000, 6000]",modelv1.0__2025-02-22 10:04:10
D:\moth_photos\database\batch_02\img_moth_00003333.jpg,"[4000, 6000]",modelv1.0__2025-02-22 10:04:10
D:\moth_photos\database\batch_02\img_moth_00003334.jpg,"[4000, 6000]",modelv1.0__2025-02-22 10:04:10
D:\moth_photos\database\batch_02\img_moth_00003335.jpg,"[4000, 6000]",modelv1.0__2025-02-22 10:04:10
D:\moth_photos\database\batch_02\img_moth_00003336.jpg,"[4000, 6000]",modelv1.0__2025-02-22 10:04:10
D:\moth_photos\database\batch_02\img_moth_00003337.jpg,"[4000, 6000]",modelv1.0__2025-02-22 10:04:10
D:\moth_photos\database\batch_02\img_moth_00003338.jpg,"[4000, 6000]",modelv1.0__2025-02-22 10:04:10
D:\moth_photos\database\batch_02\img_moth_00003339.jpg,"[4000, 6000]",modelv1.0__2025-02-22 10:04:10
D:\moth_photos\database\batch_02\img_moth_00003340.jpg,"[4000, 6000]",modelv1.0__2025-02-22 10:04:10
D:\moth_photos\database\batch_02\img_moth_00003341.jpg,"[4000, 6000]",modelv1.0__2025-02-22 10:04:10
D:\moth_photos\database\batch_02\img_moth_00003342.jpg,"[4000, 6000]",modelv1.0__2025-02-22 10:04:10
D:\moth_photos\database\batch_02\img_moth_00003343.jpg,"[4000, 6000]",modelv1.0__2025-02-22 10:04:10
D:\moth_photos\database\batch_02\img_moth_00003344.jpg,"[4000, 6000]",modelv1.0__2025-02-22 10:04:10
D:\moth_photos\database\batch_02\img_moth_00003345.jpg,"[4000, 6000]",modelv1.0__2025-02-22 10:04:10
D:\moth_photos\database\batch_02\img_moth_00003346.jpg,"[4000, 6000]",modelv1.0__2025-02-22 10:04:10
D:\moth_photos\database\batch_02\img_moth_00003347.jpg,"[4000, 6000]",modelv1.0__2025-02-22 10:04:10
D:\moth_photos\database\batch_02\img_moth_00003348.jpg,"[4000, 6000]",modelv1.0__2025-02-22 10:04:10
D:\moth_photos\database\batch_02\img_moth_00003349.jpg,"[4000, 6000]",modelv1.0__2025-02-22 10:04:10
D:\moth_photos\database\batch_02\img_moth_00003350.jpg,"[4000, 6000]",modelv1.0__2025-02-22 10:04:10
D:\moth_photos\database\batch_02\img_moth_00003351.jpg,"[4000, 6000]",modelv1.0__2025-02-22 10:04:10
D:\moth_photos\database\batch_02\img_moth_00003352.jpg,"[4000, 6000]",modelv1.0__2025-02-22 10:04:10
D:\moth_photos\database\batch_02\img_moth_00003353.jpg,"[4000, 6000]",modelv1.0__2025-02-22 10:04:10
D:\moth_photos\database\batch_02\img_moth_00003354.jpg,"[4000, 6000]",modelv1.0__2025-02-22 10:04:10
D:\moth_photos\database\batch_02\img_moth_00003355.jpg,"[4000, 6000]",modelv1.0__2025-02-22 10:04:10
D:\moth_photos\database\batch_02\img_moth_00003356.jpg,"[4000, 6000]",modelv1.0__2025-02-22 10:04:10
D:\moth_photos\database\batch_02\img_moth_00003357.jpg,"[4000, 6000]",modelv1.0__2025-02-22 10:04:10
D:\moth_photos\database\batch_02\img_moth_00003358.jpg,"[4000, 6000]",modelv1.0__2025-02-22 10:04:10
D:\moth_photos\database\batch_02\img_moth_00003359.jpg,"[4000, 6000]",modelv1.0__2025-02-22 10:04:10
D:\moth_photos\database\batch_02\img_moth_00003360.jpg,"[4000, 6000]",modelv1.0__2025-02-22 10:04:10
D:\moth_photos\database\batch_02\img_moth_00003361.jpg,"[4000, 6000]",modelv1.0__2025-02-22 10:04:10
D:\moth_photos\database\batch_02\img_moth_00003362.jpg,"[4000, 6000]",modelv1.0__2025-02-22 10:04:10
D:\moth_photos\database\batch_02\img_moth_00003363.jpg,"[4000, 6000]",modelv1.0__2025-02-22 10:04:10
D:\moth_photos\database\batch_02\img_moth_00003364.jpg,"[4000, 6000]",modelv1.0__2025-02-22 10:04:10
D:\moth_photos\database\batch_02\img_moth_00003365.jpg,"[4000, 6000]",modelv1.0__2025-02-22 10:04:10
D:\moth_photos\database\batch_02\img_moth_00003366.jpg,"[4000, 6000]",modelv1.0__2025-02-22 10:04:10
D:\moth_photos\database\batch_02\img_moth_00003367.jpg,"[4000, 6000]",modelv1.0__2025-02-22 10:04:10
D:\moth_photos\database\batch_02\img_moth_00003368.jpg,"[4000, 6000]",modelv1.0__2025-02-22 10:04:10
D:\moth_photos\database\batch_02\img_moth_00003369.jpg,"[4000, 6000]",modelv1.0__2025-02-22 10:04:10
D:\moth_photos\database\batch_02\img_moth_00003370.jpg,"[4000, 6000]",modelv1.0__2025-02-22 10:04:10
D:\moth_photos\database\batch_02\img_moth_00003371.jpg,"[4000, 6000]",modelv1.0__2025-02-22 10:04:10
D:\moth_photos\database\batch_02\img_moth_00003372.jpg,"[4000, 6000]",modelv1.0__2025-02-22 10:04:10
D:\moth_photos\database\batch_02\img_moth_00003373.jpg,"[4000, 6000]",modelv1.0__2025-02-22 10:04:10
D:\moth_photos\database\batch_02\img_moth_00003374.jpg,"[4000, 6000]",modelv1.0__2025-02-22 10:04:10
D:\moth_photos\database\batch_02\img_moth_00003375.jpg,"[4000, 6000]",modelv1.0__2025-02-22 10:04:10
D:\moth_photos\database\batch_02\img_moth_00003376.jpg,"[4000, 6000]",modelv1.0__2025-02-22 10:04:10
D:\moth_photos\database\batch_02\img_moth_00003377.jpg,"[4000, 6000]",modelv1.0__2025-02-22 10:04:10
D:\moth_photos\database\batch_02\img_moth_00003378.jpg,"[4000, 6000]",modelv1.0__2025-02-22 10:04:10
D:\moth_photos\database\batch_02\img_moth_00003379.jpg,"[4000, 6000]",modelv1.0__2025-02-22 10:04:10
D:\moth_photos\database\batch_02\img_moth_00003380.jpg,"[4000, 6000]",modelv1.0__2025-02-22 10:04:10
D:\moth_photos\database\batch_02\img_moth_00003381.jpg,"[4000, 6000]",modelv1.0__2025-02-22 10:04:10
D:\moth_photos\database\batch_02\img_moth_00003382.jpg,"[4000, 6000]",modelv1.0__2025-02-22 10:04:10
D:\moth_photos\database\batch_02\img_moth_00003383.jpg,"[4000, 6000]",modelv1.0__2025-02-22 10:04:10
D:\moth_photos\database\batch_02\img_moth_00003384.jpg,"[4000, 6000]",modelv1.0__2025-02-22 10:04:10
D:\moth_photos\database\batch_02\img_moth_00003385.jpg,"[4000, 6000]",modelv1.0__2025-02-22 10:04:10
D:\moth_photos\database\batch_02\img_moth_00003386.jpg,"[4000, 6000]",modelv1.0__2025-02-22 10:04:10
D:\moth_photos\database\batch_02\img_moth_00003387.jpg,"[4000, 6000]",modelv1.0__2025-02-22 10:04:10
D:\moth_photos\database\batch_02\img_moth_00003388.jpg,"[4000, 6000]",modelv1.0__2025-02-22 10:04:10
D:\moth_photos\database\batch_02\img_moth_00003389.jpg,"[4000, 6000]",modelv1.0__2025-02-22 10:04:10
D:\moth_photos\database\batch_02\img_moth_00003390.jpg,"[4000, 6000]",modelv1.0__2025-02-22 10:04:10
D:\moth_photos\database\batch_02\img_moth_00003391.jpg,"[4000, 6000]",modelv1.0__2025-02-22 10:04:10
D:\moth_photos\database\batch_02\img_moth_00003392.jpg,"[4000, 6000]",modelv1.0__2025-02-22 10:04:10
D:\moth_photos\database\batch_02\img_moth_00003393.jpg,"[4000, 6000]",modelv1.0__2025-02-22 10:04:10
D:\moth_photos\database\batch_02\img_moth_00003394.jpg,"[4000, 6000]",modelv1.0__2025-02-22 10:04:10
D:\moth_photos\database\batch_02\img_moth_00003395.jpg,"[4000, 6000]",modelv1.0__2025-02-22 10:04:10
D:\moth_photos\database\batch_02\img_moth_00003396.jpg,"[4000, 6000]",modelv1.0__2025-02-22 10:04:10
D:\moth_photos\database\batch_02\img_moth_00003397.jpg,"[4000, 6000]",modelv1.0__2025-02-22 10:04:10
D:\moth_photos\database\batch_02\img_moth_00003398.jpg,"[4000, 6000]",modelv1.0__2025-02-22 10:04:10
D:\moth_photos\database\batch_02\img_moth_00003399.jpg,"[4000, 6000]",modelv1.0__2025-02-22 10:04:10
D:\moth_photos\database\batch_02\img_moth_00003400.jpg,"[4000, 6000]",modelv1.0__2025-02-22 10:04:10
D:\moth_photos\database\batch_02\img_moth_00003401.jpg,"[4000, 6000]",modelv1.0__2025-02-22 10:04:10
D:\moth_photos\database\batch_02\img_moth_00003402.jpg,"[4000, 6000]",modelv1.0__2025-02-22 10:04:10
D:\moth_photos\database\batch_02\img_moth_00003403.jpg,"[4000, 6000]",modelv1.0__2025-02-22 10:04:10
D:\moth_photos\database\batch_02\img_moth_00003404.jpg,"[4000, 6000]",modelv1.0__2025-02-22 10:04:10
D:\moth_photos\database\batch_02\img_moth_00003405.jpg,"[4000, 6000]",modelv1.0__2025-02-22 10:04:10
D:\moth_photos\database\batch_02\img_moth_00003406.jpg,"[4000, 6000]",modelv1.0__2025-02-22 10:04:10
D:\moth_photos\database\batch_02\img_moth_00003407.jpg,"[4000, 6000]",modelv1.0__2025-02-22 10:04:10
D:\moth_photos\database\batch_02\img_moth_00003408.jpg,"[4000, 6000]",modelv1.0__2025-02-22 10:04:10
D:\moth_photos\database\batch_02\img_moth_00003409.jpg,"[4000, 6000]",modelv1.0__2025-02-22 10:04:10
D:\moth_photos\database\batch_02\img_moth_00003410.jpg,"[4000, 6000]",modelv1.0__2025-02-22 10:04:10
D:\moth_photos\database\batch_02\img_moth_00003411.jpg,"[4000, 6000]",modelv1.0__2025-02-22 10:04:10
D:\moth_photos\database\batch_02\img_moth_00003412.jpg,"[4000, 6000]",modelv1.0__2025-02-22 10:04:10
D:\moth_photos\database\batch_02\img_moth_00003413.jpg,"[4000, 6000]",modelv1.0__2025-02-22 10:04:10
D:\moth_photos\database\batch_02\img_moth_00003414.jpg,"[4000, 6000]",modelv1.0__2025-02-22 10:04:10
D:\moth_photos\database\batch_02\img_moth_00003415.jpg,"[4000, 6000]",modelv1.0__2025-02-22 10:04:10
D:\moth_photos\database\batch_02\img_moth_00003416.jpg,"[4000, 6000]",modelv1.0__2025-02-22 10:04:10
D:\moth_photos\database\batch_02\img_moth_00003417.jpg,"[4000, 6000]",modelv1.0__2025-02-22 10:04:10
D:\moth_photos\database\batch_02\img_moth_00003418.jpg,"[4000, 6000]",modelv1.0__2025-02-22 10:04:10
D:\moth_photos\database\batch_02\img_moth_00003419.jpg,"[4000, 6000]",modelv1.0__2025-02-22 10:04:10
D:\moth_photos\database\batch_02\img_moth_00003420.jpg,"[4000, 6000]",modelv1.0__2025-02-22 10:04:10
D:\moth_photos\database\batch_02\img_moth_00003421.jpg,"[4000, 6000]",modelv1.0__2025-02-22 10:04:10
D:\moth_photos\database\batch_02\img_moth_00003422.jpg,"[4000, 6000]",modelv1.0__2025-02-22 10:04:10
D:\moth_photos\database\batch_02\img_moth_00003423.jpg,"[4000, 6000]",modelv1.0__2025-02-22 10:04:10
D:\moth_photos\database\batch_02\img_moth_00003424.jpg,"[4000, 6000]",modelv1.0__2025-02-22 10:04:10
D:\moth_photos\database\batch_02\img_moth_00003425.jpg,"[4000, 6000]",modelv1.0__2025-02-22 10:04:10
D:\moth_photos\database\batch_02\img_moth_00003426.jpg,"[4000, 6000]",modelv1.0__2025-02-22 10:04:10
D:\moth_photos\database\batch_02\img_moth_00003427.jpg,"[4000, 6000]",modelv1.0__2025-02-22 10:04:10
D:\moth_photos\database\batch_02\img_moth_00003428.jpg,"[4000, 6000]",modelv1.0__2025-02-22 10:04:10
D:\moth_photos\database\batch_02\img_moth_00003429.jpg,"[4000, 6000]",modelv1.0__2025-02-22 10:04:10
D:\moth_photos\database\batch_02\img_moth_00003430.jpg,"[4000, 6000]",modelv1.0__2025-02-22 10:04:10
D:\moth_photos\database\batch_02\img_moth_00003431.jpg,"[4000, 6000]",modelv1.0__2025-02-22 10:04:10
D:\moth_photos\database\batch_02\img_moth_00003432.jpg,"[4000, 6000]",modelv1.0__2025-02-22 10:04:10
D:\moth_photos\database\batch_02\img_moth_00003433.jpg,"[4000, 6000]",modelv1.0__2025-02-22 10:04:10
D:\moth_photos\database\batch_02\img_moth_00003434.jpg,"[4000, 6000]",modelv1.0__2025-02-22 10:04:10
D:\moth_photos\database\batch_02\img_moth_00003435.jpg,"[4000, 6000]",modelv1.0__2025-02-22 10:04:10
D:\moth_photos\database\batch_02\img_moth_00003436.jpg,"[4000, 6000]",modelv1.0__2025-02-22 10:04:10
D:\moth_photos\database\batch_02\img_moth_00003437.jpg,"[4000, 6000]",modelv1.0__2025-02-22 10:04:10
D:\moth_photos\database\batch_02\img_moth_00003438.jpg,"[4000, 6000]",modelv1.0__2025-02-22 10:04:10
D:\moth_photos\database\batch_02\img_moth_00003439.jpg,"[4000, 6000]",modelv1.0__2025-02-22 10:04:10
D:\moth_photos\database\batch_02\img_moth_00003440.jpg,"[4000, 6000]",modelv1.0__2025-02-22 10:04:10
D:\moth_photos\database\batch_02\img_moth_00003441.jpg,"[4000, 6000]",modelv1.0__2025-02-22 10:04:10
D:\moth_photos\database\batch_02\img_moth_00003442.jpg,"[4000, 6000]",modelv1.0__2025-02-22 10:04:10
D:\moth_photos\database\batch_02\img_moth_00003443.jpg,"[4000, 6000]",modelv1.0__2025-02-22 10:04:10
D:\moth_photos\database\batch_02\img_moth_00003444.jpg,"[4000, 6000]",modelv1.0__2025-02-22 10:04:10
D:\moth_photos\database\batch_02\img_moth_00003445.jpg,"[4000, 6000]",modelv1.0__2025-02-22 10:04:10
D:\moth_photos\database\batch_02\img_moth_00003446.jpg,"[4000, 6000]",modelv1.0__2025-02-22 10:04:10
D:\moth_photos\database\batch_02\img_moth_00003447.jpg,"[4000, 6000]",modelv1.0__2025-02-22 10:04:10
D:\moth_photos\database\batch_02\img_moth_00003448.jpg,"[4000, 6000]",modelv1.0__2025-02-22 10:04:10
D:\moth_photos\database\batch_02\img_moth_00003449.jpg,"[4000, 6000]",modelv1.0__2025-02-22 10:04:10
D:\moth_photos\database\batch_02\img_moth_00003450.jpg,"[4000, 6000]",modelv1.0__2025-02-22 10:04:10
D:\moth_photos\database\batch_02\img_moth_00003451.jpg,"[4000, 6000]",modelv1.0__2025-02-22 10:04:10
D:\moth_photos\database\batch_02\img_moth_00003452.jpg,"[4000, 6000]",modelv1.0__2025-02-22 10:04:10
D:\moth_photos\database\batch_02\img_moth_00003453.jpg,"[4000, 6000]",modelv1.0__2025-02-22 10:04:10
D:\moth_photos\database\batch_02\img_moth_00003454.jpg,"[4000, 6000]",modelv1.0__2025-02-22 10:04:10
D:\moth_photos\database\batch_02\img_moth_00003455.jpg,"[4000, 6000]",modelv1.0__2025-02-22 10:04:10
D:\moth_photos\database\batch_02\img_moth_00003456.jpg,"[4000, 6000]",modelv1.0__2025-02-22 10:04:10
D:\moth_photos\database\batch_02\img_moth_00003457.jpg,"[4000, 6000]",modelv1.0__2025-02-22 10:04:10
D:\moth_photos\database\batch_02\img_moth_00003458.jpg,"[4000, 6000]",modelv1.0__2025-02-22 10:04:10
D:\moth_photos\database\batch_02\img_moth_00003459.jpg,"[4000, 6000]",modelv1.0__2025-02-22 10:04:10
D:\moth_photos\database\batch_02\img_moth_00003460.jpg,"[4000, 6000]",modelv1.0__2025-02-22 10:04:10
D:\moth_photos\database\batch_02\img_moth_00003461.jpg,"[4000, 6000]",modelv1.0__2025-02-22 10:04:10
D:\moth_photos\database\batch_02\img_moth_00003462.jpg,"[4000, 6000]",modelv1.0__2025-02-22 10:04:10
D:\moth_photos\database\batch_02\img_moth_00003463.jpg,"[4000, 6000]",modelv1.0__2025-02-22 10:04:10
D:\moth_photos\database\batch_02\img_moth_00003464.jpg,"[4000, 6000]",modelv1.0__2025-02-22 10:04:10
D:\moth_photos\database\batch_02\img_moth_00003465.jpg,"[4000, 6000]",modelv1.0__2025-02-22 10:04:10
D:\moth_photos\database\batch_02\img_moth_00003466.jpg,"[4000, 6000]",modelv1.0__2025-02-22 10:04:10
D:\moth_photos\database\batch_02\img_moth_00003467.jpg,"[4000, 6000]",modelv1.0__2025-02-22 10:04:10
D:\moth_photos\database\batch_02\img_moth_00003468.jpg,"[4000, 6000]",modelv1.0__2025-02-22 10:04:10
D:\moth_photos\database\batch_02\img_moth_00003469.jpg,"[4000, 6000]",modelv1.0__2025-02-22 10:04:10
D:\moth_photos\database\batch_02\img_moth_00003470.jpg,"[4000, 6000]",modelv1.0__2025-02-22 10:04:10
D:\moth_photos\database\batch_02\img_moth_00003471.jpg,"[4000, 6000]",modelv1.0__2025-02-22 10:04:10
D:\moth_photos\database\batch_02\img_moth_00003472.jpg,"[4000, 6000]",modelv1.0__2025-02-22 10:04:10
D:\moth_photos\database\batch_02\img_moth_00003473.jpg,"[4000, 6000]",modelv1.0__2025-02-22 10:04:10
D:\moth_photos\database\batch_02\img_moth_00003474.jpg,"[4000, 6000]",modelv1.0__2025-02-22 10:04:10
D:\moth_photos\database\batch_02\img_moth_00003475.jpg,"[4000, 6000]",modelv1.0__2025-02-22 10:04:10
D:\moth_photos\database\batch_02\img_moth_00003476.jpg,"[4000, 6000]",modelv1.0__2025-02-22 10:04:10
D:\moth_photos\database\batch_02\img_moth_00003477.jpg,"[4000, 6000]",modelv1.0__2025-02-22 10:04:10
D:\moth_photos\database\batch_02\img_moth_00003478.jpg,"[4000, 6000]",modelv1.0__2025-02-22 10:04:10
D:\moth_photos\database\batch_02\img_moth_00003479.jpg,"[4000, 6000]",modelv1.0__2025-02-22 10:04:10
D:\moth_photos\database\batch_02\img_moth_00003480.jpg,"[4000, 6000]",modelv1.0__2025-02-22 10:04:10
D:\moth_photos\database\batch_02\img_moth_00003481.jpg,"[4000, 6000]",modelv1.0__2025-02-22 10:04:10
D:\moth_photos\database\batch_02\img_moth_00003482.jpg,"[4000, 6000]",modelv1.0__2025-02-22 10:04:10
D:\moth_photos\database\batch_02\img_moth_00003483.jpg,"[4000, 6000]",modelv1.0__2025-02-22 10:04:10
D:\moth_photos\database\batch_02\img_moth_00003484.jpg,"[4000, 6000]",modelv1.0__2025-02-22 10:04:10
D:\moth_photos\database\batch_02\img_moth_00003485.jpg,"[4000, 6000]",modelv1.0__2025-02-22 10:04:10
D:\moth_photos\database\batch_02\img_moth_00003486.jpg,"[4000, 6000]",modelv1.0__2025-02-22 10:04:10
D:\moth_photos\database\batch_02\img_moth_00003487.jpg,"[4000, 6000]",modelv1.0__2025-02-22 10:04:10
D:\moth_photos\database\batch_02\img_moth_00003488.jpg,"[4000, 6000]",modelv1.0__2025-02-22 10:04:10
D:\moth_photos\database\batch_02\img_moth_00003489.jpg,"[4000, 6000]",modelv1.0__2025-02-22 10:04:10
D:\moth_photos\database\batch_02\img_moth_00003490.jpg,"[4000, 6000]",modelv1.0__2025-02-22 10:04:10
D:\moth_photos\database\batch_02\img_moth_00003491.jpg,"[4000, 6000]",modelv1.0__2025-02-22 10:04:10
D:\moth_photos\database\batch_02\img_moth_00003492.jpg,"[4000, 6000]",modelv1.0__2025-02-22 10:04:10
D:\moth_photos\database\batch_02\img_moth_00003493.jpg,"[4000, 6000]",modelv1.0__2025-02-22 10:04:10
D:\moth_photos\database\batch_02\img_moth_00003494.jpg,"[4000, 6000]",modelv1.0__2025-02-22 10:04:10
D:\moth_photos\database\batch_02\img_moth_00003495.jpg,"[4000, 6000]",modelv1.0__2025-02-22 10:04:10
D:\moth_photos\database\batch_02\img_moth_00003496.jpg,"[4000, 6000]",modelv1.0__2025-02-22 10:04:10
D:\moth_photos\database\batch_02\img_moth_00003497.jpg,"[4000, 6000]",modelv1.0__2025-02-22 10:04:10
D:\moth_photos\database\batch_02\img_moth_00003498.jpg,"[4000, 6000]",modelv1.0__2025-02-22 10:04:10
D:\moth_photos\database\batch_02\img_moth_00003499.jpg,"[4000, 6000]",modelv1.0__2025-02-22 10:04:10
D:\moth_photos\database\batch_02\img_moth_00003500.jpg,"[4000, 6000]",modelv1.0__2025-02-22 10:04:10
D:\moth_photos\database\batch_02\img_moth_00003501.jpg,"[4000, 6000]",modelv1.0__2025-02-22 10:04:10
D:\moth_photos\database\batch_02\img_moth_00003502.jpg,"[4000, 6000]",modelv1.0__2025-02-22 10:04:10
D:\moth_photos\database\batch_02\img_moth_00003503.jpg,"[4000, 6000]",modelv1.0__2025-02-22 10:04:10
D:\moth_photos\database\batch_02\img_moth_00003504.jpg,"[4000, 6000]",modelv1.0__2025-02-22 10:04:10
D:\moth_photos\database\batch_02\img_moth_00003505.jpg,"[4000, 6000]",modelv1.0__2025-02-22 10:04:10
D:\moth_photos\database\batch_02\img_moth_00003506.jpg,"[4000, 6000]",modelv1.0__2025-02-22 10:04:10
D:\moth_photos\database\batch_02\img_moth_00003507.jpg,"[4000, 6000]",modelv1.0__2025-02-22 10:04:10
D:\moth_photos\database\batch_02\img_moth_00003508.jpg,"[4000, 6000]",modelv1.0__2025-02-22 10:04:10
D:\moth_photos\database\batch_02\img_moth_00003509.jpg,"[4000, 6000]",modelv1.0__2025-02-22 10:04:10
D:\moth_photos\database\batch_02\img_moth_00003510.jpg,"[4000, 6000]",modelv1.0__2025-02-22 10:04:10
D:\moth_photos\database\batch_02\img_moth_00003511.jpg,"[4000, 6000]",modelv1.0__2025-02-22 10:04:10
D:\moth_photos\database\batch_02\img_moth_00003512.jpg,"[4000, 6000]",modelv1.0__2025-02-22 10:04:10
D:\moth_photos\database\batch_02\img_moth_00003513.jpg,"[4000, 6000]",modelv1.0__2025-02-22 10:04:10
D:\moth_photos\database\batch_02\img_moth_00003514.jpg,"[4000, 6000]",modelv1.0__2025-02-22 10:04:10
D:\moth_photos\database\batch_02\img_moth_00003515.jpg,"[4000, 6000]",modelv1.0__2025-02-22 10:04:10
D:\moth_photos\database\batch_02\img_moth_00003516.jpg,"[4000, 6000]",modelv1.0__2025-02-22 10:04:10
D:\moth_photos\database\batch_02\img_moth_00003517.jpg,"[4000, 6000]",modelv1.0__2025-02-22 10:04:10
D:\moth_photos\database\batch_02\img_moth_00003518.jpg,"[4000, 6000]",modelv1.0__2025-02-22 10:04:10
D:\moth_photos\database\batch_02\img_moth_00003519.jpg,"[4000, 6000]",modelv1.0__2025-02-22 10:04:10
D:\moth_photos\database\batch_02\img_moth_00003520.jpg,"[4000, 6000]",modelv1.0__2025-02-22 10:04:10
D:\moth_photos\database\batch_02\img_moth_00003521.jpg,"[4000, 6000]",modelv1.0__2025-02-22 10:04:10
D:\moth_photos\database\batch_02\img_moth_00003522.jpg,"[4000, 6000]",modelv1.0__2025-02-22 10:04:10
D:\moth_photos\database\batch_02\img_moth_00003523.jpg,"[4000, 6000]",modelv1.0__2025-02-22 10:04:10
D:\moth_photos\database\batch_02\img_moth_00003524.jpg,"[4000, 6000]",modelv1.0__2025-02-22 10:04:10
D:\moth_photos\database\batch_02\img_moth_00003525.jpg,"[4000, 6000]",modelv1.0__2025-02-22 10:04:10
D:\moth_photos\database\batch_02\img_moth_00003526.jpg,"[4000, 6000]",modelv1.0__2025-02-22 10:04:10
D:\moth_photos\database\batch_02\img_moth_00003527.jpg,"[4000, 6000]",modelv1.0__2025-02-22 10:04:10
D:\moth_photos\database\batch_02\img_moth_00003528.jpg,"[4000, 6000]",modelv1.0__2025-02-22 10:04:10
D:\moth_photos\database\batch_02\img_moth_00003529.jpg,"[4000, 6000]",modelv1.0__2025-02-22 10:04:10
D:\moth_photos\database\batch_02\img_moth_00003530.jpg,"[4000, 6000]",modelv1.0__2025-02-22 10:04:10
D:\moth_photos\database\batch_02\img_moth_00003531.jpg,"[4000, 6000]",modelv1.0__2025-02-22 10:04:10
D:\moth_photos\database\batch_02\img_moth_00003532.jpg,"[4000, 6000]",modelv1.0__2025-02-22 10:04:10
D:\moth_photos\database\batch_02\img_moth_00003533.jpg,"[4000, 6000]",modelv1.0__2025-02-22 10:04:10
D:\moth_photos\database\batch_02\img_moth_00003534.jpg,"[4000, 6000]",modelv1.0__2025-02-22 10:04:10
D:\moth_photos\database\batch_02\img_moth_00003535.jpg,"[4000, 6000]",modelv1.0__2025-02-22 10:04:10
D:\moth_photos\database\batch_02\img_moth_00003536.jpg,"[4000, 6000]",modelv1.0__2025-02-22 10:04:10
D:\moth_photos\database\batch_02\img_moth_00003537.jpg,"[4000, 6000]",modelv1.0__2025-02-22 10:04:10
D:\moth_photos\database\batch_02\img_moth_00003538.jpg,"[4000, 6000]",modelv1.0__2025-02-22 10:04:10
D:\moth_photos\database\batch_02\img_moth_00003539.jpg,"[4000, 6000]",modelv1.0__2025-02-22 10:04:10
D:\moth_photos\database\batch_02\img_moth_00003540.jpg,"[4000, 6000]",modelv1.0__2025-02-22 10:04:10
D:\moth_photos\database\batch_02\img_moth_00003541.jpg,"[4000, 6000]",modelv1.0__2025-02-22 10:04:10
D:\moth_photos\database\batch_02\img_moth_00003542.jpg,"[4000, 6000]",modelv1.0__2025-02-22 10:04:10
D:\moth_photos\database\batch_02\img_moth_00003543.jpg,"[4000, 6000]",modelv1.0__2025-02-22 10:04:10
D:\moth_photos\database\batch_02\img_moth_00003544.jpg,"[4000, 6000]",modelv1.0__2025-02-22 10:04:10
D:\moth_photos\database\batch_02\img_moth_00003545.jpg,"[4000, 6000]",modelv1.0__2025-02-22 10:04:10
D:\moth_photos\database\batch_02\img_moth_00003546.jpg,"[4000, 6000]",modelv1.0__2025-02-22 10:04:10
D:\moth_photos\database\batch_02\img_moth_00003547.jpg,"[4000, 6000]",modelv1.0__2025-02-22 10:04:10
D:\moth_photos\database\batch_02\img_moth_00003548.jpg,"[4000, 6000]",modelv1.0__2025-02-22 10:04:10
D:\moth_photos\database\batch_02\img_moth_00003549.jpg,"[4000, 6000]",modelv1.0__2025-02-22 10:04:10
D:\moth_photos\database\batch_02\img_moth_00003550.jpg,"[4000, 6000]",modelv1.0__2025-02-22 10:04:10
D:\moth_photos\database\batch_02\img_moth_00003551.jpg,"[4000, 6000]",modelv1.0__2025-02-22 10:04:10
D:\moth_photos\database\batch_02\img_moth_00003552.jpg,"[4000, 6000]",modelv1.0__2025-02-22 10:04:10
D:\moth_photos\database\batch_02\img_moth_00003553.jpg,"[4000, 6000]",modelv1.0__2025-02-22 10:04:10
D:\moth_photos\database\batch_02\img_moth_00003554.jpg,"[4000, 6000]",modelv1.0__2025-02-22 10:04:10
D:\moth_photos\database\batch_02\img_moth_00003555.jpg,"[4000, 6000]",modelv1.0__2025-02-22 10:04:10
D:\moth_photos\database\batch_02\img_moth_00003556.jpg,"[4000, 6000]",modelv1.0__2025-02-22 10:04:10
D:\moth_photos\database\batch_02\img_moth_00003557.jpg,"[4000, 6000]",modelv1.0__2025-02-22 10:04:10
D:\moth_photos\database\batch_02\img_moth_00003558.jpg,"[4000, 6000]",modelv1.0__2025-02-22 10:04:10
D:\moth_photos\database\batch_02\img_moth_00003559.jpg,"[4000, 6000]",modelv1.0__2025-02-22 10:04:10
D:\moth_photos\database\batch_02\img_moth_00003560.jpg,"[4000, 6000]",modelv1.0__2025-02-22 10:04:10
D:\moth_photos\database\batch_02\img_moth_00003561.jpg,"[4000, 6000]",modelv1.0__2025-02-22 10:04:10
D:\moth_photos\database\batch_02\img_moth_00003562.jpg,"[4000, 6000]",modelv1.0__2025-02-22 10:04:10
D:\moth_photos\database\batch_02\img_moth_00003563.jpg,"[4000, 6000]",modelv1.0__2025-02-22 10:04:10
D:\moth_photos\database\batch_02\img_moth_00003564.jpg,"[4000, 6000]",modelv1.0__2025-02-22 10:04:10
D:\moth_photos\database\batch_02\img_moth_00003565.jpg,"[4000, 6000]",modelv1.0__2025-02-22 10:04:10
D:\moth_photos\database\batch_02\img_moth_00003566.jpg,"[4000, 6000]",modelv1.0__2025-02-22 10:04:10
D:\moth_photos\database\batch_02\img_moth_00003567.jpg,"[4000, 6000]",modelv1.0__2025-02-22 10:04:10
D:\moth_photos\database\batch_02\img_moth_00003568.jpg,"[4000, 6000]",modelv1.0__2025-02-22 10:04:10
D:\moth_photos\database\batch_02\img_moth_00003569.jpg,"[4000, 6000]",modelv1.0__2025-02-22 10:04:10
D:\moth_photos\database\batch_02\img_moth_00003570.jpg,"[4000, 6000]",modelv1.0__2025-02-22 10:04:10
D:\moth_photos\database\batch_02\img_moth_00003571.jpg,"[4000, 6000]",modelv1.0__2025-02-22 10:04:10
D:\moth_photos\database\batch_02\img_moth_00003572.jpg,"[4000, 6000]",modelv1.0__2025-02-22 10:04:10
D:\moth_photos\database\batch_02\img_moth_00003573.jpg,"[4000, 6000]",modelv1.0__2025-02-22 10:04:10
D:\moth_photos\database\batch_02\img_moth_00003574.jpg,"[4000, 6000]",modelv1.0__2025-02-22 10:04:10
D:\moth_photos\database\batch_02\img_moth_00003575.jpg,"[4000, 6000]",modelv1.0__2025-02-22 10:04:10
D:\moth_photos\database\batch_02\img_moth_00003576.jpg,"[4000, 6000]",modelv1.0__2025-02-22 10:04:10
D:\moth_photos\database\batch_02\img_moth_00003577.jpg,"[4000, 6000]",modelv1.0__2025-02-22 10:04:10
D:\moth_photos\database\batch_02\img_moth_00003578.jpg,"[4000, 6000]",modelv1.0__2025-02-22 10:04:10
D:\moth_photos\database\batch_02\img_moth_00003579.jpg,"[4000, 6000]",modelv1.0__2025-02-22 10:04:10
D:\moth_photos\database\batch_02\img_moth_00003580.jpg,"[4000, 6000]",modelv1.0__2025-02-22 10:04:10
D:\moth_photos\database\batch_02\img_moth_00003581.jpg,"[4000, 6000]",modelv1.0__2025-02-22 10:04:10
D:\moth_photos\database\batch_02\img_moth_00003582.jpg,"[4000, 6000]",modelv1.0__2025-02-22 10:04:10
D:\moth_photos\database\batch_02\img_moth_00003583.jpg,"[4000, 6000]",modelv1.0__2025-02-22 10:04:10
D:\moth_photos\database\batch_02\img_moth_00003584.jpg,"[4000, 6000]",modelv1.0__2025-02-22 10:04:10
D:\moth_photos\database\batch_02\img_moth_00003585.jpg,"[4000, 6000]",modelv1.0__2025-02-22 10:04:10
D:\moth_photos\database\batch_02\img_moth_00003586.jpg,"[4000, 6000]",modelv1.0__2025-02-22 10:04:10
D:\moth_photos\database\batch_02\img_moth_00003587.jpg,"[4000, 6000]",modelv1.0__2025-02-22 10:04:10
D:\moth_photos\database\batch_02\img_moth_00003588.jpg,"[4000, 6000]",modelv1.0__2025-02-22 10:04:10
D:\moth_photos\database\batch_02\img_moth_00003589.jpg,"[4000, 6000]",modelv1.0__2025-02-22 10:04:10
D:\moth_photos\database\batch_02\img_moth_00003590.jpg,"[4000, 6000]",modelv1.0__2025-02-22 10:04:10
D:\moth_photos\database\batch_02\img_moth_00003591.jpg,"[4000, 6000]",modelv1.0__2025-02-22 10:04:10
D:\moth_photos\database\batch_02\img_moth_00003592.jpg,"[4000, 6000]",modelv1.0__2025-02-22 10:04:10
D:\moth_photos\database\batch_02\img_moth_00003593.jpg,"[4000, 6000]",modelv1.0__2025-02-22 10:04:10
D:\moth_photos\database\batch_02\img_moth_00003594.jpg,"[4000, 6000]",modelv1.0__2025-02-22 10:04:10
D:\moth_photos\database\batch_02\img_moth_00003595.jpg,"[4000, 6000]",modelv1.0__2025-02-22 10:04:10
D:\moth_photos\database\batch_02\img_moth_00003596.jpg,"[4000, 6000]",modelv1.0__2025-02-22 10:04:10
D:\moth_photos\database\batch_02\img_moth_00003597.jpg,"[4000, 6000]",modelv1.0__2025-02-22 10:04:10
D:\moth_photos\database\batch_02\img_moth_00003598.jpg,"[4000, 6000]",modelv1.0__2025-02-22 10:04:10
D:\moth_photos\database\batch_02\img_moth_00003599.jpg,"[4000, 6000]",modelv1.0__2025-02-22 10:04:10
D:\moth_photos\database\batch_02\img_moth_00003600.jpg,"[4000, 6000]",modelv1.0__2025-02-22 10:04:10
D:\moth_photos\database\batch_02\img_moth_00003601.jpg,"[4000, 6000]",modelv1.0__2025-02-22 10:04:10
D:\moth_photos\database\batch_02\img_moth_00003602.jpg,"[4000, 6000]",modelv1.0__2025-02-22 10:04:10
D:\moth_photos\database\batch_02\img_moth_00003603.jpg,"[4000, 6000]",modelv1.0__2025-02-22 10:04:10
D:\moth_photos\database\batch_02\img_moth_00003604.jpg,"[4000, 6000]",modelv1.0__2025-02-22 10:04:10
D:\moth_photos\database\batch_02\img_moth_00003605.jpg,"[4000, 6000]",modelv1.0__2025-02-22 10:04:10
D:\moth_photos\database\batch_02\img_moth_00003606.jpg,"[4000, 6000]",modelv1.0__2025-02-22 10:04:10
D:\moth_photos\database\batch_02\img_moth_00003607.jpg,"[4000, 6000]",modelv1.0__2025-02-22 10:04:10
D:\moth_photos\database\batch_02\img_moth_00003608.jpg,"[4000, 6000]",modelv1.0__2025-02-22 10:04:10
D:\moth_photos\database\batch_02\img_moth_00003609.jpg,"[4000, 6000]",modelv1.0__2025-02-22 10:04:10
D:\moth_photos\database\batch_02\img_moth_00003610.jpg,"[4000, 6000]",modelv1.0__2025-02-22 10:04:10
D:\moth_photos\database\batch_02\img_moth_00003611.jpg,"[4000, 6000]",modelv1.0__2025-02-22 10:04:10
D:\moth_photos\database\batch_02\img_moth_00003612.jpg,"[4000, 6000]",modelv1.0__2025-02-22 10:04:10
D:\moth_photos\database\batch_02\img_moth_00003613.jpg,"[4000, 6000]",modelv1.0__2025-02-22 10:04:10
D:\moth_photos\database\batch_02\img_moth_00003614.jpg,"[4000, 6000]",modelv1.0__2025-02-22 10:04:10
D:\moth_photos\database\batch_02\img_moth_00003615.jpg,"[4000, 6000]",modelv1.0__2025-02-22 10:04:10
D:\moth_photos\database\batch_02\img_moth_00003616.jpg,"[4000, 6000]",modelv1.0__2025-02-22 10:04:10
D:\moth_photos\database\batch_02\img_moth_00003617.jpg,"[4000, 6000]",modelv1.0__2025-02-22 10:04:10
D:\moth_photos\database\batch_02\img_moth_00003618.jpg,"[4000, 6000]",modelv1.0__2025-02-22 10:04:10
D:\moth_photos\database\batch_02\img_moth_00003619.jpg,"[4000, 6000]",modelv1.0__2025-02-22 10:04:10
D:\moth_photos\database\batch_02\img_moth_00003620.jpg,"[4000, 6000]",modelv1.0__2025-02-22 10:04:10
D:\moth_photos\database\batch_02\img_moth_00003621.jpg,"[4000, 6000]",modelv1.0__2025-02-22 10:04:10
D:\moth_photos\database\batch_02\img_moth_00003622.jpg,"[4000, 6000]",modelv1.0__2025-02-22 10:04:10
D:\moth_photos\database\batch_02\img_moth_00003623.jpg,"[4000, 6000]",modelv1.0__2025-02-22 10:04:10
D:\moth_photos\database\batch_02\img_moth_00003624.jpg,"[4000, 6000]",modelv1.0__2025-02-22 10:04:10
D:\moth_photos\database\batch_02\img_moth_00003625.jpg,"[4000, 6000]",modelv1.0__2025-02-22 10:04:10
D:\moth_photos\database\batch_02\img_moth_00003626.jpg,"[4000, 6000]",modelv1.0__2025-02-22 10:04:10
D:\moth_photos\database\batch_02\img_moth_00003627.jpg,"[4000, 6000]",modelv1.0__2025-02-22 10:04:10
D:\moth_photos\database\batch_02\img_moth_00003628.jpg,"[4000, 6000]",modelv1.0__2025-02-22 10:04:10
D:\moth_photos\database\batch_02\img_moth_00003629.jpg,"[4000, 6000]",modelv1.0__2025-02-22 10:04:10
D:\moth_photos\database\batch_02\img_moth_00003630.jpg,"[4000, 6000]",modelv1.0__2025-02-22 10:04:10
D:\moth_photos\database\batch_02\img_moth_00003631.jpg,"[4000, 6000]",modelv1.0__2025-02-22 10:04:10
D:\moth_photos\database\batch_02\img_moth_00003632.jpg,"[4000, 6000]",modelv1.0__2025-02-22 10:04:10
D:\moth_photos\database\batch_02\img_moth_00003633.jpg,"[4000, 6000]",modelv1.0__2025-02-22 10:04:10
D:\moth_photos\database\batch_02\img_moth_00003634.jpg,"[4000, 6000]",modelv1.0__2025-02-22 10:04:10
D:\moth_photos\database\batch_02\img_moth_00003635.jpg,"[4000, 6000]",modelv1.0__2025-02-22 10:04:10
D:\moth_photos\database\batch_02\img_moth_00003636.jpg,"[4000, 6000]",modelv1.0__2025-02-22 10:04:10
D:\moth_photos\database\batch_02\img_moth_00003637.jpg,"[4000, 6000]",modelv1.0__2025-02-22 10:04:10
D:\moth_photos\database\batch_02\img_moth_00003638.jpg,"[4000, 6000]",modelv1.0__2025-02-22 10:04:10
D:\moth_photos\database\batch_02\img_moth_00003639.jpg,"[4000, 6000]",modelv1.0__2025-02-22 10:04:10
D:\moth_photos\database\batch_02\img_moth_00003640.jpg,"[4000, 6000]",modelv1.0__2025-02-22 10:04:10
D:\moth_photos\database\batch_02\img_moth_00003641.jpg,"[4000, 6000]",modelv1.0__2025-02-22 10:04:10
D:\moth_photos\database\batch_02\img_moth_00003642.jpg,"[4000, 6000]",modelv1.0__2025-02-22 10:04:10
D:\moth_photos\database\batch_02\img_moth_00003643.jpg,"[4000, 6000]",modelv1.0__2025-02-22 10:04:10
D:\moth_photos\database\batch_02\img_moth_00003644.jpg,"[4000, 6000]",modelv1.0__2025-02-22 10:04:10
D:\moth_photos\database\batch_02\img_moth_00003645.jpg,"[4000, 6000]",modelv1.0__2025-02-22 10:04:10
D:\moth_photos\database\batch_02\img_moth_00003646.jpg,"[4000, 6000]",modelv1.0__2025-02-22 10:04:10
D:\moth_photos\database\batch_02\img_moth_00003647.jpg,"[4000, 6000]",modelv1.0__2025-02-22 10:04:10
D:\moth_photos\database\batch_02\img_moth_00003648.jpg,"[4000, 6000]",modelv1.0__2025-02-22 10:04:10
D:\moth_photos\database\batch_02\img_moth_00003649.jpg,"[4000, 6000]",modelv1.0__2025-02-22 10:04:10
D:\moth_photos\database\batch_02\img_moth_00003650.jpg,"[4000, 6000]",modelv1.0__2025-02-22 10:04:10
D:\moth_photos\database\batch_02\img_moth_00003651.jpg,"[4000, 6000]",modelv1.0__2025-02-22 10:04:10
D:\moth_photos\database\batch_02\img_moth_00003652.jpg,"[4000, 6000]",modelv1.0__2025-02-22 10:04:10
D:\moth_photos\database\batch_02\img_moth_00003653.jpg,"[4000, 6000]",modelv1.0__2025-02-22 10:04:10
D:\moth_photos\database\batch_02\img_moth_00003654.jpg,"[4000, 6000]",modelv1.0__2025-02-22 10:04:10
D:\moth_photos\database\batch_02\img_moth_00003655.jpg,"[4000, 6000]",modelv1.0__2025-02-22 10:04:10
D:\moth_photos\database\batch_02\img_moth_00003656.jpg,"[4000, 6000]",modelv1.0__2025-02-22 10:04:10
D:\moth_photos\database\batch_02\img_moth_00003657.jpg,"[4000, 6000]",modelv1.0__2025-02-22 10:04:10
D:\moth_photos\database\batch_02\img_moth_00003658.jpg,"[4000, 6000]",modelv1.0__2025-02-22 10:04:10
D:\moth_photos\database\batch_02\img_moth_00003659.jpg,"[4000, 6000]",modelv1.0__2025-02-22 10:04:10
D:\moth_photos\database\batch_02\img_moth_00003660.jpg,"[4000, 6000]",modelv1.0__2025-02-22 10:04:10
D:\moth_photos\database\batch_02\img_moth_00003661.jpg,"[4000, 6000]",modelv1.0__2025-02-22 10:04:10
D:\moth_photos\database\batch_02\img_moth_00003662.jpg,"[4000, 6000]",modelv1.0__2025-02-22 10:04:10
D:\moth_photos\database\batch_02\img_moth_00003663.jpg,"[4000, 6000]",modelv1.0__2025-02-22 10:04:10
D:\moth_photos\database\batch_02\img_moth_00003664.jpg,"[4000, 6000]",modelv1.0__2025-02-22 10:04:10
D:\moth_photos\database\batch_02\img_moth_00003665.jpg,"[4000, 6000]",modelv1.0__2025-02-22 10:04:10
D:\moth_photos\database\batch_02\img_moth_00003666.jpg,"[4000, 6000]",modelv1.0__2025-02-22 10:04:10
D:\moth_photos\database\batch_02\img_moth_00003667.jpg,"[4000, 6000]",modelv1.0__2025-02-22 10:04:10
D:\moth_photos\database\batch_02\img_moth_00003668.jpg,"[4000, 6000]",modelv1.0__2025-02-22 10:04:10
D:\moth_photos\database\batch_02\img_moth_00003669.jpg,"[4000, 6000]",modelv1.0__2025-02-22 10:04:10
D:\moth_photos\database\batch_02\img_moth_00003670.jpg,"[4000, 6000]",modelv1.0__2025-02-22 10:04:10
D:\moth_photos\database\batch_02\img_moth_00003671.jpg,"[4000, 6000]",modelv1.0__2025-02-22 10:04:10
D:\moth_photos\database\batch_02\img_moth_00003672.jpg,"[4000, 6000]",modelv1.0__2025-02-22 10:04:10
D:\moth_photos\database\batch_02\img_moth_00003673.jpg,"[4000, 6000]",modelv1.0__2025-02-22 10:04:10
D:\moth_photos\database\batch_02\img_moth_00003674.jpg,"[4000, 6000]",modelv1.0__2025-02-22 10:04:10
D:\moth_photos\database\batch_02\img_moth_00003675.jpg,"[4000, 6000]",modelv1.0__2025-02-22 10:04:10
D:\moth_photos\database\batch_02\img_moth_00003676.jpg,"[4000, 6000]",modelv1.0__2025-02-22 10:04:10
D:\moth_photos\database\batch_02\img_moth_00003677.jpg,"[4000, 6000]",modelv1.0__2025-02-22 10:04:10
D:\moth_photos\database\batch_02\img_moth_00003678.jpg,"[4000, 6000]",modelv1.0__2025-02-22 10:04:10
D:\moth_photos\database\batch_02\img_moth_00003679.jpg,"[4000, 6000]",modelv1.0__2025-02-22 10:04:10
D:\moth_photos\database\batch_02\img_moth_00003680.jpg,"[4000, 6000]",modelv1.0__2025-02-22 10:04:10
D:\moth_photos\database\batch_02\img_moth_00003681.jpg,"[4000, 6000]",modelv1.0__2025-02-22 10:04:10
D:\moth_photos\database\batch_02\img_moth_00003682.jpg,"[4000, 6000]",modelv1.0__2025-02-22 10:04:10
D:\moth_photos\database\batch_02\img_moth_00003683.jpg,"[4000, 6000]",modelv1.0__2025-02-22 10:04:10
D:\moth_photos\database\batch_02\img_moth_00003684.jpg,"[4000, 6000]",modelv1.0__2025-02-22 10:04:10
D:\moth_photos\database\batch_02\img_moth_00003685.jpg,"[4000, 6000]",modelv1.0__2025-02-22 10:04:10
D:\moth_photos\database\batch_02\img_moth_00003686.jpg,"[4000, 6000]",modelv1.0__2025-02-22 10:04:10
D:\moth_photos\database\batch_02\img_moth_00003687.jpg,"[4000, 6000]",modelv1.0__2025-02-22 10:04:10
D:\moth_photos\database\batch_02\img_moth_00003688.jpg,"[4000, 6000]",modelv1.0__2025-02-22 10:04:10
D:\moth_photos\database\batch_02\img_moth_00003689.jpg,"[4000, 6000]",modelv1.0__2025-02-22 10:04:10
D:\moth_photos\database\batch_02\img_moth_00003690.jpg,"[4000, 6000]",modelv1.0__2025-02-22 10:04:10
D:\moth_photos\database\batch_02\img_moth_00003691.jpg,"[4000, 6000]",modelv1.0__2025-02-22 10:04:10
D:\moth_photos\database\batch_02\img_moth_00003692.jpg,"[4000, 6000]",modelv1.0__2025-02-22 10:04:10
D:\moth_photos\database\batch_02\img_moth_00003693.jpg,"[4000, 6000]",modelv1.0__2025-02-22 10:04:10
D:\moth_photos\database\batch_02\img_moth_00003694.jpg,"[4000, 6000]",modelv1.0__2025-02-22 10:04:10
D:\moth_photos\database\batch_02\img_moth_00003695.jpg,"[4000, 6000]",modelv1.0__2025-02-22 10:04:10
D:\moth_photos\database\batch_02\img_moth_00003696.jpg,"[4000, 6000]",modelv1.0__2025-02-22 10:04:10
D:\moth_photos\database\batch_02\img_moth_00003697.jpg,"[4000, 6000]",modelv1.0__2025-02-22 10:04:10
D:\moth_photos\database\batch_02\img_moth_00003698.jpg,"[4000, 6000]",modelv1.0__2025-02-22 10:04:10
D:\moth_photos\database\batch_02\img_moth_00003699.jpg,"[4000, 6000]",modelv1.0__2025-02-22 10:04:10
D:\moth_photos\database\batch_02\img_moth_00003700.jpg,"[4000, 6000]",modelv1.0__2025-02-22 10:04:10
D:\moth_photos\database\batch_02\img_moth_00003701.jpg,"[4000, 6000]",modelv1.0__2025-02-22 10:04:10
D:\moth_photos\database\batch_02\img_moth_00003702.jpg,"[4000, 6000]",modelv1.0__2025-02-22 10:04:10
D:\moth_photos\database\batch_02\img_moth_00003703.jpg,"[4000, 6000]",modelv1.0__2025-02-22 10:04:10
D:\moth_photos\database\batch_02\img_moth_00003704.jpg,"[4000, 6000]",modelv1.0__2025-02-22 10:04:10
D:\moth_photos\database\batch_02\img_moth_00003705.jpg,"[4000, 6000]",modelv1.0__2025-02-22 10:04:10
D:\moth_photos\database\batch_02\img_moth_00003706.jpg,"[4000, 6000]",modelv1.0__2025-02-22 10:04:10
D:\moth_photos\database\batch_02\img_moth_00003707.jpg,"[4000, 6000]",modelv1.0__2025-02-22 10:04:10
D:\moth_photos\database\batch_02\img_moth_00003708.jpg,"[4000, 6000]",modelv1.0__2025-02-22 10:04:10
D:\moth_photos\database\batch_02\img_moth_00003709.jpg,"[4000, 6000]",modelv1.0__2025-02-22 10:04:10
D:\moth_photos\database\batch_02\img_moth_00003710.jpg,"[4000, 6000]",modelv1.0__2025-02-22 10:04:10
D:\moth_photos\database\batch_02\img_moth_00003711.jpg,"[4000, 6000]",modelv1.0__2025-02-22 10:04:10
D:\moth_photos\database\batch_02\img_moth_00003712.jpg,"[4000, 6000]",modelv1.0__2025-02-22 10:04:10
D:\moth_photos\database\batch_02\img_moth_00003713.jpg,"[4000, 6000]",modelv1.0__2025-02-22 10:04:10
D:\moth_photos\database\batch_02\img_moth_00003714.jpg,"[4000, 6000]",modelv1.0__2025-02-22 10:04:10
D:\moth_photos\database\batch_02\img_moth_00003715.jpg,"[4000, 6000]",modelv1.0__2025-02-22 10:04:10
D:\moth_photos\database\batch_02\img_moth_00003716.jpg,"[4000, 6000]",modelv1.0__2025-02-22 10:04:10
D:\moth_photos\database\batch_02\img_moth_00003717.jpg,"[4000, 6000]",modelv1.0__2025-02-22 10:04:10
D:\moth_photos\database\batch_02\img_moth_00003718.jpg,"[4000, 6000]",modelv1.0__2025-02-22 10:04:10
D:\moth_photos\database\batch_02\img_moth_00003719.jpg,"[4000, 6000]",modelv1.0__2025-02-22 10:04:10
D:\moth_photos\database\batch_02\img_moth_00003720.jpg,"[4000, 6000]",modelv1.0__2025-02-22 10:04:10
D:\moth_photos\database\batch_02\img_moth_00003721.jpg,"[4000, 6000]",modelv1.0__2025-02-22 10:04:10
D:\moth_photos\database\batch_02\img_moth_00003722.jpg,"[4000, 6000]",modelv1.0__2025-02-22 10:04:10
D:\moth_photos\database\batch_02\img_moth_00003723.jpg,"[4000, 6000]",modelv1.0__2025-02-22 10:04:10
D:\moth_photos\database\batch_02\img_moth_00003724.jpg,"[4000, 6000]",modelv1.0__2025-02-22 10:04:10
D:\moth_photos\database\batch_02\img_moth_00003725.jpg,"[4000, 6000]",modelv1.0__2025-02-22 10:04:10
D:\moth_photos\database\batch_02\img_moth_00003726.jpg,"[4000, 6000]",modelv1.0__2025-02-22 10:04:10
D:\moth_photos\database\batch_02\img_moth_00003727.jpg,"[4000, 6000]",modelv1.0__2025-02-22 10:04:10
D:\moth_photos\database\batch_02\img_moth_00003728.jpg,"[4000, 6000]",modelv1.0__2025-02-22 10:04:10
D:\moth_photos\database\batch_02\img_moth_00003729.jpg,"[4000, 6000]",modelv1.0__2025-02-22 10:04:10
D:\moth_photos\database\batch_02\img_moth_00003730.jpg,"[4000, 6000]",modelv1.0__2025-02-22 10:04:10
D:\moth_photos\database\batch_02\img_moth_00003731.jpg,"[4000, 6000]",modelv1.0__2025-02-22 10:04:10
D:\moth_photos\database\batch_02\img_moth_00003732.jpg,"[4000, 6000]",modelv1.0__2025-02-22 10:04:10
D:\moth_photos\database\batch_02\img_moth_00003733.jpg,"[4000, 6000]",modelv1.0__2025-02-22 10:04:10
D:\moth_photos\database\batch_02\img_moth_00003734.jpg,"[4000, 6000]",modelv1.0__2025-02-22 10:04:10
D:\moth_photos\database\batch_02\img_moth_00003735.jpg,"[4000, 6000]",modelv1.0__2025-02-22 10:04:10
D:\moth_photos\database\batch_02\img_moth_00003736.jpg,"[4000, 6000]",modelv1.0__2025-02-22 10:04:10
D:\moth_photos\database\batch_02\img_moth_00003737.jpg,"[4000, 6000]",modelv1.0__2025-02-22 10:04:10
D:\moth_photos\database\batch_02\img_moth_00003738.jpg,"[4000, 6000]",modelv1.0__2025-02-22 10:04:10
D:\moth_photos\database\batch_02\img_moth_00003739.jpg,"[4000, 6000]",modelv1.0__2025-02-22 10:04:10
D:\moth_photos\database\batch_02\img_moth_00003740.jpg,"[4000, 6000]",modelv1.0__2025-02-22 10:04:10
D:\moth_photos\database\batch_02\img_moth_00003741.jpg,"[4000, 6000]",modelv1.0__2025-02-22 10:04:10
D:\moth_photos\database\batch_02\img_moth_00003742.jpg,"[4000, 6000]",modelv1.0__2025-02-22 10:04:10
D:\moth_photos\database\batch_02\img_moth_00003743.jpg,"[4000, 6000]",modelv1.0__2025-02-22 10:04:10
D:\moth_photos\database\batch_02\img_moth_00003744.jpg,"[4000, 6000]",modelv1.0__2025-02-22 10:04:10
D:\moth_photos\database\batch_02\img_moth_00003745.jpg,"[4000, 6000]",modelv1.0__2025-02-22 10:04:10
D:\moth_photos\database\batch_02\img_moth_00003746.jpg,"[4000, 6000]",modelv1.0__2025-02-22 10:04:10
D:\moth_photos\database\batch_02\img_moth_00003747.jpg,"[4000, 6000]",modelv1.0__2025-02-22 10:04:10
D:\moth_photos\database\batch_02\img_moth_00003748.jpg,"[4000, 6000]",modelv1.0__2025-02-22 10:04:10
D:\moth_photos\database\batch_02\img_moth_00003749.jpg,"[4000, 6000]",modelv1.0__2025-02-22 10:04:10
D:\moth_photos\database\batch_02\img_moth_00003750.jpg,"[4000, 6000]",modelv1.0__2025-02-22 10:04:10
D:\moth_photos\database\batch_02\img_moth_00003751.jpg,"[4000, 6000]",modelv1.0__2025-02-22 10:04:10
D:\moth_photos\database\batch_02\img_moth_00003752.jpg,"[4000, 6000]",modelv1.0__2025-02-22 10:04:10
D:\moth_photos\database\batch_02\img_moth_00003753.jpg,"[4000, 6000]",modelv1.0__2025-02-22 10:04:10
D:\moth_photos\database\batch_02\img_moth_00003754.jpg,"[4000, 6000]",modelv1.0__2025-02-22 10:04:10
D:\moth_photos\database\batch_02\img_moth_00003755.jpg,"[4000, 6000]",modelv1.0__2025-02-22 10:04:10
D:\moth_photos\database\batch_02\img_moth_00003756.jpg,"[4000, 6000]",modelv1.0__2025-02-22 10:04:10
D:\moth_photos\database\batch_02\img_moth_00003757.jpg,"[4000, 6000]",modelv1.0__2025-02-22 10:04:10
D:\moth_photos\database\batch_02\img_moth_00003758.jpg,"[4000, 6000]",modelv1.0__2025-02-22 10:04:10
D:\moth_photos\database\batch_02\img_moth_00003759.jpg,"[4000, 6000]",modelv1.0__2025-02-22 10:04:10
D:\moth_photos\database\batch_02\img_moth_00003760.jpg,"[4000, 6000]",modelv1.0__2025-02-22 10:04:10
D:\moth_photos\database\batch_02\img_moth_00003761.jpg,"[4000, 6000]",modelv1.0__2025-02-22 10:04:10
D:\moth_photos\database\batch_02\img_moth_00003762.jpg,"[4000, 6000]",modelv1.0__2025-02-22 10:04:10
D:\moth_photos\database\batch_02\img_moth_00003763.jpg,"[4000, 6000]",modelv1.0__2025-02-22 10:04:10
D:\moth_photos\database\batch_02\img_moth_00003764.jpg,"[4000, 6000]",modelv1.0__2025-02-22 10:04:10
D:\moth_photos\database\batch_02\img_moth_00003765.jpg,"[4000, 6000]",modelv1.0__2025-02-22 10:04:10
D:\moth_photos\database\batch_02\img_moth_00003766.jpg,"[4000, 6000]",modelv1.0__2025-02-22 10:04:10
D:\moth_photos\database\batch_02\img_moth_00003767.jpg,"[4000, 6000]",modelv1.0__2025-02-22 10:04:10
D:\moth_photos\database\batch_02\img_moth_00003768.jpg,"[4000, 6000]",modelv1.0__2025-02-22 10:04:10
D:\moth_photos\database\batch_02\img_moth_00003769.jpg,"[4000, 6000]",modelv1.0__2025-02-22 10:04:10
D:\moth_photos\database\batch_02\img_moth_00003770.jpg,"[4000, 6000]",modelv1.0__2025-02-22 10:04:10
D:\moth_photos\database\batch_02\img_moth_00003771.jpg,"[4000, 6000]",modelv1.0__2025-02-22 10:04:10
D:\moth_photos\database\batch_02\img_moth_00003772.jpg,"[4000, 6000]",modelv1.0__2025-02-22 10:04:10
D:\moth_photos\database\batch_02\img_moth_00003773.jpg,"[4000, 6000]",modelv1.0__2025-02-22 10:04:10
D:\moth_photos\database\batch_02\img_moth_00003774.jpg,"[4000, 6000]",modelv1.0__2025-02-22 10:04:10
D:\moth_photos\database\batch_02\img_moth_00003775.jpg,"[4000, 6000]",modelv1.0__2025-02-22 10:04:10
D:\moth_photos\database\batch_02\img_moth_00003776.jpg,"[4000, 6000]",modelv1.0__2025-02-22 10:04:10
D:\moth_photos\database\batch_02\img_moth_00003777.jpg,"[4000, 6000]",modelv1.0__2025-02-22 10:04:10
D:\moth_photos\database\batch_02\img_moth_00003778.jpg,"[4000, 6000]",modelv1.0__2025-02-22 10:04:10
D:\moth_photos\database\batch_02\img_moth_00003779.jpg,"[4000, 6000]",modelv1.0__2025-02-22 10:04:10
D:\moth_photos\database\batch_02\img_moth_00003780.jpg,"[4000, 6000]",modelv1.0__2025-02-22 10:04:10
D:\moth_photos\database\batch_02\img_moth_00003781.jpg,"[4000, 6000]",modelv1.0__2025-02-22 10:04:10
D:\moth_photos\database\batch_02\img_moth_00003782.jpg,"[4000, 6000]",modelv1.0__2025-02-22 10:04:10
D:\moth_photos\database\batch_02\img_moth_00003783.jpg,"[4000, 6000]",modelv1.0__2025-02-22 10:04:10
D:\moth_photos\database\batch_02\img_moth_00003784.jpg,"[4000, 6000]",modelv1.0__2025-02-22 10:04:10
D:\moth_photos\database\batch_02\img_moth_00003785.jpg,"[4000, 6000]",modelv1.0__2025-02-22 10:04:10
D:\moth_photos\database\batch_02\img_moth_00003786.jpg,"[4000, 6000]",modelv1.0__2025-02-22 10:04:10
D:\moth_photos\database\batch_02\img_moth_00003787.jpg,"[4000, 6000]",modelv1.0__2025-02-22 10:04:10
D:\moth_photos\database\batch_02\img_moth_00003788.jpg,"[4000, 6000]",modelv1.0__2025-02-22 10:04:10
D:\moth_photos\database\batch_02\img_moth_00003789.jpg,"[4000, 6000]",modelv1.0__2025-02-22 10:04:10
D:\moth_photos\database\batch_02\img_moth_00003790.jpg,"[4000, 6000]",modelv1.0__2025-02-22 10:04:10
D:\moth_photos\database\batch_02\img_moth_00003791.jpg,"[4000, 6000]",modelv1.0__2025-02-22 10:04:10
D:\moth_photos\database\batch_02\img_moth_00003792.jpg,"[4000, 6000]",modelv1.0__2025-02-22 10:04:10
D:\moth_photos\database\batch_02\img_moth_00003793.jpg,"[4000, 6000]",modelv1.0__2025-02-22 10:04:10
D:\moth_photos\database\batch_02\img_moth_00003794.jpg,"[4000, 6000]",modelv1.0__2025-02-22 10:04:10
D:\moth_photos\database\batch_02\img_moth_00003795.jpg,"[4000, 6000]",modelv1.0__2025-02-22 10:04:10
D:\moth_photos\database\batch_02\img_moth_00003796.jpg,"[4000, 6000]",modelv1.0__2025-02-22 10:04:10
D:\moth_photos\database\batch_02\img_moth_00003797.jpg,"[4000, 6000]",modelv1.0__2025-02-22 10:04:10
D:\moth_photos\database\batch_02\img_moth_00003798.jpg,"[4000, 6000]",modelv1.0__2025-02-22 10:04:10
D:\moth_photos\database\batch_02\img_moth_00003799.jpg,"[4000, 6000]",modelv1.0__2025-02-22 10:04:10
D:\moth_photos\database\batch_02\img_moth_00003800.jpg,"[4000, 6000]",modelv1.0__2025-02-22 10:04:10
D:\moth_photos\database\batch_02\img_moth_00003801.jpg,"[4000, 6000]",modelv1.0__2025-02-22 10:04:10
D:\moth_photos\database\batch_02\img_moth_00003802.jpg,"[4000, 6000]",modelv1.0__2025-02-22 10:04:10
D:\moth_photos\database\batch_02\img_moth_00003803.jpg,"[4000, 6000]",modelv1.0__2025-02-22 10:04:10
D:\moth_photos\database\batch_02\img_moth_00003804.jpg,"[4000, 6000]",modelv1.0__2025-02-22 10:04:10
D:\moth_photos\database\batch_02\img_moth_00003805.jpg,"[4000, 6000]",modelv1.0__2025-02-22 10:04:10
D:\moth_photos\database\batch_02\img_moth_00003806.jpg,"[4000, 6000]",modelv1.0__2025-02-22 10:04:10
D:\moth_photos\database\batch_02\img_moth_00003807.jpg,"[4000, 6000]",modelv1.0__2025-02-22 10:04:10
D:\moth_photos\database\batch_02\img_moth_00003808.jpg,"[4000, 6000]",modelv1.0__2025-02-22 10:04:10
D:\moth_photos\database\batch_02\img_moth_00003809.jpg,"[4000, 6000]",modelv1.0__2025-02-22 10:04:10
D:\moth_photos\database\batch_02\img_moth_00003810.jpg,"[4000, 6000]",modelv1.0__2025-02-22 10:04:10
D:\moth_photos\database\batch_02\img_moth_00003811.jpg,"[4000, 6000]",modelv1.0__2025-02-22 10:04:10
D:\moth_photos\database\batch_02\img_moth_00003812.jpg,"[4000, 6000]",modelv1.0__2025-02-22 10:04:10
D:\moth_photos\database\batch_02\img_moth_00003813.jpg,"[4000, 6000]",modelv1.0__2025-02-22 10:04:10
D:\moth_photos\database\batch_02\img_moth_00003814.jpg,"[4000, 6000]",modelv1.0__2025-02-22 10:04:10
D:\moth_photos\database\batch_02\img_moth_00003815.jpg,"[4000, 6000]",modelv1.0__2025-02-22 10:04:10
D:\moth_photos\database\batch_02\img_moth_00003816.jpg,"[4000, 6000]",modelv1.0__2025-02-22 10:04:10
D:\moth_photos\database\batch_02\img_moth_00003817.jpg,"[4000, 6000]",modelv1.0__2025-02-22 10:04:10
D:\moth_photos\database\batch_02\img_moth_00003818.jpg,"[4000, 6000]",modelv1.0__2025-02-22 10:04:10
D:\moth_photos\database\batch_02\img_moth_00003819.jpg,"[4000, 6000]",modelv1.0__2025-02-22 10:04:10
D:\moth_photos\database\batch_02\img_moth_00003820.jpg,"[4000, 6000]",modelv1.0__2025-02-22 10:04:10
D:\moth_photos\database\batch_02\img_moth_00003821.jpg,"[4000, 6000]",modelv1.0__2025-02-22 10:04:10
D:\moth_photos\database\batch_02\img_moth_00003822.jpg,"[4000, 6000]",modelv1.0__2025-02-22 10:04:10
D:\moth_photos\database\batch_02\img_moth_00003823.jpg,"[4000, 6000]",modelv1.0__2025-02-22 10:04:10
D:\moth_photos\database\batch_02\img_moth_00003824.jpg,"[4000, 6000]",modelv1.0__2025-02-22 10:04:10
D:\moth_photos\database\batch_02\img_moth_00003825.jpg,"[4000, 6000]",modelv1.0__2025-02-22 10:04:10
D:\moth_photos\database\batch_02\img_moth_00003826.jpg,"[4000, 6000]",modelv1.0__2025-02-22 10:04:10
D:\moth_photos\database\batch_02\img_moth_00003827.jpg,"[4000, 6000]",modelv1.0__2025-02-22 10:04:10
D:\moth_photos\database\batch_02\img_moth_00003828.jpg,"[4000, 6000]",modelv1.0__2025-02-22 10:04:10
D:\moth_photos\database\batch_02\img_moth_00003829.jpg,"[4000, 6000]",modelv1.0__2025-02-22 10:04:10
D:\moth_photos\database\batch_02\img_moth_00003830.jpg,"[4000, 6000]",modelv1.0__2025-02-22 10:04:10
D:\moth_photos\database\batch_02\img_moth_00003831.jpg,"[4000, 6000]",modelv1.0__2025-02-22 10:04:10
D:\moth_photos\database\batch_02\img_moth_00003832.jpg,"[4000, 6000]",modelv1.0__2025-02-22 10:04:10
D:\moth_photos\database\batch_02\img_moth_00003833.jpg,"[4000, 6000]",modelv1.0__2025-02-22 10:04:10
D:\moth_photos\database\batch_02\img_moth_00003834.jpg,"[4000, 6000]",modelv1.0__2025-02-22 10:04:10
D:\moth_photos\database\batch_02\img_moth_00003835.jpg,"[4000, 6000]",modelv1.0__2025-02-22 10:04:10
D:\moth_photos\database\batch_02\img_moth_00003836.jpg,"[4000, 6000]",modelv1.0__2025-02-22 10:04:10
D:\moth_photos\database\batch_02\img_moth_00003837.jpg,"[4000, 6000]",modelv1.0__2025-02-22 10:04:10
D:\moth_photos\database\batch_02\img_moth_00003838.jpg,"[4000, 6000]",modelv1.0__2025-02-22 10:04:10
D:\moth_photos\database\batch_02\img_moth_00003839.jpg,"[4000, 6000]",modelv1.0__2025-02-22 10:04:10
D:\moth_photos\database\batch_02\img_moth_00003840.jpg,"[4000, 6000]",modelv1.0__2025-02-22 10:04:10
D:\moth_photos\database\batch_02\img_moth_00003841.jpg,"[4000, 6000]",modelv1.0__2025-02-22 10:04:10
D:\moth_photos\database\batch_02\img_moth_00003842.jpg,"[4000, 6000]",modelv1.0__2025-02-22 10:04:10
D:\moth_photos\database\batch_02\img_moth_00003843.jpg,"[4000, 6000]",modelv1.0__2025-02-22 10:04:10
D:\moth_photos\database\batch_02\img_moth_00003844.jpg,"[4000, 6000]",modelv1.0__2025-02-22 10:04:10
D:\moth_photos\database\batch_02\img_moth_00003845.jpg,"[4000, 6000]",modelv1.0__2025-02-22 10:04:10
D:\moth_photos\database\batch_02\img_moth_00003846.jpg,"[4000, 6000]",modelv1.0__2025-02-22 10:04:10
D:\moth_photos\database\batch_02\img_moth_00003847.jpg,"[4000, 6000]",modelv1.0__2025-02-22 10:04:10
D:\moth_photos\database\batch_02\img_moth_00003848.jpg,"[4000, 6000]",modelv1.0__2025-02-22 10:04:10
D:\moth_photos\database\batch_02\img_moth_00003849.jpg,"[4000, 6000]",modelv1.0__2025-02-22 10:04:10
D:\moth_photos\database\batch_02\img_moth_00003850.jpg,"[4000, 6000]",modelv1.0__2025-02-22 10:04:10
D:\moth_photos\database\batch_02\img_moth_00003851.jpg,"[4000, 6000]",modelv1.0__2025-02-22 10:04:10
D:\moth_photos\database\batch_02\img_moth_00003852.jpg,"[4000, 6000]",modelv1.0__2025-02-22 10:04:10
D:\moth_photos\database\batch_02\img_moth_00003853.jpg,"[4000, 6000]",modelv1.0__2025-02-22 10:04:10
D:\moth_photos\database\batch_02\img_moth_00003854.jpg,"[4000, 6000]",modelv1.0__2025-02-22 10:04:10
D:\moth_photos\database\batch_02\img_moth_00003855.jpg,"[4000, 6000]",modelv1.0__2025-02-22 10:04:10
D:\moth_photos\database\batch_02\img_moth_00003856.jpg,"[4000, 6000]",modelv1.0__2025-02-22 10:04:10
D:\moth_photos\database\batch_02\img_moth_00003857.jpg,"[4000, 6000]",modelv1.0__2025-02-22 10:04:10
D:\moth_photos\database\batch_02\img_moth_00003858.jpg,"[4000, 6000]",modelv1.0__2025-02-22 10:04:10
D:\moth_photos\database\batch_02\img_moth_00003859.jpg,"[4000, 6000]",modelv1.0__2025-02-22 10:04:10
D:\moth_photos\database\batch_02\img_moth_00003860.jpg,"[4000, 6000]",modelv1.0__2025-02-22 10:04:10
D:\moth_photos\database\batch_02\img_moth_00003861.jpg,"[4000, 6000]",modelv1.0__2025-02-22 10:04:10
D:\moth_photos\database\batch_02\img_moth_00003862.jpg,"[4000, 6000]",modelv1.0__2025-02-22 10:04:10
D:\moth_photos\database\batch_02\img_moth_00003863.jpg,"[4000, 6000]",modelv1.0__2025-02-22 10:04:10
D:\moth_photos\database\batch_02\img_moth_00003864.jpg,"[4000, 6000]",modelv1.0__2025-02-22 10:04:10
D:\moth_photos\database\batch_02\img_moth_00003865.jpg,"[4000, 6000]",modelv1.0__2025-02-22 10:04:10
D:\moth_photos\database\batch_02\img_moth_00003866.jpg,"[4000, 6000]",modelv1.0__2025-02-22 10:04:10
D:\moth_photos\database\batch_02\img_moth_00003867.jpg,"[4000, 6000]",modelv1.0__2025-02-22 10:04:10
D:\moth_photos\database\batch_02\img_moth_00003868.jpg,"[4000, 6000]",modelv1.0__2025-02-22 10:04:10
D:\moth_photos\database\batch_02\img_moth_00003869.jpg,"[4000, 6000]",modelv1.0__2025-02-22 10:04:10
D:\moth_photos\database\batch_02\img_moth_00003870.jpg,"[4000, 6000]",modelv1.0__2025-02-22 10:04:10
D:\moth_photos\database\batch_02\img_moth_00003871.jpg,"[4000, 6000]",modelv1.0__2025-02-22 10:04:10
D:\moth_photos\database\batch_02\img_moth_00003872.jpg,"[4000, 6000]",modelv1.0__2025-02-22 10:04:10
D:\moth_photos\database\batch_02\img_moth_00003873.jpg,"[4000, 6000]",modelv1.0__2025-02-22 10:04:10
D:\moth_photos\database\batch_02\img_moth_00003874.jpg,"[4000, 6000]",modelv1.0__2025-02-22 10:04:10
D:\moth_photos\database\batch_02\img_moth_00003875.jpg,"[4000, 6000]",modelv1.0__2025-02-22 10:04:10
D:\moth_photos\database\batch_02\img_moth_00003876.jpg,"[4000, 6000]",modelv1.0__2025-02-22 10:04:10
D:\moth_photos\database\batch_02\img_moth_00003877.jpg,"[4000, 6000]",modelv1.0__2025-02-22 10:04:10
D:\moth_photos\database\batch_02\img_moth_00003878.jpg,"[4000, 6000]",modelv1.0__2025-02-22 10:04:10
D:\moth_photos\database\batch_02\img_moth_00003879.jpg,"[4000, 6000]",modelv1.0__2025-02-22 10:04:10
D:\moth_photos\database\batch_02\img_moth_00003880.jpg,"[4000, 6000]",modelv1.0__2025-02-22 10:04:10
D:\moth_photos\database\batch_02\img_moth_00003881.jpg,"[4000, 6000]",modelv1.0__2025-02-22 10:04:10
D:\moth_photos\database\batch_02\img_moth_00003882.jpg,"[4000, 6000]",modelv1.0__2025-02-22 10:04:10
D:\moth_photos\database\batch_02\img_moth_00003883.jpg,"[4000, 6000]",modelv1.0__2025-02-22 10:04:10
D:\moth_photos\database\batch_02\img_moth_00003884.jpg,"[4000, 6000]",modelv1.0__2025-02-22 10:04:10
D:\moth_photos\database\batch_02\img_moth_00003885.jpg,"[4000, 6000]",modelv1.0__2025-02-22 10:04:10
D:\moth_photos\database\batch_02\img_moth_00003886.jpg,"[4000, 6000]",modelv1.0__2025-02-22 10:04:10
D:\moth_photos\database\batch_02\img_moth_00003887.jpg,"[4000, 6000]",modelv1.0__2025-02-22 10:04:10
D:\moth_photos\database\batch_02\img_moth_00003888.jpg,"[4000, 6000]",modelv1.0__2025-02-22 10:04:10
D:\moth_photos\database\batch_02\img_moth_00003889.jpg,"[4000, 6000]",modelv1.0__2025-02-22 10:04:10
D:\moth_photos\database\batch_02\img_moth_00003890.jpg,"[4000, 6000]",modelv1.0__2025-02-22 10:04:10
D:\moth_photos\database\batch_02\img_moth_00003891.jpg,"[4000, 6000]",modelv1.0__2025-02-22 10:04:10
D:\moth_photos\database\batch_02\img_moth_00003892.jpg,"[4000, 6000]",modelv1.0__2025-02-22 10:04:10
D:\moth_photos\database\batch_02\img_moth_00003893.jpg,"[4000, 6000]",modelv1.0__2025-02-22 10:04:10
D:\moth_photos\database\batch_02\img_moth_00003894.jpg,"[4000, 6000]",modelv1.0__2025-02-22 10:04:10
D:\moth_photos\database\batch_02\img_moth_00003895.jpg,"[4000, 6000]",modelv1.0__2025-02-22 10:04:10
D:\moth_photos\database\batch_02\img_moth_00003896.jpg,"[4000, 6000]",modelv1.0__2025-02-22 10:04:10
D:\moth_photos\database\batch_02\img_moth_00003897.jpg,"[4000, 6000]",modelv1.0__2025-02-22 10:04:10
D:\moth_photos\database\batch_02\img_moth_00003898.jpg,"[4000, 6000]",modelv1.0__2025-02-22 10:04:10
D:\moth_photos\database\batch_02\img_moth_00003899.jpg,"[4000, 6000]",modelv1.0__2025-02-22 10:04:10
D:\moth_photos\database\batch_02\img_moth_00003900.jpg,"[4000, 6000]",modelv1.0__2025-02-22 10:04:10
D:\moth_photos\database\batch_02\img_moth_00003901.jpg,"[4000, 6000]",modelv1.0__2025-02-22 10:04:10
D:\moth_photos\database\batch_02\img_moth_00003902.jpg,"[4000, 6000]",modelv1.0__2025-02-22 10:04:10
D:\moth_photos\database\batch_02\img_moth_00003903.jpg,"[4000, 6000]",modelv1.0__2025-02-22 10:04:10
D:\moth_photos\database\batch_02\img_moth_00003904.jpg,"[4000, 6000]",modelv1.0__2025-02-22 10:04:10
D:\moth_photos\database\batch_02\img_moth_00003905.jpg,"[4000, 6000]",modelv1.0__2025-02-22 10:04:10
D:\moth_photos\database\batch_02\img_moth_00003906.jpg,"[4000, 6000]",modelv1.0__2025-02-22 10:04:10
D:\moth_photos\database\batch_02\img_moth_00003907.jpg,"[4000, 6000]",modelv1.0__2025-02-22 10:04:10
D:\moth_photos\database\batch_02\img_moth_00003908.jpg,"[4000, 6000]",modelv1.0__2025-02-22 10:04:10
D:\moth_photos\database\batch_02\img_moth_00003909.jpg,"[4000, 6000]",modelv1.0__2025-02-22 10:04:10
D:\moth_photos\database\batch_02\img_moth_00003910.jpg,"[4000, 6000]",modelv1.0__2025-02-22 10:04:10
D:\moth_photos\database\batch_02\img_moth_00003911.jpg,"[4000, 6000]",modelv1.0__2025-02-22 10:04:10
D:\moth_photos\database\batch_02\img_moth_00003912.jpg,"[4000, 6000]",modelv1.0__2025-02-22 10:04:10
D:\moth_photos\database\batch_02\img_moth_00003913.jpg,"[4000, 6000]",modelv1.0__2025-02-22 10:04:10
D:\moth_photos\database\batch_02\img_moth_00003914.jpg,"[4000, 6000]",modelv1.0__2025-02-22 10:04:10
D:\moth_photos\database\batch_02\img_moth_00003915.jpg,"[4000, 6000]",modelv1.0__2025-02-22 10:04:10
D:\moth_photos\database\batch_02\img_moth_00003916.jpg,"[4000, 6000]",modelv1.0__2025-02-22 10:04:10
D:\moth_photos\database\batch_02\img_moth_00003917.jpg,"[4000, 6000]",modelv1.0__2025-02-22 10:04:10
D:\moth_photos\database\batch_02\img_moth_00003918.jpg,"[4000, 6000]",modelv1.0__2025-02-22 10:04:10
D:\moth_photos\database\batch_02\img_moth_00003919.jpg,"[4000, 6000]",modelv1.0__2025-02-22 10:04:10
D:\moth_photos\database\batch_02\img_moth_00003920.jpg,"[4000, 6000]",modelv1.0__2025-02-22 10:04:10
D:\moth_photos\database\batch_02\img_moth_00003921.jpg,"[4000, 6000]",modelv1.0__2025-02-22 10:04:10
D:\moth_photos\database\batch_02\img_moth_00003922.jpg,"[4000, 6000]",modelv1.0__2025-02-22 10:04:10
D:\moth_photos\database\batch_02\img_moth_00003923.jpg,"[4000, 6000]",modelv1.0__2025-02-22 10:04:10
D:\moth_photos\database\batch_02\img_moth_00003924.jpg,"[4000, 6000]",modelv1.0__2025-02-22 10:04:10
D:\moth_photos\database\batch_02\img_moth_00003925.jpg,"[4000, 6000]",modelv1.0__2025-02-22 10:04:10
D:\moth_photos\database\batch_02\img_moth_00003926.jpg,"[4000, 6000]",modelv1.0__2025-02-22 10:04:10
D:\moth_photos\database\batch_02\img_moth_00003927.jpg,"[4000, 6000]",modelv1.0__2025-02-22 10:04:10
D:\moth_photos\database\batch_02\img_moth_00003928.jpg,"[4000, 6000]",modelv1.0__2025-02-22 10:04:10
D:\moth_photos\database\batch_02\img_moth_00003929.jpg,"[4000, 6000]",modelv1.0__2025-02-22 10:04:10
D:\moth_photos\database\batch_02\img_moth_00003930.jpg,"[4000, 6000]",modelv1.0__2025-02-22 10:04:10
D:\moth_photos\database\batch_02\img_moth_00003931.jpg,"[4000, 6000]",modelv1.0__2025-02-22 10:04:10
D:\moth_photos\database\batch_02\img_moth_00003932.jpg,"[4000, 6000]",modelv1.0__2025-02-22 10:04:10
D:\moth_photos\database\batch_02\img_moth_00003933.jpg,"[4000, 6000]",modelv1.0__2025-02-22 10:04:10
D:\moth_photos\database\batch_02\img_moth_00003934.jpg,"[4000, 6000]",modelv1.0__2025-02-22 10:04:10
D:\moth_photos\database\batch_02\img_moth_00003935.jpg,"[4000, 6000]",modelv1.0__2025-02-22 10:04:10
D:\moth_photos\database\batch_02\img_moth_00003936.jpg,"[4000, 6000]",modelv1.0__2025-02-22 10:04:10
D:\moth_photos\database\batch_02\img_moth_00003937.jpg,"[4000, 6000]",modelv1.0__2025-02-22 10:04:10
D:\moth_photos\database\batch_02\img_moth_00003938.jpg,"[4000, 6000]",modelv1.0__2025-02-22 10:04:10
D:\moth_photos\database\batch_02\img_moth_00003939.jpg,"[4000, 6000]",modelv1.0__2025-02-22 10:04:10
D:\moth_photos\database\batch_02\img_moth_00003940.jpg,"[4000, 6000]",modelv1.0__2025-02-22 10:04:10
D:\moth_photos\database\batch_02\img_moth_00003941.jpg,"[4000, 6000]",modelv1.0__2025-02-22 10:04:10
D:\moth_photos\database\batch_02\img_moth_00003942.jpg,"[4000, 6000]",modelv1.0__2025-02-22 10:04:10
D:\moth_photos\database\batch_02\img_moth_00003943.jpg,"[4000, 6000]",modelv1.0__2025-02-22 10:04:10
D:\moth_photos\database\batch_02\img_moth_00003944.jpg,"[4000, 6000]",modelv1.0__2025-02-22 10:04:10
D:\moth_photos\database\batch_02\img_moth_00003945.jpg,"[4000, 6000]",modelv1.0__2025-02-22 10:04:10
D:\moth_photos\database\batch_02\img_moth_00003946.jpg,"[4000, 6000]",modelv1.0__2025-02-22 10:04:10
D:\moth_photos\database\batch_02\img_moth_00003947.jpg,"[4000, 6000]",modelv1.0__2025-02-22 10:04:10
D:\moth_photos\database\batch_02\img_moth_00003948.jpg,"[4000, 6000]",modelv1.0__2025-02-22 10:04:10
D:\moth_photos\database\batch_02\img_moth_00003949.jpg,"[4000, 6000]",modelv1.0__2025-02-22 10:04:10
D:\moth_photos\database\batch_02\img_moth_00003950.jpg,"[4000, 6000]",modelv1.0__2025-02-22 10:04:10
D:\moth_photos\database\batch_02\img_moth_00003951.jpg,"[4000, 6000]",modelv1.0__2025-02-22 10:04:10
D:\moth_photos\database\batch_02\img_moth_00003952.jpg,"[4000, 6000]",modelv1.0__2025-02-22 10:04:10
D:\moth_photos\database\batch_02\img_moth_00003953.jpg,"[4000, 6000]",modelv1.0__2025-02-22 10:04:10
D:\moth_photos\database\batch_02\img_moth_00003954.jpg,"[4000, 6000]",modelv1.0__2025-02-22 10:04:10
D:\moth_photos\database\batch_02\img_moth_00003955.jpg,"[4000, 6000]",modelv1.0__2025-02-22 10:04:10
D:\moth_photos\database\batch_02\img_moth_00003956.jpg,"[4000, 6000]",modelv1.0__2025-02-22 10:04:10
D:\moth_photos\database\batch_02\img_moth_00003957.jpg,"[4000, 6000]",modelv1.0__2025-02-22 10:04:10
D:\moth_photos\database\batch_02\img_moth_00003958.jpg,"[4000, 6000]",modelv1.0__2025-02-22 10:04:10
D:\moth_photos\database\batch_02\img_moth_00003959.jpg,"[4000, 6000]",modelv1.0__2025-02-22 10:04:10
D:\moth_photos\database\batch_02\img_moth_00003960.jpg,"[4000, 6000]",modelv1.0__2025-02-22 10:04:10
D:\moth_photos\database\batch_02\img_moth_00003961.jpg,"[4000, 6000]",modelv1.0__2025-02-22 10:04:10
D:\moth_photos\database\batch_02\img_moth_00003962.jpg,"[4000, 6000]",modelv1.0__2025-02-22 10:04:10
D:\moth_photos\database\batch_02\img_moth_00003963.jpg,"[4000, 6000]",modelv1.0__2025-02-22 10:04:10
D:\moth_photos\database\batch_02\img_moth_00003964.jpg,"[4000, 6000]",modelv1.0__2025-02-22 10:04:10
D:\moth_photos\database\batch_02\img_moth_00003965.jpg,"[4000, 6000]",modelv1.0__2025-02-22 10:04:10
D:\moth_photos\database\batch_02\img_moth_00003966.jpg,"[4000, 6000]",modelv1.0__2025-02-22 10:04:10
D:\moth_photos\database\batch_02\img_moth_00003967.jpg,"[4000, 6000]",modelv1.0__2025-02-22 10:04:10
D:\moth_photos\database\batch_02\img_moth_00003968.jpg,"[4000, 6000]",modelv1.0__2025-02-22 10:04:10
D:\moth_photos\database\batch_02\img_moth_00003969.jpg,"[4000, 6000]",modelv1.0__2025-02-22 10:04:10
D:\moth_photos\database\batch_02\img_moth_00003970.jpg,"[4000, 6000]",modelv1.0__2025-02-22 10:04:10
D:\moth_photos\database\batch_02\img_moth_00003971.jpg,"[4000, 6000]",modelv1.0__2025-02-22 10:04:10
D:\moth_photos\database\batch_02\img_moth_00003972.jpg,"[4000, 6000]",modelv1.0__2025-02-22 10:04:10
D:\moth_photos\database\batch_02\img_moth_00003973.jpg,"[4000, 6000]",modelv1.0__2025-02-22 10:04:10
D:\moth_photos\database\batch_02\img_moth_00003974.jpg,"[4000, 6000]",modelv1.0__2025-02-22 10:04:10
D:\moth_photos\database\batch_02\img_moth_00003975.jpg,"[4000, 6000]",modelv1.0__2025-02-22 10:04:10
D:\moth_photos\database\batch_02\img_moth_00003976.jpg,"[4000, 6000]",modelv1.0__2025-02-22 10:04:10
D:\moth_photos\database\batch_02\img_moth_00003977.jpg,"[4000, 6000]",modelv1.0__2025-02-22 10:04:10
D:\moth_photos\database\batch_02\img_moth_00003978.jpg,"[4000, 6000]",modelv1.0__2025-02-22 10:04:10
D:\moth_photos\database\batch_02\img_moth_00003979.jpg,"[4000, 6000]",modelv1.0__2025-02-22 10:04:10
D:\moth_photos\database\batch_02\img_moth_00003980.jpg,"[4000, 6000]",modelv1.0__2025-02-22 10:04:10
D:\moth_photos\database\batch_02\img_moth_00003981.jpg,"[4000, 6000]",modelv1.0__2025-02-22 10:04:10
D:\moth_photos\database\batch_02\img_moth_00003982.jpg,"[4000, 6000]",modelv1.0__2025-02-22 10:04:10
D:\moth_photos\database\batch_02\img_moth_00003983.jpg,"[4000, 6000]",modelv1.0__2025-02-22 10:04:10
D:\moth_photos\database\batch_02\img_moth_00003984.jpg,"[4000, 6000]",modelv1.0__2025-02-22 10:04:10
D:\moth_photos\database\batch_02\img_moth_00003985.jpg,"[4000, 6000]",modelv1.0__2025-02-22 10:04:10
D:\moth_photos\database\batch_02\img_moth_00003986.jpg,"[4000, 6000]",modelv1.0__2025-02-22 10:04:10
D:\moth_photos\database\batch_02\img_moth_00003987.jpg,"[4000, 6000]",modelv1.0__2025-02-22 10:04:10
D:\moth_photos\database\batch_02\img_moth_00003988.jpg,"[4000, 6000]",modelv1.0__2025-02-22 10:04:10
D:\moth_photos\database\batch_02\img_moth_00003989.jpg,"[4000, 6000]",modelv1.0__2025-02-22 10:04:10
D:\moth_photos\database\batch_02\img_moth_00003990.jpg,"[4000, 6000]",modelv1.0__2025-02-22 10:04:10
D:\moth_photos\database\batch_02\img_moth_00003991.jpg,"[4000, 6000]",modelv1.0__2025-02-22 10:04:10
D:\moth_photos\database\batch_02\img_moth_00003992.jpg,"[4000, 6000]",modelv1.0__2025-02-22 10:04:10
D:\moth_photos\database\batch_02\img_moth_00003993.jpg,"[4000, 6000]",modelv1.0__2025-02-22 10:04:10
D:\moth_photos\database\batch_02\img_moth_00003994.jpg,"[4000, 6000]",modelv1.0__2025-02-22 10:04:10
D:\moth_photos\database\batch_02\img_moth_00003995.jpg,"[4000, 6000]",modelv1.0__2025-02-22 10:04:10
D:\moth_photos\database\batch_02\img_moth_00003996.jpg,"[4000, 6000]",modelv1.0__2025-02-22 10:04:10
D:\moth_photos\database\batch_02\img_moth_00003997.jpg,"[4000, 6000]",modelv1.0__2025-02-22 10:04:10
D:\moth_photos\database\batch_02\img_moth_00003998.jpg,"[4000, 6000]",modelv1.0__2025-02-22 10:04:10
D:\moth_photos\database\batch_02\img_moth_00003999.jpg,"[4000, 6000]",modelv1.0__2025-02-22 10:04:10
D:\moth_photos\database\batch_02\img_moth_00004000.jpg,"[4000, 6000]",modelv1.0__2025-02-22 10:04:10
